time,T1,T2,T3,T4,T5,T6,T7,T8,T9,T10,T11,T12,T13,T14,T15,T16,T17,T18,T19,T20,T_amb,irrad,u1,u2,u3,u4,u5,u6,u7,u8,u9,u10,u11,u12,u13,u14,u15,u16,u17,u18,u19,u20
2020-01-03 00:00:00,19.7,19.84,19.84,19.84,19.86,19.67,20.12,19.84,19.89,19.86,19.83,19.84,19.86,19.86,19.88,19.68,19.79,19.86,19.82,19.85,2.7,0.0,0.047,0.928,0.5,0.298,0.256,0.666,0.0,0.244,0.605,0.283,0.321,0.283,0.283,0.282,0.249,0.65,0.408,0.268,0.346,0.297
2020-01-03 00:15:00,20.33,20.42,20.17,20.26,20.13,19.87,20.44,20.34,20.5,19.93,20.11,20.16,20.09,20.07,20.03,19.82,20.01,20.09,20.11,19.87,3.03,0.0,1.0,1.0,1.0,1.0,1.0,1.0,1.0,1.0,1.0,1.0,1.0,1.0,1.0,1.0,1.0,1.0,1.0,1.0,1.0,1.0
2020-01-03 00:30:00,20.87,20.79,20.41,20.6,20.28,20.11,20.58,20.65,20.81,20.03,20.5,20.56,20.28,20.46,20.22,19.95,20.19,20.39,20.44,19.94,3.35,0.0,1.0,1.0,1.0,1.0,1.0,1.0,1.0,1.0,1.0,1.0,1.0,1.0,1.0,1.0,1.0,1.0,1.0,1.0,1.0,1.0
2020-01-03 00:45:00,20.97,20.91,20.56,20.75,20.41,20.25,20.71,20.8,20.94,20.09,20.83,20.87,20.41,20.8,20.37,20.05,20.32,20.61,20.67,20.01,3.68,0.0,1.0,1.0,1.0,1.0,1.0,1.0,1.0,1.0,1.0,1.0,1.0,1.0,1.0,1.0,1.0,1.0,1.0,1.0,1.0,1.0
2020-01-03 01:00:00,20.98,20.93,20.6,20.82,20.44,20.27,20.7,20.88,20.98,20.14,21.02,21.05,20.5,21.06,20.49,20.13,20.39,20.81,20.83,20.11,3.57,0.0,1.0,1.0,1.0,1.0,1.0,1.0,1.0,1.0,1.0,1.0,1.0,1.0,1.0,1.0,1.0,1.0,1.0,1.0,1.0,1.0
2020-01-03 01:15:00,21.01,20.97,20.65,20.84,20.59,20.32,20.75,20.95,21.05,20.17,21.19,21.2,20.51,21.26,20.6,20.09,20.43,20.81,20.88,20.19,3.47,0.0,1.0,1.0,1.0,1.0,1.0,1.0,1.0,1.0,1.0,1.0,1.0,1.0,1.0,1.0,1.0,1.0,1.0,1.0,1.0,1.0
2020-01-03 01:30:00,21.04,21.01,20.67,20.91,20.58,20.32,20.78,20.99,21.09,20.19,21.32,21.31,20.61,21.42,20.71,20.23,20.5,21.01,21.02,20.26,3.36,0.0,1.0,1.0,1.0,1.0,1.0,1.0,1.0,1.0,1.0,1.0,1.0,1.0,1.0,1.0,1.0,1.0,1.0,1.0,1.0,1.0
2020-01-03 01:45:00,21.11,21.07,20.75,20.95,20.75,20.38,20.83,21.08,21.17,20.23,21.44,21.42,20.63,21.58,20.8,20.18,20.52,20.99,21.05,20.32,3.26,0.0,1.0,1.0,1.0,1.0,1.0,1.0,1.0,1.0,1.0,1.0,1.0,1.0,1.0,1.0,1.0,1.0,1.0,1.0,1.0,1.0
2020-01-03 02:00:00,21.17,21.11,20.78,21.04,20.71,20.4,20.86,21.14,21.23,20.27,21.55,21.51,20.72,21.72,20.9,20.33,20.61,21.2,21.18,20.38,3.16,0.0,1.0,1.0,1.0,1.0,1.0,1.0,1.0,1.0,1.0,1.0,1.0,1.0,1.0,1.0,1.0,1.0,1.0,1.0,1.0,1.0
2020-01-03 02:15:00,21.25,21.18,20.86,21.08,20.9,20.48,20.91,21.25,21.31,20.3,21.65,21.59,20.72,21.85,20.98,20.25,20.61,21.14,21.19,20.44,3.07,0.0,1.0,1.0,1.0,1.0,1.0,1.0,1.0,1.0,1.0,1.0,1.0,1.0,1.0,1.0,1.0,1.0,1.0,1.0,1.0,1.0
2020-01-03 02:30:00,21.31,21.22,20.9,21.18,20.82,20.5,20.94,21.31,21.37,20.35,21.74,21.67,20.84,21.97,21.07,20.43,20.71,21.38,21.33,20.5,2.97,0.0,1.0,1.0,1.0,1.0,1.0,1.0,1.0,1.0,1.0,1.0,1.0,1.0,1.0,1.0,1.0,1.0,1.0,1.0,1.0,1.0
2020-01-03 02:45:00,21.39,21.29,20.98,21.22,21.05,20.57,20.99,21.42,21.46,20.39,21.82,21.74,20.8,22.08,21.15,20.32,20.68,21.27,21.3,20.55,2.88,0.0,1.0,1.0,1.0,1.0,1.0,1.0,1.0,1.0,1.0,1.0,1.0,1.0,1.0,1.0,1.0,1.0,1.0,1.0,1.0,1.0
2020-01-03 03:00:00,21.46,21.34,21.01,21.32,20.92,20.59,21.02,21.47,21.52,20.43,21.89,21.8,20.97,22.18,21.23,20.54,20.81,21.55,21.46,20.61,2.83,0.0,1.0,1.0,1.0,1.0,1.0,1.0,1.0,1.0,1.0,1.0,1.0,1.0,1.0,1.0,1.0,1.0,1.0,1.0,1.0,1.0
2020-01-03 03:15:00,21.52,21.39,21.11,21.35,21.19,20.68,21.08,21.58,21.59,20.47,21.96,21.86,20.88,22.28,21.31,20.37,20.74,21.37,21.4,20.66,2.78,0.0,1.0,1.0,1.0,1.0,1.0,1.0,1.0,1.0,1.0,1.0,1.0,1.0,1.0,1.0,1.0,1.0,1.0,1.0,1.0,1.0
2020-01-03 03:30:00,21.61,21.49,21.18,21.46,21.14,20.74,21.17,21.65,21.68,20.5,22.03,21.92,21.03,22.36,21.39,20.54,20.85,21.58,21.53,20.7,2.73,0.0,1.0,1.0,1.0,1.0,1.0,1.0,1.0,1.0,1.0,1.0,1.0,1.0,1.0,1.0,1.0,1.0,1.0,1.0,1.0,1.0
2020-01-03 03:45:00,21.68,21.55,21.27,21.55,21.21,20.82,21.23,21.74,21.76,20.54,22.09,21.97,21.08,22.45,21.46,20.59,20.9,21.64,21.59,20.75,2.68,0.0,1.0,1.0,1.0,1.0,1.0,1.0,1.0,1.0,1.0,1.0,1.0,1.0,1.0,1.0,1.0,1.0,1.0,1.0,1.0,1.0
2020-01-03 04:00:00,21.73,21.59,21.33,21.61,21.26,20.87,21.27,21.81,21.82,20.58,22.15,22.02,21.13,22.53,21.53,20.63,20.93,21.7,21.63,20.79,2.63,0.0,1.0,1.0,1.0,1.0,1.0,1.0,1.0,1.0,1.0,1.0,1.0,1.0,1.0,1.0,1.0,1.0,1.0,1.0,1.0,1.0
2020-01-03 04:15:00,21.78,21.62,21.38,21.66,21.31,20.92,21.32,21.88,21.87,20.62,22.21,22.06,21.17,22.61,21.6,20.66,20.97,21.75,21.68,20.84,2.58,0.0,1.0,1.0,1.0,1.0,1.0,1.0,1.0,1.0,1.0,1.0,1.0,1.0,1.0,1.0,1.0,1.0,1.0,1.0,1.0,1.0
2020-01-03 04:30:00,21.82,21.66,21.43,21.72,21.36,20.96,21.35,21.94,21.92,20.65,22.26,22.11,21.22,22.68,21.67,20.69,21.0,21.81,21.72,20.88,2.52,0.0,1.0,1.0,1.0,1.0,1.0,1.0,1.0,1.0,1.0,1.0,1.0,1.0,1.0,1.0,1.0,1.0,1.0,1.0,1.0,1.0
2020-01-03 04:45:00,21.86,21.7,21.48,21.76,21.41,21.0,21.39,22.0,21.97,20.69,22.31,22.14,21.26,22.75,21.73,20.71,21.03,21.86,21.75,20.93,2.47,0.0,1.0,1.0,1.0,1.0,1.0,1.0,1.0,1.0,1.0,1.0,1.0,1.0,1.0,1.0,1.0,1.0,1.0,1.0,1.0,1.0
2020-01-03 05:00:00,21.9,21.73,21.52,21.82,21.34,21.04,21.43,22.05,22.01,20.72,22.35,22.18,21.37,22.81,21.8,20.83,21.11,21.96,21.81,20.97,2.41,0.0,1.0,1.0,1.0,1.0,1.0,1.0,1.0,1.0,1.0,1.0,1.0,1.0,1.0,1.0,1.0,1.0,1.0,1.0,1.0,1.0
2020-01-03 05:15:00,21.94,21.76,21.58,21.86,21.62,21.09,21.47,22.11,22.06,20.76,22.4,22.21,21.28,22.87,21.86,20.53,21.03,21.79,21.75,21.01,2.35,0.0,1.0,1.0,1.0,1.0,1.0,1.0,1.0,1.0,1.0,1.0,1.0,1.0,1.0,1.0,1.0,1.0,1.0,1.0,1.0,1.0
2020-01-03 05:30:00,21.97,21.79,21.61,21.9,21.47,21.12,21.5,22.15,22.1,20.79,22.43,22.25,21.4,22.93,21.92,20.81,21.16,21.93,21.83,21.05,2.29,0.0,1.0,1.0,1.0,1.0,1.0,1.0,1.0,1.0,1.0,1.0,1.0,1.0,1.0,1.0,1.0,1.0,1.0,1.0,1.0,1.0
2020-01-03 05:45:00,22.0,21.82,21.65,21.94,21.42,21.15,21.53,22.2,22.14,20.82,22.47,22.28,21.47,22.99,21.98,20.88,21.2,22.03,21.89,21.09,2.23,0.0,1.0,1.0,1.0,1.0,1.0,1.0,1.0,1.0,1.0,1.0,1.0,1.0,1.0,1.0,1.0,1.0,1.0,1.0,1.0,1.0
2020-01-03 06:00:00,22.03,21.85,21.69,21.98,21.63,21.19,21.57,22.25,22.18,20.86,22.51,22.31,21.47,23.04,22.04,20.74,21.19,21.96,21.87,21.13,2.2,0.0,1.0,1.0,1.0,1.0,1.0,1.0,1.0,1.0,1.0,1.0,1.0,1.0,1.0,1.0,1.0,1.0,1.0,1.0,1.0,1.0
2020-01-03 06:15:00,22.06,21.88,21.73,22.02,21.64,21.22,21.6,22.29,22.22,20.89,22.55,22.34,21.49,23.1,22.1,20.76,21.21,22.0,21.9,21.16,2.16,0.0,1.0,1.0,1.0,1.0,1.0,1.0,1.0,1.0,1.0,1.0,1.0,1.0,1.0,1.0,1.0,1.0,1.0,1.0,1.0,1.0
2020-01-03 06:30:00,22.08,21.91,21.77,22.05,21.68,21.25,21.63,22.33,22.25,20.92,22.59,22.36,21.53,23.15,22.15,20.81,21.25,22.03,21.93,21.2,2.12,0.0,1.0,1.0,1.0,1.0,1.0,1.0,1.0,1.0,1.0,1.0,1.0,1.0,1.0,1.0,1.0,1.0,1.0,1.0,1.0,1.0
2020-01-03 06:45:00,22.11,21.93,21.8,22.09,21.7,21.28,21.65,22.37,22.29,20.95,22.62,22.39,21.56,23.2,22.21,20.82,21.27,22.08,21.96,21.24,2.08,0.0,1.0,1.0,1.0,1.0,1.0,1.0,1.0,1.0,1.0,1.0,1.0,1.0,1.0,1.0,1.0,1.0,1.0,1.0,1.0,1.0
2020-01-03 07:00:00,22.13,21.95,21.83,22.12,21.73,21.31,21.68,22.41,22.32,20.98,22.65,22.41,21.58,23.24,22.26,20.86,21.29,22.09,21.98,21.28,2.04,0.0,1.0,1.0,1.0,1.0,1.0,1.0,1.0,1.0,1.0,1.0,1.0,1.0,1.0,1.0,1.0,1.0,1.0,1.0,1.0,1.0
2020-01-03 07:15:00,22.15,21.97,21.86,22.15,21.76,21.33,21.7,22.44,22.35,21.02,22.68,22.43,21.61,23.28,22.31,20.89,21.32,22.12,22.0,21.31,2.0,0.0,1.0,1.0,1.0,1.0,1.0,1.0,1.0,1.0,1.0,1.0,1.0,1.0,1.0,1.0,1.0,1.0,1.0,1.0,1.0,1.0
2020-01-03 07:30:00,22.17,21.99,21.89,22.17,21.93,21.35,21.72,22.48,22.37,21.05,22.71,22.45,21.57,23.33,22.36,20.74,21.27,22.12,22.02,21.35,1.97,0.0,1.0,1.0,1.0,1.0,1.0,1.0,1.0,1.0,1.0,1.0,1.0,1.0,1.0,1.0,1.0,1.0,1.0,1.0,1.0,1.0
2020-01-03 07:45:00,22.19,22.01,21.92,22.2,21.72,21.38,21.75,22.51,22.4,21.07,22.73,22.47,21.73,23.37,22.41,21.21,21.43,22.25,22.1,21.38,1.93,0.0,1.0,1.0,1.0,1.0,1.0,1.0,1.0,1.0,1.0,1.0,1.0,1.0,1.0,1.0,1.0,1.0,1.0,1.0,1.0,1.0
2020-01-03 08:00:00,22.22,22.03,21.94,22.23,21.96,21.4,21.77,22.54,22.43,21.11,22.76,22.49,21.62,23.41,22.46,20.85,21.3,22.19,22.07,21.42,1.97,0.0,1.0,1.0,1.0,1.0,1.0,1.0,1.0,1.0,1.0,1.0,1.0,1.0,1.0,1.0,1.0,1.0,1.0,1.0,1.0,1.0
2020-01-03 08:15:00,21.1,21.04,21.38,21.56,21.48,20.85,21.06,21.93,21.55,21.04,22.53,22.22,21.55,23.24,22.33,20.95,21.2,22.05,21.86,21.41,2.01,4.7,0.0,0.0,0.0,0.0,0.0,0.0,0.0,0.0,0.0,0.0,0.0,0.0,0.0,0.0,0.0,0.0,0.0,0.0,0.0,0.0
2020-01-03 08:30:00,20.72,20.59,20.9,21.05,21.26,20.43,20.62,21.39,21.02,20.95,22.16,22.12,21.25,23.09,22.12,20.47,20.81,21.67,21.45,21.35,2.05,89.8,0.0,0.0,0.0,0.0,0.0,0.0,0.0,0.0,0.0,0.0,0.0,0.0,0.0,0.0,0.0,0.0,0.0,0.0,0.0,0.0
2020-01-03 08:45:00,20.59,20.48,20.81,21.0,21.04,20.35,20.54,21.29,20.9,20.9,21.79,22.23,21.04,23.07,21.93,20.24,20.56,21.38,21.1,21.27,2.09,174.9,0.0,0.0,0.0,0.0,0.0,0.0,0.0,0.0,0.0,0.0,0.0,0.0,0.0,0.0,0.0,0.0,0.0,0.0,0.0,0.0
2020-01-03 09:00:00,20.55,20.48,20.85,21.08,20.89,20.38,20.56,21.3,20.89,20.87,21.48,22.48,20.91,23.14,21.75,20.12,20.37,21.19,20.85,21.19,2.41,259.9,0.0,0.0,0.0,0.0,0.0,0.0,0.0,0.0,0.0,0.0,0.0,0.0,0.0,0.0,0.0,0.0,0.0,0.0,0.0,0.0
2020-01-03 09:15:00,20.49,20.72,20.95,21.19,20.89,20.4,20.57,21.31,20.86,20.84,21.24,22.86,20.81,23.29,21.59,19.88,20.11,21.03,20.65,21.12,2.74,345.0,0.0,0.0,0.0,0.0,0.0,0.0,0.0,0.0,0.0,0.0,0.0,0.0,0.0,0.0,0.0,0.0,0.0,0.0,0.0,0.0
2020-01-03 09:30:00,20.43,21.11,21.14,21.24,20.63,20.47,20.6,21.31,20.84,20.81,21.03,23.17,20.87,23.43,21.45,20.15,20.13,20.92,20.52,21.05,3.06,369.4,0.0,0.0,0.0,0.0,0.0,0.0,0.0,0.0,0.0,0.0,0.0,0.0,0.0,0.0,0.0,0.061,0.0,0.0,0.0,0.0
2020-01-03 09:45:00,20.36,21.57,21.37,21.28,20.49,20.48,20.58,21.28,20.82,20.78,20.85,23.46,20.98,23.56,21.31,20.12,20.1,20.89,20.43,20.99,3.38,393.8,0.0,0.0,0.0,0.0,0.0,0.0,0.0,0.0,0.0,0.0,0.0,0.0,0.0,0.0,0.0,0.0,0.0,0.0,0.0,0.0
2020-01-03 10:00:00,20.29,21.71,21.47,21.31,20.67,20.48,20.55,21.22,20.78,20.75,20.69,23.7,20.76,23.66,21.18,19.64,19.78,20.65,20.25,20.93,3.67,418.2,0.0,0.0,0.0,0.0,0.0,0.0,0.0,0.0,0.0,0.0,0.0,0.0,0.0,0.0,0.0,0.0,0.0,0.0,0.0,0.0
2020-01-03 10:15:00,20.21,21.75,21.52,21.26,20.34,20.45,20.51,21.17,20.72,20.72,20.56,23.88,20.98,23.7,21.07,20.0,19.96,20.62,20.21,20.88,3.95,442.6,0.0,0.0,0.0,0.0,0.0,0.0,0.0,0.0,0.0,0.0,0.0,0.0,0.0,0.0,0.0,0.181,0.112,0.0,0.0,0.0
2020-01-03 10:30:00,20.12,21.79,21.53,21.19,20.56,20.4,20.43,21.08,20.62,20.69,20.43,24.06,20.82,23.68,20.96,19.71,19.74,20.5,20.08,20.83,4.24,473.0,0.0,0.0,0.0,0.0,0.0,0.0,0.0,0.0,0.0,0.0,0.0,0.0,0.0,0.0,0.0,0.0,0.02,0.0,0.0,0.0
2020-01-03 10:45:00,20.04,21.82,21.54,21.1,20.44,20.32,20.35,20.99,20.54,20.66,20.32,24.2,21.11,23.59,20.86,20.02,19.91,20.51,20.08,20.78,4.53,503.4,0.0,0.0,0.0,0.0,0.0,0.0,0.0,0.0,0.0,0.0,0.0,0.0,0.0,0.0,0.0,0.143,0.13,0.0,0.0,0.0
2020-01-03 11:00:00,19.98,21.86,21.58,21.0,20.52,20.26,20.29,20.91,20.46,20.63,20.23,24.33,21.28,23.45,20.76,20.07,19.97,20.53,20.08,20.74,4.82,533.8,0.0,0.0,0.0,0.0,0.0,0.0,0.0,0.0,0.0,0.0,0.0,0.0,0.0,0.0,0.0,0.0,0.046,0.0,0.0,0.0
2020-01-03 11:15:00,19.94,21.87,21.64,20.93,20.49,20.22,20.24,20.85,20.41,20.61,20.16,24.42,21.56,23.32,20.67,20.25,20.04,20.56,20.1,20.7,5.11,564.2,0.012,0.0,0.0,0.0,0.0,0.0,0.0,0.0,0.0,0.0,0.0,0.0,0.0,0.0,0.0,0.0,0.016,0.0,0.0,0.0
2020-01-03 11:30:00,19.92,21.84,21.65,20.89,20.67,20.17,20.19,20.79,20.36,20.58,20.09,24.42,21.3,23.19,20.58,20.19,19.88,20.5,20.03,20.66,5.41,561.6,0.029,0.0,0.0,0.0,0.0,0.0,0.0,0.0,0.0,0.0,0.0,0.0,0.0,0.0,0.0,0.0,0.0,0.0,0.0,0.0
2020-01-03 11:45:00,19.91,21.79,21.72,20.85,20.58,20.16,20.16,20.75,20.32,20.55,20.03,24.34,21.88,23.06,20.49,20.57,20.09,20.59,20.12,20.62,5.7,559.0,0.039,0.0,0.0,0.0,0.0,0.0,0.0,0.0,0.0,0.0,0.0,0.0,0.0,0.0,0.0,0.0,0.059,0.0,0.0,0.0
2020-01-03 12:00:00,19.88,21.71,21.74,20.82,20.82,20.12,20.11,20.69,20.27,20.53,19.96,24.19,21.55,22.91,20.41,20.63,19.93,20.59,20.1,20.58,5.88,556.4,0.045,0.0,0.0,0.0,0.0,0.0,0.0,0.0,0.0,0.0,0.0,0.0,0.0,0.0,0.0,0.0,0.0,0.0,0.0,0.0
2020-01-03 12:15:00,19.87,21.6,21.69,20.75,20.82,20.08,20.07,20.64,20.22,20.5,19.91,24.0,22.05,22.77,20.33,21.04,20.15,20.71,20.16,20.54,6.05,553.8,0.06,0.0,0.0,0.0,0.0,0.0,0.0,0.0,0.0,0.0,0.02,0.0,0.0,0.0,0.0,0.0,0.036,0.0,0.0,0.0
2020-01-03 12:30:00,19.84,21.43,21.32,20.63,20.91,19.99,19.98,20.56,20.14,20.48,19.87,23.76,22.35,22.61,20.25,21.44,20.21,20.89,20.29,20.51,6.23,529.4,0.066,0.0,0.0,0.0,0.0,0.0,0.0,0.0,0.0,0.0,0.047,0.0,0.0,0.0,0.0,0.0,0.0,0.0,0.0,0.0
2020-01-03 12:45:00,19.81,21.27,21.2,20.56,21.03,20.23,19.93,20.47,20.07,20.45,19.84,23.47,22.02,22.44,20.18,21.58,20.1,20.98,20.27,20.47,6.41,505.0,0.082,0.0,0.0,0.0,0.0,0.005,0.009,0.0,0.0,0.0,0.067,0.0,0.0,0.0,0.0,0.0,0.0,0.0,0.0,0.0
2020-01-03 13:00:00,19.81,21.11,21.14,20.56,21.18,20.96,19.94,20.64,20.04,20.43,19.84,23.17,21.96,22.28,20.11,21.65,20.03,21.05,20.24,20.44,6.46,480.6,0.093,0.0,0.0,0.0,0.0,0.0,0.036,0.0,0.0,0.0,0.078,0.0,0.0,0.0,0.0,0.0,0.0,0.0,0.0,0.0
2020-01-03 13:15:00,19.8,20.97,21.1,20.56,21.04,21.1,19.93,20.91,20.02,20.4,19.83,22.87,22.34,22.13,20.04,21.9,20.31,21.2,20.31,20.41,6.51,456.2,0.094,0.0,0.0,0.0,0.0,0.0,0.028,0.0,0.0,0.0,0.082,0.0,0.0,0.0,0.0,0.0,0.0,0.0,0.0,0.0
2020-01-03 13:30:00,19.79,20.88,21.05,20.55,21.03,21.22,19.92,21.0,20.0,20.38,19.83,22.6,22.49,21.98,19.97,22.14,20.24,21.33,20.34,20.38,6.56,468.2,0.098,0.0,0.0,0.0,0.0,0.0,0.035,0.0,0.0,0.0,0.084,0.0,0.0,0.0,0.0,0.0,0.0,0.0,0.0,0.0
2020-01-03 13:45:00,19.79,20.79,21.01,20.55,21.33,21.34,19.93,21.08,20.0,20.36,19.83,22.38,22.08,21.86,19.91,22.01,20.11,21.41,20.33,20.35,6.6,480.2,0.104,0.0,0.0,0.0,0.0,0.0,0.039,0.0,0.0,0.0,0.085,0.0,0.0,0.0,0.0,0.0,0.0,0.0,0.0,0.0
2020-01-03 14:00:00,19.79,20.69,20.97,20.57,21.18,21.47,19.98,21.16,20.05,20.33,19.82,22.16,22.39,21.73,19.86,22.43,20.38,21.53,20.44,20.32,6.62,492.2,0.105,0.0,0.0,0.0,0.0,0.0,0.033,0.0,0.002,0.0,0.087,0.0,0.0,0.0,0.046,0.0,0.0,0.0,0.0,0.0
2020-01-03 14:15:00,19.79,20.59,20.95,20.61,21.15,21.62,20.04,21.25,20.13,20.31,19.81,21.97,22.36,21.62,19.82,22.73,20.41,21.65,20.5,20.29,6.64,504.2,0.106,0.0,0.0,0.0,0.0,0.0,0.008,0.0,0.0,0.0,0.09,0.0,0.0,0.0,0.072,0.0,0.0,0.0,0.0,0.0
2020-01-03 14:30:00,19.79,20.49,20.92,20.64,21.33,21.71,20.11,21.32,20.22,20.29,19.8,21.78,22.0,21.51,19.79,22.53,20.35,21.71,20.55,20.26,6.65,475.4,0.104,0.0,0.0,0.0,0.0,0.0,0.0,0.0,0.0,0.0,0.093,0.0,0.0,0.0,0.09,0.0,0.0,0.0,0.0,0.0
2020-01-03 14:45:00,19.78,20.4,20.89,20.65,21.32,21.77,20.2,21.36,20.3,20.27,19.78,21.59,21.91,21.39,19.77,22.69,20.44,21.74,20.61,20.23,6.67,446.7,0.107,0.0,0.0,0.0,0.0,0.0,0.0,0.0,0.0,0.0,0.1,0.0,0.0,0.0,0.104,0.0,0.0,0.0,0.0,0.0
2020-01-03 15:00:00,19.75,20.3,20.84,20.65,21.42,21.81,20.28,21.38,20.37,20.24,19.75,21.39,21.76,21.28,19.75,22.62,20.49,21.77,20.67,20.2,6.57,417.9,0.112,0.0,0.0,0.0,0.0,0.0,0.0,0.0,0.0,0.0,0.109,0.0,0.0,0.0,0.115,0.0,0.0,0.0,0.0,0.0
2020-01-03 15:15:00,19.73,20.21,20.78,20.64,21.17,21.8,20.36,21.38,20.45,20.22,19.71,21.18,21.86,21.15,19.73,23.01,20.72,21.86,20.77,20.18,6.46,389.2,0.123,0.0,0.0,0.0,0.0,0.0,0.0,0.0,0.0,0.0,0.125,0.0,0.0,0.0,0.125,0.0,0.0,0.0,0.0,0.0
2020-01-03 15:30:00,19.69,20.1,20.69,20.57,21.28,21.67,20.34,21.29,20.43,20.2,19.68,20.98,21.64,21.02,19.72,22.81,20.64,21.77,20.77,20.15,6.36,293.9,0.136,0.0,0.0,0.0,0.0,0.0,0.0,0.0,0.0,0.0,0.143,0.0,0.0,0.0,0.133,0.0,0.0,0.0,0.0,0.0
2020-01-03 15:45:00,19.64,19.96,20.57,20.45,21.27,21.46,20.22,21.16,20.31,20.18,19.65,20.78,21.47,20.89,19.71,22.28,20.56,21.67,20.7,20.13,6.26,198.7,0.153,0.0,0.0,0.0,0.0,0.0,0.0,0.0,0.0,0.0,0.16,0.0,0.0,0.0,0.14,0.0,0.0,0.0,0.0,0.0
2020-01-03 16:00:00,19.58,19.81,20.41,20.26,20.94,21.16,19.95,20.88,19.92,20.16,19.61,20.56,21.4,20.75,19.7,22.27,20.46,21.54,20.53,20.1,6.05,103.4,0.178,0.019,0.0,0.0,0.0,0.0,0.0,0.0,0.0,0.0,0.175,0.0,0.0,0.0,0.146,0.0,0.0,0.0,0.0,0.0
2020-01-03 16:15:00,19.52,19.73,20.24,20.09,20.63,20.82,19.7,20.68,19.76,20.14,19.56,20.33,21.33,20.59,19.69,22.0,20.21,21.42,20.27,20.08,5.84,8.1,0.212,0.093,0.0,0.0,0.0,0.0,0.025,0.0,0.038,0.0,0.196,0.0,0.0,0.0,0.152,0.0,0.0,0.0,0.0,0.0
2020-01-03 16:30:00,19.48,19.67,20.11,19.97,20.75,20.63,19.71,20.55,19.73,20.12,19.53,20.13,20.86,20.45,19.68,21.29,19.85,20.97,20.01,20.06,5.63,0.0,0.242,0.133,0.0,0.0,0.0,0.0,0.151,0.0,0.122,0.0,0.219,0.0,0.0,0.0,0.157,0.0,0.0,0.0,0.0,0.0
2020-01-03 16:45:00,19.45,19.61,19.99,19.88,20.41,20.45,19.66,20.42,19.67,20.1,19.52,19.92,20.79,20.31,19.67,21.28,19.75,20.85,19.8,20.03,5.42,0.0,0.262,0.167,0.0,0.017,0.0,0.0,0.143,0.0,0.135,0.0,0.233,0.0,0.0,0.0,0.162,0.0,0.073,0.0,0.0,0.0
2020-01-03 17:00:00,19.42,19.57,19.88,19.8,20.23,20.28,19.59,20.3,19.61,20.08,19.51,19.75,20.6,20.17,19.66,20.93,19.6,20.65,19.63,20.01,5.31,0.0,0.276,0.193,0.004,0.059,0.0,0.0,0.172,0.0,0.163,0.0,0.241,0.038,0.0,0.0,0.166,0.0,0.126,0.0,0.102,0.0
2020-01-03 17:15:00,19.4,19.53,19.83,19.74,19.98,20.12,19.56,20.19,19.57,20.06,19.5,19.64,20.51,20.03,19.65,20.78,19.61,20.54,19.57,19.99,5.21,0.0,0.289,0.216,0.058,0.099,0.0,0.0,0.205,0.0,0.194,0.0,0.246,0.127,0.0,0.0,0.17,0.0,0.199,0.0,0.183,0.0
2020-01-03 17:30:00,19.38,19.49,19.78,19.68,20.14,19.97,19.52,20.1,19.53,20.04,19.49,19.59,20.15,19.9,19.65,20.27,19.34,20.24,19.4,19.96,5.1,0.0,0.3,0.236,0.087,0.128,0.008,0.0,0.219,0.0,0.213,0.0,0.251,0.181,0.0,0.0,0.173,0.0,0.196,0.0,0.216,0.007
2020-01-03 17:45:00,19.36,19.46,19.71,19.63,19.81,19.83,19.48,20.0,19.49,20.02,19.47,19.58,20.24,19.8,19.64,20.33,19.55,20.26,19.5,19.94,4.99,0.0,0.309,0.253,0.111,0.16,0.0,0.013,0.239,0.0,0.233,0.0,0.256,0.205,0.0,0.048,0.176,0.0,0.328,0.0,0.299,0.018
2020-01-03 18:00:00,19.36,19.44,19.69,19.59,19.88,19.77,19.49,19.92,19.49,20.0,19.47,19.58,20.04,19.72,19.64,20.06,19.37,20.1,19.44,19.92,4.88,0.0,0.319,0.272,0.143,0.186,0.095,0.084,0.259,0.0,0.253,0.0,0.264,0.212,0.0,0.102,0.179,0.0,0.227,0.0,0.25,0.029
2020-01-03 18:15:00,19.33,19.43,19.67,19.58,19.82,19.73,19.47,19.89,19.48,19.98,19.43,19.58,19.95,19.69,19.63,19.94,19.38,19.99,19.43,19.9,4.77,0.0,0.32,0.278,0.157,0.203,0.061,0.113,0.257,0.038,0.255,0.002,0.264,0.209,0.0,0.138,0.181,0.0,0.316,0.0,0.278,0.039
2020-01-03 18:30:00,19.34,19.42,19.65,19.56,19.78,19.67,19.46,19.84,19.47,19.96,19.44,19.57,19.89,19.67,19.63,19.84,19.37,19.93,19.43,19.89,4.66,0.0,0.335,0.287,0.163,0.211,0.092,0.134,0.266,0.056,0.259,0.011,0.283,0.211,0.025,0.157,0.184,0.029,0.309,0.003,0.287,0.049
2020-01-03 18:45:00,19.33,19.39,19.63,19.54,19.75,19.62,19.47,19.8,19.49,19.94,19.45,19.51,19.83,19.64,19.62,19.76,19.42,19.86,19.46,19.87,4.54,0.0,0.329,0.292,0.177,0.22,0.112,0.166,0.27,0.078,0.265,0.02,0.281,0.217,0.053,0.166,0.186,0.079,0.314,0.034,0.284,0.057
2020-01-03 19:00:00,19.34,19.4,19.61,19.53,19.74,19.58,19.45,19.77,19.47,19.93,19.47,19.52,19.81,19.63,19.62,19.72,19.42,19.83,19.47,19.85,4.44,0.0,0.336,0.307,0.187,0.229,0.124,0.19,0.263,0.098,0.257,0.029,0.275,0.244,0.084,0.181,0.188,0.122,0.29,0.068,0.271,0.065
2020-01-03 19:15:00,19.33,19.38,19.59,19.54,19.82,19.53,19.45,19.74,19.47,19.91,19.48,19.54,19.7,19.64,19.62,19.61,19.32,19.73,19.37,19.84,4.33,0.0,0.331,0.3,0.193,0.233,0.132,0.21,0.273,0.114,0.267,0.036,0.267,0.24,0.094,0.184,0.19,0.142,0.292,0.083,0.267,0.073
2020-01-03 19:30:00,19.35,19.4,19.61,19.51,19.54,19.5,19.47,19.74,19.48,19.89,19.48,19.55,19.87,19.65,19.61,19.72,19.56,19.87,19.57,19.83,4.23,0.0,0.336,0.31,0.204,0.229,0.089,0.235,0.277,0.132,0.265,0.045,0.261,0.231,0.152,0.181,0.191,0.194,0.342,0.137,0.313,0.081
2020-01-03 19:45:00,19.34,19.38,19.57,19.55,19.8,19.47,19.44,19.69,19.46,19.88,19.49,19.56,19.65,19.65,19.61,19.54,19.32,19.66,19.39,19.81,4.12,0.0,0.327,0.298,0.193,0.244,0.232,0.25,0.267,0.131,0.26,0.053,0.258,0.223,0.063,0.177,0.193,0.138,0.219,0.067,0.216,0.087
2020-01-03 20:00:00,19.34,19.39,19.61,19.49,19.52,19.47,19.46,19.72,19.47,19.87,19.47,19.53,19.82,19.64,19.61,19.66,19.53,19.8,19.54,19.8,4.01,0.0,0.332,0.309,0.214,0.227,0.102,0.266,0.28,0.155,0.268,0.059,0.253,0.218,0.177,0.174,0.194,0.228,0.34,0.17,0.305,0.093
2020-01-03 20:15:00,19.31,19.35,19.54,19.54,19.75,19.4,19.41,19.64,19.44,19.86,19.46,19.51,19.61,19.62,19.61,19.47,19.28,19.62,19.35,19.79,3.9,0.0,0.331,0.303,0.195,0.253,0.238,0.265,0.269,0.142,0.263,0.066,0.263,0.233,0.091,0.182,0.195,0.168,0.234,0.099,0.231,0.098
2020-01-03 20:30:00,19.33,19.39,19.61,19.46,19.49,19.46,19.46,19.69,19.47,19.84,19.45,19.5,19.76,19.61,19.6,19.6,19.51,19.74,19.51,19.78,3.79,0.0,0.343,0.323,0.23,0.231,0.124,0.301,0.294,0.179,0.282,0.072,0.269,0.244,0.195,0.19,0.197,0.266,0.362,0.19,0.323,0.103
2020-01-03 20:45:00,19.3,19.33,19.49,19.55,19.71,19.29,19.37,19.59,19.41,19.83,19.45,19.5,19.57,19.6,19.6,19.4,19.28,19.58,19.35,19.77,3.68,0.0,0.333,0.307,0.194,0.27,0.256,0.272,0.271,0.154,0.264,0.078,0.273,0.248,0.119,0.196,0.198,0.198,0.246,0.128,0.243,0.108
2020-01-03 21:00:00,19.33,19.38,19.58,19.41,19.47,19.49,19.47,19.69,19.47,19.82,19.44,19.48,19.72,19.58,19.6,19.55,19.47,19.7,19.49,19.77,3.57,0.0,0.351,0.337,0.253,0.224,0.145,0.353,0.314,0.204,0.293,0.083,0.274,0.249,0.216,0.201,0.199,0.302,0.359,0.211,0.324,0.113
2020-01-03 21:15:00,19.27,19.28,19.45,19.55,19.69,19.25,19.34,19.52,19.38,19.81,19.43,19.47,19.54,19.57,19.6,19.35,19.24,19.55,19.33,19.76,3.46,0.0,0.336,0.308,0.209,0.294,0.265,0.255,0.266,0.154,0.265,0.089,0.28,0.259,0.142,0.208,0.2,0.223,0.264,0.15,0.257,0.117
2020-01-03 21:30:00,19.32,19.38,19.57,19.37,19.44,19.42,19.45,19.68,19.47,19.8,19.42,19.45,19.68,19.56,19.6,19.52,19.46,19.67,19.47,19.75,3.35,0.0,0.365,0.362,0.275,0.226,0.156,0.374,0.328,0.239,0.31,0.094,0.284,0.267,0.231,0.215,0.201,0.327,0.378,0.225,0.333,0.121
2020-01-03 21:45:00,19.24,19.23,19.41,19.54,19.66,19.18,19.32,19.47,19.35,19.79,19.42,19.44,19.5,19.55,19.6,19.28,19.24,19.52,19.32,19.74,3.24,0.0,0.339,0.308,0.217,0.314,0.278,0.292,0.273,0.16,0.266,0.099,0.288,0.274,0.159,0.221,0.201,0.242,0.27,0.166,0.265,0.125
2020-01-03 22:00:00,19.32,19.39,19.56,19.34,19.43,19.4,19.45,19.65,19.47,19.78,19.42,19.45,19.65,19.55,19.59,19.5,19.44,19.64,19.46,19.73,3.13,0.0,0.378,0.385,0.293,0.229,0.168,0.411,0.341,0.264,0.324,0.104,0.292,0.279,0.248,0.226,0.202,0.358,0.378,0.241,0.339,0.129
2020-01-03 22:15:00,19.23,19.22,19.39,19.54,19.65,19.15,19.3,19.45,19.34,19.77,19.42,19.45,19.49,19.55,19.59,19.24,19.24,19.5,19.33,19.73,3.02,0.0,0.34,0.307,0.222,0.331,0.287,0.298,0.275,0.174,0.266,0.108,0.291,0.276,0.173,0.226,0.203,0.25,0.281,0.178,0.271,0.133
2020-01-03 22:30:00,19.32,19.37,19.55,19.32,19.41,19.38,19.45,19.64,19.47,19.77,19.42,19.44,19.64,19.55,19.59,19.47,19.43,19.63,19.45,19.72,2.91,0.0,0.386,0.39,0.306,0.232,0.175,0.425,0.348,0.277,0.33,0.113,0.29,0.276,0.257,0.226,0.204,0.378,0.381,0.248,0.337,0.136
2020-01-03 22:45:00,19.22,19.21,19.37,19.53,19.64,19.11,19.29,19.43,19.33,19.76,19.41,19.44,19.47,19.54,19.59,19.19,19.24,19.49,19.32,19.72,2.8,0.0,0.342,0.313,0.225,0.338,0.293,0.312,0.276,0.181,0.267,0.117,0.291,0.278,0.18,0.226,0.204,0.265,0.284,0.183,0.274,0.139
2020-01-03 23:00:00,19.31,19.36,19.54,19.31,19.4,19.36,19.44,19.63,19.46,19.75,19.41,19.43,19.62,19.54,19.59,19.44,19.42,19.62,19.44,19.71,2.7,0.0,0.391,0.393,0.313,0.234,0.18,0.445,0.353,0.287,0.334,0.121,0.293,0.28,0.265,0.228,0.205,0.405,0.38,0.256,0.338,0.142
2020-01-03 23:15:00,19.24,19.25,19.42,19.43,19.52,19.18,19.33,19.48,19.35,19.74,19.4,19.42,19.52,19.53,19.59,19.26,19.3,19.54,19.36,19.71,2.59,0.0,0.345,0.318,0.229,0.345,0.299,0.322,0.28,0.186,0.27,0.125,0.297,0.287,0.189,0.232,0.205,0.279,0.291,0.189,0.281,0.145
2020-01-03 23:30:00,19.26,19.28,19.46,19.4,19.5,19.18,19.36,19.53,19.39,19.74,19.4,19.41,19.51,19.52,19.59,19.22,19.29,19.53,19.35,19.7,2.48,0.0,0.38,0.376,0.288,0.284,0.238,0.411,0.334,0.259,0.323,0.128,0.3,0.291,0.238,0.236,0.206,0.371,0.35,0.229,0.319,0.147
2020-01-03 23:45:00,19.24,19.26,19.43,19.42,19.59,19.17,19.32,19.51,19.37,19.73,19.39,19.4,19.44,19.51,19.59,19.07,19.23,19.47,19.3,19.69,2.38,0.0,0.368,0.358,0.268,0.298,0.252,0.408,0.318,0.237,0.303,0.131,0.302,0.296,0.244,0.24,0.206,0.391,0.354,0.235,0.327,0.15
2020-01-04 00:00:00,19.26,19.28,19.47,19.39,19.45,19.19,19.38,19.52,19.39,19.72,19.39,19.4,19.51,19.51,19.59,19.27,19.32,19.52,19.38,19.69,2.3,0.0,0.381,0.372,0.287,0.289,0.206,0.417,0.338,0.244,0.316,0.136,0.305,0.3,0.28,0.245,0.207,0.463,0.385,0.267,0.349,0.154
2020-01-04 00:15:00,19.24,19.25,19.45,19.38,19.42,19.18,19.32,19.53,19.36,19.72,19.39,19.4,19.54,19.51,19.58,19.32,19.35,19.56,19.38,19.68,2.21,0.0,0.37,0.361,0.266,0.306,0.275,0.405,0.312,0.239,0.307,0.138,0.305,0.299,0.245,0.245,0.207,0.366,0.338,0.238,0.311,0.156
2020-01-04 00:30:00,19.24,19.25,19.42,19.39,19.56,19.13,19.34,19.49,19.37,19.71,19.39,19.4,19.45,19.51,19.58,19.12,19.24,19.49,19.31,19.68,2.13,0.0,0.382,0.373,0.274,0.308,0.292,0.412,0.341,0.237,0.318,0.142,0.305,0.3,0.229,0.245,0.208,0.342,0.324,0.218,0.311,0.159
2020-01-04 00:45:00,19.24,19.25,19.44,19.37,19.39,19.15,19.33,19.51,19.36,19.7,19.39,19.39,19.54,19.51,19.58,19.31,19.36,19.56,19.39,19.67,2.05,0.0,0.381,0.375,0.291,0.304,0.219,0.433,0.332,0.254,0.317,0.145,0.306,0.301,0.273,0.245,0.208,0.44,0.381,0.255,0.343,0.161
2020-01-04 01:00:00,19.22,19.23,19.41,19.39,19.59,19.11,19.31,19.48,19.35,19.7,19.38,19.39,19.42,19.5,19.58,19.07,19.21,19.46,19.29,19.67,1.93,0.0,0.382,0.373,0.279,0.315,0.304,0.424,0.335,0.244,0.318,0.148,0.307,0.303,0.228,0.246,0.209,0.344,0.321,0.218,0.305,0.164
2020-01-04 01:15:00,19.23,19.24,19.44,19.35,19.37,19.14,19.33,19.51,19.36,19.69,19.37,19.38,19.55,19.5,19.58,19.33,19.37,19.57,19.4,19.66,1.81,0.0,0.389,0.384,0.297,0.304,0.206,0.444,0.343,0.261,0.325,0.151,0.31,0.307,0.288,0.249,0.209,0.465,0.393,0.268,0.354,0.166
2020-01-04 01:30:00,19.22,19.23,19.41,19.38,19.49,19.12,19.33,19.47,19.35,19.69,19.37,19.38,19.48,19.49,19.58,19.15,19.27,19.5,19.34,19.66,1.7,0.0,0.386,0.378,0.282,0.324,0.317,0.432,0.336,0.246,0.321,0.154,0.313,0.31,0.223,0.252,0.21,0.337,0.314,0.215,0.299,0.168
2020-01-04 01:45:00,19.22,19.23,19.41,19.37,19.48,19.11,19.32,19.48,19.35,19.68,19.37,19.37,19.47,19.49,19.58,19.14,19.26,19.49,19.32,19.66,1.58,0.0,0.388,0.384,0.294,0.312,0.256,0.442,0.335,0.263,0.325,0.156,0.314,0.312,0.261,0.254,0.21,0.425,0.367,0.249,0.33,0.17
2020-01-04 02:00:00,19.21,19.22,19.4,19.36,19.47,19.1,19.31,19.47,19.34,19.68,19.36,19.35,19.46,19.48,19.58,19.13,19.25,19.48,19.32,19.65,1.49,0.0,0.391,0.385,0.294,0.315,0.262,0.444,0.339,0.261,0.327,0.159,0.316,0.315,0.267,0.257,0.21,0.43,0.37,0.253,0.338,0.172
2020-01-04 02:15:00,19.2,19.21,19.39,19.35,19.47,19.08,19.3,19.46,19.33,19.67,19.35,19.34,19.45,19.46,19.58,19.12,19.25,19.48,19.32,19.65,1.4,0.0,0.395,0.392,0.299,0.32,0.266,0.452,0.344,0.266,0.332,0.161,0.321,0.324,0.272,0.262,0.211,0.435,0.373,0.258,0.341,0.174
2020-01-04 02:30:00,19.19,19.2,19.38,19.34,19.47,19.07,19.29,19.45,19.32,19.67,19.34,19.33,19.45,19.45,19.58,19.11,19.24,19.48,19.31,19.64,1.31,0.0,0.399,0.397,0.305,0.324,0.267,0.459,0.348,0.272,0.336,0.164,0.326,0.331,0.275,0.269,0.211,0.44,0.375,0.261,0.342,0.176
2020-01-04 02:45:00,19.19,19.19,19.37,19.34,19.46,19.05,19.28,19.44,19.31,19.66,19.33,19.32,19.43,19.44,19.58,19.08,19.24,19.47,19.31,19.64,1.22,0.0,0.403,0.402,0.309,0.328,0.267,0.467,0.353,0.277,0.34,0.166,0.33,0.337,0.277,0.275,0.212,0.446,0.38,0.262,0.343,0.178
2020-01-04 03:00:00,19.18,19.18,19.36,19.33,19.46,19.04,19.28,19.43,19.31,19.66,19.33,19.31,19.43,19.44,19.57,19.07,19.24,19.46,19.3,19.64,1.19,0.0,0.407,0.407,0.315,0.332,0.271,0.474,0.358,0.282,0.344,0.168,0.334,0.342,0.283,0.279,0.212,0.459,0.38,0.267,0.347,0.18
2020-01-04 03:15:00,19.18,19.17,19.36,19.32,19.45,19.03,19.27,19.42,19.3,19.65,19.33,19.3,19.42,19.43,19.57,19.06,19.23,19.46,19.3,19.63,1.17,0.0,0.408,0.41,0.319,0.335,0.272,0.48,0.36,0.286,0.346,0.171,0.335,0.345,0.286,0.282,0.213,0.464,0.382,0.27,0.349,0.182
2020-01-04 03:30:00,19.18,19.17,19.35,19.32,19.45,19.02,19.27,19.42,19.3,19.65,19.32,19.3,19.42,19.43,19.57,19.04,19.23,19.45,19.29,19.63,1.14,0.0,0.41,0.413,0.322,0.338,0.274,0.485,0.363,0.288,0.349,0.173,0.337,0.348,0.289,0.284,0.213,0.471,0.384,0.272,0.351,0.183
2020-01-04 03:45:00,19.17,19.16,19.34,19.31,19.45,19.01,19.26,19.41,19.29,19.65,19.3,19.29,19.42,19.42,19.57,19.04,19.23,19.45,19.29,19.63,1.11,0.0,0.412,0.417,0.326,0.341,0.277,0.491,0.366,0.292,0.352,0.175,0.339,0.352,0.292,0.286,0.213,0.479,0.386,0.275,0.353,0.185
2020-01-04 04:00:00,19.15,19.14,19.33,19.3,19.43,18.99,19.24,19.4,19.28,19.64,19.28,19.26,19.41,19.41,19.57,18.99,19.21,19.44,19.28,19.62,1.06,0.0,0.416,0.42,0.328,0.344,0.276,0.496,0.37,0.293,0.354,0.177,0.35,0.356,0.29,0.289,0.214,0.481,0.386,0.273,0.354,0.187
2020-01-04 04:15:00,19.14,19.13,19.32,19.29,19.42,18.97,19.23,19.39,19.27,19.64,19.27,19.24,19.37,19.39,19.57,19.01,19.19,19.42,19.26,19.62,1.01,0.0,0.423,0.429,0.334,0.35,0.285,0.504,0.378,0.299,0.362,0.179,0.36,0.368,0.296,0.297,0.214,0.504,0.393,0.278,0.36,0.189
2020-01-04 04:30:00,19.13,19.12,19.31,19.28,19.41,18.96,19.22,19.38,19.26,19.63,19.26,19.23,19.38,19.38,19.57,18.99,19.18,19.42,19.26,19.62,0.96,0.0,0.428,0.435,0.341,0.356,0.291,0.513,0.383,0.304,0.365,0.181,0.367,0.378,0.313,0.305,0.215,0.496,0.405,0.292,0.371,0.19
2020-01-04 04:45:00,19.12,19.1,19.3,19.27,19.4,18.94,19.21,19.37,19.25,19.63,19.25,19.22,19.37,19.37,19.57,18.93,19.18,19.42,19.25,19.61,0.91,0.0,0.434,0.441,0.346,0.361,0.293,0.521,0.389,0.308,0.37,0.183,0.372,0.386,0.31,0.312,0.215,0.506,0.41,0.289,0.372,0.192
2020-01-04 05:00:00,19.14,19.12,19.31,19.28,19.39,18.94,19.23,19.38,19.27,19.63,19.28,19.25,19.34,19.38,19.57,18.97,19.17,19.39,19.25,19.61,0.85,0.0,0.439,0.448,0.351,0.366,0.302,0.529,0.395,0.313,0.375,0.185,0.377,0.392,0.313,0.317,0.216,0.535,0.412,0.292,0.375,0.194
2020-01-04 05:15:00,19.15,19.13,19.32,19.29,19.42,18.96,19.24,19.39,19.27,19.62,19.31,19.28,19.38,19.41,19.57,19.0,19.19,19.43,19.27,19.61,0.79,0.0,0.429,0.438,0.347,0.362,0.303,0.528,0.385,0.311,0.365,0.187,0.361,0.373,0.329,0.308,0.216,0.513,0.414,0.304,0.376,0.195
2020-01-04 05:30:00,19.16,19.15,19.33,19.3,19.43,18.96,19.25,19.4,19.29,19.62,19.33,19.31,19.4,19.44,19.57,19.01,19.21,19.44,19.29,19.6,0.74,0.0,0.427,0.434,0.341,0.355,0.291,0.522,0.381,0.304,0.364,0.189,0.347,0.358,0.311,0.294,0.217,0.5,0.403,0.287,0.363,0.197
2020-01-04 05:45:00,19.17,19.16,19.34,19.31,19.44,18.97,19.27,19.41,19.3,19.62,19.35,19.33,19.4,19.46,19.56,19.02,19.23,19.45,19.3,19.6,0.68,0.0,0.42,0.427,0.337,0.35,0.283,0.519,0.375,0.301,0.357,0.19,0.336,0.347,0.302,0.281,0.217,0.495,0.393,0.278,0.354,0.199
2020-01-04 06:00:00,19.17,19.16,19.34,19.32,19.44,18.98,19.27,19.41,19.3,19.61,19.35,19.33,19.4,19.46,19.56,19.02,19.23,19.45,19.3,19.6,0.65,0.0,0.414,0.42,0.33,0.343,0.28,0.514,0.367,0.296,0.352,0.192,0.327,0.336,0.298,0.272,0.218,0.492,0.386,0.274,0.348,0.2
2020-01-04 06:15:00,19.18,19.17,19.35,19.32,19.44,18.98,19.28,19.41,19.31,19.61,19.35,19.33,19.4,19.46,19.56,19.02,19.23,19.45,19.3,19.59,0.62,0.0,0.413,0.419,0.328,0.34,0.282,0.512,0.366,0.294,0.352,0.194,0.327,0.336,0.299,0.27,0.218,0.492,0.386,0.275,0.349,0.202
2020-01-04 06:30:00,19.19,19.18,19.35,19.33,19.44,18.98,19.28,19.42,19.31,19.61,19.36,19.34,19.4,19.46,19.56,19.03,19.24,19.45,19.31,19.59,0.59,0.0,0.409,0.415,0.326,0.338,0.282,0.511,0.361,0.293,0.347,0.196,0.326,0.335,0.299,0.27,0.219,0.488,0.384,0.275,0.348,0.203
2020-01-04 06:45:00,19.17,19.17,19.35,19.34,19.56,18.98,19.26,19.43,19.31,19.6,19.35,19.35,19.33,19.47,19.56,18.92,19.17,19.4,19.27,19.59,0.55,0.0,0.407,0.412,0.323,0.335,0.281,0.508,0.358,0.291,0.345,0.197,0.322,0.331,0.298,0.27,0.219,0.484,0.382,0.274,0.346,0.205
2020-01-04 07:00:00,19.19,19.18,19.36,19.33,19.4,18.99,19.3,19.42,19.32,19.6,19.34,19.34,19.43,19.46,19.56,19.07,19.29,19.47,19.33,19.58,0.51,0.0,0.417,0.417,0.323,0.332,0.222,0.512,0.369,0.287,0.346,0.199,0.326,0.326,0.333,0.267,0.22,0.541,0.415,0.299,0.363,0.206
2020-01-04 07:15:00,19.17,19.16,19.35,19.33,19.35,18.98,19.26,19.43,19.3,19.6,19.34,19.33,19.46,19.45,19.56,19.16,19.29,19.51,19.33,19.58,0.47,0.0,0.406,0.409,0.319,0.334,0.301,0.505,0.349,0.289,0.342,0.2,0.328,0.33,0.283,0.269,0.22,0.464,0.353,0.263,0.333,0.208
2020-01-04 07:30:00,19.17,19.15,19.35,19.32,19.53,18.97,19.29,19.42,19.33,19.59,19.34,19.31,19.35,19.44,19.56,18.93,19.2,19.41,19.28,19.58,0.42,0.0,0.417,0.418,0.323,0.333,0.327,0.509,0.371,0.286,0.349,0.202,0.328,0.334,0.27,0.273,0.221,0.418,0.355,0.247,0.334,0.209
2020-01-04 07:45:00,19.17,19.16,19.34,19.32,19.33,18.96,19.27,19.41,19.31,19.59,19.34,19.32,19.48,19.44,19.56,19.17,19.33,19.51,19.36,19.58,0.38,0.0,0.414,0.423,0.327,0.34,0.234,0.516,0.354,0.291,0.337,0.204,0.328,0.345,0.326,0.28,0.222,0.533,0.401,0.294,0.36,0.211
2020-01-04 08:00:00,19.17,19.16,19.34,19.32,19.56,18.96,19.28,19.42,19.32,19.59,19.34,19.32,19.33,19.44,19.55,18.9,19.16,19.4,19.27,19.57,0.4,0.0,0.416,0.422,0.33,0.338,0.335,0.52,0.366,0.294,0.345,0.205,0.328,0.341,0.259,0.281,0.222,0.413,0.334,0.243,0.319,0.212
2020-01-04 08:15:00,19.18,19.17,19.35,19.33,19.4,18.97,19.31,19.41,19.33,19.58,19.34,19.32,19.42,19.44,19.55,19.05,19.3,19.46,19.33,19.57,0.41,3.8,0.415,0.422,0.328,0.342,0.218,0.518,0.359,0.29,0.342,0.207,0.329,0.341,0.336,0.281,0.223,0.549,0.421,0.302,0.364,0.214
2020-01-04 08:30:00,19.19,19.18,19.36,19.34,19.42,18.99,19.31,19.43,19.33,19.58,19.36,19.67,19.45,19.61,19.55,19.05,19.26,19.45,19.33,19.57,0.43,96.4,0.408,0.415,0.324,0.336,0.301,0.513,0.347,0.293,0.337,0.208,0.328,0.339,0.291,0.28,0.223,0.477,0.351,0.27,0.333,0.215
2020-01-04 08:45:00,19.22,19.21,19.4,19.47,19.44,19.05,19.35,19.45,19.36,19.58,19.38,20.13,19.53,19.91,19.55,19.06,19.29,19.47,19.35,19.56,0.45,188.9,0.403,0.411,0.319,0.329,0.29,0.506,0.346,0.287,0.333,0.209,0.321,0.163,0.277,0.194,0.224,0.473,0.368,0.274,0.337,0.216
2020-01-04 09:00:00,19.28,19.29,19.5,19.64,19.48,19.15,19.42,19.53,19.42,19.58,19.42,20.55,19.65,20.2,19.55,19.08,19.32,19.48,19.39,19.56,0.67,281.5,0.391,0.394,0.298,0.265,0.278,0.475,0.325,0.273,0.32,0.211,0.31,0.0,0.235,0.046,0.225,0.47,0.356,0.267,0.326,0.218
2020-01-04 09:15:00,19.31,19.67,19.68,19.8,19.53,19.24,19.47,19.59,19.47,19.57,19.45,21.02,19.81,20.5,19.55,19.11,19.36,19.51,19.43,19.56,0.89,374.1,0.362,0.357,0.25,0.18,0.261,0.423,0.291,0.234,0.289,0.212,0.292,0.0,0.173,0.0,0.225,0.46,0.339,0.259,0.307,0.219
2020-01-04 09:30:00,19.35,20.05,19.88,19.9,19.54,19.32,19.52,19.64,19.51,19.57,19.48,21.42,19.87,20.75,19.55,19.14,19.42,19.54,19.47,19.56,1.11,399.7,0.344,0.167,0.16,0.102,0.236,0.38,0.265,0.206,0.267,0.214,0.274,0.0,0.093,0.0,0.226,0.446,0.32,0.247,0.287,0.22
2020-01-04 09:45:00,19.38,20.27,20.1,20.0,19.54,19.35,19.55,19.67,19.54,19.57,19.5,21.75,20.1,20.96,19.54,19.24,19.47,19.58,19.5,19.55,1.33,425.4,0.323,0.0,0.059,0.052,0.232,0.342,0.24,0.179,0.245,0.215,0.261,0.0,0.065,0.0,0.227,0.429,0.292,0.23,0.267,0.222
2020-01-04 10:00:00,19.42,20.49,20.3,20.05,19.59,19.45,19.61,19.64,19.59,19.56,19.51,22.08,20.11,21.17,19.54,19.14,19.45,19.57,19.5,19.55,1.59,451.0,0.309,0.0,0.0,0.002,0.229,0.324,0.227,0.0,0.231,0.216,0.251,0.0,0.0,0.0,0.228,0.379,0.267,0.212,0.251,0.223
2020-01-04 10:15:00,19.46,20.66,20.57,20.09,19.72,19.54,19.67,19.79,19.64,19.56,19.53,22.36,19.98,21.32,19.54,19.14,19.47,19.57,19.52,19.55,1.84,476.7,0.288,0.0,0.0,0.0,0.204,0.275,0.193,0.179,0.205,0.218,0.243,0.0,0.0,0.0,0.228,0.431,0.275,0.213,0.248,0.224
2020-01-04 10:30:00,19.46,20.71,20.46,20.17,19.57,19.45,19.6,19.69,19.6,19.56,19.55,22.6,20.45,21.39,19.54,19.42,19.56,19.64,19.57,19.55,2.1,489.7,0.27,0.0,0.0,0.0,0.14,0.229,0.165,0.0,0.181,0.219,0.235,0.0,0.01,0.0,0.229,0.429,0.266,0.214,0.24,0.226
2020-01-04 10:45:00,19.49,20.8,20.65,20.11,19.72,19.53,19.69,19.71,19.65,19.56,19.56,22.77,20.31,21.37,19.54,19.37,19.46,19.65,19.58,19.54,2.35,502.6,0.269,0.0,0.0,0.0,0.215,0.274,0.2,0.0,0.198,0.22,0.227,0.0,0.0,0.0,0.23,0.292,0.0,0.182,0.214,0.227
2020-01-04 11:00:00,19.51,20.86,21.03,20.01,19.85,19.59,19.7,19.74,19.67,19.55,19.58,22.9,20.39,21.29,19.54,19.41,19.42,19.62,19.58,19.54,2.56,515.6,0.253,0.0,0.0,0.0,0.138,0.233,0.155,0.0,0.173,0.222,0.22,0.0,0.0,0.0,0.23,0.314,0.272,0.176,0.208,0.228
2020-01-04 11:15:00,19.5,20.81,20.74,20.11,19.72,19.4,19.6,19.65,19.62,19.55,19.6,22.98,20.74,21.19,19.54,19.68,19.64,19.71,19.65,19.54,2.77,528.6,0.244,0.0,0.0,0.0,0.073,0.205,0.152,0.0,0.167,0.223,0.21,0.0,0.0,0.0,0.231,0.295,0.289,0.188,0.21,0.23
2020-01-04 11:30:00,19.54,20.85,20.99,19.96,19.89,19.6,19.75,19.69,19.68,19.55,19.61,22.99,20.55,21.09,19.53,19.69,19.45,19.67,19.62,19.54,2.99,531.9,0.25,0.0,0.0,0.0,0.141,0.301,0.201,0.0,0.191,0.224,0.202,0.0,0.0,0.0,0.232,0.0,0.0,0.144,0.176,0.231
2020-01-04 11:45:00,19.54,20.77,21.01,20.08,19.82,19.47,19.65,19.67,19.66,19.55,19.62,22.94,20.85,21.0,19.53,19.89,19.62,19.74,19.66,19.53,3.2,535.2,0.229,0.0,0.0,0.021,0.054,0.199,0.126,0.0,0.159,0.226,0.194,0.0,0.0,0.0,0.233,0.0,0.274,0.163,0.191,0.232
2020-01-04 12:00:00,19.53,20.69,21.15,20.05,19.89,19.5,19.67,19.64,19.65,19.54,19.61,22.79,20.91,20.89,19.53,20.11,19.49,19.78,19.67,19.53,3.34,538.5,0.231,0.0,0.0,0.0,0.088,0.263,0.177,0.0,0.172,0.227,0.19,0.0,0.0,0.0,0.233,0.0,0.0,0.131,0.168,0.234
2020-01-04 12:15:00,19.55,20.61,20.87,20.05,19.98,19.52,19.67,19.66,19.65,19.54,19.6,22.61,21.06,20.78,19.53,20.44,19.62,19.86,19.7,19.53,3.48,541.9,0.233,0.0,0.0,0.0,0.056,0.252,0.166,0.178,0.174,0.228,0.194,0.0,0.0,0.0,0.234,0.0,0.255,0.112,0.167,0.235
2020-01-04 12:30:00,19.52,20.45,20.54,19.89,20.11,19.48,19.61,19.53,19.59,19.54,19.59,22.38,21.26,20.66,19.53,20.79,19.59,19.99,19.75,19.53,3.61,537.5,0.227,0.0,0.0,0.0,0.008,0.241,0.166,0.0,0.174,0.229,0.2,0.0,0.0,0.0,0.235,0.0,0.0,0.068,0.152,0.236
2020-01-04 12:45:00,19.52,20.29,20.42,19.85,20.17,19.93,19.61,19.54,19.59,19.54,19.6,22.11,21.65,20.53,19.53,21.09,19.73,20.2,19.83,19.52,3.75,533.1,0.241,0.0,0.0,0.055,0.0,0.262,0.196,0.233,0.203,0.231,0.203,0.0,0.0,0.0,0.236,0.0,0.0,0.005,0.127,0.237
2020-01-04 13:00:00,19.55,20.15,20.44,19.94,20.44,20.61,19.67,19.81,19.64,19.53,19.61,21.82,21.27,20.4,19.53,21.19,19.54,20.35,19.82,19.52,3.82,528.8,0.24,0.0,0.0,0.075,0.0,0.0,0.196,0.232,0.207,0.232,0.202,0.0,0.0,0.0,0.236,0.0,0.0,0.0,0.083,0.239
2020-01-04 13:15:00,19.55,20.0,20.42,19.98,20.31,20.77,19.67,20.12,19.65,19.53,19.63,21.55,21.84,20.29,19.52,21.6,19.86,20.56,19.88,19.52,3.88,524.4,0.226,0.0,0.0,0.032,0.0,0.0,0.165,0.0,0.18,0.233,0.194,0.0,0.0,0.0,0.237,0.0,0.231,0.0,0.089,0.24
2020-01-04 13:30:00,19.2,19.87,20.37,19.93,20.62,20.84,19.66,20.23,19.63,19.53,19.64,21.27,21.42,20.17,19.52,21.55,19.69,20.69,19.88,19.52,3.95,511.6,0.0,0.002,0.0,0.012,0.0,0.0,0.167,0.0,0.176,0.234,0.185,0.0,0.0,0.0,0.238,0.0,0.0,0.0,0.058,0.241
2020-01-04 13:45:00,19.53,19.85,20.33,19.96,20.43,20.91,19.7,20.3,19.66,19.53,19.64,21.05,21.95,20.07,19.52,21.98,19.88,20.81,19.94,19.51,4.01,498.8,0.399,0.067,0.0,0.035,0.0,0.0,0.172,0.0,0.185,0.235,0.181,0.0,0.0,0.0,0.239,0.0,0.0,0.0,0.06,0.242
2020-01-04 14:00:00,19.57,19.82,20.34,20.03,20.71,21.05,19.76,20.42,19.74,19.52,19.63,20.83,21.48,19.97,19.52,21.69,19.7,20.87,19.93,19.51,4.01,486.1,0.233,0.073,0.0,0.018,0.0,0.0,0.152,0.0,0.17,0.237,0.181,0.0,0.0,0.0,0.24,0.0,0.0,0.0,0.029,0.244
2020-01-04 14:15:00,19.13,19.75,20.25,19.97,20.47,21.08,19.78,20.43,19.76,19.52,19.61,20.62,21.75,19.87,19.52,22.28,19.93,20.96,20.01,19.51,4.01,473.3,0.0,0.092,0.0,0.0,0.0,0.0,0.118,0.0,0.13,0.238,0.187,0.0,0.0,0.016,0.24,0.0,0.0,0.0,0.036,0.245
2020-01-04 14:30:00,19.45,19.71,20.2,19.99,20.72,21.13,19.86,20.45,19.81,19.52,19.6,20.42,21.23,19.79,19.52,21.81,19.76,20.96,19.99,19.51,4.01,447.4,0.437,0.125,0.0,0.016,0.0,0.0,0.109,0.0,0.122,0.239,0.195,0.0,0.0,0.064,0.241,0.0,0.0,0.0,0.0,0.246
2020-01-04 14:45:00,19.52,19.71,20.19,20.05,20.46,21.21,19.93,20.54,19.9,19.52,19.59,20.23,21.38,19.74,19.51,22.43,19.98,21.03,20.06,19.5,4.01,421.5,0.273,0.144,0.0,0.006,0.0,0.0,0.072,0.0,0.096,0.24,0.201,0.0,0.0,0.103,0.242,0.0,0.0,0.0,0.003,0.247
2020-01-04 15:00:00,19.38,19.64,20.12,20.02,20.69,21.22,19.96,20.55,19.92,19.52,19.58,20.04,21.04,19.71,19.51,21.85,19.86,21.0,20.06,19.5,3.91,395.7,0.24,0.147,0.0,0.0,0.0,0.0,0.033,0.0,0.048,0.241,0.205,0.0,0.0,0.129,0.243,0.0,0.0,0.0,0.0,0.248
2020-01-04 15:15:00,19.42,19.61,20.04,19.99,20.47,21.19,20.03,20.53,19.97,19.51,19.56,19.85,21.14,19.68,19.51,22.35,20.06,21.07,20.14,19.5,3.8,369.8,0.309,0.181,0.0,0.0,0.0,0.0,0.02,0.0,0.038,0.242,0.212,0.0,0.0,0.146,0.243,0.0,0.0,0.0,0.0,0.25
2020-01-04 15:30:00,19.4,19.58,19.95,19.94,20.55,21.06,19.95,20.46,19.92,19.51,19.54,19.67,20.9,19.66,19.51,22.05,19.96,20.98,20.11,19.5,3.69,278.7,0.292,0.194,0.0,0.004,0.0,0.0,0.0,0.0,0.014,0.243,0.22,0.0,0.0,0.158,0.244,0.0,0.0,0.0,0.0,0.251
2020-01-04 15:45:00,19.36,19.52,19.86,19.84,20.46,20.85,19.81,20.33,19.81,19.51,19.51,19.56,20.77,19.64,19.51,21.83,19.9,20.87,20.04,19.49,3.59,187.6,0.299,0.211,0.026,0.031,0.0,0.0,0.024,0.0,0.04,0.245,0.231,0.166,0.0,0.169,0.245,0.0,0.0,0.0,0.0,0.252
2020-01-04 16:00:00,19.33,19.46,19.79,19.72,20.29,20.6,19.74,20.1,19.52,19.51,19.48,19.53,20.6,19.61,19.51,21.53,19.74,20.7,19.87,19.49,3.39,96.5,0.321,0.242,0.068,0.081,0.0,0.0,0.094,0.0,0.094,0.246,0.245,0.222,0.0,0.182,0.245,0.0,0.0,0.0,0.0,0.253
2020-01-04 16:15:00,19.3,19.41,19.71,19.61,20.05,20.3,19.5,19.95,19.54,19.5,19.45,19.52,20.4,19.58,19.51,21.07,19.44,20.46,19.6,19.49,3.2,5.4,0.334,0.269,0.106,0.142,0.0,0.0,0.13,0.0,0.242,0.247,0.26,0.236,0.0,0.197,0.246,0.0,0.0,0.0,0.066,0.254
2020-01-04 16:30:00,19.29,19.38,19.67,19.56,19.9,20.15,19.58,19.86,19.55,19.5,19.43,19.52,20.23,19.55,19.51,20.7,19.34,20.25,19.45,19.49,3.0,0.0,0.35,0.294,0.144,0.195,0.0,0.0,0.248,0.0,0.231,0.248,0.274,0.239,0.0,0.211,0.247,0.0,0.279,0.0,0.201,0.255
2020-01-04 16:45:00,19.27,19.36,19.63,19.52,19.85,20.01,19.51,19.77,19.49,19.5,19.42,19.5,20.04,19.54,19.5,20.39,19.31,20.08,19.39,19.49,2.81,0.0,0.357,0.309,0.166,0.219,0.051,0.0,0.212,0.0,0.227,0.249,0.285,0.242,0.0,0.223,0.247,0.0,0.329,0.0,0.275,0.256
2020-01-04 17:00:00,19.26,19.34,19.6,19.48,19.55,19.88,19.5,19.69,19.48,19.5,19.41,19.49,20.11,19.53,19.5,20.49,19.52,20.05,19.48,19.48,2.76,0.0,0.364,0.32,0.184,0.239,0.074,0.0,0.245,0.0,0.257,0.25,0.291,0.248,0.0,0.231,0.248,0.0,0.344,0.0,0.306,0.257
2020-01-04 17:15:00,19.26,19.33,19.57,19.45,19.65,19.8,19.49,19.61,19.46,19.5,19.41,19.48,19.9,19.52,19.5,20.07,19.32,19.88,19.39,19.48,2.7,0.0,0.368,0.329,0.201,0.259,0.225,0.062,0.251,0.0,0.261,0.251,0.294,0.255,0.0,0.235,0.248,0.0,0.24,0.0,0.261,0.258
2020-01-04 17:30:00,19.25,19.31,19.55,19.44,19.63,19.72,19.46,19.64,19.44,19.49,19.4,19.46,19.76,19.52,19.5,19.87,19.26,19.76,19.35,19.48,2.64,0.0,0.372,0.337,0.214,0.274,0.175,0.101,0.255,0.195,0.271,0.252,0.297,0.262,0.052,0.238,0.249,0.0,0.342,0.059,0.306,0.259
2020-01-04 17:45:00,19.25,19.31,19.54,19.43,19.46,19.66,19.45,19.62,19.43,19.49,19.39,19.45,19.78,19.51,19.5,19.82,19.32,19.74,19.37,19.48,2.59,0.0,0.374,0.343,0.225,0.28,0.183,0.138,0.272,0.178,0.281,0.253,0.301,0.268,0.122,0.241,0.249,0.0,0.372,0.119,0.324,0.26
2020-01-04 18:00:00,19.25,19.3,19.52,19.41,19.44,19.59,19.43,19.58,19.41,19.49,19.39,19.45,19.75,19.51,19.5,19.65,19.3,19.69,19.36,19.48,2.5,0.0,0.375,0.347,0.23,0.285,0.272,0.169,0.273,0.188,0.287,0.254,0.305,0.273,0.108,0.244,0.25,0.0,0.34,0.129,0.316,0.261
2020-01-04 18:15:00,19.24,19.28,19.5,19.4,19.43,19.54,19.42,19.56,19.4,19.49,19.38,19.44,19.73,19.5,19.5,19.49,19.28,19.65,19.35,19.47,2.42,0.0,0.377,0.352,0.24,0.293,0.282,0.204,0.284,0.211,0.293,0.255,0.307,0.274,0.125,0.247,0.25,0.0,0.352,0.156,0.319,0.262
2020-01-04 18:30:00,19.24,19.28,19.49,19.4,19.43,19.5,19.41,19.54,19.4,19.49,19.38,19.43,19.7,19.5,19.5,19.43,19.26,19.62,19.35,19.47,2.33,0.0,0.38,0.358,0.249,0.298,0.287,0.228,0.288,0.22,0.298,0.255,0.309,0.279,0.136,0.25,0.251,0.256,0.362,0.175,0.324,0.263
2020-01-04 18:45:00,19.22,19.25,19.47,19.4,19.33,19.45,19.37,19.52,19.38,19.49,19.37,19.42,19.82,19.49,19.5,19.47,19.33,19.68,19.37,19.47,2.25,0.0,0.382,0.362,0.254,0.302,0.286,0.248,0.296,0.228,0.302,0.256,0.31,0.285,0.151,0.252,0.251,0.283,0.368,0.191,0.325,0.264
2020-01-04 19:00:00,19.23,19.27,19.48,19.38,19.47,19.43,19.4,19.52,19.38,19.48,19.37,19.41,19.53,19.48,19.5,19.43,19.24,19.55,19.34,19.47,2.21,0.0,0.39,0.373,0.267,0.299,0.333,0.276,0.313,0.24,0.311,0.257,0.313,0.29,0.089,0.256,0.251,0.263,0.337,0.16,0.313,0.265
2020-01-04 19:15:00,19.21,19.24,19.46,19.38,19.47,19.37,19.34,19.5,19.36,19.48,19.36,19.39,19.51,19.47,19.5,19.36,19.2,19.51,19.29,19.47,2.17,0.0,0.383,0.365,0.261,0.311,0.265,0.284,0.3,0.24,0.308,0.258,0.317,0.296,0.233,0.259,0.252,0.286,0.379,0.227,0.331,0.265
2020-01-04 19:30:00,19.22,19.24,19.45,19.36,19.35,19.33,19.35,19.49,19.36,19.48,19.35,19.38,19.63,19.46,19.5,19.38,19.29,19.59,19.35,19.47,2.14,0.0,0.396,0.381,0.271,0.309,0.265,0.315,0.33,0.249,0.322,0.259,0.321,0.303,0.247,0.264,0.252,0.32,0.4,0.246,0.354,0.266
2020-01-04 19:45:00,19.2,19.23,19.43,19.37,19.49,19.31,19.32,19.47,19.34,19.48,19.35,19.38,19.47,19.46,19.49,19.28,19.19,19.47,19.29,19.46,2.1,0.0,0.392,0.378,0.276,0.318,0.325,0.337,0.323,0.253,0.319,0.26,0.324,0.308,0.183,0.268,0.252,0.308,0.356,0.203,0.326,0.267
2020-01-04 20:00:00,19.21,19.24,19.44,19.35,19.33,19.31,19.35,19.49,19.36,19.48,19.36,19.39,19.63,19.46,19.49,19.38,19.31,19.59,19.37,19.46,2.03,0.0,0.398,0.387,0.286,0.314,0.253,0.347,0.338,0.263,0.329,0.26,0.327,0.312,0.265,0.271,0.253,0.361,0.403,0.264,0.356,0.268
2020-01-04 20:15:00,19.21,19.22,19.42,19.38,19.5,19.26,19.33,19.46,19.35,19.48,19.36,19.39,19.44,19.47,19.49,19.25,19.2,19.45,19.31,19.46,1.96,0.0,0.394,0.381,0.278,0.323,0.333,0.347,0.326,0.256,0.321,0.261,0.322,0.307,0.184,0.269,0.253,0.31,0.347,0.205,0.317,0.268
2020-01-04 20:30:00,19.22,19.24,19.45,19.35,19.34,19.28,19.35,19.49,19.36,19.48,19.37,19.39,19.6,19.47,19.49,19.4,19.32,19.58,19.37,19.46,1.9,0.0,0.397,0.389,0.291,0.31,0.248,0.369,0.336,0.268,0.327,0.262,0.319,0.304,0.278,0.266,0.253,0.377,0.402,0.274,0.345,0.269
2020-01-04 20:45:00,19.21,19.22,19.4,19.39,19.5,19.22,19.33,19.45,19.35,19.47,19.37,19.4,19.44,19.48,19.49,19.21,19.2,19.46,19.32,19.46,1.83,0.0,0.392,0.38,0.273,0.325,0.33,0.359,0.326,0.253,0.32,0.262,0.317,0.303,0.2,0.264,0.253,0.299,0.339,0.211,0.313,0.27
2020-01-04 21:00:00,19.21,19.24,19.46,19.34,19.34,19.26,19.34,19.5,19.35,19.47,19.36,19.37,19.58,19.46,19.49,19.35,19.31,19.57,19.36,19.46,1.78,0.0,0.397,0.391,0.298,0.304,0.249,0.389,0.337,0.276,0.326,0.263,0.315,0.302,0.278,0.262,0.253,0.393,0.398,0.272,0.342,0.27
2020-01-04 21:15:00,19.19,19.19,19.37,19.39,19.5,19.16,19.3,19.42,19.33,19.47,19.34,19.36,19.43,19.45,19.49,19.09,19.19,19.45,19.29,19.46,1.73,0.0,0.394,0.382,0.268,0.332,0.329,0.371,0.329,0.251,0.324,0.263,0.322,0.313,0.21,0.268,0.254,0.326,0.343,0.216,0.319,0.271
2020-01-04 21:30:00,19.21,19.23,19.44,19.31,19.31,19.23,19.34,19.5,19.35,19.47,19.34,19.35,19.55,19.44,19.49,19.34,19.31,19.55,19.35,19.46,1.69,0.0,0.405,0.404,0.314,0.303,0.248,0.418,0.351,0.289,0.336,0.264,0.328,0.321,0.286,0.274,0.254,0.454,0.406,0.277,0.354,0.271
2020-01-04 21:45:00,19.17,19.16,19.35,19.39,19.51,19.1,19.27,19.39,19.31,19.47,19.33,19.34,19.39,19.44,19.49,19.07,19.15,19.41,19.27,19.45,1.64,0.0,0.397,0.384,0.28,0.346,0.344,0.383,0.332,0.251,0.327,0.265,0.331,0.325,0.225,0.278,0.254,0.329,0.347,0.226,0.324,0.272
2020-01-04 22:00:00,19.21,19.23,19.43,19.28,19.3,19.22,19.33,19.51,19.35,19.47,19.34,19.35,19.53,19.44,19.49,19.31,19.31,19.54,19.35,19.45,1.58,0.0,0.414,0.418,0.327,0.303,0.246,0.45,0.363,0.306,0.346,0.265,0.334,0.329,0.305,0.282,0.254,0.467,0.424,0.293,0.363,0.273
2020-01-04 22:15:00,19.19,19.18,19.37,19.35,19.41,19.12,19.3,19.4,19.32,19.47,19.34,19.35,19.44,19.44,19.49,19.13,19.22,19.46,19.31,19.45,1.52,0.0,0.397,0.383,0.287,0.36,0.351,0.388,0.333,0.245,0.327,0.266,0.332,0.327,0.234,0.281,0.254,0.344,0.343,0.232,0.324,0.273
2020-01-04 22:30:00,19.18,19.18,19.36,19.35,19.47,19.09,19.27,19.42,19.31,19.47,19.33,19.34,19.38,19.44,19.49,19.03,19.17,19.42,19.27,19.45,1.46,0.0,0.407,0.409,0.317,0.323,0.293,0.439,0.349,0.302,0.342,0.266,0.332,0.327,0.278,0.281,0.254,0.434,0.391,0.27,0.347,0.273
2020-01-04 22:45:00,19.19,19.2,19.41,19.3,19.3,19.15,19.3,19.44,19.32,19.47,19.33,19.34,19.5,19.44,19.49,19.26,19.29,19.52,19.34,19.45,1.4,0.0,0.412,0.41,0.32,0.324,0.265,0.456,0.364,0.289,0.343,0.267,0.333,0.329,0.308,0.282,0.254,0.485,0.414,0.291,0.364,0.274
2020-01-04 23:00:00,19.17,19.16,19.33,19.36,19.5,19.06,19.26,19.39,19.3,19.46,19.33,19.34,19.37,19.43,19.49,18.98,19.16,19.4,19.28,19.45,1.34,0.0,0.407,0.401,0.297,0.35,0.352,0.427,0.348,0.278,0.339,0.267,0.333,0.331,0.249,0.282,0.254,0.37,0.356,0.238,0.331,0.275
2020-01-04 23:15:00,19.19,19.2,19.39,19.28,19.28,19.13,19.3,19.46,19.32,19.46,19.33,19.33,19.51,19.43,19.49,19.27,19.3,19.53,19.35,19.45,1.28,0.0,0.417,0.42,0.334,0.319,0.251,0.471,0.369,0.306,0.348,0.268,0.334,0.332,0.317,0.283,0.254,0.509,0.421,0.302,0.362,0.275
2020-01-04 23:30:00,19.18,19.17,19.35,19.34,19.4,19.08,19.29,19.39,19.31,19.46,19.33,19.33,19.43,19.43,19.49,19.06,19.22,19.44,19.3,19.45,1.23,0.0,0.407,0.399,0.303,0.359,0.358,0.433,0.348,0.269,0.338,0.268,0.335,0.333,0.246,0.284,0.254,0.363,0.348,0.237,0.327,0.276
2020-01-04 23:45:00,19.16,19.17,19.35,19.34,19.48,19.05,19.26,19.41,19.3,19.46,19.33,19.33,19.35,19.43,19.49,18.96,19.16,19.39,19.26,19.45,1.17,0.0,0.411,0.414,0.324,0.332,0.298,0.461,0.355,0.303,0.345,0.269,0.335,0.334,0.287,0.285,0.254,0.471,0.392,0.279,0.349,0.276
2020-01-05 00:00:00,19.16,19.16,19.36,19.29,19.28,19.07,19.26,19.42,19.29,19.46,19.3,19.29,19.47,19.41,19.49,19.21,19.27,19.49,19.31,19.45,1.14,0.0,0.418,0.417,0.327,0.331,0.262,0.477,0.371,0.296,0.348,0.269,0.336,0.336,0.324,0.286,0.255,0.518,0.422,0.304,0.368,0.276
2020-01-05 00:15:00,19.16,19.15,19.32,19.3,19.38,19.03,19.25,19.38,19.28,19.46,19.29,19.27,19.39,19.39,19.49,19.03,19.16,19.41,19.25,19.45,1.12,0.0,0.421,0.418,0.322,0.357,0.359,0.465,0.369,0.292,0.355,0.27,0.349,0.354,0.265,0.296,0.255,0.395,0.366,0.254,0.345,0.277
2020-01-05 00:30:00,19.13,19.12,19.29,19.3,19.45,18.98,19.19,19.37,19.25,19.46,19.27,19.25,19.3,19.38,19.49,18.89,19.08,19.35,19.18,19.44,1.1,0.0,0.422,0.426,0.338,0.351,0.308,0.486,0.376,0.311,0.361,0.27,0.357,0.364,0.306,0.304,0.255,0.486,0.419,0.294,0.373,0.277
2020-01-05 00:45:00,19.13,19.13,19.29,19.24,19.24,18.99,19.2,19.37,19.25,19.46,19.26,19.24,19.41,19.37,19.49,19.14,19.22,19.44,19.27,19.44,1.07,0.0,0.436,0.44,0.353,0.352,0.273,0.509,0.405,0.316,0.377,0.27,0.364,0.373,0.349,0.312,0.255,0.553,0.46,0.325,0.411,0.278
2020-01-05 01:00:00,19.13,19.12,19.28,19.26,19.35,18.96,19.2,19.34,19.24,19.46,19.26,19.25,19.34,19.36,19.49,18.96,19.11,19.37,19.21,19.44,1.03,0.0,0.435,0.437,0.356,0.378,0.381,0.505,0.4,0.314,0.377,0.271,0.369,0.378,0.293,0.317,0.255,0.43,0.391,0.278,0.365,0.278
2020-01-05 01:15:00,19.11,19.09,19.25,19.26,19.44,18.92,19.16,19.34,19.22,19.46,19.26,19.21,19.25,19.35,19.49,18.82,19.05,19.31,19.17,19.44,1.0,0.0,0.435,0.441,0.359,0.368,0.323,0.519,0.4,0.329,0.381,0.271,0.369,0.377,0.331,0.318,0.255,0.52,0.446,0.313,0.393,0.279
2020-01-05 01:30:00,19.11,19.1,19.25,19.22,19.21,18.93,19.17,19.34,19.22,19.46,19.25,19.21,19.39,19.34,19.49,19.1,19.21,19.43,19.27,19.44,0.96,0.0,0.447,0.457,0.373,0.369,0.28,0.538,0.422,0.331,0.388,0.272,0.371,0.394,0.374,0.327,0.255,0.59,0.475,0.344,0.413,0.279
2020-01-05 01:45:00,19.11,19.08,19.25,19.24,19.34,18.91,19.17,19.32,19.22,19.46,19.25,19.2,19.31,19.34,19.49,18.92,19.09,19.36,19.21,19.44,0.92,0.0,0.444,0.452,0.375,0.391,0.395,0.534,0.414,0.329,0.388,0.272,0.373,0.397,0.305,0.33,0.255,0.449,0.395,0.285,0.367,0.279
2020-01-05 02:00:00,19.1,19.08,19.25,19.25,19.44,18.89,19.15,19.33,19.22,19.45,19.24,19.23,19.24,19.35,19.49,18.79,19.03,19.31,19.17,19.44,0.91,0.0,0.444,0.458,0.376,0.382,0.328,0.545,0.413,0.342,0.389,0.272,0.376,0.399,0.343,0.332,0.255,0.542,0.454,0.321,0.393,0.28
2020-01-05 02:15:00,19.13,19.11,19.27,19.24,19.29,18.92,19.21,19.34,19.24,19.45,19.26,19.25,19.33,19.37,19.49,18.95,19.16,19.38,19.24,19.44,0.89,0.0,0.452,0.458,0.377,0.377,0.279,0.553,0.427,0.334,0.39,0.273,0.382,0.385,0.382,0.324,0.255,0.607,0.487,0.347,0.414,0.28
2020-01-05 02:30:00,19.11,19.1,19.26,19.25,19.24,18.92,19.17,19.35,19.23,19.45,19.28,19.26,19.37,19.38,19.49,19.05,19.18,19.43,19.25,19.44,0.88,0.0,0.434,0.444,0.364,0.378,0.354,0.539,0.396,0.331,0.379,0.273,0.372,0.377,0.337,0.317,0.255,0.527,0.42,0.311,0.379,0.281
2020-01-05 02:45:00,19.13,19.11,19.26,19.25,19.44,18.9,19.19,19.34,19.25,19.45,19.29,19.27,19.26,19.39,19.49,18.81,19.07,19.33,19.2,19.44,0.86,0.0,0.443,0.45,0.368,0.373,0.382,0.541,0.417,0.324,0.386,0.274,0.362,0.369,0.314,0.309,0.256,0.474,0.41,0.284,0.373,0.281
2020-01-05 03:00:00,19.13,19.12,19.27,19.26,19.23,18.91,19.19,19.35,19.25,19.45,19.29,19.27,19.41,19.4,19.49,19.07,19.22,19.45,19.28,19.44,0.86,0.0,0.435,0.444,0.369,0.373,0.28,0.549,0.406,0.329,0.377,0.274,0.356,0.364,0.368,0.304,0.256,0.594,0.465,0.335,0.398,0.281
2020-01-05 03:15:00,19.15,19.58,19.3,19.31,19.39,18.67,19.23,19.36,19.77,19.45,19.12,19.28,19.31,19.3,19.49,18.89,19.12,19.38,19.24,19.46,0.85,0.0,0.434,0.942,0.366,0.37,0.387,0.0,0.406,0.325,1.0,0.275,0.0,0.363,0.297,0.0,0.256,0.464,0.389,0.275,0.358,1.0
2020-01-05 03:30:00,19.16,19.63,19.33,19.37,19.32,18.71,19.25,19.4,19.91,19.45,18.8,19.29,19.34,19.1,19.49,18.95,19.16,19.4,19.25,19.52,0.84,0.0,0.423,0.709,0.352,0.346,0.307,0.0,0.383,0.32,1.0,0.275,0.0,0.36,0.346,0.0,0.256,0.556,0.44,0.31,0.378,1.0
2020-01-05 03:45:00,19.16,19.59,19.33,19.37,19.33,18.71,19.25,19.4,19.96,19.45,18.47,19.3,19.34,18.9,19.49,18.95,19.16,19.4,19.25,19.61,0.83,0.0,0.422,0.687,0.334,0.317,0.338,0.0,0.377,0.299,1.0,0.275,0.0,0.357,0.328,0.0,0.256,0.523,0.419,0.302,0.373,1.0
2020-01-05 04:00:00,19.13,19.57,19.31,19.35,19.28,18.68,19.21,19.38,19.96,19.45,18.25,19.25,19.35,18.69,19.49,19.0,19.17,19.42,19.25,19.71,0.84,0.0,0.419,0.705,0.334,0.316,0.336,0.0,0.374,0.302,1.0,0.276,0.066,0.352,0.331,0.0,0.256,0.525,0.418,0.301,0.373,1.0
2020-01-05 04:15:00,19.13,19.57,19.28,19.19,19.39,18.63,19.2,19.37,19.97,19.51,18.16,19.22,19.26,18.53,19.49,18.83,19.08,19.34,19.19,19.78,0.84,0.0,0.435,0.714,0.346,0.0,0.36,0.0,0.396,0.309,1.0,0.726,0.176,0.374,0.323,0.0,0.257,0.501,0.413,0.29,0.376,1.0
2020-01-05 04:30:00,19.09,19.49,19.19,19.19,19.25,18.46,19.12,19.27,19.89,19.56,18.15,19.22,19.33,18.39,19.49,18.97,19.15,19.39,19.23,19.86,0.84,0.0,0.435,0.717,0.36,0.0,0.304,0.0,0.401,0.316,1.0,0.696,0.218,0.389,0.369,0.0,0.257,0.584,0.461,0.33,0.406,1.0
2020-01-05 04:45:00,19.11,19.55,19.23,19.05,19.39,18.49,19.14,19.33,19.94,19.59,18.16,19.21,19.22,18.25,19.49,18.78,19.03,19.31,19.15,19.93,0.84,0.0,0.453,0.754,0.403,0.0,0.377,0.0,0.439,0.363,1.0,0.669,0.223,0.391,0.334,0.0,0.257,0.513,0.425,0.306,0.387,1.0
2020-01-05 05:00:00,19.1,19.47,19.11,19.14,19.21,18.31,19.11,19.2,19.89,19.62,18.17,19.21,19.34,18.13,19.49,18.98,19.18,19.39,19.25,19.99,0.83,0.0,0.445,0.724,0.387,0.0,0.304,0.0,0.429,0.337,1.0,0.654,0.22,0.394,0.39,0.0,0.257,0.611,0.486,0.347,0.427,1.0
2020-01-05 05:15:00,18.37,19.57,19.19,18.99,19.33,18.36,19.17,19.27,19.98,19.63,18.18,19.23,19.25,18.05,19.48,18.74,19.08,19.34,19.06,20.03,0.81,0.0,0.0,0.763,0.443,0.0,0.394,0.0,0.444,0.399,1.0,0.641,0.213,0.393,0.332,0.0,0.257,0.0,0.41,0.303,0.0,1.0
2020-01-05 05:30:00,18.29,19.46,19.03,19.0,19.16,18.17,19.06,19.14,19.89,19.66,18.17,19.25,19.34,17.93,19.48,18.82,19.18,19.4,18.87,20.11,0.8,0.0,0.067,0.715,0.405,0.0,0.335,0.0,0.415,0.367,1.0,0.633,0.212,0.384,0.373,0.0,0.258,0.0,0.459,0.331,0.0,0.983
2020-01-05 05:45:00,18.32,19.55,19.11,18.93,19.16,18.19,19.14,19.19,19.96,19.68,18.17,19.26,19.24,17.85,19.48,18.59,19.08,19.32,18.66,20.15,0.78,0.0,0.104,0.77,0.485,0.0,0.418,0.0,0.469,0.43,1.0,0.619,0.215,0.375,0.33,0.0,0.258,0.0,0.411,0.299,0.0,0.946
2020-01-05 06:00:00,18.25,19.55,19.07,18.91,19.07,18.15,19.12,19.18,19.99,19.7,18.14,19.23,19.16,17.74,19.48,18.44,19.05,19.24,18.47,20.2,0.78,0.0,0.092,0.723,0.447,0.0,0.418,0.0,0.43,0.405,1.0,0.611,0.217,0.371,0.382,0.0,0.258,0.007,0.461,0.339,0.0,0.926
2020-01-05 06:15:00,18.22,19.53,19.03,18.88,19.1,18.08,19.09,19.17,19.98,19.72,18.13,18.98,19.13,17.64,19.48,18.39,19.05,19.21,18.39,20.24,0.77,0.0,0.127,0.727,0.464,0.0,0.913,0.0,0.442,0.409,1.0,0.6,0.229,0.0,0.422,0.0,0.258,0.078,0.474,0.38,0.066,0.902
2020-01-05 06:30:00,18.17,19.53,19.0,18.86,19.13,18.0,19.07,19.11,19.99,19.73,18.12,18.59,19.15,17.54,19.48,18.38,19.06,19.24,18.37,20.28,0.76,0.0,0.142,0.735,0.487,0.0,0.9,0.0,0.455,0.417,1.0,0.591,0.237,0.0,0.433,0.0,0.259,0.103,0.474,0.393,0.106,0.881
2020-01-05 06:45:00,18.15,19.56,19.04,18.7,19.21,18.08,19.1,19.13,20.03,19.75,18.11,18.4,19.11,17.45,19.48,18.29,19.04,19.23,18.33,20.31,0.75,0.0,0.163,0.734,0.502,0.0,0.886,0.0,0.463,0.445,1.0,0.583,0.24,0.153,0.423,0.0,0.259,0.108,0.469,0.38,0.116,0.861
2020-01-05 07:00:00,18.07,19.46,18.88,18.78,19.1,17.79,18.99,19.04,19.91,19.76,18.12,18.37,19.21,17.38,19.48,18.5,19.11,19.29,18.4,20.34,0.75,0.0,0.174,0.722,0.482,0.0,0.846,0.0,0.449,0.437,1.0,0.576,0.243,0.25,0.444,0.024,0.259,0.154,0.479,0.386,0.137,0.845
2020-01-05 07:15:00,18.09,19.55,19.09,18.68,19.22,18.0,18.41,18.83,19.98,19.78,18.13,18.42,19.14,17.33,19.48,18.29,18.9,19.27,18.32,20.37,0.74,0.0,0.214,0.772,0.56,0.0,0.902,0.0,0.0,0.0,1.0,0.569,0.239,0.263,0.395,0.06,0.259,0.051,0.0,0.356,0.101,0.829
2020-01-05 07:30:00,18.03,19.51,18.93,18.67,19.15,17.88,18.34,18.72,19.96,19.79,18.14,18.46,19.18,17.3,19.48,18.38,18.67,19.29,18.35,20.41,0.73,0.0,0.205,0.724,0.455,0.0,0.842,0.0,0.0,0.0,1.0,0.561,0.234,0.24,0.429,0.086,0.26,0.154,0.0,0.367,0.139,0.813
2020-01-05 07:45:00,18.03,19.46,18.82,18.71,18.97,17.74,18.18,18.63,19.88,19.8,18.15,18.47,19.27,17.3,19.48,18.46,18.65,19.32,18.43,20.43,0.72,0.0,0.234,0.746,0.537,0.0,0.874,0.0,0.0,0.0,1.0,0.554,0.229,0.219,0.408,0.098,0.26,0.108,0.0,0.354,0.126,0.797
2020-01-05 08:00:00,18.03,19.53,18.94,18.61,19.14,17.83,18.21,18.61,19.93,19.82,18.13,18.45,19.15,17.29,19.48,18.28,18.49,19.23,18.31,20.45,0.75,0.0,0.235,0.768,0.588,0.0,0.965,0.0,0.01,0.0,1.0,0.548,0.226,0.214,0.367,0.101,0.26,0.071,0.0,0.34,0.087,0.785
2020-01-05 08:15:00,18.01,19.52,18.92,18.6,19.11,17.81,18.11,18.56,19.93,19.83,18.13,18.43,19.1,17.28,19.44,18.31,18.37,19.24,18.29,20.48,0.78,2.9,0.234,0.734,0.379,0.0,0.878,0.0,0.0,0.0,1.0,0.542,0.233,0.226,0.0,0.105,0.111,0.161,0.0,0.435,0.147,0.773
2020-01-05 08:30:00,18.02,19.51,18.92,18.59,19.1,17.78,18.13,18.51,19.94,19.84,18.14,18.44,19.04,17.28,19.39,18.34,18.29,19.25,18.32,20.5,0.81,19.5,0.245,0.742,0.388,0.0,0.896,0.0,0.045,0.0,1.0,0.536,0.237,0.237,0.0,0.108,0.13,0.147,0.0,0.429,0.153,0.761
2020-01-05 08:45:00,18.02,19.53,18.93,18.59,19.09,17.77,18.09,18.47,19.96,19.85,18.16,18.49,19.0,17.3,19.36,18.34,18.25,19.27,18.33,20.52,0.83,36.2,0.242,0.743,0.389,0.0,0.899,0.0,0.037,0.0,1.0,0.531,0.231,0.232,0.0,0.108,0.154,0.128,0.0,0.423,0.142,0.749
2020-01-05 09:00:00,18.04,19.58,18.97,18.55,19.22,17.83,18.13,18.46,20.02,19.86,18.18,18.55,18.87,17.34,19.33,18.22,18.07,19.22,18.27,20.54,1.02,52.8,0.241,0.734,0.385,0.0,0.904,0.0,0.057,0.0,1.0,0.526,0.222,0.207,0.0,0.098,0.171,0.13,0.0,0.414,0.136,0.739
2020-01-05 09:15:00,18.04,19.58,18.83,18.61,19.06,17.74,18.04,18.44,20.0,19.87,18.2,18.61,18.94,17.38,19.32,18.56,18.2,19.26,18.4,20.56,1.21,69.4,0.228,0.709,0.366,0.0,0.838,0.0,0.037,0.0,1.0,0.521,0.209,0.174,0.0,0.078,0.183,0.19,0.0,0.439,0.164,0.729
2020-01-05 09:30:00,18.07,19.66,18.94,18.65,19.11,17.78,18.11,18.42,20.05,19.88,18.22,18.64,18.98,17.41,19.3,18.53,18.22,19.32,18.45,20.58,1.4,82.1,0.23,0.711,0.433,0.0,0.922,0.0,0.08,0.0,1.0,0.516,0.198,0.147,0.0,0.059,0.192,0.019,0.0,0.419,0.101,0.72
2020-01-05 09:45:00,18.09,19.73,18.98,18.68,19.08,17.82,18.1,18.44,20.1,19.89,18.24,18.66,18.96,17.43,19.29,18.5,18.22,19.31,18.42,20.59,1.6,94.7,0.215,0.672,0.38,0.0,0.894,0.0,0.044,0.0,1.0,0.512,0.189,0.131,0.0,0.043,0.2,0.035,0.0,0.391,0.076,0.712
2020-01-05 10:00:00,18.11,19.77,19.01,18.71,19.1,17.84,18.12,18.44,20.15,19.89,18.25,18.68,18.96,17.45,19.28,18.49,18.23,19.32,18.42,20.61,1.78,107.4,0.204,0.637,0.36,0.0,0.91,0.0,0.05,0.0,1.0,0.507,0.181,0.12,0.0,0.033,0.206,0.05,0.0,0.396,0.09,0.703
2020-01-05 10:15:00,18.13,19.82,19.04,18.74,19.12,17.87,18.13,18.45,20.19,19.9,18.27,18.7,18.97,17.46,19.27,18.5,18.23,19.33,18.44,20.62,1.97,120.0,0.195,0.616,0.347,0.0,0.898,0.0,0.042,0.0,1.0,0.503,0.174,0.11,0.0,0.025,0.21,0.053,0.0,0.392,0.09,0.695
2020-01-05 10:30:00,18.15,19.87,19.07,18.77,19.11,17.9,18.13,18.46,20.24,19.91,18.28,18.73,18.98,17.46,19.26,18.51,18.21,19.34,18.45,20.64,2.16,134.8,0.184,0.591,0.33,0.0,0.891,0.0,0.037,0.0,1.0,0.499,0.166,0.099,0.0,0.02,0.215,0.048,0.0,0.383,0.082,0.688
2020-01-05 10:45:00,18.16,19.91,19.12,18.79,19.16,17.93,18.14,18.47,20.28,19.92,18.29,18.76,19.01,17.46,19.26,18.53,18.21,19.36,18.46,20.65,2.34,149.5,0.175,0.567,0.316,0.0,0.893,0.0,0.033,0.0,1.0,0.496,0.159,0.086,0.0,0.019,0.218,0.046,0.0,0.381,0.075,0.681
2020-01-05 11:00:00,18.18,19.96,19.16,18.81,19.16,17.95,18.15,18.48,20.32,19.92,18.3,18.81,19.04,17.45,19.25,18.55,18.21,19.38,18.48,20.66,2.52,164.3,0.168,0.545,0.289,0.0,0.87,0.0,0.029,0.0,1.0,0.492,0.153,0.071,0.0,0.022,0.222,0.036,0.0,0.369,0.072,0.674
2020-01-05 11:15:00,18.19,19.99,19.22,18.87,19.08,17.94,18.14,18.48,20.35,19.93,18.31,18.83,19.15,17.45,19.25,18.67,18.34,19.43,18.52,20.68,2.69,179.1,0.16,0.52,0.268,0.0,0.868,0.0,0.025,0.0,1.0,0.489,0.148,0.046,0.0,0.024,0.224,0.024,0.0,0.362,0.06,0.668
2020-01-05 11:30:00,18.22,20.05,19.37,18.85,19.34,18.07,18.23,18.53,20.44,19.93,18.32,18.81,19.05,17.44,19.24,18.39,18.02,19.41,18.43,20.69,2.87,174.3,0.154,0.506,0.24,0.0,0.908,0.0,0.03,0.0,1.0,0.486,0.144,0.034,0.0,0.026,0.227,0.0,0.0,0.335,0.04,0.662
2020-01-05 11:45:00,18.2,20.0,19.2,18.88,19.12,17.99,18.13,18.49,20.42,19.94,18.32,18.75,19.15,17.43,19.24,18.75,18.26,19.45,18.5,20.7,3.04,169.4,0.14,0.476,0.166,0.0,0.779,0.0,0.0,0.0,1.0,0.483,0.141,0.046,0.0,0.029,0.229,0.106,0.0,0.347,0.085,0.656
2020-01-05 12:00:00,18.23,20.05,19.37,18.82,19.37,18.1,18.24,18.53,20.5,19.95,18.33,18.71,19.01,17.41,19.23,18.37,17.99,19.39,18.39,20.71,3.16,164.6,0.148,0.501,0.251,0.0,0.891,0.0,0.036,0.0,1.0,0.48,0.138,0.074,0.0,0.036,0.231,0.0,0.0,0.323,0.052,0.65
2020-01-05 12:15:00,18.22,20.01,19.19,18.88,19.24,18.03,18.15,18.51,20.48,19.95,18.33,18.7,19.11,17.41,19.23,18.78,18.16,19.46,18.52,20.72,3.27,159.8,0.133,0.475,0.164,0.0,0.763,0.0,0.0,0.0,1.0,0.477,0.136,0.093,0.0,0.043,0.233,0.117,0.0,0.357,0.106,0.644
2020-01-05 12:30:00,18.23,20.01,19.18,18.88,19.3,18.02,18.16,18.49,20.5,19.96,18.33,18.69,19.15,17.4,19.23,18.76,18.16,19.49,18.54,20.73,3.38,151.7,0.139,0.496,0.257,0.0,0.83,0.0,0.026,0.0,1.0,0.474,0.133,0.099,0.0,0.047,0.235,0.0,0.0,0.322,0.038,0.639
2020-01-05 12:45:00,18.23,20.0,19.2,18.92,19.17,18.03,18.14,18.48,20.5,19.96,18.33,18.67,19.23,17.38,19.22,18.88,18.38,19.53,18.58,20.74,3.5,143.6,0.137,0.497,0.261,0.0,0.802,0.0,0.019,0.0,1.0,0.472,0.133,0.107,0.0,0.052,0.236,0.0,0.0,0.304,0.028,0.634
2020-01-05 13:00:00,18.23,20.03,19.32,18.88,19.38,18.2,18.22,18.53,20.57,19.97,18.31,18.63,19.1,17.37,19.22,18.6,18.01,19.49,18.44,20.75,3.53,135.6,0.137,0.501,0.249,0.0,0.867,0.0,0.028,0.0,1.0,0.469,0.135,0.116,0.0,0.058,0.238,0.0,0.0,0.285,0.011,0.63
2020-01-05 13:15:00,18.21,19.98,19.22,18.89,19.23,18.15,18.13,18.52,20.55,19.97,18.3,18.61,19.1,17.35,19.22,18.75,18.13,19.52,18.45,20.76,3.55,127.5,0.135,0.485,0.192,0.0,0.759,0.0,0.0,0.0,1.0,0.467,0.143,0.133,0.0,0.066,0.239,0.0,0.0,0.305,0.08,0.625
2020-01-05 13:30:00,18.2,19.95,19.1,18.93,19.12,18.09,18.1,18.47,20.51,19.98,18.29,18.59,19.19,17.33,19.22,18.79,18.26,19.59,18.52,20.77,3.58,118.1,0.146,0.509,0.242,0.0,0.833,0.0,0.036,0.0,1.0,0.465,0.151,0.146,0.0,0.075,0.24,0.0,0.0,0.288,0.077,0.62
2020-01-05 13:45:00,18.21,19.99,19.2,18.88,19.29,18.16,18.19,18.52,20.57,19.98,18.28,18.58,19.09,17.32,19.21,18.63,18.04,19.48,18.42,20.78,3.6,108.7,0.152,0.527,0.301,0.0,0.892,0.0,0.05,0.0,1.0,0.462,0.156,0.155,0.0,0.083,0.242,0.0,0.0,0.255,0.04,0.616
2020-01-05 14:00:00,18.19,19.96,19.18,18.87,19.22,18.15,18.11,18.5,20.57,19.98,18.28,18.58,19.04,17.32,19.21,18.52,18.05,19.49,18.4,20.78,3.61,99.4,0.144,0.507,0.252,0.0,0.806,0.0,0.004,0.0,1.0,0.46,0.159,0.159,0.0,0.088,0.243,0.0,0.0,0.309,0.089,0.612
2020-01-05 14:15:00,18.2,19.98,19.2,18.79,19.32,18.21,18.2,18.52,20.61,19.99,18.28,18.58,18.91,17.32,19.21,18.36,17.92,19.41,18.34,20.79,3.61,90.0,0.155,0.518,0.262,0.0,0.839,0.0,0.043,0.0,1.0,0.458,0.159,0.16,0.0,0.09,0.244,0.039,0.0,0.306,0.098,0.608
2020-01-05 14:30:00,18.16,19.9,19.04,18.84,19.19,18.04,18.03,18.46,20.53,19.99,18.28,18.57,18.98,17.31,19.21,18.72,18.06,19.46,18.46,20.8,3.61,81.1,0.151,0.509,0.25,0.0,0.792,0.0,0.0,0.0,1.0,0.456,0.158,0.16,0.0,0.092,0.245,0.118,0.0,0.343,0.129,0.604
2020-01-05 14:45:00,18.15,19.86,18.98,18.93,19.06,17.9,18.02,18.38,20.47,20.0,18.27,18.56,19.12,17.3,19.21,18.77,18.21,19.55,18.53,20.81,3.61,72.1,0.169,0.549,0.328,0.0,0.857,0.0,0.085,0.0,1.0,0.454,0.161,0.165,0.0,0.094,0.246,0.0,0.0,0.319,0.068,0.6
2020-01-05 15:00:00,18.18,19.94,19.07,18.82,19.25,17.98,18.17,18.5,20.56,20.0,18.25,18.54,18.97,17.29,19.21,18.57,17.93,19.42,18.41,20.81,3.56,63.2,0.176,0.568,0.362,0.0,0.919,0.0,0.088,0.0,1.0,0.452,0.166,0.172,0.0,0.098,0.246,0.0,0.0,0.274,0.036,0.597
2020-01-05 15:15:00,18.13,19.89,19.04,18.79,19.16,18.01,18.04,18.45,20.54,20.0,18.24,18.52,18.9,17.28,19.2,18.44,17.94,19.42,18.36,20.82,3.51,54.3,0.162,0.532,0.313,0.0,0.825,0.0,0.013,0.0,1.0,0.451,0.174,0.181,0.0,0.105,0.247,0.013,0.0,0.34,0.097,0.593
2020-01-05 15:30:00,18.12,19.85,19.0,18.76,19.13,17.95,18.07,18.41,20.5,20.01,18.22,18.5,18.85,17.26,19.2,18.4,17.9,19.39,18.34,20.83,3.45,41.7,0.186,0.557,0.33,0.0,0.869,0.0,0.082,0.0,1.0,0.449,0.182,0.19,0.0,0.112,0.248,0.081,0.0,0.339,0.121,0.59
2020-01-05 15:45:00,18.1,19.83,18.97,18.73,19.11,17.85,18.03,18.38,20.47,20.01,18.21,18.48,18.82,17.24,19.2,18.4,17.87,19.38,18.33,20.83,3.4,29.1,0.19,0.573,0.35,0.0,0.886,0.0,0.065,0.0,1.0,0.447,0.19,0.199,0.0,0.12,0.249,0.098,0.0,0.353,0.13,0.586
2020-01-05 16:00:00,18.07,19.79,18.93,18.69,19.08,17.76,17.99,18.34,20.42,20.01,18.18,18.45,18.78,17.22,19.2,18.38,17.83,19.36,18.3,20.84,3.25,16.5,0.198,0.583,0.363,0.0,0.895,0.0,0.084,0.0,1.0,0.446,0.197,0.208,0.0,0.128,0.249,0.101,0.015,0.361,0.136,0.583
2020-01-05 16:15:00,18.04,19.75,18.89,18.64,19.06,17.7,18.01,18.3,20.37,20.01,18.15,18.41,18.74,17.19,19.2,18.35,17.79,19.33,18.27,20.85,3.11,3.9,0.216,0.605,0.386,0.0,0.908,0.0,0.103,0.0,1.0,0.444,0.211,0.226,0.0,0.14,0.25,0.111,0.036,0.372,0.148,0.58
2020-01-05 16:30:00,18.02,19.71,18.85,18.6,19.03,17.62,17.91,18.25,20.32,20.02,18.12,18.4,18.7,17.18,19.2,18.33,17.75,19.31,18.25,20.85,2.96,0.0,0.228,0.625,0.407,0.0,0.922,0.0,0.096,0.0,1.0,0.443,0.227,0.243,0.0,0.153,0.25,0.125,0.057,0.385,0.163,0.577
2020-01-05 16:45:00,18.0,19.68,18.81,18.56,19.02,17.56,17.98,18.2,20.28,20.02,18.11,18.39,18.66,17.16,19.2,18.31,17.75,19.29,18.24,20.86,2.81,0.0,0.241,0.644,0.427,0.0,0.935,0.0,0.145,0.0,1.0,0.441,0.239,0.252,0.0,0.162,0.251,0.137,0.074,0.397,0.174,0.573
2020-01-05 17:00:00,17.99,19.65,18.77,18.52,19.01,17.51,17.86,18.16,20.24,20.02,18.11,18.38,18.64,17.16,19.2,18.3,17.76,19.28,18.23,20.86,2.79,0.0,0.25,0.66,0.446,0.0,0.942,0.0,0.112,0.0,1.0,0.44,0.243,0.257,0.0,0.168,0.251,0.146,0.074,0.405,0.181,0.571
2020-01-05 17:15:00,17.98,19.64,18.75,18.5,19.0,17.44,17.93,18.14,20.21,20.03,18.11,18.37,18.61,17.16,19.2,18.29,17.76,19.27,18.23,20.87,2.77,0.0,0.254,0.674,0.463,0.0,0.947,0.0,0.169,0.02,1.0,0.438,0.243,0.259,0.0,0.169,0.252,0.152,0.072,0.409,0.183,0.568
2020-01-05 17:30:00,17.97,19.63,18.78,18.39,19.06,17.48,17.88,18.1,20.19,20.03,18.11,18.37,18.51,17.16,19.19,18.18,17.7,19.25,18.2,20.88,2.75,0.0,0.26,0.681,0.473,0.0,0.951,0.0,0.136,0.032,1.0,0.437,0.243,0.263,0.0,0.169,0.252,0.156,0.072,0.413,0.185,0.565
2020-01-05 17:45:00,17.93,19.54,18.7,18.45,18.94,17.36,17.77,17.98,20.09,20.03,18.1,18.34,18.58,17.15,19.19,18.42,17.82,19.27,18.24,20.88,2.73,0.0,0.266,0.686,0.459,0.0,0.922,0.0,0.159,0.049,1.0,0.436,0.246,0.267,0.0,0.17,0.253,0.21,0.098,0.425,0.198,0.562
2020-01-05 18:00:00,17.95,19.58,18.72,18.49,18.84,17.46,17.84,17.98,20.1,20.03,18.1,18.34,18.68,17.14,19.19,18.37,17.9,19.36,18.3,20.89,2.68,0.0,0.283,0.728,0.502,0.0,0.978,0.0,0.215,0.109,1.0,0.434,0.25,0.278,0.0,0.175,0.253,0.092,0.039,0.416,0.18,0.56
2020-01-05 18:15:00,17.96,19.6,18.85,18.46,19.01,17.51,17.87,18.03,20.13,20.04,18.1,18.35,18.55,17.15,19.19,18.27,17.69,19.22,18.21,20.89,2.64,0.0,0.275,0.711,0.489,0.0,1.0,0.0,0.178,0.112,1.0,0.433,0.251,0.279,0.0,0.178,0.253,0.114,0.0,0.368,0.151,0.557
2020-01-05 18:30:00,17.95,19.58,18.78,18.44,18.97,17.5,17.85,18.01,20.12,20.04,18.1,18.35,18.51,17.15,19.19,18.21,17.7,19.23,18.2,20.9,2.59,0.0,0.272,0.7,0.424,0.0,0.943,0.0,0.165,0.086,1.0,0.432,0.251,0.277,0.0,0.177,0.253,0.163,0.106,0.44,0.193,0.554
2020-01-05 18:45:00,17.95,19.61,18.81,18.35,19.1,17.56,17.91,18.04,20.15,20.04,18.09,18.35,18.36,17.15,19.19,18.08,17.6,19.17,18.13,20.9,2.55,0.0,0.277,0.708,0.461,0.0,0.967,0.0,0.175,0.095,1.0,0.431,0.251,0.276,0.0,0.176,0.254,0.193,0.102,0.433,0.201,0.551
2020-01-05 19:00:00,17.94,19.54,18.65,18.41,18.99,17.4,17.79,17.97,20.07,20.04,18.1,18.36,18.58,17.16,19.19,18.45,17.81,19.25,18.29,20.91,2.51,0.0,0.273,0.694,0.443,0.0,0.9,0.0,0.147,0.079,1.0,0.429,0.256,0.277,0.068,0.176,0.254,0.26,0.151,0.467,0.235,0.549
2020-01-05 19:15:00,17.94,19.15,18.62,18.26,19.02,17.41,17.81,17.93,19.38,20.05,18.45,18.38,18.63,17.43,19.19,18.43,17.81,19.28,18.32,20.89,2.46,0.0,0.278,0.228,0.526,0.0,0.953,1.0,0.204,0.116,0.0,0.428,0.95,0.27,0.0,1.0,0.254,0.075,0.045,0.423,0.154,0.0
2020-01-05 19:30:00,17.93,19.21,18.6,18.27,18.9,17.69,17.78,17.87,19.48,20.05,18.84,18.39,18.73,17.93,19.19,18.51,17.93,19.31,18.34,20.86,2.42,0.0,0.28,0.426,0.542,0.0,0.938,1.0,0.197,0.133,0.309,0.427,0.777,0.262,0.0,1.0,0.254,0.085,0.044,0.408,0.139,0.0
2020-01-05 19:45:00,17.95,19.26,18.69,18.28,19.03,17.8,17.87,17.94,19.53,20.05,19.06,18.4,18.51,18.4,19.19,18.22,17.66,19.26,18.23,20.81,2.38,0.0,0.286,0.397,0.548,0.0,1.0,1.0,0.208,0.167,0.258,0.426,0.578,0.256,0.0,1.0,0.254,0.044,0.0,0.394,0.131,0.0
2020-01-05 20:00:00,17.92,19.18,18.63,18.24,18.95,17.8,17.8,17.9,19.42,20.05,19.11,18.37,18.44,18.72,19.19,18.14,17.71,19.24,18.18,20.76,2.34,0.0,0.274,0.37,0.504,0.0,0.933,1.0,0.164,0.13,0.234,0.425,0.472,0.251,0.0,0.798,0.255,0.191,0.118,0.418,0.185,0.0
2020-01-05 20:15:00,17.93,19.19,18.68,18.33,18.97,17.87,17.85,17.93,19.43,20.01,19.11,18.33,18.45,18.88,19.19,18.21,17.71,19.23,18.19,20.71,2.29,0.0,0.289,0.41,0.533,0.879,0.976,1.0,0.202,0.148,0.289,0.0,0.444,0.267,0.031,0.64,0.255,0.23,0.097,0.431,0.211,0.0
2020-01-05 20:30:00,17.97,19.25,18.83,18.54,18.97,18.01,17.92,18.05,19.48,19.97,19.11,18.32,18.45,18.95,19.19,18.23,17.73,19.24,18.2,20.66,2.25,0.0,0.284,0.403,0.511,0.834,0.964,1.0,0.173,0.133,0.286,0.0,0.444,0.283,0.023,0.558,0.255,0.194,0.095,0.435,0.207,0.0
2020-01-05 20:45:00,17.95,19.21,18.81,18.54,18.97,18.04,17.89,18.05,19.43,19.93,19.11,18.31,18.44,18.99,19.19,18.23,17.73,19.23,18.2,20.62,2.21,0.0,0.267,0.376,0.437,0.728,0.964,0.996,0.139,0.074,0.26,0.017,0.446,0.292,0.026,0.524,0.255,0.185,0.086,0.432,0.201,0.0
2020-01-05 21:00:00,17.94,19.18,18.78,18.53,19.1,18.05,17.88,18.02,19.38,19.91,19.13,18.31,18.3,19.01,19.19,18.08,17.61,19.16,18.13,20.57,2.16,0.0,0.277,0.396,0.446,0.732,0.967,0.979,0.156,0.075,0.283,0.034,0.445,0.295,0.03,0.507,0.255,0.185,0.084,0.433,0.201,0.0
2020-01-05 21:15:00,18.71,19.21,18.85,18.6,18.96,18.13,17.93,18.07,19.41,19.89,19.14,18.32,18.54,19.04,19.19,18.48,17.81,19.25,18.5,20.54,2.11,0.0,1.0,0.41,0.462,0.733,0.899,0.976,0.161,0.091,0.31,0.045,0.437,0.293,0.1,0.494,0.255,0.959,0.143,0.469,0.936,0.0
2020-01-05 21:30:00,18.85,19.22,18.91,18.67,18.9,18.2,17.95,18.13,19.42,19.88,19.15,18.32,18.69,19.07,19.19,18.66,17.98,19.38,18.79,20.5,2.06,0.0,0.644,0.397,0.424,0.699,0.968,0.937,0.134,0.064,0.295,0.053,0.429,0.291,0.0,0.481,0.255,0.758,0.044,0.427,0.751,0.0
2020-01-05 21:45:00,18.73,19.19,18.89,18.68,19.13,18.2,17.92,18.11,19.38,19.86,19.16,18.31,18.49,19.09,19.19,18.5,17.72,19.32,18.85,20.46,2.0,0.0,0.573,0.39,0.394,0.666,0.998,0.901,0.127,0.037,0.289,0.062,0.424,0.291,0.0,0.467,0.255,0.672,0.0,0.359,0.607,0.0
2020-01-05 22:00:00,18.79,19.19,18.9,18.7,19.1,18.23,17.94,18.11,19.38,19.84,19.17,18.32,18.44,19.12,19.19,18.5,17.77,19.33,18.91,20.42,1.96,0.0,0.636,0.404,0.406,0.661,0.886,0.899,0.139,0.046,0.308,0.071,0.419,0.293,0.004,0.455,0.255,0.751,0.088,0.392,0.577,0.0
2020-01-05 22:15:00,18.82,19.2,18.93,18.74,19.02,18.27,17.95,18.14,19.38,19.82,19.18,18.59,18.38,19.14,19.19,18.48,17.73,19.29,18.93,20.39,1.92,0.0,0.606,0.404,0.4,0.65,0.449,0.886,0.131,0.044,0.312,0.08,0.413,0.84,0.03,0.442,0.255,0.752,0.067,0.386,0.544,0.0
2020-01-05 22:30:00,18.81,19.19,18.94,18.76,18.99,18.3,17.95,18.15,19.37,19.8,19.19,18.92,18.35,19.16,19.19,18.49,17.73,19.27,18.95,20.35,1.88,0.0,0.589,0.402,0.386,0.632,0.49,0.866,0.126,0.032,0.311,0.089,0.408,0.703,0.062,0.43,0.255,0.758,0.084,0.406,0.537,0.0
2020-01-05 22:45:00,18.86,19.19,18.95,18.78,19.09,18.32,17.95,18.15,19.36,19.79,19.2,19.06,18.21,19.18,19.19,18.42,17.65,19.22,18.95,20.32,1.83,0.0,0.594,0.403,0.378,0.619,0.505,0.851,0.124,0.026,0.315,0.098,0.403,0.541,0.077,0.421,0.255,0.754,0.087,0.417,0.527,0.0
2020-01-05 23:00:00,18.88,19.19,18.96,18.79,18.95,18.34,17.96,18.16,19.36,19.77,19.2,19.09,18.49,19.18,19.19,18.59,17.79,19.27,19.0,20.29,1.76,0.0,0.571,0.404,0.377,0.609,0.457,0.842,0.124,0.025,0.318,0.107,0.399,0.469,0.144,0.412,0.255,0.79,0.127,0.44,0.523,0.0
2020-01-05 23:15:00,18.9,19.19,19.0,18.86,18.91,18.38,18.37,18.35,19.36,19.76,19.2,19.08,18.58,19.19,19.19,18.66,18.08,19.35,19.04,20.25,1.69,0.0,0.561,0.407,0.369,0.607,0.524,0.83,1.0,0.92,0.321,0.114,0.4,0.457,0.006,0.409,0.254,0.704,1.0,0.415,0.501,0.0
2020-01-05 23:30:00,18.93,19.21,19.04,18.98,19.23,18.44,18.53,18.7,19.4,19.74,19.2,19.08,18.22,19.19,19.19,18.44,18.1,19.26,19.01,20.22,1.62,0.0,0.55,0.406,0.35,0.57,0.544,0.81,0.815,0.825,0.318,0.122,0.401,0.46,0.0,0.406,0.254,0.668,0.962,0.373,0.479,0.0
2020-01-05 23:45:00,18.95,19.21,19.07,18.99,19.03,18.48,18.55,18.66,19.4,19.73,19.2,19.08,18.68,19.19,19.19,18.74,18.44,19.35,19.08,20.19,1.55,0.0,0.533,0.395,0.329,0.509,0.386,0.781,0.737,0.649,0.302,0.128,0.402,0.461,0.14,0.404,0.254,0.78,0.951,0.422,0.494,0.0
2020-01-06 00:00:00,18.96,19.17,19.04,18.99,19.16,18.47,18.58,18.68,19.36,19.72,19.18,19.07,18.4,19.19,19.19,18.57,18.43,19.37,19.07,20.16,1.51,0.0,0.524,0.397,0.316,0.503,0.484,0.759,0.724,0.669,0.302,0.135,0.402,0.458,0.0,0.403,0.254,0.631,0.78,0.376,0.462,0.0
2020-01-06 00:15:00,18.96,19.17,19.1,19.0,19.28,18.48,18.62,18.73,19.35,19.71,19.17,19.06,18.36,19.18,19.23,18.45,18.41,19.28,19.04,20.13,1.47,0.0,0.519,0.413,0.482,0.505,0.422,0.763,0.709,0.658,0.32,0.141,0.408,0.463,0.798,0.406,0.404,0.717,0.784,0.317,0.463,0.0
2020-01-06 00:30:00,18.96,19.15,19.09,19.01,19.12,18.49,18.66,18.77,19.35,19.69,19.17,19.06,18.79,19.17,19.27,18.67,18.59,19.31,19.07,20.1,1.43,0.0,0.519,0.417,0.451,0.499,0.359,0.76,0.69,0.636,0.323,0.147,0.413,0.468,0.818,0.412,0.386,0.776,0.797,0.362,0.482,0.0
2020-01-06 00:45:00,18.97,19.13,19.09,19.02,19.11,18.49,18.69,18.8,19.33,19.68,19.16,19.05,18.89,19.16,19.3,18.7,18.67,19.39,19.11,20.08,1.39,0.0,0.518,0.424,0.453,0.493,0.439,0.757,0.672,0.616,0.327,0.153,0.417,0.472,0.605,0.415,0.364,0.666,0.706,0.345,0.465,0.0
2020-01-06 01:00:00,18.97,19.13,19.09,19.03,19.34,18.49,18.72,18.84,19.32,19.67,19.16,19.06,18.71,19.17,19.33,18.41,18.51,19.29,19.05,20.05,1.33,0.0,0.517,0.433,0.457,0.492,0.447,0.756,0.657,0.599,0.336,0.158,0.42,0.475,0.554,0.418,0.349,0.652,0.664,0.305,0.447,0.0
2020-01-06 01:15:00,18.96,19.12,19.1,19.04,19.16,18.51,18.75,18.89,19.32,19.66,19.14,19.06,18.89,19.17,19.34,18.66,18.68,19.31,19.08,20.02,1.26,0.0,0.514,0.436,0.455,0.487,0.328,0.753,0.64,0.579,0.338,0.163,0.418,0.471,0.643,0.416,0.337,0.794,0.745,0.356,0.474,0.0
2020-01-06 01:30:00,18.97,19.11,19.1,19.05,19.13,18.52,18.78,18.93,19.31,19.66,19.14,19.07,19.0,19.18,19.36,18.73,18.75,19.38,19.11,19.99,1.19,0.0,0.518,0.439,0.448,0.48,0.418,0.745,0.623,0.556,0.341,0.168,0.43,0.468,0.556,0.413,0.329,0.668,0.658,0.344,0.459,0.0
2020-01-06 01:45:00,18.97,19.1,19.11,19.05,19.36,18.52,18.8,18.95,19.3,19.65,19.14,19.07,18.83,19.18,19.37,18.41,18.59,19.3,19.06,19.97,1.12,0.0,0.513,0.444,0.448,0.476,0.433,0.742,0.608,0.536,0.345,0.172,0.431,0.467,0.502,0.411,0.322,0.635,0.625,0.311,0.443,0.003
2020-01-06 02:00:00,18.98,19.1,19.11,19.06,19.2,18.53,18.82,18.97,19.3,19.64,19.15,19.07,18.96,19.19,19.38,18.66,18.76,19.32,19.1,19.94,1.05,0.0,0.513,0.448,0.447,0.473,0.318,0.739,0.599,0.524,0.348,0.177,0.429,0.467,0.583,0.41,0.317,0.794,0.703,0.351,0.468,0.016
2020-01-06 02:15:00,18.98,19.1,19.12,19.07,19.15,18.54,18.84,19.0,19.3,19.63,19.15,19.08,19.06,19.19,19.38,18.7,18.81,19.38,19.13,19.92,0.98,0.0,0.51,0.448,0.443,0.469,0.401,0.735,0.588,0.513,0.349,0.181,0.426,0.464,0.52,0.407,0.312,0.67,0.62,0.342,0.452,0.028
2020-01-06 02:30:00,18.99,19.09,19.12,19.08,19.37,18.54,18.86,19.02,19.29,19.62,19.16,19.08,18.89,19.2,19.39,18.44,18.65,19.28,19.07,19.9,0.91,0.0,0.508,0.45,0.441,0.465,0.425,0.731,0.579,0.5,0.351,0.185,0.423,0.461,0.469,0.404,0.308,0.651,0.594,0.31,0.437,0.04
2020-01-06 02:45:00,18.99,19.09,19.13,19.08,19.13,18.55,18.87,19.04,19.29,19.62,19.16,19.09,19.09,19.2,19.4,18.77,18.87,19.35,19.13,19.88,0.83,0.0,0.506,0.453,0.439,0.462,0.317,0.728,0.571,0.489,0.353,0.189,0.422,0.459,0.553,0.402,0.304,0.778,0.674,0.358,0.466,0.051
2020-01-06 03:00:00,19.0,19.09,19.13,19.09,19.29,18.56,18.89,19.06,19.29,19.61,19.16,19.09,19.01,19.2,19.4,18.53,18.76,19.33,19.11,19.86,0.78,0.0,0.504,0.454,0.436,0.458,0.435,0.725,0.563,0.479,0.354,0.192,0.421,0.457,0.456,0.4,0.301,0.613,0.565,0.323,0.436,0.061
2020-01-06 03:15:00,19.0,19.09,19.12,19.05,19.33,18.27,18.89,19.07,19.28,19.6,19.16,19.05,18.94,19.21,19.41,18.42,18.73,19.3,19.08,19.84,0.73,0.0,0.501,0.454,0.433,0.455,0.357,0.0,0.555,0.469,0.355,0.196,0.42,0.355,0.495,0.398,0.298,0.0,0.62,0.334,0.447,0.071
2020-01-06 03:30:00,19.0,19.08,19.1,19.02,19.22,18.24,18.89,19.08,19.26,19.59,19.17,18.99,19.04,19.21,19.41,18.44,18.82,19.32,19.11,19.82,0.67,0.0,0.5,0.457,0.442,0.475,0.335,0.0,0.554,0.463,0.361,0.199,0.418,0.376,0.53,0.396,0.296,0.0,0.633,0.349,0.458,0.08
2020-01-06 03:45:00,19.0,19.09,19.11,19.02,19.09,18.22,18.9,19.09,19.27,19.59,19.17,18.97,19.09,19.22,19.42,18.48,18.88,19.32,19.12,19.81,0.62,0.0,0.501,0.458,0.448,0.491,0.39,0.0,0.554,0.462,0.369,0.203,0.417,0.404,0.481,0.394,0.293,0.0,0.59,0.342,0.446,0.088
2020-01-06 04:00:00,19.01,19.08,19.1,19.03,19.2,18.2,18.91,19.1,19.26,19.58,19.17,18.97,19.0,19.22,19.42,18.24,18.78,19.27,19.08,19.8,0.6,0.0,0.498,0.457,0.446,0.488,0.457,0.0,0.548,0.455,0.366,0.205,0.415,0.414,0.454,0.392,0.291,0.0,0.558,0.338,0.439,0.095
2020-01-06 04:15:00,19.01,19.08,19.09,18.99,19.25,18.17,18.92,19.1,18.69,19.58,19.18,18.98,18.95,19.23,19.42,18.16,18.75,19.27,19.08,19.78,0.58,0.0,0.495,0.458,0.448,0.486,0.398,0.0,0.543,0.45,0.0,0.208,0.413,0.414,0.502,0.389,0.29,0.0,0.611,0.417,0.458,0.102
2020-01-06 04:30:00,19.02,19.07,19.06,18.94,19.16,18.12,18.92,19.08,18.53,19.57,19.18,18.98,19.03,19.23,19.43,18.25,18.85,19.3,19.1,19.77,0.55,0.0,0.493,0.459,0.453,0.504,0.374,0.0,0.54,0.448,0.0,0.211,0.411,0.411,0.527,0.387,0.288,0.018,0.623,0.417,0.46,0.109
2020-01-06 04:45:00,19.02,19.07,19.05,18.93,19.07,18.08,18.93,19.09,18.45,19.57,19.18,18.98,19.08,19.23,19.43,18.33,18.89,19.33,19.12,19.76,0.53,0.0,0.492,0.465,0.47,0.532,0.422,0.0,0.542,0.458,0.0,0.214,0.409,0.409,0.487,0.385,0.287,0.0,0.574,0.398,0.448,0.116
2020-01-06 05:00:00,19.02,19.07,19.05,18.91,19.24,18.05,18.93,19.09,18.38,19.56,19.19,18.98,18.96,19.24,19.43,18.03,18.77,19.26,19.08,19.75,0.5,0.0,0.49,0.465,0.475,0.536,0.464,0.0,0.536,0.457,0.0,0.217,0.408,0.408,0.459,0.383,0.285,0.0,0.556,0.383,0.439,0.121
2020-01-06 05:15:00,19.02,19.48,19.16,18.95,19.04,18.04,18.94,19.1,18.33,19.62,19.42,18.98,19.09,19.24,19.43,18.28,18.92,19.33,19.12,19.74,0.46,0.0,0.489,1.0,1.0,0.543,0.379,0.0,0.533,0.455,0.0,0.869,1.0,0.409,0.522,0.381,0.284,0.085,0.616,0.418,0.46,0.127
2020-01-06 05:30:00,19.03,19.62,19.2,19.0,19.22,18.05,18.96,19.13,18.3,19.7,19.75,18.98,18.95,19.24,19.43,17.98,18.79,19.25,19.08,19.73,0.43,0.0,0.488,1.0,1.0,0.526,0.482,0.0,0.528,0.45,0.0,0.841,1.0,0.409,0.457,0.38,0.283,0.0,0.54,0.385,0.44,0.132
2020-01-06 05:45:00,19.03,19.63,19.23,18.99,19.03,18.05,18.97,19.14,18.27,19.75,19.99,18.98,19.09,19.24,19.44,18.25,18.92,19.33,19.12,19.72,0.39,0.0,0.486,1.0,1.0,0.501,0.39,0.0,0.522,0.434,0.0,0.801,1.0,0.409,0.524,0.379,0.283,0.111,0.607,0.425,0.462,0.137
2020-01-06 06:00:00,19.03,19.65,19.21,18.98,19.21,18.0,18.96,19.13,18.2,19.77,20.17,18.98,18.96,19.24,19.44,17.97,18.8,19.26,19.08,19.71,0.37,0.0,0.485,1.0,1.0,0.505,0.484,0.0,0.517,0.43,0.0,0.777,1.0,0.408,0.455,0.378,0.282,0.0,0.539,0.385,0.438,0.142
2020-01-06 06:15:00,18.26,19.7,19.28,19.04,19.1,18.04,18.98,19.16,18.19,19.79,20.31,18.97,19.03,19.24,19.44,18.13,18.88,19.29,19.1,19.7,0.34,0.0,0.0,1.0,1.0,1.0,0.394,0.0,0.519,0.435,0.0,0.764,1.0,0.411,0.52,0.378,0.281,0.116,0.601,0.422,0.46,0.146
2020-01-06 06:30:00,18.07,19.73,19.27,19.02,19.12,18.01,18.98,19.15,18.14,19.82,20.44,18.97,19.03,19.24,19.44,18.12,18.85,19.32,19.1,19.69,0.32,0.0,0.0,1.0,1.0,1.0,0.451,0.0,0.508,0.418,0.0,0.754,1.0,0.414,0.485,0.379,0.28,0.037,0.559,0.403,0.449,0.15
2020-01-06 06:45:00,17.97,19.75,19.29,19.01,19.12,17.99,18.98,19.16,18.1,19.84,20.54,18.96,19.04,19.24,19.44,18.11,18.88,19.31,19.11,19.68,0.29,0.0,0.0,1.0,1.0,1.0,0.438,0.0,0.512,0.423,0.0,0.742,0.982,0.416,0.487,0.38,0.28,0.039,0.573,0.392,0.449,0.155
2020-01-06 07:00:00,17.9,19.77,19.31,18.99,19.12,17.97,18.98,19.15,18.06,19.87,20.61,18.97,19.04,19.24,19.44,18.09,18.88,19.31,19.11,19.68,0.27,0.0,0.0,1.0,1.0,1.0,0.438,0.0,0.51,0.422,0.0,0.729,0.93,0.418,0.481,0.381,0.279,0.047,0.56,0.394,0.446,0.159
2020-01-06 07:15:00,17.83,19.79,19.27,18.99,19.11,17.95,18.99,19.13,18.02,19.89,20.66,18.97,19.03,19.33,19.44,18.08,18.88,19.3,19.1,19.67,0.24,0.0,0.0,1.0,1.0,1.0,0.441,0.0,0.508,0.425,0.0,0.717,0.894,0.416,0.482,0.629,0.279,0.055,0.562,0.397,0.447,0.162
2020-01-06 07:30:00,17.76,19.81,19.25,18.98,19.11,17.92,18.98,19.13,17.98,19.92,20.71,18.97,19.04,19.45,19.44,18.07,18.88,19.3,19.1,19.66,0.22,0.0,0.0,1.0,1.0,1.0,0.443,0.0,0.507,0.434,0.0,0.705,0.868,0.415,0.483,0.587,0.279,0.062,0.561,0.4,0.448,0.166
2020-01-06 07:45:00,17.67,19.82,19.24,18.97,19.11,17.9,18.98,19.12,17.94,19.94,20.74,18.97,19.04,19.53,19.44,18.06,18.88,19.3,19.1,19.65,0.19,0.0,0.0,1.0,1.0,1.0,0.444,0.0,0.508,0.436,0.0,0.692,0.847,0.415,0.482,0.525,0.278,0.066,0.56,0.402,0.448,0.17
2020-01-06 08:00:00,17.57,19.79,19.15,19.03,19.04,17.78,18.96,19.08,17.87,19.96,20.77,18.98,19.09,19.57,19.44,18.15,18.92,19.32,19.12,19.65,0.23,0.0,0.0,1.0,1.0,1.0,0.444,0.001,0.508,0.44,0.0,0.681,0.83,0.415,0.482,0.484,0.278,0.07,0.559,0.402,0.448,0.173
2020-01-06 08:15:00,17.53,19.91,19.33,18.88,19.29,18.02,19.24,18.86,17.95,19.97,20.81,18.99,18.95,19.6,19.37,17.95,18.76,19.29,18.94,19.64,0.26,4.9,0.0,1.0,1.0,1.0,1.0,0.062,1.0,0.0,0.0,0.672,0.813,0.411,0.0,0.464,0.0,0.025,0.242,0.39,0.0,0.0
2020-01-06 08:30:00,17.4,19.84,19.15,19.03,19.09,17.75,19.19,18.78,17.83,19.99,20.86,19.19,19.1,19.71,19.27,18.25,18.91,19.4,18.8,19.62,0.3,57.6,0.0,0.993,1.0,1.0,0.905,0.0,1.0,0.018,0.0,0.663,0.793,0.405,0.0,0.45,0.0,0.126,0.32,0.407,0.0,0.0
2020-01-06 08:45:00,17.46,19.95,19.31,19.0,19.21,17.97,19.34,18.84,17.91,20.01,20.9,19.42,18.97,19.87,19.18,18.02,18.77,19.32,18.63,19.59,0.33,110.2,0.048,1.0,1.0,1.0,1.0,0.077,1.0,0.062,0.0,0.654,0.77,0.307,0.0,0.394,0.0,0.0,0.247,0.351,0.0,0.0
2020-01-06 09:00:00,17.44,20.06,19.52,19.07,19.28,18.08,19.45,18.89,17.99,20.03,20.97,19.66,18.88,20.05,19.1,17.92,18.7,19.28,18.46,19.57,0.56,162.9,0.021,0.974,1.0,1.0,0.947,0.0,1.0,0.028,0.0,0.646,0.749,0.192,0.0,0.317,0.0,0.088,0.317,0.39,0.0,0.0
2020-01-06 09:15:00,17.45,20.21,19.51,19.25,19.15,18.06,19.49,18.9,18.01,20.04,21.03,19.91,18.99,20.24,19.01,18.03,18.87,19.31,18.47,19.54,0.79,215.5,0.03,0.92,0.99,1.0,0.909,0.0,1.0,0.006,0.0,0.637,0.716,0.071,0.0,0.226,0.0,0.138,0.349,0.409,0.021,0.0
2020-01-06 09:30:00,17.49,20.46,19.77,19.41,19.05,18.15,19.61,18.96,18.09,20.06,21.1,20.08,19.1,20.39,18.94,18.22,18.91,19.34,18.47,19.52,1.02,242.2,0.024,0.844,0.994,1.0,0.977,0.0,1.0,0.0,0.0,0.629,0.683,0.0,0.0,0.128,0.0,0.083,0.263,0.396,0.014,0.0
2020-01-06 09:45:00,17.52,20.73,19.93,19.49,19.23,18.32,19.75,19.05,18.2,20.07,21.15,20.23,19.06,20.49,18.86,18.04,18.84,19.36,18.41,19.49,1.24,268.8,0.005,0.72,0.863,0.947,1.0,0.0,1.0,0.0,0.0,0.622,0.652,0.0,0.0,0.055,0.0,0.0,0.246,0.382,0.016,0.0
2020-01-06 10:00:00,17.51,20.81,19.96,19.56,19.22,18.36,19.82,19.06,18.23,20.08,21.18,20.4,19.14,20.56,18.78,18.19,18.84,19.44,18.39,19.47,1.46,295.5,0.0,0.587,0.784,0.904,0.934,0.0,1.0,0.0,0.0,0.616,0.624,0.0,0.0,0.005,0.0,0.078,0.278,0.371,0.046,0.0
2020-01-06 10:15:00,17.52,20.92,20.04,19.61,19.26,18.39,19.89,19.08,18.27,20.1,21.22,20.56,19.23,20.58,18.7,18.24,18.87,19.44,18.4,19.44,1.69,322.2,0.0,0.543,0.768,0.869,0.938,0.0,1.0,0.0,0.0,0.608,0.609,0.0,0.0,0.0,0.0,0.005,0.28,0.329,0.054,0.0
2020-01-06 10:30:00,17.55,21.0,20.21,19.6,19.39,18.49,20.0,19.14,18.34,20.11,21.25,20.67,19.26,20.54,18.64,18.14,18.89,19.42,18.38,19.42,1.91,340.7,0.0,0.492,0.729,0.843,0.919,0.0,1.0,0.0,0.0,0.602,0.589,0.0,0.0,0.0,0.0,0.0,0.264,0.329,0.051,0.0
2020-01-06 10:45:00,17.52,20.98,20.13,19.73,19.19,18.39,19.98,19.06,18.29,20.12,21.29,20.78,19.47,20.46,18.56,18.45,19.08,19.52,18.54,19.4,2.13,359.2,0.0,0.449,0.643,0.851,0.857,0.0,1.0,0.0,0.0,0.596,0.573,0.0,0.0,0.0,0.0,0.028,0.254,0.34,0.06,0.0
2020-01-06 11:00:00,17.55,21.08,20.36,19.68,19.38,18.46,20.08,19.13,18.37,20.13,21.32,20.85,19.49,20.35,18.5,18.3,18.98,19.48,18.46,19.37,2.34,377.6,0.0,0.462,0.684,0.785,0.954,0.0,1.0,0.0,0.0,0.59,0.555,0.0,0.0,0.02,0.0,0.0,0.16,0.292,0.0,0.0
2020-01-06 11:15:00,17.57,21.09,20.36,19.67,19.4,18.44,20.1,19.18,18.4,20.14,21.35,20.9,19.61,20.26,18.43,18.42,18.98,19.52,18.46,19.35,2.56,396.1,0.0,0.412,0.569,0.812,0.862,0.0,1.0,0.0,0.0,0.585,0.541,0.0,0.0,0.073,0.0,0.0,0.208,0.308,0.022,0.0
2020-01-06 11:30:00,17.58,21.1,20.54,19.6,19.49,18.58,20.2,19.19,18.44,20.15,21.37,20.88,19.64,20.2,18.36,18.48,18.98,19.54,18.46,19.33,2.77,386.6,0.0,0.405,0.57,0.814,0.85,0.0,1.0,0.0,0.0,0.58,0.525,0.0,0.0,0.122,0.0,0.0,0.209,0.29,0.018,0.0
2020-01-06 11:45:00,17.56,21.01,20.29,19.69,19.46,18.42,20.14,19.14,18.4,20.16,21.39,20.78,19.77,20.16,18.29,18.58,19.09,19.57,18.49,19.31,2.99,377.0,0.0,0.399,0.478,0.85,0.807,0.0,1.0,0.0,0.0,0.575,0.513,0.0,0.0,0.151,0.0,0.0,0.209,0.279,0.018,0.0
2020-01-06 12:00:00,17.53,20.96,20.42,19.75,19.4,18.38,20.16,19.09,18.37,20.17,21.4,20.65,19.88,20.13,18.23,18.91,19.12,19.6,18.53,19.29,3.11,367.5,0.0,0.444,0.604,0.805,0.818,0.0,1.0,0.0,0.0,0.571,0.503,0.0,0.0,0.171,0.0,0.0,0.156,0.267,0.003,0.0
2020-01-06 12:15:00,17.58,21.03,20.72,19.62,19.64,18.62,20.32,19.19,18.48,20.18,21.41,20.47,19.8,20.09,18.17,18.77,19.0,19.63,18.48,19.27,3.24,358.0,0.0,0.468,0.539,0.774,0.85,0.0,1.0,0.0,0.0,0.566,0.498,0.0,0.0,0.186,0.0,0.0,0.138,0.251,0.0,0.0
2020-01-06 12:30:00,17.54,20.88,20.22,19.68,19.58,18.44,20.22,19.09,18.4,20.18,21.42,20.29,20.01,20.06,18.1,19.19,19.12,19.71,18.53,19.24,3.37,346.2,0.0,0.435,0.392,0.84,0.731,0.0,1.0,0.0,0.0,0.562,0.493,0.0,0.0,0.203,0.0,0.0,0.198,0.235,0.011,0.0
2020-01-06 12:45:00,17.5,20.84,20.17,19.71,19.55,18.57,20.22,19.01,18.36,20.19,21.44,20.06,20.18,20.03,18.04,19.4,19.16,19.84,18.61,19.22,3.49,334.5,0.0,0.509,0.64,0.811,0.76,0.0,1.0,0.0,0.0,0.558,0.488,0.0,0.0,0.22,0.0,0.0,0.139,0.197,0.0,0.0
2020-01-06 13:00:00,17.58,20.92,20.47,19.57,19.81,19.03,20.42,19.22,18.51,20.2,21.45,19.85,19.93,20.0,17.97,19.36,18.97,19.83,18.46,19.2,3.6,322.7,0.001,0.529,0.666,0.793,0.775,0.0,1.0,0.0,0.0,0.554,0.482,0.0,0.0,0.237,0.0,0.0,0.118,0.128,0.0,0.0
2020-01-06 13:15:00,17.54,20.76,20.17,19.75,19.71,18.99,20.3,19.3,18.44,20.21,21.44,19.67,20.15,19.99,17.91,19.59,19.19,19.93,18.59,19.18,3.7,311.0,0.0,0.491,0.513,0.867,0.646,0.0,0.992,0.0,0.0,0.55,0.476,0.0,0.0,0.248,0.0,0.0,0.217,0.137,0.018,0.0
2020-01-06 13:30:00,17.5,20.75,20.13,19.83,19.65,19.01,20.29,19.3,18.39,20.21,21.43,19.5,20.32,19.98,17.85,19.78,19.23,20.07,18.67,19.16,3.8,312.5,0.0,0.571,0.663,0.776,0.697,0.0,1.0,0.0,0.0,0.547,0.481,0.067,0.0,0.255,0.0,0.0,0.105,0.083,0.0,0.0
2020-01-06 13:45:00,17.58,20.87,20.37,19.6,19.9,19.5,20.54,19.54,18.57,20.22,21.43,19.42,20.03,19.97,17.79,19.71,18.98,19.95,18.49,19.14,3.9,314.0,0.001,0.576,0.684,0.734,0.724,0.0,1.0,0.0,0.0,0.543,0.483,0.149,0.0,0.261,0.0,0.0,0.086,0.014,0.0,0.0
2020-01-06 14:00:00,17.49,20.65,20.05,19.88,19.66,19.37,20.34,19.47,18.41,20.23,21.43,19.4,20.3,19.96,17.73,19.96,19.32,20.12,18.69,19.12,3.93,315.5,0.0,0.515,0.566,0.849,0.6,0.0,0.93,0.0,0.0,0.54,0.485,0.19,0.0,0.266,0.005,0.0,0.211,0.074,0.004,0.0
2020-01-06 14:15:00,17.56,20.85,20.35,19.65,19.94,19.68,20.63,19.64,18.63,20.23,21.42,19.39,19.98,19.95,17.68,19.89,19.03,20.02,18.53,19.1,3.95,317.0,0.005,0.623,0.725,0.71,0.721,0.0,1.0,0.0,0.0,0.537,0.487,0.201,0.0,0.271,0.034,0.0,0.038,0.0,0.0,0.0
2020-01-06 14:30:00,17.48,20.64,20.07,19.89,19.69,19.6,20.44,19.58,18.48,20.24,21.41,19.38,20.12,19.94,17.65,20.11,19.35,20.18,18.73,19.08,3.98,304.4,0.0,0.525,0.573,0.825,0.581,0.0,0.883,0.0,0.0,0.534,0.491,0.204,0.0,0.276,0.058,0.0,0.185,0.042,0.0,0.0
2020-01-06 14:45:00,17.54,20.81,20.35,19.69,19.95,19.79,20.69,19.7,18.69,20.24,21.39,19.36,19.85,19.93,17.62,19.99,19.08,20.05,18.57,19.06,4.0,291.7,0.012,0.63,0.717,0.705,0.707,0.0,0.98,0.0,0.0,0.531,0.496,0.211,0.0,0.281,0.075,0.0,0.024,0.0,0.0,0.0
2020-01-06 15:00:00,17.45,20.63,20.08,19.9,19.72,19.76,20.55,19.66,18.6,20.25,21.39,19.34,19.96,19.92,17.61,20.21,19.42,20.22,18.8,19.04,3.94,279.1,0.0,0.547,0.573,0.805,0.577,0.0,0.854,0.0,0.0,0.528,0.503,0.222,0.0,0.286,0.088,0.0,0.158,0.024,0.0,0.0
2020-01-06 15:15:00,17.54,20.77,20.37,19.74,19.99,19.91,20.79,19.76,18.79,20.25,21.39,19.33,19.77,19.92,17.59,20.1,19.2,20.11,18.69,19.02,3.87,266.5,0.023,0.633,0.711,0.702,0.688,0.0,0.926,0.0,0.0,0.526,0.503,0.228,0.0,0.288,0.097,0.0,0.0,0.0,0.0,0.0
2020-01-06 15:30:00,17.43,20.62,20.09,19.9,19.75,19.74,20.61,19.68,18.69,20.26,21.38,19.31,19.86,19.91,17.58,20.22,19.44,20.22,18.87,19.0,3.81,201.6,0.0,0.563,0.567,0.78,0.557,0.0,0.804,0.0,0.0,0.523,0.505,0.234,0.0,0.29,0.105,0.0,0.098,0.0,0.0,0.0
2020-01-06 15:45:00,17.49,20.72,20.36,19.71,19.95,19.66,20.75,19.65,18.76,20.26,21.37,19.29,19.65,19.9,17.56,19.89,19.14,20.02,18.67,18.98,3.75,136.7,0.035,0.638,0.706,0.699,0.676,0.0,0.896,0.0,0.0,0.521,0.51,0.243,0.0,0.293,0.112,0.0,0.0,0.0,0.0,0.0
2020-01-06 16:00:00,17.34,20.55,19.98,19.81,19.64,19.37,20.46,19.45,18.49,20.27,21.35,19.27,19.71,19.89,17.55,19.87,19.25,20.03,18.75,18.96,3.57,71.9,0.007,0.589,0.569,0.796,0.577,0.0,0.827,0.0,0.0,0.519,0.517,0.254,0.0,0.299,0.118,0.0,0.13,0.041,0.0,0.0
2020-01-06 16:15:00,17.43,20.64,20.21,19.56,19.77,19.27,20.59,19.46,18.55,20.27,21.33,19.26,19.45,19.88,17.55,19.48,18.88,19.77,18.45,18.94,3.4,7.0,0.078,0.673,0.761,0.745,0.728,0.0,0.97,0.0,0.0,0.516,0.525,0.263,0.0,0.305,0.123,0.0,0.074,0.037,0.0,0.0
2020-01-06 16:30:00,17.28,20.46,19.87,19.73,19.49,19.02,20.32,19.31,18.34,20.28,21.33,19.26,19.51,19.87,17.54,19.43,19.09,19.77,18.52,18.92,3.23,0.0,0.037,0.628,0.645,0.871,0.665,0.0,0.904,0.0,0.0,0.514,0.533,0.27,0.0,0.312,0.127,0.0,0.26,0.166,0.026,0.0
2020-01-06 16:45:00,17.42,20.62,20.1,19.47,19.64,19.22,20.56,19.39,18.48,20.28,21.33,19.26,19.29,19.87,17.53,19.13,18.8,19.62,18.28,18.9,3.06,0.0,0.112,0.722,0.816,0.783,0.804,0.0,1.0,0.0,0.0,0.512,0.537,0.268,0.0,0.317,0.131,0.0,0.157,0.164,0.0,0.0
2020-01-06 17:00:00,17.23,20.39,19.81,19.71,19.41,18.88,20.3,19.22,18.25,20.28,21.33,19.23,19.38,19.86,17.52,19.2,19.07,19.66,18.41,18.88,2.98,0.0,0.041,0.642,0.698,0.913,0.728,0.0,0.918,0.0,0.0,0.51,0.536,0.27,0.0,0.317,0.135,0.0,0.301,0.242,0.108,0.0
2020-01-06 17:15:00,17.41,20.59,20.04,19.41,19.61,19.19,20.56,19.34,18.42,20.29,21.32,19.22,19.2,19.85,17.52,18.94,18.78,19.56,18.23,18.86,2.91,0.0,0.134,0.754,0.846,0.795,0.846,0.0,1.0,0.0,0.0,0.508,0.537,0.285,0.0,0.322,0.138,0.0,0.165,0.219,0.043,0.0
2020-01-06 17:30:00,17.24,20.42,19.88,19.56,19.45,18.81,20.36,19.21,18.26,20.29,21.31,19.22,19.23,19.85,17.51,18.95,18.99,19.58,18.32,18.84,2.83,0.0,0.045,0.654,0.729,0.946,0.745,0.0,0.918,0.0,0.0,0.506,0.538,0.29,0.0,0.325,0.141,0.0,0.311,0.272,0.136,0.0
2020-01-06 17:45:00,17.28,20.44,19.88,19.49,19.45,18.61,20.32,19.12,18.22,20.29,21.31,19.22,19.18,19.85,17.51,18.86,18.92,19.56,18.29,18.82,2.76,0.0,0.128,0.741,0.812,0.868,0.827,0.0,1.0,0.0,0.0,0.505,0.544,0.29,0.0,0.325,0.144,0.0,0.205,0.261,0.092,0.0
2020-01-06 18:00:00,17.27,20.41,19.83,19.53,19.37,18.54,20.25,19.05,18.16,20.3,21.31,19.21,19.23,19.85,17.5,18.93,18.97,19.56,18.3,18.81,2.68,0.0,0.111,0.729,0.809,0.907,0.827,0.0,1.0,0.0,0.0,0.503,0.544,0.289,0.0,0.325,0.146,0.0,0.242,0.27,0.105,0.0
2020-01-06 18:15:00,17.28,20.45,20.0,19.49,19.43,18.7,20.31,19.04,18.18,20.3,21.3,19.2,19.12,19.84,17.5,18.65,18.84,19.53,18.25,18.79,2.6,0.0,0.113,0.744,0.837,0.887,0.866,0.0,1.0,0.0,0.0,0.501,0.546,0.294,0.0,0.327,0.148,0.0,0.215,0.272,0.099,0.0
2020-01-06 18:30:00,17.28,20.43,19.92,19.47,19.42,18.6,20.3,19.03,18.16,20.3,21.3,19.19,19.09,19.84,17.5,18.65,18.84,19.5,18.23,18.77,2.53,0.0,0.108,0.724,0.749,0.907,0.837,0.0,1.0,0.0,0.0,0.499,0.548,0.301,0.0,0.33,0.15,0.0,0.278,0.285,0.125,0.0
2020-01-06 18:45:00,17.26,20.4,19.84,19.42,19.38,18.56,20.27,19.01,18.12,20.31,21.3,19.18,19.05,19.83,17.49,18.56,18.86,19.49,18.23,18.75,2.45,0.0,0.112,0.735,0.791,0.917,0.842,0.0,1.0,0.0,0.0,0.498,0.55,0.306,0.0,0.332,0.152,0.0,0.28,0.3,0.133,0.0
2020-01-06 19:00:00,17.26,20.39,19.8,19.4,19.37,18.43,20.24,18.98,18.08,20.31,21.3,19.18,19.02,19.83,17.49,18.52,18.87,19.48,18.24,18.73,2.38,0.0,0.12,0.749,0.828,0.938,0.858,0.0,1.0,0.0,0.0,0.496,0.552,0.309,0.0,0.334,0.154,0.0,0.27,0.307,0.133,0.0
2020-01-06 19:15:00,17.27,20.4,19.81,19.42,19.37,18.71,20.27,18.96,18.08,20.31,21.3,19.23,18.99,19.83,17.49,18.56,18.87,19.47,18.24,18.71,2.31,0.0,0.119,0.756,0.851,0.951,0.866,0.783,1.0,0.0,0.0,0.495,0.552,0.41,0.0,0.335,0.156,0.738,0.266,0.311,0.131,0.0
2020-01-06 19:30:00,17.27,20.4,19.83,19.44,19.41,18.9,20.26,18.94,18.07,20.32,21.3,19.29,18.98,19.83,17.48,18.79,18.87,19.5,18.26,18.7,2.25,0.0,0.115,0.749,0.846,0.938,0.866,0.643,1.0,0.0,0.0,0.493,0.552,0.386,0.0,0.335,0.157,0.72,0.265,0.313,0.131,0.0
2020-01-06 19:45:00,17.3,20.45,19.93,19.34,19.51,18.87,20.34,18.98,18.11,20.32,21.3,19.31,18.85,19.83,17.48,18.76,18.79,19.47,18.21,18.68,2.18,0.0,0.114,0.748,0.833,0.928,0.844,0.551,1.0,0.0,0.0,0.492,0.552,0.357,0.0,0.336,0.159,0.603,0.266,0.302,0.122,0.002
2020-01-06 20:00:00,17.17,20.26,19.59,19.57,19.27,18.63,20.14,18.81,17.89,20.32,21.29,19.31,19.12,19.83,17.48,19.1,19.07,19.54,18.36,18.66,2.11,0.0,0.101,0.726,0.784,0.979,0.793,0.563,1.0,0.0,0.0,0.49,0.552,0.344,0.0,0.336,0.16,0.62,0.307,0.314,0.147,0.011
2020-01-06 20:15:00,17.32,20.42,19.79,19.43,19.42,18.91,20.27,18.95,18.26,20.33,21.29,19.3,18.9,19.82,17.48,18.9,18.84,19.5,18.25,18.64,2.04,0.0,0.164,0.82,0.954,0.865,0.915,0.686,1.0,0.046,1.0,0.489,0.554,0.346,0.0,0.337,0.161,0.451,0.167,0.23,0.071,0.02
2020-01-06 20:30:00,17.26,20.43,19.88,19.56,19.39,18.81,20.29,18.94,18.97,20.33,21.29,19.29,18.86,19.82,17.47,18.88,18.83,19.47,18.23,18.63,1.97,0.0,0.088,0.742,0.854,0.934,0.838,0.543,1.0,0.0,0.87,0.487,0.555,0.35,0.0,0.339,0.162,0.548,0.278,0.25,0.126,0.028
2020-01-06 20:45:00,17.32,20.47,19.97,19.45,19.48,19.0,20.39,19.01,18.7,20.33,21.28,19.29,18.71,19.82,17.47,18.8,18.76,19.41,18.17,18.61,1.9,0.0,0.118,0.737,0.81,0.871,0.855,0.597,1.0,0.0,0.513,0.486,0.557,0.354,0.0,0.341,0.164,0.558,0.285,0.266,0.134,0.036
2020-01-06 21:00:00,17.23,20.36,19.8,19.57,19.35,18.81,20.27,18.87,18.75,20.33,21.28,19.29,18.9,19.81,17.47,18.98,18.94,19.43,18.27,18.6,1.82,0.0,0.088,0.715,0.763,0.923,0.809,0.501,1.0,0.0,0.652,0.485,0.558,0.356,0.0,0.342,0.165,0.599,0.321,0.295,0.165,0.044
2020-01-06 21:15:00,17.25,19.63,19.61,19.5,19.38,18.82,20.23,18.84,18.8,20.29,21.07,19.29,18.85,19.81,17.47,18.95,18.87,19.45,18.26,18.59,1.74,0.0,0.136,0.0,0.101,0.866,0.877,0.597,1.0,0.013,0.626,0.0,0.0,0.355,0.0,0.343,0.165,0.511,0.232,0.283,0.117,0.05
2020-01-06 21:30:00,17.21,19.73,19.6,19.49,19.27,18.79,20.15,18.76,18.81,20.23,20.73,19.29,18.97,19.81,17.47,19.03,18.94,19.5,18.31,18.57,1.66,0.0,0.123,0.186,0.193,0.902,0.862,0.588,1.0,0.029,0.599,0.0,0.0,0.355,0.0,0.343,0.166,0.526,0.266,0.275,0.121,0.056
2020-01-06 21:45:00,17.28,19.7,19.71,19.4,19.52,18.96,20.27,18.87,18.94,20.2,20.37,19.29,18.65,19.81,17.46,18.8,18.69,19.37,18.12,18.56,1.58,0.0,0.145,0.133,0.2,0.903,0.915,0.603,1.0,0.071,0.596,0.0,0.0,0.356,0.0,0.343,0.167,0.483,0.232,0.252,0.094,0.063
2020-01-06 22:00:00,17.21,19.63,19.59,19.47,19.32,18.85,20.2,18.8,18.92,20.17,20.06,19.28,18.83,19.81,17.46,18.96,18.96,19.41,18.24,18.55,1.51,0.0,0.111,0.15,0.147,0.951,0.792,0.522,1.0,0.013,0.531,0.0,0.0,0.357,0.0,0.343,0.168,0.602,0.354,0.314,0.189,0.068
2020-01-06 22:15:00,17.97,19.61,19.56,19.41,19.26,18.83,20.13,18.74,18.95,20.15,19.79,19.28,18.89,19.81,17.46,19.0,18.89,19.47,18.29,18.54,1.45,0.0,1.0,0.187,0.206,0.267,0.889,0.576,1.0,0.052,0.542,0.0,0.0,0.358,0.0,0.344,0.169,0.52,0.22,0.295,0.128,0.073
2020-01-06 22:30:00,18.43,19.62,19.66,19.52,19.39,18.93,20.23,18.83,19.06,20.13,19.62,19.28,18.7,19.81,17.46,18.88,18.79,19.41,18.2,18.53,1.39,0.0,1.0,0.193,0.218,0.294,0.922,0.587,1.0,0.081,0.525,0.0,0.105,0.36,0.0,0.344,0.17,0.499,0.254,0.263,0.103,0.078
2020-01-06 22:45:00,18.4,19.56,19.64,19.52,19.37,18.95,20.25,18.85,19.07,20.11,19.53,19.28,18.68,19.81,17.46,18.87,18.79,19.4,18.2,18.53,1.32,0.0,0.785,0.19,0.171,0.242,0.854,0.533,1.0,0.035,0.472,0.0,0.191,0.361,0.0,0.345,0.17,0.561,0.307,0.294,0.151,0.083
2020-01-06 23:00:00,18.49,19.51,19.59,19.49,19.36,18.92,20.22,18.81,19.07,20.09,19.52,19.27,18.66,19.81,17.46,18.88,18.81,19.4,18.2,18.52,1.24,0.0,0.8,0.22,0.179,0.239,0.866,0.525,1.0,0.026,0.464,0.0,0.233,0.362,0.0,0.346,0.171,0.563,0.306,0.3,0.152,0.087
2020-01-06 23:15:00,18.57,19.48,19.58,19.49,19.35,18.92,20.21,18.8,19.1,20.06,19.52,19.27,18.65,19.73,17.46,18.88,18.82,19.39,18.2,18.51,1.15,0.0,0.754,0.243,0.204,0.256,0.87,0.541,1.0,0.045,0.465,0.0,0.242,0.363,0.0,0.096,0.171,0.562,0.297,0.302,0.15,0.091
2020-01-06 23:30:00,18.64,19.44,19.56,19.48,19.35,18.92,20.21,18.8,19.11,20.04,19.52,19.27,18.63,19.6,17.45,18.88,18.82,19.39,18.21,18.5,1.07,0.0,0.714,0.261,0.208,0.256,0.874,0.539,1.0,0.048,0.452,0.0,0.24,0.365,0.0,0.134,0.172,0.561,0.291,0.304,0.148,0.095
2020-01-06 23:45:00,18.71,19.4,19.54,19.47,19.34,18.91,20.2,18.79,19.12,20.01,19.51,19.26,18.62,19.49,17.45,18.87,18.82,19.38,18.2,18.49,0.98,0.0,0.679,0.281,0.218,0.259,0.877,0.541,1.0,0.051,0.446,0.0,0.239,0.366,0.0,0.198,0.173,0.562,0.29,0.306,0.147,0.099
2020-01-07 00:00:00,18.78,19.37,19.52,19.46,19.33,18.91,20.19,18.78,19.13,19.99,19.5,19.26,18.6,19.43,17.45,18.87,18.82,19.38,18.2,18.49,0.93,0.0,0.644,0.299,0.229,0.264,0.881,0.543,1.0,0.056,0.44,0.0,0.244,0.368,0.0,0.254,0.173,0.563,0.29,0.309,0.148,0.103
2020-01-07 00:15:00,18.8,19.35,19.49,19.39,19.28,18.88,19.52,18.85,19.13,19.96,19.49,19.26,18.59,19.42,17.66,18.83,18.86,19.35,18.36,18.5,0.88,0.0,0.61,0.315,0.238,0.269,0.334,0.546,0.0,0.61,0.434,0.006,0.251,0.369,0.7,0.283,1.0,0.563,0.59,0.311,0.899,0.756
2020-01-07 00:30:00,18.82,19.33,19.46,19.39,19.45,18.86,19.73,18.99,19.12,19.94,19.47,19.26,18.66,19.42,17.91,18.74,18.91,19.34,18.61,18.55,0.83,0.0,0.601,0.325,0.257,0.304,0.359,0.561,0.238,0.577,0.437,0.019,0.257,0.37,0.706,0.291,1.0,0.587,0.568,0.324,0.821,0.75
2020-01-07 00:45:00,18.85,19.32,19.47,19.41,19.31,18.87,19.65,18.98,19.15,19.92,19.46,19.26,19.17,19.43,18.12,19.08,19.15,19.47,18.93,18.62,0.77,0.0,0.592,0.337,0.269,0.304,0.275,0.57,0.133,0.503,0.438,0.031,0.263,0.371,0.668,0.289,1.0,0.632,0.544,0.328,0.693,0.725
2020-01-07 01:00:00,18.86,19.3,19.46,19.38,19.59,18.87,19.63,19.0,19.14,19.89,19.45,19.25,18.96,19.43,18.27,18.72,19.0,19.44,18.9,18.69,0.7,0.0,0.573,0.34,0.265,0.296,0.345,0.564,0.175,0.51,0.426,0.042,0.269,0.372,0.415,0.287,0.941,0.462,0.423,0.265,0.535,0.69
2020-01-07 01:15:00,18.88,19.29,19.43,19.37,19.41,18.85,19.61,19.0,19.15,19.88,19.44,19.25,19.13,19.42,18.39,18.98,19.12,19.45,19.0,18.75,0.63,0.0,0.568,0.351,0.272,0.309,0.205,0.566,0.187,0.501,0.428,0.053,0.273,0.373,0.518,0.287,0.864,0.64,0.502,0.282,0.549,0.655
2020-01-07 01:30:00,18.9,19.27,19.43,19.36,19.38,18.85,19.58,19.01,19.15,19.86,19.43,19.25,19.23,19.41,18.49,18.99,19.15,19.49,19.05,18.81,0.56,0.0,0.56,0.357,0.283,0.313,0.296,0.574,0.197,0.5,0.427,0.062,0.278,0.373,0.435,0.29,0.804,0.511,0.438,0.277,0.499,0.625
2020-01-07 01:45:00,18.9,19.26,19.41,19.36,19.59,18.84,19.55,19.03,19.15,19.84,19.43,19.25,19.05,19.41,18.58,18.72,19.0,19.41,18.97,18.86,0.49,0.0,0.552,0.364,0.287,0.318,0.31,0.575,0.209,0.495,0.424,0.072,0.283,0.374,0.387,0.294,0.753,0.506,0.427,0.253,0.475,0.596
2020-01-07 02:00:00,18.91,19.25,19.41,19.35,19.3,18.84,19.52,19.05,19.16,19.82,19.42,19.25,19.25,19.4,18.66,19.06,19.19,19.45,19.1,18.9,0.43,0.0,0.548,0.37,0.293,0.322,0.204,0.578,0.225,0.486,0.423,0.081,0.287,0.376,0.476,0.297,0.708,0.638,0.498,0.297,0.513,0.572
2020-01-07 02:15:00,18.92,19.24,19.4,19.34,19.56,18.83,19.5,19.06,19.16,19.8,19.41,19.24,19.08,19.4,18.73,18.65,19.03,19.39,19.02,18.93,0.36,0.0,0.543,0.374,0.297,0.326,0.35,0.581,0.238,0.477,0.422,0.09,0.291,0.377,0.375,0.3,0.67,0.469,0.407,0.276,0.451,0.551
2020-01-07 02:30:00,18.93,19.23,19.39,19.34,19.3,18.83,19.47,19.08,19.16,19.79,19.4,19.24,19.26,19.39,18.79,19.03,19.17,19.44,19.12,18.96,0.3,0.0,0.54,0.379,0.302,0.329,0.218,0.583,0.251,0.468,0.42,0.098,0.295,0.379,0.459,0.302,0.636,0.674,0.487,0.304,0.492,0.534
2020-01-07 02:45:00,18.93,19.22,19.38,19.33,19.57,18.82,19.45,19.1,19.16,19.77,19.4,19.24,19.1,19.39,18.84,18.61,19.03,19.38,19.04,18.99,0.24,0.0,0.537,0.384,0.306,0.332,0.349,0.586,0.264,0.459,0.419,0.105,0.298,0.38,0.369,0.304,0.605,0.484,0.413,0.279,0.44,0.518
2020-01-07 03:00:00,18.93,19.22,19.37,19.32,19.36,18.82,19.42,19.12,19.17,19.76,19.39,19.23,19.19,19.38,18.89,18.93,19.12,19.39,19.1,19.01,0.19,0.0,0.537,0.388,0.31,0.335,0.216,0.588,0.276,0.449,0.419,0.113,0.301,0.382,0.448,0.306,0.578,0.694,0.487,0.309,0.482,0.504
2020-01-07 03:15:00,19.46,19.21,19.36,19.32,19.45,18.82,19.41,18.88,19.17,19.75,19.39,19.23,19.18,19.38,18.94,18.84,19.07,19.4,19.09,19.05,0.15,0.0,1.0,0.391,0.314,0.338,0.321,0.591,0.289,0.0,0.417,0.12,0.304,0.383,0.404,0.308,0.555,0.533,0.44,0.304,0.449,0.743
2020-01-07 03:30:00,19.62,19.21,19.37,19.34,19.3,18.82,19.4,18.88,19.17,19.73,19.38,19.23,19.28,19.38,18.98,18.91,19.17,19.43,19.14,19.09,0.11,0.0,1.0,0.395,0.318,0.34,0.273,0.592,0.294,0.0,0.416,0.127,0.307,0.384,0.41,0.31,0.532,0.582,0.464,0.301,0.457,0.726
2020-01-07 03:45:00,19.68,19.2,19.37,19.34,19.51,18.83,19.39,18.88,19.18,19.72,19.38,19.23,19.11,19.38,19.01,18.57,19.01,19.34,19.06,19.13,0.07,0.0,1.0,0.396,0.315,0.328,0.349,0.588,0.298,0.0,0.413,0.133,0.309,0.385,0.362,0.311,0.512,0.544,0.416,0.284,0.429,0.707
2020-01-07 04:00:00,19.73,19.2,19.36,19.34,19.27,18.82,19.38,18.86,19.18,19.71,19.37,19.22,19.26,19.37,19.05,18.98,19.16,19.4,19.14,19.18,0.05,0.0,1.0,0.398,0.317,0.328,0.247,0.586,0.305,0.0,0.411,0.139,0.312,0.387,0.447,0.312,0.494,0.713,0.493,0.329,0.47,0.684
2020-01-07 04:15:00,19.78,19.71,19.36,19.37,19.51,18.83,19.37,18.87,19.18,19.7,19.2,19.01,19.13,19.37,19.07,18.64,19.02,19.36,19.08,19.21,0.02,0.0,1.0,1.0,0.321,0.329,0.367,0.589,0.311,0.0,0.412,0.145,0.0,0.0,0.37,0.314,0.477,0.512,0.422,0.302,0.428,0.662
2020-01-07 04:30:00,19.83,19.91,19.38,19.42,19.27,18.87,19.37,18.89,19.2,19.69,18.88,18.65,19.27,19.37,19.1,18.93,19.16,19.4,19.15,19.25,-0.0,0.0,1.0,0.995,0.32,0.314,0.246,0.583,0.316,0.0,0.408,0.151,0.0,0.0,0.435,0.315,0.463,0.681,0.488,0.321,0.459,0.643
2020-01-07 04:45:00,19.89,19.88,19.38,19.43,19.48,18.87,19.36,18.89,19.2,19.68,18.6,18.3,19.13,19.37,19.12,18.63,19.02,19.34,19.09,19.28,-0.03,0.0,1.0,0.895,0.31,0.289,0.364,0.567,0.317,0.0,0.4,0.156,0.0,0.0,0.365,0.316,0.45,0.534,0.421,0.299,0.423,0.626
2020-01-07 05:00:00,19.94,19.91,19.37,19.42,19.27,18.87,19.35,18.87,19.2,19.67,18.38,18.13,19.27,19.37,19.15,18.9,19.16,19.4,19.16,19.31,-0.06,0.0,1.0,0.908,0.311,0.286,0.26,0.564,0.32,0.0,0.399,0.161,0.0,0.099,0.436,0.317,0.438,0.684,0.491,0.328,0.457,0.61
2020-01-07 05:15:00,20.0,19.94,19.14,19.43,19.46,18.92,19.34,18.85,19.2,19.65,18.23,18.07,19.13,19.37,19.17,18.6,19.02,19.33,19.1,19.33,-0.1,0.0,1.0,0.893,0.0,0.288,0.366,1.0,0.325,0.0,0.4,0.066,0.058,0.187,0.364,0.317,0.427,0.552,0.421,0.301,0.42,0.597
2020-01-07 05:30:00,20.05,19.98,19.17,19.43,19.26,18.95,19.34,18.85,19.21,19.63,18.16,18.08,19.27,19.37,19.18,18.88,19.15,19.39,19.16,19.35,-0.13,0.0,1.0,0.878,0.0,0.286,0.272,1.0,0.328,0.0,0.399,0.076,0.134,0.215,0.437,0.317,0.417,0.698,0.49,0.334,0.452,0.585
2020-01-07 05:45:00,20.11,20.0,19.14,19.45,19.44,18.94,19.33,18.83,19.21,19.61,18.15,18.09,19.13,19.37,19.2,18.57,19.02,19.32,19.1,19.37,-0.16,0.0,1.0,0.862,0.0,0.286,0.369,1.0,0.328,0.0,0.396,0.086,0.17,0.211,0.365,0.317,0.408,0.561,0.423,0.304,0.418,0.574
2020-01-07 06:00:00,20.16,20.03,19.16,19.44,19.25,18.97,19.34,18.83,19.22,19.6,18.15,18.08,19.27,19.36,19.21,18.87,19.15,19.38,19.16,19.39,-0.19,0.0,1.0,0.851,0.0,0.276,0.281,1.0,0.334,0.0,0.397,0.094,0.176,0.205,0.437,0.317,0.4,0.713,0.488,0.338,0.448,0.564
2020-01-07 06:15:00,20.21,20.05,19.14,19.53,19.42,18.98,19.34,18.83,19.22,19.59,18.14,18.07,19.07,19.36,19.23,18.56,19.02,19.26,19.11,19.41,-0.21,0.0,1.0,0.834,0.0,0.478,0.374,1.0,0.33,0.0,0.392,0.101,0.177,0.208,0.0,0.318,0.393,0.567,0.426,0.0,0.418,0.554
2020-01-07 06:30:00,20.26,20.09,19.2,19.53,19.21,19.04,19.37,18.88,19.25,19.57,18.13,18.05,19.13,19.36,19.24,18.85,19.13,19.23,19.16,19.42,-0.23,0.0,1.0,0.824,0.0,0.437,0.292,1.0,0.331,0.0,0.389,0.107,0.179,0.216,0.0,0.319,0.386,0.72,0.488,0.0,0.446,0.546
2020-01-07 06:45:00,20.29,20.08,19.12,19.56,19.37,19.01,19.33,18.84,19.23,19.56,18.12,18.04,18.89,19.36,19.25,18.5,19.02,19.09,19.1,19.44,-0.25,0.0,1.0,0.804,0.0,0.436,0.394,1.0,0.317,0.0,0.377,0.114,0.184,0.223,0.0,0.319,0.38,0.575,0.434,0.0,0.421,0.538
2020-01-07 07:00:00,20.32,20.11,19.16,19.52,19.15,19.06,19.36,18.87,19.25,19.55,18.11,18.03,19.02,19.36,19.26,18.86,19.11,19.08,19.14,19.45,-0.27,0.0,1.0,0.811,0.0,0.419,0.317,1.0,0.337,0.0,0.387,0.12,0.191,0.228,0.0,0.32,0.374,0.749,0.491,0.0,0.448,0.53
2020-01-07 07:15:00,20.34,20.09,19.06,19.57,19.19,19.01,19.31,18.81,19.22,19.54,18.1,18.02,18.65,19.36,19.4,18.49,19.08,18.89,19.07,19.47,-0.29,0.0,1.0,0.795,0.0,0.439,0.0,1.0,0.318,0.0,0.375,0.126,0.196,0.233,0.0,0.321,1.0,0.569,1.0,0.0,0.428,0.523
2020-01-07 07:30:00,20.37,20.11,19.07,19.56,19.04,19.04,19.34,18.81,19.24,19.53,18.09,18.02,18.71,19.35,19.55,18.58,19.19,18.83,19.08,19.48,-0.31,0.0,1.0,0.807,0.0,0.415,0.0,1.0,0.347,0.0,0.39,0.131,0.2,0.238,0.0,0.322,1.0,0.755,1.0,0.0,0.463,0.517
2020-01-07 07:45:00,20.4,20.12,19.03,19.57,19.01,19.04,19.33,18.81,19.24,19.51,18.09,18.01,18.64,19.35,19.69,18.6,19.22,18.76,19.08,19.49,-0.33,0.0,1.0,0.793,0.0,0.422,0.028,1.0,0.329,0.0,0.378,0.137,0.203,0.242,0.0,0.323,1.0,0.708,1.0,0.0,0.461,0.51
2020-01-07 08:00:00,20.42,20.12,18.87,19.59,18.98,19.02,19.36,18.79,19.25,19.5,18.08,18.0,18.59,19.35,19.79,18.56,19.24,18.72,19.08,19.5,-0.3,0.0,1.0,0.79,0.0,0.415,0.046,1.0,0.334,0.0,0.379,0.143,0.207,0.246,0.0,0.324,1.0,0.698,1.0,0.0,0.462,0.505
2020-01-07 08:15:00,20.44,20.12,19.02,19.49,18.9,19.06,19.67,18.82,18.82,19.5,18.08,18.01,18.53,19.26,19.88,18.47,19.24,18.66,18.89,19.51,-0.28,3.4,1.0,0.788,0.0,0.405,0.059,1.0,1.0,0.0,0.0,0.148,0.209,0.248,0.0,0.0,0.953,0.22,1.0,0.0,0.0,0.499
2020-01-07 08:30:00,20.46,20.12,18.91,19.48,18.85,19.01,19.69,18.75,18.72,19.49,18.09,18.1,18.48,19.11,19.96,18.4,19.25,18.59,18.64,19.52,-0.25,34.6,1.0,0.789,0.0,0.454,0.099,1.0,0.917,0.0,0.0,0.152,0.211,0.247,0.0,0.0,0.91,0.263,1.0,0.0,0.0,0.495
2020-01-07 08:45:00,20.52,20.18,19.03,19.43,18.74,19.1,19.76,18.83,18.75,19.48,18.11,18.24,18.56,18.98,20.03,18.46,19.36,18.6,18.48,19.53,-0.23,65.8,1.0,0.792,0.0,0.46,0.123,1.0,0.906,0.0,0.0,0.157,0.204,0.199,0.0,0.0,0.87,0.302,1.0,0.0,0.0,0.49
2020-01-07 09:00:00,20.54,20.11,18.81,19.69,18.9,18.96,19.71,18.67,18.66,19.47,18.14,18.37,18.3,18.93,20.09,18.2,19.18,18.45,18.27,19.54,0.02,96.9,1.0,0.761,0.0,0.486,0.182,1.0,0.869,0.0,0.0,0.162,0.194,0.128,0.0,0.01,0.836,0.271,1.0,0.0,0.0,0.485
2020-01-07 09:15:00,20.66,20.34,19.05,19.63,18.71,19.17,19.88,18.89,18.78,19.46,18.16,18.45,18.45,18.93,20.14,18.41,19.29,18.47,18.21,19.55,0.26,128.1,1.0,0.794,0.0,0.356,0.098,1.0,0.896,0.0,0.0,0.166,0.181,0.065,0.05,0.037,0.804,0.4,1.0,0.0,0.0,0.481
2020-01-07 09:30:00,20.74,20.42,19.09,19.7,18.73,19.2,19.92,18.89,18.76,19.45,18.18,18.46,18.45,18.95,20.2,18.38,19.36,18.46,18.14,19.55,0.51,133.2,1.0,0.682,0.0,0.383,0.196,1.0,0.81,0.0,0.0,0.17,0.171,0.023,0.0,0.033,0.778,0.295,1.0,0.0,0.0,0.477
2020-01-07 09:45:00,20.82,20.49,19.11,19.74,18.73,19.21,19.99,18.92,18.77,19.44,18.19,18.38,18.45,18.94,20.24,18.39,19.38,18.45,18.1,19.56,0.75,138.3,1.0,0.64,0.0,0.35,0.185,1.0,0.788,0.0,0.0,0.174,0.162,0.019,0.0,0.024,0.752,0.312,1.0,0.0,0.0,0.474
2020-01-07 10:00:00,20.88,20.53,19.14,19.77,18.72,19.3,20.04,18.95,18.77,19.44,18.19,18.35,18.46,18.92,20.28,18.4,19.41,18.44,18.06,19.57,0.95,143.4,1.0,0.606,0.0,0.33,0.186,1.0,0.757,0.0,0.0,0.178,0.154,0.059,0.0,0.03,0.729,0.305,1.0,0.0,0.0,0.47
2020-01-07 10:15:00,20.95,20.57,19.19,19.81,18.72,19.31,20.1,18.98,18.77,19.43,18.21,18.37,18.46,18.9,20.32,18.41,19.45,18.43,18.04,19.57,1.15,148.4,1.0,0.585,0.0,0.313,0.189,1.0,0.728,0.0,0.0,0.182,0.153,0.074,0.0,0.04,0.708,0.3,1.0,0.0,0.0,0.467
2020-01-07 10:30:00,21.01,20.65,19.24,19.85,18.73,19.37,20.16,19.01,18.78,19.42,18.22,18.44,18.49,18.89,20.36,18.43,19.49,18.43,18.03,19.58,1.35,179.7,0.973,0.566,0.0,0.296,0.189,1.0,0.699,0.0,0.0,0.186,0.147,0.065,0.0,0.05,0.688,0.295,1.0,0.0,0.0,0.463
2020-01-07 10:45:00,21.07,20.74,19.34,19.89,18.75,19.41,20.22,19.05,18.8,19.42,18.25,18.56,18.54,18.91,20.39,18.47,19.53,18.44,18.03,19.59,1.55,211.1,0.944,0.526,0.0,0.275,0.184,1.0,0.669,0.0,0.0,0.189,0.138,0.028,0.0,0.053,0.67,0.284,1.0,0.0,0.0,0.46
2020-01-07 11:00:00,21.12,20.8,19.42,19.93,18.77,19.47,20.27,19.08,18.83,19.41,18.27,18.64,18.59,18.91,20.42,18.51,19.56,18.45,18.03,19.59,1.82,242.4,0.916,0.481,0.0,0.253,0.176,1.0,0.641,0.0,0.0,0.192,0.126,0.0,0.0,0.047,0.654,0.267,1.0,0.0,0.0,0.457
2020-01-07 11:15:00,21.19,20.9,19.65,19.87,18.69,19.62,20.37,19.18,18.89,19.4,18.29,18.72,18.74,18.91,20.45,18.63,19.71,18.51,18.09,19.6,2.08,273.7,0.888,0.448,0.0,0.236,0.166,1.0,0.614,0.0,0.0,0.196,0.115,0.0,0.0,0.045,0.638,0.244,1.0,0.0,0.0,0.455
2020-01-07 11:30:00,21.19,20.82,19.51,20.11,18.92,19.44,20.25,18.99,18.78,19.4,18.31,18.78,18.61,18.9,20.48,18.51,19.52,18.36,17.95,19.6,2.34,300.3,0.853,0.399,0.0,0.267,0.206,1.0,0.566,0.0,0.0,0.199,0.105,0.0,0.0,0.047,0.624,0.184,1.0,0.0,0.0,0.452
2020-01-07 11:45:00,21.32,21.05,19.88,19.93,18.72,19.76,20.49,19.29,18.98,19.39,18.32,18.83,18.88,18.9,20.5,18.8,19.79,18.53,18.12,19.61,2.6,326.9,0.857,0.442,0.0,0.146,0.091,1.0,0.624,0.0,0.0,0.202,0.095,0.0,0.0,0.048,0.611,0.246,1.0,0.0,0.0,0.449
2020-01-07 12:00:00,21.31,20.93,19.86,20.11,18.9,19.63,20.4,19.17,18.89,19.38,18.32,18.88,18.9,18.9,20.52,18.85,19.71,18.47,18.05,19.61,2.82,353.5,0.789,0.327,0.0,0.237,0.188,0.968,0.506,0.0,0.0,0.205,0.092,0.0,0.0,0.05,0.599,0.102,1.0,0.0,0.0,0.447
2020-01-07 12:15:00,21.36,21.01,19.93,20.08,18.88,19.67,20.5,19.22,18.93,19.38,18.32,18.91,19.04,18.9,20.54,19.08,19.76,18.46,18.07,19.61,3.04,380.1,0.797,0.387,0.0,0.147,0.098,1.0,0.552,0.0,0.0,0.208,0.088,0.0,0.0,0.049,0.588,0.076,1.0,0.0,0.0,0.445
2020-01-07 12:30:00,21.4,20.98,19.77,20.09,18.92,19.71,20.51,19.26,18.96,19.37,18.33,18.88,19.14,18.88,20.56,19.3,19.83,18.55,18.08,19.62,3.25,388.4,0.769,0.344,0.0,0.158,0.109,1.0,0.502,0.0,0.0,0.211,0.088,0.0,0.0,0.051,0.578,0.0,1.0,0.0,0.0,0.443
2020-01-07 12:45:00,21.38,20.89,19.66,20.22,19.17,19.97,20.44,19.15,18.88,19.37,18.34,18.82,19.13,18.86,20.58,19.36,19.78,18.65,18.07,19.62,3.47,396.8,0.752,0.359,0.0,0.157,0.09,0.993,0.493,0.0,0.0,0.213,0.085,0.0,0.0,0.059,0.568,0.0,1.0,0.0,0.0,0.44
2020-01-07 13:00:00,21.47,20.98,19.79,20.16,19.1,20.44,20.61,19.42,19.02,19.36,18.33,18.72,19.4,18.83,20.6,19.64,20.03,18.93,18.25,19.63,3.62,405.2,0.758,0.405,0.0,0.091,0.0,0.864,0.531,0.0,0.0,0.216,0.082,0.0,0.0,0.069,0.559,0.0,1.0,0.0,0.0,0.439
2020-01-07 13:15:00,21.49,20.92,19.75,20.23,19.18,20.7,20.62,19.56,19.03,19.36,18.32,18.59,19.55,18.8,20.61,19.86,20.05,19.05,18.26,19.63,3.77,413.5,0.713,0.358,0.0,0.121,0.002,0.629,0.443,0.0,0.0,0.218,0.086,0.0,0.0,0.084,0.551,0.0,1.0,0.0,0.0,0.437
2020-01-07 13:30:00,21.5,20.91,19.78,20.25,19.22,20.82,20.63,19.67,19.04,19.35,18.3,18.46,19.62,18.78,20.63,19.97,20.09,19.16,18.28,19.63,3.92,384.9,0.705,0.39,0.0,0.087,0.0,0.498,0.438,0.0,0.0,0.221,0.092,0.0,0.0,0.1,0.543,0.0,1.0,0.0,0.0,0.435
2020-01-07 13:45:00,21.52,20.91,19.8,20.28,19.25,20.95,20.65,19.73,19.06,19.35,18.29,18.36,19.65,18.76,20.64,20.02,20.14,19.24,18.3,19.64,4.07,356.2,0.7,0.393,0.0,0.076,0.0,0.439,0.435,0.0,0.0,0.223,0.098,0.022,0.0,0.112,0.536,0.0,1.0,0.0,0.0,0.433
2020-01-07 14:00:00,21.52,20.9,19.81,20.28,19.27,20.95,20.67,19.79,19.09,19.34,18.29,18.3,19.64,18.75,20.65,20.05,20.19,19.29,18.33,19.64,4.11,327.5,0.692,0.396,0.0,0.062,0.0,0.376,0.426,0.0,0.0,0.225,0.103,0.072,0.0,0.12,0.529,0.0,1.0,0.0,0.0,0.431
2020-01-07 14:15:00,21.52,20.88,19.8,20.29,19.28,20.97,20.71,19.83,19.11,19.34,18.28,18.28,19.56,18.74,20.67,20.06,20.23,19.32,18.35,19.64,4.14,298.9,0.688,0.402,0.0,0.058,0.0,0.374,0.413,0.0,0.0,0.228,0.107,0.1,0.0,0.125,0.523,0.0,1.0,0.0,0.0,0.43
2020-01-07 14:30:00,21.52,20.86,19.77,20.29,19.28,20.98,20.74,19.86,19.14,19.34,18.26,18.27,19.47,18.73,20.68,20.07,20.25,19.34,18.36,19.65,4.18,276.3,0.689,0.411,0.0,0.055,0.0,0.364,0.395,0.0,0.0,0.23,0.111,0.109,0.0,0.129,0.517,0.0,1.0,0.0,0.0,0.428
2020-01-07 14:45:00,21.51,20.83,19.74,20.28,19.27,20.98,20.77,19.89,19.15,19.33,18.24,18.25,19.39,18.72,20.69,20.06,20.27,19.34,18.37,19.65,4.22,253.8,0.691,0.421,0.0,0.056,0.0,0.358,0.379,0.0,0.0,0.232,0.119,0.115,0.0,0.134,0.511,0.0,1.0,0.0,0.0,0.427
2020-01-07 15:00:00,21.49,20.81,19.72,20.27,19.27,20.97,20.79,19.91,19.17,19.33,18.22,18.23,19.32,18.7,20.7,20.03,20.29,19.33,18.38,19.65,4.12,231.2,0.696,0.433,0.0,0.06,0.0,0.362,0.365,0.0,0.0,0.234,0.129,0.124,0.0,0.142,0.506,0.0,1.0,0.0,0.0,0.425
2020-01-07 15:15:00,21.47,20.78,19.68,20.25,19.25,20.94,20.81,19.9,19.18,19.32,18.2,18.21,19.25,18.68,20.71,19.98,20.3,19.32,18.38,19.65,4.02,208.6,0.704,0.446,0.0,0.066,0.0,0.363,0.356,0.0,0.0,0.236,0.139,0.135,0.0,0.151,0.501,0.0,1.0,0.0,0.0,0.424
2020-01-07 15:30:00,21.47,20.79,19.78,20.11,19.12,20.94,20.86,19.92,19.21,19.32,18.18,18.18,19.27,18.66,20.72,20.02,20.4,19.33,18.42,19.66,3.93,160.0,0.713,0.459,0.0,0.074,0.0,0.378,0.346,0.0,0.0,0.238,0.149,0.147,0.0,0.16,0.496,0.0,1.0,0.0,0.0,0.423
2020-01-07 15:45:00,21.4,20.67,19.53,20.19,19.19,20.56,20.65,19.79,19.08,19.32,18.17,18.16,19.12,18.65,20.72,19.6,20.2,19.22,18.3,19.66,3.83,111.4,0.714,0.456,0.0,0.144,0.0,0.382,0.32,0.0,0.0,0.24,0.158,0.159,0.0,0.168,0.492,0.0,0.999,0.0,0.0,0.421
2020-01-07 16:00:00,21.36,20.64,19.37,20.06,19.11,20.46,20.61,19.63,18.92,19.31,18.14,18.12,19.03,18.62,20.73,19.43,20.14,19.11,18.21,19.66,3.65,62.7,0.752,0.515,0.0,0.106,0.0,0.571,0.425,0.0,0.0,0.241,0.166,0.17,0.0,0.176,0.488,0.0,1.0,0.0,0.0,0.42
2020-01-07 16:15:00,21.31,20.59,19.34,20.0,18.99,20.31,20.49,19.54,18.83,19.31,18.1,18.09,18.92,18.6,20.74,19.19,20.0,18.97,18.07,19.67,3.46,14.1,0.772,0.528,0.0,0.172,0.0,0.619,0.445,0.0,0.0,0.243,0.181,0.188,0.0,0.188,0.484,0.0,1.0,0.0,0.0,0.419
2020-01-07 16:30:00,21.27,20.55,19.15,19.97,19.01,20.21,20.41,19.45,18.74,19.31,18.08,18.07,18.75,18.57,20.75,18.96,19.76,18.84,17.94,19.67,3.28,0.0,0.793,0.553,0.0,0.2,0.055,0.695,0.507,0.0,0.0,0.245,0.198,0.205,0.0,0.202,0.48,0.0,1.0,0.0,0.0,0.417
2020-01-07 16:45:00,21.27,20.56,19.34,19.92,18.74,20.27,20.46,19.43,18.72,19.3,18.08,18.06,18.71,18.56,20.75,18.91,19.93,18.75,17.87,19.67,3.09,0.0,0.814,0.577,0.0,0.216,0.044,0.747,0.547,0.0,0.0,0.246,0.208,0.216,0.0,0.213,0.477,0.018,1.0,0.0,0.0,0.416
2020-01-07 17:00:00,21.25,20.52,19.27,19.93,18.7,20.2,20.41,19.36,18.66,19.3,18.09,18.07,18.56,18.56,20.76,18.75,19.79,18.61,17.74,19.67,3.02,0.0,0.817,0.572,0.0,0.238,0.179,0.714,0.52,0.0,0.0,0.248,0.209,0.218,0.0,0.219,0.474,0.046,1.0,0.0,0.0,0.415
2020-01-07 17:15:00,21.25,20.54,19.39,19.76,18.6,20.14,20.47,19.42,18.68,19.3,18.08,18.06,18.49,18.56,20.77,18.65,19.75,18.53,17.69,19.67,2.95,0.0,0.827,0.588,0.0,0.236,0.198,0.752,0.544,0.0,0.0,0.25,0.207,0.214,0.0,0.221,0.47,0.125,1.0,0.0,0.0,0.414
2020-01-07 17:30:00,21.15,20.39,19.09,19.95,18.67,19.92,20.21,19.22,18.47,19.3,18.07,18.05,18.31,18.55,20.77,18.53,19.58,18.42,17.53,19.68,2.88,0.0,0.826,0.58,0.0,0.318,0.248,0.782,0.516,0.0,0.0,0.251,0.209,0.219,0.0,0.222,0.467,0.173,1.0,0.0,0.0,0.413
2020-01-07 17:45:00,21.24,20.54,19.42,19.69,18.49,20.04,20.42,19.4,18.62,19.29,18.06,18.04,18.41,18.55,20.78,18.57,19.68,18.41,17.57,19.68,2.81,0.0,0.873,0.657,0.0,0.225,0.215,0.891,0.643,0.0,0.0,0.252,0.214,0.226,0.044,0.224,0.464,0.233,1.0,0.0,0.0,0.412
2020-01-07 18:00:00,21.12,20.34,19.04,19.91,18.63,19.83,20.17,19.15,18.37,19.29,18.05,18.03,18.24,18.54,20.78,18.45,19.48,18.31,17.4,19.68,2.75,0.0,0.832,0.578,0.0,0.356,0.303,0.828,0.539,0.0,0.0,0.254,0.219,0.232,0.0,0.227,0.461,0.215,1.0,0.0,0.0,0.411
2020-01-07 18:15:00,21.21,20.51,19.36,19.64,18.41,19.98,20.37,19.33,18.54,19.29,18.05,18.02,18.38,18.53,20.79,18.53,19.64,18.35,17.5,19.68,2.69,0.0,0.889,0.681,0.0,0.244,0.235,0.933,0.665,0.0,0.0,0.255,0.223,0.236,0.08,0.231,0.459,0.275,1.0,0.0,0.048,0.409
2020-01-07 18:30:00,21.13,20.36,19.05,19.76,18.48,19.82,20.24,19.15,18.37,19.29,18.04,18.01,18.25,18.53,20.79,18.44,19.46,18.26,17.36,19.69,2.63,0.0,0.845,0.593,0.0,0.381,0.343,0.86,0.566,0.0,0.0,0.256,0.226,0.24,0.011,0.234,0.456,0.234,1.0,0.0,0.001,0.408
2020-01-07 18:45:00,21.11,20.36,18.8,19.72,18.48,19.75,20.19,19.06,18.3,19.28,18.04,18.01,18.15,18.52,20.8,18.36,19.39,18.17,17.3,19.69,2.57,0.0,0.884,0.67,0.0,0.321,0.311,0.942,0.632,0.0,0.0,0.257,0.228,0.243,0.074,0.237,0.453,0.282,1.0,0.0,0.069,0.407
2020-01-07 19:00:00,21.15,20.42,19.17,19.63,18.36,19.83,20.3,19.14,18.36,19.28,18.03,18.0,18.27,18.51,20.8,18.42,19.52,18.19,17.38,19.69,2.5,0.0,0.893,0.669,0.0,0.34,0.31,0.973,0.656,0.0,0.0,0.259,0.23,0.246,0.126,0.24,0.451,0.321,1.0,0.0,0.1,0.406
2020-01-07 19:15:00,20.19,20.31,18.89,19.57,18.43,19.69,20.17,19.1,18.23,19.28,18.02,17.99,18.18,18.51,20.81,18.36,19.4,18.13,17.31,19.68,2.42,0.0,0.0,0.638,0.0,0.383,0.37,0.933,0.6,0.43,0.0,0.26,0.235,0.251,0.064,0.243,0.448,0.288,1.0,0.0,0.062,0.155
2020-01-07 19:30:00,19.93,20.22,18.56,19.43,18.45,19.53,20.01,19.07,18.07,19.28,18.02,17.98,18.11,18.5,20.81,18.3,19.32,18.06,17.28,19.66,2.35,0.0,0.0,0.694,0.0,0.414,0.336,1.0,0.667,0.448,0.0,0.261,0.238,0.256,0.109,0.246,0.446,0.32,1.0,0.0,0.097,0.159
2020-01-07 19:45:00,19.81,20.3,18.93,19.37,18.33,19.62,20.13,19.14,18.12,19.27,18.01,17.97,18.26,18.5,20.82,18.39,19.47,18.1,17.36,19.64,2.28,0.0,0.037,0.739,0.0,0.484,0.324,1.0,0.747,0.465,0.014,0.262,0.241,0.259,0.143,0.249,0.444,0.351,1.0,0.0,0.112,0.168
2020-01-07 20:00:00,19.71,20.2,18.47,19.5,18.49,19.47,19.99,19.09,18.0,19.27,18.01,17.98,18.08,18.5,20.82,18.24,19.25,17.98,17.23,19.61,2.21,0.0,0.097,0.699,0.0,0.517,0.385,1.0,0.687,0.428,0.0,0.263,0.244,0.263,0.07,0.252,0.441,0.307,1.0,0.0,0.068,0.181
2020-01-07 20:15:00,19.66,19.57,18.92,19.27,18.34,19.52,20.06,19.15,18.04,19.27,18.35,18.33,18.23,18.5,20.83,18.34,19.42,18.05,17.35,19.59,2.14,0.0,0.145,0.0,0.0,0.448,0.305,1.0,0.755,0.454,0.052,0.264,0.993,1.0,0.159,0.252,0.439,0.382,1.0,0.0,0.137,0.193
2020-01-07 20:30:00,19.56,19.62,18.58,19.33,18.47,19.41,19.95,19.07,17.94,19.27,18.81,18.78,18.06,18.5,20.83,18.21,19.25,17.91,17.24,19.57,2.07,0.0,0.171,0.215,0.0,0.563,0.378,1.0,0.72,0.426,0.029,0.265,0.823,0.837,0.083,0.25,0.437,0.329,1.0,0.0,0.076,0.203
2020-01-07 20:45:00,19.51,19.62,18.66,19.29,18.38,19.43,20.0,19.15,17.98,19.27,19.04,18.97,18.17,18.5,20.83,18.27,19.37,17.99,17.31,19.56,2.0,0.0,0.22,0.19,0.0,0.535,0.313,1.0,0.777,0.464,0.08,0.265,0.596,0.612,0.168,0.249,0.435,0.394,1.0,0.0,0.129,0.213
2020-01-07 21:00:00,19.44,19.57,18.73,19.22,18.28,19.43,20.04,19.18,18.01,19.27,19.09,19.01,18.26,18.5,20.84,18.34,19.43,18.06,17.39,19.54,1.94,0.0,0.243,0.192,0.0,0.553,0.358,1.0,0.75,0.426,0.061,0.266,0.482,0.515,0.114,0.249,0.433,0.363,1.0,0.0,0.096,0.222
2020-01-07 21:15:00,19.4,19.48,18.56,19.32,18.48,19.14,19.88,19.12,17.87,19.27,19.1,19.02,18.04,18.49,20.84,18.14,19.16,17.87,17.18,19.53,1.88,0.0,0.278,0.214,0.633,0.592,0.408,0.285,0.731,0.409,0.046,0.367,0.455,0.495,0.068,0.252,0.431,0.331,1.0,0.0,0.055,0.229
2020-01-07 21:30:00,19.39,19.51,19.04,19.2,18.23,19.22,20.04,19.19,18.0,19.29,19.1,19.02,18.26,18.48,20.85,18.32,19.46,18.04,17.38,19.52,1.81,0.0,0.3,0.262,0.72,0.54,0.311,0.431,0.811,0.438,0.116,0.363,0.451,0.492,0.179,0.256,0.429,0.428,1.0,0.0,0.159,0.236
2020-01-07 21:45:00,19.36,19.43,18.78,19.29,18.35,19.13,19.94,19.17,17.91,19.29,19.11,19.04,18.11,18.48,20.85,18.17,19.23,17.92,17.24,19.51,1.75,0.0,0.303,0.245,0.48,0.598,0.434,0.392,0.732,0.405,0.048,0.357,0.449,0.488,0.07,0.259,0.427,0.341,1.0,0.0,0.061,0.242
2020-01-07 22:00:00,19.34,19.42,18.91,19.29,18.31,19.1,19.95,19.17,17.94,19.3,19.13,19.05,18.08,18.48,20.85,18.15,19.19,17.87,17.23,19.5,1.68,0.0,0.322,0.287,0.611,0.555,0.377,0.434,0.782,0.416,0.097,0.354,0.445,0.482,0.146,0.261,0.425,0.413,1.0,0.0,0.13,0.247
2020-01-07 22:15:00,19.32,19.37,18.9,19.24,18.44,19.07,19.93,19.17,17.92,19.3,19.14,19.07,18.08,18.48,20.86,18.08,19.1,17.86,17.18,19.49,1.62,0.0,0.33,0.29,0.547,0.353,0.393,0.451,0.774,0.417,0.082,0.352,0.436,0.473,0.959,0.261,0.423,0.425,1.0,1.0,0.135,0.252
2020-01-07 22:30:00,19.3,19.34,18.91,19.2,18.38,19.05,19.93,19.17,17.9,19.3,19.16,19.08,18.35,18.48,20.86,18.24,19.35,18.24,17.35,19.48,1.55,0.0,0.34,0.313,0.549,0.381,0.329,0.463,0.784,0.416,0.092,0.351,0.428,0.465,0.96,0.261,0.421,0.459,1.0,1.0,0.162,0.256
2020-01-07 22:45:00,19.29,19.33,18.92,19.2,18.47,19.03,19.92,19.18,17.9,19.3,19.17,19.09,18.45,18.48,20.87,18.23,19.35,18.44,17.35,19.47,1.48,0.0,0.351,0.332,0.546,0.399,0.359,0.473,0.787,0.416,0.098,0.35,0.422,0.459,0.824,0.261,0.419,0.379,1.0,0.879,0.077,0.26
2020-01-07 23:00:00,19.27,19.31,18.94,19.2,18.48,19.01,19.91,19.19,17.9,19.31,19.17,19.1,18.47,18.48,20.87,18.21,19.35,18.56,17.34,19.47,1.42,0.0,0.357,0.337,0.538,0.399,0.316,0.485,0.791,0.411,0.098,0.349,0.417,0.454,0.776,0.261,0.417,0.385,1.0,0.778,0.075,0.264
2020-01-07 23:15:00,19.26,19.29,18.95,19.19,18.54,18.99,19.91,19.19,17.9,19.31,19.18,19.1,18.52,18.47,20.78,18.19,19.28,18.66,17.35,19.46,1.37,0.0,0.364,0.346,0.53,0.401,0.761,0.495,0.793,0.407,0.099,0.347,0.413,0.451,0.765,0.262,0.0,0.396,0.327,0.719,0.08,0.267
2020-01-07 23:30:00,19.25,19.28,18.97,19.18,18.57,18.97,19.9,19.2,17.89,19.31,19.18,19.11,18.56,18.47,20.66,18.21,19.21,18.74,17.35,19.46,1.31,0.0,0.369,0.354,0.524,0.405,0.729,0.505,0.797,0.405,0.102,0.346,0.411,0.448,0.74,0.264,0.0,0.404,0.359,0.669,0.077,0.27
2020-01-07 23:45:00,19.24,19.26,18.98,19.18,18.57,18.95,19.89,19.2,17.89,19.32,19.19,19.11,18.58,18.47,20.55,18.21,19.16,18.78,17.33,19.45,1.25,0.0,0.374,0.361,0.517,0.409,0.714,0.515,0.8,0.402,0.104,0.344,0.409,0.446,0.72,0.265,0.0,0.393,0.397,0.632,0.076,0.272
2020-01-08 00:00:00,19.24,19.26,19.0,19.17,18.57,18.94,19.89,19.21,17.89,19.32,19.2,19.12,18.59,18.47,20.45,18.21,19.14,18.8,17.32,19.45,1.18,0.0,0.379,0.368,0.51,0.412,0.714,0.524,0.803,0.399,0.105,0.342,0.407,0.444,0.711,0.266,0.0,0.395,0.421,0.612,0.083,0.274
2020-01-08 00:15:00,19.23,19.25,19.02,19.2,18.53,18.94,19.43,19.22,18.41,19.32,19.2,19.13,18.69,18.63,20.36,18.36,19.21,18.87,17.62,19.44,1.11,0.0,0.382,0.372,0.502,0.415,0.713,0.531,0.054,0.396,1.0,0.341,0.402,0.439,0.706,0.765,0.0,0.895,0.432,0.599,1.0,0.276
2020-01-08 00:30:00,19.23,19.25,19.05,19.28,18.76,18.95,19.61,19.23,18.65,19.32,19.21,19.14,18.66,18.91,20.26,18.31,19.11,18.88,17.93,19.44,1.03,0.0,0.385,0.374,0.488,0.4,0.733,0.528,0.286,0.392,0.795,0.339,0.399,0.436,0.657,0.686,0.0,0.819,0.394,0.567,1.0,0.278
2020-01-08 00:45:00,19.23,19.25,19.11,19.29,18.88,18.99,19.58,19.26,18.61,19.33,19.21,19.14,18.78,19.1,20.17,18.38,19.21,18.99,18.29,19.44,0.96,0.0,0.387,0.375,0.474,0.36,0.619,0.526,0.197,0.384,0.674,0.338,0.396,0.432,0.67,0.545,0.0,0.845,0.447,0.562,1.0,0.28
2020-01-08 01:00:00,19.21,19.23,19.1,19.28,19.01,18.95,19.53,19.24,18.67,19.33,19.21,19.14,18.88,19.17,20.08,18.48,19.24,19.08,18.51,19.43,0.89,0.0,0.387,0.375,0.445,0.355,0.558,0.507,0.208,0.372,0.694,0.337,0.393,0.429,0.612,0.452,0.0,0.809,0.395,0.503,0.853,0.282
2020-01-08 01:15:00,19.21,19.23,19.1,19.28,19.07,18.94,19.53,19.25,18.7,19.33,19.21,19.13,18.93,19.19,20.0,18.53,19.26,19.13,18.63,19.43,0.82,0.0,0.396,0.386,0.452,0.362,0.496,0.523,0.237,0.38,0.663,0.335,0.395,0.432,0.561,0.417,0.0,0.758,0.381,0.458,0.743,0.283
2020-01-08 01:30:00,19.2,19.21,19.11,19.28,19.09,18.94,19.51,19.25,18.72,19.33,19.21,19.13,18.96,19.19,19.91,18.55,19.25,19.15,18.69,19.43,0.76,0.0,0.397,0.387,0.448,0.362,0.467,0.528,0.235,0.377,0.652,0.334,0.396,0.433,0.534,0.407,0.001,0.736,0.371,0.434,0.687,0.285
2020-01-08 01:45:00,19.19,19.21,19.12,19.27,19.1,18.93,19.48,19.25,18.77,19.34,19.21,19.13,18.97,19.2,19.85,18.57,19.23,19.16,18.74,19.43,0.69,0.0,0.402,0.393,0.443,0.362,0.455,0.531,0.247,0.376,0.638,0.333,0.397,0.434,0.522,0.404,0.043,0.724,0.377,0.425,0.657,0.286
2020-01-08 02:00:00,19.18,19.2,19.12,19.27,19.12,18.92,19.46,19.25,18.8,19.34,19.2,19.13,18.98,19.21,19.8,18.59,19.23,19.17,18.78,19.42,0.62,0.0,0.406,0.397,0.442,0.363,0.448,0.536,0.259,0.377,0.617,0.332,0.397,0.435,0.516,0.401,0.076,0.715,0.383,0.42,0.632,0.287
2020-01-08 02:15:00,19.16,19.18,19.13,19.26,19.24,18.9,19.43,19.25,18.83,19.34,19.2,19.13,18.9,19.22,19.76,18.47,19.16,19.12,18.76,19.42,0.56,0.0,0.409,0.401,0.44,0.363,0.442,0.54,0.269,0.376,0.598,0.331,0.398,0.435,0.51,0.396,0.102,0.706,0.387,0.415,0.611,0.288
2020-01-08 02:30:00,19.17,19.18,19.12,19.27,19.1,18.89,19.42,19.24,18.87,19.34,19.2,19.13,19.02,19.22,19.73,18.64,19.24,19.2,18.87,19.42,0.49,0.0,0.419,0.41,0.437,0.369,0.382,0.549,0.284,0.375,0.585,0.33,0.398,0.436,0.551,0.392,0.122,0.765,0.418,0.438,0.618,0.29
2020-01-08 02:45:00,19.15,19.16,19.12,19.27,19.04,18.88,19.38,19.25,18.9,19.34,19.2,19.12,19.08,19.23,19.7,18.74,19.26,19.26,18.91,19.42,0.43,0.0,0.414,0.408,0.442,0.365,0.448,0.553,0.289,0.378,0.564,0.329,0.399,0.437,0.489,0.388,0.137,0.678,0.382,0.4,0.567,0.29
2020-01-08 03:00:00,19.16,19.17,19.12,19.25,19.26,18.87,19.38,19.25,18.94,19.35,19.21,19.14,18.92,19.24,19.68,18.52,19.16,19.16,18.85,19.42,0.39,0.0,0.427,0.42,0.441,0.365,0.479,0.562,0.31,0.376,0.551,0.328,0.399,0.438,0.459,0.385,0.15,0.628,0.368,0.372,0.543,0.291
2020-01-08 03:15:00,19.73,19.18,19.14,19.31,19.15,18.88,19.39,19.25,18.97,19.35,19.29,19.14,19.1,19.25,19.66,18.66,19.22,19.32,18.94,19.41,0.35,0.0,0.972,0.415,0.438,0.373,0.369,0.564,0.311,0.375,0.529,0.327,0.544,0.432,1.0,0.378,0.161,0.741,0.42,1.0,0.575,0.292
2020-01-08 03:30:00,19.71,19.19,19.2,19.35,19.21,18.93,19.4,19.29,19.02,19.35,19.38,19.15,19.15,19.26,19.64,18.68,19.23,19.51,18.96,19.41,0.31,0.0,0.685,0.412,0.432,0.347,0.425,0.559,0.307,0.373,0.516,0.327,0.507,0.428,1.0,0.373,0.17,0.669,0.391,1.0,0.532,0.293
2020-01-08 03:45:00,19.69,19.18,19.19,19.34,19.25,18.92,19.37,19.28,19.02,19.35,19.42,19.16,19.21,19.27,19.63,18.71,19.24,19.63,18.99,19.41,0.27,0.0,0.694,0.403,0.402,0.325,0.397,0.534,0.299,0.357,0.491,0.326,0.461,0.424,1.0,0.368,0.178,0.659,0.385,0.994,0.521,0.294
2020-01-08 04:00:00,19.73,19.18,19.18,19.34,19.28,18.91,19.37,19.27,19.04,19.35,19.43,19.16,19.25,19.28,19.62,18.73,19.24,19.71,19.01,19.41,0.26,0.0,0.705,0.409,0.406,0.332,0.375,0.541,0.313,0.361,0.489,0.325,0.439,0.421,1.0,0.363,0.185,0.645,0.382,0.935,0.505,0.294
2020-01-08 04:15:00,19.74,19.19,19.2,19.38,19.21,18.91,19.77,19.28,19.06,19.35,19.44,19.16,19.25,19.28,19.61,18.69,19.22,19.71,19.01,19.41,0.25,0.0,0.684,0.409,0.408,0.332,0.0,0.546,1.0,0.363,0.481,0.325,0.433,0.42,1.0,0.361,0.192,0.635,0.381,0.897,0.495,0.295
2020-01-08 04:30:00,19.76,19.2,19.22,19.4,19.17,18.94,19.8,19.31,19.09,19.35,19.45,19.17,19.23,19.29,19.6,18.66,19.19,19.71,19.0,19.41,0.24,0.0,0.682,0.407,0.402,0.309,0.0,0.543,0.964,0.358,0.471,0.324,0.43,0.419,1.0,0.359,0.197,0.653,0.392,0.893,0.496,0.296
2020-01-08 04:45:00,19.78,19.19,19.23,19.4,19.15,18.94,19.81,19.31,19.09,19.35,19.45,19.17,19.23,19.29,19.59,18.65,19.19,19.72,19.01,19.41,0.23,0.0,0.668,0.4,0.388,0.301,0.0,0.53,0.951,0.346,0.456,0.324,0.427,0.417,1.0,0.357,0.202,0.669,0.404,0.895,0.498,0.296
2020-01-08 05:00:00,19.8,19.19,19.23,19.4,19.13,18.94,19.83,19.31,19.1,19.35,19.46,19.17,19.23,19.29,19.58,18.63,19.18,19.73,19.02,19.4,0.19,0.0,0.659,0.403,0.384,0.299,0.0,0.528,0.945,0.347,0.453,0.323,0.423,0.415,1.0,0.355,0.207,0.677,0.407,0.889,0.496,0.297
2020-01-08 05:15:00,19.8,19.17,19.21,19.29,19.12,18.89,19.81,19.29,19.09,19.32,19.46,19.42,19.22,19.29,19.57,18.61,19.17,19.74,18.8,19.4,0.15,0.0,0.651,0.405,0.384,0.0,0.0,0.53,0.933,0.347,0.449,0.023,0.421,1.0,1.0,0.354,0.211,0.684,0.411,0.883,0.0,0.298
2020-01-08 05:30:00,19.8,19.16,19.17,19.24,19.07,18.85,19.8,19.26,19.08,19.29,19.46,19.73,19.2,19.3,19.57,18.53,19.15,19.72,18.57,19.4,0.12,0.0,0.65,0.414,0.394,0.0,0.0,0.556,0.943,0.353,0.455,0.039,0.419,1.0,1.0,0.353,0.214,0.695,0.415,0.879,0.0,0.298
2020-01-08 05:45:00,19.82,19.16,19.17,19.22,18.88,18.86,19.83,19.26,19.09,19.27,19.47,19.93,19.19,19.3,19.56,18.69,19.14,19.72,18.42,19.4,0.08,0.0,0.649,0.421,0.416,0.0,0.0,0.573,0.949,0.372,0.459,0.057,0.418,1.0,1.0,0.352,0.217,0.737,0.425,0.889,0.0,0.299
2020-01-08 06:00:00,19.83,19.14,19.13,19.23,18.9,18.82,19.81,19.26,19.08,19.25,19.47,20.09,19.11,19.3,19.55,18.49,19.08,19.67,18.22,19.4,0.06,0.0,0.64,0.422,0.413,0.0,0.0,0.569,0.937,0.369,0.455,0.066,0.416,1.0,1.0,0.352,0.22,0.656,0.431,0.889,0.0,0.299
2020-01-08 06:15:00,19.83,19.15,19.14,19.24,18.96,18.81,19.81,19.26,19.52,19.24,19.47,20.22,18.94,19.48,19.72,18.44,18.98,19.48,18.04,19.39,0.04,0.0,0.635,0.428,0.435,0.0,0.0,0.591,0.947,0.371,1.0,0.074,0.415,1.0,1.0,1.0,1.0,1.0,0.459,0.913,0.041,0.0
2020-01-08 06:30:00,19.85,19.15,19.17,19.25,18.78,18.84,19.85,19.27,19.65,19.23,19.48,20.32,19.0,19.79,19.91,18.55,19.05,19.57,18.09,19.37,0.02,0.0,0.633,0.427,0.431,0.0,0.0,0.593,0.945,0.371,1.0,0.08,0.414,1.0,1.0,1.0,1.0,1.0,0.509,1.0,0.13,0.0
2020-01-08 06:45:00,19.86,19.15,19.17,19.25,18.79,18.84,19.85,19.27,19.7,19.21,19.48,20.42,19.0,20.1,20.07,18.48,19.07,19.57,18.0,19.33,0.0,0.0,0.623,0.423,0.413,0.0,0.0,0.578,0.925,0.364,1.0,0.086,0.412,1.0,1.0,1.0,1.0,1.0,0.474,0.963,0.107,0.0
2020-01-08 07:00:00,19.86,19.14,19.17,19.23,18.66,18.83,19.85,19.27,19.74,19.2,19.48,20.5,19.04,20.28,20.2,18.55,19.08,19.64,18.03,19.3,-0.02,0.0,0.622,0.427,0.417,0.0,0.0,0.582,0.925,0.364,1.0,0.093,0.411,1.0,1.0,0.851,1.0,1.0,0.464,0.966,0.152,0.0
2020-01-08 07:15:00,19.86,19.14,19.15,19.23,18.87,18.81,19.85,19.27,19.77,19.19,19.48,20.58,18.86,20.4,20.32,18.4,18.94,19.43,17.88,19.26,-0.05,0.0,0.621,0.428,0.417,0.0,0.0,0.585,0.923,0.366,1.0,0.099,0.411,1.0,1.0,0.759,1.0,1.0,0.458,0.93,0.133,0.0
2020-01-08 07:30:00,19.86,19.14,19.16,19.22,18.68,18.81,19.85,19.26,19.8,19.18,19.48,20.63,18.94,20.46,20.42,18.51,19.0,19.56,17.98,19.23,-0.07,0.0,0.62,0.431,0.423,0.0,0.0,0.593,0.927,0.367,1.0,0.106,0.411,0.961,1.0,0.699,0.991,1.0,0.531,1.0,0.208,0.0
2020-01-08 07:45:00,19.86,19.13,19.15,19.21,18.7,18.8,19.85,19.26,19.84,19.16,19.48,20.68,18.94,20.51,20.51,18.44,19.05,19.54,17.91,19.19,-0.09,0.0,0.618,0.432,0.422,0.0,0.0,0.595,0.924,0.368,1.0,0.112,0.41,0.934,1.0,0.669,0.941,1.0,0.5,0.968,0.16,0.0
2020-01-08 08:00:00,19.87,19.13,19.16,19.2,18.58,18.8,19.86,19.26,19.88,19.15,19.48,20.71,18.99,20.54,20.58,18.5,19.06,19.63,17.97,19.16,-0.06,0.0,0.618,0.434,0.424,0.0,0.0,0.599,0.926,0.369,1.0,0.119,0.41,0.91,1.0,0.647,0.896,1.0,0.474,0.979,0.193,0.0
2020-01-08 08:15:00,19.87,18.48,19.29,19.15,18.79,18.72,19.83,19.25,19.91,19.14,19.49,20.75,18.8,20.57,20.65,18.35,18.94,19.4,17.83,19.13,-0.03,2.7,0.614,0.0,1.0,0.0,0.0,0.399,0.922,0.369,1.0,0.124,0.409,0.893,1.0,0.631,0.858,1.0,0.669,0.937,0.164,0.0
2020-01-08 08:30:00,19.87,18.42,19.28,19.1,18.63,18.7,19.81,19.23,19.92,19.13,19.5,20.86,18.9,20.64,20.71,18.47,19.06,19.55,17.94,19.11,-0.0,33.7,0.616,0.0,1.0,0.0,0.0,0.441,0.935,0.375,1.0,0.129,0.406,0.876,1.0,0.616,0.823,1.0,0.73,1.0,0.235,0.0
2020-01-08 08:45:00,19.89,18.38,19.3,19.11,18.56,18.71,19.83,19.24,19.97,19.12,19.52,21.02,19.01,20.74,20.77,18.5,19.25,19.63,17.97,19.08,0.03,64.6,0.616,0.0,1.0,0.0,0.0,0.452,0.946,0.387,1.0,0.134,0.399,0.82,1.0,0.582,0.794,1.0,0.668,0.977,0.179,0.0
2020-01-08 09:00:00,19.92,18.36,19.32,19.16,18.8,18.71,19.85,19.26,20.03,19.11,19.55,21.18,18.82,20.85,20.82,18.38,19.02,19.42,17.87,19.05,0.23,95.6,0.605,0.0,1.0,0.0,0.0,0.446,0.935,0.38,1.0,0.139,0.389,0.742,1.0,0.53,0.766,1.0,0.573,0.933,0.164,0.0
2020-01-08 09:15:00,19.95,18.44,19.42,19.22,18.64,18.77,19.92,19.3,20.11,19.1,19.57,21.38,18.97,20.98,20.86,18.52,19.13,19.59,17.99,19.02,0.43,126.5,0.59,0.0,1.0,0.0,0.0,0.443,0.926,0.372,1.0,0.144,0.375,0.658,1.0,0.473,0.74,1.0,0.689,1.0,0.217,0.0
2020-01-08 09:30:00,19.99,18.55,19.52,19.28,18.57,18.81,19.97,19.32,20.18,19.09,19.59,21.52,19.12,21.09,20.91,18.57,19.3,19.69,18.03,19.0,0.63,145.0,0.573,0.0,1.0,0.0,0.0,0.413,0.892,0.352,1.0,0.148,0.366,0.561,1.0,0.41,0.718,1.0,0.636,0.956,0.154,0.0
2020-01-08 09:45:00,20.02,18.65,19.59,19.35,18.84,18.84,20.01,19.34,20.25,19.09,19.61,21.6,18.89,21.14,20.95,18.45,19.09,19.46,17.91,18.97,0.84,163.4,0.554,0.0,1.0,0.0,0.0,0.393,0.864,0.338,1.0,0.153,0.355,0.488,1.0,0.357,0.696,1.0,0.55,0.905,0.137,0.0
2020-01-08 10:00:00,20.05,18.7,19.69,19.4,18.6,18.9,20.07,19.36,20.32,19.08,19.62,21.65,19.15,21.17,20.98,18.6,19.23,19.65,18.04,18.95,1.05,181.9,0.538,0.0,1.0,0.0,0.0,0.378,0.844,0.328,1.0,0.157,0.343,0.452,1.0,0.329,0.676,1.0,0.654,1.0,0.196,0.0
2020-01-08 10:15:00,20.08,18.72,19.74,19.44,18.81,18.91,20.09,19.38,20.38,19.07,19.63,21.71,18.96,21.2,21.01,18.48,19.17,19.5,17.93,18.92,1.26,200.3,0.523,0.0,1.0,0.0,0.0,0.352,0.815,0.318,1.0,0.16,0.339,0.425,1.0,0.313,0.66,1.0,0.585,0.925,0.129,0.0
2020-01-08 10:30:00,20.1,18.76,19.81,19.46,18.68,18.94,20.12,19.39,20.43,19.06,19.65,21.8,19.18,21.21,21.04,18.6,19.24,19.64,18.04,18.9,1.47,217.9,0.511,0.0,1.0,0.0,0.0,0.344,0.803,0.311,1.0,0.164,0.333,0.394,1.0,0.301,0.643,1.0,0.614,0.998,0.183,0.0
2020-01-08 10:45:00,20.12,18.81,19.86,19.48,18.59,18.96,20.14,19.4,20.48,19.06,19.66,21.86,19.37,21.2,21.07,18.69,19.37,19.78,18.09,18.87,1.68,235.4,0.499,0.0,1.0,0.0,0.0,0.332,0.791,0.304,1.0,0.168,0.327,0.349,1.0,0.295,0.628,1.0,0.581,0.928,0.128,0.0
2020-01-08 11:00:00,20.15,18.84,19.9,19.5,18.77,18.96,20.16,19.41,20.51,19.05,19.68,21.9,19.21,21.17,21.1,18.67,19.24,19.63,18.04,18.85,1.88,253.0,0.488,0.0,1.0,0.0,0.0,0.322,0.779,0.298,1.0,0.171,0.32,0.319,1.0,0.302,0.614,1.0,0.516,0.858,0.106,0.0
2020-01-08 11:15:00,20.17,18.87,19.96,19.51,18.89,18.98,20.18,19.42,20.56,19.04,19.7,21.93,19.16,21.15,21.12,18.64,19.17,19.54,17.96,18.82,2.09,270.6,0.477,0.0,1.0,0.0,0.0,0.318,0.771,0.295,1.0,0.175,0.31,0.298,1.0,0.315,0.602,1.0,0.579,0.936,0.132,0.0
2020-01-08 11:30:00,20.19,18.87,20.01,19.53,18.66,19.01,20.21,19.44,20.6,19.04,19.71,21.92,19.52,21.14,21.14,18.86,19.37,19.76,18.13,18.8,2.29,272.3,0.466,0.0,1.0,0.0,0.0,0.308,0.758,0.289,1.0,0.178,0.3,0.285,1.0,0.327,0.59,1.0,0.617,0.982,0.169,0.0
2020-01-08 11:45:00,20.21,18.87,20.06,19.55,18.82,19.02,20.23,19.45,20.64,19.03,19.73,21.89,19.37,21.13,21.16,18.88,19.32,19.72,18.09,18.78,2.5,274.0,0.455,0.0,1.0,0.0,0.0,0.297,0.745,0.282,1.0,0.181,0.293,0.29,1.0,0.332,0.579,1.0,0.513,0.87,0.083,0.0
2020-01-08 12:00:00,20.22,18.84,20.11,19.56,18.97,19.04,20.25,19.45,20.67,19.03,19.73,21.84,19.32,21.12,21.18,18.88,19.22,19.61,18.0,18.75,2.66,275.7,0.444,0.0,1.0,0.0,0.0,0.288,0.733,0.277,1.0,0.184,0.286,0.305,1.0,0.336,0.569,1.0,0.538,0.888,0.105,0.0
2020-01-08 12:15:00,20.23,18.8,20.11,19.57,18.8,19.04,20.26,19.45,20.69,19.02,19.74,21.77,19.61,21.1,21.2,19.09,19.4,19.78,18.14,18.73,2.82,277.5,0.438,0.0,1.0,0.0,0.0,0.282,0.726,0.274,1.0,0.187,0.283,0.331,1.0,0.342,0.56,1.0,0.588,0.946,0.149,0.0
2020-01-08 12:30:00,20.24,18.75,20.04,19.55,18.87,19.04,20.26,19.45,20.7,19.02,19.74,21.71,19.64,21.08,21.21,19.19,19.42,19.83,18.13,18.71,2.98,273.2,0.433,0.0,1.0,0.0,0.0,0.281,0.722,0.273,1.0,0.189,0.282,0.365,1.0,0.351,0.552,1.0,0.502,0.86,0.078,0.0
2020-01-08 12:45:00,20.25,18.71,20.02,19.56,18.89,19.16,20.26,19.45,20.71,19.01,19.75,21.66,19.63,21.07,21.23,19.26,19.4,19.91,18.15,18.69,3.14,269.0,0.428,0.0,1.0,0.0,0.0,0.281,0.72,0.275,1.0,0.192,0.28,0.397,1.0,0.36,0.544,1.0,0.492,0.834,0.086,0.0
2020-01-08 13:00:00,20.26,18.65,20.02,19.57,18.93,19.34,20.29,19.54,20.74,19.01,19.75,21.56,19.66,21.03,21.24,19.31,19.43,19.97,18.16,18.66,3.24,264.7,0.424,0.0,1.0,0.0,0.0,0.219,0.718,0.276,1.0,0.195,0.277,0.421,1.0,0.367,0.537,1.0,0.498,0.797,0.076,0.007
2020-01-08 13:15:00,20.27,18.6,20.02,19.57,18.95,19.38,20.3,19.68,20.76,19.0,19.74,21.51,19.68,21.01,21.25,19.35,19.44,20.01,18.16,18.64,3.34,260.4,0.42,0.0,1.0,0.0,0.0,0.131,0.706,0.232,1.0,0.197,0.277,0.468,1.0,0.384,0.53,1.0,0.486,0.766,0.069,0.018
2020-01-08 13:30:00,20.26,18.56,20.01,19.57,18.97,19.43,20.3,19.69,20.77,19.0,19.74,21.48,19.7,21.0,21.26,19.4,19.44,20.04,18.15,18.62,3.44,260.6,0.417,0.0,1.0,0.0,0.0,0.111,0.702,0.162,1.0,0.199,0.278,0.493,1.0,0.395,0.524,1.0,0.48,0.744,0.071,0.028
2020-01-08 13:45:00,20.26,18.51,20.0,19.56,18.99,19.49,20.3,19.71,20.78,18.99,19.73,21.46,19.71,20.99,21.27,19.44,19.45,20.07,18.15,18.61,3.54,260.8,0.419,0.0,1.0,0.0,0.0,0.083,0.702,0.153,1.0,0.202,0.281,0.509,1.0,0.402,0.518,1.0,0.479,0.73,0.075,0.038
2020-01-08 14:00:00,20.25,18.49,20.01,19.57,19.03,19.65,20.33,19.77,20.82,18.99,19.7,21.49,19.74,21.0,21.28,19.55,19.49,20.13,18.18,18.59,3.59,261.0,0.421,0.0,1.0,0.0,0.0,0.055,0.701,0.146,1.0,0.204,0.286,0.518,1.0,0.407,0.513,1.0,0.476,0.717,0.076,0.047
2020-01-08 14:15:00,20.27,18.47,20.02,19.59,19.06,19.71,20.37,19.81,20.88,18.98,19.72,21.51,19.71,21.01,21.29,19.63,19.54,20.18,18.22,18.57,3.64,261.2,0.426,0.0,1.0,0.0,0.0,0.0,0.685,0.115,1.0,0.206,0.301,0.503,1.0,0.401,0.508,1.0,0.456,0.687,0.061,0.056
2020-01-08 14:30:00,20.27,18.46,20.03,19.61,19.08,19.73,20.41,19.81,20.93,18.98,19.74,21.52,19.66,21.03,21.3,19.68,19.58,20.2,18.24,18.56,3.68,235.7,0.417,0.0,1.0,0.0,0.0,0.0,0.663,0.097,1.0,0.208,0.292,0.495,1.0,0.393,0.503,0.983,0.431,0.661,0.041,0.064
2020-01-08 14:45:00,20.28,18.45,20.04,19.62,19.09,19.73,20.45,19.81,20.97,18.98,19.76,21.52,19.62,21.04,21.31,19.7,19.62,20.2,18.25,18.54,3.73,210.2,0.414,0.0,1.0,0.0,0.0,0.0,0.643,0.093,1.0,0.21,0.278,0.492,1.0,0.386,0.499,0.96,0.408,0.651,0.03,0.071
2020-01-08 15:00:00,20.27,18.43,20.04,19.62,19.09,19.66,20.46,19.8,21.0,18.97,19.75,21.51,19.59,21.04,21.32,19.68,19.64,20.18,18.24,18.53,3.66,184.7,0.411,0.0,1.0,0.0,0.0,0.0,0.625,0.093,1.0,0.212,0.27,0.489,1.0,0.381,0.495,0.95,0.388,0.649,0.024,0.078
2020-01-08 15:15:00,20.26,18.4,20.04,19.62,19.08,19.58,20.48,19.78,21.02,18.97,19.74,21.5,19.56,21.03,21.32,19.65,19.65,20.16,18.23,18.52,3.58,159.2,0.415,0.0,1.0,0.0,0.0,0.0,0.618,0.1,0.999,0.214,0.275,0.495,1.0,0.381,0.491,0.961,0.382,0.658,0.029,0.084
2020-01-08 15:30:00,20.24,18.37,20.03,19.6,19.06,19.49,20.47,19.75,21.02,18.96,19.72,21.49,19.54,21.03,21.33,19.6,19.64,20.13,18.21,18.51,3.51,121.0,0.418,0.0,1.0,0.0,0.0,0.012,0.612,0.109,0.989,0.216,0.28,0.499,1.0,0.383,0.488,0.976,0.377,0.67,0.034,0.09
2020-01-08 15:45:00,20.23,18.34,20.01,19.58,19.03,19.43,20.45,19.71,21.0,18.96,19.71,21.48,19.5,21.02,21.34,19.53,19.62,20.08,18.18,18.5,3.43,82.8,0.428,0.0,1.0,0.0,0.0,0.057,0.615,0.123,0.99,0.218,0.29,0.504,1.0,0.385,0.484,1.0,0.38,0.686,0.045,0.096
2020-01-08 16:00:00,20.18,18.26,19.97,19.53,18.85,19.31,20.38,19.6,20.91,18.96,19.66,21.41,19.58,20.99,21.34,19.53,19.63,20.18,18.17,18.49,3.27,44.6,0.434,0.0,1.0,0.0,0.0,0.087,0.626,0.146,0.998,0.22,0.297,0.511,1.0,0.388,0.481,1.0,0.392,0.708,0.062,0.101
2020-01-08 16:15:00,20.14,18.17,19.9,19.44,18.95,19.2,20.29,19.55,20.84,18.95,19.61,21.35,19.32,20.95,21.35,19.23,19.34,19.92,17.98,18.48,3.11,6.4,0.459,0.0,1.0,0.0,0.0,0.147,0.661,0.199,1.0,0.222,0.321,0.543,1.0,0.405,0.478,1.0,0.383,0.661,0.066,0.106
2020-01-08 16:30:00,20.1,18.08,19.84,19.38,18.87,19.16,20.23,19.5,20.78,18.95,19.58,21.3,19.24,20.91,21.35,19.11,19.28,19.84,17.91,18.47,2.95,4.8,0.481,0.0,1.0,0.0,0.0,0.201,0.707,0.227,1.0,0.223,0.346,0.576,1.0,0.426,0.476,1.0,0.53,0.792,0.16,0.111
2020-01-08 16:45:00,20.07,18.0,19.79,19.33,18.83,19.07,20.18,19.46,20.72,18.95,19.56,21.26,19.2,20.89,21.36,19.04,19.23,19.8,17.9,18.46,2.79,0.0,0.499,0.0,1.0,0.0,0.0,0.221,0.733,0.249,1.0,0.225,0.36,0.601,1.0,0.444,0.473,1.0,0.562,0.83,0.193,0.115
2020-01-08 17:00:00,20.05,17.93,19.74,19.28,18.8,19.02,20.13,19.42,20.67,18.94,19.56,21.25,19.18,20.88,21.36,19.0,19.22,19.77,17.9,18.45,2.69,0.0,0.515,0.0,1.0,0.0,0.0,0.264,0.762,0.271,1.0,0.226,0.37,0.618,1.0,0.456,0.47,1.0,0.583,0.849,0.202,0.12
2020-01-08 17:15:00,20.03,17.88,19.71,19.24,18.91,18.98,20.1,19.4,20.63,18.94,19.55,21.24,19.03,20.88,21.37,18.86,19.09,19.63,17.81,18.44,2.6,0.0,0.524,0.0,1.0,0.0,0.0,0.288,0.783,0.288,1.0,0.228,0.372,0.624,1.0,0.46,0.468,1.0,0.591,0.867,0.201,0.124
2020-01-08 17:30:00,20.02,17.82,19.67,19.2,18.61,18.93,20.06,19.37,20.59,18.94,19.55,21.22,19.26,20.87,21.37,18.96,19.33,19.81,17.97,18.44,2.51,0.0,0.533,0.0,1.0,0.0,0.0,0.312,0.801,0.302,1.0,0.229,0.374,0.63,1.0,0.461,0.466,1.0,0.653,0.936,0.243,0.128
2020-01-08 17:45:00,20.0,17.76,19.64,19.17,18.83,18.89,20.03,19.34,20.56,18.94,19.54,21.21,19.0,20.87,21.38,18.8,19.13,19.6,17.81,18.43,2.42,0.0,0.542,0.0,1.0,0.0,0.0,0.334,0.819,0.315,1.0,0.231,0.376,0.639,1.0,0.464,0.464,1.0,0.536,0.845,0.163,0.131
2020-01-08 18:00:00,19.99,17.72,19.61,19.13,18.64,18.85,20.0,19.32,20.53,18.93,19.54,21.21,19.13,20.87,21.38,18.84,19.24,19.72,17.92,18.42,2.33,0.0,0.551,0.0,1.0,0.0,0.0,0.357,0.836,0.329,1.0,0.232,0.38,0.646,1.0,0.467,0.461,1.0,0.633,0.95,0.244,0.135
2020-01-08 18:15:00,19.98,17.68,19.59,19.11,18.52,18.83,19.98,19.31,20.51,18.93,19.54,21.21,19.23,20.87,21.39,18.89,19.34,19.83,17.94,18.42,2.25,0.0,0.555,0.0,1.0,0.0,0.0,0.373,0.848,0.339,1.0,0.233,0.381,0.647,1.0,0.466,0.459,1.0,0.58,0.888,0.191,0.138
2020-01-08 18:30:00,19.97,17.64,19.56,19.08,18.68,18.8,19.96,19.29,20.49,18.93,19.54,21.21,19.03,20.87,21.39,18.79,19.14,19.63,17.86,18.41,2.17,0.0,0.56,0.0,1.0,0.0,0.0,0.387,0.858,0.346,1.0,0.235,0.381,0.647,1.0,0.465,0.457,1.0,0.531,0.836,0.179,0.142
2020-01-08 18:45:00,19.96,17.6,19.54,19.06,18.76,18.77,19.94,19.28,20.47,18.93,19.54,21.21,18.91,20.88,21.39,18.68,19.04,19.52,17.77,18.4,2.09,0.0,0.564,0.0,1.0,0.0,0.0,0.402,0.869,0.354,1.0,0.236,0.381,0.647,1.0,0.463,0.455,1.0,0.63,0.933,0.221,0.145
2020-01-08 19:00:00,19.96,17.56,19.52,19.04,18.58,18.75,19.93,19.27,20.45,18.92,19.54,21.21,19.05,20.88,21.4,18.74,19.18,19.67,17.9,18.4,2.0,0.0,0.568,0.0,1.0,0.0,0.0,0.415,0.879,0.361,1.0,0.237,0.381,0.647,1.0,0.462,0.454,1.0,0.678,0.992,0.264,0.148
2020-01-08 19:15:00,19.21,17.51,19.47,18.96,18.45,18.71,19.89,19.24,20.41,18.92,19.47,21.21,19.12,20.88,21.4,18.82,19.3,19.7,17.92,18.39,1.92,0.0,0.021,0.0,1.0,0.0,0.0,0.425,0.886,0.367,1.0,0.238,0.232,0.647,0.476,0.461,0.452,1.0,0.609,0.163,0.199,0.151
2020-01-08 19:30:00,19.46,17.42,19.39,18.88,18.57,18.64,19.83,19.17,20.35,18.92,19.38,21.21,18.88,20.88,21.4,18.66,19.08,19.4,17.83,18.39,1.83,0.0,0.395,0.0,1.0,0.0,0.0,0.446,0.904,0.381,1.0,0.24,0.266,0.647,0.44,0.46,0.45,1.0,0.55,0.151,0.188,0.153
2020-01-08 19:45:00,19.44,17.4,19.4,18.87,18.62,18.65,19.84,19.19,20.35,18.92,19.33,21.21,18.73,20.89,21.41,18.53,18.97,19.2,17.73,18.38,1.75,0.0,0.268,0.0,1.0,0.009,0.0,0.478,0.934,0.416,1.0,0.241,0.31,0.646,0.559,0.458,0.448,1.0,0.658,0.299,0.236,0.156
2020-01-08 20:00:00,19.36,17.36,19.36,18.85,18.42,18.61,19.81,19.16,20.32,18.91,19.31,21.2,18.84,20.88,21.41,18.6,19.11,19.29,17.85,18.38,1.65,0.0,0.278,0.0,1.0,0.015,0.0,0.474,0.93,0.406,1.0,0.242,0.336,0.645,0.635,0.457,0.447,1.0,0.715,0.398,0.284,0.159
2020-01-08 20:15:00,19.36,17.31,19.29,18.79,18.37,18.56,19.39,19.12,20.28,18.91,19.3,21.18,18.96,20.87,21.41,18.71,19.27,19.39,17.9,18.37,1.56,0.0,0.319,0.022,1.0,0.027,0.79,0.496,0.097,0.419,1.0,0.243,0.346,0.65,0.582,0.459,0.445,1.0,0.644,0.357,0.226,0.161
2020-01-08 20:30:00,19.32,17.3,19.28,18.74,18.73,18.54,19.46,19.1,20.25,18.91,19.3,21.17,18.91,20.86,21.42,18.64,19.14,19.25,17.89,18.37,1.47,0.0,0.322,0.047,1.0,0.053,0.813,0.522,0.304,0.441,1.0,0.244,0.348,0.66,0.52,0.465,0.443,1.0,0.564,0.305,0.201,0.163
2020-01-08 20:45:00,19.3,17.28,19.26,18.73,18.66,18.52,19.42,19.09,20.23,18.91,19.29,21.17,18.97,20.86,21.42,18.66,19.21,19.34,17.87,18.36,1.37,0.0,0.341,0.052,1.0,0.081,0.633,0.53,0.271,0.452,1.0,0.244,0.349,0.664,0.547,0.468,0.442,1.0,0.628,0.377,0.207,0.166
2020-01-08 21:00:00,19.27,17.28,19.27,18.67,18.77,18.51,19.39,19.1,20.22,18.91,19.27,21.14,18.84,20.85,21.42,18.58,19.08,19.19,17.81,18.36,1.29,0.0,0.351,0.061,1.0,0.083,0.668,0.541,0.288,0.453,1.0,0.245,0.353,0.667,0.517,0.47,0.44,1.0,0.594,0.329,0.213,0.168
2020-01-08 21:15:00,19.23,17.22,19.19,18.81,18.59,18.41,19.31,19.05,20.16,18.94,19.25,20.85,19.02,20.84,21.43,18.69,19.24,19.39,18.15,18.36,1.21,0.0,0.365,0.062,1.0,0.664,0.616,0.545,0.304,0.452,1.0,0.546,0.363,0.0,0.579,0.475,0.439,1.0,0.661,0.403,1.0,0.17
2020-01-08 21:30:00,19.26,17.38,19.48,18.79,18.9,18.61,19.43,19.2,20.29,18.98,19.24,20.39,18.9,20.82,21.43,18.58,19.11,19.21,18.35,18.35,1.13,0.0,0.384,0.09,1.0,0.597,0.703,0.595,0.345,0.476,1.0,0.532,0.373,0.0,0.492,0.482,0.437,1.0,0.581,0.306,0.925,0.172
2020-01-08 21:45:00,19.18,17.17,19.14,18.93,18.78,18.44,19.24,19.05,20.17,19.0,19.23,19.89,19.09,20.8,21.43,18.7,19.29,19.4,18.63,18.35,1.05,0.0,0.372,0.012,1.0,0.606,0.549,0.497,0.283,0.401,1.0,0.512,0.381,0.0,0.549,0.492,0.436,1.0,0.647,0.393,0.826,0.174
2020-01-08 22:00:00,19.21,17.38,19.39,18.73,18.99,18.62,19.44,19.13,20.29,19.01,19.23,19.6,19.0,20.8,21.43,18.58,19.17,19.3,18.66,18.34,0.96,0.0,0.408,0.113,1.0,0.534,0.611,0.581,0.382,0.473,1.0,0.501,0.387,0.057,0.455,0.501,0.434,1.0,0.557,0.3,0.684,0.176
2020-01-08 22:15:00,19.15,17.15,19.16,18.77,18.89,18.38,19.09,19.05,19.46,19.02,19.23,19.46,19.12,20.67,21.35,18.65,19.26,19.36,18.74,18.36,0.87,0.0,0.394,0.011,1.0,0.637,0.507,0.489,0.282,0.436,0.0,0.494,0.386,0.2,0.501,0.0,0.0,0.71,0.616,0.352,0.67,0.828
2020-01-08 22:30:00,19.12,17.17,19.17,18.69,18.96,18.36,19.23,19.01,19.58,19.03,19.2,19.4,19.08,20.39,21.23,18.6,19.23,19.36,18.76,18.42,0.78,0.0,0.424,0.126,1.0,0.616,0.553,0.608,0.457,0.473,0.271,0.49,0.386,0.271,0.44,0.0,0.0,0.673,0.572,0.321,0.632,0.819
2020-01-08 22:45:00,19.14,17.25,19.23,18.74,18.98,18.43,19.21,19.1,19.54,19.04,19.2,19.39,19.09,20.09,21.11,18.59,19.23,19.35,18.79,18.5,0.69,0.0,0.438,0.115,1.0,0.653,0.518,0.618,0.383,0.493,0.212,0.486,0.4,0.301,0.458,0.0,0.0,0.702,0.585,0.32,0.62,0.789
2020-01-08 23:00:00,19.12,17.27,19.45,18.66,19.05,18.51,19.27,19.11,19.53,19.05,19.18,19.37,19.05,19.85,21.02,18.53,19.18,19.3,18.8,18.56,0.61,0.0,0.428,0.074,1.0,0.628,0.509,0.587,0.395,0.45,0.228,0.481,0.402,0.306,0.454,0.0,0.0,0.703,0.584,0.325,0.605,0.752
2020-01-08 23:15:00,19.07,17.09,19.02,18.8,18.94,18.32,18.99,18.95,19.34,19.06,19.17,19.34,19.12,19.65,20.92,18.64,19.26,19.37,18.85,18.63,0.52,0.0,0.438,0.064,1.0,0.669,0.475,0.544,0.364,0.446,0.235,0.477,0.408,0.316,0.475,0.073,0.0,0.734,0.61,0.349,0.599,0.719
2020-01-08 23:30:00,19.11,17.32,19.29,18.63,19.08,18.49,19.28,19.09,19.47,19.07,19.16,19.3,19.04,19.53,20.83,18.49,19.15,19.29,18.83,18.68,0.43,0.0,0.467,0.157,1.0,0.602,0.531,0.642,0.504,0.524,0.328,0.471,0.414,0.332,0.44,0.174,0.0,0.678,0.571,0.316,0.577,0.686
2020-01-08 23:45:00,19.04,17.06,19.01,18.8,18.96,18.3,19.0,18.96,19.26,19.08,19.15,19.28,19.11,19.46,20.74,18.64,19.21,19.35,18.87,18.73,0.35,0.0,0.447,0.039,1.0,0.686,0.461,0.553,0.358,0.454,0.266,0.466,0.42,0.348,0.48,0.237,0.0,0.756,0.627,0.357,0.587,0.658
2020-01-09 00:00:00,19.1,17.32,19.28,18.63,19.1,18.48,19.26,19.09,19.4,19.09,19.17,19.29,19.05,19.45,20.65,18.49,19.16,19.29,18.86,18.78,0.22,0.0,0.481,0.172,1.0,0.6,0.519,0.652,0.501,0.518,0.369,0.46,0.426,0.362,0.444,0.27,0.0,0.682,0.593,0.323,0.567,0.633
2020-01-09 00:15:00,19.06,17.86,19.01,18.94,19.0,18.35,19.07,19.05,19.28,19.1,19.19,19.32,19.13,19.46,20.56,18.64,19.17,19.35,18.91,18.81,0.1,0.0,0.452,1.0,0.36,0.683,0.449,0.759,0.368,0.454,0.301,0.454,0.416,0.355,0.474,0.275,0.0,0.753,0.422,0.357,0.572,0.612
2020-01-09 00:30:00,19.12,18.27,19.23,18.97,19.08,18.44,19.27,19.22,19.4,19.11,19.2,19.33,19.1,19.47,20.48,18.56,19.1,19.33,18.9,18.85,-0.02,0.0,0.468,1.0,0.494,0.529,0.502,0.823,0.463,0.475,0.359,0.449,0.406,0.342,0.437,0.27,0.0,0.678,0.413,0.323,0.546,0.594
2020-01-09 00:45:00,19.12,18.31,19.33,18.95,19.12,18.64,19.29,19.25,19.42,19.12,19.22,19.33,19.09,19.47,20.4,18.55,19.09,19.3,18.92,18.87,-0.14,0.0,0.442,0.865,0.383,0.516,0.462,0.779,0.364,0.391,0.3,0.443,0.398,0.337,0.45,0.266,0.0,0.718,0.45,0.334,0.549,0.577
2020-01-09 01:00:00,19.08,18.3,19.19,19.02,19.07,18.49,19.19,19.2,19.33,19.13,19.19,19.28,19.12,19.45,20.31,18.61,19.08,19.34,18.93,18.9,-0.26,0.0,0.441,0.845,0.333,0.526,0.44,0.682,0.356,0.374,0.291,0.439,0.391,0.336,0.456,0.263,0.0,0.726,0.457,0.35,0.542,0.564
2020-01-09 01:15:00,19.08,18.33,19.22,19.0,19.08,18.5,19.22,19.2,19.33,19.14,19.17,19.24,19.11,19.42,20.23,18.6,19.05,19.33,18.92,18.92,-0.38,0.0,0.459,0.848,0.406,0.489,0.466,0.754,0.404,0.398,0.337,0.435,0.404,0.361,0.44,0.275,0.0,0.695,0.46,0.331,0.536,0.55
2020-01-09 01:30:00,19.07,18.38,19.2,19.02,19.09,18.52,19.19,19.21,19.32,19.15,19.15,19.21,19.1,19.39,20.16,18.59,19.03,19.32,18.92,18.94,-0.5,0.0,0.459,0.833,0.391,0.498,0.461,0.749,0.39,0.398,0.334,0.431,0.417,0.382,0.446,0.292,0.0,0.702,0.473,0.336,0.539,0.539
2020-01-09 01:45:00,19.05,18.42,19.2,19.02,19.09,18.52,19.19,19.21,19.3,19.15,19.14,19.2,19.08,19.37,20.08,18.58,19.01,19.31,18.91,18.96,-0.61,0.0,0.466,0.811,0.4,0.488,0.456,0.739,0.405,0.395,0.342,0.427,0.424,0.393,0.451,0.307,0.0,0.707,0.486,0.341,0.542,0.528
2020-01-09 02:00:00,19.05,18.47,19.19,19.03,19.09,18.53,19.18,19.21,19.29,19.16,19.14,19.2,19.08,19.36,20.01,18.57,19.0,19.3,18.92,18.98,-0.73,0.0,0.473,0.791,0.399,0.489,0.455,0.741,0.405,0.394,0.352,0.423,0.43,0.401,0.458,0.317,0.0,0.712,0.494,0.346,0.543,0.519
2020-01-09 02:15:00,19.04,18.51,19.19,19.04,19.1,18.53,19.17,19.22,19.28,19.17,19.15,19.2,19.07,19.36,19.93,18.56,19.0,19.3,18.92,19.0,-0.84,0.0,0.474,0.766,0.403,0.485,0.453,0.737,0.411,0.395,0.355,0.419,0.428,0.4,0.461,0.32,0.0,0.716,0.498,0.349,0.541,0.51
2020-01-09 02:30:00,19.01,18.46,19.07,19.15,19.08,18.4,19.09,19.13,19.2,19.17,19.14,19.19,19.08,19.35,19.87,18.58,19.0,19.32,18.93,19.01,-0.96,0.0,0.479,0.744,0.403,0.482,0.451,0.734,0.413,0.391,0.362,0.416,0.427,0.402,0.464,0.321,0.034,0.718,0.502,0.351,0.539,0.502
2020-01-09 02:45:00,19.04,18.68,19.3,18.87,19.14,18.68,19.22,19.42,19.39,19.18,19.14,19.18,19.02,19.35,19.82,18.52,18.96,19.26,18.91,19.03,-1.08,0.0,0.495,0.769,0.464,0.424,0.46,0.802,0.456,0.437,0.401,0.413,0.428,0.407,0.46,0.323,0.067,0.709,0.501,0.342,0.534,0.493
2020-01-09 03:00:00,19.02,18.61,19.13,19.09,19.1,18.52,19.11,19.12,19.14,19.19,19.14,19.18,19.07,19.35,19.79,18.55,18.98,19.29,18.93,19.04,-1.15,0.0,0.482,0.662,0.35,0.564,0.431,0.659,0.389,0.291,0.303,0.41,0.43,0.412,0.492,0.326,0.09,0.739,0.519,0.369,0.544,0.486
2020-01-09 03:15:00,18.27,18.64,19.15,18.98,19.1,18.49,19.14,19.19,19.25,19.25,19.15,19.18,19.06,19.35,19.76,18.52,18.98,19.29,18.94,19.03,-1.22,0.0,0.0,0.696,0.434,0.457,0.448,0.738,0.443,0.439,0.431,1.0,0.428,0.41,0.465,0.325,0.107,0.324,0.509,0.355,0.534,0.0
2020-01-09 03:30:00,18.04,18.59,19.05,18.94,19.09,18.43,19.06,19.12,19.15,19.36,19.15,19.18,19.07,19.35,19.73,18.5,18.98,19.31,18.94,18.99,-1.29,0.0,0.0,0.682,0.423,0.511,0.448,0.753,0.429,0.403,0.373,1.0,0.426,0.41,0.471,0.325,0.12,0.339,0.51,0.355,0.532,0.0
2020-01-09 03:45:00,17.96,18.66,19.14,18.84,19.12,18.49,19.12,19.19,19.22,19.41,19.15,19.18,19.03,19.35,19.71,18.44,18.96,19.27,18.93,18.94,-1.36,0.0,0.0,0.705,0.474,0.528,0.455,0.785,0.469,0.441,0.424,1.0,0.425,0.412,0.464,0.326,0.134,0.352,0.51,0.347,0.528,0.0
2020-01-09 04:00:00,17.84,18.6,18.99,18.95,19.07,18.37,19.02,19.05,19.11,19.44,19.16,19.18,19.07,19.35,19.69,18.47,18.98,19.3,18.95,18.9,-1.41,0.0,0.0,0.672,0.432,0.582,0.44,0.754,0.441,0.403,0.389,1.0,0.424,0.412,0.487,0.327,0.144,0.381,0.522,0.367,0.533,0.0
2020-01-09 04:15:00,17.81,18.71,19.28,18.75,19.13,18.51,19.14,19.24,19.24,19.48,18.92,19.18,18.99,19.35,19.63,18.4,18.95,19.25,18.94,18.86,-1.47,0.0,0.0,0.701,1.0,0.525,0.465,0.814,0.489,0.473,0.446,1.0,0.0,0.411,0.465,0.327,0.0,0.364,0.51,0.348,0.523,0.001
2020-01-09 04:30:00,17.72,18.68,19.23,18.87,19.1,18.43,19.05,19.07,19.11,19.5,18.59,19.18,19.06,19.35,19.56,18.43,18.97,19.28,18.96,18.83,-1.53,0.0,0.0,0.645,1.0,0.625,0.433,0.746,0.428,0.381,0.379,1.0,0.0,0.41,0.503,0.326,0.0,0.398,0.526,0.376,0.531,0.021
2020-01-09 04:45:00,17.69,18.71,19.13,18.87,19.1,18.42,19.08,19.1,19.17,19.53,18.21,19.19,19.06,19.35,19.48,18.44,18.97,19.28,18.97,18.79,-1.59,0.0,0.038,0.661,1.0,0.567,0.452,0.783,0.473,0.464,0.446,1.0,0.0,0.408,0.469,0.325,0.0,0.383,0.515,0.36,0.521,0.037
2020-01-09 05:00:00,17.64,18.72,19.18,18.86,19.11,18.41,19.07,19.1,19.14,19.57,17.97,19.19,19.06,19.35,19.41,18.43,18.97,19.29,18.97,18.76,-1.65,0.0,0.054,0.646,1.0,0.566,0.448,0.79,0.461,0.448,0.417,1.0,0.0,0.407,0.472,0.325,0.0,0.382,0.514,0.358,0.517,0.054
2020-01-09 05:15:00,17.61,18.73,19.11,18.94,19.22,18.4,19.05,19.26,18.52,19.61,17.77,18.96,19.17,19.49,19.35,18.5,19.01,19.33,19.0,18.73,-1.71,0.0,0.081,0.639,1.0,0.722,1.0,1.0,0.467,0.851,0.0,1.0,0.0,0.0,1.0,0.774,0.0,0.383,0.513,0.357,0.514,0.07
2020-01-09 05:30:00,17.58,18.75,19.27,18.89,19.3,18.48,19.12,19.32,18.39,19.65,17.56,18.57,19.28,19.73,19.28,18.53,19.04,19.37,19.03,18.71,-1.77,0.0,0.097,0.637,1.0,0.682,1.0,1.0,0.475,0.772,0.0,1.0,0.0,0.0,0.966,0.707,0.0,0.35,0.493,0.333,0.501,0.083
2020-01-09 05:45:00,17.54,18.77,19.24,18.88,19.33,18.43,19.09,19.33,18.36,19.69,17.42,18.26,19.32,19.89,19.21,18.55,19.05,19.38,19.04,18.68,-1.83,0.0,0.112,0.623,1.0,0.705,1.0,1.0,0.442,0.738,0.0,1.0,0.068,0.0,0.911,0.587,0.0,0.333,0.482,0.314,0.486,0.097
2020-01-09 06:00:00,17.48,18.75,19.19,18.85,19.34,18.51,19.06,19.33,18.3,19.73,17.34,18.0,19.34,19.94,19.14,18.55,19.04,19.36,19.03,18.66,-1.88,0.0,0.132,0.617,1.0,0.708,1.0,1.0,0.457,0.736,0.0,1.0,0.139,0.0,0.888,0.505,0.0,0.324,0.476,0.312,0.481,0.109
2020-01-09 06:15:00,17.48,18.76,19.28,18.77,19.41,18.5,19.09,19.36,18.27,19.77,17.32,17.79,19.34,19.95,19.08,18.53,19.02,19.49,19.16,18.64,-1.92,0.0,0.158,0.624,1.0,0.725,1.0,1.0,0.47,0.736,0.0,1.0,0.179,0.0,0.88,0.48,0.0,0.323,0.481,1.0,1.0,0.119
2020-01-09 06:30:00,17.42,18.73,19.13,18.84,19.45,18.38,19.0,19.32,18.15,19.81,17.31,17.57,19.39,19.94,19.02,18.59,19.06,19.7,19.38,18.62,-1.97,0.0,0.159,0.62,1.0,0.764,1.0,1.0,0.457,0.722,0.0,1.0,0.192,0.0,0.878,0.477,0.0,0.334,0.49,1.0,1.0,0.128
2020-01-09 06:45:00,17.41,18.72,19.04,18.87,19.48,18.26,18.98,19.24,18.04,19.84,17.3,17.42,19.47,19.94,18.96,18.68,19.11,19.85,19.52,18.61,-2.02,0.0,0.189,0.635,1.0,0.732,1.0,1.0,0.501,0.738,0.0,1.0,0.196,0.064,0.856,0.479,0.0,0.304,0.472,1.0,1.0,0.138
2020-01-09 07:00:00,17.42,18.74,19.17,18.8,19.56,18.43,19.04,19.32,18.0,19.88,17.3,17.35,19.48,19.95,18.89,18.65,19.08,19.95,19.62,18.59,-2.06,0.0,0.197,0.641,1.0,0.713,1.0,1.0,0.51,0.781,0.0,1.0,0.2,0.141,0.817,0.481,0.0,0.262,0.446,1.0,1.0,0.145
2020-01-09 07:15:00,17.38,17.9,19.15,18.72,19.58,18.38,19.09,19.3,17.95,19.92,17.29,17.33,19.52,19.96,18.83,18.66,18.97,20.0,19.69,18.58,-2.11,0.0,0.19,0.0,1.0,0.749,1.0,1.0,0.628,0.741,0.0,1.0,0.202,0.176,0.811,0.477,0.0,0.275,0.0,1.0,1.0,0.153
2020-01-09 07:30:00,17.34,17.78,19.08,18.68,19.54,18.33,19.04,19.24,17.83,19.96,17.27,17.33,19.52,19.97,18.77,18.64,18.79,20.09,19.74,18.57,-2.15,0.0,0.208,0.0,1.0,0.79,1.0,1.0,0.604,0.75,0.0,1.0,0.207,0.183,0.792,0.472,0.0,0.268,0.0,1.0,1.0,0.158
2020-01-09 07:45:00,17.37,17.79,19.17,18.62,19.69,18.36,19.09,19.3,17.82,19.99,17.26,17.33,19.42,19.97,18.71,18.39,18.53,19.92,19.72,18.56,-2.19,0.0,0.228,0.061,1.0,0.809,1.0,1.0,0.629,0.781,0.0,1.0,0.215,0.183,0.788,0.467,0.0,0.28,0.0,0.956,1.0,0.165
2020-01-09 08:00:00,17.34,17.69,19.02,18.7,19.46,18.28,19.02,19.23,17.74,20.02,17.27,17.33,19.6,19.99,18.65,18.79,18.68,20.04,19.82,18.55,-2.18,0.0,0.213,0.054,1.0,0.84,1.0,1.0,0.603,0.751,0.0,1.0,0.218,0.186,0.839,0.463,0.0,0.405,0.0,1.0,1.0,0.17
2020-01-09 08:15:00,17.36,17.7,19.09,18.66,19.61,18.34,19.09,19.28,17.72,20.06,17.29,17.34,19.43,20.01,18.59,18.37,18.38,19.95,19.79,18.54,-2.16,2.9,0.23,0.105,1.0,0.802,1.0,1.0,0.642,0.785,0.0,1.0,0.213,0.184,0.752,0.455,0.0,0.204,0.0,0.979,1.0,0.175
2020-01-09 08:30:00,17.36,17.65,19.05,18.68,19.46,18.33,19.08,19.28,17.69,20.09,17.31,17.47,19.63,20.1,18.53,18.89,18.59,20.07,19.91,18.53,-2.15,44.9,0.218,0.101,1.0,0.822,1.0,1.0,0.607,0.761,0.0,1.0,0.204,0.181,0.836,0.445,0.0,0.416,0.0,1.0,1.0,0.179
2020-01-09 08:45:00,17.38,17.65,19.09,18.71,19.64,18.37,19.13,19.32,17.69,20.12,17.33,17.66,19.49,20.23,18.47,18.42,18.27,20.01,19.9,18.52,-2.14,87.0,0.218,0.123,1.0,0.811,1.0,1.0,0.61,0.759,0.0,1.0,0.195,0.113,0.735,0.401,0.0,0.155,0.0,0.966,1.0,0.184
2020-01-09 09:00:00,17.41,17.65,19.13,18.77,19.47,18.41,19.16,19.36,17.7,20.15,17.32,17.79,19.69,20.36,18.42,18.91,18.51,20.12,20.01,18.52,-1.92,129.0,0.208,0.123,1.0,0.794,1.0,1.0,0.587,0.74,0.0,1.0,0.187,0.018,0.805,0.334,0.0,0.39,0.0,0.995,1.0,0.188
2020-01-09 09:15:00,17.42,17.79,19.22,18.85,19.67,18.47,19.21,19.42,17.73,20.19,17.31,17.95,19.57,20.5,18.36,18.45,18.2,20.05,19.99,18.51,-1.69,171.0,0.196,0.124,1.0,0.763,1.0,1.0,0.57,0.718,0.0,1.0,0.189,0.0,0.707,0.27,0.0,0.144,0.0,0.94,1.0,0.191
2020-01-09 09:30:00,17.45,17.86,19.29,18.9,19.5,18.51,19.24,19.46,17.75,20.22,17.31,18.01,19.75,20.57,18.3,18.94,18.47,20.17,20.1,18.5,-1.47,183.4,0.188,0.057,1.0,0.725,1.0,1.0,0.547,0.69,0.0,1.0,0.196,0.0,0.765,0.198,0.0,0.375,0.0,0.975,1.0,0.195
2020-01-09 09:45:00,17.46,17.95,19.36,18.94,19.71,18.55,19.26,19.49,17.76,20.25,17.32,18.06,19.64,20.59,18.24,18.49,18.15,20.08,20.07,18.5,-1.25,195.7,0.177,0.018,1.0,0.7,1.0,1.0,0.531,0.67,0.0,1.0,0.195,0.0,0.673,0.164,0.0,0.128,0.0,0.916,1.0,0.198
2020-01-09 10:00:00,17.48,17.98,19.42,18.97,19.53,18.59,19.3,19.52,17.78,20.28,17.34,18.13,19.83,20.61,18.19,18.99,18.46,20.21,20.2,18.49,-1.05,208.0,0.17,0.0,1.0,0.681,1.0,1.0,0.518,0.656,0.0,1.0,0.188,0.0,0.731,0.153,0.0,0.354,0.0,0.961,1.0,0.201
2020-01-09 10:15:00,17.49,18.02,19.47,19.0,19.64,18.62,19.32,19.54,17.79,20.31,17.35,18.19,19.79,20.6,18.13,18.65,18.22,20.16,20.21,18.49,-0.86,220.4,0.161,0.0,1.0,0.663,1.0,1.0,0.502,0.641,0.0,1.0,0.18,0.0,0.636,0.147,0.0,0.107,0.0,0.894,1.0,0.204
2020-01-09 10:30:00,17.5,18.07,19.52,19.02,19.62,18.64,19.34,19.56,17.79,20.34,17.36,18.27,19.8,20.58,18.07,18.66,18.24,20.17,20.24,18.48,-0.67,246.6,0.154,0.0,1.0,0.651,1.0,1.0,0.49,0.63,0.0,1.0,0.173,0.0,0.654,0.149,0.0,0.276,0.0,0.92,1.0,0.207
2020-01-09 10:45:00,17.51,18.15,19.59,19.03,19.68,18.67,19.36,19.57,17.8,20.37,17.37,18.41,19.89,20.55,18.02,18.78,18.24,20.2,20.29,18.48,-0.48,272.9,0.148,0.0,1.0,0.642,1.0,1.0,0.48,0.621,0.0,1.0,0.169,0.0,0.65,0.161,0.0,0.27,0.0,0.917,1.0,0.21
2020-01-09 11:00:00,17.52,18.2,19.64,19.02,19.72,18.68,19.37,19.58,17.8,20.4,17.38,18.52,19.96,20.51,17.96,18.87,18.26,20.24,20.36,18.47,-0.28,299.2,0.143,0.0,1.0,0.636,1.0,1.0,0.472,0.615,0.0,1.0,0.165,0.0,0.606,0.174,0.0,0.211,0.0,0.902,1.0,0.212
2020-01-09 11:15:00,17.53,18.23,19.69,19.02,19.76,18.7,19.38,19.58,17.79,20.43,17.38,18.61,20.03,20.47,17.9,18.97,18.29,20.29,20.42,18.47,-0.08,325.5,0.14,0.0,1.0,0.638,1.0,1.0,0.466,0.612,0.0,1.0,0.162,0.0,0.569,0.196,0.0,0.165,0.0,0.878,1.0,0.214
2020-01-09 11:30:00,17.54,18.23,19.74,19.03,19.81,18.72,19.39,19.59,17.8,20.45,17.39,18.65,20.11,20.44,17.85,19.07,18.32,20.33,20.48,18.46,0.13,330.3,0.135,0.0,1.0,0.639,1.0,1.0,0.461,0.611,0.0,0.986,0.16,0.0,0.536,0.216,0.0,0.117,0.0,0.857,1.0,0.217
2020-01-09 11:45:00,17.55,18.21,19.79,19.04,19.86,18.74,19.41,19.6,17.8,20.48,17.4,18.65,20.21,20.43,17.8,19.19,18.36,20.38,20.55,18.46,0.33,335.2,0.131,0.0,1.0,0.635,1.0,1.0,0.453,0.605,0.0,0.973,0.156,0.0,0.496,0.229,0.026,0.064,0.0,0.835,1.0,0.219
2020-01-09 12:00:00,17.56,18.2,19.84,19.05,19.92,18.77,19.43,19.61,17.81,20.5,17.42,18.63,20.32,20.42,17.76,19.34,18.4,20.44,20.62,18.45,0.49,340.0,0.127,0.0,1.0,0.631,1.0,1.0,0.446,0.6,0.0,0.961,0.152,0.0,0.447,0.237,0.05,0.004,0.0,0.81,1.0,0.221
2020-01-09 12:15:00,17.57,18.17,19.86,19.06,20.0,18.8,19.45,19.63,17.83,20.52,17.44,18.59,20.43,20.42,17.74,19.55,18.46,20.53,20.71,18.45,0.66,344.9,0.119,0.0,1.0,0.624,1.0,1.0,0.434,0.593,0.0,0.949,0.141,0.0,0.392,0.238,0.068,0.0,0.0,0.778,1.0,0.223
2020-01-09 12:30:00,17.59,18.15,19.75,19.05,20.09,18.82,19.47,19.64,17.84,20.55,17.46,18.54,20.57,20.43,17.72,19.81,18.52,20.64,20.8,18.45,0.82,375.9,0.113,0.0,1.0,0.62,1.0,1.0,0.423,0.586,0.0,0.938,0.13,0.0,0.336,0.238,0.081,0.0,0.0,0.736,1.0,0.225
2020-01-09 12:45:00,17.6,18.11,19.73,19.07,20.21,19.18,19.49,19.65,17.85,20.57,17.48,18.47,20.74,20.43,17.7,20.11,18.61,20.81,20.91,18.44,0.99,406.8,0.106,0.0,1.0,0.623,1.0,1.0,0.415,0.582,0.0,0.927,0.119,0.0,0.267,0.237,0.091,0.0,0.0,0.68,0.998,0.227
2020-01-09 13:00:00,17.62,18.08,19.75,19.13,20.37,19.65,19.53,19.8,17.89,20.59,17.48,18.37,20.92,20.42,17.69,20.42,18.72,21.04,21.0,18.44,1.17,437.8,0.099,0.0,1.0,0.616,1.0,1.0,0.404,0.577,0.0,0.917,0.109,0.0,0.181,0.237,0.099,0.0,0.0,0.597,0.946,0.228
2020-01-09 13:15:00,17.65,18.06,19.79,19.19,20.55,19.84,19.58,20.03,17.94,20.61,17.49,18.26,21.13,20.41,17.68,20.74,18.85,21.25,21.11,18.44,1.35,468.8,0.09,0.0,1.0,0.586,0.967,1.0,0.383,0.5,0.0,0.907,0.108,0.0,0.088,0.24,0.106,0.0,0.0,0.481,0.898,0.23
2020-01-09 13:30:00,17.65,18.06,19.82,19.22,20.72,19.99,19.62,20.11,17.98,20.62,17.5,18.13,21.3,20.39,17.67,21.03,18.96,21.42,21.2,18.43,1.54,473.7,0.074,0.0,1.0,0.557,0.876,1.0,0.36,0.384,0.0,0.897,0.103,0.0,0.0,0.244,0.112,0.0,0.0,0.376,0.847,0.232
2020-01-09 13:45:00,17.66,18.05,19.84,19.25,20.8,20.1,19.65,20.18,18.02,20.64,17.49,18.02,21.41,20.38,17.66,21.26,19.04,21.55,21.27,18.43,1.72,478.7,0.073,0.0,1.0,0.539,0.792,0.0,0.342,0.345,0.0,0.888,0.102,0.0,0.0,0.254,0.117,0.0,0.0,0.288,0.8,0.233
2020-01-09 14:00:00,17.66,18.05,19.9,19.25,21.01,20.28,19.72,20.27,18.08,20.66,17.47,17.91,21.37,20.37,17.65,21.38,19.04,21.59,21.32,18.43,1.79,483.6,0.07,0.0,1.0,0.525,0.75,0.0,0.327,0.312,0.0,0.879,0.106,0.0,0.0,0.26,0.122,0.0,0.0,0.226,0.765,0.235
2020-01-09 14:15:00,17.64,18.01,19.82,19.33,20.76,20.29,19.74,20.28,18.12,20.67,17.44,17.79,21.58,20.35,17.64,21.75,19.4,21.86,21.48,18.42,1.87,488.6,0.07,0.0,1.0,0.524,0.647,0.0,0.29,0.266,0.0,0.871,0.117,0.0,0.0,0.266,0.126,0.0,0.0,0.206,0.74,0.236
2020-01-09 14:30:00,17.66,18.02,19.93,19.3,21.17,20.45,19.86,20.37,18.22,20.69,17.43,17.68,21.24,20.34,17.63,21.62,19.16,21.68,21.47,18.42,1.94,461.9,0.08,0.0,1.0,0.485,0.77,0.0,0.278,0.259,0.0,0.863,0.128,0.0,0.0,0.274,0.13,0.0,0.0,0.07,0.661,0.238
2020-01-09 14:45:00,17.63,17.99,19.84,19.37,20.84,20.38,19.86,20.34,18.27,20.7,17.42,17.57,21.38,20.33,17.63,21.96,19.55,21.93,21.64,18.42,2.01,435.2,0.07,0.0,1.0,0.499,0.567,0.0,0.221,0.215,0.0,0.855,0.135,0.012,0.0,0.28,0.134,0.0,0.0,0.16,0.667,0.239
2020-01-09 15:00:00,17.64,17.99,19.95,19.33,21.24,20.51,19.98,20.41,18.38,20.72,17.42,17.51,21.12,20.32,17.62,21.7,19.33,21.72,21.62,18.42,1.98,408.5,0.086,0.0,1.0,0.464,0.732,0.0,0.22,0.229,0.0,0.848,0.139,0.063,0.0,0.285,0.137,0.0,0.0,0.037,0.58,0.241
2020-01-09 15:15:00,17.61,17.95,19.85,19.4,20.91,20.42,19.95,20.36,18.44,20.73,17.41,17.48,21.26,20.31,17.61,22.07,19.75,21.94,21.82,18.41,1.94,381.8,0.078,0.0,1.0,0.486,0.532,1.0,0.161,0.193,0.0,0.841,0.141,0.097,0.0,0.289,0.141,0.0,0.0,0.139,0.588,0.242
2020-01-09 15:30:00,17.61,17.93,19.9,19.34,21.13,20.44,20.01,20.36,18.48,20.75,17.39,17.46,21.12,20.3,17.61,21.7,19.61,21.78,21.78,18.41,1.9,297.8,0.094,0.0,1.0,0.451,0.693,1.0,0.175,0.218,0.0,0.834,0.145,0.112,0.0,0.293,0.144,0.0,0.0,0.031,0.492,0.243
2020-01-09 15:45:00,17.57,17.87,19.83,19.3,21.05,20.32,19.93,20.27,18.45,20.76,17.37,17.43,21.01,20.28,17.6,21.64,19.63,21.7,21.74,18.41,1.87,213.9,0.095,0.0,1.0,0.48,0.584,1.0,0.146,0.221,0.0,0.827,0.154,0.122,0.0,0.3,0.146,0.0,0.0,0.109,0.512,0.245
2020-01-09 16:00:00,17.53,17.79,19.75,19.2,21.01,20.16,19.84,20.08,18.19,20.77,17.33,17.39,20.94,20.25,17.6,21.44,19.58,21.59,21.65,18.41,1.68,129.9,0.113,0.014,1.0,0.5,0.625,1.0,0.187,0.264,0.0,0.821,0.166,0.133,0.043,0.309,0.149,0.0,0.0,0.148,0.529,0.246
2020-01-09 16:15:00,17.48,17.73,19.66,19.1,20.88,19.96,19.62,19.97,18.08,20.78,17.3,17.35,20.82,20.22,17.59,21.15,19.39,21.4,21.41,18.4,1.49,46.0,0.137,0.054,1.0,0.55,0.646,1.0,0.232,0.36,0.0,0.815,0.183,0.153,0.079,0.323,0.152,0.0,0.0,0.205,0.577,0.247
2020-01-09 16:30:00,17.46,17.7,19.6,19.05,20.72,19.8,19.6,19.91,18.0,20.79,17.29,17.33,20.67,20.2,17.59,20.86,19.25,21.24,21.27,18.4,1.3,34.5,0.16,0.086,1.0,0.6,0.712,1.0,0.341,0.413,0.0,0.809,0.199,0.173,0.141,0.339,0.154,0.0,0.0,0.301,0.696,0.248
2020-01-09 16:45:00,17.44,17.68,19.56,19.01,20.56,19.7,19.54,19.86,17.92,20.81,17.28,17.33,20.53,20.19,17.58,20.6,19.1,21.1,21.18,18.4,1.11,0.0,0.17,0.1,1.0,0.626,0.791,1.0,0.351,0.444,0.0,0.803,0.206,0.183,0.214,0.35,0.156,0.0,0.0,0.382,0.764,0.249
2020-01-09 17:00:00,17.41,17.64,19.51,18.96,20.46,19.59,19.48,19.8,17.84,20.82,17.26,17.3,20.44,20.17,17.58,20.38,18.98,20.99,21.11,18.4,0.99,0.0,0.182,0.111,1.0,0.646,0.87,1.0,0.382,0.472,0.0,0.797,0.212,0.186,0.284,0.356,0.159,0.0,0.0,0.451,0.812,0.251
2020-01-09 17:15:00,17.39,17.61,19.47,18.92,20.55,19.5,19.44,19.74,17.77,20.83,17.24,17.27,20.3,20.14,17.57,20.13,18.78,20.86,21.02,18.39,0.87,0.0,0.195,0.131,1.0,0.67,0.918,1.0,0.41,0.502,0.0,0.792,0.219,0.2,0.328,0.367,0.161,0.0,0.0,0.505,0.844,0.252
2020-01-09 17:30:00,17.37,17.58,19.42,18.89,20.26,19.41,19.39,19.69,17.7,20.84,17.23,17.25,20.52,20.12,17.57,20.21,19.08,21.06,21.18,18.39,0.75,0.0,0.204,0.143,1.0,0.69,0.877,1.0,0.432,0.528,0.0,0.787,0.229,0.215,0.402,0.38,0.163,0.0,0.0,0.569,0.888,0.253
2020-01-09 17:45:00,17.35,17.56,19.38,18.84,20.31,19.33,19.35,19.65,17.63,20.85,17.21,17.24,20.32,20.1,17.57,19.95,18.71,20.79,20.98,18.39,0.64,0.0,0.215,0.16,1.0,0.707,1.0,1.0,0.454,0.554,0.0,0.782,0.237,0.225,0.288,0.392,0.165,0.0,0.0,0.471,0.811,0.254
2020-01-09 18:00:00,17.35,17.55,19.35,18.82,20.37,19.26,19.32,19.61,17.58,20.85,17.21,17.23,20.12,20.09,17.56,19.66,18.51,20.66,20.87,18.39,0.55,0.0,0.223,0.169,1.0,0.728,0.995,1.0,0.475,0.576,0.0,0.777,0.243,0.229,0.388,0.399,0.166,0.0,0.0,0.603,0.909,0.255
2020-01-09 18:15:00,17.33,17.53,19.32,18.79,20.21,19.2,19.29,19.58,17.53,20.86,17.21,17.23,20.23,20.08,17.56,19.72,18.66,20.74,20.94,18.39,0.47,0.0,0.227,0.177,1.0,0.741,0.963,1.0,0.49,0.595,0.0,0.773,0.244,0.234,0.492,0.405,0.168,0.0,0.0,0.671,0.965,0.256
2020-01-09 18:30:00,17.32,17.52,19.29,18.77,20.18,19.15,19.27,19.55,17.48,20.87,17.19,17.22,20.21,20.08,17.56,19.67,18.58,20.69,20.92,18.39,0.38,0.0,0.233,0.185,1.0,0.754,1.0,1.0,0.504,0.61,0.0,0.768,0.245,0.236,0.434,0.409,0.17,0.0,0.0,0.632,0.931,0.256
2020-01-09 18:45:00,17.31,17.5,19.26,18.75,20.01,19.1,19.24,19.53,17.44,20.88,17.18,17.21,20.24,20.07,17.55,19.69,18.66,20.68,20.89,18.38,0.3,0.0,0.24,0.191,1.0,0.765,1.0,1.0,0.516,0.623,0.0,0.764,0.255,0.24,0.446,0.412,0.171,0.0,0.0,0.654,0.942,0.257
2020-01-09 19:00:00,17.32,17.51,19.25,18.74,20.18,19.07,19.24,19.52,17.4,20.89,17.19,17.21,20.01,20.07,17.55,19.36,18.24,20.51,20.76,18.38,0.23,0.0,0.243,0.198,1.0,0.774,1.0,1.0,0.528,0.636,0.0,0.76,0.261,0.246,0.429,0.415,0.173,0.0,0.0,0.661,0.954,0.258
2020-01-09 19:15:00,18.09,17.53,19.28,18.83,20.03,19.08,19.26,19.54,17.41,20.83,17.2,17.22,20.04,20.08,17.55,19.47,18.34,20.55,20.8,18.4,0.15,0.0,1.0,0.197,1.0,0.781,1.0,1.0,0.531,0.642,0.0,0.0,0.256,0.244,0.547,0.414,0.174,0.321,0.0,0.745,1.0,0.809
2020-01-09 19:30:00,18.48,17.6,19.38,18.94,19.91,19.17,19.33,19.63,17.47,20.75,17.2,17.22,20.16,20.08,17.55,19.72,18.51,20.59,20.82,18.44,0.07,0.0,0.953,0.183,1.0,0.735,1.0,1.0,0.521,0.629,0.0,0.0,0.251,0.241,0.532,0.411,0.176,0.264,0.0,0.724,0.998,0.801
2020-01-09 19:45:00,18.43,17.57,19.37,18.93,20.07,19.13,19.3,19.61,17.45,20.69,17.2,17.21,20.04,20.09,17.54,19.39,18.2,20.53,20.78,18.5,-0.0,0.0,0.758,0.148,1.0,0.68,1.0,1.0,0.487,0.587,0.0,0.0,0.249,0.241,0.471,0.408,0.177,0.142,0.0,0.707,0.991,0.778
2020-01-09 20:00:00,18.49,17.55,19.34,18.91,20.03,19.1,19.28,19.58,17.41,20.65,17.2,17.21,20.04,20.09,17.54,19.33,18.26,20.6,20.82,18.57,-0.09,0.0,0.784,0.165,1.0,0.686,1.0,1.0,0.498,0.594,0.0,0.0,0.249,0.243,0.529,0.407,0.178,0.304,0.0,0.735,1.0,0.748
2020-01-09 20:15:00,18.57,17.56,19.25,18.91,20.19,19.07,19.28,19.58,17.39,20.6,17.57,17.2,19.93,20.08,17.75,19.24,18.08,20.47,20.74,18.63,-0.18,0.0,0.753,0.173,0.328,0.697,1.0,1.0,0.508,0.609,0.0,0.0,1.0,0.246,0.529,0.407,1.0,0.337,0.0,0.702,0.99,0.715
2020-01-09 20:30:00,18.62,17.55,19.23,18.9,19.97,19.05,19.28,19.58,17.38,20.56,18.07,17.2,19.98,20.08,17.99,19.5,18.19,20.5,20.78,18.68,-0.27,0.0,0.714,0.169,0.376,0.697,1.0,1.0,0.509,0.61,0.0,0.0,1.0,0.249,0.585,0.408,1.0,0.378,0.0,0.767,1.0,0.685
2020-01-09 20:45:00,18.67,17.55,19.22,18.89,19.8,19.02,19.27,19.57,17.36,20.53,18.45,17.2,20.08,20.08,18.18,19.59,18.34,20.52,20.77,18.72,-0.36,0.0,0.691,0.173,0.383,0.701,1.0,1.0,0.511,0.612,0.0,0.0,0.964,0.25,0.559,0.408,1.0,0.249,0.0,0.748,1.0,0.661
2020-01-09 21:00:00,18.73,17.55,19.21,18.89,20.0,18.99,19.26,19.56,17.34,20.49,18.66,17.2,19.96,20.08,18.33,19.3,18.03,20.46,20.72,18.76,-0.45,0.0,0.664,0.174,0.389,0.703,1.0,1.0,0.515,0.616,0.0,0.0,0.777,0.251,0.512,0.408,0.908,0.207,0.0,0.741,1.0,0.639
2020-01-09 21:15:00,18.74,17.54,19.18,18.88,19.79,18.82,19.25,19.4,17.61,20.45,18.75,17.57,19.84,19.96,18.45,19.14,18.04,20.51,20.72,18.79,-0.55,0.0,0.637,0.175,0.397,0.554,0.0,0.504,0.518,0.218,1.0,0.0,0.672,1.0,0.021,0.0,0.835,0.35,0.0,0.772,1.0,0.621
2020-01-09 21:30:00,18.76,17.57,19.23,18.95,19.88,18.83,19.28,19.42,18.33,20.41,18.8,18.13,19.57,19.73,18.54,19.05,17.82,20.26,20.57,18.82,-0.64,0.0,0.63,0.182,0.409,0.562,0.104,0.588,0.525,0.301,1.0,0.0,0.626,1.0,0.08,0.018,0.777,0.43,0.0,0.746,1.0,0.604
2020-01-09 21:45:00,18.78,17.59,19.25,19.01,19.62,18.85,19.3,19.46,18.24,20.38,18.82,18.45,19.6,19.53,18.62,19.24,17.9,20.31,20.58,18.85,-0.73,0.0,0.619,0.165,0.386,0.523,0.062,0.583,0.509,0.288,0.837,0.0,0.602,0.936,0.214,0.134,0.73,0.477,0.0,0.869,1.0,0.589
2020-01-09 22:00:00,18.79,17.56,19.22,18.99,19.34,18.82,19.28,19.43,18.32,20.35,18.86,18.64,19.63,19.42,18.69,19.3,17.95,20.24,20.5,18.87,-0.81,0.0,0.609,0.154,0.376,0.495,0.189,0.576,0.5,0.268,0.881,0.0,0.588,0.773,0.201,0.235,0.69,0.382,0.0,0.846,1.0,0.577
2020-01-09 22:15:00,18.8,17.58,19.22,18.99,19.63,18.81,19.29,19.42,18.37,20.31,18.89,18.72,19.43,19.39,18.75,18.96,17.66,20.08,20.25,18.89,-0.88,0.0,0.607,0.168,0.391,0.506,0.331,0.592,0.509,0.287,0.838,0.0,0.572,0.681,0.187,0.29,0.655,0.349,0.0,0.0,0.0,0.566
2020-01-09 22:30:00,18.81,17.57,19.21,19.0,19.32,18.8,19.29,19.42,18.4,20.28,18.91,18.77,19.56,19.41,18.81,19.2,17.91,20.21,20.06,18.91,-0.96,0.0,0.601,0.162,0.39,0.504,0.185,0.595,0.505,0.289,0.816,0.0,0.557,0.64,0.283,0.303,0.624,0.521,0.0,0.0,0.0,0.556
2020-01-09 22:45:00,18.82,17.57,19.21,19.0,19.39,18.78,19.29,19.4,18.47,20.25,18.94,18.8,19.36,19.43,18.86,18.92,17.63,19.83,19.63,18.92,-1.03,0.0,0.593,0.163,0.394,0.502,0.338,0.602,0.506,0.292,0.798,0.0,0.543,0.617,0.222,0.296,0.595,0.402,0.0,0.0,0.0,0.546
2020-01-09 23:00:00,18.82,17.56,19.19,18.99,19.28,18.76,19.28,19.38,18.52,20.21,18.95,18.83,19.3,19.43,18.91,18.83,17.59,19.8,19.49,18.94,-1.14,0.0,0.589,0.165,0.397,0.502,0.303,0.609,0.506,0.299,0.767,0.0,0.531,0.599,0.32,0.286,0.57,0.539,0.0,0.087,0.185,0.538
2020-01-09 23:15:00,18.83,18.15,19.23,19.06,19.34,18.77,19.18,19.39,18.59,20.18,18.96,18.85,19.21,19.42,18.95,18.72,17.61,19.6,19.39,18.96,-1.24,0.0,0.59,1.0,0.403,0.505,0.36,0.62,0.362,0.308,0.739,0.0,0.526,0.587,0.35,0.284,0.547,0.587,1.0,0.101,0.254,0.529
2020-01-09 23:30:00,18.85,18.4,19.26,19.16,19.17,18.8,19.23,19.44,18.67,20.15,18.96,18.86,19.34,19.4,18.98,18.98,18.16,19.71,19.41,18.97,-1.34,0.0,0.585,0.925,0.387,0.468,0.329,0.613,0.408,0.303,0.706,0.0,0.522,0.577,0.397,0.292,0.527,0.641,1.0,0.201,0.306,0.522
2020-01-09 23:45:00,18.85,18.35,19.27,19.15,19.44,18.81,19.21,19.43,18.73,20.12,18.97,18.88,19.27,19.38,19.02,18.71,18.14,19.58,19.38,18.98,-1.44,0.0,0.575,0.799,0.368,0.418,0.415,0.598,0.387,0.281,0.663,0.0,0.518,0.568,0.329,0.302,0.508,0.511,0.918,0.145,0.296,0.515
2020-01-10 00:00:00,18.85,18.4,19.24,19.14,19.25,18.78,19.19,19.39,18.77,20.09,18.98,18.9,19.39,19.37,19.05,18.98,18.43,19.67,19.4,18.99,-1.47,0.0,0.576,0.823,0.364,0.426,0.279,0.597,0.397,0.286,0.637,0.0,0.514,0.561,0.365,0.311,0.492,0.644,0.93,0.209,0.311,0.509
2020-01-10 00:15:00,18.86,18.45,19.25,19.15,19.44,18.78,19.21,19.39,18.81,20.06,19.0,18.9,19.28,19.36,19.07,18.66,18.35,19.54,19.37,19.01,-1.5,0.0,0.575,0.799,0.378,0.429,0.374,0.611,0.404,0.304,0.616,0.0,0.508,0.55,0.305,0.315,0.477,0.509,0.783,0.167,0.298,0.503
2020-01-10 00:30:00,18.87,18.5,19.25,19.16,19.26,18.77,19.19,19.39,18.83,20.04,19.0,18.92,19.38,19.36,19.1,18.94,18.56,19.6,19.38,19.02,-1.53,0.0,0.569,0.776,0.374,0.425,0.281,0.611,0.395,0.303,0.596,0.0,0.502,0.549,0.362,0.319,0.464,0.672,0.826,0.228,0.317,0.497
2020-01-10 00:45:00,18.87,18.54,19.25,19.16,19.43,18.77,19.19,19.38,18.86,20.01,19.01,18.93,19.25,19.36,19.12,18.6,18.45,19.49,19.33,19.03,-1.56,0.0,0.567,0.751,0.376,0.422,0.371,0.614,0.406,0.306,0.585,0.0,0.498,0.541,0.311,0.321,0.452,0.528,0.72,0.199,0.311,0.492
2020-01-10 01:00:00,18.86,18.57,19.22,19.15,19.24,18.75,19.15,19.36,18.86,19.98,19.0,18.92,19.35,19.34,19.14,18.93,18.63,19.54,19.32,19.04,-1.63,0.0,0.564,0.73,0.377,0.42,0.286,0.616,0.406,0.309,0.572,0.0,0.493,0.534,0.373,0.321,0.441,0.702,0.776,0.253,0.335,0.487
2020-01-10 01:15:00,18.85,18.59,19.21,19.14,19.4,18.73,19.12,19.34,18.87,19.95,18.99,18.91,19.2,19.32,19.16,18.51,18.48,19.43,19.25,19.04,-1.7,0.0,0.571,0.717,0.388,0.424,0.382,0.626,0.427,0.318,0.57,0.01,0.499,0.541,0.326,0.33,0.431,0.537,0.687,0.232,0.338,0.482
2020-01-10 01:30:00,18.84,18.62,19.19,19.13,19.19,18.7,19.09,19.33,18.87,19.93,18.98,18.89,19.3,19.3,19.17,18.9,18.65,19.47,19.26,19.05,-1.77,0.0,0.575,0.703,0.397,0.43,0.3,0.637,0.438,0.329,0.567,0.023,0.506,0.546,0.399,0.341,0.422,0.746,0.762,0.286,0.377,0.478
2020-01-10 01:45:00,18.84,18.62,19.17,19.12,19.37,18.68,19.08,19.31,18.87,19.9,18.97,18.88,19.15,19.28,19.19,18.47,18.49,19.38,19.2,19.06,-1.84,0.0,0.578,0.688,0.407,0.434,0.404,0.648,0.455,0.337,0.566,0.036,0.51,0.553,0.35,0.351,0.414,0.55,0.675,0.267,0.371,0.473
2020-01-10 02:00:00,18.85,18.65,19.18,19.13,19.17,18.68,19.09,19.31,18.89,19.88,18.99,18.91,19.28,19.29,19.2,18.86,18.69,19.43,19.24,19.07,-1.9,0.0,0.582,0.688,0.416,0.44,0.314,0.659,0.461,0.345,0.564,0.048,0.513,0.56,0.424,0.361,0.406,0.766,0.753,0.312,0.401,0.47
2020-01-10 02:15:00,18.86,18.68,19.18,19.14,19.37,18.69,19.09,19.32,18.91,19.86,19.01,18.94,19.17,19.31,19.21,18.47,18.55,19.37,19.21,19.08,-1.96,0.0,0.575,0.673,0.412,0.437,0.413,0.658,0.456,0.345,0.554,0.059,0.503,0.544,0.359,0.356,0.4,0.57,0.655,0.283,0.378,0.466
2020-01-10 02:30:00,18.88,18.7,19.18,19.14,19.17,18.69,19.1,19.32,18.93,19.84,19.03,18.96,19.29,19.33,19.22,18.85,18.74,19.43,19.26,19.08,-2.02,0.0,0.571,0.66,0.409,0.432,0.313,0.656,0.456,0.341,0.545,0.069,0.494,0.53,0.417,0.344,0.394,0.765,0.727,0.316,0.394,0.462
2020-01-10 02:45:00,18.88,18.72,19.18,19.15,19.38,18.69,19.1,19.32,18.94,19.82,19.05,18.98,19.17,19.34,19.23,18.48,18.59,19.36,19.22,19.09,-2.08,0.0,0.562,0.649,0.411,0.429,0.413,0.657,0.452,0.342,0.537,0.079,0.483,0.519,0.354,0.335,0.388,0.575,0.629,0.283,0.372,0.459
2020-01-10 03:00:00,18.87,18.74,19.19,19.15,19.18,18.69,19.1,19.32,18.95,19.8,19.04,18.98,19.3,19.34,19.24,18.85,18.78,19.43,19.25,19.09,-2.13,0.0,0.558,0.639,0.408,0.426,0.311,0.656,0.449,0.34,0.529,0.089,0.475,0.51,0.417,0.329,0.383,0.758,0.705,0.319,0.391,0.456
2020-01-10 03:15:00,18.88,18.79,19.19,19.16,19.38,18.74,19.1,19.32,18.96,19.78,19.04,19.18,19.18,19.34,19.38,18.52,18.62,19.36,19.21,19.1,-2.19,0.0,0.564,0.682,0.404,0.425,0.411,1.0,0.451,0.339,0.525,0.099,0.479,1.0,0.349,0.33,1.0,1.0,0.609,0.283,0.373,0.453
2020-01-10 03:30:00,18.89,18.8,19.19,19.17,19.19,18.75,19.1,19.33,18.97,19.77,19.05,19.43,19.3,19.33,19.53,18.88,18.81,19.43,19.25,19.11,-2.24,0.0,0.558,0.655,0.406,0.42,0.309,1.0,0.449,0.34,0.519,0.108,0.478,1.0,0.412,0.332,1.0,1.0,0.689,0.321,0.397,0.45
2020-01-10 03:45:00,18.89,18.79,19.19,19.16,19.38,18.75,19.12,19.32,18.99,19.75,19.06,19.6,19.18,19.32,19.65,18.55,18.67,19.36,19.22,19.11,-2.3,0.0,0.556,0.651,0.404,0.415,0.406,1.0,0.448,0.337,0.513,0.116,0.474,1.0,0.349,0.334,1.0,1.0,0.594,0.286,0.377,0.447
2020-01-10 04:00:00,18.89,18.8,19.18,19.16,19.2,18.74,19.1,19.31,18.99,19.74,19.05,19.73,19.3,19.31,19.76,18.86,18.84,19.42,19.25,19.12,-2.29,0.0,0.555,0.653,0.406,0.418,0.308,1.0,0.439,0.34,0.504,0.124,0.471,1.0,0.41,0.34,1.0,1.0,0.665,0.321,0.392,0.444
2020-01-10 04:15:00,19.34,18.81,19.18,19.18,19.37,18.75,19.11,19.31,19.0,19.72,19.05,19.83,19.17,19.31,19.86,18.53,18.68,19.35,19.19,19.12,-2.29,0.0,1.0,0.648,0.41,0.419,0.401,1.0,0.449,0.343,0.506,0.132,0.473,1.0,0.352,0.345,1.0,1.0,0.578,0.288,0.377,0.442
2020-01-10 04:30:00,19.57,18.83,19.19,19.23,19.19,18.77,19.11,19.33,19.01,19.71,19.05,19.91,19.28,19.3,19.94,18.86,18.85,19.41,19.22,19.13,-2.29,0.0,1.0,0.644,0.411,0.408,0.313,1.0,0.447,0.343,0.501,0.139,0.474,1.0,0.417,0.347,0.972,1.0,0.66,0.326,0.405,0.439
2020-01-10 04:45:00,19.62,18.84,19.19,19.23,19.36,18.78,19.11,19.33,19.02,19.69,19.05,19.98,19.15,19.3,20.02,18.5,18.69,19.33,19.17,19.13,-2.29,0.0,1.0,0.633,0.406,0.387,0.403,1.0,0.444,0.334,0.494,0.147,0.475,1.0,0.359,0.35,0.929,1.0,0.573,0.297,0.388,0.437
2020-01-10 05:00:00,19.67,18.84,19.18,19.23,19.19,18.78,19.1,19.32,19.01,19.68,19.04,20.04,19.27,19.29,20.08,18.86,18.85,19.39,19.21,19.13,-2.32,0.0,1.0,0.629,0.405,0.383,0.319,1.0,0.446,0.334,0.492,0.153,0.476,1.0,0.424,0.351,0.892,1.0,0.657,0.333,0.414,0.435
2020-01-10 05:15:00,19.71,18.84,19.17,19.23,19.35,18.77,19.09,19.32,19.01,19.67,19.04,20.09,19.13,19.28,20.14,18.48,18.68,19.32,19.15,19.14,-2.35,0.0,1.0,0.632,0.41,0.385,0.407,1.0,0.451,0.34,0.494,0.16,0.478,1.0,0.365,0.354,0.86,1.0,0.574,0.305,0.397,0.433
2020-01-10 05:30:00,19.74,18.84,19.17,19.23,19.17,18.77,19.08,19.31,19.01,19.66,19.04,20.14,19.24,19.28,20.19,18.83,18.85,19.36,19.18,19.14,-2.38,0.0,0.994,0.63,0.413,0.384,0.325,1.0,0.454,0.342,0.494,0.166,0.48,1.0,0.433,0.358,0.83,1.0,0.662,0.342,0.426,0.431
2020-01-10 05:45:00,19.77,18.85,19.16,19.23,19.25,18.77,19.07,19.3,19.0,19.64,19.03,20.18,19.16,19.28,20.24,18.56,18.73,19.32,19.14,19.15,-2.42,0.0,0.978,0.629,0.415,0.383,0.417,1.0,0.458,0.345,0.494,0.172,0.482,1.0,0.378,0.361,0.804,1.0,0.573,0.318,0.409,0.429
2020-01-10 06:00:00,19.81,18.86,19.17,19.24,19.24,18.77,19.07,19.3,19.01,19.63,19.04,20.24,19.14,19.28,20.28,18.62,18.74,19.31,19.12,19.15,-2.43,0.0,0.965,0.624,0.418,0.383,0.375,1.0,0.467,0.348,0.499,0.178,0.483,1.0,0.42,0.362,0.78,1.0,0.636,0.338,0.432,0.427
2020-01-10 06:15:00,19.82,18.85,19.15,19.19,19.27,18.75,18.52,19.29,19.01,19.62,19.05,20.29,19.1,19.29,20.33,18.59,18.64,19.32,19.12,19.15,-2.45,0.0,0.947,0.621,0.417,0.38,0.382,1.0,0.0,0.348,0.494,0.184,0.479,1.0,0.432,0.359,0.758,1.0,0.23,0.443,0.438,0.425
2020-01-10 06:30:00,19.82,18.84,19.13,19.15,19.2,18.73,18.45,19.27,19.0,19.61,19.05,20.34,19.14,19.29,20.36,18.67,18.62,19.37,19.14,19.16,-2.47,0.0,0.942,0.624,0.425,0.406,0.366,1.0,0.0,0.355,0.497,0.189,0.476,1.0,0.449,0.357,0.737,1.0,0.278,0.438,0.438,0.423
2020-01-10 06:45:00,19.84,18.85,19.13,19.15,19.19,18.72,18.43,19.27,19.01,19.6,19.06,20.39,19.13,19.29,20.4,18.65,18.57,19.38,19.14,19.16,-2.49,0.0,0.938,0.631,0.434,0.426,0.402,1.0,0.0,0.367,0.5,0.194,0.473,1.0,0.432,0.354,0.718,1.0,0.291,0.415,0.429,0.422
2020-01-10 07:00:00,19.86,18.85,19.13,19.15,19.19,18.72,18.39,19.27,19.01,19.59,19.06,20.44,19.13,19.29,20.43,18.63,18.55,19.37,19.14,19.16,-2.51,0.0,0.928,0.625,0.437,0.425,0.405,1.0,0.0,0.365,0.497,0.199,0.471,1.0,0.435,0.353,0.7,1.0,0.313,0.412,0.43,0.42
2020-01-10 07:15:00,19.9,18.9,19.19,19.3,19.28,18.79,18.43,19.3,19.04,19.67,18.82,20.48,19.17,19.17,20.46,18.68,18.58,19.4,19.15,19.15,-2.54,0.0,0.919,0.623,0.436,1.0,1.0,1.0,0.0,0.365,0.495,1.0,0.0,1.0,0.487,0.0,0.684,1.0,0.325,0.415,0.432,0.0
2020-01-10 07:30:00,19.94,18.95,19.25,19.4,19.37,18.85,18.47,19.35,19.07,19.76,18.45,20.52,19.25,18.94,20.49,18.72,18.61,19.47,19.19,19.11,-2.56,0.0,0.9,0.599,0.405,1.0,1.0,1.0,0.0,0.349,0.479,0.967,0.0,1.0,0.467,0.0,0.669,1.0,0.311,0.398,0.424,0.0
2020-01-10 07:45:00,19.95,18.95,19.26,19.43,19.41,18.88,18.45,19.36,19.08,19.82,18.06,20.56,19.29,18.7,20.52,18.74,18.62,19.5,19.2,19.07,-2.59,0.0,0.88,0.577,0.375,1.0,1.0,1.0,0.0,0.327,0.463,0.919,0.0,1.0,0.427,0.0,0.655,1.0,0.294,0.365,0.407,0.0
2020-01-10 08:00:00,19.96,18.94,19.24,19.48,19.33,18.84,18.37,19.34,19.07,19.85,17.78,20.59,19.39,18.52,20.54,18.86,18.7,19.54,19.22,19.03,-2.56,0.0,0.873,0.574,0.368,1.0,1.0,1.0,0.0,0.322,0.46,0.891,0.0,1.0,0.403,0.0,0.642,1.0,0.289,0.351,0.4,0.0
2020-01-10 08:15:00,19.98,18.97,19.1,19.42,19.4,18.91,18.39,19.14,19.01,19.88,17.6,20.63,19.28,18.35,20.56,18.63,18.54,19.46,19.04,18.98,-2.54,3.4,0.87,0.58,0.0,1.0,1.0,1.0,0.0,0.0,0.365,0.873,0.111,1.0,0.355,0.0,0.631,1.0,0.251,0.331,0.0,0.0
2020-01-10 08:30:00,19.99,18.96,19.09,19.4,19.5,18.91,18.33,19.09,19.01,19.92,17.54,20.72,19.2,18.23,20.58,18.55,18.47,19.41,18.77,18.94,-2.52,24.1,0.858,0.565,0.0,1.0,1.0,1.0,0.0,0.0,0.395,0.858,0.199,1.0,0.411,0.0,0.62,1.0,0.33,0.368,0.0,0.0
2020-01-10 08:45:00,20.0,18.95,19.01,19.45,19.26,18.87,18.27,19.06,19.02,19.95,17.56,20.83,19.4,18.13,20.6,18.99,18.73,19.52,18.76,18.9,-2.5,44.8,0.854,0.572,0.0,1.0,1.0,1.0,0.0,0.0,0.393,0.841,0.228,0.989,0.449,0.0,0.609,1.0,0.364,0.394,0.0,0.0
2020-01-10 09:00:00,20.04,19.0,19.08,19.47,19.41,18.93,18.28,19.08,19.04,19.98,17.57,20.93,19.29,18.06,20.62,18.75,18.51,19.44,18.57,18.87,-2.32,65.5,0.848,0.577,0.0,1.0,1.0,1.0,0.0,0.0,0.388,0.826,0.222,0.934,0.35,0.0,0.6,1.0,0.235,0.342,0.0,0.0
2020-01-10 09:15:00,20.06,19.06,19.11,19.49,19.43,18.97,18.28,19.09,19.05,20.01,17.57,21.03,19.19,18.01,20.63,18.53,18.46,19.37,18.38,18.83,-2.14,86.2,0.832,0.552,0.0,1.0,1.0,1.0,0.0,0.0,0.378,0.811,0.217,0.886,0.405,0.018,0.591,1.0,0.344,0.378,0.0,0.0
2020-01-10 09:30:00,20.07,19.1,19.06,19.55,19.16,18.94,18.22,19.06,19.04,20.03,17.56,21.1,19.35,17.98,20.65,18.93,18.67,19.45,18.45,18.79,-1.95,95.4,0.82,0.519,0.0,1.0,1.0,1.0,0.0,0.0,0.375,0.797,0.217,0.836,0.456,0.044,0.583,1.0,0.371,0.415,0.0,0.0
2020-01-10 09:45:00,20.11,19.17,19.15,19.53,19.45,19.01,18.26,19.09,19.07,20.05,17.55,21.15,19.17,17.96,20.66,18.61,18.39,19.33,18.19,18.75,-1.77,104.5,0.814,0.498,0.0,1.0,1.0,1.0,0.0,0.0,0.381,0.784,0.222,0.802,0.373,0.06,0.575,1.0,0.263,0.376,0.0,0.0
2020-01-10 10:00:00,20.1,19.13,19.04,19.61,19.14,18.95,18.18,19.02,19.04,20.07,17.54,21.14,19.35,17.93,20.68,18.91,18.75,19.44,18.35,18.72,-1.63,113.7,0.797,0.464,0.0,1.0,1.0,1.0,0.0,0.0,0.363,0.773,0.227,0.777,0.465,0.069,0.568,1.0,0.404,0.436,0.0,0.0
2020-01-10 10:15:00,20.14,19.21,19.16,19.53,19.43,19.05,18.26,19.08,19.1,20.09,17.53,21.17,19.18,17.91,20.69,18.59,18.39,19.33,18.1,18.69,-1.48,122.8,0.799,0.486,0.0,1.0,1.0,1.0,0.0,0.0,0.38,0.763,0.232,0.778,0.373,0.084,0.561,1.0,0.225,0.382,0.0,0.0
2020-01-10 10:30:00,20.09,19.14,18.89,19.66,19.14,18.9,18.1,18.96,19.02,20.11,17.48,21.18,19.37,17.88,20.7,18.93,18.73,19.44,18.24,18.65,-1.34,128.1,0.781,0.446,0.0,1.0,1.0,1.0,0.0,0.0,0.35,0.753,0.233,0.767,0.46,0.094,0.555,1.0,0.405,0.437,0.0,0.0
2020-01-10 10:45:00,20.12,19.21,19.18,19.56,19.32,18.97,18.18,19.03,19.1,20.13,17.47,21.18,19.29,17.85,20.71,18.71,18.5,19.4,18.1,18.62,-1.2,133.3,0.805,0.481,0.0,1.0,1.0,1.0,0.0,0.0,0.389,0.743,0.259,0.761,0.367,0.108,0.549,1.0,0.233,0.378,0.0,0.0
2020-01-10 11:00:00,20.18,19.25,19.24,19.5,19.38,19.11,18.26,19.08,19.13,20.15,17.52,21.24,19.24,17.84,20.72,18.55,18.48,19.37,18.02,18.59,-1.09,138.6,0.788,0.444,0.0,1.0,1.0,1.0,0.0,0.0,0.349,0.734,0.263,0.758,0.403,0.123,0.544,1.0,0.35,0.401,0.0,0.0
2020-01-10 11:15:00,20.17,19.22,19.12,19.61,19.27,18.97,18.11,18.98,19.08,20.16,17.56,21.28,19.33,17.84,20.73,18.87,18.63,19.41,18.09,18.56,-0.98,143.9,0.761,0.424,0.0,1.0,1.0,1.0,0.0,0.0,0.337,0.725,0.24,0.731,0.429,0.129,0.539,1.0,0.359,0.414,0.0,0.0
2020-01-10 11:30:00,20.22,19.25,19.02,19.72,19.22,18.86,18.06,18.91,19.09,20.18,17.63,21.34,19.44,17.85,20.74,18.9,18.73,19.49,18.16,18.53,-0.87,158.6,0.764,0.439,0.0,1.0,1.0,1.0,0.0,0.0,0.361,0.718,0.218,0.708,0.384,0.129,0.534,1.0,0.283,0.393,0.0,0.0
2020-01-10 11:45:00,20.28,19.35,19.29,19.65,19.36,19.19,18.23,19.07,19.2,20.19,17.64,21.4,19.41,17.87,20.75,18.85,18.61,19.46,18.07,18.5,-0.76,173.2,0.738,0.424,0.0,1.0,1.0,1.0,0.0,0.0,0.353,0.71,0.185,0.679,0.33,0.123,0.53,1.0,0.236,0.357,0.0,0.0
2020-01-10 12:00:00,20.3,19.28,19.27,19.74,19.34,19.04,18.21,18.99,19.14,20.21,17.61,21.39,19.43,17.86,20.76,18.89,18.64,19.49,18.07,18.47,-0.6,187.9,0.709,0.374,0.0,1.0,1.0,1.0,0.0,0.0,0.299,0.703,0.179,0.651,0.346,0.115,0.526,1.0,0.293,0.368,0.0,0.0
2020-01-10 12:15:00,20.31,19.39,19.49,19.58,19.45,19.35,18.31,19.17,19.26,20.22,17.56,21.39,19.44,17.84,20.76,18.98,18.62,19.49,18.02,18.45,-0.44,202.6,0.702,0.408,0.0,1.0,1.0,1.0,0.0,0.0,0.33,0.695,0.197,0.653,0.335,0.12,0.522,1.0,0.279,0.356,0.0,0.0
2020-01-10 12:30:00,20.3,19.3,19.2,19.71,19.4,19.1,18.15,19.02,19.14,20.23,17.56,21.42,19.63,17.83,20.77,19.32,18.75,19.58,18.11,18.42,-0.28,268.1,0.696,0.355,0.0,1.0,1.0,1.0,0.0,0.0,0.27,0.689,0.222,0.657,0.331,0.129,0.518,1.0,0.29,0.356,0.0,0.0
2020-01-10 12:45:00,20.32,19.31,19.01,19.82,19.41,19.2,18.1,18.93,19.16,20.25,17.59,21.43,19.88,17.83,20.78,19.57,18.81,19.75,18.17,18.39,-0.12,333.6,0.698,0.398,0.0,1.0,1.0,1.0,0.0,0.0,0.33,0.683,0.221,0.641,0.235,0.133,0.515,1.0,0.225,0.31,0.0,0.0
2020-01-10 13:00:00,20.4,19.43,19.44,19.67,19.62,19.85,18.39,19.23,19.33,20.26,17.61,21.42,19.78,17.83,20.78,19.76,18.7,19.83,18.1,18.36,0.12,399.1,0.692,0.394,0.0,1.0,1.0,1.0,0.0,0.0,0.32,0.677,0.206,0.634,0.111,0.134,0.511,1.0,0.194,0.227,0.0,0.0
2020-01-10 13:15:00,20.36,19.24,19.15,19.98,19.53,19.97,18.13,19.21,19.16,20.27,17.62,21.39,20.18,17.82,20.79,20.14,18.95,20.06,18.32,18.34,0.37,464.6,0.649,0.335,0.0,1.0,1.0,1.0,0.0,0.0,0.237,0.671,0.195,0.641,0.162,0.137,0.508,1.0,0.251,0.184,0.0,0.0
2020-01-10 13:30:00,20.46,19.46,19.51,19.77,19.9,20.34,18.48,19.69,19.41,20.28,17.62,21.34,20.02,17.81,20.79,20.13,18.69,20.02,18.17,18.31,0.61,468.5,0.668,0.428,0.0,0.96,1.0,1.0,0.0,0.0,0.32,0.666,0.189,0.657,0.0,0.14,0.505,1.0,0.124,0.068,0.0,0.0
2020-01-10 13:45:00,20.43,19.3,19.22,19.95,19.9,20.49,18.3,19.69,19.24,20.29,17.6,21.32,20.35,17.79,20.8,20.43,19.05,20.23,18.42,18.29,0.85,472.4,0.622,0.32,0.0,1.0,1.0,0.931,0.0,0.0,0.194,0.661,0.192,0.678,0.042,0.147,0.503,0.0,0.253,0.088,0.0,0.0
2020-01-10 14:00:00,20.43,19.35,19.16,19.96,20.04,20.71,18.38,19.8,19.34,20.3,17.58,21.29,20.49,17.77,20.8,20.64,19.04,20.39,18.51,18.26,0.98,476.3,0.637,0.398,0.0,0.976,1.0,0.0,0.0,0.0,0.278,0.656,0.199,0.689,0.0,0.154,0.5,0.0,0.076,0.0,0.0,0.0
2020-01-10 14:15:00,20.44,19.37,19.27,20.04,20.09,20.89,18.46,19.94,19.42,20.31,17.56,21.27,20.45,17.75,20.81,20.79,19.1,20.47,18.58,18.24,1.1,480.3,0.637,0.375,0.0,0.971,1.0,0.0,0.0,0.0,0.231,0.651,0.211,0.704,0.0,0.164,0.498,0.0,0.082,0.0,0.0,0.0
2020-01-10 14:30:00,20.43,19.36,19.33,20.08,20.13,21.0,18.54,20.03,19.47,20.31,17.54,21.24,20.35,17.73,20.81,20.89,19.16,20.52,18.63,18.21,1.22,463.1,0.632,0.363,0.0,0.931,1.0,0.0,0.0,0.0,0.192,0.647,0.222,0.717,0.0,0.174,0.495,0.0,0.051,0.0,0.0,0.0
2020-01-10 14:45:00,20.43,19.43,19.36,20.13,20.15,21.07,18.6,20.1,19.49,20.32,17.54,21.33,20.25,17.76,20.82,20.94,19.09,20.55,18.63,18.19,1.35,445.9,0.634,0.368,0.0,0.909,0.983,0.0,0.0,0.0,0.167,0.643,0.228,0.728,0.0,0.183,0.493,0.0,0.022,0.0,0.0,0.0
2020-01-10 15:00:00,20.44,19.42,19.38,20.17,20.16,21.13,18.71,20.17,19.58,20.33,17.54,21.32,20.18,17.77,20.82,20.98,19.2,20.57,18.7,18.16,1.36,428.7,0.634,0.334,0.0,0.885,0.976,0.0,0.0,0.0,0.157,0.639,0.232,0.686,0.0,0.168,0.491,0.0,0.056,0.0,0.0,0.0
2020-01-10 15:15:00,20.44,19.41,19.2,20.27,20.1,21.12,18.77,20.2,19.62,20.34,17.54,21.3,20.22,17.76,20.83,21.15,19.31,20.65,18.83,18.14,1.37,411.5,0.631,0.34,0.0,0.864,0.969,0.0,0.0,0.0,0.109,0.635,0.231,0.691,0.0,0.163,0.489,0.0,0.0,0.0,0.0,0.0
2020-01-10 15:30:00,20.44,19.46,19.5,20.11,20.27,21.17,18.99,20.22,19.68,20.35,17.53,21.27,19.97,17.74,20.83,20.75,19.03,20.51,18.72,18.12,1.38,333.1,0.631,0.347,0.0,0.817,0.999,0.542,0.0,0.0,0.089,0.631,0.231,0.7,0.0,0.169,0.487,0.0,0.0,0.0,0.0,0.0
2020-01-10 15:45:00,20.4,19.33,19.12,20.19,20.06,20.86,18.8,20.1,19.54,20.35,17.51,21.25,20.08,17.72,20.83,20.98,19.31,20.56,18.86,18.09,1.39,254.7,0.628,0.322,0.0,0.894,0.914,0.516,0.0,0.0,0.06,0.627,0.237,0.713,0.066,0.18,0.486,0.725,0.086,0.0,0.0,0.0
2020-01-10 16:00:00,20.4,19.37,19.39,20.0,20.2,20.88,18.89,20.03,19.37,20.36,17.49,21.23,19.88,17.7,20.84,20.56,18.99,20.39,18.72,18.07,1.24,176.3,0.649,0.386,0.0,0.857,1.0,0.671,0.0,0.0,0.128,0.624,0.245,0.725,0.011,0.191,0.484,0.612,0.0,0.0,0.0,0.0
2020-01-10 16:15:00,20.35,19.25,18.9,20.02,19.85,20.55,18.52,19.78,19.27,20.36,17.48,21.2,19.85,17.68,20.84,20.59,19.08,20.27,18.65,18.05,1.09,97.9,0.649,0.366,0.0,0.948,0.95,0.66,0.0,0.0,0.213,0.621,0.254,0.737,0.11,0.201,0.482,0.819,0.103,0.0,0.0,0.0
2020-01-10 16:30:00,20.35,19.29,19.31,19.87,19.92,20.49,18.6,19.71,19.33,20.37,17.48,21.18,19.63,17.67,20.84,20.13,18.72,20.02,18.41,18.02,0.93,73.4,0.675,0.426,0.0,0.942,1.0,0.825,0.0,0.0,0.263,0.618,0.261,0.75,0.123,0.21,0.481,0.805,0.061,0.0,0.0,0.0
2020-01-10 16:45:00,20.33,19.22,18.95,19.93,19.67,20.22,18.4,19.61,19.22,20.38,17.48,21.17,19.62,17.66,20.84,20.15,18.82,19.94,18.35,18.0,0.78,0.0,0.673,0.406,0.0,1.0,1.0,0.856,0.0,0.0,0.236,0.615,0.26,0.758,0.237,0.215,0.479,1.0,0.242,0.088,0.0,0.0
2020-01-10 17:00:00,20.28,19.23,19.23,19.78,19.75,20.27,18.45,19.56,19.22,20.38,17.41,21.1,19.46,17.63,20.85,19.84,18.58,19.78,18.14,17.98,0.68,0.0,0.686,0.44,0.0,0.987,1.0,0.992,0.0,0.0,0.291,0.612,0.258,0.767,0.238,0.218,0.478,1.0,0.189,0.129,0.0,0.0
2020-01-10 17:15:00,20.2,19.1,18.72,19.89,19.51,19.93,18.17,19.43,19.07,20.39,17.34,21.05,19.53,17.6,20.85,19.85,18.72,19.75,18.15,17.95,0.59,0.0,0.709,0.434,0.0,1.0,1.0,0.965,0.0,0.0,0.288,0.609,0.295,0.799,0.32,0.234,0.476,1.0,0.311,0.211,0.0,0.0
2020-01-10 17:30:00,20.19,19.15,19.14,19.66,19.57,19.94,18.25,19.4,19.12,20.39,17.32,21.01,19.36,17.58,20.85,19.63,18.52,19.64,17.96,17.93,0.5,0.0,0.75,0.5,0.0,1.0,1.0,1.0,0.0,0.0,0.367,0.606,0.328,0.825,0.286,0.251,0.475,1.0,0.242,0.224,0.0,0.0
2020-01-10 17:45:00,20.14,19.07,18.84,19.66,19.45,19.79,18.07,19.27,19.01,20.4,17.32,20.98,19.32,17.56,20.86,19.56,18.53,19.6,17.89,17.91,0.41,0.0,0.754,0.477,0.0,1.0,1.0,1.0,0.0,0.0,0.34,0.604,0.339,0.843,0.369,0.261,0.474,1.0,0.342,0.281,0.0,0.0
2020-01-10 18:00:00,20.14,19.07,18.87,19.62,19.43,19.73,18.03,19.19,19.01,20.4,17.35,20.98,19.3,17.57,20.86,19.47,18.52,19.57,17.83,17.89,0.32,0.0,0.778,0.517,0.0,1.0,1.0,1.0,0.0,0.0,0.397,0.601,0.341,0.859,0.388,0.269,0.472,1.0,0.336,0.301,0.0,0.0
2020-01-10 18:15:00,20.12,19.03,18.69,19.69,19.36,19.62,17.91,19.09,18.96,20.41,17.36,20.99,19.31,17.58,20.86,19.41,18.53,19.56,17.8,17.87,0.24,0.0,0.779,0.515,0.0,1.0,1.0,1.0,0.0,0.0,0.393,0.598,0.326,0.858,0.402,0.265,0.471,1.0,0.341,0.314,0.0,0.0
2020-01-10 18:30:00,20.15,19.13,18.85,19.47,19.4,19.68,18.07,19.23,19.08,20.41,17.37,20.99,19.23,17.59,20.86,19.32,18.45,19.5,17.69,17.85,0.16,0.0,0.789,0.534,0.0,1.0,1.0,1.0,0.0,0.0,0.418,0.596,0.318,0.857,0.394,0.26,0.47,1.0,0.336,0.321,0.0,0.0
2020-01-10 18:45:00,20.11,19.02,18.63,19.55,19.33,19.56,17.85,19.1,18.94,20.42,17.37,20.99,19.25,17.59,20.87,19.28,18.49,19.5,17.68,17.83,0.07,0.0,0.773,0.487,0.0,1.0,1.0,1.0,0.0,0.0,0.362,0.594,0.316,0.856,0.437,0.255,0.468,1.0,0.377,0.348,0.0,0.0
2020-01-10 19:00:00,20.12,19.01,18.57,19.51,19.31,19.48,17.81,19.0,18.95,20.42,17.37,20.99,19.22,17.59,20.87,19.24,18.48,19.49,17.64,17.81,-0.0,0.0,0.797,0.538,0.0,1.0,1.0,1.0,0.0,0.0,0.428,0.592,0.316,0.855,0.423,0.254,0.467,1.0,0.357,0.35,0.0,0.0
2020-01-10 19:15:00,20.14,19.0,18.78,19.51,19.3,19.27,17.85,19.0,18.99,20.42,17.37,20.68,19.2,17.59,20.77,19.12,18.47,19.48,17.6,17.78,-0.08,0.0,0.792,0.495,0.0,1.0,1.0,0.259,0.0,0.0,0.424,0.59,0.316,0.0,0.441,0.254,0.0,0.379,0.362,0.355,0.0,0.0
2020-01-10 19:30:00,20.14,18.99,18.78,19.49,19.27,19.24,17.83,18.96,18.97,20.43,17.38,20.18,19.19,17.59,20.64,19.04,18.46,19.47,17.57,17.76,-0.16,0.0,0.778,0.498,0.0,1.0,1.0,0.363,0.0,0.0,0.404,0.588,0.314,0.0,0.448,0.255,0.0,0.438,0.366,0.358,0.0,0.0
2020-01-10 19:45:00,20.14,19.0,18.75,19.48,19.25,19.22,17.8,18.93,18.98,20.43,17.39,19.67,19.17,17.59,20.52,18.99,18.46,19.45,17.53,17.74,-0.23,0.0,0.782,0.503,0.0,1.0,1.0,0.382,0.0,0.0,0.414,0.586,0.31,0.0,0.457,0.255,0.0,0.481,0.369,0.366,0.0,0.0
2020-01-10 20:00:00,20.13,18.97,18.54,19.57,19.22,19.16,17.69,18.83,18.95,20.44,17.4,19.47,19.17,17.6,20.41,18.96,18.46,19.44,17.51,17.72,-0.31,0.0,0.778,0.501,0.0,1.0,1.0,0.39,0.0,0.0,0.408,0.584,0.305,0.166,0.465,0.254,0.0,0.506,0.371,0.374,0.0,0.0
2020-01-10 20:15:00,19.19,19.01,18.48,19.38,19.21,19.22,17.75,18.88,19.01,20.44,17.41,19.38,19.15,17.6,20.31,18.92,18.46,19.43,17.48,17.7,-0.39,0.0,0.0,0.515,0.0,1.0,1.0,0.42,0.0,0.0,0.423,0.582,0.301,0.263,0.466,0.252,0.0,0.518,0.368,0.378,0.0,0.0
2020-01-10 20:30:00,19.42,18.96,18.63,19.27,19.21,19.14,17.73,18.82,18.96,20.44,17.42,19.36,19.14,17.61,20.21,18.89,18.46,19.42,17.46,17.68,-0.46,0.0,0.407,0.494,0.0,1.0,1.0,0.391,0.0,0.0,0.393,0.58,0.295,0.311,0.477,0.249,0.0,0.542,0.372,0.385,0.0,0.0
2020-01-10 20:45:00,19.45,18.95,18.38,19.43,19.18,19.0,17.58,18.71,18.96,20.45,17.44,19.37,19.17,17.62,20.1,18.9,18.49,19.43,17.46,17.66,-0.54,0.0,0.29,0.521,0.0,1.0,1.0,0.431,0.0,0.0,0.419,0.579,0.288,0.32,0.479,0.246,0.0,0.556,0.369,0.388,0.0,0.0
2020-01-10 21:00:00,19.37,19.05,18.64,19.25,19.2,19.2,17.78,18.86,19.06,20.45,17.45,19.37,19.15,17.62,20.01,18.84,18.48,19.42,17.43,17.64,-0.62,0.0,0.277,0.525,0.0,1.0,1.0,0.502,0.0,0.0,0.422,0.577,0.279,0.314,0.465,0.242,0.0,0.552,0.354,0.383,0.0,0.0
2020-01-10 21:15:00,19.35,18.95,18.38,19.35,19.16,18.94,17.55,18.69,18.94,20.45,17.45,19.37,19.16,17.62,19.92,18.85,18.5,19.42,17.43,17.62,-0.69,0.0,0.314,0.473,0.0,1.0,1.0,0.398,0.0,0.0,0.368,0.575,0.277,0.316,0.476,0.242,0.0,0.578,0.361,0.39,0.0,0.0
2020-01-10 21:30:00,19.32,18.99,18.53,19.34,19.16,19.02,17.62,18.67,19.0,20.46,17.46,19.38,19.16,17.63,19.83,18.82,18.5,19.42,17.41,17.6,-0.77,0.0,0.327,0.527,0.0,1.0,1.0,0.529,0.0,0.0,0.429,0.574,0.275,0.313,0.469,0.239,0.041,0.574,0.35,0.388,0.0,0.0
2020-01-10 21:45:00,19.31,19.05,18.67,19.26,19.17,19.11,17.72,18.8,19.06,20.46,17.47,19.38,19.16,17.64,19.77,18.81,18.5,19.42,17.4,17.58,-0.85,0.0,0.339,0.506,0.0,1.0,1.0,0.488,0.0,0.0,0.399,0.572,0.27,0.309,0.472,0.234,0.085,0.588,0.352,0.388,0.0,0.0
2020-01-10 22:00:00,19.25,18.97,18.42,19.32,19.14,18.96,17.57,18.68,18.98,20.46,17.45,19.34,19.15,17.63,19.73,18.8,18.5,19.41,17.39,17.57,-0.94,0.0,0.347,0.474,0.0,1.0,1.0,0.444,0.0,0.0,0.372,0.571,0.266,0.312,0.472,0.229,0.113,0.597,0.352,0.392,0.0,0.0
2020-01-10 22:15:00,19.2,18.96,18.34,19.43,19.13,18.89,17.73,18.59,18.98,20.46,17.43,19.3,19.16,17.62,19.69,18.79,18.58,19.4,17.37,17.55,-1.03,0.0,0.377,0.514,0.0,1.0,1.0,0.52,1.0,0.0,0.412,0.569,0.273,0.331,0.475,0.233,0.136,0.601,0.75,0.293,0.0,0.0
2020-01-10 22:30:00,19.21,19.06,18.39,19.45,19.14,19.1,18.37,18.76,19.07,20.47,17.42,19.28,19.14,17.61,19.66,18.76,18.64,19.37,17.35,17.53,-1.13,0.0,0.399,0.52,0.0,1.0,1.0,0.557,1.0,0.0,0.412,0.568,0.287,0.349,0.472,0.24,0.155,0.603,0.712,0.3,0.0,0.0
2020-01-10 22:45:00,19.18,19.03,18.75,19.44,19.14,19.04,18.35,18.78,19.03,20.47,17.42,19.27,19.13,17.6,19.64,18.75,18.67,19.35,17.33,17.51,-1.22,0.0,0.397,0.469,0.0,1.0,1.0,0.45,0.814,0.0,0.363,0.566,0.291,0.358,0.48,0.245,0.169,0.619,0.681,0.315,0.0,0.0
2020-01-10 23:00:00,19.15,19.03,18.75,19.38,19.13,19.08,18.43,18.81,19.05,20.47,17.41,19.25,19.12,17.59,19.61,18.72,18.69,19.32,17.3,17.48,-1.3,0.0,0.411,0.486,0.0,1.0,1.0,0.48,0.823,0.0,0.383,0.565,0.29,0.364,0.483,0.248,0.181,0.626,0.663,0.325,0.0,0.0
2020-01-10 23:15:00,19.11,18.93,18.53,19.31,19.03,18.89,18.4,18.63,18.95,20.41,17.76,19.23,19.07,17.84,19.6,18.67,18.67,19.28,17.26,17.5,-1.38,0.0,0.425,0.487,0.0,0.311,0.436,0.462,0.783,0.0,0.377,0.0,1.0,0.376,0.441,1.0,0.193,0.639,0.657,0.34,0.0,1.0
2020-01-10 23:30:00,19.09,18.92,18.45,19.22,18.97,18.84,18.42,18.55,18.94,20.35,18.23,19.21,19.02,18.3,19.58,18.61,18.65,19.22,17.2,17.58,-1.46,0.0,0.443,0.533,0.0,0.347,0.485,0.555,0.802,0.0,0.424,0.0,1.0,0.385,0.466,1.0,0.202,0.664,0.665,0.361,0.022,1.0
2020-01-10 23:45:00,19.06,18.87,18.38,19.25,18.9,18.76,18.41,18.47,18.91,20.3,18.52,19.19,19.03,18.65,19.57,18.63,18.67,19.25,17.22,17.72,-1.54,0.0,0.455,0.539,0.0,0.39,0.515,0.582,0.79,0.0,0.428,0.0,0.885,0.395,0.49,0.848,0.21,0.693,0.676,0.388,0.05,1.0
2020-01-11 00:00:00,19.07,18.94,18.49,19.13,18.98,18.84,18.52,18.56,18.96,20.27,18.67,19.2,18.95,18.82,19.55,18.51,18.61,19.14,17.12,17.83,-1.62,0.0,0.472,0.564,0.0,0.377,0.552,0.62,0.796,0.0,0.445,0.0,0.741,0.404,0.485,0.674,0.217,0.685,0.665,0.375,0.041,1.0
2020-01-11 00:15:00,19.03,18.83,18.41,19.26,18.83,18.69,18.46,18.56,18.98,20.25,18.73,19.2,19.02,18.89,19.54,18.61,18.69,19.27,17.36,17.94,-1.71,0.0,0.465,0.532,0.753,0.436,0.508,0.58,0.741,0.72,0.519,0.0,0.665,0.401,0.526,0.591,0.224,0.747,0.693,0.431,1.0,1.0
2020-01-11 00:30:00,19.08,18.94,18.65,19.25,19.02,18.78,18.58,18.84,19.03,20.22,18.78,19.2,18.96,18.93,19.53,18.53,18.66,19.19,17.7,18.02,-1.79,0.0,0.485,0.584,0.793,0.371,0.583,0.656,0.771,0.719,0.51,0.0,0.633,0.4,0.488,0.553,0.229,0.694,0.655,0.366,1.0,1.0
2020-01-11 00:45:00,19.06,18.94,18.7,19.27,19.13,18.8,18.64,18.82,19.04,20.19,18.81,19.19,19.04,18.97,19.52,18.61,18.72,19.28,18.05,18.11,-1.88,0.0,0.461,0.529,0.673,0.377,0.49,0.612,0.709,0.579,0.483,0.0,0.609,0.402,0.518,0.533,0.234,0.733,0.67,0.403,1.0,0.992
2020-01-11 01:00:00,19.05,18.92,18.68,19.26,19.19,18.76,18.65,18.83,19.04,20.16,18.84,19.18,19.08,18.99,19.51,18.66,18.76,19.34,18.29,18.2,-1.94,0.0,0.47,0.532,0.651,0.364,0.437,0.598,0.678,0.588,0.478,0.0,0.593,0.404,0.479,0.516,0.239,0.697,0.64,0.36,0.973,0.944
2020-01-11 01:15:00,19.05,18.95,18.72,19.14,19.22,18.8,18.72,18.91,19.06,20.13,18.85,19.17,19.14,19.01,19.51,18.71,18.8,19.37,18.44,18.27,-2.01,0.0,0.473,0.539,0.662,0.369,0.403,0.618,0.674,0.583,0.478,0.0,0.581,0.409,0.459,0.503,0.243,0.671,0.618,0.332,0.855,0.9
2020-01-11 01:30:00,19.02,18.86,18.48,19.29,19.26,18.59,18.58,18.77,19.0,20.1,18.87,19.17,19.09,19.03,19.5,18.68,18.79,19.35,18.51,18.34,-2.07,0.0,0.477,0.525,0.639,0.432,0.39,0.602,0.641,0.547,0.468,0.0,0.576,0.413,0.432,0.494,0.247,0.645,0.6,0.316,0.781,0.865
2020-01-11 01:45:00,19.03,18.93,18.83,19.15,19.25,18.79,18.72,18.9,19.05,20.07,18.88,19.16,19.12,19.05,19.49,18.69,18.8,19.34,18.58,18.39,-2.13,0.0,0.492,0.57,0.759,0.356,0.368,0.705,0.708,0.617,0.501,0.0,0.566,0.417,0.454,0.485,0.25,0.661,0.607,0.324,0.744,0.831
2020-01-11 02:00:00,18.99,18.89,18.85,19.13,19.17,18.78,18.71,18.93,19.02,20.03,18.89,19.14,19.19,19.05,19.49,18.76,18.84,19.37,18.65,18.45,-2.22,0.0,0.485,0.536,0.583,0.423,0.377,0.604,0.638,0.548,0.475,0.0,0.558,0.42,0.441,0.477,0.253,0.653,0.598,0.329,0.712,0.804
2020-01-11 02:15:00,18.96,18.8,18.64,19.25,19.33,18.59,18.62,18.82,18.97,20.0,18.9,19.12,18.98,19.06,19.48,18.57,18.73,19.25,18.6,18.5,-2.31,0.0,0.504,0.556,0.577,0.435,0.414,0.608,0.645,0.533,0.489,0.0,0.554,0.431,0.403,0.473,0.256,0.622,0.58,0.315,0.673,0.773
2020-01-11 02:30:00,18.99,18.91,18.88,19.05,19.12,18.77,18.74,19.01,19.05,19.97,18.9,19.11,19.2,19.06,19.48,18.76,18.85,19.34,18.73,18.54,-2.4,0.0,0.518,0.598,0.678,0.373,0.335,0.703,0.692,0.592,0.517,0.0,0.552,0.44,0.509,0.472,0.259,0.713,0.635,0.373,0.7,0.752
2020-01-11 02:45:00,18.92,18.72,18.6,19.32,19.35,18.51,18.58,18.79,18.91,19.95,18.9,19.09,18.99,19.06,19.47,18.5,18.69,19.21,18.63,18.57,-2.49,0.0,0.503,0.543,0.561,0.473,0.439,0.617,0.631,0.497,0.474,0.014,0.55,0.447,0.4,0.471,0.261,0.619,0.574,0.331,0.634,0.732
2020-01-11 03:00:00,19.0,18.92,18.78,19.15,19.22,18.64,18.73,19.04,19.07,19.93,18.92,19.11,19.1,19.08,19.47,18.63,18.79,19.27,18.73,18.6,-2.54,0.0,0.54,0.638,0.701,0.342,0.325,0.747,0.708,0.606,0.543,0.027,0.549,0.453,0.507,0.47,0.263,0.751,0.656,0.395,0.687,0.715
2020-01-11 03:15:00,18.97,18.86,18.84,19.16,19.2,18.67,18.75,19.0,19.01,19.9,19.12,19.12,19.11,19.09,19.47,18.65,18.79,19.28,18.56,18.59,-2.58,0.0,0.498,0.542,0.61,0.427,0.392,0.678,0.633,0.482,0.464,0.037,1.0,0.445,0.449,0.462,0.265,1.0,0.607,0.365,0.0,0.0
2020-01-11 03:30:00,18.99,18.88,18.8,19.16,19.14,18.65,18.75,19.02,19.04,19.88,19.38,19.13,19.08,19.11,19.46,18.63,18.78,19.26,18.33,18.55,-2.63,0.0,0.517,0.571,0.582,0.419,0.401,0.667,0.625,0.499,0.495,0.05,1.0,0.439,0.445,0.454,0.267,1.0,0.603,0.361,0.021,0.0
2020-01-11 03:45:00,18.98,18.88,18.86,19.15,19.09,18.64,18.77,19.04,19.04,19.86,19.57,19.13,19.03,19.12,19.46,18.59,18.75,19.22,18.19,18.5,-2.68,0.0,0.504,0.562,0.598,0.42,0.428,0.677,0.625,0.49,0.479,0.061,1.0,0.437,0.462,0.447,0.269,1.0,0.611,0.372,0.134,0.0
2020-01-11 04:00:00,18.96,18.87,18.84,19.15,19.06,18.64,18.77,19.06,19.04,19.84,19.69,19.11,19.0,19.12,19.46,18.55,18.73,19.2,18.13,18.45,-2.72,0.0,0.509,0.56,0.571,0.423,0.454,0.68,0.617,0.479,0.481,0.072,1.0,0.437,0.487,0.442,0.271,1.0,0.625,0.389,0.203,0.0
2020-01-11 04:15:00,18.31,18.86,18.86,19.03,18.99,18.65,18.77,19.05,19.03,19.82,19.79,19.1,19.0,19.11,19.45,18.58,18.74,19.2,18.12,18.4,-2.75,0.0,0.068,0.564,0.579,0.425,0.47,0.681,0.615,0.472,0.482,0.082,1.0,0.446,0.451,0.442,0.272,1.0,0.636,0.398,0.236,0.0
2020-01-11 04:30:00,18.55,18.8,18.72,19.04,19.04,18.51,18.7,19.0,18.99,19.8,19.89,19.09,18.95,19.11,19.45,18.49,18.69,19.17,18.07,18.35,-2.79,0.0,0.396,0.569,0.572,0.483,0.504,0.676,0.614,0.476,0.487,0.091,1.0,0.452,0.449,0.443,0.273,1.0,0.629,0.399,0.238,0.0
2020-01-11 04:45:00,18.49,18.85,18.82,19.08,19.02,18.57,18.75,19.05,19.02,19.78,19.98,19.08,18.94,19.11,19.45,18.49,18.69,19.17,18.06,18.31,-2.83,0.0,0.275,0.599,0.638,0.48,0.482,0.744,0.652,0.501,0.505,0.102,1.0,0.457,0.473,0.443,0.275,1.0,0.655,0.415,0.266,0.0
2020-01-11 05:00:00,18.44,18.81,18.82,19.05,19.01,18.55,18.73,19.04,18.99,19.76,20.04,19.05,18.93,19.1,19.44,18.47,18.68,19.16,18.05,18.26,-2.86,0.0,0.307,0.577,0.59,0.461,0.49,0.716,0.626,0.475,0.491,0.111,1.0,0.462,0.478,0.444,0.276,1.0,0.655,0.415,0.272,0.0
2020-01-11 05:15:00,18.44,18.8,18.86,19.03,19.02,18.53,18.73,19.04,18.86,19.74,20.1,19.03,18.93,19.09,19.44,18.46,18.68,19.15,18.05,18.22,-2.9,0.0,0.328,0.594,0.942,0.473,0.646,0.724,0.633,0.479,0.405,0.12,0.978,0.474,0.486,0.449,0.278,1.0,0.66,0.42,0.277,0.0
2020-01-11 05:30:00,18.4,18.79,18.86,19.02,19.03,18.51,18.72,19.04,18.9,19.73,20.13,19.01,18.93,19.08,19.44,18.45,18.67,19.15,18.04,18.18,-2.93,0.0,0.332,0.6,0.922,0.483,0.639,0.736,0.637,0.482,0.468,0.128,0.952,0.485,0.486,0.454,0.279,1.0,0.661,0.423,0.277,0.0
2020-01-11 05:45:00,18.38,18.77,18.86,19.01,19.02,18.5,18.72,19.04,18.87,19.71,20.14,19.0,18.92,19.08,19.44,18.45,18.66,19.15,18.03,18.15,-2.97,0.0,0.35,0.607,0.918,0.489,0.637,0.744,0.639,0.481,0.449,0.136,0.934,0.494,0.485,0.458,0.28,1.0,0.663,0.423,0.279,0.0
2020-01-11 06:00:00,18.37,18.78,18.88,19.01,19.02,18.49,18.72,19.04,18.88,19.7,20.18,19.01,18.93,19.09,19.44,18.44,18.67,19.15,18.03,18.11,-2.99,0.0,0.359,0.613,0.918,0.496,0.639,0.75,0.642,0.48,0.463,0.143,0.93,0.502,0.489,0.461,0.281,1.0,0.668,0.423,0.284,0.0
2020-01-11 06:15:00,18.36,18.78,18.89,19.0,19.03,18.49,18.73,19.05,18.87,19.68,20.21,19.02,18.93,19.05,19.43,18.44,18.72,19.15,18.03,18.08,-3.01,0.0,0.364,0.611,0.912,0.497,0.64,0.754,0.639,0.478,0.461,0.151,0.911,0.494,0.487,0.307,0.282,1.0,1.0,0.424,0.284,0.0
2020-01-11 06:30:00,18.35,18.78,18.9,19.0,19.04,18.49,18.73,19.06,18.87,19.67,20.24,19.02,18.94,18.98,19.43,18.44,18.77,19.16,18.04,18.04,-3.04,0.0,0.371,0.611,0.905,0.498,0.636,0.755,0.636,0.474,0.463,0.158,0.896,0.49,0.485,0.327,0.283,1.0,1.0,0.423,0.283,0.0
2020-01-11 06:45:00,18.34,18.78,18.91,19.0,19.04,18.48,18.74,19.06,18.87,19.66,20.26,19.02,18.94,18.93,19.43,18.43,18.81,19.16,18.04,18.01,-3.06,0.0,0.377,0.61,0.899,0.5,0.629,0.757,0.634,0.471,0.465,0.164,0.882,0.488,0.479,0.361,0.284,1.0,1.0,0.419,0.279,0.0
2020-01-11 07:00:00,18.33,18.79,18.93,19.0,19.04,18.48,18.74,19.07,18.87,19.65,20.29,19.03,18.94,18.92,19.43,18.44,18.83,19.17,18.04,17.98,-3.09,0.0,0.382,0.609,0.893,0.501,0.63,0.759,0.632,0.469,0.466,0.17,0.87,0.488,0.48,0.384,0.285,1.0,1.0,0.419,0.281,0.0
2020-01-11 07:15:00,18.31,18.03,18.92,18.91,19.05,18.47,18.73,19.05,18.86,19.62,20.31,18.79,18.94,18.92,19.57,18.45,18.85,19.18,18.05,17.95,-3.13,0.0,0.386,0.0,0.886,0.5,0.629,1.0,0.628,0.465,0.466,0.0,0.856,0.0,0.481,0.392,1.0,1.0,1.0,0.417,0.28,0.0
2020-01-11 07:30:00,18.28,18.13,18.9,18.88,19.04,18.42,18.71,19.01,18.84,19.58,20.33,18.34,18.93,18.92,19.75,18.47,18.86,19.2,18.06,17.92,-3.16,0.0,0.394,0.183,0.89,0.546,0.624,1.0,0.635,0.474,0.471,0.0,0.845,0.0,0.482,0.392,1.0,1.0,1.0,0.411,0.274,0.0
2020-01-11 07:45:00,18.31,18.09,18.94,18.9,19.05,18.45,18.74,19.06,18.86,19.56,20.36,17.97,18.94,18.93,19.9,18.48,18.88,19.19,18.06,17.89,-3.19,0.0,0.408,0.135,0.898,0.562,0.629,1.0,0.643,0.494,0.478,0.0,0.833,0.0,0.484,0.39,1.0,1.0,1.0,0.4,0.271,0.0
2020-01-11 08:00:00,18.26,18.02,18.93,18.87,19.04,18.44,18.71,19.04,18.82,19.53,20.33,17.65,18.93,18.89,20.0,18.46,18.87,19.18,18.03,17.86,-3.16,0.0,0.396,0.156,0.878,0.55,0.624,1.0,0.629,0.471,0.469,0.0,0.821,0.0,0.48,0.387,0.952,1.0,1.0,0.404,0.272,0.0
2020-01-11 08:15:00,18.27,18.03,18.94,18.99,19.03,18.46,18.86,19.32,18.84,19.5,20.31,17.38,18.91,18.86,20.09,18.44,18.86,19.3,18.02,17.83,-3.12,4.5,0.42,0.189,0.885,1.0,0.629,1.0,1.0,1.0,0.488,0.0,0.837,0.0,0.486,0.403,0.898,1.0,1.0,1.0,0.283,0.0
2020-01-11 08:30:00,18.28,18.03,19.0,19.07,19.04,18.52,18.91,19.43,18.86,19.48,20.31,17.33,18.92,18.91,20.16,18.44,18.87,19.41,18.02,17.8,-3.08,48.2,0.415,0.184,0.878,1.0,0.637,1.0,1.0,1.0,0.481,0.0,0.846,0.108,0.495,0.419,0.855,1.0,1.0,1.0,0.292,0.0
2020-01-11 08:45:00,18.28,18.01,19.03,19.11,19.06,18.55,18.94,19.47,18.86,19.46,20.31,17.46,18.96,19.02,20.22,18.44,18.89,19.51,18.04,17.78,-3.05,91.9,0.408,0.183,0.85,1.0,0.63,1.0,1.0,1.0,0.47,0.0,0.847,0.133,0.488,0.397,0.819,1.0,1.0,0.996,0.289,0.0
2020-01-11 09:00:00,18.33,18.06,19.09,19.21,19.09,18.6,19.01,19.55,18.91,19.43,20.37,17.65,19.02,19.17,20.28,18.47,18.94,19.59,18.08,17.75,-2.77,135.7,0.412,0.195,0.837,1.0,0.619,1.0,1.0,1.0,0.469,0.0,0.844,0.068,0.468,0.342,0.788,1.0,1.0,0.946,0.28,0.0
2020-01-11 09:15:00,18.37,18.23,19.21,19.33,19.12,18.69,19.1,19.66,18.96,19.41,20.43,17.8,19.09,19.32,20.33,18.5,19.0,19.68,18.12,17.72,-2.5,179.4,0.383,0.168,0.804,1.0,0.604,1.0,1.0,1.0,0.444,0.0,0.814,0.0,0.438,0.264,0.76,1.0,1.0,0.905,0.261,0.0
2020-01-11 09:30:00,18.41,18.33,19.34,19.43,19.16,18.77,19.17,19.77,18.99,19.39,20.47,17.91,19.15,19.41,20.37,18.51,19.02,19.68,18.13,17.7,-2.23,180.8,0.366,0.087,0.745,1.0,0.589,1.0,1.0,1.0,0.42,0.0,0.786,0.0,0.403,0.192,0.735,1.0,1.0,0.862,0.242,0.0
2020-01-11 09:45:00,18.44,18.36,19.42,19.55,19.27,18.8,19.24,19.83,19.03,19.36,20.51,17.94,19.11,19.43,20.41,18.4,19.03,19.61,18.1,17.67,-1.96,182.3,0.345,0.035,0.682,1.0,0.572,1.0,1.0,1.0,0.406,0.0,0.763,0.0,0.374,0.143,0.713,1.0,1.0,0.86,0.237,0.0
2020-01-11 10:00:00,18.5,18.46,19.56,19.55,19.09,18.98,19.37,19.99,19.11,19.34,20.56,17.98,19.3,19.43,20.45,18.81,19.19,19.82,18.29,17.65,-1.78,183.8,0.331,0.021,0.64,1.0,0.513,1.0,1.0,1.0,0.387,0.0,0.743,0.0,0.395,0.133,0.693,1.0,1.0,0.895,0.251,0.0
2020-01-11 10:15:00,18.49,18.39,19.57,19.66,19.35,18.94,19.41,20.01,19.1,19.32,20.6,17.92,19.19,19.37,20.49,18.48,19.15,19.69,18.15,17.62,-1.6,185.3,0.3,0.0,0.568,1.0,0.607,1.0,1.0,1.0,0.344,0.0,0.72,0.0,0.302,0.137,0.674,1.0,1.0,0.789,0.155,0.0
2020-01-11 10:30:00,18.55,18.52,19.72,19.69,19.24,19.06,19.51,20.11,19.17,19.3,20.65,18.0,19.31,19.36,20.52,18.81,19.27,19.81,18.28,17.6,-1.42,217.6,0.305,0.003,0.564,1.0,0.475,1.0,1.0,1.0,0.352,0.0,0.698,0.0,0.355,0.165,0.657,1.0,1.0,0.854,0.225,0.0
2020-01-11 10:45:00,18.57,18.61,19.85,19.75,19.22,19.13,19.58,20.2,19.19,19.27,20.7,18.1,19.49,19.37,20.55,18.86,19.38,19.98,18.36,17.58,-1.24,249.9,0.274,0.0,0.492,1.0,0.531,1.0,1.0,1.0,0.316,0.0,0.675,0.0,0.294,0.172,0.641,1.0,1.0,0.793,0.161,0.0
2020-01-11 11:00:00,18.6,18.68,19.93,19.81,19.44,19.16,19.65,20.24,19.22,19.25,20.75,18.22,19.39,19.37,20.57,18.7,19.34,19.79,18.22,17.55,-1.02,282.2,0.263,0.0,0.426,1.0,0.542,1.0,1.0,1.0,0.303,0.0,0.651,0.0,0.207,0.167,0.627,1.0,1.0,0.71,0.12,0.0
2020-01-11 11:15:00,18.64,18.75,20.05,19.84,19.36,19.23,19.74,20.32,19.26,19.23,20.8,18.33,19.57,19.37,20.6,19.0,19.47,19.94,18.36,17.53,-0.8,314.5,0.251,0.0,0.385,1.0,0.429,1.0,1.0,1.0,0.292,0.0,0.623,0.0,0.254,0.164,0.613,1.0,1.0,0.805,0.19,0.0
2020-01-11 11:30:00,18.66,18.8,20.14,19.89,19.46,19.28,19.82,20.37,19.28,19.21,20.85,18.42,19.69,19.37,20.62,19.08,19.54,20.02,18.38,17.5,-0.58,333.6,0.232,0.0,0.325,1.0,0.47,1.0,1.0,1.0,0.27,0.0,0.598,0.0,0.167,0.164,0.602,1.0,1.0,0.731,0.119,0.0
2020-01-11 11:45:00,18.69,18.84,20.25,19.93,19.4,19.35,19.91,20.45,19.32,19.19,20.89,18.48,19.86,19.38,20.64,19.31,19.65,20.14,18.47,17.48,-0.35,352.7,0.222,0.0,0.28,1.0,0.422,1.0,1.0,1.0,0.259,0.0,0.574,0.0,0.105,0.163,0.591,1.0,1.0,0.691,0.111,0.0
2020-01-11 12:00:00,18.69,18.85,20.33,19.98,19.52,19.38,19.96,20.5,19.33,19.16,20.91,18.51,19.83,19.36,20.66,19.4,19.64,20.14,18.38,17.46,-0.18,371.8,0.206,0.0,0.223,1.0,0.45,1.0,1.0,1.0,0.239,0.0,0.554,0.0,0.02,0.162,0.581,1.0,1.0,0.63,0.064,0.0
2020-01-11 12:15:00,18.7,18.84,20.37,20.02,19.67,19.41,20.02,20.53,19.34,19.14,20.92,18.48,19.86,19.34,20.67,19.62,19.67,20.06,18.36,17.44,0.0,390.9,0.205,0.0,0.185,1.0,0.39,1.0,1.0,1.0,0.237,0.0,0.547,0.0,0.037,0.169,0.572,1.0,1.0,0.631,0.11,0.0
2020-01-11 12:30:00,18.71,18.83,20.13,20.0,19.55,19.47,20.09,20.58,19.36,19.12,20.93,18.42,20.26,19.31,20.69,20.02,19.83,20.37,18.56,17.41,0.18,416.2,0.199,0.0,0.164,1.0,0.317,1.0,1.0,1.0,0.231,0.0,0.541,0.0,0.02,0.181,0.563,1.0,1.0,0.672,0.122,0.0
2020-01-11 12:45:00,18.71,18.77,20.11,20.03,19.9,19.65,20.13,20.59,19.35,19.1,20.95,18.33,20.06,19.28,20.7,20.1,19.79,20.27,18.42,17.39,0.36,441.4,0.194,0.0,0.287,1.0,0.373,1.0,1.0,1.0,0.22,0.0,0.534,0.0,0.0,0.197,0.555,0.99,1.0,0.513,0.02,0.0
2020-01-11 13:00:00,18.75,18.78,20.17,20.1,19.84,20.25,20.21,20.73,19.4,19.08,20.99,18.24,20.43,19.27,20.72,20.45,19.96,20.57,18.61,17.37,0.53,466.7,0.196,0.0,0.296,1.0,0.2,1.0,1.0,1.0,0.227,0.0,0.524,0.0,0.0,0.211,0.548,0.951,1.0,0.564,0.089,0.0
2020-01-11 13:15:00,18.79,18.78,20.19,20.19,19.87,20.57,20.3,21.03,19.44,19.06,21.04,18.13,20.7,19.28,20.73,20.78,20.07,20.8,18.68,17.35,0.69,491.9,0.175,0.0,0.265,1.0,0.232,1.0,1.0,0.934,0.2,0.0,0.505,0.0,0.0,0.214,0.542,0.0,1.0,0.415,0.0,0.0
2020-01-11 13:30:00,18.8,18.81,20.21,20.26,20.06,20.74,20.37,21.13,19.46,19.04,21.07,18.01,20.62,19.28,20.74,20.81,20.1,20.81,18.66,17.33,0.86,470.7,0.155,0.0,0.253,1.0,0.217,1.0,1.0,0.783,0.178,0.0,0.48,0.0,0.0,0.212,0.536,0.0,1.0,0.302,0.0,0.0
2020-01-11 13:45:00,18.81,18.83,20.22,20.29,20.1,20.88,20.45,21.18,19.5,19.02,21.09,17.9,20.73,19.28,20.75,20.93,20.17,20.88,18.68,17.31,1.02,449.4,0.152,0.0,0.245,0.972,0.119,0.98,0.964,0.736,0.168,0.0,0.464,0.0,0.0,0.21,0.531,0.0,1.0,0.293,0.0,0.0
2020-01-11 14:00:00,18.78,18.8,20.19,20.3,20.13,20.94,20.48,21.23,19.5,19.0,21.04,17.75,20.73,19.24,20.76,20.96,20.21,20.92,18.69,17.29,1.08,428.2,0.146,0.0,0.242,0.953,0.1,0.912,0.927,0.709,0.152,0.0,0.457,0.0,0.0,0.21,0.525,0.0,0.966,0.259,0.0,0.0
2020-01-11 14:15:00,18.75,18.74,20.16,20.29,20.2,20.96,20.54,21.25,19.52,18.98,20.98,17.59,20.52,19.19,20.77,20.79,20.2,20.87,18.65,17.26,1.13,407.0,0.161,0.0,0.256,0.95,0.087,0.88,0.908,0.686,0.149,0.0,0.482,0.0,0.0,0.229,0.521,0.0,0.946,0.242,0.0,0.0
2020-01-11 14:30:00,18.73,18.7,20.14,20.29,19.91,20.98,20.58,21.27,19.54,18.96,20.93,17.45,20.61,19.14,20.78,21.19,20.34,21.04,18.77,17.24,1.18,395.2,0.173,0.0,0.269,0.954,0.048,0.871,0.881,0.677,0.139,0.0,0.511,0.004,0.0,0.257,0.517,0.0,0.95,0.266,0.0,0.0
2020-01-11 14:45:00,18.72,18.66,20.11,20.29,20.08,20.99,20.64,21.29,19.57,18.94,20.92,17.35,20.34,19.12,20.78,20.91,20.29,20.89,18.7,17.22,1.24,383.4,0.183,0.0,0.282,0.954,0.197,0.86,0.858,0.665,0.13,0.0,0.536,0.077,0.0,0.279,0.512,0.0,0.882,0.178,0.0,0.0
2020-01-11 15:00:00,18.71,18.63,20.1,20.3,20.02,21.03,20.71,21.31,19.61,18.92,20.92,17.31,20.24,19.12,20.79,21.02,20.37,20.92,18.72,17.2,1.18,371.6,0.189,0.0,0.294,0.954,0.108,0.853,0.832,0.656,0.116,0.0,0.54,0.127,0.0,0.29,0.509,0.0,0.903,0.253,0.0,0.0
2020-01-11 15:15:00,18.68,18.6,20.1,20.31,20.06,21.07,20.78,21.34,19.66,18.9,20.87,17.3,20.17,19.12,20.8,21.0,20.43,20.9,18.77,17.18,1.13,359.8,0.197,0.0,0.299,0.95,0.139,0.836,0.794,0.643,0.093,0.0,0.542,0.147,0.0,0.292,0.505,0.0,0.865,0.238,0.0,0.0
2020-01-11 15:30:00,18.67,18.55,20.08,20.29,20.13,21.01,20.78,21.3,19.63,18.88,20.84,17.29,20.0,19.11,20.8,20.79,20.39,20.82,18.75,17.16,1.08,283.3,0.208,0.0,0.298,0.945,0.12,0.817,0.759,0.63,0.07,0.0,0.565,0.15,0.0,0.292,0.502,0.501,0.836,0.249,0.0,0.0
2020-01-11 15:45:00,18.63,18.48,20.03,20.24,19.8,20.9,20.77,21.24,19.6,18.86,20.82,17.22,20.07,19.07,20.81,21.01,20.48,20.92,18.84,17.14,1.03,206.8,0.217,0.0,0.31,0.957,0.084,0.847,0.758,0.648,0.084,0.0,0.578,0.157,0.0,0.295,0.499,0.606,0.853,0.29,0.0,0.0
2020-01-11 16:00:00,18.59,18.39,19.97,20.16,19.91,20.75,20.66,21.14,19.37,18.84,20.79,17.19,19.87,19.04,20.81,20.55,20.34,20.67,18.68,17.12,0.86,130.3,0.235,0.0,0.334,0.98,0.248,0.899,0.767,0.682,0.099,0.0,0.59,0.188,0.0,0.315,0.496,0.493,0.809,0.239,0.0,0.0
2020-01-11 16:15:00,18.55,18.31,19.91,20.07,19.71,20.57,20.45,21.0,19.32,18.82,20.76,17.2,19.72,19.04,20.82,20.37,20.11,20.54,18.46,17.1,0.68,53.8,0.256,0.006,0.364,1.0,0.195,0.977,0.818,0.731,0.215,0.0,0.605,0.206,0.015,0.332,0.494,0.727,0.88,0.363,0.0,0.0
2020-01-11 16:30:00,18.52,18.26,19.86,20.02,19.61,20.4,20.41,20.93,19.3,18.8,20.73,17.18,19.59,19.03,20.82,20.09,19.95,20.35,18.31,17.08,0.51,40.3,0.276,0.047,0.395,1.0,0.295,1.0,0.925,0.8,0.238,0.0,0.621,0.2,0.09,0.332,0.491,0.814,0.994,0.431,0.068,0.001
2020-01-11 16:45:00,18.49,18.23,19.82,19.98,19.54,20.3,20.37,20.88,19.25,18.78,20.7,17.15,19.5,19.01,20.83,19.93,19.86,20.24,18.23,17.06,0.34,0.0,0.291,0.07,0.421,1.0,0.347,1.0,0.946,0.834,0.252,0.0,0.634,0.208,0.157,0.335,0.489,0.955,1.0,0.524,0.145,0.011
2020-01-11 17:00:00,18.46,18.18,19.77,19.94,19.63,20.19,20.29,20.82,19.2,18.76,20.66,17.11,19.33,18.99,20.83,19.71,19.69,20.07,18.09,17.04,0.23,0.0,0.304,0.086,0.438,1.0,0.38,1.0,0.966,0.858,0.277,0.0,0.648,0.226,0.201,0.344,0.487,1.0,1.0,0.58,0.186,0.021
2020-01-11 17:15:00,18.43,18.16,19.75,19.88,19.37,20.1,20.24,20.78,19.16,18.74,20.62,17.09,19.44,18.96,20.84,19.77,19.75,20.19,18.23,17.02,0.13,0.0,0.321,0.109,0.464,1.0,0.334,1.0,1.0,0.888,0.301,0.0,0.67,0.244,0.286,0.357,0.484,1.0,1.0,0.666,0.257,0.03
2020-01-11 17:30:00,18.41,18.12,19.71,19.85,19.37,20.0,20.18,20.74,19.12,18.72,20.59,17.08,19.36,18.94,20.84,19.68,19.7,20.14,18.13,17.0,0.02,0.0,0.333,0.122,0.477,1.0,0.466,1.0,1.0,0.909,0.32,0.0,0.689,0.254,0.232,0.369,0.482,1.0,1.0,0.603,0.187,0.039
2020-01-11 17:45:00,18.38,18.09,19.68,19.81,19.34,19.91,20.11,20.69,19.08,18.7,20.56,17.07,19.31,18.93,20.84,19.56,19.61,20.11,18.11,16.99,-0.08,0.0,0.346,0.138,0.493,1.0,0.464,1.0,1.0,0.932,0.34,0.0,0.705,0.261,0.272,0.379,0.481,1.0,1.0,0.629,0.237,0.048
2020-01-11 18:00:00,18.39,18.08,19.65,19.79,19.32,19.84,20.09,20.66,19.07,18.68,20.58,17.08,19.29,18.94,20.85,19.48,19.57,20.08,18.11,16.98,-0.19,0.0,0.358,0.153,0.512,1.0,0.479,1.0,1.0,0.953,0.358,0.0,0.719,0.267,0.293,0.385,0.479,1.0,1.0,0.645,0.243,0.055
2020-01-11 18:15:00,18.38,18.07,19.65,19.77,19.23,19.8,20.07,20.65,19.07,18.67,20.59,17.09,19.32,18.94,20.85,19.46,19.58,20.1,18.15,16.96,-0.31,0.0,0.357,0.161,0.523,1.0,0.488,1.0,1.0,0.97,0.363,0.0,0.712,0.259,0.306,0.382,0.477,1.0,1.0,0.659,0.245,0.062
2020-01-11 18:30:00,18.38,18.06,19.64,19.77,19.29,19.72,20.06,20.63,19.06,18.65,20.6,17.09,19.24,18.95,20.85,19.35,19.53,20.0,18.06,16.95,-0.42,0.0,0.359,0.163,0.525,1.0,0.535,1.0,1.0,0.977,0.366,0.0,0.707,0.255,0.291,0.378,0.475,1.0,1.0,0.649,0.223,0.068
2020-01-11 18:45:00,18.38,18.06,19.63,19.76,19.28,19.67,20.05,20.62,19.06,18.63,20.61,17.08,19.22,18.96,20.86,19.31,19.51,19.99,18.07,16.94,-0.54,0.0,0.36,0.168,0.532,1.0,0.503,1.0,1.0,0.985,0.37,0.0,0.701,0.257,0.33,0.375,0.474,1.0,1.0,0.698,0.27,0.074
2020-01-11 19:00:00,18.38,18.05,19.62,19.76,19.37,19.63,20.04,20.6,19.06,18.61,20.61,17.08,19.15,18.96,20.86,19.23,19.45,19.88,18.04,16.93,-0.64,0.0,0.358,0.169,0.535,1.0,0.511,1.0,1.0,0.991,0.369,0.0,0.696,0.26,0.339,0.372,0.472,1.0,1.0,0.704,0.267,0.08
2020-01-11 19:15:00,18.39,18.06,19.63,19.74,19.25,19.6,20.05,20.61,19.07,18.59,20.35,17.07,19.3,18.96,20.86,19.28,19.58,20.11,18.39,16.95,-0.73,0.0,0.359,0.173,0.541,1.0,0.464,1.0,1.0,0.998,0.372,0.0,0.0,0.262,0.375,0.372,0.471,0.387,1.0,0.762,0.981,1.0
2020-01-11 19:30:00,18.39,18.05,19.62,19.75,19.42,19.56,20.04,20.6,19.06,18.57,19.93,17.07,19.29,18.96,20.86,19.2,19.53,20.07,18.54,17.04,-0.83,0.0,0.355,0.168,0.534,1.0,0.523,1.0,1.0,0.996,0.367,0.0,0.0,0.263,0.298,0.371,0.469,0.36,1.0,0.645,0.807,1.0
2020-01-11 19:45:00,18.39,18.05,19.61,19.75,19.58,19.53,20.04,20.58,19.06,18.56,19.54,17.07,19.28,18.96,20.87,19.12,19.55,20.01,18.67,17.14,-0.93,0.0,0.355,0.173,0.541,1.0,0.438,1.0,1.0,1.0,0.369,0.0,0.034,0.263,0.306,0.37,0.468,0.401,1.0,0.664,0.729,1.0
2020-01-11 20:00:00,18.39,18.06,19.62,19.73,19.41,19.52,20.04,20.59,19.07,18.54,19.3,17.07,19.43,18.96,20.87,19.28,19.64,20.21,18.85,17.26,-1.05,0.0,0.355,0.175,0.547,1.0,0.36,1.0,1.0,1.0,0.37,0.0,0.23,0.263,0.311,0.369,0.466,0.44,1.0,0.697,0.664,1.0
2020-01-11 20:15:00,18.87,18.04,19.6,19.78,19.51,19.48,20.03,20.58,19.05,18.52,19.26,17.06,19.35,18.96,20.87,19.1,19.58,20.13,18.81,17.38,-1.16,0.0,0.806,0.17,0.538,1.0,0.445,1.0,1.0,1.0,0.367,0.0,0.349,0.267,0.287,0.37,0.465,0.36,1.0,0.594,0.574,1.0
2020-01-11 20:30:00,18.84,18.09,19.66,19.83,19.61,19.5,20.06,20.63,19.1,18.5,19.28,17.04,19.28,18.94,20.88,19.0,19.55,20.0,18.81,17.47,-1.27,0.0,0.565,0.18,0.55,1.0,0.397,1.0,1.0,1.0,0.373,0.0,0.372,0.271,0.325,0.372,0.463,0.448,1.0,0.634,0.594,1.0
2020-01-11 20:45:00,18.81,18.07,19.65,19.82,19.46,19.49,20.06,20.63,19.08,18.49,19.32,17.04,19.35,18.94,20.88,19.11,19.6,20.11,18.9,17.57,-1.38,0.0,0.582,0.156,0.521,1.0,0.346,1.0,1.0,0.985,0.351,0.0,0.358,0.282,0.358,0.378,0.462,0.5,1.0,0.7,0.595,1.0
2020-01-11 21:00:00,18.83,18.06,19.64,19.81,19.5,19.46,20.04,20.62,19.07,18.47,19.32,17.03,19.3,18.94,20.88,18.99,19.58,20.09,18.88,17.67,-1.49,0.0,0.596,0.165,0.523,1.0,0.42,1.0,1.0,0.985,0.359,0.006,0.342,0.281,0.323,0.379,0.461,0.443,1.0,0.644,0.551,1.0
2020-01-11 21:15:00,18.84,18.06,19.52,19.8,19.46,19.44,20.03,20.61,19.16,18.45,19.28,17.03,19.3,18.94,20.88,19.0,19.55,20.07,18.89,17.75,-1.59,0.0,0.584,0.171,0.181,1.0,0.251,1.0,1.0,0.992,0.463,0.015,0.339,0.283,0.35,0.38,0.459,0.505,1.0,0.656,0.56,1.0
2020-01-11 21:30:00,18.85,18.05,19.53,19.8,19.45,19.42,20.03,20.61,19.13,18.44,19.25,17.02,19.28,18.93,20.89,18.95,19.54,20.07,18.89,17.84,-1.69,0.0,0.581,0.171,0.241,1.0,0.271,1.0,1.0,0.994,0.422,0.023,0.359,0.287,0.351,0.382,0.458,0.499,1.0,0.664,0.557,1.0
2020-01-11 21:45:00,18.86,18.04,19.51,19.8,19.34,19.39,20.01,20.6,19.13,18.43,19.23,17.01,19.34,18.93,20.89,19.05,19.55,20.1,18.93,17.9,-1.8,0.0,0.577,0.175,0.237,1.0,0.277,1.0,1.0,0.995,0.434,0.03,0.376,0.29,0.358,0.384,0.457,0.525,1.0,0.666,0.554,1.0
2020-01-11 22:00:00,18.87,18.04,19.51,19.79,19.55,19.38,20.01,20.6,19.13,18.41,19.22,17.01,19.19,18.93,20.89,18.75,19.45,19.91,18.84,17.97,-1.9,0.0,0.572,0.18,0.244,1.0,0.33,1.0,1.0,1.0,0.435,0.036,0.385,0.294,0.328,0.386,0.456,0.476,1.0,0.648,0.535,1.0
2020-01-11 22:15:00,18.88,18.03,19.49,19.79,19.31,19.36,20.0,20.59,19.13,18.4,19.21,17.01,19.37,18.98,20.89,19.08,19.44,20.1,18.98,18.04,-2.0,0.0,0.565,0.179,0.247,1.0,0.223,1.0,1.0,1.0,0.433,0.043,0.39,0.294,0.404,0.536,0.454,0.624,0.274,0.747,0.581,1.0
2020-01-11 22:30:00,18.89,18.03,19.49,19.78,19.54,19.35,20.0,20.59,19.13,18.39,19.2,17.01,19.17,19.05,20.9,18.72,19.18,19.87,18.85,18.11,-2.1,0.0,0.56,0.185,0.256,1.0,0.344,1.0,1.0,1.0,0.436,0.05,0.394,0.295,0.313,0.512,0.453,0.459,0.278,0.648,0.509,0.978
2020-01-11 22:45:00,18.89,18.02,19.47,19.78,19.26,19.33,19.99,20.58,19.13,18.38,19.19,17.0,19.33,19.11,20.9,19.02,19.26,20.08,18.99,18.17,-2.2,0.0,0.554,0.183,0.255,1.0,0.232,1.0,1.0,1.0,0.434,0.056,0.398,0.297,0.414,0.474,0.452,0.64,0.408,0.767,0.576,0.945
2020-01-11 23:00:00,18.88,18.02,19.46,19.76,19.47,19.32,19.97,20.58,19.13,18.37,19.17,16.98,19.13,19.12,20.9,18.65,19.04,19.83,18.84,18.23,-2.32,0.0,0.555,0.189,0.267,1.0,0.37,1.0,1.0,1.0,0.436,0.062,0.403,0.298,0.333,0.447,0.451,0.49,0.368,0.66,0.507,0.915
2020-01-11 23:15:00,18.88,18.51,19.46,19.82,19.22,19.19,19.96,20.58,19.13,18.43,19.14,17.32,19.28,19.11,20.81,18.94,19.18,20.05,18.95,18.28,-2.44,0.0,0.559,0.991,0.268,1.0,0.265,0.342,1.0,1.0,0.437,0.817,0.417,1.0,0.437,0.44,0.0,0.676,0.478,0.783,0.579,0.887
2020-01-11 23:30:00,18.9,18.61,19.5,19.87,19.44,19.23,19.97,20.63,19.15,18.52,19.12,17.81,19.09,19.1,20.68,18.59,18.98,19.8,18.83,18.32,-2.55,0.0,0.56,0.747,0.271,1.0,0.392,0.403,1.0,1.0,0.437,0.786,0.431,1.0,0.36,0.443,0.0,0.529,0.412,0.673,0.523,0.862
2020-01-11 23:45:00,18.88,18.57,19.49,19.86,19.18,19.21,19.96,20.63,19.14,18.58,19.1,18.11,19.24,19.09,20.56,18.89,19.11,20.04,18.94,18.36,-2.67,0.0,0.55,0.696,0.252,1.0,0.282,0.387,1.0,0.986,0.423,0.738,0.441,1.0,0.455,0.449,0.0,0.706,0.51,0.8,0.585,0.839
2020-01-12 00:00:00,18.86,18.59,19.46,19.84,19.41,19.17,19.92,20.61,19.12,18.61,19.06,18.28,19.06,19.07,20.45,18.53,18.92,19.76,18.81,18.4,-2.76,0.0,0.558,0.713,0.255,1.0,0.408,0.393,1.0,0.985,0.428,0.71,0.449,0.947,0.378,0.453,0.0,0.555,0.446,0.681,0.531,0.819
2020-01-12 00:15:00,18.79,18.5,19.27,19.49,19.13,19.0,19.07,20.1,19.02,18.63,19.03,18.36,19.19,19.05,20.35,18.81,19.02,19.91,18.9,18.44,-2.85,0.0,0.571,0.705,0.272,0.079,0.297,0.413,0.041,0.0,0.439,0.697,0.468,0.861,0.471,0.463,0.0,0.735,0.541,0.118,0.594,0.8
2020-01-12 00:30:00,18.72,18.43,19.11,19.37,19.32,18.84,19.22,19.87,18.93,18.65,19.0,18.39,19.0,19.04,20.25,18.44,18.84,19.52,18.78,18.47,-2.95,0.0,0.607,0.749,0.365,0.253,0.435,0.502,0.463,0.0,0.49,0.686,0.485,0.822,0.404,0.473,0.0,0.593,0.488,0.046,0.549,0.782
2020-01-12 00:45:00,18.74,18.48,19.14,19.37,19.06,18.83,19.24,19.85,18.96,18.68,18.98,18.4,19.1,19.02,20.15,18.68,18.92,19.6,18.84,18.5,-3.04,0.0,0.641,0.786,0.443,0.315,0.338,0.582,0.388,0.066,0.534,0.674,0.499,0.807,0.499,0.481,0.0,0.782,0.58,0.242,0.611,0.766
2020-01-12 01:00:00,18.74,18.5,19.12,19.36,19.23,18.81,19.18,19.81,18.95,18.7,19.0,18.45,18.93,19.04,20.06,18.3,18.77,19.36,18.75,18.52,-3.17,0.0,0.632,0.761,0.431,0.317,0.471,0.583,0.378,0.076,0.521,0.661,0.509,0.798,0.451,0.488,0.0,0.659,0.539,0.2,0.579,0.752
2020-01-12 01:15:00,18.74,18.53,19.12,19.34,19.02,18.79,19.18,19.78,18.95,18.73,19.02,18.5,19.05,19.05,19.97,18.67,18.89,19.45,18.84,18.55,-3.3,0.0,0.631,0.749,0.44,0.319,0.383,0.596,0.411,0.094,0.524,0.648,0.5,0.773,0.536,0.482,0.0,0.849,0.616,0.32,0.623,0.738
2020-01-12 01:30:00,18.74,18.55,19.1,19.33,19.12,18.76,19.16,19.75,18.94,18.76,19.03,18.53,18.99,19.07,19.88,18.37,18.81,19.35,18.8,18.57,-3.44,0.0,0.632,0.737,0.442,0.332,0.489,0.604,0.408,0.111,0.526,0.635,0.49,0.751,0.474,0.473,0.017,0.667,0.555,0.276,0.578,0.725
2020-01-12 01:45:00,18.74,18.58,19.09,19.31,19.18,18.75,19.1,19.7,18.92,18.78,19.03,18.62,18.89,19.11,19.81,18.27,18.69,19.28,18.73,18.6,-3.57,0.0,0.63,0.726,0.452,0.336,0.44,0.618,0.421,0.127,0.528,0.622,0.486,0.733,0.507,0.466,0.058,0.817,0.596,0.323,0.598,0.714
2020-01-12 02:00:00,18.75,18.59,19.08,19.29,19.0,18.73,19.11,19.66,18.94,18.8,19.05,18.64,19.04,19.13,19.76,18.63,18.86,19.36,18.84,18.62,-3.7,0.0,0.628,0.709,0.456,0.343,0.408,0.626,0.448,0.148,0.538,0.609,0.483,0.691,0.553,0.445,0.094,0.863,0.654,0.359,0.633,0.702
2020-01-12 02:15:00,18.76,18.6,19.07,19.28,19.21,18.71,19.09,19.62,18.95,18.82,19.06,18.67,18.93,19.13,19.72,18.17,18.74,19.27,18.79,18.64,-3.83,0.0,0.623,0.707,0.459,0.354,0.498,0.633,0.444,0.169,0.528,0.598,0.476,0.678,0.479,0.437,0.121,0.684,0.569,0.318,0.578,0.691
2020-01-12 02:30:00,18.78,18.61,19.07,19.26,19.09,18.71,19.09,19.59,18.96,18.84,19.08,18.69,18.99,19.13,19.69,18.59,18.82,19.31,18.85,18.66,-3.96,0.0,0.618,0.701,0.465,0.361,0.394,0.643,0.453,0.19,0.526,0.588,0.468,0.667,0.537,0.435,0.141,0.916,0.631,0.365,0.605,0.681
2020-01-12 02:45:00,18.79,18.63,19.07,19.25,19.15,18.7,19.09,19.55,18.98,18.86,19.1,18.72,19.02,19.14,19.66,18.48,18.85,19.35,18.87,18.68,-4.09,0.0,0.612,0.693,0.466,0.369,0.456,0.647,0.454,0.207,0.519,0.579,0.459,0.655,0.505,0.433,0.156,0.707,0.589,0.347,0.574,0.672
2020-01-12 03:00:00,18.79,18.64,19.06,19.23,19.15,18.68,19.07,19.51,18.98,18.88,19.11,18.74,19.03,19.15,19.64,18.47,18.86,19.33,18.9,18.69,-4.17,0.0,0.604,0.685,0.467,0.374,0.423,0.651,0.456,0.226,0.511,0.569,0.448,0.639,0.491,0.428,0.171,0.758,0.576,0.326,0.563,0.662
2020-01-12 03:15:00,18.79,17.88,18.78,19.08,19.14,18.62,19.04,19.44,18.96,18.89,19.11,18.76,19.06,19.31,19.62,18.47,18.86,19.31,18.89,18.71,-4.25,0.0,0.603,0.0,0.0,0.383,0.426,0.658,0.465,0.245,0.511,0.56,0.447,0.63,0.986,1.0,0.182,0.765,0.571,0.333,0.552,0.653
2020-01-12 03:30:00,18.77,17.8,18.65,19.0,19.16,18.54,19.01,19.35,18.94,18.91,19.11,18.77,19.1,19.61,19.6,18.48,18.85,19.31,18.89,18.72,-4.32,0.0,0.606,0.108,0.0,0.458,0.43,0.691,0.48,0.279,0.519,0.553,0.446,0.622,0.972,0.996,0.191,0.763,0.572,0.347,0.556,0.646
2020-01-12 03:45:00,18.79,17.88,18.64,19.02,19.16,18.54,19.0,19.35,18.95,18.92,19.12,18.81,19.12,19.84,19.58,18.47,18.86,19.31,18.91,18.74,-4.4,0.0,0.615,0.151,0.0,0.5,0.42,0.731,0.493,0.325,0.53,0.545,0.443,0.613,0.951,0.845,0.201,0.761,0.577,0.344,0.554,0.638
2020-01-12 04:00:00,18.79,17.81,18.62,19.02,19.08,18.53,18.99,19.34,18.95,18.94,19.11,18.81,19.18,19.93,19.57,18.57,18.89,19.32,18.92,18.75,-4.48,0.0,0.605,0.111,0.0,0.491,0.421,0.731,0.501,0.323,0.525,0.538,0.439,0.595,0.94,0.729,0.209,0.764,0.57,0.345,0.546,0.63
2020-01-12 04:15:00,18.78,17.82,18.62,18.97,19.22,18.55,18.98,19.32,18.95,18.95,19.1,18.81,19.05,19.98,19.56,18.3,18.74,19.23,18.85,18.77,-4.56,0.0,0.607,0.145,0.0,0.492,0.459,0.936,0.503,0.331,0.524,0.531,0.444,0.596,0.911,0.684,0.215,0.715,0.553,0.34,0.541,0.624
2020-01-12 04:30:00,18.78,17.79,18.55,18.98,19.05,18.51,18.96,19.28,18.94,18.96,19.1,18.81,19.17,20.01,19.55,18.55,18.9,19.29,18.92,18.78,-4.64,0.0,0.609,0.139,0.0,0.513,0.388,0.925,0.512,0.341,0.526,0.525,0.449,0.596,0.974,0.659,0.222,0.849,0.629,0.384,0.575,0.617
2020-01-12 04:45:00,18.76,17.77,18.56,18.94,19.21,18.53,18.95,19.28,18.95,18.98,19.08,18.81,19.06,20.03,19.54,18.29,18.73,19.22,18.86,18.79,-4.72,0.0,0.611,0.156,0.0,0.511,0.473,0.944,0.519,0.359,0.528,0.518,0.452,0.595,0.915,0.645,0.227,0.725,0.55,0.353,0.54,0.611
2020-01-12 05:00:00,18.76,17.72,18.49,18.94,19.06,18.49,18.94,19.25,18.94,18.99,19.07,18.82,19.18,20.05,19.53,18.55,18.89,19.29,18.92,18.8,-4.81,0.0,0.618,0.166,0.0,0.529,0.393,0.935,0.523,0.358,0.527,0.512,0.462,0.594,0.971,0.635,0.232,0.853,0.633,0.388,0.572,0.605
2020-01-12 05:15:00,17.98,17.65,18.38,18.73,19.15,18.42,18.22,19.18,18.24,19.05,19.07,18.55,19.11,20.06,19.52,18.4,18.77,19.26,19.0,18.81,-4.89,0.0,0.068,0.19,0.0,0.53,0.472,0.955,0.0,0.374,0.0,1.0,0.463,0.0,0.91,0.626,0.237,0.723,0.553,0.354,1.0,0.599
2020-01-12 05:30:00,18.25,17.53,18.21,18.65,19.14,18.31,18.37,19.06,18.06,19.13,19.07,18.08,19.11,20.08,19.51,18.43,18.77,19.26,19.17,18.82,-4.97,0.0,0.46,0.226,0.0,0.633,0.426,0.988,0.242,0.409,0.08,1.0,0.463,0.0,0.944,0.618,0.241,0.8,0.614,0.372,1.0,0.594
2020-01-12 05:45:00,18.2,17.61,18.24,18.71,19.15,18.34,18.37,19.12,18.23,19.18,19.07,17.56,19.13,20.09,19.5,18.45,18.78,19.27,19.29,18.83,-5.05,0.0,0.325,0.284,0.0,0.675,0.429,1.0,0.166,0.471,0.172,1.0,0.464,0.0,0.943,0.61,0.245,0.783,0.616,0.369,1.0,0.588
2020-01-12 06:00:00,18.16,17.55,18.24,18.69,19.15,18.34,18.32,19.12,18.1,19.22,19.05,17.24,19.13,20.09,19.5,18.45,18.77,19.26,19.35,18.84,-5.11,0.0,0.349,0.246,0.0,0.647,0.427,1.0,0.167,0.438,0.087,1.0,0.465,0.0,0.936,0.604,0.249,0.775,0.612,0.367,1.0,0.583
2020-01-12 06:15:00,18.14,17.52,18.17,18.65,19.15,18.3,18.28,19.08,18.08,19.26,19.04,17.03,19.13,20.09,19.59,18.46,18.76,19.25,19.39,18.85,-5.17,0.0,0.372,0.276,0.0,0.657,0.427,1.0,0.192,0.439,0.151,1.0,0.474,0.13,0.933,0.604,0.652,1.0,0.614,0.369,1.0,0.578
2020-01-12 06:30:00,18.1,17.51,18.12,18.62,19.15,18.27,18.24,19.06,18.03,19.3,19.02,16.97,19.13,20.09,19.69,18.46,18.75,19.24,19.43,18.86,-5.23,0.0,0.382,0.29,0.0,0.677,0.425,1.0,0.212,0.462,0.162,1.0,0.482,0.233,0.935,0.605,0.607,1.0,0.62,0.376,1.0,0.574
2020-01-12 06:45:00,18.07,17.48,18.08,18.6,19.15,18.24,18.21,19.05,17.99,19.34,19.01,16.96,19.13,20.08,19.75,18.45,18.74,19.23,19.45,18.87,-5.29,0.0,0.402,0.295,0.0,0.689,0.424,1.0,0.228,0.468,0.183,1.0,0.488,0.266,0.935,0.607,0.557,1.0,0.625,0.381,1.0,0.569
2020-01-12 07:00:00,18.06,17.5,18.03,18.58,19.16,18.22,18.2,19.06,17.98,19.38,19.04,17.0,19.14,20.11,19.8,18.45,18.75,19.23,19.49,18.88,-5.36,0.0,0.414,0.308,0.0,0.702,0.425,1.0,0.246,0.475,0.204,1.0,0.493,0.27,0.937,0.608,0.524,1.0,0.631,0.386,1.0,0.565
2020-01-12 07:15:00,18.05,17.47,17.87,18.59,19.2,18.23,18.17,19.17,17.95,19.42,19.05,17.01,19.16,20.13,19.83,18.48,18.83,19.25,19.53,18.88,-5.42,0.0,0.418,0.302,0.0,0.708,0.422,1.0,0.25,1.0,0.209,1.0,0.482,0.25,0.932,0.596,0.501,1.0,1.0,0.384,1.0,0.561
2020-01-12 07:30:00,18.05,17.49,17.87,18.59,19.24,18.2,18.17,19.25,17.94,19.46,19.08,17.01,19.2,20.16,19.86,18.52,18.91,19.28,19.59,18.89,-5.49,0.0,0.427,0.314,0.0,0.705,0.4,1.0,0.267,1.0,0.225,1.0,0.474,0.243,0.918,0.584,0.484,1.0,1.0,0.373,1.0,0.558
2020-01-12 07:45:00,18.04,17.49,17.82,18.59,19.27,18.22,18.17,19.27,17.94,19.5,19.1,17.0,19.23,20.18,19.89,18.56,18.97,19.31,19.65,18.9,-5.55,0.0,0.426,0.305,0.0,0.705,0.38,1.0,0.263,1.0,0.231,1.0,0.458,0.243,0.901,0.572,0.469,1.0,1.0,0.358,1.0,0.554
2020-01-12 08:00:00,18.03,17.48,17.83,18.59,19.28,18.23,18.15,19.27,17.92,19.54,19.09,16.98,19.24,20.18,19.91,18.57,18.99,19.31,19.68,18.91,-5.56,0.0,0.429,0.305,0.0,0.706,0.364,1.0,0.265,1.0,0.229,1.0,0.452,0.248,0.885,0.562,0.456,1.0,1.0,0.346,1.0,0.55
2020-01-12 08:15:00,18.04,17.53,17.85,18.66,19.3,18.27,18.19,19.35,17.96,19.57,18.85,16.97,19.26,20.19,19.93,18.6,19.02,19.32,19.71,18.93,-5.57,3.9,0.435,0.312,0.0,1.0,0.408,1.0,0.275,1.0,0.24,1.0,0.0,0.261,0.879,0.559,0.446,1.0,1.0,0.345,1.0,1.0
2020-01-12 08:30:00,18.05,17.54,17.93,18.72,19.32,18.31,18.2,19.4,17.96,19.61,18.48,17.23,19.31,20.33,19.94,18.62,19.06,19.33,19.76,18.98,-5.58,69.6,0.431,0.286,0.0,1.0,0.398,1.0,0.255,1.0,0.221,1.0,0.0,0.267,0.87,0.557,0.437,1.0,1.0,0.341,1.0,1.0
2020-01-12 08:45:00,18.06,17.54,17.79,18.79,19.35,18.26,18.2,19.42,17.96,19.65,18.13,17.52,19.38,20.53,19.96,18.64,19.09,19.33,19.8,19.04,-5.6,135.2,0.424,0.282,0.0,1.0,0.388,1.0,0.252,1.0,0.219,1.0,0.008,0.135,0.847,0.487,0.429,1.0,1.0,0.337,1.0,1.0
2020-01-12 09:00:00,18.11,17.67,18.07,18.9,19.37,18.42,18.33,19.58,18.06,19.68,17.97,17.75,19.49,20.73,19.97,18.69,19.16,19.34,19.87,19.1,-5.45,200.9,0.422,0.28,0.0,1.0,0.375,1.0,0.251,1.0,0.219,1.0,0.186,0.0,0.811,0.387,0.422,1.0,1.0,0.333,1.0,1.0
2020-01-12 09:15:00,18.15,17.91,18.31,18.97,19.4,18.52,18.4,19.72,18.11,19.72,17.98,18.0,19.65,20.93,19.98,18.74,19.21,19.37,19.93,19.16,-5.31,266.5,0.396,0.217,0.0,1.0,0.366,0.989,0.187,0.959,0.17,1.0,0.265,0.0,0.753,0.283,0.416,1.0,1.0,0.328,1.0,1.0
2020-01-12 09:30:00,18.17,18.07,18.26,19.13,19.44,18.53,18.35,19.75,18.12,19.75,18.03,18.24,19.68,21.07,19.99,18.76,19.25,19.38,19.99,19.21,-5.17,290.5,0.374,0.095,0.0,1.0,0.352,0.938,0.15,0.891,0.143,1.0,0.262,0.0,0.677,0.186,0.411,1.0,0.994,0.317,1.0,1.0
2020-01-12 09:45:00,18.18,18.17,18.43,19.42,19.51,18.55,18.31,19.68,18.1,19.79,18.07,18.47,19.71,21.16,20.0,18.75,19.28,19.39,20.02,19.26,-5.02,314.5,0.367,0.013,0.0,1.0,0.328,0.935,0.175,0.873,0.141,1.0,0.235,0.0,0.658,0.114,0.406,1.0,0.974,0.309,1.0,1.0
2020-01-12 10:00:00,18.28,18.4,18.86,19.37,19.5,18.83,18.59,19.95,18.31,19.82,18.08,18.68,19.85,21.22,20.0,18.83,19.37,19.43,20.1,19.31,-4.89,338.6,0.359,0.0,0.0,1.0,0.293,0.923,0.196,0.911,0.15,1.0,0.216,0.0,0.646,0.069,0.402,1.0,0.958,0.307,0.988,1.0
2020-01-12 10:15:00,18.29,18.56,19.06,19.33,19.47,18.91,18.58,20.11,18.29,19.85,18.07,18.89,20.02,21.25,20.01,18.93,19.43,19.45,20.17,19.36,-4.75,362.6,0.311,0.0,0.0,1.0,0.299,0.784,0.053,0.777,0.044,1.0,0.211,0.0,0.573,0.041,0.399,1.0,0.913,0.287,0.951,1.0
2020-01-12 10:30:00,18.23,18.47,18.91,19.63,19.65,18.7,18.28,19.84,18.12,19.89,18.07,19.05,19.89,21.19,20.01,18.81,19.43,19.43,20.14,19.4,-4.61,373.8,0.305,0.0,0.0,1.0,0.314,0.743,0.059,0.695,0.054,1.0,0.213,0.0,0.491,0.027,0.396,1.0,0.886,0.273,0.917,1.0
2020-01-12 10:45:00,18.34,18.6,19.19,19.48,19.57,18.94,18.67,20.03,18.37,19.92,18.07,19.15,20.06,21.1,20.02,18.94,19.51,19.48,20.22,19.44,-4.48,384.9,0.337,0.0,0.0,1.0,0.225,0.851,0.212,0.832,0.138,1.0,0.216,0.0,0.557,0.053,0.394,1.0,0.887,0.283,0.929,0.998
2020-01-12 11:00:00,18.31,18.65,19.32,19.38,19.54,18.98,18.52,20.16,18.28,19.95,18.08,19.24,20.28,20.97,20.02,19.11,19.57,19.52,20.3,19.49,-4.38,396.1,0.28,0.0,0.0,1.0,0.265,0.729,0.015,0.733,0.017,1.0,0.214,0.0,0.468,0.102,0.391,1.0,0.847,0.261,0.89,0.978
2020-01-12 11:15:00,18.24,18.48,19.2,19.54,19.77,18.67,18.3,19.87,18.11,19.98,18.09,19.27,19.98,20.87,20.02,18.95,19.55,19.49,20.24,19.53,-4.28,407.3,0.293,0.0,0.0,1.0,0.282,0.711,0.088,0.669,0.061,1.0,0.209,0.0,0.358,0.165,0.39,1.0,0.815,0.238,0.852,0.957
2020-01-12 11:30:00,18.38,18.65,19.49,19.35,19.57,19.1,18.71,20.14,18.4,20.01,18.1,19.27,20.52,20.82,20.03,19.4,19.67,19.58,20.38,19.56,-4.17,416.7,0.328,0.0,0.0,1.0,0.163,0.866,0.201,0.815,0.144,1.0,0.203,0.0,0.511,0.215,0.388,1.0,0.827,0.257,0.882,0.937
2020-01-12 11:45:00,18.27,18.5,19.44,19.48,19.89,18.79,18.26,19.97,18.13,20.04,18.1,19.24,20.31,20.8,20.03,19.37,19.66,19.59,20.37,19.59,-4.07,426.1,0.258,0.0,0.0,1.0,0.264,0.648,0.0,0.68,0.0,1.0,0.2,0.0,0.241,0.241,0.387,1.0,0.767,0.212,0.809,0.919
2020-01-12 12:00:00,18.32,18.48,19.61,19.44,19.79,18.92,18.53,20.05,18.24,20.07,18.1,19.14,20.59,20.77,20.03,19.7,19.73,19.65,20.43,19.62,-3.98,435.4,0.314,0.0,0.0,1.0,0.107,0.807,0.22,0.766,0.134,1.0,0.198,0.0,0.347,0.252,0.386,1.0,0.768,0.207,0.817,0.904
2020-01-12 12:15:00,18.35,18.46,19.89,19.43,19.79,18.99,18.52,20.12,18.28,20.1,18.09,19.01,20.79,20.73,20.03,19.94,19.77,19.7,20.49,19.65,-3.89,444.8,0.29,0.0,0.0,1.0,0.156,0.738,0.086,0.726,0.082,1.0,0.202,0.0,0.203,0.266,0.385,1.0,0.734,0.177,0.787,0.889
2020-01-12 12:30:00,18.3,18.31,19.22,19.5,20.02,18.85,18.4,20.01,18.18,20.13,18.09,18.83,20.58,20.69,20.03,20.17,19.74,19.72,20.44,19.68,-3.8,459.3,0.277,0.0,0.0,1.0,0.153,0.706,0.089,0.691,0.061,1.0,0.205,0.0,0.107,0.286,0.384,1.0,0.714,0.149,0.757,0.875
2020-01-12 12:45:00,18.34,18.27,19.14,19.39,19.93,19.19,18.54,20.07,18.26,20.15,18.09,18.65,21.15,20.65,20.03,20.48,19.88,19.92,20.54,19.7,-3.7,473.8,0.298,0.0,0.0,1.0,0.04,0.773,0.15,0.745,0.112,0.986,0.205,0.0,0.212,0.306,0.383,1.0,0.73,0.141,0.782,0.861
2020-01-12 13:00:00,18.34,18.18,19.11,19.45,20.13,19.74,18.46,20.14,18.23,20.18,18.1,18.45,20.91,20.62,20.03,20.65,19.89,20.1,20.55,19.72,-3.62,488.3,0.278,0.0,0.0,1.0,0.083,0.604,0.078,0.715,0.07,0.974,0.203,0.0,0.0,0.323,0.383,0.0,0.662,0.038,0.731,0.85
2020-01-12 13:15:00,18.36,18.1,19.15,19.49,20.2,19.99,18.53,20.42,18.26,20.2,18.11,18.22,20.88,20.6,20.03,20.73,19.85,20.2,20.55,19.74,-3.55,502.7,0.279,0.0,0.0,1.0,0.0,0.328,0.122,0.678,0.086,0.962,0.199,0.0,0.044,0.338,0.383,0.0,0.654,0.0,0.723,0.839
2020-01-12 13:30:00,18.37,18.08,19.17,19.53,20.09,20.13,18.53,20.49,18.28,20.22,18.11,18.01,21.42,20.58,20.03,21.11,20.02,20.35,20.62,19.76,-3.47,491.9,0.269,0.0,0.0,1.0,0.0,0.205,0.085,0.541,0.068,0.949,0.195,0.0,0.062,0.351,0.383,0.0,0.673,0.0,0.723,0.828
2020-01-12 13:45:00,18.37,18.06,19.16,19.54,20.3,20.24,18.55,20.54,18.29,20.24,18.09,17.82,21.16,20.56,20.03,21.13,20.02,20.46,20.64,19.78,-3.39,481.1,0.264,0.012,0.0,1.0,0.004,0.0,0.083,0.507,0.06,0.939,0.197,0.0,0.0,0.362,0.383,0.0,0.589,0.0,0.691,0.818
2020-01-12 14:00:00,18.37,18.03,19.15,19.56,20.26,20.32,18.58,20.59,18.32,20.27,18.08,17.64,21.29,20.55,20.03,21.23,20.06,20.52,20.69,19.8,-3.36,470.2,0.266,0.022,0.0,1.0,0.0,0.0,0.076,0.481,0.054,0.928,0.203,0.0,0.0,0.369,0.383,0.0,0.591,0.0,0.682,0.809
2020-01-12 14:15:00,18.37,18.03,19.14,19.57,20.39,20.39,18.62,20.64,18.37,20.28,18.08,17.49,21.01,20.55,20.03,21.18,20.11,20.54,20.73,19.82,-3.34,459.4,0.266,0.033,0.0,1.0,0.0,0.0,0.06,0.455,0.038,0.917,0.208,0.0,0.0,0.374,0.383,0.0,0.57,0.0,0.655,0.8
2020-01-12 14:30:00,18.36,18.01,19.13,19.6,20.25,20.47,18.67,20.69,18.41,20.3,18.07,17.33,21.03,20.54,20.03,21.47,20.23,20.59,20.81,19.83,-3.32,454.2,0.265,0.036,0.0,1.0,0.0,0.0,0.038,0.429,0.017,0.908,0.212,0.007,0.0,0.376,0.383,0.0,0.544,0.0,0.635,0.791
2020-01-12 14:45:00,18.36,18.01,19.13,19.63,20.27,20.55,18.73,20.73,18.47,20.32,18.05,17.22,20.82,20.53,20.03,21.57,20.31,20.63,20.9,19.85,-3.3,448.9,0.268,0.043,0.0,1.0,0.0,0.0,0.017,0.407,0.0,0.898,0.217,0.084,0.0,0.379,0.383,0.0,0.485,0.0,0.593,0.783
2020-01-12 15:00:00,18.35,18.0,19.12,19.65,20.3,20.62,18.8,20.77,18.56,20.34,18.04,17.18,20.72,20.52,20.03,21.57,20.41,20.7,21.0,19.86,-3.34,443.6,0.27,0.046,0.0,1.0,0.0,0.0,0.0,0.384,0.0,0.889,0.223,0.139,0.089,0.384,0.383,0.0,0.446,0.0,0.55,0.776
2020-01-12 15:15:00,18.35,17.99,19.12,19.68,20.32,20.68,18.91,20.81,18.66,20.36,18.02,17.16,20.64,20.5,20.03,21.49,20.5,20.77,21.09,19.88,-3.39,438.4,0.273,0.05,0.0,1.0,0.0,0.0,0.0,0.363,0.0,0.88,0.23,0.162,0.141,0.391,0.384,0.0,0.395,0.0,0.501,0.768
2020-01-12 15:30:00,18.33,17.98,19.11,19.67,20.21,20.59,18.92,20.77,18.69,20.37,18.0,17.15,20.65,20.48,20.03,21.56,20.58,20.84,21.17,19.89,-3.43,342.6,0.277,0.054,0.0,1.0,0.0,0.0,0.0,0.347,0.0,0.872,0.238,0.169,0.18,0.399,0.384,0.0,0.349,0.0,0.457,0.761
2020-01-12 15:45:00,18.3,17.92,19.05,19.62,20.3,20.41,18.86,20.68,18.64,20.39,17.98,17.12,20.46,20.46,20.03,21.46,20.47,20.64,21.04,19.91,-3.48,246.9,0.285,0.061,0.0,1.0,0.0,0.0,0.0,0.363,0.0,0.863,0.248,0.177,0.176,0.408,0.384,0.0,0.308,0.0,0.415,0.754
2020-01-12 16:00:00,18.24,17.84,18.92,19.5,20.23,20.15,18.7,20.55,18.35,20.4,17.95,17.08,20.34,20.44,20.03,20.78,20.35,20.53,20.92,19.92,-3.61,151.1,0.302,0.089,0.0,1.0,0.0,0.0,0.0,0.408,0.0,0.856,0.259,0.19,0.269,0.418,0.385,0.619,0.365,0.0,0.481,0.747
2020-01-12 16:15:00,18.2,17.8,18.86,19.39,20.01,19.92,18.42,20.38,18.23,20.42,17.91,17.03,20.31,20.4,20.03,20.78,20.09,20.33,20.68,19.93,-3.74,55.3,0.33,0.131,0.0,1.0,0.0,0.124,0.0,0.477,0.025,0.849,0.275,0.211,0.332,0.431,0.385,0.96,0.423,0.0,0.541,0.741
2020-01-12 16:30:00,18.16,17.74,18.76,19.32,19.89,19.74,18.46,20.3,18.19,20.43,17.89,17.0,20.24,20.37,20.03,20.47,19.94,20.13,20.55,19.94,-3.88,41.5,0.348,0.149,0.0,1.0,0.043,0.238,0.14,0.558,0.085,0.841,0.297,0.237,0.344,0.45,0.386,0.959,0.556,0.0,0.658,0.735
2020-01-12 16:45:00,18.14,17.72,18.7,19.27,19.78,19.64,18.41,20.24,18.14,20.45,17.87,16.97,20.1,20.35,20.03,20.28,19.84,19.94,20.45,19.95,-4.01,0.0,0.369,0.181,0.0,1.0,0.107,0.329,0.12,0.602,0.107,0.834,0.306,0.251,0.38,0.463,0.386,1.0,0.632,0.0,0.726,0.729
2020-01-12 17:00:00,18.08,17.63,18.55,19.31,19.62,19.46,18.3,20.1,18.05,20.46,17.86,16.96,20.19,20.33,20.03,20.27,19.83,19.85,20.52,19.97,-4.05,0.0,0.382,0.192,0.0,1.0,0.16,0.382,0.146,0.632,0.129,0.827,0.313,0.264,0.448,0.476,0.387,1.0,0.681,0.031,0.774,0.723
2020-01-12 17:15:00,18.11,17.69,18.57,19.21,19.73,19.43,18.35,20.13,18.09,20.47,17.84,16.95,19.91,20.31,20.02,20.07,19.73,19.69,20.36,19.97,-4.09,0.0,0.409,0.237,0.0,1.0,0.238,0.471,0.202,0.699,0.177,0.82,0.322,0.272,0.406,0.487,0.387,1.0,0.685,0.075,0.74,0.717
2020-01-12 17:30:00,18.07,17.63,18.51,19.16,19.68,19.33,18.29,20.07,18.02,20.48,17.83,16.93,19.88,20.3,20.02,19.85,19.67,19.6,20.31,19.98,-4.13,0.0,0.393,0.206,0.0,1.0,0.185,0.486,0.174,0.687,0.156,0.815,0.328,0.277,0.545,0.493,0.388,1.0,0.736,0.157,0.822,0.713
2020-01-12 17:45:00,18.06,17.61,18.41,19.13,19.62,19.2,18.25,20.01,17.99,20.49,17.82,16.92,19.85,20.29,20.02,19.78,19.61,19.53,20.28,19.99,-4.16,0.0,0.414,0.235,0.0,1.0,0.21,0.536,0.207,0.713,0.188,0.809,0.336,0.283,0.56,0.499,0.388,1.0,0.767,0.201,0.843,0.708
2020-01-12 18:00:00,18.07,17.67,18.35,18.94,19.61,19.18,18.32,20.07,18.04,20.5,17.81,16.91,19.76,20.28,20.02,19.64,19.56,19.48,20.24,20.0,-4.21,0.0,0.42,0.246,0.0,1.0,0.24,0.599,0.226,0.743,0.204,0.804,0.342,0.29,0.575,0.505,0.389,1.0,0.796,0.236,0.862,0.703
2020-01-12 18:15:00,18.0,17.51,18.31,19.03,19.53,19.0,18.09,19.85,17.88,20.51,17.8,16.89,19.76,20.27,20.02,19.57,19.52,19.44,20.23,20.01,-4.26,0.0,0.415,0.213,0.0,1.0,0.244,0.612,0.188,0.714,0.18,0.799,0.347,0.295,0.622,0.51,0.389,1.0,0.821,0.262,0.881,0.699
2020-01-12 18:30:00,18.01,17.55,18.13,18.98,19.52,18.97,18.15,19.85,17.91,20.52,17.78,16.88,19.71,20.26,20.02,19.45,19.47,19.41,20.2,20.02,-4.31,0.0,0.45,0.296,0.0,1.0,0.283,0.7,0.307,0.823,0.262,0.794,0.352,0.303,0.618,0.515,0.39,1.0,0.84,0.28,0.885,0.695
2020-01-12 18:45:00,17.99,17.51,17.95,18.99,19.51,18.89,18.1,19.8,17.87,20.53,17.77,16.87,19.67,20.25,20.02,19.38,19.43,19.38,20.17,20.03,-4.35,0.0,0.445,0.276,0.0,1.0,0.288,0.716,0.273,0.823,0.247,0.789,0.358,0.311,0.645,0.52,0.39,1.0,0.867,0.297,0.901,0.69
2020-01-12 19:00:00,18.02,17.57,18.07,18.96,19.51,18.92,18.19,19.86,17.92,20.54,17.79,16.89,19.67,20.26,20.02,19.35,19.45,19.39,20.19,20.04,-4.39,0.0,0.454,0.293,0.0,1.0,0.296,0.753,0.301,0.852,0.264,0.784,0.363,0.317,0.664,0.524,0.391,1.0,0.886,0.308,0.914,0.686
2020-01-12 19:15:00,18.04,18.11,18.62,19.05,19.51,19.0,18.23,19.91,17.96,20.55,17.82,16.92,19.62,20.14,20.02,19.36,19.45,19.41,20.2,20.04,-4.42,0.0,0.441,1.0,0.963,1.0,0.295,0.742,0.255,0.821,0.239,0.779,0.353,0.307,0.166,0.0,0.391,1.0,0.875,0.306,0.906,0.682
2020-01-12 19:30:00,18.07,18.3,18.67,19.11,19.52,18.94,18.25,20.0,18.01,20.56,17.84,16.94,19.54,19.82,20.02,19.33,19.46,19.41,20.21,20.05,-4.46,0.0,0.431,0.946,0.691,1.0,0.294,0.698,0.236,0.796,0.222,0.775,0.341,0.292,0.191,0.0,0.392,1.0,0.875,0.297,0.9,0.678
2020-01-12 19:45:00,18.02,18.24,18.56,19.2,19.51,18.87,18.18,19.88,17.92,20.57,17.85,16.95,19.48,19.58,20.01,19.32,19.47,19.41,20.23,20.06,-4.49,0.0,0.414,0.848,0.665,1.0,0.292,0.731,0.226,0.751,0.195,0.769,0.331,0.279,0.231,0.089,0.392,1.0,0.87,0.294,0.894,0.673
2020-01-12 20:00:00,18.09,18.39,18.74,19.07,19.51,18.94,18.28,20.01,18.04,20.58,17.82,16.91,19.42,19.44,20.01,19.26,19.45,19.39,20.21,20.07,-4.55,0.0,0.439,0.881,0.718,1.0,0.296,0.766,0.262,0.81,0.238,0.765,0.325,0.276,0.26,0.209,0.393,1.0,0.863,0.293,0.887,0.669
2020-01-12 20:15:00,17.98,18.31,18.57,19.25,19.49,18.71,18.12,19.82,17.87,20.59,17.81,16.89,19.42,19.38,20.01,19.25,19.44,19.39,20.21,20.08,-4.61,0.0,0.406,0.806,0.632,1.0,0.293,0.531,0.21,0.743,0.179,0.761,0.338,0.294,0.29,0.28,0.393,1.0,0.876,0.305,0.897,0.665
2020-01-12 20:30:00,18.12,18.49,18.84,19.0,19.5,18.93,18.34,20.08,18.11,20.59,17.8,16.87,19.37,19.35,20.01,19.19,19.44,19.36,20.2,20.08,-4.67,0.0,0.459,0.847,0.714,1.0,0.307,0.646,0.292,0.838,0.267,0.757,0.346,0.303,0.291,0.308,0.394,1.0,0.88,0.306,0.896,0.662
2020-01-12 20:45:00,18.01,18.45,18.73,19.14,19.47,18.77,18.17,19.93,17.92,20.6,17.8,16.87,19.36,19.35,20.01,19.17,19.42,19.36,20.19,20.09,-4.73,0.0,0.39,0.753,0.58,1.0,0.301,0.534,0.179,0.711,0.144,0.753,0.349,0.316,0.317,0.323,0.394,1.0,0.882,0.322,0.902,0.658
2020-01-12 21:00:00,18.04,18.47,18.61,19.24,19.47,18.69,18.14,19.83,17.92,20.61,17.81,16.88,19.35,19.35,20.01,19.14,19.42,19.35,20.19,20.1,-4.72,0.0,0.445,0.773,0.636,1.0,0.313,0.614,0.263,0.783,0.241,0.75,0.35,0.314,0.319,0.326,0.394,1.0,0.888,0.322,0.904,0.655
2020-01-12 21:15:00,18.65,18.66,19.04,19.25,19.43,19.01,18.67,20.14,18.63,20.54,17.81,17.26,19.31,19.35,20.01,19.1,19.41,19.33,19.96,20.1,-4.71,0.0,0.982,0.765,0.697,1.0,0.316,0.657,0.931,0.835,1.0,0.0,0.347,1.0,0.326,0.326,0.395,1.0,0.889,0.326,0.0,0.652
2020-01-12 21:30:00,18.64,18.6,18.93,19.62,19.33,18.83,18.52,19.93,18.56,20.46,17.81,17.75,19.26,19.34,20.01,19.04,19.4,19.3,19.61,20.11,-4.7,0.0,0.675,0.668,0.482,1.0,0.336,0.495,0.667,0.681,0.684,0.0,0.344,1.0,0.345,0.326,0.395,1.0,0.894,0.334,0.022,0.649
2020-01-12 21:45:00,18.62,18.73,19.06,19.47,19.28,18.92,18.75,20.15,18.7,20.41,17.81,18.05,19.21,19.34,20.01,18.97,19.38,19.26,19.36,20.11,-4.69,0.0,0.679,0.701,0.537,1.0,0.383,0.585,0.741,0.783,0.722,0.0,0.344,1.0,0.369,0.328,0.396,1.0,0.901,0.352,0.194,0.646
2020-01-12 22:00:00,18.66,18.72,19.13,19.4,19.27,19.06,18.76,20.19,18.71,20.37,17.81,18.29,19.18,19.33,20.01,18.93,19.37,19.26,19.24,20.12,-4.72,0.0,0.689,0.635,0.468,1.0,0.412,0.541,0.627,0.676,0.652,0.0,0.344,0.975,0.397,0.332,0.396,1.0,0.912,0.369,0.322,0.643
2020-01-12 22:15:00,18.62,18.64,18.92,19.62,19.25,18.66,18.61,19.99,18.63,20.34,17.81,18.43,19.18,19.31,19.91,18.89,19.36,19.26,19.23,20.13,-4.75,0.0,0.668,0.638,0.433,1.0,0.417,0.471,0.618,0.656,0.643,0.0,0.345,0.857,0.409,0.337,0.0,0.533,0.917,0.372,0.378,0.639
2020-01-12 22:30:00,18.69,18.79,19.14,19.51,19.24,18.95,18.82,20.14,18.79,20.32,17.81,18.49,19.17,19.31,19.8,18.84,19.36,19.26,19.25,20.13,-4.78,0.0,0.689,0.68,0.538,1.0,0.425,0.671,0.696,0.755,0.684,0.0,0.346,0.786,0.409,0.343,0.044,0.555,0.918,0.369,0.385,0.636
2020-01-12 22:45:00,18.72,18.78,19.19,19.45,19.24,18.98,18.85,20.22,18.81,20.29,17.81,18.54,19.15,19.3,19.72,18.8,19.35,19.26,19.24,20.14,-4.81,0.0,0.654,0.605,0.429,1.0,0.43,0.525,0.592,0.678,0.603,0.0,0.346,0.754,0.417,0.347,0.099,0.581,0.922,0.368,0.375,0.633
2020-01-12 23:00:00,18.69,18.72,19.05,19.55,19.23,18.78,18.74,20.06,18.77,20.26,17.81,18.57,19.15,19.29,19.65,18.79,19.34,19.26,19.22,20.14,-4.83,0.0,0.642,0.608,0.403,1.0,0.431,0.508,0.575,0.639,0.594,0.0,0.346,0.73,0.425,0.351,0.142,0.599,0.926,0.37,0.379,0.63
2020-01-12 23:15:00,18.71,18.72,18.93,19.62,19.21,18.75,18.75,19.73,18.79,20.23,17.8,18.61,19.13,19.29,19.61,18.76,19.21,19.25,19.19,20.15,-4.85,0.0,0.656,0.639,0.473,1.0,0.437,0.611,0.628,0.0,0.617,0.0,0.347,0.713,0.427,0.354,0.173,0.607,0.328,0.371,0.391,0.628
2020-01-12 23:30:00,18.77,18.84,19.27,19.47,19.19,18.98,18.94,19.84,18.93,20.19,17.8,18.64,19.11,19.28,19.57,18.73,19.06,19.24,19.17,20.16,-4.88,0.0,0.646,0.639,0.537,1.0,0.443,0.625,0.625,0.135,0.604,0.0,0.348,0.696,0.434,0.357,0.196,0.62,0.397,0.373,0.405,0.625
2020-01-12 23:45:00,18.72,18.7,19.01,19.65,19.18,18.64,18.74,19.7,18.81,20.16,17.8,18.66,19.1,19.28,19.54,18.71,19.02,19.24,19.15,20.16,-4.9,0.0,0.613,0.579,0.363,1.0,0.453,0.51,0.532,0.081,0.535,0.0,0.348,0.68,0.444,0.359,0.214,0.634,0.47,0.378,0.415,0.622
2020-01-13 00:00:00,18.81,18.88,19.3,19.48,19.17,19.02,18.99,19.79,19.0,20.12,17.8,18.68,19.08,19.27,19.52,18.69,19.0,19.23,19.14,20.17,-4.97,0.0,0.638,0.648,0.494,1.0,0.46,0.68,0.628,0.148,0.593,0.0,0.349,0.668,0.45,0.361,0.228,0.645,0.49,0.381,0.423,0.619
2020-01-13 00:15:00,18.71,18.65,18.87,19.36,19.15,18.58,18.71,19.61,18.8,20.09,18.07,18.7,19.07,19.26,19.5,18.66,18.98,19.22,19.13,20.15,-5.03,0.0,0.595,0.561,0.348,0.26,0.413,0.488,0.506,0.104,0.498,0.0,1.0,0.659,0.458,0.364,0.24,0.656,0.502,0.384,0.43,0.0
2020-01-13 00:30:00,18.71,18.67,18.89,19.28,19.14,18.7,18.78,19.56,18.85,20.05,18.48,18.71,19.06,19.26,19.48,18.64,18.96,19.22,19.11,20.1,-5.1,0.0,0.647,0.673,0.564,0.322,0.426,0.709,0.643,0.193,0.601,0.0,0.966,0.652,0.467,0.368,0.25,0.669,0.512,0.389,0.437,0.0
2020-01-13 00:45:00,18.74,18.71,19.01,19.31,19.13,18.7,18.79,19.58,18.87,20.01,18.7,18.72,19.05,19.25,19.46,18.63,18.94,19.21,19.1,20.03,-5.16,0.0,0.644,0.667,0.553,0.359,0.43,0.651,0.61,0.22,0.577,0.0,0.759,0.646,0.472,0.372,0.26,0.678,0.522,0.392,0.444,0.0
2020-01-13 01:00:00,18.75,18.71,18.99,19.3,19.13,18.69,18.81,19.53,18.89,19.98,18.77,18.73,19.04,19.25,19.45,18.61,18.93,19.21,19.1,19.97,-5.11,0.0,0.629,0.645,0.495,0.347,0.433,0.652,0.603,0.21,0.563,0.0,0.648,0.64,0.477,0.375,0.268,0.686,0.53,0.394,0.449,0.0
2020-01-13 01:15:00,18.75,18.71,19.01,19.29,19.12,18.66,18.8,19.48,18.89,19.95,18.79,18.74,19.03,19.24,19.44,18.6,18.92,19.21,19.09,19.92,-5.06,0.0,0.627,0.647,0.503,0.349,0.436,0.656,0.596,0.236,0.557,0.01,0.615,0.634,0.482,0.377,0.275,0.694,0.535,0.396,0.452,0.013
2020-01-13 01:30:00,18.76,18.71,19.01,19.29,19.12,18.63,18.81,19.45,18.9,19.92,18.81,18.75,19.02,19.24,19.43,18.59,18.91,19.2,19.08,19.86,-5.01,0.0,0.625,0.646,0.496,0.356,0.438,0.67,0.598,0.26,0.555,0.026,0.604,0.629,0.486,0.378,0.281,0.701,0.541,0.397,0.455,0.042
2020-01-13 01:45:00,18.77,18.74,19.07,19.18,19.13,18.71,18.86,19.45,18.93,19.89,18.83,18.76,18.99,19.24,19.42,18.56,18.89,19.19,19.08,19.82,-4.97,0.0,0.621,0.643,0.496,0.357,0.441,0.685,0.597,0.276,0.55,0.041,0.596,0.624,0.49,0.379,0.286,0.707,0.546,0.399,0.459,0.068
2020-01-13 02:00:00,18.72,18.62,18.85,19.28,19.08,18.46,18.7,19.35,18.83,19.87,18.84,18.76,19.01,19.23,19.41,18.58,18.9,19.2,19.07,19.78,-4.97,0.0,0.616,0.629,0.467,0.412,0.437,0.644,0.571,0.276,0.537,0.054,0.586,0.621,0.506,0.381,0.291,0.721,0.554,0.403,0.462,0.089
2020-01-13 02:15:00,18.76,18.69,18.96,19.21,19.1,18.6,18.8,19.38,18.9,19.84,18.86,18.75,18.97,19.22,19.4,18.54,18.87,19.18,19.06,19.74,-4.96,0.0,0.639,0.688,0.577,0.358,0.459,0.769,0.65,0.327,0.584,0.067,0.578,0.622,0.494,0.385,0.296,0.712,0.552,0.402,0.466,0.111
2020-01-13 02:30:00,18.75,18.68,18.95,19.2,19.09,18.59,18.79,19.36,18.89,19.82,18.87,18.75,18.98,19.21,19.39,18.53,18.85,19.17,19.04,19.7,-4.96,0.0,0.621,0.655,0.519,0.397,0.452,0.702,0.6,0.312,0.548,0.08,0.572,0.623,0.513,0.39,0.3,0.73,0.566,0.409,0.472,0.132
2020-01-13 02:45:00,18.73,18.67,18.95,19.18,19.08,18.56,18.77,19.33,18.89,19.79,18.86,18.75,18.98,19.21,19.39,18.51,18.84,19.17,19.03,19.67,-4.96,0.0,0.624,0.658,0.523,0.4,0.455,0.705,0.605,0.319,0.554,0.092,0.567,0.623,0.51,0.394,0.304,0.736,0.575,0.416,0.479,0.15
2020-01-13 03:00:00,18.72,18.64,18.93,19.14,19.07,18.52,18.75,19.3,18.87,19.77,18.84,18.73,18.96,19.19,19.38,18.49,18.8,19.15,19.0,19.64,-4.97,0.0,0.635,0.667,0.526,0.412,0.458,0.72,0.613,0.333,0.557,0.104,0.572,0.624,0.508,0.397,0.307,0.744,0.582,0.414,0.484,0.165
2020-01-13 03:15:00,18.71,18.62,18.9,19.07,19.05,18.5,18.31,19.27,18.85,19.75,18.55,18.71,18.94,19.17,19.37,18.46,18.77,19.13,18.97,19.62,-4.99,0.0,0.639,0.678,0.537,0.428,0.465,0.888,0.075,0.349,0.564,0.115,0.0,0.635,0.518,0.407,0.31,0.756,0.599,0.423,0.5,0.179
2020-01-13 03:30:00,18.68,18.57,18.81,19.04,19.04,18.44,18.39,19.22,18.81,19.73,18.1,18.7,18.92,19.15,19.37,18.43,18.73,19.11,18.94,19.59,-5.0,0.0,0.647,0.688,0.549,0.466,0.474,0.898,0.296,0.364,0.573,0.126,0.0,0.644,0.529,0.417,0.313,0.772,0.617,0.434,0.515,0.192
2020-01-13 03:45:00,18.68,18.58,18.83,19.02,19.02,18.41,18.37,19.2,18.82,19.71,17.69,18.69,18.9,19.14,19.36,18.4,18.7,19.09,18.92,19.57,-5.02,0.0,0.662,0.716,0.593,0.482,0.482,0.929,0.256,0.392,0.596,0.136,0.098,0.651,0.54,0.425,0.316,0.787,0.634,0.444,0.528,0.204
2020-01-13 04:00:00,18.69,18.58,18.83,19.01,19.02,18.41,18.35,19.2,18.83,19.69,17.58,18.71,18.91,19.15,19.36,18.38,18.71,19.09,18.94,19.55,-5.03,0.0,0.659,0.71,0.586,0.489,0.49,0.943,0.263,0.4,0.59,0.145,0.303,0.656,0.548,0.431,0.318,0.802,0.651,0.453,0.54,0.215
2020-01-13 04:15:00,17.75,18.55,18.75,18.84,19.0,18.37,18.32,19.16,18.8,19.68,17.62,18.72,18.9,19.03,19.35,18.29,18.71,19.09,18.95,19.54,-5.03,0.0,0.0,0.708,0.586,0.443,0.49,0.947,0.274,0.402,0.586,0.154,0.358,0.645,0.546,0.0,0.32,0.0,0.647,0.453,0.53,0.224
2020-01-13 04:30:00,17.51,18.48,18.61,18.74,18.97,18.26,18.21,19.06,18.77,19.66,17.68,18.74,18.9,18.75,19.35,18.18,18.71,19.1,18.96,19.52,-5.04,0.0,0.0,0.724,0.624,0.531,0.499,0.963,0.29,0.422,0.599,0.162,0.342,0.638,0.549,0.0,0.323,0.0,0.644,0.453,0.524,0.232
2020-01-13 04:45:00,17.35,18.52,18.62,18.72,18.94,18.25,18.23,19.08,18.8,19.64,17.71,18.75,18.89,18.48,19.35,18.09,18.71,19.08,18.95,19.5,-5.05,0.0,0.0,0.76,0.694,0.58,0.516,1.0,0.347,0.47,0.616,0.171,0.31,0.631,0.552,0.0,0.325,0.0,0.645,0.45,0.522,0.241
2020-01-13 05:00:00,17.26,18.5,18.62,18.68,18.95,18.23,18.19,19.05,18.78,19.63,17.67,18.74,18.79,18.27,19.34,17.91,18.66,19.02,18.91,19.49,-5.02,0.0,0.026,0.738,0.69,0.588,0.529,1.0,0.335,0.461,0.598,0.179,0.294,0.625,0.557,0.0,0.327,0.004,0.646,0.461,0.524,0.249
2020-01-13 05:15:00,17.2,18.49,18.58,18.66,18.87,18.18,18.15,19.02,18.78,19.61,17.62,18.73,18.83,18.07,19.34,17.99,18.68,19.05,18.91,19.49,-4.99,0.0,0.072,0.749,0.69,0.61,0.523,1.0,0.354,0.473,0.608,0.186,0.315,0.632,0.603,0.0,0.328,0.095,0.672,0.49,0.545,0.655
2020-01-13 05:30:00,17.13,18.49,18.57,18.64,18.87,18.16,18.14,19.01,18.77,19.6,17.59,18.72,18.81,17.88,19.34,17.95,18.65,19.05,18.9,19.51,-4.96,0.0,0.102,0.755,0.711,0.619,0.565,1.0,0.373,0.489,0.612,0.194,0.342,0.637,0.584,0.0,0.33,0.053,0.661,0.475,0.544,0.655
2020-01-13 05:45:00,17.08,18.48,18.55,18.61,18.85,18.14,18.11,18.99,18.76,19.59,17.59,18.72,18.8,17.71,19.33,17.91,18.63,19.03,18.88,19.55,-4.93,0.0,0.134,0.755,0.715,0.631,0.567,1.0,0.381,0.495,0.614,0.201,0.355,0.64,0.593,0.0,0.332,0.074,0.676,0.477,0.551,0.643
2020-01-13 06:00:00,17.02,18.48,18.54,18.59,18.83,18.11,18.09,18.98,18.76,19.57,17.58,18.71,18.78,17.55,19.33,17.87,18.6,19.02,18.87,19.58,-4.93,0.0,0.162,0.758,0.726,0.643,0.574,1.0,0.394,0.503,0.618,0.207,0.357,0.642,0.602,0.0,0.333,0.096,0.687,0.483,0.558,0.627
2020-01-13 06:15:00,16.99,18.37,18.11,18.55,18.76,18.05,18.04,18.93,18.53,19.54,17.57,18.71,18.82,17.41,19.24,17.92,18.66,19.12,18.86,19.61,-4.93,0.0,0.191,0.661,0.0,0.655,0.583,1.0,0.407,0.512,0.422,0.0,0.359,0.645,1.0,0.0,0.0,0.116,1.0,1.0,0.567,0.61
2020-01-13 06:30:00,16.96,18.39,18.14,18.5,18.82,18.04,18.04,18.92,18.58,19.5,17.56,18.7,18.79,17.26,19.12,17.77,18.63,19.23,18.83,19.63,-4.93,0.0,0.205,0.715,0.0,0.677,0.621,1.0,0.428,0.535,0.533,0.0,0.364,0.647,0.988,0.0,0.0,0.089,1.0,1.0,0.57,0.597
2020-01-13 06:45:00,16.94,18.37,18.1,18.49,18.84,18.02,18.04,18.92,18.57,19.47,17.55,18.66,18.8,17.09,19.01,17.78,18.68,19.28,18.85,19.66,-4.92,0.0,0.22,0.707,0.0,0.698,0.59,1.0,0.428,0.538,0.512,0.0,0.371,0.65,1.0,0.0,0.0,0.165,1.0,1.0,0.585,0.583
2020-01-13 07:00:00,16.93,18.39,18.07,18.49,18.85,18.01,18.03,18.92,18.56,19.44,17.56,18.69,18.83,16.97,18.9,17.8,18.71,19.39,18.87,19.68,-4.93,0.0,0.23,0.717,0.0,0.703,0.579,1.0,0.432,0.54,0.513,0.0,0.376,0.671,0.998,0.003,0.0,0.159,1.0,1.0,0.574,0.571
2020-01-13 07:15:00,16.92,18.4,18.12,18.45,18.97,18.05,18.06,18.94,18.58,19.42,17.57,18.71,18.79,16.88,18.81,17.69,18.7,19.32,18.66,19.69,-4.93,0.0,0.236,0.705,0.013,0.706,0.573,1.0,0.433,0.542,0.518,0.0,0.37,0.656,0.985,0.067,0.0,0.15,1.0,1.0,0.0,0.562
2020-01-13 07:30:00,16.89,18.4,18.03,18.49,18.88,17.99,18.01,18.9,18.57,19.4,17.57,18.73,18.86,16.83,18.71,17.79,18.78,19.42,18.42,19.71,-4.93,0.0,0.238,0.7,0.0,0.724,0.514,1.0,0.419,0.53,0.512,0.0,0.366,0.646,1.0,0.108,0.0,0.203,1.0,1.0,0.0,0.554
2020-01-13 07:45:00,16.9,18.41,18.04,18.49,18.72,18.0,18.04,18.92,18.58,19.38,17.57,18.74,18.9,16.8,18.62,17.86,18.8,19.38,18.26,19.72,-4.93,0.0,0.254,0.702,0.036,0.707,0.561,1.0,0.444,0.55,0.516,0.0,0.363,0.637,0.969,0.135,0.0,0.157,1.0,1.0,0.041,0.547
2020-01-13 08:00:00,16.9,18.42,18.05,18.48,18.73,18.01,18.05,18.93,18.58,19.35,17.57,18.75,18.77,16.79,18.53,17.5,18.71,19.3,18.1,19.73,-4.87,0.0,0.248,0.697,0.028,0.705,0.64,1.0,0.432,0.542,0.511,0.0,0.365,0.629,0.952,0.148,0.0,0.122,1.0,1.0,0.118,0.541
2020-01-13 08:15:00,16.9,18.43,18.03,18.5,18.63,18.02,18.05,19.09,18.58,19.33,17.58,18.49,18.58,16.78,18.44,17.33,18.62,19.18,17.93,19.74,-4.82,4.8,0.25,0.692,0.026,0.708,0.0,1.0,0.427,1.0,0.511,0.0,0.365,0.0,1.0,0.155,0.0,0.3,1.0,1.0,0.202,0.535
2020-01-13 08:30:00,16.91,18.45,18.03,18.52,18.5,18.04,18.07,19.15,18.59,19.3,17.59,18.14,18.63,16.82,18.35,17.73,18.66,19.21,17.98,19.75,-4.77,33.8,0.252,0.686,0.034,0.699,0.0,1.0,0.424,0.956,0.509,0.0,0.36,0.0,1.0,0.158,0.0,0.383,1.0,1.0,0.284,0.53
2020-01-13 08:45:00,16.92,18.47,18.03,18.55,18.53,18.06,18.09,19.16,18.61,19.28,17.61,17.83,18.63,16.9,18.26,17.6,18.67,19.26,18.02,19.76,-4.72,62.9,0.244,0.677,0.033,0.689,0.0,1.0,0.415,0.926,0.503,0.0,0.353,0.0,1.0,0.141,0.0,0.185,1.0,1.0,0.258,0.526
2020-01-13 09:00:00,16.94,18.5,18.05,18.6,18.52,18.1,18.12,19.21,18.62,19.25,17.62,17.69,18.66,16.99,18.18,17.62,18.71,19.27,18.04,19.76,-4.53,92.0,0.241,0.667,0.033,0.676,0.0,1.0,0.406,0.918,0.497,0.0,0.345,0.0,1.0,0.098,0.0,0.25,1.0,1.0,0.238,0.522
2020-01-13 09:15:00,16.96,18.64,18.09,18.65,18.51,18.14,18.15,19.26,18.64,19.22,17.64,17.63,18.67,17.05,18.09,17.65,18.71,19.28,18.04,19.77,-4.34,121.0,0.23,0.649,0.024,0.649,0.0,1.0,0.391,0.897,0.49,0.0,0.338,0.0,1.0,0.057,0.0,0.238,1.0,1.0,0.228,0.518
2020-01-13 09:30:00,16.97,18.75,18.12,18.68,18.4,18.17,18.17,19.29,18.65,19.2,17.65,17.56,18.73,17.07,18.01,17.72,18.75,19.32,18.03,19.78,-4.15,126.7,0.22,0.58,0.005,0.623,0.0,1.0,0.377,0.872,0.48,0.0,0.332,0.0,1.0,0.025,0.0,0.227,1.0,1.0,0.232,0.515
2020-01-13 09:45:00,16.98,18.82,18.15,18.71,18.49,18.2,18.19,19.32,18.67,19.17,17.66,17.49,18.53,17.07,17.93,17.31,18.63,19.12,17.94,19.78,-3.96,132.3,0.214,0.525,0.0,0.608,0.0,1.0,0.366,0.855,0.474,0.0,0.326,0.0,1.0,0.014,0.0,0.188,1.0,1.0,0.234,0.512
2020-01-13 10:00:00,16.99,18.81,18.16,18.72,18.34,18.22,18.2,19.34,18.68,19.15,17.67,17.39,18.71,17.04,17.85,17.75,18.74,19.31,18.01,19.79,-3.81,137.9,0.208,0.491,0.0,0.596,0.0,1.0,0.356,0.839,0.466,0.0,0.32,0.0,1.0,0.016,0.0,0.397,1.0,1.0,0.278,0.509
2020-01-13 10:15:00,17.0,18.84,18.18,18.73,18.41,18.24,18.22,19.37,18.7,19.12,17.68,17.31,18.65,17.01,17.77,17.48,18.72,19.24,18.0,19.79,-3.65,143.5,0.204,0.494,0.0,0.589,0.029,1.0,0.349,0.828,0.458,0.0,0.314,0.0,1.0,0.032,0.0,0.177,1.0,1.0,0.244,0.507
2020-01-13 10:30:00,17.02,18.89,18.21,18.75,18.37,18.26,18.23,19.39,18.72,19.1,17.7,17.25,18.6,16.99,17.69,17.51,18.69,19.2,17.99,19.8,-3.49,164.3,0.199,0.479,0.0,0.583,0.0,1.0,0.342,0.817,0.451,0.0,0.309,0.0,1.0,0.047,0.0,0.311,1.0,1.0,0.249,0.505
2020-01-13 10:45:00,17.03,18.95,18.25,18.76,18.38,18.28,18.25,19.41,18.73,19.07,17.71,17.25,18.64,16.99,17.61,17.58,18.72,19.22,18.01,19.8,-3.34,185.1,0.191,0.453,0.0,0.575,0.016,1.0,0.333,0.804,0.442,0.0,0.302,0.0,1.0,0.055,0.0,0.293,1.0,1.0,0.256,0.502
2020-01-13 11:00:00,17.05,19.0,18.29,18.77,18.42,18.31,18.28,19.43,18.76,19.05,17.74,17.27,18.72,16.99,17.54,17.67,18.78,19.28,18.06,19.8,-3.14,205.8,0.186,0.424,0.0,0.568,0.011,1.0,0.325,0.795,0.434,0.0,0.293,0.0,1.0,0.056,0.0,0.262,1.0,1.0,0.244,0.5
2020-01-13 11:15:00,17.06,19.04,18.34,18.78,18.5,18.34,18.3,19.45,18.79,19.03,17.78,17.3,18.82,16.99,17.46,17.79,18.86,19.33,18.12,19.81,-2.95,226.6,0.176,0.4,0.0,0.563,0.0,0.995,0.312,0.785,0.418,0.0,0.278,0.0,1.0,0.054,0.0,0.217,1.0,1.0,0.221,0.499
2020-01-13 11:30:00,17.08,19.09,18.42,18.8,18.69,18.38,18.33,19.48,18.82,19.0,17.8,17.33,18.76,17.0,17.39,17.73,18.84,19.27,18.08,19.81,-2.76,254.3,0.169,0.38,0.0,0.558,0.0,0.98,0.301,0.774,0.405,0.0,0.262,0.0,0.989,0.054,0.0,0.157,1.0,1.0,0.192,0.497
2020-01-13 11:45:00,17.11,19.12,18.49,18.84,18.43,18.41,18.36,19.51,18.85,18.98,17.83,17.36,19.18,17.01,17.31,18.12,19.04,19.49,18.19,19.81,-2.56,282.1,0.158,0.356,0.0,0.549,0.0,0.961,0.285,0.76,0.391,0.0,0.248,0.0,1.0,0.051,0.0,0.185,1.0,1.0,0.208,0.495
2020-01-13 12:00:00,17.12,19.14,18.59,18.86,18.6,18.45,18.38,19.54,18.87,18.95,17.84,17.37,19.07,17.01,17.24,18.08,19.05,19.5,18.17,19.81,-2.33,309.9,0.147,0.34,0.0,0.529,0.0,0.943,0.272,0.746,0.375,0.0,0.236,0.0,0.811,0.046,0.0,0.0,1.0,1.0,0.153,0.494
2020-01-13 12:15:00,17.14,19.15,18.69,18.88,18.77,18.49,18.4,19.56,18.89,18.93,17.85,17.35,19.06,17.0,17.16,18.14,19.02,19.41,18.12,19.82,-2.09,337.7,0.138,0.33,0.0,0.519,0.0,0.924,0.259,0.732,0.365,0.0,0.229,0.0,0.867,0.046,0.0,0.011,1.0,1.0,0.165,0.493
2020-01-13 12:30:00,17.14,19.13,18.45,18.87,18.61,18.5,18.42,19.56,18.92,18.91,17.86,17.3,19.58,16.98,17.1,18.57,19.21,19.68,18.25,19.82,-1.86,390.0,0.13,0.327,0.0,0.511,0.0,0.907,0.248,0.721,0.353,0.0,0.223,0.0,0.869,0.05,0.0,0.0,1.0,1.0,0.19,0.491
2020-01-13 12:45:00,17.16,19.13,18.45,18.88,18.8,18.74,18.43,19.57,18.93,18.89,17.87,17.25,19.57,16.96,17.02,18.82,19.28,19.82,18.26,19.82,-1.62,442.4,0.129,0.334,0.0,0.517,0.0,0.902,0.242,0.721,0.339,0.0,0.22,0.0,0.612,0.06,0.002,0.0,1.0,1.0,0.126,0.49
2020-01-13 13:00:00,17.18,19.11,18.48,18.95,18.92,19.38,18.46,19.7,18.95,18.86,17.88,17.15,19.75,16.94,16.96,19.18,19.34,20.03,18.3,19.82,-1.38,494.8,0.122,0.336,0.0,0.508,0.0,0.781,0.234,0.714,0.336,0.0,0.215,0.0,0.615,0.07,0.038,0.0,1.0,1.0,0.121,0.489
2020-01-13 13:15:00,17.2,19.05,18.53,19.04,19.05,19.7,18.5,20.01,18.97,18.84,17.88,17.01,19.92,16.92,16.92,19.54,19.42,20.27,18.35,19.83,-1.14,547.2,0.11,0.347,0.0,0.475,0.0,0.0,0.218,0.652,0.325,0.0,0.212,0.0,0.523,0.08,0.068,0.0,1.0,1.0,0.1,0.488
2020-01-13 13:30:00,17.22,19.07,18.57,19.09,19.16,19.93,18.53,20.13,18.99,18.82,17.89,16.9,20.07,16.9,16.89,19.85,19.5,20.49,18.41,19.83,-0.9,555.8,0.098,0.376,0.0,0.431,0.0,0.0,0.198,0.493,0.315,0.0,0.209,0.043,0.0,0.091,0.09,0.0,0.989,1.0,0.073,0.487
2020-01-13 13:45:00,17.23,19.06,18.6,19.12,19.44,20.11,18.57,20.22,19.02,18.8,17.88,16.86,20.06,16.89,16.87,20.0,19.53,20.5,18.44,19.83,-0.65,564.4,0.088,0.367,0.0,0.403,0.0,0.0,0.186,0.436,0.307,0.0,0.207,0.1,0.0,0.099,0.105,0.0,0.95,1.0,0.044,0.486
2020-01-13 14:00:00,17.22,19.04,18.59,19.17,19.28,20.22,18.6,20.29,19.07,18.77,17.87,16.85,20.56,16.88,16.85,20.49,19.76,20.88,18.58,19.83,-0.54,573.0,0.087,0.372,0.0,0.39,0.0,0.0,0.167,0.39,0.291,0.0,0.209,0.121,0.0,0.105,0.116,0.0,0.933,1.0,0.03,0.485
2020-01-13 14:15:00,17.23,19.04,18.62,19.21,19.53,20.37,18.69,20.38,19.16,18.75,17.86,16.85,20.23,16.87,16.83,20.65,19.83,20.94,18.61,19.83,-0.43,581.6,0.088,0.379,0.0,0.365,0.0,0.0,0.15,0.356,0.263,0.0,0.213,0.124,0.122,0.109,0.125,0.0,0.822,0.912,0.0,0.484
2020-01-13 14:30:00,17.23,19.04,18.63,19.23,19.72,20.44,18.75,20.43,19.25,18.73,17.86,16.84,20.06,16.86,16.82,20.64,19.89,20.94,18.64,19.83,-0.32,552.4,0.085,0.378,0.0,0.346,0.0,0.0,0.105,0.31,0.219,0.0,0.218,0.125,0.283,0.114,0.133,0.0,0.785,0.882,0.0,0.484
2020-01-13 14:45:00,17.22,19.03,18.62,19.25,19.47,20.48,18.82,20.45,19.33,18.71,17.86,16.83,20.24,16.86,16.81,21.1,20.11,21.17,18.81,19.84,-0.21,523.2,0.086,0.381,0.0,0.336,0.0,0.0,0.074,0.286,0.176,0.0,0.221,0.128,0.37,0.119,0.14,0.0,0.757,0.882,0.0,0.483
2020-01-13 15:00:00,17.21,19.02,18.62,19.25,19.8,20.51,18.89,20.47,19.4,18.69,17.85,16.81,20.0,16.85,16.8,20.86,20.15,21.08,18.84,19.84,-0.23,494.0,0.089,0.385,0.0,0.327,0.0,0.0,0.04,0.274,0.135,0.0,0.222,0.133,0.282,0.122,0.146,0.0,0.643,0.766,0.0,0.482
2020-01-13 15:15:00,17.2,19.0,18.61,19.25,19.59,20.52,18.94,20.47,19.46,18.67,17.83,16.79,20.15,16.83,16.79,21.3,20.35,21.25,19.01,19.84,-0.26,464.8,0.094,0.392,0.0,0.324,0.0,0.0,0.007,0.264,0.1,0.0,0.227,0.144,0.399,0.127,0.152,0.0,0.625,0.808,0.0,0.482
2020-01-13 15:30:00,17.18,18.98,18.57,19.22,19.83,20.42,18.95,20.42,19.45,18.64,17.82,16.77,19.94,16.82,16.78,20.76,20.32,21.11,19.0,19.84,-0.28,383.0,0.099,0.398,0.0,0.323,0.0,0.0,0.0,0.263,0.068,0.0,0.233,0.154,0.325,0.134,0.157,0.0,0.527,0.723,0.0,0.481
2020-01-13 15:45:00,17.15,18.95,18.52,19.16,19.65,20.28,18.91,20.34,19.41,18.62,17.79,16.75,19.98,16.8,16.77,21.0,20.35,21.13,19.06,19.84,-0.3,301.3,0.111,0.411,0.0,0.34,0.0,0.0,0.0,0.289,0.076,0.0,0.242,0.165,0.428,0.142,0.162,0.0,0.542,0.797,0.0,0.48
2020-01-13 16:00:00,17.1,18.9,18.44,19.07,19.61,20.09,18.8,20.24,18.96,18.6,17.77,16.71,19.9,16.78,16.76,20.84,20.31,21.03,19.0,19.84,-0.47,219.5,0.126,0.426,0.0,0.368,0.0,0.012,0.0,0.328,0.095,0.0,0.253,0.177,0.411,0.151,0.166,0.0,0.527,0.786,0.0,0.48
2020-01-13 16:15:00,17.05,18.85,18.35,18.96,19.52,19.89,18.42,20.03,18.99,18.58,17.74,16.68,19.82,16.75,16.75,20.45,20.13,20.9,18.79,19.84,-0.64,137.8,0.149,0.45,0.0,0.413,0.0,0.104,0.049,0.38,0.318,0.0,0.267,0.193,0.452,0.162,0.17,0.0,0.547,0.834,0.0,0.479
2020-01-13 16:30:00,17.02,18.82,18.27,18.89,19.32,19.61,18.52,19.94,19.02,18.56,17.72,16.67,19.67,16.73,16.75,19.99,19.89,20.7,18.54,19.84,-0.82,103.3,0.173,0.473,0.0,0.472,0.0,0.207,0.242,0.487,0.304,0.0,0.282,0.208,0.488,0.175,0.173,0.0,0.633,0.899,0.0,0.479
2020-01-13 16:45:00,17.01,18.8,18.19,18.88,19.05,19.48,18.45,19.86,18.91,18.54,17.69,16.65,19.66,16.71,16.74,19.75,19.85,20.68,18.4,19.85,-0.99,0.0,0.188,0.489,0.0,0.503,0.0,0.343,0.188,0.532,0.289,0.0,0.291,0.216,0.563,0.184,0.176,0.0,0.753,0.999,0.0,0.478
2020-01-13 17:00:00,17.0,18.78,18.18,18.81,19.12,19.4,18.43,19.83,18.91,18.52,17.68,16.64,19.39,16.7,16.74,19.31,19.57,20.34,18.15,19.85,-1.04,0.0,0.197,0.502,0.0,0.511,0.0,0.41,0.227,0.568,0.346,0.0,0.303,0.226,0.572,0.193,0.179,0.0,0.773,1.0,0.052,0.477
2020-01-13 17:15:00,16.98,18.75,18.14,18.78,18.99,19.29,18.39,19.77,18.87,18.5,17.67,16.63,19.3,16.7,16.73,19.09,19.52,20.22,18.05,19.85,-1.1,0.0,0.202,0.51,0.0,0.546,0.0,0.449,0.235,0.587,0.343,0.0,0.31,0.229,0.703,0.199,0.182,0.0,0.914,1.0,0.175,0.477
2020-01-13 17:30:00,16.97,18.74,18.11,18.74,19.04,19.21,18.36,19.72,18.85,18.48,17.66,16.61,19.13,16.69,16.73,18.83,19.33,20.02,17.94,19.85,-1.16,0.0,0.212,0.523,0.0,0.562,0.0,0.504,0.256,0.617,0.363,0.0,0.316,0.236,0.749,0.202,0.185,0.0,0.94,1.0,0.227,0.476
2020-01-13 17:45:00,16.95,18.72,18.06,18.72,18.81,19.12,18.33,19.67,18.82,18.46,17.65,16.6,19.22,16.68,16.72,18.78,19.47,20.12,18.09,19.85,-1.22,0.0,0.215,0.53,0.0,0.578,0.0,0.546,0.268,0.638,0.377,0.0,0.32,0.244,0.834,0.205,0.187,0.0,1.0,1.0,0.28,0.476
2020-01-13 18:00:00,16.93,18.69,18.01,18.7,18.64,19.02,18.28,19.62,18.77,18.44,17.63,16.57,19.27,16.66,16.72,18.67,19.53,20.16,18.06,19.85,-1.26,0.0,0.225,0.538,0.021,0.588,0.0,0.592,0.287,0.665,0.39,0.0,0.324,0.25,0.791,0.209,0.189,0.0,0.965,1.0,0.204,0.475
2020-01-13 18:15:00,16.92,18.67,18.0,18.66,18.73,18.95,18.26,19.59,18.75,18.42,17.6,16.55,19.03,16.64,16.71,18.45,19.24,19.9,17.93,19.85,-1.31,0.0,0.235,0.554,0.044,0.601,0.0,0.642,0.309,0.691,0.413,0.0,0.337,0.265,0.765,0.218,0.191,0.0,0.937,1.0,0.221,0.475
2020-01-13 18:30:00,16.9,18.65,17.98,18.63,18.79,18.88,18.22,19.55,18.72,18.4,17.59,16.53,18.83,16.63,16.71,18.16,19.0,19.69,17.8,19.85,-1.36,0.0,0.24,0.563,0.049,0.621,0.0,0.674,0.32,0.706,0.426,0.0,0.348,0.277,0.887,0.228,0.193,0.0,1.0,1.0,0.286,0.474
2020-01-13 18:45:00,16.89,18.63,17.94,18.61,18.45,18.81,18.19,19.52,18.69,18.38,17.58,16.52,18.99,16.62,16.71,18.23,19.18,19.83,17.94,19.85,-1.4,0.0,0.248,0.573,0.06,0.633,0.0,0.708,0.338,0.723,0.442,0.0,0.355,0.284,0.983,0.236,0.195,0.0,1.0,1.0,0.352,0.474
2020-01-13 19:00:00,16.9,18.63,17.95,18.61,18.66,18.79,18.21,19.51,18.71,18.36,17.6,16.51,18.73,16.61,16.7,17.87,18.93,19.56,17.8,19.85,-1.44,0.0,0.255,0.583,0.079,0.643,0.0,0.745,0.356,0.742,0.456,0.0,0.36,0.289,0.906,0.241,0.197,0.0,1.0,1.0,0.282,0.473
2020-01-13 19:15:00,16.91,18.64,17.96,18.64,18.36,18.75,18.46,19.51,18.71,18.35,17.88,16.54,18.9,16.62,16.7,18.08,19.13,19.72,17.96,19.86,-1.47,0.0,0.249,0.584,0.076,0.646,0.0,0.606,0.896,0.747,0.443,0.0,1.0,0.293,1.0,0.244,0.199,0.114,1.0,1.0,0.352,0.473
2020-01-13 19:30:00,16.92,18.65,17.97,18.65,18.61,18.74,18.5,19.52,18.71,18.33,18.3,16.56,18.66,16.64,16.7,17.81,18.89,19.48,17.81,19.86,-1.51,0.0,0.246,0.578,0.07,0.631,0.021,0.625,0.769,0.744,0.447,0.0,1.0,0.282,0.95,0.238,0.2,0.009,1.0,1.0,0.271,0.472
2020-01-13 19:45:00,16.92,18.66,17.96,18.65,18.3,18.71,18.51,19.51,18.71,18.31,18.56,16.56,18.84,16.66,16.69,18.01,19.08,19.65,17.94,19.86,-1.54,0.0,0.242,0.575,0.066,0.626,0.0,0.63,0.752,0.742,0.445,0.0,0.851,0.272,1.0,0.228,0.202,0.144,1.0,1.0,0.344,0.472
2020-01-13 20:00:00,16.92,18.66,17.96,18.65,18.57,18.68,18.54,19.5,18.71,18.29,18.69,16.56,18.6,16.66,16.69,17.76,18.85,19.42,17.82,19.86,-1.58,0.0,0.242,0.572,0.068,0.627,0.052,0.644,0.745,0.746,0.445,0.0,0.72,0.268,0.979,0.222,0.203,0.047,1.0,1.0,0.279,0.471
2020-01-13 20:15:00,17.72,18.69,18.07,18.83,18.27,18.7,18.61,19.58,18.73,18.27,18.75,16.56,18.8,16.9,16.69,18.1,19.05,19.59,17.93,19.86,-1.62,0.0,1.0,0.57,0.068,0.676,0.0,0.662,0.73,0.749,0.445,0.006,0.653,0.269,1.0,1.0,0.204,1.0,1.0,1.0,0.342,0.471
2020-01-13 20:30:00,18.1,18.74,18.17,18.97,18.55,18.75,18.68,19.7,18.77,18.25,18.79,16.57,18.6,17.42,16.69,18.0,18.88,19.4,17.81,19.86,-1.66,0.0,1.0,0.557,0.016,0.587,0.067,0.65,0.697,0.708,0.435,0.014,0.626,0.269,1.0,1.0,0.205,0.952,1.0,1.0,0.284,0.47
2020-01-13 20:45:00,18.16,18.73,18.18,18.98,18.35,18.75,18.7,19.7,18.77,18.24,18.81,16.57,18.74,17.84,16.69,18.21,19.02,19.55,17.94,19.86,-1.7,0.0,0.948,0.529,0.0,0.513,0.0,0.623,0.66,0.651,0.413,0.023,0.607,0.266,1.0,1.0,0.206,1.0,1.0,1.0,0.343,0.47
2020-01-13 21:00:00,18.22,18.73,18.18,18.98,18.26,18.73,18.72,19.69,18.76,18.22,18.83,16.57,18.84,18.19,16.68,18.27,19.14,19.65,17.93,19.86,-1.73,0.0,0.92,0.535,0.0,0.509,0.023,0.624,0.648,0.651,0.417,0.03,0.596,0.263,1.0,1.0,0.207,0.893,1.0,1.0,0.278,0.469
2020-01-13 21:15:00,18.28,18.73,18.18,18.99,18.43,18.72,18.73,19.69,18.76,18.21,18.85,16.56,18.69,18.43,16.68,18.17,18.97,19.48,17.88,19.85,-1.77,0.0,0.892,0.537,0.0,0.511,0.071,0.636,0.641,0.656,0.419,0.038,0.585,0.267,0.979,0.907,0.208,0.866,1.0,1.0,0.283,0.069
2020-01-13 21:30:00,18.35,18.73,18.18,19.0,18.5,18.7,18.75,19.69,18.76,18.2,18.87,16.56,18.57,18.6,16.68,18.07,18.88,19.36,17.8,19.82,-1.8,0.0,0.858,0.535,0.0,0.504,0.0,0.642,0.634,0.655,0.418,0.045,0.576,0.27,1.0,0.785,0.209,0.916,1.0,1.0,0.309,0.075
2020-01-13 21:45:00,18.4,18.72,18.18,19.0,18.3,18.69,18.77,19.69,18.77,18.19,18.88,16.54,18.69,18.69,16.68,18.17,18.98,19.49,17.93,19.78,-1.83,0.0,0.825,0.535,0.0,0.5,0.0,0.648,0.627,0.654,0.418,0.051,0.566,0.272,1.0,0.701,0.21,0.966,1.0,1.0,0.348,0.092
2020-01-13 22:00:00,18.45,18.7,18.17,19.0,18.21,18.66,18.76,19.68,18.75,18.17,18.88,16.52,18.78,18.74,16.68,18.19,19.06,19.57,17.9,19.74,-1.87,0.0,0.798,0.542,0.0,0.498,0.049,0.654,0.616,0.654,0.413,0.057,0.559,0.279,1.0,0.655,0.211,0.913,1.0,1.0,0.287,0.111
2020-01-13 22:15:00,18.49,18.79,18.24,19.01,18.46,18.65,18.75,19.68,18.93,18.25,18.87,16.5,18.48,18.78,16.88,18.0,18.7,19.22,17.77,19.7,-1.91,0.0,0.776,0.649,0.913,0.502,0.094,0.668,0.622,0.66,0.626,0.914,0.562,0.291,0.611,0.628,1.0,0.905,0.471,0.214,0.302,0.132
2020-01-13 22:30:00,18.54,18.77,18.47,19.06,18.17,18.65,18.76,19.69,18.89,18.35,18.87,16.49,18.55,18.8,17.12,18.04,18.74,19.23,17.81,19.67,-1.96,0.0,0.754,0.607,0.879,0.494,0.0,0.677,0.624,0.662,0.536,0.877,0.565,0.3,0.762,0.61,1.0,0.999,0.649,0.389,0.365,0.151
2020-01-13 22:45:00,18.56,18.76,18.47,19.05,18.17,18.63,18.75,19.69,18.89,18.43,18.86,16.48,18.52,18.83,17.31,17.96,18.68,19.11,17.74,19.63,-2.0,0.0,0.729,0.613,0.767,0.472,0.115,0.677,0.621,0.653,0.555,0.824,0.567,0.305,0.724,0.598,1.0,0.98,0.631,0.386,0.343,0.167
2020-01-13 23:00:00,18.59,18.78,18.5,19.06,18.14,18.62,18.77,19.69,18.92,18.47,18.89,16.5,18.49,18.86,17.48,17.94,18.68,19.06,17.81,19.61,-2.04,0.0,0.722,0.619,0.765,0.474,0.116,0.685,0.624,0.654,0.557,0.785,0.568,0.309,0.739,0.586,1.0,1.0,0.658,0.445,0.379,0.183
2020-01-13 23:15:00,18.62,18.8,18.56,19.07,18.04,18.64,18.79,19.71,18.93,18.51,18.91,16.53,18.54,18.9,17.61,18.0,18.75,19.1,18.04,19.59,-2.08,0.0,0.707,0.61,0.749,0.472,0.128,0.689,0.617,0.657,0.542,0.763,0.555,0.3,0.755,0.569,1.0,1.0,0.661,0.47,1.0,0.196
2020-01-13 23:30:00,18.64,18.81,18.59,19.1,18.3,18.64,18.8,19.71,18.95,18.54,18.93,16.55,18.37,18.94,17.74,17.87,18.55,18.9,18.26,19.56,-2.13,0.0,0.692,0.6,0.721,0.463,0.18,0.681,0.606,0.646,0.535,0.747,0.544,0.286,0.73,0.552,1.0,0.999,0.623,0.449,0.981,0.207
2020-01-13 23:45:00,18.69,18.83,18.64,19.11,18.06,18.65,18.82,19.73,18.97,18.58,18.97,16.56,18.57,18.97,17.86,18.02,18.78,19.09,18.47,19.55,-2.17,0.0,0.678,0.593,0.705,0.451,0.052,0.682,0.601,0.645,0.526,0.729,0.533,0.276,0.813,0.532,1.0,1.0,0.724,0.551,0.871,0.218
2020-01-14 00:00:00,18.67,18.82,18.66,19.12,18.29,18.64,18.82,19.72,18.97,18.61,18.95,16.54,18.36,18.98,17.98,17.86,18.55,18.87,18.46,19.53,-2.25,0.0,0.657,0.583,0.68,0.447,0.169,0.676,0.588,0.637,0.515,0.712,0.517,0.271,0.717,0.516,1.0,0.989,0.61,0.456,0.764,0.227
2020-01-14 00:15:00,18.69,18.82,18.68,19.09,18.21,18.63,18.82,19.51,18.97,18.64,18.95,16.92,18.62,18.99,18.09,18.06,18.8,19.13,18.62,19.51,-2.33,0.0,0.663,0.589,0.669,0.441,0.855,0.68,0.592,0.139,0.517,0.694,0.525,1.0,0.821,0.509,1.0,1.0,0.726,0.566,0.768,0.235
2020-01-14 00:30:00,18.68,18.8,18.67,19.07,18.55,18.6,18.81,19.49,18.96,18.67,18.95,17.4,18.53,19.0,18.19,17.92,18.66,19.02,18.6,19.5,-2.41,0.0,0.657,0.59,0.66,0.457,0.895,0.685,0.59,0.246,0.515,0.679,0.526,1.0,0.688,0.505,0.955,0.972,0.602,0.435,0.688,0.243
2020-01-14 00:45:00,18.69,18.79,18.69,19.07,18.46,18.6,18.82,19.49,18.98,18.69,18.95,17.72,18.67,18.99,18.28,18.1,18.82,19.16,18.7,19.49,-2.49,0.0,0.658,0.598,0.663,0.463,0.723,0.698,0.596,0.256,0.518,0.666,0.526,1.0,0.735,0.502,0.905,1.0,0.669,0.49,0.698,0.249
2020-01-14 01:00:00,18.69,18.8,18.71,19.07,18.51,18.59,18.82,19.47,18.98,18.72,18.96,17.98,18.69,19.0,18.36,18.0,18.82,19.16,18.73,19.48,-2.58,0.0,0.656,0.603,0.654,0.464,0.768,0.701,0.588,0.257,0.508,0.653,0.525,1.0,0.665,0.503,0.862,0.948,0.592,0.419,0.649,0.256
2020-01-14 01:15:00,18.7,18.79,18.72,19.07,18.45,18.59,18.83,19.46,18.98,18.74,18.96,18.14,18.74,19.01,18.42,18.15,18.82,19.18,18.75,19.47,-2.66,0.0,0.654,0.601,0.646,0.465,0.743,0.704,0.589,0.265,0.512,0.641,0.522,1.0,0.656,0.499,0.822,1.0,0.591,0.42,0.635,0.262
2020-01-14 01:30:00,18.7,18.79,18.73,19.07,18.65,18.57,18.82,19.44,18.98,18.76,18.96,18.28,18.63,19.02,18.49,17.87,18.71,19.04,18.72,19.46,-2.75,0.0,0.651,0.603,0.639,0.466,0.773,0.707,0.587,0.27,0.508,0.631,0.521,0.93,0.629,0.494,0.789,0.927,0.592,0.41,0.626,0.266
2020-01-14 01:45:00,18.71,18.79,18.74,19.06,18.5,18.57,18.83,19.43,18.99,18.78,18.96,18.37,18.76,19.03,18.54,18.2,18.81,19.19,18.78,19.45,-2.83,0.0,0.65,0.605,0.636,0.467,0.676,0.713,0.588,0.278,0.509,0.62,0.519,0.859,0.683,0.49,0.757,1.0,0.645,0.479,0.642,0.271
2020-01-14 02:00:00,18.72,18.79,18.75,19.07,18.7,18.57,18.83,19.41,18.99,18.8,18.97,18.43,18.68,19.04,18.6,17.95,18.74,19.07,18.77,19.44,-2.92,0.0,0.647,0.605,0.63,0.469,0.75,0.714,0.587,0.286,0.507,0.61,0.518,0.817,0.62,0.486,0.728,0.901,0.594,0.404,0.608,0.276
2020-01-14 02:15:00,18.72,18.8,18.76,19.07,18.64,18.57,18.84,19.4,18.99,18.82,18.98,18.48,18.76,19.05,18.64,18.11,18.81,19.18,18.82,19.43,-3.0,0.0,0.642,0.604,0.625,0.467,0.649,0.717,0.584,0.294,0.505,0.601,0.513,0.785,0.66,0.481,0.702,1.0,0.628,0.466,0.617,0.28
2020-01-14 02:30:00,18.73,18.8,18.77,19.07,18.67,18.56,18.84,19.39,19.0,18.83,18.99,18.53,18.78,19.06,18.69,18.14,18.82,19.18,18.84,19.42,-3.09,0.0,0.638,0.602,0.618,0.466,0.68,0.717,0.581,0.3,0.503,0.592,0.508,0.759,0.619,0.475,0.679,0.944,0.593,0.411,0.589,0.284
2020-01-14 02:45:00,18.74,18.8,18.78,19.07,18.71,18.56,18.84,19.37,18.99,18.85,19.0,18.58,18.81,19.07,18.73,18.17,18.82,19.19,18.85,19.42,-3.18,0.0,0.635,0.602,0.613,0.466,0.664,0.719,0.58,0.307,0.501,0.583,0.504,0.735,0.61,0.469,0.656,0.931,0.589,0.408,0.58,0.288
2020-01-14 03:00:00,18.74,18.79,18.79,19.07,18.74,18.55,18.84,19.35,19.0,18.86,19.0,18.59,18.83,19.07,18.76,18.19,18.83,19.2,18.86,19.41,-3.22,0.0,0.631,0.598,0.608,0.465,0.646,0.72,0.581,0.315,0.503,0.576,0.5,0.712,0.596,0.463,0.636,0.917,0.588,0.403,0.577,0.291
2020-01-14 03:15:00,18.08,18.75,18.44,18.77,18.74,18.43,18.61,19.23,18.97,18.88,19.0,18.62,18.87,19.07,18.8,18.24,18.84,19.21,18.87,19.41,-3.27,0.0,0.18,0.603,0.0,0.0,0.629,0.723,0.328,0.323,0.499,0.568,0.501,0.703,0.584,0.463,0.618,0.907,0.584,0.401,0.569,0.295
2020-01-14 03:30:00,18.28,18.7,18.27,18.61,18.81,18.28,18.57,19.06,18.9,18.89,19.0,18.64,18.84,19.08,18.83,18.18,18.82,19.18,18.87,19.4,-3.31,0.0,0.512,0.627,0.081,0.0,0.632,0.786,0.445,0.384,0.516,0.561,0.501,0.692,0.564,0.463,0.602,0.88,0.579,0.393,0.563,0.297
2020-01-14 03:45:00,18.26,18.7,18.37,18.56,18.9,18.29,18.57,19.14,18.94,18.91,19.0,18.66,18.79,19.08,18.85,18.11,18.8,19.08,18.86,19.39,-3.36,0.0,0.409,0.65,0.167,0.0,0.596,0.862,0.463,0.469,0.551,0.554,0.5,0.68,0.58,0.461,0.587,0.908,0.592,0.408,0.566,0.3
2020-01-14 04:00:00,18.19,18.67,18.18,18.63,18.72,18.19,18.52,19.01,18.87,18.92,19.0,18.68,18.92,19.08,18.88,18.33,18.85,19.32,18.91,19.39,-3.42,0.0,0.422,0.649,0.115,0.0,0.552,0.853,0.464,0.428,0.531,0.547,0.5,0.669,0.606,0.46,0.573,0.946,0.601,0.46,0.57,0.304
2020-01-14 04:15:00,18.23,17.81,18.23,18.47,18.88,18.21,18.56,19.02,18.9,18.93,19.0,18.69,18.87,19.22,18.9,18.23,18.82,19.2,18.89,19.39,-3.48,0.0,0.456,0.0,0.208,0.0,0.639,0.907,0.489,0.497,0.565,0.541,0.5,0.661,0.539,1.0,0.559,1.0,0.574,0.339,0.544,0.306
2020-01-14 04:30:00,18.16,17.64,18.13,18.39,18.82,18.1,18.48,18.94,18.83,18.94,19.0,18.7,18.91,19.53,18.93,18.32,18.83,19.25,18.91,19.38,-3.55,0.0,0.434,0.0,0.184,0.0,0.562,0.896,0.469,0.488,0.55,0.537,0.5,0.656,0.566,1.0,0.548,1.0,0.59,0.402,0.554,0.307
2020-01-14 04:45:00,18.18,17.65,18.14,18.31,18.92,18.1,18.48,18.95,18.85,18.95,19.0,18.71,18.85,19.75,18.95,18.21,18.79,19.14,18.89,19.37,-3.61,0.0,0.468,0.08,0.234,0.0,0.59,0.949,0.512,0.532,0.586,0.529,0.5,0.649,0.545,1.0,0.537,1.0,0.585,0.374,0.547,0.311
2020-01-14 05:00:00,18.14,17.52,18.04,18.33,18.82,18.02,18.44,18.87,18.8,18.96,19.0,18.73,18.91,19.93,18.97,18.33,18.83,19.27,18.91,19.37,-3.66,0.0,0.462,0.077,0.228,0.0,0.54,0.952,0.508,0.525,0.573,0.524,0.5,0.643,0.575,1.0,0.526,1.0,0.603,0.428,0.556,0.313
2020-01-14 05:15:00,18.14,17.55,18.11,18.2,19.03,18.05,18.46,18.93,18.84,18.97,19.0,18.73,18.84,20.08,18.98,18.21,18.78,19.13,18.89,19.37,-3.71,0.0,0.482,0.142,0.278,0.0,1.0,0.988,0.531,0.564,0.599,0.519,0.5,0.637,0.546,1.0,0.517,1.0,0.586,0.367,0.545,0.315
2020-01-14 05:30:00,18.1,17.37,17.92,18.27,18.93,17.93,18.38,18.79,18.75,18.98,19.0,18.74,18.98,20.22,19.0,18.42,18.87,19.37,18.94,19.36,-3.76,0.0,0.479,0.127,0.247,0.0,1.0,0.975,0.522,0.537,0.579,0.515,0.499,0.633,0.578,1.0,0.508,1.0,0.609,0.437,0.554,0.317
2020-01-14 05:45:00,18.11,17.48,18.08,18.07,19.15,18.01,18.44,18.92,18.85,18.99,19.0,18.75,18.89,20.34,19.01,18.26,18.79,19.18,18.9,19.36,-3.81,0.0,0.501,0.215,0.338,0.0,1.0,1.0,0.561,0.607,0.625,0.51,0.499,0.629,0.509,1.0,0.5,1.0,0.564,0.313,0.531,0.318
2020-01-14 06:00:00,18.09,17.28,17.9,18.1,19.08,17.93,18.38,18.78,18.75,19.0,19.0,18.76,18.99,20.45,19.03,18.4,18.86,19.31,18.95,19.36,-3.84,0.0,0.493,0.161,0.258,0.0,1.0,0.995,0.53,0.54,0.577,0.506,0.499,0.626,0.557,1.0,0.493,1.0,0.607,0.412,0.548,0.32
2020-01-14 06:15:00,18.06,17.24,17.8,18.18,19.01,17.77,18.25,18.61,18.65,19.0,18.75,18.76,19.08,20.56,19.04,18.53,18.92,19.44,18.98,19.35,-3.88,0.0,0.504,0.26,0.35,0.0,1.0,1.0,0.559,0.611,0.626,0.502,0.0,0.622,0.504,1.0,0.486,1.0,0.568,0.346,0.527,0.321
2020-01-14 06:30:00,18.1,17.34,17.95,18.06,19.15,17.9,18.4,18.78,18.79,19.01,18.39,18.77,19.01,20.65,19.05,18.44,18.86,19.28,18.95,19.35,-3.92,0.0,0.519,0.281,0.401,0.0,1.0,1.0,0.623,0.696,0.675,0.498,0.0,0.618,0.461,1.0,0.48,1.0,0.54,0.278,0.51,0.323
2020-01-14 06:45:00,18.08,17.26,17.93,18.05,19.17,17.91,18.39,18.77,18.76,19.02,17.97,18.77,19.03,20.74,19.06,18.45,18.86,19.28,18.95,19.35,-3.95,0.0,0.499,0.231,0.325,0.0,1.0,1.0,0.549,0.611,0.607,0.495,0.0,0.615,0.494,1.0,0.473,1.0,0.57,0.36,0.526,0.324
2020-01-14 07:00:00,18.08,17.26,17.9,18.01,19.2,17.88,18.36,18.73,18.74,19.03,17.65,18.78,19.05,20.82,19.07,18.47,18.87,19.29,18.96,19.35,-3.99,0.0,0.509,0.268,0.333,0.0,1.0,1.0,0.556,0.614,0.62,0.491,0.017,0.613,0.487,1.0,0.468,1.0,0.57,0.358,0.525,0.326
2020-01-14 07:15:00,18.07,17.23,17.88,17.99,19.21,17.52,18.37,18.72,18.73,18.97,17.51,18.94,19.07,20.9,19.08,18.49,18.71,19.3,18.97,19.34,-4.03,0.0,0.511,0.271,0.35,0.0,1.0,0.211,0.572,0.634,0.632,0.0,0.175,1.0,0.477,1.0,0.463,1.0,0.0,0.354,0.52,0.327
2020-01-14 07:30:00,18.07,17.24,17.92,17.86,19.27,17.76,18.37,18.75,18.75,18.92,17.49,19.1,19.01,20.97,19.09,18.37,18.46,19.25,18.96,19.34,-4.07,0.0,0.514,0.284,0.358,0.007,1.0,0.39,0.566,0.641,0.634,0.0,0.246,1.0,0.465,0.999,0.458,1.0,0.0,0.348,0.514,0.329
2020-01-14 07:45:00,18.05,17.12,17.77,17.98,19.07,17.42,18.22,18.57,18.63,18.88,17.5,19.23,19.13,21.03,19.1,18.57,18.53,19.3,19.0,19.34,-4.11,0.0,0.515,0.278,0.34,0.072,1.0,0.269,0.564,0.626,0.627,0.0,0.256,0.948,0.494,0.966,0.454,1.0,0.12,0.375,0.519,0.33
2020-01-14 08:00:00,18.07,17.26,17.9,17.83,19.24,17.69,18.4,18.74,18.76,18.85,17.51,19.29,18.96,21.08,19.11,18.22,18.23,19.18,18.94,19.33,-4.1,0.0,0.525,0.339,0.416,0.011,1.0,0.438,0.638,0.717,0.683,0.0,0.248,0.884,0.434,0.933,0.449,1.0,0.083,0.351,0.498,0.331
2020-01-14 08:15:00,18.06,17.14,17.79,17.9,19.11,17.46,18.25,18.47,18.73,18.82,17.51,19.33,19.0,21.12,19.22,18.46,18.38,19.15,18.79,19.35,-4.09,4.2,0.514,0.271,0.352,0.087,1.0,0.303,0.551,0.281,0.722,0.0,0.243,0.854,0.172,0.91,1.0,1.0,0.237,0.0,0.0,1.0
2020-01-14 08:30:00,18.07,17.17,17.75,17.89,18.97,17.46,18.26,18.47,18.73,18.79,17.49,19.44,19.04,21.2,19.35,18.54,18.44,19.1,18.6,19.41,-4.07,36.0,0.519,0.331,0.407,0.051,1.0,0.422,0.626,0.413,0.734,0.0,0.245,0.836,0.15,0.892,1.0,1.0,0.16,0.0,0.056,1.0
2020-01-14 08:45:00,18.09,17.22,17.84,17.87,19.16,17.56,18.34,18.55,18.8,18.76,17.49,19.64,18.79,21.33,19.46,18.22,18.06,18.89,18.35,19.48,-4.06,67.8,0.517,0.316,0.423,0.057,1.0,0.42,0.62,0.414,0.733,0.0,0.253,0.778,0.128,0.852,1.0,1.0,0.13,0.0,0.148,1.0
2020-01-14 09:00:00,18.11,17.21,17.82,17.94,19.03,17.51,18.33,18.53,18.8,18.74,17.5,19.8,18.91,21.45,19.55,18.46,18.39,18.89,18.46,19.56,-3.92,99.5,0.504,0.291,0.379,0.065,1.0,0.372,0.578,0.373,0.699,0.0,0.256,0.68,0.254,0.784,1.0,1.0,0.322,0.0,0.273,1.0
2020-01-14 09:15:00,18.13,17.34,17.87,18.0,18.93,17.54,18.36,18.55,18.84,18.71,17.51,19.97,19.05,21.58,19.64,18.57,18.42,18.93,18.5,19.63,-3.78,131.3,0.497,0.293,0.391,0.028,1.0,0.393,0.586,0.385,0.698,0.0,0.251,0.598,0.194,0.723,1.0,1.0,0.157,0.0,0.221,1.0
2020-01-14 09:30:00,18.16,17.45,17.99,18.02,19.16,17.61,18.42,18.6,18.9,18.68,17.52,20.08,18.82,21.68,19.71,18.26,18.09,18.76,18.32,19.7,-3.64,145.7,0.485,0.232,0.366,0.0,1.0,0.38,0.569,0.377,0.681,0.0,0.243,0.515,0.127,0.659,1.0,1.0,0.138,0.0,0.201,1.0
2020-01-14 09:45:00,18.17,17.48,18.02,18.08,18.9,17.58,18.42,18.58,18.9,18.66,17.53,20.16,19.05,21.75,19.79,18.62,18.48,18.86,18.52,19.76,-3.5,160.1,0.472,0.176,0.306,0.0,1.0,0.346,0.538,0.351,0.652,0.0,0.239,0.459,0.239,0.61,1.0,1.0,0.305,0.0,0.291,1.0
2020-01-14 10:00:00,18.2,17.55,18.1,18.09,19.19,17.65,18.48,18.62,18.95,18.63,17.54,20.23,18.89,21.81,19.86,18.32,18.12,18.72,18.35,19.82,-3.36,174.5,0.465,0.158,0.29,0.0,1.0,0.358,0.541,0.361,0.65,0.0,0.236,0.42,0.127,0.574,1.0,1.0,0.111,0.0,0.191,1.0
2020-01-14 10:15:00,18.22,17.56,18.15,18.14,18.94,17.63,18.48,18.61,18.96,18.61,17.56,20.29,19.13,21.86,19.93,18.68,18.54,18.86,18.55,19.88,-3.23,188.9,0.449,0.127,0.248,0.0,1.0,0.325,0.509,0.34,0.623,0.0,0.229,0.385,0.206,0.543,1.0,1.0,0.29,0.0,0.276,1.0
2020-01-14 10:30:00,18.24,17.61,18.22,18.13,19.24,17.68,18.53,18.63,19.0,18.59,17.57,20.34,18.97,21.88,19.99,18.4,18.16,18.71,18.38,19.93,-3.09,198.0,0.44,0.12,0.226,0.0,1.0,0.334,0.51,0.346,0.619,0.0,0.222,0.353,0.085,0.518,1.0,1.0,0.082,0.0,0.173,1.0
2020-01-14 10:45:00,18.26,17.59,18.23,18.15,18.99,17.65,18.51,18.61,18.99,18.56,17.57,20.36,19.19,21.86,20.06,18.76,18.57,18.86,18.57,19.98,-2.95,207.2,0.428,0.097,0.19,0.0,1.0,0.309,0.486,0.333,0.598,0.0,0.216,0.332,0.167,0.512,1.0,1.0,0.272,0.0,0.26,1.0
2020-01-14 11:00:00,18.27,17.62,18.3,18.12,19.27,17.68,18.55,18.62,19.02,18.54,17.58,20.37,19.03,21.84,20.12,18.51,18.18,18.69,18.39,20.03,-2.86,216.4,0.421,0.106,0.187,0.0,1.0,0.325,0.494,0.347,0.603,0.0,0.213,0.318,0.055,0.518,1.0,1.0,0.064,0.0,0.163,1.0
2020-01-14 11:15:00,18.28,17.59,18.26,18.13,19.02,17.64,18.52,18.58,19.0,18.52,17.58,20.38,19.24,21.81,20.18,18.85,18.58,18.85,18.59,20.08,-2.76,225.6,0.415,0.092,0.15,0.0,1.0,0.308,0.477,0.34,0.591,0.0,0.212,0.313,0.133,0.531,1.0,1.0,0.259,0.0,0.254,1.0
2020-01-14 11:30:00,18.3,17.61,18.36,18.09,19.3,17.69,18.57,18.61,19.03,18.5,17.58,20.37,19.1,21.8,20.24,18.66,18.2,18.68,18.41,20.12,-2.67,231.5,0.41,0.107,0.168,0.0,1.0,0.331,0.491,0.359,0.601,0.0,0.211,0.311,0.028,0.543,1.0,0.974,0.06,0.0,0.157,1.0
2020-01-14 11:45:00,18.3,17.56,18.3,18.13,19.06,17.63,18.53,18.57,19.01,18.47,17.59,20.35,19.31,21.8,20.3,18.99,18.57,18.86,18.61,20.17,-2.58,237.4,0.401,0.095,0.119,0.0,1.0,0.305,0.467,0.345,0.584,0.0,0.208,0.316,0.099,0.548,1.0,1.0,0.251,0.0,0.245,1.0
2020-01-14 12:00:00,18.32,17.59,18.4,18.11,19.26,17.69,18.58,18.6,19.05,18.45,17.6,20.32,19.26,21.8,20.35,18.93,18.34,18.76,18.51,20.21,-2.5,243.3,0.399,0.119,0.148,0.0,1.0,0.333,0.486,0.365,0.595,0.0,0.205,0.326,0.0,0.55,1.0,0.906,0.064,0.0,0.145,1.0
2020-01-14 12:15:00,18.33,17.55,18.4,18.12,19.21,17.68,18.57,18.59,19.05,18.43,17.6,20.29,19.28,21.8,20.41,19.04,18.38,18.68,18.5,20.25,-2.41,249.2,0.389,0.106,0.102,0.0,1.0,0.305,0.458,0.35,0.577,0.0,0.201,0.338,0.019,0.551,1.0,0.934,0.178,0.0,0.196,0.995
2020-01-14 12:30:00,18.34,17.54,18.18,18.06,19.33,17.7,18.6,18.6,19.06,18.41,17.6,20.25,19.23,21.79,20.46,19.15,18.35,18.65,18.48,20.29,-2.33,245.6,0.384,0.127,0.102,0.0,1.0,0.31,0.463,0.354,0.576,0.0,0.198,0.353,0.009,0.552,1.0,0.878,0.158,0.0,0.2,0.973
2020-01-14 12:45:00,18.33,17.47,18.16,18.07,19.28,17.76,18.56,18.56,19.03,18.39,17.59,20.19,19.35,21.77,20.51,19.3,18.45,18.79,18.55,20.33,-2.25,242.1,0.382,0.131,0.212,0.0,1.0,0.3,0.451,0.349,0.569,0.0,0.2,0.375,0.037,0.556,1.0,0.825,0.176,0.0,0.211,0.955
2020-01-14 13:00:00,18.33,17.46,18.15,18.12,19.22,18.0,18.55,18.58,19.03,18.37,17.59,20.13,19.48,21.75,20.56,19.46,18.59,19.0,18.65,20.36,-2.23,238.5,0.384,0.163,0.218,0.0,1.0,0.269,0.472,0.37,0.585,0.0,0.203,0.405,0.0,0.564,1.0,0.751,0.123,0.0,0.176,0.936
2020-01-14 13:15:00,18.34,17.46,18.19,18.1,19.45,18.1,18.61,18.76,19.09,18.35,17.58,20.08,19.3,21.74,20.62,19.38,18.29,18.88,18.47,20.39,-2.21,234.9,0.383,0.171,0.227,0.0,1.0,0.148,0.475,0.358,0.585,0.0,0.206,0.433,0.0,0.573,1.0,0.67,0.054,0.0,0.127,0.92
2020-01-14 13:30:00,18.33,17.41,18.13,18.12,19.24,18.11,18.56,18.72,19.04,18.33,17.58,20.05,19.53,21.72,20.67,19.58,18.58,19.07,18.63,20.42,-2.2,227.8,0.378,0.172,0.205,0.0,1.0,0.098,0.443,0.27,0.557,0.0,0.21,0.459,0.0,0.582,1.0,0.709,0.207,0.0,0.214,0.905
2020-01-14 13:45:00,18.34,17.43,18.15,18.09,19.48,18.17,18.61,18.76,19.08,18.31,17.58,20.05,19.35,21.72,20.71,19.46,18.29,18.97,18.47,20.45,-2.18,220.8,0.384,0.195,0.234,0.0,1.0,0.097,0.468,0.292,0.578,0.0,0.211,0.473,0.0,0.588,1.0,0.611,0.06,0.0,0.137,0.891
2020-01-14 14:00:00,18.33,17.39,18.11,18.11,19.27,18.17,18.59,18.74,19.07,18.29,17.57,20.04,19.54,21.72,20.76,19.66,18.61,19.14,18.65,20.47,-2.19,213.7,0.381,0.186,0.226,0.0,1.0,0.063,0.447,0.27,0.561,0.0,0.212,0.477,0.0,0.59,1.0,0.672,0.207,0.0,0.215,0.877
2020-01-14 14:15:00,18.33,17.4,18.12,18.09,19.52,18.22,18.64,18.78,19.11,18.27,17.57,20.03,19.31,21.71,20.81,19.51,18.32,19.04,18.51,20.49,-2.19,206.6,0.386,0.207,0.246,0.0,1.0,0.067,0.456,0.28,0.566,0.0,0.213,0.482,0.0,0.592,1.0,0.57,0.046,0.0,0.124,0.865
2020-01-14 14:30:00,18.32,17.37,18.09,18.11,19.3,18.22,18.63,18.77,19.11,18.25,17.56,20.01,19.42,21.71,20.85,19.74,18.64,19.19,18.69,20.51,-2.2,207.6,0.385,0.198,0.242,0.0,1.0,0.042,0.431,0.261,0.547,0.0,0.216,0.487,0.0,0.593,1.0,0.645,0.19,0.0,0.197,0.854
2020-01-14 14:45:00,18.32,17.38,18.09,18.1,19.55,18.28,18.69,18.81,19.15,18.23,17.55,20.0,19.2,21.7,20.9,19.56,18.36,19.09,18.55,20.53,-2.21,208.6,0.391,0.217,0.257,0.0,1.0,0.041,0.436,0.267,0.546,0.0,0.22,0.494,0.0,0.595,1.0,0.529,0.028,0.0,0.104,0.843
2020-01-14 15:00:00,18.3,17.34,18.05,18.12,19.33,18.26,18.68,18.79,19.16,18.21,17.54,19.98,19.35,21.7,20.94,19.79,18.7,19.24,18.75,20.55,-2.25,209.5,0.391,0.209,0.253,0.0,1.0,0.009,0.404,0.247,0.523,0.0,0.225,0.502,0.05,0.598,1.0,0.62,0.169,0.0,0.175,0.833
2020-01-14 15:15:00,18.3,17.36,18.08,18.1,19.6,18.32,18.76,18.83,19.21,18.19,17.53,19.96,19.17,21.69,20.98,19.62,18.42,19.15,18.61,20.57,-2.3,210.5,0.399,0.228,0.273,0.0,1.0,0.02,0.408,0.254,0.521,0.0,0.231,0.511,0.0,0.602,0.979,0.507,0.001,0.0,0.077,0.824
2020-01-14 15:30:00,18.28,17.31,18.03,18.12,19.36,18.19,18.7,18.77,19.18,18.17,17.51,19.93,19.32,21.67,21.02,19.8,18.74,19.28,18.79,20.59,-2.34,176.6,0.401,0.219,0.26,0.0,1.0,0.0,0.371,0.235,0.493,0.006,0.237,0.521,0.066,0.607,0.959,0.59,0.142,0.0,0.146,0.815
2020-01-14 15:45:00,18.26,17.32,18.04,18.05,19.6,18.15,18.74,18.77,19.19,18.15,17.49,19.9,19.11,21.66,21.05,19.55,18.4,19.14,18.59,20.6,-2.39,142.7,0.412,0.243,0.287,0.0,1.0,0.055,0.398,0.264,0.511,0.016,0.246,0.534,0.0,0.614,0.94,0.5,0.0,0.0,0.056,0.807
2020-01-14 16:00:00,18.23,17.26,17.97,18.04,19.32,18.01,18.65,18.68,19.02,18.14,17.47,19.87,19.28,21.64,21.08,19.66,18.71,19.23,18.74,20.62,-2.49,108.9,0.418,0.239,0.278,0.0,1.0,0.076,0.379,0.263,0.503,0.024,0.255,0.548,0.093,0.622,0.924,0.625,0.149,0.0,0.155,0.799
2020-01-14 16:15:00,18.21,17.25,17.95,17.94,19.43,17.97,18.53,18.6,19.0,18.12,17.44,19.85,19.09,21.62,21.11,19.47,18.39,19.07,18.53,20.63,-2.59,75.0,0.434,0.272,0.315,0.0,1.0,0.143,0.427,0.308,0.592,0.032,0.266,0.563,0.01,0.631,0.908,0.572,0.0,0.0,0.082,0.791
2020-01-14 16:30:00,18.19,17.21,17.92,17.9,19.4,17.69,18.49,18.55,18.96,18.11,17.42,19.82,18.89,21.61,21.14,19.25,18.26,18.84,18.37,20.64,-2.69,56.2,0.447,0.277,0.324,0.028,1.0,0.167,0.483,0.351,0.598,0.04,0.28,0.576,0.105,0.639,0.894,0.665,0.155,0.0,0.186,0.785
2020-01-14 16:45:00,18.16,17.19,17.9,17.88,19.26,17.74,18.46,18.51,18.93,18.09,17.41,19.79,18.97,21.59,21.17,19.2,18.33,18.84,18.39,20.66,-2.78,0.0,0.457,0.295,0.34,0.05,1.0,0.306,0.503,0.377,0.619,0.047,0.288,0.588,0.204,0.646,0.88,0.775,0.219,0.0,0.263,0.778
2020-01-14 17:00:00,18.15,17.18,17.88,17.86,19.12,17.7,18.43,18.49,18.91,18.08,17.4,19.77,19.07,21.58,21.19,19.25,18.41,18.89,18.45,20.67,-2.87,0.0,0.469,0.303,0.35,0.061,1.0,0.281,0.52,0.394,0.635,0.055,0.296,0.603,0.166,0.655,0.866,0.802,0.186,0.0,0.255,0.771
2020-01-14 17:15:00,18.14,17.16,17.86,17.84,19.34,17.64,18.41,18.46,18.89,18.07,17.39,19.76,18.83,21.57,21.22,19.0,18.1,18.66,18.26,20.68,-2.95,0.0,0.474,0.31,0.358,0.072,1.0,0.298,0.533,0.407,0.643,0.061,0.3,0.613,0.117,0.661,0.854,0.777,0.143,0.0,0.227,0.765
2020-01-14 17:30:00,18.12,17.15,17.85,17.81,19.07,17.61,18.39,18.43,18.87,18.05,17.38,19.75,19.04,21.56,21.24,19.14,18.39,18.81,18.43,20.69,-3.04,0.0,0.482,0.319,0.368,0.082,1.0,0.332,0.547,0.422,0.655,0.067,0.304,0.62,0.237,0.665,0.842,0.899,0.3,0.0,0.318,0.759
2020-01-14 17:45:00,18.11,17.14,17.83,17.8,19.32,17.56,18.36,18.41,18.85,18.04,17.38,19.73,18.79,21.56,21.26,18.91,18.06,18.59,18.24,20.71,-3.12,0.0,0.488,0.324,0.374,0.093,1.0,0.345,0.557,0.433,0.664,0.073,0.308,0.627,0.129,0.668,0.831,0.83,0.154,0.0,0.235,0.753
2020-01-14 18:00:00,18.11,17.14,17.83,17.78,19.04,17.54,18.35,18.4,18.85,18.03,17.38,19.73,19.03,21.56,21.28,19.08,18.39,18.76,18.43,20.72,-3.14,0.0,0.494,0.331,0.383,0.1,1.0,0.369,0.569,0.446,0.673,0.079,0.312,0.633,0.253,0.671,0.821,0.946,0.322,0.0,0.33,0.747
2020-01-14 18:15:00,18.11,17.13,17.82,17.78,19.21,17.51,18.34,18.38,18.84,18.02,17.38,19.73,18.87,21.56,21.3,18.91,18.15,18.62,18.31,20.73,-3.16,0.0,0.494,0.331,0.384,0.108,1.0,0.38,0.573,0.452,0.677,0.085,0.311,0.634,0.134,0.671,0.811,0.861,0.155,0.0,0.234,0.742
2020-01-14 18:30:00,18.1,17.13,17.81,17.77,19.25,17.49,18.33,18.37,18.83,18.01,17.38,19.73,18.73,21.56,21.31,18.79,18.11,18.42,18.24,20.74,-3.17,0.0,0.497,0.335,0.39,0.111,1.0,0.394,0.579,0.459,0.681,0.09,0.311,0.635,0.216,0.671,0.802,0.944,0.274,0.0,0.296,0.737
2020-01-14 18:45:00,18.1,17.13,17.81,17.76,19.01,17.48,18.33,18.37,18.83,18.0,17.37,19.72,18.98,21.56,21.33,18.97,18.35,18.65,18.4,20.75,-3.19,0.0,0.498,0.336,0.393,0.113,1.0,0.404,0.584,0.464,0.684,0.095,0.312,0.637,0.287,0.67,0.793,1.0,0.297,0.0,0.33,0.732
2020-01-14 19:00:00,18.09,17.11,17.8,17.76,19.28,17.45,18.31,18.35,18.81,17.99,17.36,19.71,18.74,21.55,21.35,18.74,18.02,18.41,18.21,20.75,-3.22,0.0,0.5,0.337,0.394,0.118,1.0,0.412,0.586,0.467,0.685,0.1,0.314,0.638,0.158,0.67,0.784,0.916,0.174,0.0,0.251,0.727
2020-01-14 19:15:00,18.55,17.19,18.07,18.01,18.97,17.54,18.49,18.45,18.9,17.98,17.34,19.69,19.01,21.54,21.36,18.95,18.34,18.67,18.41,20.76,-3.26,0.0,0.956,0.344,1.0,1.0,1.0,0.426,0.846,0.475,0.693,0.105,0.322,0.647,0.279,0.673,0.776,1.0,0.34,0.0,0.345,0.723
2020-01-14 19:30:00,18.59,17.31,18.25,18.25,19.16,17.7,18.64,18.62,19.06,17.97,17.33,19.68,18.81,21.54,21.38,18.76,18.11,18.48,18.26,20.77,-3.29,0.0,0.723,0.307,0.964,0.997,1.0,0.382,0.757,0.426,0.651,0.11,0.328,0.655,0.146,0.678,0.768,0.923,0.179,0.0,0.244,0.718
2020-01-14 19:45:00,18.55,17.26,18.24,18.26,19.08,17.67,18.61,18.62,19.02,17.96,17.33,19.67,18.75,21.53,21.39,18.69,18.12,18.38,18.23,20.78,-3.32,0.0,0.703,0.244,0.874,0.873,1.0,0.3,0.678,0.338,0.571,0.114,0.333,0.661,0.243,0.682,0.761,1.0,0.296,0.0,0.321,0.714
2020-01-14 20:00:00,18.58,17.24,18.25,18.27,19.15,17.64,18.6,18.58,18.99,17.96,17.32,19.65,18.64,21.52,21.41,18.56,18.03,18.23,18.17,20.79,-3.31,0.0,0.724,0.272,0.88,0.869,1.0,0.313,0.693,0.342,0.591,0.118,0.337,0.667,0.274,0.686,0.753,1.0,0.288,0.011,0.333,0.71
2020-01-14 20:15:00,18.61,17.88,18.31,18.37,18.9,17.71,18.64,18.64,19.04,17.95,17.31,19.64,18.91,21.33,21.42,18.78,18.28,18.5,18.34,20.8,-3.31,0.0,0.71,1.0,0.873,0.865,1.0,0.328,0.701,0.36,0.604,0.122,0.341,0.674,0.331,0.0,0.747,0.72,0.334,0.085,0.367,0.706
2020-01-14 20:30:00,18.64,18.11,18.38,18.5,19.08,17.76,18.68,18.7,19.08,17.94,17.3,19.63,18.77,21.03,21.43,18.6,18.05,18.37,18.22,20.8,-3.3,0.0,0.697,1.0,0.847,0.813,1.0,0.296,0.679,0.332,0.581,0.126,0.345,0.68,0.194,0.0,0.74,0.61,0.21,0.0,0.282,0.702
2020-01-14 20:45:00,18.64,18.13,18.41,18.53,19.02,17.77,18.68,18.71,19.07,17.93,17.3,19.62,18.72,20.68,21.44,18.53,18.07,18.28,18.19,20.81,-3.29,0.0,0.682,0.945,0.811,0.75,1.0,0.27,0.662,0.298,0.561,0.129,0.348,0.686,0.266,0.0,0.734,0.698,0.326,0.016,0.338,0.698
2020-01-14 21:00:00,18.67,18.17,18.44,18.57,19.0,17.78,18.7,18.71,19.08,17.93,17.31,19.63,18.71,20.37,21.46,18.51,18.08,18.26,18.2,20.82,-3.32,0.0,0.678,0.936,0.796,0.736,1.0,0.265,0.662,0.296,0.565,0.133,0.351,0.691,0.289,0.0,0.728,0.735,0.316,0.062,0.353,0.695
2020-01-14 21:15:00,18.68,18.23,18.48,18.6,18.91,17.8,18.71,18.73,19.1,17.92,17.32,19.64,18.65,20.12,21.47,18.43,18.05,18.2,18.17,20.82,-3.34,0.0,0.666,0.914,0.779,0.717,0.498,0.258,0.652,0.294,0.558,0.136,0.347,0.687,0.294,0.0,0.722,0.747,0.311,0.07,0.351,0.691
2020-01-14 21:30:00,18.69,18.28,18.5,18.63,18.96,17.81,18.72,18.73,19.1,17.91,17.32,19.64,18.54,19.9,21.48,18.29,17.96,18.06,18.11,20.83,-3.37,0.0,0.659,0.886,0.762,0.699,0.545,0.249,0.645,0.286,0.551,0.14,0.342,0.682,0.324,0.0,0.717,0.783,0.326,0.099,0.364,0.688
2020-01-14 21:45:00,18.7,18.32,18.53,18.65,18.72,17.82,18.73,18.73,19.11,17.91,17.32,19.65,18.78,19.71,21.49,18.59,18.2,18.33,18.28,20.84,-3.39,0.0,0.654,0.862,0.75,0.686,0.521,0.245,0.639,0.286,0.549,0.143,0.34,0.679,0.382,0.052,0.712,0.855,0.369,0.17,0.393,0.684
2020-01-14 22:00:00,18.71,18.36,18.55,18.67,18.92,17.83,18.73,18.73,19.11,17.9,17.32,19.64,18.67,19.58,21.5,18.43,18.03,18.21,18.19,20.84,-3.42,0.0,0.648,0.838,0.736,0.675,0.638,0.238,0.633,0.284,0.545,0.146,0.338,0.676,0.258,0.146,0.706,0.705,0.248,0.034,0.308,0.681
2020-01-14 22:15:00,18.71,18.4,18.56,18.69,18.84,17.83,18.74,18.72,19.11,17.9,17.61,19.64,18.62,19.5,21.51,18.35,18.02,18.14,18.16,20.85,-3.45,0.0,0.646,0.818,0.727,0.664,0.539,0.236,0.633,0.286,0.545,0.149,1.0,0.678,0.317,0.209,0.702,0.787,0.334,0.093,0.354,0.678
2020-01-14 22:30:00,18.72,18.44,18.58,18.71,18.91,17.83,18.74,18.71,19.11,17.89,18.02,19.64,18.51,19.46,21.52,18.22,17.94,18.0,18.1,20.86,-3.48,0.0,0.644,0.799,0.719,0.656,0.579,0.234,0.632,0.289,0.546,0.151,1.0,0.679,0.342,0.25,0.697,0.823,0.339,0.129,0.368,0.675
2020-01-14 22:45:00,18.72,18.46,18.59,18.72,18.66,17.84,18.74,18.7,19.11,17.89,18.35,19.64,18.75,19.44,21.52,18.52,18.2,18.33,18.26,20.86,-3.5,0.0,0.641,0.779,0.712,0.647,0.544,0.233,0.631,0.294,0.546,0.154,0.988,0.68,0.395,0.27,0.692,0.89,0.381,0.2,0.398,0.672
2020-01-14 23:00:00,18.73,18.48,18.6,18.73,18.85,17.84,18.74,18.7,19.11,17.88,18.52,19.64,18.61,19.42,21.53,18.33,18.01,18.16,18.17,20.87,-3.51,0.0,0.641,0.771,0.705,0.642,0.668,0.23,0.631,0.298,0.546,0.157,0.824,0.681,0.276,0.281,0.688,0.739,0.248,0.037,0.318,0.669
2020-01-14 23:15:00,18.73,18.5,18.62,18.76,18.91,17.99,18.74,18.7,19.12,17.96,18.61,19.44,18.5,19.41,21.54,18.17,18.03,18.0,18.1,20.87,-3.52,0.0,0.637,0.761,0.699,0.636,0.575,1.0,0.629,0.3,0.545,1.0,0.742,0.18,0.344,0.288,0.684,0.834,0.997,0.119,0.364,0.666
2020-01-14 23:30:00,18.73,18.52,18.65,18.8,18.64,18.05,18.75,18.71,19.12,18.09,18.65,19.18,18.71,19.4,21.55,18.47,18.43,18.29,18.25,20.88,-3.53,0.0,0.635,0.75,0.688,0.619,0.545,1.0,0.628,0.299,0.542,1.0,0.697,0.28,0.399,0.295,0.68,0.913,0.983,0.2,0.399,0.663
2020-01-14 23:45:00,18.74,18.54,18.66,18.81,18.87,18.07,18.76,18.71,19.13,18.16,18.68,19.06,18.63,19.38,21.56,18.3,18.31,18.16,18.19,20.88,-3.54,0.0,0.633,0.738,0.677,0.602,0.678,0.975,0.625,0.295,0.538,0.955,0.674,0.409,0.293,0.301,0.676,0.763,0.784,0.053,0.323,0.66
2020-01-15 00:00:00,18.74,18.55,18.67,18.81,18.95,18.08,18.75,18.7,19.12,18.2,18.71,19.03,18.53,19.37,21.56,18.17,18.27,18.02,18.12,20.89,-3.55,0.0,0.63,0.73,0.668,0.597,0.564,0.966,0.622,0.296,0.537,0.919,0.66,0.469,0.337,0.308,0.672,0.851,0.847,0.121,0.357,0.658
2020-01-15 00:15:00,18.74,18.56,18.68,18.82,18.79,18.1,18.75,18.93,19.03,18.24,18.73,19.03,18.66,19.36,21.45,18.32,18.44,18.3,18.37,20.87,-3.57,0.0,0.63,0.725,0.665,0.594,0.524,0.959,0.624,0.648,0.439,0.898,0.647,0.485,0.734,0.314,0.0,0.916,0.863,0.991,0.939,0.0
2020-01-15 00:30:00,18.74,18.57,18.69,18.83,18.79,18.12,18.76,18.96,19.05,18.27,18.75,19.03,18.82,19.35,21.3,18.45,18.52,18.54,18.6,20.82,-3.59,0.0,0.629,0.721,0.661,0.589,0.606,0.951,0.623,0.537,0.483,0.882,0.635,0.484,0.672,0.32,0.0,0.838,0.781,0.848,0.817,0.0
2020-01-15 00:45:00,18.75,18.59,18.7,18.84,19.11,18.13,18.74,18.95,19.03,18.31,18.77,19.03,18.7,19.35,21.16,18.13,18.36,18.54,18.62,20.76,-3.6,0.0,0.628,0.716,0.656,0.583,0.605,0.942,0.622,0.522,0.476,0.864,0.624,0.486,0.591,0.326,0.0,0.774,0.741,0.728,0.702,0.0
2020-01-15 01:00:00,18.75,18.58,18.7,18.84,18.94,18.14,18.76,18.96,19.04,18.35,18.78,19.0,18.8,19.33,21.03,18.38,18.54,18.71,18.71,20.7,-3.59,0.0,0.627,0.706,0.652,0.578,0.445,0.935,0.629,0.526,0.484,0.844,0.615,0.485,0.651,0.327,0.0,0.935,0.82,0.728,0.691,0.0
2020-01-15 01:15:00,18.74,18.58,18.7,18.85,18.88,18.15,18.75,18.96,19.02,18.39,18.79,18.98,18.91,19.31,20.9,18.43,18.57,18.83,18.77,20.64,-3.57,0.0,0.627,0.712,0.65,0.578,0.53,0.93,0.622,0.521,0.481,0.826,0.61,0.501,0.6,0.335,0.0,0.811,0.731,0.643,0.644,0.0
2020-01-15 01:30:00,18.74,18.59,18.7,18.85,19.09,18.15,18.74,18.96,19.02,18.42,18.8,18.97,18.7,19.3,20.78,18.12,18.39,18.73,18.69,20.58,-3.56,0.0,0.628,0.708,0.65,0.577,0.559,0.926,0.627,0.519,0.488,0.807,0.605,0.51,0.546,0.344,0.0,0.787,0.715,0.584,0.616,0.0
2020-01-15 01:45:00,18.74,18.59,18.7,18.85,18.86,18.16,18.74,18.97,19.01,18.46,18.8,18.96,18.89,19.29,20.67,18.43,18.61,18.88,18.78,20.53,-3.54,0.0,0.629,0.707,0.649,0.575,0.453,0.923,0.629,0.518,0.491,0.788,0.601,0.516,0.65,0.35,0.0,0.939,0.804,0.633,0.657,0.0
2020-01-15 02:00:00,18.75,18.6,18.71,18.86,19.01,18.17,18.74,18.99,19.01,18.49,18.81,18.95,18.8,19.29,20.56,18.16,18.48,18.86,18.76,20.48,-3.5,0.0,0.629,0.706,0.648,0.574,0.571,0.92,0.631,0.513,0.495,0.77,0.598,0.521,0.556,0.355,0.0,0.784,0.696,0.56,0.608,0.0
2020-01-15 02:15:00,18.75,18.6,18.71,18.86,19.09,18.17,18.74,19.0,19.0,18.52,18.82,18.94,18.74,19.28,20.45,18.12,18.43,18.85,18.74,20.43,-3.45,0.0,0.627,0.702,0.646,0.572,0.495,0.917,0.631,0.507,0.497,0.756,0.593,0.524,0.598,0.357,0.0,0.919,0.761,0.569,0.621,0.0
2020-01-15 02:30:00,18.75,18.6,18.71,18.86,18.86,18.18,18.73,19.01,18.99,18.55,18.83,18.94,18.9,19.28,20.34,18.39,18.63,18.95,18.81,20.38,-3.41,0.0,0.626,0.7,0.644,0.57,0.453,0.914,0.632,0.502,0.501,0.741,0.589,0.528,0.631,0.359,0.0,0.939,0.785,0.576,0.629,0.0
2020-01-15 02:45:00,18.75,18.61,18.72,18.87,19.01,18.18,18.73,19.02,18.98,18.57,18.83,18.93,18.79,19.27,20.24,18.2,18.5,18.9,18.78,20.33,-3.36,0.0,0.625,0.698,0.643,0.569,0.57,0.912,0.634,0.497,0.504,0.727,0.585,0.531,0.548,0.362,0.0,0.803,0.686,0.527,0.593,0.0
2020-01-15 03:00:00,18.74,18.6,18.71,18.86,19.01,18.18,18.71,19.02,18.97,18.6,18.83,18.9,18.8,19.24,20.13,18.27,18.51,18.92,18.77,20.28,-3.36,0.0,0.624,0.693,0.641,0.566,0.494,0.909,0.636,0.492,0.508,0.715,0.583,0.536,0.604,0.367,0.0,0.899,0.751,0.55,0.612,0.0
2020-01-15 03:15:00,18.73,18.57,18.65,18.78,19.06,18.12,18.06,18.98,18.94,18.62,18.82,18.78,18.73,19.22,20.04,18.18,18.46,18.91,18.75,20.24,-3.35,0.0,0.63,0.701,0.644,0.57,0.495,0.912,0.0,0.491,0.516,0.701,0.586,0.352,0.602,0.378,0.0,0.867,0.746,0.538,0.615,0.0
2020-01-15 03:30:00,18.72,18.54,18.61,18.73,18.98,18.09,18.11,18.95,18.92,18.64,18.82,18.64,18.8,19.2,19.94,18.26,18.52,18.93,18.78,20.2,-3.34,0.0,0.634,0.715,0.676,0.61,0.469,0.938,0.12,0.508,0.529,0.69,0.589,0.409,0.635,0.389,0.0,0.909,0.769,0.547,0.623,0.0
2020-01-15 03:45:00,18.72,18.54,18.6,18.74,19.0,18.08,18.09,18.96,18.92,18.67,18.81,18.57,18.8,19.19,19.85,18.22,18.49,18.94,18.78,20.16,-3.33,0.0,0.641,0.732,0.694,0.634,0.51,0.957,0.096,0.527,0.542,0.678,0.591,0.478,0.6,0.4,0.032,0.871,0.741,0.533,0.608,0.0
2020-01-15 04:00:00,18.72,18.55,18.65,18.72,18.86,18.1,18.07,18.97,18.92,18.68,18.82,18.57,18.89,19.18,19.78,18.32,18.61,18.99,18.81,20.12,-3.33,0.0,0.642,0.728,0.7,0.63,0.502,0.959,0.103,0.519,0.541,0.667,0.593,0.514,0.601,0.407,0.076,0.889,0.754,0.529,0.608,0.0
2020-01-15 04:15:00,18.71,17.63,18.54,18.6,18.81,18.0,17.97,18.9,18.87,18.74,18.82,18.57,18.61,19.34,19.73,17.96,18.36,18.9,18.7,20.08,-3.32,0.0,0.64,0.0,0.676,0.641,0.0,1.0,0.116,0.516,0.542,1.0,0.591,0.514,0.554,1.0,0.108,0.842,0.693,1.0,0.593,0.0
2020-01-15 04:30:00,18.67,17.48,18.52,18.52,18.73,17.95,17.94,18.84,18.84,18.81,18.78,18.57,18.61,19.67,19.69,18.08,18.38,19.02,18.7,20.04,-3.31,0.0,0.646,0.0,0.731,0.699,0.0,1.0,0.167,0.549,0.563,1.0,0.589,0.513,0.696,0.978,0.134,1.0,0.818,1.0,0.649,0.0
2020-01-15 04:45:00,18.69,17.46,18.52,18.53,18.72,17.95,17.93,18.87,18.86,18.86,18.79,18.55,18.62,19.89,19.65,18.04,18.42,19.1,18.71,20.0,-3.3,0.0,0.665,0.059,0.739,0.742,0.0,1.0,0.182,0.58,0.582,1.0,0.608,0.517,0.695,0.815,0.157,0.962,0.808,1.0,0.651,0.0
2020-01-15 05:00:00,18.69,17.41,18.53,18.53,18.55,17.95,17.91,18.87,18.85,18.91,18.8,18.55,18.69,19.98,19.63,18.09,18.46,19.17,18.73,19.96,-3.27,0.0,0.655,0.068,0.739,0.734,0.0,1.0,0.185,0.564,0.572,1.0,0.606,0.523,0.688,0.706,0.174,0.981,0.789,1.0,0.643,0.001
2020-01-15 05:15:00,18.69,17.39,18.54,18.6,18.71,17.97,17.91,18.9,18.87,18.95,18.79,18.55,18.48,20.02,19.6,17.8,18.31,19.0,18.65,19.93,-3.25,0.0,0.655,0.096,0.735,1.0,0.0,1.0,0.197,0.563,0.574,1.0,0.551,0.524,0.657,0.661,0.187,0.956,0.769,1.0,0.634,0.0
2020-01-15 05:30:00,18.7,17.37,18.57,18.62,18.5,18.01,17.91,18.93,18.88,18.99,18.77,18.55,18.63,20.05,19.58,18.07,18.45,19.24,18.73,19.89,-3.22,0.0,0.653,0.107,0.728,1.0,0.0,1.0,0.194,0.551,0.567,1.0,0.557,0.525,0.761,0.638,0.2,1.0,0.846,1.0,0.673,0.0
2020-01-15 05:45:00,18.7,17.32,18.57,18.62,18.67,18.0,17.88,18.93,18.87,19.03,18.76,18.54,18.45,20.07,19.56,17.75,18.31,19.04,18.66,19.86,-3.2,0.0,0.648,0.115,0.713,1.0,0.0,1.0,0.193,0.533,0.559,1.0,0.567,0.527,0.683,0.626,0.211,0.967,0.773,1.0,0.635,0.0
2020-01-15 06:00:00,18.7,17.29,18.57,18.61,18.46,18.0,17.87,18.93,18.88,19.07,18.76,18.54,18.6,20.08,19.54,18.09,18.44,19.29,18.73,19.82,-3.19,0.0,0.649,0.141,0.717,1.0,0.0,1.0,0.21,0.536,0.563,1.0,0.571,0.529,0.773,0.617,0.221,1.0,0.846,1.0,0.67,0.0
2020-01-15 06:15:00,18.71,17.3,18.57,18.63,18.53,18.01,17.85,19.11,18.59,19.11,18.76,18.58,18.51,20.11,19.53,17.79,18.31,19.13,18.66,19.79,-3.19,0.0,0.648,0.154,0.713,1.0,0.0,1.0,0.213,1.0,0.312,1.0,0.572,0.531,1.0,0.611,0.229,0.506,0.78,1.0,0.634,0.0
2020-01-15 06:30:00,18.71,17.29,18.58,18.66,18.56,18.02,17.85,19.18,18.66,19.15,18.76,18.57,18.43,20.13,19.51,17.66,18.26,19.04,18.63,19.76,-3.18,0.0,0.647,0.149,0.713,1.0,0.0,1.0,0.226,1.0,0.456,1.0,0.571,0.511,1.0,0.593,0.237,0.655,0.844,1.0,0.672,0.0
2020-01-15 06:45:00,18.71,17.29,18.6,18.67,18.36,18.03,17.85,19.21,18.66,19.19,18.76,18.56,18.57,20.14,19.5,17.91,18.38,19.24,18.7,19.72,-3.18,0.0,0.646,0.155,0.708,1.0,0.0,1.0,0.224,1.0,0.421,1.0,0.57,0.514,1.0,0.583,0.244,0.721,0.868,1.0,0.685,0.0
2020-01-15 07:00:00,18.7,17.25,18.6,18.68,18.54,18.03,17.85,19.22,18.65,19.23,18.75,18.5,18.39,20.12,19.49,17.52,18.27,19.02,18.63,19.69,-3.17,0.0,0.645,0.155,0.699,1.0,0.0,1.0,0.223,1.0,0.421,1.0,0.57,0.52,1.0,0.579,0.251,0.595,0.809,1.0,0.652,0.0
2020-01-15 07:15:00,19.01,17.26,18.66,18.7,18.33,18.05,17.85,19.24,18.64,19.26,18.75,18.49,18.49,20.11,19.48,17.93,18.35,19.11,18.52,19.66,-3.16,0.0,1.0,0.173,1.0,1.0,0.0,1.0,0.226,1.0,0.426,1.0,0.574,0.551,1.0,0.591,0.256,0.792,0.866,1.0,0.185,0.0
2020-01-15 07:30:00,19.18,17.26,18.69,18.74,18.49,18.06,17.85,19.28,18.64,19.3,18.74,18.49,18.39,20.11,19.47,17.54,18.27,19.02,18.31,19.63,-3.16,0.0,1.0,0.169,1.0,1.0,0.0,1.0,0.226,1.0,0.429,1.0,0.577,0.555,1.0,0.594,0.261,0.583,0.826,1.0,0.239,0.0
2020-01-15 07:45:00,19.22,17.26,18.71,18.75,18.22,18.08,17.85,19.31,18.63,19.33,18.74,18.49,18.49,20.12,19.46,17.86,18.34,19.19,18.24,19.59,-3.15,0.0,1.0,0.169,1.0,1.0,0.0,1.0,0.224,1.0,0.43,1.0,0.58,0.555,1.0,0.593,0.266,0.779,0.867,1.0,0.347,0.0
2020-01-15 08:00:00,19.29,17.27,18.74,18.78,18.28,18.1,17.86,19.35,18.64,19.37,18.76,18.52,18.36,20.14,19.45,17.57,18.26,19.01,18.17,19.57,-3.08,0.0,1.0,0.172,1.0,1.0,0.0,1.0,0.224,1.0,0.437,1.0,0.582,0.557,1.0,0.592,0.271,0.62,0.831,1.0,0.382,0.0
2020-01-15 08:15:00,19.36,17.29,18.78,18.82,18.34,18.13,17.88,19.4,18.65,19.4,18.8,18.56,18.23,20.18,19.6,17.43,18.22,18.9,18.13,19.53,-3.01,5.1,1.0,0.164,1.0,1.0,0.0,1.0,0.218,1.0,0.43,1.0,0.568,0.541,1.0,0.58,1.0,0.765,0.818,1.0,0.415,0.0
2020-01-15 08:30:00,19.45,17.32,18.82,18.86,18.21,18.17,17.91,19.45,18.67,19.44,18.84,18.74,18.37,20.29,19.77,17.7,18.33,19.06,18.21,19.51,-2.95,52.5,1.0,0.154,1.0,1.0,0.0,1.0,0.209,1.0,0.424,1.0,0.549,0.522,1.0,0.562,1.0,0.835,0.842,1.0,0.435,0.0
2020-01-15 08:45:00,19.55,17.35,18.88,18.94,18.17,18.23,17.94,19.53,18.7,19.47,18.89,18.99,18.48,20.45,19.91,17.75,18.36,19.13,18.23,19.47,-2.88,99.9,1.0,0.141,1.0,1.0,0.0,1.0,0.195,1.0,0.414,1.0,0.528,0.428,1.0,0.507,1.0,0.701,0.787,1.0,0.396,0.0
2020-01-15 09:00:00,19.67,17.43,18.96,19.06,18.35,18.32,18.0,19.63,18.74,19.5,18.93,19.2,18.36,20.62,20.02,17.45,18.32,18.96,18.21,19.44,-2.56,147.3,1.0,0.124,1.0,1.0,0.0,1.0,0.178,1.0,0.4,1.0,0.505,0.307,1.0,0.424,1.0,0.675,0.769,1.0,0.383,0.0
2020-01-15 09:15:00,19.8,17.61,19.12,19.2,18.22,18.44,18.08,19.76,18.8,19.54,18.97,19.43,18.49,20.79,20.12,17.74,18.41,19.1,18.26,19.42,-2.24,194.7,1.0,0.087,1.0,1.0,0.0,1.0,0.148,1.0,0.378,1.0,0.486,0.199,1.0,0.341,1.0,0.824,0.791,1.0,0.393,0.0
2020-01-15 09:30:00,19.92,17.76,19.28,19.33,18.16,18.54,18.12,19.87,18.85,19.57,19.0,19.56,18.65,20.92,20.21,17.78,18.48,19.18,18.3,19.39,-1.92,211.8,1.0,0.0,1.0,1.0,0.0,1.0,0.112,1.0,0.348,1.0,0.467,0.083,1.0,0.255,1.0,0.679,0.744,1.0,0.368,0.0
2020-01-15 09:45:00,20.03,17.97,19.47,19.44,18.38,18.64,18.17,19.98,18.9,19.6,19.03,19.61,18.47,21.0,20.3,17.55,18.41,19.0,18.27,19.36,-1.6,228.8,0.991,0.0,1.0,1.0,0.0,1.0,0.091,1.0,0.326,1.0,0.45,0.021,1.0,0.189,1.0,0.661,0.712,1.0,0.352,0.0
2020-01-15 10:00:00,20.1,18.12,19.63,19.56,18.25,18.74,18.22,20.09,18.95,19.63,19.07,19.64,18.67,21.06,20.37,17.82,18.53,19.16,18.33,19.33,-1.3,245.9,0.936,0.0,1.0,1.0,0.0,1.0,0.064,1.0,0.302,1.0,0.433,0.0,1.0,0.148,1.0,0.776,0.746,1.0,0.365,0.0
2020-01-15 10:15:00,20.16,18.25,19.77,19.65,18.2,18.83,18.25,20.18,18.99,19.66,19.09,19.69,18.89,21.09,20.44,17.89,18.62,19.27,18.37,19.3,-1.01,263.0,0.9,0.0,1.0,1.0,0.0,1.0,0.039,1.0,0.275,1.0,0.417,0.0,1.0,0.122,0.963,0.64,0.685,1.0,0.335,0.0
2020-01-15 10:30:00,20.23,18.37,19.91,19.71,18.44,18.92,18.29,20.26,19.03,19.69,19.12,19.75,18.64,21.08,20.51,17.72,18.53,19.08,18.35,19.28,-0.72,285.4,0.87,0.0,1.0,1.0,0.0,1.0,0.024,1.0,0.256,1.0,0.405,0.0,1.0,0.104,0.928,0.603,0.641,1.0,0.314,0.0
2020-01-15 10:45:00,20.28,18.46,20.01,19.76,18.32,18.97,18.3,20.32,19.05,19.72,19.15,19.82,18.93,21.04,20.56,17.97,18.66,19.26,18.41,19.25,-0.43,307.8,0.836,0.0,1.0,1.0,0.0,1.0,0.005,1.0,0.237,1.0,0.39,0.0,1.0,0.109,0.896,0.692,0.687,1.0,0.327,0.0
2020-01-15 11:00:00,20.33,18.54,20.11,19.79,18.38,19.02,18.31,20.36,19.07,19.75,19.17,19.87,19.08,20.98,20.61,18.03,18.7,19.29,18.43,19.22,-0.12,330.3,0.809,0.0,1.0,1.0,0.0,1.0,0.002,0.991,0.226,1.0,0.376,0.0,1.0,0.129,0.87,0.563,0.62,1.0,0.297,0.0
2020-01-15 11:15:00,20.37,18.59,20.19,19.8,18.43,19.07,18.32,20.39,19.08,19.78,19.19,19.91,19.19,20.91,20.66,18.13,18.74,19.33,18.46,19.19,0.18,352.7,0.786,0.0,1.0,1.0,0.0,1.0,0.0,0.969,0.217,1.0,0.364,0.0,1.0,0.162,0.844,0.537,0.598,1.0,0.284,0.0
2020-01-15 11:30:00,20.42,18.61,20.27,19.83,18.42,19.12,18.34,20.43,19.11,19.81,19.22,19.88,19.46,20.86,20.7,18.28,18.82,19.41,18.5,19.17,0.49,352.4,0.763,0.0,1.0,1.0,0.0,1.0,0.0,0.954,0.21,1.0,0.354,0.0,1.0,0.194,0.822,0.484,0.579,1.0,0.272,0.0
2020-01-15 11:45:00,20.47,18.63,20.32,19.87,18.63,19.16,18.35,20.46,19.12,19.84,19.24,19.83,19.2,20.84,20.74,18.32,18.79,19.37,18.51,19.14,0.79,352.1,0.739,0.0,1.0,1.0,0.0,1.0,0.0,0.935,0.196,1.0,0.342,0.0,0.922,0.218,0.802,0.411,0.538,1.0,0.251,0.0
2020-01-15 12:00:00,20.51,18.63,20.38,19.9,18.56,19.21,18.37,20.5,19.14,19.87,19.26,19.73,19.48,20.82,20.77,18.55,18.88,19.49,18.54,19.12,1.01,351.9,0.716,0.0,1.0,1.0,0.0,1.0,0.0,0.918,0.189,1.0,0.33,0.0,1.0,0.232,0.782,0.389,0.555,1.0,0.246,0.0
2020-01-15 12:15:00,20.54,18.62,20.45,19.92,18.64,19.26,18.39,20.53,19.16,19.89,19.27,19.62,19.62,20.8,20.8,18.75,18.94,19.56,18.57,19.09,1.23,351.6,0.697,0.0,1.0,1.0,0.0,1.0,0.0,0.9,0.18,1.0,0.321,0.0,0.908,0.242,0.765,0.276,0.509,1.0,0.229,0.0
2020-01-15 12:30:00,20.57,18.58,20.31,19.92,18.71,19.28,18.4,20.54,19.16,19.92,19.28,19.46,19.69,20.77,20.83,18.92,18.96,19.64,18.58,19.06,1.45,348.2,0.679,0.0,1.0,1.0,0.0,1.0,0.0,0.885,0.171,1.0,0.313,0.0,0.839,0.251,0.749,0.177,0.481,1.0,0.216,0.0
2020-01-15 12:45:00,20.59,18.54,20.29,19.93,18.69,19.44,18.4,20.55,19.16,19.95,19.29,19.33,19.92,20.74,20.86,19.15,19.03,19.82,18.62,19.04,1.67,344.8,0.665,0.0,1.0,1.0,0.0,1.0,0.0,0.878,0.17,1.0,0.308,0.068,0.806,0.264,0.734,0.088,0.472,1.0,0.212,0.0
2020-01-15 13:00:00,20.61,18.52,20.31,19.97,18.88,19.78,18.42,20.64,19.18,19.98,19.29,19.22,19.6,20.71,20.89,19.22,19.01,19.89,18.62,19.01,1.8,341.4,0.654,0.0,1.0,1.0,0.0,0.932,0.0,0.874,0.168,1.0,0.304,0.136,0.69,0.278,0.72,0.0,0.434,1.0,0.188,0.0
2020-01-15 13:15:00,20.64,18.48,20.33,20.01,18.99,19.99,18.43,20.83,19.19,20.0,19.29,19.16,19.63,20.68,20.91,19.27,18.99,19.89,18.57,18.99,1.92,338.0,0.643,0.0,1.0,1.0,0.0,0.76,0.0,0.831,0.16,1.0,0.304,0.188,0.851,0.294,0.707,0.0,0.446,1.0,0.19,0.0
2020-01-15 13:30:00,20.65,18.46,20.34,20.03,18.83,20.14,18.44,20.86,19.19,20.03,19.28,19.12,20.13,20.66,20.93,19.46,19.12,20.18,18.67,18.96,2.05,324.6,0.632,0.0,1.0,1.0,0.0,0.657,0.0,0.736,0.155,1.0,0.305,0.221,0.835,0.309,0.695,0.0,0.455,1.0,0.217,0.0
2020-01-15 13:45:00,20.65,18.44,20.35,20.04,19.02,20.25,18.45,20.9,19.2,20.05,19.27,19.12,19.81,20.64,20.95,19.46,19.09,20.16,18.66,18.94,2.18,311.2,0.627,0.0,1.0,1.0,0.0,0.578,0.0,0.719,0.155,1.0,0.308,0.238,0.587,0.32,0.685,0.0,0.391,0.961,0.165,0.0
2020-01-15 14:00:00,20.64,18.4,20.34,20.04,19.02,20.32,18.46,20.93,19.21,20.08,19.25,19.09,20.02,20.62,20.97,19.52,19.12,20.27,18.66,18.91,2.16,297.8,0.623,0.0,1.0,1.0,0.0,0.526,0.0,0.7,0.151,1.0,0.313,0.242,0.744,0.328,0.675,0.0,0.407,0.969,0.172,0.0
2020-01-15 14:15:00,20.63,18.36,20.33,20.04,19.01,20.36,18.47,20.95,19.22,20.11,19.22,19.06,19.8,20.59,20.99,19.48,19.11,20.22,18.65,18.89,2.15,284.4,0.629,0.0,1.0,1.0,0.0,0.491,0.0,0.686,0.147,1.0,0.326,0.255,0.64,0.34,0.665,0.0,0.388,0.916,0.172,0.0
2020-01-15 14:30:00,20.62,18.32,20.32,20.04,19.07,20.4,18.49,20.97,19.24,20.13,19.21,19.03,19.62,20.57,21.0,19.39,19.12,20.18,18.64,18.86,2.13,277.5,0.635,0.0,1.0,1.0,0.0,0.469,0.0,0.677,0.14,1.0,0.339,0.272,0.751,0.353,0.656,0.0,0.395,0.938,0.173,0.0
2020-01-15 14:45:00,20.61,18.29,20.31,20.05,18.94,20.43,18.52,20.98,19.26,20.16,19.19,19.01,19.74,20.55,21.02,19.53,19.2,20.29,18.69,18.84,2.12,270.6,0.639,0.0,1.0,1.0,0.0,0.449,0.0,0.667,0.13,1.0,0.347,0.284,0.84,0.364,0.648,0.0,0.392,0.959,0.179,0.0
2020-01-15 15:00:00,20.59,18.24,20.29,20.04,18.94,20.44,18.55,20.99,19.27,20.18,19.16,18.98,19.64,20.53,21.03,19.51,19.22,20.29,18.7,18.81,2.04,263.7,0.644,0.0,1.0,1.0,0.0,0.434,0.0,0.658,0.12,1.0,0.355,0.294,0.782,0.373,0.641,0.0,0.352,0.903,0.153,0.0
2020-01-15 15:15:00,20.57,18.19,20.27,20.03,18.83,20.43,18.58,20.99,19.29,20.21,19.14,18.95,19.71,20.5,21.05,19.6,19.31,20.41,18.74,18.79,1.97,256.8,0.656,0.0,1.0,1.0,0.0,0.43,0.0,0.655,0.113,1.0,0.368,0.309,0.83,0.386,0.634,0.0,0.34,0.904,0.149,0.0
2020-01-15 15:30:00,20.55,18.14,20.24,20.01,18.98,20.38,18.59,20.96,19.29,20.23,19.12,18.88,19.42,20.46,21.06,19.33,19.22,20.2,18.71,18.77,1.9,225.0,0.666,0.0,1.0,1.0,0.0,0.433,0.0,0.656,0.104,1.0,0.381,0.327,0.796,0.398,0.627,0.0,0.296,0.843,0.13,0.0
2020-01-15 15:45:00,20.52,18.08,20.2,19.98,19.02,20.3,18.59,20.93,19.27,20.25,19.09,18.85,19.3,20.43,21.07,19.2,19.18,20.08,18.66,18.74,1.83,193.2,0.677,0.0,1.0,1.0,0.0,0.461,0.0,0.668,0.105,1.0,0.392,0.358,0.938,0.418,0.621,0.0,0.341,0.948,0.143,0.0
2020-01-15 16:00:00,20.5,18.02,20.17,19.93,18.75,20.24,18.58,20.89,19.08,20.28,19.08,18.85,19.53,20.42,21.08,19.3,19.3,20.32,18.73,18.72,1.65,161.3,0.691,0.0,1.0,1.0,0.0,0.498,0.0,0.686,0.113,1.0,0.404,0.377,0.999,0.435,0.615,0.0,0.361,1.0,0.17,0.0
2020-01-15 16:15:00,20.46,17.93,20.1,19.86,18.96,20.13,18.36,20.74,19.06,20.3,19.07,18.84,19.16,20.42,21.09,18.97,19.05,19.95,18.54,18.69,1.46,129.5,0.702,0.0,1.0,1.0,0.0,0.53,0.0,0.704,0.212,1.0,0.409,0.377,0.886,0.44,0.609,0.0,0.299,0.889,0.134,0.0
2020-01-15 16:30:00,20.42,17.86,20.06,19.77,18.61,19.86,18.29,20.69,19.02,20.33,19.03,18.83,19.44,20.41,21.1,18.87,19.0,20.11,18.46,18.67,1.28,97.1,0.719,0.0,1.0,1.0,0.0,0.587,0.0,0.78,0.22,0.999,0.415,0.379,1.0,0.441,0.604,0.067,0.427,1.0,0.232,0.0
2020-01-15 16:45:00,20.39,17.77,19.99,19.72,18.68,19.75,18.2,20.62,18.96,20.35,19.02,18.8,19.13,20.4,21.11,18.61,18.85,19.84,18.34,18.65,1.09,0.0,0.739,0.0,1.0,1.0,0.0,0.72,0.003,0.806,0.241,0.987,0.434,0.387,0.931,0.444,0.599,0.115,0.448,0.993,0.268,0.0
2020-01-15 17:00:00,20.37,17.7,19.93,19.69,18.7,19.68,18.17,20.56,18.93,20.37,19.0,18.77,19.03,20.38,21.12,18.44,18.77,19.7,18.26,18.62,1.04,0.0,0.753,0.0,1.0,1.0,0.0,0.774,0.05,0.842,0.27,0.977,0.442,0.4,1.0,0.449,0.595,0.243,0.526,1.0,0.332,0.0
2020-01-15 17:15:00,20.36,17.67,19.94,19.63,18.44,19.59,18.18,20.55,18.92,20.39,18.99,18.75,19.26,20.37,21.13,18.51,18.83,19.87,18.36,18.6,0.98,0.0,0.765,0.0,1.0,1.0,0.0,0.811,0.066,0.869,0.284,0.966,0.45,0.416,1.0,0.458,0.591,0.328,0.564,1.0,0.369,0.0
2020-01-15 17:30:00,20.33,17.59,19.85,19.63,18.63,19.49,18.09,20.48,18.87,20.41,18.98,18.73,18.85,20.35,21.14,18.33,18.7,19.58,18.26,18.58,0.92,0.0,0.771,0.0,1.0,1.0,0.0,0.853,0.062,0.874,0.289,0.956,0.456,0.426,1.0,0.466,0.586,0.295,0.533,1.0,0.321,0.0
2020-01-15 17:45:00,20.32,17.58,19.9,19.55,18.37,19.46,18.14,20.5,18.89,20.42,18.97,18.72,19.15,20.34,21.14,18.41,18.77,19.77,18.31,18.56,0.86,0.0,0.786,0.007,1.0,1.0,0.0,0.904,0.105,0.911,0.315,0.947,0.461,0.434,1.0,0.473,0.582,0.385,0.6,1.0,0.368,0.0
2020-01-15 18:00:00,20.27,17.47,19.8,19.58,18.56,19.33,18.0,20.38,18.8,20.44,18.94,18.68,18.77,20.32,21.15,18.24,18.63,19.49,18.22,18.53,0.86,0.0,0.788,0.011,1.0,1.0,0.0,0.918,0.082,0.902,0.307,0.938,0.466,0.44,1.0,0.478,0.578,0.347,0.563,1.0,0.344,0.0
2020-01-15 18:15:00,20.28,17.55,19.83,19.45,18.3,19.38,18.13,20.47,18.86,20.46,18.92,18.66,19.06,20.3,21.16,18.32,18.7,19.68,18.26,18.51,0.85,0.0,0.814,0.067,1.0,1.0,0.0,0.983,0.149,0.959,0.349,0.929,0.48,0.458,1.0,0.489,0.575,0.428,0.637,1.0,0.39,0.0
2020-01-15 18:30:00,20.22,17.36,19.63,19.55,18.49,19.22,17.9,20.28,18.74,20.48,18.9,18.63,18.69,20.28,21.16,18.13,18.55,19.41,18.18,18.49,0.85,0.0,0.811,0.027,1.0,1.0,0.0,0.959,0.087,0.917,0.318,0.92,0.491,0.472,1.0,0.5,0.571,0.39,0.598,1.0,0.371,0.0
2020-01-15 18:45:00,20.24,17.53,19.72,19.37,18.24,19.31,18.14,20.45,18.86,20.49,18.89,18.62,18.97,20.27,21.17,18.23,18.64,19.59,18.22,18.47,0.85,0.0,0.842,0.119,1.0,1.0,0.0,1.0,0.198,1.0,0.382,0.912,0.499,0.483,1.0,0.509,0.568,0.485,0.673,1.0,0.409,0.0
2020-01-15 19:00:00,20.18,17.28,19.54,19.54,18.42,19.13,17.82,20.2,18.69,20.51,18.89,18.62,18.62,20.27,21.18,18.03,18.5,19.33,18.16,18.44,0.85,0.0,0.829,0.033,1.0,1.0,0.0,0.995,0.081,0.925,0.321,0.904,0.505,0.49,1.0,0.516,0.564,0.434,0.628,1.0,0.39,0.0
2020-01-15 19:15:00,20.22,17.48,19.62,19.44,18.26,19.21,18.31,20.35,18.84,20.52,18.9,18.71,18.8,20.27,21.18,18.08,18.57,19.41,18.18,18.42,0.86,0.0,0.86,0.162,1.0,1.0,0.0,1.0,1.0,1.0,0.407,0.897,0.503,0.688,1.0,0.515,0.561,0.536,0.698,1.0,0.42,0.0
2020-01-15 19:30:00,20.25,17.48,19.73,19.42,18.18,19.24,18.53,20.45,18.82,20.53,18.9,18.81,18.89,20.28,21.19,18.09,18.6,19.46,18.19,18.4,0.86,0.0,0.84,0.058,1.0,1.0,0.0,1.0,0.843,0.977,0.332,0.89,0.501,0.645,1.0,0.513,0.558,0.509,0.667,1.0,0.41,0.0
2020-01-15 19:45:00,20.19,17.32,19.57,19.59,18.34,19.04,18.31,20.23,18.67,20.55,18.89,18.93,18.53,20.32,21.2,17.91,18.39,19.25,18.09,18.38,0.86,0.0,0.825,0.062,1.0,1.0,0.0,1.0,0.734,0.926,0.338,0.883,0.502,0.594,1.0,0.512,0.555,0.504,0.648,1.0,0.405,0.0
2020-01-15 20:00:00,20.26,17.57,19.72,19.41,18.1,19.25,18.6,20.48,18.88,20.56,18.9,18.94,18.79,20.34,21.2,18.04,18.5,19.43,18.14,18.36,0.87,0.0,0.857,0.138,1.0,1.0,0.0,1.0,0.844,1.0,0.415,0.876,0.503,0.534,1.0,0.488,0.552,0.595,0.755,1.0,0.454,0.0
2020-01-15 20:15:00,20.21,17.92,19.59,19.72,18.34,18.9,18.42,20.26,18.68,20.48,18.91,18.93,18.49,20.19,21.21,17.87,18.4,19.16,18.12,18.34,0.89,0.0,0.821,1.0,1.0,1.0,0.949,0.373,0.698,0.908,0.312,0.0,0.499,0.531,1.0,0.0,0.549,0.53,0.701,0.286,0.429,0.0
2020-01-15 20:30:00,20.29,18.42,19.78,19.7,18.44,19.17,18.72,20.5,18.91,20.4,18.92,18.94,18.81,19.95,21.21,17.99,18.58,19.32,18.2,18.32,0.9,0.0,0.846,1.0,1.0,1.0,0.831,0.55,0.789,1.0,0.41,0.0,0.494,0.533,1.0,0.0,0.546,0.616,0.752,0.421,0.442,0.0
2020-01-15 20:45:00,20.33,18.4,19.93,19.67,18.4,19.21,18.81,20.62,18.9,20.34,18.93,18.94,18.92,19.67,21.22,18.11,18.6,19.35,18.24,18.3,0.92,0.0,0.803,0.791,1.0,1.0,0.781,0.414,0.641,0.898,0.293,0.0,0.491,0.532,1.0,0.025,0.543,0.557,0.662,0.342,0.402,0.0
2020-01-15 21:00:00,20.27,18.36,19.81,19.75,18.5,18.92,18.7,20.44,18.8,20.3,18.92,18.95,18.75,19.48,21.22,17.95,18.55,19.22,18.21,18.28,0.92,0.0,0.787,0.799,1.0,1.0,0.801,0.397,0.593,0.842,0.3,0.0,0.487,0.528,1.0,0.165,0.54,0.497,0.652,0.324,0.378,0.0
2020-01-15 21:15:00,20.25,18.35,19.68,19.62,18.58,18.86,18.64,20.32,18.74,20.27,18.94,18.95,18.69,19.39,21.23,17.83,18.51,19.11,18.17,18.28,0.92,0.0,0.813,0.82,1.0,0.127,0.749,0.538,0.651,0.932,0.349,0.0,0.539,0.527,1.0,0.259,0.538,0.577,0.677,0.392,0.396,0.862
2020-01-15 21:30:00,20.27,18.49,19.73,19.43,18.42,19.02,18.78,20.44,18.83,20.23,18.97,18.95,18.88,19.37,21.24,18.14,18.6,19.27,18.24,18.34,0.92,0.0,0.825,0.826,1.0,0.192,0.712,0.568,0.681,0.992,0.381,0.0,0.53,0.526,1.0,0.305,0.535,0.633,0.696,0.444,0.415,0.859
2020-01-15 21:45:00,20.22,18.41,19.57,19.62,18.64,18.67,18.62,20.24,18.68,20.2,18.98,18.95,18.69,19.37,21.24,17.83,18.52,19.09,18.18,18.42,0.92,0.0,0.816,0.753,1.0,0.283,0.792,0.489,0.609,0.928,0.335,0.0,0.517,0.525,1.0,0.316,0.532,0.478,0.651,0.365,0.38,0.832
2020-01-15 22:00:00,20.27,18.59,19.65,19.5,18.54,18.97,18.8,20.38,18.83,20.16,18.99,18.96,18.84,19.38,21.24,18.04,18.59,19.18,18.23,18.5,0.94,0.0,0.841,0.794,1.0,0.19,0.68,0.663,0.692,1.0,0.408,0.0,0.51,0.524,1.0,0.313,0.53,0.633,0.691,0.457,0.411,0.79
2020-01-15 22:15:00,20.28,18.63,19.73,19.43,18.53,18.99,18.82,20.08,18.99,20.12,19.0,18.96,18.91,19.39,21.25,18.15,18.61,19.22,18.24,18.58,0.96,0.0,0.816,0.705,1.0,0.251,0.731,0.517,0.602,0.0,0.586,0.0,0.505,0.521,0.582,0.308,0.528,0.982,0.653,0.409,0.385,0.75
2020-01-15 22:30:00,20.23,18.57,19.56,19.57,18.73,18.63,18.67,19.82,18.87,20.08,19.01,18.97,18.74,19.39,21.25,17.95,18.57,19.11,18.2,18.64,0.99,0.0,0.808,0.686,1.0,0.286,0.735,0.507,0.589,0.0,0.506,0.0,0.501,0.518,0.543,0.305,0.525,0.927,0.647,0.389,0.379,0.711
2020-01-15 22:45:00,20.3,18.74,19.69,19.39,18.57,19.01,18.88,19.94,19.03,20.04,19.01,18.98,18.88,19.38,21.26,18.24,18.65,19.26,18.29,18.7,1.01,0.0,0.837,0.716,1.0,0.214,0.634,0.686,0.667,0.091,0.564,0.0,0.497,0.515,0.629,0.305,0.523,1.0,0.666,0.446,0.4,0.679
2020-01-15 23:00:00,20.27,18.65,19.61,19.48,18.7,18.72,18.74,19.78,18.94,20.01,19.03,18.99,18.83,19.37,21.26,18.06,18.63,19.16,18.26,18.74,1.01,0.0,0.802,0.63,1.0,0.307,0.715,0.493,0.56,0.03,0.485,0.0,0.494,0.512,0.558,0.31,0.52,0.882,0.623,0.371,0.355,0.651
2020-01-15 23:15:00,19.23,18.68,19.41,19.37,18.74,18.78,18.78,19.74,18.97,19.97,19.05,19.0,18.84,19.37,21.27,18.12,18.65,19.18,18.42,18.78,1.01,0.0,0.0,0.676,0.196,0.259,0.65,0.641,0.628,0.111,0.53,0.0,0.485,0.506,0.586,0.313,0.518,0.969,0.637,0.419,0.869,0.629
2020-01-15 23:30:00,19.54,18.68,19.41,19.31,18.78,18.75,18.78,19.66,18.97,19.94,19.07,19.02,18.88,19.38,21.27,18.18,18.68,19.24,18.64,18.82,1.02,0.0,0.387,0.66,0.294,0.314,0.628,0.608,0.611,0.128,0.517,0.013,0.474,0.498,0.578,0.313,0.516,0.94,0.624,0.412,0.789,0.609
2020-01-15 23:45:00,19.47,18.74,19.41,19.34,18.83,18.79,18.83,19.66,19.02,19.91,19.1,19.04,18.92,19.38,21.28,18.23,18.72,19.26,18.78,18.85,1.02,0.0,0.232,0.658,0.293,0.345,0.609,0.623,0.611,0.168,0.515,0.032,0.463,0.491,0.559,0.312,0.514,0.912,0.608,0.379,0.681,0.59
