time,T1,T2,T3,T4,T5,T_amb,irrad,u1,u2,u3,u4,u5
2020-01-03 00:00:00,19.76,19.82,19.9,19.82,19.85,3.31,0.0,0.341,0.374,0.169,0.377,0.369
2020-01-03 00:15:00,20.29,20.46,20.56,20.47,20.17,3.27,0.0,1.0,1.0,1.0,1.0,1.0
2020-01-03 00:30:00,20.76,20.91,21.15,20.94,20.6,3.23,0.0,1.0,1.0,1.0,1.0,1.0
2020-01-03 00:45:00,20.89,21.08,21.34,21.1,20.79,3.19,0.0,1.0,1.0,1.0,1.0,1.0
2020-01-03 01:00:00,20.94,21.17,21.42,21.19,20.89,3.15,0.0,1.0,1.0,1.0,1.0,1.0
2020-01-03 01:15:00,21.0,21.26,21.5,21.28,20.97,3.12,0.0,1.0,1.0,1.0,1.0,1.0
2020-01-03 01:30:00,21.05,21.34,21.57,21.35,21.06,3.08,0.0,1.0,1.0,1.0,1.0,1.0
2020-01-03 01:45:00,21.13,21.43,21.67,21.45,21.13,3.05,0.0,1.0,1.0,1.0,1.0,1.0
2020-01-03 02:00:00,21.2,21.53,21.77,21.54,21.24,3.03,0.0,1.0,1.0,1.0,1.0,1.0
2020-01-03 02:15:00,21.28,21.63,21.88,21.64,21.33,3.01,0.0,1.0,1.0,1.0,1.0,1.0
2020-01-03 02:30:00,21.36,21.72,21.98,21.73,21.43,2.98,0.0,1.0,1.0,1.0,1.0,1.0
2020-01-03 02:45:00,21.44,21.82,22.09,21.83,21.52,2.96,0.0,1.0,1.0,1.0,1.0,1.0
2020-01-03 03:00:00,21.52,21.92,22.19,21.92,21.61,2.94,0.0,1.0,1.0,1.0,1.0,1.0
2020-01-03 03:15:00,21.58,22.0,22.28,22.0,21.7,2.92,0.0,1.0,1.0,1.0,1.0,1.0
2020-01-03 03:30:00,21.63,22.07,22.35,22.07,21.78,2.9,0.0,1.0,1.0,1.0,1.0,1.0
2020-01-03 03:45:00,21.68,22.14,22.42,22.14,21.85,2.88,0.0,1.0,1.0,1.0,1.0,1.0
2020-01-03 04:00:00,21.73,22.21,22.49,22.2,21.92,2.88,0.0,1.0,1.0,1.0,1.0,1.0
2020-01-03 04:15:00,21.78,22.27,22.55,22.26,21.99,2.88,0.0,1.0,1.0,1.0,1.0,1.0
2020-01-03 04:30:00,21.83,22.33,22.61,22.32,22.05,2.88,0.0,1.0,1.0,1.0,1.0,1.0
2020-01-03 04:45:00,21.87,22.39,22.67,22.38,22.11,2.88,0.0,1.0,1.0,1.0,1.0,1.0
2020-01-03 05:00:00,21.91,22.44,22.72,22.43,22.16,2.88,0.0,1.0,1.0,1.0,1.0,1.0
2020-01-03 05:15:00,21.95,22.49,22.77,22.47,22.22,2.88,0.0,1.0,1.0,1.0,1.0,1.0
2020-01-03 05:30:00,21.99,22.54,22.81,22.52,22.27,2.87,0.0,1.0,1.0,1.0,1.0,1.0
2020-01-03 05:45:00,22.02,22.59,22.86,22.57,22.32,2.87,0.0,1.0,1.0,1.0,1.0,1.0
2020-01-03 06:00:00,22.05,22.63,22.9,22.61,22.37,2.86,0.0,1.0,1.0,1.0,1.0,1.0
2020-01-03 06:15:00,22.09,22.67,22.94,22.65,22.41,2.86,0.0,1.0,1.0,1.0,1.0,1.0
2020-01-03 06:30:00,22.12,22.71,22.98,22.69,22.45,2.85,0.0,1.0,1.0,1.0,1.0,1.0
2020-01-03 06:45:00,22.14,22.75,23.01,22.72,22.49,2.84,0.0,1.0,1.0,1.0,1.0,1.0
2020-01-03 07:00:00,22.17,22.78,23.05,22.76,22.53,2.84,0.0,1.0,1.0,1.0,1.0,1.0
2020-01-03 07:15:00,22.2,22.82,23.08,22.79,22.57,2.83,0.0,1.0,1.0,1.0,1.0,1.0
2020-01-03 07:30:00,22.22,22.85,23.11,22.82,22.61,2.83,0.0,1.0,1.0,1.0,1.0,1.0
2020-01-03 07:45:00,22.25,22.88,23.14,22.85,22.64,2.83,0.0,1.0,1.0,1.0,1.0,1.0
2020-01-03 08:00:00,22.28,22.91,23.16,22.89,22.67,2.86,0.0,1.0,1.0,1.0,1.0,1.0
2020-01-03 08:15:00,21.32,22.08,22.4,22.07,22.16,2.9,3.7,0.0,0.0,0.0,0.0,0.0
2020-01-03 08:30:00,20.77,21.73,22.0,21.44,21.58,2.93,80.6,0.0,0.0,0.0,0.0,0.0
2020-01-03 08:45:00,20.61,21.95,22.23,21.25,21.43,2.97,157.5,0.0,0.0,0.0,0.0,0.0
2020-01-03 09:00:00,20.55,22.15,22.49,21.21,21.55,3.3,234.4,0.0,0.0,0.0,0.0,0.0
2020-01-03 09:15:00,20.55,22.36,22.83,21.2,21.66,3.62,311.4,0.0,0.0,0.0,0.0,0.0
2020-01-03 09:30:00,20.54,22.49,23.12,21.2,21.7,3.95,327.7,0.0,0.0,0.0,0.0,0.0
2020-01-03 09:45:00,20.46,22.43,23.23,21.13,21.8,4.28,344.0,0.0,0.0,0.0,0.0,0.0
2020-01-03 10:00:00,20.44,22.42,23.43,21.11,21.71,4.57,360.3,0.0,0.0,0.0,0.0,0.0
2020-01-03 10:15:00,20.33,22.3,23.5,21.0,21.8,4.85,376.6,0.0,0.0,0.0,0.0,0.0
2020-01-03 10:30:00,20.32,22.26,23.7,21.0,21.68,5.14,396.1,0.0,0.0,0.0,0.0,0.0
2020-01-03 10:45:00,20.21,22.1,23.79,20.89,21.79,5.43,415.6,0.0,0.0,0.0,0.0,0.0
2020-01-03 11:00:00,20.26,22.03,24.07,20.94,21.67,5.69,435.2,0.0,0.0,0.0,0.0,0.0
2020-01-03 11:15:00,20.15,21.85,24.17,20.84,21.85,5.95,454.7,0.0,0.0,0.0,0.0,0.0
2020-01-03 11:30:00,20.25,21.72,24.44,20.95,21.71,6.21,456.9,0.0,0.0,0.0,0.0,0.0
2020-01-03 11:45:00,20.13,21.53,24.44,20.83,21.95,6.47,459.1,0.0,0.0,0.0,0.0,0.0
2020-01-03 12:00:00,20.26,21.49,24.72,20.97,21.74,6.65,461.2,0.0,0.0,0.0,0.0,0.0
2020-01-03 12:15:00,20.08,21.32,24.65,20.81,22.03,6.84,463.4,0.0,0.0,0.0,0.0,0.0
2020-01-03 12:30:00,20.27,21.4,24.88,21.06,21.73,7.03,439.5,0.0,0.0,0.0,0.0,0.0
2020-01-03 12:45:00,20.17,21.29,24.77,21.01,21.93,7.22,415.7,0.0,0.0,0.0,0.0,0.0
2020-01-03 13:00:00,20.14,21.23,24.76,21.08,21.91,7.29,391.8,0.0,0.0,0.0,0.0,0.0
2020-01-03 13:15:00,20.02,21.09,24.64,21.09,22.03,7.36,367.9,0.0,0.0,0.0,0.0,0.0
2020-01-03 13:30:00,20.11,21.13,24.83,21.28,21.88,7.42,395.7,0.0,0.0,0.0,0.0,0.0
2020-01-03 13:45:00,20.12,21.12,24.96,21.48,21.95,7.49,423.4,0.0,0.0,0.0,0.0,0.0
2020-01-03 14:00:00,20.15,21.13,25.09,21.75,22.03,7.55,451.1,0.0,0.0,0.0,0.0,0.0
2020-01-03 14:15:00,20.18,21.16,25.22,22.06,22.1,7.61,478.9,0.0,0.0,0.0,0.0,0.0
2020-01-03 14:30:00,20.33,21.25,25.32,22.36,22.01,7.68,460.5,0.0,0.0,0.0,0.0,0.0
2020-01-03 14:45:00,20.21,21.13,25.18,22.54,22.17,7.74,442.2,0.0,0.0,0.0,0.0,0.0
2020-01-03 15:00:00,20.04,20.98,25.01,22.66,22.3,7.67,423.8,0.0,0.0,0.0,0.0,0.0
2020-01-03 15:15:00,20.13,21.03,25.03,22.83,22.1,7.6,405.4,0.0,0.0,0.0,0.0,0.0
2020-01-03 15:30:00,20.19,21.05,24.84,22.8,21.96,7.54,306.1,0.0,0.0,0.0,0.0,0.0
2020-01-03 15:45:00,20.01,20.88,24.42,22.52,21.91,7.47,206.7,0.0,0.0,0.0,0.0,0.0
2020-01-03 16:00:00,19.82,20.69,23.95,22.11,21.65,7.27,107.3,0.0,0.0,0.0,0.0,0.0
2020-01-03 16:15:00,19.69,20.48,23.45,21.58,21.41,7.07,8.0,0.092,0.0,0.0,0.0,0.0
2020-01-03 16:30:00,19.75,20.33,23.18,21.24,21.09,6.87,0.0,0.157,0.0,0.0,0.0,0.0
2020-01-03 16:45:00,19.56,20.16,22.9,21.05,21.02,6.67,0.0,0.123,0.0,0.0,0.0,0.0
2020-01-03 17:00:00,19.56,19.99,22.61,20.83,20.85,6.57,0.0,0.219,0.0,0.0,0.0,0.0
2020-01-03 17:15:00,19.5,19.82,22.34,20.6,20.84,6.47,0.0,0.22,0.003,0.0,0.0,0.0
2020-01-03 17:30:00,19.6,19.96,22.25,20.47,20.57,6.37,0.0,0.251,0.089,0.0,0.0,0.0
2020-01-03 17:45:00,19.43,19.75,22.0,20.3,20.54,6.27,0.0,0.2,0.02,0.0,0.0,0.0
2020-01-03 18:00:00,19.42,19.65,21.73,20.11,20.51,6.15,0.0,0.287,0.124,0.0,0.0,0.0
2020-01-03 18:15:00,19.53,19.82,21.68,20.06,20.27,6.04,0.0,0.292,0.175,0.0,0.0,0.0
2020-01-03 18:30:00,19.31,19.56,21.44,19.87,20.42,5.92,0.0,0.237,0.089,0.0,0.0,0.0
2020-01-03 18:45:00,19.46,19.7,21.37,19.89,20.19,5.81,0.0,0.343,0.222,0.0,0.063,0.0
2020-01-03 19:00:00,19.43,19.68,21.28,19.84,20.1,5.7,0.0,0.269,0.151,0.0,0.054,0.0
2020-01-03 19:15:00,19.34,19.56,21.07,19.72,20.18,5.6,0.0,0.285,0.161,0.0,0.078,0.0
2020-01-03 19:30:00,19.47,19.69,21.03,19.79,19.96,5.49,0.0,0.329,0.22,0.0,0.138,0.0
2020-01-03 19:45:00,19.3,19.52,20.84,19.65,20.13,5.39,0.0,0.263,0.155,0.0,0.103,0.018
2020-01-03 20:00:00,19.49,19.69,20.84,19.77,19.84,5.28,0.0,0.35,0.239,0.0,0.175,0.0
2020-01-03 20:15:00,19.25,19.47,20.62,19.57,20.12,5.17,0.0,0.254,0.155,0.0,0.115,0.08
2020-01-03 20:30:00,19.45,19.63,20.59,19.7,19.86,5.05,0.0,0.376,0.266,0.0,0.216,0.0
2020-01-03 20:45:00,19.37,19.59,20.53,19.64,19.82,4.94,0.0,0.276,0.184,0.0,0.151,0.069
2020-01-03 21:00:00,19.32,19.51,20.37,19.57,19.86,4.8,0.0,0.315,0.206,0.0,0.178,0.091
2020-01-03 21:15:00,19.38,19.58,20.31,19.63,19.72,4.66,0.0,0.341,0.247,0.0,0.215,0.069
2020-01-03 21:30:00,19.28,19.47,20.17,19.53,19.81,4.52,0.0,0.308,0.21,0.0,0.186,0.141
2020-01-03 21:45:00,19.37,19.55,20.13,19.59,19.63,4.38,0.0,0.362,0.263,0.0,0.234,0.093
2020-01-03 22:00:00,19.25,19.45,20.0,19.5,19.77,4.29,0.0,0.315,0.223,0.0,0.203,0.183
2020-01-03 22:15:00,19.37,19.55,19.97,19.58,19.57,4.21,0.0,0.374,0.274,0.002,0.248,0.117
2020-01-03 22:30:00,19.23,19.43,19.86,19.48,19.73,4.12,0.0,0.317,0.227,0.014,0.21,0.215
2020-01-03 22:45:00,19.36,19.54,19.93,19.57,19.52,4.03,0.0,0.384,0.283,0.07,0.26,0.134
2020-01-03 23:00:00,19.2,19.42,19.78,19.46,19.72,3.86,0.0,0.32,0.231,0.035,0.217,0.24
2020-01-03 23:15:00,19.35,19.52,19.87,19.54,19.48,3.69,0.0,0.398,0.291,0.112,0.27,0.138
2020-01-03 23:30:00,19.17,19.4,19.71,19.44,19.7,3.52,0.0,0.327,0.239,0.066,0.229,0.262
2020-01-03 23:45:00,19.33,19.5,19.8,19.52,19.44,3.35,0.0,0.413,0.3,0.144,0.282,0.152
2020-01-04 00:00:00,19.16,19.39,19.66,19.42,19.67,3.28,0.0,0.337,0.249,0.098,0.241,0.278
2020-01-04 00:15:00,19.32,19.49,19.76,19.51,19.43,3.2,0.0,0.42,0.304,0.169,0.29,0.164
2020-01-04 00:30:00,19.15,19.39,19.64,19.41,19.65,3.13,0.0,0.341,0.254,0.119,0.247,0.284
2020-01-04 00:45:00,19.31,19.48,19.73,19.49,19.43,3.06,0.0,0.423,0.306,0.182,0.294,0.177
2020-01-04 01:00:00,19.15,19.38,19.61,19.4,19.62,2.91,0.0,0.347,0.26,0.135,0.255,0.286
2020-01-04 01:15:00,19.28,19.46,19.69,19.47,19.42,2.76,0.0,0.427,0.308,0.195,0.299,0.188
2020-01-04 01:30:00,19.14,19.38,19.59,19.39,19.6,2.61,0.0,0.358,0.269,0.156,0.265,0.288
2020-01-04 01:45:00,19.26,19.45,19.66,19.44,19.42,2.46,0.0,0.43,0.312,0.206,0.305,0.201
2020-01-04 02:00:00,19.13,19.36,19.56,19.38,19.58,2.3,0.0,0.371,0.275,0.172,0.278,0.291
2020-01-04 02:15:00,19.23,19.42,19.61,19.42,19.41,2.14,0.0,0.437,0.322,0.218,0.312,0.212
2020-01-04 02:30:00,19.11,19.34,19.54,19.35,19.55,1.98,0.0,0.385,0.29,0.193,0.288,0.296
2020-01-04 02:45:00,19.2,19.39,19.58,19.4,19.39,1.82,0.0,0.444,0.329,0.231,0.323,0.224
2020-01-04 03:00:00,19.1,19.33,19.52,19.34,19.53,1.74,0.0,0.399,0.303,0.212,0.299,0.303
2020-01-04 03:15:00,19.19,19.38,19.55,19.39,19.39,1.66,0.0,0.449,0.337,0.242,0.33,0.235
2020-01-04 03:30:00,19.1,19.31,19.5,19.33,19.52,1.58,0.0,0.406,0.31,0.223,0.307,0.306
2020-01-04 03:45:00,19.18,19.37,19.53,19.37,19.38,1.5,0.0,0.452,0.343,0.252,0.336,0.241
2020-01-04 04:00:00,19.08,19.29,19.47,19.31,19.51,1.42,0.0,0.412,0.317,0.235,0.313,0.309
2020-01-04 04:15:00,19.16,19.35,19.5,19.36,19.37,1.34,0.0,0.458,0.353,0.264,0.344,0.247
2020-01-04 04:30:00,19.07,19.27,19.45,19.29,19.5,1.25,0.0,0.42,0.327,0.251,0.322,0.314
2020-01-04 04:45:00,19.14,19.33,19.47,19.34,19.36,1.17,0.0,0.465,0.364,0.275,0.354,0.252
2020-01-04 05:00:00,19.04,19.28,19.48,19.29,19.48,1.09,0.0,0.429,0.336,0.266,0.33,0.32
2020-01-04 05:15:00,19.14,19.34,19.49,19.35,19.36,1.01,0.0,0.48,0.361,0.259,0.355,0.26
2020-01-04 05:30:00,19.06,19.29,19.46,19.3,19.49,0.92,0.0,0.432,0.33,0.255,0.327,0.322
2020-01-04 05:45:00,19.14,19.36,19.5,19.35,19.36,0.84,0.0,0.471,0.355,0.269,0.351,0.256
2020-01-04 06:00:00,19.07,19.31,19.46,19.3,19.48,0.78,0.0,0.429,0.321,0.248,0.324,0.322
2020-01-04 06:15:00,19.15,19.36,19.5,19.35,19.36,0.71,0.0,0.466,0.345,0.269,0.348,0.26
2020-01-04 06:30:00,19.08,19.33,19.46,19.31,19.48,0.65,0.0,0.426,0.318,0.249,0.323,0.318
2020-01-04 06:45:00,19.15,19.37,19.51,19.36,19.38,0.58,0.0,0.459,0.336,0.269,0.343,0.262
2020-01-04 07:00:00,19.08,19.33,19.46,19.31,19.47,0.52,0.0,0.424,0.314,0.246,0.321,0.312
2020-01-04 07:15:00,19.15,19.37,19.5,19.35,19.38,0.46,0.0,0.458,0.333,0.268,0.343,0.263
2020-01-04 07:30:00,19.09,19.33,19.46,19.32,19.47,0.4,0.0,0.427,0.315,0.252,0.323,0.311
2020-01-04 07:45:00,19.14,19.36,19.49,19.36,19.38,0.34,0.0,0.457,0.335,0.268,0.339,0.265
2020-01-04 08:00:00,19.09,19.33,19.46,19.32,19.46,0.37,0.0,0.429,0.318,0.254,0.322,0.31
2020-01-04 08:15:00,19.15,19.36,19.49,19.36,19.38,0.4,3.8,0.455,0.334,0.27,0.341,0.269
2020-01-04 08:30:00,19.13,19.69,19.78,19.35,19.48,0.43,104.9,0.427,0.318,0.255,0.321,0.31
2020-01-04 08:45:00,19.17,19.96,20.11,19.39,19.54,0.47,206.0,0.434,0.157,0.109,0.324,0.258
2020-01-04 09:00:00,19.2,20.08,20.39,19.42,19.68,0.74,307.0,0.414,0.022,0.0,0.305,0.23
2020-01-04 09:15:00,19.28,20.35,20.87,19.49,19.85,1.02,408.1,0.4,0.0,0.0,0.291,0.158
2020-01-04 09:30:00,19.35,20.58,21.32,19.57,20.04,1.29,434.7,0.359,0.0,0.0,0.257,0.076
2020-01-04 09:45:00,19.4,20.71,21.67,19.62,20.18,1.57,461.3,0.323,0.0,0.0,0.215,0.0
2020-01-04 10:00:00,19.45,20.78,21.99,19.66,20.31,1.85,487.9,0.3,0.0,0.0,0.19,0.0
2020-01-04 10:15:00,19.49,20.81,22.3,19.71,20.42,2.13,514.5,0.277,0.0,0.0,0.168,0.0
2020-01-04 10:30:00,19.53,20.8,22.61,19.76,20.53,2.42,532.3,0.254,0.0,0.0,0.144,0.0
2020-01-04 10:45:00,19.57,20.75,22.93,19.8,20.65,2.7,550.2,0.234,0.0,0.0,0.121,0.0
2020-01-04 11:00:00,19.61,20.65,23.26,19.84,20.78,2.93,568.0,0.214,0.0,0.0,0.101,0.0
2020-01-04 11:15:00,19.65,20.54,23.58,19.89,20.9,3.16,585.8,0.194,0.0,0.0,0.078,0.0
2020-01-04 11:30:00,19.69,20.45,23.85,19.93,20.99,3.38,588.3,0.173,0.0,0.0,0.054,0.0
2020-01-04 11:45:00,19.71,20.37,24.09,19.95,21.07,3.61,590.8,0.157,0.0,0.0,0.037,0.0
2020-01-04 12:00:00,19.73,20.31,24.28,19.96,21.13,3.78,593.4,0.145,0.0,0.0,0.024,0.0
2020-01-04 12:15:00,19.74,20.28,24.45,20.0,21.19,3.94,595.9,0.137,0.0,0.0,0.018,0.0
2020-01-04 12:30:00,19.81,20.34,24.68,20.14,21.12,4.1,591.4,0.131,0.0,0.0,0.0,0.0
2020-01-04 12:45:00,19.71,20.27,24.7,20.16,21.32,4.26,586.8,0.093,0.0,0.0,0.0,0.0
2020-01-04 13:00:00,19.72,20.17,24.74,20.26,21.47,4.34,582.3,0.146,0.0,0.0,0.0,0.0
2020-01-04 13:15:00,19.84,20.27,24.95,20.49,21.45,4.41,577.8,0.142,0.0,0.0,0.0,0.0
2020-01-04 13:30:00,19.8,20.3,25.05,20.71,21.53,4.49,553.4,0.082,0.0,0.0,0.0,0.0
2020-01-04 13:45:00,19.9,20.37,25.12,20.98,21.46,4.56,529.0,0.098,0.0,0.0,0.0,0.0
2020-01-04 14:00:00,19.65,20.19,24.93,21.05,21.75,4.56,504.6,0.052,0.0,0.0,0.0,0.0
2020-01-04 14:15:00,19.9,20.27,24.98,21.27,21.61,4.56,480.2,0.175,0.0,0.0,0.0,0.0
2020-01-04 14:30:00,19.85,20.35,25.01,21.52,21.52,4.56,452.1,0.052,0.0,0.0,0.0,0.0
2020-01-04 14:45:00,19.63,20.12,24.71,21.63,21.77,4.56,424.0,0.077,0.0,0.0,0.0,0.0
2020-01-04 15:00:00,19.84,20.17,24.7,21.74,21.54,4.45,395.9,0.184,0.0,0.0,0.0,0.0
2020-01-04 15:15:00,19.77,20.2,24.62,21.93,21.41,4.34,367.9,0.08,0.0,0.0,0.0,0.0
2020-01-04 15:30:00,19.66,20.04,24.23,21.76,21.41,4.23,277.2,0.116,0.0,0.0,0.0,0.0
2020-01-04 15:45:00,19.63,19.9,23.83,21.47,21.22,4.12,186.6,0.169,0.0,0.0,0.0,0.0
2020-01-04 16:00:00,19.54,19.78,23.4,21.09,21.04,3.91,96.0,0.183,0.05,0.0,0.0,0.0
2020-01-04 16:15:00,19.46,19.7,22.95,20.61,20.86,3.7,5.4,0.23,0.11,0.0,0.0,0.0
2020-01-04 16:30:00,19.49,19.7,22.71,20.29,20.61,3.49,0.0,0.27,0.152,0.0,0.0,0.0
2020-01-04 16:45:00,19.36,19.58,22.43,20.11,20.53,3.28,0.0,0.257,0.152,0.0,0.0,0.0
2020-01-04 17:00:00,19.33,19.52,22.12,19.86,20.48,3.19,0.0,0.318,0.209,0.0,0.0,0.0
2020-01-04 17:15:00,19.4,19.61,22.01,19.88,20.25,3.1,0.0,0.334,0.24,0.0,0.069,0.0
2020-01-04 17:30:00,19.23,19.42,21.72,19.68,20.35,3.02,0.0,0.301,0.193,0.0,0.059,0.0
2020-01-04 17:45:00,19.33,19.51,21.57,19.71,20.12,2.93,0.0,0.387,0.29,0.0,0.161,0.0
2020-01-04 18:00:00,19.28,19.49,21.41,19.65,20.02,2.82,0.0,0.335,0.247,0.0,0.144,0.0
2020-01-04 18:15:00,19.21,19.39,21.19,19.55,20.05,2.71,0.0,0.359,0.256,0.0,0.177,0.0
2020-01-04 18:30:00,19.29,19.48,21.09,19.61,19.87,2.6,0.0,0.396,0.306,0.0,0.224,0.0
2020-01-04 18:45:00,19.16,19.35,20.89,19.47,19.96,2.49,0.0,0.357,0.259,0.0,0.196,0.067
2020-01-04 19:00:00,19.28,19.47,20.83,19.56,19.73,2.4,0.0,0.421,0.326,0.0,0.263,0.019
2020-01-04 19:15:00,19.11,19.31,20.61,19.4,19.89,2.32,0.0,0.361,0.264,0.0,0.218,0.137
2020-01-04 19:30:00,19.28,19.47,20.58,19.54,19.6,2.23,0.0,0.444,0.347,0.0,0.3,0.054
2020-01-04 19:45:00,19.07,19.27,20.35,19.33,19.85,2.14,0.0,0.362,0.263,0.0,0.23,0.202
2020-01-04 20:00:00,19.24,19.43,20.32,19.49,19.6,2.05,0.0,0.465,0.366,0.0,0.333,0.074
2020-01-04 20:15:00,19.17,19.38,20.24,19.43,19.59,1.95,0.0,0.379,0.287,0.0,0.256,0.198
2020-01-04 20:30:00,19.15,19.35,20.11,19.4,19.6,1.85,0.0,0.413,0.308,0.0,0.286,0.205
2020-01-04 20:45:00,19.2,19.4,20.04,19.44,19.52,1.76,0.0,0.423,0.324,0.0,0.298,0.198
2020-01-04 21:00:00,19.14,19.35,19.92,19.39,19.56,1.66,0.0,0.401,0.298,0.0,0.278,0.239
2020-01-04 21:15:00,19.18,19.38,19.9,19.41,19.46,1.57,0.0,0.429,0.324,0.04,0.306,0.22
2020-01-04 21:30:00,19.12,19.33,19.81,19.36,19.52,1.47,0.0,0.411,0.31,0.048,0.295,0.27
2020-01-04 21:45:00,19.16,19.36,19.83,19.38,19.42,1.38,0.0,0.441,0.334,0.093,0.32,0.241
2020-01-04 22:00:00,19.1,19.32,19.74,19.34,19.49,1.28,0.0,0.42,0.318,0.087,0.308,0.29
2020-01-04 22:15:00,19.15,19.35,19.76,19.37,19.39,1.18,0.0,0.449,0.34,0.13,0.328,0.254
2020-01-04 22:30:00,19.09,19.31,19.67,19.33,19.47,1.08,0.0,0.426,0.323,0.12,0.315,0.303
2020-01-04 22:45:00,19.14,19.35,19.71,19.36,19.37,0.98,0.0,0.456,0.345,0.163,0.336,0.263
2020-01-04 23:00:00,19.08,19.31,19.64,19.32,19.46,0.89,0.0,0.431,0.326,0.144,0.32,0.315
2020-01-04 23:15:00,19.13,19.34,19.68,19.35,19.36,0.8,0.0,0.461,0.347,0.18,0.34,0.269
2020-01-04 23:30:00,19.07,19.3,19.61,19.31,19.46,0.7,0.0,0.434,0.328,0.16,0.323,0.321
2020-01-04 23:45:00,19.13,19.34,19.65,19.35,19.35,0.61,0.0,0.465,0.349,0.196,0.343,0.272
2020-01-05 00:00:00,19.05,19.28,19.56,19.28,19.45,0.55,0.0,0.437,0.329,0.174,0.326,0.326
2020-01-05 00:15:00,19.11,19.32,19.6,19.31,19.32,0.5,0.0,0.474,0.36,0.219,0.358,0.277
2020-01-05 00:30:00,19.03,19.26,19.52,19.25,19.42,0.44,0.0,0.447,0.341,0.201,0.344,0.338
2020-01-05 00:45:00,19.09,19.29,19.55,19.28,19.3,0.38,0.0,0.485,0.371,0.241,0.375,0.288
2020-01-05 01:00:00,19.01,19.24,19.48,19.23,19.4,0.31,0.0,0.457,0.353,0.224,0.359,0.349
2020-01-05 01:15:00,19.07,19.26,19.52,19.28,19.29,0.24,0.0,0.493,0.378,0.258,0.386,0.299
2020-01-05 01:30:00,19.0,19.22,19.46,19.22,19.39,0.17,0.0,0.464,0.37,0.24,0.359,0.355
2020-01-05 01:45:00,19.06,19.25,19.49,19.26,19.28,0.1,0.0,0.499,0.39,0.272,0.39,0.307
2020-01-05 02:00:00,19.0,19.22,19.45,19.22,19.37,0.05,0.0,0.472,0.374,0.255,0.37,0.36
2020-01-05 02:15:00,19.06,19.26,19.49,19.26,19.28,-0.01,0.0,0.499,0.39,0.276,0.388,0.313
2020-01-05 02:30:00,18.99,19.23,19.46,19.23,19.37,-0.07,0.0,0.472,0.369,0.256,0.37,0.358
2020-01-05 02:45:00,19.05,19.27,19.49,19.26,19.28,-0.13,0.0,0.504,0.385,0.27,0.387,0.313
2020-01-05 03:00:00,19.01,19.24,19.44,19.23,19.37,-0.15,0.0,0.474,0.365,0.255,0.369,0.358
2020-01-05 03:15:00,19.06,19.28,19.49,19.27,19.29,-0.18,0.0,0.494,0.378,0.279,0.384,0.314
2020-01-05 03:30:00,19.02,19.26,19.45,19.24,19.37,-0.2,0.0,0.471,0.361,0.256,0.367,0.354
2020-01-05 03:45:00,19.06,19.29,19.49,19.27,19.3,-0.23,0.0,0.492,0.372,0.276,0.381,0.315
2020-01-05 04:00:00,19.01,19.24,19.42,19.22,19.37,-0.27,0.0,0.469,0.357,0.257,0.365,0.351
2020-01-05 04:15:00,19.05,19.26,19.44,19.76,19.37,-0.3,0.0,0.497,0.381,0.288,0.988,0.317
2020-01-05 04:30:00,19.03,19.26,19.43,19.85,19.46,-0.33,0.0,0.475,0.368,0.279,0.719,0.317
2020-01-05 04:45:00,19.03,19.25,19.4,19.78,19.41,-0.37,0.0,0.483,0.37,0.286,0.675,0.271
2020-01-05 05:00:00,19.02,19.25,19.42,19.83,19.4,-0.4,0.0,0.484,0.374,0.298,0.708,0.297
2020-01-05 05:15:00,19.03,19.23,19.41,19.88,19.41,-0.43,0.0,0.49,0.377,0.291,0.683,0.301
2020-01-05 05:30:00,19.03,19.25,19.42,19.9,19.42,-0.46,0.0,0.486,0.383,0.293,0.662,0.293
2020-01-05 05:45:00,19.03,19.25,19.42,19.93,19.43,-0.49,0.0,0.485,0.374,0.292,0.651,0.289
2020-01-05 06:00:00,19.03,19.24,19.4,19.94,19.43,-0.51,0.0,0.485,0.375,0.291,0.637,0.285
2020-01-05 06:15:00,19.04,19.81,19.4,19.96,19.48,-0.53,0.0,0.487,1.0,0.3,0.629,0.283
2020-01-05 06:30:00,19.04,19.93,19.4,19.99,19.55,-0.55,0.0,0.479,0.747,0.3,0.619,0.259
2020-01-05 06:45:00,19.04,19.85,19.39,19.98,19.53,-0.57,0.0,0.479,0.686,0.301,0.607,0.224
2020-01-05 07:00:00,19.04,19.91,19.39,19.99,19.51,-0.6,0.0,0.481,0.727,0.306,0.608,0.237
2020-01-05 07:15:00,19.06,19.94,18.96,20.02,19.5,-0.63,0.0,0.482,0.696,0.0,0.605,0.245
2020-01-05 07:30:00,19.02,19.91,18.79,19.99,19.46,-0.65,0.0,0.472,0.681,0.0,0.592,0.251
2020-01-05 07:45:00,19.04,19.97,18.75,20.02,19.4,-0.68,0.0,0.49,0.693,0.0,0.605,0.268
2020-01-05 08:00:00,19.02,19.95,18.66,19.99,19.45,-0.65,0.0,0.478,0.666,0.0,0.592,0.301
2020-01-05 08:15:00,18.31,19.99,18.6,20.0,19.26,-0.63,3.0,0.0,0.674,0.0,0.607,0.0
2020-01-05 08:30:00,18.02,20.14,18.68,19.94,19.14,-0.6,68.9,0.0,0.656,0.0,0.598,0.0
2020-01-05 08:45:00,17.97,20.28,18.91,19.97,19.18,-0.57,134.9,0.0,0.578,0.0,0.63,0.0
2020-01-05 09:00:00,17.97,20.44,19.19,20.03,19.28,-0.31,200.9,0.0,0.511,0.0,0.617,0.0
2020-01-05 09:15:00,17.97,20.61,19.64,20.1,19.36,-0.04,266.8,0.0,0.43,0.0,0.583,0.0
2020-01-05 09:30:00,17.96,20.65,19.97,20.14,19.43,0.23,291.0,0.0,0.347,0.0,0.55,0.0
2020-01-05 09:45:00,17.94,20.69,20.25,20.18,19.44,0.49,315.1,0.0,0.327,0.0,0.529,0.0
2020-01-05 10:00:00,17.88,20.68,20.45,20.18,19.53,0.75,339.2,0.0,0.304,0.0,0.511,0.0
2020-01-05 10:15:00,17.89,20.76,20.72,20.26,19.51,1.0,363.4,0.0,0.309,0.0,0.512,0.0
2020-01-05 10:30:00,17.84,20.69,20.88,20.25,19.65,1.25,372.6,0.0,0.268,0.0,0.469,0.0
2020-01-05 10:45:00,17.91,20.76,21.15,20.35,19.59,1.51,381.9,0.0,0.305,0.0,0.477,0.0
2020-01-05 11:00:00,17.85,20.63,21.29,20.29,19.77,1.72,391.2,0.0,0.269,0.0,0.425,0.0
2020-01-05 11:15:00,17.95,20.74,21.58,20.44,19.66,1.93,400.4,0.0,0.336,0.0,0.456,0.0
2020-01-05 11:30:00,17.86,20.54,21.62,20.32,19.91,2.14,396.3,0.0,0.282,0.0,0.382,0.0
2020-01-05 11:45:00,18.01,20.7,21.9,20.52,19.7,2.35,392.2,0.0,0.379,0.0,0.44,0.0
2020-01-05 12:00:00,17.95,20.56,21.93,20.41,19.9,2.5,388.1,0.0,0.298,0.0,0.34,0.0
2020-01-05 12:15:00,17.87,20.54,21.96,20.42,20.02,2.66,384.0,0.0,0.369,0.0,0.395,0.0
2020-01-05 12:30:00,18.05,20.69,22.23,20.64,19.81,2.81,387.7,0.0,0.38,0.0,0.388,0.0
2020-01-05 12:45:00,18.0,20.57,22.25,20.57,20.02,2.97,391.4,0.0,0.305,0.0,0.282,0.0
2020-01-05 13:00:00,17.91,20.55,22.26,20.63,20.14,3.05,395.1,0.0,0.365,0.0,0.317,0.0
2020-01-05 13:15:00,18.09,20.68,22.5,20.86,19.94,3.12,398.8,0.0,0.377,0.0,0.286,0.0
2020-01-05 13:30:00,18.02,20.56,22.47,20.78,20.13,3.2,395.2,0.0,0.31,0.0,0.171,0.0
2020-01-05 13:45:00,17.92,20.54,22.41,20.85,20.25,3.28,391.7,0.0,0.371,0.0,0.209,0.0
2020-01-05 14:00:00,18.12,20.68,22.61,21.12,20.01,3.31,388.2,0.0,0.382,0.0,0.174,0.0
2020-01-05 14:15:00,18.04,20.56,22.53,21.01,20.19,3.35,384.6,0.0,0.308,0.0,0.042,0.0
2020-01-05 14:30:00,17.9,20.53,22.38,21.06,20.32,3.38,360.4,0.0,0.369,0.0,0.094,0.0
2020-01-05 14:45:00,18.02,20.61,22.42,21.19,20.16,3.41,336.2,0.0,0.387,0.0,0.069,0.0
2020-01-05 15:00:00,18.09,20.61,22.4,21.24,20.06,3.34,312.0,0.0,0.343,0.0,0.006,0.0
2020-01-05 15:15:00,17.85,20.47,22.11,21.1,20.27,3.27,287.8,0.0,0.346,0.0,0.0,0.0
2020-01-05 15:30:00,17.9,20.55,21.96,21.11,20.02,3.2,217.9,0.0,0.417,0.0,0.05,0.0
2020-01-05 15:45:00,17.89,20.51,21.66,20.92,19.87,3.14,148.1,0.0,0.375,0.0,0.046,0.0
2020-01-05 16:00:00,17.69,20.4,21.28,20.69,19.76,2.92,78.3,0.0,0.394,0.0,0.14,0.0
2020-01-05 16:15:00,17.5,20.32,20.85,20.42,19.53,2.71,8.5,0.0,0.451,0.0,0.255,0.0
2020-01-05 16:30:00,17.33,20.23,20.56,20.35,19.37,2.49,0.0,0.0,0.492,0.0,0.391,0.0
2020-01-05 16:45:00,17.26,20.2,20.33,20.28,19.26,2.27,0.0,0.036,0.533,0.0,0.426,0.0
2020-01-05 17:00:00,17.18,20.1,20.08,20.16,19.33,2.23,0.0,0.069,0.552,0.0,0.46,0.0
2020-01-05 17:15:00,17.3,20.19,19.98,20.23,19.14,2.19,0.0,0.111,0.602,0.0,0.52,0.0
2020-01-05 17:30:00,17.25,20.21,19.86,20.23,19.01,2.15,0.0,0.049,0.553,0.0,0.486,0.0
2020-01-05 17:45:00,17.06,20.01,19.61,20.05,19.16,2.1,0.0,0.075,0.544,0.0,0.487,0.0
2020-01-05 18:00:00,17.23,20.12,19.5,20.12,18.98,2.03,0.0,0.169,0.646,0.0,0.576,0.0
2020-01-05 18:15:00,17.21,20.17,19.41,20.16,18.86,1.96,0.0,0.084,0.59,0.0,0.539,0.0
2020-01-05 18:30:00,17.01,19.96,19.21,19.96,19.06,1.89,0.0,0.095,0.565,0.0,0.518,0.0
2020-01-05 18:45:00,17.23,20.1,19.13,20.07,18.88,1.81,0.0,0.197,0.672,0.0,0.621,0.0
2020-01-05 19:00:00,17.12,20.11,19.04,20.08,18.88,1.75,0.0,0.086,0.602,0.0,0.563,0.0
2020-01-05 19:15:00,17.24,20.13,18.95,20.1,18.75,1.68,0.0,0.138,0.596,0.0,0.56,0.0
2020-01-05 19:30:00,16.99,19.98,18.82,19.94,18.99,1.61,0.0,0.081,0.583,0.0,0.552,0.0
2020-01-05 19:45:00,17.24,20.13,18.76,20.07,18.85,1.54,0.0,0.204,0.661,0.0,0.628,0.0
2020-01-05 20:00:00,17.17,20.18,18.69,20.13,18.77,1.48,0.0,0.078,0.586,0.0,0.563,0.0
2020-01-05 20:15:00,17.05,20.01,18.57,19.42,18.74,1.41,0.0,0.115,0.561,0.0,0.0,0.0
2020-01-05 20:30:00,17.09,19.99,18.42,19.49,18.51,1.35,0.0,0.175,0.644,0.0,0.289,0.0
2020-01-05 20:45:00,16.94,19.9,18.29,19.4,18.7,1.29,0.0,0.154,0.655,0.0,0.254,0.0
2020-01-05 21:00:00,17.19,20.06,18.28,19.51,18.46,1.22,0.0,0.231,0.699,0.0,0.298,0.0
2020-01-05 21:15:00,16.93,19.95,18.19,19.38,18.57,1.15,0.0,0.105,0.619,0.0,0.245,0.0
2020-01-05 21:30:00,16.98,19.82,18.04,19.3,18.64,1.07,0.0,0.233,0.676,0.0,0.31,0.0
2020-01-05 21:45:00,17.17,20.07,18.08,19.46,18.38,1.0,0.0,0.212,0.738,0.0,0.351,0.0
2020-01-05 22:00:00,16.93,19.92,17.99,19.29,18.5,0.91,0.0,0.113,0.617,0.0,0.268,0.0
2020-01-05 22:15:00,17.01,19.29,17.91,19.27,18.4,0.82,0.0,0.236,0.042,0.004,0.355,0.0
2020-01-05 22:30:00,16.98,19.39,17.87,19.23,18.29,0.73,0.0,0.193,0.357,0.046,0.367,0.0
2020-01-05 22:45:00,17.03,19.45,17.91,19.27,18.23,0.64,0.0,0.209,0.305,0.064,0.384,0.0
2020-01-05 23:00:00,16.9,19.26,17.79,19.15,18.38,0.56,0.0,0.185,0.275,0.046,0.365,0.0
2020-01-05 23:15:00,17.03,19.35,18.62,19.23,18.31,0.48,0.0,0.251,0.368,1.0,0.424,0.0
2020-01-05 23:30:00,17.0,19.35,19.07,19.24,18.42,0.4,0.0,0.187,0.323,0.689,0.387,0.0
2020-01-05 23:45:00,17.0,19.32,18.81,19.22,18.39,0.33,0.0,0.202,0.326,0.464,0.38,0.0
2020-01-06 00:00:00,16.95,19.25,18.85,19.17,18.36,0.26,0.0,0.198,0.342,0.594,0.391,0.0
2020-01-06 00:15:00,17.77,19.29,18.93,19.21,18.54,0.19,0.0,1.0,0.376,0.576,0.417,0.82
2020-01-06 00:30:00,18.39,19.36,19.03,19.3,18.81,0.12,0.0,1.0,0.355,0.537,0.393,0.731
2020-01-06 00:45:00,18.26,19.33,19.04,19.28,18.87,0.05,0.0,0.805,0.32,0.487,0.351,0.597
2020-01-06 01:00:00,18.32,19.32,19.07,19.27,18.78,-0.04,0.0,0.872,0.335,0.481,0.361,0.564
2020-01-06 01:15:00,18.31,19.26,19.08,19.23,18.86,-0.14,0.0,0.838,0.341,0.464,0.365,0.608
2020-01-06 01:30:00,18.33,19.3,19.18,19.28,18.8,-0.23,0.0,0.846,0.369,0.461,0.387,0.571
2020-01-06 01:45:00,18.36,19.24,19.12,19.21,18.9,-0.33,0.0,0.833,0.348,0.409,0.362,0.598
2020-01-06 02:00:00,18.45,19.3,19.19,19.27,18.83,-0.42,0.0,0.821,0.381,0.441,0.395,0.55
2020-01-06 02:15:00,18.44,19.23,19.14,19.2,18.95,-0.51,0.0,0.775,0.35,0.407,0.364,0.585
2020-01-06 02:30:00,18.55,19.3,19.21,19.27,18.86,-0.6,0.0,0.781,0.387,0.429,0.4,0.523
2020-01-06 02:45:00,18.52,19.21,19.15,19.19,19.01,-0.69,0.0,0.727,0.349,0.395,0.364,0.568
2020-01-06 03:00:00,18.64,19.3,19.23,19.27,18.9,-0.75,0.0,0.74,0.395,0.423,0.405,0.497
2020-01-06 03:15:00,17.68,19.24,19.19,19.5,18.85,-0.81,0.0,0.0,0.348,0.383,0.713,0.552
2020-01-06 03:30:00,17.3,19.17,19.13,19.47,18.73,-0.86,0.0,0.0,0.382,0.407,0.598,0.573
2020-01-06 03:45:00,17.52,19.21,19.17,19.46,18.66,-0.92,0.0,0.152,0.415,0.433,0.617,0.637
2020-01-06 04:00:00,17.29,19.16,19.13,19.45,18.81,-0.96,0.0,0.042,0.394,0.415,0.62,0.669
2020-01-06 04:15:00,17.51,19.25,19.21,19.53,18.62,-1.0,0.0,0.156,0.419,0.434,0.627,0.595
2020-01-06 04:30:00,17.3,19.17,19.15,19.47,18.74,-1.04,0.0,0.043,0.376,0.395,0.583,0.689
2020-01-06 04:45:00,17.3,19.13,19.11,19.42,18.79,-1.08,0.0,0.148,0.414,0.425,0.613,0.63
2020-01-06 05:00:00,17.38,19.25,19.22,19.57,18.63,-1.14,0.0,0.151,0.434,0.443,0.638,0.607
2020-01-06 05:15:00,17.13,19.1,19.09,19.42,18.85,-1.2,0.0,0.109,0.376,0.39,0.564,0.684
2020-01-06 05:30:00,17.31,19.19,19.18,19.53,18.69,-1.26,0.0,0.236,0.45,0.454,0.639,0.575
2020-01-06 05:45:00,17.22,19.22,19.21,19.59,18.64,-1.32,0.0,0.143,0.403,0.412,0.583,0.657
2020-01-06 06:00:00,17.08,19.09,19.09,19.44,18.79,-1.36,0.0,0.191,0.39,0.397,0.556,0.678
2020-01-06 06:15:00,17.25,19.18,19.57,19.55,18.72,-1.4,0.0,0.259,0.456,1.0,0.63,0.605
2020-01-06 06:30:00,17.14,19.16,19.8,19.54,18.9,-1.44,0.0,0.177,0.41,1.0,0.575,0.639
2020-01-06 06:45:00,17.28,19.2,19.87,19.6,18.78,-1.47,0.0,0.232,0.418,1.0,0.58,0.55
2020-01-06 07:00:00,17.07,19.13,19.83,19.51,18.95,-1.52,0.0,0.161,0.4,1.0,0.55,0.61
2020-01-06 07:15:00,17.27,19.65,19.93,19.6,18.91,-1.56,0.0,0.265,1.0,1.0,0.597,0.675
2020-01-06 07:30:00,17.16,19.9,19.96,19.59,19.09,-1.61,0.0,0.167,1.0,1.0,0.55,0.696
2020-01-06 07:45:00,17.31,20.0,20.07,19.65,18.98,-1.65,0.0,0.22,1.0,1.0,0.553,0.605
2020-01-06 08:00:00,17.1,20.0,20.03,19.57,19.17,-1.62,0.0,0.146,1.0,0.964,0.524,0.661
2020-01-06 08:15:00,17.4,20.18,20.21,19.71,18.96,-1.6,4.8,0.251,1.0,0.986,0.564,0.563
2020-01-06 08:30:00,17.13,20.32,20.3,19.64,19.18,-1.57,53.8,0.101,1.0,0.897,0.494,0.67
2020-01-06 08:45:00,17.23,20.44,20.4,19.64,19.33,-1.54,102.7,0.233,1.0,0.848,0.528,0.558
2020-01-06 09:00:00,17.37,20.78,20.73,19.78,19.38,-1.36,151.7,0.186,1.0,0.802,0.532,0.484
2020-01-06 09:15:00,17.38,21.04,20.96,19.83,19.53,-1.17,200.6,0.117,0.962,0.634,0.461,0.461
2020-01-06 09:30:00,17.5,21.15,21.12,19.88,19.49,-0.99,213.8,0.11,0.83,0.518,0.435,0.384
2020-01-06 09:45:00,17.25,21.04,21.06,19.82,19.75,-0.8,227.0,0.049,0.775,0.442,0.411,0.404
2020-01-06 10:00:00,17.55,21.17,21.22,19.91,19.66,-0.62,240.1,0.174,0.832,0.47,0.439,0.276
2020-01-06 10:15:00,17.51,21.31,21.44,19.98,19.59,-0.45,253.3,0.024,0.766,0.389,0.394,0.321
2020-01-06 10:30:00,17.43,21.22,21.47,19.91,19.76,-0.27,288.6,0.047,0.694,0.279,0.361,0.356
2020-01-06 10:45:00,17.44,21.17,21.61,19.93,19.88,-0.09,323.8,0.084,0.741,0.265,0.395,0.27
2020-01-06 11:00:00,17.57,21.31,21.85,19.99,19.87,0.09,359.1,0.082,0.766,0.193,0.387,0.208
2020-01-06 11:15:00,17.58,21.34,22.1,20.0,19.84,0.28,394.3,0.016,0.694,0.075,0.355,0.216
2020-01-06 11:30:00,17.42,21.14,21.92,19.96,20.06,0.46,371.4,0.01,0.678,0.0,0.349,0.229
2020-01-06 11:45:00,17.61,21.24,22.02,20.0,19.92,0.65,348.5,0.092,0.779,0.038,0.37,0.121
2020-01-06 12:00:00,17.6,21.29,22.0,20.02,19.84,0.76,325.7,0.0,0.728,0.0,0.349,0.188
2020-01-06 12:15:00,17.37,21.09,21.77,19.98,20.02,0.87,302.8,0.001,0.707,0.0,0.342,0.231
2020-01-06 12:30:00,17.59,21.2,21.88,20.04,19.87,0.98,296.8,0.114,0.807,0.114,0.362,0.139
2020-01-06 12:45:00,17.59,21.26,21.95,20.18,19.76,1.09,290.7,0.005,0.749,0.059,0.329,0.213
2020-01-06 13:00:00,17.45,21.14,21.75,20.11,19.87,1.16,284.7,0.006,0.719,0.023,0.26,0.268
2020-01-06 13:15:00,17.39,21.04,21.67,20.12,19.96,1.24,278.7,0.074,0.778,0.127,0.294,0.217
2020-01-06 13:30:00,17.58,21.19,21.85,20.27,19.87,1.31,297.7,0.103,0.828,0.163,0.288,0.169
2020-01-06 13:45:00,17.55,21.27,22.06,20.44,19.8,1.39,316.7,0.008,0.754,0.074,0.216,0.213
2020-01-06 14:00:00,17.34,21.05,21.87,20.33,20.09,1.42,335.7,0.024,0.717,0.0,0.132,0.251
2020-01-06 14:15:00,17.62,21.21,22.06,20.56,19.96,1.44,354.7,0.128,0.825,0.063,0.187,0.105
2020-01-06 14:30:00,17.52,21.25,22.07,20.62,20.0,1.46,343.9,0.0,0.743,0.0,0.068,0.17
2020-01-06 14:45:00,17.53,21.2,22.0,20.63,19.99,1.49,333.0,0.038,0.727,0.0,0.04,0.148
2020-01-06 15:00:00,17.63,21.27,22.07,20.81,19.84,1.44,322.2,0.033,0.749,0.0,0.033,0.157
2020-01-06 15:15:00,17.45,21.17,21.93,20.78,19.99,1.4,311.3,0.0,0.717,0.0,0.0,0.23
2020-01-06 15:30:00,17.51,21.16,21.71,20.68,19.94,1.36,235.8,0.074,0.765,0.034,0.0,0.154
2020-01-06 15:45:00,17.45,21.13,21.53,20.47,19.85,1.31,160.3,0.046,0.768,0.145,0.012,0.182
2020-01-06 16:00:00,17.39,21.08,21.34,20.3,19.75,1.16,84.8,0.077,0.783,0.233,0.117,0.226
2020-01-06 16:15:00,17.35,21.04,21.14,20.05,19.66,1.0,9.3,0.104,0.81,0.331,0.198,0.274
2020-01-06 16:30:00,17.32,21.0,21.07,20.05,19.6,0.84,0.0,0.124,0.829,0.429,0.324,0.322
2020-01-06 16:45:00,17.33,21.01,21.03,20.02,19.59,0.69,0.0,0.142,0.851,0.466,0.327,0.348
2020-01-06 17:00:00,17.33,21.02,20.99,19.99,19.58,0.63,0.0,0.134,0.846,0.486,0.339,0.353
2020-01-06 17:15:00,17.33,21.02,20.96,19.98,19.57,0.58,0.0,0.134,0.842,0.506,0.354,0.358
2020-01-06 17:30:00,17.33,21.02,20.93,19.96,19.57,0.53,0.0,0.137,0.842,0.522,0.361,0.363
2020-01-06 17:45:00,17.23,20.91,20.83,19.9,19.7,0.48,0.0,0.134,0.839,0.534,0.369,0.367
2020-01-06 18:00:00,17.42,21.05,20.92,19.97,19.55,0.42,0.0,0.185,0.895,0.586,0.399,0.298
2020-01-06 18:15:00,17.4,21.12,20.96,20.0,19.44,0.37,0.0,0.092,0.824,0.541,0.367,0.377
2020-01-06 18:30:00,17.16,20.88,20.74,19.83,19.69,0.31,0.0,0.101,0.79,0.521,0.352,0.428
2020-01-06 18:45:00,17.43,21.03,20.86,19.93,19.52,0.25,0.0,0.219,0.912,0.63,0.434,0.304
2020-01-06 19:00:00,17.31,21.06,20.87,19.93,19.54,0.2,0.0,0.087,0.834,0.571,0.384,0.391
2020-01-06 19:15:00,18.07,21.05,20.85,19.49,19.66,0.14,0.0,1.0,0.821,0.567,0.035,0.38
2020-01-06 19:30:00,18.71,21.14,20.92,19.52,19.87,0.08,0.0,0.966,0.826,0.576,0.257,0.322
2020-01-06 19:45:00,18.52,21.22,20.98,19.68,19.92,0.03,0.0,0.647,0.78,0.54,0.239,0.214
2020-01-06 20:00:00,18.64,21.13,20.89,19.48,19.93,-0.02,0.0,0.74,0.74,0.511,0.16,0.189
2020-01-06 20:15:00,18.7,21.17,20.92,19.57,19.88,-0.06,0.0,0.68,0.787,0.555,0.258,0.184
2020-01-06 20:30:00,18.72,21.12,20.86,19.49,19.97,-0.11,0.0,0.649,0.766,0.539,0.215,0.211
2020-01-06 20:45:00,18.84,21.19,20.92,19.53,19.88,-0.15,0.0,0.638,0.791,0.569,0.257,0.167
2020-01-06 21:00:00,18.81,21.11,20.85,19.45,20.01,-0.2,0.0,0.582,0.756,0.539,0.234,0.208
2020-01-06 21:15:00,18.92,21.22,20.94,19.53,19.88,-0.26,0.0,0.593,0.796,0.577,0.273,0.145
2020-01-06 21:30:00,18.81,21.09,20.82,19.41,20.06,-0.32,0.0,0.541,0.741,0.532,0.233,0.21
2020-01-06 21:45:00,18.97,21.25,20.97,19.54,19.84,-0.37,0.0,0.594,0.806,0.59,0.294,0.122
2020-01-06 22:00:00,18.79,21.04,20.76,19.35,20.12,-0.43,0.0,0.517,0.727,0.516,0.228,0.232
2020-01-06 22:15:00,18.96,21.18,20.26,19.49,19.86,-0.5,0.0,0.605,0.829,0.0,0.325,0.092
2020-01-06 22:30:00,18.89,21.15,20.0,19.41,19.77,-0.56,0.0,0.519,0.758,0.0,0.257,0.22
2020-01-06 22:45:00,18.81,21.02,19.84,19.34,19.83,-0.63,0.0,0.557,0.774,0.0,0.294,0.267
2020-01-06 23:00:00,18.92,21.13,19.84,19.42,19.68,-0.68,0.0,0.593,0.84,0.081,0.329,0.237
2020-01-06 23:15:00,18.84,20.35,19.76,19.34,19.6,-0.74,0.0,0.539,0.0,0.081,0.289,0.162
2020-01-06 23:30:00,18.76,19.97,19.65,19.28,19.42,-0.8,0.0,0.581,0.0,0.121,0.33,0.199
2020-01-06 23:45:00,18.81,19.9,19.64,19.31,19.36,-0.85,0.0,0.621,0.015,0.176,0.362,0.29
2020-01-07 00:00:00,18.77,19.86,19.56,19.28,19.39,-0.87,0.0,0.597,0.05,0.182,0.344,0.319
2020-01-07 00:15:00,18.81,19.81,19.57,19.3,19.32,-0.88,0.0,0.614,0.07,0.219,0.361,0.307
2020-01-07 00:30:00,18.78,19.73,19.53,19.28,19.35,-0.9,0.0,0.593,0.094,0.214,0.352,0.339
2020-01-07 00:45:00,18.83,19.71,19.53,19.29,19.28,-0.91,0.0,0.608,0.137,0.237,0.361,0.325
2020-01-07 01:00:00,18.8,19.62,19.49,19.28,19.32,-0.94,0.0,0.587,0.145,0.235,0.355,0.358
2020-01-07 01:15:00,18.84,19.62,19.5,19.29,19.25,-0.97,0.0,0.602,0.189,0.254,0.359,0.339
2020-01-07 01:30:00,18.81,19.53,19.46,19.28,19.3,-0.99,0.0,0.58,0.191,0.248,0.354,0.373
2020-01-07 01:45:00,18.85,19.56,19.49,19.29,19.23,-1.02,0.0,0.596,0.235,0.269,0.358,0.35
2020-01-07 02:00:00,18.81,19.49,19.44,19.28,19.29,-1.06,0.0,0.575,0.219,0.257,0.354,0.386
2020-01-07 02:15:00,18.86,19.52,19.47,19.29,19.21,-1.09,0.0,0.595,0.253,0.281,0.362,0.355
2020-01-07 02:30:00,18.81,19.46,19.42,19.27,19.28,-1.12,0.0,0.571,0.239,0.266,0.356,0.393
2020-01-07 02:45:00,18.86,19.49,19.45,19.28,19.2,-1.16,0.0,0.593,0.272,0.289,0.365,0.359
2020-01-07 03:00:00,18.82,19.42,19.4,19.26,19.27,-1.18,0.0,0.568,0.255,0.273,0.358,0.4
2020-01-07 03:15:00,18.87,19.47,19.44,19.28,19.19,-1.21,0.0,0.591,0.288,0.298,0.368,0.363
2020-01-07 03:30:00,18.82,19.4,19.39,19.26,19.27,-1.23,0.0,0.566,0.267,0.28,0.361,0.405
2020-01-07 03:45:00,18.87,19.45,19.43,19.27,19.18,-1.26,0.0,0.59,0.298,0.306,0.372,0.366
2020-01-07 04:00:00,18.83,19.39,19.38,19.25,19.26,-1.25,0.0,0.564,0.276,0.286,0.363,0.409
2020-01-07 04:15:00,18.88,19.42,19.4,18.75,19.17,-1.24,0.0,0.587,0.307,0.312,0.0,0.368
2020-01-07 04:30:00,18.83,19.37,19.36,18.45,19.12,-1.24,0.0,0.559,0.292,0.299,0.0,0.415
2020-01-07 04:45:00,18.85,19.38,19.37,18.39,19.03,-1.23,0.0,0.587,0.314,0.318,0.0,0.439
2020-01-07 05:00:00,18.83,19.35,19.34,18.28,19.07,-1.23,0.0,0.575,0.309,0.314,0.0,0.483
2020-01-07 05:15:00,18.85,19.37,19.3,18.23,18.98,-1.23,0.0,0.586,0.327,0.279,0.0,0.467
2020-01-07 05:30:00,18.83,19.32,19.28,18.13,19.01,-1.23,0.0,0.574,0.313,0.301,0.0,0.509
2020-01-07 05:45:00,18.85,19.36,19.31,18.09,18.93,-1.23,0.0,0.586,0.338,0.309,0.0,0.496
2020-01-07 06:00:00,18.83,19.31,19.26,17.98,18.97,-1.23,0.0,0.574,0.32,0.297,0.0,0.536
2020-01-07 06:15:00,18.86,19.35,19.3,17.97,18.87,-1.23,0.0,0.583,0.345,0.32,0.0,0.515
2020-01-07 06:30:00,18.84,19.29,19.24,17.87,18.95,-1.23,0.0,0.571,0.324,0.301,0.0,0.563
2020-01-07 06:45:00,18.86,19.35,19.29,17.88,18.83,-1.23,0.0,0.58,0.355,0.33,0.0,0.527
2020-01-07 07:00:00,18.84,19.26,19.21,17.76,18.93,-1.24,0.0,0.568,0.323,0.303,0.0,0.587
2020-01-07 07:15:00,18.88,18.79,19.26,17.75,18.77,-1.25,0.0,0.578,0.0,0.343,0.0,0.535
2020-01-07 07:30:00,18.84,18.48,19.2,17.65,18.72,-1.25,0.0,0.559,0.0,0.32,0.0,0.614
2020-01-07 07:45:00,18.85,18.39,19.21,17.6,18.66,-1.26,0.0,0.58,0.0,0.349,0.0,0.638
2020-01-07 08:00:00,18.84,18.29,19.18,17.53,18.66,-1.24,0.0,0.576,0.0,0.346,0.001,0.672
2020-01-07 08:15:00,19.27,18.23,19.2,17.55,18.69,-1.21,2.1,1.0,0.0,0.358,0.034,1.0
2020-01-07 08:30:00,19.44,18.22,19.27,17.58,18.74,-1.19,23.5,1.0,0.0,0.35,0.025,1.0
2020-01-07 08:45:00,19.46,18.21,19.29,17.54,18.81,-1.17,44.8,1.0,0.0,0.315,0.008,1.0
2020-01-07 09:00:00,19.55,18.24,19.38,17.61,18.78,-0.98,66.2,1.0,0.0,0.306,0.028,1.0
2020-01-07 09:15:00,19.59,18.24,19.39,17.56,18.89,-0.8,87.6,0.973,0.0,0.26,0.0,1.0
2020-01-07 09:30:00,19.69,18.3,19.5,17.66,18.84,-0.61,103.4,0.956,0.0,0.253,0.022,1.0
2020-01-07 09:45:00,19.7,18.28,19.49,17.6,18.98,-0.42,119.1,0.904,0.0,0.2,0.0,1.0
2020-01-07 10:00:00,19.83,18.35,19.64,17.71,18.89,-0.22,134.9,0.902,0.0,0.207,0.0,1.0
2020-01-07 10:15:00,19.8,18.3,19.58,17.66,19.09,-0.02,150.7,0.837,0.0,0.131,0.0,1.0
2020-01-07 10:30:00,19.95,18.41,19.85,17.8,18.95,0.18,166.4,0.85,0.0,0.16,0.0,1.0
2020-01-07 10:45:00,19.87,18.32,19.71,17.7,19.22,0.38,182.1,0.773,0.0,0.025,0.0,1.0
2020-01-07 11:00:00,20.03,18.4,19.94,17.82,19.14,0.54,197.8,0.813,0.0,0.096,0.0,1.0
2020-01-07 11:15:00,20.08,18.47,20.05,17.97,19.11,0.7,213.5,0.733,0.0,0.0,0.0,1.0
2020-01-07 11:30:00,19.99,18.33,19.97,17.82,19.35,0.85,209.5,0.712,0.0,0.0,0.0,1.0
2020-01-07 11:45:00,20.18,18.45,20.13,18.03,19.11,1.01,205.5,0.755,0.0,0.0,0.0,1.0
2020-01-07 12:00:00,20.11,18.37,20.09,17.95,19.29,1.13,201.4,0.662,0.0,0.0,0.0,1.0
2020-01-07 12:15:00,20.1,18.3,20.01,17.9,19.39,1.25,197.4,0.694,0.0,0.0,0.0,1.0
2020-01-07 12:30:00,20.24,18.45,20.24,18.11,19.16,1.37,208.6,0.701,0.0,0.0,0.0,1.0
2020-01-07 12:45:00,20.18,18.38,20.25,18.07,19.37,1.49,219.8,0.63,0.0,0.0,0.0,1.0
2020-01-07 13:00:00,20.16,18.31,20.3,18.07,19.49,1.61,231.1,0.659,0.0,0.0,0.0,1.0
2020-01-07 13:15:00,20.3,18.46,20.49,18.3,19.3,1.73,242.3,0.668,0.0,0.0,0.0,1.0
2020-01-07 13:30:00,20.24,18.4,20.44,18.28,19.49,1.85,228.4,0.6,0.0,0.0,0.0,1.0
2020-01-07 13:45:00,20.21,18.32,20.37,18.26,19.6,1.96,214.6,0.631,0.0,0.0,0.0,1.0
2020-01-07 14:00:00,20.33,18.46,20.46,18.46,19.37,1.99,200.7,0.647,0.0,0.0,0.0,1.0
2020-01-07 14:15:00,20.16,18.27,20.3,18.33,19.65,2.02,186.8,0.587,0.0,0.0,0.0,1.0
2020-01-07 14:30:00,20.3,18.35,20.31,18.43,19.48,2.05,166.7,0.668,0.0,0.0,0.0,1.0
2020-01-07 14:45:00,20.28,18.4,20.27,18.51,19.38,2.08,146.5,0.602,0.0,0.0,0.0,1.0
2020-01-07 15:00:00,20.15,18.2,20.07,18.34,19.58,2.02,126.4,0.611,0.0,0.0,0.0,1.0
2020-01-07 15:15:00,20.25,18.24,20.01,18.38,19.39,1.96,106.2,0.673,0.0,0.0,0.0,1.0
2020-01-07 15:30:00,20.21,18.26,19.91,18.38,19.28,1.9,80.6,0.626,0.0,0.0,0.0,1.0
2020-01-07 15:45:00,20.1,18.06,19.68,18.17,19.42,1.84,54.9,0.647,0.0,0.0,0.0,1.0
2020-01-07 16:00:00,20.2,18.15,19.68,18.18,19.14,1.7,29.3,0.7,0.0,0.109,0.0,1.0
2020-01-07 16:15:00,20.0,17.89,19.48,17.89,19.33,1.56,3.6,0.651,0.0,0.109,0.0,1.0
2020-01-07 16:30:00,20.09,17.92,19.52,17.89,19.09,1.42,0.0,0.75,0.006,0.212,0.0,1.0
2020-01-07 16:45:00,20.07,17.93,19.5,17.9,18.97,1.28,0.0,0.704,0.0,0.191,0.0,1.0
2020-01-07 17:00:00,19.94,17.71,19.37,17.67,19.15,1.22,0.0,0.713,0.0,0.202,0.0,1.0
2020-01-07 17:15:00,20.09,17.95,19.48,17.78,18.86,1.17,0.0,0.778,0.094,0.266,0.0,1.0
2020-01-07 17:30:00,19.99,17.74,19.35,17.65,19.0,1.11,0.0,0.706,0.0,0.208,0.0,1.0
2020-01-07 17:45:00,19.92,17.65,19.32,17.49,19.05,1.05,0.0,0.755,0.081,0.276,0.0,1.0
2020-01-07 18:00:00,20.05,17.9,19.43,17.69,18.79,1.0,0.0,0.792,0.123,0.291,0.057,1.0
2020-01-07 18:15:00,19.96,17.66,19.3,17.53,18.94,0.94,0.0,0.727,0.0,0.235,0.0,1.0
2020-01-07 18:30:00,19.87,17.61,19.27,17.39,19.0,0.88,0.0,0.769,0.12,0.3,0.033,1.0
2020-01-07 18:45:00,20.02,17.89,19.39,17.66,18.74,0.82,0.0,0.814,0.145,0.315,0.104,1.0
2020-01-07 19:00:00,19.94,17.63,19.27,17.46,18.9,0.77,0.0,0.738,0.004,0.255,0.0,1.0
2020-01-07 19:15:00,19.84,17.59,19.22,17.34,18.97,0.73,0.0,0.779,0.134,0.316,0.069,1.0
2020-01-07 19:30:00,19.98,17.78,19.31,17.54,18.87,0.68,0.0,0.83,0.156,0.338,0.132,1.0
2020-01-07 19:45:00,19.99,17.75,19.33,17.53,18.82,0.63,0.0,0.761,0.058,0.295,0.032,1.0
2020-01-07 20:00:00,19.86,17.61,19.21,17.36,18.95,0.56,0.0,0.754,0.075,0.285,0.033,1.0
2020-01-07 20:15:00,19.98,17.75,19.3,18.06,18.93,0.49,0.0,0.819,0.144,0.343,1.0,1.0
2020-01-07 20:30:00,20.02,17.78,19.33,18.76,19.16,0.42,0.0,0.761,0.074,0.301,0.97,1.0
2020-01-07 20:45:00,20.05,17.82,19.33,18.54,19.2,0.35,0.0,0.741,0.06,0.285,0.622,1.0
2020-01-07 21:00:00,19.97,17.74,19.29,18.6,19.2,0.3,0.0,0.725,0.039,0.284,0.732,1.0
2020-01-07 21:15:00,20.02,17.82,19.39,18.7,19.12,0.24,0.0,0.763,0.081,0.353,0.698,1.0
2020-01-07 21:30:00,19.96,17.69,19.31,18.69,19.25,0.18,0.0,0.74,0.039,0.305,0.65,1.0
2020-01-07 21:45:00,20.03,17.84,19.36,18.81,19.11,0.13,0.0,0.769,0.103,0.344,0.654,1.0
2020-01-07 22:00:00,19.93,17.64,19.3,18.78,19.29,0.06,0.0,0.737,0.029,0.32,0.595,1.0
2020-01-07 22:15:00,20.04,17.87,19.36,18.92,19.07,-0.0,0.0,0.783,0.132,0.351,0.61,1.0
2020-01-07 22:30:00,19.98,17.67,19.3,18.91,19.23,-0.06,0.0,0.731,0.014,0.32,0.539,1.0
2020-01-07 22:45:00,19.93,17.67,19.3,18.91,19.26,-0.13,0.0,0.759,0.116,0.349,0.544,1.0
2020-01-07 23:00:00,20.01,17.81,19.34,18.98,19.14,-0.19,0.0,0.784,0.115,0.349,0.546,1.0
2020-01-07 23:15:00,20.01,18.42,19.31,18.98,19.4,-0.25,0.0,0.743,1.0,0.33,0.508,1.0
2020-01-07 23:30:00,20.05,18.85,19.35,19.06,19.53,-0.31,0.0,0.747,0.791,0.343,0.509,1.0
2020-01-07 23:45:00,20.03,18.63,19.33,19.05,19.64,-0.37,0.0,0.726,0.577,0.327,0.472,1.0
2020-01-08 00:00:00,20.07,18.81,19.37,19.11,19.5,-0.45,0.0,0.733,0.687,0.333,0.475,1.0
2020-01-08 00:15:00,19.09,18.77,19.32,19.05,19.41,-0.52,0.0,0.0,0.593,0.314,0.444,0.248
2020-01-08 00:30:00,19.29,18.78,19.3,19.03,19.31,-0.59,0.0,0.454,0.615,0.34,0.473,0.295
2020-01-08 00:45:00,19.39,18.89,19.33,19.09,19.35,-0.66,0.0,0.356,0.61,0.351,0.487,0.345
2020-01-08 01:00:00,19.21,18.89,19.3,19.05,19.43,-0.74,0.0,0.305,0.553,0.335,0.457,0.324
2020-01-08 01:15:00,19.3,18.99,19.32,19.09,19.34,-0.81,0.0,0.393,0.553,0.35,0.476,0.283
2020-01-08 01:30:00,19.22,18.98,19.29,19.05,19.46,-0.89,0.0,0.352,0.505,0.339,0.453,0.328
2020-01-08 01:45:00,19.23,19.05,19.32,19.11,19.35,-0.96,0.0,0.391,0.509,0.356,0.477,0.271
2020-01-08 02:00:00,19.16,19.0,19.27,19.04,19.44,-1.05,0.0,0.385,0.474,0.34,0.445,0.326
2020-01-08 02:15:00,19.17,19.07,19.31,19.11,19.32,-1.13,0.0,0.422,0.501,0.363,0.479,0.28
2020-01-08 02:30:00,19.09,19.01,19.26,19.04,19.42,-1.21,0.0,0.413,0.463,0.346,0.447,0.342
2020-01-08 02:45:00,19.12,19.09,19.29,19.1,19.29,-1.3,0.0,0.454,0.493,0.37,0.481,0.289
2020-01-08 03:00:00,19.04,19.04,19.26,19.04,19.4,-1.36,0.0,0.44,0.454,0.353,0.448,0.357
2020-01-08 03:15:00,19.1,19.11,19.3,19.12,19.27,-1.42,0.0,0.481,0.482,0.369,0.479,0.302
2020-01-08 03:30:00,19.03,19.05,19.27,19.05,19.39,-1.48,0.0,0.451,0.443,0.351,0.442,0.364
2020-01-08 03:45:00,19.08,19.13,19.3,19.13,19.27,-1.54,0.0,0.487,0.473,0.365,0.473,0.306
2020-01-08 04:00:00,19.02,19.07,19.28,19.07,19.38,-1.55,0.0,0.459,0.435,0.35,0.437,0.365
2020-01-08 04:15:00,19.07,19.15,19.3,19.13,19.27,-1.57,0.0,0.492,0.463,0.362,0.467,0.31
2020-01-08 04:30:00,19.01,19.09,19.28,19.08,19.37,-1.58,0.0,0.464,0.427,0.348,0.433,0.367
2020-01-08 04:45:00,19.07,19.16,19.31,19.14,19.26,-1.59,0.0,0.495,0.453,0.359,0.46,0.313
2020-01-08 05:00:00,19.0,19.11,19.28,19.09,19.36,-1.64,0.0,0.466,0.421,0.347,0.429,0.368
2020-01-08 05:15:00,19.07,19.17,19.29,19.15,19.26,-1.68,0.0,0.498,0.446,0.358,0.456,0.319
2020-01-08 05:30:00,19.0,19.12,19.28,19.1,19.35,-1.73,0.0,0.466,0.417,0.355,0.427,0.369
2020-01-08 05:45:00,19.05,19.17,19.3,19.15,19.26,-1.78,0.0,0.499,0.439,0.36,0.452,0.324
2020-01-08 06:00:00,19.0,19.13,19.28,19.1,19.34,-1.81,0.0,0.473,0.413,0.352,0.427,0.37
2020-01-08 06:15:00,18.28,19.17,19.29,19.14,19.18,-1.84,0.0,0.0,0.434,0.361,0.449,0.631
2020-01-08 06:30:00,18.15,19.12,19.24,19.09,19.04,-1.87,0.0,0.108,0.416,0.355,0.432,0.709
2020-01-08 06:45:00,18.26,19.15,19.26,19.11,19.05,-1.9,0.0,0.173,0.438,0.379,0.456,0.779
2020-01-08 07:00:00,18.14,19.14,19.26,19.11,19.12,-1.92,0.0,0.12,0.427,0.368,0.446,0.775
2020-01-08 07:15:00,18.2,19.16,19.78,18.52,19.07,-1.95,0.0,0.181,0.428,1.0,0.0,0.74
2020-01-08 07:30:00,18.14,19.15,20.04,18.23,19.1,-1.97,0.0,0.151,0.422,1.0,0.0,0.763
2020-01-08 07:45:00,18.14,19.16,20.08,18.2,19.07,-1.99,0.0,0.179,0.426,1.0,0.0,0.749
2020-01-08 08:00:00,18.08,19.15,20.13,18.11,19.09,-1.99,0.0,0.182,0.422,1.0,0.0,0.767
2020-01-08 08:15:00,18.09,18.65,20.21,18.06,19.04,-1.99,2.3,0.209,0.076,1.0,0.0,0.755
2020-01-08 08:30:00,18.04,18.86,20.29,17.97,19.0,-1.98,30.0,0.206,0.327,1.0,0.0,0.779
2020-01-08 08:45:00,18.03,18.91,20.4,17.9,19.07,-1.98,57.6,0.232,0.219,1.0,0.0,0.799
2020-01-08 09:00:00,18.05,18.97,20.6,17.9,19.06,-1.81,85.3,0.235,0.196,1.0,0.0,0.766
2020-01-08 09:15:00,18.03,19.0,20.73,17.86,19.16,-1.65,112.9,0.225,0.165,1.0,0.0,0.77
2020-01-08 09:30:00,18.1,18.98,20.86,17.91,19.15,-1.48,126.0,0.236,0.152,1.0,0.0,0.719
2020-01-08 09:45:00,18.04,18.99,20.94,17.87,19.25,-1.32,139.0,0.199,0.158,1.0,0.0,0.727
2020-01-08 10:00:00,18.14,19.01,21.08,17.92,19.19,-1.14,152.1,0.229,0.157,0.982,0.0,0.674
2020-01-08 10:15:00,18.04,18.95,21.07,17.85,19.35,-0.97,165.1,0.179,0.145,0.909,0.0,0.704
2020-01-08 10:30:00,18.18,19.02,21.26,17.94,19.19,-0.79,171.3,0.231,0.174,0.917,0.0,0.627
2020-01-08 10:45:00,18.0,18.88,21.15,17.81,19.45,-0.62,177.5,0.159,0.142,0.818,0.0,0.703
2020-01-08 11:00:00,18.27,19.05,21.43,17.99,19.15,-0.49,183.7,0.25,0.21,0.874,0.0,0.577
2020-01-08 11:15:00,18.04,18.9,21.35,17.9,19.37,-0.35,189.9,0.116,0.127,0.734,0.0,0.725
2020-01-08 11:30:00,18.15,18.9,21.4,17.87,19.36,-0.22,192.4,0.228,0.202,0.773,0.0,0.615
2020-01-08 11:45:00,18.14,18.91,21.47,17.88,19.39,-0.09,194.9,0.175,0.201,0.751,0.0,0.618
2020-01-08 12:00:00,18.14,18.88,21.5,17.88,19.39,0.0,197.4,0.18,0.194,0.715,0.0,0.607
2020-01-08 12:15:00,18.07,18.81,21.43,17.78,19.54,0.09,199.9,0.182,0.209,0.699,0.0,0.603
2020-01-08 12:30:00,18.2,18.92,21.62,17.89,19.41,0.19,218.0,0.216,0.244,0.734,0.0,0.532
2020-01-08 12:45:00,18.14,18.89,21.74,17.96,19.46,0.28,236.0,0.151,0.188,0.639,0.0,0.596
2020-01-08 13:00:00,18.24,18.94,21.88,18.12,19.32,0.38,254.0,0.182,0.207,0.578,0.0,0.57
2020-01-08 13:15:00,18.1,18.85,21.84,18.08,19.53,0.48,272.1,0.131,0.182,0.508,0.0,0.638
2020-01-08 13:30:00,18.17,18.87,21.87,18.13,19.55,0.59,267.8,0.2,0.226,0.532,0.0,0.535
2020-01-08 13:45:00,18.15,18.87,21.9,18.21,19.58,0.69,263.5,0.164,0.216,0.515,0.0,0.524
2020-01-08 14:00:00,18.16,18.88,21.92,18.29,19.6,0.73,259.3,0.173,0.213,0.499,0.0,0.512
2020-01-08 14:15:00,18.09,18.81,21.86,18.3,19.74,0.76,255.0,0.17,0.212,0.488,0.0,0.501
2020-01-08 14:30:00,18.3,19.02,22.08,18.56,19.46,0.79,243.8,0.204,0.243,0.52,0.0,0.429
2020-01-08 14:45:00,18.09,18.85,21.93,18.54,19.66,0.82,232.6,0.101,0.14,0.411,0.0,0.568
2020-01-08 15:00:00,18.18,18.89,21.9,18.58,19.66,0.79,221.4,0.205,0.223,0.485,0.0,0.469
2020-01-08 15:15:00,18.16,18.92,21.92,18.65,19.68,0.75,210.2,0.16,0.205,0.499,0.0,0.472
2020-01-08 15:30:00,18.15,18.9,21.82,18.63,19.65,0.72,159.3,0.168,0.192,0.491,0.0,0.462
2020-01-08 15:45:00,18.13,18.88,21.7,18.53,19.6,0.68,108.5,0.173,0.202,0.541,0.0,0.474
2020-01-08 16:00:00,18.09,18.83,21.55,18.37,19.51,0.56,57.6,0.184,0.211,0.599,0.0,0.501
2020-01-08 16:15:00,18.04,18.78,21.37,18.13,19.4,0.44,6.7,0.207,0.235,0.675,0.0,0.543
2020-01-08 16:30:00,18.0,18.74,21.29,17.99,19.32,0.31,5.0,0.228,0.26,0.763,0.0,0.598
2020-01-08 16:45:00,17.98,18.72,21.23,17.89,19.27,0.19,0.0,0.251,0.281,0.805,0.0,0.64
2020-01-08 17:00:00,17.97,18.7,21.18,17.81,19.23,0.1,0.0,0.258,0.292,0.835,0.0,0.665
2020-01-08 17:15:00,17.95,18.69,21.14,17.74,19.2,0.01,0.0,0.267,0.298,0.858,0.0,0.684
2020-01-08 17:30:00,17.94,18.67,21.1,17.67,19.16,-0.08,0.0,0.275,0.306,0.88,0.0,0.702
2020-01-08 17:45:00,17.84,18.58,20.96,17.5,19.29,-0.17,0.0,0.282,0.313,0.899,0.0,0.718
2020-01-08 18:00:00,17.98,18.7,21.08,17.57,19.11,-0.24,0.0,0.33,0.358,0.969,0.0,0.654
2020-01-08 18:15:00,17.91,18.66,21.06,17.56,19.1,-0.31,0.0,0.26,0.299,0.91,0.0,0.746
2020-01-08 18:30:00,17.98,18.7,21.08,17.58,18.94,-0.38,0.0,0.295,0.32,0.918,0.0,0.748
2020-01-08 18:45:00,17.77,18.56,20.87,17.32,19.23,-0.45,0.0,0.26,0.301,0.909,0.0,0.829
2020-01-08 19:00:00,17.98,18.7,21.01,17.4,19.04,-0.54,0.0,0.365,0.372,1.0,0.0,0.684
2020-01-08 19:15:00,17.9,18.67,21.02,17.4,19.05,-0.63,0.0,0.26,0.299,0.947,0.0,0.778
2020-01-08 19:30:00,17.91,18.66,20.99,17.35,19.03,-0.72,0.0,0.302,0.317,0.94,0.0,0.774
2020-01-08 19:45:00,17.9,18.66,20.98,17.32,19.02,-0.81,0.0,0.295,0.322,0.957,0.0,0.784
2020-01-08 20:00:00,17.95,18.69,21.03,17.38,18.88,-0.89,0.0,0.299,0.319,0.959,0.0,0.789
2020-01-08 20:15:00,17.74,18.54,20.81,17.13,19.16,-0.96,0.0,0.277,0.306,0.936,0.0,0.859
2020-01-08 20:30:00,17.94,18.68,20.92,17.22,18.98,-1.03,0.0,0.378,0.38,1.0,0.036,0.718
2020-01-08 20:45:00,17.85,18.63,20.95,17.2,18.98,-1.1,0.0,0.28,0.312,0.988,0.0,0.812
2020-01-08 21:00:00,17.85,18.6,20.9,17.15,18.95,-1.19,0.0,0.324,0.335,0.976,0.0,0.811
2020-01-08 21:15:00,17.89,18.64,20.93,17.2,18.82,-1.28,0.0,0.325,0.349,1.0,0.024,0.825
2020-01-08 21:30:00,17.7,18.5,20.73,16.95,19.07,-1.36,0.0,0.305,0.332,0.987,0.0,0.89
2020-01-08 21:45:00,17.88,18.59,20.8,17.1,18.89,-1.45,0.0,0.399,0.401,1.0,0.124,0.765
2020-01-08 22:00:00,17.8,18.57,20.82,17.09,18.9,-1.52,0.0,0.312,0.356,1.0,0.048,0.853
2020-01-08 22:15:00,18.42,18.55,20.81,17.07,18.91,-1.59,0.0,1.0,0.367,1.0,0.055,0.549
2020-01-08 22:30:00,18.55,18.54,20.75,17.03,19.07,-1.66,0.0,0.788,0.374,1.0,0.067,0.547
2020-01-08 22:45:00,18.47,18.61,20.87,17.16,18.91,-1.74,0.0,0.723,0.382,1.0,0.086,0.466
2020-01-08 23:00:00,18.48,18.48,20.74,16.95,19.08,-1.84,0.0,0.767,0.346,1.0,0.018,0.547
2020-01-08 23:15:00,18.57,18.56,20.04,17.37,18.85,-1.95,0.0,0.758,0.41,0.0,1.0,0.459
2020-01-08 23:30:00,18.55,18.5,19.75,18.17,18.95,-2.06,0.0,0.716,0.372,0.0,1.0,0.574
2020-01-08 23:45:00,18.58,18.55,19.87,18.12,19.05,-2.16,0.0,0.726,0.398,0.123,0.914,0.526
2020-01-09 00:00:00,18.63,18.55,19.79,18.24,19.0,-2.22,0.0,0.708,0.377,0.067,0.94,0.476
2020-01-09 00:15:00,18.65,18.91,19.74,18.29,19.07,-2.28,0.0,0.686,0.725,0.105,0.88,0.502
2020-01-09 00:30:00,18.67,18.92,19.71,18.38,19.1,-2.34,0.0,0.673,0.546,0.132,0.854,0.465
2020-01-09 00:45:00,18.68,18.89,19.64,18.44,19.11,-2.4,0.0,0.667,0.54,0.143,0.808,0.449
2020-01-09 01:00:00,18.67,18.92,19.59,18.5,19.1,-2.49,0.0,0.661,0.554,0.178,0.778,0.447
2020-01-09 01:15:00,18.67,18.9,19.53,18.56,19.11,-2.58,0.0,0.663,0.542,0.205,0.748,0.451
2020-01-09 01:30:00,18.68,18.91,19.48,18.62,19.1,-2.67,0.0,0.664,0.549,0.236,0.72,0.447
2020-01-09 01:45:00,18.7,18.91,19.42,18.63,19.11,-2.75,0.0,0.662,0.547,0.262,0.689,0.452
2020-01-09 02:00:00,18.69,18.93,19.42,18.66,19.09,-2.84,0.0,0.652,0.546,0.29,0.684,0.447
2020-01-09 02:15:00,18.66,18.93,19.41,18.68,19.11,-2.92,0.0,0.655,0.537,0.29,0.668,0.454
2020-01-09 02:30:00,18.68,18.94,19.38,18.71,19.09,-3.01,0.0,0.671,0.536,0.294,0.66,0.445
2020-01-09 02:45:00,18.66,18.94,19.36,18.72,19.11,-3.1,0.0,0.659,0.528,0.308,0.645,0.455
2020-01-09 03:00:00,18.68,18.97,19.35,18.75,19.09,-3.15,0.0,0.668,0.528,0.321,0.64,0.445
2020-01-09 03:15:00,18.67,18.96,19.33,18.75,19.22,-3.21,0.0,0.659,0.516,0.323,0.625,1.0
2020-01-09 03:30:00,18.72,19.01,19.36,18.81,19.18,-3.26,0.0,0.665,0.52,0.335,0.625,0.941
2020-01-09 03:45:00,18.68,18.97,19.31,18.78,19.26,-3.32,0.0,0.64,0.497,0.32,0.594,0.961
2020-01-09 04:00:00,18.73,19.02,19.34,18.84,19.18,-3.36,0.0,0.66,0.513,0.343,0.609,0.922
2020-01-09 04:15:00,18.69,18.99,19.31,18.81,19.28,-3.39,0.0,0.634,0.489,0.33,0.58,0.958
2020-01-09 04:30:00,18.75,19.04,19.33,18.87,19.19,-3.43,0.0,0.655,0.506,0.347,0.597,0.91
2020-01-09 04:45:00,18.7,19.0,19.3,18.82,19.31,-3.47,0.0,0.626,0.478,0.334,0.566,0.954
2020-01-09 05:00:00,18.77,19.06,19.32,18.9,19.21,-3.51,0.0,0.652,0.501,0.352,0.589,0.897
2020-01-09 05:15:00,18.75,19.04,18.84,18.87,19.25,-3.56,0.0,0.617,0.469,0.0,0.552,0.947
2020-01-09 05:30:00,18.72,19.03,18.56,18.86,19.18,-3.6,0.0,0.626,0.48,0.0,0.564,0.925
2020-01-09 05:45:00,18.73,19.04,18.51,18.87,19.14,-3.65,0.0,0.641,0.487,0.0,0.57,0.962
2020-01-09 06:00:00,18.72,19.01,18.43,18.86,19.16,-3.69,0.0,0.635,0.481,0.0,0.564,0.981
2020-01-09 06:15:00,18.74,19.51,18.36,18.87,19.15,-3.73,0.0,0.641,1.0,0.0,0.572,0.972
2020-01-09 06:30:00,18.71,19.71,18.28,18.87,19.19,-3.77,0.0,0.629,1.0,0.0,0.563,0.977
2020-01-09 06:45:00,18.72,19.72,18.21,18.87,19.19,-3.81,0.0,0.643,1.0,0.0,0.567,0.956
2020-01-09 07:00:00,18.72,19.76,18.14,18.87,19.17,-3.83,0.0,0.642,1.0,0.0,0.567,0.957
2020-01-09 07:15:00,18.71,19.78,18.06,19.02,19.17,-3.86,0.0,0.641,1.0,0.0,0.714,0.967
2020-01-09 07:30:00,18.71,19.8,18.0,19.0,19.17,-3.89,0.0,0.646,1.0,0.0,0.639,0.966
2020-01-09 07:45:00,18.71,19.85,17.96,19.01,19.16,-3.92,0.0,0.644,1.0,0.0,0.651,0.963
2020-01-09 08:00:00,18.72,19.9,17.92,19.03,19.17,-3.91,0.0,0.644,1.0,0.0,0.646,0.972
2020-01-09 08:15:00,17.87,19.95,17.88,19.06,19.03,-3.89,3.2,0.0,1.0,0.0,0.635,0.967
2020-01-09 08:30:00,17.95,20.03,17.86,19.05,18.91,-3.87,47.3,0.264,1.0,0.0,0.622,1.0
2020-01-09 08:45:00,17.98,20.2,17.99,19.09,19.06,-3.86,91.3,0.224,1.0,0.0,0.626,1.0
2020-01-09 09:00:00,17.99,20.45,18.23,19.14,19.12,-3.68,135.4,0.21,1.0,0.0,0.605,1.0
2020-01-09 09:15:00,17.97,20.58,18.44,19.15,19.28,-3.51,179.5,0.207,0.976,0.0,0.582,0.992
2020-01-09 09:30:00,18.02,20.69,18.65,19.19,19.32,-3.34,196.6,0.215,0.912,0.0,0.574,0.91
2020-01-09 09:45:00,17.96,20.7,18.8,19.2,19.44,-3.16,213.7,0.19,0.853,0.0,0.555,0.892
2020-01-09 10:00:00,18.03,20.81,19.0,19.25,19.4,-2.99,230.7,0.222,0.848,0.0,0.548,0.832
2020-01-09 10:15:00,17.92,20.77,19.15,19.25,19.56,-2.82,247.8,0.183,0.795,0.0,0.523,0.851
2020-01-09 10:30:00,18.07,20.9,19.38,19.33,19.45,-2.65,264.9,0.238,0.817,0.0,0.525,0.771
2020-01-09 10:45:00,17.89,20.76,19.58,19.29,19.69,-2.49,282.0,0.166,0.751,0.0,0.487,0.827
2020-01-09 11:00:00,18.16,20.94,19.87,19.4,19.44,-2.32,299.1,0.255,0.821,0.0,0.506,0.706
2020-01-09 11:15:00,17.93,20.82,20.05,19.37,19.64,-2.15,316.2,0.121,0.73,0.0,0.449,0.828
2020-01-09 11:30:00,17.98,20.69,20.15,19.34,19.74,-1.98,312.6,0.234,0.79,0.0,0.467,0.73
2020-01-09 11:45:00,18.14,20.89,20.38,19.46,19.53,-1.81,308.9,0.212,0.857,0.0,0.48,0.678
2020-01-09 12:00:00,17.97,20.79,20.43,19.41,19.71,-1.7,305.2,0.128,0.753,0.0,0.422,0.784
2020-01-09 12:15:00,17.99,20.7,20.48,19.4,19.82,-1.6,301.5,0.217,0.804,0.0,0.444,0.694
2020-01-09 12:30:00,18.1,20.88,20.71,19.55,19.77,-1.49,323.8,0.206,0.848,0.0,0.448,0.638
2020-01-09 12:45:00,18.07,20.93,20.95,19.62,19.85,-1.38,346.0,0.148,0.762,0.0,0.377,0.667
2020-01-09 13:00:00,18.16,20.97,21.13,19.72,19.81,-1.26,368.3,0.164,0.737,0.0,0.338,0.623
2020-01-09 13:15:00,17.98,20.86,21.19,19.78,20.04,-1.14,390.6,0.12,0.715,0.0,0.291,0.645
2020-01-09 13:30:00,18.19,21.0,21.41,19.94,20.0,-1.02,393.9,0.208,0.769,0.0,0.261,0.529
2020-01-09 13:45:00,18.18,21.08,21.65,20.08,19.99,-0.9,397.1,0.106,0.7,0.0,0.181,0.549
2020-01-09 14:00:00,18.03,20.93,21.6,20.11,20.21,-0.85,400.4,0.111,0.659,0.0,0.112,0.553
2020-01-09 14:15:00,18.31,21.12,21.8,20.29,19.98,-0.8,403.6,0.184,0.737,0.0,0.093,0.445
2020-01-09 14:30:00,18.05,21.01,21.74,20.29,20.16,-0.75,390.5,0.045,0.639,0.0,0.006,0.558
2020-01-09 14:45:00,18.08,20.92,21.62,20.34,20.26,-0.7,377.4,0.177,0.693,0.0,0.006,0.471
2020-01-09 15:00:00,18.3,21.15,21.78,20.56,19.99,-0.72,364.3,0.16,0.739,0.0,0.0,0.421
2020-01-09 15:15:00,18.02,21.0,21.66,20.6,20.16,-0.74,351.2,0.048,0.623,0.0,0.0,0.553
2020-01-09 15:30:00,18.13,20.99,21.4,20.46,20.1,-0.76,265.6,0.189,0.701,0.0,0.0,0.472
2020-01-09 15:45:00,18.06,20.97,21.12,20.24,19.99,-0.78,180.0,0.135,0.707,0.0,0.0,0.502
2020-01-09 16:00:00,17.98,20.89,20.72,19.87,19.86,-0.94,94.4,0.17,0.715,0.0,0.03,0.554
2020-01-09 16:15:00,17.94,20.82,20.3,19.62,19.71,-1.09,8.8,0.209,0.755,0.0,0.215,0.621
2020-01-09 16:30:00,17.79,20.66,20.01,19.61,19.77,-1.24,6.6,0.232,0.791,0.0,0.339,0.693
2020-01-09 16:45:00,17.97,20.79,19.88,19.6,19.55,-1.4,0.0,0.303,0.87,0.0,0.343,0.666
2020-01-09 17:00:00,17.89,20.78,19.65,19.52,19.48,-1.46,0.0,0.217,0.805,0.0,0.351,0.773
2020-01-09 17:15:00,17.77,20.6,19.4,19.47,19.56,-1.51,0.0,0.256,0.811,0.0,0.389,0.808
2020-01-09 17:30:00,17.93,20.72,19.2,19.47,19.35,-1.57,0.0,0.314,0.898,0.0,0.417,0.772
2020-01-09 17:45:00,17.66,20.53,18.96,19.38,19.55,-1.63,0.0,0.237,0.842,0.0,0.416,0.875
2020-01-09 18:00:00,17.87,20.63,18.86,19.4,19.35,-1.69,0.0,0.37,0.937,0.0,0.46,0.776
2020-01-09 18:15:00,17.82,20.66,18.76,19.38,19.28,-1.75,0.0,0.265,0.887,0.0,0.452,0.874
2020-01-09 18:30:00,17.69,20.48,18.55,19.32,19.41,-1.81,0.0,0.288,0.869,0.0,0.462,0.912
2020-01-09 18:45:00,17.9,20.64,18.53,19.35,19.16,-1.87,0.0,0.357,0.962,0.0,0.49,0.846
2020-01-09 19:00:00,17.67,20.54,18.42,19.31,19.27,-1.94,0.0,0.251,0.881,0.0,0.476,0.972
2020-01-09 19:15:00,17.72,20.45,18.25,19.28,19.23,-2.02,0.0,0.363,0.93,0.0,0.493,0.365
2020-01-09 19:30:00,17.8,20.57,18.25,19.32,19.05,-2.1,0.0,0.34,0.976,0.0,0.51,0.386
2020-01-09 19:45:00,17.61,20.41,18.08,19.24,19.21,-2.18,0.0,0.302,0.916,0.0,0.492,0.475
2020-01-09 20:00:00,17.84,20.58,18.12,19.32,18.92,-2.2,0.0,0.394,0.994,0.0,0.528,0.396
2020-01-09 20:15:00,17.65,20.47,17.99,19.25,19.06,-2.21,0.0,0.278,0.912,0.0,0.491,0.538
2020-01-09 20:30:00,17.65,20.36,17.82,19.22,19.12,-2.23,0.0,0.376,0.964,0.0,0.524,0.47
2020-01-09 20:45:00,17.81,20.56,17.93,19.32,18.85,-2.24,0.0,0.375,1.0,0.0,0.542,0.439
2020-01-09 21:00:00,17.63,20.45,17.82,19.23,18.99,-2.3,0.0,0.293,0.922,0.0,0.49,0.577
2020-01-09 21:15:00,17.71,20.47,18.5,19.25,19.1,-2.35,0.0,0.387,0.976,1.0,0.535,0.504
2020-01-09 21:30:00,17.78,20.58,19.0,19.31,19.23,-2.4,0.0,0.347,0.967,0.749,0.525,0.452
2020-01-09 21:45:00,17.76,20.6,18.78,19.29,19.24,-2.46,0.0,0.31,0.909,0.501,0.496,0.384
2020-01-09 22:00:00,17.72,20.53,18.82,19.27,19.21,-2.51,0.0,0.321,0.898,0.61,0.504,0.38
2020-01-09 22:15:00,17.71,19.73,18.83,19.27,19.03,-2.57,0.0,0.342,0.0,0.589,0.517,0.396
2020-01-09 22:30:00,17.61,19.51,18.76,19.2,18.89,-2.63,0.0,0.346,0.134,0.584,0.515,0.487
2020-01-09 22:45:00,17.68,19.61,18.86,19.23,18.87,-2.68,0.0,0.396,0.247,0.618,0.549,0.556
2020-01-09 23:00:00,17.63,19.46,18.88,19.21,18.96,-2.73,0.0,0.361,0.197,0.572,0.533,0.567
2020-01-09 23:15:00,17.7,19.49,18.92,19.06,18.83,-2.78,0.0,0.387,0.27,0.561,0.394,0.52
2020-01-09 23:30:00,17.58,19.35,18.94,19.06,18.9,-2.83,0.0,0.349,0.255,0.539,0.47,0.585
2020-01-09 23:45:00,17.7,19.38,18.99,19.1,18.75,-2.87,0.0,0.411,0.326,0.53,0.472,0.548
2020-01-10 00:00:00,17.55,19.25,18.99,19.01,18.91,-2.9,0.0,0.348,0.308,0.503,0.451,0.623
2020-01-10 00:15:00,18.22,19.33,19.04,19.08,18.92,-2.93,0.0,1.0,0.374,0.506,0.495,0.544
2020-01-10 00:30:00,18.5,19.35,19.07,19.09,19.12,-2.96,0.0,0.892,0.337,0.48,0.462,0.54
2020-01-10 00:45:00,18.36,19.32,19.07,19.06,19.14,-2.98,0.0,0.75,0.326,0.464,0.454,0.442
2020-01-10 01:00:00,18.42,19.3,19.07,19.05,19.04,-3.02,0.0,0.821,0.34,0.466,0.468,0.429
2020-01-10 01:15:00,18.36,19.24,19.05,19.01,19.11,-3.07,0.0,0.79,0.35,0.467,0.475,0.479
2020-01-10 01:30:00,18.43,19.27,19.06,19.01,19.03,-3.11,0.0,0.818,0.378,0.474,0.493,0.445
2020-01-10 01:45:00,18.4,19.17,19.04,19.01,19.1,-3.15,0.0,0.786,0.367,0.47,0.493,0.486
2020-01-10 02:00:00,18.49,19.25,19.07,19.03,19.02,-3.15,0.0,0.802,0.413,0.482,0.495,0.449
2020-01-10 02:15:00,18.46,19.19,19.07,19.01,19.13,-3.15,0.0,0.755,0.375,0.463,0.485,0.489
2020-01-10 02:30:00,18.56,19.25,19.1,19.04,19.05,-3.16,0.0,0.768,0.403,0.466,0.493,0.436
2020-01-10 02:45:00,18.54,19.21,19.1,19.03,19.15,-3.16,0.0,0.718,0.377,0.452,0.478,0.477
2020-01-10 03:00:00,18.63,19.25,19.11,19.05,19.07,-3.17,0.0,0.732,0.396,0.452,0.487,0.427
2020-01-10 03:15:00,18.58,19.21,19.11,19.03,19.16,-3.17,0.0,0.686,0.376,0.443,0.473,0.465
2020-01-10 03:30:00,18.65,19.25,19.13,19.06,19.08,-3.18,0.0,0.71,0.395,0.446,0.484,0.422
2020-01-10 03:45:00,18.61,19.21,19.12,19.04,19.16,-3.18,0.0,0.673,0.376,0.436,0.47,0.46
2020-01-10 04:00:00,18.67,19.23,19.12,19.05,19.09,-3.2,0.0,0.693,0.395,0.439,0.48,0.422
2020-01-10 04:15:00,18.63,19.2,19.11,19.03,19.15,-3.21,0.0,0.666,0.384,0.438,0.473,0.455
2020-01-10 04:30:00,18.68,19.21,19.12,19.04,19.09,-3.23,0.0,0.685,0.401,0.444,0.486,0.427
2020-01-10 04:45:00,18.64,19.19,19.1,19.02,19.14,-3.25,0.0,0.662,0.393,0.442,0.479,0.455
2020-01-10 05:00:00,18.68,19.2,19.11,19.03,19.09,-3.25,0.0,0.679,0.407,0.448,0.491,0.432
2020-01-10 05:15:00,18.68,18.75,19.43,19.02,19.11,-3.25,0.0,0.661,0.102,0.747,0.485,0.456
2020-01-10 05:30:00,18.66,18.85,19.38,19.0,19.09,-3.25,0.0,0.658,0.325,0.587,0.489,0.445
2020-01-10 05:45:00,18.67,18.87,19.36,19.0,19.1,-3.25,0.0,0.672,0.277,0.609,0.498,0.455
2020-01-10 06:00:00,18.68,18.82,19.4,19.01,19.1,-3.26,0.0,0.667,0.266,0.619,0.5,0.449
2020-01-10 06:15:00,18.68,18.83,19.4,19.01,19.0,-3.26,0.0,0.661,0.291,0.599,0.494,0.0
2020-01-10 06:30:00,18.66,18.78,19.39,19.0,19.01,-3.26,0.0,0.661,0.284,0.599,0.495,0.0
2020-01-10 06:45:00,18.68,18.79,19.43,19.02,18.96,-3.26,0.0,0.672,0.312,0.605,0.499,0.0
2020-01-10 07:00:00,18.67,18.75,19.41,19.01,18.99,-3.27,0.0,0.659,0.306,0.587,0.49,0.0
2020-01-10 07:15:00,18.69,18.76,19.45,19.02,18.95,-3.27,0.0,0.667,0.323,0.593,0.495,0.0
2020-01-10 07:30:00,18.67,18.73,19.44,19.01,18.98,-3.27,0.0,0.656,0.318,0.575,0.49,0.0
2020-01-10 07:45:00,18.69,18.75,19.47,19.02,18.93,-3.28,0.0,0.664,0.335,0.582,0.494,0.0
2020-01-10 08:00:00,18.68,18.72,19.44,19.01,18.96,-3.25,0.0,0.653,0.324,0.567,0.488,0.0
2020-01-10 08:15:00,17.78,18.72,19.44,19.01,18.76,-3.23,2.4,0.0,0.342,0.581,0.496,0.0
2020-01-10 08:30:00,17.98,18.77,19.43,18.95,18.67,-3.2,33.1,0.412,0.34,0.579,0.495,0.0
2020-01-10 08:45:00,18.09,18.9,19.62,19.04,18.7,-3.17,63.7,0.311,0.314,0.586,0.523,0.0
2020-01-10 09:00:00,17.91,18.87,19.59,18.97,18.86,-3.02,94.4,0.255,0.251,0.49,0.481,0.0
2020-01-10 09:15:00,18.08,19.0,19.79,19.05,18.67,-2.87,125.1,0.346,0.263,0.507,0.516,0.0
2020-01-10 09:30:00,17.86,18.89,19.67,18.95,18.92,-2.73,140.3,0.262,0.201,0.404,0.475,0.0
2020-01-10 09:45:00,18.03,18.98,19.84,19.04,18.78,-2.58,155.5,0.372,0.255,0.466,0.523,0.0
2020-01-10 10:00:00,17.97,18.95,19.93,19.1,18.77,-2.38,170.6,0.287,0.21,0.379,0.48,0.0
2020-01-10 10:15:00,17.9,18.91,19.86,19.02,18.88,-2.19,185.8,0.317,0.225,0.333,0.45,0.0
2020-01-10 10:30:00,17.99,18.94,20.04,19.11,18.74,-2.0,193.3,0.35,0.245,0.368,0.488,0.0
2020-01-10 10:45:00,17.83,18.85,20.0,19.04,18.93,-1.81,200.7,0.304,0.23,0.278,0.443,0.0
2020-01-10 11:00:00,18.04,18.92,20.2,19.16,18.74,-1.66,208.1,0.385,0.273,0.302,0.48,0.0
2020-01-10 11:15:00,17.87,18.83,20.03,19.06,19.0,-1.52,215.6,0.282,0.24,0.199,0.418,0.0
2020-01-10 11:30:00,18.04,18.88,20.23,19.17,18.88,-1.38,216.3,0.367,0.283,0.287,0.468,0.0
2020-01-10 11:45:00,18.01,18.86,20.29,19.21,18.88,-1.24,217.1,0.279,0.262,0.183,0.413,0.0
2020-01-10 12:00:00,17.95,18.79,20.2,19.14,18.98,-1.13,217.8,0.294,0.269,0.156,0.397,0.0
2020-01-10 12:15:00,18.05,18.85,20.33,19.22,18.85,-1.02,218.6,0.325,0.304,0.202,0.432,0.0
2020-01-10 12:30:00,17.89,18.79,20.46,19.18,19.02,-0.91,287.9,0.274,0.277,0.137,0.388,0.0
2020-01-10 12:45:00,18.09,18.86,20.76,19.36,18.92,-0.81,357.3,0.355,0.305,0.07,0.408,0.0
2020-01-10 13:00:00,17.92,18.8,20.95,19.38,19.21,-0.56,426.6,0.253,0.268,0.0,0.319,0.0
2020-01-10 13:15:00,18.18,18.91,21.28,19.62,19.26,-0.32,496.0,0.34,0.3,0.0,0.31,0.0
2020-01-10 13:30:00,18.14,18.95,21.53,19.77,19.3,-0.08,486.5,0.211,0.247,0.0,0.191,0.0
2020-01-10 13:45:00,18.07,18.83,21.48,19.74,19.49,0.16,477.0,0.228,0.226,0.0,0.114,0.0
2020-01-10 14:00:00,18.22,18.98,21.64,19.97,19.34,0.28,467.4,0.267,0.285,0.0,0.129,0.0
2020-01-10 14:15:00,17.94,18.78,21.62,19.87,19.61,0.4,457.9,0.188,0.21,0.0,0.013,0.0
2020-01-10 14:30:00,18.19,18.94,21.68,20.06,19.49,0.52,437.8,0.33,0.308,0.0,0.065,0.0
2020-01-10 14:45:00,18.12,18.93,21.75,20.2,19.45,0.63,417.7,0.204,0.231,0.0,0.0,0.0
2020-01-10 15:00:00,18.0,18.79,21.56,20.16,19.62,0.63,397.6,0.239,0.235,0.0,0.0,0.0
2020-01-10 15:15:00,18.2,18.96,21.6,20.35,19.4,0.62,377.5,0.3,0.307,0.0,0.0,0.0
2020-01-10 15:30:00,17.99,18.8,21.31,20.18,19.46,0.62,285.1,0.201,0.218,0.0,0.0,0.0
2020-01-10 15:45:00,18.01,18.83,20.95,19.84,19.31,0.61,192.8,0.304,0.298,0.0,0.0,0.0
2020-01-10 16:00:00,17.95,18.77,20.57,19.57,19.14,0.45,100.4,0.295,0.286,0.0,0.081,0.0
2020-01-10 16:15:00,17.88,18.65,20.17,19.36,18.96,0.29,8.1,0.327,0.316,0.016,0.216,0.0
2020-01-10 16:30:00,17.79,18.62,20.09,19.28,18.95,0.12,6.1,0.361,0.374,0.213,0.32,0.0
2020-01-10 16:45:00,17.94,18.71,20.14,19.35,18.76,-0.04,0.0,0.404,0.389,0.257,0.359,0.0
2020-01-10 17:00:00,17.7,18.62,19.87,19.09,18.94,-0.1,0.0,0.328,0.346,0.229,0.324,0.0
2020-01-10 17:15:00,17.86,18.67,19.91,19.16,18.71,-0.17,0.0,0.449,0.392,0.363,0.455,0.0
2020-01-10 17:30:00,17.79,18.62,19.85,19.11,18.67,-0.23,0.0,0.37,0.367,0.343,0.422,0.0
2020-01-10 17:45:00,17.71,18.58,19.69,18.99,18.7,-0.29,0.0,0.407,0.388,0.377,0.447,0.0
2020-01-10 18:00:00,17.81,18.63,19.73,19.05,18.56,-0.35,0.0,0.444,0.41,0.453,0.503,0.0
2020-01-10 18:15:00,17.68,18.59,19.61,18.96,18.68,-0.41,0.0,0.397,0.385,0.433,0.475,0.0
2020-01-10 18:30:00,17.82,18.62,19.7,19.04,18.5,-0.46,0.0,0.459,0.407,0.494,0.52,0.0
2020-01-10 18:45:00,17.66,18.59,19.55,18.93,18.67,-0.52,0.0,0.391,0.39,0.45,0.478,0.0
2020-01-10 19:00:00,17.84,18.63,19.68,19.06,18.45,-0.6,0.0,0.47,0.407,0.526,0.534,0.0
2020-01-10 19:15:00,17.64,18.57,19.49,18.9,18.68,-0.67,0.0,0.382,0.386,0.459,0.472,0.0
2020-01-10 19:30:00,17.87,18.64,19.68,19.07,18.39,-0.75,0.0,0.482,0.413,0.554,0.55,0.0
2020-01-10 19:45:00,17.7,18.6,19.53,18.95,18.56,-0.82,0.0,0.367,0.378,0.461,0.464,0.0
2020-01-10 20:00:00,17.73,18.6,19.51,18.94,18.55,-0.87,0.0,0.451,0.402,0.535,0.527,0.0
2020-01-10 20:15:00,17.81,18.64,19.61,19.03,18.46,-0.91,0.0,0.437,0.402,0.546,0.529,0.0
2020-01-10 20:30:00,17.71,18.55,19.5,19.0,18.59,-0.96,0.0,0.397,0.378,0.497,0.485,0.0
2020-01-10 20:45:00,17.84,18.64,19.62,19.07,18.45,-1.01,0.0,0.444,0.427,0.549,0.502,0.0
2020-01-10 21:00:00,17.71,18.58,19.49,18.97,18.61,-1.08,0.0,0.379,0.382,0.492,0.465,0.0
2020-01-10 21:15:00,17.83,18.96,19.29,19.06,18.49,-1.15,0.0,0.446,0.708,0.255,0.513,0.0
2020-01-10 21:30:00,17.8,18.94,19.31,19.04,18.48,-1.23,0.0,0.383,0.522,0.353,0.471,0.0
2020-01-10 21:45:00,17.77,18.9,19.28,19.01,18.51,-1.3,0.0,0.401,0.532,0.347,0.478,0.0
2020-01-10 22:00:00,17.81,18.95,19.28,19.04,18.46,-1.35,0.0,0.414,0.551,0.36,0.495,0.0
2020-01-10 22:15:00,17.75,18.91,19.24,18.99,18.57,-1.4,0.0,0.397,0.524,0.36,0.481,0.769
2020-01-10 22:30:00,17.82,18.98,19.29,19.06,18.55,-1.45,0.0,0.424,0.545,0.382,0.504,0.713
2020-01-10 22:45:00,17.76,18.94,19.22,19.01,18.64,-1.51,0.0,0.388,0.512,0.355,0.472,0.727
2020-01-10 23:00:00,17.83,19.0,19.27,19.06,18.56,-1.57,0.0,0.42,0.528,0.388,0.497,0.678
2020-01-10 23:15:00,17.74,18.94,19.18,18.99,18.68,-1.64,0.0,0.383,0.501,0.365,0.47,0.72
2020-01-10 23:30:00,17.85,19.02,19.25,19.06,18.56,-1.71,0.0,0.428,0.528,0.409,0.505,0.659
2020-01-10 23:45:00,17.72,18.94,19.14,18.97,18.73,-1.77,0.0,0.376,0.489,0.373,0.468,0.719
2020-01-11 00:00:00,17.87,19.06,19.25,19.08,18.55,-1.86,0.0,0.44,0.529,0.431,0.515,0.637
2020-01-11 00:15:00,18.43,18.99,19.17,19.01,18.79,-1.94,0.0,1.0,0.472,0.374,0.46,0.725
2020-01-11 00:30:00,18.51,19.06,19.24,19.07,18.85,-2.03,0.0,0.787,0.504,0.415,0.495,0.605
2020-01-11 00:45:00,18.41,19.05,19.21,19.06,18.87,-2.12,0.0,0.746,0.47,0.378,0.463,0.574
2020-01-11 01:00:00,18.48,19.05,19.21,19.06,18.83,-2.2,0.0,0.795,0.477,0.394,0.472,0.564
2020-01-11 01:15:00,18.46,19.04,19.19,19.04,18.89,-2.27,0.0,0.758,0.475,0.394,0.472,0.583
2020-01-11 01:30:00,18.5,19.06,19.21,19.06,18.86,-2.35,0.0,0.77,0.48,0.405,0.479,0.557
2020-01-11 01:45:00,18.5,19.04,19.18,19.03,18.91,-2.43,0.0,0.751,0.469,0.395,0.47,0.571
2020-01-11 02:00:00,18.54,19.05,19.19,19.05,18.88,-2.51,0.0,0.75,0.481,0.412,0.483,0.547
2020-01-11 02:15:00,18.53,19.03,19.16,19.02,18.92,-2.59,0.0,0.731,0.475,0.405,0.476,0.562
2020-01-11 02:30:00,18.57,19.04,19.17,19.03,18.89,-2.68,0.0,0.733,0.487,0.422,0.489,0.54
2020-01-11 02:45:00,18.56,19.01,19.13,19.01,18.93,-2.76,0.0,0.715,0.481,0.416,0.484,0.556
2020-01-11 03:00:00,18.61,19.04,19.16,19.03,18.9,-2.8,0.0,0.718,0.493,0.433,0.495,0.536
2020-01-11 03:15:00,18.6,19.03,19.14,19.01,18.95,-2.85,0.0,0.695,0.481,0.42,0.486,0.55
2020-01-11 03:30:00,18.63,19.05,19.16,19.03,18.92,-2.89,0.0,0.702,0.487,0.431,0.493,0.526
2020-01-11 03:45:00,18.62,19.04,19.14,19.02,18.96,-2.94,0.0,0.687,0.477,0.42,0.485,0.541
2020-01-11 04:00:00,18.64,19.04,19.15,19.02,18.93,-2.97,0.0,0.692,0.482,0.43,0.491,0.52
2020-01-11 04:15:00,18.89,19.04,18.57,19.02,18.93,-3.0,0.0,0.931,0.479,0.0,0.488,0.533
2020-01-11 04:30:00,18.85,19.01,18.53,19.0,18.86,-3.04,0.0,0.807,0.479,0.216,0.488,0.534
2020-01-11 04:45:00,18.83,19.01,18.61,19.0,18.91,-3.07,0.0,0.823,0.493,0.234,0.501,0.569
2020-01-11 05:00:00,18.87,19.01,18.51,19.0,18.92,-3.12,0.0,0.833,0.494,0.196,0.502,0.545
2020-01-11 05:15:00,18.9,19.01,18.51,18.33,18.83,-3.16,0.0,0.815,0.493,0.245,0.0,0.541
2020-01-11 05:30:00,18.85,18.95,18.43,17.92,18.73,-3.2,0.0,0.798,0.497,0.244,0.0,0.586
2020-01-11 05:45:00,18.86,18.96,18.43,17.89,18.61,-3.25,0.0,0.826,0.526,0.285,0.0,0.633
2020-01-11 06:00:00,18.85,18.92,18.37,17.79,18.67,-3.27,0.0,0.818,0.52,0.285,0.0,0.693
2020-01-11 06:15:00,18.91,18.5,18.4,17.73,18.57,-3.3,0.0,0.823,0.189,0.313,0.0,0.664
2020-01-11 06:30:00,18.81,18.55,18.39,17.6,18.54,-3.32,0.0,0.795,0.402,0.3,0.0,0.714
2020-01-11 06:45:00,18.85,18.63,18.37,17.52,18.48,-3.34,0.0,0.843,0.375,0.305,0.0,0.731
2020-01-11 07:00:00,18.84,18.54,18.36,17.42,18.49,-3.37,0.0,0.824,0.334,0.315,0.0,0.76
2020-01-11 07:15:00,18.86,18.59,18.36,17.36,18.41,-3.4,0.0,0.83,0.38,0.321,0.0,0.753
2020-01-11 07:30:00,18.84,18.55,18.33,17.24,18.45,-3.43,0.0,0.821,0.355,0.32,0.0,0.793
2020-01-11 07:45:00,18.87,18.56,18.35,17.22,18.36,-3.46,0.0,0.831,0.373,0.334,0.0,0.777
2020-01-11 08:00:00,18.82,18.5,18.3,17.1,18.41,-3.41,0.0,0.816,0.368,0.325,0.0,0.822
2020-01-11 08:15:00,18.89,18.51,18.28,17.17,18.33,-3.36,5.6,0.841,0.402,0.349,0.05,1.0
2020-01-11 08:30:00,18.85,18.63,18.44,17.03,18.43,-3.31,61.7,0.803,0.393,0.36,0.016,1.0
2020-01-11 08:45:00,18.92,18.8,18.63,17.17,18.35,-3.27,117.9,0.824,0.335,0.279,0.084,1.0
2020-01-11 09:00:00,18.92,18.82,18.72,17.01,18.54,-2.96,174.1,0.789,0.251,0.183,0.014,1.0
2020-01-11 09:15:00,19.04,19.03,18.98,17.25,18.41,-2.65,230.2,0.789,0.242,0.141,0.093,1.0
2020-01-11 09:30:00,19.06,19.0,18.95,17.11,18.6,-2.34,252.8,0.73,0.135,0.008,0.0,1.0
2020-01-11 09:45:00,19.06,19.0,19.09,17.1,18.67,-2.03,275.4,0.718,0.148,0.024,0.045,1.0
2020-01-11 10:00:00,19.17,19.13,19.34,17.27,18.58,-1.77,298.1,0.721,0.149,0.0,0.052,1.0
2020-01-11 10:15:00,19.14,18.95,19.48,17.16,18.83,-1.51,320.7,0.663,0.086,0.0,0.0,1.0
2020-01-11 10:30:00,19.27,19.15,19.81,17.3,18.83,-1.24,372.4,0.682,0.177,0.0,0.019,0.987
2020-01-11 10:45:00,19.32,19.13,20.22,17.4,19.0,-0.98,424.2,0.613,0.075,0.0,0.0,0.984
2020-01-11 11:00:00,19.37,19.13,20.66,17.5,19.16,-0.68,476.0,0.588,0.085,0.0,0.0,0.902
2020-01-11 11:15:00,19.41,19.12,21.15,17.62,19.35,-0.39,527.7,0.565,0.084,0.0,0.0,0.822
2020-01-11 11:30:00,19.47,19.1,21.49,17.76,19.51,-0.09,537.4,0.546,0.09,0.0,0.0,0.725
2020-01-11 11:45:00,19.51,19.08,21.76,17.85,19.63,0.21,547.0,0.516,0.101,0.0,0.0,0.646
2020-01-11 12:00:00,19.53,19.07,22.0,17.92,19.73,0.42,556.6,0.496,0.109,0.0,0.0,0.584
2020-01-11 12:15:00,19.58,19.09,22.21,18.0,19.82,0.63,566.2,0.485,0.114,0.0,0.0,0.534
2020-01-11 12:30:00,19.59,19.1,22.39,18.11,19.91,0.83,561.2,0.461,0.107,0.0,0.0,0.489
2020-01-11 12:45:00,19.61,19.11,22.55,18.23,19.99,1.04,556.2,0.457,0.101,0.0,0.0,0.446
2020-01-11 13:00:00,19.64,19.13,22.71,18.39,20.08,1.17,551.2,0.444,0.096,0.0,0.0,0.404
2020-01-11 13:15:00,19.66,19.16,22.87,18.57,20.18,1.29,546.2,0.432,0.085,0.0,0.0,0.359
2020-01-11 13:30:00,19.69,19.17,22.97,18.76,20.26,1.41,523.1,0.419,0.072,0.0,0.0,0.311
2020-01-11 13:45:00,19.71,19.19,23.01,18.97,20.33,1.54,500.1,0.405,0.063,0.0,0.0,0.269
2020-01-11 14:00:00,19.69,19.15,22.97,19.13,20.35,1.56,477.0,0.395,0.055,0.0,0.0,0.237
2020-01-11 14:15:00,19.71,19.19,22.96,19.33,20.25,1.59,453.9,0.405,0.073,0.0,0.0,0.223
2020-01-11 14:30:00,19.57,18.99,22.71,19.29,20.49,1.61,432.6,0.397,0.055,0.0,0.0,0.273
2020-01-11 14:45:00,19.68,19.13,22.7,19.44,20.32,1.64,411.3,0.466,0.156,0.0,0.0,0.154
2020-01-11 15:00:00,19.64,19.11,22.67,19.62,20.23,1.56,390.0,0.411,0.084,0.0,0.0,0.24
2020-01-11 15:15:00,19.52,18.89,22.39,19.65,20.42,1.48,368.7,0.43,0.097,0.0,0.0,0.284
2020-01-11 15:30:00,19.65,19.13,22.24,19.67,20.13,1.41,279.6,0.49,0.206,0.0,0.0,0.192
2020-01-11 15:45:00,19.46,18.85,21.89,19.44,20.11,1.33,190.4,0.425,0.086,0.0,0.0,0.335
2020-01-11 16:00:00,19.46,18.81,21.39,19.06,19.89,1.11,101.3,0.522,0.224,0.0,0.0,0.345
2020-01-11 16:15:00,19.38,18.75,20.91,18.62,19.66,0.9,12.2,0.52,0.244,0.0,0.0,0.453
2020-01-11 16:30:00,19.32,18.68,20.59,18.35,19.47,0.68,9.2,0.56,0.277,0.0,0.0,0.568
2020-01-11 16:45:00,19.3,18.63,20.31,18.16,19.32,0.47,0.0,0.589,0.312,0.0,0.0,0.666
2020-01-11 17:00:00,19.27,18.59,20.05,17.99,19.19,0.34,0.0,0.599,0.334,0.0,0.0,0.739
2020-01-11 17:15:00,19.21,18.51,19.76,17.76,19.19,0.2,0.0,0.615,0.354,0.0,0.0,0.807
2020-01-11 17:30:00,19.24,18.58,19.6,17.71,18.93,0.07,0.0,0.646,0.394,0.0,0.0,0.803
2020-01-11 17:45:00,19.19,18.52,19.38,17.63,18.86,-0.06,0.0,0.631,0.362,0.0,0.0,0.933
2020-01-11 18:00:00,19.16,18.49,19.16,17.44,18.88,-0.2,0.0,0.656,0.391,0.0,0.0,0.97
2020-01-11 18:15:00,19.12,18.53,19.08,17.43,18.72,-0.33,0.0,0.672,0.406,0.0,0.0,0.961
2020-01-11 18:30:00,19.09,18.46,18.9,17.27,18.77,-0.47,0.0,0.691,0.384,0.0,0.0,1.0
2020-01-11 18:45:00,19.12,18.46,18.85,17.32,18.62,-0.61,0.0,0.705,0.422,0.048,0.0,1.0
2020-01-11 19:00:00,19.05,18.49,18.76,17.1,18.7,-0.74,0.0,0.691,0.418,0.073,0.0,1.0
2020-01-11 19:15:00,19.11,18.51,18.74,17.21,18.54,-0.87,0.0,0.723,0.403,0.122,0.048,1.0
2020-01-11 19:30:00,19.03,18.46,18.64,16.98,18.68,-1.01,0.0,0.696,0.397,0.13,0.0,1.0
2020-01-11 19:45:00,19.15,18.53,18.6,17.19,18.46,-1.14,0.0,0.735,0.42,0.182,0.108,1.0
2020-01-11 20:00:00,19.08,18.48,18.57,16.98,18.58,-1.27,0.0,0.675,0.387,0.198,0.005,1.0
2020-01-11 20:15:00,18.8,18.43,19.11,17.03,18.56,-1.4,0.0,0.459,0.41,0.713,0.108,1.0
2020-01-11 20:30:00,18.88,18.46,19.03,17.05,18.6,-1.53,0.0,0.599,0.433,0.445,0.084,1.0
2020-01-11 20:45:00,18.87,18.46,19.0,17.03,18.57,-1.66,0.0,0.558,0.418,0.483,0.076,1.0
2020-01-11 21:00:00,18.79,18.44,19.04,16.98,18.56,-1.79,0.0,0.567,0.421,0.502,0.087,1.0
2020-01-11 21:15:00,18.84,18.46,19.04,17.62,18.69,-1.92,0.0,0.603,0.429,0.48,1.0,1.0
2020-01-11 21:30:00,18.84,18.51,19.12,18.27,18.94,-2.05,0.0,0.582,0.419,0.478,1.0,1.0
2020-01-11 21:45:00,18.81,18.55,19.15,18.24,19.02,-2.18,0.0,0.58,0.396,0.439,0.863,0.931
2020-01-11 22:00:00,18.79,18.5,19.13,18.28,18.99,-2.32,0.0,0.597,0.377,0.426,0.88,0.888
2020-01-11 22:15:00,18.8,18.87,19.15,18.32,19.05,-2.45,0.0,0.605,0.75,0.435,0.858,0.907
2020-01-11 22:30:00,18.78,18.87,19.18,18.36,19.1,-2.59,0.0,0.602,0.565,0.424,0.842,0.876
2020-01-11 22:45:00,18.76,18.84,19.15,18.4,19.09,-2.73,0.0,0.612,0.563,0.411,0.822,0.85
2020-01-11 23:00:00,18.75,18.87,19.15,18.45,19.1,-2.85,0.0,0.62,0.581,0.424,0.8,0.853
2020-01-11 23:15:00,18.73,18.87,19.14,18.49,19.12,-2.98,0.0,0.627,0.564,0.427,0.777,0.85
2020-01-11 23:30:00,18.72,18.88,19.13,18.55,19.13,-3.11,0.0,0.634,0.567,0.431,0.753,0.838
2020-01-11 23:45:00,18.71,18.88,19.12,18.59,19.15,-3.24,0.0,0.638,0.561,0.436,0.727,0.836
2020-01-12 00:00:00,18.69,18.87,19.1,18.63,19.15,-3.38,0.0,0.647,0.561,0.441,0.706,0.825
2020-01-12 00:15:00,18.67,18.86,19.08,18.63,19.08,-3.53,0.0,0.656,0.565,0.451,0.683,0.424
2020-01-12 00:30:00,18.69,18.82,18.97,18.62,19.07,-3.67,0.0,0.666,0.571,0.458,0.683,0.461
2020-01-12 00:45:00,18.66,18.82,19.0,18.64,19.06,-3.82,0.0,0.654,0.588,0.514,0.69,0.464
2020-01-12 01:00:00,18.65,18.83,18.99,18.65,19.06,-4.01,0.0,0.672,0.588,0.5,0.679,0.472
2020-01-12 01:15:00,18.58,18.83,19.07,18.67,19.05,-4.2,0.0,0.674,0.587,0.506,0.675,0.471
2020-01-12 01:30:00,18.6,18.83,19.02,18.68,19.04,-4.38,0.0,0.712,0.586,0.465,0.667,0.473
2020-01-12 01:45:00,18.58,18.83,19.02,18.68,19.05,-4.57,0.0,0.699,0.585,0.49,0.661,0.481
2020-01-12 02:00:00,18.59,18.92,19.03,18.64,19.03,-4.75,0.0,0.711,0.586,0.489,0.66,0.474
2020-01-12 02:15:00,18.58,18.87,19.02,18.67,19.04,-4.93,0.0,0.706,0.54,0.486,0.682,0.486
2020-01-12 02:30:00,18.58,18.9,19.02,18.68,19.02,-5.11,0.0,0.712,0.564,0.489,0.666,0.48
2020-01-12 02:45:00,18.58,18.9,19.03,18.69,19.04,-5.29,0.0,0.708,0.55,0.488,0.66,0.489
2020-01-12 03:00:00,18.59,18.91,19.03,18.71,19.02,-5.4,0.0,0.711,0.55,0.487,0.657,0.482
2020-01-12 03:15:00,18.58,18.86,19.03,18.75,19.04,-5.51,0.0,0.707,0.546,0.487,0.647,0.489
2020-01-12 03:30:00,18.59,18.9,19.03,18.74,19.02,-5.63,0.0,0.71,0.569,0.487,0.627,0.482
2020-01-12 03:45:00,18.58,18.9,19.03,18.75,19.04,-5.74,0.0,0.705,0.549,0.486,0.629,0.488
2020-01-12 04:00:00,18.58,18.89,19.02,18.76,19.03,-5.85,0.0,0.708,0.552,0.485,0.624,0.48
2020-01-12 04:15:00,18.6,18.89,18.98,18.75,19.05,-5.96,0.0,0.709,0.553,0.489,0.621,0.586
2020-01-12 04:30:00,18.59,18.9,19.0,18.77,19.04,-6.07,0.0,0.702,0.555,0.508,0.623,0.573
2020-01-12 04:45:00,18.58,18.89,18.99,18.76,19.05,-6.18,0.0,0.706,0.552,0.5,0.616,0.578
2020-01-12 05:00:00,18.58,18.89,18.99,18.77,19.04,-6.3,0.0,0.71,0.557,0.506,0.62,0.574
2020-01-12 05:15:00,18.59,19.29,18.34,18.77,18.99,-6.41,0.0,0.711,1.0,0.0,0.617,0.581
2020-01-12 05:30:00,18.53,19.47,18.33,18.74,18.93,-6.53,0.0,0.704,1.0,0.23,0.613,0.604
2020-01-12 05:45:00,18.54,19.45,18.41,18.75,19.0,-6.64,0.0,0.734,0.966,0.234,0.631,0.633
2020-01-12 06:00:00,18.55,19.49,18.34,18.76,19.0,-6.73,0.0,0.73,0.977,0.196,0.626,0.599
2020-01-12 06:15:00,18.52,19.49,18.32,18.56,18.99,-6.83,0.0,0.726,0.956,0.23,0.471,0.602
2020-01-12 06:30:00,18.52,19.51,18.28,18.62,18.93,-6.92,0.0,0.738,0.954,0.24,0.569,0.605
2020-01-12 06:45:00,18.49,19.5,18.22,18.58,18.97,-7.02,0.0,0.741,0.946,0.26,0.54,0.635
2020-01-12 07:00:00,18.52,19.57,18.26,18.61,18.9,-7.09,0.0,0.755,0.952,0.288,0.561,0.617
2020-01-12 07:15:00,18.49,19.56,18.19,18.59,18.99,-7.16,0.0,0.74,0.916,0.269,0.543,0.648
2020-01-12 07:30:00,18.54,19.65,18.26,18.64,18.9,-7.24,0.0,0.753,0.918,0.306,0.556,0.604
2020-01-12 07:45:00,18.5,19.62,18.18,18.59,19.03,-7.31,0.0,0.731,0.873,0.272,0.529,0.648
2020-01-12 08:00:00,18.56,19.71,18.27,18.66,18.91,-7.35,0.0,0.75,0.892,0.312,0.554,0.585
2020-01-12 08:15:00,17.62,19.66,18.18,18.61,18.81,-7.38,4.3,0.0,0.847,0.264,0.521,0.647
2020-01-12 08:30:00,17.59,19.83,18.38,18.56,18.65,-7.42,88.0,0.242,0.869,0.312,0.546,0.695
2020-01-12 08:45:00,17.65,20.01,18.62,18.61,18.91,-7.45,171.7,0.257,0.784,0.211,0.572,0.777
2020-01-12 09:00:00,17.68,20.31,18.87,18.68,18.94,-7.36,255.3,0.223,0.694,0.091,0.543,0.646
2020-01-12 09:15:00,17.66,20.42,19.15,18.71,19.1,-7.27,339.0,0.208,0.545,0.0,0.508,0.632
2020-01-12 09:30:00,17.67,20.49,19.49,18.75,19.15,-7.18,368.6,0.219,0.491,0.0,0.495,0.552
2020-01-12 09:45:00,17.64,20.5,19.82,18.76,19.2,-7.09,398.2,0.216,0.455,0.0,0.476,0.523
2020-01-12 10:00:00,17.66,20.55,20.12,18.8,19.22,-7.02,427.9,0.228,0.448,0.0,0.471,0.502
2020-01-12 10:15:00,17.63,20.55,20.38,18.81,19.32,-6.95,457.5,0.221,0.423,0.0,0.451,0.492
2020-01-12 10:30:00,17.68,20.59,20.66,18.87,19.33,-6.88,477.6,0.235,0.424,0.0,0.443,0.441
2020-01-12 10:45:00,17.64,20.52,20.91,18.86,19.45,-6.8,497.7,0.212,0.405,0.0,0.415,0.433
2020-01-12 11:00:00,17.72,20.54,21.18,18.93,19.51,-6.73,517.7,0.231,0.44,0.0,0.418,0.373
2020-01-12 11:15:00,17.72,20.51,21.5,18.98,19.6,-6.66,537.8,0.192,0.429,0.0,0.383,0.345
2020-01-12 11:30:00,17.76,20.46,21.76,19.01,19.58,-6.59,538.9,0.19,0.446,0.0,0.362,0.301
2020-01-12 11:45:00,17.67,20.34,21.85,18.96,19.74,-6.52,539.9,0.171,0.471,0.0,0.345,0.308
2020-01-12 12:00:00,17.82,20.4,22.09,19.06,19.63,-6.49,541.0,0.216,0.529,0.0,0.369,0.23
2020-01-12 12:15:00,17.61,20.28,22.12,18.97,19.87,-6.45,542.0,0.142,0.501,0.0,0.318,0.286
2020-01-12 12:30:00,17.9,20.41,22.37,19.2,19.64,-6.41,538.2,0.244,0.562,0.0,0.366,0.167
2020-01-12 12:45:00,17.66,20.31,22.38,19.14,19.85,-6.38,534.3,0.102,0.497,0.0,0.252,0.282
2020-01-12 13:00:00,17.77,20.31,22.45,19.25,19.88,-6.37,530.4,0.221,0.546,0.0,0.279,0.175
2020-01-12 13:15:00,17.68,20.28,22.48,19.33,20.02,-6.37,526.6,0.167,0.545,0.0,0.223,0.158
2020-01-12 13:30:00,17.88,20.37,22.67,19.53,19.81,-6.36,514.3,0.208,0.562,0.0,0.186,0.091
2020-01-12 13:45:00,17.68,20.29,22.59,19.51,19.96,-6.35,502.1,0.11,0.517,0.0,0.087,0.195
2020-01-12 14:00:00,17.68,20.23,22.47,19.6,20.06,-6.38,489.9,0.212,0.555,0.0,0.096,0.12
2020-01-12 14:15:00,17.88,20.36,22.62,19.8,19.81,-6.4,477.6,0.212,0.587,0.0,0.051,0.069
2020-01-12 14:30:00,17.63,20.26,22.48,19.82,19.95,-6.43,456.6,0.11,0.518,0.0,0.0,0.193
2020-01-12 14:45:00,17.71,20.24,22.34,19.91,19.9,-6.45,435.6,0.233,0.57,0.0,0.0,0.125
2020-01-12 15:00:00,17.59,20.19,22.18,20.01,19.99,-6.52,414.6,0.197,0.581,0.0,0.0,0.15
2020-01-12 15:15:00,17.71,20.24,22.12,20.12,19.81,-6.59,393.5,0.253,0.606,0.0,0.0,0.103
2020-01-12 15:30:00,17.66,20.21,21.86,20.01,19.71,-6.66,297.9,0.195,0.582,0.0,0.0,0.196
2020-01-12 15:45:00,17.53,20.13,21.45,19.71,19.59,-6.73,202.3,0.22,0.593,0.0,0.0,0.246
2020-01-12 16:00:00,17.48,20.04,20.94,19.21,19.39,-6.86,106.8,0.285,0.634,0.0,0.0,0.305
2020-01-12 16:15:00,17.4,19.97,20.44,18.95,19.2,-6.98,11.2,0.311,0.679,0.0,0.245,0.407
2020-01-12 16:30:00,17.34,19.9,20.14,18.97,19.07,-7.11,8.4,0.351,0.715,0.0,0.376,0.501
2020-01-12 16:45:00,17.32,19.87,19.88,18.9,18.99,-7.24,0.0,0.381,0.751,0.0,0.365,0.564
2020-01-12 17:00:00,17.25,19.77,19.61,18.81,19.04,-7.21,0.0,0.388,0.766,0.0,0.402,0.604
2020-01-12 17:15:00,17.41,19.91,19.48,18.84,18.76,-7.18,0.0,0.427,0.813,0.0,0.444,0.58
2020-01-12 17:30:00,17.22,19.78,19.23,18.76,18.82,-7.15,0.0,0.347,0.743,0.0,0.43,0.718
2020-01-12 17:45:00,17.21,19.68,18.95,18.69,18.83,-7.13,0.0,0.438,0.811,0.0,0.47,0.688
2020-01-12 18:00:00,17.34,19.83,18.78,18.71,18.62,-7.17,0.0,0.447,0.861,0.0,0.507,0.686
2020-01-12 18:15:00,17.12,19.63,18.56,18.63,18.82,-7.22,0.0,0.381,0.786,0.012,0.494,0.79
2020-01-12 18:30:00,17.36,19.82,18.58,18.67,18.52,-7.27,0.0,0.492,0.885,0.12,0.535,0.692
2020-01-12 18:45:00,17.16,19.69,18.46,18.62,18.69,-7.32,0.0,0.368,0.791,0.109,0.517,0.838
2020-01-12 19:00:00,17.19,19.64,18.39,18.61,18.71,-7.37,0.0,0.47,0.857,0.172,0.542,0.756
2020-01-12 19:15:00,17.3,19.77,18.42,18.67,18.57,-7.41,0.0,0.455,0.88,0.207,0.546,0.747
2020-01-12 19:30:00,17.15,19.66,18.29,18.63,18.76,-7.46,0.0,0.398,0.814,0.191,0.514,0.813
2020-01-12 19:45:00,17.36,19.83,18.4,18.68,18.53,-7.5,0.0,0.474,0.872,0.255,0.536,0.719
2020-01-12 20:00:00,17.19,19.73,18.29,18.65,18.69,-7.55,0.0,0.371,0.783,0.199,0.511,0.835
2020-01-12 20:15:00,17.19,19.66,18.25,18.61,18.7,-7.61,0.0,0.453,0.837,0.257,0.527,0.656
2020-01-12 20:30:00,17.29,19.79,18.31,18.64,18.55,-7.66,0.0,0.455,0.869,0.276,0.545,0.651
2020-01-12 20:45:00,17.12,19.63,18.18,18.59,18.74,-7.71,0.0,0.403,0.806,0.247,0.531,0.727
2020-01-12 21:00:00,17.34,19.81,18.31,18.64,18.47,-7.72,0.0,0.49,0.883,0.312,0.553,0.632
2020-01-12 21:15:00,17.17,19.05,18.8,18.62,18.57,-7.72,0.0,0.382,0.094,0.846,0.529,0.763
2020-01-12 21:30:00,17.19,19.12,18.85,18.6,18.46,-7.72,0.0,0.465,0.473,0.599,0.54,0.714
2020-01-12 21:45:00,17.19,19.19,18.77,18.61,18.55,-7.73,0.0,0.456,0.438,0.573,0.551,0.768
2020-01-12 22:00:00,17.23,19.16,18.85,18.63,18.52,-7.72,0.0,0.453,0.403,0.615,0.544,0.726
2020-01-12 22:15:00,17.2,19.15,18.83,18.8,18.56,-7.72,0.0,0.433,0.418,0.573,0.684,0.741
2020-01-12 22:30:00,17.25,19.18,18.86,18.77,18.54,-7.72,0.0,0.451,0.423,0.587,0.601,0.721
2020-01-12 22:45:00,17.21,19.12,18.87,18.77,18.58,-7.72,0.0,0.424,0.41,0.568,0.614,0.731
2020-01-12 23:00:00,17.26,19.15,18.91,18.81,18.52,-7.67,0.0,0.445,0.438,0.565,0.615,0.709
2020-01-12 23:15:00,17.22,19.08,18.88,18.78,18.6,-7.63,0.0,0.418,0.427,0.545,0.596,0.738
2020-01-12 23:30:00,17.29,19.12,18.95,18.83,18.51,-7.59,0.0,0.44,0.46,0.558,0.608,0.7
2020-01-12 23:45:00,17.2,19.04,18.92,18.8,18.63,-7.55,0.0,0.404,0.438,0.524,0.583,0.745
2020-01-13 00:00:00,17.32,19.1,18.99,18.85,18.48,-7.54,0.0,0.448,0.482,0.542,0.602,0.687
2020-01-13 00:15:00,17.83,19.03,18.95,18.82,18.7,-7.53,0.0,1.0,0.451,0.505,0.574,0.759
2020-01-13 00:30:00,18.1,19.11,19.01,18.87,18.79,-7.53,0.0,1.0,0.483,0.527,0.59,0.65
2020-01-13 00:45:00,18.07,19.07,18.99,18.85,18.88,-7.52,0.0,0.948,0.446,0.493,0.563,0.603
2020-01-13 01:00:00,18.14,19.09,19.02,18.86,18.8,-7.53,0.0,0.966,0.467,0.504,0.573,0.558
2020-01-13 01:15:00,18.1,19.04,18.99,18.85,18.89,-7.53,0.0,0.928,0.455,0.492,0.568,0.598
2020-01-13 01:30:00,18.18,19.08,19.02,18.86,18.81,-7.54,0.0,0.949,0.48,0.507,0.574,0.557
2020-01-13 01:45:00,18.15,19.02,18.98,18.85,18.89,-7.55,0.0,0.912,0.462,0.49,0.568,0.595
2020-01-13 02:00:00,18.23,19.06,19.01,18.85,18.82,-7.53,0.0,0.923,0.489,0.509,0.576,0.554
2020-01-13 02:15:00,18.21,19.01,18.97,18.83,18.9,-7.5,0.0,0.883,0.472,0.495,0.574,0.59
2020-01-13 02:30:00,18.28,19.03,19.0,18.84,18.83,-7.48,0.0,0.897,0.497,0.514,0.583,0.55
2020-01-13 02:45:00,18.26,18.99,18.96,18.82,18.9,-7.46,0.0,0.86,0.483,0.501,0.58,0.585
2020-01-13 03:00:00,18.31,19.0,18.97,18.81,18.84,-7.46,0.0,0.871,0.505,0.518,0.59,0.548
2020-01-13 03:15:00,18.27,18.96,18.93,18.78,18.9,-7.46,0.0,0.843,0.499,0.513,0.594,0.58
2020-01-13 03:30:00,18.31,18.97,18.94,18.78,18.83,-7.46,0.0,0.863,0.519,0.533,0.61,0.552
2020-01-13 03:45:00,18.28,18.94,18.9,18.75,18.88,-7.47,0.0,0.843,0.514,0.532,0.608,0.586
2020-01-13 04:00:00,18.33,18.97,18.93,18.78,18.82,-7.46,0.0,0.861,0.532,0.549,0.627,0.56
2020-01-13 04:15:00,18.3,18.94,18.92,18.77,18.89,-7.45,0.0,0.835,0.517,0.533,0.608,0.591
2020-01-13 04:30:00,18.35,18.97,18.94,18.79,18.83,-7.45,0.0,0.848,0.53,0.542,0.617,0.557
2020-01-13 04:45:00,18.33,18.95,18.93,18.78,18.89,-7.44,0.0,0.823,0.517,0.53,0.605,0.585
2020-01-13 05:00:00,18.36,18.95,18.92,18.78,18.84,-7.42,0.0,0.836,0.527,0.536,0.61,0.556
2020-01-13 05:15:00,18.33,18.93,18.9,18.76,18.88,-7.41,0.0,0.821,0.524,0.538,0.61,0.579
2020-01-13 05:30:00,18.36,18.93,18.91,18.76,18.84,-7.39,0.0,0.834,0.536,0.548,0.621,0.562
2020-01-13 05:45:00,18.33,18.92,18.89,18.74,18.87,-7.38,0.0,0.822,0.533,0.547,0.618,0.582
2020-01-13 06:00:00,18.35,18.92,18.89,18.75,18.83,-7.37,0.0,0.833,0.542,0.557,0.629,0.567
2020-01-13 06:15:00,18.37,19.01,18.2,18.75,18.77,-7.36,0.0,0.823,0.64,0.0,0.626,0.585
2020-01-13 06:30:00,18.3,18.96,18.06,18.71,18.67,-7.35,0.0,0.815,0.594,0.201,0.626,0.613
2020-01-13 06:45:00,18.32,18.96,18.2,18.71,18.68,-7.35,0.0,0.851,0.618,0.271,0.647,0.663
2020-01-13 07:00:00,18.33,18.94,18.1,18.77,18.74,-7.33,0.0,0.842,0.62,0.201,0.646,0.662
2020-01-13 07:15:00,17.31,18.95,18.12,18.75,18.53,-7.32,0.0,0.0,0.631,0.25,0.617,1.0
2020-01-13 07:30:00,17.48,18.88,18.03,18.69,18.44,-7.31,0.0,0.443,0.623,0.241,0.624,1.0
2020-01-13 07:45:00,17.59,18.96,18.1,18.76,18.47,-7.3,0.0,0.359,0.66,0.286,0.653,1.0
2020-01-13 08:00:00,17.4,18.91,18.0,18.72,18.59,-7.28,0.0,0.305,0.618,0.252,0.621,1.0
2020-01-13 08:15:00,17.55,19.0,18.08,18.99,18.41,-7.25,3.4,0.4,0.643,0.3,0.841,1.0
2020-01-13 08:30:00,17.35,18.93,17.97,18.86,18.67,-7.22,27.2,0.325,0.602,0.262,0.705,1.0
2020-01-13 08:45:00,17.58,19.15,18.18,19.03,18.4,-7.19,50.9,0.423,0.633,0.314,0.768,1.0
2020-01-13 09:00:00,17.41,19.08,18.08,18.98,18.62,-6.97,74.6,0.312,0.525,0.21,0.683,1.0
2020-01-13 09:15:00,17.43,19.11,18.14,18.98,18.67,-6.75,98.4,0.395,0.561,0.262,0.71,1.0
2020-01-13 09:30:00,17.54,19.28,18.32,19.11,18.57,-6.54,120.2,0.385,0.546,0.231,0.71,1.0
2020-01-13 09:45:00,17.4,19.21,18.25,19.02,18.79,-6.32,142.0,0.33,0.46,0.141,0.645,1.0
2020-01-13 10:00:00,17.6,19.35,18.46,19.21,18.59,-6.12,163.8,0.399,0.494,0.176,0.691,1.0
2020-01-13 10:15:00,17.46,19.29,18.41,19.15,18.77,-5.92,185.6,0.299,0.423,0.07,0.595,1.0
2020-01-13 10:30:00,17.48,19.28,18.47,19.15,18.82,-5.73,201.1,0.37,0.454,0.093,0.626,1.0
2020-01-13 10:45:00,17.6,19.39,18.61,19.27,18.73,-5.53,216.6,0.359,0.461,0.066,0.623,1.0
2020-01-13 11:00:00,17.49,19.29,18.61,19.22,18.92,-5.33,232.1,0.299,0.406,0.0,0.563,1.0
2020-01-13 11:15:00,17.69,19.44,18.79,19.37,18.75,-5.13,247.6,0.357,0.453,0.0,0.591,1.0
2020-01-13 11:30:00,17.49,19.28,18.92,19.26,19.03,-4.93,256.2,0.254,0.38,0.0,0.515,1.0
2020-01-13 11:45:00,17.72,19.42,19.06,19.41,18.91,-4.73,264.9,0.357,0.458,0.0,0.569,1.0
2020-01-13 12:00:00,17.68,19.43,19.26,19.46,18.94,-4.52,273.6,0.238,0.389,0.0,0.495,1.0
2020-01-13 12:15:00,17.63,19.36,19.35,19.39,19.04,-4.31,282.2,0.26,0.383,0.0,0.471,1.0
2020-01-13 12:30:00,17.75,19.46,19.62,19.54,18.97,-4.11,320.3,0.283,0.419,0.0,0.503,1.0
2020-01-13 12:45:00,17.63,19.38,19.82,19.51,19.18,-3.9,358.3,0.223,0.368,0.0,0.431,1.0
2020-01-13 13:00:00,17.79,19.48,20.14,19.69,19.21,-3.7,396.4,0.287,0.409,0.0,0.444,1.0
2020-01-13 13:15:00,17.78,19.51,20.48,19.83,19.35,-3.51,434.5,0.203,0.358,0.0,0.355,1.0
2020-01-13 13:30:00,17.82,19.49,20.67,19.93,19.37,-3.31,432.0,0.212,0.347,0.0,0.283,1.0
2020-01-13 13:45:00,17.74,19.47,20.72,19.96,19.51,-3.11,429.5,0.191,0.354,0.0,0.237,1.0
2020-01-13 14:00:00,17.87,19.49,20.95,20.17,19.45,-3.04,427.0,0.231,0.364,0.0,0.221,1.0
2020-01-13 14:15:00,17.7,19.46,20.97,20.14,19.69,-2.97,424.5,0.167,0.355,0.0,0.113,1.0
2020-01-13 14:30:00,17.95,19.51,21.13,20.38,19.52,-2.89,410.2,0.249,0.372,0.0,0.128,1.0
2020-01-13 14:45:00,17.75,19.48,21.1,20.31,19.69,-2.82,395.9,0.125,0.345,0.0,0.009,1.0
2020-01-13 15:00:00,17.75,19.41,21.02,20.36,19.78,-2.85,381.6,0.226,0.359,0.0,0.045,1.0
2020-01-13 15:15:00,17.93,19.52,21.13,20.57,19.59,-2.87,367.3,0.224,0.394,0.0,0.022,1.0
2020-01-13 15:30:00,17.72,19.44,20.9,20.41,19.68,-2.9,292.7,0.134,0.34,0.0,0.0,1.0
2020-01-13 15:45:00,17.75,19.4,20.6,20.2,19.57,-2.93,218.1,0.242,0.382,0.0,0.0,1.0
2020-01-13 16:00:00,17.68,19.37,20.3,20.07,19.45,-3.1,143.6,0.224,0.402,0.0,0.101,1.0
2020-01-13 16:15:00,17.62,19.32,19.93,19.82,19.3,-3.26,69.0,0.26,0.417,0.0,0.163,1.0
2020-01-13 16:30:00,17.56,19.28,19.66,19.75,19.17,-3.43,51.8,0.29,0.441,0.0,0.29,1.0
2020-01-13 16:45:00,17.54,19.26,19.35,19.54,19.07,-3.6,0.0,0.32,0.461,0.0,0.327,1.0
2020-01-13 17:00:00,17.46,19.2,19.07,19.46,19.05,-3.65,0.0,0.328,0.471,0.0,0.431,1.0
2020-01-13 17:15:00,17.58,19.25,18.86,19.5,18.87,-3.71,0.0,0.371,0.501,0.0,0.468,1.0
2020-01-13 17:30:00,17.37,19.15,18.62,19.35,19.02,-3.76,0.0,0.311,0.475,0.0,0.448,1.0
2020-01-13 17:45:00,17.6,19.24,18.51,19.44,18.74,-3.81,0.0,0.415,0.526,0.0,0.527,1.0
2020-01-13 18:00:00,17.37,19.14,18.38,19.3,18.84,-3.89,0.0,0.301,0.481,0.043,0.479,1.0
2020-01-13 18:15:00,17.38,19.08,18.29,19.22,18.83,-3.96,0.0,0.416,0.532,0.109,0.549,1.0
2020-01-13 18:30:00,17.47,19.16,18.32,19.3,18.7,-4.03,0.0,0.411,0.558,0.155,0.59,1.0
2020-01-13 18:45:00,17.29,19.05,18.15,19.16,18.84,-4.11,0.0,0.365,0.521,0.141,0.549,1.0
2020-01-13 19:00:00,17.49,19.12,18.26,19.32,18.6,-4.11,0.0,0.454,0.577,0.225,0.621,1.0
2020-01-13 19:15:00,17.23,19.01,18.04,19.12,18.86,-4.11,0.0,0.353,0.542,0.172,0.542,1.0
2020-01-13 19:30:00,17.46,19.11,18.17,19.25,18.68,-4.11,0.0,0.486,0.597,0.279,0.638,1.0
2020-01-13 19:45:00,17.43,19.14,18.17,19.28,18.65,-4.11,0.0,0.371,0.547,0.216,0.577,1.0
2020-01-13 20:00:00,17.3,19.04,18.04,19.15,18.79,-4.15,0.0,0.383,0.53,0.214,0.562,1.0
2020-01-13 20:15:00,17.5,19.16,18.2,19.28,18.58,-4.18,0.0,0.448,0.582,0.282,0.626,1.0
2020-01-13 20:30:00,17.26,19.03,17.99,19.14,18.85,-4.22,0.0,0.348,0.519,0.201,0.558,1.0
2020-01-13 20:45:00,17.5,19.15,18.16,19.26,18.69,-4.26,0.0,0.468,0.583,0.305,0.632,1.0
2020-01-13 21:00:00,17.47,19.18,18.15,19.29,18.67,-4.28,0.0,0.352,0.525,0.221,0.572,1.0
2020-01-13 21:15:00,17.33,19.07,18.01,19.16,18.8,-4.3,0.0,0.363,0.508,0.227,0.554,1.0
2020-01-13 21:30:00,17.52,19.19,18.16,19.28,18.58,-4.33,0.0,0.435,0.567,0.293,0.621,1.0
2020-01-13 21:45:00,17.26,19.04,17.95,19.13,18.85,-4.35,0.0,0.342,0.504,0.221,0.561,1.0
2020-01-13 22:00:00,17.47,19.13,18.08,19.21,18.67,-4.39,0.0,0.469,0.579,0.323,0.636,1.0
2020-01-13 22:15:00,17.39,19.02,18.68,19.2,18.73,-4.43,0.0,0.366,0.433,0.958,0.593,1.0
2020-01-13 22:30:00,17.37,18.99,18.72,19.15,18.79,-4.48,0.0,0.403,0.49,0.659,0.601,1.0
2020-01-13 22:45:00,17.41,19.02,18.63,19.17,18.74,-4.52,0.0,0.417,0.506,0.642,0.625,1.0
2020-01-13 23:00:00,17.35,18.96,18.73,19.18,18.78,-4.55,0.0,0.394,0.492,0.687,0.616,1.0
2020-01-13 23:15:00,17.95,19.01,18.78,19.2,18.84,-4.57,0.0,1.0,0.522,0.636,0.61,0.61
2020-01-13 23:30:00,18.29,19.04,18.83,19.25,18.97,-4.6,0.0,1.0,0.497,0.611,0.598,0.58
2020-01-13 23:45:00,18.17,19.03,18.87,19.24,19.07,-4.63,0.0,0.855,0.478,0.584,0.573,0.515
2020-01-14 00:00:00,18.27,19.03,18.91,19.27,18.96,-4.68,0.0,0.913,0.486,0.566,0.579,0.467
2020-01-14 00:15:00,18.23,19.01,18.88,18.97,19.06,-4.73,0.0,0.865,0.484,0.545,0.366,0.518
2020-01-14 00:30:00,18.33,19.03,18.93,19.06,18.93,-4.78,0.0,0.887,0.493,0.558,0.515,0.468
2020-01-14 00:45:00,18.26,19.01,18.9,19.03,19.04,-4.84,0.0,0.837,0.486,0.535,0.468,0.534
2020-01-14 01:00:00,18.38,19.02,18.94,19.03,18.94,-4.9,0.0,0.868,0.497,0.551,0.486,0.478
2020-01-14 01:15:00,18.33,19.0,18.92,19.01,19.05,-4.97,0.0,0.81,0.488,0.529,0.483,0.53
2020-01-14 01:30:00,18.43,19.02,18.95,19.03,18.95,-5.04,0.0,0.837,0.5,0.541,0.494,0.474
2020-01-14 01:45:00,18.37,19.0,18.93,19.0,19.05,-5.11,0.0,0.783,0.491,0.523,0.487,0.524
2020-01-14 02:00:00,18.46,19.03,18.97,19.02,18.96,-5.16,0.0,0.817,0.501,0.535,0.502,0.477
2020-01-14 02:15:00,18.41,19.01,18.96,19.01,19.04,-5.2,0.0,0.772,0.487,0.514,0.489,0.522
2020-01-14 02:30:00,18.48,19.04,18.99,19.02,18.97,-5.25,0.0,0.795,0.493,0.518,0.496,0.482
2020-01-14 02:45:00,18.45,19.03,19.0,19.02,19.03,-5.29,0.0,0.759,0.482,0.504,0.488,0.514
2020-01-14 03:00:00,18.5,19.04,19.0,19.01,18.98,-5.33,0.0,0.774,0.485,0.502,0.492,0.485
2020-01-14 03:15:00,18.47,19.03,19.0,19.01,19.02,-5.36,0.0,0.75,0.481,0.5,0.493,0.508
2020-01-14 03:30:00,18.52,19.04,18.99,19.01,18.99,-5.39,0.0,0.763,0.486,0.501,0.496,0.49
2020-01-14 03:45:00,18.5,19.03,18.99,19.0,19.02,-5.42,0.0,0.739,0.481,0.507,0.495,0.507
2020-01-14 04:00:00,18.53,19.03,18.99,19.0,18.99,-5.46,0.0,0.751,0.486,0.504,0.498,0.49
2020-01-14 04:15:00,18.51,19.03,18.99,19.0,18.85,-5.49,0.0,0.737,0.483,0.504,0.499,0.0
2020-01-14 04:30:00,18.48,19.0,18.97,18.97,18.86,-5.52,0.0,0.745,0.487,0.506,0.502,0.0
2020-01-14 04:45:00,18.51,19.02,18.98,18.99,18.8,-5.55,0.0,0.76,0.502,0.516,0.516,0.0
2020-01-14 05:00:00,18.49,18.99,18.97,18.96,18.83,-5.55,0.0,0.745,0.491,0.508,0.507,0.0
2020-01-14 05:15:00,18.51,19.01,18.98,18.98,18.77,-5.55,0.0,0.755,0.503,0.517,0.519,0.0
2020-01-14 05:30:00,18.5,18.99,18.96,18.96,18.79,-5.55,0.0,0.743,0.494,0.509,0.51,0.0
2020-01-14 05:45:00,18.52,19.01,18.98,18.97,18.74,-5.55,0.0,0.752,0.506,0.519,0.522,0.0
2020-01-14 06:00:00,18.5,18.98,18.96,18.95,18.76,-5.57,0.0,0.741,0.496,0.51,0.513,0.0
2020-01-14 06:15:00,18.77,19.0,18.29,18.97,18.68,-5.6,0.0,1.0,0.508,0.0,0.525,0.0
2020-01-14 06:30:00,18.86,18.96,17.88,18.93,18.6,-5.62,0.0,1.0,0.499,0.0,0.517,0.0
2020-01-14 06:45:00,18.86,18.97,17.83,18.93,18.5,-5.65,0.0,1.0,0.519,0.0,0.537,0.0
2020-01-14 07:00:00,18.85,18.93,17.73,18.9,18.52,-5.66,0.0,1.0,0.515,0.0,0.533,0.0
2020-01-14 07:15:00,18.91,18.23,17.68,18.91,18.4,-5.67,0.0,1.0,0.0,0.0,0.552,0.0
2020-01-14 07:30:00,18.86,17.77,17.59,18.86,18.32,-5.68,0.0,1.0,0.0,0.0,0.545,0.0
2020-01-14 07:45:00,18.85,17.95,17.49,18.86,18.21,-5.69,0.0,1.0,0.166,0.0,0.571,0.0
2020-01-14 08:00:00,18.84,17.73,17.35,18.82,18.25,-5.67,0.0,1.0,0.076,0.0,0.57,0.0
2020-01-14 08:15:00,18.89,17.77,17.28,18.11,18.07,-5.64,3.5,1.0,0.186,0.0,0.0,0.0
2020-01-14 08:30:00,18.83,17.82,17.23,17.62,17.99,-5.61,45.0,1.0,0.164,0.0,0.0,0.067
2020-01-14 08:45:00,18.84,17.85,17.31,17.82,17.93,-5.59,86.6,1.0,0.142,0.0,0.141,0.103
2020-01-14 09:00:00,18.86,17.87,17.37,17.68,18.04,-5.45,128.1,1.0,0.126,0.0,0.04,0.133
2020-01-14 09:15:00,18.94,17.98,17.58,17.74,17.98,-5.31,169.6,1.0,0.117,0.0,0.11,0.079
2020-01-14 09:30:00,18.94,17.87,17.64,17.63,18.14,-5.17,177.2,1.0,0.06,0.0,0.081,0.111
2020-01-14 09:45:00,19.05,17.98,17.77,17.71,18.02,-5.03,184.7,1.0,0.114,0.0,0.135,0.029
2020-01-14 10:00:00,19.03,17.86,17.8,17.56,18.19,-4.88,192.3,1.0,0.062,0.0,0.095,0.092
2020-01-14 10:15:00,19.15,17.98,17.93,17.7,18.03,-4.74,199.8,1.0,0.119,0.0,0.171,0.003
2020-01-14 10:30:00,19.11,17.83,18.0,17.49,18.25,-4.6,212.3,1.0,0.061,0.0,0.101,0.085
2020-01-14 10:45:00,19.25,17.97,18.19,17.72,18.04,-4.46,224.8,1.0,0.133,0.0,0.203,0.0
2020-01-14 11:00:00,19.18,17.75,18.32,17.47,18.31,-4.34,237.3,1.0,0.063,0.0,0.088,0.08
2020-01-14 11:15:00,19.35,17.96,18.55,17.75,18.02,-4.21,249.7,1.0,0.174,0.0,0.215,0.0
2020-01-14 11:30:00,19.36,17.76,18.6,17.55,18.26,-4.09,255.0,1.0,0.069,0.0,0.075,0.088
2020-01-14 11:45:00,19.33,17.76,18.69,17.58,18.3,-3.97,260.3,1.0,0.171,0.0,0.176,0.0
2020-01-14 12:00:00,19.44,17.83,18.87,17.68,18.19,-3.88,265.6,1.0,0.17,0.0,0.162,0.0
2020-01-14 12:15:00,19.41,17.7,18.91,17.54,18.37,-3.79,270.9,1.0,0.133,0.0,0.108,0.006
2020-01-14 12:30:00,19.53,17.88,19.06,17.77,18.21,-3.7,264.8,1.0,0.201,0.0,0.182,0.0
2020-01-14 12:45:00,19.47,17.67,19.01,17.56,18.47,-3.61,258.8,1.0,0.112,0.0,0.065,0.0
2020-01-14 13:00:00,19.59,17.85,19.1,17.79,18.36,-3.56,252.7,1.0,0.216,0.0,0.171,0.0
2020-01-14 13:15:00,19.66,17.82,19.2,17.8,18.35,-3.51,246.6,1.0,0.127,0.0,0.054,0.0
2020-01-14 13:30:00,19.58,17.72,19.17,17.74,18.49,-3.46,248.0,1.0,0.138,0.0,0.05,0.0
2020-01-14 13:45:00,19.67,17.87,19.27,17.93,18.34,-3.41,249.3,1.0,0.19,0.0,0.08,0.0
2020-01-14 14:00:00,19.6,17.66,19.21,17.8,18.56,-3.38,250.6,1.0,0.113,0.0,0.0,0.0
2020-01-14 14:15:00,19.71,17.9,19.33,18.03,18.33,-3.36,251.9,1.0,0.22,0.0,0.051,0.0
2020-01-14 14:30:00,19.71,17.7,19.24,17.97,18.5,-3.33,240.2,1.0,0.101,0.0,0.0,0.0
2020-01-14 14:45:00,19.63,17.71,19.15,17.93,18.54,-3.3,228.4,1.0,0.202,0.0,0.0,0.0
2020-01-14 15:00:00,19.71,17.81,19.17,18.04,18.37,-3.32,216.6,1.0,0.194,0.0,0.0,0.0
2020-01-14 15:15:00,19.62,17.61,19.02,17.98,18.53,-3.35,204.9,1.0,0.146,0.0,0.0,0.0
2020-01-14 15:30:00,19.7,17.82,18.99,18.05,18.32,-3.37,187.0,1.0,0.245,0.0,0.0,0.0
2020-01-14 15:45:00,19.58,17.54,18.85,18.01,18.5,-3.39,169.1,1.0,0.14,0.0,0.0,0.0
2020-01-14 16:00:00,19.66,17.81,18.82,18.1,18.25,-3.48,151.2,1.0,0.278,0.0,0.0,0.0
2020-01-14 16:15:00,19.61,17.58,18.63,17.99,18.35,-3.57,133.3,1.0,0.147,0.0,0.0,0.0
2020-01-14 16:30:00,19.51,17.59,18.39,17.77,18.34,-3.65,100.0,1.0,0.259,0.0,0.0,0.0
2020-01-14 16:45:00,19.54,17.62,18.04,17.51,18.16,-3.74,0.0,1.0,0.253,0.0,0.066,0.0
2020-01-14 17:00:00,19.46,17.54,17.77,17.53,18.08,-3.83,0.0,1.0,0.238,0.0,0.195,0.022
2020-01-14 17:15:00,19.4,17.55,17.61,17.47,18.06,-3.91,0.0,1.0,0.279,0.0,0.186,0.062
2020-01-14 17:30:00,19.38,17.55,17.5,17.46,17.99,-4.0,0.0,1.0,0.276,0.0,0.215,0.068
2020-01-14 17:45:00,19.33,17.5,17.37,17.41,17.98,-4.08,0.0,1.0,0.277,0.0,0.219,0.104
2020-01-14 18:00:00,19.33,17.53,17.28,17.42,17.91,-4.13,0.0,1.0,0.298,0.0,0.245,0.109
2020-01-14 18:15:00,19.28,17.48,17.16,17.36,17.92,-4.18,0.0,1.0,0.284,0.0,0.242,0.145
2020-01-14 18:30:00,19.28,17.52,17.12,17.39,17.84,-4.22,0.0,1.0,0.308,0.018,0.268,0.14
2020-01-14 18:45:00,19.22,17.47,17.07,17.33,17.88,-4.27,0.0,1.0,0.291,0.039,0.254,0.18
2020-01-14 19:00:00,19.24,17.5,17.05,17.37,17.79,-4.36,0.0,1.0,0.317,0.067,0.286,0.161
2020-01-14 19:15:00,19.18,17.44,16.96,17.29,17.85,-4.44,0.0,1.0,0.298,0.073,0.265,0.204
2020-01-14 19:30:00,19.2,17.5,17.01,17.35,17.74,-4.53,0.0,1.0,0.33,0.119,0.304,0.174
2020-01-14 19:45:00,19.13,17.41,16.89,17.25,17.84,-4.62,0.0,1.0,0.302,0.095,0.273,0.23
2020-01-14 20:00:00,19.17,17.49,17.0,17.35,17.69,-4.64,0.0,1.0,0.344,0.156,0.323,0.18
2020-01-14 20:15:00,19.07,17.38,16.81,17.21,17.94,-4.66,0.0,1.0,0.303,0.099,0.277,1.0
2020-01-14 20:30:00,19.19,17.54,17.05,17.39,17.74,-4.68,0.0,1.0,0.36,0.196,0.346,1.0
2020-01-14 20:45:00,19.17,17.42,16.84,17.25,17.9,-4.7,0.0,1.0,0.28,0.074,0.253,1.0
2020-01-14 21:00:00,19.08,17.41,16.85,17.24,17.96,-4.75,0.0,1.0,0.338,0.18,0.323,1.0
2020-01-14 21:15:00,19.17,17.53,16.99,17.37,17.8,-4.8,0.0,1.0,0.344,0.177,0.329,1.0
2020-01-14 21:30:00,19.08,17.37,16.76,17.2,18.03,-4.84,0.0,1.0,0.287,0.106,0.264,1.0
2020-01-14 21:45:00,19.19,17.57,17.04,17.42,17.76,-4.89,0.0,1.0,0.364,0.219,0.352,0.986
2020-01-14 22:00:00,19.17,17.42,16.82,17.25,17.95,-4.95,0.0,1.0,0.266,0.08,0.241,1.0
2020-01-14 22:15:00,18.68,17.45,17.51,17.29,17.97,-5.01,0.0,0.414,0.339,1.0,0.323,1.0
2020-01-14 22:30:00,18.78,17.49,18.16,17.33,18.04,-5.07,0.0,0.659,0.323,1.0,0.306,1.0
2020-01-14 22:45:00,18.79,17.5,18.27,17.34,18.1,-5.12,0.0,0.608,0.306,0.918,0.286,0.98
2020-01-14 23:00:00,18.73,17.48,18.33,17.31,18.12,-5.14,0.0,0.606,0.301,0.866,0.281,0.949
2020-01-14 23:15:00,18.76,18.15,18.42,17.34,18.2,-5.16,0.0,0.637,1.0,0.837,0.293,0.941
2020-01-14 23:30:00,18.74,18.55,18.51,17.38,18.3,-5.17,0.0,0.619,0.926,0.788,0.279,0.901
2020-01-14 23:45:00,18.73,18.37,18.57,17.36,18.32,-5.19,0.0,0.63,0.726,0.745,0.261,0.852
2020-01-15 00:00:00,18.71,18.45,18.63,17.37,18.29,-5.28,0.0,0.637,0.814,0.717,0.269,0.839
2020-01-15 00:15:00,18.72,18.52,18.66,18.0,18.46,-5.37,0.0,0.645,0.773,0.685,1.0,0.853
2020-01-15 00:30:00,18.72,18.57,18.71,18.43,18.59,-5.46,0.0,0.638,0.739,0.67,0.999,0.769
2020-01-15 00:45:00,18.69,18.6,18.71,18.27,18.67,-5.55,0.0,0.64,0.715,0.643,0.787,0.704
2020-01-15 01:00:00,18.7,18.65,18.74,18.36,18.59,-5.53,0.0,0.654,0.7,0.643,0.867,0.665
2020-01-15 01:15:00,18.67,18.68,18.74,18.34,18.68,-5.51,0.0,0.652,0.675,0.628,0.819,0.703
2020-01-15 01:30:00,18.67,18.73,18.77,18.38,18.65,-5.49,0.0,0.667,0.662,0.632,0.832,0.66
2020-01-15 01:45:00,18.66,18.72,18.76,18.41,18.7,-5.47,0.0,0.665,0.637,0.615,0.808,0.674
2020-01-15 02:00:00,18.65,18.74,18.78,18.46,18.7,-5.5,0.0,0.672,0.639,0.621,0.797,0.649
2020-01-15 02:15:00,18.64,18.75,18.77,18.48,18.73,-5.53,0.0,0.676,0.628,0.612,0.77,0.652
2020-01-15 02:30:00,18.63,18.76,18.78,18.53,18.73,-5.56,0.0,0.681,0.625,0.613,0.758,0.635
2020-01-15 02:45:00,18.62,18.77,18.78,18.56,18.75,-5.59,0.0,0.683,0.619,0.609,0.736,0.635
2020-01-15 03:00:00,18.61,18.77,18.77,18.59,18.76,-5.62,0.0,0.688,0.616,0.61,0.721,0.624
2020-01-15 03:15:00,18.63,19.12,18.78,18.62,18.8,-5.65,0.0,0.693,1.0,0.615,0.707,0.622
2020-01-15 03:30:00,18.6,19.25,18.76,18.62,18.85,-5.67,0.0,0.683,1.0,0.61,0.688,0.6
2020-01-15 03:45:00,18.59,19.25,18.75,18.63,18.85,-5.7,0.0,0.7,1.0,0.621,0.689,0.574
2020-01-15 04:00:00,18.59,19.28,18.76,18.64,18.86,-5.72,0.0,0.703,1.0,0.623,0.685,0.573
2020-01-15 04:15:00,18.58,19.3,18.75,18.65,18.87,-5.73,0.0,0.704,1.0,0.622,0.678,0.571
2020-01-15 04:30:00,18.58,19.33,18.75,18.66,18.88,-5.75,0.0,0.708,1.0,0.624,0.674,0.563
2020-01-15 04:45:00,18.54,19.36,18.8,18.67,18.89,-5.77,0.0,0.708,1.0,0.624,0.668,0.562
2020-01-15 05:00:00,18.55,19.39,18.78,18.68,18.89,-5.8,0.0,0.73,1.0,0.602,0.667,0.556
2020-01-15 05:15:00,18.54,19.43,18.78,18.68,18.91,-5.84,0.0,0.723,1.0,0.611,0.662,0.555
2020-01-15 05:30:00,18.54,19.46,18.79,18.69,18.91,-5.87,0.0,0.729,1.0,0.608,0.661,0.546
2020-01-15 05:45:00,18.54,19.49,18.79,18.69,18.93,-5.9,0.0,0.729,1.0,0.606,0.657,0.545
2020-01-15 06:00:00,18.53,19.53,18.79,18.69,18.93,-5.94,0.0,0.732,1.0,0.607,0.657,0.537
2020-01-15 06:15:00,18.31,19.55,18.79,18.69,18.94,-5.98,0.0,0.533,1.0,0.605,0.653,0.536
2020-01-15 06:30:00,18.38,19.57,18.79,18.7,18.88,-6.02,0.0,0.647,1.0,0.605,0.653,0.528
2020-01-15 06:45:00,18.33,19.56,18.78,18.68,18.95,-6.06,0.0,0.608,1.0,0.604,0.649,0.562
2020-01-15 07:00:00,18.36,19.61,18.8,18.71,18.89,-6.05,0.0,0.635,1.0,0.612,0.659,0.527
2020-01-15 07:15:00,18.34,19.61,18.69,17.97,18.81,-6.04,0.0,0.622,1.0,0.502,0.0,0.557
2020-01-15 07:30:00,18.26,19.54,18.63,17.54,18.7,-6.03,0.0,0.632,1.0,0.556,0.0,0.593
2020-01-15 07:45:00,18.27,19.53,18.67,17.47,18.58,-6.02,0.0,0.67,1.0,0.583,0.0,0.651
2020-01-15 08:00:00,18.25,19.5,18.65,17.31,18.61,-6.01,0.0,0.663,1.0,0.566,0.0,0.709
2020-01-15 08:15:00,18.27,19.55,18.67,17.27,18.4,-6.0,2.4,0.677,1.0,0.575,0.0,0.045
2020-01-15 08:30:00,18.26,19.49,18.62,17.06,18.49,-5.98,21.2,0.663,1.0,0.565,0.0,0.152
2020-01-15 08:45:00,18.3,19.64,18.77,17.09,18.31,-5.97,40.1,0.669,1.0,0.59,0.0,0.106
2020-01-15 09:00:00,18.28,19.59,18.72,16.89,18.5,-5.85,58.9,0.649,1.0,0.517,0.0,0.197
2020-01-15 09:15:00,18.35,19.79,18.9,17.09,18.27,-5.73,77.8,0.662,1.0,0.541,0.053,0.099
2020-01-15 09:30:00,18.36,19.78,18.83,16.94,18.45,-5.62,81.4,0.626,1.0,0.451,0.0,0.215
2020-01-15 09:45:00,18.34,19.71,18.82,16.86,18.52,-5.5,85.1,0.62,1.0,0.484,0.032,0.123
2020-01-15 10:00:00,18.41,19.88,18.96,17.06,18.29,-5.39,88.8,0.628,1.0,0.49,0.07,0.089
2020-01-15 10:15:00,18.43,19.86,18.89,16.89,18.45,-5.27,92.5,0.595,1.0,0.42,0.0,0.205
2020-01-15 10:30:00,18.42,19.82,18.95,16.85,18.51,-5.15,105.1,0.587,1.0,0.455,0.056,0.124
2020-01-15 10:45:00,18.47,19.98,19.09,17.04,18.34,-5.04,117.8,0.59,1.0,0.427,0.075,0.097
2020-01-15 11:00:00,18.45,19.88,19.04,16.8,18.59,-4.94,130.5,0.564,1.0,0.354,0.0,0.18
2020-01-15 11:15:00,18.52,20.02,19.19,17.0,18.47,-4.84,143.2,0.575,1.0,0.381,0.101,0.053
2020-01-15 11:30:00,18.51,20.11,19.29,17.03,18.43,-4.74,154.1,0.542,1.0,0.303,0.002,0.113
2020-01-15 11:45:00,18.5,19.97,19.19,16.85,18.63,-4.64,165.0,0.544,1.0,0.256,0.0,0.133
2020-01-15 12:00:00,18.55,20.13,19.43,17.11,18.38,-4.53,175.9,0.549,1.0,0.303,0.073,0.033
2020-01-15 12:15:00,18.55,20.09,19.31,16.96,18.57,-4.42,186.8,0.524,1.0,0.187,0.0,0.159
2020-01-15 12:30:00,18.54,20.01,19.35,16.9,18.65,-4.32,190.4,0.525,1.0,0.243,0.021,0.064
2020-01-15 12:45:00,18.58,20.18,19.51,17.14,18.44,-4.21,193.9,0.532,1.0,0.225,0.049,0.027
2020-01-15 13:00:00,18.54,20.03,19.32,16.93,18.73,-4.14,197.4,0.509,1.0,0.147,0.0,0.132
2020-01-15 13:15:00,18.6,20.16,19.51,17.1,18.57,-4.07,200.9,0.531,1.0,0.242,0.033,0.0
2020-01-15 13:30:00,18.58,20.26,19.48,17.19,18.52,-4.0,186.1,0.5,1.0,0.145,0.0,0.063
2020-01-15 13:45:00,18.54,20.09,19.31,17.02,18.73,-3.94,171.3,0.512,1.0,0.16,0.0,0.09
2020-01-15 14:00:00,18.58,20.25,19.46,17.18,18.45,-3.92,156.5,0.528,1.0,0.245,0.0,0.0
2020-01-15 14:15:00,18.5,20.03,19.17,16.96,18.74,-3.9,141.7,0.512,1.0,0.171,0.0,0.124
2020-01-15 14:30:00,18.55,20.14,19.32,17.08,18.52,-3.88,139.2,0.548,1.0,0.317,0.019,0.0
2020-01-15 14:45:00,18.51,20.2,19.3,17.14,18.44,-3.86,136.7,0.523,1.0,0.239,0.0,0.089
2020-01-15 15:00:00,18.46,20.0,19.12,16.95,18.65,-3.89,134.2,0.545,1.0,0.252,0.0,0.13
2020-01-15 15:15:00,18.49,20.08,19.24,17.07,18.48,-3.92,131.7,0.571,1.0,0.34,0.027,0.025
2020-01-15 15:30:00,18.44,20.08,19.17,17.12,18.42,-3.95,115.6,0.554,1.0,0.278,0.0,0.109
2020-01-15 15:45:00,18.4,19.91,19.02,16.94,18.56,-3.97,99.5,0.582,1.0,0.316,0.0,0.138
2020-01-15 16:00:00,18.42,20.01,19.11,17.07,18.31,-4.06,83.4,0.601,1.0,0.39,0.032,0.072
2020-01-15 16:15:00,18.35,19.82,18.88,16.79,18.53,-4.15,67.3,0.591,1.0,0.347,0.0,0.195
2020-01-15 16:30:00,18.39,19.9,18.94,16.92,18.33,-4.24,50.4,0.624,1.0,0.461,0.105,0.086
2020-01-15 16:45:00,18.31,19.92,18.87,16.75,18.25,-4.33,0.0,0.603,1.0,0.429,0.041,0.187
2020-01-15 17:00:00,18.29,19.76,18.76,16.66,18.33,-4.4,0.0,0.646,1.0,0.466,0.123,0.224
2020-01-15 17:15:00,18.3,19.82,18.84,16.8,18.15,-4.48,0.0,0.653,1.0,0.519,0.172,0.186
2020-01-15 17:30:00,18.25,19.68,18.71,16.56,18.33,-4.56,0.0,0.651,1.0,0.48,0.101,0.275
2020-01-15 17:45:00,18.28,19.8,18.83,16.82,18.06,-4.64,0.0,0.673,1.0,0.547,0.222,0.184
2020-01-15 18:00:00,18.26,19.71,18.72,16.58,18.2,-4.61,0.0,0.661,1.0,0.484,0.089,0.322
2020-01-15 18:15:00,18.2,19.57,18.66,16.56,18.26,-4.58,0.0,0.668,1.0,0.541,0.211,0.248
2020-01-15 18:30:00,18.24,19.7,18.78,16.74,18.02,-4.56,0.0,0.698,1.0,0.572,0.219,0.222
2020-01-15 18:45:00,18.23,19.63,18.66,16.53,18.15,-4.53,0.0,0.68,1.0,0.51,0.13,0.338
2020-01-15 19:00:00,18.17,19.51,18.61,16.52,18.2,-4.54,0.0,0.686,1.0,0.572,0.237,0.276
2020-01-15 19:15:00,18.23,18.97,18.69,16.6,17.99,-4.56,0.0,0.713,0.246,0.593,0.24,0.252
2020-01-15 19:30:00,18.16,19.0,18.58,16.46,17.92,-4.57,0.0,0.684,0.513,0.557,0.198,0.353
2020-01-15 19:45:00,18.15,18.97,18.59,16.51,17.91,-4.58,0.0,0.722,0.5,0.61,0.271,0.391
2020-01-15 20:00:00,18.17,18.93,18.6,16.49,17.93,-4.54,0.0,0.723,0.517,0.606,0.247,0.393
2020-01-15 20:15:00,18.17,18.92,18.6,16.51,17.91,-4.5,0.0,0.715,0.533,0.602,0.253,0.386
2020-01-15 20:30:00,18.17,18.88,18.59,16.5,17.92,-4.45,0.0,0.716,0.538,0.602,0.246,0.395
2020-01-15 20:45:00,18.18,18.88,18.6,16.52,17.9,-4.41,0.0,0.716,0.558,0.605,0.252,0.39
2020-01-15 21:00:00,18.16,18.83,18.58,16.49,17.92,-4.38,0.0,0.711,0.562,0.599,0.241,0.402
2020-01-15 21:15:00,18.18,18.84,18.6,16.53,17.87,-4.35,0.0,0.718,0.585,0.609,0.254,0.391
2020-01-15 21:30:00,18.16,18.87,18.57,16.43,17.92,-4.32,0.0,0.712,0.579,0.599,0.237,0.413
2020-01-15 21:45:00,18.18,18.86,18.61,16.53,17.86,-4.29,0.0,0.719,0.567,0.614,0.287,0.389
2020-01-15 22:00:00,18.16,18.81,18.57,16.43,17.94,-4.27,0.0,0.709,0.57,0.595,0.236,0.422
2020-01-15 22:15:00,18.39,18.8,18.63,16.6,17.83,-4.25,0.0,0.92,0.594,0.617,0.285,0.38
2020-01-15 22:30:00,18.31,18.74,18.55,16.42,18.01,-4.23,0.0,0.804,0.598,0.585,0.2,0.436
2020-01-15 22:45:00,18.4,18.87,18.67,16.64,17.79,-4.21,0.0,0.847,0.63,0.625,0.289,0.344
2020-01-15 23:00:00,18.32,18.69,18.52,16.37,18.08,-4.2,0.0,0.801,0.565,0.563,0.178,0.454
2020-01-15 23:15:00,18.45,18.86,18.74,17.12,18.03,-4.18,0.0,0.841,0.654,0.741,1.0,0.311
2020-01-15 23:30:00,18.51,18.93,18.82,17.62,18.25,-4.17,0.0,0.774,0.572,0.629,1.0,0.335
2020-01-15 23:45:00,18.49,18.92,18.8,17.7,18.29,-4.15,0.0,0.744,0.533,0.588,1.0,0.223
