time,T1,T2,T3,T4,T5,T6,T7,T8,T9,T10,T_amb,irrad,u1,u2,u3,u4,u5,u6,u7,u8,u9,u10,T_sup,T_lb,T_ub,E1,E2,E3,E4,E5,E6,E7,E8,E9,E10,Tret1,Tret2,Tret3,Tret4,Tret5,Tret6,Tret7,Tret8,Tret9,Tret10,F1,F2,F3,F4,F5,F6,F7,F8,F9,F10
2020-01-03 00:00:00,19.68,19.69,19.88,19.84,19.81,19.81,19.81,19.87,19.83,19.81,-0.63,0.0,0.425,0.433,0.396,0.616,0.371,0.384,0.381,0.258,0.333,0.379,36.0,23.0,23.0,902.45,958.18,601.76,908.51,104.22,638.94,662.88,432.67,566.54,126.83,25.28,25.29,23.05,24.1,20.77,23.65,23.56,22.82,23.27,21.12,0.020137,0.021395,0.011113,0.018259,0.001637,0.012375,0.012753,0.007854,0.010649,0.002038
2020-01-03 00:15:00,20.1,20.12,20.53,20.45,20.08,20.04,20.05,20.14,20.08,19.88,-0.49,0.0,1.0,1.0,1.0,1.0,1.0,1.0,1.0,1.0,1.0,1.0,36.0,23.0,23.0,1595.56,1676.3,1223.62,1293.47,259.53,1491.27,1561.72,1475.19,1521.2,322.59,27.92,27.86,25.55,25.53,21.9,24.89,24.81,24.36,24.59,21.63,0.047383,0.04943,0.028075,0.029625,0.004411,0.03219,0.033452,0.030392,0.031957,0.005381
2020-01-03 00:30:00,20.47,20.48,21.05,20.91,20.45,20.49,20.5,20.65,20.53,20.01,-0.34,0.0,1.0,1.0,1.0,1.0,1.0,1.0,1.0,1.0,1.0,1.0,36.0,23.0,23.0,1598.24,1679.59,1227.43,1296.92,259.41,1383.14,1449.0,1347.23,1407.9,314.08,27.93,27.87,25.54,25.53,21.93,25.72,25.64,25.4,25.46,22.04,0.047383,0.04943,0.028075,0.029625,0.004411,0.03219,0.033452,0.030392,0.031957,0.005381
2020-01-03 00:45:00,20.6,20.63,21.25,21.09,20.65,20.89,20.89,21.12,20.95,20.15,-0.2,0.0,1.0,1.0,1.0,1.0,1.0,1.0,1.0,1.0,1.0,1.0,36.0,23.0,23.0,1585.14,1665.22,1212.18,1283.63,257.9,1311.48,1374.1,1263.82,1332.88,307.59,28.0,27.94,25.67,25.63,22.01,26.25,26.17,26.05,26.02,22.32,0.047383,0.04943,0.028075,0.029625,0.004411,0.03219,0.033452,0.030392,0.031957,0.005381
2020-01-03 01:00:00,20.6,20.63,21.34,21.17,20.73,21.16,21.17,21.44,21.23,20.28,-0.32,0.0,1.0,1.0,1.0,1.0,1.0,1.0,1.0,1.0,1.0,1.0,36.0,23.0,23.0,1521.44,1598.64,1175.41,1246.74,255.6,1264.57,1325.04,1209.07,1283.43,302.79,28.32,28.26,25.98,25.93,22.14,26.6,26.52,26.48,26.39,22.54,0.047383,0.04943,0.028075,0.029625,0.004411,0.03219,0.033452,0.030392,0.031957,0.005381
2020-01-03 01:15:00,20.63,20.65,21.41,21.24,20.78,21.36,21.36,21.66,21.43,20.39,-0.44,0.0,1.0,1.0,1.0,1.0,1.0,1.0,1.0,1.0,1.0,1.0,36.0,23.0,23.0,1518.07,1594.97,1168.0,1240.59,254.91,1230.72,1289.29,1169.71,1247.53,298.93,28.34,28.28,26.05,25.98,22.18,26.85,26.78,26.79,26.66,22.71,0.047383,0.04943,0.028075,0.029625,0.004411,0.03219,0.033452,0.030392,0.031957,0.005381
2020-01-03 01:30:00,20.66,20.69,21.48,21.31,20.84,21.52,21.51,21.84,21.58,20.48,-0.55,0.0,1.0,1.0,1.0,1.0,1.0,1.0,1.0,1.0,1.0,1.0,36.0,23.0,23.0,1515.52,1592.12,1161.45,1235.26,254.26,1205.23,1262.59,1140.64,1220.78,295.74,28.35,28.29,26.1,26.02,22.21,27.04,26.97,27.02,26.86,22.85,0.047383,0.04943,0.028075,0.029625,0.004411,0.03219,0.033452,0.030392,0.031957,0.005381
2020-01-03 01:45:00,20.7,20.73,21.56,21.39,20.9,21.66,21.64,21.98,21.72,20.58,-0.67,0.0,1.0,1.0,1.0,1.0,1.0,1.0,1.0,1.0,1.0,1.0,36.0,23.0,23.0,1503.8,1579.43,1147.24,1222.54,252.61,1185.23,1241.77,1118.24,1199.95,293.02,28.41,28.36,26.22,26.13,22.3,27.19,27.12,27.2,27.02,22.97,0.047383,0.04943,0.028075,0.029625,0.004411,0.03219,0.033452,0.030392,0.031957,0.005381
2020-01-03 02:00:00,20.75,20.78,21.65,21.46,20.97,21.79,21.76,22.11,21.84,20.66,-0.79,0.0,1.0,1.0,1.0,1.0,1.0,1.0,1.0,1.0,1.0,1.0,36.0,23.0,23.0,1492.38,1567.08,1133.26,1210.06,251.03,1168.81,1224.73,1100.15,1182.96,290.62,28.47,28.42,26.34,26.23,22.39,27.31,27.24,27.34,27.14,23.08,0.047383,0.04943,0.028075,0.029625,0.004411,0.03219,0.033452,0.030392,0.031957,0.005381
2020-01-03 02:15:00,20.79,20.82,21.73,21.54,21.04,21.9,21.87,22.23,21.95,20.75,-0.91,0.0,1.0,1.0,1.0,1.0,1.0,1.0,1.0,1.0,1.0,1.0,36.0,23.0,23.0,1481.02,1554.82,1119.35,1197.63,249.39,1154.83,1210.27,1085.05,1168.61,288.45,28.52,28.47,26.46,26.33,22.48,27.42,27.34,27.46,27.25,23.18,0.047383,0.04943,0.028075,0.029625,0.004411,0.03219,0.033452,0.030392,0.031957,0.005381
2020-01-03 02:30:00,20.83,20.87,21.82,21.62,21.11,22.0,21.96,22.33,22.04,20.83,-1.03,0.0,1.0,1.0,1.0,1.0,1.0,1.0,1.0,1.0,1.0,1.0,36.0,23.0,23.0,1469.75,1542.67,1105.45,1185.24,247.77,1142.69,1197.76,1072.19,1156.25,286.46,28.58,28.53,26.58,26.43,22.56,27.51,27.43,27.56,27.34,23.26,0.047383,0.04943,0.028075,0.029625,0.004411,0.03219,0.033452,0.030392,0.031957,0.005381
2020-01-03 02:45:00,20.88,20.91,21.9,21.7,21.17,22.09,22.05,22.42,22.13,20.91,-1.15,0.0,1.0,1.0,1.0,1.0,1.0,1.0,1.0,1.0,1.0,1.0,36.0,23.0,23.0,1458.63,1530.69,1091.67,1173.0,246.15,1131.99,1186.76,1061.05,1145.44,284.61,28.64,28.59,26.7,26.53,22.65,27.59,27.51,27.65,27.42,23.35,0.047383,0.04943,0.028075,0.029625,0.004411,0.03219,0.033452,0.030392,0.031957,0.005381
2020-01-03 03:00:00,20.93,20.96,21.98,21.78,21.24,22.17,22.13,22.5,22.21,20.98,-1.17,0.0,1.0,1.0,1.0,1.0,1.0,1.0,1.0,1.0,1.0,1.0,36.0,23.0,23.0,1447.45,1518.63,1077.82,1160.71,244.54,1122.39,1176.91,1051.23,1135.82,282.87,28.69,28.65,26.82,26.63,22.74,27.66,27.58,27.73,27.5,23.42,0.047383,0.04943,0.028075,0.029625,0.004411,0.03219,0.033452,0.030392,0.031957,0.005381
2020-01-03 03:15:00,20.98,21.01,22.07,21.85,21.31,22.26,22.21,22.58,22.29,21.06,-1.2,0.0,1.0,1.0,1.0,1.0,1.0,1.0,1.0,1.0,1.0,1.0,36.0,23.0,23.0,1435.94,1506.19,1063.92,1148.4,242.93,1113.63,1167.86,1042.38,1127.08,281.23,28.75,28.71,26.93,26.73,22.83,27.72,27.65,27.79,27.56,23.5,0.047383,0.04943,0.028075,0.029625,0.004411,0.03219,0.033452,0.030392,0.031957,0.005381
2020-01-03 03:30:00,21.02,21.06,22.14,21.92,21.38,22.33,22.28,22.66,22.36,21.13,-1.22,0.0,1.0,1.0,1.0,1.0,1.0,1.0,1.0,1.0,1.0,1.0,36.0,23.0,23.0,1430.19,1499.99,1057.18,1141.79,241.78,1105.63,1159.59,1034.39,1119.16,279.67,28.78,28.74,26.99,26.78,22.89,27.78,27.71,27.86,27.62,23.57,0.047383,0.04943,0.028075,0.029625,0.004411,0.03219,0.033452,0.030392,0.031957,0.005381
2020-01-03 03:45:00,21.06,21.09,22.2,21.98,21.44,22.4,22.35,22.72,22.42,21.2,-1.25,0.0,1.0,1.0,1.0,1.0,1.0,1.0,1.0,1.0,1.0,1.0,36.0,23.0,23.0,1424.51,1493.86,1050.46,1135.22,240.63,1098.3,1152.0,1027.15,1111.93,278.18,28.81,28.77,27.05,26.83,22.95,27.84,27.76,27.91,27.68,23.63,0.047383,0.04943,0.028075,0.029625,0.004411,0.03219,0.033452,0.030392,0.031957,0.005381
2020-01-03 04:00:00,21.09,21.13,22.26,22.04,21.49,22.46,22.41,22.78,22.48,21.27,-1.3,0.0,1.0,1.0,1.0,1.0,1.0,1.0,1.0,1.0,1.0,1.0,36.0,23.0,23.0,1419.11,1488.08,1044.08,1128.94,239.52,1091.54,1145.02,1020.58,1105.31,276.74,28.83,28.8,27.1,26.88,23.01,27.89,27.81,27.97,27.73,23.7,0.047383,0.04943,0.028075,0.029625,0.004411,0.03219,0.033452,0.030392,0.031957,0.005381
2020-01-03 04:15:00,21.12,21.16,22.31,22.09,21.54,22.52,22.47,22.84,22.54,21.33,-1.36,0.0,1.0,1.0,1.0,1.0,1.0,1.0,1.0,1.0,1.0,1.0,36.0,23.0,23.0,1414.04,1482.66,1037.95,1122.87,238.44,1085.31,1138.6,1014.61,1099.25,275.36,28.86,28.82,27.16,26.93,23.07,27.93,27.86,28.01,27.77,23.76,0.047383,0.04943,0.028075,0.029625,0.004411,0.03219,0.033452,0.030392,0.031957,0.005381
2020-01-03 04:30:00,21.15,21.19,22.36,22.14,21.59,22.58,22.52,22.89,22.59,21.39,-1.41,0.0,1.0,1.0,1.0,1.0,1.0,1.0,1.0,1.0,1.0,1.0,36.0,23.0,23.0,1409.11,1477.4,1031.96,1116.96,237.39,1079.56,1132.68,1009.18,1093.67,274.03,28.89,28.85,27.21,26.98,23.13,27.98,27.9,28.06,27.81,23.82,0.047383,0.04943,0.028075,0.029625,0.004411,0.03219,0.033452,0.030392,0.031957,0.005381
2020-01-03 04:45:00,21.18,21.21,22.41,22.19,21.63,22.63,22.57,22.94,22.63,21.46,-1.47,0.0,1.0,1.0,1.0,1.0,1.0,1.0,1.0,1.0,1.0,1.0,36.0,23.0,23.0,1404.34,1472.31,1026.14,1111.2,236.35,1074.24,1127.21,1004.23,1088.53,272.74,28.91,28.87,27.26,27.03,23.18,28.02,27.94,28.1,27.85,23.87,0.047383,0.04943,0.028075,0.029625,0.004411,0.03219,0.033452,0.030392,0.031957,0.005381
2020-01-03 05:00:00,21.21,21.24,22.45,22.23,21.68,22.67,22.62,22.98,22.68,21.52,-1.52,0.0,1.0,1.0,1.0,1.0,1.0,1.0,1.0,1.0,1.0,1.0,36.0,23.0,23.0,1399.65,1467.29,1020.38,1105.51,235.34,1069.27,1122.1,999.66,1083.76,271.5,28.93,28.9,27.31,27.07,23.24,28.05,27.98,28.13,27.89,23.93,0.047383,0.04943,0.028075,0.029625,0.004411,0.03219,0.033452,0.030392,0.031957,0.005381
2020-01-03 05:15:00,21.23,21.27,22.5,22.28,21.72,22.72,22.67,23.03,22.72,21.58,-1.57,0.0,1.0,1.0,1.0,1.0,1.0,1.0,1.0,1.0,1.0,1.0,36.0,23.0,23.0,1396.2,1463.6,1016.39,1101.32,234.48,1064.63,1117.29,995.42,1079.31,270.29,28.95,28.92,27.34,27.11,23.28,28.09,28.01,28.16,27.92,23.98,0.047383,0.04943,0.028075,0.029625,0.004411,0.03219,0.033452,0.030392,0.031957,0.005381
2020-01-03 05:30:00,21.25,21.29,22.54,22.32,21.76,22.76,22.71,23.07,22.76,21.63,-1.61,0.0,1.0,1.0,1.0,1.0,1.0,1.0,1.0,1.0,1.0,1.0,36.0,23.0,23.0,1392.84,1460.0,1012.48,1097.21,233.64,1060.3,1112.79,991.5,1075.19,269.11,28.97,28.93,27.37,27.14,23.33,28.12,28.04,28.2,27.95,24.04,0.047383,0.04943,0.028075,0.029625,0.004411,0.03219,0.033452,0.030392,0.031957,0.005381
2020-01-03 05:45:00,21.28,21.31,22.57,22.35,21.79,22.8,22.75,23.1,22.8,21.69,-1.66,0.0,1.0,1.0,1.0,1.0,1.0,1.0,1.0,1.0,1.0,1.0,36.0,23.0,23.0,1389.64,1456.57,1008.73,1093.27,232.82,1056.24,1108.57,987.86,1071.35,267.98,28.98,28.95,27.4,27.17,23.37,28.15,28.07,28.22,27.98,24.09,0.047383,0.04943,0.028075,0.029625,0.004411,0.03219,0.033452,0.030392,0.031957,0.005381
2020-01-03 06:00:00,21.3,21.33,22.61,22.39,21.83,22.84,22.79,23.14,22.83,21.75,-1.7,0.0,1.0,1.0,1.0,1.0,1.0,1.0,1.0,1.0,1.0,1.0,36.0,23.0,23.0,1386.54,1453.29,1005.12,1089.43,232.02,1052.44,1104.63,984.5,1067.77,266.87,29.0,28.97,27.44,27.2,23.42,28.18,28.1,28.25,28.01,24.14,0.047383,0.04943,0.028075,0.029625,0.004411,0.03219,0.033452,0.030392,0.031957,0.005381
2020-01-03 06:15:00,21.32,21.35,22.64,22.42,21.86,22.87,22.82,23.17,22.86,21.8,-1.75,0.0,1.0,1.0,1.0,1.0,1.0,1.0,1.0,1.0,1.0,1.0,36.0,23.0,23.0,1383.51,1450.12,1001.62,1085.69,231.24,1048.88,1100.94,981.4,1064.42,265.79,29.01,28.98,27.46,27.23,23.46,28.2,28.13,28.27,28.03,24.18,0.047383,0.04943,0.028075,0.029625,0.004411,0.03219,0.033452,0.030392,0.031957,0.005381
2020-01-03 06:30:00,21.33,21.37,22.67,22.46,21.89,22.91,22.85,23.2,22.89,21.85,-1.79,0.0,1.0,1.0,1.0,1.0,1.0,1.0,1.0,1.0,1.0,1.0,36.0,23.0,23.0,1380.57,1447.04,998.21,1082.02,230.47,1045.51,1097.47,978.52,1061.26,264.73,29.03,29.0,27.49,27.26,23.5,28.23,28.15,28.3,28.06,24.23,0.047383,0.04943,0.028075,0.029625,0.004411,0.03219,0.033452,0.030392,0.031957,0.005381
2020-01-03 06:45:00,21.35,21.38,22.7,22.49,21.92,22.94,22.89,23.22,22.92,21.9,-1.83,0.0,1.0,1.0,1.0,1.0,1.0,1.0,1.0,1.0,1.0,1.0,36.0,23.0,23.0,1377.7,1444.04,994.87,1078.42,229.72,1042.31,1094.19,975.82,1058.28,263.7,29.04,29.01,27.52,27.29,23.54,28.25,28.17,28.32,28.08,24.28,0.047383,0.04943,0.028075,0.029625,0.004411,0.03219,0.033452,0.030392,0.031957,0.005381
2020-01-03 07:00:00,21.37,21.4,22.73,22.52,21.95,22.97,22.91,23.25,22.95,21.95,-1.85,0.0,1.0,1.0,1.0,1.0,1.0,1.0,1.0,1.0,1.0,1.0,36.0,23.0,23.0,1375.37,1441.64,992.26,1075.47,229.06,1039.29,1091.11,973.33,1055.47,262.7,29.06,29.02,27.54,27.32,23.58,28.28,28.2,28.34,28.1,24.32,0.047383,0.04943,0.028075,0.029625,0.004411,0.03219,0.033452,0.030392,0.031957,0.005381
2020-01-03 07:15:00,21.39,21.42,22.75,22.55,21.98,23.0,22.94,23.27,22.98,22.0,-1.88,0.0,1.0,1.0,1.0,1.0,1.0,1.0,1.0,1.0,1.0,1.0,36.0,23.0,23.0,1373.05,1439.27,989.71,1072.59,228.42,1036.47,1088.23,971.02,1052.84,261.72,29.07,29.03,27.57,27.34,23.61,28.3,28.22,28.36,28.12,24.36,0.047383,0.04943,0.028075,0.029625,0.004411,0.03219,0.033452,0.030392,0.031957,0.005381
2020-01-03 07:30:00,21.4,21.43,22.78,22.57,22.0,23.02,22.97,23.29,23.0,22.05,-1.91,0.0,1.0,1.0,1.0,1.0,1.0,1.0,1.0,1.0,1.0,1.0,36.0,23.0,23.0,1370.81,1436.97,987.25,1069.8,227.79,1033.82,1085.53,968.89,1050.38,260.76,29.08,29.05,27.59,27.36,23.65,28.32,28.24,28.37,28.14,24.41,0.047383,0.04943,0.028075,0.029625,0.004411,0.03219,0.033452,0.030392,0.031957,0.005381
2020-01-03 07:45:00,21.42,21.45,22.8,22.6,22.03,23.05,22.99,23.31,23.02,22.1,-1.93,0.0,1.0,1.0,1.0,1.0,1.0,1.0,1.0,1.0,1.0,1.0,36.0,23.0,23.0,1368.62,1434.74,984.86,1067.07,227.17,1031.3,1082.98,966.9,1048.05,259.82,29.09,29.06,27.61,27.38,23.68,28.34,28.25,28.39,28.15,24.45,0.047383,0.04943,0.028075,0.029625,0.004411,0.03219,0.033452,0.030392,0.031957,0.005381
2020-01-03 08:00:00,21.44,21.47,22.82,22.62,22.05,23.07,23.01,23.33,23.05,22.15,-1.88,0.0,1.0,1.0,1.0,1.0,1.0,1.0,1.0,1.0,1.0,1.0,36.0,23.0,23.0,1366.42,1432.52,982.49,1064.34,226.57,1028.89,1080.55,965.03,1045.83,258.91,29.1,29.07,27.63,27.41,23.71,28.35,28.27,28.4,28.17,24.49,0.047383,0.04943,0.028075,0.029625,0.004411,0.03219,0.033452,0.030392,0.031957,0.005381
2020-01-03 08:15:00,20.43,20.46,22.05,21.85,21.48,22.84,22.77,23.1,22.82,22.09,-1.82,8.9,0.0,0.0,0.0,0.0,0.0,0.0,0.0,0.0,0.0,0.0,28.4,23.0,23.0,0.0,0.0,0.0,0.0,0.0,0.0,0.0,0.0,0.0,0.0,36.0,36.0,36.0,36.0,36.0,36.0,36.0,36.0,36.0,36.0,0.0,0.0,0.0,0.0,0.0,0.0,0.0,0.0,0.0,0.0
2020-01-03 08:30:00,19.82,19.84,21.39,21.14,20.81,22.38,22.27,22.64,22.35,21.95,-1.77,121.5,0.0,0.0,0.0,0.0,0.0,0.0,0.0,0.0,0.0,0.0,28.4,23.0,23.0,0.0,0.0,0.0,0.0,0.0,0.0,0.0,0.0,0.0,0.0,36.0,36.0,36.0,36.0,36.0,36.0,36.0,36.0,36.0,36.0,0.0,0.0,0.0,0.0,0.0,0.0,0.0,0.0,0.0,0.0
2020-01-03 08:45:00,19.71,19.7,21.15,20.9,20.59,21.91,21.77,22.15,21.87,21.81,-1.71,234.2,0.089,0.078,0.0,0.0,0.0,0.0,0.0,0.0,0.0,0.0,36.0,23.0,23.0,211.61,196.05,0.0,0.0,0.0,0.0,0.0,0.0,0.0,0.0,24.02,23.91,36.0,36.0,36.0,36.0,36.0,36.0,36.0,36.0,0.004226,0.003879,0.0,0.0,0.0,0.0,0.0,0.0,0.0,0.0
2020-01-03 09:00:00,19.71,19.71,21.11,20.77,20.52,21.53,21.37,21.85,21.49,21.69,-1.3,346.8,0.147,0.151,0.0,0.0,0.0,0.0,0.0,0.0,0.0,0.0,36.0,23.0,23.0,341.44,367.5,0.0,0.0,0.0,0.0,0.0,0.0,0.0,0.0,24.24,24.23,36.0,36.0,36.0,36.0,36.0,36.0,36.0,36.0,0.006943,0.007467,0.0,0.0,0.0,0.0,0.0,0.0,0.0,0.0
2020-01-03 09:15:00,19.68,19.66,21.6,20.71,20.54,21.34,21.1,22.18,21.25,21.58,-0.89,459.5,0.143,0.146,0.0,0.0,0.0,0.0,0.0,0.0,0.0,0.0,36.0,23.0,23.0,340.24,362.3,0.0,0.0,0.0,0.0,0.0,0.0,0.0,0.0,24.01,23.96,36.0,36.0,36.0,36.0,36.0,36.0,36.0,36.0,0.006789,0.007196,0.0,0.0,0.0,0.0,0.0,0.0,0.0,0.0
2020-01-03 09:30:00,19.68,19.66,22.42,20.64,20.72,21.38,20.95,22.79,21.07,21.48,-0.47,492.1,0.162,0.171,0.0,0.0,0.0,0.0,0.0,0.0,0.0,0.0,36.0,23.0,23.0,385.42,425.13,0.0,0.0,0.0,0.0,0.0,0.0,0.0,0.0,23.97,23.95,36.0,36.0,36.0,36.0,36.0,36.0,36.0,36.0,0.007665,0.008443,0.0,0.0,0.0,0.0,0.0,0.0,0.0,0.0
2020-01-03 09:45:00,19.71,19.68,23.24,20.59,20.96,21.52,20.93,23.41,20.95,21.38,-0.06,524.7,0.158,0.171,0.0,0.0,0.0,0.0,0.0,0.0,0.0,0.0,36.0,23.0,23.0,384.04,433.18,0.0,0.0,0.0,0.0,0.0,0.0,0.0,0.0,23.76,23.76,36.0,36.0,36.0,36.0,36.0,36.0,36.0,36.0,0.007505,0.008467,0.0,0.0,0.0,0.0,0.0,0.0,0.0,0.0
2020-01-03 10:00:00,19.7,19.66,23.7,20.56,21.1,21.65,20.81,23.94,20.86,21.27,0.31,557.3,0.144,0.16,0.0,0.0,0.0,0.0,0.0,0.0,0.0,0.0,36.0,23.0,23.0,358.15,414.99,0.0,0.0,0.0,0.0,0.0,0.0,0.0,0.0,23.46,23.48,36.0,36.0,36.0,36.0,36.0,36.0,36.0,36.0,0.006832,0.007929,0.0,0.0,0.0,0.0,0.0,0.0,0.0,0.0
2020-01-03 10:15:00,19.68,19.68,23.96,20.51,21.17,21.77,20.61,24.4,20.81,21.18,0.67,589.9,0.152,0.171,0.0,0.0,0.0,0.0,0.0,0.0,0.0,0.0,36.0,23.0,23.0,380.18,443.51,0.0,0.0,0.0,0.0,0.0,0.0,0.0,0.0,23.33,23.48,36.0,36.0,36.0,36.0,36.0,36.0,36.0,36.0,0.007181,0.008475,0.0,0.0,0.0,0.0,0.0,0.0,0.0,0.0
2020-01-03 10:30:00,19.7,19.66,24.31,20.48,21.25,21.89,20.38,24.83,20.77,21.09,1.04,622.8,0.159,0.16,0.0,0.0,0.0,0.0,0.0,0.0,0.0,0.0,36.0,23.0,23.0,398.04,419.35,0.0,0.0,0.0,0.0,0.0,0.0,0.0,0.0,23.38,23.31,36.0,36.0,36.0,36.0,36.0,36.0,36.0,36.0,0.007548,0.007903,0.0,0.0,0.0,0.0,0.0,0.0,0.0,0.0
2020-01-03 10:45:00,19.73,19.68,24.69,20.48,21.35,22.02,20.18,25.25,20.76,21.0,1.41,655.7,0.148,0.171,0.0,0.0,0.0,0.0,0.0,0.0,0.0,0.0,36.0,23.0,23.0,372.69,448.03,0.0,0.0,0.0,0.0,0.0,0.0,0.0,0.0,23.27,23.35,36.0,36.0,36.0,36.0,36.0,36.0,36.0,36.0,0.007006,0.008472,0.0,0.0,0.0,0.0,0.0,0.0,0.0,0.0
2020-01-03 11:00:00,19.77,19.72,25.08,20.56,21.48,22.21,20.02,25.69,20.83,20.92,1.76,688.6,0.137,0.159,0.0,0.0,0.0,0.0,0.0,0.0,0.0,0.0,36.0,23.0,23.0,347.35,419.6,0.0,0.0,0.0,0.0,0.0,0.0,0.0,0.0,23.19,23.24,36.0,36.0,36.0,36.0,36.0,36.0,36.0,36.0,0.006485,0.007869,0.0,0.0,0.0,0.0,0.0,0.0,0.0,0.0
2020-01-03 11:15:00,19.81,19.75,25.46,20.73,21.62,22.41,19.9,26.14,20.98,20.83,2.1,721.5,0.117,0.141,0.0,0.0,0.0,0.0,0.0,0.0,0.0,0.0,36.0,23.0,23.0,299.65,376.67,0.0,0.0,0.0,0.0,0.0,0.0,0.0,0.0,23.02,23.1,36.0,36.0,36.0,36.0,36.0,36.0,36.0,36.0,0.005521,0.006983,0.0,0.0,0.0,0.0,0.0,0.0,0.0,0.0
2020-01-03 11:30:00,19.84,19.79,25.69,20.94,21.74,22.61,19.81,26.49,21.18,20.75,2.45,697.5,0.097,0.124,0.0,0.0,0.0,0.0,0.052,0.0,0.0,0.0,36.0,23.0,23.0,252.49,334.96,0.0,0.0,0.0,0.0,107.43,0.0,0.0,0.0,22.84,22.95,36.0,36.0,36.0,36.0,21.36,36.0,36.0,36.0,0.004589,0.006139,0.0,0.0,0.0,0.0,0.001756,0.0,0.0,0.0
2020-01-03 11:45:00,19.9,19.84,25.91,21.22,21.7,22.7,19.76,26.78,21.45,20.66,2.79,673.4,0.08,0.105,0.0,0.0,0.0,0.0,0.096,0.0,0.0,0.0,36.0,23.0,23.0,212.41,288.07,0.0,0.0,0.0,0.0,195.98,0.0,0.0,0.0,22.67,22.78,36.0,36.0,36.0,36.0,21.44,36.0,36.0,36.0,0.003811,0.005213,0.0,0.0,0.0,0.0,0.00322,0.0,0.0,0.0
2020-01-03 12:00:00,19.73,19.68,25.81,21.35,22.0,22.92,19.75,26.83,21.58,20.58,2.98,649.4,0.05,0.078,0.0,0.0,0.0,0.0,0.118,0.0,0.0,0.0,36.0,23.0,23.0,135.03,216.29,0.0,0.0,0.0,0.0,239.29,0.0,0.0,0.0,22.37,22.52,36.0,36.0,36.0,36.0,21.54,36.0,36.0,36.0,0.00237,0.003839,0.0,0.0,0.0,0.0,0.00396,0.0,0.0,0.0
2020-01-03 12:15:00,19.93,19.87,25.94,21.61,21.92,22.99,19.74,26.99,21.82,20.51,3.16,625.4,0.133,0.158,0.0,0.0,0.0,0.0,0.127,0.0,0.0,0.0,36.0,23.0,23.0,341.0,417.94,0.0,0.0,0.0,0.0,254.66,0.0,0.0,0.0,23.1,23.17,36.0,36.0,36.0,36.0,21.62,36.0,36.0,36.0,0.006322,0.007791,0.0,0.0,0.0,0.0,0.004238,0.0,0.0,0.0
2020-01-03 12:30:00,19.84,19.79,25.99,21.93,21.96,23.09,19.73,27.05,22.07,20.44,3.35,604.8,0.034,0.064,0.0,0.0,0.0,0.0,0.13,0.0,0.0,0.0,36.0,23.0,23.0,93.08,183.36,0.0,0.0,0.0,0.0,259.49,0.0,0.0,0.0,22.06,22.24,36.0,36.0,36.0,36.0,21.67,36.0,36.0,36.0,0.001597,0.003188,0.0,0.0,0.0,0.0,0.004333,0.0,0.0,0.0
2020-01-03 12:45:00,19.89,19.83,25.99,22.27,21.9,23.13,19.71,27.07,22.35,20.35,3.53,584.2,0.078,0.103,0.0,0.0,0.0,0.0,0.136,0.0,0.0,0.0,36.0,23.0,23.0,210.01,286.86,0.0,0.0,0.0,0.0,272.45,0.0,0.0,0.0,22.46,22.58,36.0,36.0,36.0,36.0,21.71,36.0,36.0,36.0,0.00371,0.005113,0.0,0.0,0.0,0.0,0.004561,0.0,0.0,0.0
2020-01-03 13:00:00,19.76,19.71,25.87,22.52,22.06,23.2,19.69,27.02,22.6,20.28,3.57,563.6,0.055,0.086,0.0,0.0,0.0,0.0,0.147,0.0,0.0,0.0,36.0,23.0,23.0,149.91,241.77,0.0,0.0,0.0,0.0,293.76,0.0,0.0,0.0,22.15,22.34,36.0,36.0,36.0,36.0,21.75,36.0,36.0,36.0,0.002589,0.004235,0.0,0.0,0.0,0.0,0.004932,0.0,0.0,0.0
2020-01-03 13:15:00,19.93,19.87,25.93,22.82,21.89,23.22,19.69,27.0,22.89,20.2,3.6,543.1,0.121,0.144,0.0,0.0,0.0,0.0,0.153,0.0,0.0,0.0,36.0,23.0,23.0,317.98,392.07,0.0,0.0,0.0,0.0,305.04,0.0,0.0,0.0,22.72,22.81,36.0,36.0,36.0,36.0,21.79,36.0,36.0,36.0,0.005727,0.007113,0.0,0.0,0.0,0.0,0.005134,0.0,0.0,0.0
2020-01-03 13:30:00,19.76,19.72,25.85,23.01,22.02,23.26,19.69,26.95,23.18,20.14,3.64,537.1,0.035,0.066,0.0,0.0,0.0,0.0,0.157,0.0,0.0,0.0,36.0,23.0,23.0,100.0,191.25,0.0,0.0,0.0,0.0,311.4,0.0,0.0,0.0,21.77,21.97,36.0,36.0,36.0,36.0,21.81,36.0,36.0,36.0,0.001681,0.003262,0.0,0.0,0.0,0.0,0.005251,0.0,0.0,0.0
2020-01-03 13:45:00,19.83,19.77,25.8,23.25,22.04,23.27,19.68,26.89,23.56,20.07,3.67,531.2,0.118,0.141,0.0,0.0,0.0,0.0,0.157,0.0,0.0,0.0,36.0,23.0,23.0,313.74,389.12,0.0,0.0,0.0,0.0,311.94,0.0,0.0,0.0,22.56,22.65,36.0,36.0,36.0,36.0,21.83,36.0,36.0,36.0,0.005586,0.006975,0.0,0.0,0.0,0.0,0.005266,0.0,0.0,0.0
2020-01-03 14:00:00,19.83,19.78,25.76,23.51,22.08,23.29,19.68,26.8,23.91,20.0,3.67,525.3,0.085,0.113,0.0,0.0,0.0,0.0,0.158,0.0,0.0,0.0,36.0,23.0,23.0,232.61,318.56,0.0,0.0,0.0,0.0,312.89,0.0,0.0,0.0,22.21,22.36,36.0,36.0,36.0,36.0,21.83,36.0,36.0,36.0,0.004035,0.005588,0.0,0.0,0.0,0.0,0.005284,0.0,0.0,0.0
2020-01-03 14:15:00,19.82,19.77,25.67,23.75,22.09,23.31,19.67,26.7,24.22,19.93,3.66,519.4,0.084,0.11,0.0,0.0,0.0,0.0,0.161,0.0,0.0,0.0,36.0,23.0,23.0,230.54,311.64,0.0,0.0,0.0,0.0,318.09,0.0,0.0,0.0,22.21,22.34,36.0,36.0,36.0,36.0,21.84,36.0,36.0,36.0,0.003999,0.005458,0.0,0.0,0.0,0.0,0.005374,0.0,0.0,0.0
2020-01-03 14:30:00,19.8,19.75,25.51,23.96,22.14,23.32,19.66,26.54,24.52,19.86,3.66,501.5,0.09,0.117,0.0,0.0,0.0,0.0,0.164,0.0,0.0,0.033,36.0,23.0,23.0,245.02,327.39,0.0,0.0,0.0,0.0,324.37,0.0,0.0,11.83,22.27,22.42,36.0,36.0,36.0,36.0,21.85,36.0,36.0,20.2,0.004268,0.005767,0.0,0.0,0.0,0.0,0.005482,0.0,0.0,0.000179
2020-01-03 14:45:00,19.87,19.81,25.41,24.18,22.05,23.32,19.65,26.37,24.73,19.8,3.65,483.6,0.101,0.126,0.0,0.0,0.0,0.0,0.17,0.0,0.0,0.071,36.0,23.0,23.0,274.22,353.24,0.0,0.0,0.0,0.0,335.53,0.0,0.0,25.09,22.35,22.48,36.0,36.0,36.0,36.0,21.86,36.0,36.0,20.19,0.004805,0.006253,0.0,0.0,0.0,0.0,0.005675,0.0,0.0,0.00038
2020-01-03 15:00:00,19.72,19.67,25.17,24.27,22.16,23.29,19.62,26.16,24.92,19.76,3.54,465.7,0.067,0.096,0.0,0.0,0.0,0.0,0.175,0.0,0.0,0.098,36.0,23.0,23.0,186.4,273.66,0.0,0.0,0.0,0.0,345.99,0.0,0.0,34.8,21.99,22.18,36.0,36.0,36.0,36.0,21.87,36.0,36.0,20.2,0.003182,0.004736,0.0,0.0,0.0,0.0,0.005856,0.0,0.0,0.000527
2020-01-03 15:15:00,19.87,19.81,25.05,24.47,21.97,23.24,19.58,25.93,25.07,19.72,3.42,447.8,0.142,0.164,0.0,0.0,0.0,0.0,0.192,0.0,0.0,0.121,36.0,23.0,23.0,373.43,447.71,0.0,0.0,0.0,0.0,378.28,0.0,0.0,42.98,22.68,22.79,36.0,36.0,36.0,36.0,21.9,36.0,36.0,20.21,0.006707,0.008106,0.0,0.0,0.0,0.0,0.006419,0.0,0.0,0.000651
2020-01-03 15:30:00,19.68,19.64,24.72,24.24,21.97,23.12,19.55,25.62,24.99,19.69,3.31,338.3,0.067,0.095,0.0,0.0,0.0,0.0,0.209,0.0,0.0,0.141,36.0,23.0,23.0,187.52,272.75,0.0,0.0,0.0,0.0,409.65,0.0,0.0,49.93,21.84,22.04,36.0,36.0,36.0,36.0,21.96,36.0,36.0,20.23,0.003168,0.004673,0.0,0.0,0.0,0.0,0.006978,0.0,0.0,0.000757
2020-01-03 15:45:00,19.65,19.61,24.29,23.87,21.78,22.91,19.52,25.19,24.75,19.66,3.2,228.7,0.159,0.178,0.0,0.0,0.0,0.0,0.223,0.0,0.0,0.155,36.0,23.0,23.0,420.57,488.45,0.0,0.0,0.0,0.0,435.48,0.0,0.0,54.85,22.66,22.75,36.0,36.0,36.0,36.0,22.01,36.0,36.0,20.25,0.00754,0.008821,0.0,0.0,0.0,0.0,0.007448,0.0,0.0,0.000833
2020-01-03 16:00:00,19.55,19.52,23.88,23.39,21.59,22.6,19.48,24.7,24.31,19.63,2.94,119.2,0.174,0.193,0.0,0.0,0.0,0.0,0.239,0.0,0.0,0.171,36.0,23.0,23.0,459.5,528.58,0.0,0.0,0.0,0.0,466.08,0.0,0.0,60.36,22.65,22.78,36.0,36.0,36.0,36.0,22.07,36.0,36.0,20.26,0.008236,0.009562,0.0,0.0,0.0,0.0,0.008007,0.0,0.0,0.000918
2020-01-03 16:15:00,19.45,19.43,23.43,22.71,21.26,22.17,19.42,24.11,23.6,19.61,2.68,9.7,0.226,0.241,0.0,0.0,0.0,0.0,0.262,0.0,0.0,0.183,36.0,23.0,23.0,582.91,644.42,0.0,0.0,0.0,0.0,508.0,0.0,0.0,64.72,22.98,23.08,36.0,36.0,36.0,36.0,22.16,36.0,36.0,20.28,0.010711,0.011929,0.0,0.0,0.0,0.0,0.00878,0.0,0.0,0.000985
2020-01-03 16:30:00,19.36,19.35,23.06,22.3,21.04,21.76,19.38,23.57,23.0,19.59,2.43,0.0,0.275,0.285,0.0,0.0,0.0,0.0,0.289,0.0,0.0,0.195,36.0,23.0,23.0,693.99,747.07,0.0,0.0,0.0,0.0,554.21,0.0,0.0,69.04,23.27,23.33,36.0,36.0,36.0,36.0,22.27,36.0,36.0,20.3,0.01304,0.01411,0.0,0.0,0.0,0.0,0.009653,0.0,0.0,0.001052
2020-01-03 16:45:00,19.3,19.3,22.75,22.03,20.87,21.38,19.36,23.1,22.48,19.57,2.17,0.0,0.32,0.326,0.0,0.0,0.0,0.0,0.309,0.0,0.0,0.207,36.0,23.0,23.0,790.64,838.05,0.0,0.0,0.0,0.0,588.48,0.0,0.0,73.03,23.53,23.57,36.0,36.0,36.0,36.0,22.38,36.0,36.0,20.31,0.015164,0.016125,0.0,0.0,0.0,0.0,0.010338,0.0,0.0,0.001114
2020-01-03 17:00:00,19.26,19.25,22.47,21.79,20.73,21.04,19.35,22.65,22.03,19.55,2.07,0.0,0.348,0.352,0.0,0.0,0.0,0.0,0.319,0.0,0.0,0.217,36.0,23.0,23.0,851.17,894.79,0.0,0.0,0.0,0.0,603.6,0.0,0.0,76.48,23.66,23.69,36.0,36.0,36.0,36.0,22.48,36.0,36.0,20.33,0.016507,0.017386,0.0,0.0,0.0,0.0,0.01068,0.0,0.0,0.001168
2020-01-03 17:15:00,19.2,19.2,22.21,21.59,20.6,20.71,19.34,22.24,21.63,19.53,1.96,0.0,0.372,0.376,0.0,0.0,0.0,0.0,0.326,0.0,0.0,0.226,36.0,23.0,23.0,901.27,947.16,0.0,0.0,0.0,0.0,612.56,0.0,0.0,79.52,23.77,23.8,36.0,36.0,36.0,36.0,22.56,36.0,36.0,20.35,0.017633,0.018576,0.0,0.0,0.0,0.0,0.010901,0.0,0.0,0.001215
2020-01-03 17:30:00,19.18,19.18,21.96,21.35,20.47,20.4,19.32,21.86,21.25,19.52,1.86,0.0,0.399,0.399,0.0,0.0,0.0,0.0,0.332,0.0,0.0,0.234,36.0,23.0,23.0,948.05,990.57,0.0,0.0,0.0,0.0,621.4,0.0,0.0,82.26,23.99,23.99,36.0,36.0,36.0,36.0,22.62,36.0,36.0,20.36,0.018882,0.019736,0.0,0.0,0.0,0.0,0.011109,0.0,0.0,0.001258
2020-01-03 17:45:00,19.15,19.15,21.73,21.12,20.35,20.1,19.31,21.5,20.9,19.51,1.76,0.0,0.411,0.411,0.0,0.0,0.0,0.0,0.339,0.0,0.0,0.241,36.0,23.0,23.0,967.69,1011.14,0.0,0.0,0.0,0.0,631.93,0.0,0.0,84.68,24.1,24.1,36.0,36.0,36.0,36.0,22.67,36.0,36.0,20.37,0.019457,0.020332,0.0,0.0,0.0,0.0,0.011343,0.0,0.0,0.001296
2020-01-03 18:00:00,19.11,19.11,21.5,20.9,20.32,19.89,19.31,21.18,20.58,19.49,1.65,0.0,0.426,0.426,0.0,0.0,0.0,0.0,0.347,0.0,0.0,0.247,36.0,23.0,23.0,975.74,1018.49,0.0,0.0,0.0,0.0,643.73,0.0,0.0,86.83,24.43,24.42,36.0,36.0,36.0,36.0,22.73,36.0,36.0,20.39,0.020175,0.021034,0.0,0.0,0.0,0.0,0.011602,0.0,0.0,0.00133
2020-01-03 18:15:00,19.18,19.15,21.39,20.8,20.12,19.65,19.27,20.95,20.39,19.48,1.55,0.0,0.444,0.443,0.0,0.0,0.0,0.055,0.343,0.0,0.0,0.254,36.0,23.0,23.0,1003.62,1046.07,0.0,0.0,0.0,117.57,634.8,0.0,0.0,89.06,24.6,24.56,36.0,36.0,36.0,20.07,22.75,36.0,36.0,20.4,0.021053,0.021877,0.0,0.0,0.0,0.001766,0.011462,0.0,0.0,0.001365
2020-01-03 18:30:00,19.07,19.07,21.17,20.58,20.17,19.54,19.28,20.68,20.14,19.47,1.45,0.0,0.412,0.426,0.0,0.0,0.0,0.175,0.366,0.0,0.0,0.259,36.0,23.0,23.0,944.4,1011.9,0.0,0.0,0.0,365.75,674.28,0.0,0.0,90.8,24.44,24.5,36.0,36.0,36.0,20.43,22.81,36.0,36.0,20.41,0.019545,0.021053,0.0,0.0,0.0,0.005621,0.012232,0.0,0.0,0.001393
2020-01-03 18:45:00,19.15,19.16,21.08,20.45,19.94,19.39,19.31,20.52,19.93,19.46,1.34,0.0,0.466,0.464,0.0,0.0,0.0,0.229,0.359,0.0,0.0,0.264,36.0,23.0,23.0,1029.98,1075.22,0.0,0.0,0.0,466.13,660.36,0.0,0.0,92.4,24.83,24.79,36.0,36.0,36.0,20.85,22.85,36.0,36.0,20.42,0.022063,0.022952,0.0,0.0,0.0,0.007362,0.012011,0.0,0.0,0.001418
2020-01-03 19:00:00,19.06,19.05,20.86,20.25,20.02,19.41,19.33,20.31,19.74,19.46,1.23,0.0,0.425,0.422,0.0,0.0,0.031,0.307,0.347,0.0,0.033,0.268,36.0,23.0,23.0,958.16,996.15,0.0,0.0,8.79,604.61,637.51,0.0,63.05,93.89,24.62,24.57,36.0,36.0,20.43,21.34,22.84,36.0,21.49,20.43,0.020149,0.020857,0.0,0.0,0.000135,0.009869,0.011591,0.0,0.00104,0.001442
2020-01-03 19:15:00,19.15,19.16,20.78,20.14,19.79,19.35,19.35,20.17,19.66,19.45,1.11,0.0,0.468,0.473,0.0,0.0,0.0,0.297,0.334,0.0,0.128,0.272,36.0,23.0,23.0,1026.78,1082.38,0.0,0.0,0.0,573.51,616.01,0.0,246.02,95.28,24.92,24.91,36.0,36.0,36.0,21.67,22.81,36.0,21.56,20.43,0.022165,0.023356,0.0,0.0,0.0,0.009575,0.011175,0.0,0.004075,0.001464
2020-01-03 19:30:00,19.04,19.05,20.6,19.97,19.9,19.36,19.37,20.03,19.61,19.44,0.99,0.0,0.424,0.42,0.0,0.0,0.107,0.326,0.325,0.0,0.17,0.276,36.0,23.0,23.0,952.11,989.41,0.0,0.0,30.58,615.58,600.39,0.0,324.44,96.51,24.66,24.6,36.0,36.0,20.48,21.95,22.77,36.0,21.69,20.44,0.020081,0.02077,0.0,0.0,0.000471,0.010484,0.010859,0.0,0.005425,0.001484
2020-01-03 19:45:00,19.16,19.17,20.56,19.9,19.66,19.37,19.39,19.93,19.6,19.44,0.87,0.0,0.481,0.476,0.0,0.013,0.052,0.319,0.316,0.0,0.196,0.279,36.0,23.0,23.0,1043.89,1083.42,0.0,24.24,15.01,594.14,586.04,0.0,371.23,97.63,25.04,24.98,36.0,21.5,20.35,22.14,22.73,36.0,21.83,20.45,0.022788,0.023516,0.0,0.0004,0.000229,0.010256,0.010565,0.0,0.006268,0.001502
2020-01-03 20:00:00,19.02,19.04,20.37,19.8,19.81,19.36,19.37,19.81,19.57,19.43,0.79,0.0,0.421,0.416,0.0,0.052,0.168,0.317,0.306,0.036,0.201,0.282,36.0,23.0,23.0,944.82,978.94,0.0,93.67,47.88,585.75,569.66,67.22,378.31,98.66,24.68,24.62,36.0,21.59,20.51,22.26,22.68,21.39,21.92,20.45,0.019972,0.020582,0.0,0.001555,0.00074,0.010202,0.010229,0.001101,0.006428,0.001518
2020-01-03 20:15:00,19.15,19.16,20.32,19.78,19.57,19.35,19.35,19.73,19.54,19.42,0.7,0.0,0.489,0.481,0.0,0.101,0.094,0.318,0.316,0.094,0.215,0.285,36.0,23.0,23.0,1053.37,1089.39,0.0,178.29,27.11,584.1,589.08,174.13,403.15,99.62,25.13,25.05,36.0,21.74,20.35,22.35,22.66,21.43,21.99,20.46,0.023179,0.023795,0.0,0.00299,0.000414,0.010241,0.010565,0.00286,0.006887,0.001533
2020-01-03 20:30:00,19.01,19.03,20.13,19.68,19.73,19.34,19.34,19.68,19.51,19.42,0.61,0.0,0.427,0.422,0.0,0.108,0.217,0.327,0.326,0.134,0.231,0.288,36.0,23.0,23.0,951.08,986.55,0.0,191.92,62.03,597.4,607.68,246.67,429.36,100.52,24.75,24.69,36.0,21.64,20.53,22.44,22.67,21.55,22.07,20.46,0.020231,0.020871,0.0,0.003198,0.000959,0.010541,0.010909,0.004083,0.007372,0.001548
2020-01-03 20:45:00,19.13,19.14,20.08,19.69,19.49,19.33,19.33,19.65,19.49,19.41,0.53,0.0,0.495,0.486,0.0,0.159,0.136,0.332,0.331,0.161,0.246,0.29,36.0,23.0,23.0,1059.55,1094.32,0.0,278.57,39.1,601.77,616.15,293.57,455.84,101.37,25.2,25.1,36.0,21.82,20.36,22.52,22.69,21.67,22.14,20.47,0.023467,0.024026,0.0,0.0047,0.000598,0.010676,0.011077,0.004901,0.007869,0.001561
2020-01-03 21:00:00,19.0,19.01,19.9,19.61,19.64,19.33,19.32,19.62,19.47,19.41,0.42,0.0,0.433,0.432,0.0,0.157,0.255,0.333,0.335,0.177,0.254,0.293,36.0,23.0,23.0,958.46,1001.97,0.0,276.67,72.59,601.58,623.25,319.87,467.96,102.16,24.83,24.78,36.0,21.76,20.54,22.57,22.71,21.78,22.2,20.47,0.020521,0.021371,0.0,0.004647,0.001123,0.010718,0.011221,0.005381,0.008115,0.001574
2020-01-03 21:15:00,19.11,19.11,19.91,19.61,19.42,19.32,19.31,19.59,19.45,19.41,0.32,0.0,0.502,0.494,0.048,0.197,0.179,0.334,0.34,0.192,0.265,0.295,36.0,23.0,23.0,1066.52,1104.03,81.37,343.67,51.63,602.07,631.13,344.27,486.29,102.87,25.27,25.17,21.7,21.95,20.39,22.62,22.73,21.87,22.26,20.48,0.023771,0.024399,0.001361,0.005851,0.000791,0.010762,0.011382,0.00583,0.008468,0.001585
2020-01-03 21:30:00,18.99,19.0,19.77,19.54,19.58,19.32,19.3,19.56,19.43,19.4,0.22,0.0,0.446,0.444,0.046,0.196,0.29,0.338,0.345,0.205,0.276,0.297,36.0,23.0,23.0,977.86,1019.45,78.61,342.96,82.51,606.5,638.31,366.33,503.72,103.51,24.94,24.88,21.57,21.89,20.55,22.66,22.76,21.96,22.32,20.48,0.021151,0.021937,0.001303,0.005816,0.001278,0.010874,0.011532,0.006241,0.008807,0.001596
2020-01-03 21:45:00,19.09,19.09,19.81,19.54,19.38,19.31,19.29,19.54,19.41,19.4,0.11,0.0,0.506,0.499,0.116,0.231,0.211,0.342,0.349,0.219,0.286,0.298,36.0,23.0,23.0,1069.92,1109.76,191.92,398.29,60.77,611.89,644.78,388.36,520.64,104.11,25.32,25.23,21.88,22.05,20.4,22.69,22.78,22.04,22.37,20.48,0.023961,0.024653,0.003253,0.006829,0.000932,0.011001,0.011669,0.006654,0.00914,0.001605
2020-01-03 22:00:00,18.99,19.0,19.69,19.5,19.53,19.31,19.3,19.53,19.41,19.4,0.0,0.0,0.457,0.454,0.096,0.229,0.308,0.346,0.353,0.232,0.296,0.3,36.0,23.0,23.0,992.25,1033.83,162.09,396.92,87.89,617.93,650.85,409.45,536.06,104.68,25.04,24.97,21.66,22.0,20.54,22.73,22.8,22.11,22.43,20.49,0.021655,0.022432,0.002704,0.006782,0.00136,0.011142,0.0118,0.007054,0.009449,0.001614
2020-01-03 22:15:00,19.08,19.09,19.73,19.5,19.37,19.31,19.3,19.52,19.4,19.39,-0.11,0.0,0.505,0.498,0.155,0.252,0.236,0.346,0.351,0.236,0.297,0.302,36.0,23.0,23.0,1065.62,1105.87,256.56,433.88,67.76,615.75,646.68,414.32,536.44,105.21,25.35,25.26,21.92,22.1,20.4,22.76,22.82,22.17,22.47,20.49,0.023933,0.02464,0.00436,0.007465,0.001039,0.011125,0.011735,0.007167,0.009482,0.001623
2020-01-03 22:30:00,18.99,19.01,19.63,19.46,19.49,19.32,19.31,19.52,19.4,19.39,-0.22,0.0,0.462,0.455,0.136,0.252,0.317,0.343,0.348,0.238,0.298,0.303,36.0,23.0,23.0,996.41,1031.94,227.93,434.63,90.37,609.82,641.41,417.56,537.32,105.72,25.1,25.02,21.71,22.06,20.52,22.77,22.82,22.21,22.49,20.49,0.021878,0.022481,0.003817,0.00746,0.001397,0.011029,0.01164,0.007243,0.009514,0.001631
2020-01-03 22:45:00,19.06,19.08,19.67,19.47,19.36,19.32,19.31,19.51,19.39,19.39,-0.33,0.0,0.503,0.494,0.186,0.271,0.255,0.341,0.346,0.242,0.3,0.304,36.0,23.0,23.0,1060.4,1097.51,306.68,465.27,73.15,607.07,638.36,422.82,541.45,106.2,25.35,25.26,21.98,22.16,20.41,22.78,22.81,22.24,22.51,20.49,0.023821,0.024441,0.005233,0.008042,0.001123,0.010985,0.011582,0.00735,0.0096,0.001638
2020-01-03 23:00:00,18.99,19.0,19.59,19.43,19.46,19.31,19.3,19.49,19.38,19.39,-0.44,0.0,0.469,0.462,0.166,0.267,0.321,0.341,0.346,0.246,0.304,0.306,36.0,23.0,23.0,1008.39,1044.33,276.78,458.7,91.66,607.15,637.63,428.57,546.58,106.64,25.14,25.06,21.82,22.12,20.53,22.78,22.81,22.26,22.52,20.5,0.022222,0.022835,0.00467,0.007904,0.001417,0.010991,0.011564,0.007463,0.009703,0.001645
2020-01-03 23:15:00,19.04,19.05,19.61,19.43,19.35,19.3,19.29,19.47,19.37,19.38,-0.55,0.0,0.507,0.498,0.207,0.286,0.271,0.346,0.351,0.255,0.311,0.307,36.0,23.0,23.0,1067.13,1103.31,339.26,488.34,77.79,613.84,647.62,443.35,558.4,107.04,25.37,25.27,22.03,22.21,20.44,22.8,22.82,22.29,22.55,20.5,0.024007,0.024597,0.005808,0.008473,0.001196,0.011123,0.011752,0.007738,0.00993,0.001652
2020-01-03 23:30:00,18.98,19.0,19.55,19.4,19.42,19.29,19.28,19.46,19.35,19.38,-0.66,0.0,0.48,0.473,0.195,0.285,0.327,0.351,0.357,0.263,0.317,0.308,36.0,23.0,23.0,1027.38,1064.3,322.38,486.59,93.29,621.85,656.74,456.89,569.2,107.42,25.2,25.12,21.92,22.19,20.53,22.82,22.83,22.33,22.58,20.5,0.022766,0.023401,0.005478,0.008429,0.001443,0.011285,0.011933,0.007996,0.010144,0.001658
2020-01-03 23:45:00,19.02,19.03,19.56,19.4,19.33,19.29,19.27,19.45,19.34,19.38,-0.77,0.0,0.512,0.502,0.226,0.298,0.288,0.354,0.36,0.27,0.323,0.309,36.0,23.0,23.0,1075.64,1112.0,369.59,507.92,82.6,627.44,662.45,468.06,577.82,107.78,25.38,25.29,22.07,22.25,20.47,22.84,22.85,22.37,22.6,20.5,0.024241,0.024833,0.006348,0.00884,0.001272,0.011406,0.012054,0.008215,0.010319,0.001664
2020-01-04 00:00:00,18.97,18.99,19.52,19.39,19.39,19.29,19.28,19.44,19.34,19.38,-0.84,0.0,0.492,0.485,0.219,0.299,0.333,0.357,0.363,0.276,0.328,0.31,36.0,23.0,23.0,1046.37,1083.72,360.53,509.81,94.86,631.28,666.07,477.41,584.93,108.13,25.26,25.18,22.0,22.25,20.54,22.86,22.87,22.41,22.63,20.5,0.023317,0.023958,0.006162,0.00887,0.001468,0.011495,0.012136,0.008401,0.010468,0.001669
2020-01-04 00:15:00,19.0,19.02,19.53,19.38,19.33,19.29,19.28,19.44,19.34,19.38,-0.9,0.0,0.513,0.504,0.241,0.307,0.303,0.356,0.36,0.278,0.328,0.311,36.0,23.0,23.0,1079.03,1114.71,392.92,522.19,86.69,629.27,661.02,479.02,585.69,108.47,25.39,25.29,22.1,22.29,20.49,22.88,22.88,22.43,22.65,20.5,0.024324,0.024897,0.006763,0.009109,0.001337,0.011471,0.01205,0.008446,0.010496,0.001675
2020-01-04 00:30:00,18.97,18.99,19.5,19.37,19.38,19.29,19.29,19.44,19.34,19.37,-0.97,0.0,0.498,0.489,0.236,0.308,0.336,0.355,0.358,0.279,0.329,0.312,36.0,23.0,23.0,1054.79,1090.9,386.06,522.93,95.7,626.57,656.99,480.56,586.39,108.8,25.3,25.21,22.07,22.28,20.54,22.88,22.88,22.45,22.66,20.51,0.023593,0.024194,0.006628,0.00912,0.00148,0.011427,0.011976,0.008484,0.010518,0.00168
2020-01-04 00:45:00,19.0,19.02,19.51,19.37,19.32,19.29,19.29,19.44,19.34,19.37,-1.04,0.0,0.514,0.504,0.251,0.314,0.312,0.355,0.357,0.28,0.33,0.313,36.0,23.0,23.0,1077.63,1112.75,407.8,532.82,89.15,625.68,655.67,482.19,587.61,109.1,25.4,25.3,22.15,22.32,20.49,22.89,22.87,22.46,22.67,20.51,0.024332,0.024889,0.007041,0.009315,0.001375,0.011413,0.011949,0.008521,0.010547,0.001685
2020-01-04 01:00:00,18.97,18.98,19.48,19.37,19.36,19.29,19.27,19.43,19.34,19.37,-1.13,0.0,0.5,0.491,0.245,0.314,0.339,0.355,0.357,0.282,0.332,0.314,36.0,23.0,23.0,1057.05,1092.53,400.15,532.25,96.75,625.98,656.02,485.02,589.86,109.38,25.34,25.24,22.11,22.31,20.52,22.89,22.87,22.47,22.68,20.51,0.023713,0.024285,0.006892,0.009303,0.001496,0.011421,0.011953,0.008578,0.010594,0.001689
2020-01-04 01:15:00,18.99,19.0,19.49,19.36,19.31,19.28,19.26,19.42,19.33,19.37,-1.23,0.0,0.516,0.512,0.26,0.314,0.319,0.357,0.366,0.287,0.33,0.315,36.0,23.0,23.0,1079.82,1124.66,422.1,532.58,91.32,630.19,671.29,492.3,587.21,109.65,25.43,25.36,22.19,22.31,20.48,22.89,22.89,22.49,22.68,20.51,0.024448,0.02529,0.007312,0.009308,0.001408,0.011504,0.012245,0.008716,0.010547,0.001694
2020-01-04 01:30:00,18.96,18.97,19.46,19.35,19.34,19.28,19.26,19.41,19.32,19.37,-1.32,0.0,0.506,0.499,0.257,0.318,0.345,0.36,0.369,0.292,0.334,0.316,36.0,23.0,23.0,1063.77,1103.33,416.91,538.58,98.51,633.92,675.62,500.37,594.25,109.92,25.38,25.29,22.16,22.33,20.52,22.91,22.9,22.51,22.69,20.51,0.023965,0.024649,0.007209,0.009426,0.001522,0.011581,0.012341,0.008871,0.010679,0.001698
2020-01-04 01:45:00,18.98,18.99,19.47,19.35,19.3,19.27,19.26,19.4,19.31,19.37,-1.41,0.0,0.519,0.513,0.269,0.324,0.328,0.362,0.369,0.296,0.339,0.316,36.0,23.0,23.0,1082.95,1125.0,435.18,547.64,93.79,637.97,675.83,507.11,602.17,110.18,25.46,25.38,22.23,22.36,20.48,22.92,22.92,22.53,22.7,20.51,0.024591,0.025342,0.007562,0.009605,0.001446,0.011666,0.012356,0.009004,0.010833,0.001702
2020-01-04 02:00:00,18.95,18.96,19.44,19.33,19.33,19.26,19.25,19.38,19.3,19.36,-1.51,0.0,0.511,0.505,0.266,0.324,0.349,0.365,0.37,0.3,0.343,0.317,36.0,23.0,23.0,1069.94,1111.96,430.7,546.9,99.79,641.12,676.08,512.52,607.93,110.44,25.42,25.34,22.21,22.35,20.51,22.93,22.92,22.54,22.72,20.51,0.024197,0.024952,0.007471,0.009587,0.001541,0.011735,0.012368,0.009112,0.010948,0.001706
2020-01-04 02:15:00,18.96,18.97,19.43,19.32,19.29,19.24,19.23,19.36,19.28,19.36,-1.61,0.0,0.525,0.519,0.282,0.335,0.336,0.371,0.376,0.309,0.352,0.318,36.0,23.0,23.0,1092.36,1134.57,453.43,564.15,96.08,651.15,686.87,527.79,623.25,110.7,25.5,25.42,22.28,22.4,20.48,22.95,22.94,22.57,22.74,20.51,0.024897,0.025648,0.007907,0.009927,0.001481,0.011936,0.012581,0.009404,0.011246,0.00171
2020-01-04 02:30:00,18.93,18.94,19.41,19.3,19.3,19.23,19.22,19.35,19.26,19.36,-1.7,0.0,0.521,0.515,0.283,0.339,0.357,0.378,0.383,0.319,0.361,0.319,36.0,23.0,23.0,1086.19,1129.11,455.97,569.83,102.0,662.22,697.68,542.58,637.94,110.94,25.47,25.39,22.27,22.41,20.51,22.98,22.96,22.61,22.78,20.52,0.024689,0.025466,0.007947,0.010033,0.001576,0.012166,0.012803,0.009695,0.011542,0.001714
2020-01-04 02:45:00,18.94,18.95,19.4,19.29,19.27,19.22,19.22,19.33,19.25,19.36,-1.8,0.0,0.534,0.528,0.297,0.348,0.348,0.384,0.388,0.327,0.369,0.319,36.0,23.0,23.0,1106.37,1149.3,475.54,583.18,99.37,670.72,705.66,554.76,649.28,111.17,25.55,25.46,22.33,22.45,20.49,23.01,22.99,22.65,22.81,20.52,0.025323,0.02609,0.008325,0.010297,0.001533,0.012351,0.012976,0.009943,0.01178,0.001718
2020-01-04 03:00:00,18.92,18.94,19.38,19.28,19.28,19.22,19.21,19.32,19.25,19.36,-1.85,0.0,0.532,0.526,0.3,0.353,0.365,0.388,0.392,0.334,0.375,0.32,36.0,23.0,23.0,1102.83,1146.23,480.26,590.87,104.24,676.98,711.57,564.77,658.16,111.4,25.53,25.45,22.34,22.47,20.52,23.04,23.02,22.69,22.85,20.52,0.025199,0.025988,0.008409,0.010444,0.001611,0.012495,0.01311,0.010153,0.011974,0.001721
2020-01-04 03:15:00,18.92,18.94,19.38,19.27,19.26,19.22,19.2,19.32,19.24,19.36,-1.91,0.0,0.541,0.532,0.309,0.362,0.359,0.39,0.396,0.338,0.376,0.321,36.0,23.0,23.0,1116.06,1155.48,494.44,604.71,102.45,679.49,716.84,570.26,659.25,111.63,25.58,25.48,22.38,22.51,20.51,23.06,23.04,22.73,22.88,20.52,0.025618,0.026276,0.008684,0.010721,0.001582,0.012564,0.013231,0.010278,0.012017,0.001725
2020-01-04 03:30:00,18.91,18.92,19.36,19.26,19.27,19.21,19.19,19.31,19.24,19.36,-1.96,0.0,0.539,0.532,0.312,0.363,0.37,0.392,0.399,0.342,0.378,0.321,36.0,23.0,23.0,1113.61,1157.01,499.01,607.22,105.61,681.54,721.82,575.72,661.26,111.86,25.57,25.48,22.38,22.51,20.52,23.08,23.06,22.75,22.89,20.52,0.025532,0.026318,0.008767,0.010765,0.001632,0.01262,0.013346,0.010399,0.012071,0.001729
2020-01-04 03:45:00,18.91,18.92,19.35,19.25,19.25,19.2,19.19,19.3,19.23,19.35,-2.02,0.0,0.547,0.539,0.321,0.369,0.367,0.395,0.403,0.347,0.381,0.322,36.0,23.0,23.0,1125.09,1168.15,511.79,615.52,104.69,684.97,727.19,582.37,666.02,112.09,25.61,25.52,22.42,22.53,20.51,23.1,23.08,22.78,22.91,20.52,0.025898,0.026664,0.009016,0.010931,0.001617,0.0127,0.013467,0.01054,0.012174,0.001732
2020-01-04 04:00:00,18.89,18.9,19.32,19.24,19.25,19.19,19.16,19.27,19.21,19.35,-2.07,0.0,0.546,0.54,0.325,0.373,0.376,0.398,0.406,0.352,0.385,0.323,36.0,23.0,23.0,1124.45,1169.09,517.47,621.51,107.33,689.56,732.88,590.01,672.23,112.32,25.6,25.52,22.43,22.54,20.52,23.11,23.1,22.81,22.93,20.52,0.025877,0.026688,0.009123,0.01105,0.001659,0.012802,0.013593,0.010699,0.012304,0.001736
2020-01-04 04:15:00,18.89,18.89,19.31,19.22,19.23,19.17,19.14,19.24,19.19,19.35,-2.12,0.0,0.556,0.552,0.34,0.382,0.374,0.407,0.42,0.366,0.395,0.323,36.0,23.0,23.0,1138.64,1188.03,538.06,635.17,106.83,703.44,754.99,612.1,688.26,112.54,25.66,25.58,22.5,22.59,20.52,23.14,23.14,22.85,22.96,20.52,0.026337,0.027286,0.009534,0.011329,0.001651,0.013089,0.014045,0.011136,0.012627,0.001739
2020-01-04 04:30:00,18.87,18.87,19.28,19.21,19.23,19.15,19.12,19.22,19.18,19.35,-2.16,0.0,0.557,0.555,0.347,0.388,0.386,0.416,0.432,0.38,0.404,0.324,36.0,23.0,23.0,1140.91,1193.16,548.41,643.43,110.22,717.34,774.3,631.81,702.47,112.76,25.66,25.6,22.52,22.61,20.53,23.18,23.19,22.9,23.0,20.52,0.026407,0.027437,0.009736,0.011496,0.001705,0.013387,0.014461,0.011542,0.012925,0.001743
2020-01-04 04:45:00,18.86,18.86,19.27,19.2,19.21,19.14,19.1,19.2,19.17,19.35,-2.21,0.0,0.566,0.565,0.358,0.395,0.385,0.423,0.441,0.39,0.411,0.325,36.0,23.0,23.0,1153.19,1209.09,564.11,653.18,109.97,726.92,787.2,646.19,712.36,112.97,25.71,25.65,22.57,22.64,20.53,23.22,23.24,22.96,23.04,20.52,0.02681,0.027944,0.010051,0.011696,0.0017,0.013607,0.01476,0.011855,0.013145,0.001746
2020-01-04 05:00:00,18.87,18.88,19.3,19.22,19.21,19.17,19.15,19.25,19.2,19.35,-2.26,0.0,0.568,0.569,0.366,0.401,0.395,0.428,0.448,0.398,0.416,0.325,36.0,23.0,23.0,1155.31,1214.33,574.82,661.44,112.7,733.12,795.9,656.67,719.23,113.19,25.72,25.68,22.62,22.67,20.54,23.26,23.29,23.02,23.07,20.52,0.026898,0.028137,0.010274,0.011872,0.001744,0.013763,0.014982,0.012099,0.013309,0.00175
2020-01-04 05:15:00,18.88,18.89,19.31,19.23,19.22,19.21,19.2,19.29,19.23,19.35,-2.31,0.0,0.563,0.558,0.35,0.39,0.396,0.414,0.423,0.376,0.402,0.326,36.0,23.0,23.0,1147.0,1196.7,552.39,645.8,112.82,709.85,752.06,621.0,694.5,113.41,25.71,25.63,22.54,22.62,20.54,23.26,23.28,23.01,23.07,20.52,0.026657,0.027606,0.009818,0.011549,0.001745,0.013327,0.014143,0.01144,0.012851,0.001753
2020-01-04 05:30:00,18.9,18.91,19.33,19.24,19.22,19.23,19.24,19.34,19.25,19.35,-2.36,0.0,0.559,0.554,0.344,0.385,0.388,0.397,0.398,0.353,0.387,0.326,36.0,23.0,23.0,1140.45,1187.33,543.58,638.45,110.68,682.32,710.55,583.8,669.8,113.64,25.7,25.62,22.52,22.61,20.52,23.22,23.22,22.96,23.04,20.52,0.026485,0.02736,0.009649,0.011406,0.001711,0.012775,0.0133,0.010713,0.012363,0.001757
2020-01-04 05:45:00,18.91,18.93,19.36,19.26,19.24,19.26,19.27,19.37,19.27,19.34,-2.4,0.0,0.552,0.544,0.333,0.378,0.388,0.383,0.379,0.332,0.375,0.327,36.0,23.0,23.0,1129.25,1170.65,527.92,627.75,110.7,660.99,681.37,553.43,651.12,113.86,25.67,25.58,22.48,22.58,20.52,23.17,23.14,22.89,22.99,20.52,0.026156,0.026873,0.009339,0.01119,0.001711,0.012326,0.012678,0.010098,0.011977,0.00176
2020-01-04 06:00:00,18.91,18.93,19.35,19.26,19.24,19.26,19.27,19.36,19.27,19.34,-2.45,0.0,0.547,0.537,0.322,0.37,0.381,0.371,0.364,0.317,0.364,0.328,36.0,23.0,23.0,1121.49,1158.83,513.58,616.54,108.79,643.72,659.04,531.87,635.55,114.08,25.65,25.55,22.43,22.55,20.51,23.11,23.06,22.81,22.94,20.53,0.025933,0.026533,0.009054,0.010963,0.00168,0.01195,0.012187,0.009645,0.011645,0.001764
2020-01-04 06:15:00,18.91,18.94,19.36,19.27,19.24,19.25,19.26,19.35,19.27,19.34,-2.49,0.0,0.546,0.536,0.324,0.371,0.378,0.371,0.367,0.32,0.366,0.328,36.0,23.0,23.0,1118.6,1156.42,514.94,617.11,108.15,645.68,666.48,539.08,639.46,114.31,25.65,25.55,22.44,22.55,20.5,23.07,23.01,22.76,22.91,20.53,0.025865,0.026487,0.009085,0.010979,0.001669,0.01195,0.012279,0.009739,0.011688,0.001767
2020-01-04 06:30:00,18.92,18.94,19.36,19.27,19.25,19.26,19.26,19.35,19.27,19.34,-2.53,0.0,0.543,0.532,0.319,0.367,0.38,0.373,0.37,0.324,0.367,0.329,36.0,23.0,23.0,1113.73,1150.03,509.03,611.8,108.56,650.36,672.28,546.79,643.34,114.53,25.64,25.54,22.42,22.54,20.5,23.05,22.99,22.73,22.89,20.53,0.02573,0.026308,0.008967,0.010872,0.001676,0.012018,0.012363,0.009861,0.011744,0.001771
2020-01-04 06:45:00,18.92,18.94,19.37,19.28,19.25,19.26,19.27,19.35,19.28,19.34,-2.57,0.0,0.541,0.53,0.318,0.364,0.377,0.372,0.368,0.325,0.366,0.33,36.0,23.0,23.0,1110.23,1146.44,506.59,607.55,107.77,649.17,670.4,547.99,641.57,114.75,25.64,25.54,22.41,22.53,20.49,23.04,22.97,22.72,22.88,20.53,0.025642,0.02622,0.008921,0.010789,0.001663,0.011984,0.012312,0.009872,0.0117,0.001774
2020-01-04 07:00:00,18.92,18.94,19.36,19.27,19.25,19.26,19.27,19.35,19.27,19.34,-2.6,0.0,0.538,0.528,0.315,0.361,0.377,0.368,0.365,0.323,0.362,0.33,36.0,23.0,23.0,1104.78,1141.48,503.38,602.78,107.87,643.02,665.14,544.84,635.51,114.98,25.63,25.53,22.4,22.51,20.49,23.02,22.95,22.7,22.86,20.53,0.025484,0.026082,0.008857,0.010693,0.001664,0.011854,0.012196,0.009804,0.011574,0.001778
2020-01-04 07:15:00,18.92,18.93,19.36,19.29,19.24,19.26,19.24,19.34,19.28,19.34,-2.64,0.0,0.54,0.529,0.318,0.363,0.375,0.37,0.367,0.326,0.365,0.331,36.0,23.0,23.0,1106.83,1143.3,507.25,606.19,107.33,646.48,670.58,550.16,640.31,115.21,25.64,25.54,22.42,22.53,20.49,23.01,22.94,22.7,22.86,20.53,0.025566,0.026148,0.008935,0.010767,0.001655,0.011908,0.012286,0.009894,0.011655,0.001782
2020-01-04 07:30:00,18.92,18.94,19.36,19.28,19.24,19.25,19.24,19.34,19.28,19.34,-2.67,0.0,0.538,0.533,0.318,0.356,0.379,0.372,0.378,0.329,0.36,0.332,36.0,23.0,23.0,1104.28,1149.32,506.91,595.2,108.29,650.93,690.06,556.15,632.09,115.44,25.63,25.56,22.41,22.49,20.49,23.01,22.96,22.7,22.84,20.53,0.025483,0.026332,0.008922,0.010538,0.00167,0.011989,0.012658,0.010003,0.011492,0.001785
2020-01-04 07:45:00,18.92,18.94,19.36,19.28,19.24,19.25,19.25,19.33,19.27,19.33,-2.7,0.0,0.539,0.531,0.321,0.361,0.378,0.373,0.379,0.332,0.362,0.332,36.0,23.0,23.0,1106.58,1146.82,511.0,603.19,108.04,652.44,690.66,560.03,636.84,115.68,25.64,25.55,22.42,22.51,20.48,23.01,22.97,22.7,22.83,20.53,0.025559,0.026248,0.008999,0.0107,0.001666,0.012018,0.012682,0.010077,0.011571,0.001789
2020-01-04 08:00:00,18.92,18.94,19.35,19.28,19.24,19.25,19.25,19.33,19.27,19.33,-2.67,0.0,0.539,0.532,0.321,0.361,0.38,0.374,0.377,0.333,0.365,0.333,36.0,23.0,23.0,1105.64,1148.33,512.6,603.35,108.76,653.22,686.05,561.76,642.15,115.91,25.64,25.55,22.41,22.51,20.49,23.01,22.97,22.71,22.83,20.53,0.025527,0.026294,0.009026,0.010698,0.001677,0.012033,0.0126,0.010111,0.011669,0.001793
2020-01-04 08:15:00,18.93,18.94,19.36,19.28,19.24,19.26,19.25,19.34,19.27,19.33,-2.63,6.1,0.538,0.531,0.323,0.362,0.38,0.375,0.376,0.334,0.367,0.334,36.0,23.0,23.0,1103.2,1145.83,514.77,603.71,108.78,654.44,684.2,562.88,645.1,116.14,25.64,25.55,22.43,22.52,20.48,23.02,22.98,22.72,22.84,20.53,0.02548,0.026228,0.009073,0.010713,0.001677,0.012061,0.012567,0.010137,0.011729,0.001796
2020-01-04 08:30:00,18.95,18.95,19.37,19.3,19.24,19.28,19.27,19.36,19.29,19.33,-2.6,76.1,0.534,0.528,0.32,0.358,0.381,0.371,0.373,0.331,0.364,0.335,36.0,23.0,23.0,1094.77,1140.88,510.14,597.84,108.94,648.21,678.96,557.79,639.32,116.38,25.64,25.54,22.43,22.53,20.48,23.03,22.98,22.72,22.85,20.53,0.025279,0.026105,0.008993,0.010615,0.001679,0.011952,0.012472,0.010051,0.011632,0.0018
2020-01-04 08:45:00,18.96,18.96,19.38,19.32,19.25,19.31,19.29,19.38,19.32,19.33,-2.56,146.0,0.526,0.524,0.315,0.349,0.378,0.36,0.366,0.321,0.353,0.335,36.0,23.0,23.0,1081.26,1133.45,501.26,583.8,108.31,629.4,666.0,541.91,620.25,116.62,25.62,25.54,22.42,22.51,20.47,23.02,22.97,22.72,22.85,20.53,0.024925,0.025912,0.00883,0.010352,0.001669,0.011599,0.012228,0.009762,0.011281,0.001804
2020-01-04 09:00:00,19.02,19.0,19.48,19.35,19.26,19.35,19.32,19.47,19.37,19.33,-2.27,216.0,0.518,0.519,0.308,0.342,0.374,0.347,0.357,0.309,0.34,0.336,36.0,23.0,23.0,1066.28,1123.83,486.51,570.71,107.28,607.0,650.35,520.63,597.57,116.86,25.61,25.52,22.56,22.51,20.46,23.0,22.96,22.75,22.83,20.53,0.024546,0.025664,0.008657,0.010119,0.001652,0.01117,0.011928,0.009398,0.010855,0.001808
2020-01-04 09:15:00,19.06,19.05,19.87,19.38,19.35,19.43,19.36,19.92,19.41,19.33,-1.98,285.9,0.492,0.498,0.259,0.323,0.371,0.324,0.338,0.263,0.317,0.337,36.0,23.0,23.0,1041.08,1105.5,384.2,544.65,106.37,568.63,617.6,429.07,558.89,117.11,25.33,25.25,23.36,22.39,20.44,22.95,22.92,23.15,22.79,20.53,0.023335,0.024609,0.007274,0.009573,0.001636,0.010428,0.011297,0.007989,0.010121,0.001812
2020-01-04 09:30:00,19.12,19.09,20.33,19.43,19.49,19.6,19.47,20.47,19.45,19.32,-1.68,310.1,0.468,0.477,0.063,0.308,0.326,0.285,0.321,0.038,0.297,0.337,36.0,23.0,23.0,998.18,1067.54,91.03,520.71,93.87,504.12,586.04,61.07,526.72,117.31,25.23,25.17,23.66,22.36,20.38,22.86,22.93,23.46,22.73,20.54,0.02218,0.023578,0.001765,0.009131,0.001438,0.009176,0.010727,0.001165,0.009498,0.001815
2020-01-04 09:45:00,19.17,19.13,20.78,19.46,19.62,19.74,19.62,20.85,19.5,19.32,-1.39,334.3,0.441,0.454,0.0,0.286,0.257,0.202,0.265,0.0,0.275,0.338,36.0,23.0,23.0,949.82,1024.35,0.0,485.61,74.58,364.09,485.09,0.0,489.87,117.56,25.12,25.07,36.0,22.29,20.27,22.61,22.9,36.0,22.66,20.54,0.020889,0.022417,0.0,0.008471,0.001135,0.006505,0.008861,0.0,0.008784,0.001819
2020-01-04 10:00:00,19.2,19.17,21.1,19.5,19.66,19.78,19.63,21.14,19.54,19.32,-1.12,358.4,0.417,0.433,0.0,0.269,0.192,0.128,0.191,0.0,0.249,0.339,36.0,23.0,23.0,894.41,971.84,0.0,456.89,56.06,237.59,354.75,0.0,447.14,117.82,25.17,25.13,36.0,22.28,20.18,22.25,22.69,36.0,22.56,20.54,0.019754,0.021393,0.0,0.007969,0.000848,0.004135,0.006377,0.0,0.007958,0.001823
2020-01-04 10:15:00,19.21,19.2,21.28,19.51,19.81,19.84,19.53,21.35,19.54,19.32,-0.85,382.6,0.398,0.417,0.0,0.249,0.169,0.111,0.187,0.0,0.23,0.34,36.0,23.0,23.0,860.69,938.35,0.0,424.53,49.32,208.93,354.43,0.0,415.88,118.11,25.09,25.12,36.0,22.21,20.13,21.95,22.48,36.0,22.46,20.54,0.018875,0.020629,0.0,0.007366,0.000743,0.003558,0.006272,0.0,0.007346,0.001827
2020-01-04 10:30:00,19.29,19.25,21.58,19.56,19.88,19.91,19.46,21.64,19.56,19.32,-0.59,412.0,0.393,0.399,0.0,0.247,0.097,0.08,0.234,0.0,0.231,0.34,36.0,23.0,23.0,860.15,918.75,0.0,421.51,28.68,153.83,444.56,0.0,420.0,118.36,24.95,24.86,36.0,22.2,20.0,21.67,22.41,36.0,22.4,20.54,0.018631,0.019739,0.0,0.007308,0.000429,0.002568,0.007828,0.0,0.007388,0.001831
2020-01-04 10:45:00,19.34,19.27,21.91,19.62,20.01,20.02,19.42,21.98,19.6,19.32,-0.32,441.5,0.354,0.375,0.0,0.218,0.059,0.043,0.269,0.0,0.221,0.341,36.0,23.0,23.0,787.87,874.15,0.0,376.0,17.33,84.54,510.47,0.0,402.54,118.56,24.75,24.72,36.0,22.1,19.93,21.37,22.45,36.0,22.35,20.54,0.01675,0.018534,0.0,0.00647,0.000258,0.001383,0.009013,0.0,0.007057,0.001835
2020-01-04 11:00:00,19.37,19.31,22.24,19.69,20.12,20.12,19.45,22.32,19.68,19.32,-0.06,471.0,0.332,0.364,0.0,0.192,0.0,0.0,0.29,0.0,0.198,0.342,36.0,23.0,23.0,748.25,852.16,0.0,331.41,0.0,0.0,546.14,0.0,362.63,118.83,24.63,24.66,36.0,22.07,36.0,36.0,22.53,36.0,22.31,20.54,0.015749,0.017975,0.0,0.005692,0.0,0.0,0.009701,0.0,0.006335,0.001839
2020-01-04 11:15:00,19.41,19.35,22.59,19.8,20.24,20.24,19.5,22.67,19.79,19.31,0.19,500.4,0.316,0.344,0.0,0.156,0.0,0.0,0.276,0.0,0.159,0.342,36.0,23.0,23.0,717.9,814.56,0.0,268.57,0.0,0.0,517.82,0.0,292.1,119.08,24.54,24.54,36.0,22.08,36.0,36.0,22.57,36.0,22.25,20.54,0.014991,0.017009,0.0,0.004615,0.0,0.0,0.009221,0.0,0.005081,0.001843
2020-01-04 11:30:00,19.45,19.39,22.8,19.91,20.35,20.38,19.54,22.96,19.91,19.31,0.45,490.9,0.296,0.326,0.0,0.1,0.0,0.0,0.248,0.0,0.105,0.343,36.0,23.0,23.0,679.69,778.48,0.0,173.61,0.0,0.0,467.26,0.0,193.22,119.34,24.42,24.43,36.0,22.02,36.0,36.0,22.52,36.0,22.16,20.54,0.01404,0.016094,0.0,0.00297,0.0,0.0,0.008295,0.0,0.00334,0.001847
2020-01-04 11:45:00,19.48,19.41,22.99,20.03,20.37,20.45,19.56,23.22,20.05,19.31,0.71,481.3,0.275,0.307,0.0,0.044,0.0,0.0,0.228,0.0,0.044,0.344,36.0,23.0,23.0,634.06,736.27,0.0,77.07,0.0,0.0,432.37,0.0,81.43,119.6,24.37,24.41,36.0,21.97,36.0,36.0,22.45,36.0,22.04,20.54,0.013038,0.015197,0.0,0.001314,0.0,0.0,0.007632,0.0,0.001396,0.001851
2020-01-04 12:00:00,19.44,19.37,22.99,20.08,20.51,20.6,19.53,23.28,20.09,19.31,0.86,471.8,0.262,0.296,0.0,0.0,0.0,0.0,0.221,0.0,0.0,0.345,36.0,23.0,23.0,608.61,712.96,0.0,0.0,0.0,0.0,420.53,0.0,0.0,119.9,24.27,24.33,36.0,36.0,36.0,36.0,22.38,36.0,36.0,20.54,0.012414,0.01461,0.0,0.0,0.0,0.0,0.007385,0.0,0.0,0.001856
2020-01-04 12:15:00,19.53,19.45,23.14,20.26,20.45,20.6,19.51,23.44,20.21,19.31,1.01,462.3,0.278,0.313,0.0,0.0,0.0,0.0,0.234,0.0,0.0,0.346,36.0,23.0,23.0,640.77,747.61,0.0,0.0,0.0,0.0,445.72,0.0,0.0,120.16,24.38,24.43,36.0,36.0,36.0,36.0,22.36,36.0,36.0,20.54,0.013189,0.015457,0.0,0.0,0.0,0.0,0.007818,0.0,0.0,0.00186
2020-01-04 12:30:00,19.44,19.37,23.09,20.4,20.61,20.69,19.5,23.43,20.3,19.31,1.16,439.3,0.237,0.274,0.0,0.0,0.0,0.0,0.246,0.0,0.0,0.346,36.0,23.0,23.0,561.47,672.37,0.0,0.0,0.0,0.0,468.3,0.0,0.0,120.41,24.05,24.14,36.0,36.0,36.0,36.0,22.38,36.0,36.0,20.55,0.011244,0.01356,0.0,0.0,0.0,0.0,0.008224,0.0,0.0,0.001864
2020-01-04 12:45:00,19.55,19.48,23.16,20.58,20.5,20.67,19.49,23.47,20.43,19.3,1.31,416.3,0.279,0.314,0.0,0.0,0.0,0.0,0.251,0.0,0.0,0.347,36.0,23.0,23.0,644.56,752.62,0.0,0.0,0.0,0.0,478.04,0.0,0.0,120.67,24.33,24.39,36.0,36.0,36.0,36.0,22.4,36.0,36.0,20.55,0.013218,0.015514,0.0,0.0,0.0,0.0,0.00841,0.0,0.0,0.001868
2020-01-04 13:00:00,19.43,19.36,23.05,20.75,20.66,20.72,19.51,23.42,20.56,19.3,1.33,393.3,0.223,0.261,0.0,0.0,0.0,0.0,0.253,0.0,0.0,0.348,36.0,23.0,23.0,534.82,647.37,0.0,0.0,0.0,0.0,480.16,0.0,0.0,120.92,23.88,23.98,36.0,36.0,36.0,36.0,22.42,36.0,36.0,20.55,0.010555,0.012888,0.0,0.0,0.0,0.0,0.008457,0.0,0.0,0.001872
2020-01-04 13:15:00,19.57,19.49,23.1,20.94,20.49,20.69,19.53,23.39,20.72,19.3,1.35,370.4,0.285,0.319,0.0,0.0,0.0,0.0,0.244,0.0,0.0,0.349,36.0,23.0,23.0,659.7,766.63,0.0,0.0,0.0,0.0,462.88,0.0,0.0,121.18,24.32,24.38,36.0,36.0,36.0,36.0,22.41,36.0,36.0,20.55,0.013513,0.015788,0.0,0.0,0.0,0.0,0.008147,0.0,0.0,0.001876
2020-01-04 13:30:00,19.41,19.34,22.97,21.04,20.69,20.69,19.54,23.32,20.91,19.3,1.38,361.2,0.216,0.254,0.0,0.0,0.0,0.0,0.235,0.0,0.0,0.349,36.0,23.0,23.0,524.35,637.2,0.0,0.0,0.0,0.0,448.14,0.0,0.0,121.43,23.76,23.88,36.0,36.0,36.0,36.0,22.38,36.0,36.0,20.55,0.010246,0.012576,0.0,0.0,0.0,0.0,0.007869,0.0,0.0,0.00188
2020-01-04 13:45:00,19.58,19.51,23.06,21.26,20.49,20.67,19.54,23.26,21.07,19.3,1.4,352.0,0.297,0.33,0.0,0.0,0.0,0.0,0.231,0.0,0.0,0.35,36.0,23.0,23.0,686.2,789.9,0.0,0.0,0.0,0.0,441.81,0.0,0.0,121.68,24.34,24.4,36.0,36.0,36.0,36.0,22.34,36.0,36.0,20.55,0.014079,0.01629,0.0,0.0,0.0,0.0,0.007739,0.0,0.0,0.001884
2020-01-04 14:00:00,19.37,19.31,22.89,21.3,20.75,20.66,19.52,23.17,21.21,19.3,1.4,342.9,0.21,0.247,0.0,0.0,0.0,0.0,0.23,0.0,0.0,0.351,36.0,23.0,23.0,513.59,624.07,0.0,0.0,0.0,0.0,441.12,0.0,0.0,121.94,23.62,23.76,36.0,36.0,36.0,36.0,22.31,36.0,36.0,20.55,0.009928,0.012195,0.0,0.0,0.0,0.0,0.00771,0.0,0.0,0.001888
2020-01-04 14:15:00,19.59,19.52,22.99,21.53,20.47,20.64,19.51,23.08,21.35,19.3,1.4,333.7,0.315,0.345,0.0,0.0,0.0,0.0,0.238,0.0,0.0,0.352,36.0,23.0,23.0,723.75,822.76,0.0,0.0,0.0,0.0,455.06,0.0,0.0,122.19,24.39,24.44,36.0,36.0,36.0,36.0,22.31,36.0,36.0,20.55,0.014913,0.017031,0.0,0.0,0.0,0.0,0.007949,0.0,0.0,0.001892
2020-01-04 14:30:00,19.41,19.35,22.82,21.55,20.64,20.6,19.5,22.96,21.43,19.29,1.41,313.6,0.205,0.24,0.0,0.0,0.0,0.0,0.245,0.0,0.0,0.352,36.0,23.0,23.0,509.57,617.73,0.0,0.0,0.0,0.0,468.27,0.0,0.0,122.43,23.43,23.55,36.0,36.0,36.0,36.0,22.31,36.0,36.0,20.55,0.009694,0.011874,0.0,0.0,0.0,0.0,0.008183,0.0,0.0,0.001896
2020-01-04 14:45:00,19.43,19.37,22.62,21.58,20.67,20.56,19.49,22.79,21.53,19.29,1.41,293.5,0.297,0.324,0.0,0.0,0.0,0.0,0.25,0.0,0.0,0.353,36.0,23.0,23.0,690.38,782.11,0.0,0.0,0.0,0.0,477.61,0.0,0.0,122.63,24.25,24.31,36.0,36.0,36.0,36.0,22.32,36.0,36.0,20.55,0.014059,0.015999,0.0,0.0,0.0,0.0,0.008351,0.0,0.0,0.001899
2020-01-04 15:00:00,19.49,19.44,22.59,21.71,20.5,20.5,19.47,22.62,21.58,19.29,1.31,273.5,0.285,0.315,0.0,0.0,0.0,0.0,0.257,0.0,0.0,0.354,36.0,23.0,23.0,671.4,768.21,0.0,0.0,0.0,0.0,490.31,0.0,0.0,122.92,24.11,24.2,36.0,36.0,36.0,36.0,22.33,36.0,36.0,20.55,0.013508,0.015574,0.0,0.0,0.0,0.0,0.008582,0.0,0.0,0.001904
2020-01-04 15:15:00,19.34,19.29,22.36,21.66,20.63,20.42,19.45,22.43,21.6,19.29,1.21,253.4,0.253,0.281,0.0,0.0,0.0,0.0,0.265,0.0,0.0,0.355,36.0,23.0,23.0,607.74,699.63,0.0,0.0,0.0,0.0,506.56,0.0,0.0,123.16,23.87,23.96,36.0,36.0,36.0,36.0,22.35,36.0,36.0,20.56,0.011984,0.013905,0.0,0.0,0.0,0.0,0.00888,0.0,0.0,0.001908
2020-01-04 15:30:00,19.47,19.42,22.23,21.59,20.41,20.32,19.43,22.18,21.51,19.29,1.11,191.6,0.331,0.355,0.0,0.0,0.0,0.0,0.274,0.0,0.0,0.355,36.0,23.0,23.0,760.24,845.12,0.0,0.0,0.0,0.0,522.61,0.0,0.0,123.39,24.41,24.47,36.0,36.0,36.0,36.0,22.38,36.0,36.0,20.56,0.015699,0.01753,0.0,0.0,0.0,0.0,0.009178,0.0,0.0,0.001911
2020-01-04 15:45:00,19.31,19.27,21.97,21.36,20.38,20.13,19.41,21.92,21.33,19.29,1.01,129.8,0.266,0.29,0.0,0.0,0.0,0.0,0.284,0.0,0.0,0.356,36.0,23.0,23.0,643.02,727.34,0.0,0.0,0.0,0.0,540.49,0.0,0.0,123.61,23.78,23.86,36.0,36.0,36.0,36.0,22.41,36.0,36.0,20.56,0.012584,0.014333,0.0,0.0,0.0,0.0,0.009512,0.0,0.0,0.001915
2020-01-04 16:00:00,19.29,19.26,21.68,21.02,20.22,19.9,19.38,21.56,21.0,19.29,0.81,68.1,0.346,0.363,0.0,0.0,0.0,0.0,0.293,0.0,0.0,0.356,36.0,23.0,23.0,799.9,873.08,0.0,0.0,0.0,0.0,556.06,0.0,0.0,123.79,24.32,24.35,36.0,36.0,36.0,36.0,22.43,36.0,36.0,20.56,0.016387,0.017928,0.0,0.0,0.0,0.0,0.009805,0.0,0.0,0.001918
2020-01-04 16:15:00,19.24,19.22,21.4,20.58,20.07,19.64,19.35,21.2,20.56,19.28,0.62,6.3,0.354,0.37,0.0,0.0,0.0,0.049,0.308,0.0,0.0,0.357,36.0,23.0,23.0,820.63,891.41,0.0,0.0,0.0,109.86,582.34,0.0,0.0,124.01,24.31,24.35,36.0,36.0,36.0,19.38,22.47,36.0,36.0,20.56,0.016792,0.018303,0.0,0.0,0.0,0.001582,0.010299,0.0,0.0,0.001921
2020-01-04 16:30:00,19.18,19.17,21.17,20.31,19.92,19.4,19.33,20.87,20.2,19.28,0.42,0.0,0.378,0.389,0.0,0.0,0.0,0.18,0.323,0.0,0.0,0.358,36.0,23.0,23.0,866.82,929.21,0.0,0.0,0.0,392.4,609.23,0.0,0.0,124.21,24.43,24.45,36.0,36.0,36.0,19.81,22.53,36.0,36.0,20.56,0.017926,0.019239,0.0,0.0,0.0,0.005799,0.010819,0.0,0.0,0.001925
2020-01-04 16:45:00,19.15,19.13,20.94,20.09,19.87,19.31,19.32,20.57,19.87,19.28,0.23,0.0,0.408,0.417,0.0,0.0,0.038,0.301,0.334,0.0,0.0,0.358,36.0,23.0,23.0,908.08,967.18,0.0,0.0,11.42,627.53,627.12,0.0,0.0,124.41,24.76,24.76,36.0,36.0,19.65,20.5,22.59,36.0,36.0,20.56,0.019329,0.020591,0.0,0.0,0.000167,0.009685,0.011187,0.0,0.0,0.001928
2020-01-04 17:00:00,19.17,19.16,20.81,19.93,19.71,19.21,19.32,20.38,19.68,19.28,0.17,0.0,0.427,0.434,0.0,0.0,0.063,0.347,0.34,0.0,0.066,0.359,36.0,23.0,23.0,941.08,999.23,0.0,0.0,19.03,694.79,634.89,0.0,126.85,124.64,24.86,24.86,36.0,36.0,19.69,21.12,22.64,36.0,21.64,20.56,0.020213,0.021454,0.0,0.0,0.000279,0.011172,0.011369,0.0,0.002113,0.001931
2020-01-04 17:15:00,19.09,19.08,20.6,19.8,19.71,19.22,19.31,20.17,19.54,19.28,0.11,0.0,0.415,0.422,0.0,0.034,0.143,0.394,0.341,0.0,0.16,0.359,36.0,23.0,23.0,921.85,977.92,0.0,61.89,42.7,760.3,635.49,0.0,305.62,124.81,24.78,24.77,36.0,21.46,19.85,21.66,22.67,36.0,21.68,20.56,0.019651,0.020838,0.0,0.001018,0.000632,0.012685,0.011409,0.0,0.005106,0.001934
2020-01-04 17:30:00,19.12,19.12,20.48,19.77,19.56,19.19,19.31,20.02,19.49,19.28,0.05,0.0,0.454,0.459,0.0,0.101,0.145,0.39,0.343,0.0,0.23,0.36,36.0,23.0,23.0,988.58,1043.3,0.0,177.68,43.12,733.43,638.56,0.0,433.72,124.98,25.01,25.0,36.0,21.74,19.83,22.02,22.7,36.0,21.87,20.56,0.021526,0.022681,0.0,0.002981,0.000638,0.012554,0.011486,0.0,0.007341,0.001937
2020-01-04 17:45:00,19.05,19.05,20.3,19.68,19.59,19.2,19.3,19.85,19.46,19.28,-0.01,0.0,0.442,0.442,0.0,0.115,0.218,0.407,0.347,0.0,0.254,0.36,36.0,23.0,23.0,970.03,1014.85,0.0,203.82,64.6,749.97,644.7,0.0,473.14,125.14,24.92,24.88,36.0,21.71,19.96,22.31,22.72,36.0,22.04,20.56,0.020948,0.021831,0.0,0.003413,0.000963,0.013102,0.011618,0.0,0.008106,0.001939
2020-01-04 18:00:00,19.09,19.09,20.19,19.66,19.46,19.2,19.3,19.74,19.46,19.28,-0.08,0.0,0.473,0.474,0.0,0.158,0.204,0.399,0.352,0.077,0.268,0.361,36.0,23.0,23.0,1020.41,1069.46,0.0,276.78,60.49,725.69,651.87,142.08,494.93,125.29,25.12,25.08,36.0,21.87,19.93,22.49,22.75,21.47,22.17,20.56,0.022434,0.02343,0.0,0.004686,0.0009,0.012852,0.01177,0.002339,0.008559,0.001942
2020-01-04 18:15:00,19.03,19.04,20.03,19.59,19.49,19.21,19.3,19.66,19.44,19.28,-0.14,0.0,0.455,0.454,0.0,0.172,0.271,0.401,0.352,0.132,0.271,0.361,36.0,23.0,23.0,990.38,1036.33,0.0,300.51,79.59,721.3,651.79,241.61,498.26,125.42,25.01,24.96,36.0,21.86,20.05,22.63,22.77,21.56,22.25,20.57,0.021551,0.022461,0.0,0.005083,0.001194,0.012904,0.011786,0.004003,0.008668,0.001944
2020-01-04 18:30:00,19.07,19.07,19.93,19.57,19.38,19.22,19.29,19.63,19.43,19.28,-0.2,0.0,0.484,0.482,0.0,0.205,0.253,0.394,0.352,0.168,0.279,0.362,36.0,23.0,23.0,1036.42,1082.09,0.0,356.38,74.58,704.17,651.27,305.36,509.63,125.55,25.19,25.13,36.0,21.96,20.02,22.71,22.78,21.69,22.31,20.57,0.022935,0.023824,0.0,0.006075,0.001117,0.01268,0.011787,0.005105,0.008905,0.001946
2020-01-04 18:45:00,19.02,19.02,19.83,19.51,19.41,19.23,19.29,19.6,19.41,19.28,-0.26,0.0,0.466,0.465,0.034,0.215,0.311,0.389,0.353,0.187,0.286,0.362,36.0,23.0,23.0,1008.13,1053.69,58.47,373.83,90.91,692.5,652.45,337.76,520.58,125.67,25.08,25.03,21.55,21.94,20.13,22.77,22.79,21.81,22.36,20.57,0.022095,0.022989,0.000968,0.006359,0.00137,0.012523,0.011817,0.005693,0.009128,0.001948
2020-01-04 19:00:00,19.04,19.05,19.81,19.49,19.33,19.23,19.28,19.56,19.39,19.27,-0.33,0.0,0.491,0.488,0.085,0.244,0.295,0.384,0.355,0.201,0.293,0.362,36.0,23.0,23.0,1046.3,1090.88,141.76,422.55,86.56,681.48,654.96,360.73,532.92,125.78,25.24,25.17,21.71,22.03,20.1,22.8,22.8,21.9,22.4,20.57,0.023258,0.024108,0.002374,0.007235,0.001303,0.012355,0.011871,0.006121,0.009372,0.00195
2020-01-04 19:15:00,19.0,19.01,19.72,19.44,19.36,19.22,19.26,19.53,19.37,19.27,-0.39,0.0,0.48,0.477,0.095,0.255,0.337,0.385,0.361,0.218,0.306,0.363,36.0,23.0,23.0,1028.84,1073.88,160.31,442.46,98.22,681.76,666.2,387.95,553.39,125.89,25.17,25.11,21.64,22.01,20.18,22.84,22.82,21.99,22.44,20.57,0.022734,0.023602,0.002671,0.007569,0.001485,0.01239,0.012092,0.006624,0.009766,0.001951
2020-01-04 19:30:00,19.02,19.03,19.7,19.42,19.29,19.22,19.26,19.51,19.35,19.27,-0.46,0.0,0.498,0.494,0.141,0.28,0.32,0.389,0.368,0.233,0.317,0.363,36.0,23.0,23.0,1056.79,1101.35,234.61,483.19,93.41,686.66,676.23,412.33,571.71,125.98,25.29,25.22,21.79,22.08,20.15,22.87,22.84,22.07,22.5,20.57,0.0236,0.024441,0.00395,0.008305,0.00141,0.012512,0.012298,0.007083,0.010128,0.001953
2020-01-04 19:45:00,18.99,19.0,19.64,19.39,19.32,19.21,19.25,19.48,19.33,19.27,-0.52,0.0,0.49,0.487,0.151,0.29,0.356,0.392,0.372,0.247,0.327,0.363,36.0,23.0,23.0,1043.16,1088.01,251.75,498.88,103.46,690.82,683.19,434.7,587.31,126.07,25.24,25.18,21.79,22.12,20.22,22.91,22.87,22.15,22.55,20.57,0.023195,0.024051,0.004239,0.0086,0.001568,0.012623,0.012449,0.00751,0.010444,0.001954
2020-01-04 20:00:00,19.02,19.02,19.64,19.4,19.26,19.23,19.27,19.49,19.34,19.27,-0.58,0.0,0.505,0.501,0.182,0.305,0.342,0.394,0.375,0.259,0.334,0.363,36.0,23.0,23.0,1066.61,1110.85,300.61,521.67,99.59,692.81,687.94,452.3,598.63,126.14,25.34,25.27,21.93,22.19,20.2,22.94,22.9,22.23,22.6,20.57,0.023945,0.024772,0.00511,0.00904,0.001508,0.012693,0.012561,0.007857,0.010685,0.001956
2020-01-04 20:15:00,19.0,19.01,19.59,19.38,19.3,19.25,19.28,19.49,19.36,19.27,-0.64,0.0,0.491,0.488,0.179,0.3,0.368,0.387,0.367,0.257,0.328,0.364,36.0,23.0,23.0,1044.29,1087.99,297.58,513.54,106.97,678.84,673.2,447.43,586.6,126.21,25.27,25.2,21.87,22.16,20.24,22.96,22.9,22.27,22.62,20.57,0.023287,0.024109,0.005037,0.008877,0.001624,0.01245,0.012293,0.007797,0.010486,0.001957
2020-01-04 20:30:00,19.02,19.03,19.6,19.39,19.26,19.26,19.29,19.5,19.37,19.27,-0.7,0.0,0.502,0.497,0.203,0.31,0.348,0.376,0.36,0.254,0.321,0.364,36.0,23.0,23.0,1058.55,1101.52,333.92,528.81,101.43,660.69,659.66,441.87,574.04,126.27,25.34,25.27,21.97,22.21,20.22,22.95,22.88,22.29,22.61,20.57,0.023766,0.02456,0.005692,0.009177,0.001537,0.012108,0.012032,0.007711,0.010258,0.001958
2020-01-04 20:45:00,19.0,19.01,19.56,19.37,19.29,19.27,19.3,19.49,19.37,19.27,-0.76,0.0,0.49,0.486,0.2,0.306,0.371,0.368,0.355,0.252,0.316,0.364,36.0,23.0,23.0,1040.18,1082.92,331.26,523.07,107.68,648.01,651.43,438.35,565.4,126.32,25.29,25.22,21.91,22.19,20.26,22.92,22.86,22.29,22.6,20.57,0.023235,0.024031,0.005626,0.009063,0.001636,0.011856,0.011863,0.007651,0.010091,0.001959
2020-01-04 21:00:00,19.01,19.02,19.55,19.37,19.26,19.26,19.28,19.47,19.35,19.27,-0.82,0.0,0.498,0.493,0.219,0.313,0.355,0.363,0.351,0.253,0.316,0.364,36.0,23.0,23.0,1050.32,1092.3,360.75,534.09,103.21,639.67,646.56,440.38,565.81,126.37,25.34,25.27,21.99,22.23,20.23,22.9,22.84,22.29,22.58,20.57,0.023577,0.024344,0.006158,0.009279,0.001566,0.011682,0.011755,0.007687,0.010087,0.001959
2020-01-04 21:15:00,18.99,19.0,19.52,19.35,19.27,19.24,19.26,19.44,19.32,19.27,-0.89,0.0,0.495,0.491,0.225,0.317,0.372,0.37,0.361,0.265,0.327,0.364,36.0,23.0,23.0,1046.41,1088.94,369.55,539.42,107.93,652.33,664.18,460.03,585.24,126.41,25.34,25.26,21.98,22.24,20.27,22.9,22.84,22.31,22.59,20.57,0.023476,0.024262,0.006304,0.009382,0.001641,0.011913,0.012079,0.008042,0.010441,0.00196
2020-01-04 21:30:00,18.99,19.0,19.51,19.34,19.24,19.23,19.25,19.42,19.31,19.27,-0.95,0.0,0.503,0.498,0.242,0.325,0.367,0.379,0.37,0.278,0.339,0.364,36.0,23.0,23.0,1058.33,1100.49,396.46,552.23,106.38,666.9,679.9,482.22,605.28,126.45,25.38,25.3,22.06,22.28,20.26,22.92,22.87,22.36,22.62,20.57,0.02384,0.02461,0.006803,0.00963,0.001617,0.012199,0.012387,0.008455,0.010824,0.001961
2020-01-04 21:45:00,18.99,18.99,19.47,19.33,19.25,19.24,19.24,19.39,19.3,19.27,-1.01,0.0,0.503,0.498,0.247,0.329,0.379,0.385,0.376,0.289,0.347,0.364,36.0,23.0,23.0,1057.59,1100.32,403.49,557.78,109.83,676.31,688.37,498.51,618.59,126.48,25.38,25.3,22.06,22.29,20.29,22.95,22.9,22.4,22.66,20.57,0.023821,0.024599,0.006924,0.009736,0.001672,0.012401,0.012567,0.008771,0.011093,0.001961
2020-01-04 22:00:00,18.99,19.0,19.47,19.33,19.23,19.24,19.25,19.4,19.3,19.27,-1.07,0.0,0.503,0.504,0.267,0.336,0.376,0.381,0.379,0.303,0.352,0.365,36.0,23.0,23.0,1058.32,1111.05,434.34,569.1,108.87,668.7,692.43,520.87,626.24,126.51,25.38,25.34,22.16,22.33,20.28,22.97,22.92,22.46,22.69,20.57,0.023849,0.024928,0.007507,0.009959,0.001657,0.012275,0.012664,0.009205,0.01126,0.001962
2020-01-04 22:15:00,18.97,18.99,19.47,19.32,19.24,19.23,19.25,19.42,19.3,19.27,-1.12,0.0,0.504,0.502,0.264,0.335,0.386,0.381,0.376,0.301,0.35,0.365,36.0,23.0,23.0,1060.07,1106.57,429.97,568.18,111.62,668.02,686.59,515.6,620.9,126.53,25.39,25.32,22.13,22.32,20.3,22.98,22.93,22.5,22.71,20.57,0.023898,0.024792,0.007416,0.009937,0.001701,0.01227,0.012567,0.009137,0.011179,0.001962
2020-01-04 22:30:00,18.98,18.99,19.45,19.32,19.22,19.24,19.25,19.41,19.3,19.27,-1.18,0.0,0.514,0.506,0.267,0.34,0.38,0.386,0.373,0.291,0.349,0.365,36.0,23.0,23.0,1074.63,1113.77,433.92,575.65,110.09,675.01,682.38,499.39,618.67,126.56,25.44,25.35,22.13,22.35,20.3,22.99,22.93,22.5,22.72,20.57,0.02435,0.025018,0.007487,0.010086,0.001677,0.012413,0.012491,0.008851,0.011145,0.001962
2020-01-04 22:45:00,18.97,18.98,19.44,19.31,19.23,19.24,19.25,19.4,19.3,19.27,-1.23,0.0,0.509,0.505,0.273,0.341,0.388,0.381,0.373,0.294,0.35,0.365,36.0,23.0,23.0,1066.75,1111.17,444.09,576.89,112.13,667.58,681.73,504.51,621.36,126.58,25.41,25.34,22.16,22.35,20.32,22.99,22.93,22.51,22.73,20.57,0.024104,0.02494,0.007677,0.010109,0.00171,0.01228,0.012478,0.008944,0.011199,0.001963
2020-01-04 23:00:00,18.97,18.98,19.44,19.31,19.22,19.24,19.25,19.4,19.29,19.27,-1.31,0.0,0.514,0.508,0.279,0.345,0.385,0.381,0.374,0.298,0.352,0.365,36.0,23.0,23.0,1075.14,1116.75,452.39,582.54,111.28,666.92,682.97,510.49,623.62,126.59,25.45,25.36,22.18,22.37,20.32,23.0,22.93,22.51,22.73,20.57,0.024372,0.025116,0.007832,0.010222,0.001697,0.012269,0.012502,0.009056,0.011246,0.001963
2020-01-04 23:15:00,18.96,18.98,19.42,19.3,19.22,19.23,19.25,19.39,19.29,19.27,-1.39,0.0,0.515,0.509,0.282,0.347,0.39,0.382,0.375,0.302,0.354,0.365,36.0,23.0,23.0,1075.41,1118.01,456.73,584.91,112.81,668.42,685.61,517.32,627.5,126.61,25.45,25.37,22.19,22.37,20.33,23.0,22.94,22.53,22.74,20.57,0.024384,0.02516,0.007913,0.010268,0.001722,0.0123,0.012554,0.009187,0.011323,0.001963
2020-01-04 23:30:00,18.96,18.97,19.42,19.3,19.21,19.23,19.25,19.38,19.28,19.27,-1.48,0.0,0.518,0.512,0.288,0.35,0.389,0.383,0.377,0.305,0.357,0.365,36.0,23.0,23.0,1080.54,1123.03,465.08,589.86,112.51,670.2,687.53,522.17,630.89,126.63,25.47,25.39,22.22,22.39,20.33,23.0,22.94,22.54,22.75,20.57,0.024551,0.025321,0.008073,0.010367,0.001717,0.012338,0.012595,0.009283,0.011393,0.001964
2020-01-04 23:45:00,18.96,18.97,19.41,19.29,19.21,19.23,19.24,19.38,19.28,19.27,-1.56,0.0,0.519,0.513,0.29,0.352,0.393,0.384,0.377,0.308,0.358,0.365,36.0,23.0,23.0,1081.68,1124.2,468.58,592.25,113.65,671.02,688.71,525.88,633.69,126.64,25.48,25.4,22.23,22.39,20.33,23.01,22.95,22.56,22.76,20.57,0.024593,0.025362,0.008138,0.010413,0.001735,0.012359,0.012622,0.009359,0.011452,0.001964
2020-01-05 00:00:00,18.94,18.95,19.38,19.26,19.21,19.2,19.21,19.34,19.24,19.27,-1.57,0.0,0.522,0.516,0.295,0.354,0.393,0.384,0.378,0.31,0.36,0.365,36.0,21.0,23.0,1086.58,1129.28,475.72,596.67,113.51,671.52,689.74,529.15,636.23,126.66,25.49,25.41,22.24,22.4,20.33,23.01,22.95,22.57,22.77,20.57,0.02474,0.025512,0.008272,0.010498,0.001733,0.012371,0.012643,0.009424,0.011503,0.001964
2020-01-05 00:15:00,19.37,19.39,19.94,19.8,19.47,19.38,19.4,19.54,19.42,19.34,-1.59,0.0,1.0,1.0,1.0,1.0,1.0,1.0,1.0,1.0,1.0,1.0,35.41,21.0,23.0,1615.45,1696.56,1211.58,1298.17,258.21,1498.39,1566.62,1452.78,1519.17,321.32,27.22,27.16,25.05,24.89,21.37,24.24,24.17,23.94,24.0,21.09,0.047383,0.04943,0.028075,0.029625,0.004411,0.03219,0.033452,0.030392,0.031957,0.005381
2020-01-05 00:30:00,19.7,19.72,20.42,20.24,19.83,19.77,19.8,19.95,19.81,19.47,-1.61,0.0,1.0,1.0,1.0,1.0,1.0,1.0,1.0,1.0,1.0,1.0,35.92,21.0,23.0,1673.37,1757.36,1254.82,1342.34,265.59,1440.32,1506.1,1384.71,1460.25,322.61,27.41,27.36,25.17,25.02,21.46,25.16,25.09,24.96,24.93,21.52,0.047383,0.04943,0.028075,0.029625,0.004411,0.03219,0.033452,0.030392,0.031957,0.005381
2020-01-05 00:45:00,19.82,19.84,20.57,20.39,20.0,20.12,20.16,20.32,20.16,19.62,-1.63,0.0,1.0,1.0,1.0,1.0,1.0,1.0,1.0,1.0,1.0,1.0,36.0,21.0,23.0,1680.33,1764.51,1257.79,1345.89,266.5,1379.68,1442.69,1319.58,1399.03,318.64,27.52,27.46,25.28,25.13,21.55,25.75,25.68,25.61,25.53,21.83,0.047383,0.04943,0.028075,0.029625,0.004411,0.03219,0.033452,0.030392,0.031957,0.005381
2020-01-05 01:00:00,19.83,19.85,20.64,20.46,20.07,20.39,20.43,20.61,20.43,19.76,-1.66,0.0,1.0,1.0,1.0,1.0,1.0,1.0,1.0,1.0,1.0,1.0,36.0,21.0,23.0,1604.24,1685.09,1214.3,1300.49,263.44,1328.86,1389.59,1266.44,1347.69,313.41,27.9,27.84,25.65,25.5,21.71,26.12,26.06,26.03,25.91,22.07,0.047383,0.04943,0.028075,0.029625,0.004411,0.03219,0.033452,0.030392,0.031957,0.005381
2020-01-05 01:15:00,19.87,19.9,20.71,20.53,20.11,20.57,20.61,20.81,20.61,19.87,-1.7,0.0,1.0,1.0,1.0,1.0,1.0,1.0,1.0,1.0,1.0,1.0,36.0,21.0,23.0,1590.01,1669.87,1200.61,1286.86,261.91,1293.07,1351.77,1229.06,1311.1,309.22,27.97,27.92,25.77,25.61,21.8,26.39,26.33,26.33,26.18,22.25,0.047383,0.04943,0.028075,0.029625,0.004411,0.03219,0.033452,0.030392,0.031957,0.005381
2020-01-05 01:30:00,19.93,19.94,20.78,20.62,20.19,20.73,20.73,20.96,20.78,19.98,-1.73,0.0,1.0,1.0,1.0,1.0,1.0,1.0,1.0,1.0,1.0,1.0,36.0,21.0,23.0,1576.04,1655.41,1186.88,1272.9,260.43,1266.66,1324.29,1201.77,1284.14,305.77,28.04,27.99,25.89,25.72,21.88,26.59,26.53,26.54,26.39,22.41,0.047383,0.04943,0.028075,0.029625,0.004411,0.03219,0.033452,0.030392,0.031957,0.005381
2020-01-05 01:45:00,19.99,20.0,20.87,20.7,20.26,20.86,20.85,21.09,20.91,20.08,-1.77,0.0,1.0,1.0,1.0,1.0,1.0,1.0,1.0,1.0,1.0,1.0,36.0,21.0,23.0,1561.56,1640.66,1173.17,1258.79,258.84,1246.19,1303.88,1180.97,1262.71,302.84,28.12,28.06,26.0,25.83,21.96,26.74,26.68,26.7,26.55,22.54,0.047383,0.04943,0.028075,0.029625,0.004411,0.03219,0.033452,0.030392,0.031957,0.005381
2020-01-05 02:00:00,20.06,20.08,20.98,20.81,20.33,20.99,20.98,21.23,21.04,20.17,-1.8,0.0,1.0,1.0,1.0,1.0,1.0,1.0,1.0,1.0,1.0,1.0,36.0,21.0,23.0,1546.4,1624.59,1158.63,1244.37,257.28,1229.54,1287.1,1164.16,1245.56,300.26,28.19,28.14,26.13,25.95,22.05,26.86,26.8,26.84,26.68,22.65,0.047383,0.04943,0.028075,0.029625,0.004411,0.03219,0.033452,0.030392,0.031957,0.005381
2020-01-05 02:15:00,20.14,20.16,21.09,20.91,20.42,21.12,21.11,21.36,21.17,20.26,-1.83,0.0,1.0,1.0,1.0,1.0,1.0,1.0,1.0,1.0,1.0,1.0,36.0,21.0,23.0,1530.6,1607.41,1143.39,1229.5,255.7,1215.03,1272.04,1149.34,1230.68,297.96,28.27,28.22,26.26,26.07,22.13,26.97,26.9,26.95,26.79,22.75,0.047383,0.04943,0.028075,0.029625,0.004411,0.03219,0.033452,0.030392,0.031957,0.005381
2020-01-05 02:30:00,20.22,20.25,21.21,21.02,20.51,21.24,21.24,21.49,21.28,20.34,-1.85,0.0,1.0,1.0,1.0,1.0,1.0,1.0,1.0,1.0,1.0,1.0,36.0,21.0,23.0,1514.64,1590.0,1127.95,1214.54,254.04,1202.06,1258.38,1136.1,1217.55,295.85,28.35,28.3,26.39,26.19,22.22,27.07,27.0,27.06,26.89,22.85,0.047383,0.04943,0.028075,0.029625,0.004411,0.03219,0.033452,0.030392,0.031957,0.005381
2020-01-05 02:45:00,20.3,20.33,21.3,21.11,20.61,21.35,21.36,21.62,21.39,20.42,-1.88,0.0,1.0,1.0,1.0,1.0,1.0,1.0,1.0,1.0,1.0,1.0,36.0,21.0,23.0,1506.61,1581.18,1119.81,1206.29,252.82,1190.22,1245.71,1123.96,1205.64,293.9,28.39,28.35,26.46,26.26,22.29,27.15,27.09,27.15,26.97,22.93,0.047383,0.04943,0.028075,0.029625,0.004411,0.03219,0.033452,0.030392,0.031957,0.005381
2020-01-05 03:00:00,20.35,20.39,21.4,21.2,20.68,21.46,21.47,21.73,21.49,20.5,-1.92,0.0,1.0,1.0,1.0,1.0,1.0,1.0,1.0,1.0,1.0,1.0,36.0,21.0,23.0,1499.11,1572.77,1111.8,1198.27,251.54,1179.3,1233.9,1112.76,1194.72,292.06,28.43,28.39,26.53,26.32,22.36,27.24,27.18,27.24,27.06,23.02,0.047383,0.04943,0.028075,0.029625,0.004411,0.03219,0.033452,0.030392,0.031957,0.005381
2020-01-05 03:15:00,20.41,20.45,21.49,21.28,20.76,21.56,21.58,21.5,21.59,20.58,-1.95,0.0,1.0,1.0,1.0,1.0,1.0,1.0,1.0,0.0,1.0,1.0,36.0,21.0,23.0,1492.34,1564.94,1103.93,1190.55,250.35,1169.29,1223.1,0.0,1184.76,290.33,28.47,28.43,26.59,26.39,22.42,27.31,27.25,36.0,27.13,23.09,0.047383,0.04943,0.028075,0.029625,0.004411,0.03219,0.033452,0.0,0.031957,0.005381
2020-01-05 03:30:00,20.51,20.56,21.59,21.38,20.85,21.59,21.67,21.15,21.67,20.65,-1.98,0.0,1.0,1.0,1.0,1.0,1.0,1.0,1.0,0.0,1.0,1.0,36.0,21.0,23.0,1540.12,1613.89,1121.87,1210.42,250.34,1159.71,1212.48,0.0,1175.07,288.62,28.22,28.19,26.44,26.23,22.42,27.38,27.33,36.0,27.2,23.17,0.047383,0.04943,0.028075,0.029625,0.004411,0.03219,0.033452,0.0,0.031957,0.005381
2020-01-05 03:45:00,20.6,20.65,21.69,21.48,20.95,21.59,21.77,20.82,21.76,20.72,-2.01,0.0,1.0,1.0,1.0,1.0,1.0,1.0,1.0,0.0,1.0,1.0,36.0,21.0,23.0,1532.39,1605.4,1113.75,1202.17,249.01,1152.65,1202.87,0.0,1166.38,287.04,28.26,28.23,26.51,26.29,22.5,27.43,27.4,36.0,27.27,23.24,0.047383,0.04943,0.028075,0.029625,0.004411,0.03219,0.033452,0.0,0.031957,0.005381
2020-01-05 04:00:00,20.58,20.62,21.72,21.52,21.01,21.56,21.81,20.5,21.8,20.8,-2.0,0.0,1.0,1.0,1.0,1.0,1.0,1.0,1.0,0.0,1.0,1.0,36.0,21.0,23.0,1470.52,1541.51,1081.51,1167.35,246.51,1147.73,1194.97,0.0,1159.09,285.58,28.58,28.54,26.78,26.57,22.63,27.47,27.45,36.0,27.32,23.3,0.047383,0.04943,0.028075,0.029625,0.004411,0.03219,0.033452,0.0,0.031957,0.005381
2020-01-05 04:15:00,20.63,20.67,20.91,20.68,20.85,21.53,21.84,20.61,21.81,20.85,-1.98,0.0,1.0,1.0,0.0,0.0,1.0,1.0,1.0,1.0,1.0,1.0,36.0,21.0,23.0,1521.16,1594.31,0.0,0.0,247.45,1144.07,1188.62,1468.02,1153.15,284.06,28.32,28.28,36.0,36.0,22.58,27.5,27.5,24.44,27.37,23.37,0.047383,0.04943,0.0,0.0,0.004411,0.03219,0.033452,0.030392,0.031957,0.005381
2020-01-05 04:30:00,20.63,20.67,20.22,19.98,20.62,21.59,21.88,20.92,21.83,20.93,-1.96,0.0,1.0,1.0,0.0,0.0,1.0,1.0,1.0,1.0,1.0,1.0,36.0,21.0,23.0,1518.59,1591.37,0.0,0.0,247.32,1140.88,1183.29,1323.9,1148.67,282.67,28.33,28.3,36.0,36.0,22.59,27.52,27.54,25.58,27.4,23.43,0.047383,0.04943,0.0,0.0,0.004411,0.03219,0.033452,0.030392,0.031957,0.005381
2020-01-05 04:45:00,20.57,20.62,19.96,19.72,20.48,21.66,21.91,21.21,21.85,21.0,-1.95,0.0,1.0,1.0,0.0,0.0,1.0,1.0,1.0,1.0,1.0,1.0,36.0,21.0,23.0,1458.96,1529.28,0.0,0.0,246.17,1136.71,1178.68,1244.47,1144.94,281.36,28.63,28.6,36.0,36.0,22.65,27.55,27.57,26.2,27.43,23.49,0.047383,0.04943,0.0,0.0,0.004411,0.03219,0.033452,0.030392,0.031957,0.005381
2020-01-05 05:00:00,20.58,20.63,19.83,19.59,20.36,21.76,21.97,21.41,21.91,21.07,-1.96,0.0,1.0,1.0,0.0,0.0,1.0,1.0,1.0,1.0,1.0,1.0,36.0,21.0,23.0,1455.46,1525.47,0.0,0.0,245.93,1132.8,1174.33,1193.91,1141.3,280.05,28.65,28.62,36.0,36.0,22.66,27.58,27.6,26.6,27.46,23.55,0.047383,0.04943,0.0,0.0,0.004411,0.03219,0.033452,0.030392,0.031957,0.005381
2020-01-05 05:15:00,20.65,20.7,20.54,20.27,20.54,21.82,22.01,21.28,21.98,21.12,-1.97,0.0,1.0,1.0,1.0,1.0,1.0,1.0,1.0,0.0,1.0,1.0,36.0,21.0,23.0,1505.35,1576.91,1170.47,1264.02,246.56,1127.1,1169.28,0.0,1136.37,278.72,28.4,28.37,26.03,25.79,22.63,27.62,27.64,36.0,27.49,23.61,0.047383,0.04943,0.028075,0.029625,0.004411,0.03219,0.033452,0.0,0.031957,0.005381
2020-01-05 05:30:00,20.74,20.8,21.22,20.95,20.85,21.83,22.08,20.98,22.04,21.18,-1.98,0.0,1.0,1.0,1.0,1.0,1.0,1.0,1.0,0.0,1.0,1.0,36.0,21.0,23.0,1499.5,1570.25,1195.53,1292.6,245.14,1122.5,1164.4,0.0,1131.49,277.5,28.43,28.4,25.81,25.56,22.71,27.66,27.67,36.0,27.53,23.66,0.047383,0.04943,0.028075,0.029625,0.004411,0.03219,0.033452,0.0,0.031957,0.005381
2020-01-05 05:45:00,20.75,20.81,21.32,21.06,21.0,21.81,22.15,20.65,22.09,21.25,-1.99,0.0,1.0,1.0,1.0,1.0,1.0,1.0,1.0,0.0,1.0,1.0,36.0,21.0,23.0,1438.1,1506.13,1167.56,1261.89,242.54,1119.47,1159.44,0.0,1126.9,276.34,28.74,28.71,26.05,25.81,22.85,27.68,27.71,36.0,27.56,23.71,0.047383,0.04943,0.028075,0.029625,0.004411,0.03219,0.033452,0.0,0.031957,0.005381
2020-01-05 06:00:00,20.76,20.82,21.32,21.06,21.01,21.74,22.18,20.46,22.11,21.31,-2.0,0.0,1.0,1.0,1.0,1.0,1.0,1.0,1.0,0.0,1.0,1.0,36.0,21.0,23.0,1433.07,1500.9,1177.11,1272.23,241.61,1116.51,1154.46,0.0,1122.74,275.17,28.76,28.74,25.97,25.73,22.9,27.7,27.74,36.0,27.59,23.77,0.047383,0.04943,0.028075,0.029625,0.004411,0.03219,0.033452,0.0,0.031957,0.005381
2020-01-05 06:15:00,20.81,20.87,20.43,20.68,20.91,21.7,22.21,20.56,21.86,21.35,-2.0,0.0,1.0,1.0,0.0,0.477,0.907,1.0,1.0,1.0,0.0,1.0,36.0,21.0,23.0,1484.78,1554.59,0.0,734.59,222.43,1116.23,1150.36,1500.51,0.0,273.99,28.5,28.48,36.0,23.56,22.7,27.7,27.77,24.19,36.0,23.82,0.047383,0.04943,0.0,0.014121,0.004001,0.03219,0.033452,0.030392,0.0,0.005381
2020-01-05 06:30:00,20.83,20.89,19.84,20.39,20.68,21.72,22.23,20.87,21.38,21.41,-2.01,0.0,1.0,1.0,0.0,0.477,0.907,1.0,1.0,1.0,0.0,1.0,36.0,21.0,23.0,1484.12,1553.63,0.0,727.67,222.51,1115.36,1147.02,1347.43,0.0,272.89,28.51,28.48,36.0,23.67,22.69,27.71,27.8,25.39,36.0,23.87,0.047383,0.04943,0.0,0.014121,0.004001,0.03219,0.033452,0.030392,0.0,0.005381
2020-01-05 06:45:00,20.82,20.87,19.7,20.33,20.59,21.74,22.25,21.15,20.97,21.47,-2.02,0.0,1.0,1.0,0.0,0.477,0.907,1.0,1.0,1.0,0.0,1.0,36.0,21.0,23.0,1483.04,1552.62,0.0,723.99,222.68,1113.5,1144.1,1260.8,0.0,271.8,28.51,28.49,36.0,23.73,22.68,27.72,27.82,26.08,36.0,23.92,0.047383,0.04943,0.0,0.014121,0.004001,0.03219,0.033452,0.030392,0.0,0.005381
2020-01-05 07:00:00,20.79,20.85,19.65,20.34,20.58,21.74,22.31,21.38,20.66,21.52,-2.03,0.0,1.0,1.0,0.0,0.477,0.907,1.0,1.0,1.0,0.0,1.0,36.0,21.0,23.0,1426.33,1493.65,0.0,711.39,221.58,1112.05,1141.19,1207.6,0.0,270.78,28.8,28.77,36.0,23.95,22.75,27.74,27.84,26.49,36.0,23.96,0.047383,0.04943,0.0,0.014121,0.004001,0.03219,0.033452,0.030392,0.0,0.005381
2020-01-05 07:15:00,20.85,20.91,20.42,20.83,20.75,21.74,22.36,21.23,20.8,21.57,-2.03,0.0,1.0,1.0,1.0,1.0,1.0,1.0,1.0,0.0,1.0,1.0,36.0,21.0,23.0,1477.38,1545.89,1163.8,1248.23,241.99,1110.44,1137.05,0.0,1512.88,269.71,28.54,28.52,26.08,25.92,22.88,27.75,27.87,36.0,24.67,24.01,0.047383,0.04943,0.028075,0.029625,0.004411,0.03219,0.033452,0.0,0.031957,0.005381
2020-01-05 07:30:00,20.94,21.01,21.2,21.25,21.07,21.77,22.42,20.93,21.14,21.62,-2.04,0.0,1.0,1.0,1.0,1.0,1.0,1.0,1.0,0.0,1.0,1.0,36.0,21.0,23.0,1473.42,1541.05,1161.51,1233.58,240.47,1108.42,1132.63,0.0,1366.82,268.7,28.56,28.54,26.1,26.04,22.96,27.76,27.9,36.0,25.77,24.05,0.047383,0.04943,0.028075,0.029625,0.004411,0.03219,0.033452,0.0,0.031957,0.005381
2020-01-05 07:45:00,20.94,21.01,21.43,21.4,21.19,21.81,22.5,20.62,21.49,21.68,-2.04,0.0,1.0,1.0,1.0,1.0,1.0,1.0,1.0,0.0,1.0,1.0,36.0,21.0,23.0,1415.32,1480.65,1111.72,1186.24,238.3,1106.03,1128.3,0.0,1285.97,267.76,28.85,28.83,26.53,26.42,23.08,27.78,27.93,36.0,26.37,24.1,0.047383,0.04943,0.028075,0.029625,0.004411,0.03219,0.033452,0.0,0.031957,0.005381
2020-01-05 08:00:00,20.96,21.03,21.54,21.48,21.22,21.8,22.55,20.45,21.67,21.73,-1.98,0.0,1.0,1.0,1.0,1.0,1.0,1.0,1.0,0.0,1.0,1.0,36.0,21.0,23.0,1412.28,1477.38,1103.82,1178.33,237.67,1103.47,1123.67,0.0,1233.72,266.8,28.87,28.85,26.59,26.48,23.11,27.8,27.96,36.0,26.76,24.14,0.047383,0.04943,0.028075,0.029625,0.004411,0.03219,0.033452,0.0,0.031957,0.005381
2020-01-05 08:15:00,20.88,20.93,20.75,21.56,21.06,21.58,22.57,20.56,21.51,21.67,-1.92,6.3,0.798,0.794,0.0,1.0,0.0,0.0,1.0,1.0,0.0,0.0,36.0,21.0,23.0,1275.51,1328.92,0.0,1195.81,0.0,0.0,1119.1,1508.8,0.0,0.0,27.93,27.9,36.0,26.34,36.0,36.0,28.0,24.12,36.0,36.0,0.037834,0.039232,0.0,0.029625,0.0,0.0,0.033452,0.030392,0.0,0.0
2020-01-05 08:30:00,20.83,20.88,20.21,21.62,20.9,21.24,22.63,20.84,21.1,21.53,-1.86,93.2,0.798,0.794,0.0,1.0,0.0,0.0,1.0,1.0,0.0,0.0,36.0,21.0,23.0,1270.39,1325.2,0.0,1186.67,0.0,0.0,1114.38,1351.89,0.0,0.0,27.97,27.92,36.0,26.42,36.0,36.0,28.03,25.36,36.0,36.0,0.037834,0.039232,0.0,0.029625,0.0,0.0,0.033452,0.030392,0.0,0.0
2020-01-05 08:45:00,20.85,20.89,20.14,21.67,20.85,20.93,22.7,21.12,20.69,21.38,-1.8,180.2,0.798,0.794,0.0,1.0,0.0,0.0,1.0,1.0,0.0,0.0,36.0,21.0,23.0,1267.01,1323.4,0.0,1176.98,0.0,0.0,1108.7,1261.69,0.0,0.0,27.99,27.93,36.0,26.5,36.0,36.0,28.07,26.07,36.0,36.0,0.037834,0.039232,0.0,0.029625,0.0,0.0,0.033452,0.030392,0.0,0.0
2020-01-05 09:00:00,20.93,20.95,20.2,21.75,20.87,20.69,22.79,21.39,20.35,21.26,-1.4,267.2,0.798,0.794,0.0,1.0,0.0,0.0,1.0,1.0,0.0,0.0,36.0,21.0,23.0,1260.33,1318.32,0.0,1166.23,0.0,0.0,1102.12,1196.45,0.0,0.0,28.03,27.96,36.0,26.58,36.0,36.0,28.12,26.58,36.0,36.0,0.037834,0.039232,0.0,0.029625,0.0,0.0,0.033452,0.030392,0.0,0.0
2020-01-05 09:15:00,21.02,21.19,20.72,21.01,21.0,20.89,22.59,21.76,20.49,21.15,-1.0,354.1,0.793,1.0,0.0,0.0,1.0,1.0,0.0,0.0,1.0,0.0,36.0,21.0,23.0,1246.59,1509.24,0.0,0.0,237.65,1487.0,0.0,0.0,1549.59,0.0,28.06,28.7,36.0,36.0,23.11,24.95,36.0,36.0,24.4,36.0,0.037582,0.04943,0.0,0.0,0.004411,0.03219,0.0,0.0,0.031957,0.0
2020-01-05 09:30:00,21.12,21.36,21.63,20.59,21.15,21.41,22.29,22.26,20.98,21.05,-0.59,388.7,0.793,1.0,0.0,0.0,1.0,1.0,0.0,0.0,1.0,0.0,36.0,21.0,23.0,1238.7,1501.2,0.0,0.0,238.48,1326.19,0.0,0.0,1387.6,0.0,28.11,28.73,36.0,36.0,23.07,26.14,36.0,36.0,25.61,36.0,0.037582,0.04943,0.0,0.0,0.004411,0.03219,0.0,0.0,0.031957,0.0
2020-01-05 09:45:00,21.22,21.49,22.51,20.54,21.36,21.93,22.05,22.85,21.54,20.94,-0.19,423.3,0.793,1.0,0.0,0.0,1.0,1.0,0.0,0.0,1.0,0.0,36.0,21.0,23.0,1232.32,1489.06,0.0,0.0,237.18,1232.31,0.0,0.0,1290.96,0.0,28.16,28.79,36.0,36.0,23.14,26.84,36.0,36.0,26.34,36.0,0.037582,0.04943,0.0,0.0,0.004411,0.03219,0.0,0.0,0.031957,0.0
2020-01-05 10:00:00,21.34,21.62,23.08,20.57,21.57,22.34,21.75,23.41,21.94,20.84,0.19,457.8,0.793,1.0,0.0,0.0,1.0,1.0,0.0,0.0,1.0,0.0,36.0,21.0,23.0,1225.91,1477.93,0.0,0.0,236.16,1170.6,0.0,0.0,1226.15,0.0,28.2,28.85,36.0,36.0,23.19,27.3,36.0,36.0,26.82,36.0,0.037582,0.04943,0.0,0.0,0.004411,0.03219,0.0,0.0,0.031957,0.0
2020-01-05 10:15:00,20.56,20.69,23.45,21.25,21.53,22.45,21.49,23.85,21.96,20.84,0.58,492.4,0.007,0.0,0.0,0.975,0.0,0.0,0.0,0.0,0.0,1.0,36.0,21.0,23.0,17.86,0.0,0.0,1154.49,0.0,0.0,0.0,0.0,0.0,311.78,23.73,36.0,36.0,26.44,36.0,36.0,36.0,36.0,36.0,22.14,0.000348,0.0,0.0,0.028882,0.0,0.0,0.0,0.0,0.0,0.005381
2020-01-05 10:30:00,20.23,20.29,23.75,21.92,21.48,22.38,21.15,24.27,21.72,20.96,0.97,511.9,0.007,0.0,0.0,0.975,0.0,0.0,0.0,0.0,0.0,1.0,36.0,21.0,23.0,17.77,0.0,0.0,1177.12,0.0,0.0,0.0,0.0,0.0,299.86,23.79,36.0,36.0,26.25,36.0,36.0,36.0,36.0,36.0,22.67,0.000348,0.0,0.0,0.028882,0.0,0.0,0.0,0.0,0.0,0.005381
2020-01-05 10:45:00,20.21,20.24,24.03,22.04,21.56,22.31,20.88,24.55,21.5,21.08,1.36,531.4,0.007,0.0,0.0,0.975,0.0,0.0,0.0,0.0,0.0,1.0,36.0,21.0,23.0,17.86,0.0,0.0,1173.55,0.0,0.0,0.0,0.0,0.0,292.03,23.73,36.0,36.0,26.28,36.0,36.0,36.0,36.0,36.0,23.02,0.000348,0.0,0.0,0.028882,0.0,0.0,0.0,0.0,0.0,0.005381
2020-01-05 11:00:00,20.21,20.23,24.26,22.16,21.63,22.3,20.67,24.81,21.37,21.19,1.68,550.8,0.007,0.0,0.0,0.975,0.0,0.0,0.0,0.0,0.0,1.0,36.0,21.0,23.0,17.9,0.0,0.0,1169.72,0.0,0.0,0.0,0.0,0.0,286.46,23.7,36.0,36.0,26.31,36.0,36.0,36.0,36.0,36.0,23.26,0.000348,0.0,0.0,0.028882,0.0,0.0,0.0,0.0,0.0,0.005381
2020-01-05 11:15:00,21.13,21.13,24.54,21.49,21.94,22.34,20.85,25.07,21.34,21.17,2.01,570.3,1.0,1.0,0.0,0.0,0.0,0.0,1.0,0.0,0.0,0.0,36.0,21.0,23.0,1392.95,1450.42,0.0,0.0,0.0,0.0,1610.8,0.0,0.0,0.0,28.97,28.98,36.0,36.0,36.0,36.0,24.48,36.0,36.0,36.0,0.047383,0.04943,0.0,0.0,0.0,0.0,0.033452,0.0,0.0,0.0
2020-01-05 11:30:00,21.82,21.82,24.91,21.27,22.28,22.41,21.41,25.34,21.38,21.06,2.34,567.7,1.0,1.0,0.0,0.0,0.0,0.0,1.0,0.0,0.0,0.0,36.0,21.0,23.0,1402.1,1463.75,0.0,0.0,0.0,0.0,1419.55,0.0,0.0,0.0,28.92,28.92,36.0,36.0,36.0,36.0,25.85,36.0,36.0,36.0,0.047383,0.04943,0.0,0.0,0.0,0.0,0.033452,0.0,0.0,0.0
2020-01-05 11:45:00,22.05,22.04,25.19,21.47,22.49,22.49,22.04,25.57,21.48,20.93,2.67,565.0,1.0,1.0,0.0,0.0,0.0,0.0,1.0,0.0,0.0,0.0,36.0,21.0,23.0,1377.42,1441.9,0.0,0.0,0.0,0.0,1307.38,0.0,0.0,0.0,29.05,29.02,36.0,36.0,36.0,36.0,26.65,36.0,36.0,36.0,0.047383,0.04943,0.0,0.0,0.0,0.0,0.033452,0.0,0.0,0.0
2020-01-05 12:00:00,22.21,22.19,25.42,21.71,22.65,22.58,22.44,25.78,21.62,20.82,2.89,562.4,1.0,1.0,0.0,0.0,0.0,0.0,1.0,0.0,0.0,0.0,36.0,21.0,23.0,1358.56,1426.44,0.0,0.0,0.0,0.0,1232.64,0.0,0.0,0.0,29.14,29.1,36.0,36.0,36.0,36.0,27.18,36.0,36.0,36.0,0.047383,0.04943,0.0,0.0,0.0,0.0,0.033452,0.0,0.0,0.0
2020-01-05 12:15:00,21.33,21.29,25.56,21.91,22.56,22.69,22.38,25.95,21.8,20.82,3.12,559.7,0.0,0.0,0.0,0.0,0.0,0.0,0.0,0.0,0.0,1.0,36.0,21.0,23.0,0.0,0.0,0.0,0.0,0.0,0.0,0.0,0.0,0.0,309.31,36.0,36.0,36.0,36.0,36.0,36.0,36.0,36.0,36.0,22.25,0.0,0.0,0.0,0.0,0.0,0.0,0.0,0.0,0.0,0.005381
2020-01-05 12:30:00,20.98,20.92,25.53,22.06,22.39,22.79,22.03,26.1,22.03,20.93,3.34,546.5,0.0,0.0,0.0,0.0,0.0,0.0,0.0,0.0,0.0,1.0,36.0,21.0,23.0,0.0,0.0,0.0,0.0,0.0,0.0,0.0,0.0,0.0,298.45,36.0,36.0,36.0,36.0,36.0,36.0,36.0,36.0,36.0,22.73,0.0,0.0,0.0,0.0,0.0,0.0,0.0,0.0,0.0,0.005381
2020-01-05 12:45:00,20.93,20.86,25.56,22.27,22.38,22.87,21.66,26.2,22.27,21.06,3.57,533.3,0.0,0.0,0.0,0.0,0.0,0.0,0.0,0.0,0.0,1.0,36.0,21.0,23.0,0.0,0.0,0.0,0.0,0.0,0.0,0.0,0.0,0.0,291.3,36.0,36.0,36.0,36.0,36.0,36.0,36.0,36.0,36.0,23.05,0.0,0.0,0.0,0.0,0.0,0.0,0.0,0.0,0.0,0.005381
2020-01-05 13:00:00,20.9,20.81,25.59,22.51,22.38,22.93,21.32,26.25,22.52,21.16,3.68,520.1,0.0,0.0,0.0,0.0,0.0,0.0,0.0,0.0,0.0,1.0,36.0,21.0,23.0,0.0,0.0,0.0,0.0,0.0,0.0,0.0,0.0,0.0,286.15,36.0,36.0,36.0,36.0,36.0,36.0,36.0,36.0,36.0,23.28,0.0,0.0,0.0,0.0,0.0,0.0,0.0,0.0,0.0,0.005381
2020-01-05 13:15:00,21.31,21.39,25.61,22.75,22.54,22.97,21.05,26.27,22.75,21.14,3.79,506.9,0.407,0.627,0.0,0.0,0.0,0.0,0.0,0.0,0.0,0.0,36.0,21.0,23.0,737.33,1070.78,0.0,0.0,0.0,0.0,0.0,0.0,0.0,0.0,26.84,27.74,36.0,36.0,36.0,36.0,36.0,36.0,36.0,36.0,0.019263,0.031011,0.0,0.0,0.0,0.0,0.0,0.0,0.0,0.0
2020-01-05 13:30:00,21.55,21.75,25.68,23.12,22.7,22.98,20.74,26.24,23.09,21.01,3.9,497.1,0.407,0.627,0.0,0.0,0.0,0.0,0.0,0.0,0.0,0.0,36.0,21.0,23.0,746.16,1078.09,0.0,0.0,0.0,0.0,0.0,0.0,0.0,0.0,26.73,27.68,36.0,36.0,36.0,36.0,36.0,36.0,36.0,36.0,0.019263,0.031011,0.0,0.0,0.0,0.0,0.0,0.0,0.0,0.0
2020-01-05 13:45:00,21.57,21.77,25.69,23.36,22.81,22.97,20.56,26.18,23.33,20.91,4.01,487.3,0.407,0.627,0.0,0.0,0.0,0.0,0.0,0.0,0.0,0.0,36.0,21.0,23.0,764.81,1111.47,0.0,0.0,0.0,0.0,0.0,0.0,0.0,0.0,26.5,27.43,36.0,36.0,36.0,36.0,36.0,36.0,36.0,36.0,0.019263,0.031011,0.0,0.0,0.0,0.0,0.0,0.0,0.0,0.0
2020-01-05 14:00:00,21.53,21.76,25.66,23.65,22.87,22.96,20.33,26.11,23.65,20.78,4.03,477.5,0.407,0.627,0.0,0.0,0.0,0.0,0.0,0.0,0.0,0.0,36.0,21.0,23.0,765.08,1099.83,0.0,0.0,0.0,0.0,0.0,0.0,0.0,0.0,26.5,27.52,36.0,36.0,36.0,36.0,36.0,36.0,36.0,36.0,0.019263,0.031011,0.0,0.0,0.0,0.0,0.0,0.0,0.0,0.0
2020-01-05 14:15:00,21.0,21.02,25.6,23.8,22.69,22.96,20.53,26.03,23.82,20.8,4.05,467.7,0.0,0.0,0.0,0.0,0.0,0.0,1.0,0.0,0.0,1.0,36.0,21.0,23.0,0.0,0.0,0.0,0.0,0.0,0.0,1672.13,0.0,0.0,309.6,36.0,36.0,36.0,36.0,36.0,36.0,24.04,36.0,36.0,22.24,0.0,0.0,0.0,0.0,0.0,0.0,0.033452,0.0,0.0,0.005381
2020-01-05 14:30:00,20.67,20.64,25.37,23.87,22.48,22.95,21.09,25.9,24.02,20.9,4.07,439.4,0.0,0.0,0.0,0.0,0.0,0.0,1.0,0.0,0.0,1.0,36.0,21.0,23.0,0.0,0.0,0.0,0.0,0.0,0.0,1470.24,0.0,0.0,298.73,36.0,36.0,36.0,36.0,36.0,36.0,25.49,36.0,36.0,22.72,0.0,0.0,0.0,0.0,0.0,0.0,0.033452,0.0,0.0,0.005381
2020-01-05 14:45:00,20.5,20.46,25.18,23.92,22.37,22.91,21.73,25.73,24.18,21.03,4.09,411.2,0.0,0.0,0.0,0.0,0.0,0.0,1.0,0.0,0.0,1.0,36.0,21.0,23.0,0.0,0.0,0.0,0.0,0.0,0.0,1352.83,0.0,0.0,291.6,36.0,36.0,36.0,36.0,36.0,36.0,26.33,36.0,36.0,23.04,0.0,0.0,0.0,0.0,0.0,0.0,0.033452,0.0,0.0,0.005381
2020-01-05 15:00:00,20.34,20.29,24.95,23.96,22.33,22.87,22.11,25.51,24.31,21.15,3.96,383.0,0.0,0.0,0.0,0.0,0.0,0.0,1.0,0.0,0.0,1.0,36.0,21.0,23.0,0.0,0.0,0.0,0.0,0.0,0.0,1277.62,0.0,0.0,286.51,36.0,36.0,36.0,36.0,36.0,36.0,26.86,36.0,36.0,23.26,0.0,0.0,0.0,0.0,0.0,0.0,0.033452,0.0,0.0,0.005381
2020-01-05 15:15:00,21.12,21.07,24.8,24.01,22.4,22.77,21.98,25.31,24.35,21.12,3.83,354.7,1.0,1.0,0.0,0.0,0.0,0.0,0.0,0.0,0.0,0.0,36.0,21.0,23.0,1535.1,1623.78,0.0,0.0,0.0,0.0,0.0,0.0,0.0,0.0,28.25,28.14,36.0,36.0,36.0,36.0,36.0,36.0,36.0,36.0,0.047383,0.04943,0.0,0.0,0.0,0.0,0.0,0.0,0.0,0.0
2020-01-05 15:30:00,21.7,21.66,24.63,23.96,22.63,22.64,21.6,24.99,24.27,21.01,3.69,268.0,1.0,1.0,0.0,0.0,0.0,0.0,0.0,0.0,0.0,0.0,36.0,21.0,23.0,1582.54,1672.16,0.0,0.0,0.0,0.0,0.0,0.0,0.0,0.0,28.01,27.91,36.0,36.0,36.0,36.0,36.0,36.0,36.0,36.0,0.047383,0.04943,0.0,0.0,0.0,0.0,0.0,0.0,0.0,0.0
2020-01-05 15:45:00,21.75,21.71,24.41,23.77,22.63,22.45,21.17,24.62,24.04,20.89,3.56,181.2,1.0,1.0,0.0,0.0,0.0,0.0,0.0,0.0,0.0,0.0,36.0,21.0,23.0,1578.15,1666.02,0.0,0.0,0.0,0.0,0.0,0.0,0.0,0.0,28.03,27.94,36.0,36.0,36.0,36.0,36.0,36.0,36.0,36.0,0.047383,0.04943,0.0,0.0,0.0,0.0,0.0,0.0,0.0,0.0
2020-01-05 16:00:00,21.69,21.66,24.1,23.38,22.49,22.19,20.76,24.21,23.65,20.78,3.31,94.5,1.0,1.0,0.0,0.0,0.0,0.0,0.0,0.0,0.0,0.0,36.0,21.0,23.0,1589.04,1675.79,0.0,0.0,0.0,0.0,0.0,0.0,0.0,0.0,27.98,27.89,36.0,36.0,36.0,36.0,36.0,36.0,36.0,36.0,0.047383,0.04943,0.0,0.0,0.0,0.0,0.0,0.0,0.0,0.0
2020-01-05 16:15:00,20.46,20.44,23.72,22.85,21.92,21.84,20.78,23.79,23.14,20.78,3.05,7.8,0.0,0.0,0.0,0.0,0.0,0.0,1.0,0.0,0.0,1.0,36.0,21.0,23.0,0.0,0.0,0.0,0.0,0.0,0.0,1589.54,0.0,0.0,309.9,36.0,36.0,36.0,36.0,36.0,36.0,24.63,36.0,36.0,22.22,0.0,0.0,0.0,0.0,0.0,0.0,0.033452,0.0,0.0,0.005381
2020-01-05 16:30:00,19.75,19.74,23.22,22.29,21.34,21.48,21.23,23.32,22.56,20.9,2.8,0.0,0.0,0.0,0.0,0.0,0.0,0.0,1.0,0.0,0.0,1.0,36.0,21.0,23.0,0.0,0.0,0.0,0.0,0.0,0.0,1423.89,0.0,0.0,299.04,36.0,36.0,36.0,36.0,36.0,36.0,25.82,36.0,36.0,22.71,0.0,0.0,0.0,0.0,0.0,0.0,0.033452,0.0,0.0,0.005381
2020-01-05 16:45:00,19.43,19.42,22.87,21.96,21.02,21.16,21.66,22.91,22.12,21.02,2.55,0.0,0.0,0.0,0.0,0.0,0.0,0.0,1.0,0.0,0.0,1.0,36.0,21.0,23.0,0.0,0.0,0.0,0.0,0.0,0.0,1328.34,0.0,0.0,291.87,36.0,36.0,36.0,36.0,36.0,36.0,26.5,36.0,36.0,23.02,0.0,0.0,0.0,0.0,0.0,0.0,0.033452,0.0,0.0,0.005381
2020-01-05 17:00:00,19.18,19.17,22.57,21.66,20.76,20.87,21.93,22.54,21.74,21.13,2.49,0.0,0.0,0.0,0.0,0.0,0.0,0.0,1.0,0.0,0.0,1.0,36.0,21.0,23.0,0.0,0.0,0.0,0.0,0.0,0.0,1267.56,0.0,0.0,286.7,36.0,36.0,36.0,36.0,36.0,36.0,26.93,36.0,36.0,23.25,0.0,0.0,0.0,0.0,0.0,0.0,0.033452,0.0,0.0,0.005381
2020-01-05 17:15:00,19.98,19.97,22.92,22.1,21.08,20.81,22.08,22.48,21.7,21.21,2.43,0.0,1.0,1.0,1.0,1.0,1.0,1.0,1.0,1.0,1.0,1.0,36.0,21.0,23.0,1671.2,1757.66,917.12,1088.85,243.52,1738.05,1227.37,1212.04,1402.69,282.79,27.56,27.49,28.18,27.21,22.79,23.08,27.22,26.46,25.5,23.43,0.047383,0.04943,0.028075,0.029625,0.004411,0.03219,0.033452,0.030392,0.031957,0.005381
2020-01-05 17:30:00,20.72,20.72,23.3,22.58,21.63,21.18,22.22,22.68,21.95,21.3,2.37,0.0,1.0,1.0,1.0,1.0,1.0,1.0,1.0,1.0,1.0,1.0,36.0,21.0,23.0,1718.2,1805.26,943.0,1116.23,243.78,1509.87,1199.88,1096.41,1266.9,279.74,27.32,27.26,27.96,26.99,22.78,24.78,27.42,27.37,26.52,23.56,0.047383,0.04943,0.028075,0.029625,0.004411,0.03219,0.033452,0.030392,0.031957,0.005381
2020-01-05 17:45:00,20.89,20.89,23.42,22.73,21.85,21.58,22.33,22.95,22.27,21.38,2.31,0.0,1.0,1.0,1.0,1.0,1.0,1.0,1.0,1.0,1.0,1.0,36.0,21.0,23.0,1701.28,1786.95,949.81,1119.48,242.24,1378.02,1179.62,1033.12,1190.85,277.22,27.41,27.35,27.91,26.96,22.86,25.76,27.56,27.87,27.09,23.68,0.047383,0.04943,0.028075,0.029625,0.004411,0.03219,0.033452,0.030392,0.031957,0.005381
2020-01-05 18:00:00,20.89,20.89,23.38,22.71,21.89,21.87,22.42,23.13,22.52,21.45,2.24,0.0,1.0,1.0,1.0,1.0,1.0,1.0,1.0,1.0,1.0,1.0,36.0,21.0,23.0,1636.44,1719.07,938.22,1101.74,240.32,1295.52,1164.47,995.48,1144.45,275.13,27.74,27.68,28.01,27.1,22.97,26.37,27.67,28.16,27.43,23.77,0.047383,0.04943,0.028075,0.029625,0.004411,0.03219,0.033452,0.030392,0.031957,0.005381
2020-01-05 18:15:00,20.84,20.91,22.65,21.85,21.57,21.8,22.19,23.02,22.42,21.5,2.17,0.0,0.912,1.0,0.0,0.0,0.0,0.0,0.0,0.0,0.0,1.0,36.0,21.0,23.0,1613.41,1787.59,0.0,0.0,0.0,0.0,0.0,0.0,0.0,273.21,27.07,27.35,36.0,36.0,36.0,36.0,36.0,36.0,36.0,23.85,0.043199,0.04943,0.0,0.0,0.0,0.0,0.0,0.0,0.0,0.005381
2020-01-05 18:30:00,20.78,20.9,22.17,21.24,21.3,21.48,21.71,22.66,22.01,21.57,2.11,0.0,0.912,1.0,0.0,0.0,0.0,0.0,0.0,0.0,0.0,1.0,36.0,21.0,23.0,1589.07,1759.18,0.0,0.0,0.0,0.0,0.0,0.0,0.0,271.54,27.2,27.49,36.0,36.0,36.0,36.0,36.0,36.0,36.0,23.93,0.043199,0.04943,0.0,0.0,0.0,0.0,0.0,0.0,0.0,0.005381
2020-01-05 18:45:00,20.8,20.94,21.96,20.99,21.19,21.08,21.22,22.24,21.56,21.64,2.04,0.0,0.912,1.0,0.0,0.0,0.0,0.0,0.0,0.0,0.0,1.0,36.0,21.0,23.0,1565.28,1729.27,0.0,0.0,0.0,0.0,0.0,0.0,0.0,270.0,27.33,27.63,36.0,36.0,36.0,36.0,36.0,36.0,36.0,24.0,0.043199,0.04943,0.0,0.0,0.0,0.0,0.0,0.0,0.0,0.005381
2020-01-05 19:00:00,20.85,21.01,21.8,20.81,21.12,20.75,20.8,21.9,21.19,21.7,1.98,0.0,0.912,1.0,0.0,0.0,0.0,0.0,0.0,0.0,0.0,1.0,36.0,21.0,23.0,1539.27,1697.09,0.0,0.0,0.0,0.0,0.0,0.0,0.0,268.56,27.48,27.79,36.0,36.0,36.0,36.0,36.0,36.0,36.0,24.06,0.043199,0.04943,0.0,0.0,0.0,0.0,0.0,0.0,0.0,0.005381
2020-01-05 19:15:00,20.99,21.1,22.32,21.26,21.24,20.8,20.86,21.92,21.23,21.75,1.91,0.0,1.0,1.0,1.0,0.695,0.08,1.0,1.0,1.0,1.0,1.0,36.0,21.0,23.0,1596.47,1663.7,1027.64,917.96,21.82,1587.24,1555.45,1286.65,1459.33,267.21,27.94,27.95,27.24,25.34,21.12,24.2,24.88,25.87,25.08,24.12,0.047383,0.04943,0.028075,0.020595,0.000351,0.03219,0.033452,0.030392,0.031957,0.005381
2020-01-05 19:30:00,21.15,21.24,22.74,21.7,21.47,21.19,21.33,22.24,21.59,21.81,1.85,0.0,1.0,1.0,1.0,0.695,0.08,1.0,1.0,1.0,1.0,1.0,36.0,21.0,23.0,1567.06,1629.9,1049.52,932.23,21.83,1411.24,1397.75,1161.77,1316.25,265.95,28.09,28.11,27.06,25.17,21.12,25.51,26.0,26.86,26.15,24.18,0.047383,0.04943,0.028075,0.020595,0.000351,0.03219,0.033452,0.030392,0.031957,0.005381
2020-01-05 19:45:00,21.28,21.37,22.82,21.81,21.58,21.62,21.81,22.61,22.04,21.87,1.79,0.0,1.0,1.0,1.0,0.695,0.08,1.0,1.0,1.0,1.0,1.0,36.0,21.0,23.0,1534.35,1594.53,1049.21,931.58,21.82,1308.92,1305.88,1090.19,1233.34,264.73,28.25,28.28,27.06,25.18,21.12,26.27,26.66,27.42,26.77,24.23,0.047383,0.04943,0.028075,0.020595,0.000351,0.03219,0.033452,0.030392,0.031957,0.005381
2020-01-05 20:00:00,21.31,21.4,22.79,21.78,21.61,21.9,22.09,22.86,22.32,21.93,1.73,0.0,1.0,1.0,1.0,0.695,0.08,1.0,1.0,1.0,1.0,1.0,36.0,21.0,23.0,1449.47,1504.91,1029.35,920.92,21.82,1244.39,1248.48,1045.95,1181.16,263.62,28.68,28.72,27.23,25.3,21.12,26.75,27.07,27.77,27.16,24.28,0.047383,0.04943,0.028075,0.020595,0.000351,0.03219,0.033452,0.030392,0.031957,0.005381
2020-01-05 20:15:00,21.37,21.46,22.8,21.08,21.55,21.93,21.91,22.95,22.2,21.97,1.67,0.0,1.0,1.0,1.0,0.0,0.0,0.367,0.0,0.818,0.0,1.0,36.0,21.0,23.0,1495.45,1552.7,1046.12,0.0,0.0,491.23,0.0,855.86,0.0,262.46,28.45,28.49,27.09,36.0,36.0,26.04,36.0,27.77,36.0,24.33,0.047383,0.04943,0.028075,0.0,0.0,0.011801,0.0,0.024867,0.0,0.005381
2020-01-05 20:30:00,21.4,21.49,22.78,20.66,21.44,21.82,21.46,22.94,21.82,22.03,1.61,0.0,1.0,1.0,1.0,0.0,0.0,0.367,0.0,0.818,0.0,1.0,36.0,21.0,23.0,1487.66,1545.98,1037.92,0.0,0.0,518.29,0.0,857.41,0.0,261.39,28.49,28.52,27.16,36.0,36.0,25.49,36.0,27.75,36.0,24.38,0.047383,0.04943,0.028075,0.0,0.0,0.011801,0.0,0.024867,0.0,0.005381
2020-01-05 20:45:00,21.42,21.51,22.76,20.54,21.39,21.67,20.98,22.86,21.37,22.08,1.55,0.0,1.0,1.0,1.0,0.0,0.0,0.367,0.0,0.818,0.0,1.0,36.0,21.0,23.0,1479.07,1537.99,1029.74,0.0,0.0,534.94,0.0,857.94,0.0,260.35,28.53,28.56,27.23,36.0,36.0,25.16,36.0,27.75,36.0,24.43,0.047383,0.04943,0.028075,0.0,0.0,0.011801,0.0,0.024867,0.0,0.005381
2020-01-05 21:00:00,21.46,21.54,22.76,20.47,21.37,21.54,20.55,22.8,21.04,22.13,1.48,0.0,1.0,1.0,1.0,0.0,0.0,0.367,0.0,0.818,0.0,1.0,36.0,21.0,23.0,1469.87,1529.58,1020.53,0.0,0.0,546.25,0.0,858.51,0.0,259.34,28.58,28.6,27.3,36.0,36.0,24.93,36.0,27.74,36.0,24.47,0.047383,0.04943,0.028075,0.0,0.0,0.011801,0.0,0.024867,0.0,0.005381
2020-01-05 21:15:00,21.49,21.57,22.79,21.15,21.46,21.61,20.61,22.81,21.13,22.17,1.42,0.0,1.0,1.0,1.0,1.0,0.0,1.0,1.0,1.0,1.0,1.0,36.0,21.0,23.0,1460.38,1520.87,1010.79,1192.86,0.0,1352.46,1591.56,1019.66,1490.12,258.36,28.63,28.64,27.39,26.37,36.0,25.95,24.62,27.97,24.84,24.51,0.047383,0.04943,0.028075,0.029625,0.0,0.03219,0.033452,0.030392,0.031957,0.005381
2020-01-05 21:30:00,21.54,21.62,22.88,21.86,21.6,21.85,21.07,22.92,21.51,22.22,1.35,0.0,1.0,1.0,1.0,1.0,0.0,1.0,1.0,1.0,1.0,1.0,36.0,21.0,23.0,1451.13,1512.09,999.64,1199.63,0.0,1256.49,1426.68,998.45,1341.26,257.41,28.67,28.68,27.48,26.31,36.0,26.66,25.8,28.14,25.96,24.56,0.047383,0.04943,0.028075,0.029625,0.0,0.03219,0.033452,0.030392,0.031957,0.005381
2020-01-05 21:45:00,21.58,21.66,22.96,22.05,21.69,22.1,21.55,23.07,21.89,22.27,1.29,0.0,1.0,1.0,1.0,1.0,0.0,1.0,1.0,1.0,1.0,1.0,36.0,21.0,23.0,1441.87,1503.49,988.12,1176.14,0.0,1199.76,1331.25,984.29,1255.39,256.48,28.72,28.72,27.58,26.5,36.0,27.08,26.48,28.25,26.6,24.6,0.047383,0.04943,0.028075,0.029625,0.0,0.03219,0.033452,0.030392,0.031957,0.005381
2020-01-05 22:00:00,21.56,21.65,22.98,22.12,21.72,22.29,21.87,23.19,22.18,22.32,1.21,0.0,1.0,1.0,1.0,1.0,0.0,1.0,1.0,1.0,1.0,1.0,36.0,21.0,23.0,1381.6,1441.13,960.5,1138.58,0.0,1163.25,1271.33,973.92,1201.69,255.61,29.02,29.03,27.82,26.81,36.0,27.35,26.91,28.33,27.0,24.64,0.047383,0.04943,0.028075,0.029625,0.0,0.03219,0.033452,0.030392,0.031957,0.005381
2020-01-05 22:15:00,21.62,21.71,22.98,21.34,21.67,22.39,21.72,23.08,22.32,22.26,1.14,0.0,1.0,1.0,0.944,0.0,0.0,1.0,0.0,0.058,1.0,0.0,36.0,21.0,23.0,1428.87,1489.55,941.39,0.0,0.0,1136.45,0.0,66.3,1163.73,0.0,28.79,28.79,27.5,36.0,36.0,27.55,36.0,27.07,27.29,36.0,0.047383,0.04943,0.026493,0.0,0.0,0.03219,0.0,0.001776,0.031957,0.0
2020-01-05 22:30:00,21.66,21.75,22.95,20.8,21.56,22.45,21.3,22.79,22.47,22.13,1.06,0.0,1.0,1.0,0.944,0.0,0.0,1.0,0.0,0.058,1.0,0.0,36.0,21.0,23.0,1424.01,1484.41,938.78,0.0,0.0,1118.03,0.0,73.88,1138.4,0.0,28.81,28.82,27.52,36.0,36.0,27.69,36.0,26.05,27.48,36.0,0.047383,0.04943,0.026493,0.0,0.0,0.03219,0.0,0.001776,0.031957,0.0
2020-01-05 22:45:00,21.68,21.77,22.93,20.7,21.51,22.47,20.85,22.48,22.58,21.99,0.99,0.0,1.0,1.0,0.944,0.0,0.0,1.0,0.0,0.058,1.0,0.0,36.0,21.0,23.0,1418.22,1478.54,936.78,0.0,0.0,1104.83,0.0,79.3,1119.38,0.0,28.84,28.84,27.54,36.0,36.0,27.79,36.0,25.32,27.62,36.0,0.047383,0.04943,0.026493,0.0,0.0,0.03219,0.0,0.001776,0.031957,0.0
2020-01-05 23:00:00,21.69,21.78,22.92,20.64,21.49,22.5,20.42,22.19,22.66,21.86,0.92,0.0,1.0,1.0,0.944,0.0,0.0,1.0,0.0,0.058,1.0,0.0,36.0,21.0,23.0,1413.32,1473.63,934.65,0.0,0.0,1094.71,0.0,83.53,1104.93,0.0,28.86,28.87,27.56,36.0,36.0,27.86,36.0,24.75,27.73,36.0,0.047383,0.04943,0.026493,0.0,0.0,0.03219,0.0,0.001776,0.031957,0.0
2020-01-05 23:15:00,21.71,21.79,22.96,21.34,21.58,22.52,20.48,22.25,22.71,21.76,0.85,0.0,1.0,1.0,1.0,1.0,0.0,1.0,1.0,1.0,1.0,0.0,36.0,21.0,23.0,1408.19,1468.56,970.86,1145.77,0.0,1086.75,1610.17,1264.39,1093.7,0.0,28.89,28.89,27.73,26.75,36.0,27.92,24.48,26.05,27.81,36.0,0.047383,0.04943,0.028075,0.029625,0.0,0.03219,0.033452,0.030392,0.031957,0.0
2020-01-05 23:30:00,21.74,21.83,23.03,22.0,21.7,22.59,20.94,22.54,22.77,21.65,0.77,0.0,1.0,1.0,1.0,1.0,0.0,1.0,1.0,1.0,1.0,0.0,36.0,21.0,23.0,1402.98,1463.14,967.3,1152.28,0.0,1079.73,1442.68,1149.27,1084.78,0.0,28.92,28.92,27.76,26.69,36.0,27.98,25.68,26.95,27.88,36.0,0.047383,0.04943,0.028075,0.029625,0.0,0.03219,0.033452,0.030392,0.031957,0.0
2020-01-05 23:45:00,21.75,21.84,23.08,22.15,21.77,22.67,21.41,22.84,22.83,21.55,0.7,0.0,1.0,1.0,1.0,1.0,0.0,1.0,1.0,1.0,1.0,0.0,36.0,21.0,23.0,1399.92,1460.55,965.02,1137.22,0.0,1072.82,1345.72,1084.02,1077.09,0.0,28.93,28.93,27.78,26.82,36.0,28.03,26.38,27.47,27.94,36.0,0.047383,0.04943,0.028075,0.029625,0.0,0.03219,0.033452,0.030392,0.031957,0.0
2020-01-06 00:00:00,21.69,21.78,23.05,22.18,21.79,22.72,21.71,23.0,22.85,21.44,0.59,0.0,1.0,1.0,1.0,1.0,0.0,1.0,1.0,1.0,1.0,0.0,36.0,21.0,23.0,1344.64,1403.5,940.5,1104.96,0.0,1067.04,1285.01,1044.23,1070.92,0.0,29.21,29.21,27.99,27.08,36.0,28.07,26.81,27.78,27.98,36.0,0.047383,0.04943,0.028075,0.029625,0.0,0.03219,0.033452,0.030392,0.031957,0.0
2020-01-06 00:15:00,21.66,21.74,22.98,22.22,21.77,22.75,21.47,22.96,22.87,21.35,0.48,0.0,1.0,1.0,0.916,1.0,0.0,1.0,0.0,0.61,1.0,0.0,36.0,21.0,23.0,1344.25,1403.1,885.79,1100.33,0.0,1062.39,0.0,662.26,1066.27,0.0,29.21,29.21,27.76,27.11,36.0,28.1,36.0,27.46,28.02,36.0,0.047383,0.04943,0.02571,0.029625,0.0,0.03219,0.0,0.018546,0.031957,0.0
2020-01-06 00:30:00,21.69,21.76,22.95,22.26,21.76,22.75,21.03,22.86,22.88,21.28,0.36,0.0,1.0,1.0,0.916,1.0,0.0,1.0,0.0,0.61,1.0,0.0,36.0,21.0,23.0,1396.77,1458.13,906.62,1123.01,0.0,1058.54,0.0,682.41,1062.49,0.0,28.95,28.94,27.56,26.93,36.0,28.13,36.0,27.2,28.05,36.0,0.047383,0.04943,0.02571,0.029625,0.0,0.03219,0.0,0.018546,0.031957,0.0
2020-01-06 00:45:00,21.69,21.75,22.93,22.29,21.76,22.74,20.49,22.74,22.88,21.19,0.25,0.0,1.0,1.0,0.916,1.0,0.0,1.0,0.0,0.61,1.0,0.0,36.0,21.0,23.0,1396.44,1458.51,907.74,1119.38,0.0,1055.88,0.0,694.92,1059.46,0.0,28.95,28.94,27.55,26.96,36.0,28.15,36.0,27.04,28.07,36.0,0.047383,0.04943,0.02571,0.029625,0.0,0.03219,0.0,0.018546,0.031957,0.0
2020-01-06 01:00:00,21.69,21.75,22.93,22.33,21.77,22.75,20.05,22.66,22.9,21.1,0.2,0.0,1.0,1.0,0.916,1.0,0.0,1.0,0.0,0.61,1.0,0.0,36.0,21.0,23.0,1394.28,1456.57,907.36,1115.24,0.0,1053.51,0.0,703.66,1056.82,0.0,28.96,28.95,27.56,26.99,36.0,28.17,36.0,26.92,28.09,36.0,0.047383,0.04943,0.02571,0.029625,0.0,0.03219,0.0,0.018546,0.031957,0.0
2020-01-06 01:15:00,21.64,21.7,22.95,22.34,21.77,22.77,20.14,22.72,22.92,21.01,0.14,0.0,1.0,1.0,1.0,1.0,0.0,1.0,1.0,1.0,0.991,0.0,36.0,21.0,23.0,1339.31,1399.83,941.72,1084.88,0.0,1051.15,1638.84,1091.69,1045.92,0.0,29.24,29.22,27.98,27.24,36.0,28.19,24.28,27.41,28.1,36.0,0.047383,0.04943,0.028075,0.029625,0.0,0.03219,0.033452,0.030392,0.031657,0.0
2020-01-06 01:30:00,21.68,21.74,22.98,22.38,21.79,22.79,20.55,22.84,22.93,20.94,0.09,0.0,1.0,1.0,1.0,1.0,0.0,1.0,1.0,1.0,0.991,0.0,36.0,21.0,23.0,1391.91,1454.54,965.17,1108.3,0.0,1048.9,1469.46,1048.28,1044.73,0.0,28.97,28.96,27.78,27.05,36.0,28.2,25.49,27.75,28.1,36.0,0.047383,0.04943,0.028075,0.029625,0.0,0.03219,0.033452,0.030392,0.031657,0.0
2020-01-06 01:45:00,21.69,21.75,22.99,22.42,21.81,22.82,21.03,22.96,22.95,20.86,0.03,0.0,1.0,1.0,1.0,1.0,0.0,1.0,1.0,1.0,0.991,0.0,36.0,21.0,23.0,1392.36,1455.26,965.16,1105.34,0.0,1046.46,1372.55,1022.86,1043.13,0.0,28.97,28.96,27.78,27.07,36.0,28.22,26.18,27.95,28.12,36.0,0.047383,0.04943,0.028075,0.029625,0.0,0.03219,0.033452,0.030392,0.031657,0.0
2020-01-06 02:00:00,21.64,21.7,22.98,22.43,21.82,22.85,21.36,23.04,22.97,20.77,-0.06,0.0,1.0,1.0,1.0,1.0,0.0,1.0,1.0,1.0,0.991,0.0,36.0,21.0,23.0,1338.85,1399.97,941.44,1075.81,0.0,1044.06,1311.95,1006.75,1041.46,0.0,29.24,29.22,27.98,27.31,36.0,28.24,26.62,28.08,28.13,36.0,0.047383,0.04943,0.028075,0.029625,0.0,0.03219,0.033452,0.030392,0.031657,0.0
2020-01-06 02:15:00,21.67,21.73,22.25,22.45,21.69,22.87,21.52,22.83,22.96,20.8,-0.15,0.0,1.0,1.0,0.0,1.0,0.0,1.0,1.0,0.0,0.895,1.0,36.0,21.0,23.0,1391.19,1454.14,0.0,1099.25,0.0,1041.71,1269.38,0.0,953.63,316.67,28.98,28.96,36.0,27.12,36.0,28.26,26.92,36.0,28.02,21.92,0.047383,0.04943,0.0,0.029625,0.0,0.03219,0.033452,0.0,0.028599,0.005381
2020-01-06 02:30:00,21.67,21.73,21.86,22.42,21.54,22.85,21.68,22.41,22.95,20.94,-0.24,0.0,1.0,1.0,0.0,1.0,0.0,1.0,1.0,0.0,0.895,1.0,36.0,21.0,23.0,1392.17,1454.97,0.0,1098.14,0.0,1039.76,1240.81,0.0,962.22,303.5,28.97,28.96,36.0,27.13,36.0,28.27,27.13,36.0,27.95,22.51,0.047383,0.04943,0.0,0.029625,0.0,0.03219,0.033452,0.0,0.028599,0.005381
2020-01-06 02:45:00,21.65,21.72,21.72,22.41,21.5,22.76,21.81,22.07,22.92,21.09,-0.33,0.0,1.0,1.0,0.0,1.0,0.0,1.0,1.0,0.0,0.895,1.0,36.0,21.0,23.0,1392.98,1455.31,0.0,1096.74,0.0,1039.44,1219.31,0.0,967.02,294.69,28.97,28.96,36.0,27.14,36.0,28.27,27.28,36.0,27.91,22.9,0.047383,0.04943,0.0,0.029625,0.0,0.03219,0.033452,0.0,0.028599,0.005381
2020-01-06 03:00:00,21.6,21.67,21.61,22.39,21.48,22.72,21.93,21.77,22.9,21.22,-0.38,0.0,1.0,1.0,0.0,1.0,0.0,1.0,1.0,0.0,0.895,1.0,36.0,21.0,23.0,1340.12,1400.57,0.0,1068.45,0.0,1039.87,1203.19,0.0,969.79,288.4,29.23,29.22,36.0,27.37,36.0,28.27,27.4,36.0,27.89,23.18,0.047383,0.04943,0.0,0.029625,0.0,0.03219,0.033452,0.0,0.028599,0.005381
2020-01-06 03:15:00,21.59,21.66,21.47,22.4,21.43,22.66,22.03,21.58,22.93,21.22,-0.44,0.0,1.0,1.0,0.0,1.0,0.0,1.0,1.0,0.0,1.0,0.122,36.0,21.0,23.0,1339.91,1400.4,0.0,1066.81,0.0,1039.67,1189.59,0.0,1067.98,36.51,29.23,29.22,36.0,27.39,36.0,28.27,27.49,36.0,28.0,22.74,0.047383,0.04943,0.0,0.029625,0.0,0.03219,0.033452,0.0,0.031957,0.000659
2020-01-06 03:30:00,21.58,21.65,21.31,22.39,21.42,22.61,22.12,21.41,22.96,21.14,-0.5,0.0,1.0,1.0,0.0,1.0,0.0,1.0,1.0,0.0,1.0,0.122,36.0,21.0,23.0,1340.09,1400.56,0.0,1065.14,0.0,1040.19,1177.87,0.0,1056.64,37.51,29.23,29.22,36.0,27.4,36.0,28.27,27.58,36.0,28.09,22.38,0.047383,0.04943,0.0,0.029625,0.0,0.03219,0.033452,0.0,0.031957,0.000659
2020-01-06 03:45:00,21.58,21.65,21.16,22.4,21.4,22.57,22.2,21.27,22.98,21.05,-0.56,0.0,1.0,1.0,0.0,1.0,0.0,1.0,1.0,0.0,1.0,0.122,36.0,21.0,23.0,1340.05,1400.37,0.0,1063.86,0.0,1040.75,1167.56,0.0,1049.83,38.19,29.23,29.22,36.0,27.41,36.0,28.27,27.65,36.0,28.14,22.13,0.047383,0.04943,0.0,0.029625,0.0,0.03219,0.033452,0.0,0.031957,0.000659
2020-01-06 04:00:00,21.57,21.65,21.03,22.41,21.38,22.53,22.28,21.14,22.99,20.98,-0.62,0.0,1.0,1.0,0.0,1.0,0.0,1.0,1.0,0.0,1.0,0.122,36.0,21.0,23.0,1339.82,1399.96,0.0,1062.18,0.0,1041.42,1158.37,0.0,1045.28,38.71,29.24,29.22,36.0,27.42,36.0,28.26,27.72,36.0,28.17,21.95,0.047383,0.04943,0.0,0.029625,0.0,0.03219,0.033452,0.0,0.031957,0.000659
2020-01-06 04:15:00,21.61,21.68,21.26,21.64,21.26,22.47,22.33,21.09,22.76,21.01,-0.67,0.0,1.0,1.0,0.374,0.0,0.0,1.0,1.0,0.165,0.0,1.0,36.0,21.0,23.0,1391.22,1452.99,498.39,0.0,0.0,1042.83,1149.64,281.09,0.0,303.61,28.98,28.97,24.63,36.0,36.0,28.25,27.78,22.57,36.0,22.5,0.047383,0.04943,0.010491,0.0,0.0,0.03219,0.033452,0.005008,0.0,0.005381
2020-01-06 04:30:00,21.6,21.67,21.39,21.13,21.15,22.41,22.41,21.03,22.3,21.13,-0.72,0.0,1.0,1.0,0.374,0.0,0.0,1.0,1.0,0.165,0.0,1.0,36.0,21.0,23.0,1391.97,1453.65,507.95,0.0,0.0,1044.11,1142.2,279.02,0.0,293.67,28.97,28.96,24.42,36.0,36.0,28.24,27.83,22.67,36.0,22.94,0.047383,0.04943,0.010491,0.0,0.0,0.03219,0.033452,0.005008,0.0,0.005381
2020-01-06 04:45:00,21.59,21.66,21.33,20.96,21.12,22.33,22.48,21.0,21.86,21.26,-0.77,0.0,1.0,1.0,0.374,0.0,0.0,1.0,1.0,0.165,0.0,1.0,36.0,21.0,23.0,1391.94,1453.47,514.27,0.0,0.0,1045.63,1135.16,278.39,0.0,286.99,28.97,28.97,24.27,36.0,36.0,28.23,27.88,22.7,36.0,23.24,0.047383,0.04943,0.010491,0.0,0.0,0.03219,0.033452,0.005008,0.0,0.005381
2020-01-06 05:00:00,21.54,21.61,21.28,20.8,21.09,22.26,22.54,20.94,21.51,21.38,-0.81,0.0,1.0,1.0,0.374,0.0,0.0,1.0,1.0,0.165,0.0,1.0,36.0,21.0,23.0,1338.02,1397.65,511.02,0.0,0.0,1047.29,1129.05,278.45,0.0,282.14,29.24,29.24,24.35,36.0,36.0,28.22,27.93,22.7,36.0,23.46,0.047383,0.04943,0.010491,0.0,0.0,0.03219,0.033452,0.005008,0.0,0.005381
2020-01-06 05:15:00,21.56,21.64,20.84,21.38,21.06,22.18,22.58,21.02,21.32,21.45,-0.84,0.0,1.0,1.0,0.0,0.84,0.0,1.0,1.0,0.678,0.0,1.0,36.0,21.0,23.0,1388.87,1450.03,0.0,1001.16,0.0,1049.49,1122.94,1048.83,0.0,278.29,28.99,28.98,36.0,26.37,36.0,28.2,27.97,23.82,36.0,23.63,0.047383,0.04943,0.0,0.024881,0.0,0.03219,0.033452,0.020597,0.0,0.005381
2020-01-06 05:30:00,21.58,21.66,20.59,21.8,21.1,22.15,22.64,21.2,21.1,21.55,-0.87,0.0,1.0,1.0,0.0,0.84,0.0,1.0,1.0,0.678,0.0,1.0,36.0,21.0,23.0,1388.09,1449.13,0.0,1023.25,0.0,1051.43,1117.54,979.27,0.0,275.27,28.99,28.99,36.0,26.16,36.0,28.19,28.01,24.63,36.0,23.76,0.047383,0.04943,0.0,0.024881,0.0,0.03219,0.033452,0.020597,0.0,0.005381
2020-01-06 05:45:00,21.55,21.63,20.51,21.8,21.11,22.15,22.69,21.39,20.91,21.64,-0.91,0.0,1.0,1.0,0.0,0.84,0.0,1.0,1.0,0.678,0.0,1.0,36.0,21.0,23.0,1334.06,1393.21,0.0,1009.42,0.0,1052.38,1112.59,937.05,0.0,272.79,29.26,29.26,36.0,26.29,36.0,28.18,28.04,25.12,36.0,23.87,0.047383,0.04943,0.0,0.024881,0.0,0.03219,0.033452,0.020597,0.0,0.005381
2020-01-06 06:00:00,21.54,21.62,20.45,21.76,21.06,22.14,22.73,21.5,20.77,21.71,-0.94,0.0,1.0,1.0,0.0,0.84,0.0,1.0,1.0,0.678,0.0,1.0,36.0,21.0,23.0,1332.87,1391.89,0.0,1021.46,0.0,1053.1,1107.93,908.44,0.0,270.62,29.27,29.26,36.0,26.18,36.0,28.17,28.08,25.45,36.0,23.97,0.047383,0.04943,0.0,0.024881,0.0,0.03219,0.033452,0.020597,0.0,0.005381
2020-01-06 06:15:00,21.56,21.64,21.11,20.95,21.03,22.13,22.76,21.37,20.92,21.67,-0.97,0.0,1.0,1.0,1.0,0.0,0.0,1.0,1.0,0.0,1.0,0.0,36.0,21.0,23.0,1383.85,1444.6,1116.68,0.0,0.0,1053.91,1103.66,0.0,1583.2,0.0,29.01,29.01,26.48,36.0,36.0,28.17,28.11,36.0,24.15,36.0,0.047383,0.04943,0.028075,0.0,0.0,0.03219,0.033452,0.0,0.031957,0.0
2020-01-06 06:30:00,21.57,21.65,21.75,20.4,21.03,22.15,22.79,21.12,21.31,21.55,-0.99,0.0,1.0,1.0,1.0,0.0,0.0,1.0,1.0,0.0,1.0,0.0,36.0,21.0,23.0,1383.61,1444.39,1130.78,0.0,0.0,1054.32,1099.99,0.0,1405.62,0.0,29.01,29.01,26.36,36.0,36.0,28.16,28.13,36.0,25.48,36.0,0.047383,0.04943,0.028075,0.0,0.0,0.03219,0.033452,0.0,0.031957,0.0
2020-01-06 06:45:00,21.53,21.6,21.82,20.24,21.04,22.18,22.82,20.89,21.65,21.41,-1.02,0.0,1.0,1.0,1.0,0.0,0.0,1.0,1.0,0.0,1.0,0.0,36.0,21.0,23.0,1331.12,1390.17,1086.75,0.0,0.0,1053.88,1096.69,0.0,1305.55,0.0,29.28,29.27,26.74,36.0,36.0,28.17,28.16,36.0,26.23,36.0,0.047383,0.04943,0.028075,0.0,0.0,0.03219,0.033452,0.0,0.031957,0.0
2020-01-06 07:00:00,21.51,21.59,21.88,20.13,20.98,22.18,22.85,20.75,21.86,21.3,-1.06,0.0,1.0,1.0,1.0,0.0,0.0,1.0,1.0,0.0,1.0,0.0,36.0,21.0,23.0,1330.8,1389.79,1077.52,0.0,0.0,1053.64,1093.62,0.0,1241.8,0.0,29.28,29.27,26.82,36.0,36.0,28.17,28.18,36.0,26.7,36.0,0.047383,0.04943,0.028075,0.0,0.0,0.03219,0.033452,0.0,0.031957,0.0
2020-01-06 07:15:00,21.54,21.62,21.1,20.74,20.97,21.99,22.87,20.87,21.69,21.23,-1.09,0.0,1.0,1.0,0.0,1.0,0.0,0.0,0.945,1.0,0.0,0.059,36.0,21.0,23.0,1382.29,1442.91,0.0,1241.93,0.0,0.0,1039.36,1505.46,0.0,18.65,29.02,29.02,36.0,25.97,36.0,36.0,28.13,24.15,36.0,22.02,0.047383,0.04943,0.0,0.029625,0.0,0.0,0.031597,0.030392,0.0,0.000319
2020-01-06 07:30:00,21.55,21.63,20.59,21.4,20.97,21.65,22.88,21.15,21.27,21.14,-1.12,0.0,1.0,1.0,0.0,1.0,0.0,0.0,0.945,1.0,0.0,0.059,36.0,21.0,23.0,1382.46,1443.09,0.0,1266.9,0.0,0.0,1043.16,1341.23,0.0,18.84,29.02,29.02,36.0,25.77,36.0,36.0,28.1,25.44,36.0,21.88,0.047383,0.04943,0.0,0.029625,0.0,0.0,0.031597,0.030392,0.0,0.000319
2020-01-06 07:45:00,21.56,21.64,20.5,21.5,20.99,21.32,22.89,21.39,20.84,21.06,-1.16,0.0,1.0,1.0,0.0,1.0,0.0,0.0,0.945,1.0,0.0,0.059,36.0,21.0,23.0,1381.68,1442.18,0.0,1260.86,0.0,0.0,1044.44,1248.07,0.0,19.01,29.02,29.02,36.0,25.82,36.0,36.0,28.09,26.18,36.0,21.75,0.047383,0.04943,0.0,0.029625,0.0,0.0,0.031597,0.030392,0.0,0.000319
2020-01-06 08:00:00,21.52,21.6,20.47,21.5,20.98,20.98,22.91,21.63,20.47,20.98,-1.11,0.0,1.0,1.0,0.0,1.0,0.0,0.0,0.945,1.0,0.0,0.059,36.0,21.0,23.0,1328.69,1387.35,0.0,1233.57,0.0,0.0,1044.45,1190.4,0.0,19.16,29.29,29.29,36.0,26.04,36.0,36.0,28.09,26.63,36.0,21.64,0.047383,0.04943,0.0,0.029625,0.0,0.0,0.031597,0.030392,0.0,0.000319
2020-01-06 08:15:00,21.57,21.65,21.25,21.01,21.01,21.09,22.85,21.43,20.57,21.01,-1.07,5.5,1.0,1.0,1.0,0.378,0.305,1.0,0.603,0.0,1.0,0.977,36.0,21.0,23.0,1377.31,1438.15,1072.14,592.97,84.19,1442.36,705.69,0.0,1550.09,301.46,29.05,29.04,26.86,23.32,21.02,25.28,27.63,36.0,24.4,22.29,0.047383,0.04943,0.028075,0.011189,0.001345,0.03219,0.020172,0.0,0.031957,0.00526
2020-01-06 08:30:00,21.62,21.69,21.89,20.72,21.11,21.4,22.73,21.12,20.99,21.13,-1.03,96.0,1.0,1.0,1.0,0.378,0.305,1.0,0.603,0.0,1.0,0.977,36.0,21.0,23.0,1373.62,1435.76,1077.94,589.79,83.99,1295.64,733.59,0.0,1391.96,290.38,29.06,29.05,26.81,23.39,21.06,26.37,27.3,36.0,25.58,22.79,0.047383,0.04943,0.028075,0.011189,0.001345,0.03219,0.020172,0.0,0.031957,0.00526
2020-01-06 08:45:00,21.69,21.74,22.03,20.72,21.18,21.72,22.64,20.87,21.45,21.26,-0.99,186.5,1.0,1.0,1.0,0.378,0.305,1.0,0.603,0.0,1.0,0.977,36.0,21.0,23.0,1366.67,1431.0,1061.56,588.39,83.75,1212.49,750.69,0.0,1298.1,283.0,29.1,29.07,26.95,23.42,21.1,26.99,27.1,36.0,26.28,23.13,0.047383,0.04943,0.028075,0.011189,0.001345,0.03219,0.020172,0.0,0.031957,0.00526
2020-01-06 09:00:00,21.72,21.77,22.23,20.77,21.21,21.93,22.61,20.82,21.83,21.38,-0.64,277.0,1.0,1.0,1.0,0.378,0.305,1.0,0.603,0.0,1.0,0.977,36.0,21.0,23.0,1309.52,1373.18,1010.78,580.87,83.42,1161.39,761.25,0.0,1236.71,277.74,29.39,29.35,27.39,23.58,21.16,27.37,26.97,36.0,26.74,23.37,0.047383,0.04943,0.028075,0.011189,0.001345,0.03219,0.020172,0.0,0.031957,0.00526
2020-01-06 09:15:00,20.74,20.8,22.05,21.11,21.09,21.87,22.42,21.19,21.76,21.36,-0.29,367.5,0.0,0.0,0.0,0.751,0.0,0.0,0.0,0.0,0.0,0.0,36.0,21.0,23.0,0.0,0.0,0.0,1007.32,0.0,0.0,0.0,0.0,0.0,0.0,36.0,36.0,36.0,25.17,36.0,36.0,36.0,36.0,36.0,36.0,0.0,0.0,0.0,0.022244,0.0,0.0,0.0,0.0,0.0,0.0
2020-01-06 09:30:00,20.31,20.35,22.38,21.39,20.95,21.72,22.17,21.83,21.49,21.26,0.06,392.1,0.0,0.0,0.0,0.751,0.0,0.0,0.0,0.0,0.0,0.0,36.0,21.0,23.0,0.0,0.0,0.0,1001.98,0.0,0.0,0.0,0.0,0.0,0.0,36.0,36.0,36.0,25.22,36.0,36.0,36.0,36.0,36.0,36.0,0.0,0.0,0.0,0.022244,0.0,0.0,0.0,0.0,0.0,0.0
2020-01-06 09:45:00,20.25,20.28,23.06,21.52,21.1,21.56,21.98,22.42,21.17,21.15,0.41,416.7,0.0,0.0,0.0,0.751,0.0,0.0,0.0,0.0,0.0,0.0,36.0,21.0,23.0,0.0,0.0,0.0,991.66,0.0,0.0,0.0,0.0,0.0,0.0,36.0,36.0,36.0,25.33,36.0,36.0,36.0,36.0,36.0,36.0,0.0,0.0,0.0,0.022244,0.0,0.0,0.0,0.0,0.0,0.0
2020-01-06 10:00:00,20.24,20.25,23.5,21.66,21.25,21.49,21.73,22.86,20.91,21.04,0.72,441.2,0.0,0.0,0.0,0.751,0.0,0.0,0.0,0.0,0.0,0.0,36.0,21.0,23.0,0.0,0.0,0.0,982.32,0.0,0.0,0.0,0.0,0.0,0.0,36.0,36.0,36.0,25.44,36.0,36.0,36.0,36.0,36.0,36.0,0.0,0.0,0.0,0.022244,0.0,0.0,0.0,0.0,0.0,0.0
2020-01-06 10:15:00,21.12,21.14,23.85,21.08,21.56,21.53,21.47,23.2,20.95,21.0,1.04,465.8,1.0,1.0,0.0,0.0,0.0,0.0,0.0,0.0,0.612,0.513,36.0,21.0,23.0,1375.82,1440.16,0.0,0.0,0.0,0.0,0.0,0.0,984.35,161.18,29.05,29.03,36.0,36.0,36.0,36.0,36.0,36.0,23.97,22.04,0.047383,0.04943,0.0,0.0,0.0,0.0,0.0,0.0,0.019569,0.002763
2020-01-06 10:30:00,21.74,21.75,24.28,20.81,21.83,21.62,21.17,23.61,21.2,21.01,1.35,483.0,1.0,1.0,0.0,0.0,0.0,0.0,0.0,0.0,0.612,0.513,36.0,21.0,23.0,1419.33,1492.46,0.0,0.0,0.0,0.0,0.0,0.0,924.66,159.01,28.83,28.78,36.0,36.0,36.0,36.0,36.0,36.0,24.7,22.23,0.047383,0.04943,0.0,0.0,0.0,0.0,0.0,0.0,0.019569,0.002763
2020-01-06 10:45:00,21.86,21.84,24.62,20.87,22.0,21.76,20.92,24.0,21.47,21.04,1.66,500.2,1.0,1.0,0.0,0.0,0.0,0.0,0.0,0.0,0.612,0.513,36.0,21.0,23.0,1421.93,1501.54,0.0,0.0,0.0,0.0,0.0,0.0,887.07,157.65,28.82,28.73,36.0,36.0,36.0,36.0,36.0,36.0,25.16,22.35,0.047383,0.04943,0.0,0.0,0.0,0.0,0.0,0.0,0.019569,0.002763
2020-01-06 11:00:00,21.93,21.9,24.92,21.0,22.15,21.92,20.71,24.37,21.72,21.06,1.93,517.5,1.0,1.0,0.0,0.0,0.0,0.0,0.0,0.0,0.612,0.513,36.0,21.0,23.0,1437.15,1519.02,0.0,0.0,0.0,0.0,0.0,0.0,858.66,156.71,28.74,28.65,36.0,36.0,36.0,36.0,36.0,36.0,25.5,22.43,0.047383,0.04943,0.0,0.0,0.0,0.0,0.0,0.0,0.019569,0.002763
2020-01-06 11:15:00,20.92,20.88,25.12,21.13,22.05,22.07,20.88,24.68,21.77,21.04,2.2,534.7,0.0,0.0,0.0,0.0,0.0,0.0,1.0,0.0,0.0,0.09,36.0,21.0,23.0,0.0,0.0,0.0,0.0,0.0,0.0,1613.93,0.0,0.0,28.13,36.0,36.0,36.0,36.0,36.0,36.0,24.46,36.0,36.0,22.15,0.0,0.0,0.0,0.0,0.0,0.0,0.033452,0.0,0.0,0.000486
2020-01-06 11:30:00,20.46,20.41,25.19,21.22,21.88,22.19,21.45,25.01,21.73,20.96,2.48,539.7,0.0,0.0,0.0,0.0,0.0,0.0,1.0,0.0,0.0,0.09,36.0,21.0,23.0,0.0,0.0,0.0,0.0,0.0,0.0,1421.66,0.0,0.0,28.61,36.0,36.0,36.0,36.0,36.0,36.0,25.83,36.0,36.0,21.91,0.0,0.0,0.0,0.0,0.0,0.0,0.033452,0.0,0.0,0.000486
2020-01-06 11:45:00,20.32,20.26,25.32,21.42,21.87,22.28,22.04,25.27,21.72,20.88,2.75,544.6,0.0,0.0,0.0,0.0,0.0,0.0,1.0,0.0,0.0,0.09,36.0,21.0,23.0,0.0,0.0,0.0,0.0,0.0,0.0,1308.16,0.0,0.0,28.97,36.0,36.0,36.0,36.0,36.0,36.0,26.64,36.0,36.0,21.73,0.0,0.0,0.0,0.0,0.0,0.0,0.033452,0.0,0.0,0.000486
2020-01-06 12:00:00,20.24,20.17,25.44,21.63,21.89,22.36,22.42,25.48,21.78,20.81,2.94,549.6,0.0,0.0,0.0,0.0,0.0,0.0,1.0,0.0,0.0,0.09,36.0,21.0,23.0,0.0,0.0,0.0,0.0,0.0,0.0,1234.15,0.0,0.0,29.26,36.0,36.0,36.0,36.0,36.0,36.0,27.17,36.0,36.0,21.59,0.0,0.0,0.0,0.0,0.0,0.0,0.033452,0.0,0.0,0.000486
2020-01-06 12:15:00,21.09,21.0,25.6,21.86,22.21,22.45,22.34,25.64,21.88,20.83,3.13,554.5,1.0,1.0,0.0,0.0,0.0,0.0,0.0,0.0,0.0,1.0,36.0,21.0,23.0,1514.14,1607.3,0.0,0.0,0.0,0.0,0.0,0.0,0.0,310.0,28.36,28.22,36.0,36.0,36.0,36.0,36.0,36.0,36.0,22.22,0.047383,0.04943,0.0,0.0,0.0,0.0,0.0,0.0,0.0,0.005381
2020-01-06 12:30:00,21.79,21.7,25.93,22.26,22.61,22.54,21.98,25.83,22.08,20.96,3.32,576.4,1.0,1.0,0.0,0.0,0.0,0.0,0.0,0.0,0.0,1.0,36.0,21.0,23.0,1551.58,1648.0,0.0,0.0,0.0,0.0,0.0,0.0,0.0,298.93,28.17,28.02,36.0,36.0,36.0,36.0,36.0,36.0,36.0,22.71,0.047383,0.04943,0.0,0.0,0.0,0.0,0.0,0.0,0.0,0.005381
2020-01-06 12:45:00,21.97,21.88,26.23,22.68,22.87,22.65,21.59,26.02,22.35,21.1,3.51,598.4,1.0,1.0,0.0,0.0,0.0,0.0,0.0,0.0,0.0,1.0,36.0,21.0,23.0,1535.24,1632.43,0.0,0.0,0.0,0.0,0.0,0.0,0.0,291.52,28.25,28.1,36.0,36.0,36.0,36.0,36.0,36.0,36.0,23.04,0.047383,0.04943,0.0,0.0,0.0,0.0,0.0,0.0,0.0,0.005381
2020-01-06 13:00:00,22.1,21.99,26.43,23.11,23.03,22.77,21.22,26.2,22.73,21.21,3.71,620.3,1.0,1.0,0.0,0.0,0.0,0.0,0.0,0.0,0.0,1.0,36.0,21.0,23.0,1531.52,1630.59,0.0,0.0,0.0,0.0,0.0,0.0,0.0,286.1,28.27,28.11,36.0,36.0,36.0,36.0,36.0,36.0,36.0,23.28,0.047383,0.04943,0.0,0.0,0.0,0.0,0.0,0.0,0.0,0.005381
2020-01-06 13:15:00,21.13,21.01,26.52,23.45,22.86,22.9,20.99,26.36,23.12,21.2,3.91,642.2,0.0,0.0,0.0,0.0,0.0,0.0,0.0,0.0,0.0,0.0,27.93,21.0,23.0,0.0,0.0,0.0,0.0,0.0,0.0,0.0,0.0,0.0,0.0,36.0,36.0,36.0,36.0,36.0,36.0,36.0,36.0,36.0,36.0,0.0,0.0,0.0,0.0,0.0,0.0,0.0,0.0,0.0,0.0
2020-01-06 13:30:00,20.7,20.57,26.37,23.66,22.63,23.0,20.74,26.46,23.56,21.09,4.11,612.2,0.0,0.0,0.0,0.0,0.0,0.0,0.0,0.0,0.0,0.0,27.93,21.0,23.0,0.0,0.0,0.0,0.0,0.0,0.0,0.0,0.0,0.0,0.0,36.0,36.0,36.0,36.0,36.0,36.0,36.0,36.0,36.0,36.0,0.0,0.0,0.0,0.0,0.0,0.0,0.0,0.0,0.0,0.0
2020-01-06 13:45:00,20.58,20.44,26.25,23.86,22.58,23.07,20.54,26.47,23.89,20.98,4.31,582.2,0.0,0.0,0.0,0.0,0.0,0.0,0.0,0.0,0.0,0.0,27.93,21.0,23.0,0.0,0.0,0.0,0.0,0.0,0.0,0.0,0.0,0.0,0.0,36.0,36.0,36.0,36.0,36.0,36.0,36.0,36.0,36.0,36.0,0.0,0.0,0.0,0.0,0.0,0.0,0.0,0.0,0.0,0.0
2020-01-06 14:00:00,20.45,20.3,26.11,24.03,22.59,23.1,20.33,26.41,24.2,20.87,4.34,552.2,0.0,0.0,0.0,0.0,0.0,0.0,0.0,0.0,0.0,0.0,27.93,21.0,23.0,0.0,0.0,0.0,0.0,0.0,0.0,0.0,0.0,0.0,0.0,36.0,36.0,36.0,36.0,36.0,36.0,36.0,36.0,36.0,36.0,0.0,0.0,0.0,0.0,0.0,0.0,0.0,0.0,0.0,0.0
2020-01-06 14:15:00,21.22,21.11,26.06,24.16,22.72,23.12,20.54,26.35,24.35,20.89,4.38,522.2,0.957,1.0,0.0,0.0,0.0,0.0,1.0,0.0,0.0,1.0,36.0,21.0,23.0,1517.64,1659.78,0.0,0.0,0.0,0.0,1665.64,0.0,0.0,308.29,27.99,27.97,36.0,36.0,36.0,36.0,24.09,36.0,36.0,22.29,0.045328,0.04943,0.0,0.0,0.0,0.0,0.033452,0.0,0.0,0.005381
2020-01-06 14:30:00,21.83,21.75,26.05,24.44,23.05,23.12,21.1,26.21,24.56,21.01,4.41,495.1,0.957,1.0,0.0,0.0,0.0,0.0,1.0,0.0,0.0,1.0,36.0,21.0,23.0,1557.02,1703.86,0.0,0.0,0.0,0.0,1465.57,0.0,0.0,297.32,27.78,27.75,36.0,36.0,36.0,36.0,25.52,36.0,36.0,22.78,0.045328,0.04943,0.0,0.0,0.0,0.0,0.033452,0.0,0.0,0.005381
2020-01-06 14:45:00,21.96,21.89,26.04,24.7,23.2,23.1,21.68,26.05,24.72,21.14,4.44,468.0,0.957,1.0,0.0,0.0,0.0,0.0,1.0,0.0,0.0,1.0,36.0,21.0,23.0,1543.13,1687.44,0.0,0.0,0.0,0.0,1348.55,0.0,0.0,290.05,27.86,27.83,36.0,36.0,36.0,36.0,26.36,36.0,36.0,23.1,0.045328,0.04943,0.0,0.0,0.0,0.0,0.033452,0.0,0.0,0.005381
2020-01-06 15:00:00,22.03,21.95,25.91,24.86,23.25,23.07,22.08,25.84,24.86,21.26,4.35,440.9,0.957,1.0,0.0,0.0,0.0,0.0,1.0,0.0,0.0,1.0,36.0,21.0,23.0,1539.74,1683.79,0.0,0.0,0.0,0.0,1272.71,0.0,0.0,284.77,27.87,27.85,36.0,36.0,36.0,36.0,26.9,36.0,36.0,23.34,0.045328,0.04943,0.0,0.0,0.0,0.0,0.033452,0.0,0.0,0.005381
2020-01-06 15:15:00,21.01,20.9,25.73,24.9,22.94,23.03,22.01,25.67,24.95,21.24,4.25,413.8,0.0,0.0,0.0,0.0,0.0,0.0,0.0,0.0,0.0,0.0,27.44,21.0,23.0,0.0,0.0,0.0,0.0,0.0,0.0,0.0,0.0,0.0,0.0,36.0,36.0,36.0,36.0,36.0,36.0,36.0,36.0,36.0,36.0,0.0,0.0,0.0,0.0,0.0,0.0,0.0,0.0,0.0,0.0
2020-01-06 15:30:00,20.51,20.4,25.29,24.6,22.56,22.94,21.63,25.38,24.92,21.14,4.15,312.5,0.0,0.0,0.0,0.0,0.0,0.0,0.0,0.0,0.0,0.0,27.44,21.0,23.0,0.0,0.0,0.0,0.0,0.0,0.0,0.0,0.0,0.0,0.0,36.0,36.0,36.0,36.0,36.0,36.0,36.0,36.0,36.0,36.0,0.0,0.0,0.0,0.0,0.0,0.0,0.0,0.0,0.0,0.0
2020-01-06 15:45:00,20.29,20.19,24.9,24.24,22.32,22.79,21.23,25.03,24.72,21.02,4.06,211.3,0.0,0.0,0.0,0.0,0.0,0.0,0.0,0.0,0.0,0.0,27.44,21.0,23.0,0.0,0.0,0.0,0.0,0.0,0.0,0.0,0.0,0.0,0.0,36.0,36.0,36.0,36.0,36.0,36.0,36.0,36.0,36.0,36.0,0.0,0.0,0.0,0.0,0.0,0.0,0.0,0.0,0.0,0.0
2020-01-06 16:00:00,20.07,19.98,24.52,23.78,22.06,22.56,20.86,24.65,24.34,20.92,3.81,110.0,0.0,0.0,0.0,0.0,0.0,0.0,0.0,0.0,0.0,0.0,27.44,21.0,23.0,0.0,0.0,0.0,0.0,0.0,0.0,0.0,0.0,0.0,0.0,36.0,36.0,36.0,36.0,36.0,36.0,36.0,36.0,36.0,36.0,0.0,0.0,0.0,0.0,0.0,0.0,0.0,0.0,0.0,0.0
2020-01-06 16:15:00,20.73,20.65,24.17,23.22,22.04,22.26,20.93,24.24,23.79,20.93,3.56,8.8,1.0,1.0,0.0,0.0,0.0,0.0,1.0,0.0,0.0,1.0,36.0,21.0,23.0,1617.52,1713.8,0.0,0.0,0.0,0.0,1576.45,0.0,0.0,307.28,27.83,27.71,36.0,36.0,36.0,36.0,24.73,36.0,36.0,22.34,0.047383,0.04943,0.0,0.0,0.0,0.0,0.033452,0.0,0.0,0.005381
2020-01-06 16:30:00,21.32,21.27,24.01,22.99,22.14,21.93,21.41,23.82,23.27,21.05,3.3,0.0,1.0,1.0,0.0,0.0,0.0,0.0,1.0,0.0,0.0,1.0,36.0,21.0,23.0,1670.17,1766.89,0.0,0.0,0.0,0.0,1410.53,0.0,0.0,296.39,27.57,27.45,36.0,36.0,36.0,36.0,25.91,36.0,36.0,22.82,0.047383,0.04943,0.0,0.0,0.0,0.0,0.033452,0.0,0.0,0.005381
2020-01-06 16:45:00,21.39,21.33,23.88,22.88,22.17,21.66,21.9,23.45,22.87,21.18,3.05,0.0,1.0,1.0,0.0,0.0,0.0,0.0,1.0,0.0,0.0,1.0,36.0,21.0,23.0,1655.72,1751.11,0.0,0.0,0.0,0.0,1313.42,0.0,0.0,289.17,27.64,27.52,36.0,36.0,36.0,36.0,26.61,36.0,36.0,23.14,0.047383,0.04943,0.0,0.0,0.0,0.0,0.033452,0.0,0.0,0.005381
2020-01-06 17:00:00,21.38,21.34,23.71,22.75,22.11,21.4,22.19,23.14,22.53,21.29,2.94,0.0,1.0,1.0,0.0,0.0,0.0,0.0,1.0,0.0,0.0,1.0,36.0,21.0,23.0,1656.77,1750.76,0.0,0.0,0.0,0.0,1250.59,0.0,0.0,283.93,27.64,27.53,36.0,36.0,36.0,36.0,27.06,36.0,36.0,23.38,0.047383,0.04943,0.0,0.0,0.0,0.0,0.033452,0.0,0.0,0.005381
2020-01-06 17:15:00,20.44,20.62,23.51,22.58,21.8,21.18,22.07,22.87,22.25,21.28,2.83,0.0,0.128,0.269,0.0,0.0,0.0,0.0,0.0,0.0,0.0,0.0,36.0,21.0,23.0,332.81,670.05,0.0,0.0,0.0,0.0,0.0,0.0,0.0,0.0,22.88,23.94,36.0,36.0,36.0,36.0,36.0,36.0,36.0,36.0,0.006068,0.013293,0.0,0.0,0.0,0.0,0.0,0.0,0.0,0.0
2020-01-06 17:30:00,20.02,20.25,23.19,22.29,21.45,20.96,21.66,22.58,21.95,21.17,2.71,0.0,0.128,0.269,0.0,0.0,0.0,0.0,0.0,0.0,0.0,0.0,36.0,21.0,23.0,327.27,658.18,0.0,0.0,0.0,0.0,0.0,0.0,0.0,0.0,23.1,24.15,36.0,36.0,36.0,36.0,36.0,36.0,36.0,36.0,0.006068,0.013293,0.0,0.0,0.0,0.0,0.0,0.0,0.0,0.0
2020-01-06 17:45:00,19.9,20.17,22.95,22.06,21.28,20.76,21.23,22.31,21.67,21.06,2.6,0.0,0.128,0.269,0.0,0.0,0.0,0.0,0.0,0.0,0.0,0.0,36.0,21.0,23.0,324.72,651.85,0.0,0.0,0.0,0.0,0.0,0.0,0.0,0.0,23.2,24.27,36.0,36.0,36.0,36.0,36.0,36.0,36.0,36.0,0.006068,0.013293,0.0,0.0,0.0,0.0,0.0,0.0,0.0,0.0
2020-01-06 18:00:00,19.82,20.12,22.74,21.85,21.15,20.56,20.84,22.05,21.42,20.96,2.49,0.0,0.128,0.269,0.0,0.0,0.0,0.0,0.0,0.0,0.0,0.0,36.0,21.0,23.0,321.23,643.61,0.0,0.0,0.0,0.0,0.0,0.0,0.0,0.0,23.33,24.42,36.0,36.0,36.0,36.0,36.0,36.0,36.0,36.0,0.006068,0.013293,0.0,0.0,0.0,0.0,0.0,0.0,0.0,0.0
2020-01-06 18:15:00,20.61,20.78,23.17,22.37,21.47,20.58,20.9,22.09,21.47,20.97,2.38,0.0,1.0,1.0,1.0,1.0,1.0,1.0,1.0,1.0,1.0,1.0,36.0,21.0,23.0,1545.96,1627.15,910.1,1067.99,242.83,1769.6,1576.39,1300.15,1469.2,306.57,28.19,28.12,28.24,27.38,22.83,22.85,24.73,25.77,25.0,22.37,0.047383,0.04943,0.028075,0.029625,0.004411,0.03219,0.033452,0.030392,0.031957,0.005381
2020-01-06 18:30:00,21.25,21.31,23.56,22.87,21.96,21.03,21.39,22.4,21.83,21.08,2.27,0.0,1.0,1.0,1.0,1.0,1.0,1.0,1.0,1.0,1.0,1.0,36.0,21.0,23.0,1538.43,1609.11,933.68,1094.98,243.67,1532.56,1410.16,1160.04,1309.73,295.69,28.23,28.21,28.04,27.16,22.79,24.61,25.92,26.87,26.2,22.85,0.047383,0.04943,0.028075,0.029625,0.004411,0.03219,0.033452,0.030392,0.031957,0.005381
2020-01-06 18:45:00,21.47,21.52,23.68,23.02,22.17,21.51,21.87,22.78,22.25,21.22,2.17,0.0,1.0,1.0,1.0,1.0,1.0,1.0,1.0,1.0,1.0,1.0,36.0,21.0,23.0,1490.47,1561.81,939.42,1099.83,242.07,1393.75,1312.84,1080.12,1217.84,288.49,28.47,28.44,27.99,27.12,22.87,25.64,26.61,27.5,26.88,23.17,0.047383,0.04943,0.028075,0.029625,0.004411,0.03219,0.033452,0.030392,0.031957,0.005381
2020-01-06 19:00:00,21.52,21.57,23.7,23.06,22.24,21.86,22.18,23.05,22.59,21.34,2.06,0.0,1.0,1.0,1.0,1.0,1.0,1.0,1.0,1.0,1.0,1.0,36.0,21.0,23.0,1422.26,1490.9,909.32,1062.35,238.37,1305.73,1251.59,1030.64,1160.39,283.33,28.82,28.78,28.25,27.42,23.07,26.3,27.05,27.89,27.31,23.4,0.047383,0.04943,0.028075,0.029625,0.004411,0.03219,0.033452,0.030392,0.031957,0.005381
2020-01-06 19:15:00,21.58,21.63,23.07,22.32,22.01,21.84,22.04,22.99,22.51,21.41,1.95,0.0,1.0,1.0,0.0,0.0,0.0,0.0,0.0,0.0,0.0,1.0,36.0,21.0,23.0,1464.66,1534.46,0.0,0.0,0.0,0.0,0.0,0.0,0.0,279.28,28.6,28.57,36.0,36.0,36.0,36.0,36.0,36.0,36.0,23.58,0.047383,0.04943,0.0,0.0,0.0,0.0,0.0,0.0,0.0,0.005381
2020-01-06 19:30:00,21.58,21.64,22.69,21.78,21.8,21.56,21.64,22.66,22.15,21.5,1.85,0.0,1.0,1.0,0.0,0.0,0.0,0.0,0.0,0.0,0.0,1.0,36.0,21.0,23.0,1456.8,1525.79,0.0,0.0,0.0,0.0,0.0,0.0,0.0,276.16,28.64,28.62,36.0,36.0,36.0,36.0,36.0,36.0,36.0,23.72,0.047383,0.04943,0.0,0.0,0.0,0.0,0.0,0.0,0.0,0.005381
2020-01-06 19:45:00,21.61,21.68,22.55,21.62,21.72,21.19,21.2,22.28,21.72,21.59,1.74,0.0,1.0,1.0,0.0,0.0,0.0,0.0,0.0,0.0,0.0,1.0,36.0,21.0,23.0,1447.61,1515.67,0.0,0.0,0.0,0.0,0.0,0.0,0.0,273.56,28.69,28.66,36.0,36.0,36.0,36.0,36.0,36.0,36.0,23.84,0.047383,0.04943,0.0,0.0,0.0,0.0,0.0,0.0,0.0,0.005381
2020-01-06 20:00:00,21.65,21.72,22.46,21.52,21.67,20.87,20.79,21.94,21.37,21.66,1.64,0.0,1.0,1.0,0.0,0.0,0.0,0.0,0.0,0.0,0.0,1.0,36.0,21.0,23.0,1438.19,1505.49,0.0,0.0,0.0,0.0,0.0,0.0,0.0,271.35,28.74,28.71,36.0,36.0,36.0,36.0,36.0,36.0,36.0,23.94,0.047383,0.04943,0.0,0.0,0.0,0.0,0.0,0.0,0.0,0.005381
2020-01-06 20:15:00,21.69,21.76,22.98,21.46,21.76,20.89,20.84,21.96,21.12,21.73,1.54,0.0,1.0,1.0,1.0,0.0,0.0,1.0,1.0,1.0,0.0,1.0,36.0,21.0,23.0,1428.62,1495.18,922.79,0.0,0.0,1582.45,1578.29,1297.17,0.0,269.39,28.79,28.76,28.14,36.0,36.0,24.24,24.71,25.79,36.0,24.02,0.047383,0.04943,0.028075,0.0,0.0,0.03219,0.033452,0.030392,0.0,0.005381
2020-01-06 20:30:00,21.75,21.81,23.37,21.44,21.92,21.22,21.31,22.25,20.91,21.8,1.43,0.0,1.0,1.0,1.0,0.0,0.0,1.0,1.0,1.0,0.0,1.0,36.0,21.0,23.0,1419.45,1485.38,929.48,0.0,0.0,1406.42,1413.25,1168.85,0.0,267.66,28.83,28.81,28.08,36.0,36.0,25.55,25.89,26.8,36.0,24.1,0.047383,0.04943,0.028075,0.0,0.0,0.03219,0.033452,0.030392,0.0,0.005381
2020-01-06 20:45:00,21.8,21.86,23.44,21.38,21.97,21.53,21.78,22.59,20.79,21.86,1.33,0.0,1.0,1.0,1.0,0.0,0.0,1.0,1.0,1.0,0.0,1.0,36.0,21.0,23.0,1412.69,1478.48,922.96,0.0,0.0,1305.5,1317.26,1095.54,0.0,266.06,28.87,28.84,28.14,36.0,36.0,26.3,26.58,27.38,36.0,24.17,0.047383,0.04943,0.028075,0.0,0.0,0.03219,0.033452,0.030392,0.0,0.005381
2020-01-06 21:00:00,21.78,21.83,23.43,21.27,21.98,21.75,22.09,22.81,20.7,21.93,1.22,0.0,1.0,1.0,1.0,0.0,0.0,1.0,1.0,1.0,0.0,1.0,36.0,21.0,23.0,1353.63,1417.18,899.22,0.0,0.0,1243.44,1257.0,1050.17,0.0,264.62,29.17,29.14,28.34,36.0,36.0,26.76,27.01,27.73,36.0,24.24,0.047383,0.04943,0.028075,0.0,0.0,0.03219,0.033452,0.030392,0.0,0.005381
2020-01-06 21:15:00,21.82,21.88,22.76,21.17,21.8,21.89,21.93,22.97,20.94,21.98,1.11,0.0,1.0,1.0,0.0,0.0,0.0,1.0,0.0,1.0,1.0,1.0,36.0,21.0,23.0,1401.14,1466.25,0.0,0.0,0.0,1199.92,0.0,1018.96,1595.97,263.17,28.93,28.9,36.0,36.0,36.0,27.08,36.0,27.98,24.05,24.3,0.047383,0.04943,0.0,0.0,0.0,0.03219,0.0,0.030392,0.031957,0.005381
2020-01-06 21:30:00,21.84,21.9,22.41,20.98,21.6,22.1,21.53,23.12,21.43,22.05,1.0,0.0,1.0,1.0,0.0,0.0,0.0,1.0,0.0,1.0,1.0,1.0,36.0,21.0,23.0,1397.52,1462.3,0.0,0.0,0.0,1169.56,0.0,997.7,1410.6,261.85,28.94,28.92,36.0,36.0,36.0,27.31,36.0,28.15,25.44,24.36,0.047383,0.04943,0.0,0.0,0.0,0.03219,0.0,0.030392,0.031957,0.005381
2020-01-06 21:45:00,21.83,21.89,22.28,20.83,21.52,22.32,21.09,23.26,21.84,22.11,0.9,0.0,1.0,1.0,0.0,0.0,0.0,1.0,0.0,1.0,1.0,1.0,36.0,21.0,23.0,1393.52,1458.05,0.0,0.0,0.0,1145.09,0.0,981.87,1302.57,260.58,28.96,28.94,36.0,36.0,36.0,27.49,36.0,28.27,26.25,24.41,0.047383,0.04943,0.0,0.0,0.0,0.03219,0.0,0.030392,0.031957,0.005381
2020-01-06 22:00:00,21.84,21.89,22.19,20.71,21.46,22.48,20.68,23.38,22.13,22.16,0.78,0.0,1.0,1.0,0.0,0.0,0.0,1.0,0.0,1.0,1.0,1.0,36.0,21.0,23.0,1389.63,1453.89,0.0,0.0,0.0,1125.31,0.0,969.55,1233.87,259.38,28.98,28.96,36.0,36.0,36.0,27.64,36.0,28.37,26.76,24.47,0.047383,0.04943,0.0,0.0,0.0,0.03219,0.0,0.030392,0.031957,0.005381
2020-01-06 22:15:00,21.85,21.9,22.75,21.33,21.6,22.58,20.74,23.24,22.31,22.11,0.67,0.0,1.0,1.0,1.0,1.0,0.0,1.0,1.0,0.0,1.0,0.0,36.0,21.0,23.0,1385.53,1449.52,931.77,1194.48,0.0,1109.26,1587.36,0.0,1188.16,0.0,29.0,28.98,28.06,26.35,36.0,27.76,24.65,36.0,27.11,36.0,0.047383,0.04943,0.028075,0.029625,0.0,0.03219,0.033452,0.0,0.031957,0.0
2020-01-06 22:30:00,21.9,21.96,23.19,22.02,21.86,22.61,21.21,22.9,22.46,21.99,0.55,0.0,1.0,1.0,1.0,1.0,0.0,1.0,1.0,0.0,1.0,0.0,36.0,21.0,23.0,1381.25,1444.95,941.58,1197.54,0.0,1096.68,1421.1,0.0,1156.31,0.0,29.03,29.01,27.98,26.33,36.0,27.85,25.84,36.0,27.34,36.0,0.047383,0.04943,0.028075,0.029625,0.0,0.03219,0.033452,0.0,0.031957,0.0
2020-01-06 22:45:00,21.93,22.0,23.32,22.24,22.0,22.63,21.69,22.55,22.59,21.86,0.44,0.0,1.0,1.0,1.0,1.0,0.0,1.0,1.0,0.0,1.0,0.0,36.0,21.0,23.0,1377.4,1440.64,932.98,1172.26,0.0,1086.97,1324.53,0.0,1132.42,0.0,29.05,29.03,28.05,26.53,36.0,27.92,26.53,36.0,27.52,36.0,0.047383,0.04943,0.028075,0.029625,0.0,0.03219,0.033452,0.0,0.031957,0.0
2020-01-06 23:00:00,21.89,21.96,23.35,22.33,22.03,22.67,22.0,22.2,22.7,21.73,0.32,0.0,1.0,1.0,1.0,1.0,0.0,1.0,1.0,0.0,1.0,0.0,36.0,21.0,23.0,1322.03,1383.09,907.88,1129.69,0.0,1078.99,1263.9,0.0,1114.52,0.0,29.33,29.31,28.26,26.88,36.0,27.98,26.96,36.0,27.66,36.0,0.047383,0.04943,0.028075,0.029625,0.0,0.03219,0.033452,0.0,0.031957,0.0
2020-01-06 23:15:00,21.93,21.99,22.79,21.55,21.86,22.68,21.84,22.32,22.77,21.65,0.2,0.0,1.0,1.0,0.117,0.0,0.0,1.0,0.0,1.0,1.0,0.0,36.0,21.0,23.0,1371.16,1434.03,149.63,0.0,0.0,1071.69,0.0,1281.91,1099.08,0.0,29.08,29.06,25.12,36.0,36.0,28.04,36.0,25.91,27.77,36.0,0.047383,0.04943,0.003289,0.0,0.0,0.03219,0.0,0.030392,0.031957,0.0
2020-01-06 23:30:00,21.92,21.98,22.42,20.98,21.61,22.76,21.41,22.64,22.86,21.54,0.08,0.0,1.0,1.0,0.117,0.0,0.0,1.0,0.0,1.0,1.0,0.0,36.0,21.0,23.0,1370.27,1432.96,149.77,0.0,0.0,1065.27,0.0,1156.15,1087.0,0.0,29.08,29.06,25.11,36.0,36.0,28.08,36.0,26.9,27.86,36.0,0.047383,0.04943,0.003289,0.0,0.0,0.03219,0.0,0.030392,0.031957,0.0
2020-01-06 23:45:00,21.89,21.95,22.3,20.86,21.51,22.86,20.94,22.98,22.94,21.45,-0.04,0.0,1.0,1.0,0.117,0.0,0.0,1.0,0.0,1.0,1.0,0.0,36.0,21.0,23.0,1369.27,1431.9,150.94,0.0,0.0,1058.33,0.0,1084.4,1076.61,0.0,29.09,29.07,25.02,36.0,36.0,28.13,36.0,27.46,27.94,36.0,0.047383,0.04943,0.003289,0.0,0.0,0.03219,0.0,0.030392,0.031957,0.0
2020-01-07 00:00:00,21.88,21.94,22.22,20.81,21.47,22.94,20.52,23.19,23.01,21.36,-0.11,0.0,1.0,1.0,0.117,0.0,0.0,1.0,0.0,1.0,1.0,0.0,36.0,21.0,23.0,1367.72,1430.25,151.7,0.0,0.0,1051.82,0.0,1038.97,1067.64,0.0,29.09,29.08,24.97,36.0,36.0,28.18,36.0,27.82,28.01,36.0,0.047383,0.04943,0.003289,0.0,0.0,0.03219,0.0,0.030392,0.031957,0.0
2020-01-07 00:15:00,21.89,21.95,22.69,21.5,21.6,22.99,20.58,23.08,22.99,21.28,-0.19,0.0,1.0,1.0,1.0,1.0,0.0,1.0,1.0,0.062,0.691,0.0,36.0,21.0,23.0,1366.2,1428.62,952.97,1139.92,0.0,1045.74,1601.36,73.4,770.1,0.0,29.1,29.09,27.88,26.79,36.0,28.23,24.55,26.67,27.66,36.0,0.047383,0.04943,0.028075,0.029625,0.0,0.03219,0.033452,0.001882,0.022096,0.0
2020-01-07 00:30:00,21.93,22.0,23.04,22.13,21.8,23.0,21.04,22.76,22.92,21.19,-0.27,0.0,1.0,1.0,1.0,1.0,0.0,1.0,1.0,0.062,0.691,0.0,36.0,21.0,23.0,1363.29,1425.54,970.92,1162.41,0.0,1040.76,1434.63,80.89,792.57,0.0,29.12,29.1,27.73,26.61,36.0,28.27,25.74,25.72,27.42,36.0,0.047383,0.04943,0.028075,0.029625,0.0,0.03219,0.033452,0.001882,0.022096,0.0
2020-01-07 00:45:00,21.96,22.02,23.1,22.23,21.9,22.97,21.53,22.45,22.86,21.11,-0.35,0.0,1.0,1.0,1.0,1.0,0.0,1.0,1.0,0.062,0.691,0.0,36.0,21.0,23.0,1360.82,1422.82,975.55,1163.41,0.0,1036.93,1337.77,86.22,805.67,0.0,29.13,29.11,27.69,26.6,36.0,28.29,26.43,25.04,27.28,36.0,0.047383,0.04943,0.028075,0.029625,0.0,0.03219,0.033452,0.001882,0.022096,0.0
2020-01-07 01:00:00,21.91,21.98,23.07,22.23,21.91,22.95,21.84,22.18,22.81,21.02,-0.46,0.0,1.0,1.0,1.0,1.0,0.0,1.0,1.0,0.062,0.691,0.0,36.0,21.0,23.0,1307.27,1367.24,960.22,1143.99,0.0,1034.44,1276.75,90.23,813.72,0.0,29.4,29.38,27.82,26.76,36.0,28.31,26.87,24.53,27.19,36.0,0.047383,0.04943,0.028075,0.029625,0.0,0.03219,0.033452,0.001882,0.022096,0.0
2020-01-07 01:15:00,21.89,21.96,22.96,22.23,21.88,22.89,21.65,22.34,22.87,21.01,-0.57,0.0,1.0,1.0,0.849,1.0,0.0,1.0,0.0,1.0,1.0,0.638,36.0,21.0,23.0,1306.74,1366.52,866.14,1153.58,0.0,1032.13,0.0,1286.09,1127.84,202.27,29.4,29.39,27.3,26.68,36.0,28.33,36.0,25.88,27.56,21.9,0.047383,0.04943,0.02383,0.029625,0.0,0.03219,0.0,0.030392,0.031957,0.003432
2020-01-07 01:30:00,21.93,22.0,22.91,22.24,21.84,22.99,21.26,22.6,22.97,21.07,-0.68,0.0,1.0,1.0,0.849,1.0,0.0,1.0,0.0,1.0,1.0,0.638,36.0,21.0,23.0,1357.47,1418.81,894.5,1193.56,0.0,1030.68,0.0,1163.87,1092.37,197.33,29.15,29.13,27.02,26.36,36.0,28.34,36.0,26.84,27.82,22.25,0.047383,0.04943,0.02383,0.029625,0.0,0.03219,0.0,0.030392,0.031957,0.003432
2020-01-07 01:45:00,21.94,22.0,22.87,22.23,21.83,23.08,20.79,22.88,23.07,21.14,-0.79,0.0,1.0,1.0,0.849,1.0,0.0,1.0,0.0,1.0,1.0,0.638,36.0,21.0,23.0,1356.8,1418.16,905.4,1205.46,0.0,1026.79,0.0,1094.49,1071.09,194.05,29.15,29.14,26.91,26.27,36.0,28.37,36.0,27.38,27.98,22.47,0.047383,0.04943,0.02383,0.029625,0.0,0.03219,0.0,0.030392,0.031957,0.003432
2020-01-07 02:00:00,21.93,22.0,22.87,22.26,21.83,23.15,20.37,23.07,23.15,21.19,-0.9,0.0,1.0,1.0,0.849,1.0,0.0,1.0,0.0,1.0,1.0,0.638,36.0,21.0,23.0,1355.79,1417.1,900.05,1191.11,0.0,1022.77,0.0,1050.8,1056.83,191.7,29.15,29.14,26.96,26.38,36.0,28.4,36.0,27.73,28.09,22.64,0.047383,0.04943,0.02383,0.029625,0.0,0.03219,0.0,0.030392,0.031957,0.003432
2020-01-07 02:15:00,21.93,21.99,22.19,22.3,21.73,23.02,20.44,22.93,23.0,21.17,-1.01,0.0,1.0,1.0,0.0,1.0,0.0,0.333,1.0,0.0,0.221,0.0,36.0,21.0,23.0,1354.68,1415.94,0.0,1177.18,0.0,381.35,1615.49,0.0,263.77,0.0,29.16,29.15,36.0,26.49,36.0,27.48,24.45,36.0,27.07,36.0,0.047383,0.04943,0.0,0.029625,0.0,0.01071,0.033452,0.0,0.007066,0.0
2020-01-07 02:30:00,21.9,21.96,21.84,22.3,21.62,22.73,20.9,22.53,22.67,21.08,-1.12,0.0,1.0,1.0,0.0,1.0,0.0,0.333,1.0,0.0,0.221,0.0,36.0,21.0,23.0,1354.58,1415.92,0.0,1164.25,0.0,413.14,1447.3,0.0,287.71,0.0,29.16,29.15,36.0,26.6,36.0,26.77,25.65,36.0,26.26,36.0,0.047383,0.04943,0.0,0.029625,0.0,0.01071,0.033452,0.0,0.007066,0.0
2020-01-07 02:45:00,21.88,21.94,21.72,22.33,21.59,22.43,21.37,22.11,22.34,20.99,-1.23,0.0,1.0,1.0,0.0,1.0,0.0,0.333,1.0,0.0,0.221,0.0,36.0,21.0,23.0,1355.14,1416.54,0.0,1151.03,0.0,435.02,1349.88,0.0,304.51,0.0,29.16,29.14,36.0,26.7,36.0,26.28,26.35,36.0,25.69,36.0,0.047383,0.04943,0.0,0.029625,0.0,0.01071,0.033452,0.0,0.007066,0.0
2020-01-07 03:00:00,21.82,21.89,21.63,22.35,21.58,22.17,21.69,21.75,22.03,20.89,-1.31,0.0,1.0,1.0,0.0,1.0,0.0,0.333,1.0,0.0,0.221,0.0,36.0,21.0,23.0,1303.28,1362.89,0.0,1110.11,0.0,450.93,1288.9,0.0,316.94,0.0,29.42,29.4,36.0,27.04,36.0,25.93,26.78,36.0,25.27,36.0,0.047383,0.04943,0.0,0.029625,0.0,0.01071,0.033452,0.0,0.007066,0.0
2020-01-07 03:15:00,21.8,21.87,21.57,22.39,21.54,22.16,21.87,21.5,22.1,20.93,-1.4,0.0,1.0,1.0,0.0,1.0,0.0,1.0,1.0,0.0,1.0,1.0,36.0,21.0,23.0,1303.42,1363.04,0.0,1096.89,0.0,1239.41,1247.28,0.0,1298.69,310.81,29.42,29.4,36.0,27.14,36.0,26.79,27.08,36.0,26.28,22.18,0.047383,0.04943,0.0,0.029625,0.0,0.03219,0.033452,0.0,0.031957,0.005381
2020-01-07 03:30:00,21.78,21.85,21.5,22.42,21.55,22.29,22.02,21.34,22.39,21.07,-1.48,0.0,1.0,1.0,0.0,1.0,0.0,1.0,1.0,0.0,1.0,1.0,36.0,21.0,23.0,1304.08,1363.74,0.0,1083.75,0.0,1160.36,1218.05,0.0,1204.08,298.97,29.42,29.4,36.0,27.25,36.0,27.38,27.29,36.0,26.99,22.71,0.047383,0.04943,0.0,0.029625,0.0,0.03219,0.033452,0.0,0.031957,0.005381
2020-01-07 03:45:00,21.77,21.84,21.38,22.45,21.54,22.36,22.15,21.24,22.62,21.2,-1.57,0.0,1.0,1.0,0.0,1.0,0.0,1.0,1.0,0.0,1.0,1.0,36.0,21.0,23.0,1305.59,1365.38,0.0,1079.82,0.0,1117.21,1196.23,0.0,1149.26,291.03,29.41,29.39,36.0,27.28,36.0,27.7,27.45,36.0,27.4,23.06,0.047383,0.04943,0.0,0.029625,0.0,0.03219,0.033452,0.0,0.031957,0.005381
2020-01-07 04:00:00,21.76,21.83,21.26,22.46,21.53,22.42,22.26,21.15,22.75,21.32,-1.59,0.0,1.0,1.0,0.0,1.0,0.0,1.0,1.0,0.0,1.0,1.0,36.0,21.0,23.0,1306.76,1366.66,0.0,1075.48,0.0,1091.8,1179.06,0.0,1114.41,285.24,29.4,29.39,36.0,27.32,36.0,27.89,27.57,36.0,27.66,23.32,0.047383,0.04943,0.0,0.029625,0.0,0.03219,0.033452,0.0,0.031957,0.005381
2020-01-07 04:15:00,21.79,21.85,21.16,21.69,21.39,22.41,22.33,21.14,22.57,21.3,-1.61,0.0,1.0,1.0,0.0,0.0,0.0,1.0,1.0,0.163,0.0,0.0,36.0,21.0,23.0,1358.36,1420.26,0.0,0.0,0.0,1076.17,1164.36,277.34,0.0,0.0,29.14,29.13,36.0,36.0,36.0,28.0,27.67,22.58,36.0,36.0,0.047383,0.04943,0.0,0.0,0.0,0.03219,0.033452,0.004945,0.0,0.0
2020-01-07 04:30:00,21.77,21.82,21.0,21.15,21.25,22.4,22.42,21.12,22.16,21.2,-1.64,0.0,1.0,1.0,0.0,0.0,0.0,1.0,1.0,0.163,0.0,0.0,36.0,21.0,23.0,1360.48,1422.55,0.0,0.0,0.0,1066.86,1152.73,274.98,0.0,0.0,29.13,29.11,36.0,36.0,36.0,28.07,27.76,22.7,36.0,36.0,0.047383,0.04943,0.0,0.0,0.0,0.03219,0.033452,0.004945,0.0,0.0
2020-01-07 04:45:00,21.74,21.8,20.85,20.99,21.19,22.35,22.5,21.1,21.76,21.09,-1.66,0.0,1.0,1.0,0.0,0.0,0.0,1.0,1.0,0.163,0.0,0.0,36.0,21.0,23.0,1362.11,1424.37,0.0,0.0,0.0,1061.15,1142.52,274.07,0.0,0.0,29.12,29.11,36.0,36.0,36.0,28.11,27.83,22.74,36.0,36.0,0.047383,0.04943,0.0,0.0,0.0,0.03219,0.033452,0.004945,0.0,0.0
2020-01-07 05:00:00,21.68,21.74,20.72,20.88,21.15,22.3,22.58,21.04,21.44,20.98,-1.7,0.0,1.0,1.0,0.0,0.0,0.0,1.0,1.0,0.163,0.0,0.0,36.0,21.0,23.0,1311.51,1371.99,0.0,0.0,0.0,1058.02,1133.95,273.89,0.0,0.0,29.38,29.36,36.0,36.0,36.0,28.14,27.89,22.75,36.0,36.0,0.047383,0.04943,0.0,0.0,0.0,0.03219,0.033452,0.004945,0.0,0.0
2020-01-07 05:15:00,21.7,21.76,21.4,21.44,21.17,22.22,22.64,21.07,21.28,21.01,-1.74,0.0,1.0,1.0,1.0,0.738,0.0,1.0,1.0,0.425,0.0,1.0,36.0,21.0,23.0,1364.03,1426.36,1109.97,888.11,0.0,1056.47,1125.54,683.6,0.0,306.43,29.11,29.1,26.54,26.28,36.0,28.15,27.95,23.34,36.0,22.38,0.047383,0.04943,0.028075,0.021861,0.0,0.03219,0.033452,0.01292,0.0,0.005381
2020-01-07 05:30:00,21.74,21.8,22.03,21.91,21.36,22.17,22.7,21.14,21.07,21.13,-1.78,0.0,1.0,1.0,1.0,0.738,0.0,1.0,1.0,0.425,0.0,1.0,36.0,21.0,23.0,1363.3,1425.57,1112.22,896.42,0.0,1055.88,1118.31,659.82,0.0,295.41,29.12,29.1,26.52,26.19,36.0,28.15,28.0,23.78,36.0,22.87,0.047383,0.04943,0.028075,0.021861,0.0,0.03219,0.033452,0.01292,0.0,0.005381
2020-01-07 05:45:00,21.73,21.79,22.17,22.01,21.46,22.16,22.77,21.22,20.9,21.27,-1.83,0.0,1.0,1.0,1.0,0.738,0.0,1.0,1.0,0.425,0.0,1.0,36.0,21.0,23.0,1310.22,1370.55,1065.9,877.22,0.0,1055.32,1111.86,644.89,0.0,288.17,29.38,29.37,26.92,26.4,36.0,28.16,28.05,24.06,36.0,23.19,0.047383,0.04943,0.028075,0.021861,0.0,0.03219,0.033452,0.01292,0.0,0.005381
2020-01-07 06:00:00,21.72,21.78,22.25,22.04,21.48,22.13,22.82,21.27,20.77,21.38,-1.87,0.0,1.0,1.0,1.0,0.738,0.0,1.0,1.0,0.425,0.0,1.0,36.0,21.0,23.0,1308.81,1369.01,1052.25,876.38,0.0,1054.64,1105.79,634.58,0.0,282.84,29.39,29.37,27.03,26.41,36.0,28.16,28.09,24.25,36.0,23.43,0.047383,0.04943,0.028075,0.021861,0.0,0.03219,0.033452,0.01292,0.0,0.005381
2020-01-07 06:15:00,21.75,21.81,21.48,21.35,21.34,22.12,22.86,21.16,20.93,21.36,-1.91,0.0,1.0,1.0,0.0,0.0,0.0,1.0,1.0,0.0,1.0,0.0,36.0,21.0,23.0,1358.78,1420.73,0.0,0.0,0.0,1054.59,1099.98,0.0,1597.57,0.0,29.14,29.12,36.0,36.0,36.0,28.16,28.13,36.0,24.04,36.0,0.047383,0.04943,0.0,0.0,0.0,0.03219,0.033452,0.0,0.031957,0.0
2020-01-07 06:30:00,21.72,21.78,21.0,20.87,21.17,22.16,22.91,20.98,21.32,21.26,-1.95,0.0,1.0,1.0,0.0,0.0,0.0,1.0,1.0,0.0,1.0,0.0,36.0,21.0,23.0,1359.83,1421.84,0.0,0.0,0.0,1053.95,1094.92,0.0,1415.32,0.0,29.13,29.12,36.0,36.0,36.0,28.17,28.17,36.0,25.4,36.0,0.047383,0.04943,0.0,0.0,0.0,0.03219,0.033452,0.0,0.031957,0.0
2020-01-07 06:45:00,21.7,21.76,20.89,20.72,21.09,22.21,22.96,20.85,21.66,21.14,-1.99,0.0,1.0,1.0,0.0,0.0,0.0,1.0,1.0,0.0,1.0,0.0,36.0,21.0,23.0,1360.41,1422.45,0.0,0.0,0.0,1052.23,1090.13,0.0,1310.43,0.0,29.13,29.12,36.0,36.0,36.0,28.18,28.2,36.0,26.19,36.0,0.047383,0.04943,0.0,0.0,0.0,0.03219,0.033452,0.0,0.031957,0.0
2020-01-07 07:00:00,21.64,21.7,20.86,20.63,21.07,22.24,23.0,20.73,21.92,21.03,-2.02,0.0,1.0,1.0,0.0,0.0,0.0,1.0,1.0,0.0,1.0,0.0,36.0,21.0,23.0,1308.89,1369.18,0.0,0.0,0.0,1050.59,1085.92,0.0,1245.83,0.0,29.39,29.37,36.0,36.0,36.0,28.19,28.23,36.0,26.67,36.0,0.047383,0.04943,0.0,0.0,0.0,0.03219,0.033452,0.0,0.031957,0.0
2020-01-07 07:15:00,21.66,21.72,21.5,21.34,21.11,22.05,22.92,20.87,21.75,21.05,-2.05,0.0,1.0,1.0,0.853,1.0,0.0,0.0,0.587,1.0,0.0,1.0,36.0,21.0,23.0,1361.12,1423.36,945.36,1144.61,0.0,0.0,680.84,1537.99,0.0,304.99,29.13,29.11,26.55,26.76,36.0,36.0,27.7,23.89,36.0,22.44,0.047383,0.04943,0.023941,0.029625,0.0,0.0,0.019633,0.030392,0.0,0.005381
2020-01-07 07:30:00,21.71,21.76,21.98,21.92,21.31,21.74,22.77,21.16,21.36,21.17,-2.08,0.0,1.0,1.0,0.853,1.0,0.0,0.0,0.587,1.0,0.0,1.0,36.0,21.0,23.0,1361.76,1424.09,963.23,1168.05,0.0,0.0,712.83,1362.22,0.0,294.15,29.12,29.11,26.37,26.57,36.0,36.0,27.31,25.28,36.0,22.92,0.047383,0.04943,0.023941,0.029625,0.0,0.0,0.019633,0.030392,0.0,0.005381
2020-01-07 07:45:00,21.74,21.79,22.06,22.02,21.41,21.44,22.63,21.41,20.96,21.3,-2.11,0.0,1.0,1.0,0.853,1.0,0.0,0.0,0.587,1.0,0.0,1.0,36.0,21.0,23.0,1360.91,1423.28,966.46,1170.19,0.0,0.0,733.29,1262.04,0.0,286.97,29.13,29.11,26.34,26.55,36.0,36.0,27.06,26.07,36.0,23.24,0.047383,0.04943,0.023941,0.029625,0.0,0.0,0.019633,0.030392,0.0,0.005381
2020-01-07 08:00:00,21.75,21.8,22.07,22.03,21.42,21.14,22.53,21.61,20.62,21.41,-2.07,0.0,1.0,1.0,0.853,1.0,0.0,0.0,0.587,1.0,0.0,1.0,36.0,21.0,23.0,1360.66,1423.02,975.26,1180.36,0.0,0.0,747.35,1198.89,0.0,281.76,29.13,29.11,26.25,26.47,36.0,36.0,26.89,26.56,36.0,23.47,0.047383,0.04943,0.023941,0.029625,0.0,0.0,0.019633,0.030392,0.0,0.005381
2020-01-07 08:15:00,20.67,20.74,21.29,21.16,21.02,21.2,22.58,21.47,20.69,21.39,-2.03,5.5,0.0,0.0,0.0,0.0,0.0,0.988,1.0,0.0,1.0,0.0,36.0,21.0,23.0,0.0,0.0,0.0,0.0,0.0,1417.45,1202.89,0.0,1543.63,0.0,36.0,36.0,36.0,36.0,36.0,25.34,27.4,36.0,24.44,36.0,0.0,0.0,0.0,0.0,0.0,0.031807,0.033452,0.0,0.031957,0.0
2020-01-07 08:30:00,20.05,20.11,20.63,20.37,20.44,21.53,22.75,21.15,21.13,21.29,-1.99,86.7,0.0,0.0,0.0,0.0,0.0,0.988,1.0,0.0,1.0,0.0,36.0,21.0,23.0,0.0,0.0,0.0,0.0,0.0,1274.44,1152.89,0.0,1384.72,0.0,36.0,36.0,36.0,36.0,36.0,26.41,27.75,36.0,25.63,36.0,0.0,0.0,0.0,0.0,0.0,0.031807,0.033452,0.0,0.031957,0.0
2020-01-07 08:45:00,19.8,19.85,20.38,20.09,20.17,21.82,22.91,20.93,21.58,21.17,-1.95,167.9,0.0,0.0,0.0,0.0,0.0,0.988,1.0,0.0,1.0,0.0,36.0,21.0,23.0,0.0,0.0,0.0,0.0,0.0,1193.44,1122.44,0.0,1290.2,0.0,36.0,36.0,36.0,36.0,36.0,27.02,27.97,36.0,26.34,36.0,0.0,0.0,0.0,0.0,0.0,0.031807,0.033452,0.0,0.031957,0.0
2020-01-07 09:00:00,19.6,19.65,20.3,19.93,20.05,22.02,23.05,20.85,21.94,21.05,-1.66,249.2,0.0,0.0,0.0,0.0,0.0,0.988,1.0,0.0,1.0,0.0,36.0,21.0,23.0,0.0,0.0,0.0,0.0,0.0,1144.03,1102.03,0.0,1228.89,0.0,36.0,36.0,36.0,36.0,36.0,27.4,28.12,36.0,26.8,36.0,0.0,0.0,0.0,0.0,0.0,0.031807,0.033452,0.0,0.031957,0.0
2020-01-07 09:15:00,20.52,20.54,20.68,20.66,20.35,21.94,22.86,21.18,21.86,21.07,-1.37,330.4,1.0,1.0,0.0,1.0,1.0,0.0,0.0,0.0,0.0,1.0,36.0,21.0,23.0,1436.39,1510.91,0.0,1238.54,254.5,0.0,0.0,0.0,0.0,304.29,28.75,28.69,36.0,26.0,22.2,36.0,36.0,36.0,36.0,22.47,0.047383,0.04943,0.0,0.029625,0.004411,0.0,0.0,0.0,0.0,0.005381
2020-01-07 09:30:00,21.17,21.17,21.54,21.44,20.94,21.77,22.55,21.71,21.56,21.18,-1.08,358.5,1.0,1.0,0.0,1.0,1.0,0.0,0.0,0.0,0.0,1.0,36.0,21.0,23.0,1477.4,1554.71,0.0,1252.59,254.53,0.0,0.0,0.0,0.0,293.51,28.54,28.48,36.0,25.88,22.2,36.0,36.0,36.0,36.0,22.95,0.047383,0.04943,0.0,0.029625,0.004411,0.0,0.0,0.0,0.0,0.005381
2020-01-07 09:45:00,21.34,21.34,22.39,21.74,21.33,21.56,22.29,22.25,21.22,21.31,-0.79,386.6,1.0,1.0,0.0,1.0,1.0,0.0,0.0,0.0,0.0,1.0,36.0,21.0,23.0,1482.16,1561.24,0.0,1241.37,252.81,0.0,0.0,0.0,0.0,286.39,28.52,28.44,36.0,25.98,22.29,36.0,36.0,36.0,36.0,23.27,0.047383,0.04943,0.0,0.029625,0.004411,0.0,0.0,0.0,0.0,0.005381
2020-01-07 10:00:00,21.43,21.41,22.9,21.9,21.57,21.45,21.98,22.66,20.94,21.42,-0.52,414.8,1.0,1.0,0.0,1.0,1.0,0.0,0.0,0.0,0.0,1.0,36.0,21.0,23.0,1496.56,1577.76,0.0,1237.68,251.81,0.0,0.0,0.0,0.0,281.25,28.44,28.36,36.0,26.01,22.34,36.0,36.0,36.0,36.0,23.5,0.047383,0.04943,0.0,0.029625,0.004411,0.0,0.0,0.0,0.0,0.005381
2020-01-07 10:15:00,20.35,20.38,23.14,21.09,21.31,21.47,21.7,22.97,20.96,21.41,-0.24,442.9,0.0,0.008,0.0,0.0,0.0,0.0,0.0,0.0,0.571,0.0,36.0,21.0,23.0,0.0,20.91,0.0,0.0,0.0,0.0,0.0,0.0,920.18,0.0,36.0,22.78,36.0,36.0,36.0,36.0,36.0,36.0,23.94,36.0,0.0,0.000379,0.0,0.0,0.0,0.0,0.0,0.0,0.018248,0.0
2020-01-07 10:30:00,19.81,19.83,23.17,20.43,20.98,21.56,21.37,23.38,21.18,21.3,0.03,463.7,0.0,0.008,0.0,0.0,0.0,0.0,0.0,0.0,0.571,0.0,36.0,21.0,23.0,0.0,21.31,0.0,0.0,0.0,0.0,0.0,0.0,869.41,0.0,36.0,22.53,36.0,36.0,36.0,36.0,36.0,36.0,24.6,36.0,0.0,0.000379,0.0,0.0,0.0,0.0,0.0,0.0,0.018248,0.0
2020-01-07 10:45:00,19.65,19.63,23.37,20.29,20.89,21.7,21.1,23.76,21.43,21.19,0.31,484.4,0.0,0.008,0.0,0.0,0.0,0.0,0.0,0.0,0.571,0.0,36.0,21.0,23.0,0.0,21.68,0.0,0.0,0.0,0.0,0.0,0.0,837.1,0.0,36.0,22.3,36.0,36.0,36.0,36.0,36.0,36.0,25.03,36.0,0.0,0.000379,0.0,0.0,0.0,0.0,0.0,0.0,0.018248,0.0
2020-01-07 11:00:00,19.55,19.52,23.62,20.28,20.9,21.85,20.88,24.14,21.67,21.08,0.54,505.2,0.0,0.008,0.0,0.0,0.0,0.0,0.0,0.0,0.571,0.0,36.0,21.0,23.0,0.0,21.93,0.0,0.0,0.0,0.0,0.0,0.0,812.15,0.0,36.0,22.14,36.0,36.0,36.0,36.0,36.0,36.0,25.35,36.0,0.0,0.000379,0.0,0.0,0.0,0.0,0.0,0.0,0.018248,0.0
2020-01-07 11:15:00,20.46,20.41,23.94,20.85,21.33,22.01,21.01,24.47,21.74,21.09,0.78,526.0,1.0,1.0,0.0,0.628,1.0,0.0,0.892,0.0,0.0,1.0,36.0,21.0,23.0,1565.0,1656.14,0.0,866.42,251.92,0.0,1440.86,0.0,0.0,303.86,28.1,27.98,36.0,24.86,22.34,36.0,24.44,36.0,36.0,22.49,0.047383,0.04943,0.0,0.018604,0.004411,0.0,0.02983,0.0,0.0,0.005381
2020-01-07 11:30:00,21.21,21.14,24.44,21.59,21.89,22.14,21.46,24.8,21.71,21.2,1.02,528.6,1.0,1.0,0.0,0.628,1.0,0.0,0.892,0.0,0.0,1.0,36.0,21.0,23.0,1597.76,1690.2,0.0,853.17,250.72,0.0,1289.07,0.0,0.0,293.12,27.93,27.82,36.0,25.03,22.4,36.0,25.66,36.0,36.0,22.97,0.047383,0.04943,0.0,0.018604,0.004411,0.0,0.02983,0.0,0.0,0.005381
2020-01-07 11:45:00,21.42,21.34,24.81,22.02,22.2,22.24,21.98,25.08,21.71,21.33,1.26,531.2,1.0,1.0,0.0,0.628,1.0,0.0,0.892,0.0,0.0,1.0,36.0,21.0,23.0,1587.08,1679.91,0.0,824.49,249.24,0.0,1199.19,0.0,0.0,286.04,27.99,27.87,36.0,25.4,22.48,36.0,26.38,36.0,36.0,23.28,0.047383,0.04943,0.0,0.018604,0.004411,0.0,0.02983,0.0,0.0,0.005381
2020-01-07 12:00:00,21.55,21.47,25.09,22.35,22.39,22.34,22.36,25.32,21.79,21.44,1.45,533.8,1.0,1.0,0.0,0.628,1.0,0.0,0.892,0.0,0.0,1.0,36.0,21.0,23.0,1584.05,1677.46,0.0,794.65,247.9,0.0,1138.89,0.0,0.0,280.9,28.0,27.88,36.0,25.78,22.56,36.0,26.87,36.0,36.0,23.51,0.047383,0.04943,0.0,0.018604,0.004411,0.0,0.02983,0.0,0.0,0.005381
2020-01-07 12:15:00,20.53,20.44,25.21,22.08,22.14,22.45,22.32,25.51,21.94,21.43,1.65,536.4,0.0,0.0,0.0,0.0,0.0,0.0,0.0,0.0,0.0,0.0,27.17,21.0,23.0,0.0,0.0,0.0,0.0,0.0,0.0,0.0,0.0,0.0,0.0,36.0,36.0,36.0,36.0,36.0,36.0,36.0,36.0,36.0,36.0,0.0,0.0,0.0,0.0,0.0,0.0,0.0,0.0,0.0,0.0
2020-01-07 12:30:00,20.06,19.96,25.17,21.96,21.82,22.57,22.0,25.74,22.18,21.32,1.84,549.5,0.0,0.0,0.0,0.0,0.0,0.0,0.0,0.0,0.0,0.0,27.17,21.0,23.0,0.0,0.0,0.0,0.0,0.0,0.0,0.0,0.0,0.0,0.0,36.0,36.0,36.0,36.0,36.0,36.0,36.0,36.0,36.0,36.0,0.0,0.0,0.0,0.0,0.0,0.0,0.0,0.0,0.0,0.0
2020-01-07 12:45:00,19.95,19.85,25.24,22.21,21.78,22.69,21.66,25.92,22.47,21.21,2.03,562.7,0.0,0.0,0.0,0.0,0.0,0.0,0.0,0.0,0.0,0.0,27.17,21.0,23.0,0.0,0.0,0.0,0.0,0.0,0.0,0.0,0.0,0.0,0.0,36.0,36.0,36.0,36.0,36.0,36.0,36.0,36.0,36.0,36.0,0.0,0.0,0.0,0.0,0.0,0.0,0.0,0.0,0.0,0.0
2020-01-07 13:00:00,19.9,19.78,25.34,22.53,21.8,22.81,21.35,26.09,22.81,21.1,2.19,575.8,0.0,0.0,0.0,0.0,0.0,0.0,0.0,0.0,0.0,0.0,27.17,21.0,23.0,0.0,0.0,0.0,0.0,0.0,0.0,0.0,0.0,0.0,0.0,36.0,36.0,36.0,36.0,36.0,36.0,36.0,36.0,36.0,36.0,0.0,0.0,0.0,0.0,0.0,0.0,0.0,0.0,0.0,0.0
2020-01-07 13:15:00,20.78,20.65,25.5,22.86,22.14,22.91,21.13,26.22,23.16,21.11,2.35,588.9,1.0,1.0,0.0,0.0,0.0,0.0,0.0,0.0,0.0,1.0,36.0,21.0,23.0,1584.12,1687.19,0.0,0.0,0.0,0.0,0.0,0.0,0.0,303.4,28.0,27.83,36.0,36.0,36.0,36.0,36.0,36.0,36.0,22.51,0.047383,0.04943,0.0,0.0,0.0,0.0,0.0,0.0,0.0,0.005381
2020-01-07 13:30:00,21.54,21.42,25.74,23.35,22.57,23.01,20.9,26.32,23.58,21.23,2.51,583.5,1.0,1.0,0.0,0.0,0.0,0.0,0.0,0.0,0.0,1.0,36.0,21.0,23.0,1623.05,1729.12,0.0,0.0,0.0,0.0,0.0,0.0,0.0,292.7,27.81,27.63,36.0,36.0,36.0,36.0,36.0,36.0,36.0,22.99,0.047383,0.04943,0.0,0.0,0.0,0.0,0.0,0.0,0.0,0.005381
2020-01-07 13:45:00,21.74,21.6,25.93,23.77,22.82,23.09,20.7,26.38,23.93,21.36,2.67,578.0,1.0,1.0,0.0,0.0,0.0,0.0,0.0,0.0,0.0,1.0,36.0,21.0,23.0,1602.57,1708.3,0.0,0.0,0.0,0.0,0.0,0.0,0.0,285.63,27.91,27.73,36.0,36.0,36.0,36.0,36.0,36.0,36.0,23.3,0.047383,0.04943,0.0,0.0,0.0,0.0,0.0,0.0,0.0,0.005381
2020-01-07 14:00:00,21.85,21.72,26.0,24.11,22.96,23.18,20.52,26.41,24.27,21.46,2.71,572.5,1.0,1.0,0.0,0.0,0.0,0.0,0.0,0.0,0.0,1.0,36.0,21.0,23.0,1596.94,1703.01,0.0,0.0,0.0,0.0,0.0,0.0,0.0,280.51,27.94,27.76,36.0,36.0,36.0,36.0,36.0,36.0,36.0,23.53,0.047383,0.04943,0.0,0.0,0.0,0.0,0.0,0.0,0.0,0.005381
2020-01-07 14:15:00,20.88,20.74,25.96,24.34,22.76,23.26,20.7,26.43,24.55,21.45,2.76,567.0,0.0,0.0,0.0,0.0,0.0,0.0,1.0,0.0,0.0,0.0,36.0,21.0,23.0,0.0,0.0,0.0,0.0,0.0,0.0,1653.17,0.0,0.0,0.0,36.0,36.0,36.0,36.0,36.0,36.0,24.18,36.0,36.0,36.0,0.0,0.0,0.0,0.0,0.0,0.0,0.033452,0.0,0.0,0.0
2020-01-07 14:30:00,20.48,20.33,25.7,24.4,22.51,23.32,21.29,26.36,24.87,21.34,2.81,532.2,0.0,0.0,0.0,0.0,0.0,0.0,1.0,0.0,0.0,0.0,36.0,21.0,23.0,0.0,0.0,0.0,0.0,0.0,0.0,1452.37,0.0,0.0,0.0,36.0,36.0,36.0,36.0,36.0,36.0,25.61,36.0,36.0,36.0,0.0,0.0,0.0,0.0,0.0,0.0,0.033452,0.0,0.0,0.0
2020-01-07 14:45:00,20.4,20.25,25.51,24.51,22.45,23.34,21.89,26.24,25.1,21.22,2.85,497.3,0.0,0.0,0.0,0.0,0.0,0.0,1.0,0.0,0.0,0.0,36.0,21.0,23.0,0.0,0.0,0.0,0.0,0.0,0.0,1334.28,0.0,0.0,0.0,36.0,36.0,36.0,36.0,36.0,36.0,26.46,36.0,36.0,36.0,0.0,0.0,0.0,0.0,0.0,0.0,0.033452,0.0,0.0,0.0
2020-01-07 15:00:00,20.35,20.2,25.34,24.6,22.4,23.33,22.28,26.08,25.27,21.12,2.77,462.4,0.0,0.0,0.0,0.0,0.0,0.0,1.0,0.0,0.0,0.0,36.0,21.0,23.0,0.0,0.0,0.0,0.0,0.0,0.0,1257.82,0.0,0.0,0.0,36.0,36.0,36.0,36.0,36.0,36.0,27.0,36.0,36.0,36.0,0.0,0.0,0.0,0.0,0.0,0.0,0.033452,0.0,0.0,0.0
2020-01-07 15:15:00,21.17,21.03,25.22,24.7,22.63,23.3,22.2,25.91,25.37,21.08,2.68,427.6,1.0,1.0,0.0,0.0,0.0,0.0,0.0,0.0,0.0,0.461,36.0,21.0,23.0,1464.86,1563.61,0.0,0.0,0.0,0.0,0.0,0.0,0.0,144.27,28.6,28.43,36.0,36.0,36.0,36.0,36.0,36.0,36.0,22.1,0.047383,0.04943,0.0,0.0,0.0,0.0,0.0,0.0,0.0,0.002483
2020-01-07 15:30:00,21.87,21.75,25.1,24.7,22.89,23.22,21.81,25.61,25.32,21.08,2.59,322.9,1.0,1.0,0.0,0.0,0.0,0.0,0.0,0.0,0.0,0.461,36.0,21.0,23.0,1474.68,1572.09,0.0,0.0,0.0,0.0,0.0,0.0,0.0,142.73,28.55,28.39,36.0,36.0,36.0,36.0,36.0,36.0,36.0,22.25,0.047383,0.04943,0.0,0.0,0.0,0.0,0.0,0.0,0.0,0.002483
2020-01-07 15:45:00,22.0,21.91,24.91,24.51,22.93,23.05,21.38,25.27,25.1,21.1,2.5,218.2,1.0,1.0,0.0,0.0,0.0,0.0,0.0,0.0,0.0,0.461,36.0,21.0,23.0,1430.84,1523.29,0.0,0.0,0.0,0.0,0.0,0.0,0.0,141.81,28.78,28.63,36.0,36.0,36.0,36.0,36.0,36.0,36.0,22.34,0.047383,0.04943,0.0,0.0,0.0,0.0,0.0,0.0,0.0,0.002483
2020-01-07 16:00:00,22.03,21.93,24.59,24.09,22.82,22.8,20.96,24.84,24.69,21.11,2.27,113.5,1.0,1.0,0.0,0.0,0.0,0.0,0.0,0.0,0.0,0.461,36.0,21.0,23.0,1422.79,1513.07,0.0,0.0,0.0,0.0,0.0,0.0,0.0,141.2,28.82,28.68,36.0,36.0,36.0,36.0,36.0,36.0,36.0,22.4,0.047383,0.04943,0.0,0.0,0.0,0.0,0.0,0.0,0.0,0.002483
2020-01-07 16:15:00,20.95,20.85,24.2,23.47,22.32,22.44,20.92,24.4,24.11,21.11,2.04,8.8,0.0,0.0,0.0,0.0,0.0,0.0,0.78,0.0,0.0,0.387,36.0,21.0,23.0,0.0,0.0,0.0,0.0,0.0,0.0,1267.79,0.0,0.0,118.65,36.0,36.0,36.0,36.0,36.0,36.0,24.38,36.0,36.0,22.38,0.0,0.0,0.0,0.0,0.0,0.0,0.026105,0.0,0.0,0.002084
2020-01-07 16:30:00,20.37,20.28,23.72,22.91,21.8,22.08,21.2,23.92,23.51,21.09,1.81,0.0,0.0,0.0,0.0,0.0,0.0,0.0,0.78,0.0,0.0,0.387,36.0,21.0,23.0,0.0,0.0,0.0,0.0,0.0,0.0,1169.04,0.0,0.0,118.83,36.0,36.0,36.0,36.0,36.0,36.0,25.29,36.0,36.0,22.36,0.0,0.0,0.0,0.0,0.0,0.0,0.026105,0.0,0.0,0.002084
2020-01-07 16:45:00,20.16,20.08,23.4,22.61,21.56,21.77,21.53,23.52,23.07,21.08,1.59,0.0,0.0,0.0,0.0,0.0,0.0,0.0,0.78,0.0,0.0,0.387,36.0,21.0,23.0,0.0,0.0,0.0,0.0,0.0,0.0,1110.61,0.0,0.0,118.97,36.0,36.0,36.0,36.0,36.0,36.0,25.82,36.0,36.0,22.34,0.0,0.0,0.0,0.0,0.0,0.0,0.026105,0.0,0.0,0.002084
2020-01-07 17:00:00,20.01,19.94,23.15,22.38,21.38,21.5,21.75,23.18,22.7,21.07,1.51,0.0,0.0,0.0,0.0,0.0,0.0,0.0,0.78,0.0,0.0,0.387,36.0,21.0,23.0,0.0,0.0,0.0,0.0,0.0,0.0,1072.12,0.0,0.0,119.09,36.0,36.0,36.0,36.0,36.0,36.0,26.17,36.0,36.0,22.33,0.0,0.0,0.0,0.0,0.0,0.0,0.026105,0.0,0.0,0.002084
2020-01-07 17:15:00,20.85,20.78,23.32,22.84,21.67,21.43,21.95,22.91,22.65,21.12,1.43,0.0,1.0,1.0,0.536,1.0,1.0,1.0,1.0,0.0,1.0,1.0,36.0,21.0,23.0,1425.12,1509.15,545.4,1007.14,242.54,1698.33,1292.04,0.0,1273.4,297.23,28.8,28.7,27.34,27.87,22.85,23.38,26.76,36.0,26.47,22.79,0.047383,0.04943,0.015059,0.029625,0.004411,0.03219,0.033452,0.0,0.031957,0.005381
2020-01-07 17:30:00,21.5,21.44,23.53,23.29,22.12,21.66,22.18,22.72,22.83,21.23,1.35,0.0,1.0,1.0,0.536,1.0,1.0,1.0,1.0,0.0,1.0,1.0,36.0,21.0,23.0,1444.85,1528.76,557.43,1021.28,242.68,1472.78,1235.64,0.0,1157.3,289.14,28.7,28.6,27.14,27.75,22.84,25.05,27.16,36.0,27.34,23.14,0.047383,0.04943,0.015059,0.029625,0.004411,0.03219,0.033452,0.0,0.031957,0.005381
2020-01-07 17:45:00,21.65,21.59,23.59,23.43,22.31,21.95,22.36,22.61,23.05,21.34,1.27,0.0,1.0,1.0,0.536,1.0,1.0,1.0,1.0,0.0,1.0,1.0,36.0,21.0,23.0,1423.84,1505.82,558.74,1012.94,239.88,1343.6,1198.56,0.0,1093.98,283.56,28.81,28.71,27.12,27.82,22.99,26.01,27.43,36.0,27.81,23.39,0.047383,0.04943,0.015059,0.029625,0.004411,0.03219,0.033452,0.0,0.031957,0.005381
2020-01-07 18:00:00,21.65,21.6,23.54,23.43,22.37,22.16,22.51,22.46,23.19,21.45,1.18,0.0,1.0,1.0,0.536,1.0,1.0,1.0,1.0,0.0,1.0,1.0,36.0,21.0,23.0,1364.21,1442.74,555.33,986.29,236.35,1264.17,1173.23,0.0,1056.54,279.44,29.11,29.02,27.18,28.04,23.18,26.6,27.61,36.0,28.09,23.58,0.047383,0.04943,0.015059,0.029625,0.004411,0.03219,0.033452,0.0,0.031957,0.005381
2020-01-07 18:15:00,21.68,21.64,23.1,22.69,22.12,22.0,22.3,22.34,23.05,21.42,1.09,0.0,1.0,1.0,0.0,0.0,0.0,0.0,0.0,0.0,0.0,0.0,36.0,21.0,23.0,1412.57,1492.34,0.0,0.0,0.0,0.0,0.0,0.0,0.0,0.0,28.87,28.78,36.0,36.0,36.0,36.0,36.0,36.0,36.0,36.0,0.047383,0.04943,0.0,0.0,0.0,0.0,0.0,0.0,0.0,0.0
2020-01-07 18:30:00,21.66,21.63,22.76,22.22,21.91,21.65,21.83,22.11,22.62,21.31,1.0,0.0,1.0,1.0,0.0,0.0,0.0,0.0,0.0,0.0,0.0,0.0,36.0,21.0,23.0,1410.85,1489.02,0.0,0.0,0.0,0.0,0.0,0.0,0.0,0.0,28.88,28.79,36.0,36.0,36.0,36.0,36.0,36.0,36.0,36.0,0.047383,0.04943,0.0,0.0,0.0,0.0,0.0,0.0,0.0,0.0
2020-01-07 18:45:00,21.66,21.64,22.59,22.04,21.82,21.27,21.34,21.83,22.19,21.19,0.92,0.0,1.0,1.0,0.0,0.0,0.0,0.0,0.0,0.0,0.0,0.0,36.0,21.0,23.0,1407.71,1484.68,0.0,0.0,0.0,0.0,0.0,0.0,0.0,0.0,28.89,28.81,36.0,36.0,36.0,36.0,36.0,36.0,36.0,36.0,0.047383,0.04943,0.0,0.0,0.0,0.0,0.0,0.0,0.0,0.0
2020-01-07 19:00:00,21.68,21.66,22.45,21.9,21.75,20.95,20.91,21.57,21.81,21.08,0.83,0.0,1.0,1.0,0.0,0.0,0.0,0.0,0.0,0.0,0.0,0.0,36.0,21.0,23.0,1404.1,1480.15,0.0,0.0,0.0,0.0,0.0,0.0,0.0,0.0,28.91,28.84,36.0,36.0,36.0,36.0,36.0,36.0,36.0,36.0,0.047383,0.04943,0.0,0.0,0.0,0.0,0.0,0.0,0.0,0.0
2020-01-07 19:15:00,21.7,21.68,22.94,21.79,21.82,20.92,20.93,21.36,21.54,21.01,0.75,0.0,1.0,1.0,1.0,0.0,0.0,1.0,0.965,0.0,0.0,0.149,36.0,21.0,23.0,1400.15,1475.35,938.96,0.0,0.0,1557.85,1502.15,0.0,0.0,47.37,28.93,28.86,28.0,36.0,36.0,24.42,24.87,36.0,36.0,21.83,0.047383,0.04943,0.028075,0.0,0.0,0.03219,0.032294,0.0,0.0,0.0008
2020-01-07 19:30:00,21.74,21.73,23.3,21.66,21.95,21.13,21.33,21.2,21.32,20.94,0.67,0.0,1.0,1.0,1.0,0.0,0.0,1.0,0.965,0.0,0.0,0.149,36.0,21.0,23.0,1395.83,1470.21,949.54,0.0,0.0,1388.59,1355.87,0.0,0.0,47.59,28.95,28.88,27.91,36.0,36.0,25.68,25.96,36.0,36.0,21.76,0.047383,0.04943,0.028075,0.0,0.0,0.03219,0.032294,0.0,0.0,0.0008
2020-01-07 19:45:00,21.77,21.76,23.36,21.52,21.98,21.38,21.75,21.07,21.14,20.89,0.59,0.0,1.0,1.0,1.0,0.0,0.0,1.0,0.965,0.0,0.0,0.149,36.0,21.0,23.0,1392.0,1465.55,941.16,0.0,0.0,1294.01,1271.49,0.0,0.0,47.83,28.97,28.91,27.98,36.0,36.0,26.38,26.58,36.0,36.0,21.69,0.047383,0.04943,0.028075,0.0,0.0,0.03219,0.032294,0.0,0.0,0.0008
2020-01-07 20:00:00,21.73,21.73,23.35,21.38,21.97,21.55,22.05,20.94,20.95,20.83,0.5,0.0,1.0,1.0,1.0,0.0,0.0,1.0,0.965,0.0,0.0,0.149,36.0,21.0,23.0,1335.91,1406.69,914.51,0.0,0.0,1236.1,1218.62,0.0,0.0,48.05,29.26,29.19,28.21,36.0,36.0,26.81,26.97,36.0,36.0,21.62,0.047383,0.04943,0.028075,0.0,0.0,0.03219,0.032294,0.0,0.0,0.0008
2020-01-07 20:15:00,21.78,21.78,22.74,21.27,21.8,21.62,21.88,21.16,21.1,20.87,0.42,0.0,1.0,1.0,0.068,0.0,0.0,1.0,0.0,1.0,0.812,1.0,36.0,21.0,23.0,1384.59,1456.69,89.13,0.0,0.0,1197.0,0.0,1492.82,1287.39,309.26,29.01,28.95,24.83,36.0,36.0,27.1,36.0,24.25,24.14,22.25,0.047383,0.04943,0.001909,0.0,0.0,0.03219,0.0,0.030392,0.025964,0.005381
2020-01-07 20:30:00,21.79,21.8,22.42,21.08,21.61,21.82,21.46,21.62,21.42,21.0,0.33,0.0,1.0,1.0,0.068,0.0,0.0,1.0,0.0,1.0,0.812,1.0,36.0,21.0,23.0,1382.57,1454.0,89.04,0.0,0.0,1170.49,0.0,1313.27,1170.18,298.26,29.02,28.96,24.84,36.0,36.0,27.3,36.0,25.66,25.22,22.74,0.047383,0.04943,0.001909,0.0,0.0,0.03219,0.0,0.030392,0.025964,0.005381
2020-01-07 20:45:00,21.79,21.8,22.32,20.92,21.53,22.04,20.98,22.1,21.77,21.13,0.24,0.0,1.0,1.0,0.068,0.0,0.0,1.0,0.0,1.0,0.812,1.0,36.0,21.0,23.0,1379.94,1450.67,89.46,0.0,0.0,1148.72,0.0,1208.15,1100.61,290.86,29.03,28.98,24.79,36.0,36.0,27.46,36.0,26.49,25.86,23.07,0.047383,0.04943,0.001909,0.0,0.0,0.03219,0.0,0.030392,0.025964,0.005381
2020-01-07 21:00:00,21.79,21.8,22.23,20.77,21.47,22.21,20.57,22.42,22.01,21.25,0.16,0.0,1.0,1.0,0.068,0.0,0.0,1.0,0.0,1.0,0.812,1.0,36.0,21.0,23.0,1377.99,1448.12,89.73,0.0,0.0,1130.95,0.0,1140.29,1055.3,285.45,29.04,28.99,24.75,36.0,36.0,27.59,36.0,27.02,26.28,23.31,0.047383,0.04943,0.001909,0.0,0.0,0.03219,0.0,0.030392,0.025964,0.005381
2020-01-07 21:15:00,21.79,21.81,22.71,21.27,21.58,22.33,20.62,22.62,22.12,21.23,0.07,0.0,1.0,1.0,1.0,0.789,0.0,1.0,1.0,1.0,0.65,0.0,36.0,21.0,23.0,1376.27,1445.91,951.79,1000.92,0.0,1116.12,1591.55,1094.79,842.04,0.0,29.05,29.0,27.89,25.76,36.0,27.71,24.62,27.38,26.3,36.0,0.047383,0.04943,0.028075,0.023385,0.0,0.03219,0.033452,0.030392,0.020775,0.0
2020-01-07 21:30:00,21.83,21.85,23.05,21.77,21.79,22.43,21.06,22.78,22.17,21.13,-0.01,0.0,1.0,1.0,1.0,0.789,0.0,1.0,1.0,1.0,0.65,0.0,36.0,21.0,23.0,1373.43,1442.6,972.31,1017.79,0.0,1103.93,1426.76,1063.1,840.92,0.0,29.07,29.02,27.71,25.59,36.0,27.8,25.8,27.63,26.32,36.0,0.047383,0.04943,0.028075,0.023385,0.0,0.03219,0.033452,0.030392,0.020775,0.0
2020-01-07 21:45:00,21.84,21.87,23.1,21.87,21.88,22.51,21.52,22.91,22.2,21.02,-0.1,0.0,1.0,1.0,1.0,0.789,0.0,1.0,1.0,1.0,0.65,0.0,36.0,21.0,23.0,1371.13,1439.75,977.81,1016.29,0.0,1093.51,1331.81,1039.86,838.43,0.0,29.08,29.03,27.67,25.6,36.0,27.87,26.48,27.81,26.34,36.0,0.047383,0.04943,0.028075,0.023385,0.0,0.03219,0.033452,0.030392,0.020775,0.0
2020-01-07 22:00:00,21.8,21.83,23.06,21.85,21.89,22.58,21.84,23.01,22.24,20.9,-0.18,0.0,1.0,1.0,1.0,0.789,0.0,1.0,1.0,1.0,0.65,0.0,36.0,21.0,23.0,1317.03,1383.23,963.5,1001.74,0.0,1084.89,1272.48,1022.72,835.9,0.0,29.35,29.31,27.79,25.75,36.0,27.94,26.9,27.95,26.37,36.0,0.047383,0.04943,0.028075,0.023385,0.0,0.03219,0.033452,0.030392,0.020775,0.0
2020-01-07 22:15:00,21.79,21.82,22.86,22.03,21.85,22.64,21.63,22.99,22.37,20.94,-0.26,0.0,1.0,1.0,0.736,1.0,0.0,1.0,0.0,0.609,1.0,1.0,36.0,21.0,23.0,1315.91,1381.75,784.64,1186.39,0.0,1077.14,0.0,654.08,1211.89,307.67,29.36,29.31,26.92,26.42,36.0,27.99,36.0,27.54,26.93,22.32,0.047383,0.04943,0.020665,0.029625,0.0,0.03219,0.0,0.018497,0.031957,0.005381
2020-01-07 22:30:00,21.84,21.87,22.8,22.11,21.79,22.7,21.24,22.94,22.53,21.05,-0.34,0.0,1.0,1.0,0.736,1.0,0.0,1.0,0.0,0.609,1.0,1.0,36.0,21.0,23.0,1366.08,1433.47,809.09,1220.86,0.0,1069.77,0.0,676.82,1158.35,296.67,29.1,29.06,26.63,26.14,36.0,28.05,36.0,27.25,27.33,22.81,0.047383,0.04943,0.020665,0.029625,0.0,0.03219,0.0,0.018497,0.031957,0.005381
2020-01-07 22:45:00,21.86,21.89,22.74,22.12,21.78,22.76,20.76,22.89,22.69,21.18,-0.43,0.0,1.0,1.0,0.736,1.0,0.0,1.0,0.0,0.609,1.0,1.0,36.0,21.0,23.0,1364.75,1431.72,820.07,1225.51,0.0,1063.15,0.0,689.61,1125.26,289.36,29.11,29.07,26.51,26.1,36.0,28.1,36.0,27.08,27.58,23.14,0.047383,0.04943,0.020665,0.029625,0.0,0.03219,0.0,0.018497,0.031957,0.005381
2020-01-07 23:00:00,21.86,21.89,22.73,22.16,21.77,22.81,20.35,22.85,22.8,21.3,-0.52,0.0,1.0,1.0,0.736,1.0,0.0,1.0,0.0,0.609,1.0,1.0,36.0,21.0,23.0,1363.29,1429.93,816.35,1209.55,0.0,1057.31,0.0,697.45,1102.64,284.05,29.12,29.08,26.55,26.23,36.0,28.14,36.0,26.98,27.75,23.37,0.047383,0.04943,0.020665,0.029625,0.0,0.03219,0.0,0.018497,0.031957,0.005381
2020-01-07 23:15:00,21.86,21.9,22.87,21.63,21.76,22.85,20.43,22.93,22.88,21.28,-0.61,0.0,1.0,1.0,1.0,0.3,0.0,1.0,1.0,1.0,1.0,0.0,36.0,21.0,23.0,1361.75,1428.09,1013.87,458.07,0.0,1052.07,1613.12,1082.48,1086.25,0.0,29.12,29.09,27.36,23.68,36.0,28.18,24.46,27.48,27.87,36.0,0.047383,0.04943,0.028075,0.008896,0.0,0.03219,0.033452,0.030392,0.031957,0.0
2020-01-07 23:30:00,21.86,21.9,22.95,21.28,21.73,22.9,20.89,23.08,22.96,21.18,-0.7,0.0,1.0,1.0,1.0,0.3,0.0,1.0,1.0,1.0,1.0,0.0,36.0,21.0,23.0,1360.66,1426.68,1010.17,453.43,0.0,1047.3,1444.98,1037.47,1073.9,0.0,29.13,29.1,27.39,23.81,36.0,28.22,25.67,27.83,27.96,36.0,0.047383,0.04943,0.028075,0.008896,0.0,0.03219,0.033452,0.030392,0.031957,0.0
2020-01-07 23:45:00,21.85,21.89,22.95,21.24,21.71,22.96,21.37,23.2,23.02,21.07,-0.79,0.0,1.0,1.0,1.0,0.3,0.0,1.0,1.0,1.0,1.0,0.0,36.0,21.0,23.0,1360.18,1425.95,1003.86,450.51,0.0,1042.62,1347.62,1010.34,1063.94,0.0,29.13,29.1,27.45,23.88,36.0,28.25,26.36,28.05,28.04,36.0,0.047383,0.04943,0.028075,0.008896,0.0,0.03219,0.033452,0.030392,0.031957,0.0
2020-01-08 00:00:00,21.81,21.85,22.95,21.25,21.7,23.02,21.71,23.31,23.09,20.95,-0.85,0.0,1.0,1.0,1.0,0.3,0.0,1.0,1.0,1.0,1.0,0.0,36.0,21.0,23.0,1307.49,1371.11,973.69,444.0,0.0,1038.29,1286.63,992.66,1055.98,0.0,29.4,29.36,27.7,24.06,36.0,28.28,26.8,28.19,28.09,36.0,0.047383,0.04943,0.028075,0.008896,0.0,0.03219,0.033452,0.030392,0.031957,0.0
2020-01-08 00:15:00,21.84,21.88,22.98,21.79,21.75,23.02,21.54,23.13,23.02,20.98,-0.92,0.0,1.0,1.0,1.0,1.0,0.0,0.889,0.0,0.0,0.513,1.0,36.0,21.0,23.0,1357.27,1422.47,991.71,1148.14,0.0,936.01,0.0,0.0,582.02,306.46,29.15,29.12,27.55,26.73,36.0,28.17,36.0,36.0,27.5,22.37,0.047383,0.04943,0.028075,0.029625,0.0,0.028605,0.0,0.0,0.016379,0.005381
2020-01-08 00:30:00,21.88,21.92,23.05,22.26,21.84,22.98,21.12,22.73,22.87,21.09,-0.98,0.0,1.0,1.0,1.0,1.0,0.0,0.889,0.0,0.0,0.513,1.0,36.0,21.0,23.0,1356.27,1421.14,985.23,1137.31,0.0,944.9,0.0,0.0,612.32,295.57,29.15,29.12,27.6,26.82,36.0,28.1,36.0,36.0,27.06,22.86,0.047383,0.04943,0.028075,0.029625,0.0,0.028605,0.0,0.0,0.016379,0.005381
2020-01-08 00:45:00,21.89,21.93,23.1,22.38,21.9,22.9,20.64,22.36,22.73,21.23,-1.04,0.0,1.0,1.0,1.0,1.0,0.0,0.889,0.0,0.0,0.513,1.0,36.0,21.0,23.0,1354.6,1419.13,979.68,1124.7,0.0,949.94,0.0,0.0,631.69,288.35,29.16,29.13,27.65,26.92,36.0,28.06,36.0,36.0,26.77,23.18,0.047383,0.04943,0.028075,0.029625,0.0,0.028605,0.0,0.0,0.016379,0.005381
2020-01-08 01:00:00,21.89,21.94,23.13,22.45,21.93,22.81,20.22,22.08,22.61,21.34,-1.11,0.0,1.0,1.0,1.0,1.0,0.0,0.889,0.0,0.0,0.513,1.0,36.0,21.0,23.0,1353.68,1417.95,974.74,1117.3,0.0,953.93,0.0,0.0,645.19,283.11,29.17,29.14,27.69,26.98,36.0,28.02,36.0,36.0,26.58,23.41,0.047383,0.04943,0.028075,0.029625,0.0,0.028605,0.0,0.0,0.016379,0.005381
2020-01-08 01:15:00,21.84,21.89,22.92,22.48,21.95,22.76,20.33,22.15,22.66,21.31,-1.18,0.0,1.0,1.0,0.683,1.0,0.0,1.0,1.0,1.0,1.0,0.0,36.0,21.0,23.0,1301.53,1363.77,720.85,1084.27,0.0,1057.25,1629.19,1307.4,1180.45,0.0,29.43,29.4,27.0,27.24,36.0,28.14,24.35,25.71,27.16,36.0,0.047383,0.04943,0.019166,0.029625,0.0,0.03219,0.033452,0.030392,0.031957,0.0
2020-01-08 01:30:00,21.87,21.92,22.89,22.53,21.88,22.86,20.76,22.42,22.79,21.22,-1.25,0.0,1.0,1.0,0.683,1.0,0.0,1.0,1.0,1.0,1.0,0.0,36.0,21.0,23.0,1352.34,1416.29,730.61,1104.48,0.0,1045.76,1458.5,1179.33,1125.18,0.0,29.17,29.15,26.88,27.08,36.0,28.23,25.57,26.72,27.58,36.0,0.047383,0.04943,0.019166,0.029625,0.0,0.03219,0.033452,0.030392,0.031957,0.0
2020-01-08 01:45:00,21.87,21.92,22.87,22.57,21.88,22.97,21.25,22.72,22.94,21.1,-1.32,0.0,1.0,1.0,0.683,1.0,0.0,1.0,1.0,1.0,1.0,0.0,36.0,21.0,23.0,1352.88,1416.58,729.38,1099.26,0.0,1037.02,1359.85,1107.15,1093.15,0.0,29.17,29.14,26.9,27.12,36.0,28.29,26.27,27.29,27.82,36.0,0.047383,0.04943,0.019166,0.029625,0.0,0.03219,0.033452,0.030392,0.031957,0.0
2020-01-08 02:00:00,21.81,21.87,22.86,22.58,21.89,23.05,21.59,22.93,23.04,20.99,-1.39,0.0,1.0,1.0,0.683,1.0,0.0,1.0,1.0,1.0,1.0,0.0,36.0,21.0,23.0,1300.84,1362.49,715.93,1067.57,0.0,1030.5,1297.76,1062.8,1072.92,0.0,29.43,29.41,27.06,27.38,36.0,28.34,26.72,27.63,27.97,36.0,0.047383,0.04943,0.019166,0.029625,0.0,0.03219,0.033452,0.030392,0.031957,0.0
2020-01-08 02:15:00,21.84,21.89,22.31,22.61,21.8,23.06,21.75,22.86,23.03,21.01,-1.46,0.0,1.0,1.0,0.0,1.0,0.0,0.883,1.0,0.29,0.713,1.0,36.0,21.0,23.0,1351.82,1415.25,0.0,1088.39,0.0,923.09,1253.46,337.48,789.99,305.66,29.17,29.15,36.0,27.21,36.0,28.23,27.04,26.84,27.7,22.41,0.047383,0.04943,0.0,0.029625,0.0,0.028415,0.033452,0.008817,0.022772,0.005381
2020-01-08 02:30:00,21.78,21.84,21.93,22.57,21.71,23.03,21.95,22.62,22.95,21.14,-1.53,0.0,1.0,1.0,0.0,1.0,0.0,0.883,1.0,0.29,0.713,1.0,36.0,21.0,23.0,1301.59,1363.1,0.0,1059.75,0.0,932.2,1224.31,360.43,808.52,294.91,29.43,29.4,36.0,27.44,36.0,28.15,27.24,26.22,27.51,22.89,0.047383,0.04943,0.0,0.029625,0.0,0.028415,0.033452,0.008817,0.022772,0.005381
2020-01-08 02:45:00,21.77,21.81,21.77,22.57,21.62,22.98,22.07,22.43,22.89,21.27,-1.6,0.0,1.0,1.0,0.0,1.0,0.0,0.883,1.0,0.29,0.713,1.0,36.0,21.0,23.0,1301.57,1363.56,0.0,1057.35,0.0,937.29,1201.99,376.04,819.74,287.77,29.43,29.4,36.0,27.46,36.0,28.11,27.4,25.8,27.39,23.21,0.047383,0.04943,0.0,0.029625,0.0,0.028415,0.033452,0.008817,0.022772,0.005381
2020-01-08 03:00:00,21.76,21.8,21.61,22.56,21.61,22.93,22.19,22.3,22.86,21.37,-1.64,0.0,1.0,1.0,0.0,1.0,0.0,0.883,1.0,0.29,0.713,1.0,36.0,21.0,23.0,1301.77,1364.32,0.0,1054.58,0.0,940.7,1184.59,387.39,827.03,282.57,29.43,29.4,36.0,27.48,36.0,28.08,27.53,25.49,27.31,23.44,0.047383,0.04943,0.0,0.029625,0.0,0.028415,0.033452,0.008817,0.022772,0.005381
2020-01-08 03:15:00,21.75,21.8,21.47,22.58,21.58,22.91,22.29,22.11,22.92,21.34,-1.68,0.0,1.0,1.0,0.0,1.0,0.0,1.0,1.0,0.0,1.0,0.0,36.0,21.0,23.0,1302.2,1364.28,0.0,1052.23,0.0,1047.96,1170.08,0.0,1114.9,0.0,29.43,29.4,36.0,27.5,36.0,28.21,27.63,36.0,27.65,36.0,0.047383,0.04943,0.0,0.029625,0.0,0.03219,0.033452,0.0,0.031957,0.0
2020-01-08 03:30:00,21.75,21.8,21.32,22.59,21.58,22.9,22.39,21.89,23.04,21.22,-1.72,0.0,1.0,1.0,0.0,1.0,0.0,1.0,1.0,0.0,1.0,0.0,36.0,21.0,23.0,1302.31,1363.78,0.0,1049.12,0.0,1035.95,1157.58,0.0,1082.3,0.0,29.42,29.4,36.0,27.53,36.0,28.3,27.72,36.0,27.9,36.0,0.047383,0.04943,0.0,0.029625,0.0,0.03219,0.033452,0.0,0.031957,0.0
2020-01-08 03:45:00,21.75,21.8,21.2,22.61,21.55,22.87,22.48,21.72,23.12,21.11,-1.76,0.0,1.0,1.0,0.0,1.0,0.0,1.0,1.0,0.0,1.0,0.0,36.0,21.0,23.0,1301.99,1363.35,0.0,1046.4,0.0,1029.4,1146.58,0.0,1062.25,0.0,29.43,29.4,36.0,27.55,36.0,28.35,27.8,36.0,28.05,36.0,0.047383,0.04943,0.0,0.029625,0.0,0.03219,0.033452,0.0,0.031957,0.0
2020-01-08 04:00:00,21.75,21.8,21.07,22.61,21.53,22.84,22.56,21.57,23.17,21.01,-1.78,0.0,1.0,1.0,0.0,1.0,0.0,1.0,1.0,0.0,1.0,0.0,36.0,21.0,23.0,1301.56,1362.79,0.0,1043.43,0.0,1025.79,1136.8,0.0,1048.99,0.0,29.43,29.4,36.0,27.57,36.0,28.38,27.87,36.0,28.15,36.0,0.047383,0.04943,0.0,0.029625,0.0,0.03219,0.033452,0.0,0.031957,0.0
2020-01-08 04:15:00,21.78,21.83,21.31,21.87,21.42,22.79,22.62,21.48,22.96,21.03,-1.81,0.0,1.0,1.0,0.383,0.0,0.0,1.0,1.0,0.0,0.0,1.0,36.0,21.0,23.0,1352.45,1415.52,517.31,0.0,0.0,1024.36,1127.65,0.0,0.0,305.17,29.17,29.15,24.49,36.0,36.0,28.39,27.94,36.0,36.0,22.43,0.047383,0.04943,0.010753,0.0,0.0,0.03219,0.033452,0.0,0.0,0.005381
2020-01-08 04:30:00,21.77,21.82,21.47,21.38,21.3,22.71,22.69,21.33,22.52,21.14,-1.83,0.0,1.0,1.0,0.383,0.0,0.0,1.0,1.0,0.0,0.0,1.0,36.0,21.0,23.0,1354.16,1417.22,523.95,0.0,0.0,1023.94,1119.96,0.0,0.0,294.4,29.16,29.14,24.34,36.0,36.0,28.39,27.99,36.0,36.0,22.91,0.047383,0.04943,0.010753,0.0,0.0,0.03219,0.033452,0.0,0.0,0.005381
2020-01-08 04:45:00,21.75,21.81,21.45,21.22,21.27,22.61,22.76,21.2,22.1,21.27,-1.86,0.0,1.0,1.0,0.383,0.0,0.0,1.0,1.0,0.0,0.0,1.0,36.0,21.0,23.0,1355.25,1418.29,526.53,0.0,0.0,1024.73,1112.77,0.0,0.0,287.27,29.16,29.14,24.29,36.0,36.0,28.38,28.04,36.0,36.0,23.23,0.047383,0.04943,0.010753,0.0,0.0,0.03219,0.033452,0.0,0.0,0.005381
2020-01-08 05:00:00,21.7,21.75,21.39,21.09,21.25,22.51,22.82,21.04,21.75,21.39,-1.89,0.0,1.0,1.0,0.383,0.0,0.0,1.0,1.0,0.0,0.0,1.0,36.0,21.0,23.0,1304.62,1365.9,526.27,0.0,0.0,1026.27,1106.59,0.0,0.0,282.2,29.41,29.39,24.29,36.0,36.0,28.37,28.09,36.0,36.0,23.45,0.047383,0.04943,0.010753,0.0,0.0,0.03219,0.033452,0.0,0.0,0.005381
2020-01-08 05:15:00,21.73,21.78,20.89,21.37,21.19,22.39,22.87,21.09,21.56,21.36,-1.93,0.0,1.0,1.0,0.0,0.339,0.0,1.0,1.0,0.548,0.0,0.0,36.0,21.0,23.0,1356.28,1419.44,0.0,463.04,0.0,1028.46,1100.51,900.56,0.0,0.0,29.15,29.13,36.0,24.96,36.0,28.36,28.13,23.08,36.0,36.0,0.047383,0.04943,0.0,0.01003,0.0,0.03219,0.033452,0.01667,0.0,0.0
2020-01-08 05:30:00,21.68,21.73,20.6,21.54,21.16,22.36,22.92,21.25,21.33,21.24,-1.96,0.0,1.0,1.0,0.0,0.339,0.0,1.0,1.0,0.548,0.0,0.0,36.0,21.0,23.0,1307.17,1368.49,0.0,462.89,0.0,1030.41,1095.24,842.41,0.0,0.0,29.4,29.38,36.0,24.96,36.0,28.34,28.17,23.91,36.0,36.0,0.047383,0.04943,0.0,0.01003,0.0,0.03219,0.033452,0.01667,0.0,0.0
2020-01-08 05:45:00,21.65,21.71,20.5,21.52,21.11,22.36,22.97,21.39,21.18,21.12,-2.0,0.0,1.0,1.0,0.0,0.339,0.0,1.0,1.0,0.548,0.0,0.0,36.0,21.0,23.0,1308.12,1369.4,0.0,461.47,0.0,1031.88,1090.25,806.17,0.0,0.0,29.4,29.37,36.0,24.99,36.0,28.33,28.2,24.43,36.0,36.0,0.047383,0.04943,0.0,0.01003,0.0,0.03219,0.033452,0.01667,0.0,0.0
2020-01-08 06:00:00,21.64,21.69,20.39,21.48,21.08,22.35,23.01,21.49,21.05,21.02,-2.01,0.0,1.0,1.0,0.0,0.339,0.0,1.0,1.0,0.548,0.0,0.0,36.0,21.0,23.0,1309.5,1370.77,0.0,465.56,0.0,1032.58,1085.62,781.97,0.0,0.0,29.39,29.37,36.0,24.9,36.0,28.33,28.24,24.78,36.0,36.0,0.047383,0.04943,0.0,0.01003,0.0,0.03219,0.033452,0.01667,0.0,0.0
2020-01-08 06:15:00,21.67,21.72,21.05,21.06,21.09,22.33,22.94,21.39,21.09,21.01,-2.03,0.0,1.0,1.0,1.0,0.0,0.0,1.0,0.573,0.0,0.516,0.709,36.0,21.0,23.0,1360.93,1424.06,1158.42,0.0,0.0,1033.4,665.83,0.0,871.04,219.72,29.13,29.11,26.13,36.0,36.0,28.32,27.69,36.0,23.37,22.22,0.047383,0.04943,0.028075,0.0,0.0,0.03219,0.019165,0.0,0.0165,0.003814
2020-01-08 06:30:00,21.69,21.74,21.7,20.78,21.14,22.32,22.78,21.19,21.23,21.06,-2.05,0.0,1.0,1.0,1.0,0.0,0.0,1.0,0.573,0.0,0.516,0.709,36.0,21.0,23.0,1361.37,1424.44,1178.46,0.0,0.0,1034.04,698.09,0.0,822.94,214.85,29.13,29.11,25.96,36.0,36.0,28.32,27.29,36.0,24.07,22.52,0.047383,0.04943,0.028075,0.0,0.0,0.03219,0.019165,0.0,0.0165,0.003814
2020-01-08 06:45:00,21.66,21.71,21.76,20.67,21.17,22.31,22.63,20.99,21.38,21.14,-2.07,0.0,1.0,1.0,1.0,0.0,0.0,1.0,0.573,0.0,0.516,0.709,36.0,21.0,23.0,1309.97,1371.17,1142.56,0.0,0.0,1034.56,718.18,0.0,794.27,211.71,29.39,29.36,26.26,36.0,36.0,28.31,27.04,36.0,24.48,22.72,0.047383,0.04943,0.028075,0.0,0.0,0.03219,0.019165,0.0,0.0165,0.003814
2020-01-08 07:00:00,21.64,21.7,21.79,20.57,21.13,22.28,22.53,20.86,21.45,21.2,-2.09,0.0,1.0,1.0,1.0,0.0,0.0,1.0,0.573,0.0,0.516,0.709,36.0,21.0,23.0,1310.02,1371.2,1143.51,0.0,0.0,1034.97,732.47,0.0,775.26,209.43,29.39,29.36,26.26,36.0,36.0,28.31,26.86,36.0,24.76,22.86,0.047383,0.04943,0.028075,0.0,0.0,0.03219,0.019165,0.0,0.0165,0.003814
2020-01-08 07:15:00,21.67,21.72,20.91,21.23,21.1,22.28,22.58,21.01,21.34,21.26,-2.11,0.0,1.0,1.0,0.0,1.0,0.0,1.0,1.0,1.0,0.0,1.0,36.0,21.0,23.0,1361.43,1424.47,0.0,1156.0,0.0,1035.79,1206.56,1514.2,0.0,288.23,29.13,29.11,36.0,26.66,36.0,28.3,27.37,24.08,36.0,23.19,0.047383,0.04943,0.0,0.029625,0.0,0.03219,0.033452,0.030392,0.0,0.005381
2020-01-08 07:30:00,21.67,21.72,20.37,21.83,21.08,22.3,22.73,21.38,21.12,21.37,-2.14,0.0,1.0,1.0,0.0,1.0,0.0,1.0,1.0,1.0,0.0,1.0,36.0,21.0,23.0,1362.55,1425.65,0.0,1177.66,0.0,1036.05,1156.03,1343.21,0.0,282.65,29.12,29.1,36.0,26.49,36.0,28.3,27.73,25.43,36.0,23.43,0.047383,0.04943,0.0,0.029625,0.0,0.03219,0.033452,0.030392,0.0,0.005381
2020-01-08 07:45:00,21.67,21.72,20.26,21.92,21.09,22.34,22.87,21.7,20.96,21.46,-2.16,0.0,1.0,1.0,0.0,1.0,0.0,1.0,1.0,1.0,0.0,1.0,36.0,21.0,23.0,1361.73,1424.83,0.0,1161.34,0.0,1035.45,1126.63,1244.17,0.0,278.56,29.12,29.1,36.0,26.62,36.0,28.3,27.94,26.21,36.0,23.62,0.047383,0.04943,0.0,0.029625,0.0,0.03219,0.033452,0.030392,0.0,0.005381
2020-01-08 08:00:00,21.63,21.68,20.18,21.95,21.08,22.35,22.96,21.95,20.81,21.56,-2.11,0.0,1.0,1.0,0.0,1.0,0.0,1.0,1.0,1.0,0.0,1.0,36.0,21.0,23.0,1309.5,1370.78,0.0,1125.99,0.0,1034.76,1108.22,1182.41,0.0,275.42,29.39,29.37,36.0,26.91,36.0,28.31,28.07,26.69,36.0,23.76,0.047383,0.04943,0.0,0.029625,0.0,0.03219,0.033452,0.030392,0.0,0.005381
2020-01-08 08:15:00,21.67,21.71,20.78,21.19,21.05,22.18,22.95,21.81,20.94,21.52,-2.06,5.6,1.0,1.0,1.0,0.0,0.0,0.0,0.701,0.0,1.0,0.0,36.0,21.0,23.0,1357.57,1421.39,1189.89,0.0,0.0,0.0,806.78,0.0,1596.33,0.0,29.15,29.12,25.86,36.0,36.0,36.0,27.77,36.0,24.05,36.0,0.047383,0.04943,0.028075,0.0,0.0,0.0,0.023453,0.0,0.031957,0.0
2020-01-08 08:30:00,21.69,21.74,21.48,20.68,21.06,21.88,22.89,21.45,21.24,21.41,-2.01,80.0,1.0,1.0,1.0,0.0,0.0,0.0,0.701,0.0,1.0,0.0,36.0,21.0,23.0,1355.07,1420.19,1211.54,0.0,0.0,0.0,828.06,0.0,1418.2,0.0,29.16,29.13,25.68,36.0,36.0,36.0,27.55,36.0,25.38,36.0,0.047383,0.04943,0.028075,0.0,0.0,0.0,0.023453,0.0,0.031957,0.0
2020-01-08 08:45:00,21.72,21.76,21.6,20.62,21.09,21.63,22.84,21.11,21.51,21.28,-1.96,154.4,1.0,1.0,1.0,0.0,0.0,0.0,0.701,0.0,1.0,0.0,36.0,21.0,23.0,1350.67,1417.05,1199.54,0.0,0.0,0.0,840.01,0.0,1315.44,0.0,29.18,29.14,25.78,36.0,36.0,36.0,27.43,36.0,26.15,36.0,0.047383,0.04943,0.028075,0.0,0.0,0.0,0.023453,0.0,0.031957,0.0
2020-01-08 09:00:00,21.73,21.75,21.7,20.61,21.09,21.36,22.82,20.85,21.78,21.16,-1.69,228.8,1.0,1.0,1.0,0.0,0.0,0.0,0.701,0.0,1.0,0.0,36.0,21.0,23.0,1295.54,1361.07,1154.31,0.0,0.0,0.0,846.75,0.0,1250.7,0.0,29.46,29.41,26.16,36.0,36.0,36.0,27.36,36.0,26.64,36.0,0.047383,0.04943,0.028075,0.0,0.0,0.0,0.023453,0.0,0.031957,0.0
2020-01-08 09:15:00,20.74,20.77,21.27,21.36,20.9,21.25,22.61,21.05,21.64,21.09,-1.42,303.1,0.0,0.0,0.0,1.0,0.0,0.0,0.0,0.0,0.0,0.0,36.0,21.0,23.0,0.0,0.0,0.0,1114.9,0.0,0.0,0.0,0.0,0.0,0.0,36.0,36.0,36.0,27.0,36.0,36.0,36.0,36.0,36.0,36.0,0.0,0.0,0.0,0.029625,0.0,0.0,0.0,0.0,0.0,0.0
2020-01-08 09:30:00,20.22,20.24,21.4,21.94,20.79,21.1,22.27,21.56,21.28,20.99,-1.15,327.3,0.0,0.0,0.0,1.0,0.0,0.0,0.0,0.0,0.0,0.0,36.0,21.0,23.0,0.0,0.0,0.0,1122.66,0.0,0.0,0.0,0.0,0.0,0.0,36.0,36.0,36.0,26.93,36.0,36.0,36.0,36.0,36.0,36.0,0.0,0.0,0.0,0.029625,0.0,0.0,0.0,0.0,0.0,0.0
2020-01-08 09:45:00,20.07,20.07,21.92,22.07,20.86,21.03,22.02,21.94,20.96,20.9,-0.88,351.6,0.0,0.0,0.0,1.0,0.0,0.0,0.0,0.0,0.0,0.0,36.0,21.0,23.0,0.0,0.0,0.0,1105.92,0.0,0.0,0.0,0.0,0.0,0.0,36.0,36.0,36.0,27.07,36.0,36.0,36.0,36.0,36.0,36.0,0.0,0.0,0.0,0.029625,0.0,0.0,0.0,0.0,0.0,0.0
2020-01-08 10:00:00,19.94,19.92,22.29,22.18,20.92,21.0,21.69,22.28,20.67,20.81,-0.59,375.8,0.0,0.0,0.0,1.0,0.0,0.0,0.0,0.0,0.0,0.0,36.0,21.0,23.0,0.0,0.0,0.0,1096.02,0.0,0.0,0.0,0.0,0.0,0.0,36.0,36.0,36.0,27.15,36.0,36.0,36.0,36.0,36.0,36.0,0.0,0.0,0.0,0.029625,0.0,0.0,0.0,0.0,0.0,0.0
2020-01-08 10:15:00,20.79,20.77,22.53,21.53,21.14,21.04,21.42,22.54,20.8,20.83,-0.3,400.0,1.0,1.0,0.0,0.0,0.941,0.0,0.0,0.0,1.0,1.0,36.0,21.0,23.0,1446.75,1519.4,0.0,0.0,239.97,0.0,0.0,0.0,1526.41,313.63,28.7,28.65,36.0,36.0,22.17,36.0,36.0,36.0,24.57,22.06,0.047383,0.04943,0.0,0.0,0.004151,0.0,0.0,0.0,0.031957,0.005381
2020-01-08 10:30:00,21.39,21.36,22.87,21.17,21.42,21.12,21.1,22.86,21.26,20.96,-0.01,415.8,1.0,1.0,0.0,0.0,0.941,0.0,0.0,0.0,1.0,1.0,36.0,21.0,23.0,1495.59,1576.26,0.0,0.0,240.05,0.0,0.0,0.0,1364.57,301.2,28.45,28.37,36.0,36.0,22.17,36.0,36.0,36.0,25.78,22.61,0.047383,0.04943,0.0,0.0,0.004151,0.0,0.0,0.0,0.031957,0.005381
2020-01-08 10:45:00,21.49,21.44,23.16,21.14,21.58,21.26,20.83,23.16,21.7,21.1,0.28,431.6,1.0,1.0,0.0,0.0,0.941,0.0,0.0,0.0,1.0,1.0,36.0,21.0,23.0,1498.2,1584.92,0.0,0.0,238.95,0.0,0.0,0.0,1268.02,292.94,28.44,28.33,36.0,36.0,22.23,36.0,36.0,36.0,26.51,22.98,0.047383,0.04943,0.0,0.0,0.004151,0.0,0.0,0.0,0.031957,0.005381
2020-01-08 11:00:00,21.56,21.5,23.4,21.21,21.7,21.42,20.61,23.46,22.03,21.22,0.55,447.3,1.0,1.0,0.0,0.0,0.941,0.0,0.0,0.0,1.0,1.0,36.0,21.0,23.0,1512.79,1601.74,0.0,0.0,238.15,0.0,0.0,0.0,1201.88,286.98,28.36,28.25,36.0,36.0,22.28,36.0,36.0,36.0,27.0,23.24,0.047383,0.04943,0.0,0.0,0.004151,0.0,0.0,0.0,0.031957,0.005381
2020-01-08 11:15:00,20.54,20.48,23.57,21.25,21.5,21.56,20.78,23.73,22.06,21.21,0.83,463.1,0.0,0.0,0.0,0.0,0.0,0.0,1.0,0.0,0.0,0.0,36.0,21.0,23.0,0.0,0.0,0.0,0.0,0.0,0.0,1615.51,0.0,0.0,0.0,36.0,36.0,36.0,36.0,36.0,36.0,24.45,36.0,36.0,36.0,0.0,0.0,0.0,0.0,0.0,0.0,0.033452,0.0,0.0,0.0
2020-01-08 11:30:00,20.12,20.04,23.65,21.27,21.29,21.65,21.33,24.01,21.91,21.11,1.1,473.1,0.0,0.0,0.0,0.0,0.0,0.0,1.0,0.0,0.0,0.0,36.0,21.0,23.0,0.0,0.0,0.0,0.0,0.0,0.0,1424.45,0.0,0.0,0.0,36.0,36.0,36.0,36.0,36.0,36.0,25.81,36.0,36.0,36.0,0.0,0.0,0.0,0.0,0.0,0.0,0.033452,0.0,0.0,0.0
2020-01-08 11:45:00,20.06,19.98,23.81,21.39,21.28,21.71,21.9,24.23,21.77,20.99,1.38,483.1,0.0,0.0,0.0,0.0,0.0,0.0,1.0,0.0,0.0,0.0,36.0,21.0,23.0,0.0,0.0,0.0,0.0,0.0,0.0,1312.17,0.0,0.0,0.0,36.0,36.0,36.0,36.0,36.0,36.0,26.62,36.0,36.0,36.0,0.0,0.0,0.0,0.0,0.0,0.0,0.033452,0.0,0.0,0.0
2020-01-08 12:00:00,20.04,19.95,23.97,21.53,21.33,21.77,22.29,24.41,21.71,20.89,1.58,493.1,0.0,0.0,0.0,0.0,0.0,0.0,1.0,0.0,0.0,0.0,36.0,21.0,23.0,0.0,0.0,0.0,0.0,0.0,0.0,1239.15,0.0,0.0,0.0,36.0,36.0,36.0,36.0,36.0,36.0,27.14,36.0,36.0,36.0,0.0,0.0,0.0,0.0,0.0,0.0,0.033452,0.0,0.0,0.0
2020-01-08 12:15:00,20.95,20.85,24.16,21.69,21.67,21.83,22.22,24.56,21.75,20.9,1.78,503.1,1.0,1.0,0.0,0.0,0.0,0.0,0.0,0.0,0.0,1.0,36.0,21.0,23.0,1417.32,1508.78,0.0,0.0,0.0,0.0,0.0,0.0,0.0,308.4,28.84,28.7,36.0,36.0,36.0,36.0,36.0,36.0,36.0,22.29,0.047383,0.04943,0.0,0.0,0.0,0.0,0.0,0.0,0.0,0.005381
2020-01-08 12:30:00,21.68,21.58,24.58,22.02,22.11,21.91,21.84,24.76,21.91,21.02,1.98,545.9,1.0,1.0,0.0,0.0,0.0,0.0,0.0,0.0,0.0,1.0,36.0,21.0,23.0,1422.43,1515.76,0.0,0.0,0.0,0.0,0.0,0.0,0.0,297.34,28.82,28.66,36.0,36.0,36.0,36.0,36.0,36.0,36.0,22.78,0.047383,0.04943,0.0,0.0,0.0,0.0,0.0,0.0,0.0,0.005381
2020-01-08 12:45:00,21.91,21.8,24.98,22.42,22.39,22.01,21.42,25.0,22.18,21.16,2.17,588.6,1.0,1.0,0.0,0.0,0.0,0.0,0.0,0.0,0.0,1.0,36.0,21.0,23.0,1378.11,1470.91,0.0,0.0,0.0,0.0,0.0,0.0,0.0,289.99,29.04,28.88,36.0,36.0,36.0,36.0,36.0,36.0,36.0,23.11,0.047383,0.04943,0.0,0.0,0.0,0.0,0.0,0.0,0.0,0.005381
2020-01-08 13:00:00,22.07,21.96,25.3,22.92,22.61,22.15,21.07,25.24,22.52,21.27,2.4,631.4,1.0,1.0,0.0,0.0,0.0,0.0,0.0,0.0,0.0,1.0,36.0,21.0,23.0,1361.27,1455.66,0.0,0.0,0.0,0.0,0.0,0.0,0.0,284.66,29.13,28.95,36.0,36.0,36.0,36.0,36.0,36.0,36.0,23.34,0.047383,0.04943,0.0,0.0,0.0,0.0,0.0,0.0,0.0,0.005381
2020-01-08 13:15:00,21.22,21.08,25.5,23.35,22.56,22.32,20.98,25.48,22.89,21.25,2.63,674.2,0.0,0.0,0.0,0.0,0.0,0.0,0.361,0.0,0.0,0.0,36.0,21.0,23.0,0.0,0.0,0.0,0.0,0.0,0.0,616.2,0.0,0.0,0.0,36.0,36.0,36.0,36.0,36.0,36.0,23.78,36.0,36.0,36.0,0.0,0.0,0.0,0.0,0.0,0.0,0.012066,0.0,0.0,0.0
2020-01-08 13:30:00,20.89,20.72,25.52,23.76,22.45,22.49,20.96,25.68,23.41,21.15,2.86,679.7,0.0,0.0,0.0,0.0,0.0,0.0,0.361,0.0,0.0,0.0,36.0,21.0,23.0,0.0,0.0,0.0,0.0,0.0,0.0,600.47,0.0,0.0,0.0,36.0,36.0,36.0,36.0,36.0,36.0,24.09,36.0,36.0,36.0,0.0,0.0,0.0,0.0,0.0,0.0,0.012066,0.0,0.0,0.0
2020-01-08 13:45:00,20.86,20.68,25.58,24.1,22.51,22.65,21.01,25.84,23.85,21.03,3.09,685.1,0.0,0.0,0.0,0.0,0.0,0.0,0.361,0.0,0.0,0.0,36.0,21.0,23.0,0.0,0.0,0.0,0.0,0.0,0.0,591.99,0.0,0.0,0.0,36.0,36.0,36.0,36.0,36.0,36.0,24.26,36.0,36.0,36.0,0.0,0.0,0.0,0.0,0.0,0.0,0.012066,0.0,0.0,0.0
2020-01-08 14:00:00,20.87,20.69,25.69,24.48,22.6,22.81,21.07,26.0,24.31,20.93,3.2,690.6,0.0,0.0,0.0,0.0,0.0,0.0,0.361,0.0,0.0,0.0,36.0,21.0,23.0,0.0,0.0,0.0,0.0,0.0,0.0,586.7,0.0,0.0,0.0,36.0,36.0,36.0,36.0,36.0,36.0,24.37,36.0,36.0,36.0,0.0,0.0,0.0,0.0,0.0,0.0,0.012066,0.0,0.0,0.0
2020-01-08 14:15:00,21.4,21.49,25.82,24.86,22.88,22.99,21.08,26.14,24.75,20.94,3.32,696.1,0.429,0.805,0.0,0.0,0.0,0.0,0.219,0.0,0.0,1.0,36.0,21.0,23.0,753.77,1248.18,0.0,0.0,0.0,0.0,363.84,0.0,0.0,307.19,27.14,28.5,36.0,36.0,36.0,36.0,24.13,36.0,36.0,22.34,0.020351,0.03979,0.0,0.0,0.0,0.0,0.007333,0.0,0.0,0.005381
2020-01-08 14:30:00,21.76,22.05,25.94,25.27,23.22,23.16,21.04,26.22,25.19,21.05,3.43,661.0,0.429,0.805,0.0,0.0,0.0,0.0,0.219,0.0,0.0,1.0,36.0,21.0,23.0,756.61,1258.87,0.0,0.0,0.0,0.0,369.88,0.0,0.0,296.3,27.11,28.43,36.0,36.0,36.0,36.0,23.93,36.0,36.0,22.83,0.020351,0.03979,0.0,0.0,0.0,0.0,0.007333,0.0,0.0,0.005381
2020-01-08 14:45:00,21.9,22.23,25.98,25.61,23.4,23.3,21.0,26.25,25.58,21.18,3.55,625.8,0.429,0.805,0.0,0.0,0.0,0.0,0.219,0.0,0.0,1.0,36.0,21.0,23.0,755.57,1241.94,0.0,0.0,0.0,0.0,374.14,0.0,0.0,289.09,27.12,28.53,36.0,36.0,36.0,36.0,23.79,36.0,36.0,23.15,0.020351,0.03979,0.0,0.0,0.0,0.0,0.007333,0.0,0.0,0.005381
2020-01-08 15:00:00,21.96,22.34,25.91,25.87,23.5,23.4,20.95,26.18,25.88,21.29,3.5,590.7,0.429,0.805,0.0,0.0,0.0,0.0,0.219,0.0,0.0,1.0,36.0,21.0,23.0,758.29,1235.33,0.0,0.0,0.0,0.0,377.46,0.0,0.0,283.87,27.09,28.57,36.0,36.0,36.0,36.0,23.69,36.0,36.0,23.38,0.020351,0.03979,0.0,0.0,0.0,0.0,0.007333,0.0,0.0,0.005381
2020-01-08 15:15:00,21.48,21.58,25.79,26.01,23.38,23.46,21.04,26.1,26.1,21.28,3.45,555.6,0.0,0.0,0.0,0.0,0.0,0.0,0.593,0.0,0.0,0.0,36.0,21.0,23.0,0.0,0.0,0.0,0.0,0.0,0.0,960.84,0.0,0.0,0.0,36.0,36.0,36.0,36.0,36.0,36.0,24.41,36.0,36.0,36.0,0.0,0.0,0.0,0.0,0.0,0.0,0.019834,0.0,0.0,0.0
2020-01-08 15:30:00,21.19,21.24,25.43,25.77,23.15,23.46,21.3,25.88,26.15,21.17,3.4,419.5,0.0,0.0,0.0,0.0,0.0,0.0,0.593,0.0,0.0,0.0,36.0,21.0,23.0,0.0,0.0,0.0,0.0,0.0,0.0,916.53,0.0,0.0,0.0,36.0,36.0,36.0,36.0,36.0,36.0,24.95,36.0,36.0,36.0,0.0,0.0,0.0,0.0,0.0,0.0,0.019834,0.0,0.0,0.0
2020-01-08 15:45:00,21.03,21.09,25.05,25.4,22.94,23.35,21.53,25.55,25.98,21.05,3.35,283.5,0.0,0.0,0.0,0.0,0.0,0.0,0.593,0.0,0.0,0.0,36.0,21.0,23.0,0.0,0.0,0.0,0.0,0.0,0.0,888.48,0.0,0.0,0.0,36.0,36.0,36.0,36.0,36.0,36.0,25.28,36.0,36.0,36.0,0.0,0.0,0.0,0.0,0.0,0.0,0.019834,0.0,0.0,0.0
2020-01-08 16:00:00,20.82,20.89,24.67,24.88,22.7,23.11,21.63,25.14,25.56,20.95,3.1,147.4,0.0,0.0,0.0,0.0,0.0,0.0,0.593,0.0,0.0,0.0,36.0,21.0,23.0,0.0,0.0,0.0,0.0,0.0,0.0,869.99,0.0,0.0,0.0,36.0,36.0,36.0,36.0,36.0,36.0,25.51,36.0,36.0,36.0,0.0,0.0,0.0,0.0,0.0,0.0,0.019834,0.0,0.0,0.0
2020-01-08 16:15:00,21.28,21.4,24.26,24.15,22.51,22.71,21.46,24.61,24.82,20.95,2.85,11.4,0.67,0.701,0.0,0.0,0.0,0.0,0.0,0.0,0.0,1.0,36.0,21.0,23.0,1103.42,1153.46,0.0,0.0,0.0,0.0,0.0,0.0,0.0,306.7,27.69,28.04,36.0,36.0,36.0,36.0,36.0,36.0,36.0,22.36,0.031766,0.034665,0.0,0.0,0.0,0.0,0.0,0.0,0.0,0.005381
2020-01-08 16:30:00,21.54,21.67,24.01,23.8,22.51,22.34,21.07,24.13,24.2,21.07,2.6,8.5,0.67,0.701,0.0,0.0,0.0,0.0,0.0,0.0,0.0,1.0,36.0,21.0,23.0,1121.72,1175.11,0.0,0.0,0.0,0.0,0.0,0.0,0.0,295.88,27.55,27.89,36.0,36.0,36.0,36.0,36.0,36.0,36.0,22.85,0.031766,0.034665,0.0,0.0,0.0,0.0,0.0,0.0,0.0,0.005381
2020-01-08 16:45:00,21.51,21.65,23.78,23.54,22.42,21.99,20.62,23.69,23.68,21.2,2.36,0.0,0.67,0.701,0.0,0.0,0.0,0.0,0.0,0.0,0.0,1.0,36.0,21.0,23.0,1117.45,1172.34,0.0,0.0,0.0,0.0,0.0,0.0,0.0,288.73,27.58,27.91,36.0,36.0,36.0,36.0,36.0,36.0,36.0,23.16,0.031766,0.034665,0.0,0.0,0.0,0.0,0.0,0.0,0.0,0.005381
2020-01-08 17:00:00,21.48,21.62,23.54,23.27,22.29,21.67,20.26,23.3,23.23,21.3,2.25,0.0,0.67,0.701,0.0,0.0,0.0,0.0,0.0,0.0,0.0,1.0,36.0,21.0,23.0,1115.66,1173.3,0.0,0.0,0.0,0.0,0.0,0.0,0.0,283.56,27.6,27.9,36.0,36.0,36.0,36.0,36.0,36.0,36.0,23.39,0.031766,0.034665,0.0,0.0,0.0,0.0,0.0,0.0,0.0,0.005381
2020-01-08 17:15:00,20.66,21.79,23.32,23.03,22.06,21.39,20.36,22.98,22.87,21.28,2.14,0.0,0.0,1.0,0.0,0.0,0.0,0.0,1.0,0.0,0.0,0.0,36.0,21.0,23.0,0.0,1464.02,0.0,0.0,0.0,0.0,1651.91,0.0,0.0,0.0,36.0,28.91,36.0,36.0,36.0,36.0,24.19,36.0,36.0,36.0,0.0,0.04943,0.0,0.0,0.0,0.0,0.033452,0.0,0.0,0.0
2020-01-08 17:30:00,20.28,21.88,23.04,22.73,21.81,21.13,20.87,22.64,22.49,21.17,2.04,0.0,0.0,1.0,0.0,0.0,0.0,0.0,1.0,0.0,0.0,0.0,36.0,21.0,23.0,0.0,1467.97,0.0,0.0,0.0,0.0,1469.96,0.0,0.0,0.0,36.0,28.9,36.0,36.0,36.0,36.0,25.49,36.0,36.0,36.0,0.0,0.04943,0.0,0.0,0.0,0.0,0.033452,0.0,0.0,0.0
2020-01-08 17:45:00,20.12,21.89,22.79,22.47,21.64,20.89,21.39,22.34,22.16,21.05,1.93,0.0,0.0,1.0,0.0,0.0,0.0,0.0,1.0,0.0,0.0,0.0,36.0,21.0,23.0,0.0,1465.55,0.0,0.0,0.0,0.0,1363.81,0.0,0.0,0.0,36.0,28.91,36.0,36.0,36.0,36.0,26.25,36.0,36.0,36.0,0.0,0.04943,0.0,0.0,0.0,0.0,0.033452,0.0,0.0,0.0
2020-01-08 18:00:00,19.97,21.83,22.55,22.22,21.57,20.72,21.76,22.06,21.86,20.94,1.84,0.0,0.0,1.0,0.0,0.0,0.0,0.0,1.0,0.0,0.0,0.0,36.0,21.0,23.0,0.0,1409.6,0.0,0.0,0.0,0.0,1296.7,0.0,0.0,0.0,36.0,29.18,36.0,36.0,36.0,36.0,26.73,36.0,36.0,36.0,0.0,0.04943,0.0,0.0,0.0,0.0,0.033452,0.0,0.0,0.0
2020-01-08 18:15:00,20.78,21.9,23.01,22.1,21.68,20.71,21.81,22.12,21.91,20.96,1.74,0.0,1.0,1.0,1.0,0.0,1.0,1.0,0.56,1.0,1.0,1.0,36.0,21.0,23.0,1462.28,1457.83,947.25,0.0,240.16,1763.55,753.59,1292.03,1381.83,306.54,28.62,28.94,27.93,36.0,22.98,22.89,26.38,25.83,25.66,22.37,0.047383,0.04943,0.028075,0.0,0.004411,0.03219,0.018741,0.030392,0.031957,0.005381
2020-01-08 18:30:00,21.36,21.99,23.38,21.99,21.99,21.1,21.79,22.4,22.18,21.07,1.64,0.0,1.0,1.0,1.0,0.0,1.0,1.0,0.56,1.0,1.0,1.0,36.0,21.0,23.0,1511.87,1451.31,970.41,0.0,241.1,1527.95,774.24,1155.35,1240.58,295.76,28.37,28.98,27.73,36.0,22.92,24.64,26.12,26.91,26.71,22.85,0.047383,0.04943,0.028075,0.0,0.004411,0.03219,0.018741,0.030392,0.031957,0.005381
2020-01-08 18:45:00,21.43,22.04,23.45,21.85,22.1,21.55,21.75,22.75,22.53,21.2,1.54,0.0,1.0,1.0,1.0,0.0,1.0,1.0,0.56,1.0,1.0,1.0,36.0,21.0,23.0,1515.81,1443.31,973.51,0.0,240.15,1390.69,784.91,1078.0,1161.09,288.64,28.35,29.01,27.7,36.0,22.98,25.66,25.98,27.51,27.31,23.17,0.047383,0.04943,0.028075,0.0,0.004411,0.03219,0.018741,0.030392,0.031957,0.005381
2020-01-08 19:00:00,21.38,22.02,23.4,21.69,22.12,21.87,21.73,22.99,22.77,21.31,1.44,0.0,1.0,1.0,1.0,0.0,1.0,1.0,0.56,1.0,1.0,1.0,36.0,21.0,23.0,1474.03,1382.88,956.87,0.0,238.46,1304.36,790.74,1030.68,1112.66,283.56,28.56,29.31,27.85,36.0,23.07,26.31,25.91,27.89,27.67,23.39,0.047383,0.04943,0.028075,0.0,0.004411,0.03219,0.018741,0.030392,0.031957,0.005381
2020-01-08 19:15:00,21.38,22.07,22.64,21.56,21.83,22.03,21.53,22.94,22.7,21.38,1.33,0.0,1.0,1.0,0.0,0.0,0.0,1.0,0.0,0.0,0.0,1.0,36.0,21.0,23.0,1551.39,1430.65,0.0,0.0,0.0,1244.4,0.0,0.0,0.0,279.6,28.17,29.08,36.0,36.0,36.0,26.75,36.0,36.0,36.0,23.57,0.047383,0.04943,0.0,0.0,0.0,0.03219,0.0,0.0,0.0,0.005381
2020-01-08 19:30:00,21.31,22.07,22.21,21.35,21.64,22.1,21.13,22.69,22.42,21.47,1.23,0.0,1.0,1.0,0.0,0.0,0.0,1.0,0.0,0.0,0.0,1.0,36.0,21.0,23.0,1572.63,1426.91,0.0,0.0,0.0,1204.16,0.0,0.0,0.0,276.55,28.06,29.09,36.0,36.0,36.0,27.05,36.0,36.0,36.0,23.7,0.047383,0.04943,0.0,0.0,0.0,0.03219,0.0,0.0,0.0,0.005381
2020-01-08 19:45:00,21.27,22.05,22.0,21.2,21.53,22.09,20.69,22.42,22.1,21.55,1.12,0.0,1.0,1.0,0.0,0.0,0.0,1.0,0.0,0.0,0.0,1.0,36.0,21.0,23.0,1593.52,1423.64,0.0,0.0,0.0,1176.74,0.0,0.0,0.0,274.03,27.95,29.11,36.0,36.0,36.0,27.25,36.0,36.0,36.0,23.82,0.047383,0.04943,0.0,0.0,0.0,0.03219,0.0,0.0,0.0,0.005381
2020-01-08 20:00:00,21.28,22.04,21.83,21.05,21.45,22.1,20.33,22.17,21.8,21.62,1.02,0.0,1.0,1.0,0.0,0.0,0.0,1.0,0.0,0.0,0.0,1.0,36.0,21.0,23.0,1570.7,1421.24,0.0,0.0,0.0,1156.73,0.0,0.0,0.0,271.88,28.07,29.12,36.0,36.0,36.0,27.4,36.0,36.0,36.0,23.91,0.047383,0.04943,0.0,0.0,0.0,0.03219,0.0,0.0,0.0,0.005381
2020-01-08 20:15:00,21.32,22.03,22.34,21.2,21.5,22.13,20.43,22.25,21.87,21.69,0.91,0.0,1.0,1.0,1.0,0.29,0.0,1.0,1.0,1.0,1.0,1.0,36.0,21.0,23.0,1547.94,1418.54,1039.88,435.14,0.0,1141.17,1632.63,1295.79,1405.38,269.98,28.18,29.13,27.14,23.88,36.0,27.52,24.32,25.8,25.48,24.0,0.047383,0.04943,0.028075,0.008591,0.0,0.03219,0.033452,0.030392,0.031957,0.005381
2020-01-08 20:30:00,21.39,22.07,22.76,21.31,21.64,22.26,20.92,22.57,22.2,21.76,0.81,0.0,1.0,1.0,1.0,0.29,0.0,1.0,1.0,1.0,1.0,1.0,36.0,21.0,23.0,1524.36,1414.6,1061.39,440.18,0.0,1127.48,1455.62,1165.08,1266.03,268.28,28.3,29.15,26.96,23.74,36.0,27.62,25.59,26.83,26.52,24.07,0.047383,0.04943,0.028075,0.008591,0.0,0.03219,0.033452,0.030392,0.031957,0.005381
2020-01-08 20:45:00,21.45,22.09,22.81,21.3,21.7,22.42,21.43,22.89,22.57,21.82,0.7,0.0,1.0,1.0,1.0,0.29,0.0,1.0,1.0,1.0,1.0,1.0,36.0,21.0,23.0,1500.35,1410.82,1059.33,442.72,0.0,1114.09,1352.72,1090.58,1186.26,266.71,28.42,29.17,26.97,23.67,36.0,27.72,26.33,27.42,27.12,24.14,0.047383,0.04943,0.028075,0.008591,0.0,0.03219,0.033452,0.030392,0.031957,0.005381
2020-01-08 21:00:00,21.43,22.03,22.76,21.22,21.69,22.53,21.75,23.07,22.78,21.89,0.59,0.0,1.0,1.0,1.0,0.29,0.0,1.0,1.0,1.0,1.0,1.0,36.0,21.0,23.0,1422.16,1355.15,1036.96,443.8,0.0,1102.46,1288.33,1044.95,1136.97,265.29,28.82,29.44,27.16,23.64,36.0,27.81,26.79,27.77,27.49,24.21,0.047383,0.04943,0.028075,0.008591,0.0,0.03219,0.033452,0.030392,0.031957,0.005381
2020-01-08 21:15:00,21.49,22.05,22.74,20.82,21.6,22.6,21.76,23.02,22.73,21.94,0.48,0.0,1.0,1.0,1.0,0.0,0.0,1.0,0.537,0.423,0.476,1.0,36.0,21.0,23.0,1455.99,1407.16,1069.28,0.0,0.0,1092.14,722.37,472.45,572.39,263.89,28.65,29.19,26.89,36.0,36.0,27.88,26.38,27.21,26.99,24.27,0.047383,0.04943,0.028075,0.0,0.0,0.03219,0.017958,0.012852,0.015197,0.005381
2020-01-08 21:30:00,21.47,21.97,22.64,20.56,21.54,22.62,21.64,22.83,22.55,22.01,0.37,0.0,1.0,1.0,1.0,0.0,0.0,1.0,0.537,0.423,0.476,1.0,36.0,21.0,23.0,1381.32,1353.88,1048.44,0.0,0.0,1084.17,746.11,496.31,597.16,262.63,29.03,29.45,27.07,36.0,36.0,27.94,26.06,26.76,26.6,24.32,0.047383,0.04943,0.028075,0.0,0.0,0.03219,0.017958,0.012852,0.015197,0.005381
2020-01-08 21:45:00,21.46,21.94,22.62,20.45,21.42,22.6,21.53,22.66,22.38,22.06,0.27,0.0,1.0,1.0,1.0,0.0,0.0,1.0,0.537,0.423,0.476,1.0,36.0,21.0,23.0,1377.68,1355.94,1039.81,0.0,0.0,1077.69,760.35,512.22,613.49,261.4,29.04,29.44,27.14,36.0,36.0,27.99,25.87,26.47,26.34,24.38,0.047383,0.04943,0.028075,0.0,0.0,0.03219,0.017958,0.012852,0.015197,0.005381
2020-01-08 22:00:00,21.46,21.89,22.59,20.32,21.4,22.58,21.43,22.53,22.3,22.12,0.16,0.0,1.0,1.0,1.0,0.0,0.0,1.0,0.537,0.423,0.476,1.0,36.0,21.0,23.0,1374.52,1358.47,1030.53,0.0,0.0,1073.12,769.87,523.68,625.16,260.22,29.06,29.43,27.22,36.0,36.0,28.02,25.74,26.25,26.16,24.43,0.047383,0.04943,0.028075,0.0,0.0,0.03219,0.017958,0.012852,0.015197,0.005381
2020-01-08 22:15:00,21.51,21.92,22.62,20.93,21.45,22.6,21.19,22.6,22.38,22.06,0.05,0.0,1.0,1.0,1.0,1.0,0.0,1.0,0.0,1.0,1.0,0.0,36.0,21.0,23.0,1423.38,1413.61,1046.92,1242.09,0.0,1069.33,0.0,1143.83,1222.08,0.0,28.81,29.16,27.08,25.97,36.0,28.05,36.0,27.0,26.85,36.0,0.047383,0.04943,0.028075,0.029625,0.0,0.03219,0.0,0.030392,0.031957,0.0
2020-01-08 22:30:00,21.56,21.95,22.7,21.55,21.59,22.65,20.73,22.81,22.55,21.94,-0.06,0.0,1.0,1.0,1.0,1.0,0.0,1.0,0.0,1.0,1.0,0.0,36.0,21.0,23.0,1418.94,1414.01,1035.22,1266.36,0.0,1065.3,0.0,1077.12,1157.0,0.0,28.84,29.16,27.18,25.77,36.0,28.08,36.0,27.52,27.34,36.0,0.047383,0.04943,0.028075,0.029625,0.0,0.03219,0.0,0.030392,0.031957,0.0
2020-01-08 22:45:00,21.57,21.96,22.78,21.69,21.65,22.73,20.29,22.98,22.72,21.8,-0.17,0.0,1.0,1.0,1.0,1.0,0.0,1.0,0.0,1.0,1.0,0.0,36.0,21.0,23.0,1413.9,1413.65,1022.57,1257.99,0.0,1060.71,0.0,1038.15,1118.77,0.0,28.86,29.16,27.29,25.84,36.0,28.12,36.0,27.83,27.62,36.0,0.047383,0.04943,0.028075,0.029625,0.0,0.03219,0.0,0.030392,0.031957,0.0
2020-01-08 23:00:00,21.58,21.94,22.8,21.72,21.67,22.78,19.92,23.06,22.83,21.69,-0.26,0.0,1.0,1.0,1.0,1.0,0.0,1.0,0.0,1.0,1.0,0.0,36.0,21.0,23.0,1409.86,1414.84,1011.34,1259.78,0.0,1056.28,0.0,1013.68,1094.21,0.0,28.88,29.15,27.38,25.83,36.0,28.15,36.0,28.02,27.81,36.0,0.047383,0.04943,0.028075,0.029625,0.0,0.03219,0.0,0.030392,0.031957,0.0
2020-01-08 23:15:00,21.52,21.87,22.79,21.7,21.67,22.81,20.04,22.96,22.9,21.57,-0.36,0.0,1.0,1.0,1.0,1.0,0.0,1.0,1.0,0.441,1.0,0.0,36.0,21.0,23.0,1352.8,1362.53,976.07,1230.51,0.0,1052.49,1665.45,482.16,1078.04,0.0,29.17,29.41,27.68,26.06,36.0,28.18,24.09,27.39,27.93,36.0,0.047383,0.04943,0.028075,0.029625,0.0,0.03219,0.033452,0.013394,0.031957,0.0
2020-01-08 23:30:00,21.55,21.88,22.8,21.76,21.65,22.8,20.46,22.79,22.93,21.48,-0.46,0.0,1.0,1.0,1.0,1.0,0.0,1.0,1.0,0.441,1.0,0.0,36.0,21.0,23.0,1404.86,1417.89,998.23,1245.41,0.0,1049.53,1486.43,510.03,1066.44,0.0,28.91,29.14,27.49,25.94,36.0,28.2,25.37,26.89,28.02,36.0,0.047383,0.04943,0.028075,0.029625,0.0,0.03219,0.033452,0.013394,0.031957,0.0
2020-01-08 23:45:00,21.56,21.86,22.8,21.83,21.66,22.79,20.93,22.59,22.96,21.39,-0.56,0.0,1.0,1.0,1.0,1.0,0.0,1.0,1.0,0.441,1.0,0.0,36.0,21.0,23.0,1404.6,1420.83,996.46,1229.29,0.0,1047.49,1384.43,528.25,1058.24,0.0,28.91,29.12,27.51,26.07,36.0,28.22,26.1,26.56,28.08,36.0,0.047383,0.04943,0.028075,0.029625,0.0,0.03219,0.033452,0.013394,0.031957,0.0
2020-01-09 00:00:00,21.52,21.82,22.81,21.89,21.66,22.8,21.3,22.47,23.01,21.28,-0.7,0.0,1.0,1.0,1.0,1.0,0.0,1.0,1.0,0.441,1.0,0.0,36.0,21.0,23.0,1349.19,1367.0,968.99,1183.13,0.0,1045.56,1320.88,540.84,1051.97,0.0,29.19,29.38,27.74,26.45,36.0,28.23,26.55,26.34,28.12,36.0,0.047383,0.04943,0.028075,0.029625,0.0,0.03219,0.033452,0.013394,0.031957,0.0
2020-01-09 00:15:00,21.51,21.81,22.84,21.97,21.66,22.82,21.19,22.6,22.98,21.19,-0.83,0.0,1.0,1.0,1.0,1.0,0.0,1.0,0.171,1.0,0.727,0.0,36.0,21.0,23.0,1347.48,1366.83,965.27,1166.43,0.0,1043.3,252.66,1138.17,794.12,0.0,29.2,29.38,27.77,26.58,36.0,28.25,25.46,27.04,27.82,36.0,0.047383,0.04943,0.028075,0.029625,0.0,0.03219,0.005733,0.030392,0.02322,0.0
2020-01-09 00:30:00,21.57,21.87,22.89,22.07,21.7,22.87,20.93,22.8,22.93,21.12,-0.97,0.0,1.0,1.0,1.0,1.0,0.0,1.0,0.171,1.0,0.727,0.0,36.0,21.0,23.0,1397.61,1418.89,984.8,1177.32,0.0,1040.67,274.22,1073.6,815.28,0.0,28.94,29.13,27.61,26.49,36.0,28.27,24.56,27.55,27.6,36.0,0.047383,0.04943,0.028075,0.029625,0.0,0.03219,0.005733,0.030392,0.02322,0.0
2020-01-09 00:45:00,21.56,21.85,22.93,22.17,21.73,22.94,20.58,23.03,22.9,21.03,-1.11,0.0,1.0,1.0,1.0,1.0,0.0,1.0,0.171,1.0,0.727,0.0,36.0,21.0,23.0,1342.81,1364.96,957.07,1132.31,0.0,1037.32,288.43,1036.32,827.1,0.0,29.22,29.39,27.84,26.86,36.0,28.29,23.96,27.84,27.48,36.0,0.047383,0.04943,0.028075,0.029625,0.0,0.03219,0.005733,0.030392,0.02322,0.0
2020-01-09 01:00:00,21.53,21.82,22.93,22.22,21.75,22.96,20.28,23.13,22.84,20.95,-1.23,0.0,1.0,1.0,1.0,1.0,0.0,1.0,0.171,1.0,0.727,0.0,36.0,21.0,23.0,1340.94,1364.73,953.23,1115.21,0.0,1034.04,299.25,1011.18,834.77,0.0,29.23,29.39,27.88,26.99,36.0,28.32,23.51,28.04,27.4,36.0,0.047383,0.04943,0.028075,0.029625,0.0,0.03219,0.005733,0.030392,0.02322,0.0
2020-01-09 01:15:00,21.52,21.79,22.93,22.26,21.74,22.97,20.44,22.98,22.88,20.98,-1.35,0.0,1.0,1.0,1.0,1.0,0.0,1.0,1.0,0.323,1.0,1.0,36.0,21.0,23.0,1341.59,1366.86,952.67,1109.48,0.0,1031.62,1554.26,359.38,1107.3,312.0,29.23,29.38,27.88,27.04,36.0,28.33,24.88,27.24,27.71,22.13,0.047383,0.04943,0.028075,0.029625,0.0,0.03219,0.033452,0.009809,0.031957,0.005381
2020-01-09 01:30:00,21.56,21.82,22.94,22.3,21.76,22.96,20.81,22.74,22.94,21.1,-1.47,0.0,1.0,1.0,1.0,1.0,0.0,1.0,1.0,0.323,1.0,1.0,36.0,21.0,23.0,1393.57,1421.35,975.38,1130.55,0.0,1029.98,1417.77,386.11,1077.98,299.26,28.96,29.12,27.69,26.87,36.0,28.35,25.86,26.58,27.93,22.7,0.047383,0.04943,0.028075,0.029625,0.0,0.03219,0.033452,0.009809,0.031957,0.005381
2020-01-09 01:45:00,21.56,21.81,22.95,22.34,21.78,22.92,21.17,22.51,23.01,21.25,-1.59,0.0,1.0,1.0,1.0,1.0,0.0,1.0,1.0,0.323,1.0,1.0,36.0,21.0,23.0,1393.86,1423.37,974.78,1124.83,0.0,1029.25,1338.32,404.13,1061.12,290.79,28.96,29.11,27.69,26.92,36.0,28.35,26.43,26.14,28.06,23.07,0.047383,0.04943,0.028075,0.029625,0.0,0.03219,0.033452,0.009809,0.031957,0.005381
2020-01-09 02:00:00,21.5,21.74,22.93,22.35,21.78,22.89,21.44,22.32,23.05,21.38,-1.72,0.0,1.0,1.0,1.0,1.0,0.0,1.0,1.0,0.323,1.0,1.0,36.0,21.0,23.0,1340.19,1370.07,949.8,1092.03,0.0,1028.96,1288.73,417.01,1050.58,284.76,29.23,29.37,27.91,27.18,36.0,28.35,26.78,25.83,28.14,23.34,0.047383,0.04943,0.028075,0.029625,0.0,0.03219,0.033452,0.009809,0.031957,0.005381
2020-01-09 02:15:00,21.52,21.76,22.19,22.37,21.65,22.84,21.57,22.14,22.97,21.36,-1.85,0.0,1.0,1.0,0.0,1.0,0.0,1.0,1.0,0.0,0.583,0.0,36.0,21.0,23.0,1392.02,1424.2,0.0,1112.95,0.0,1029.2,1252.96,0.0,651.3,0.0,28.97,29.11,36.0,27.01,36.0,28.35,27.04,36.0,27.64,36.0,0.047383,0.04943,0.0,0.029625,0.0,0.03219,0.033452,0.0,0.018643,0.0
2020-01-09 02:30:00,21.45,21.69,21.78,22.32,21.52,22.79,21.73,21.82,22.79,21.24,-1.98,0.0,1.0,1.0,0.0,1.0,0.0,1.0,1.0,0.0,0.583,0.0,36.0,21.0,23.0,1340.53,1372.67,0.0,1081.99,0.0,1029.72,1229.24,0.0,679.57,0.0,29.23,29.36,36.0,27.26,36.0,28.35,27.21,36.0,27.28,36.0,0.047383,0.04943,0.0,0.029625,0.0,0.03219,0.033452,0.0,0.018643,0.0
2020-01-09 02:45:00,21.42,21.66,21.67,22.32,21.44,22.68,21.83,21.63,22.64,21.13,-2.11,0.0,1.0,1.0,0.0,1.0,0.0,1.0,1.0,0.0,0.583,0.0,36.0,21.0,23.0,1341.0,1374.0,0.0,1077.78,0.0,1030.15,1211.08,0.0,698.24,0.0,29.23,29.35,36.0,27.3,36.0,28.34,27.34,36.0,27.04,36.0,0.047383,0.04943,0.0,0.029625,0.0,0.03219,0.033452,0.0,0.018643,0.0
2020-01-09 03:00:00,21.41,21.63,21.52,22.31,21.43,22.61,21.93,21.43,22.54,21.03,-2.18,0.0,1.0,1.0,0.0,1.0,0.0,1.0,1.0,0.0,0.583,0.0,36.0,21.0,23.0,1342.24,1376.06,0.0,1075.54,0.0,1032.25,1196.75,0.0,711.63,0.0,29.22,29.34,36.0,27.31,36.0,28.33,27.44,36.0,26.87,36.0,0.047383,0.04943,0.0,0.029625,0.0,0.03219,0.033452,0.0,0.018643,0.0
2020-01-09 03:15:00,21.4,21.62,21.36,22.32,21.38,22.53,22.02,21.27,22.59,21.06,-2.26,0.0,1.0,1.0,0.0,1.0,0.0,1.0,1.0,0.0,1.0,1.0,36.0,21.0,23.0,1342.7,1377.41,0.0,1073.57,0.0,1034.03,1184.61,0.0,1156.34,305.57,29.22,29.33,36.0,27.33,36.0,28.32,27.53,36.0,27.34,22.41,0.047383,0.04943,0.0,0.029625,0.0,0.03219,0.033452,0.0,0.031957,0.005381
2020-01-09 03:30:00,21.39,21.61,21.19,22.32,21.37,22.47,22.1,21.12,22.72,21.18,-2.33,0.0,1.0,1.0,0.0,1.0,0.0,1.0,1.0,0.0,1.0,1.0,36.0,21.0,23.0,1342.89,1378.25,0.0,1070.92,0.0,1036.23,1174.08,0.0,1111.81,294.66,29.22,29.33,36.0,27.35,36.0,28.3,27.6,36.0,27.68,22.9,0.047383,0.04943,0.0,0.029625,0.0,0.03219,0.033452,0.0,0.031957,0.005381
2020-01-09 03:45:00,21.39,21.6,21.06,22.33,21.34,22.43,22.18,20.99,22.8,21.31,-2.41,0.0,1.0,1.0,0.0,1.0,0.0,1.0,1.0,0.0,1.0,1.0,36.0,21.0,23.0,1343.07,1379.27,0.0,1068.75,0.0,1038.13,1164.76,0.0,1085.93,287.4,29.22,29.32,36.0,27.37,36.0,28.28,27.67,36.0,27.87,23.22,0.047383,0.04943,0.0,0.029625,0.0,0.03219,0.033452,0.0,0.031957,0.005381
2020-01-09 04:00:00,21.38,21.59,20.92,22.33,21.32,22.4,22.25,20.89,22.85,21.42,-2.48,0.0,1.0,1.0,0.0,1.0,0.0,1.0,1.0,0.0,1.0,1.0,36.0,21.0,23.0,1343.07,1379.84,0.0,1066.12,0.0,1039.54,1156.34,0.0,1069.82,282.11,29.22,29.32,36.0,27.39,36.0,28.27,27.73,36.0,27.99,23.46,0.047383,0.04943,0.0,0.029625,0.0,0.03219,0.033452,0.0,0.031957,0.005381
2020-01-09 04:15:00,21.42,21.62,21.34,21.56,21.2,22.39,22.31,21.04,22.64,21.39,-2.55,0.0,1.0,1.0,0.632,0.0,0.0,1.0,1.0,0.983,0.0,0.0,36.0,21.0,23.0,1394.03,1432.85,775.8,0.0,0.0,1040.81,1148.07,1502.33,0.0,0.0,28.96,29.07,25.53,36.0,36.0,28.26,27.79,23.97,36.0,36.0,0.047383,0.04943,0.017734,0.0,0.0,0.03219,0.033452,0.029879,0.0,0.0
2020-01-09 04:30:00,21.42,21.61,21.64,21.09,21.13,22.45,22.39,21.44,22.21,21.29,-2.62,0.0,1.0,1.0,0.632,0.0,0.0,1.0,1.0,0.983,0.0,0.0,36.0,21.0,23.0,1394.59,1434.2,792.16,0.0,0.0,1041.14,1140.91,1327.32,0.0,0.0,28.96,29.06,25.31,36.0,36.0,28.26,27.84,25.37,36.0,36.0,0.047383,0.04943,0.017734,0.0,0.0,0.03219,0.033452,0.029879,0.0,0.0
2020-01-09 04:45:00,21.42,21.61,21.68,20.9,21.12,22.52,22.46,21.78,21.84,21.17,-2.69,0.0,1.0,1.0,0.632,0.0,0.0,1.0,1.0,0.983,0.0,0.0,36.0,21.0,23.0,1393.34,1433.48,786.0,0.0,0.0,1039.47,1134.01,1225.81,0.0,0.0,28.97,29.06,25.4,36.0,36.0,28.27,27.89,26.19,36.0,36.0,0.047383,0.04943,0.017734,0.0,0.0,0.03219,0.033452,0.029879,0.0,0.0
2020-01-09 05:00:00,21.37,21.56,21.68,20.74,21.11,22.54,22.53,22.03,21.57,21.06,-2.76,0.0,1.0,1.0,0.632,0.0,0.0,1.0,1.0,0.983,0.0,0.0,36.0,21.0,23.0,1339.72,1379.22,771.95,0.0,0.0,1038.18,1127.98,1162.66,0.0,0.0,29.24,29.32,25.59,36.0,36.0,28.28,27.93,26.69,36.0,36.0,0.047383,0.04943,0.017734,0.0,0.0,0.03219,0.033452,0.029879,0.0,0.0
2020-01-09 05:15:00,21.4,21.58,21.05,21.41,21.05,22.49,22.58,21.9,21.43,21.08,-2.82,0.0,1.0,1.0,0.0,0.991,0.0,1.0,1.0,0.0,0.0,1.0,36.0,21.0,23.0,1390.33,1431.41,0.0,1138.13,0.0,1037.76,1121.8,0.0,0.0,304.35,28.98,29.07,36.0,26.73,36.0,28.29,27.98,36.0,36.0,22.47,0.047383,0.04943,0.0,0.029373,0.0,0.03219,0.033452,0.0,0.0,0.005381
2020-01-09 05:30:00,21.41,21.59,20.71,21.91,21.09,22.39,22.63,21.59,21.23,21.19,-2.89,0.0,1.0,1.0,0.0,0.991,0.0,1.0,1.0,0.0,0.0,1.0,36.0,21.0,23.0,1389.9,1431.54,0.0,1163.93,0.0,1038.35,1116.32,0.0,0.0,293.55,28.98,29.07,36.0,26.52,36.0,28.28,28.02,36.0,36.0,22.95,0.047383,0.04943,0.0,0.029373,0.0,0.03219,0.033452,0.0,0.0,0.005381
2020-01-09 05:45:00,21.38,21.56,20.63,21.93,21.12,22.29,22.69,21.26,21.01,21.34,-2.95,0.0,1.0,1.0,0.0,0.991,0.0,1.0,1.0,0.0,0.0,1.0,36.0,21.0,23.0,1336.32,1377.29,0.0,1140.36,0.0,1040.3,1111.28,0.0,0.0,286.48,29.25,29.33,36.0,26.71,36.0,28.27,28.05,36.0,36.0,23.26,0.047383,0.04943,0.0,0.029373,0.0,0.03219,0.033452,0.0,0.0,0.005381
2020-01-09 06:00:00,21.35,21.54,20.56,21.89,21.07,22.12,22.72,21.04,20.85,21.44,-3.0,0.0,1.0,1.0,0.0,0.991,0.0,1.0,1.0,0.0,0.0,1.0,36.0,21.0,23.0,1335.64,1376.97,0.0,1152.1,0.0,1041.97,1106.63,0.0,0.0,281.3,29.26,29.34,36.0,26.62,36.0,28.26,28.09,36.0,36.0,23.49,0.047383,0.04943,0.0,0.029373,0.0,0.03219,0.033452,0.0,0.0,0.005381
2020-01-09 06:15:00,21.37,21.55,21.24,20.99,21.0,22.06,22.45,21.03,20.93,21.42,-3.05,0.0,1.0,1.0,1.0,0.0,0.0,1.0,0.0,0.649,1.0,0.0,36.0,21.0,23.0,1387.6,1430.86,1086.82,0.0,0.0,1046.82,0.0,994.1,1578.3,0.0,28.99,29.07,26.74,36.0,36.0,28.22,36.0,23.94,24.18,36.0,0.047383,0.04943,0.028075,0.0,0.0,0.03219,0.0,0.019723,0.031957,0.0
2020-01-09 06:30:00,21.36,21.53,21.83,20.41,20.99,22.1,21.9,21.18,21.27,21.31,-3.11,0.0,1.0,1.0,1.0,0.0,0.0,1.0,0.0,0.649,1.0,0.0,36.0,21.0,23.0,1389.05,1432.95,1096.14,0.0,0.0,1049.57,0.0,931.86,1401.49,0.0,28.99,29.06,26.66,36.0,36.0,28.2,36.0,24.7,25.51,36.0,0.047383,0.04943,0.028075,0.0,0.0,0.03219,0.0,0.019723,0.031957,0.0
2020-01-09 06:45:00,21.35,21.51,21.92,20.26,20.99,22.24,21.31,21.36,21.62,21.2,-3.16,0.0,1.0,1.0,1.0,0.0,0.0,1.0,0.0,0.649,1.0,0.0,36.0,21.0,23.0,1389.64,1434.91,1081.08,0.0,0.0,1049.2,0.0,894.79,1300.4,0.0,28.98,29.06,26.79,36.0,36.0,28.2,36.0,25.15,26.26,36.0,0.047383,0.04943,0.028075,0.0,0.0,0.03219,0.0,0.019723,0.031957,0.0
2020-01-09 07:00:00,21.35,21.51,21.97,20.11,20.97,22.36,20.85,21.51,21.86,21.09,-3.2,0.0,1.0,1.0,1.0,0.0,0.0,1.0,0.0,0.649,1.0,0.0,36.0,21.0,23.0,1389.66,1434.91,1072.76,0.0,0.0,1047.3,0.0,870.37,1236.75,0.0,28.98,29.06,26.86,36.0,36.0,28.22,36.0,25.44,26.74,36.0,0.047383,0.04943,0.028075,0.0,0.0,0.03219,0.0,0.019723,0.031957,0.0
2020-01-09 07:15:00,21.34,21.5,21.2,20.7,20.94,22.23,20.87,21.4,21.74,21.02,-3.24,0.0,1.0,1.0,0.0,1.0,0.327,0.162,1.0,0.0,0.0,0.092,36.0,21.0,23.0,1389.31,1434.97,0.0,1243.96,89.81,196.11,1520.94,0.0,0.0,29.47,28.99,29.05,36.0,25.95,21.1,26.98,25.12,36.0,36.0,21.77,0.047383,0.04943,0.0,0.029625,0.001442,0.005201,0.033452,0.0,0.0,0.000495
2020-01-09 07:30:00,21.33,21.48,20.74,21.34,20.93,21.83,21.24,21.07,21.33,20.94,-3.29,0.0,1.0,1.0,0.0,1.0,0.327,0.162,1.0,0.0,0.0,0.092,36.0,21.0,23.0,1389.26,1435.28,0.0,1269.62,89.85,217.64,1373.61,0.0,0.0,29.68,28.99,29.05,36.0,25.75,21.09,25.99,26.18,36.0,36.0,21.67,0.047383,0.04943,0.0,0.029625,0.001442,0.005201,0.033452,0.0,0.0,0.000495
2020-01-09 07:45:00,21.33,21.49,20.65,21.43,20.96,21.43,21.65,20.68,20.88,20.88,-3.33,0.0,1.0,1.0,0.0,1.0,0.327,0.162,1.0,0.0,0.0,0.092,36.0,21.0,23.0,1389.41,1435.79,0.0,1264.45,89.84,233.11,1290.25,0.0,0.0,29.88,28.98,29.05,36.0,25.79,21.09,25.28,26.77,36.0,36.0,21.57,0.047383,0.04943,0.0,0.029625,0.001442,0.005201,0.033452,0.0,0.0,0.000495
2020-01-09 08:00:00,21.3,21.45,20.61,21.42,20.96,21.1,21.98,20.36,20.51,20.81,-3.3,0.0,1.0,1.0,0.0,1.0,0.327,0.162,1.0,0.0,0.0,0.092,36.0,21.0,23.0,1336.57,1381.89,0.0,1236.74,89.75,244.8,1238.39,0.0,0.0,30.05,29.25,29.31,36.0,26.01,21.11,24.74,27.14,36.0,36.0,21.49,0.047383,0.04943,0.0,0.029625,0.001442,0.005201,0.033452,0.0,0.0,0.000495
2020-01-09 08:15:00,21.35,21.5,21.36,21.5,21.04,21.12,22.13,20.48,20.6,20.85,-3.26,6.9,1.0,1.0,1.0,1.0,0.754,1.0,1.0,1.0,1.0,1.0,36.0,21.0,23.0,1385.64,1433.15,1068.88,1249.28,195.65,1354.89,1200.94,1509.58,1543.15,311.43,29.0,29.06,26.89,25.91,21.92,25.93,27.41,24.12,24.45,22.15,0.047383,0.04943,0.028075,0.029625,0.003325,0.03219,0.033452,0.030392,0.031957,0.005381
2020-01-09 08:30:00,21.43,21.57,21.95,21.66,21.23,21.44,22.32,20.93,21.01,20.98,-3.22,95.5,1.0,1.0,1.0,1.0,0.754,1.0,1.0,1.0,1.0,1.0,36.0,21.0,23.0,1381.55,1430.91,1087.96,1229.8,195.45,1242.25,1174.77,1345.45,1385.93,299.76,29.02,29.07,26.73,26.07,21.94,26.77,27.6,25.41,25.62,22.67,0.047383,0.04943,0.028075,0.029625,0.003325,0.03219,0.033452,0.030392,0.031957,0.005381
2020-01-09 08:45:00,21.5,21.63,22.07,21.82,21.36,21.86,22.48,21.43,21.49,21.12,-3.19,184.1,1.0,1.0,1.0,1.0,0.754,1.0,1.0,1.0,1.0,1.0,36.0,21.0,23.0,1374.81,1426.34,1087.13,1207.58,194.43,1175.83,1153.77,1247.32,1292.19,291.94,29.06,29.1,26.74,26.25,22.01,27.26,27.75,26.18,26.33,23.02,0.047383,0.04943,0.028075,0.029625,0.003325,0.03219,0.033452,0.030392,0.031957,0.005381
2020-01-09 09:00:00,21.57,21.7,22.2,21.96,21.44,22.2,22.6,21.85,21.84,21.24,-2.83,272.6,1.0,1.0,1.0,1.0,0.754,1.0,1.0,1.0,1.0,1.0,36.0,21.0,23.0,1368.0,1421.64,1076.21,1186.24,193.64,1131.01,1136.49,1175.5,1229.22,286.25,29.09,29.12,26.83,26.42,22.07,27.59,27.87,26.75,26.8,23.27,0.047383,0.04943,0.028075,0.029625,0.003325,0.03219,0.033452,0.030392,0.031957,0.005381
2020-01-09 09:15:00,20.56,20.69,21.89,21.2,21.11,22.2,22.43,22.31,21.82,21.22,-2.48,361.2,0.0,0.0,0.0,0.0,0.0,0.0,0.0,0.0,0.0,0.0,27.62,21.0,23.0,0.0,0.0,0.0,0.0,0.0,0.0,0.0,0.0,0.0,0.0,36.0,36.0,36.0,36.0,36.0,36.0,36.0,36.0,36.0,36.0,0.0,0.0,0.0,0.0,0.0,0.0,0.0,0.0,0.0,0.0
2020-01-09 09:30:00,20.05,20.15,21.97,20.6,20.75,21.97,22.08,22.79,21.5,21.12,-2.12,375.6,0.0,0.0,0.0,0.0,0.0,0.0,0.0,0.0,0.0,0.0,27.62,21.0,23.0,0.0,0.0,0.0,0.0,0.0,0.0,0.0,0.0,0.0,0.0,36.0,36.0,36.0,36.0,36.0,36.0,36.0,36.0,36.0,36.0,0.0,0.0,0.0,0.0,0.0,0.0,0.0,0.0,0.0,0.0
2020-01-09 09:45:00,19.93,20.02,22.42,20.54,20.76,21.78,21.79,23.03,21.18,21.0,-1.77,390.0,0.0,0.0,0.0,0.0,0.0,0.0,0.0,0.0,0.0,0.0,27.62,21.0,23.0,0.0,0.0,0.0,0.0,0.0,0.0,0.0,0.0,0.0,0.0,36.0,36.0,36.0,36.0,36.0,36.0,36.0,36.0,36.0,36.0,0.0,0.0,0.0,0.0,0.0,0.0,0.0,0.0,0.0,0.0
2020-01-09 10:00:00,19.85,19.91,22.71,20.52,20.81,21.66,21.47,23.21,20.94,20.9,-1.5,404.5,0.0,0.0,0.0,0.0,0.0,0.0,0.0,0.0,0.0,0.0,27.62,21.0,23.0,0.0,0.0,0.0,0.0,0.0,0.0,0.0,0.0,0.0,0.0,36.0,36.0,36.0,36.0,36.0,36.0,36.0,36.0,36.0,36.0,0.0,0.0,0.0,0.0,0.0,0.0,0.0,0.0,0.0,0.0
2020-01-09 10:15:00,20.74,20.81,22.98,21.27,21.22,21.63,21.21,23.36,21.0,20.91,-1.22,418.9,1.0,1.0,0.0,1.0,1.0,0.0,0.0,0.0,0.705,1.0,36.0,21.0,23.0,1414.64,1473.18,0.0,1156.83,249.01,0.0,0.0,0.0,1108.37,308.0,28.86,28.87,36.0,26.66,22.5,36.0,36.0,36.0,24.23,22.31,0.047383,0.04943,0.0,0.029625,0.004411,0.0,0.0,0.0,0.022536,0.005381
2020-01-09 10:30:00,21.4,21.45,23.55,22.06,21.73,21.68,20.91,23.67,21.27,21.03,-0.95,461.4,1.0,1.0,0.0,1.0,1.0,0.0,0.0,0.0,0.705,1.0,36.0,21.0,23.0,1457.38,1523.38,0.0,1173.64,249.51,0.0,0.0,0.0,1028.54,297.01,28.64,28.63,36.0,26.52,22.47,36.0,36.0,36.0,25.08,22.8,0.047383,0.04943,0.0,0.029625,0.004411,0.0,0.0,0.0,0.022536,0.005381
2020-01-09 10:45:00,21.56,21.58,24.11,22.3,22.05,21.82,20.65,24.05,21.57,21.17,-0.68,503.8,1.0,1.0,0.0,1.0,1.0,0.0,0.0,0.0,0.705,1.0,36.0,21.0,23.0,1456.3,1529.58,0.0,1164.82,247.81,0.0,0.0,0.0,978.87,289.72,28.65,28.6,36.0,26.59,22.56,36.0,36.0,36.0,25.61,23.12,0.047383,0.04943,0.0,0.029625,0.004411,0.0,0.0,0.0,0.022536,0.005381
2020-01-09 11:00:00,21.68,21.68,24.56,22.49,22.27,21.99,20.44,24.45,21.86,21.28,-0.37,546.3,1.0,1.0,0.0,1.0,1.0,0.0,0.0,0.0,0.705,1.0,36.0,21.0,23.0,1467.25,1543.21,0.0,1156.45,246.67,0.0,0.0,0.0,941.82,284.43,28.59,28.53,36.0,26.66,22.62,36.0,36.0,36.0,26.0,23.35,0.047383,0.04943,0.0,0.029625,0.004411,0.0,0.0,0.0,0.022536,0.005381
2020-01-09 11:15:00,20.7,20.7,24.85,21.82,22.07,22.18,20.63,24.83,21.92,21.26,-0.07,588.8,0.0,0.0,0.0,0.0,0.0,0.0,1.0,0.0,0.0,0.0,36.0,21.0,23.0,0.0,0.0,0.0,0.0,0.0,0.0,1629.32,0.0,0.0,0.0,36.0,36.0,36.0,36.0,36.0,36.0,24.35,36.0,36.0,36.0,0.0,0.0,0.0,0.0,0.0,0.0,0.033452,0.0,0.0,0.0
2020-01-09 11:30:00,20.23,20.2,24.94,21.34,21.79,22.34,21.22,25.22,21.88,21.15,0.24,595.6,0.0,0.0,0.0,0.0,0.0,0.0,1.0,0.0,0.0,0.0,36.0,21.0,23.0,0.0,0.0,0.0,0.0,0.0,0.0,1435.32,0.0,0.0,0.0,36.0,36.0,36.0,36.0,36.0,36.0,25.74,36.0,36.0,36.0,0.0,0.0,0.0,0.0,0.0,0.0,0.033452,0.0,0.0,0.0
2020-01-09 11:45:00,20.09,20.05,25.08,21.42,21.75,22.47,21.82,25.54,21.88,21.04,0.55,602.5,0.0,0.0,0.0,0.0,0.0,0.0,1.0,0.0,0.0,0.0,36.0,21.0,23.0,0.0,0.0,0.0,0.0,0.0,0.0,1320.09,0.0,0.0,0.0,36.0,36.0,36.0,36.0,36.0,36.0,26.56,36.0,36.0,36.0,0.0,0.0,0.0,0.0,0.0,0.0,0.033452,0.0,0.0,0.0
2020-01-09 12:00:00,20.02,19.97,25.27,21.63,21.77,22.61,22.27,25.84,22.0,20.93,0.77,609.3,0.0,0.0,0.0,0.0,0.0,0.0,1.0,0.0,0.0,0.0,36.0,21.0,23.0,0.0,0.0,0.0,0.0,0.0,0.0,1243.8,0.0,0.0,0.0,36.0,36.0,36.0,36.0,36.0,36.0,27.1,36.0,36.0,36.0,0.0,0.0,0.0,0.0,0.0,0.0,0.033452,0.0,0.0,0.0
2020-01-09 12:15:00,20.89,20.83,25.5,21.9,22.13,22.77,22.26,26.1,22.19,20.94,0.99,616.1,1.0,1.0,0.0,0.0,0.0,0.0,0.0,0.0,0.0,1.0,36.0,21.0,23.0,1522.61,1612.33,0.0,0.0,0.0,0.0,0.0,0.0,0.0,307.07,28.31,28.2,36.0,36.0,36.0,36.0,36.0,36.0,36.0,22.35,0.047383,0.04943,0.0,0.0,0.0,0.0,0.0,0.0,0.0,0.005381
2020-01-09 12:30:00,21.6,21.53,25.86,22.31,22.55,22.93,21.95,26.35,22.48,21.06,1.22,613.9,1.0,1.0,0.0,0.0,0.0,0.0,0.0,0.0,0.0,1.0,36.0,21.0,23.0,1559.4,1651.88,0.0,0.0,0.0,0.0,0.0,0.0,0.0,296.2,28.13,28.01,36.0,36.0,36.0,36.0,36.0,36.0,36.0,22.83,0.047383,0.04943,0.0,0.0,0.0,0.0,0.0,0.0,0.0,0.005381
2020-01-09 12:45:00,21.79,21.72,26.16,22.74,22.81,23.08,21.6,26.57,22.8,21.19,1.44,611.7,1.0,1.0,0.0,0.0,0.0,0.0,0.0,0.0,0.0,1.0,36.0,21.0,23.0,1542.6,1635.68,0.0,0.0,0.0,0.0,0.0,0.0,0.0,289.01,28.21,28.08,36.0,36.0,36.0,36.0,36.0,36.0,36.0,23.15,0.047383,0.04943,0.0,0.0,0.0,0.0,0.0,0.0,0.0,0.005381
2020-01-09 13:00:00,21.92,21.83,26.33,23.17,22.96,23.22,21.25,26.74,23.18,21.3,1.56,609.4,1.0,1.0,0.0,0.0,0.0,0.0,0.0,0.0,0.0,1.0,36.0,21.0,23.0,1538.25,1633.41,0.0,0.0,0.0,0.0,0.0,0.0,0.0,283.79,28.23,28.09,36.0,36.0,36.0,36.0,36.0,36.0,36.0,23.38,0.047383,0.04943,0.0,0.0,0.0,0.0,0.0,0.0,0.0,0.005381
2020-01-09 13:15:00,20.95,20.85,26.37,23.46,22.76,23.33,21.02,26.86,23.54,21.28,1.67,607.2,0.0,0.0,0.0,0.0,0.0,0.0,0.0,0.0,0.0,0.0,27.92,21.0,23.0,0.0,0.0,0.0,0.0,0.0,0.0,0.0,0.0,0.0,0.0,36.0,36.0,36.0,36.0,36.0,36.0,36.0,36.0,36.0,36.0,0.0,0.0,0.0,0.0,0.0,0.0,0.0,0.0,0.0,0.0
2020-01-09 13:30:00,20.53,20.41,26.24,23.68,22.54,23.42,20.78,26.93,23.97,21.17,1.79,591.0,0.0,0.0,0.0,0.0,0.0,0.0,0.0,0.0,0.0,0.0,27.92,21.0,23.0,0.0,0.0,0.0,0.0,0.0,0.0,0.0,0.0,0.0,0.0,36.0,36.0,36.0,36.0,36.0,36.0,36.0,36.0,36.0,36.0,0.0,0.0,0.0,0.0,0.0,0.0,0.0,0.0,0.0,0.0
2020-01-09 13:45:00,20.42,20.3,26.18,23.9,22.5,23.5,20.59,26.96,24.31,21.06,1.9,574.7,0.0,0.0,0.0,0.0,0.0,0.0,0.0,0.0,0.0,0.0,27.92,21.0,23.0,0.0,0.0,0.0,0.0,0.0,0.0,0.0,0.0,0.0,0.0,36.0,36.0,36.0,36.0,36.0,36.0,36.0,36.0,36.0,36.0,0.0,0.0,0.0,0.0,0.0,0.0,0.0,0.0,0.0,0.0
2020-01-09 14:00:00,20.32,20.2,26.1,24.13,22.51,23.54,20.39,26.94,24.65,20.94,1.91,558.5,0.0,0.0,0.0,0.0,0.0,0.0,0.0,0.0,0.0,0.0,27.92,21.0,23.0,0.0,0.0,0.0,0.0,0.0,0.0,0.0,0.0,0.0,0.0,36.0,36.0,36.0,36.0,36.0,36.0,36.0,36.0,36.0,36.0,0.0,0.0,0.0,0.0,0.0,0.0,0.0,0.0,0.0,0.0
2020-01-09 14:15:00,21.14,21.01,26.09,24.33,22.71,23.59,20.61,26.88,24.84,20.97,1.92,542.3,1.0,1.0,0.0,0.0,0.0,0.0,1.0,0.0,0.0,1.0,36.0,21.0,23.0,1555.19,1654.35,0.0,0.0,0.0,0.0,1660.87,0.0,0.0,306.38,28.15,27.99,36.0,36.0,36.0,36.0,24.12,36.0,36.0,22.38,0.047383,0.04943,0.0,0.0,0.0,0.0,0.033452,0.0,0.0,0.005381
2020-01-09 14:30:00,21.76,21.65,26.09,24.61,23.06,23.6,21.17,26.76,25.07,21.08,1.93,498.6,1.0,1.0,0.0,0.0,0.0,0.0,1.0,0.0,0.0,1.0,36.0,21.0,23.0,1595.89,1697.17,0.0,0.0,0.0,0.0,1460.52,0.0,0.0,295.58,27.94,27.79,36.0,36.0,36.0,36.0,25.55,36.0,36.0,22.86,0.047383,0.04943,0.0,0.0,0.0,0.0,0.033452,0.0,0.0,0.005381
2020-01-09 14:45:00,21.88,21.78,26.05,24.82,23.2,23.58,21.76,26.58,25.21,21.21,1.95,454.8,1.0,1.0,0.0,0.0,0.0,0.0,1.0,0.0,0.0,1.0,36.0,21.0,23.0,1581.39,1681.55,0.0,0.0,0.0,0.0,1343.14,0.0,0.0,288.44,28.02,27.86,36.0,36.0,36.0,36.0,26.39,36.0,36.0,23.18,0.047383,0.04943,0.0,0.0,0.0,0.0,0.033452,0.0,0.0,0.005381
2020-01-09 15:00:00,21.92,21.82,25.9,24.9,23.22,23.53,22.13,26.37,25.3,21.32,1.81,411.1,1.0,1.0,0.0,0.0,0.0,0.0,1.0,0.0,0.0,1.0,36.0,21.0,23.0,1580.97,1680.89,0.0,0.0,0.0,0.0,1267.48,0.0,0.0,283.26,28.02,27.86,36.0,36.0,36.0,36.0,26.94,36.0,36.0,23.41,0.047383,0.04943,0.0,0.0,0.0,0.0,0.033452,0.0,0.0,0.005381
2020-01-09 15:15:00,20.89,20.78,25.66,24.84,22.87,23.44,22.05,26.14,25.31,21.3,1.68,367.4,0.0,0.0,0.0,0.0,0.0,0.0,0.0,0.0,0.0,0.0,27.52,21.0,23.0,0.0,0.0,0.0,0.0,0.0,0.0,0.0,0.0,0.0,0.0,36.0,36.0,36.0,36.0,36.0,36.0,36.0,36.0,36.0,36.0,0.0,0.0,0.0,0.0,0.0,0.0,0.0,0.0,0.0,0.0
2020-01-09 15:30:00,20.4,20.29,25.19,24.5,22.47,23.32,21.64,25.8,25.21,21.2,1.55,277.7,0.0,0.0,0.0,0.0,0.0,0.0,0.0,0.0,0.0,0.0,27.52,21.0,23.0,0.0,0.0,0.0,0.0,0.0,0.0,0.0,0.0,0.0,0.0,36.0,36.0,36.0,36.0,36.0,36.0,36.0,36.0,36.0,36.0,0.0,0.0,0.0,0.0,0.0,0.0,0.0,0.0,0.0,0.0
2020-01-09 15:45:00,20.21,20.12,24.79,24.15,22.24,23.12,21.21,25.42,24.96,21.08,1.42,187.9,0.0,0.0,0.0,0.0,0.0,0.0,0.0,0.0,0.0,0.0,27.52,21.0,23.0,0.0,0.0,0.0,0.0,0.0,0.0,0.0,0.0,0.0,0.0,36.0,36.0,36.0,36.0,36.0,36.0,36.0,36.0,36.0,36.0,0.0,0.0,0.0,0.0,0.0,0.0,0.0,0.0,0.0,0.0
2020-01-09 16:00:00,20.04,19.95,24.4,23.67,21.99,22.85,20.8,24.98,24.52,20.98,1.17,98.1,0.0,0.0,0.0,0.0,0.0,0.0,0.0,0.0,0.0,0.0,27.52,21.0,23.0,0.0,0.0,0.0,0.0,0.0,0.0,0.0,0.0,0.0,0.0,36.0,36.0,36.0,36.0,36.0,36.0,36.0,36.0,36.0,36.0,0.0,0.0,0.0,0.0,0.0,0.0,0.0,0.0,0.0,0.0
2020-01-09 16:15:00,20.77,20.7,24.07,23.18,22.05,22.51,20.84,24.53,23.96,20.99,0.92,8.3,1.0,1.0,0.0,0.0,1.0,0.0,1.0,0.0,0.0,1.0,36.0,21.0,23.0,1490.93,1577.26,0.0,0.0,240.18,0.0,1577.26,0.0,0.0,305.99,28.47,28.37,36.0,36.0,22.97,36.0,24.72,36.0,36.0,22.4,0.047383,0.04943,0.0,0.0,0.004411,0.0,0.033452,0.0,0.0,0.005381
2020-01-09 16:30:00,21.37,21.31,23.94,22.99,22.21,22.16,21.28,24.1,23.45,21.1,0.67,6.3,1.0,1.0,0.0,0.0,1.0,0.0,1.0,0.0,0.0,1.0,36.0,21.0,23.0,1502.63,1587.96,0.0,0.0,240.27,0.0,1412.92,0.0,0.0,295.21,28.41,28.31,36.0,36.0,22.97,36.0,25.9,36.0,36.0,22.88,0.047383,0.04943,0.0,0.0,0.004411,0.0,0.033452,0.0,0.0,0.005381
2020-01-09 16:45:00,21.48,21.44,23.81,22.87,22.27,21.85,21.75,23.7,23.02,21.23,0.42,0.0,1.0,1.0,0.0,0.0,1.0,0.0,1.0,0.0,0.0,1.0,36.0,21.0,23.0,1460.38,1541.69,0.0,0.0,239.24,0.0,1317.81,0.0,0.0,288.08,28.63,28.54,36.0,36.0,23.03,36.0,26.58,36.0,36.0,23.19,0.047383,0.04943,0.0,0.0,0.004411,0.0,0.033452,0.0,0.0,0.005381
2020-01-09 17:00:00,21.52,21.48,23.61,22.67,22.24,21.54,22.02,23.32,22.62,21.34,0.34,0.0,1.0,1.0,0.0,0.0,1.0,0.0,1.0,0.0,0.0,1.0,36.0,21.0,23.0,1452.32,1531.95,0.0,0.0,237.69,0.0,1257.03,0.0,0.0,282.92,28.67,28.59,36.0,36.0,23.11,36.0,27.01,36.0,36.0,23.42,0.047383,0.04943,0.0,0.0,0.004411,0.0,0.033452,0.0,0.0,0.005381
2020-01-09 17:15:00,20.49,21.47,23.38,22.44,21.91,21.25,21.87,22.98,22.28,21.34,0.25,0.0,0.008,1.0,0.0,0.0,0.0,0.0,0.0,0.0,0.0,0.232,36.0,21.0,23.0,20.87,1524.1,0.0,0.0,0.0,0.0,0.0,0.0,0.0,67.73,23.36,28.62,36.0,36.0,36.0,36.0,36.0,36.0,36.0,23.04,0.000395,0.04943,0.0,0.0,0.0,0.0,0.0,0.0,0.0,0.00125
2020-01-09 17:30:00,20.01,21.43,23.05,22.13,21.62,20.96,21.39,22.61,21.9,21.28,0.16,0.0,0.008,1.0,0.0,0.0,0.0,0.0,0.0,0.0,0.0,0.232,36.0,21.0,23.0,20.78,1518.17,0.0,0.0,0.0,0.0,0.0,0.0,0.0,69.38,23.41,28.65,36.0,36.0,36.0,36.0,36.0,36.0,36.0,22.72,0.000395,0.04943,0.0,0.0,0.0,0.0,0.0,0.0,0.0,0.00125
2020-01-09 17:45:00,19.83,21.42,22.79,21.86,21.43,20.7,20.87,22.28,21.57,21.21,0.07,0.0,0.008,1.0,0.0,0.0,0.0,0.0,0.0,0.0,0.0,0.232,36.0,21.0,23.0,20.93,1512.74,0.0,0.0,0.0,0.0,0.0,0.0,0.0,70.5,23.32,28.68,36.0,36.0,36.0,36.0,36.0,36.0,36.0,22.51,0.000395,0.04943,0.0,0.0,0.0,0.0,0.0,0.0,0.0,0.00125
2020-01-09 18:00:00,19.67,21.43,22.55,21.63,21.26,20.44,20.42,21.98,21.28,21.15,-0.02,0.0,0.008,1.0,0.0,0.0,0.0,0.0,0.0,0.0,0.0,0.232,36.0,21.0,23.0,21.05,1506.2,0.0,0.0,0.0,0.0,0.0,0.0,0.0,71.33,23.25,28.71,36.0,36.0,36.0,36.0,36.0,36.0,36.0,22.35,0.000395,0.04943,0.0,0.0,0.0,0.0,0.0,0.0,0.0,0.00125
2020-01-09 18:15:00,20.5,21.45,22.97,22.14,21.56,20.39,20.46,21.97,21.3,21.18,-0.12,0.0,1.0,1.0,1.0,1.0,1.0,1.0,1.0,1.0,1.0,1.0,36.0,21.0,23.0,1453.52,1499.53,933.75,1095.11,233.9,1754.95,1602.48,1290.75,1470.5,296.43,28.66,28.74,28.04,27.16,23.32,22.96,24.54,25.84,24.99,22.82,0.047383,0.04943,0.028075,0.029625,0.004411,0.03219,0.033452,0.030392,0.031957,0.005381
2020-01-09 18:30:00,21.12,21.53,23.34,22.63,21.98,20.87,20.88,22.23,21.62,21.28,-0.21,0.0,1.0,1.0,1.0,1.0,1.0,1.0,1.0,1.0,1.0,1.0,36.0,21.0,23.0,1475.3,1491.61,959.37,1122.79,232.96,1525.14,1437.77,1156.84,1314.57,288.01,28.55,28.78,27.82,26.93,23.37,24.67,25.72,26.89,26.16,23.2,0.047383,0.04943,0.028075,0.029625,0.004411,0.03219,0.033452,0.030392,0.031957,0.005381
2020-01-09 18:45:00,21.25,21.6,23.44,22.77,22.14,21.31,21.33,22.57,22.0,21.39,-0.31,0.0,1.0,1.0,1.0,1.0,1.0,1.0,1.0,1.0,1.0,1.0,36.0,21.0,23.0,1455.72,1484.9,949.29,1107.02,231.18,1392.62,1343.2,1081.4,1225.56,282.33,28.65,28.81,27.91,27.06,23.46,25.65,26.39,27.49,26.83,23.45,0.047383,0.04943,0.028075,0.029625,0.004411,0.03219,0.033452,0.030392,0.031957,0.005381
2020-01-09 19:00:00,21.26,21.59,23.44,22.79,22.19,21.63,21.68,22.79,22.28,21.49,-0.4,0.0,1.0,1.0,1.0,1.0,1.0,1.0,1.0,1.0,1.0,1.0,36.0,21.0,23.0,1395.66,1424.2,921.15,1071.59,228.89,1309.39,1284.1,1035.73,1170.89,278.23,28.95,29.11,28.15,27.35,23.59,26.27,26.82,27.85,27.23,23.63,0.047383,0.04943,0.028075,0.029625,0.004411,0.03219,0.033452,0.030392,0.031957,0.005381
2020-01-09 19:15:00,21.3,21.62,22.78,22.01,21.92,21.57,21.52,22.71,22.18,21.46,-0.5,0.0,1.0,1.0,0.0,0.0,0.0,0.0,0.0,0.0,0.0,0.0,36.0,21.0,23.0,1442.8,1474.19,0.0,0.0,0.0,0.0,0.0,0.0,0.0,0.0,28.72,28.87,36.0,36.0,36.0,36.0,36.0,36.0,36.0,36.0,0.047383,0.04943,0.0,0.0,0.0,0.0,0.0,0.0,0.0,0.0
2020-01-09 19:30:00,21.28,21.61,22.39,21.46,21.69,21.27,21.08,22.37,21.8,21.34,-0.59,0.0,1.0,1.0,0.0,0.0,0.0,0.0,0.0,0.0,0.0,0.0,36.0,21.0,23.0,1440.39,1472.17,0.0,0.0,0.0,0.0,0.0,0.0,0.0,0.0,28.73,28.87,36.0,36.0,36.0,36.0,36.0,36.0,36.0,36.0,0.047383,0.04943,0.0,0.0,0.0,0.0,0.0,0.0,0.0,0.0
2020-01-09 19:45:00,21.29,21.62,22.26,21.32,21.6,20.89,20.6,21.99,21.39,21.22,-0.69,0.0,1.0,1.0,0.0,0.0,0.0,0.0,0.0,0.0,0.0,0.0,36.0,21.0,23.0,1436.82,1468.82,0.0,0.0,0.0,0.0,0.0,0.0,0.0,0.0,28.75,28.89,36.0,36.0,36.0,36.0,36.0,36.0,36.0,36.0,0.047383,0.04943,0.0,0.0,0.0,0.0,0.0,0.0,0.0,0.0
2020-01-09 20:00:00,21.3,21.63,22.17,21.23,21.55,20.55,20.19,21.65,21.05,21.11,-0.78,0.0,1.0,1.0,0.0,0.0,0.0,0.0,0.0,0.0,0.0,0.0,36.0,21.0,23.0,1432.96,1465.0,0.0,0.0,0.0,0.0,0.0,0.0,0.0,0.0,28.76,28.91,36.0,36.0,36.0,36.0,36.0,36.0,36.0,36.0,0.047383,0.04943,0.0,0.0,0.0,0.0,0.0,0.0,0.0,0.0
2020-01-09 20:15:00,21.33,21.65,22.72,21.18,21.63,20.6,20.28,21.67,21.09,21.12,-0.87,0.0,1.0,1.0,1.0,0.0,0.0,1.0,1.0,1.0,1.0,1.0,36.0,21.0,23.0,1428.81,1460.91,936.88,0.0,0.0,1600.18,1626.64,1314.37,1471.42,302.58,28.79,28.93,28.02,36.0,36.0,24.11,24.37,25.65,24.98,22.55,0.047383,0.04943,0.028075,0.0,0.0,0.03219,0.033452,0.030392,0.031957,0.005381
2020-01-09 20:30:00,21.38,21.67,23.12,21.12,21.76,20.98,20.75,21.98,21.44,21.23,-0.96,0.0,1.0,1.0,1.0,0.0,0.0,1.0,1.0,1.0,1.0,1.0,36.0,21.0,23.0,1423.94,1457.72,947.97,0.0,0.0,1422.82,1456.66,1185.01,1325.6,292.1,28.81,28.94,27.92,36.0,36.0,25.43,25.58,26.67,26.08,23.01,0.047383,0.04943,0.028075,0.0,0.0,0.03219,0.033452,0.030392,0.031957,0.005381
2020-01-09 20:45:00,21.42,21.69,23.19,21.04,21.79,21.4,21.24,22.34,21.84,21.35,-1.05,0.0,1.0,1.0,1.0,0.0,0.0,1.0,1.0,1.0,1.0,1.0,36.0,21.0,23.0,1419.2,1454.72,940.35,0.0,0.0,1320.48,1358.19,1111.14,1241.63,285.21,28.83,28.96,27.99,36.0,36.0,26.19,26.29,27.25,26.7,23.32,0.047383,0.04943,0.028075,0.0,0.0,0.03219,0.033452,0.030392,0.031957,0.005381
2020-01-09 21:00:00,21.39,21.65,23.18,20.92,21.79,21.69,21.59,22.6,22.14,21.46,-1.14,0.0,1.0,1.0,1.0,0.0,0.0,1.0,1.0,1.0,1.0,1.0,36.0,21.0,23.0,1362.49,1397.81,915.6,0.0,0.0,1256.14,1296.36,1065.35,1189.09,280.31,29.12,29.23,28.2,36.0,36.0,26.66,26.73,27.61,27.1,23.54,0.047383,0.04943,0.028075,0.0,0.0,0.03219,0.033452,0.030392,0.031957,0.005381
2020-01-09 21:15:00,21.44,21.69,22.91,21.29,21.75,21.9,21.41,22.77,22.31,21.53,-1.23,0.0,1.0,1.0,0.524,0.517,0.0,1.0,0.0,1.0,1.0,1.0,36.0,21.0,23.0,1411.85,1449.38,573.96,703.07,0.0,1211.14,0.0,1033.9,1152.49,276.52,28.87,28.99,26.66,25.01,36.0,27.0,36.0,27.86,27.37,23.71,0.047383,0.04943,0.014701,0.015308,0.0,0.03219,0.0,0.030392,0.031957,0.005381
2020-01-09 21:30:00,21.46,21.71,22.82,21.5,21.75,22.08,20.96,22.93,22.46,21.62,-1.32,0.0,1.0,1.0,0.524,0.517,0.0,1.0,0.0,1.0,1.0,1.0,36.0,21.0,23.0,1409.5,1447.7,573.68,715.64,0.0,1179.48,0.0,1012.35,1127.51,273.58,28.88,28.99,26.66,24.82,36.0,27.23,36.0,28.03,27.56,23.84,0.047383,0.04943,0.014701,0.015308,0.0,0.03219,0.0,0.030392,0.031957,0.005381
2020-01-09 21:45:00,21.48,21.72,22.8,21.47,21.75,22.21,20.48,23.04,22.58,21.69,-1.41,0.0,1.0,1.0,0.524,0.517,0.0,1.0,0.0,1.0,1.0,1.0,36.0,21.0,23.0,1406.2,1445.03,574.47,722.42,0.0,1155.99,0.0,996.89,1109.38,271.17,28.9,29.01,26.65,24.71,36.0,27.41,36.0,28.15,27.69,23.94,0.047383,0.04943,0.014701,0.015308,0.0,0.03219,0.0,0.030392,0.031957,0.005381
2020-01-09 22:00:00,21.49,21.73,22.79,21.43,21.73,22.33,20.07,23.13,22.67,21.75,-1.49,0.0,1.0,1.0,0.524,0.517,0.0,1.0,0.0,1.0,1.0,1.0,36.0,21.0,23.0,1403.1,1442.4,574.89,731.06,0.0,1137.53,0.0,985.08,1095.38,269.12,28.92,29.02,26.64,24.58,36.0,27.55,36.0,28.25,27.8,24.03,0.047383,0.04943,0.014701,0.015308,0.0,0.03219,0.0,0.030392,0.031957,0.005381
2020-01-09 22:15:00,21.5,21.74,23.04,21.82,21.79,22.42,20.18,23.08,22.76,21.82,-1.57,0.0,1.0,1.0,1.0,1.0,0.0,1.0,1.0,0.406,1.0,1.0,36.0,21.0,23.0,1400.41,1440.16,942.33,1197.7,0.0,1122.25,1641.58,436.88,1083.94,267.33,28.93,29.03,27.97,26.33,36.0,27.66,24.26,27.52,27.89,24.11,0.047383,0.04943,0.028075,0.029625,0.0,0.03219,0.033452,0.012332,0.031957,0.005381
2020-01-09 22:30:00,21.54,21.76,23.19,22.1,21.89,22.48,20.66,22.94,22.83,21.88,-1.66,0.0,1.0,1.0,1.0,1.0,0.0,1.0,1.0,0.406,1.0,1.0,36.0,21.0,23.0,1396.96,1437.71,948.65,1192.48,0.0,1109.8,1469.65,464.75,1074.3,265.71,28.95,29.04,27.92,26.37,36.0,27.75,25.49,26.98,27.96,24.19,0.047383,0.04943,0.028075,0.029625,0.0,0.03219,0.033452,0.012332,0.031957,0.005381
2020-01-09 22:45:00,21.57,21.78,23.22,22.18,21.94,22.52,21.15,22.82,22.89,21.94,-1.74,0.0,1.0,1.0,1.0,1.0,0.0,1.0,1.0,0.406,1.0,1.0,36.0,21.0,23.0,1393.56,1435.23,950.83,1182.97,0.0,1099.51,1369.94,482.57,1066.06,264.23,28.96,29.05,27.9,26.45,36.0,27.83,26.2,26.64,28.02,24.25,0.047383,0.04943,0.028075,0.029625,0.0,0.03219,0.033452,0.012332,0.031957,0.005381
2020-01-09 23:00:00,21.53,21.73,23.19,22.21,21.94,22.56,21.5,22.68,22.94,22.01,-1.84,0.0,1.0,1.0,1.0,1.0,0.0,1.0,1.0,0.406,1.0,1.0,36.0,21.0,23.0,1339.01,1379.97,931.42,1147.57,0.0,1091.07,1306.91,494.85,1059.26,262.89,29.24,29.32,28.06,26.73,36.0,27.89,26.65,26.4,28.07,24.31,0.047383,0.04943,0.028075,0.029625,0.0,0.03219,0.033452,0.012332,0.031957,0.005381
2020-01-09 23:15:00,21.56,21.75,22.89,22.28,21.88,22.59,21.66,22.77,22.99,22.05,-1.93,0.0,1.0,1.0,0.515,1.0,0.0,1.0,1.0,1.0,1.0,1.0,36.0,21.0,23.0,1389.46,1433.32,579.75,1168.73,0.0,1083.47,1262.68,1126.09,1053.17,261.57,28.98,29.06,26.4,26.56,36.0,27.95,26.97,27.14,28.12,24.37,0.047383,0.04943,0.014447,0.029625,0.0,0.03219,0.033452,0.030392,0.031957,0.005381
2020-01-09 23:30:00,21.51,21.69,22.72,22.28,21.84,22.65,21.82,22.99,23.03,22.12,-2.03,0.0,1.0,1.0,0.515,1.0,0.0,1.0,1.0,1.0,1.0,1.0,36.0,21.0,23.0,1336.73,1380.11,576.29,1134.39,0.0,1076.94,1233.62,1060.91,1047.89,260.38,29.25,29.32,26.46,26.84,36.0,28.0,27.18,27.65,28.16,24.42,0.047383,0.04943,0.014447,0.029625,0.0,0.03219,0.033452,0.030392,0.031957,0.005381
2020-01-09 23:45:00,21.49,21.67,22.68,22.3,21.76,22.72,21.94,23.13,23.06,22.17,-2.13,0.0,1.0,1.0,0.515,1.0,0.0,1.0,1.0,1.0,1.0,1.0,36.0,21.0,23.0,1336.13,1380.0,582.01,1128.96,0.0,1070.91,1211.79,1022.7,1043.43,259.22,29.25,29.32,26.36,26.88,36.0,28.04,27.33,27.95,28.19,24.48,0.047383,0.04943,0.014447,0.029625,0.0,0.03219,0.033452,0.030392,0.031957,0.005381
2020-01-10 00:00:00,21.48,21.66,22.62,22.31,21.77,22.78,22.04,23.23,23.1,22.22,-2.18,0.0,1.0,1.0,0.515,1.0,0.0,1.0,1.0,1.0,1.0,1.0,36.0,21.0,23.0,1336.85,1381.47,584.3,1120.57,0.0,1064.88,1194.94,998.61,1039.41,258.11,29.25,29.31,26.32,26.95,36.0,28.09,27.45,28.14,28.22,24.52,0.047383,0.04943,0.014447,0.029625,0.0,0.03219,0.033452,0.030392,0.031957,0.005381
2020-01-10 00:15:00,21.48,21.65,22.92,22.35,21.73,22.84,21.76,23.07,23.03,22.27,-2.24,0.0,1.0,1.0,1.0,1.0,0.0,1.0,0.0,0.159,0.57,1.0,36.0,21.0,23.0,1337.38,1382.43,958.72,1112.46,0.0,1059.22,0.0,179.94,632.48,257.04,29.25,29.31,27.83,27.02,36.0,28.13,36.0,27.09,27.69,24.57,0.047383,0.04943,0.028075,0.029625,0.0,0.03219,0.0,0.004832,0.018212,0.005381
2020-01-10 00:30:00,21.53,21.7,23.0,22.41,21.86,22.81,21.34,22.82,22.91,22.31,-2.29,0.0,1.0,1.0,1.0,1.0,0.0,1.0,0.0,0.159,0.57,1.0,36.0,21.0,23.0,1388.73,1435.73,985.05,1130.85,0.0,1054.14,0.0,197.31,662.59,255.98,28.99,29.05,27.61,26.87,36.0,28.17,36.0,26.23,27.3,24.62,0.047383,0.04943,0.028075,0.029625,0.0,0.03219,0.0,0.004832,0.018212,0.005381
2020-01-10 00:45:00,21.56,21.72,23.05,22.49,21.9,22.79,20.82,22.51,22.78,22.36,-2.35,0.0,1.0,1.0,1.0,1.0,0.0,1.0,0.0,0.159,0.57,1.0,36.0,21.0,23.0,1388.02,1435.76,984.35,1120.93,0.0,1051.08,0.0,209.37,681.56,254.98,28.99,29.05,27.61,26.95,36.0,28.19,36.0,25.63,27.05,24.66,0.047383,0.04943,0.028075,0.029625,0.0,0.03219,0.0,0.004832,0.018212,0.005381
2020-01-10 01:00:00,21.55,21.71,23.04,22.52,21.9,22.73,20.37,22.27,22.65,22.41,-2.41,0.0,1.0,1.0,1.0,1.0,0.0,1.0,0.0,0.159,0.57,1.0,36.0,21.0,23.0,1388.28,1436.64,986.17,1112.25,0.0,1049.11,0.0,218.55,695.06,254.02,28.99,29.05,27.6,27.02,36.0,28.2,36.0,25.18,26.87,24.71,0.047383,0.04943,0.028075,0.029625,0.0,0.03219,0.0,0.004832,0.018212,0.005381
2020-01-10 01:15:00,21.49,21.64,22.97,22.51,21.9,22.69,20.42,22.32,22.65,22.34,-2.48,0.0,1.0,1.0,0.978,1.0,0.0,1.0,1.0,1.0,1.0,0.0,36.0,21.0,23.0,1336.51,1383.96,949.9,1077.55,0.0,1048.12,1593.16,1230.9,1154.13,0.0,29.25,29.3,27.73,27.3,36.0,28.21,24.61,26.31,27.36,36.0,0.047383,0.04943,0.027465,0.029625,0.0,0.03219,0.033452,0.030392,0.031957,0.0
2020-01-10 01:30:00,21.5,21.65,22.96,22.53,21.86,22.72,20.8,22.52,22.74,22.22,-2.54,0.0,1.0,1.0,0.978,1.0,0.0,1.0,1.0,1.0,1.0,0.0,36.0,21.0,23.0,1390.22,1439.74,976.27,1096.73,0.0,1047.61,1432.79,1130.67,1109.0,0.0,28.98,29.03,27.5,27.14,36.0,28.21,25.75,27.1,27.7,36.0,0.047383,0.04943,0.027465,0.029625,0.0,0.03219,0.033452,0.030392,0.031957,0.0
2020-01-10 01:45:00,21.49,21.63,22.94,22.54,21.86,22.76,21.23,22.73,22.82,22.09,-2.61,0.0,1.0,1.0,0.978,1.0,0.0,1.0,1.0,1.0,1.0,0.0,36.0,21.0,23.0,1391.51,1441.54,973.9,1094.5,0.0,1045.95,1341.92,1075.01,1084.01,0.0,28.97,29.02,27.52,27.16,36.0,28.23,26.4,27.54,27.88,36.0,0.047383,0.04943,0.027465,0.029625,0.0,0.03219,0.033452,0.030392,0.031957,0.0
2020-01-10 02:00:00,21.45,21.6,22.94,22.53,21.85,22.81,21.55,22.93,22.92,21.95,-2.66,0.0,1.0,1.0,0.978,1.0,0.0,1.0,1.0,1.0,1.0,0.0,36.0,21.0,23.0,1337.75,1386.38,946.57,1064.47,0.0,1043.97,1285.5,1040.95,1068.65,0.0,29.25,29.29,27.76,27.4,36.0,28.24,26.81,27.81,28.0,36.0,0.047383,0.04943,0.027465,0.029625,0.0,0.03219,0.033452,0.030392,0.031957,0.0
2020-01-10 02:15:00,21.49,21.64,22.23,22.56,21.75,22.86,21.39,23.03,22.96,21.86,-2.72,0.0,1.0,1.0,0.0,1.0,0.0,1.0,0.0,0.99,0.904,0.0,36.0,21.0,23.0,1387.6,1437.41,0.0,1086.24,0.0,1041.09,0.0,1008.32,970.32,0.0,28.99,29.04,36.0,27.23,36.0,28.26,36.0,27.99,27.96,36.0,0.047383,0.04943,0.0,0.029625,0.0,0.03219,0.0,0.030099,0.02889,0.0
2020-01-10 02:30:00,21.49,21.65,21.89,22.55,21.63,22.92,20.96,23.14,22.99,21.75,-2.77,0.0,1.0,1.0,0.0,1.0,0.0,1.0,0.0,0.99,0.904,0.0,36.0,21.0,23.0,1387.17,1436.61,0.0,1083.25,0.0,1037.88,0.0,993.13,973.19,0.0,29.0,29.05,36.0,27.25,36.0,28.29,36.0,28.11,27.94,36.0,0.047383,0.04943,0.0,0.029625,0.0,0.03219,0.0,0.030099,0.02889,0.0
2020-01-10 02:45:00,21.49,21.66,21.78,22.56,21.59,22.98,20.48,23.23,23.02,21.65,-2.82,0.0,1.0,1.0,0.0,1.0,0.0,1.0,0.0,0.99,0.904,0.0,36.0,21.0,23.0,1385.48,1434.56,0.0,1079.69,0.0,1034.33,0.0,981.3,973.4,0.0,29.0,29.06,36.0,27.28,36.0,28.31,36.0,28.2,27.94,36.0,0.047383,0.04943,0.0,0.029625,0.0,0.03219,0.0,0.030099,0.02889,0.0
2020-01-10 03:00:00,21.5,21.67,21.69,22.58,21.58,23.02,20.06,23.29,23.04,21.56,-2.86,0.0,1.0,1.0,0.0,1.0,0.0,1.0,0.0,0.99,0.904,0.0,36.0,21.0,23.0,1383.86,1432.95,0.0,1076.05,0.0,1030.89,0.0,971.99,972.63,0.0,29.01,29.06,36.0,27.31,36.0,28.34,36.0,28.27,27.95,36.0,0.047383,0.04943,0.0,0.029625,0.0,0.03219,0.0,0.030099,0.02889,0.0
2020-01-10 03:15:00,21.45,21.61,21.61,22.59,21.57,23.06,20.17,23.07,23.08,21.45,-2.9,0.0,1.0,1.0,0.0,1.0,0.0,1.0,1.0,0.06,0.872,0.0,36.0,21.0,23.0,1330.42,1378.78,0.0,1046.39,0.0,1027.82,1637.7,68.57,941.33,0.0,29.28,29.33,36.0,27.55,36.0,28.36,24.29,27.02,27.91,36.0,0.047383,0.04943,0.0,0.029625,0.0,0.03219,0.033452,0.001827,0.027853,0.0
2020-01-10 03:30:00,21.49,21.64,21.51,22.61,21.55,23.04,20.6,22.74,23.08,21.38,-2.94,0.0,1.0,1.0,0.0,1.0,0.0,1.0,1.0,0.06,0.872,0.0,36.0,21.0,23.0,1382.08,1432.69,0.0,1069.62,0.0,1025.05,1467.11,76.55,943.05,0.0,29.02,29.07,36.0,27.36,36.0,28.38,25.51,25.97,27.9,36.0,0.047383,0.04943,0.0,0.029625,0.0,0.03219,0.033452,0.001827,0.027853,0.0
2020-01-10 03:45:00,21.51,21.66,21.37,22.63,21.55,23.0,21.11,22.42,23.09,21.29,-2.97,0.0,1.0,1.0,0.0,1.0,0.0,1.0,1.0,0.06,0.872,0.0,36.0,21.0,23.0,1382.7,1433.63,0.0,1067.96,0.0,1023.58,1368.67,82.22,943.57,0.0,29.02,29.06,36.0,27.38,36.0,28.39,26.21,25.23,27.9,36.0,0.047383,0.04943,0.0,0.029625,0.0,0.03219,0.033452,0.001827,0.027853,0.0
2020-01-10 04:00:00,21.45,21.6,21.22,22.61,21.54,22.95,21.45,22.14,23.08,21.19,-2.99,0.0,1.0,1.0,0.0,1.0,0.0,1.0,1.0,0.06,0.872,0.0,36.0,21.0,23.0,1330.79,1380.45,0.0,1040.7,0.0,1023.02,1306.62,86.49,943.62,0.0,29.28,29.32,36.0,27.6,36.0,28.4,26.66,24.67,27.9,36.0,0.047383,0.04943,0.0,0.029625,0.0,0.03219,0.033452,0.001827,0.027853,0.0
2020-01-10 04:15:00,21.47,21.62,21.11,21.85,21.34,22.88,21.6,22.01,23.04,21.13,-3.0,0.0,1.0,1.0,0.0,0.0,0.0,1.0,1.0,0.116,0.711,0.0,36.0,21.0,23.0,1383.23,1434.81,0.0,0.0,0.0,1023.51,1262.68,171.64,790.6,0.0,29.02,29.06,36.0,36.0,36.0,28.39,26.97,24.33,27.68,36.0,0.047383,0.04943,0.0,0.0,0.0,0.03219,0.033452,0.003518,0.02273,0.0
2020-01-10 04:30:00,21.41,21.54,20.9,21.31,21.17,22.83,21.79,21.82,22.94,21.03,-3.01,0.0,1.0,1.0,0.0,0.0,0.0,1.0,1.0,0.116,0.711,0.0,36.0,21.0,23.0,1333.51,1384.16,0.0,0.0,0.0,1024.18,1234.16,175.52,805.31,0.0,29.27,29.3,36.0,36.0,36.0,28.39,27.17,24.06,27.52,36.0,0.047383,0.04943,0.0,0.0,0.0,0.03219,0.033452,0.003518,0.02273,0.0
2020-01-10 04:45:00,21.38,21.51,20.76,21.19,21.04,22.77,21.9,21.71,22.88,20.95,-3.02,0.0,1.0,1.0,0.0,0.0,0.0,1.0,1.0,0.116,0.711,0.0,36.0,21.0,23.0,1335.04,1386.14,0.0,0.0,0.0,1024.66,1212.6,179.02,815.1,0.0,29.26,29.29,36.0,36.0,36.0,28.38,27.33,23.83,27.42,36.0,0.047383,0.04943,0.0,0.0,0.0,0.03219,0.033452,0.003518,0.02273,0.0
2020-01-10 05:00:00,21.34,21.47,20.6,21.07,21.01,22.72,21.99,21.59,22.82,20.87,-3.05,0.0,1.0,1.0,0.0,0.0,0.0,1.0,1.0,0.116,0.711,0.0,36.0,21.0,23.0,1337.19,1388.58,0.0,0.0,0.0,1026.0,1196.26,182.05,822.04,0.0,29.25,29.28,36.0,36.0,36.0,28.37,27.44,23.62,27.35,36.0,0.047383,0.04943,0.0,0.0,0.0,0.03219,0.033452,0.003518,0.02273,0.0
2020-01-10 05:15:00,21.37,21.49,21.28,21.36,21.05,22.65,22.05,21.47,22.57,20.9,-3.07,0.0,1.0,1.0,1.0,0.437,0.488,1.0,1.0,0.0,0.0,1.0,36.0,21.0,23.0,1390.49,1443.94,1114.08,581.96,128.72,1028.03,1182.88,0.0,0.0,314.57,28.98,29.01,26.51,25.24,21.71,28.36,27.54,36.0,36.0,22.01,0.047383,0.04943,0.028075,0.012943,0.002154,0.03219,0.033452,0.0,0.0,0.005381
2020-01-10 05:30:00,21.4,21.52,21.87,21.52,21.23,22.53,22.13,21.27,22.12,21.03,-3.09,0.0,1.0,1.0,1.0,0.437,0.488,1.0,1.0,0.0,0.0,1.0,36.0,21.0,23.0,1391.09,1444.75,1134.0,593.42,128.94,1030.33,1172.23,0.0,0.0,301.5,28.98,29.01,26.34,25.03,21.68,28.34,27.62,36.0,36.0,22.6,0.047383,0.04943,0.028075,0.012943,0.002154,0.03219,0.033452,0.0,0.0,0.005381
2020-01-10 05:45:00,21.42,21.54,21.96,21.5,21.31,22.38,22.2,21.08,21.75,21.18,-3.11,0.0,1.0,1.0,1.0,0.437,0.488,1.0,1.0,0.0,0.0,1.0,36.0,21.0,23.0,1390.66,1444.38,1130.53,600.59,128.77,1034.01,1163.02,0.0,0.0,292.79,28.98,29.01,26.37,24.9,21.7,28.32,27.68,36.0,36.0,22.98,0.047383,0.04943,0.028075,0.012943,0.002154,0.03219,0.033452,0.0,0.0,0.005381
2020-01-10 06:00:00,21.37,21.49,21.95,21.42,21.32,22.28,22.27,20.9,21.44,21.31,-3.14,0.0,1.0,1.0,1.0,0.437,0.488,1.0,1.0,0.0,0.0,1.0,36.0,21.0,23.0,1338.14,1390.41,1106.92,603.6,128.51,1037.82,1155.28,0.0,0.0,286.57,29.24,29.27,26.57,24.84,21.73,28.29,27.74,36.0,36.0,23.26,0.047383,0.04943,0.028075,0.012943,0.002154,0.03219,0.033452,0.0,0.0,0.005381
2020-01-10 06:15:00,21.39,21.51,21.06,20.88,21.1,22.18,22.05,21.03,21.28,21.29,-3.16,0.0,1.0,1.0,0.0,0.0,0.0,1.0,0.042,1.0,0.0,0.0,36.0,21.0,23.0,1390.08,1444.15,0.0,0.0,0.0,1041.49,56.55,1510.55,0.0,0.0,28.98,29.01,36.0,36.0,36.0,28.26,26.27,24.11,36.0,36.0,0.047383,0.04943,0.0,0.0,0.0,0.03219,0.00139,0.030392,0.0,0.0
2020-01-10 06:30:00,21.37,21.48,20.46,20.46,20.9,22.19,21.57,21.42,21.08,21.19,-3.18,0.0,1.0,1.0,0.0,0.0,0.0,1.0,0.042,1.0,0.0,0.0,36.0,21.0,23.0,1391.75,1446.29,0.0,0.0,0.0,1044.13,63.51,1334.73,0.0,0.0,28.97,29.0,36.0,36.0,36.0,28.24,25.07,25.49,36.0,36.0,0.047383,0.04943,0.0,0.0,0.0,0.03219,0.00139,0.030392,0.0,0.0
2020-01-10 06:45:00,21.34,21.45,20.27,20.26,20.79,22.24,21.07,21.76,20.95,21.07,-3.2,0.0,1.0,1.0,0.0,0.0,0.0,1.0,0.042,1.0,0.0,0.0,36.0,21.0,23.0,1392.98,1447.93,0.0,0.0,0.0,1044.73,68.59,1233.08,0.0,0.0,28.97,28.99,36.0,36.0,36.0,28.24,24.2,26.29,36.0,36.0,0.047383,0.04943,0.0,0.0,0.0,0.03219,0.00139,0.030392,0.0,0.0
2020-01-10 07:00:00,21.32,21.43,20.14,20.11,20.71,22.26,20.66,22.0,20.85,20.97,-3.21,0.0,1.0,1.0,0.0,0.0,0.0,1.0,0.042,1.0,0.0,0.0,36.0,21.0,23.0,1392.89,1448.09,0.0,0.0,0.0,1044.65,72.59,1168.8,0.0,0.0,28.97,28.99,36.0,36.0,36.0,28.24,23.51,26.8,36.0,36.0,0.047383,0.04943,0.0,0.0,0.0,0.03219,0.00139,0.030392,0.0,0.0
2020-01-10 07:15:00,21.33,21.43,20.8,20.78,20.86,22.29,20.7,21.89,21.0,20.98,-3.23,0.0,1.0,1.0,1.0,1.0,1.0,1.0,1.0,0.0,1.0,1.0,36.0,21.0,23.0,1392.01,1447.45,1175.88,1230.57,249.51,1044.49,1537.75,0.0,1585.87,307.15,28.97,28.99,25.98,26.06,22.47,28.24,25.0,36.0,24.13,22.34,0.047383,0.04943,0.028075,0.029625,0.004411,0.03219,0.033452,0.0,0.031957,0.005381
2020-01-10 07:30:00,21.39,21.5,21.52,21.47,21.15,22.34,21.1,21.59,21.41,21.1,-3.24,0.0,1.0,1.0,1.0,1.0,1.0,1.0,1.0,0.0,1.0,1.0,36.0,21.0,23.0,1389.23,1444.66,1194.98,1252.08,251.39,1043.83,1391.52,0.0,1404.6,296.08,28.99,29.01,25.82,25.89,22.37,28.24,26.05,36.0,25.48,22.84,0.047383,0.04943,0.028075,0.029625,0.004411,0.03219,0.033452,0.0,0.031957,0.005381
2020-01-10 07:45:00,21.43,21.54,21.67,21.62,21.29,22.38,21.53,21.35,21.74,21.23,-3.26,0.0,1.0,1.0,1.0,1.0,1.0,1.0,1.0,0.0,1.0,1.0,36.0,21.0,23.0,1385.98,1441.3,1184.91,1244.96,250.35,1042.39,1307.61,0.0,1300.21,288.73,29.0,29.02,25.9,25.95,22.42,28.25,26.65,36.0,26.27,23.16,0.047383,0.04943,0.028075,0.029625,0.004411,0.03219,0.033452,0.0,0.031957,0.005381
2020-01-10 08:00:00,21.4,21.51,21.7,21.64,21.33,22.4,21.81,21.14,21.98,21.35,-3.23,0.0,1.0,1.0,1.0,1.0,1.0,1.0,1.0,0.0,1.0,1.0,36.0,21.0,23.0,1332.27,1386.0,1155.83,1217.74,248.54,1041.37,1255.53,0.0,1235.84,283.47,29.27,29.29,26.15,26.17,22.52,28.26,27.02,36.0,26.75,23.4,0.047383,0.04943,0.028075,0.029625,0.004411,0.03219,0.033452,0.0,0.031957,0.005381
2020-01-10 08:15:00,21.42,21.53,20.78,20.71,21.05,22.33,21.83,21.16,21.84,21.32,-3.2,5.3,1.0,1.0,0.0,0.0,0.0,0.742,0.586,0.494,0.0,0.0,36.0,21.0,23.0,1381.47,1437.63,0.0,0.0,0.0,806.59,766.36,772.58,0.0,0.0,29.02,29.04,36.0,36.0,36.0,27.92,26.65,23.7,36.0,36.0,0.047383,0.04943,0.0,0.0,0.0,0.023884,0.019611,0.015021,0.0,0.0
2020-01-10 08:30:00,21.4,21.49,20.19,20.09,20.79,22.23,21.76,21.25,21.5,21.22,-3.17,60.9,1.0,1.0,0.0,0.0,0.0,0.742,0.586,0.494,0.0,0.0,36.0,21.0,23.0,1379.47,1437.59,0.0,0.0,0.0,830.1,789.3,738.08,0.0,0.0,29.04,29.04,36.0,36.0,36.0,27.69,26.37,24.24,36.0,36.0,0.047383,0.04943,0.0,0.0,0.0,0.023884,0.019611,0.015021,0.0,0.0
2020-01-10 08:45:00,21.33,21.42,20.03,19.92,20.69,22.15,21.69,21.36,21.17,21.09,-3.15,116.5,1.0,1.0,0.0,0.0,0.0,0.742,0.586,0.494,0.0,0.0,36.0,21.0,23.0,1325.42,1383.66,0.0,0.0,0.0,843.38,801.67,716.96,0.0,0.0,29.31,29.3,36.0,36.0,36.0,27.55,26.22,24.58,36.0,36.0,0.047383,0.04943,0.0,0.0,0.0,0.023884,0.019611,0.015021,0.0,0.0
2020-01-10 09:00:00,21.35,21.42,19.94,19.82,20.59,22.07,21.65,21.42,20.94,20.98,-2.83,172.1,1.0,1.0,0.0,0.0,0.0,0.742,0.586,0.494,0.0,0.0,36.0,21.0,23.0,1322.9,1383.15,0.0,0.0,0.0,851.59,809.07,701.26,0.0,0.0,29.32,29.31,36.0,36.0,36.0,27.47,26.13,24.83,36.0,36.0,0.047383,0.04943,0.0,0.0,0.0,0.023884,0.019611,0.015021,0.0,0.0
2020-01-10 09:15:00,21.42,21.48,20.74,20.46,20.82,21.89,21.75,21.52,21.0,21.0,-2.51,227.7,1.0,1.0,1.0,1.0,1.0,0.0,1.0,0.0,0.84,1.0,36.0,21.0,23.0,1367.78,1432.26,1135.82,1271.7,250.62,0.0,1293.46,0.0,1308.26,305.83,29.09,29.07,26.32,25.73,22.41,36.0,26.75,36.0,24.35,22.4,0.047383,0.04943,0.028075,0.029625,0.004411,0.0,0.033452,0.0,0.026854,0.005381
2020-01-10 09:30:00,21.56,21.61,21.89,21.2,21.23,21.68,22.0,21.69,21.18,21.11,-2.2,248.3,1.0,1.0,1.0,1.0,1.0,0.0,1.0,0.0,0.84,1.0,36.0,21.0,23.0,1360.41,1426.46,1071.21,1287.43,251.76,0.0,1226.22,0.0,1195.51,294.97,29.13,29.1,26.87,25.6,22.35,36.0,27.23,36.0,25.35,22.89,0.047383,0.04943,0.028075,0.029625,0.004411,0.0,0.033452,0.0,0.026854,0.005381
2020-01-10 09:45:00,21.68,21.71,22.5,21.44,21.47,21.47,22.32,21.85,21.42,21.24,-1.88,269.0,1.0,1.0,1.0,1.0,1.0,0.0,1.0,0.0,0.84,1.0,36.0,21.0,23.0,1353.42,1420.93,982.01,1278.55,250.73,0.0,1176.39,0.0,1129.57,287.83,29.17,29.12,27.63,25.68,22.4,36.0,27.59,36.0,25.94,23.2,0.047383,0.04943,0.028075,0.029625,0.004411,0.0,0.033452,0.0,0.026854,0.005381
2020-01-10 10:00:00,21.7,21.72,22.83,21.49,21.59,21.25,22.52,21.97,21.63,21.36,-1.6,289.6,1.0,1.0,1.0,1.0,1.0,0.0,1.0,0.0,0.84,1.0,36.0,21.0,23.0,1297.56,1364.44,936.55,1245.07,248.27,0.0,1142.89,0.0,1087.07,282.72,29.45,29.4,28.02,25.95,22.54,36.0,27.83,36.0,26.32,23.43,0.047383,0.04943,0.028075,0.029625,0.004411,0.0,0.033452,0.0,0.026854,0.005381
2020-01-10 10:15:00,20.71,20.74,22.3,20.63,21.23,21.2,22.28,22.02,21.49,21.34,-1.33,310.3,0.0,0.0,0.0,0.0,0.0,0.0,0.0,0.0,0.0,0.0,27.91,21.0,23.0,0.0,0.0,0.0,0.0,0.0,0.0,0.0,0.0,0.0,0.0,36.0,36.0,36.0,36.0,36.0,36.0,36.0,36.0,36.0,36.0,0.0,0.0,0.0,0.0,0.0,0.0,0.0,0.0,0.0,0.0
2020-01-10 10:30:00,20.14,20.15,21.93,20.0,20.74,21.06,21.76,22.15,21.14,21.23,-1.05,332.6,0.0,0.0,0.0,0.0,0.0,0.0,0.0,0.0,0.0,0.0,27.91,21.0,23.0,0.0,0.0,0.0,0.0,0.0,0.0,0.0,0.0,0.0,0.0,36.0,36.0,36.0,36.0,36.0,36.0,36.0,36.0,36.0,36.0,0.0,0.0,0.0,0.0,0.0,0.0,0.0,0.0,0.0,0.0
2020-01-10 10:45:00,19.91,19.87,22.01,19.83,20.57,20.96,21.2,22.28,20.81,21.11,-0.78,354.9,0.0,0.0,0.0,0.0,0.0,0.0,0.0,0.0,0.0,0.0,27.91,21.0,23.0,0.0,0.0,0.0,0.0,0.0,0.0,0.0,0.0,0.0,0.0,36.0,36.0,36.0,36.0,36.0,36.0,36.0,36.0,36.0,36.0,0.0,0.0,0.0,0.0,0.0,0.0,0.0,0.0,0.0,0.0
2020-01-10 11:00:00,19.77,19.72,22.21,19.79,20.51,20.9,20.81,22.51,20.63,21.0,-0.5,377.2,0.0,0.0,0.0,0.0,0.0,0.0,0.0,0.0,0.0,0.0,27.91,21.0,23.0,0.0,0.0,0.0,0.0,0.0,0.0,0.0,0.0,0.0,0.0,36.0,36.0,36.0,36.0,36.0,36.0,36.0,36.0,36.0,36.0,0.0,0.0,0.0,0.0,0.0,0.0,0.0,0.0,0.0,0.0
2020-01-10 11:15:00,20.69,20.62,22.44,20.57,20.93,21.14,20.99,22.69,20.89,21.02,-0.23,399.5,1.0,1.0,0.0,1.0,1.0,0.611,1.0,0.0,1.0,1.0,36.0,21.0,23.0,1445.81,1532.32,0.0,1257.79,250.41,1015.59,1512.09,0.0,1508.88,305.19,28.7,28.58,36.0,25.84,22.42,23.65,25.19,36.0,24.7,22.43,0.047383,0.04943,0.0,0.029625,0.004411,0.019681,0.033452,0.0,0.031957,0.005381
2020-01-10 11:30:00,21.37,21.29,22.88,21.53,21.48,21.56,21.46,23.04,21.48,21.13,0.05,404.9,1.0,1.0,0.0,1.0,1.0,0.611,1.0,0.0,1.0,1.0,36.0,21.0,23.0,1484.16,1573.23,0.0,1252.13,250.96,934.55,1356.31,0.0,1332.94,294.43,28.51,28.39,36.0,25.89,22.39,24.64,26.3,36.0,26.02,22.91,0.047383,0.04943,0.0,0.029625,0.004411,0.019681,0.033452,0.0,0.031957,0.005381
2020-01-10 11:45:00,21.55,21.47,23.23,21.98,21.76,22.0,21.99,23.43,22.15,21.25,0.32,410.4,1.0,1.0,0.0,1.0,1.0,0.611,1.0,0.0,1.0,1.0,36.0,21.0,23.0,1487.41,1576.98,0.0,1213.34,249.41,882.67,1264.74,0.0,1217.34,287.33,28.49,28.37,36.0,26.2,22.47,25.27,26.96,36.0,26.89,23.23,0.047383,0.04943,0.0,0.029625,0.004411,0.019681,0.033452,0.0,0.031957,0.005381
2020-01-10 12:00:00,21.62,21.53,23.42,22.26,21.89,22.3,22.34,23.71,22.67,21.37,0.52,415.8,1.0,1.0,0.0,1.0,1.0,0.611,1.0,0.0,1.0,1.0,36.0,21.0,23.0,1502.65,1593.96,0.0,1182.78,248.46,846.89,1205.32,0.0,1130.59,282.21,28.41,28.29,36.0,26.45,22.53,25.71,27.38,36.0,27.54,23.45,0.047383,0.04943,0.0,0.029625,0.004411,0.019681,0.033452,0.0,0.031957,0.005381
2020-01-10 12:15:00,20.6,20.5,23.47,21.69,21.58,22.38,22.24,23.88,22.8,21.35,0.72,421.3,0.0,0.0,0.0,0.0,0.0,0.0,0.0,0.0,0.0,0.0,27.37,21.0,23.0,0.0,0.0,0.0,0.0,0.0,0.0,0.0,0.0,0.0,0.0,36.0,36.0,36.0,36.0,36.0,36.0,36.0,36.0,36.0,36.0,0.0,0.0,0.0,0.0,0.0,0.0,0.0,0.0,0.0,0.0
2020-01-10 12:30:00,20.15,20.03,23.61,21.41,21.31,22.33,21.83,24.15,22.81,21.24,0.91,493.1,0.0,0.0,0.0,0.0,0.0,0.0,0.0,0.0,0.0,0.0,27.37,21.0,23.0,0.0,0.0,0.0,0.0,0.0,0.0,0.0,0.0,0.0,0.0,36.0,36.0,36.0,36.0,36.0,36.0,36.0,36.0,36.0,36.0,0.0,0.0,0.0,0.0,0.0,0.0,0.0,0.0,0.0,0.0
2020-01-10 12:45:00,20.06,19.95,23.95,21.81,21.36,22.32,21.36,24.47,22.87,21.13,1.11,564.9,0.0,0.0,0.0,0.0,0.0,0.0,0.0,0.0,0.0,0.0,27.37,21.0,23.0,0.0,0.0,0.0,0.0,0.0,0.0,0.0,0.0,0.0,0.0,36.0,36.0,36.0,36.0,36.0,36.0,36.0,36.0,36.0,36.0,0.0,0.0,0.0,0.0,0.0,0.0,0.0,0.0,0.0,0.0
2020-01-10 13:00:00,20.1,19.95,24.26,22.32,21.5,22.42,21.0,24.75,23.09,21.02,1.37,636.8,0.0,0.0,0.0,0.0,0.0,0.0,0.0,0.0,0.0,0.0,27.37,21.0,23.0,0.0,0.0,0.0,0.0,0.0,0.0,0.0,0.0,0.0,0.0,36.0,36.0,36.0,36.0,36.0,36.0,36.0,36.0,36.0,36.0,0.0,0.0,0.0,0.0,0.0,0.0,0.0,0.0,0.0,0.0
2020-01-10 13:15:00,21.05,20.88,24.65,22.87,21.96,22.57,21.0,25.07,23.42,21.03,1.64,708.6,1.0,1.0,0.0,0.0,0.0,0.0,0.652,0.0,0.0,1.0,36.0,21.0,23.0,1403.47,1501.93,0.0,0.0,0.0,0.0,1049.09,0.0,0.0,304.94,28.91,28.73,36.0,36.0,36.0,36.0,24.5,36.0,36.0,22.44,0.047383,0.04943,0.0,0.0,0.0,0.0,0.021821,0.0,0.0,0.005381
2020-01-10 13:30:00,21.79,21.62,25.01,23.59,22.47,22.74,21.22,25.36,23.84,21.14,1.9,705.0,1.0,1.0,0.0,0.0,0.0,0.0,0.652,0.0,0.0,1.0,36.0,21.0,23.0,1409.12,1509.99,0.0,0.0,0.0,0.0,983.02,0.0,0.0,294.22,28.89,28.69,36.0,36.0,36.0,36.0,25.22,36.0,36.0,22.92,0.047383,0.04943,0.0,0.0,0.0,0.0,0.021821,0.0,0.0,0.005381
2020-01-10 13:45:00,22.02,21.85,25.25,24.15,22.77,22.91,21.47,25.56,24.24,21.27,2.17,701.4,1.0,1.0,0.0,0.0,0.0,0.0,0.652,0.0,0.0,1.0,36.0,21.0,23.0,1368.8,1468.19,0.0,0.0,0.0,0.0,943.69,0.0,0.0,287.14,29.09,28.89,36.0,36.0,36.0,36.0,25.65,36.0,36.0,23.23,0.047383,0.04943,0.0,0.0,0.0,0.0,0.021821,0.0,0.0,0.005381
2020-01-10 14:00:00,22.16,21.98,25.37,24.6,22.98,23.04,21.65,25.69,24.63,21.38,2.28,697.7,1.0,1.0,0.0,0.0,0.0,0.0,0.652,0.0,0.0,1.0,36.0,21.0,23.0,1356.69,1455.22,0.0,0.0,0.0,0.0,918.3,0.0,0.0,282.02,29.15,28.96,36.0,36.0,36.0,36.0,25.93,36.0,36.0,23.46,0.047383,0.04943,0.0,0.0,0.0,0.0,0.021821,0.0,0.0,0.005381
2020-01-10 14:15:00,21.25,21.11,25.46,24.91,22.88,23.13,21.53,25.84,24.95,21.36,2.39,694.1,0.0,0.0,0.0,0.0,0.0,0.0,0.0,0.0,0.0,0.0,28.27,21.0,23.0,0.0,0.0,0.0,0.0,0.0,0.0,0.0,0.0,0.0,0.0,36.0,36.0,36.0,36.0,36.0,36.0,36.0,36.0,36.0,36.0,0.0,0.0,0.0,0.0,0.0,0.0,0.0,0.0,0.0,0.0
2020-01-10 14:30:00,20.89,20.75,25.3,25.06,22.72,23.21,21.12,25.86,25.31,21.25,2.5,668.7,0.0,0.0,0.0,0.0,0.0,0.0,0.0,0.0,0.0,0.0,28.27,21.0,23.0,0.0,0.0,0.0,0.0,0.0,0.0,0.0,0.0,0.0,0.0,36.0,36.0,36.0,36.0,36.0,36.0,36.0,36.0,36.0,36.0,0.0,0.0,0.0,0.0,0.0,0.0,0.0,0.0,0.0,0.0
2020-01-10 14:45:00,20.81,20.66,25.18,25.21,22.68,23.26,20.73,25.81,25.6,21.13,2.61,643.2,0.0,0.0,0.0,0.0,0.0,0.0,0.0,0.0,0.0,0.0,28.27,21.0,23.0,0.0,0.0,0.0,0.0,0.0,0.0,0.0,0.0,0.0,0.0,36.0,36.0,36.0,36.0,36.0,36.0,36.0,36.0,36.0,36.0,0.0,0.0,0.0,0.0,0.0,0.0,0.0,0.0,0.0,0.0
2020-01-10 15:00:00,20.75,20.6,25.06,25.39,22.7,23.28,20.4,25.73,25.89,21.01,2.59,617.7,0.0,0.0,0.0,0.0,0.0,0.0,0.0,0.0,0.0,0.0,28.27,21.0,23.0,0.0,0.0,0.0,0.0,0.0,0.0,0.0,0.0,0.0,0.0,36.0,36.0,36.0,36.0,36.0,36.0,36.0,36.0,36.0,36.0,0.0,0.0,0.0,0.0,0.0,0.0,0.0,0.0,0.0,0.0
2020-01-10 15:15:00,21.38,21.4,25.01,25.55,22.9,23.34,20.56,25.62,26.03,21.01,2.56,592.2,0.692,1.0,0.0,0.0,0.0,0.0,1.0,0.0,0.0,0.744,36.0,21.0,23.0,1069.64,1435.28,0.0,0.0,0.0,0.0,1602.41,0.0,0.0,229.92,28.19,29.05,36.0,36.0,36.0,36.0,24.54,36.0,36.0,22.25,0.032774,0.04943,0.0,0.0,0.0,0.0,0.033452,0.0,0.0,0.004001
2020-01-10 15:30:00,21.81,21.99,24.87,25.51,23.11,23.29,21.03,25.36,26.05,21.07,2.54,448.0,0.692,1.0,0.0,0.0,0.0,0.0,1.0,0.0,0.0,0.744,36.0,21.0,23.0,1084.84,1460.38,0.0,0.0,0.0,0.0,1429.22,0.0,0.0,224.51,28.08,28.93,36.0,36.0,36.0,36.0,25.78,36.0,36.0,22.58,0.032774,0.04943,0.0,0.0,0.0,0.0,0.033452,0.0,0.0,0.004001
2020-01-10 15:45:00,21.85,22.06,24.57,25.19,23.07,23.13,21.51,25.0,25.82,21.14,2.51,303.7,0.692,1.0,0.0,0.0,0.0,0.0,1.0,0.0,0.0,0.744,36.0,21.0,23.0,1083.35,1444.5,0.0,0.0,0.0,0.0,1330.4,0.0,0.0,220.98,28.09,29.01,36.0,36.0,36.0,36.0,26.49,36.0,36.0,22.79,0.032774,0.04943,0.0,0.0,0.0,0.0,0.033452,0.0,0.0,0.004001
2020-01-10 16:00:00,21.79,22.04,24.2,24.68,22.9,22.87,21.83,24.57,25.38,21.2,2.26,159.5,0.692,1.0,0.0,0.0,0.0,0.0,1.0,0.0,0.0,0.744,36.0,21.0,23.0,1089.02,1441.97,0.0,0.0,0.0,0.0,1268.17,0.0,0.0,218.46,28.05,29.02,36.0,36.0,36.0,36.0,26.93,36.0,36.0,22.94,0.032774,0.04943,0.0,0.0,0.0,0.0,0.033452,0.0,0.0,0.004001
2020-01-10 16:15:00,20.92,21.0,23.79,23.97,22.37,22.5,21.7,24.12,24.72,21.18,2.02,15.2,0.0,0.0,0.0,0.0,0.0,0.0,0.0,0.0,0.0,0.047,36.0,21.0,23.0,0.0,0.0,0.0,0.0,0.0,0.0,0.0,0.0,0.0,14.34,36.0,36.0,36.0,36.0,36.0,36.0,36.0,36.0,36.0,22.52,0.0,0.0,0.0,0.0,0.0,0.0,0.0,0.0,0.0,0.000254
2020-01-10 16:30:00,20.4,20.43,23.34,23.4,21.88,22.12,21.25,23.64,24.08,21.09,1.77,11.4,0.0,0.0,0.0,0.0,0.0,0.0,0.0,0.0,0.0,0.047,36.0,21.0,23.0,0.0,0.0,0.0,0.0,0.0,0.0,0.0,0.0,0.0,14.72,36.0,36.0,36.0,36.0,36.0,36.0,36.0,36.0,36.0,22.16,0.0,0.0,0.0,0.0,0.0,0.0,0.0,0.0,0.0,0.000254
2020-01-10 16:45:00,20.17,20.22,23.05,23.09,21.63,21.8,20.77,23.23,23.58,20.98,1.52,0.0,0.0,0.0,0.0,0.0,0.0,0.0,0.0,0.0,0.0,0.047,36.0,21.0,23.0,0.0,0.0,0.0,0.0,0.0,0.0,0.0,0.0,0.0,14.99,36.0,36.0,36.0,36.0,36.0,36.0,36.0,36.0,36.0,21.9,0.0,0.0,0.0,0.0,0.0,0.0,0.0,0.0,0.0,0.000254
2020-01-10 17:00:00,19.94,20.01,22.76,22.81,21.41,21.44,20.28,22.83,23.1,20.89,1.43,0.0,0.0,0.0,0.0,0.0,0.0,0.0,0.0,0.0,0.0,0.047,36.0,21.0,23.0,0.0,0.0,0.0,0.0,0.0,0.0,0.0,0.0,0.0,15.2,36.0,36.0,36.0,36.0,36.0,36.0,36.0,36.0,36.0,21.7,0.0,0.0,0.0,0.0,0.0,0.0,0.0,0.0,0.0,0.000254
2020-01-10 17:15:00,20.69,20.76,23.11,23.17,21.68,21.27,20.29,22.49,22.93,20.91,1.34,0.0,1.0,1.0,1.0,1.0,1.0,1.0,1.0,0.0,1.0,1.0,36.0,21.0,23.0,1436.41,1475.98,905.32,914.68,239.1,1692.47,1615.11,0.0,1173.63,307.81,28.75,28.86,28.29,28.61,23.03,23.42,24.45,36.0,27.21,22.31,0.047383,0.04943,0.028075,0.029625,0.004411,0.03219,0.033452,0.0,0.031957,0.005381
2020-01-10 17:30:00,21.27,21.39,23.47,23.47,22.13,21.43,20.74,22.23,22.91,21.02,1.25,0.0,1.0,1.0,1.0,1.0,1.0,1.0,1.0,0.0,1.0,1.0,36.0,21.0,23.0,1461.77,1499.84,919.26,938.01,238.94,1473.75,1449.5,0.0,1085.8,296.98,28.62,28.74,28.17,28.43,23.04,25.05,25.63,36.0,27.87,22.8,0.047383,0.04943,0.028075,0.029625,0.004411,0.03219,0.033452,0.0,0.031957,0.005381
2020-01-10 17:45:00,21.37,21.51,23.55,23.51,22.29,21.62,21.18,22.03,22.99,21.15,1.15,0.0,1.0,1.0,1.0,1.0,1.0,1.0,1.0,0.0,1.0,1.0,36.0,21.0,23.0,1442.12,1480.37,914.83,941.35,236.32,1351.47,1354.06,0.0,1043.38,289.78,28.72,28.84,28.2,28.4,23.18,25.96,26.32,36.0,28.19,23.12,0.047383,0.04943,0.028075,0.029625,0.004411,0.03219,0.033452,0.0,0.031957,0.005381
2020-01-10 18:00:00,21.39,21.52,23.53,23.47,22.33,21.8,21.51,21.84,23.04,21.27,1.06,0.0,1.0,1.0,1.0,1.0,1.0,1.0,1.0,0.0,1.0,1.0,36.0,21.0,23.0,1379.61,1419.42,891.73,924.2,233.2,1277.27,1294.75,0.0,1020.55,284.65,29.03,29.13,28.4,28.54,23.35,26.51,26.74,36.0,28.36,23.34,0.047383,0.04943,0.028075,0.029625,0.004411,0.03219,0.033452,0.0,0.031957,0.005381
2020-01-10 18:15:00,21.44,21.58,22.86,22.77,22.07,21.62,21.34,21.68,22.86,21.34,0.96,0.0,1.0,1.0,0.0,0.0,0.0,0.0,0.0,0.0,0.0,1.0,36.0,21.0,23.0,1424.19,1467.37,0.0,0.0,0.0,0.0,0.0,0.0,0.0,280.63,28.81,28.9,36.0,36.0,36.0,36.0,36.0,36.0,36.0,23.52,0.047383,0.04943,0.0,0.0,0.0,0.0,0.0,0.0,0.0,0.005381
2020-01-10 18:30:00,21.42,21.51,22.47,22.41,21.84,21.25,20.81,21.44,22.5,21.43,0.86,0.0,1.0,1.0,0.0,0.0,0.0,0.0,0.0,0.0,0.0,1.0,36.0,21.0,23.0,1419.91,1469.26,0.0,0.0,0.0,0.0,0.0,0.0,0.0,277.54,28.83,28.89,36.0,36.0,36.0,36.0,36.0,36.0,36.0,23.66,0.047383,0.04943,0.0,0.0,0.0,0.0,0.0,0.0,0.0,0.005381
2020-01-10 18:45:00,21.43,21.52,22.32,22.23,21.75,20.88,20.28,21.18,22.08,21.51,0.76,0.0,1.0,1.0,0.0,0.0,0.0,0.0,0.0,0.0,0.0,1.0,36.0,21.0,23.0,1414.1,1467.42,0.0,0.0,0.0,0.0,0.0,0.0,0.0,274.98,28.86,28.9,36.0,36.0,36.0,36.0,36.0,36.0,36.0,23.77,0.047383,0.04943,0.0,0.0,0.0,0.0,0.0,0.0,0.0,0.005381
2020-01-10 19:00:00,21.46,21.54,22.2,22.08,21.69,20.54,19.88,20.94,21.7,21.58,0.66,0.0,1.0,1.0,0.0,0.0,0.0,0.0,0.0,0.0,0.0,1.0,36.0,21.0,23.0,1407.62,1464.05,0.0,0.0,0.0,0.0,0.0,0.0,0.0,272.82,28.89,28.91,36.0,36.0,36.0,36.0,36.0,36.0,36.0,23.87,0.047383,0.04943,0.0,0.0,0.0,0.0,0.0,0.0,0.0,0.005381
2020-01-10 19:15:00,21.49,21.57,22.71,21.94,21.73,20.59,19.97,21.04,21.69,21.64,0.57,0.0,1.0,1.0,1.0,0.0,0.0,1.0,1.0,1.0,1.0,1.0,36.0,21.0,23.0,1403.43,1460.04,947.19,0.0,0.0,1586.3,1651.18,1463.29,1359.14,270.91,28.91,28.93,27.93,36.0,36.0,24.21,24.19,24.48,25.83,23.96,0.047383,0.04943,0.028075,0.0,0.0,0.03219,0.033452,0.030392,0.031957,0.005381
2020-01-10 19:30:00,21.55,21.62,23.04,21.8,21.85,20.97,20.44,21.45,21.96,21.71,0.47,0.0,1.0,1.0,1.0,0.0,0.0,1.0,1.0,1.0,1.0,1.0,36.0,21.0,23.0,1398.77,1455.76,972.26,0.0,0.0,1413.13,1480.14,1294.83,1233.68,269.21,28.94,28.95,27.72,36.0,36.0,25.5,25.41,25.81,26.76,24.03,0.047383,0.04943,0.028075,0.0,0.0,0.03219,0.033452,0.030392,0.031957,0.005381
2020-01-10 19:45:00,21.6,21.68,23.07,21.64,21.88,21.4,20.96,21.89,22.29,21.77,0.37,0.0,1.0,1.0,1.0,0.0,0.0,1.0,1.0,1.0,1.0,1.0,36.0,21.0,23.0,1393.62,1450.94,980.07,0.0,0.0,1313.37,1380.94,1197.03,1163.31,267.64,28.96,28.98,27.65,36.0,36.0,26.24,26.12,26.58,27.29,24.1,0.047383,0.04943,0.028075,0.0,0.0,0.03219,0.033452,0.030392,0.031957,0.005381
2020-01-10 20:00:00,21.59,21.66,23.01,21.48,21.87,21.69,21.33,22.23,22.54,21.84,0.28,0.0,1.0,1.0,1.0,0.0,0.0,1.0,1.0,1.0,1.0,1.0,36.0,21.0,23.0,1337.33,1393.32,968.06,0.0,0.0,1250.48,1318.24,1135.96,1120.31,266.23,29.25,29.26,27.75,36.0,36.0,26.71,26.57,27.06,27.61,24.16,0.047383,0.04943,0.028075,0.0,0.0,0.03219,0.033452,0.030392,0.031957,0.005381
2020-01-10 20:15:00,21.61,21.69,22.88,21.35,21.8,21.93,21.16,22.45,22.41,21.9,0.18,0.0,1.0,1.0,0.836,0.0,0.0,1.0,0.0,1.0,0.0,1.0,36.0,21.0,23.0,1334.0,1390.24,866.06,0.0,0.0,1207.3,0.0,1093.94,0.0,264.87,29.26,29.27,27.17,36.0,36.0,27.03,36.0,27.39,36.0,24.22,0.047383,0.04943,0.023464,0.0,0.0,0.03219,0.0,0.030392,0.0,0.005381
2020-01-10 20:30:00,21.68,21.76,22.83,21.22,21.73,22.03,20.79,22.62,22.18,21.95,0.08,0.0,1.0,1.0,0.836,0.0,0.0,1.0,0.0,1.0,0.0,1.0,36.0,21.0,23.0,1381.59,1439.61,896.37,0.0,0.0,1174.76,0.0,1063.36,0.0,263.55,29.02,29.03,26.86,36.0,36.0,27.27,36.0,27.63,36.0,24.28,0.047383,0.04943,0.023464,0.0,0.0,0.03219,0.0,0.030392,0.0,0.005381
2020-01-10 20:45:00,21.73,21.81,22.78,21.08,21.68,22.16,20.36,22.77,21.88,22.0,-0.01,0.0,1.0,1.0,0.836,0.0,0.0,1.0,0.0,1.0,0.0,1.0,36.0,21.0,23.0,1377.58,1435.51,909.4,0.0,0.0,1151.64,0.0,1041.14,0.0,262.32,29.04,29.05,26.73,36.0,36.0,27.44,36.0,27.8,36.0,24.34,0.047383,0.04943,0.023464,0.0,0.0,0.03219,0.0,0.030392,0.0,0.005381
2020-01-10 21:00:00,21.76,21.84,22.76,20.97,21.64,22.24,19.99,22.89,21.65,22.06,-0.11,0.0,1.0,1.0,0.836,0.0,0.0,1.0,0.0,1.0,0.0,1.0,36.0,21.0,23.0,1373.17,1431.14,903.51,0.0,0.0,1133.43,0.0,1023.94,0.0,261.15,29.07,29.07,26.79,36.0,36.0,27.58,36.0,27.94,36.0,24.39,0.047383,0.04943,0.023464,0.0,0.0,0.03219,0.0,0.030392,0.0,0.005381
2020-01-10 21:15:00,21.78,21.86,22.87,21.27,21.68,22.32,20.13,22.98,21.78,22.11,-0.2,0.0,1.0,1.0,1.0,0.422,0.0,1.0,1.0,1.0,1.0,1.0,36.0,21.0,23.0,1369.38,1427.36,1019.48,598.98,0.0,1119.14,1656.45,1010.19,1419.53,260.03,29.09,29.09,27.31,24.54,36.0,27.68,24.15,28.05,25.37,24.44,0.047383,0.04943,0.028075,0.0125,0.0,0.03219,0.033452,0.030392,0.031957,0.005381
2020-01-10 21:30:00,21.81,21.91,22.98,21.47,21.77,22.45,20.66,23.1,22.14,22.16,-0.29,0.0,1.0,1.0,1.0,0.422,0.0,1.0,1.0,1.0,1.0,1.0,36.0,21.0,23.0,1366.25,1423.15,1011.38,606.33,0.0,1106.32,1479.97,998.35,1277.04,258.95,29.1,29.11,27.38,24.4,36.0,27.78,25.42,28.14,26.44,24.49,0.047383,0.04943,0.028075,0.0125,0.0,0.03219,0.033452,0.030392,0.031957,0.005381
2020-01-10 21:45:00,21.84,21.94,23.04,21.49,21.81,22.6,21.16,23.21,22.49,22.21,-0.39,0.0,1.0,1.0,1.0,0.422,0.0,1.0,1.0,1.0,1.0,1.0,36.0,21.0,23.0,1362.46,1419.08,1002.28,609.16,0.0,1093.95,1376.81,987.7,1195.47,257.91,29.12,29.13,27.46,24.34,36.0,27.87,26.15,28.23,27.05,24.53,0.047383,0.04943,0.028075,0.0125,0.0,0.03219,0.033452,0.030392,0.031957,0.005381
2020-01-10 22:00:00,21.8,21.9,23.05,21.45,21.82,22.71,21.51,23.29,22.74,22.26,-0.49,0.0,1.0,1.0,1.0,0.422,0.0,1.0,1.0,1.0,1.0,1.0,36.0,21.0,23.0,1308.37,1363.3,970.19,608.35,0.0,1083.13,1311.77,978.69,1144.6,256.94,29.39,29.4,27.73,24.36,36.0,27.95,26.62,28.3,27.43,24.58,0.047383,0.04943,0.028075,0.0125,0.0,0.03219,0.033452,0.030392,0.031957,0.005381
2020-01-10 22:15:00,21.84,21.94,22.92,21.88,21.81,22.77,21.69,23.11,22.87,22.31,-0.59,0.0,1.0,1.0,0.737,1.0,0.0,1.0,1.0,0.0,1.0,1.0,36.0,21.0,23.0,1357.69,1413.93,791.17,1202.26,0.0,1073.23,1265.66,0.0,1109.76,255.94,29.15,29.16,26.85,26.29,36.0,28.02,26.95,36.0,27.69,24.62,0.047383,0.04943,0.020695,0.029625,0.0,0.03219,0.033452,0.0,0.031957,0.005381
2020-01-10 22:30:00,21.86,21.96,22.89,22.15,21.82,22.79,21.86,22.74,22.98,22.35,-0.69,0.0,1.0,1.0,0.737,1.0,0.0,1.0,1.0,0.0,1.0,1.0,36.0,21.0,23.0,1356.38,1412.56,785.51,1209.5,0.0,1065.59,1234.22,0.0,1086.61,254.99,29.15,29.16,26.92,26.23,36.0,28.08,27.17,36.0,27.87,24.66,0.047383,0.04943,0.020695,0.029625,0.0,0.03219,0.033452,0.0,0.031957,0.005381
2020-01-10 22:45:00,21.87,21.97,22.89,22.22,21.84,22.79,22.0,22.36,23.06,22.4,-0.79,0.0,1.0,1.0,0.737,1.0,0.0,1.0,1.0,0.0,1.0,1.0,36.0,21.0,23.0,1354.56,1410.49,785.81,1191.49,0.0,1059.57,1210.89,0.0,1070.09,254.07,29.16,29.17,26.92,26.38,36.0,28.13,27.34,36.0,27.99,24.7,0.047383,0.04943,0.020695,0.029625,0.0,0.03219,0.033452,0.0,0.031957,0.005381
2020-01-10 23:00:00,21.81,21.92,22.86,22.26,21.85,22.78,22.12,22.04,23.11,22.45,-0.88,0.0,1.0,1.0,0.737,1.0,0.0,1.0,1.0,0.0,1.0,1.0,36.0,21.0,23.0,1301.97,1356.07,772.19,1148.13,0.0,1055.04,1193.13,0.0,1058.0,253.2,29.43,29.44,27.07,26.73,36.0,28.16,27.47,36.0,28.08,24.74,0.047383,0.04943,0.020695,0.029625,0.0,0.03219,0.033452,0.0,0.031957,0.005381
2020-01-10 23:15:00,21.79,21.91,23.01,22.31,21.83,22.74,21.85,22.18,22.98,22.38,-0.97,0.0,1.0,1.0,1.0,1.0,0.0,1.0,0.0,1.0,0.416,0.0,36.0,21.0,23.0,1301.87,1355.61,957.26,1133.71,0.0,1051.2,0.0,1302.82,479.36,0.0,29.43,29.44,27.84,26.84,36.0,28.19,36.0,25.74,27.36,36.0,0.047383,0.04943,0.028075,0.029625,0.0,0.03219,0.0,0.030392,0.01328,0.0
2020-01-10 23:30:00,21.83,21.95,23.07,22.38,21.91,22.78,21.42,22.43,22.8,22.26,-1.06,0.0,1.0,1.0,1.0,1.0,0.0,1.0,0.0,1.0,0.416,0.0,36.0,21.0,23.0,1352.77,1407.71,980.66,1147.28,0.0,1048.74,0.0,1175.7,510.23,0.0,29.17,29.19,27.64,26.74,36.0,28.21,36.0,26.75,26.81,36.0,0.047383,0.04943,0.028075,0.029625,0.0,0.03219,0.0,0.030392,0.01328,0.0
2020-01-10 23:45:00,21.85,21.96,23.1,22.46,21.94,22.84,20.91,22.7,22.6,22.12,-1.15,0.0,1.0,1.0,1.0,1.0,0.0,1.0,0.0,1.0,0.416,0.0,36.0,21.0,23.0,1352.25,1407.24,978.73,1132.16,0.0,1045.08,0.0,1104.62,530.33,0.0,29.17,29.19,27.66,26.86,36.0,28.23,36.0,27.3,26.45,36.0,0.047383,0.04943,0.028075,0.029625,0.0,0.03219,0.0,0.030392,0.01328,0.0
2020-01-11 00:00:00,21.85,21.96,23.12,22.53,21.96,22.87,20.47,22.9,22.48,22.0,-1.26,0.0,1.0,1.0,1.0,1.0,0.0,1.0,0.0,1.0,0.416,0.0,36.0,21.0,23.0,1350.93,1405.84,977.09,1116.85,0.0,1041.55,0.0,1060.24,544.59,0.0,29.18,29.2,27.67,26.98,36.0,28.26,36.0,27.65,26.19,36.0,0.047383,0.04943,0.028075,0.029625,0.0,0.03219,0.0,0.030392,0.01328,0.0
2020-01-11 00:15:00,21.8,21.91,22.95,22.58,21.98,22.89,20.54,23.05,22.57,21.87,-1.38,0.0,1.0,1.0,0.764,1.0,0.0,1.0,1.0,0.996,1.0,0.0,36.0,21.0,23.0,1298.64,1351.88,787.88,1075.71,0.0,1038.57,1587.8,1028.09,1213.2,0.0,29.44,29.46,27.21,27.31,36.0,28.28,24.64,27.87,26.92,36.0,0.047383,0.04943,0.021446,0.029625,0.0,0.03219,0.033452,0.030268,0.031957,0.0
2020-01-11 00:30:00,21.83,21.94,22.93,22.62,21.93,22.95,20.94,23.13,22.73,21.79,-1.49,0.0,1.0,1.0,0.764,1.0,0.0,1.0,1.0,0.996,1.0,0.0,36.0,21.0,23.0,1350.11,1404.87,802.89,1096.57,0.0,1035.55,1427.03,1007.97,1144.26,0.0,29.18,29.2,27.04,27.14,36.0,28.3,25.79,28.03,27.43,36.0,0.047383,0.04943,0.021446,0.029625,0.0,0.03219,0.033452,0.030268,0.031957,0.0
2020-01-11 00:45:00,21.83,21.94,22.92,22.65,21.93,23.02,21.4,23.22,22.89,21.68,-1.61,0.0,1.0,1.0,0.764,1.0,0.0,1.0,1.0,0.996,1.0,0.0,36.0,21.0,23.0,1351.59,1406.2,803.94,1091.8,0.0,1031.77,1334.95,993.72,1104.71,0.0,29.18,29.19,27.03,27.18,36.0,28.33,26.45,28.15,27.73,36.0,0.047383,0.04943,0.021446,0.029625,0.0,0.03219,0.033452,0.030268,0.031957,0.0
2020-01-11 01:00:00,21.77,21.88,22.89,22.65,21.94,23.06,21.7,23.29,23.01,21.57,-1.72,0.0,1.0,1.0,0.764,1.0,0.0,1.0,1.0,0.996,1.0,0.0,36.0,21.0,23.0,1300.63,1353.57,789.72,1060.77,0.0,1028.32,1277.57,983.25,1080.06,0.0,29.43,29.45,27.19,27.43,36.0,28.36,26.86,28.23,27.91,36.0,0.047383,0.04943,0.021446,0.029625,0.0,0.03219,0.033452,0.030268,0.031957,0.0
2020-01-11 01:15:00,21.75,21.86,23.03,22.67,21.91,23.03,21.49,23.03,22.99,21.48,-1.84,0.0,1.0,1.0,1.0,1.0,0.0,0.719,0.0,0.0,0.672,0.0,36.0,21.0,23.0,1302.09,1355.07,954.13,1056.35,0.0,773.17,0.0,0.0,752.65,0.0,29.43,29.44,27.87,27.47,36.0,28.01,36.0,36.0,27.61,36.0,0.047383,0.04943,0.028075,0.029625,0.0,0.023154,0.0,0.0,0.021467,0.0
2020-01-11 01:30:00,21.78,21.89,23.08,22.71,21.97,22.9,21.08,22.64,22.92,21.41,-1.95,0.0,1.0,1.0,1.0,1.0,0.0,0.719,0.0,0.0,0.672,0.0,36.0,21.0,23.0,1354.65,1409.19,977.68,1078.15,0.0,797.52,0.0,0.0,773.13,0.0,29.16,29.18,27.67,27.29,36.0,27.76,36.0,36.0,27.38,36.0,0.047383,0.04943,0.028075,0.029625,0.0,0.023154,0.0,0.0,0.021467,0.0
2020-01-11 01:45:00,21.79,21.9,23.11,22.75,22.0,22.75,20.58,22.24,22.82,21.32,-2.06,0.0,1.0,1.0,1.0,1.0,0.0,0.719,0.0,0.0,0.672,0.0,36.0,21.0,23.0,1355.91,1410.5,976.37,1073.39,0.0,813.13,0.0,0.0,785.48,0.0,29.15,29.17,27.68,27.33,36.0,27.6,36.0,36.0,27.25,36.0,0.047383,0.04943,0.028075,0.029625,0.0,0.023154,0.0,0.0,0.021467,0.0
2020-01-11 02:00:00,21.77,21.88,23.11,22.77,22.0,22.6,20.15,21.93,22.74,21.23,-2.18,0.0,1.0,1.0,1.0,1.0,0.0,0.719,0.0,0.0,0.672,0.0,36.0,21.0,23.0,1357.02,1411.63,975.92,1069.01,0.0,824.47,0.0,0.0,793.92,0.0,29.15,29.17,27.68,27.37,36.0,27.48,36.0,36.0,27.15,36.0,0.047383,0.04943,0.028075,0.029625,0.0,0.023154,0.0,0.0,0.021467,0.0
2020-01-11 02:15:00,21.75,21.87,22.36,22.76,21.88,22.58,20.2,21.96,22.75,21.16,-2.29,0.0,1.0,1.0,0.0,1.0,0.0,1.0,1.0,0.955,1.0,0.0,36.0,21.0,23.0,1357.01,1411.62,0.0,1066.68,0.0,1104.51,1628.57,1263.77,1129.65,0.0,29.15,29.17,36.0,27.39,36.0,27.79,24.35,25.58,27.54,36.0,0.047383,0.04943,0.0,0.029625,0.0,0.03219,0.033452,0.029028,0.031957,0.0
2020-01-11 02:30:00,21.71,21.82,21.93,22.71,21.72,22.66,20.63,22.22,22.85,21.07,-2.4,0.0,1.0,1.0,0.0,1.0,0.0,1.0,1.0,0.955,1.0,0.0,36.0,21.0,23.0,1357.8,1413.0,0.0,1065.02,0.0,1075.84,1461.0,1148.25,1093.22,0.0,29.14,29.16,36.0,27.4,36.0,28.0,25.55,26.54,27.82,36.0,0.047383,0.04943,0.0,0.029625,0.0,0.03219,0.033452,0.029028,0.031957,0.0
2020-01-11 02:45:00,21.68,21.79,21.76,22.68,21.66,22.78,21.09,22.48,22.95,20.99,-2.51,0.0,1.0,1.0,0.0,1.0,0.0,1.0,1.0,0.955,1.0,0.0,36.0,21.0,23.0,1359.43,1414.89,0.0,1064.11,0.0,1059.05,1364.98,1083.31,1071.83,0.0,29.14,29.15,36.0,27.41,36.0,28.13,26.24,27.07,27.98,36.0,0.047383,0.04943,0.0,0.029625,0.0,0.03219,0.033452,0.029028,0.031957,0.0
2020-01-11 03:00:00,21.62,21.74,21.65,22.64,21.64,22.87,21.43,22.68,23.02,20.9,-2.57,0.0,1.0,1.0,0.0,1.0,0.0,1.0,1.0,0.955,1.0,0.0,36.0,21.0,23.0,1307.81,1361.16,0.0,1036.75,0.0,1048.17,1305.04,1043.57,1058.24,0.0,29.4,29.41,36.0,27.63,36.0,28.21,26.67,27.4,28.08,36.0,0.047383,0.04943,0.0,0.029625,0.0,0.03219,0.033452,0.029028,0.031957,0.0
2020-01-11 03:15:00,21.6,21.73,21.56,22.65,21.59,22.94,21.63,22.48,23.01,20.93,-2.63,0.0,1.0,1.0,0.0,1.0,0.0,1.0,1.0,0.0,0.733,1.0,36.0,21.0,23.0,1307.82,1360.63,0.0,1034.97,0.0,1040.49,1263.51,0.0,801.55,314.02,29.4,29.41,36.0,27.64,36.0,28.27,26.96,36.0,27.81,22.04,0.047383,0.04943,0.0,0.029625,0.0,0.03219,0.033452,0.0,0.023413,0.005381
2020-01-11 03:30:00,21.64,21.77,21.49,22.67,21.6,22.89,21.76,22.21,22.96,21.06,-2.69,0.0,1.0,1.0,0.0,1.0,0.0,1.0,1.0,0.0,0.733,1.0,36.0,21.0,23.0,1358.43,1412.56,0.0,1058.01,0.0,1034.68,1233.79,0.0,820.65,300.98,29.14,29.16,36.0,27.46,36.0,28.31,27.18,36.0,27.61,22.62,0.047383,0.04943,0.0,0.029625,0.0,0.03219,0.033452,0.0,0.023413,0.005381
2020-01-11 03:45:00,21.66,21.78,21.43,22.69,21.6,22.82,21.9,21.91,22.9,21.21,-2.75,0.0,1.0,1.0,0.0,1.0,0.0,1.0,1.0,0.0,0.733,1.0,36.0,21.0,23.0,1357.82,1412.05,0.0,1055.58,0.0,1032.29,1212.31,0.0,831.84,292.27,29.14,29.17,36.0,27.48,36.0,28.33,27.33,36.0,27.5,23.01,0.047383,0.04943,0.0,0.029625,0.0,0.03219,0.033452,0.0,0.023413,0.005381
2020-01-11 04:00:00,21.6,21.72,21.31,22.67,21.59,22.76,22.0,21.63,22.84,21.34,-2.8,0.0,1.0,1.0,0.0,1.0,0.0,1.0,1.0,0.0,0.733,1.0,36.0,21.0,23.0,1306.44,1359.21,0.0,1029.0,0.0,1031.41,1196.15,0.0,838.99,286.06,29.4,29.42,36.0,27.69,36.0,28.33,27.45,36.0,27.43,23.28,0.047383,0.04943,0.0,0.029625,0.0,0.03219,0.033452,0.0,0.023413,0.005381
2020-01-11 04:15:00,21.61,21.73,21.2,21.91,21.4,22.65,22.07,21.48,22.6,21.32,-2.86,0.0,1.0,1.0,0.0,0.0,0.0,1.0,1.0,0.0,0.0,0.0,36.0,21.0,23.0,1358.41,1412.89,0.0,0.0,0.0,1032.08,1182.21,0.0,0.0,0.0,29.14,29.16,36.0,36.0,36.0,28.33,27.55,36.0,36.0,36.0,0.047383,0.04943,0.0,0.0,0.0,0.03219,0.033452,0.0,0.0,0.0
2020-01-11 04:30:00,21.58,21.69,21.0,21.44,21.22,22.53,22.15,21.27,22.14,21.22,-2.92,0.0,1.0,1.0,0.0,0.0,0.0,1.0,1.0,0.0,0.0,0.0,36.0,21.0,23.0,1360.65,1415.4,0.0,0.0,0.0,1033.57,1171.27,0.0,0.0,0.0,29.13,29.15,36.0,36.0,36.0,28.32,27.62,36.0,36.0,36.0,0.047383,0.04943,0.0,0.0,0.0,0.03219,0.033452,0.0,0.0,0.0
2020-01-11 04:45:00,21.55,21.66,20.84,21.27,21.14,22.38,22.22,21.08,21.77,21.11,-2.97,0.0,1.0,1.0,0.0,0.0,0.0,1.0,1.0,0.0,0.0,0.0,36.0,21.0,23.0,1362.56,1417.6,0.0,0.0,0.0,1036.48,1161.83,0.0,0.0,0.0,29.12,29.14,36.0,36.0,36.0,28.3,27.69,36.0,36.0,36.0,0.047383,0.04943,0.0,0.0,0.0,0.03219,0.033452,0.0,0.0,0.0
2020-01-11 05:00:00,21.47,21.58,20.67,21.13,21.1,22.26,22.26,20.86,21.43,21.0,-3.03,0.0,1.0,1.0,0.0,0.0,0.0,1.0,1.0,0.0,0.0,0.0,36.0,21.0,23.0,1312.56,1366.27,0.0,0.0,0.0,1039.87,1154.24,0.0,0.0,0.0,29.37,29.39,36.0,36.0,36.0,28.27,27.75,36.0,36.0,36.0,0.047383,0.04943,0.0,0.0,0.0,0.03219,0.033452,0.0,0.0,0.0
2020-01-11 05:15:00,21.47,21.58,21.33,21.33,21.08,22.13,22.28,20.97,21.23,21.01,-3.08,0.0,1.0,1.0,1.0,0.316,0.0,1.0,1.0,1.0,0.0,0.834,36.0,21.0,23.0,1366.2,1422.01,1101.03,431.49,0.0,1044.23,1147.95,1510.32,0.0,258.04,29.1,29.12,26.62,24.98,36.0,28.24,27.79,24.11,36.0,22.25,0.047383,0.04943,0.028075,0.009365,0.0,0.03219,0.033452,0.030392,0.0,0.00449
2020-01-11 05:30:00,21.48,21.58,21.85,21.45,21.2,22.09,22.31,21.29,20.99,21.09,-3.14,0.0,1.0,1.0,1.0,0.316,0.0,1.0,1.0,1.0,0.0,0.834,36.0,21.0,23.0,1368.17,1424.42,1127.81,434.11,0.0,1048.09,1142.88,1337.39,0.0,250.62,29.09,29.11,26.39,24.91,36.0,28.21,27.83,25.47,36.0,22.65,0.047383,0.04943,0.028075,0.009365,0.0,0.03219,0.033452,0.030392,0.0,0.00449
2020-01-11 05:45:00,21.42,21.52,21.9,21.41,21.24,22.1,22.32,21.61,20.81,21.2,-3.19,0.0,1.0,1.0,1.0,0.316,0.0,1.0,1.0,1.0,0.0,0.834,36.0,21.0,23.0,1317.78,1372.86,1083.7,435.82,0.0,1050.1,1138.73,1240.31,0.0,245.74,29.35,29.36,26.77,24.87,36.0,28.2,27.86,26.24,36.0,22.91,0.047383,0.04943,0.028075,0.009365,0.0,0.03219,0.033452,0.030392,0.0,0.00449
2020-01-11 06:00:00,21.4,21.5,21.96,21.34,21.2,22.11,22.36,21.81,20.67,21.28,-3.23,0.0,1.0,1.0,1.0,0.316,0.0,1.0,1.0,1.0,0.0,0.834,36.0,21.0,23.0,1319.16,1374.48,1073.76,440.48,0.0,1051.9,1135.12,1178.54,0.0,242.16,29.34,29.35,26.85,24.75,36.0,28.18,27.88,26.72,36.0,23.1,0.047383,0.04943,0.028075,0.009365,0.0,0.03219,0.033452,0.030392,0.0,0.00449
2020-01-11 06:15:00,21.42,21.52,21.16,20.95,21.08,22.11,22.4,21.68,20.83,21.26,-3.27,0.0,1.0,1.0,0.0,0.0,0.0,1.0,1.0,0.0,1.0,0.0,36.0,21.0,23.0,1371.38,1428.42,0.0,0.0,0.0,1052.78,1130.91,0.0,1593.23,0.0,29.08,29.09,36.0,36.0,36.0,28.18,27.91,36.0,24.07,36.0,0.047383,0.04943,0.0,0.0,0.0,0.03219,0.033452,0.0,0.031957,0.0
2020-01-11 06:30:00,21.4,21.49,20.65,20.62,20.92,22.15,22.45,21.36,21.23,21.16,-3.3,0.0,1.0,1.0,0.0,0.0,0.0,1.0,1.0,0.0,1.0,0.0,36.0,21.0,23.0,1373.48,1430.67,0.0,0.0,0.0,1053.09,1126.92,0.0,1412.89,0.0,29.07,29.08,36.0,36.0,36.0,28.17,27.94,36.0,25.42,36.0,0.047383,0.04943,0.0,0.0,0.0,0.03219,0.033452,0.0,0.031957,0.0
2020-01-11 06:45:00,21.37,21.47,20.56,20.47,20.85,22.18,22.49,21.11,21.55,21.05,-3.34,0.0,1.0,1.0,0.0,0.0,0.0,1.0,1.0,0.0,1.0,0.0,36.0,21.0,23.0,1375.15,1432.42,0.0,0.0,0.0,1052.48,1122.87,0.0,1309.59,0.0,29.06,29.07,36.0,36.0,36.0,28.18,27.97,36.0,26.2,36.0,0.047383,0.04943,0.0,0.0,0.0,0.03219,0.033452,0.0,0.031957,0.0
2020-01-11 07:00:00,21.31,21.41,20.51,20.34,20.82,22.2,22.54,20.9,21.79,20.94,-3.38,0.0,1.0,1.0,0.0,0.0,0.0,1.0,1.0,0.0,1.0,0.0,36.0,21.0,23.0,1324.5,1380.19,0.0,0.0,0.0,1051.99,1119.08,0.0,1246.23,0.0,29.31,29.32,36.0,36.0,36.0,28.18,28.0,36.0,26.67,36.0,0.047383,0.04943,0.0,0.0,0.0,0.03219,0.033452,0.0,0.031957,0.0
2020-01-11 07:15:00,21.35,21.45,21.27,21.03,20.95,21.99,22.58,21.02,21.62,20.96,-3.42,0.0,1.0,1.0,1.0,1.0,1.0,0.0,1.0,1.0,0.0,1.0,36.0,21.0,23.0,1375.87,1433.07,1061.04,1168.96,250.14,0.0,1114.89,1455.46,0.0,307.82,29.05,29.06,26.96,26.56,22.43,36.0,28.03,24.54,36.0,22.31,0.047383,0.04943,0.028075,0.029625,0.004411,0.0,0.033452,0.030392,0.0,0.005381
2020-01-11 07:30:00,21.41,21.51,21.96,21.73,21.27,21.64,22.63,21.3,21.21,21.08,-3.45,0.0,1.0,1.0,1.0,1.0,1.0,0.0,1.0,1.0,0.0,1.0,36.0,21.0,23.0,1375.63,1432.65,1069.18,1174.78,250.04,0.0,1110.97,1304.11,0.0,296.6,29.05,29.07,26.89,26.51,22.44,36.0,28.05,25.73,36.0,22.81,0.047383,0.04943,0.028075,0.029625,0.004411,0.0,0.033452,0.030392,0.0,0.005381
2020-01-11 07:45:00,21.45,21.56,22.14,21.92,21.45,21.3,22.68,21.54,20.79,21.21,-3.49,0.0,1.0,1.0,1.0,1.0,1.0,0.0,1.0,1.0,0.0,1.0,36.0,21.0,23.0,1373.42,1429.98,1053.42,1154.95,247.38,0.0,1106.99,1218.59,0.0,289.14,29.07,29.08,27.02,26.67,22.58,36.0,28.08,26.41,36.0,23.14,0.047383,0.04943,0.028075,0.029625,0.004411,0.0,0.033452,0.030392,0.0,0.005381
2020-01-11 08:00:00,21.44,21.55,22.21,22.0,21.53,20.97,22.66,21.64,20.41,21.32,-3.44,0.0,1.0,1.0,1.0,1.0,1.0,0.0,1.0,1.0,0.0,1.0,36.0,21.0,23.0,1374.36,1431.12,1047.41,1145.18,245.34,0.0,1104.31,1165.79,0.0,283.74,29.06,29.07,27.07,26.75,22.69,36.0,28.1,26.82,36.0,23.39,0.047383,0.04943,0.028075,0.029625,0.004411,0.0,0.033452,0.030392,0.0,0.005381
2020-01-11 08:15:00,20.59,21.51,21.42,21.17,21.16,20.98,22.63,21.41,20.45,21.31,-3.39,6.7,0.149,1.0,0.0,0.0,0.0,1.0,1.0,0.0,1.0,0.0,36.0,21.0,23.0,320.96,1433.0,0.0,0.0,0.0,1443.04,1102.97,0.0,1553.63,0.0,25.12,29.06,36.0,36.0,36.0,25.28,28.11,36.0,24.37,36.0,0.007057,0.04943,0.0,0.0,0.0,0.03219,0.033452,0.0,0.031957,0.0
2020-01-11 08:30:00,20.12,21.4,20.78,20.52,20.77,21.23,22.61,20.99,20.82,21.2,-3.35,96.0,0.149,1.0,0.0,0.0,0.0,1.0,1.0,0.0,1.0,0.0,36.0,21.0,23.0,320.61,1435.94,0.0,0.0,0.0,1298.74,1101.8,0.0,1396.34,0.0,25.13,29.05,36.0,36.0,36.0,26.35,28.12,36.0,25.55,36.0,0.007057,0.04943,0.0,0.0,0.0,0.03219,0.033452,0.0,0.031957,0.0
2020-01-11 08:45:00,19.94,21.33,20.59,20.36,20.62,21.47,22.59,20.66,21.24,21.09,-3.3,185.3,0.149,1.0,0.0,0.0,0.0,1.0,1.0,0.0,1.0,0.0,36.0,21.0,23.0,324.02,1440.23,0.0,0.0,0.0,1218.35,1100.51,0.0,1303.78,0.0,25.02,29.03,36.0,36.0,36.0,26.95,28.13,36.0,26.24,36.0,0.007057,0.04943,0.0,0.0,0.0,0.03219,0.033452,0.0,0.031957,0.0
2020-01-11 09:00:00,19.87,21.31,20.54,20.33,20.58,21.66,22.65,20.52,21.58,20.97,-2.91,274.7,0.149,1.0,0.0,0.0,0.0,1.0,1.0,0.0,1.0,0.0,36.0,21.0,23.0,323.98,1385.95,0.0,0.0,0.0,1169.71,1098.01,0.0,1243.67,0.0,25.02,29.29,36.0,36.0,36.0,27.31,28.15,36.0,26.69,36.0,0.007057,0.04943,0.0,0.0,0.0,0.03219,0.033452,0.0,0.031957,0.0
2020-01-11 09:15:00,20.61,21.41,20.9,21.09,20.86,21.57,22.44,20.86,21.5,20.99,-2.53,364.0,1.0,1.0,0.0,1.0,1.0,0.0,0.0,0.0,0.0,1.0,36.0,21.0,23.0,1409.35,1432.57,0.0,1135.75,242.89,0.0,0.0,0.0,0.0,306.09,28.88,29.07,36.0,26.83,22.83,36.0,36.0,36.0,36.0,22.39,0.047383,0.04943,0.0,0.029625,0.004411,0.0,0.0,0.0,0.0,0.005381
2020-01-11 09:30:00,21.11,21.58,21.71,21.79,21.28,21.38,22.07,21.42,21.2,21.09,-2.14,393.2,1.0,1.0,0.0,1.0,1.0,0.0,0.0,0.0,0.0,1.0,36.0,21.0,23.0,1434.84,1425.49,0.0,1150.56,243.52,0.0,0.0,0.0,0.0,295.22,28.76,29.1,36.0,26.71,22.79,36.0,36.0,36.0,36.0,22.87,0.047383,0.04943,0.0,0.029625,0.004411,0.0,0.0,0.0,0.0,0.005381
2020-01-11 09:45:00,21.26,21.72,22.64,22.01,21.6,21.19,21.8,21.94,20.83,21.22,-1.76,422.5,1.0,1.0,0.0,1.0,1.0,0.0,0.0,0.0,0.0,1.0,36.0,21.0,23.0,1438.65,1416.64,0.0,1150.7,242.71,0.0,0.0,0.0,0.0,288.06,28.74,29.14,36.0,26.71,22.84,36.0,36.0,36.0,36.0,23.19,0.047383,0.04943,0.0,0.029625,0.004411,0.0,0.0,0.0,0.0,0.005381
2020-01-11 10:00:00,21.39,21.82,23.21,22.17,21.83,21.1,21.5,22.39,20.61,21.34,-1.42,451.7,1.0,1.0,0.0,1.0,1.0,0.0,0.0,0.0,0.0,1.0,36.0,21.0,23.0,1447.26,1410.98,0.0,1154.59,242.55,0.0,0.0,0.0,0.0,282.9,28.69,29.17,36.0,26.68,22.85,36.0,36.0,36.0,36.0,23.42,0.047383,0.04943,0.0,0.029625,0.004411,0.0,0.0,0.0,0.0,0.005381
2020-01-11 10:15:00,20.42,20.93,23.48,21.4,21.61,21.17,21.26,22.76,20.77,21.32,-1.07,481.0,0.0,0.0,0.0,0.0,0.0,0.0,0.0,0.0,1.0,0.0,36.0,21.0,23.0,0.0,0.0,0.0,0.0,0.0,0.0,0.0,0.0,1520.47,0.0,36.0,36.0,36.0,36.0,36.0,36.0,36.0,36.0,24.62,36.0,0.0,0.0,0.0,0.0,0.0,0.0,0.0,0.0,0.031957,0.0
2020-01-11 10:30:00,19.96,20.48,23.57,20.78,21.34,21.33,20.98,23.22,21.26,21.21,-0.73,502.7,0.0,0.0,0.0,0.0,0.0,0.0,0.0,0.0,1.0,0.0,36.0,21.0,23.0,0.0,0.0,0.0,0.0,0.0,0.0,0.0,0.0,1358.13,0.0,36.0,36.0,36.0,36.0,36.0,36.0,36.0,36.0,25.83,36.0,0.0,0.0,0.0,0.0,0.0,0.0,0.0,0.0,0.031957,0.0
2020-01-11 10:45:00,19.82,20.35,23.72,20.65,21.27,21.55,20.74,23.67,21.77,21.09,-0.39,524.4,0.0,0.0,0.0,0.0,0.0,0.0,0.0,0.0,1.0,0.0,36.0,21.0,23.0,0.0,0.0,0.0,0.0,0.0,0.0,0.0,0.0,1260.69,0.0,36.0,36.0,36.0,36.0,36.0,36.0,36.0,36.0,26.56,36.0,0.0,0.0,0.0,0.0,0.0,0.0,0.0,0.0,0.031957,0.0
2020-01-11 11:00:00,19.75,20.25,23.99,20.64,21.28,21.76,20.56,24.1,22.16,20.99,-0.09,546.1,0.0,0.0,0.0,0.0,0.0,0.0,0.0,0.0,1.0,0.0,36.0,21.0,23.0,0.0,0.0,0.0,0.0,0.0,0.0,0.0,0.0,1192.78,0.0,36.0,36.0,36.0,36.0,36.0,36.0,36.0,36.0,27.07,36.0,0.0,0.0,0.0,0.0,0.0,0.0,0.0,0.0,0.031957,0.0
2020-01-11 11:15:00,20.65,21.1,24.31,20.74,21.61,21.97,20.77,24.49,22.25,20.99,0.21,567.8,1.0,1.0,0.0,0.0,0.0,0.0,1.0,0.0,0.0,0.97,36.0,21.0,23.0,1509.9,1458.07,0.0,0.0,0.0,0.0,1610.66,0.0,0.0,297.02,28.38,28.94,36.0,36.0,36.0,36.0,24.48,36.0,36.0,22.38,0.047383,0.04943,0.0,0.0,0.0,0.0,0.033452,0.0,0.0,0.005218
2020-01-11 11:30:00,21.35,21.73,24.79,21.0,22.02,22.16,21.36,24.91,22.18,21.1,0.51,583.3,1.0,1.0,0.0,0.0,0.0,0.0,1.0,0.0,0.0,0.97,36.0,21.0,23.0,1547.94,1502.75,0.0,0.0,0.0,0.0,1419.58,0.0,0.0,286.96,28.18,28.73,36.0,36.0,36.0,36.0,25.85,36.0,36.0,22.84,0.047383,0.04943,0.0,0.0,0.0,0.0,0.033452,0.0,0.0,0.005218
2020-01-11 11:45:00,21.54,21.87,25.21,21.3,22.28,22.34,21.98,25.29,22.13,21.22,0.81,598.8,1.0,1.0,0.0,0.0,0.0,0.0,1.0,0.0,0.0,0.97,36.0,21.0,23.0,1534.9,1503.63,0.0,0.0,0.0,0.0,1306.1,0.0,0.0,280.32,28.25,28.72,36.0,36.0,36.0,36.0,26.66,36.0,36.0,23.15,0.047383,0.04943,0.0,0.0,0.0,0.0,0.033452,0.0,0.0,0.005218
2020-01-11 12:00:00,21.66,21.95,25.53,21.59,22.47,22.49,22.38,25.61,22.19,21.32,1.04,614.2,1.0,1.0,0.0,0.0,0.0,0.0,1.0,0.0,0.0,0.97,36.0,21.0,23.0,1535.84,1518.35,0.0,0.0,0.0,0.0,1231.75,0.0,0.0,275.52,28.25,28.65,36.0,36.0,36.0,36.0,27.19,36.0,36.0,23.37,0.047383,0.04943,0.0,0.0,0.0,0.0,0.033452,0.0,0.0,0.005218
2020-01-11 12:15:00,20.68,20.97,25.72,21.82,22.35,22.64,22.32,25.88,22.33,21.3,1.26,629.7,0.0,0.0,0.0,0.0,0.0,0.0,0.0,0.0,0.0,0.0,27.95,21.0,23.0,0.0,0.0,0.0,0.0,0.0,0.0,0.0,0.0,0.0,0.0,36.0,36.0,36.0,36.0,36.0,36.0,36.0,36.0,36.0,36.0,0.0,0.0,0.0,0.0,0.0,0.0,0.0,0.0,0.0,0.0
2020-01-11 12:30:00,20.25,20.49,25.85,22.1,22.18,22.8,21.97,26.2,22.63,21.19,1.49,658.9,0.0,0.0,0.0,0.0,0.0,0.0,0.0,0.0,0.0,0.0,27.95,21.0,23.0,0.0,0.0,0.0,0.0,0.0,0.0,0.0,0.0,0.0,0.0,36.0,36.0,36.0,36.0,36.0,36.0,36.0,36.0,36.0,36.0,0.0,0.0,0.0,0.0,0.0,0.0,0.0,0.0,0.0,0.0
2020-01-11 12:45:00,20.16,20.37,26.06,22.55,22.2,22.97,21.59,26.51,23.0,21.08,1.71,688.2,0.0,0.0,0.0,0.0,0.0,0.0,0.0,0.0,0.0,0.0,27.95,21.0,23.0,0.0,0.0,0.0,0.0,0.0,0.0,0.0,0.0,0.0,0.0,36.0,36.0,36.0,36.0,36.0,36.0,36.0,36.0,36.0,36.0,0.0,0.0,0.0,0.0,0.0,0.0,0.0,0.0,0.0,0.0
2020-01-11 13:00:00,20.13,20.32,26.28,23.07,22.29,23.16,21.28,26.82,23.49,20.97,1.92,717.4,0.0,0.0,0.0,0.0,0.0,0.0,0.0,0.0,0.0,0.0,27.95,21.0,23.0,0.0,0.0,0.0,0.0,0.0,0.0,0.0,0.0,0.0,0.0,36.0,36.0,36.0,36.0,36.0,36.0,36.0,36.0,36.0,36.0,0.0,0.0,0.0,0.0,0.0,0.0,0.0,0.0,0.0,0.0
2020-01-11 13:15:00,21.02,21.19,26.56,23.56,22.7,23.39,21.08,27.11,23.97,20.98,2.12,746.7,1.0,1.0,0.0,0.0,0.0,0.0,0.0,0.0,0.0,1.0,36.0,21.0,23.0,1551.0,1583.5,0.0,0.0,0.0,0.0,0.0,0.0,0.0,306.14,28.17,28.34,36.0,36.0,36.0,36.0,36.0,36.0,36.0,22.39,0.047383,0.04943,0.0,0.0,0.0,0.0,0.0,0.0,0.0,0.005381
2020-01-11 13:30:00,21.79,21.91,26.86,24.16,23.17,23.6,20.88,27.36,24.53,21.09,2.33,727.9,1.0,1.0,0.0,0.0,0.0,0.0,0.0,0.0,0.0,1.0,36.0,21.0,23.0,1587.26,1621.93,0.0,0.0,0.0,0.0,0.0,0.0,0.0,295.33,27.99,28.15,36.0,36.0,36.0,36.0,36.0,36.0,36.0,22.87,0.047383,0.04943,0.0,0.0,0.0,0.0,0.0,0.0,0.0,0.005381
2020-01-11 13:45:00,22.02,22.11,27.07,24.67,23.45,23.8,20.71,27.53,25.02,21.22,2.53,709.1,1.0,1.0,0.0,0.0,0.0,0.0,0.0,0.0,0.0,1.0,36.0,21.0,23.0,1565.43,1605.0,0.0,0.0,0.0,0.0,0.0,0.0,0.0,288.2,28.1,28.23,36.0,36.0,36.0,36.0,36.0,36.0,36.0,23.19,0.047383,0.04943,0.0,0.0,0.0,0.0,0.0,0.0,0.0,0.005381
2020-01-11 14:00:00,22.13,22.22,27.12,25.03,23.6,23.92,20.5,27.58,25.4,21.33,2.59,690.3,1.0,1.0,0.0,0.0,0.0,0.0,0.0,0.0,0.0,1.0,36.0,21.0,23.0,1560.63,1604.39,0.0,0.0,0.0,0.0,0.0,0.0,0.0,283.04,28.12,28.23,36.0,36.0,36.0,36.0,36.0,36.0,36.0,23.42,0.047383,0.04943,0.0,0.0,0.0,0.0,0.0,0.0,0.0,0.005381
2020-01-11 14:15:00,21.14,21.22,27.03,25.23,23.38,23.99,20.64,27.54,25.66,21.31,2.65,671.5,0.0,0.0,0.0,0.0,0.0,0.0,1.0,0.0,0.0,0.0,36.0,21.0,23.0,0.0,0.0,0.0,0.0,0.0,0.0,1652.37,0.0,0.0,0.0,36.0,36.0,36.0,36.0,36.0,36.0,24.18,36.0,36.0,36.0,0.0,0.0,0.0,0.0,0.0,0.0,0.033452,0.0,0.0,0.0
2020-01-11 14:30:00,20.69,20.75,26.72,25.3,23.11,24.03,21.18,27.42,25.96,21.2,2.71,648.8,0.0,0.0,0.0,0.0,0.0,0.0,1.0,0.0,0.0,0.0,36.0,21.0,23.0,0.0,0.0,0.0,0.0,0.0,0.0,1454.0,0.0,0.0,0.0,36.0,36.0,36.0,36.0,36.0,36.0,25.6,36.0,36.0,36.0,0.0,0.0,0.0,0.0,0.0,0.0,0.033452,0.0,0.0,0.0
2020-01-11 14:45:00,20.53,20.59,26.49,25.42,23.01,24.03,21.72,27.25,26.18,21.08,2.76,626.1,0.0,0.0,0.0,0.0,0.0,0.0,1.0,0.0,0.0,0.0,36.0,21.0,23.0,0.0,0.0,0.0,0.0,0.0,0.0,1338.48,0.0,0.0,0.0,36.0,36.0,36.0,36.0,36.0,36.0,26.43,36.0,36.0,36.0,0.0,0.0,0.0,0.0,0.0,0.0,0.033452,0.0,0.0,0.0
2020-01-11 15:00:00,20.4,20.45,26.29,25.57,22.94,24.03,22.1,27.07,26.4,20.97,2.68,603.4,0.0,0.0,0.0,0.0,0.0,0.0,1.0,0.0,0.0,0.0,36.0,21.0,23.0,0.0,0.0,0.0,0.0,0.0,0.0,1264.22,0.0,0.0,0.0,36.0,36.0,36.0,36.0,36.0,36.0,26.96,36.0,36.0,36.0,0.0,0.0,0.0,0.0,0.0,0.0,0.033452,0.0,0.0,0.0
2020-01-11 15:15:00,21.12,21.16,26.12,25.74,23.12,24.02,21.97,26.88,26.6,20.98,2.6,580.7,1.0,1.0,0.0,0.0,0.0,0.0,0.0,0.0,0.0,1.0,36.0,21.0,23.0,1578.43,1641.62,0.0,0.0,0.0,0.0,0.0,0.0,0.0,305.99,28.03,28.05,36.0,36.0,36.0,36.0,36.0,36.0,36.0,22.4,0.047383,0.04943,0.0,0.0,0.0,0.0,0.0,0.0,0.0,0.005381
2020-01-11 15:30:00,21.75,21.76,25.93,25.71,23.35,23.95,21.54,26.56,26.59,21.09,2.52,441.8,1.0,1.0,0.0,0.0,0.0,0.0,0.0,0.0,0.0,1.0,36.0,21.0,23.0,1627.21,1690.48,0.0,0.0,0.0,0.0,0.0,0.0,0.0,295.22,27.78,27.82,36.0,36.0,36.0,36.0,36.0,36.0,36.0,22.87,0.047383,0.04943,0.0,0.0,0.0,0.0,0.0,0.0,0.0,0.005381
2020-01-11 15:45:00,21.79,21.82,25.68,25.45,23.34,23.75,21.04,26.17,26.33,21.22,2.44,302.9,1.0,1.0,0.0,0.0,0.0,0.0,0.0,0.0,0.0,1.0,36.0,21.0,23.0,1618.06,1680.09,0.0,0.0,0.0,0.0,0.0,0.0,0.0,288.11,27.83,27.87,36.0,36.0,36.0,36.0,36.0,36.0,36.0,23.19,0.047383,0.04943,0.0,0.0,0.0,0.0,0.0,0.0,0.0,0.005381
2020-01-11 16:00:00,21.74,21.76,25.3,24.98,23.18,23.49,20.61,25.67,25.88,21.33,2.17,164.0,1.0,1.0,0.0,0.0,0.0,0.0,0.0,0.0,0.0,1.0,36.0,21.0,23.0,1621.62,1685.16,0.0,0.0,0.0,0.0,0.0,0.0,0.0,282.97,27.81,27.84,36.0,36.0,36.0,36.0,36.0,36.0,36.0,23.42,0.047383,0.04943,0.0,0.0,0.0,0.0,0.0,0.0,0.0,0.005381
2020-01-11 16:15:00,20.57,20.61,24.83,24.24,22.57,23.08,20.64,25.16,25.21,21.31,1.9,25.1,0.0,0.0,0.0,0.0,0.0,0.0,1.0,0.0,0.0,0.0,36.0,21.0,23.0,0.0,0.0,0.0,0.0,0.0,0.0,1586.99,0.0,0.0,0.0,36.0,36.0,36.0,36.0,36.0,36.0,24.65,36.0,36.0,36.0,0.0,0.0,0.0,0.0,0.0,0.0,0.033452,0.0,0.0,0.0
2020-01-11 16:30:00,19.97,20.02,24.27,23.59,21.98,22.67,21.05,24.62,24.54,21.2,1.63,18.8,0.0,0.0,0.0,0.0,0.0,0.0,1.0,0.0,0.0,0.0,36.0,21.0,23.0,0.0,0.0,0.0,0.0,0.0,0.0,1424.04,0.0,0.0,0.0,36.0,36.0,36.0,36.0,36.0,36.0,25.82,36.0,36.0,36.0,0.0,0.0,0.0,0.0,0.0,0.0,0.033452,0.0,0.0,0.0
2020-01-11 16:45:00,19.74,19.81,23.89,23.17,21.69,22.3,21.52,24.15,23.96,21.08,1.36,0.0,0.0,0.0,0.0,0.0,0.0,0.0,1.0,0.0,0.0,0.0,36.0,21.0,23.0,0.0,0.0,0.0,0.0,0.0,0.0,1330.76,0.0,0.0,0.0,36.0,36.0,36.0,36.0,36.0,36.0,26.48,36.0,36.0,36.0,0.0,0.0,0.0,0.0,0.0,0.0,0.033452,0.0,0.0,0.0
2020-01-11 17:00:00,19.57,19.64,23.55,22.84,21.45,21.94,21.78,23.7,23.46,20.98,1.21,0.0,0.0,0.0,0.0,0.0,0.0,0.0,1.0,0.0,0.0,0.0,36.0,21.0,23.0,0.0,0.0,0.0,0.0,0.0,0.0,1271.48,0.0,0.0,0.0,36.0,36.0,36.0,36.0,36.0,36.0,26.91,36.0,36.0,36.0,0.0,0.0,0.0,0.0,0.0,0.0,0.033452,0.0,0.0,0.0
2020-01-11 17:15:00,20.38,20.45,23.31,23.12,21.64,21.76,21.91,23.34,23.15,20.99,1.07,0.0,1.0,1.0,0.0,0.889,1.0,1.0,1.0,0.0,0.315,1.0,36.0,21.0,23.0,1530.73,1592.3,0.0,875.47,238.06,1666.02,1233.21,0.0,400.86,305.93,28.27,28.29,36.0,28.05,23.09,23.62,27.18,36.0,26.48,22.4,0.047383,0.04943,0.0,0.026337,0.004411,0.03219,0.033452,0.0,0.010075,0.005381
2020-01-11 17:30:00,21.06,21.13,23.24,23.38,22.02,21.83,22.02,23.04,22.94,21.1,0.92,0.0,1.0,1.0,0.0,0.889,1.0,1.0,1.0,0.0,0.315,1.0,36.0,21.0,23.0,1540.28,1601.13,0.0,895.29,239.57,1448.65,1207.52,0.0,405.19,295.16,28.22,28.25,36.0,27.87,23.01,25.23,27.36,36.0,26.38,22.88,0.047383,0.04943,0.0,0.026337,0.004411,0.03219,0.033452,0.0,0.010075,0.005381
2020-01-11 17:45:00,21.17,21.23,23.11,23.38,22.14,22.03,22.11,22.75,22.76,21.24,0.78,0.0,1.0,1.0,0.0,0.889,1.0,1.0,1.0,0.0,0.315,1.0,36.0,21.0,23.0,1439.34,1497.73,0.0,879.37,236.83,1328.6,1189.44,0.0,410.83,288.13,28.73,28.75,36.0,28.01,23.16,26.13,27.49,36.0,26.25,23.19,0.047383,0.04943,0.0,0.026337,0.004411,0.03219,0.033452,0.0,0.010075,0.005381
2020-01-11 18:00:00,21.22,21.25,22.96,23.4,22.11,22.03,22.12,22.63,22.78,21.34,0.63,0.0,1.0,1.0,0.0,0.889,1.0,1.0,1.0,0.0,0.315,1.0,36.0,21.0,23.0,1430.56,1490.15,0.0,881.59,235.28,1251.81,1176.25,0.0,417.44,282.98,28.78,28.79,36.0,27.99,23.24,26.7,27.59,36.0,26.09,23.42,0.047383,0.04943,0.0,0.026337,0.004411,0.03219,0.033452,0.0,0.010075,0.005381
2020-01-11 18:15:00,21.27,21.3,22.8,22.73,21.94,21.86,21.88,22.44,22.57,21.31,0.48,0.0,1.0,1.0,0.0,0.0,0.0,0.0,0.0,0.0,0.0,0.0,36.0,21.0,23.0,1476.76,1538.88,0.0,0.0,0.0,0.0,0.0,0.0,0.0,0.0,28.54,28.55,36.0,36.0,36.0,36.0,36.0,36.0,36.0,36.0,0.047383,0.04943,0.0,0.0,0.0,0.0,0.0,0.0,0.0,0.0
2020-01-11 18:30:00,21.25,21.32,22.63,22.36,21.8,21.47,21.39,22.21,22.23,21.2,0.34,0.0,1.0,1.0,0.0,0.0,0.0,0.0,0.0,0.0,0.0,0.0,36.0,21.0,23.0,1473.39,1533.08,0.0,0.0,0.0,0.0,0.0,0.0,0.0,0.0,28.56,28.58,36.0,36.0,36.0,36.0,36.0,36.0,36.0,36.0,0.047383,0.04943,0.0,0.0,0.0,0.0,0.0,0.0,0.0,0.0
2020-01-11 18:45:00,21.27,21.35,22.45,22.19,21.72,21.12,20.86,21.93,21.88,21.09,0.19,0.0,1.0,1.0,0.0,0.0,0.0,0.0,0.0,0.0,0.0,0.0,36.0,21.0,23.0,1466.97,1525.54,0.0,0.0,0.0,0.0,0.0,0.0,0.0,0.0,28.59,28.62,36.0,36.0,36.0,36.0,36.0,36.0,36.0,36.0,0.047383,0.04943,0.0,0.0,0.0,0.0,0.0,0.0,0.0,0.0
2020-01-11 19:00:00,21.29,21.37,22.29,22.05,21.66,20.81,20.45,21.66,21.57,20.98,0.05,0.0,1.0,1.0,0.0,0.0,0.0,0.0,0.0,0.0,0.0,0.0,36.0,21.0,23.0,1460.42,1518.5,0.0,0.0,0.0,0.0,0.0,0.0,0.0,0.0,28.63,28.65,36.0,36.0,36.0,36.0,36.0,36.0,36.0,36.0,0.047383,0.04943,0.0,0.0,0.0,0.0,0.0,0.0,0.0,0.0
2020-01-11 19:15:00,21.31,21.41,22.82,21.91,21.7,20.86,20.55,21.72,21.59,20.99,-0.09,0.0,1.0,1.0,1.0,0.0,0.0,1.0,1.0,1.0,1.0,0.999,36.0,21.0,23.0,1454.0,1510.82,969.99,0.0,0.0,1560.89,1578.72,1366.67,1424.72,305.65,28.66,28.69,27.73,36.0,36.0,24.4,24.71,25.24,25.33,22.4,0.047383,0.04943,0.028075,0.0,0.0,0.03219,0.033452,0.030392,0.031957,0.005377
2020-01-11 19:30:00,21.38,21.47,23.11,21.83,21.81,21.26,21.0,22.08,21.92,21.1,-0.24,0.0,1.0,1.0,1.0,0.0,0.0,1.0,1.0,1.0,1.0,0.999,36.0,21.0,23.0,1446.44,1503.16,994.1,0.0,0.0,1390.1,1418.65,1213.89,1277.84,294.9,28.7,28.72,27.53,36.0,36.0,25.67,25.85,26.44,26.43,22.88,0.047383,0.04943,0.028075,0.0,0.0,0.03219,0.033452,0.030392,0.031957,0.005377
2020-01-11 19:45:00,21.43,21.52,23.15,21.71,21.86,21.67,21.46,22.46,22.29,21.23,-0.38,0.0,1.0,1.0,1.0,0.0,0.0,1.0,1.0,1.0,1.0,0.999,36.0,21.0,23.0,1438.95,1495.78,983.67,0.0,0.0,1291.6,1326.86,1126.48,1194.21,287.81,28.73,28.76,27.62,36.0,36.0,26.4,26.51,27.13,27.06,23.19,0.047383,0.04943,0.028075,0.0,0.0,0.03219,0.033452,0.030392,0.031957,0.005377
2020-01-11 20:00:00,21.4,21.49,23.15,21.55,21.86,21.96,21.78,22.73,22.57,21.34,-0.52,0.0,1.0,1.0,1.0,0.0,0.0,1.0,1.0,1.0,1.0,0.999,36.0,21.0,23.0,1379.54,1434.6,952.65,0.0,0.0,1229.29,1269.08,1072.13,1142.25,282.75,29.03,29.06,27.88,36.0,36.0,26.86,26.92,27.56,27.45,23.42,0.047383,0.04943,0.028075,0.0,0.0,0.03219,0.033452,0.030392,0.031957,0.005377
2020-01-11 20:15:00,21.45,21.54,22.86,21.43,21.78,21.89,21.6,22.63,22.45,21.31,-0.67,0.0,1.0,1.0,0.479,0.0,0.0,0.0,0.0,0.0,0.0,0.0,36.0,21.0,23.0,1428.08,1484.44,552.14,0.0,0.0,0.0,0.0,0.0,0.0,0.0,28.79,28.82,26.17,36.0,36.0,36.0,36.0,36.0,36.0,36.0,0.047383,0.04943,0.013437,0.0,0.0,0.0,0.0,0.0,0.0,0.0
2020-01-11 20:30:00,21.45,21.55,22.72,21.26,21.69,21.53,21.15,22.27,22.06,21.2,-0.81,0.0,1.0,1.0,0.479,0.0,0.0,0.0,0.0,0.0,0.0,0.0,36.0,21.0,23.0,1424.75,1480.37,549.03,0.0,0.0,0.0,0.0,0.0,0.0,0.0,28.81,28.84,26.23,36.0,36.0,36.0,36.0,36.0,36.0,36.0,0.047383,0.04943,0.013437,0.0,0.0,0.0,0.0,0.0,0.0,0.0
2020-01-11 20:45:00,21.45,21.56,22.69,21.11,21.63,21.13,20.67,21.88,21.65,21.08,-0.96,0.0,1.0,1.0,0.479,0.0,0.0,0.0,0.0,0.0,0.0,0.0,36.0,21.0,23.0,1420.49,1475.56,547.22,0.0,0.0,0.0,0.0,0.0,0.0,0.0,28.83,28.86,26.26,36.0,36.0,36.0,36.0,36.0,36.0,36.0,0.047383,0.04943,0.013437,0.0,0.0,0.0,0.0,0.0,0.0,0.0
2020-01-11 21:00:00,21.45,21.57,22.65,20.96,21.58,20.76,20.25,21.53,21.28,20.98,-1.11,0.0,1.0,1.0,0.479,0.0,0.0,0.0,0.0,0.0,0.0,0.0,36.0,21.0,23.0,1416.69,1471.41,544.9,0.0,0.0,0.0,0.0,0.0,0.0,0.0,28.85,28.88,26.3,36.0,36.0,36.0,36.0,36.0,36.0,36.0,0.047383,0.04943,0.013437,0.0,0.0,0.0,0.0,0.0,0.0,0.0
2020-01-11 21:15:00,21.45,21.57,22.93,21.24,21.64,20.78,20.32,21.54,21.3,20.98,-1.25,0.0,1.0,1.0,1.0,0.436,0.0,1.0,1.0,1.0,1.0,0.962,36.0,21.0,23.0,1413.18,1467.57,950.47,614.3,0.0,1547.03,1616.37,1342.36,1442.15,294.95,28.86,28.9,27.9,24.61,36.0,24.5,24.44,25.43,25.2,22.37,0.047383,0.04943,0.028075,0.012902,0.0,0.03219,0.033452,0.030392,0.031957,0.005178
2020-01-11 21:30:00,21.47,21.58,23.1,21.43,21.75,21.15,20.76,21.86,21.63,21.09,-1.4,0.0,1.0,1.0,1.0,0.436,0.0,1.0,1.0,1.0,1.0,0.962,36.0,21.0,23.0,1410.47,1464.91,952.29,617.49,0.0,1381.56,1449.62,1208.78,1301.07,285.06,28.88,28.91,27.89,24.55,36.0,25.73,25.63,26.49,26.26,22.83,0.047383,0.04943,0.028075,0.012902,0.0,0.03219,0.033452,0.030392,0.031957,0.005178
2020-01-11 21:45:00,21.48,21.59,23.13,21.45,21.78,21.53,21.21,22.2,21.98,21.21,-1.55,0.0,1.0,1.0,1.0,0.436,0.0,1.0,1.0,1.0,1.0,0.962,36.0,21.0,23.0,1407.94,1462.43,948.93,616.23,0.0,1287.61,1354.39,1132.79,1220.87,278.54,28.89,28.92,27.91,24.57,36.0,26.43,26.31,27.08,26.86,23.13,0.047383,0.04943,0.028075,0.012902,0.0,0.03219,0.033452,0.030392,0.031957,0.005178
2020-01-11 22:00:00,21.43,21.54,23.11,21.43,21.78,21.79,21.53,22.47,22.25,21.31,-1.69,0.0,1.0,1.0,1.0,0.436,0.0,1.0,1.0,1.0,1.0,0.962,36.0,21.0,23.0,1352.82,1405.69,924.33,610.91,0.0,1229.18,1294.86,1085.63,1171.09,273.9,29.17,29.2,28.12,24.67,36.0,26.86,26.74,27.45,27.23,23.35,0.047383,0.04943,0.028075,0.012902,0.0,0.03219,0.033452,0.030392,0.031957,0.005178
2020-01-11 22:15:00,21.42,21.53,22.89,21.27,21.75,21.98,21.3,22.62,22.41,21.28,-1.84,0.0,1.0,1.0,0.646,0.326,0.0,1.0,0.0,1.0,1.0,0.0,36.0,21.0,23.0,1351.54,1404.31,673.67,477.44,0.0,1190.26,0.0,1053.89,1137.57,0.0,29.18,29.2,27.11,24.16,36.0,27.15,36.0,27.7,27.48,36.0,0.047383,0.04943,0.018137,0.009645,0.0,0.03219,0.0,0.030392,0.031957,0.0
2020-01-11 22:30:00,21.45,21.56,22.83,21.21,21.64,22.11,20.88,22.75,22.53,21.18,-1.98,0.0,1.0,1.0,0.646,0.326,0.0,1.0,0.0,1.0,1.0,0.0,36.0,21.0,23.0,1402.93,1457.05,684.35,480.86,0.0,1161.72,0.0,1031.49,1114.0,0.0,28.92,28.95,26.97,24.07,36.0,27.37,36.0,27.88,27.66,36.0,0.047383,0.04943,0.018137,0.009645,0.0,0.03219,0.0,0.030392,0.031957,0.0
2020-01-11 22:45:00,21.44,21.56,22.78,21.16,21.61,22.24,20.37,22.87,22.64,21.06,-2.13,0.0,1.0,1.0,0.646,0.326,0.0,1.0,0.0,1.0,1.0,0.0,36.0,21.0,23.0,1402.7,1456.46,685.67,481.58,0.0,1140.91,0.0,1015.23,1096.99,0.0,28.92,28.95,26.96,24.05,36.0,27.52,36.0,28.01,27.79,36.0,0.047383,0.04943,0.018137,0.009645,0.0,0.03219,0.0,0.030392,0.031957,0.0
2020-01-11 23:00:00,21.42,21.54,22.75,21.12,21.58,22.32,19.92,22.93,22.7,20.95,-2.27,0.0,1.0,1.0,0.646,0.326,0.0,1.0,0.0,1.0,1.0,0.0,36.0,21.0,23.0,1401.86,1455.66,686.35,482.1,0.0,1125.27,0.0,1003.42,1084.55,0.0,28.92,28.95,26.95,24.04,36.0,27.64,36.0,28.1,27.88,36.0,0.047383,0.04943,0.018137,0.009645,0.0,0.03219,0.0,0.030392,0.031957,0.0
2020-01-11 23:15:00,21.4,21.52,22.9,21.64,21.63,22.39,20.0,22.97,22.75,20.96,-2.42,0.0,1.0,1.0,1.0,1.0,0.0,1.0,1.0,0.993,1.0,1.0,36.0,21.0,23.0,1402.12,1456.13,952.12,1174.25,0.0,1113.1,1649.24,988.46,1075.16,306.57,28.92,28.95,27.89,26.52,36.0,27.73,24.21,28.16,27.95,22.37,0.047383,0.04943,0.028075,0.029625,0.0,0.03219,0.033452,0.030167,0.031957,0.005381
2020-01-11 23:30:00,21.4,21.51,22.99,21.98,21.71,22.44,20.43,23.0,22.79,21.08,-2.57,0.0,1.0,1.0,1.0,1.0,0.0,1.0,1.0,0.993,1.0,1.0,36.0,21.0,23.0,1401.72,1456.23,957.4,1178.43,0.0,1103.31,1479.07,982.65,1067.85,295.72,28.92,28.95,27.84,26.48,36.0,27.8,25.42,28.21,28.01,22.85,0.047383,0.04943,0.028075,0.029625,0.0,0.03219,0.033452,0.030167,0.031957,0.005381
2020-01-11 23:45:00,21.39,21.5,22.99,22.03,21.73,22.48,20.88,23.02,22.81,21.2,-2.72,0.0,1.0,1.0,1.0,1.0,0.0,1.0,1.0,0.993,1.0,1.0,36.0,21.0,23.0,1401.56,1456.56,959.97,1175.36,0.0,1095.31,1381.96,978.06,1062.06,288.56,28.92,28.95,27.82,26.51,36.0,27.86,26.12,28.24,28.05,23.17,0.047383,0.04943,0.028075,0.029625,0.0,0.03219,0.033452,0.030167,0.031957,0.005381
2020-01-12 00:00:00,21.31,21.4,22.92,22.0,21.73,22.49,21.14,22.99,22.81,21.32,-2.87,0.0,1.0,1.0,1.0,1.0,0.0,1.0,1.0,0.993,1.0,1.0,36.0,21.0,23.0,1349.2,1403.28,940.66,1147.71,0.0,1088.98,1321.68,974.72,1057.63,283.46,29.19,29.21,27.98,26.73,36.0,27.91,26.55,28.27,28.08,23.4,0.047383,0.04943,0.028075,0.029625,0.0,0.03219,0.033452,0.030167,0.031957,0.005381
2020-01-12 00:15:00,21.26,21.34,22.87,21.97,21.65,22.49,20.85,22.92,22.8,21.28,-3.01,0.0,1.0,1.0,1.0,1.0,0.0,1.0,0.0,0.846,1.0,0.0,36.0,21.0,23.0,1351.36,1406.64,946.06,1149.47,0.0,1084.13,0.0,849.21,1054.78,0.0,29.18,29.19,27.94,26.72,36.0,27.94,36.0,28.1,28.1,36.0,0.047383,0.04943,0.028075,0.029625,0.0,0.03219,0.0,0.025717,0.031957,0.0
2020-01-12 00:30:00,21.26,21.32,22.81,21.97,21.63,22.47,20.36,22.85,22.79,21.18,-3.15,0.0,1.0,1.0,1.0,1.0,0.0,1.0,0.0,0.846,1.0,0.0,36.0,21.0,23.0,1406.65,1465.12,975.98,1180.85,0.0,1080.75,0.0,863.24,1053.07,0.0,28.9,28.91,27.68,26.46,36.0,27.97,36.0,27.97,28.12,36.0,0.047383,0.04943,0.028075,0.029625,0.0,0.03219,0.0,0.025717,0.031957,0.0
2020-01-12 00:45:00,21.23,21.28,22.76,21.95,21.6,22.45,19.77,22.76,22.76,21.06,-3.3,0.0,1.0,1.0,1.0,1.0,0.0,1.0,0.0,0.846,1.0,0.0,36.0,21.0,23.0,1409.7,1469.56,982.54,1184.07,0.0,1078.42,0.0,872.2,1052.04,0.0,28.88,28.89,27.63,26.44,36.0,27.99,36.0,27.89,28.12,36.0,0.047383,0.04943,0.028075,0.029625,0.0,0.03219,0.0,0.025717,0.031957,0.0
2020-01-12 01:00:00,21.21,21.26,22.74,21.96,21.58,22.45,19.33,22.73,22.77,20.95,-3.46,0.0,1.0,1.0,1.0,1.0,0.0,1.0,0.0,0.846,1.0,0.0,36.0,21.0,23.0,1410.65,1470.9,981.13,1174.57,0.0,1076.35,0.0,878.27,1051.12,0.0,28.88,28.88,27.64,26.51,36.0,28.0,36.0,27.83,28.13,36.0,0.047383,0.04943,0.028075,0.029625,0.0,0.03219,0.0,0.025717,0.031957,0.0
2020-01-12 01:15:00,21.11,21.2,22.76,21.98,21.57,22.42,19.45,22.83,22.78,20.97,-3.62,0.0,1.0,1.0,1.0,1.0,0.0,1.0,1.0,1.0,1.0,1.0,36.0,21.0,23.0,1359.3,1416.82,954.72,1137.09,0.0,1074.65,1698.51,1016.51,1049.87,306.37,29.14,29.14,27.86,26.82,36.0,28.01,23.85,28.0,28.14,22.38,0.047383,0.04943,0.028075,0.029625,0.0,0.03219,0.033452,0.030392,0.031957,0.005381
2020-01-12 01:30:00,21.14,21.23,22.78,22.03,21.56,22.47,19.88,22.87,22.79,21.07,-3.78,0.0,1.0,1.0,1.0,1.0,0.0,1.0,1.0,1.0,1.0,1.0,36.0,21.0,23.0,1413.66,1471.66,975.32,1155.09,0.0,1073.62,1523.63,999.76,1048.65,295.57,28.86,28.88,27.69,26.67,36.0,28.02,25.1,28.13,28.15,22.86,0.047383,0.04943,0.028075,0.029625,0.0,0.03219,0.033452,0.030392,0.031957,0.005381
2020-01-12 01:45:00,21.15,21.23,22.8,22.09,21.57,22.51,20.38,22.93,22.81,21.2,-3.94,0.0,1.0,1.0,1.0,1.0,0.0,1.0,1.0,1.0,1.0,1.0,36.0,21.0,23.0,1414.48,1472.66,973.36,1145.06,0.0,1071.1,1423.35,990.04,1047.11,288.45,28.86,28.87,27.71,26.75,36.0,28.04,25.82,28.21,28.16,23.18,0.047383,0.04943,0.028075,0.029625,0.0,0.03219,0.033452,0.030392,0.031957,0.005381
2020-01-12 02:00:00,21.11,21.19,22.8,22.12,21.58,22.56,20.75,22.98,22.85,21.32,-4.11,0.0,1.0,1.0,1.0,1.0,0.0,1.0,1.0,1.0,1.0,1.0,36.0,21.0,23.0,1360.89,1417.58,947.55,1107.83,0.0,1068.24,1360.21,983.53,1045.4,283.37,29.13,29.14,27.93,27.05,36.0,28.06,26.27,28.26,28.17,23.4,0.047383,0.04943,0.028075,0.029625,0.0,0.03219,0.033452,0.030392,0.031957,0.005381
2020-01-12 02:15:00,21.14,21.23,22.09,22.17,21.47,22.61,20.95,23.02,22.88,21.29,-4.27,0.0,1.0,1.0,0.0,1.0,0.0,1.0,1.0,0.971,1.0,0.0,36.0,21.0,23.0,1411.99,1470.41,0.0,1123.76,0.0,1064.53,1314.51,953.94,1043.3,0.0,28.87,28.88,36.0,26.93,36.0,28.09,26.6,28.26,28.19,36.0,0.047383,0.04943,0.0,0.029625,0.0,0.03219,0.033452,0.029499,0.031957,0.0
2020-01-12 02:30:00,21.08,21.17,21.72,22.17,21.36,22.68,21.22,23.07,22.93,21.17,-4.43,0.0,1.0,1.0,0.0,1.0,0.0,1.0,1.0,0.971,1.0,0.0,36.0,21.0,23.0,1360.29,1417.36,0.0,1087.87,0.0,1060.76,1283.83,952.85,1041.02,0.0,29.13,29.14,36.0,27.22,36.0,28.12,26.82,28.27,28.21,36.0,0.047383,0.04943,0.0,0.029625,0.0,0.03219,0.033452,0.029499,0.031957,0.0
2020-01-12 02:45:00,21.07,21.15,21.6,22.2,21.3,22.74,21.39,23.12,22.99,21.05,-4.6,0.0,1.0,1.0,0.0,1.0,0.0,1.0,1.0,0.971,1.0,0.0,36.0,21.0,23.0,1360.65,1418.17,0.0,1083.99,0.0,1056.53,1259.07,950.9,1038.4,0.0,29.13,29.14,36.0,27.25,36.0,28.15,27.0,28.29,28.23,36.0,0.047383,0.04943,0.0,0.029625,0.0,0.03219,0.033452,0.029499,0.031957,0.0
2020-01-12 03:00:00,21.06,21.16,21.45,22.19,21.29,22.79,21.54,23.16,23.02,20.95,-4.69,0.0,1.0,1.0,0.0,1.0,0.0,1.0,1.0,0.971,1.0,0.0,36.0,21.0,23.0,1361.83,1419.17,0.0,1080.68,0.0,1052.18,1239.18,948.47,1035.36,0.0,29.12,29.13,36.0,27.27,36.0,28.18,27.14,28.31,28.25,36.0,0.047383,0.04943,0.0,0.029625,0.0,0.03219,0.033452,0.029499,0.031957,0.0
2020-01-12 03:15:00,21.06,21.15,21.32,22.21,21.29,22.83,21.66,22.91,23.01,20.98,-4.78,0.0,1.0,1.0,0.0,1.0,0.516,1.0,1.0,0.0,0.826,1.0,36.0,21.0,23.0,1362.98,1419.74,0.0,1078.22,134.92,1048.17,1222.66,0.0,877.3,306.24,29.12,29.13,36.0,27.29,21.82,28.21,27.26,36.0,28.05,22.38,0.047383,0.04943,0.0,0.029625,0.002277,0.03219,0.033452,0.0,0.026409,0.005381
2020-01-12 03:30:00,21.1,21.2,21.19,22.25,21.31,22.81,21.76,22.54,22.98,21.08,-4.87,0.0,1.0,1.0,0.0,1.0,0.516,1.0,1.0,0.0,0.826,1.0,36.0,21.0,23.0,1415.24,1473.57,0.0,1100.53,135.48,1044.62,1208.07,0.0,892.52,295.45,28.85,28.87,36.0,27.11,21.77,28.24,27.36,36.0,27.91,22.86,0.047383,0.04943,0.0,0.029625,0.002277,0.03219,0.033452,0.0,0.026409,0.005381
2020-01-12 03:45:00,21.12,21.21,21.04,22.3,21.32,22.76,21.87,22.17,22.95,21.21,-4.96,0.0,1.0,1.0,0.0,1.0,0.516,1.0,1.0,0.0,0.826,1.0,36.0,21.0,23.0,1415.88,1474.14,0.0,1096.71,135.44,1042.65,1195.74,0.0,901.27,288.32,28.85,28.87,36.0,27.14,21.77,28.25,27.45,36.0,27.84,23.18,0.047383,0.04943,0.0,0.029625,0.002277,0.03219,0.033452,0.0,0.026409,0.005381
2020-01-12 04:00:00,21.04,21.16,20.9,22.28,21.32,22.7,21.96,21.88,22.91,21.33,-5.05,0.0,1.0,1.0,0.0,1.0,0.516,1.0,1.0,0.0,0.826,1.0,36.0,21.0,23.0,1364.14,1420.2,0.0,1067.4,135.13,1042.0,1185.52,0.0,906.76,283.24,29.11,29.13,36.0,27.38,21.8,28.26,27.52,36.0,27.79,23.41,0.047383,0.04943,0.0,0.029625,0.002277,0.03219,0.033452,0.0,0.026409,0.005381
2020-01-12 04:15:00,21.07,21.18,21.41,21.51,21.24,22.6,22.01,21.72,22.67,21.3,-5.14,0.0,1.0,1.0,0.782,0.0,1.0,1.0,1.0,0.0,0.0,0.0,36.0,21.0,23.0,1418.47,1475.45,913.36,0.0,247.84,1042.89,1175.96,0.0,0.0,0.0,28.84,28.86,26.05,36.0,22.56,28.25,27.59,36.0,36.0,36.0,0.047383,0.04943,0.021967,0.0,0.004411,0.03219,0.033452,0.0,0.0,0.0
2020-01-12 04:30:00,21.06,21.18,21.84,20.98,21.25,22.5,22.08,21.49,22.18,21.19,-5.24,0.0,1.0,1.0,0.782,0.0,1.0,1.0,1.0,0.0,0.0,0.0,36.0,21.0,23.0,1419.33,1475.98,918.18,0.0,247.22,1044.27,1168.08,0.0,0.0,0.0,28.83,28.86,26.0,36.0,22.59,28.24,27.65,36.0,36.0,36.0,0.047383,0.04943,0.021967,0.0,0.004411,0.03219,0.033452,0.0,0.0,0.0
2020-01-12 04:45:00,21.06,21.17,21.93,20.79,21.27,22.36,22.14,21.29,21.78,21.07,-5.33,0.0,1.0,1.0,0.782,0.0,1.0,1.0,1.0,0.0,0.0,0.0,36.0,21.0,23.0,1418.89,1475.44,907.19,0.0,245.54,1046.81,1160.9,0.0,0.0,0.0,28.84,28.86,26.12,36.0,22.68,28.22,27.7,36.0,36.0,36.0,0.047383,0.04943,0.021967,0.0,0.004411,0.03219,0.033452,0.0,0.0,0.0
2020-01-12 05:00:00,21.0,21.11,21.94,20.61,21.28,22.25,22.2,21.07,21.44,20.96,-5.41,0.0,1.0,1.0,0.782,0.0,1.0,1.0,1.0,0.0,0.0,0.0,36.0,21.0,23.0,1365.46,1420.39,884.54,0.0,242.83,1049.85,1154.81,0.0,0.0,0.0,29.11,29.13,26.37,36.0,22.83,28.2,27.74,36.0,36.0,36.0,0.047383,0.04943,0.021967,0.0,0.004411,0.03219,0.033452,0.0,0.0,0.0
2020-01-12 05:15:00,21.02,21.14,21.26,21.26,21.23,22.11,22.24,21.11,21.25,20.98,-5.49,0.0,1.0,1.0,0.0,1.0,1.0,1.0,1.0,0.652,0.0,1.0,36.0,21.0,23.0,1417.59,1473.9,0.0,1164.5,242.82,1053.45,1148.85,1008.9,0.0,306.05,28.84,28.87,36.0,26.6,22.83,28.17,27.78,23.82,36.0,22.39,0.047383,0.04943,0.0,0.029625,0.004411,0.03219,0.033452,0.01982,0.0,0.005381
2020-01-12 05:30:00,21.03,21.15,20.88,21.79,21.27,22.06,22.29,21.26,21.01,21.09,-5.58,0.0,1.0,1.0,0.0,1.0,1.0,1.0,1.0,0.652,0.0,1.0,36.0,21.0,23.0,1418.06,1474.3,0.0,1191.84,241.43,1056.76,1143.66,936.69,0.0,295.26,28.84,28.86,36.0,26.38,22.91,28.15,27.82,24.69,36.0,22.87,0.047383,0.04943,0.0,0.029625,0.004411,0.03219,0.033452,0.01982,0.0,0.005381
2020-01-12 05:45:00,20.98,21.09,20.8,21.79,21.32,22.04,22.33,21.46,20.82,21.24,-5.66,0.0,1.0,1.0,0.0,1.0,1.0,1.0,1.0,0.652,0.0,1.0,36.0,21.0,23.0,1364.86,1419.47,0.0,1167.11,238.59,1058.82,1138.99,894.55,0.0,288.21,29.11,29.13,36.0,26.58,23.06,28.13,27.85,25.2,36.0,23.19,0.047383,0.04943,0.0,0.029625,0.004411,0.03219,0.033452,0.01982,0.0,0.005381
2020-01-12 06:00:00,20.95,21.07,20.75,21.76,21.28,22.01,22.35,21.55,20.66,21.34,-5.73,0.0,1.0,1.0,0.0,1.0,1.0,1.0,1.0,0.652,0.0,1.0,36.0,21.0,23.0,1365.31,1419.96,0.0,1179.32,237.09,1060.55,1134.78,866.85,0.0,283.05,29.11,29.13,36.0,26.48,23.14,28.12,27.88,25.54,36.0,23.42,0.047383,0.04943,0.0,0.029625,0.004411,0.03219,0.033452,0.01982,0.0,0.005381
2020-01-12 06:15:00,20.95,21.07,21.38,20.86,21.1,21.98,22.36,21.4,20.79,21.31,-5.8,0.0,1.0,1.0,1.0,0.0,0.0,1.0,1.0,0.0,1.0,0.0,36.0,21.0,23.0,1420.65,1476.75,1070.84,0.0,0.0,1062.76,1131.51,0.0,1585.51,0.0,28.83,28.85,26.88,36.0,36.0,28.1,27.91,36.0,24.13,36.0,0.047383,0.04943,0.028075,0.0,0.0,0.03219,0.033452,0.0,0.031957,0.0
2020-01-12 06:30:00,20.92,21.05,21.86,20.32,21.03,21.97,22.37,21.09,21.13,21.2,-5.87,0.0,1.0,1.0,1.0,0.0,0.0,1.0,1.0,0.0,1.0,0.0,36.0,21.0,23.0,1423.93,1479.98,1095.7,0.0,0.0,1064.56,1128.98,0.0,1408.59,0.0,28.81,28.84,26.66,36.0,36.0,28.09,27.93,36.0,25.45,36.0,0.047383,0.04943,0.028075,0.0,0.0,0.03219,0.033452,0.0,0.031957,0.0
2020-01-12 06:45:00,20.89,21.01,21.87,20.23,21.01,21.97,22.36,20.85,21.44,21.09,-5.95,0.0,1.0,1.0,1.0,0.0,0.0,1.0,1.0,0.0,1.0,0.0,36.0,21.0,23.0,1426.92,1484.03,1100.06,0.0,0.0,1065.82,1127.17,0.0,1308.25,0.0,28.8,28.82,26.63,36.0,36.0,28.08,27.94,36.0,26.21,36.0,0.047383,0.04943,0.028075,0.0,0.0,0.03219,0.033452,0.0,0.031957,0.0
2020-01-12 07:00:00,20.84,20.97,21.83,20.16,20.99,21.98,22.42,20.67,21.67,20.97,-6.01,0.0,1.0,1.0,1.0,0.0,0.0,1.0,1.0,0.0,1.0,0.0,36.0,21.0,23.0,1375.15,1430.44,1082.9,0.0,0.0,1066.61,1125.24,0.0,1247.06,0.0,29.06,29.08,26.77,36.0,36.0,28.07,27.95,36.0,26.66,36.0,0.047383,0.04943,0.028075,0.0,0.0,0.03219,0.033452,0.0,0.031957,0.0
2020-01-12 07:15:00,20.87,21.0,20.98,20.86,21.05,21.99,22.46,20.85,21.53,20.99,-6.08,0.0,1.0,1.0,0.0,1.0,1.0,1.0,1.0,1.0,0.0,1.0,36.0,21.0,23.0,1427.87,1484.01,0.0,1174.89,236.35,1066.75,1121.74,1488.36,0.0,305.82,28.79,28.82,36.0,26.51,23.18,28.07,27.98,24.28,36.0,22.4,0.047383,0.04943,0.0,0.029625,0.004411,0.03219,0.033452,0.030392,0.0,0.005381
2020-01-12 07:30:00,20.9,21.03,20.49,21.57,21.13,22.04,22.52,21.25,21.21,21.1,-6.14,0.0,1.0,1.0,0.0,1.0,1.0,1.0,1.0,1.0,0.0,1.0,36.0,21.0,23.0,1428.89,1485.12,0.0,1179.04,237.42,1066.11,1118.18,1326.04,0.0,295.04,28.79,28.81,36.0,26.48,23.12,28.08,28.0,25.56,36.0,22.88,0.047383,0.04943,0.0,0.029625,0.004411,0.03219,0.033452,0.030392,0.0,0.005381
2020-01-12 07:45:00,20.92,21.03,20.37,21.73,21.17,22.08,22.57,21.58,20.95,21.23,-6.2,0.0,1.0,1.0,0.0,1.0,1.0,1.0,1.0,1.0,0.0,1.0,36.0,21.0,23.0,1428.41,1485.17,0.0,1155.44,236.44,1064.56,1114.32,1232.26,0.0,287.92,28.79,28.81,36.0,26.67,23.18,28.09,28.03,26.3,36.0,23.2,0.047383,0.04943,0.0,0.029625,0.004411,0.03219,0.033452,0.030392,0.0,0.005381
2020-01-12 08:00:00,20.87,20.99,20.27,21.77,21.18,22.09,22.61,21.82,20.73,21.35,-6.18,0.0,1.0,1.0,0.0,1.0,1.0,1.0,1.0,1.0,0.0,1.0,36.0,21.0,23.0,1374.58,1429.93,0.0,1123.34,234.92,1063.49,1110.89,1174.25,0.0,282.84,29.06,29.08,36.0,26.93,23.26,28.1,28.06,26.76,36.0,23.43,0.047383,0.04943,0.0,0.029625,0.004411,0.03219,0.033452,0.030392,0.0,0.005381
2020-01-12 08:15:00,20.91,21.02,20.93,21.44,21.08,21.86,22.64,21.65,20.85,21.32,-6.15,6.8,1.0,1.0,1.0,0.464,0.115,0.0,1.0,0.0,1.0,0.0,36.0,21.0,23.0,1424.41,1482.07,1158.01,635.04,30.1,0.0,1107.18,0.0,1545.15,0.0,28.81,28.83,26.13,24.94,21.82,36.0,28.08,36.0,24.43,36.0,0.047383,0.04943,0.028075,0.013736,0.000508,0.0,0.033452,0.0,0.031957,0.0
2020-01-12 08:30:00,20.95,21.04,21.56,21.27,21.13,21.53,22.68,21.26,21.13,21.21,-6.12,92.9,1.0,1.0,1.0,0.464,0.115,0.0,1.0,0.0,1.0,0.0,36.0,21.0,23.0,1420.8,1480.74,1176.78,630.85,30.04,0.0,1103.23,0.0,1385.53,0.0,28.83,28.83,25.97,25.01,21.85,36.0,28.11,36.0,25.63,36.0,0.047383,0.04943,0.028075,0.013736,0.000508,0.0,0.033452,0.0,0.031957,0.0
2020-01-12 08:45:00,20.98,21.07,21.69,21.28,21.2,21.23,22.73,20.86,21.4,21.09,-6.1,179.1,1.0,1.0,1.0,0.464,0.115,0.0,1.0,0.0,1.0,0.0,36.0,21.0,23.0,1415.26,1477.41,1167.33,628.94,30.02,0.0,1098.65,0.0,1293.54,0.0,28.85,28.85,26.05,25.05,21.86,36.0,28.14,36.0,26.32,36.0,0.047383,0.04943,0.028075,0.013736,0.000508,0.0,0.033452,0.0,0.031957,0.0
2020-01-12 09:00:00,21.0,21.07,21.73,21.34,21.21,20.95,22.8,20.6,21.66,20.97,-5.79,265.3,1.0,1.0,1.0,0.464,0.115,0.0,1.0,0.0,1.0,0.0,36.0,21.0,23.0,1357.61,1419.67,1138.02,620.19,30.0,0.0,1093.61,0.0,1234.96,0.0,29.15,29.13,26.3,25.2,21.87,36.0,28.18,36.0,26.75,36.0,0.047383,0.04943,0.028075,0.013736,0.000508,0.0,0.033452,0.0,0.031957,0.0
2020-01-12 09:15:00,20.9,20.99,21.2,20.85,21.12,21.14,22.56,20.94,21.48,21.0,-5.48,351.4,0.751,0.787,0.0,0.0,0.0,1.0,0.0,0.0,0.0,1.0,36.0,21.0,23.0,1173.98,1266.11,0.0,0.0,0.0,1439.89,0.0,0.0,0.0,305.7,28.1,28.22,36.0,36.0,36.0,25.3,36.0,36.0,36.0,22.41,0.03557,0.038908,0.0,0.0,0.0,0.03219,0.0,0.0,0.0,0.005381
2020-01-12 09:30:00,20.87,20.97,21.42,20.61,20.96,21.5,22.21,21.59,21.23,21.1,-5.17,372.6,0.751,0.787,0.0,0.0,0.0,1.0,0.0,0.0,0.0,1.0,36.0,21.0,23.0,1169.44,1262.92,0.0,0.0,0.0,1287.2,0.0,0.0,0.0,294.93,28.13,28.23,36.0,36.0,36.0,26.43,36.0,36.0,36.0,22.89,0.03557,0.038908,0.0,0.0,0.0,0.03219,0.0,0.0,0.0,0.005381
2020-01-12 09:45:00,20.91,21.0,22.17,20.54,21.09,21.86,21.9,22.26,21.02,21.22,-4.86,393.8,0.751,0.787,0.0,0.0,0.0,1.0,0.0,0.0,0.0,1.0,36.0,21.0,23.0,1168.94,1263.49,0.0,0.0,0.0,1200.1,0.0,0.0,0.0,287.84,28.14,28.23,36.0,36.0,36.0,27.08,36.0,36.0,36.0,23.2,0.03557,0.038908,0.0,0.0,0.0,0.03219,0.0,0.0,0.0,0.005381
2020-01-12 10:00:00,20.98,21.05,22.66,20.54,21.26,22.1,21.58,22.82,20.93,21.33,-4.59,415.0,0.751,0.787,0.0,0.0,0.0,1.0,0.0,0.0,0.0,1.0,36.0,21.0,23.0,1166.73,1262.61,0.0,0.0,0.0,1144.99,0.0,0.0,0.0,282.75,28.15,28.24,36.0,36.0,36.0,27.49,36.0,36.0,36.0,23.43,0.03557,0.038908,0.0,0.0,0.0,0.03219,0.0,0.0,0.0,0.005381
2020-01-12 10:15:00,20.97,21.08,22.97,21.3,21.44,22.13,21.3,23.22,21.07,21.31,-4.32,436.2,0.643,0.697,0.0,1.0,0.0,0.0,0.0,0.0,0.699,0.0,36.0,21.0,23.0,1050.81,1152.11,0.0,1149.16,0.0,0.0,0.0,0.0,1107.35,0.0,27.75,28.0,36.0,26.72,36.0,36.0,36.0,36.0,24.14,36.0,0.030488,0.034435,0.0,0.029625,0.0,0.0,0.0,0.0,0.022337,0.0
2020-01-12 10:30:00,21.02,21.12,23.32,21.98,21.64,22.1,20.99,23.58,21.36,21.21,-4.06,459.3,0.643,0.697,0.0,1.0,0.0,0.0,0.0,0.0,0.699,0.0,36.0,21.0,23.0,1048.05,1155.07,0.0,1168.01,0.0,0.0,0.0,0.0,1026.32,0.0,27.78,27.98,36.0,26.57,36.0,36.0,36.0,36.0,25.01,36.0,0.030488,0.034435,0.0,0.029625,0.0,0.0,0.0,0.0,0.022337,0.0
2020-01-12 10:45:00,21.1,21.16,23.67,22.15,21.79,22.12,20.71,23.92,21.6,21.08,-3.79,482.4,0.643,0.697,0.0,1.0,0.0,0.0,0.0,0.0,0.699,0.0,36.0,21.0,23.0,1046.23,1160.14,0.0,1164.2,0.0,0.0,0.0,0.0,976.24,0.0,27.79,27.94,36.0,26.6,36.0,36.0,36.0,36.0,25.54,36.0,0.030488,0.034435,0.0,0.029625,0.0,0.0,0.0,0.0,0.022337,0.0
2020-01-12 11:00:00,21.17,21.22,23.99,22.29,21.92,22.19,20.49,24.25,21.83,20.97,-3.55,505.5,0.643,0.697,0.0,1.0,0.0,0.0,0.0,0.0,0.699,0.0,36.0,21.0,23.0,1043.97,1158.7,0.0,1161.79,0.0,0.0,0.0,0.0,940.04,0.0,27.81,27.95,36.0,26.62,36.0,36.0,36.0,36.0,25.93,36.0,0.030488,0.034435,0.0,0.029625,0.0,0.0,0.0,0.0,0.022337,0.0
2020-01-12 11:15:00,20.87,20.95,24.24,21.57,21.9,22.29,20.67,24.55,21.87,20.98,-3.31,528.6,0.268,0.343,0.0,0.0,0.0,0.0,1.0,0.0,0.0,1.0,36.0,21.0,23.0,534.29,687.23,0.0,0.0,0.0,0.0,1613.41,0.0,0.0,305.87,25.93,26.31,36.0,36.0,36.0,36.0,24.46,36.0,36.0,22.4,0.01269,0.016962,0.0,0.0,0.0,0.0,0.033452,0.0,0.0,0.005381
2020-01-12 11:30:00,20.72,20.8,24.46,21.18,21.84,22.36,21.23,24.89,21.8,21.09,-3.06,551.6,0.268,0.343,0.0,0.0,0.0,0.0,1.0,0.0,0.0,1.0,36.0,21.0,23.0,536.3,689.86,0.0,0.0,0.0,0.0,1424.1,0.0,0.0,295.15,25.89,26.27,36.0,36.0,36.0,36.0,25.82,36.0,36.0,22.88,0.01269,0.016962,0.0,0.0,0.0,0.0,0.033452,0.0,0.0,0.005381
2020-01-12 11:45:00,20.69,20.78,24.72,21.29,21.89,22.44,21.81,25.21,21.79,21.21,-2.82,574.7,0.268,0.343,0.0,0.0,0.0,0.0,1.0,0.0,0.0,1.0,36.0,21.0,23.0,541.63,696.21,0.0,0.0,0.0,0.0,1312.54,0.0,0.0,288.1,25.79,26.18,36.0,36.0,36.0,36.0,26.61,36.0,36.0,23.19,0.01269,0.016962,0.0,0.0,0.0,0.0,0.033452,0.0,0.0,0.005381
2020-01-12 12:00:00,20.7,20.78,25.0,21.51,21.99,22.54,22.21,25.5,21.88,21.32,-2.62,597.7,0.268,0.343,0.0,0.0,0.0,0.0,1.0,0.0,0.0,1.0,36.0,21.0,23.0,545.87,701.23,0.0,0.0,0.0,0.0,1239.81,0.0,0.0,283.02,25.71,26.11,36.0,36.0,36.0,36.0,27.13,36.0,36.0,23.42,0.01269,0.016962,0.0,0.0,0.0,0.0,0.033452,0.0,0.0,0.005381
2020-01-12 12:15:00,21.27,21.31,25.26,21.79,22.24,22.67,22.13,25.79,22.06,21.29,-2.41,620.7,0.855,0.919,0.0,0.0,0.0,0.0,0.0,0.0,0.0,0.0,36.0,21.0,23.0,1285.94,1415.64,0.0,0.0,0.0,0.0,0.0,0.0,0.0,0.0,28.4,28.55,36.0,36.0,36.0,36.0,36.0,36.0,36.0,36.0,0.04049,0.045439,0.0,0.0,0.0,0.0,0.0,0.0,0.0,0.0
2020-01-12 12:30:00,21.56,21.58,25.65,22.19,22.53,22.82,21.76,26.08,22.31,21.18,-2.21,644.5,0.855,0.919,0.0,0.0,0.0,0.0,0.0,0.0,0.0,0.0,36.0,21.0,23.0,1299.59,1427.94,0.0,0.0,0.0,0.0,0.0,0.0,0.0,0.0,28.32,28.48,36.0,36.0,36.0,36.0,36.0,36.0,36.0,36.0,0.04049,0.045439,0.0,0.0,0.0,0.0,0.0,0.0,0.0,0.0
2020-01-12 12:45:00,21.66,21.68,25.97,22.64,22.74,22.98,21.33,26.36,22.65,21.06,-2.0,668.2,0.855,0.919,0.0,0.0,0.0,0.0,0.0,0.0,0.0,0.0,36.0,21.0,23.0,1299.7,1427.94,0.0,0.0,0.0,0.0,0.0,0.0,0.0,0.0,28.32,28.48,36.0,36.0,36.0,36.0,36.0,36.0,36.0,36.0,0.04049,0.045439,0.0,0.0,0.0,0.0,0.0,0.0,0.0,0.0
2020-01-12 13:00:00,21.73,21.76,26.25,23.12,22.9,23.13,20.98,26.64,23.06,20.95,-1.86,691.9,0.855,0.919,0.0,0.0,0.0,0.0,0.0,0.0,0.0,0.0,36.0,21.0,23.0,1305.1,1431.61,0.0,0.0,0.0,0.0,0.0,0.0,0.0,0.0,28.29,28.46,36.0,36.0,36.0,36.0,36.0,36.0,36.0,36.0,0.04049,0.045439,0.0,0.0,0.0,0.0,0.0,0.0,0.0,0.0
2020-01-12 13:15:00,20.92,20.9,26.4,23.56,22.8,23.29,20.97,26.87,23.51,20.95,-1.72,715.6,0.0,0.0,0.0,0.0,0.0,0.0,0.628,0.0,0.0,1.0,36.0,21.0,23.0,0.0,0.0,0.0,0.0,0.0,0.0,1025.56,0.0,0.0,306.37,36.0,36.0,36.0,36.0,36.0,36.0,24.32,36.0,36.0,22.38,0.0,0.0,0.0,0.0,0.0,0.0,0.021,0.0,0.0,0.005381
2020-01-12 13:30:00,20.58,20.54,26.36,23.92,22.66,23.43,21.2,27.04,24.06,21.06,-1.58,705.9,0.0,0.0,0.0,0.0,0.0,0.0,0.628,0.0,0.0,1.0,36.0,21.0,23.0,0.0,0.0,0.0,0.0,0.0,0.0,962.52,0.0,0.0,295.68,36.0,36.0,36.0,36.0,36.0,36.0,25.03,36.0,36.0,22.85,0.0,0.0,0.0,0.0,0.0,0.0,0.021,0.0,0.0,0.005381
2020-01-12 13:45:00,20.51,20.46,26.36,24.25,22.67,23.55,21.45,27.16,24.52,21.18,-1.44,696.2,0.0,0.0,0.0,0.0,0.0,0.0,0.628,0.0,0.0,1.0,36.0,21.0,23.0,0.0,0.0,0.0,0.0,0.0,0.0,924.52,0.0,0.0,288.65,36.0,36.0,36.0,36.0,36.0,36.0,25.47,36.0,36.0,23.17,0.0,0.0,0.0,0.0,0.0,0.0,0.021,0.0,0.0,0.005381
2020-01-12 14:00:00,20.47,20.42,26.37,24.56,22.71,23.67,21.65,27.23,24.94,21.28,-1.4,686.5,0.0,0.0,0.0,0.0,0.0,0.0,0.628,0.0,0.0,1.0,36.0,21.0,23.0,0.0,0.0,0.0,0.0,0.0,0.0,899.32,0.0,0.0,283.59,36.0,36.0,36.0,36.0,36.0,36.0,25.75,36.0,36.0,23.39,0.0,0.0,0.0,0.0,0.0,0.0,0.021,0.0,0.0,0.005381
2020-01-12 14:15:00,21.29,21.24,26.42,24.87,23.02,23.77,21.56,27.26,25.29,21.26,-1.36,676.9,1.0,1.0,0.0,0.0,0.0,0.0,0.0,0.0,0.0,0.0,36.0,21.0,23.0,1386.32,1460.37,0.0,0.0,0.0,0.0,0.0,0.0,0.0,0.0,29.0,28.93,36.0,36.0,36.0,36.0,36.0,36.0,36.0,36.0,0.047383,0.04943,0.0,0.0,0.0,0.0,0.0,0.0,0.0,0.0
2020-01-12 14:30:00,21.91,21.86,26.53,25.32,23.38,23.86,21.19,27.23,25.68,21.14,-1.33,656.6,1.0,1.0,0.0,0.0,0.0,0.0,0.0,0.0,0.0,0.0,36.0,21.0,23.0,1403.4,1478.22,0.0,0.0,0.0,0.0,0.0,0.0,0.0,0.0,28.91,28.85,36.0,36.0,36.0,36.0,36.0,36.0,36.0,36.0,0.047383,0.04943,0.0,0.0,0.0,0.0,0.0,0.0,0.0,0.0
2020-01-12 14:45:00,22.08,22.03,26.56,25.69,23.58,23.92,20.8,27.15,26.01,21.02,-1.29,636.4,1.0,1.0,0.0,0.0,0.0,0.0,0.0,0.0,0.0,0.0,36.0,21.0,23.0,1373.27,1447.31,0.0,0.0,0.0,0.0,0.0,0.0,0.0,0.0,29.07,29.0,36.0,36.0,36.0,36.0,36.0,36.0,36.0,36.0,0.047383,0.04943,0.0,0.0,0.0,0.0,0.0,0.0,0.0,0.0
2020-01-12 15:00:00,22.19,22.13,26.48,25.97,23.69,23.96,20.49,27.03,26.3,20.9,-1.37,616.2,1.0,1.0,0.0,0.0,0.0,0.0,0.0,0.0,0.0,0.0,36.0,21.0,23.0,1361.71,1436.14,0.0,0.0,0.0,0.0,0.0,0.0,0.0,0.0,29.12,29.05,36.0,36.0,36.0,36.0,36.0,36.0,36.0,36.0,0.047383,0.04943,0.0,0.0,0.0,0.0,0.0,0.0,0.0,0.0
2020-01-12 15:15:00,21.31,21.24,26.31,26.12,23.48,23.99,20.6,26.88,26.52,20.91,-1.45,596.0,0.0,0.0,0.0,0.0,0.0,0.0,1.0,0.0,0.0,1.0,36.0,21.0,23.0,0.0,0.0,0.0,0.0,0.0,0.0,1610.8,0.0,0.0,307.13,36.0,36.0,36.0,36.0,36.0,36.0,24.48,36.0,36.0,22.35,0.0,0.0,0.0,0.0,0.0,0.0,0.033452,0.0,0.0,0.005381
2020-01-12 15:30:00,20.9,20.84,25.85,25.83,23.16,23.94,21.09,26.59,26.56,21.02,-1.53,458.9,0.0,0.0,0.0,0.0,0.0,0.0,1.0,0.0,0.0,1.0,36.0,21.0,23.0,0.0,0.0,0.0,0.0,0.0,0.0,1434.01,0.0,0.0,296.43,36.0,36.0,36.0,36.0,36.0,36.0,25.74,36.0,36.0,22.82,0.0,0.0,0.0,0.0,0.0,0.0,0.033452,0.0,0.0,0.005381
2020-01-12 15:45:00,20.71,20.65,25.4,25.4,22.9,23.77,21.59,26.19,26.35,21.14,-1.61,321.8,0.0,0.0,0.0,0.0,0.0,0.0,1.0,0.0,0.0,1.0,36.0,21.0,23.0,0.0,0.0,0.0,0.0,0.0,0.0,1332.37,0.0,0.0,289.4,36.0,36.0,36.0,36.0,36.0,36.0,26.47,36.0,36.0,23.13,0.0,0.0,0.0,0.0,0.0,0.0,0.033452,0.0,0.0,0.005381
2020-01-12 16:00:00,20.5,20.44,24.96,24.87,22.62,23.5,21.89,25.72,25.92,21.24,-1.85,184.7,0.0,0.0,0.0,0.0,0.0,0.0,1.0,0.0,0.0,1.0,36.0,21.0,23.0,0.0,0.0,0.0,0.0,0.0,0.0,1268.07,0.0,0.0,284.34,36.0,36.0,36.0,36.0,36.0,36.0,26.93,36.0,36.0,23.36,0.0,0.0,0.0,0.0,0.0,0.0,0.033452,0.0,0.0,0.005381
2020-01-12 16:15:00,21.13,21.09,24.56,24.21,22.56,23.12,21.73,25.21,25.24,21.22,-2.09,47.6,1.0,1.0,0.0,0.0,0.0,0.0,0.0,0.0,0.0,0.0,36.0,21.0,23.0,1373.15,1447.57,0.0,0.0,0.0,0.0,0.0,0.0,0.0,0.0,29.07,28.99,36.0,36.0,36.0,36.0,36.0,36.0,36.0,36.0,0.047383,0.04943,0.0,0.0,0.0,0.0,0.0,0.0,0.0,0.0
2020-01-12 16:30:00,21.54,21.51,24.35,23.94,22.57,22.72,21.26,24.7,24.63,21.1,-2.33,35.7,1.0,1.0,0.0,0.0,0.0,0.0,0.0,0.0,0.0,0.0,36.0,21.0,23.0,1402.74,1477.73,0.0,0.0,0.0,0.0,0.0,0.0,0.0,0.0,28.92,28.85,36.0,36.0,36.0,36.0,36.0,36.0,36.0,36.0,0.047383,0.04943,0.0,0.0,0.0,0.0,0.0,0.0,0.0,0.0
2020-01-12 16:45:00,21.55,21.52,24.1,23.62,22.51,22.34,20.72,24.2,24.04,20.98,-2.57,0.0,1.0,1.0,0.0,0.0,0.0,0.0,0.0,0.0,0.0,0.0,36.0,21.0,23.0,1394.79,1467.8,0.0,0.0,0.0,0.0,0.0,0.0,0.0,0.0,28.96,28.9,36.0,36.0,36.0,36.0,36.0,36.0,36.0,36.0,0.047383,0.04943,0.0,0.0,0.0,0.0,0.0,0.0,0.0,0.0
2020-01-12 17:00:00,21.51,21.49,23.83,23.32,22.38,21.98,20.27,23.76,23.54,20.86,-2.67,0.0,1.0,1.0,0.0,0.0,0.0,0.0,0.0,0.0,0.0,0.0,36.0,21.0,23.0,1395.07,1467.51,0.0,0.0,0.0,0.0,0.0,0.0,0.0,0.0,28.96,28.9,36.0,36.0,36.0,36.0,36.0,36.0,36.0,36.0,0.047383,0.04943,0.0,0.0,0.0,0.0,0.0,0.0,0.0,0.0
2020-01-12 17:15:00,20.56,21.44,23.59,23.06,22.09,21.64,20.3,23.4,23.16,20.87,-2.78,0.0,0.051,1.0,0.0,0.0,0.0,0.0,1.0,0.0,0.129,1.0,36.0,21.0,23.0,118.61,1467.53,0.0,0.0,0.0,0.0,1616.24,0.0,168.62,307.93,24.18,28.9,36.0,36.0,36.0,36.0,24.44,36.0,26.23,22.31,0.002401,0.04943,0.0,0.0,0.0,0.0,0.033452,0.0,0.004131,0.005381
2020-01-12 17:30:00,20.1,21.37,23.25,22.71,21.79,21.34,20.72,23.0,22.76,20.98,-2.88,0.0,0.051,1.0,0.0,0.0,0.0,0.0,1.0,0.0,0.129,1.0,36.0,21.0,23.0,118.42,1468.13,0.0,0.0,0.0,0.0,1450.97,0.0,175.42,297.19,24.2,28.89,36.0,36.0,36.0,36.0,25.62,36.0,25.84,22.79,0.002401,0.04943,0.0,0.0,0.0,0.0,0.033452,0.0,0.004131,0.005381
2020-01-12 17:45:00,19.91,21.32,22.97,22.41,21.6,21.06,21.16,22.64,22.42,21.1,-2.98,0.0,0.051,1.0,0.0,0.0,0.0,0.0,1.0,0.0,0.129,1.0,36.0,21.0,23.0,119.77,1469.85,0.0,0.0,0.0,0.0,1356.53,0.0,181.9,290.12,24.07,28.89,36.0,36.0,36.0,36.0,26.3,36.0,25.46,23.1,0.002401,0.04943,0.0,0.0,0.0,0.0,0.033452,0.0,0.004131,0.005381
2020-01-12 18:00:00,19.75,21.29,22.71,22.15,21.41,20.79,21.43,22.3,22.11,21.2,-3.08,0.0,0.051,1.0,0.0,0.0,0.0,0.0,1.0,0.0,0.129,1.0,36.0,21.0,23.0,120.78,1470.87,0.0,0.0,0.0,0.0,1296.72,0.0,187.94,285.04,23.97,28.88,36.0,36.0,36.0,36.0,26.73,36.0,25.12,23.33,0.002401,0.04943,0.0,0.0,0.0,0.0,0.033452,0.0,0.004131,0.005381
2020-01-12 18:15:00,20.49,21.28,23.07,22.57,21.62,20.73,21.59,22.26,22.07,21.28,-3.17,0.0,1.0,1.0,1.0,1.0,1.0,1.0,1.0,1.0,1.0,1.0,36.0,21.0,23.0,1423.66,1471.12,918.53,1033.96,237.76,1738.1,1257.63,1242.2,1292.21,281.21,28.81,28.88,28.17,27.65,23.11,23.08,27.01,26.22,26.33,23.5,0.047383,0.04943,0.028075,0.029625,0.004411,0.03219,0.033452,0.030392,0.031957,0.005381
2020-01-12 18:30:00,21.0,21.34,23.42,22.97,21.99,21.1,21.72,22.47,22.25,21.37,-3.27,0.0,1.0,1.0,1.0,1.0,1.0,1.0,1.0,1.0,1.0,1.0,36.0,21.0,23.0,1446.49,1468.91,928.96,1045.19,238.25,1511.14,1230.94,1118.79,1183.85,278.22,28.7,28.89,28.08,27.56,23.08,24.77,27.2,27.19,27.14,23.63,0.047383,0.04943,0.028075,0.029625,0.004411,0.03219,0.033452,0.030392,0.031957,0.005381
2020-01-12 18:45:00,21.1,21.4,23.49,23.06,22.12,21.47,21.83,22.74,22.49,21.45,-3.37,0.0,1.0,1.0,1.0,1.0,1.0,1.0,1.0,1.0,1.0,1.0,36.0,21.0,23.0,1430.84,1465.99,921.83,1035.96,235.93,1380.93,1211.38,1051.06,1124.32,275.75,28.78,28.9,28.14,27.63,23.2,25.74,27.34,27.73,27.58,23.74,0.047383,0.04943,0.028075,0.029625,0.004411,0.03219,0.033452,0.030392,0.031957,0.005381
2020-01-12 19:00:00,21.11,21.38,23.5,23.07,22.16,21.76,21.95,22.94,22.68,21.52,-3.46,0.0,1.0,1.0,1.0,1.0,1.0,1.0,1.0,1.0,1.0,1.0,36.0,21.0,23.0,1373.13,1409.32,895.75,1006.15,232.98,1299.81,1196.63,1010.6,1088.63,273.7,29.07,29.18,28.37,27.87,23.37,26.34,27.44,28.05,27.85,23.83,0.047383,0.04943,0.028075,0.029625,0.004411,0.03219,0.033452,0.030392,0.031957,0.005381
2020-01-12 19:15:00,21.16,21.41,22.85,22.34,21.91,21.94,21.72,23.11,22.61,21.47,-3.55,0.0,1.0,1.0,0.0,0.0,0.0,1.0,0.0,1.0,0.0,0.0,36.0,21.0,23.0,1419.89,1460.4,0.0,0.0,0.0,1243.05,0.0,983.6,0.0,0.0,28.83,28.93,36.0,36.0,36.0,26.76,36.0,28.26,36.0,36.0,0.047383,0.04943,0.0,0.0,0.0,0.03219,0.0,0.030392,0.0,0.0
2020-01-12 19:30:00,21.13,21.39,22.5,21.91,21.68,22.07,21.27,23.24,22.32,21.34,-3.65,0.0,1.0,1.0,0.0,0.0,0.0,1.0,0.0,1.0,0.0,0.0,36.0,21.0,23.0,1419.39,1460.09,0.0,0.0,0.0,1204.43,0.0,965.79,0.0,0.0,28.83,28.93,36.0,36.0,36.0,27.05,36.0,28.4,36.0,36.0,0.047383,0.04943,0.0,0.0,0.0,0.03219,0.0,0.030392,0.0,0.0
2020-01-12 19:45:00,21.14,21.39,22.36,21.77,21.6,22.18,20.78,23.33,22.01,21.21,-3.74,0.0,1.0,1.0,0.0,0.0,0.0,1.0,0.0,1.0,0.0,0.0,36.0,21.0,23.0,1417.21,1459.15,0.0,0.0,0.0,1176.36,0.0,953.02,0.0,0.0,28.84,28.94,36.0,36.0,36.0,27.26,36.0,28.5,36.0,36.0,0.047383,0.04943,0.0,0.0,0.0,0.03219,0.0,0.030392,0.0,0.0
2020-01-12 20:00:00,21.14,21.37,22.25,21.66,21.55,22.24,20.32,23.38,21.74,21.09,-3.83,0.0,1.0,1.0,0.0,0.0,0.0,1.0,0.0,1.0,0.0,0.0,36.0,21.0,23.0,1415.67,1459.6,0.0,0.0,0.0,1154.96,0.0,944.09,0.0,0.0,28.85,28.94,36.0,36.0,36.0,27.42,36.0,28.57,36.0,36.0,0.047383,0.04943,0.0,0.0,0.0,0.03219,0.0,0.030392,0.0,0.0
2020-01-12 20:15:00,21.15,21.37,22.75,21.52,21.6,22.25,20.36,23.19,21.82,21.01,-3.92,0.0,1.0,1.0,1.0,0.0,0.0,1.0,1.0,0.0,1.0,0.137,36.0,21.0,23.0,1414.04,1458.99,937.71,0.0,0.0,1138.99,1595.12,0.0,1399.35,43.49,28.86,28.94,28.01,36.0,36.0,27.54,24.59,36.0,25.52,21.9,0.047383,0.04943,0.028075,0.0,0.0,0.03219,0.033452,0.0,0.031957,0.000738
2020-01-12 20:30:00,21.19,21.38,23.06,21.36,21.7,22.27,20.78,22.85,22.1,20.93,-4.0,0.0,1.0,1.0,1.0,0.0,0.0,1.0,1.0,0.0,1.0,0.137,36.0,21.0,23.0,1411.82,1457.74,962.64,0.0,0.0,1126.28,1435.14,0.0,1263.14,43.79,28.87,28.94,27.8,36.0,36.0,27.63,25.74,36.0,26.54,21.8,0.047383,0.04943,0.028075,0.0,0.0,0.03219,0.033452,0.0,0.031957,0.000738
2020-01-12 20:45:00,21.2,21.39,23.05,21.22,21.7,22.28,21.23,22.54,22.4,20.86,-4.09,0.0,1.0,1.0,1.0,0.0,0.0,1.0,1.0,0.0,1.0,0.137,36.0,21.0,23.0,1410.06,1457.01,971.16,0.0,0.0,1116.1,1343.65,0.0,1186.49,44.08,28.88,28.95,27.72,36.0,36.0,27.71,26.39,36.0,27.12,21.71,0.047383,0.04943,0.028075,0.0,0.0,0.03219,0.033452,0.0,0.031957,0.000738
2020-01-12 21:00:00,21.15,21.33,22.98,21.06,21.68,22.32,21.55,22.24,22.62,20.79,-4.18,0.0,1.0,1.0,1.0,0.0,0.0,1.0,1.0,0.0,1.0,0.137,36.0,21.0,23.0,1356.48,1402.44,959.14,0.0,0.0,1108.01,1286.62,0.0,1139.42,44.34,29.15,29.21,27.83,36.0,36.0,27.77,26.8,36.0,27.47,21.63,0.047383,0.04943,0.028075,0.0,0.0,0.03219,0.033452,0.0,0.031957,0.000738
2020-01-12 21:15:00,21.18,21.36,22.95,21.69,21.66,22.37,21.37,22.32,22.72,20.82,-4.28,0.0,1.0,1.0,0.971,1.0,0.0,1.0,0.0,1.0,1.0,1.0,36.0,21.0,23.0,1407.91,1455.81,976.19,1131.91,0.0,1099.95,0.0,1261.49,1107.63,309.41,28.89,28.95,27.43,26.86,36.0,27.83,36.0,26.07,27.71,22.24,0.047383,0.04943,0.027248,0.029625,0.0,0.03219,0.0,0.030392,0.031957,0.005381
2020-01-12 21:30:00,21.21,21.38,22.93,22.22,21.73,22.45,20.9,22.62,22.81,20.94,-4.37,0.0,1.0,1.0,0.971,1.0,0.0,1.0,0.0,1.0,1.0,1.0,36.0,21.0,23.0,1407.55,1455.75,988.69,1158.63,0.0,1092.57,0.0,1140.16,1087.03,298.58,28.89,28.95,27.32,26.64,36.0,27.88,36.0,27.03,27.86,22.73,0.047383,0.04943,0.027248,0.029625,0.0,0.03219,0.0,0.030392,0.031957,0.005381
2020-01-12 21:45:00,21.23,21.38,22.91,22.26,21.75,22.54,20.39,22.9,22.89,21.06,-4.47,0.0,1.0,1.0,0.971,1.0,0.0,1.0,0.0,1.0,1.0,1.0,36.0,21.0,23.0,1406.12,1454.74,1001.53,1163.73,0.0,1085.21,0.0,1071.8,1072.45,291.36,28.9,28.96,27.21,26.6,36.0,27.93,36.0,27.56,27.97,23.05,0.047383,0.04943,0.027248,0.029625,0.0,0.03219,0.0,0.030392,0.031957,0.005381
2020-01-12 22:00:00,21.23,21.38,22.9,22.29,21.75,22.63,19.97,23.08,22.96,21.17,-4.57,0.0,1.0,1.0,0.971,1.0,0.0,1.0,0.0,1.0,1.0,1.0,36.0,21.0,23.0,1404.95,1454.29,993.73,1152.88,0.0,1078.06,0.0,1029.72,1061.67,286.15,28.91,28.96,27.28,26.69,36.0,27.99,36.0,27.89,28.05,23.28,0.047383,0.04943,0.027248,0.029625,0.0,0.03219,0.0,0.030392,0.031957,0.005381
2020-01-12 22:15:00,21.18,21.33,22.91,22.31,21.74,22.7,20.07,23.14,23.01,21.27,-4.66,0.0,1.0,1.0,1.0,1.0,0.0,1.0,1.0,0.764,1.0,1.0,36.0,21.0,23.0,1351.81,1400.24,982.64,1114.57,0.0,1071.7,1643.84,796.29,1053.38,282.27,29.17,29.22,27.63,27.0,36.0,28.04,24.24,27.8,28.11,23.45,0.047383,0.04943,0.028075,0.029625,0.0,0.03219,0.033452,0.023232,0.031957,0.005381
2020-01-12 22:30:00,21.21,21.35,22.94,22.36,21.74,22.74,20.49,23.14,23.05,21.34,-4.76,0.0,1.0,1.0,1.0,1.0,0.0,1.0,1.0,0.764,1.0,1.0,36.0,21.0,23.0,1403.05,1453.59,999.52,1131.08,0.0,1065.8,1473.74,803.26,1046.36,279.11,28.92,28.96,27.48,26.87,36.0,28.08,25.46,27.73,28.17,23.59,0.047383,0.04943,0.028075,0.029625,0.0,0.03219,0.033452,0.023232,0.031957,0.005381
2020-01-12 22:45:00,21.23,21.36,22.96,22.41,21.76,22.78,20.97,23.14,23.09,21.42,-4.86,0.0,1.0,1.0,1.0,1.0,0.0,1.0,1.0,0.764,1.0,1.0,36.0,21.0,23.0,1403.13,1454.31,991.73,1120.23,0.0,1060.68,1376.27,806.21,1040.6,276.56,28.92,28.96,27.55,26.95,36.0,28.12,26.16,27.7,28.21,23.7,0.047383,0.04943,0.028075,0.029625,0.0,0.03219,0.033452,0.023232,0.031957,0.005381
2020-01-12 23:00:00,21.19,21.32,22.96,22.44,21.76,22.82,21.31,23.13,23.12,21.49,-4.93,0.0,1.0,1.0,1.0,1.0,0.0,1.0,1.0,0.764,1.0,1.0,36.0,21.0,23.0,1349.88,1400.13,959.84,1082.84,0.0,1056.27,1315.43,807.58,1035.92,274.45,29.18,29.22,27.82,27.26,36.0,28.15,26.59,27.68,28.24,23.8,0.047383,0.04943,0.028075,0.029625,0.0,0.03219,0.033452,0.023232,0.031957,0.005381
2020-01-12 23:15:00,21.17,21.3,22.97,22.47,21.74,22.84,21.08,23.14,23.07,21.56,-4.99,0.0,1.0,1.0,0.996,1.0,0.0,1.0,0.0,0.779,0.687,1.0,36.0,21.0,23.0,1349.44,1400.32,949.3,1072.34,0.0,1052.12,0.0,821.41,745.35,272.57,29.19,29.22,27.88,27.34,36.0,28.18,36.0,27.7,27.88,23.88,0.047383,0.04943,0.027958,0.029625,0.0,0.03219,0.0,0.023662,0.021958,0.005381
2020-01-12 23:30:00,21.21,21.33,23.0,22.52,21.76,22.85,20.66,23.14,22.99,21.61,-5.06,0.0,1.0,1.0,0.996,1.0,0.0,1.0,0.0,0.779,0.687,1.0,36.0,21.0,23.0,1401.09,1453.92,964.62,1087.95,0.0,1048.52,0.0,820.31,770.0,270.86,28.93,28.96,27.75,27.21,36.0,28.21,36.0,27.71,27.61,23.96,0.047383,0.04943,0.027958,0.029625,0.0,0.03219,0.0,0.023662,0.021958,0.005381
2020-01-12 23:45:00,21.23,21.35,23.03,22.56,21.78,22.86,20.15,23.15,22.9,21.67,-5.12,0.0,1.0,1.0,0.996,1.0,0.0,1.0,0.0,0.779,0.687,1.0,36.0,21.0,23.0,1401.13,1454.34,962.63,1084.03,0.0,1045.59,0.0,819.52,785.05,269.33,28.93,28.96,27.76,27.25,36.0,28.23,36.0,27.71,27.45,24.03,0.047383,0.04943,0.027958,0.029625,0.0,0.03219,0.0,0.023662,0.021958,0.005381
2020-01-13 00:00:00,21.23,21.35,23.04,22.59,21.79,22.87,19.72,23.15,22.83,21.73,-5.15,0.0,1.0,1.0,0.996,1.0,0.0,1.0,0.0,0.779,0.687,1.0,36.0,21.0,23.0,1400.25,1453.9,960.38,1079.95,0.0,1043.01,0.0,818.98,795.24,267.92,28.93,28.96,27.78,27.28,36.0,28.25,36.0,27.72,27.34,24.09,0.047383,0.04943,0.027958,0.029625,0.0,0.03219,0.0,0.023662,0.021958,0.005381
2020-01-13 00:15:00,21.19,21.3,23.02,22.59,21.79,22.89,19.84,23.14,22.88,21.79,-5.17,0.0,1.0,1.0,1.0,1.0,0.0,1.0,1.0,0.744,1.0,1.0,36.0,21.0,23.0,1347.64,1400.12,937.91,1050.51,0.0,1040.62,1672.55,786.56,1110.61,266.65,29.2,29.22,28.01,27.52,36.0,28.27,24.04,27.68,27.69,24.15,0.047383,0.04943,0.028075,0.029625,0.0,0.03219,0.033452,0.022608,0.031957,0.005381
2020-01-13 00:30:00,21.22,21.33,23.04,22.61,21.78,22.91,20.29,23.13,22.97,21.84,-5.2,0.0,1.0,1.0,1.0,1.0,0.0,1.0,1.0,0.744,1.0,1.0,36.0,21.0,23.0,1398.92,1453.4,959.14,1072.66,0.0,1038.31,1497.51,789.71,1077.49,265.37,28.94,28.97,27.83,27.34,36.0,28.28,25.29,27.64,27.93,24.2,0.047383,0.04943,0.028075,0.029625,0.0,0.03219,0.033452,0.022608,0.031957,0.005381
2020-01-13 00:45:00,21.23,21.34,23.05,22.64,21.79,22.93,20.8,23.11,23.05,21.89,-5.22,0.0,1.0,1.0,1.0,1.0,0.0,1.0,1.0,0.744,1.0,1.0,36.0,21.0,23.0,1399.32,1454.26,957.42,1069.37,0.0,1036.08,1396.52,791.7,1058.24,264.19,28.93,28.96,27.84,27.36,36.0,28.3,26.01,27.62,28.08,24.25,0.047383,0.04943,0.028075,0.029625,0.0,0.03219,0.033452,0.022608,0.031957,0.005381
2020-01-13 01:00:00,21.19,21.29,23.04,22.64,21.8,22.95,21.14,23.1,23.11,21.95,-5.24,0.0,1.0,1.0,1.0,1.0,0.0,1.0,1.0,0.744,1.0,1.0,36.0,21.0,23.0,1346.63,1400.36,932.31,1040.35,0.0,1033.98,1332.97,793.07,1046.15,263.12,29.2,29.22,28.06,27.6,36.0,28.32,26.47,27.61,28.17,24.3,0.047383,0.04943,0.028075,0.029625,0.0,0.03219,0.033452,0.022608,0.031957,0.005381
2020-01-13 01:15:00,21.18,21.28,23.03,22.64,21.77,22.97,21.35,23.14,23.09,22.0,-5.25,0.0,1.0,1.0,1.0,1.0,0.0,1.0,1.0,0.925,0.796,1.0,36.0,21.0,23.0,1346.6,1400.84,930.47,1037.12,0.0,1032.01,1289.39,959.2,852.86,262.06,29.2,29.22,28.07,27.62,36.0,28.33,26.78,27.84,27.98,24.35,0.047383,0.04943,0.028075,0.029625,0.0,0.03219,0.033452,0.028111,0.025425,0.005381
2020-01-13 01:30:00,21.17,21.26,23.02,22.64,21.77,22.98,21.51,23.2,23.04,22.04,-5.26,0.0,1.0,1.0,1.0,1.0,0.0,1.0,1.0,0.925,0.796,1.0,36.0,21.0,23.0,1348.02,1402.76,930.52,1035.95,0.0,1030.16,1258.64,940.27,867.77,261.04,29.19,29.21,28.07,27.63,36.0,28.34,27.0,28.0,27.83,24.39,0.047383,0.04943,0.028075,0.029625,0.0,0.03219,0.033452,0.028111,0.025425,0.005381
2020-01-13 01:45:00,21.16,21.26,23.02,22.65,21.76,23.0,21.63,23.24,23.0,22.09,-5.28,0.0,1.0,1.0,1.0,1.0,0.0,1.0,1.0,0.925,0.796,1.0,36.0,21.0,23.0,1349.25,1404.42,930.71,1034.9,0.0,1028.46,1236.11,928.93,876.67,260.06,29.19,29.2,28.07,27.64,36.0,28.36,27.16,28.09,27.75,24.44,0.047383,0.04943,0.028075,0.029625,0.0,0.03219,0.033452,0.028111,0.025425,0.005381
2020-01-13 02:00:00,21.15,21.24,23.0,22.65,21.76,23.01,21.73,23.26,22.95,22.13,-5.3,0.0,1.0,1.0,1.0,1.0,0.0,1.0,1.0,0.925,0.796,1.0,36.0,21.0,23.0,1350.37,1406.05,930.76,1033.76,0.0,1026.94,1218.82,921.68,882.59,259.11,29.18,29.19,28.07,27.65,36.0,28.37,27.28,28.16,27.7,24.48,0.047383,0.04943,0.028075,0.029625,0.0,0.03219,0.033452,0.028111,0.025425,0.005381
2020-01-13 02:15:00,21.19,21.27,22.6,22.67,21.7,23.0,21.8,23.11,22.98,22.17,-5.32,0.0,1.0,1.0,0.366,1.0,0.0,1.0,1.0,0.295,1.0,1.0,36.0,21.0,23.0,1403.2,1461.2,433.33,1058.18,0.0,1025.77,1204.71,325.26,1079.21,258.17,28.92,28.93,25.91,27.45,36.0,28.38,27.38,27.32,27.92,24.52,0.047383,0.04943,0.010274,0.029625,0.0,0.03219,0.033452,0.008965,0.031957,0.005381
2020-01-13 02:30:00,21.12,21.2,22.39,22.61,21.65,22.98,21.88,22.8,23.03,22.22,-5.34,0.0,1.0,1.0,0.366,1.0,0.0,1.0,1.0,0.295,1.0,1.0,36.0,21.0,23.0,1352.85,1409.58,430.55,1032.11,0.0,1025.07,1193.8,349.62,1058.31,257.31,29.17,29.18,25.97,27.67,36.0,28.38,27.46,26.67,28.08,24.56,0.047383,0.04943,0.010274,0.029625,0.0,0.03219,0.033452,0.008965,0.031957,0.005381
2020-01-13 02:45:00,21.1,21.18,22.34,22.61,21.55,22.95,21.94,22.54,23.07,22.26,-5.36,0.0,1.0,1.0,0.366,1.0,0.0,1.0,1.0,0.295,1.0,1.0,36.0,21.0,23.0,1355.08,1412.21,433.44,1032.3,0.0,1024.79,1184.51,366.94,1046.22,256.46,29.16,29.17,25.91,27.66,36.0,28.38,27.53,26.21,28.17,24.6,0.047383,0.04943,0.010274,0.029625,0.0,0.03219,0.033452,0.008965,0.031957,0.005381
2020-01-13 03:00:00,21.04,21.12,22.24,22.54,21.56,22.87,21.96,22.36,23.05,22.3,-5.37,0.0,1.0,1.0,0.366,1.0,0.0,1.0,1.0,0.295,1.0,1.0,36.0,21.0,23.0,1357.88,1415.44,435.06,1032.38,0.0,1025.37,1176.85,380.13,1038.99,255.63,29.14,29.15,25.87,27.66,36.0,28.38,27.58,25.86,28.22,24.64,0.047383,0.04943,0.010274,0.029625,0.0,0.03219,0.033452,0.008965,0.031957,0.005381
2020-01-13 03:15:00,21.06,21.14,21.81,22.53,21.45,22.79,21.98,22.23,23.01,22.24,-5.38,0.0,1.0,1.0,0.0,1.0,0.0,1.0,1.0,0.406,1.0,0.0,36.0,21.0,23.0,1413.64,1472.94,0.0,1059.85,0.0,1028.1,1171.08,527.87,1035.85,0.0,28.86,28.87,36.0,27.44,36.0,28.36,27.62,25.78,28.25,36.0,0.047383,0.04943,0.0,0.029625,0.0,0.03219,0.033452,0.012351,0.031957,0.0
2020-01-13 03:30:00,20.96,21.05,21.5,22.43,21.4,22.72,21.99,22.09,22.95,22.08,-5.38,0.0,1.0,1.0,0.0,1.0,0.0,1.0,1.0,0.406,1.0,0.0,36.0,21.0,23.0,1364.61,1422.06,0.0,1036.03,0.0,1030.65,1166.44,531.25,1034.61,0.0,29.11,29.12,36.0,27.63,36.0,28.34,27.66,25.71,28.25,36.0,0.047383,0.04943,0.0,0.029625,0.0,0.03219,0.033452,0.012351,0.031957,0.0
2020-01-13 03:45:00,20.92,21.01,21.32,22.39,21.28,22.65,22.0,21.99,22.9,21.94,-5.39,0.0,1.0,1.0,0.0,1.0,0.0,1.0,1.0,0.406,1.0,0.0,36.0,21.0,23.0,1368.13,1425.51,0.0,1038.29,0.0,1033.38,1162.83,535.75,1035.12,0.0,29.09,29.1,36.0,27.62,36.0,28.32,27.68,25.62,28.25,36.0,0.047383,0.04943,0.0,0.029625,0.0,0.03219,0.033452,0.012351,0.031957,0.0
2020-01-13 04:00:00,20.89,20.99,21.18,22.36,21.25,22.63,22.04,21.93,22.91,21.82,-5.39,0.0,1.0,1.0,0.0,1.0,0.0,1.0,1.0,0.406,1.0,0.0,36.0,21.0,23.0,1370.6,1428.29,0.0,1039.04,0.0,1035.99,1159.53,540.19,1035.94,0.0,29.08,29.09,36.0,27.61,36.0,28.3,27.71,25.54,28.24,36.0,0.047383,0.04943,0.0,0.029625,0.0,0.03219,0.033452,0.012351,0.031957,0.0
2020-01-13 04:15:00,20.92,21.02,21.26,21.61,21.09,22.59,22.08,21.79,22.68,21.82,-5.39,0.0,1.0,1.0,0.184,0.0,0.0,1.0,1.0,0.0,0.0,1.0,36.0,21.0,23.0,1423.92,1483.23,254.0,0.0,0.0,1038.08,1155.22,0.0,0.0,285.26,28.81,28.82,24.25,36.0,36.0,28.29,27.74,36.0,36.0,23.32,0.047383,0.04943,0.005172,0.0,0.0,0.03219,0.033452,0.0,0.0,0.005381
2020-01-13 04:30:00,20.91,21.02,21.25,21.17,20.9,22.5,22.14,21.54,22.2,21.9,-5.39,0.0,1.0,1.0,0.184,0.0,0.0,1.0,1.0,0.0,0.0,1.0,36.0,21.0,23.0,1425.51,1484.62,257.21,0.0,0.0,1039.78,1150.93,0.0,0.0,276.17,28.8,28.81,24.1,36.0,36.0,28.27,27.77,36.0,36.0,23.72,0.047383,0.04943,0.005172,0.0,0.0,0.03219,0.033452,0.0,0.0,0.005381
2020-01-13 04:45:00,20.91,21.02,21.17,21.02,20.83,22.36,22.2,21.32,21.8,22.0,-5.4,0.0,1.0,1.0,0.184,0.0,0.0,1.0,1.0,0.0,0.0,1.0,36.0,21.0,23.0,1425.85,1485.01,259.66,0.0,0.0,1042.48,1146.37,0.0,0.0,270.34,28.8,28.81,23.99,36.0,36.0,28.25,27.8,36.0,36.0,23.98,0.047383,0.04943,0.005172,0.0,0.0,0.03219,0.033452,0.0,0.0,0.005381
2020-01-13 05:00:00,20.9,21.0,21.07,20.84,20.77,22.19,22.23,21.08,21.47,22.07,-5.4,0.0,1.0,1.0,0.184,0.0,0.0,1.0,1.0,0.0,0.0,1.0,36.0,21.0,23.0,1426.3,1485.68,262.45,0.0,0.0,1046.48,1142.42,0.0,0.0,266.25,28.8,28.81,23.86,36.0,36.0,28.22,27.83,36.0,36.0,24.16,0.047383,0.04943,0.005172,0.0,0.0,0.03219,0.033452,0.0,0.0,0.005381
2020-01-13 05:15:00,20.89,20.99,21.58,21.45,20.92,22.1,22.24,21.09,21.47,22.04,-5.41,0.0,1.0,1.0,1.0,1.0,1.0,1.0,1.0,0.814,1.0,0.0,36.0,21.0,23.0,1426.65,1486.16,1071.4,1115.06,248.99,1051.5,1139.33,1209.66,1410.05,0.0,28.8,28.81,26.87,27.0,22.5,28.19,27.85,24.31,25.44,36.0,0.047383,0.04943,0.028075,0.029625,0.004411,0.03219,0.033452,0.024752,0.031957,0.0
2020-01-13 05:30:00,20.9,21.0,21.97,21.93,21.24,22.13,22.25,21.31,21.7,21.91,-5.41,0.0,1.0,1.0,1.0,1.0,1.0,1.0,1.0,0.814,1.0,0.0,36.0,21.0,23.0,1426.4,1485.9,1085.36,1142.26,250.64,1054.62,1136.86,1105.87,1279.72,0.0,28.8,28.81,26.75,26.78,22.41,28.16,27.87,25.31,26.42,36.0,0.047383,0.04943,0.028075,0.029625,0.004411,0.03219,0.033452,0.024752,0.031957,0.0
2020-01-13 05:45:00,20.88,20.96,22.02,21.96,21.34,22.21,22.26,21.58,21.98,21.76,-5.42,0.0,1.0,1.0,1.0,1.0,1.0,1.0,1.0,0.814,1.0,0.0,36.0,21.0,23.0,1373.07,1431.2,1058.63,1120.33,248.38,1055.1,1134.73,1046.85,1209.28,0.0,29.07,29.07,26.98,26.95,22.53,28.16,27.88,25.88,26.95,36.0,0.047383,0.04943,0.028075,0.029625,0.004411,0.03219,0.033452,0.024752,0.031957,0.0
2020-01-13 06:00:00,20.86,20.95,22.02,21.93,21.31,22.34,22.27,21.7,22.13,21.65,-5.42,0.0,1.0,1.0,1.0,1.0,1.0,1.0,1.0,0.814,1.0,0.0,36.0,21.0,23.0,1373.15,1431.59,1063.44,1133.48,248.04,1055.73,1133.07,1008.33,1165.13,0.0,29.07,29.07,26.94,26.85,22.55,28.15,27.9,26.25,27.28,36.0,0.047383,0.04943,0.028075,0.029625,0.004411,0.03219,0.033452,0.024752,0.031957,0.0
2020-01-13 06:15:00,20.87,20.96,21.14,20.99,20.98,22.33,22.27,21.58,21.95,21.56,-5.42,0.0,1.0,1.0,0.0,0.0,0.0,1.0,1.0,0.0,0.0,0.0,36.0,21.0,23.0,1426.65,1486.84,0.0,0.0,0.0,1054.45,1131.71,0.0,0.0,0.0,28.8,28.8,36.0,36.0,36.0,28.16,27.91,36.0,36.0,36.0,0.047383,0.04943,0.0,0.0,0.0,0.03219,0.033452,0.0,0.0,0.0
2020-01-13 06:30:00,20.82,20.91,20.52,20.32,20.64,22.21,22.28,21.25,21.53,21.45,-5.42,0.0,1.0,1.0,0.0,0.0,0.0,1.0,1.0,0.0,0.0,0.0,36.0,21.0,23.0,1429.15,1489.21,0.0,0.0,0.0,1055.22,1130.46,0.0,0.0,0.0,28.78,28.79,36.0,36.0,36.0,28.16,27.92,36.0,36.0,36.0,0.047383,0.04943,0.0,0.0,0.0,0.03219,0.033452,0.0,0.0,0.0
2020-01-13 06:45:00,20.78,20.87,20.28,20.07,20.5,21.99,22.28,20.9,21.12,21.34,-5.42,0.0,1.0,1.0,0.0,0.0,0.0,1.0,1.0,0.0,0.0,0.0,36.0,21.0,23.0,1431.85,1492.21,0.0,0.0,0.0,1059.21,1129.4,0.0,0.0,0.0,28.77,28.78,36.0,36.0,36.0,28.13,27.92,36.0,36.0,36.0,0.047383,0.04943,0.0,0.0,0.0,0.03219,0.033452,0.0,0.0,0.0
2020-01-13 07:00:00,20.72,20.81,20.12,19.89,20.43,21.86,22.31,20.61,20.79,21.23,-5.41,0.0,1.0,1.0,0.0,0.0,0.0,1.0,1.0,0.0,0.0,0.0,36.0,21.0,23.0,1379.85,1438.7,0.0,0.0,0.0,1064.18,1128.17,0.0,0.0,0.0,29.03,29.04,36.0,36.0,36.0,28.09,27.93,36.0,36.0,36.0,0.047383,0.04943,0.0,0.0,0.0,0.03219,0.033452,0.0,0.0,0.0
2020-01-13 07:15:00,20.75,20.84,20.82,20.58,20.53,21.77,22.31,20.74,20.91,21.25,-5.41,0.0,1.0,1.0,1.0,1.0,1.0,1.0,1.0,1.0,1.0,1.0,36.0,21.0,23.0,1432.52,1493.5,1145.21,1237.84,251.54,1068.42,1126.71,1471.83,1497.59,303.92,28.77,28.77,26.24,26.0,22.36,28.06,27.94,24.41,24.79,22.49,0.047383,0.04943,0.028075,0.029625,0.004411,0.03219,0.033452,0.030392,0.031957,0.005381
2020-01-13 07:30:00,20.81,20.91,21.45,21.23,20.9,21.87,22.35,21.1,21.22,21.36,-5.4,0.0,1.0,1.0,1.0,1.0,1.0,1.0,1.0,1.0,1.0,1.0,36.0,21.0,23.0,1432.03,1492.68,1165.69,1260.14,253.67,1070.64,1124.98,1318.19,1350.87,292.17,28.77,28.78,26.07,25.82,22.24,28.04,27.95,25.62,25.89,23.01,0.047383,0.04943,0.028075,0.029625,0.004411,0.03219,0.033452,0.030392,0.031957,0.005381
2020-01-13 07:45:00,20.85,20.95,21.59,21.38,21.06,22.07,22.4,21.46,21.57,21.48,-5.4,0.0,1.0,1.0,1.0,1.0,1.0,1.0,1.0,1.0,1.0,1.0,36.0,21.0,23.0,1429.59,1489.57,1160.71,1254.21,252.44,1068.63,1122.46,1229.72,1267.55,284.47,28.78,28.79,26.11,25.87,22.31,28.06,27.97,26.32,26.51,23.35,0.047383,0.04943,0.028075,0.029625,0.004411,0.03219,0.033452,0.030392,0.031957,0.005381
2020-01-13 08:00:00,20.83,20.93,21.59,21.38,21.09,22.22,22.45,21.74,21.82,21.59,-5.32,0.0,1.0,1.0,1.0,1.0,1.0,1.0,1.0,1.0,1.0,1.0,36.0,21.0,23.0,1375.79,1434.01,1136.73,1227.94,250.69,1065.2,1119.84,1174.57,1216.02,279.06,29.05,29.06,26.31,26.08,22.4,28.08,27.99,26.75,26.9,23.59,0.047383,0.04943,0.028075,0.029625,0.004411,0.03219,0.033452,0.030392,0.031957,0.005381
2020-01-13 08:15:00,20.87,20.98,20.68,21.4,20.89,22.25,22.2,21.64,21.7,21.56,-5.24,7.7,1.0,1.0,0.0,1.0,0.203,0.738,0.0,0.0,0.0,0.0,36.0,21.0,23.0,1424.72,1485.17,0.0,1260.97,56.27,819.09,0.0,0.0,0.0,0.0,28.81,28.81,36.0,25.82,20.95,27.76,36.0,36.0,36.0,36.0,0.047383,0.04943,0.0,0.029625,0.000894,0.023772,0.0,0.0,0.0,0.0
2020-01-13 08:30:00,20.91,21.0,20.15,21.42,20.75,22.12,21.68,21.34,21.38,21.44,-5.17,83.0,1.0,1.0,0.0,1.0,0.203,0.738,0.0,0.0,0.0,0.0,36.0,21.0,23.0,1421.26,1483.17,0.0,1243.42,56.3,841.37,0.0,0.0,0.0,0.0,28.82,28.82,36.0,25.96,20.94,27.53,36.0,36.0,36.0,36.0,0.047383,0.04943,0.0,0.029625,0.000894,0.023772,0.0,0.0,0.0,0.0
2020-01-13 08:45:00,20.94,21.02,20.03,21.49,20.72,21.92,21.15,21.05,21.06,21.32,-5.09,158.2,1.0,1.0,0.0,1.0,0.203,0.738,0.0,0.0,0.0,0.0,36.0,21.0,23.0,1415.88,1479.73,0.0,1224.8,56.33,855.17,0.0,0.0,0.0,0.0,28.85,28.84,36.0,26.11,20.93,27.39,36.0,36.0,36.0,36.0,0.047383,0.04943,0.0,0.029625,0.000894,0.023772,0.0,0.0,0.0,0.0
2020-01-13 09:00:00,21.01,21.07,19.98,21.59,20.73,21.77,20.74,20.82,20.81,21.2,-4.68,233.5,1.0,1.0,0.0,1.0,0.203,0.738,0.0,0.0,0.0,0.0,36.0,21.0,23.0,1408.89,1475.57,0.0,1204.54,56.33,864.37,0.0,0.0,0.0,0.0,28.89,28.86,36.0,26.27,20.93,27.3,36.0,36.0,36.0,36.0,0.047383,0.04943,0.0,0.029625,0.000894,0.023772,0.0,0.0,0.0,0.0
2020-01-13 09:15:00,20.94,21.14,20.27,21.71,20.85,21.57,20.84,21.04,20.92,21.1,-4.27,308.8,0.805,1.0,0.0,1.0,1.0,0.0,1.0,0.0,1.0,0.0,36.0,21.0,23.0,1228.4,1469.58,0.0,1183.95,251.17,0.0,1524.62,0.0,1512.3,0.0,28.29,28.89,36.0,26.44,22.38,36.0,25.1,36.0,24.68,36.0,0.03812,0.04943,0.0,0.029625,0.004411,0.0,0.033452,0.0,0.031957,0.0
2020-01-13 09:30:00,20.98,21.23,20.86,21.86,21.06,21.46,21.29,21.49,21.24,21.01,-3.85,339.8,0.805,1.0,0.0,1.0,1.0,0.0,1.0,0.0,1.0,0.0,36.0,21.0,23.0,1220.51,1462.07,0.0,1162.24,251.68,0.0,1363.23,0.0,1354.36,0.0,28.34,28.92,36.0,26.61,22.35,36.0,26.25,36.0,25.86,36.0,0.03812,0.04943,0.0,0.029625,0.004411,0.0,0.033452,0.0,0.031957,0.0
2020-01-13 09:45:00,21.07,21.34,21.75,22.05,21.26,21.38,21.91,21.98,21.62,20.92,-3.44,370.8,0.805,1.0,0.0,1.0,1.0,0.0,1.0,0.0,1.0,0.0,36.0,21.0,23.0,1214.23,1453.9,0.0,1139.44,250.34,0.0,1256.36,0.0,1261.55,0.0,28.38,28.96,36.0,26.8,22.42,36.0,27.02,36.0,26.56,36.0,0.03812,0.04943,0.0,0.029625,0.004411,0.0,0.033452,0.0,0.031957,0.0
2020-01-13 10:00:00,21.18,21.44,22.3,22.23,21.46,21.37,22.36,22.39,21.91,20.82,-3.04,401.7,0.805,1.0,0.0,1.0,1.0,0.0,1.0,0.0,1.0,0.0,36.0,21.0,23.0,1207.5,1446.5,0.0,1117.36,249.22,0.0,1187.16,0.0,1200.63,0.0,28.42,29.0,36.0,26.98,22.48,36.0,27.51,36.0,27.01,36.0,0.03812,0.04943,0.0,0.029625,0.004411,0.0,0.033452,0.0,0.031957,0.0
2020-01-13 10:15:00,20.88,20.68,22.64,21.54,21.33,21.43,22.29,22.73,21.85,20.83,-2.63,432.7,0.388,0.109,0.0,0.0,0.0,0.0,0.0,0.0,0.0,1.0,36.0,21.0,23.0,717.29,249.03,0.0,0.0,0.0,0.0,0.0,0.0,0.0,313.6,26.65,24.99,36.0,36.0,36.0,36.0,36.0,36.0,36.0,22.06,0.018362,0.005412,0.0,0.0,0.0,0.0,0.0,0.0,0.0,0.005381
2020-01-13 10:30:00,20.73,20.33,22.83,21.07,21.2,21.46,21.87,23.09,21.57,20.95,-2.22,441.7,0.388,0.109,0.0,0.0,0.0,0.0,0.0,0.0,0.0,1.0,36.0,21.0,23.0,714.82,248.91,0.0,0.0,0.0,0.0,0.0,0.0,0.0,301.19,26.69,25.0,36.0,36.0,36.0,36.0,36.0,36.0,36.0,22.61,0.018362,0.005412,0.0,0.0,0.0,0.0,0.0,0.0,0.0,0.005381
2020-01-13 10:45:00,20.75,20.25,23.04,20.99,21.22,21.5,21.4,23.39,21.25,21.09,-1.82,450.7,0.388,0.109,0.0,0.0,0.0,0.0,0.0,0.0,0.0,1.0,36.0,21.0,23.0,716.4,251.71,0.0,0.0,0.0,0.0,0.0,0.0,0.0,292.98,26.67,24.87,36.0,36.0,36.0,36.0,36.0,36.0,36.0,22.97,0.018362,0.005412,0.0,0.0,0.0,0.0,0.0,0.0,0.0,0.005381
2020-01-13 11:00:00,20.78,20.23,23.3,21.04,21.28,21.57,21.03,23.68,21.1,21.2,-1.5,459.6,0.388,0.109,0.0,0.0,0.0,0.0,0.0,0.0,0.0,1.0,36.0,21.0,23.0,716.19,252.28,0.0,0.0,0.0,0.0,0.0,0.0,0.0,287.1,26.67,24.85,36.0,36.0,36.0,36.0,36.0,36.0,36.0,23.24,0.018362,0.005412,0.0,0.0,0.0,0.0,0.0,0.0,0.0,0.005381
2020-01-13 11:15:00,21.25,21.04,23.57,21.15,21.53,21.65,21.01,23.94,21.07,21.18,-1.18,468.6,0.857,1.0,0.0,0.0,0.0,0.0,0.555,0.0,0.0,0.0,36.0,21.0,23.0,1245.12,1437.13,0.0,0.0,0.0,0.0,905.03,0.0,0.0,0.0,28.66,29.04,36.0,36.0,36.0,36.0,24.33,36.0,36.0,36.0,0.040588,0.04943,0.0,0.0,0.0,0.0,0.01855,0.0,0.0,0.0
2020-01-13 11:30:00,21.56,21.56,23.91,21.4,21.83,21.73,21.21,24.2,21.1,21.07,-0.86,470.3,0.857,1.0,0.0,0.0,0.0,0.0,0.555,0.0,0.0,0.0,36.0,21.0,23.0,1246.09,1448.92,0.0,0.0,0.0,0.0,859.6,0.0,0.0,0.0,28.66,28.99,36.0,36.0,36.0,36.0,24.91,36.0,36.0,36.0,0.040588,0.04943,0.0,0.0,0.0,0.0,0.01855,0.0,0.0,0.0
2020-01-13 11:45:00,21.67,21.68,24.23,21.69,21.95,21.78,21.49,24.46,21.21,20.93,-0.53,471.9,0.857,1.0,0.0,0.0,0.0,0.0,0.555,0.0,0.0,0.0,36.0,21.0,23.0,1197.6,1377.51,0.0,0.0,0.0,0.0,832.2,0.0,0.0,0.0,28.94,29.33,36.0,36.0,36.0,36.0,25.27,36.0,36.0,36.0,0.040588,0.04943,0.0,0.0,0.0,0.0,0.01855,0.0,0.0,0.0
2020-01-13 12:00:00,21.74,21.76,24.36,21.89,22.17,21.91,21.68,24.59,21.29,20.82,-0.33,473.6,0.857,1.0,0.0,0.0,0.0,0.0,0.555,0.0,0.0,0.0,36.0,21.0,23.0,1189.94,1368.61,0.0,0.0,0.0,0.0,812.64,0.0,0.0,0.0,28.99,29.38,36.0,36.0,36.0,36.0,25.52,36.0,36.0,36.0,0.040588,0.04943,0.0,0.0,0.0,0.0,0.01855,0.0,0.0,0.0
2020-01-13 12:15:00,20.96,20.89,24.53,22.08,22.03,22.0,21.59,24.76,21.43,20.84,-0.12,475.2,0.0,0.0,0.0,0.0,0.0,0.0,0.0,0.0,0.0,1.0,36.0,21.0,23.0,0.0,0.0,0.0,0.0,0.0,0.0,0.0,0.0,0.0,309.19,36.0,36.0,36.0,36.0,36.0,36.0,36.0,36.0,36.0,22.25,0.0,0.0,0.0,0.0,0.0,0.0,0.0,0.0,0.0,0.005381
2020-01-13 12:30:00,20.62,20.53,24.61,22.33,21.89,22.11,21.29,24.97,21.66,20.95,0.08,499.0,0.0,0.0,0.0,0.0,0.0,0.0,0.0,0.0,0.0,1.0,36.0,21.0,23.0,0.0,0.0,0.0,0.0,0.0,0.0,0.0,0.0,0.0,298.26,36.0,36.0,36.0,36.0,36.0,36.0,36.0,36.0,36.0,22.74,0.0,0.0,0.0,0.0,0.0,0.0,0.0,0.0,0.0,0.005381
2020-01-13 12:45:00,20.56,20.47,24.79,22.63,21.88,22.17,20.92,25.19,21.96,21.09,0.29,522.8,0.0,0.0,0.0,0.0,0.0,0.0,0.0,0.0,0.0,1.0,36.0,21.0,23.0,0.0,0.0,0.0,0.0,0.0,0.0,0.0,0.0,0.0,291.15,36.0,36.0,36.0,36.0,36.0,36.0,36.0,36.0,36.0,23.06,0.0,0.0,0.0,0.0,0.0,0.0,0.0,0.0,0.0,0.005381
2020-01-13 13:00:00,20.54,20.44,24.93,22.86,21.99,22.34,20.73,25.34,22.23,21.17,0.47,546.6,0.0,0.0,0.0,0.0,0.0,0.0,0.0,0.0,0.0,1.0,36.0,21.0,23.0,0.0,0.0,0.0,0.0,0.0,0.0,0.0,0.0,0.0,285.89,36.0,36.0,36.0,36.0,36.0,36.0,36.0,36.0,36.0,23.29,0.0,0.0,0.0,0.0,0.0,0.0,0.0,0.0,0.0,0.005381
2020-01-13 13:15:00,21.41,21.31,25.16,23.18,22.34,22.47,20.88,25.55,22.6,21.15,0.66,570.4,1.0,1.0,0.0,0.0,0.0,0.0,1.0,0.0,0.0,0.0,36.0,21.0,23.0,1333.35,1409.08,0.0,0.0,0.0,0.0,1590.22,0.0,0.0,0.0,29.27,29.18,36.0,36.0,36.0,36.0,24.63,36.0,36.0,36.0,0.047383,0.04943,0.0,0.0,0.0,0.0,0.033452,0.0,0.0,0.0
2020-01-13 13:30:00,22.06,21.96,25.44,23.63,22.73,22.58,21.43,25.7,23.05,21.04,0.84,571.6,1.0,1.0,0.0,0.0,0.0,0.0,1.0,0.0,0.0,0.0,36.0,21.0,23.0,1354.96,1431.49,0.0,0.0,0.0,0.0,1408.68,0.0,0.0,0.0,29.16,29.07,36.0,36.0,36.0,36.0,25.93,36.0,36.0,36.0,0.047383,0.04943,0.0,0.0,0.0,0.0,0.033452,0.0,0.0,0.0
2020-01-13 13:45:00,22.23,22.13,25.63,24.05,22.96,22.68,21.98,25.81,23.44,20.91,1.02,572.8,1.0,1.0,0.0,0.0,0.0,0.0,1.0,0.0,0.0,0.0,36.0,21.0,23.0,1332.29,1408.88,0.0,0.0,0.0,0.0,1301.98,0.0,0.0,0.0,29.27,29.18,36.0,36.0,36.0,36.0,26.69,36.0,36.0,36.0,0.047383,0.04943,0.0,0.0,0.0,0.0,0.033452,0.0,0.0,0.0
2020-01-13 14:00:00,22.34,22.24,25.73,24.43,23.11,22.79,22.35,25.88,23.82,20.8,1.1,574.1,1.0,1.0,0.0,0.0,0.0,0.0,1.0,0.0,0.0,0.0,36.0,21.0,23.0,1321.8,1399.0,0.0,0.0,0.0,0.0,1232.73,0.0,0.0,0.0,29.33,29.23,36.0,36.0,36.0,36.0,27.18,36.0,36.0,36.0,0.047383,0.04943,0.0,0.0,0.0,0.0,0.033452,0.0,0.0,0.0
2020-01-13 14:15:00,21.47,21.37,25.76,24.71,23.0,22.89,22.26,25.94,24.16,20.81,1.17,575.3,0.0,0.0,0.0,0.0,0.0,0.0,0.0,0.0,0.0,1.0,36.0,21.0,23.0,0.0,0.0,0.0,0.0,0.0,0.0,0.0,0.0,0.0,309.33,36.0,36.0,36.0,36.0,36.0,36.0,36.0,36.0,36.0,22.25,0.0,0.0,0.0,0.0,0.0,0.0,0.0,0.0,0.0,0.005381
2020-01-13 14:30:00,21.1,20.99,25.6,24.88,22.83,22.99,21.89,25.95,24.56,20.92,1.25,560.0,0.0,0.0,0.0,0.0,0.0,0.0,0.0,0.0,0.0,1.0,36.0,21.0,23.0,0.0,0.0,0.0,0.0,0.0,0.0,0.0,0.0,0.0,298.51,36.0,36.0,36.0,36.0,36.0,36.0,36.0,36.0,36.0,22.73,0.0,0.0,0.0,0.0,0.0,0.0,0.0,0.0,0.0,0.005381
2020-01-13 14:45:00,21.01,20.9,25.49,25.04,22.79,23.06,21.48,25.91,24.88,21.04,1.32,544.6,0.0,0.0,0.0,0.0,0.0,0.0,0.0,0.0,0.0,1.0,36.0,21.0,23.0,0.0,0.0,0.0,0.0,0.0,0.0,0.0,0.0,0.0,291.39,36.0,36.0,36.0,36.0,36.0,36.0,36.0,36.0,36.0,23.04,0.0,0.0,0.0,0.0,0.0,0.0,0.0,0.0,0.0,0.005381
2020-01-13 15:00:00,20.94,20.83,25.38,25.22,22.78,23.11,21.1,25.82,25.16,21.14,1.25,529.3,0.0,0.0,0.0,0.0,0.0,0.0,0.0,0.0,0.0,1.0,36.0,21.0,23.0,0.0,0.0,0.0,0.0,0.0,0.0,0.0,0.0,0.0,286.27,36.0,36.0,36.0,36.0,36.0,36.0,36.0,36.0,36.0,23.27,0.0,0.0,0.0,0.0,0.0,0.0,0.0,0.0,0.0,0.005381
2020-01-13 15:15:00,21.43,21.49,25.3,25.39,22.95,23.14,20.99,25.72,25.38,21.12,1.18,514.0,0.516,0.781,0.0,0.0,0.0,0.0,0.476,0.0,0.0,0.0,36.0,21.0,23.0,856.06,1204.1,0.0,0.0,0.0,0.0,800.7,0.0,0.0,0.0,27.63,28.54,36.0,36.0,36.0,36.0,23.97,36.0,36.0,36.0,0.024472,0.038616,0.0,0.0,0.0,0.0,0.015919,0.0,0.0,0.0
2020-01-13 15:30:00,21.72,21.92,25.13,25.44,23.12,23.15,21.11,25.48,25.5,20.99,1.1,429.0,0.516,0.781,0.0,0.0,0.0,0.0,0.476,0.0,0.0,0.0,36.0,21.0,23.0,857.76,1193.99,0.0,0.0,0.0,0.0,769.37,0.0,0.0,0.0,27.61,28.6,36.0,36.0,36.0,36.0,24.44,36.0,36.0,36.0,0.024472,0.038616,0.0,0.0,0.0,0.0,0.015919,0.0,0.0,0.0
2020-01-13 15:45:00,21.72,21.93,24.9,25.34,23.14,23.07,21.23,25.2,25.45,20.87,1.03,344.0,0.516,0.781,0.0,0.0,0.0,0.0,0.476,0.0,0.0,0.0,36.0,21.0,23.0,857.16,1181.73,0.0,0.0,0.0,0.0,751.18,0.0,0.0,0.0,27.62,28.68,36.0,36.0,36.0,36.0,24.71,36.0,36.0,36.0,0.024472,0.038616,0.0,0.0,0.0,0.0,0.015919,0.0,0.0,0.0
2020-01-13 16:00:00,21.68,21.95,24.66,25.15,23.01,22.88,21.3,24.9,25.27,20.77,0.79,259.0,0.516,0.781,0.0,0.0,0.0,0.0,0.476,0.0,0.0,0.0,36.0,21.0,23.0,880.29,1218.26,0.0,0.0,0.0,0.0,739.63,0.0,0.0,0.0,27.39,28.45,36.0,36.0,36.0,36.0,24.88,36.0,36.0,36.0,0.024472,0.038616,0.0,0.0,0.0,0.0,0.015919,0.0,0.0,0.0
2020-01-13 16:15:00,20.98,21.07,24.33,24.77,22.65,22.64,21.15,24.51,24.93,20.78,0.55,174.0,0.0,0.0,0.0,0.0,0.0,0.0,0.0,0.0,0.0,1.0,36.0,21.0,23.0,0.0,0.0,0.0,0.0,0.0,0.0,0.0,0.0,0.0,309.88,36.0,36.0,36.0,36.0,36.0,36.0,36.0,36.0,36.0,22.22,0.0,0.0,0.0,0.0,0.0,0.0,0.0,0.0,0.0,0.005381
2020-01-13 16:30:00,20.54,20.61,23.91,24.32,22.26,22.37,20.76,24.09,24.52,20.89,0.32,130.5,0.0,0.0,0.0,0.0,0.0,0.0,0.0,0.0,0.0,1.0,36.0,21.0,23.0,0.0,0.0,0.0,0.0,0.0,0.0,0.0,0.0,0.0,299.05,36.0,36.0,36.0,36.0,36.0,36.0,36.0,36.0,36.0,22.7,0.0,0.0,0.0,0.0,0.0,0.0,0.0,0.0,0.0,0.005381
2020-01-13 16:45:00,20.29,20.38,23.57,23.7,21.96,22.05,20.4,23.7,23.94,21.0,0.08,0.0,0.0,0.0,0.0,0.0,0.0,0.0,0.0,0.0,0.0,1.0,36.0,21.0,23.0,0.0,0.0,0.0,0.0,0.0,0.0,0.0,0.0,0.0,291.91,36.0,36.0,36.0,36.0,36.0,36.0,36.0,36.0,36.0,23.02,0.0,0.0,0.0,0.0,0.0,0.0,0.0,0.0,0.0,0.005381
2020-01-13 17:00:00,20.06,20.17,23.27,23.32,21.68,21.71,20.03,23.29,23.4,21.11,-0.08,0.0,0.0,0.0,0.0,0.0,0.0,0.0,0.0,0.0,0.0,1.0,36.0,21.0,23.0,0.0,0.0,0.0,0.0,0.0,0.0,0.0,0.0,0.0,286.79,36.0,36.0,36.0,36.0,36.0,36.0,36.0,36.0,36.0,23.25,0.0,0.0,0.0,0.0,0.0,0.0,0.0,0.0,0.0,0.005381
2020-01-13 17:15:00,20.79,20.89,23.23,23.16,21.8,21.57,20.13,22.97,23.12,21.2,-0.23,0.0,1.0,1.0,0.255,0.118,1.0,1.0,1.0,0.0,0.514,1.0,36.0,21.0,23.0,1452.85,1490.72,287.05,146.14,240.14,1700.94,1682.71,0.0,634.77,282.91,28.66,28.79,26.41,26.01,22.98,23.36,23.97,36.0,26.75,23.42,0.047383,0.04943,0.007159,0.003501,0.004411,0.03219,0.033452,0.0,0.016416,0.005381
2020-01-13 17:30:00,21.28,21.37,23.24,23.09,22.05,21.67,20.62,22.72,22.99,21.28,-0.39,0.0,1.0,1.0,0.255,0.118,1.0,1.0,1.0,0.0,0.514,1.0,36.0,21.0,23.0,1502.85,1542.43,294.04,150.37,240.88,1475.67,1495.16,0.0,627.51,279.89,28.41,28.53,26.17,25.72,22.94,25.03,25.31,36.0,26.86,23.56,0.047383,0.04943,0.007159,0.003501,0.004411,0.03219,0.033452,0.0,0.016416,0.005381
2020-01-13 17:45:00,21.31,21.39,23.15,22.95,22.08,21.86,21.13,22.53,22.95,21.36,-0.55,0.0,1.0,1.0,0.255,0.118,1.0,1.0,1.0,0.0,0.514,1.0,36.0,21.0,23.0,1509.34,1552.75,300.1,154.37,240.25,1348.06,1386.44,0.0,626.95,277.4,28.38,28.48,25.97,25.45,22.97,25.98,26.08,36.0,26.86,23.67,0.047383,0.04943,0.007159,0.003501,0.004411,0.03219,0.033452,0.0,0.016416,0.005381
2020-01-13 18:00:00,21.18,21.28,22.97,22.71,22.07,21.99,21.46,22.31,22.85,21.43,-0.63,0.0,1.0,1.0,0.255,0.118,1.0,1.0,1.0,0.0,0.514,1.0,36.0,21.0,23.0,1470.67,1516.01,304.69,157.99,238.88,1271.36,1318.73,0.0,628.7,275.33,28.57,28.66,25.82,25.2,23.04,26.55,26.57,36.0,26.84,23.76,0.047383,0.04943,0.007159,0.003501,0.004411,0.03219,0.033452,0.0,0.016416,0.005381
2020-01-13 18:15:00,20.67,21.26,22.58,22.4,21.7,21.72,21.25,22.11,22.64,21.38,-0.71,0.0,0.453,1.0,0.0,0.0,0.0,0.0,0.0,0.0,0.0,0.0,36.0,21.0,23.0,912.41,1599.78,0.0,0.0,0.0,0.0,0.0,0.0,0.0,0.0,25.82,28.26,36.0,36.0,36.0,36.0,36.0,36.0,36.0,36.0,0.021442,0.04943,0.0,0.0,0.0,0.0,0.0,0.0,0.0,0.0
2020-01-13 18:30:00,20.36,21.14,22.21,22.04,21.43,21.31,20.76,21.79,22.19,21.25,-0.8,0.0,0.453,1.0,0.0,0.0,0.0,0.0,0.0,0.0,0.0,0.0,36.0,21.0,23.0,928.66,1629.37,0.0,0.0,0.0,0.0,0.0,0.0,0.0,0.0,25.64,28.11,36.0,36.0,36.0,36.0,36.0,36.0,36.0,36.0,0.021442,0.04943,0.0,0.0,0.0,0.0,0.0,0.0,0.0,0.0
2020-01-13 18:45:00,20.18,21.03,21.93,21.74,21.21,20.89,20.24,21.45,21.76,21.12,-0.88,0.0,0.453,1.0,0.0,0.0,0.0,0.0,0.0,0.0,0.0,0.0,36.0,21.0,23.0,947.5,1657.28,0.0,0.0,0.0,0.0,0.0,0.0,0.0,0.0,25.43,27.98,36.0,36.0,36.0,36.0,36.0,36.0,36.0,36.0,0.021442,0.04943,0.0,0.0,0.0,0.0,0.0,0.0,0.0,0.0
2020-01-13 19:00:00,20.09,21.03,21.74,21.53,21.06,20.54,19.83,21.18,21.41,21.0,-0.94,0.0,0.453,1.0,0.0,0.0,0.0,0.0,0.0,0.0,0.0,0.0,36.0,21.0,23.0,946.11,1637.41,0.0,0.0,0.0,0.0,0.0,0.0,0.0,0.0,25.44,28.08,36.0,36.0,36.0,36.0,36.0,36.0,36.0,36.0,0.021442,0.04943,0.0,0.0,0.0,0.0,0.0,0.0,0.0,0.0
2020-01-13 19:15:00,20.53,21.07,22.25,22.07,21.25,20.61,19.91,21.26,21.45,21.0,-1.01,0.0,1.0,1.0,1.0,1.0,1.0,1.0,1.0,1.0,1.0,1.0,36.0,21.0,23.0,1598.72,1616.76,1018.25,1091.72,242.14,1582.98,1665.94,1424.26,1420.85,303.55,27.93,28.18,27.32,27.18,22.87,24.24,24.09,24.79,25.36,22.5,0.047383,0.04943,0.028075,0.029625,0.004411,0.03219,0.033452,0.030392,0.031957,0.005381
2020-01-13 19:30:00,20.85,21.17,22.72,22.55,21.64,21.01,20.41,21.66,21.77,21.1,-1.07,0.0,1.0,1.0,1.0,1.0,1.0,1.0,1.0,1.0,1.0,1.0,36.0,21.0,23.0,1596.82,1593.82,1038.78,1114.75,244.57,1410.09,1491.54,1263.05,1279.48,293.38,27.94,28.29,27.15,27.0,22.74,25.52,25.33,26.06,26.42,22.96,0.047383,0.04943,0.028075,0.029625,0.004411,0.03219,0.033452,0.030392,0.031957,0.005381
2020-01-13 19:45:00,20.98,21.29,22.84,22.67,21.79,21.44,20.94,22.1,22.14,21.22,-1.13,0.0,1.0,1.0,1.0,1.0,1.0,1.0,1.0,1.0,1.0,1.0,36.0,21.0,23.0,1577.28,1568.4,1037.11,1114.56,243.51,1310.29,1389.66,1169.43,1199.07,286.76,28.04,28.41,27.16,27.0,22.79,26.26,26.06,26.79,27.02,23.25,0.047383,0.04943,0.028075,0.029625,0.004411,0.03219,0.033452,0.030392,0.031957,0.005381
2020-01-13 20:00:00,20.98,21.31,22.85,22.66,21.83,21.73,21.31,22.43,22.43,21.32,-1.21,0.0,1.0,1.0,1.0,1.0,1.0,1.0,1.0,1.0,1.0,1.0,36.0,21.0,23.0,1506.52,1488.51,1016.68,1094.11,241.65,1247.4,1325.16,1110.97,1149.54,282.09,28.39,28.8,27.34,27.16,22.89,26.73,26.52,27.26,27.39,23.46,0.047383,0.04943,0.028075,0.029625,0.004411,0.03219,0.033452,0.030392,0.031957,0.005381
2020-01-13 20:15:00,20.82,21.36,22.05,21.82,21.49,21.67,21.16,22.33,22.31,21.29,-1.28,0.0,0.736,1.0,0.0,0.0,0.0,0.0,0.0,0.0,0.0,0.0,36.0,21.0,23.0,1288.51,1522.52,0.0,0.0,0.0,0.0,0.0,0.0,0.0,0.0,27.17,28.63,36.0,36.0,36.0,36.0,36.0,36.0,36.0,36.0,0.034894,0.04943,0.0,0.0,0.0,0.0,0.0,0.0,0.0,0.0
2020-01-13 20:30:00,20.66,21.39,21.55,21.25,21.15,21.32,20.73,21.96,21.91,21.17,-1.36,0.0,0.736,1.0,0.0,0.0,0.0,0.0,0.0,0.0,0.0,0.0,36.0,21.0,23.0,1281.43,1502.74,0.0,0.0,0.0,0.0,0.0,0.0,0.0,0.0,27.21,28.73,36.0,36.0,36.0,36.0,36.0,36.0,36.0,36.0,0.034894,0.04943,0.0,0.0,0.0,0.0,0.0,0.0,0.0,0.0
2020-01-13 20:45:00,20.63,21.4,21.34,21.01,21.03,20.9,20.26,21.56,21.48,21.04,-1.44,0.0,0.736,1.0,0.0,0.0,0.0,0.0,0.0,0.0,0.0,0.0,36.0,21.0,23.0,1277.83,1496.88,0.0,0.0,0.0,0.0,0.0,0.0,0.0,0.0,27.24,28.76,36.0,36.0,36.0,36.0,36.0,36.0,36.0,36.0,0.034894,0.04943,0.0,0.0,0.0,0.0,0.0,0.0,0.0,0.0
2020-01-13 21:00:00,20.62,21.4,21.18,20.82,20.96,20.54,19.85,21.21,21.12,20.93,-1.51,0.0,0.736,1.0,0.0,0.0,0.0,0.0,0.0,0.0,0.0,0.0,36.0,21.0,23.0,1272.32,1491.43,0.0,0.0,0.0,0.0,0.0,0.0,0.0,0.0,27.28,28.78,36.0,36.0,36.0,36.0,36.0,36.0,36.0,36.0,0.034894,0.04943,0.0,0.0,0.0,0.0,0.0,0.0,0.0,0.0
2020-01-13 21:15:00,20.83,21.41,21.76,21.46,21.11,20.58,19.93,21.25,21.16,20.93,-1.59,0.0,1.0,1.0,1.0,1.0,1.0,1.0,1.0,1.0,1.0,1.0,36.0,21.0,23.0,1526.79,1486.7,1089.06,1179.22,244.94,1569.39,1669.42,1381.9,1457.84,306.25,28.29,28.8,26.72,26.48,22.72,24.34,24.06,25.12,25.09,22.38,0.047383,0.04943,0.028075,0.029625,0.004411,0.03219,0.033452,0.030392,0.031957,0.005381
2020-01-13 21:30:00,21.0,21.47,22.29,22.06,21.47,20.97,20.42,21.61,21.51,21.03,-1.66,0.0,1.0,1.0,1.0,1.0,1.0,1.0,1.0,1.0,1.0,1.0,36.0,21.0,23.0,1518.93,1479.85,1109.29,1200.04,246.88,1400.38,1494.24,1241.9,1314.48,295.67,28.33,28.84,26.55,26.31,22.61,25.59,25.31,26.22,26.16,22.85,0.047383,0.04943,0.028075,0.029625,0.004411,0.03219,0.033452,0.030392,0.031957,0.005381
2020-01-13 21:45:00,21.1,21.52,22.42,22.19,21.62,21.4,20.92,22.02,21.91,21.16,-1.73,0.0,1.0,1.0,1.0,1.0,1.0,1.0,1.0,1.0,1.0,1.0,36.0,21.0,23.0,1504.15,1472.6,1103.76,1194.06,245.72,1303.22,1392.07,1160.7,1231.86,288.73,28.41,28.87,26.59,26.36,22.67,26.31,26.04,26.86,26.78,23.16,0.047383,0.04943,0.028075,0.029625,0.004411,0.03219,0.033452,0.030392,0.031957,0.005381
2020-01-13 22:00:00,21.07,21.47,22.41,22.17,21.66,21.67,21.25,22.3,22.18,21.27,-1.8,0.0,1.0,1.0,1.0,1.0,1.0,1.0,1.0,1.0,1.0,1.0,36.0,21.0,23.0,1437.82,1413.03,1078.28,1167.13,243.88,1242.42,1327.96,1109.77,1180.29,283.81,28.74,29.16,26.81,26.57,22.77,26.77,26.5,27.26,27.16,23.38,0.047383,0.04943,0.028075,0.029625,0.004411,0.03219,0.033452,0.030392,0.031957,0.005381
2020-01-13 22:15:00,20.82,21.49,21.54,21.25,21.28,21.56,21.08,22.16,22.03,21.23,-1.87,0.0,0.656,1.0,0.0,0.0,0.0,0.0,0.0,0.0,0.0,0.0,36.0,21.0,23.0,1141.23,1463.87,0.0,0.0,0.0,0.0,0.0,0.0,0.0,0.0,27.22,28.92,36.0,36.0,36.0,36.0,36.0,36.0,36.0,36.0,0.031096,0.04943,0.0,0.0,0.0,0.0,0.0,0.0,0.0,0.0
2020-01-13 22:30:00,20.61,21.43,20.92,20.58,20.94,21.16,20.6,21.73,21.59,21.12,-1.94,0.0,0.656,1.0,0.0,0.0,0.0,0.0,0.0,0.0,0.0,0.0,36.0,21.0,23.0,1141.85,1465.34,0.0,0.0,0.0,0.0,0.0,0.0,0.0,0.0,27.22,28.91,36.0,36.0,36.0,36.0,36.0,36.0,36.0,36.0,0.031096,0.04943,0.0,0.0,0.0,0.0,0.0,0.0,0.0,0.0
2020-01-13 22:45:00,20.52,21.38,20.67,20.34,20.79,20.68,20.08,21.25,21.08,20.99,-2.01,0.0,0.656,1.0,0.0,0.0,0.0,0.0,0.0,0.0,0.0,0.0,36.0,21.0,23.0,1147.27,1467.03,0.0,0.0,0.0,0.0,0.0,0.0,0.0,0.0,27.17,28.9,36.0,36.0,36.0,36.0,36.0,36.0,36.0,36.0,0.031096,0.04943,0.0,0.0,0.0,0.0,0.0,0.0,0.0,0.0
2020-01-13 23:00:00,20.49,21.36,20.53,20.2,20.7,20.29,19.66,20.9,20.72,20.88,-2.09,0.0,0.656,1.0,0.0,0.0,0.0,0.0,0.0,0.0,0.0,0.0,36.0,21.0,23.0,1148.97,1466.05,0.0,0.0,0.0,0.0,0.0,0.0,0.0,0.0,27.16,28.9,36.0,36.0,36.0,36.0,36.0,36.0,36.0,36.0,0.031096,0.04943,0.0,0.0,0.0,0.0,0.0,0.0,0.0,0.0
2020-01-13 23:15:00,20.77,21.39,21.2,20.86,20.87,20.34,19.77,20.96,20.77,20.89,-2.17,0.0,1.0,1.0,1.0,1.0,1.0,1.0,1.0,1.0,1.0,1.0,36.0,21.0,23.0,1496.04,1463.12,1143.43,1240.29,247.44,1576.12,1680.91,1403.54,1498.1,307.41,28.45,28.92,26.26,25.98,22.58,24.29,23.98,24.95,24.78,22.33,0.047383,0.04943,0.028075,0.029625,0.004411,0.03219,0.033452,0.030392,0.031957,0.005381
2020-01-13 23:30:00,20.95,21.47,21.86,21.57,21.23,20.77,20.29,21.35,21.16,21.0,-2.24,0.0,1.0,1.0,1.0,1.0,1.0,1.0,1.0,1.0,1.0,1.0,36.0,21.0,23.0,1496.96,1458.09,1161.74,1260.58,249.12,1407.68,1504.37,1262.57,1350.16,296.69,28.44,28.94,26.1,25.82,22.49,25.54,25.24,26.06,25.89,22.81,0.047383,0.04943,0.028075,0.029625,0.004411,0.03219,0.033452,0.030392,0.031957,0.005381
2020-01-13 23:45:00,21.03,21.54,22.0,21.73,21.38,21.23,20.84,21.8,21.61,21.12,-2.32,0.0,1.0,1.0,1.0,1.0,1.0,1.0,1.0,1.0,1.0,1.0,36.0,21.0,23.0,1489.38,1452.07,1152.92,1250.53,247.94,1310.47,1400.92,1180.27,1264.1,289.63,28.48,28.97,26.18,25.9,22.55,26.26,25.98,26.71,26.54,23.12,0.047383,0.04943,0.028075,0.029625,0.004411,0.03219,0.033452,0.030392,0.031957,0.005381
2020-01-14 00:00:00,21.0,21.51,22.01,21.73,21.42,21.54,21.2,22.1,21.91,21.24,-2.43,0.0,1.0,1.0,1.0,1.0,1.0,1.0,1.0,1.0,1.0,1.0,36.0,21.0,23.0,1431.09,1395.14,1125.22,1220.82,246.11,1249.57,1335.53,1128.31,1209.76,284.62,28.77,29.25,26.41,26.14,22.65,26.71,26.45,27.12,26.94,23.35,0.047383,0.04943,0.028075,0.029625,0.004411,0.03219,0.033452,0.030392,0.031957,0.005381
2020-01-14 00:15:00,21.03,21.52,21.15,20.81,21.12,21.44,21.04,21.99,21.79,21.21,-2.54,0.0,1.0,1.0,0.0,0.0,0.0,0.0,0.0,0.0,0.0,0.0,36.0,21.0,23.0,1479.84,1448.91,0.0,0.0,0.0,0.0,0.0,0.0,0.0,0.0,28.53,28.99,36.0,36.0,36.0,36.0,36.0,36.0,36.0,36.0,0.047383,0.04943,0.0,0.0,0.0,0.0,0.0,0.0,0.0,0.0
2020-01-14 00:30:00,21.02,21.45,20.57,20.24,20.83,21.06,20.58,21.6,21.39,21.1,-2.65,0.0,1.0,1.0,0.0,0.0,0.0,0.0,0.0,0.0,0.0,0.0,36.0,21.0,23.0,1475.21,1452.34,0.0,0.0,0.0,0.0,0.0,0.0,0.0,0.0,28.55,28.97,36.0,36.0,36.0,36.0,36.0,36.0,36.0,36.0,0.047383,0.04943,0.0,0.0,0.0,0.0,0.0,0.0,0.0,0.0
2020-01-14 00:45:00,21.01,21.4,20.43,20.11,20.73,20.62,20.08,21.14,20.93,20.97,-2.76,0.0,1.0,1.0,0.0,0.0,0.0,0.0,0.0,0.0,0.0,0.0,36.0,21.0,23.0,1469.75,1455.26,0.0,0.0,0.0,0.0,0.0,0.0,0.0,0.0,28.58,28.96,36.0,36.0,36.0,36.0,36.0,36.0,36.0,36.0,0.047383,0.04943,0.0,0.0,0.0,0.0,0.0,0.0,0.0,0.0
2020-01-14 01:00:00,21.01,21.38,20.36,20.04,20.68,20.22,19.65,20.78,20.55,20.86,-2.89,0.0,1.0,1.0,0.0,0.0,0.0,0.0,0.0,0.0,0.0,0.0,36.0,21.0,23.0,1463.94,1456.74,0.0,0.0,0.0,0.0,0.0,0.0,0.0,0.0,28.61,28.95,36.0,36.0,36.0,36.0,36.0,36.0,36.0,36.0,0.047383,0.04943,0.0,0.0,0.0,0.0,0.0,0.0,0.0,0.0
2020-01-14 01:15:00,21.03,21.38,21.13,20.79,20.9,20.25,19.74,20.83,20.61,20.87,-3.02,0.0,1.0,1.0,1.0,1.0,1.0,1.0,1.0,1.0,1.0,1.0,36.0,21.0,23.0,1457.27,1457.0,1105.54,1199.68,242.88,1581.5,1685.33,1419.91,1522.84,307.95,28.64,28.95,26.58,26.31,22.83,24.25,23.95,24.82,24.6,22.31,0.047383,0.04943,0.028075,0.029625,0.004411,0.03219,0.033452,0.030392,0.031957,0.005381
2020-01-14 01:30:00,21.09,21.45,21.85,21.57,21.28,20.69,20.23,21.21,21.0,20.98,-3.14,0.0,1.0,1.0,1.0,1.0,1.0,1.0,1.0,1.0,1.0,1.0,36.0,21.0,23.0,1449.18,1454.53,1100.67,1194.55,242.13,1411.47,1507.38,1276.06,1370.14,297.13,28.68,28.96,26.62,26.35,22.87,25.51,25.22,25.96,25.74,22.79,0.047383,0.04943,0.028075,0.029625,0.004411,0.03219,0.033452,0.030392,0.031957,0.005381
2020-01-14 01:45:00,21.14,21.49,22.06,21.8,21.45,21.13,20.75,21.66,21.45,21.11,-3.27,0.0,1.0,1.0,1.0,1.0,1.0,1.0,1.0,1.0,1.0,1.0,36.0,21.0,23.0,1441.53,1452.96,1077.44,1168.77,239.82,1314.59,1404.98,1193.3,1282.23,290.04,28.72,28.97,26.82,26.56,22.99,26.23,25.95,26.61,26.4,23.1,0.047383,0.04943,0.028075,0.029625,0.004411,0.03219,0.033452,0.030392,0.031957,0.005381
2020-01-14 02:00:00,21.17,21.49,22.18,21.92,21.53,21.48,21.12,21.97,21.77,21.22,-3.38,0.0,1.0,1.0,1.0,1.0,1.0,1.0,1.0,1.0,1.0,1.0,36.0,21.0,23.0,1436.98,1451.32,1068.5,1158.84,238.73,1251.74,1337.71,1139.04,1224.56,284.9,28.74,28.98,26.9,26.64,23.05,26.7,26.43,27.03,26.83,23.33,0.047383,0.04943,0.028075,0.029625,0.004411,0.03219,0.033452,0.030392,0.031957,0.005381
2020-01-14 02:15:00,21.17,21.49,21.42,21.12,21.27,21.4,21.01,21.9,21.69,21.2,-3.48,0.0,1.0,1.0,0.0,0.0,0.0,0.0,0.01,0.0,0.0,0.0,36.0,21.0,23.0,1432.84,1449.66,0.0,0.0,0.0,0.0,14.71,0.0,0.0,0.0,28.77,28.98,36.0,36.0,36.0,36.0,24.97,36.0,36.0,36.0,0.047383,0.04943,0.0,0.0,0.0,0.0,0.000319,0.0,0.0,0.0
2020-01-14 02:30:00,21.15,21.44,20.84,20.5,20.99,21.02,20.58,21.5,21.28,21.09,-3.59,0.0,1.0,1.0,0.0,0.0,0.0,0.0,0.01,0.0,0.0,0.0,36.0,21.0,23.0,1430.22,1449.42,0.0,0.0,0.0,0.0,16.32,0.0,0.0,0.0,28.78,28.98,36.0,36.0,36.0,36.0,23.76,36.0,36.0,36.0,0.047383,0.04943,0.0,0.0,0.0,0.0,0.000319,0.0,0.0,0.0
2020-01-14 02:45:00,21.13,21.41,20.69,20.37,20.88,20.57,20.1,21.05,20.81,20.96,-3.7,0.0,1.0,1.0,0.0,0.0,0.0,0.0,0.01,0.0,0.0,0.0,36.0,21.0,23.0,1428.09,1450.43,0.0,0.0,0.0,0.0,17.49,0.0,0.0,0.0,28.79,28.98,36.0,36.0,36.0,36.0,22.89,36.0,36.0,36.0,0.047383,0.04943,0.0,0.0,0.0,0.0,0.000319,0.0,0.0,0.0
2020-01-14 03:00:00,21.13,21.39,20.61,20.3,20.84,20.16,19.68,20.68,20.43,20.86,-3.76,0.0,1.0,1.0,0.0,0.0,0.0,0.0,0.01,0.0,0.0,0.0,36.0,21.0,23.0,1425.5,1450.45,0.0,0.0,0.0,0.0,18.4,0.0,0.0,0.0,28.8,28.98,36.0,36.0,36.0,36.0,22.21,36.0,36.0,36.0,0.047383,0.04943,0.0,0.0,0.0,0.0,0.000319,0.0,0.0,0.0
2020-01-14 03:15:00,21.15,21.4,21.37,21.05,21.07,20.2,19.77,20.72,20.48,20.86,-3.81,0.0,1.0,1.0,1.0,1.0,1.0,1.0,1.0,1.0,1.0,1.0,36.0,21.0,23.0,1422.06,1449.31,1059.85,1150.08,237.45,1583.96,1680.08,1432.53,1538.58,308.21,28.82,28.99,26.97,26.71,23.12,24.23,23.98,24.72,24.48,22.3,0.047383,0.04943,0.028075,0.029625,0.004411,0.03219,0.033452,0.030392,0.031957,0.005381
2020-01-14 03:30:00,21.19,21.46,22.04,21.76,21.41,20.64,20.26,21.1,20.88,20.97,-3.87,0.0,1.0,1.0,1.0,1.0,1.0,1.0,1.0,1.0,1.0,1.0,36.0,21.0,23.0,1417.69,1446.52,1065.51,1155.83,237.5,1414.96,1505.42,1288.55,1385.15,297.39,28.84,29.0,26.92,26.67,23.12,25.48,25.23,25.86,25.63,22.78,0.047383,0.04943,0.028075,0.029625,0.004411,0.03219,0.033452,0.030392,0.031957,0.005381
2020-01-14 03:45:00,21.24,21.48,22.19,21.94,21.58,21.08,20.77,21.55,21.33,21.1,-3.93,0.0,1.0,1.0,1.0,1.0,1.0,1.0,1.0,1.0,1.0,1.0,36.0,21.0,23.0,1414.64,1444.74,1052.13,1140.46,235.88,1317.77,1403.72,1204.96,1295.87,290.27,28.86,29.01,27.03,26.79,23.21,26.21,25.96,26.52,26.3,23.09,0.047383,0.04943,0.028075,0.029625,0.004411,0.03219,0.033452,0.030392,0.031957,0.005381
2020-01-14 04:00:00,21.21,21.44,22.25,22.01,21.63,21.4,21.12,21.85,21.65,21.22,-4.0,0.0,1.0,1.0,1.0,1.0,1.0,1.0,1.0,1.0,1.0,1.0,36.0,21.0,23.0,1359.54,1390.38,1022.66,1108.33,233.83,1257.14,1339.75,1152.21,1239.53,285.2,29.14,29.27,27.29,27.05,23.32,26.66,26.42,26.93,26.72,23.32,0.047383,0.04943,0.028075,0.029625,0.004411,0.03219,0.033452,0.030392,0.031957,0.005381
2020-01-14 04:15:00,21.23,21.46,21.49,21.21,21.35,21.3,20.97,21.74,21.53,21.19,-4.06,0.0,1.0,1.0,0.0,0.0,0.0,0.0,0.012,0.0,0.0,0.0,36.0,21.0,23.0,1410.5,1443.4,0.0,0.0,0.0,0.0,18.54,0.0,0.0,0.0,28.88,29.01,36.0,36.0,36.0,36.0,24.96,36.0,36.0,36.0,0.047383,0.04943,0.0,0.0,0.0,0.0,0.000402,0.0,0.0,0.0
2020-01-14 04:30:00,21.2,21.43,20.89,20.58,21.06,20.91,20.53,21.35,21.12,21.07,-4.13,0.0,1.0,1.0,0.0,0.0,0.0,0.0,0.012,0.0,0.0,0.0,36.0,21.0,23.0,1411.14,1444.92,0.0,0.0,0.0,0.0,20.59,0.0,0.0,0.0,28.88,29.01,36.0,36.0,36.0,36.0,23.75,36.0,36.0,36.0,0.047383,0.04943,0.0,0.0,0.0,0.0,0.000402,0.0,0.0,0.0
2020-01-14 04:45:00,21.18,21.39,20.73,20.43,20.94,20.45,20.04,20.88,20.64,20.95,-4.19,0.0,1.0,1.0,0.0,0.0,0.0,0.0,0.012,0.0,0.0,0.0,36.0,21.0,23.0,1411.08,1446.59,0.0,0.0,0.0,0.0,22.06,0.0,0.0,0.0,28.88,29.0,36.0,36.0,36.0,36.0,22.87,36.0,36.0,36.0,0.047383,0.04943,0.0,0.0,0.0,0.0,0.000402,0.0,0.0,0.0
2020-01-14 05:00:00,21.17,21.37,20.66,20.36,20.9,20.04,19.63,20.51,20.26,20.84,-4.25,0.0,1.0,1.0,0.0,0.0,0.0,0.0,0.012,0.0,0.0,0.0,36.0,21.0,23.0,1410.62,1447.52,0.0,0.0,0.0,0.0,23.21,0.0,0.0,0.0,28.88,28.99,36.0,36.0,36.0,36.0,22.19,36.0,36.0,36.0,0.047383,0.04943,0.0,0.0,0.0,0.0,0.000402,0.0,0.0,0.0
2020-01-14 05:15:00,21.18,21.38,21.42,21.12,21.14,20.09,19.72,20.56,20.33,20.85,-4.32,0.0,1.0,1.0,1.0,1.0,1.0,1.0,1.0,1.0,1.0,1.0,36.0,21.0,23.0,1409.24,1447.27,1049.29,1137.58,235.1,1591.71,1682.76,1448.89,1556.08,308.48,28.88,29.0,27.06,26.81,23.25,24.17,23.97,24.6,24.35,22.29,0.047383,0.04943,0.028075,0.029625,0.004411,0.03219,0.033452,0.030392,0.031957,0.005381
2020-01-14 05:30:00,21.21,21.42,22.08,21.82,21.48,20.54,20.22,20.96,20.74,20.96,-4.38,0.0,1.0,1.0,1.0,1.0,1.0,1.0,1.0,1.0,1.0,1.0,36.0,21.0,23.0,1407.57,1445.73,1056.13,1144.75,235.28,1421.76,1508.21,1302.77,1400.34,297.66,28.89,29.0,27.0,26.76,23.24,25.43,25.21,25.75,25.52,22.77,0.047383,0.04943,0.028075,0.029625,0.004411,0.03219,0.033452,0.030392,0.031957,0.005381
2020-01-14 05:45:00,21.25,21.44,22.24,21.99,21.63,20.98,20.72,21.41,21.2,21.09,-4.44,0.0,1.0,1.0,1.0,1.0,1.0,1.0,1.0,1.0,1.0,1.0,36.0,21.0,23.0,1405.46,1444.73,1042.46,1129.28,233.76,1324.06,1406.71,1217.91,1309.72,290.54,28.9,29.01,27.12,26.88,23.32,26.16,25.94,26.41,26.2,23.08,0.047383,0.04943,0.028075,0.029625,0.004411,0.03219,0.033452,0.030392,0.031957,0.005381
2020-01-14 06:00:00,21.22,21.4,22.3,22.07,21.68,21.31,21.07,21.72,21.51,21.2,-4.49,0.0,1.0,1.0,1.0,1.0,1.0,1.0,1.0,1.0,1.0,1.0,36.0,21.0,23.0,1351.57,1390.77,1013.02,1097.39,231.8,1263.34,1343.05,1164.48,1252.64,285.48,29.18,29.27,27.37,27.14,23.43,26.61,26.39,26.83,26.62,23.31,0.047383,0.04943,0.028075,0.029625,0.004411,0.03219,0.033452,0.030392,0.031957,0.005381
2020-01-14 06:15:00,21.23,21.42,21.55,21.27,21.41,21.19,20.96,21.6,21.38,21.17,-4.54,0.0,1.0,1.0,0.0,0.0,0.0,0.0,0.156,0.0,0.0,0.0,36.0,21.0,23.0,1403.03,1443.99,0.0,0.0,0.0,0.0,234.87,0.0,0.0,0.0,28.92,29.01,36.0,36.0,36.0,36.0,25.23,36.0,36.0,36.0,0.047383,0.04943,0.0,0.0,0.0,0.0,0.005219,0.0,0.0,0.0
2020-01-14 06:30:00,21.2,21.39,20.96,20.65,21.11,20.78,20.62,21.19,20.95,21.06,-4.59,0.0,1.0,1.0,0.0,0.0,0.0,0.0,0.156,0.0,0.0,0.0,36.0,21.0,23.0,1404.53,1445.64,0.0,0.0,0.0,0.0,255.57,0.0,0.0,0.0,28.91,29.0,36.0,36.0,36.0,36.0,24.28,36.0,36.0,36.0,0.047383,0.04943,0.0,0.0,0.0,0.0,0.005219,0.0,0.0,0.0
2020-01-14 06:45:00,21.18,21.36,20.79,20.49,20.98,20.31,20.25,20.71,20.46,20.93,-4.63,0.0,1.0,1.0,0.0,0.0,0.0,0.0,0.156,0.0,0.0,0.0,36.0,21.0,23.0,1405.22,1447.34,0.0,0.0,0.0,0.0,269.89,0.0,0.0,0.0,28.91,29.0,36.0,36.0,36.0,36.0,23.63,36.0,36.0,36.0,0.047383,0.04943,0.0,0.0,0.0,0.0,0.005219,0.0,0.0,0.0
2020-01-14 07:00:00,21.16,21.34,20.69,20.4,20.93,19.87,19.93,20.32,20.07,20.82,-4.68,0.0,1.0,1.0,0.0,0.0,0.0,0.0,0.156,0.0,0.0,0.0,36.0,21.0,23.0,1405.38,1448.5,0.0,0.0,0.0,0.0,280.68,0.0,0.0,0.0,28.9,28.99,36.0,36.0,36.0,36.0,23.13,36.0,36.0,36.0,0.047383,0.04943,0.0,0.0,0.0,0.0,0.005219,0.0,0.0,0.0
2020-01-14 07:15:00,21.17,21.34,21.41,21.11,21.16,19.92,20.02,20.36,20.12,20.83,-4.72,0.0,1.0,1.0,1.0,1.0,1.0,1.0,1.0,1.0,1.0,1.0,36.0,21.0,23.0,1404.89,1448.63,1059.41,1147.8,234.74,1604.6,1596.94,1467.67,1576.06,308.86,28.91,28.99,26.97,26.73,23.27,24.07,24.58,24.45,24.2,22.27,0.047383,0.04943,0.028075,0.029625,0.004411,0.03219,0.033452,0.030392,0.031957,0.005381
2020-01-14 07:30:00,21.2,21.38,22.01,21.75,21.48,20.36,20.47,20.76,20.54,20.94,-4.76,0.0,1.0,1.0,1.0,1.0,1.0,1.0,1.0,1.0,1.0,1.0,36.0,21.0,23.0,1403.68,1447.43,1081.44,1171.36,236.12,1434.24,1454.96,1320.3,1418.94,298.05,28.91,28.99,26.78,26.54,23.19,25.34,25.59,25.61,25.38,22.75,0.047383,0.04943,0.028075,0.029625,0.004411,0.03219,0.033452,0.030392,0.031957,0.005381
2020-01-14 07:45:00,21.23,21.39,22.1,21.86,21.59,20.83,20.87,21.22,21.01,21.06,-4.8,0.0,1.0,1.0,1.0,1.0,1.0,1.0,1.0,1.0,1.0,1.0,36.0,21.0,23.0,1402.08,1446.81,1084.68,1174.07,236.06,1336.24,1371.3,1234.63,1327.39,290.93,28.92,29.0,26.76,26.52,23.2,26.07,26.19,26.28,26.06,23.07,0.047383,0.04943,0.028075,0.029625,0.004411,0.03219,0.033452,0.030392,0.031957,0.005381
2020-01-14 08:00:00,21.2,21.35,22.09,21.85,21.61,21.16,21.15,21.54,21.33,21.18,-4.76,0.0,1.0,1.0,1.0,1.0,1.0,1.0,1.0,1.0,1.0,1.0,36.0,21.0,23.0,1348.79,1393.06,1068.85,1156.8,235.48,1274.98,1318.74,1180.44,1269.41,285.88,29.19,29.26,26.89,26.66,23.23,26.52,26.57,26.71,26.5,23.29,0.047383,0.04943,0.028075,0.029625,0.004411,0.03219,0.033452,0.030392,0.031957,0.005381
2020-01-14 08:15:00,20.82,21.37,21.2,20.94,21.24,21.17,20.98,21.44,21.22,21.15,-4.72,7.3,0.507,1.0,0.0,0.0,0.0,0.409,0.0,0.0,0.0,0.0,36.0,21.0,23.0,896.47,1445.38,0.0,0.0,0.0,558.52,0.0,0.0,0.0,0.0,27.07,29.0,36.0,36.0,36.0,25.85,36.0,36.0,36.0,36.0,0.024011,0.04943,0.0,0.0,0.0,0.013169,0.0,0.0,0.0,0.0
2020-01-14 08:30:00,20.57,21.34,20.51,20.24,20.85,21.01,20.51,21.08,20.83,21.03,-4.69,58.2,0.507,1.0,0.0,0.0,0.0,0.409,0.0,0.0,0.0,0.0,36.0,21.0,23.0,895.05,1446.45,0.0,0.0,0.0,586.85,0.0,0.0,0.0,0.0,27.08,29.0,36.0,36.0,36.0,25.34,36.0,36.0,36.0,36.0,0.024011,0.04943,0.0,0.0,0.0,0.013169,0.0,0.0,0.0,0.0
2020-01-14 08:45:00,20.48,21.29,20.28,20.01,20.66,20.8,20.01,20.66,20.44,20.91,-4.65,109.0,0.507,1.0,0.0,0.0,0.0,0.409,0.0,0.0,0.0,0.0,36.0,21.0,23.0,899.33,1447.58,0.0,0.0,0.0,604.26,0.0,0.0,0.0,0.0,27.04,28.99,36.0,36.0,36.0,25.02,36.0,36.0,36.0,36.0,0.024011,0.04943,0.0,0.0,0.0,0.013169,0.0,0.0,0.0,0.0
2020-01-14 09:00:00,20.44,21.28,20.15,19.89,20.57,20.61,19.6,20.37,20.14,20.8,-4.47,159.8,0.507,1.0,0.0,0.0,0.0,0.409,0.0,0.0,0.0,0.0,36.0,21.0,23.0,906.32,1447.15,0.0,0.0,0.0,615.92,0.0,0.0,0.0,0.0,26.97,29.0,36.0,36.0,36.0,24.81,36.0,36.0,36.0,36.0,0.024011,0.04943,0.0,0.0,0.0,0.013169,0.0,0.0,0.0,0.0
2020-01-14 09:15:00,20.83,21.32,21.02,20.56,20.85,20.71,19.7,20.78,20.26,20.8,-4.29,210.7,1.0,1.0,1.0,1.0,1.0,1.0,1.0,1.0,1.0,1.0,36.0,21.0,23.0,1420.91,1443.93,1094.12,1246.88,243.36,1374.77,1680.84,1426.57,1576.87,309.36,28.83,29.01,26.68,25.93,22.8,25.78,23.98,24.77,24.2,22.25,0.047383,0.04943,0.028075,0.029625,0.004411,0.03219,0.033452,0.030392,0.031957,0.005381
2020-01-14 09:30:00,21.11,21.44,22.13,21.32,21.35,21.12,20.22,21.69,20.71,20.9,-4.11,226.5,1.0,1.0,1.0,1.0,1.0,1.0,1.0,1.0,1.0,1.0,36.0,21.0,23.0,1429.16,1437.55,1030.81,1261.48,243.54,1280.33,1497.88,1202.33,1412.43,298.51,28.78,29.04,27.22,25.81,22.79,26.48,25.29,26.54,25.43,22.73,0.047383,0.04943,0.028075,0.029625,0.004411,0.03219,0.033452,0.030392,0.031957,0.005381
2020-01-14 09:45:00,21.21,21.52,22.71,21.56,21.62,21.59,20.86,22.48,21.2,21.03,-3.93,242.3,1.0,1.0,1.0,1.0,1.0,1.0,1.0,1.0,1.0,1.0,36.0,21.0,23.0,1428.78,1432.58,946.79,1254.21,242.66,1221.04,1382.78,1050.73,1315.74,291.4,28.79,29.07,27.93,25.87,22.84,26.93,26.11,27.73,26.15,23.04,0.047383,0.04943,0.028075,0.029625,0.004411,0.03219,0.033452,0.030392,0.031957,0.005381
2020-01-14 10:00:00,21.29,21.58,23.05,21.66,21.77,21.96,21.31,23.1,21.59,21.14,-3.76,258.2,1.0,1.0,1.0,1.0,1.0,1.0,1.0,1.0,1.0,1.0,36.0,21.0,23.0,1431.29,1428.42,927.26,1253.75,242.38,1178.92,1307.63,944.24,1251.71,286.28,28.77,29.09,28.1,25.88,22.86,27.24,26.65,28.57,26.63,23.27,0.047383,0.04943,0.028075,0.029625,0.004411,0.03219,0.033452,0.030392,0.031957,0.005381
2020-01-14 10:15:00,20.6,20.6,22.57,20.79,21.37,22.0,21.23,23.33,21.57,21.12,-3.59,274.0,0.233,0.0,0.0,0.0,0.0,0.0,0.0,0.0,0.0,0.0,36.0,21.0,23.0,495.31,0.0,0.0,0.0,0.0,0.0,0.0,0.0,0.0,0.0,25.25,36.0,36.0,36.0,36.0,36.0,36.0,36.0,36.0,36.0,0.011022,0.0,0.0,0.0,0.0,0.0,0.0,0.0,0.0,0.0
2020-01-14 10:30:00,20.17,20.07,22.11,20.12,20.86,21.79,20.81,23.3,21.26,21.01,-3.42,282.4,0.233,0.0,0.0,0.0,0.0,0.0,0.0,0.0,0.0,0.0,36.0,21.0,23.0,497.15,0.0,0.0,0.0,0.0,0.0,0.0,0.0,0.0,0.0,25.21,36.0,36.0,36.0,36.0,36.0,36.0,36.0,36.0,36.0,0.011022,0.0,0.0,0.0,0.0,0.0,0.0,0.0,0.0,0.0
2020-01-14 10:45:00,20.01,19.79,22.1,19.92,20.66,21.53,20.36,23.16,20.93,20.88,-3.25,290.8,0.233,0.0,0.0,0.0,0.0,0.0,0.0,0.0,0.0,0.0,36.0,21.0,23.0,504.51,0.0,0.0,0.0,0.0,0.0,0.0,0.0,0.0,0.0,25.05,36.0,36.0,36.0,36.0,36.0,36.0,36.0,36.0,36.0,0.011022,0.0,0.0,0.0,0.0,0.0,0.0,0.0,0.0,0.0
2020-01-14 11:00:00,19.92,19.6,22.17,19.84,20.58,21.32,19.96,23.12,20.66,20.77,-3.1,299.2,0.233,0.0,0.0,0.0,0.0,0.0,0.0,0.0,0.0,0.0,36.0,21.0,23.0,509.85,0.0,0.0,0.0,0.0,0.0,0.0,0.0,0.0,0.0,24.93,36.0,36.0,36.0,36.0,36.0,36.0,36.0,36.0,36.0,0.011022,0.0,0.0,0.0,0.0,0.0,0.0,0.0,0.0,0.0
2020-01-14 11:15:00,20.58,20.45,22.7,20.57,21.03,21.45,20.07,23.16,20.83,20.78,-2.95,307.6,1.0,1.0,0.616,1.0,1.0,1.0,1.0,0.0,1.0,1.0,36.0,21.0,23.0,1483.08,1525.94,591.42,1257.3,245.95,1487.93,1645.32,0.0,1526.12,309.81,28.51,28.61,27.82,25.85,22.66,24.94,24.23,36.0,24.58,22.23,0.047383,0.04943,0.017288,0.029625,0.004411,0.03219,0.033452,0.0,0.031957,0.005381
2020-01-14 11:30:00,21.08,21.07,23.28,21.48,21.58,21.84,20.59,23.33,21.37,20.88,-2.8,331.2,1.0,1.0,0.616,1.0,1.0,1.0,1.0,0.0,1.0,1.0,36.0,21.0,23.0,1496.58,1569.17,577.41,1256.31,245.68,1321.82,1468.56,0.0,1354.27,298.95,28.44,28.41,28.01,25.85,22.68,26.18,25.5,36.0,25.86,22.71,0.047383,0.04943,0.017288,0.029625,0.004411,0.03219,0.033452,0.0,0.031957,0.005381
2020-01-14 11:45:00,21.24,21.21,23.62,21.89,21.84,22.26,21.17,23.6,21.97,21.01,-2.65,354.8,1.0,1.0,0.616,1.0,1.0,1.0,1.0,0.0,1.0,1.0,36.0,21.0,23.0,1489.9,1576.07,552.41,1222.34,244.65,1225.12,1364.25,0.0,1243.04,291.82,28.48,28.37,28.36,26.13,22.73,26.9,26.24,36.0,26.69,23.03,0.047383,0.04943,0.017288,0.029625,0.004411,0.03219,0.033452,0.0,0.031957,0.005381
2020-01-14 12:00:00,21.35,21.29,23.88,22.19,21.99,22.62,21.59,23.89,22.51,21.12,-2.46,378.4,1.0,1.0,0.616,1.0,1.0,1.0,1.0,0.0,1.0,1.0,36.0,21.0,23.0,1487.22,1590.27,529.16,1187.94,243.83,1160.55,1293.7,0.0,1157.23,286.67,28.49,28.3,28.68,26.41,22.78,27.37,26.75,36.0,27.34,23.25,0.047383,0.04943,0.017288,0.029625,0.004411,0.03219,0.033452,0.0,0.031957,0.005381
2020-01-14 12:15:00,20.48,20.65,23.68,21.56,21.69,22.68,21.53,24.11,22.67,21.1,-2.28,402.0,0.085,0.278,0.0,0.0,0.0,0.0,0.0,0.0,0.0,0.0,36.0,21.0,23.0,208.12,641.49,0.0,0.0,0.0,0.0,0.0,0.0,0.0,0.0,23.71,24.82,36.0,36.0,36.0,36.0,36.0,36.0,36.0,36.0,0.00405,0.013732,0.0,0.0,0.0,0.0,0.0,0.0,0.0,0.0
2020-01-14 12:30:00,20.05,20.3,23.53,21.14,21.37,22.54,21.17,24.25,22.64,20.99,-2.1,417.4,0.085,0.278,0.0,0.0,0.0,0.0,0.0,0.0,0.0,0.0,36.0,21.0,23.0,208.74,638.82,0.0,0.0,0.0,0.0,0.0,0.0,0.0,0.0,23.67,24.87,36.0,36.0,36.0,36.0,36.0,36.0,36.0,36.0,0.00405,0.013732,0.0,0.0,0.0,0.0,0.0,0.0,0.0,0.0
2020-01-14 12:45:00,19.92,20.22,23.63,21.3,21.31,22.43,20.76,24.37,22.64,20.87,-1.91,432.8,0.085,0.278,0.0,0.0,0.0,0.0,0.0,0.0,0.0,0.0,36.0,21.0,23.0,211.59,642.36,0.0,0.0,0.0,0.0,0.0,0.0,0.0,0.0,23.5,24.81,36.0,36.0,36.0,36.0,36.0,36.0,36.0,36.0,0.00405,0.013732,0.0,0.0,0.0,0.0,0.0,0.0,0.0,0.0
2020-01-14 13:00:00,19.84,20.18,23.74,21.57,21.32,22.38,20.39,24.47,22.7,20.76,-1.77,448.3,0.085,0.278,0.0,0.0,0.0,0.0,0.0,0.0,0.0,0.0,36.0,21.0,23.0,213.84,643.77,0.0,0.0,0.0,0.0,0.0,0.0,0.0,0.0,23.37,24.78,36.0,36.0,36.0,36.0,36.0,36.0,36.0,36.0,0.00405,0.013732,0.0,0.0,0.0,0.0,0.0,0.0,0.0,0.0
2020-01-14 13:15:00,20.65,20.81,23.88,21.84,21.61,22.37,20.5,24.56,22.82,20.77,-1.64,463.7,1.0,1.0,0.0,0.0,1.0,0.0,1.0,0.0,0.0,1.0,36.0,21.0,23.0,1530.43,1610.47,0.0,0.0,244.49,0.0,1603.8,0.0,0.0,310.18,28.27,28.21,36.0,36.0,22.74,36.0,24.53,36.0,36.0,22.21,0.047383,0.04943,0.0,0.0,0.004411,0.0,0.033452,0.0,0.0,0.005381
2020-01-14 13:30:00,21.19,21.23,24.12,22.23,21.98,22.37,21.03,24.65,23.01,20.88,-1.5,469.3,1.0,1.0,0.0,0.0,1.0,0.0,1.0,0.0,0.0,1.0,36.0,21.0,23.0,1559.77,1619.03,0.0,0.0,244.58,0.0,1431.38,0.0,0.0,299.3,28.12,28.16,36.0,36.0,22.74,36.0,25.76,36.0,36.0,22.69,0.047383,0.04943,0.0,0.0,0.004411,0.0,0.033452,0.0,0.0,0.005381
2020-01-14 13:45:00,21.31,21.36,24.29,22.6,22.17,22.39,21.58,24.71,23.23,21.0,-1.36,475.0,1.0,1.0,0.0,0.0,1.0,0.0,1.0,0.0,0.0,1.0,36.0,21.0,23.0,1550.51,1602.44,0.0,0.0,243.23,0.0,1329.8,0.0,0.0,292.13,28.17,28.24,36.0,36.0,22.81,36.0,26.49,36.0,36.0,23.01,0.047383,0.04943,0.0,0.0,0.004411,0.0,0.033452,0.0,0.0,0.005381
2020-01-14 14:00:00,21.39,21.44,24.38,22.93,22.29,22.43,21.91,24.76,23.47,21.11,-1.3,480.6,1.0,1.0,0.0,0.0,1.0,0.0,1.0,0.0,0.0,1.0,36.0,21.0,23.0,1552.51,1594.48,0.0,0.0,242.29,0.0,1263.39,0.0,0.0,286.96,28.16,28.28,36.0,36.0,22.86,36.0,26.96,36.0,36.0,23.24,0.047383,0.04943,0.0,0.0,0.004411,0.0,0.033452,0.0,0.0,0.005381
2020-01-14 14:15:00,20.43,20.52,24.35,23.15,22.03,22.48,21.82,24.78,23.69,21.09,-1.25,486.2,0.017,0.038,0.0,0.0,0.0,0.0,0.0,0.0,0.0,0.0,36.0,21.0,23.0,43.45,99.74,0.0,0.0,0.0,0.0,0.0,0.0,0.0,0.0,22.72,23.18,36.0,36.0,36.0,36.0,36.0,36.0,36.0,36.0,0.000783,0.001862,0.0,0.0,0.0,0.0,0.0,0.0,0.0,0.0
2020-01-14 14:30:00,20.01,20.1,24.16,23.26,21.79,22.52,21.42,24.76,23.95,20.98,-1.19,471.8,0.017,0.038,0.0,0.0,0.0,0.0,0.0,0.0,0.0,0.0,36.0,21.0,23.0,42.81,98.51,0.0,0.0,0.0,0.0,0.0,0.0,0.0,0.0,22.91,23.34,36.0,36.0,36.0,36.0,36.0,36.0,36.0,36.0,0.000783,0.001862,0.0,0.0,0.0,0.0,0.0,0.0,0.0,0.0
2020-01-14 14:45:00,19.92,20.0,24.03,23.4,21.73,22.52,21.0,24.69,24.16,20.86,-1.14,457.3,0.017,0.038,0.0,0.0,0.0,0.0,0.0,0.0,0.0,0.0,36.0,21.0,23.0,42.62,98.33,0.0,0.0,0.0,0.0,0.0,0.0,0.0,0.0,22.97,23.36,36.0,36.0,36.0,36.0,36.0,36.0,36.0,36.0,0.000783,0.001862,0.0,0.0,0.0,0.0,0.0,0.0,0.0,0.0
2020-01-14 15:00:00,19.86,19.94,23.92,23.55,21.7,22.51,20.59,24.59,24.34,20.75,-1.18,442.9,0.017,0.038,0.0,0.0,0.0,0.0,0.0,0.0,0.0,0.0,36.0,21.0,23.0,42.3,97.87,0.0,0.0,0.0,0.0,0.0,0.0,0.0,0.0,23.07,23.42,36.0,36.0,36.0,36.0,36.0,36.0,36.0,36.0,0.000783,0.001862,0.0,0.0,0.0,0.0,0.0,0.0,0.0,0.0
2020-01-14 15:15:00,20.71,20.76,23.87,23.73,22.0,22.49,20.66,24.47,24.46,20.75,-1.23,428.4,1.0,1.0,0.0,0.0,1.0,0.0,1.0,0.0,0.0,1.0,36.0,21.0,23.0,1458.83,1520.82,0.0,0.0,235.12,0.0,1584.86,0.0,0.0,310.45,28.63,28.64,36.0,36.0,23.25,36.0,24.67,36.0,36.0,22.2,0.047383,0.04943,0.0,0.0,0.004411,0.0,0.033452,0.0,0.0,0.005381
2020-01-14 15:30:00,21.37,21.38,23.83,23.9,22.33,22.43,21.12,24.25,24.51,20.87,-1.27,361.2,1.0,1.0,0.0,0.0,1.0,0.0,1.0,0.0,0.0,1.0,36.0,21.0,23.0,1469.4,1531.85,0.0,0.0,234.01,0.0,1419.16,0.0,0.0,299.56,28.58,28.59,36.0,36.0,23.31,36.0,25.85,36.0,36.0,22.68,0.047383,0.04943,0.0,0.0,0.004411,0.0,0.033452,0.0,0.0,0.005381
2020-01-14 15:45:00,21.51,21.52,23.7,23.89,22.43,22.3,21.61,23.97,24.43,20.99,-1.31,293.9,1.0,1.0,0.0,0.0,1.0,0.0,1.0,0.0,0.0,1.0,36.0,21.0,23.0,1431.92,1496.96,0.0,0.0,231.3,0.0,1323.91,0.0,0.0,292.38,28.77,28.75,36.0,36.0,23.46,36.0,26.53,36.0,36.0,23.0,0.047383,0.04943,0.0,0.0,0.004411,0.0,0.033452,0.0,0.0,0.005381
2020-01-14 16:00:00,21.56,21.57,23.48,23.74,22.42,22.12,21.87,23.65,24.26,21.1,-1.46,226.7,1.0,1.0,0.0,0.0,1.0,0.0,1.0,0.0,0.0,1.0,36.0,21.0,23.0,1425.4,1489.63,0.0,0.0,230.16,0.0,1263.57,0.0,0.0,287.2,28.8,28.79,36.0,36.0,23.52,36.0,26.96,36.0,36.0,23.23,0.047383,0.04943,0.0,0.0,0.004411,0.0,0.033452,0.0,0.0,0.005381
2020-01-14 16:15:00,21.53,20.56,23.21,23.46,22.09,21.89,21.72,23.33,23.97,21.18,-1.6,159.4,1.0,0.0,0.0,0.0,0.0,0.0,0.0,0.0,0.0,1.0,36.0,21.0,23.0,1421.9,0.0,0.0,0.0,0.0,0.0,0.0,0.0,0.0,283.29,28.82,36.0,36.0,36.0,36.0,36.0,36.0,36.0,36.0,23.41,0.047383,0.0,0.0,0.0,0.0,0.0,0.0,0.0,0.0,0.005381
2020-01-14 16:30:00,21.46,20.08,22.84,23.06,21.78,21.63,21.24,22.94,23.6,21.27,-1.74,119.6,1.0,0.0,0.0,0.0,0.0,0.0,0.0,0.0,0.0,1.0,36.0,21.0,23.0,1419.44,0.0,0.0,0.0,0.0,0.0,0.0,0.0,0.0,280.24,28.83,36.0,36.0,36.0,36.0,36.0,36.0,36.0,36.0,23.54,0.047383,0.0,0.0,0.0,0.0,0.0,0.0,0.0,0.0,0.005381
2020-01-14 16:45:00,21.41,19.87,22.53,22.47,21.53,21.31,20.77,22.57,23.04,21.34,-1.89,0.0,1.0,0.0,0.0,0.0,0.0,0.0,0.0,0.0,0.0,1.0,36.0,21.0,23.0,1420.41,0.0,0.0,0.0,0.0,0.0,0.0,0.0,0.0,277.71,28.83,36.0,36.0,36.0,36.0,36.0,36.0,36.0,36.0,23.65,0.047383,0.0,0.0,0.0,0.0,0.0,0.0,0.0,0.0,0.005381
2020-01-14 17:00:00,21.39,19.68,22.24,22.08,21.28,20.97,20.27,22.18,22.52,21.41,-1.99,0.0,1.0,0.0,0.0,0.0,0.0,0.0,0.0,0.0,0.0,1.0,36.0,21.0,23.0,1417.05,0.0,0.0,0.0,0.0,0.0,0.0,0.0,0.0,275.6,28.85,36.0,36.0,36.0,36.0,36.0,36.0,36.0,36.0,23.75,0.047383,0.0,0.0,0.0,0.0,0.0,0.0,0.0,0.0,0.005381
2020-01-14 17:15:00,21.39,20.48,22.67,22.52,21.55,20.87,20.3,22.12,22.38,21.37,-2.09,0.0,1.0,1.0,1.0,1.0,1.0,1.0,1.0,1.0,1.0,0.0,36.0,21.0,23.0,1413.25,1506.03,971.6,1037.26,230.25,1723.14,1619.18,1274.68,1251.15,0.0,28.86,28.71,27.72,27.62,23.51,23.19,24.42,25.97,26.63,36.0,0.047383,0.04943,0.028075,0.029625,0.004411,0.03219,0.033452,0.030392,0.031957,0.0
2020-01-14 17:30:00,21.46,21.07,23.08,22.98,21.97,21.22,20.73,22.34,22.53,21.24,-2.19,0.0,1.0,1.0,1.0,1.0,1.0,1.0,1.0,1.0,1.0,0.0,36.0,21.0,23.0,1407.27,1529.53,992.61,1048.34,229.95,1499.07,1453.48,1149.14,1151.82,0.0,28.89,28.6,27.54,27.53,23.53,24.86,25.61,26.95,27.38,36.0,0.047383,0.04943,0.028075,0.029625,0.004411,0.03219,0.033452,0.030392,0.031957,0.0
2020-01-14 17:45:00,21.53,21.19,23.19,23.1,22.12,21.59,21.2,22.64,22.76,21.11,-2.29,0.0,1.0,1.0,1.0,1.0,1.0,1.0,1.0,1.0,1.0,0.0,36.0,21.0,23.0,1402.48,1510.48,982.29,1040.25,228.34,1370.33,1358.1,1079.19,1097.9,0.0,28.92,28.69,27.63,27.6,23.62,25.82,26.29,27.51,27.78,36.0,0.047383,0.04943,0.028075,0.029625,0.004411,0.03219,0.033452,0.030392,0.031957,0.0
2020-01-14 18:00:00,21.5,21.21,23.2,23.1,22.17,21.87,21.52,22.84,22.92,20.98,-2.36,0.0,1.0,1.0,1.0,1.0,1.0,1.0,1.0,1.0,1.0,0.0,36.0,21.0,23.0,1346.59,1449.18,953.27,1012.83,226.33,1289.98,1298.31,1036.82,1065.84,0.0,29.2,28.99,27.88,27.82,23.73,26.41,26.72,27.84,28.02,36.0,0.047383,0.04943,0.028075,0.029625,0.004411,0.03219,0.033452,0.030392,0.031957,0.0
2020-01-14 18:15:00,21.52,21.25,22.47,22.33,21.89,21.78,21.36,22.73,22.78,20.99,-2.44,0.0,1.0,1.0,0.0,0.0,0.0,0.0,0.0,0.0,0.0,1.0,36.0,21.0,23.0,1396.73,1497.96,0.0,0.0,0.0,0.0,0.0,0.0,0.0,303.83,28.95,28.75,36.0,36.0,36.0,36.0,36.0,36.0,36.0,22.49,0.047383,0.04943,0.0,0.0,0.0,0.0,0.0,0.0,0.0,0.005381
2020-01-14 18:30:00,21.47,21.22,22.03,21.83,21.61,21.45,20.9,22.34,22.38,21.09,-2.51,0.0,1.0,1.0,0.0,0.0,0.0,0.0,0.0,0.0,0.0,1.0,36.0,21.0,23.0,1397.27,1496.78,0.0,0.0,0.0,0.0,0.0,0.0,0.0,293.65,28.95,28.76,36.0,36.0,36.0,36.0,36.0,36.0,36.0,22.94,0.047383,0.04943,0.0,0.0,0.0,0.0,0.0,0.0,0.0,0.005381
2020-01-14 18:45:00,21.45,21.22,21.87,21.65,21.52,21.05,20.4,21.92,21.93,21.21,-2.59,0.0,1.0,1.0,0.0,0.0,0.0,0.0,0.0,0.0,0.0,1.0,36.0,21.0,23.0,1396.96,1494.73,0.0,0.0,0.0,0.0,0.0,0.0,0.0,287.0,28.95,28.77,36.0,36.0,36.0,36.0,36.0,36.0,36.0,23.24,0.047383,0.04943,0.0,0.0,0.0,0.0,0.0,0.0,0.0,0.005381
2020-01-14 19:00:00,21.44,21.22,21.76,21.51,21.45,20.68,19.95,21.55,21.53,21.3,-2.7,0.0,1.0,1.0,0.0,0.0,0.0,0.0,0.0,0.0,0.0,1.0,36.0,21.0,23.0,1396.36,1492.92,0.0,0.0,0.0,0.0,0.0,0.0,0.0,282.25,28.95,28.77,36.0,36.0,36.0,36.0,36.0,36.0,36.0,23.45,0.047383,0.04943,0.0,0.0,0.0,0.0,0.0,0.0,0.0,0.005381
2020-01-14 19:15:00,21.43,21.22,22.33,21.39,21.51,20.67,20.0,21.53,21.5,21.28,-2.8,0.0,1.0,1.0,1.0,0.0,0.0,1.0,1.0,1.0,1.0,0.0,36.0,21.0,23.0,1395.61,1491.32,976.43,0.0,0.0,1588.2,1650.94,1330.25,1396.47,0.0,28.95,28.78,27.68,36.0,36.0,24.2,24.19,25.53,25.55,36.0,0.047383,0.04943,0.028075,0.0,0.0,0.03219,0.033452,0.030392,0.031957,0.0
2020-01-14 19:30:00,21.42,21.25,22.75,21.24,21.62,21.0,20.43,21.8,21.75,21.16,-2.91,0.0,1.0,1.0,1.0,0.0,0.0,1.0,1.0,1.0,1.0,0.0,36.0,21.0,23.0,1395.19,1488.46,989.03,0.0,0.0,1415.67,1481.07,1202.29,1266.61,0.0,28.96,28.8,27.57,36.0,36.0,25.48,25.41,26.54,26.52,36.0,0.047383,0.04943,0.028075,0.0,0.0,0.03219,0.033452,0.030392,0.031957,0.0
2020-01-14 19:45:00,21.41,21.26,22.79,21.09,21.64,21.35,20.89,22.11,22.04,21.03,-3.02,0.0,1.0,1.0,1.0,0.0,0.0,1.0,1.0,1.0,1.0,0.0,36.0,21.0,23.0,1395.48,1486.18,982.49,0.0,0.0,1317.64,1383.8,1130.47,1194.41,0.0,28.95,28.81,27.63,36.0,36.0,26.21,26.1,27.1,27.06,36.0,0.047383,0.04943,0.028075,0.0,0.0,0.03219,0.033452,0.030392,0.031957,0.0
2020-01-14 20:00:00,21.34,21.21,22.75,20.92,21.61,21.58,21.2,22.32,22.25,20.91,-3.06,0.0,1.0,1.0,1.0,0.0,0.0,1.0,1.0,1.0,1.0,0.0,36.0,21.0,23.0,1343.14,1429.67,958.03,0.0,0.0,1257.14,1323.49,1086.87,1151.01,0.0,29.22,29.08,27.84,36.0,36.0,26.66,26.53,27.44,27.38,36.0,0.047383,0.04943,0.028075,0.0,0.0,0.03219,0.033452,0.030392,0.031957,0.0
2020-01-14 20:15:00,21.35,21.23,22.74,21.28,21.58,21.71,20.98,22.45,22.08,20.93,-3.11,0.0,1.0,1.0,1.0,0.554,0.0,1.0,0.0,1.0,0.0,1.0,36.0,21.0,23.0,1396.51,1483.21,981.8,736.76,0.0,1216.28,0.0,1058.13,0.0,306.42,28.95,28.82,27.63,25.26,36.0,26.96,36.0,27.67,36.0,22.38,0.047383,0.04943,0.028075,0.016407,0.0,0.03219,0.0,0.030392,0.0,0.005381
2020-01-14 20:30:00,21.35,21.25,22.75,21.48,21.62,21.78,20.47,22.53,21.68,21.03,-3.15,0.0,1.0,1.0,1.0,0.554,0.0,1.0,0.0,1.0,0.0,1.0,36.0,21.0,23.0,1398.47,1483.09,981.3,751.55,0.0,1189.17,0.0,1039.35,0.0,295.81,28.94,28.82,27.64,25.04,36.0,27.16,36.0,27.82,36.0,22.85,0.047383,0.04943,0.028075,0.016407,0.0,0.03219,0.0,0.030392,0.0,0.005381
2020-01-14 20:45:00,21.34,21.25,22.76,21.43,21.63,21.8,19.93,22.57,21.29,21.15,-3.2,0.0,1.0,1.0,1.0,0.554,0.0,1.0,0.0,1.0,0.0,1.0,36.0,21.0,23.0,1398.72,1481.74,980.38,760.24,0.0,1170.42,0.0,1026.98,0.0,288.86,28.94,28.83,27.65,24.91,36.0,27.3,36.0,27.92,36.0,23.16,0.047383,0.04943,0.028075,0.016407,0.0,0.03219,0.0,0.030392,0.0,0.005381
2020-01-14 21:00:00,21.33,21.26,22.77,21.37,21.61,21.81,19.5,22.61,21.04,21.25,-3.27,0.0,1.0,1.0,1.0,0.554,0.0,1.0,0.0,1.0,0.0,1.0,36.0,21.0,23.0,1398.2,1479.82,978.76,770.49,0.0,1157.02,0.0,1018.09,0.0,283.87,28.94,28.84,27.66,24.77,36.0,27.4,36.0,27.99,36.0,23.38,0.047383,0.04943,0.028075,0.016407,0.0,0.03219,0.0,0.030392,0.0,0.005381
2020-01-14 21:15:00,21.33,21.26,22.77,20.77,21.54,21.84,19.6,22.65,21.14,21.23,-3.34,0.0,1.0,1.0,1.0,0.0,0.0,1.0,1.0,1.0,1.0,0.0,36.0,21.0,23.0,1397.53,1477.81,977.66,0.0,0.0,1146.51,1690.25,1010.93,1475.86,0.0,28.94,28.85,27.67,36.0,36.0,27.48,23.91,28.04,24.95,36.0,0.047383,0.04943,0.028075,0.0,0.0,0.03219,0.033452,0.030392,0.031957,0.0
2020-01-14 21:30:00,21.31,21.25,22.74,20.49,21.42,21.95,20.09,22.72,21.48,21.11,-3.41,0.0,1.0,1.0,1.0,0.0,0.0,1.0,1.0,1.0,1.0,0.0,36.0,21.0,23.0,1397.51,1476.59,977.45,0.0,0.0,1136.79,1514.91,1004.78,1330.38,0.0,28.94,28.85,27.67,36.0,36.0,27.55,25.17,28.09,26.04,36.0,0.047383,0.04943,0.028075,0.0,0.0,0.03219,0.033452,0.030392,0.031957,0.0
2020-01-14 21:45:00,21.3,21.25,22.72,20.39,21.37,22.09,20.61,22.8,21.83,20.99,-3.48,0.0,1.0,1.0,1.0,0.0,0.0,1.0,1.0,1.0,1.0,0.0,36.0,21.0,23.0,1397.89,1475.82,977.51,0.0,0.0,1126.79,1413.15,998.92,1247.38,0.0,28.94,28.86,27.67,36.0,36.0,27.63,25.89,28.14,26.66,36.0,0.047383,0.04943,0.028075,0.0,0.0,0.03219,0.033452,0.030392,0.031957,0.0
2020-01-14 22:00:00,21.24,21.2,22.69,20.31,21.35,22.19,20.96,22.86,22.07,20.86,-3.55,0.0,1.0,1.0,1.0,0.0,0.0,1.0,1.0,1.0,1.0,0.0,36.0,21.0,23.0,1345.64,1420.52,954.05,0.0,0.0,1117.87,1349.15,993.78,1196.08,0.0,29.21,29.12,27.87,36.0,36.0,27.69,26.35,28.18,27.05,36.0,0.047383,0.04943,0.028075,0.0,0.0,0.03219,0.033452,0.030392,0.031957,0.0
2020-01-14 22:15:00,21.27,21.23,22.7,20.97,21.4,22.26,21.12,22.91,22.18,20.88,-3.62,0.0,1.0,1.0,1.0,1.0,0.0,1.0,1.0,1.0,1.0,1.0,36.0,21.0,23.0,1398.19,1474.03,977.68,1194.74,0.0,1109.56,1304.12,989.14,1161.01,307.54,28.94,28.87,27.67,26.35,36.0,27.75,26.67,28.21,27.31,22.33,0.047383,0.04943,0.028075,0.029625,0.0,0.03219,0.033452,0.030392,0.031957,0.005381
2020-01-14 22:30:00,21.29,21.26,22.76,21.61,21.54,22.32,21.29,22.95,22.3,20.99,-3.69,0.0,1.0,1.0,1.0,1.0,0.0,1.0,1.0,1.0,1.0,1.0,36.0,21.0,23.0,1398.57,1473.39,976.64,1206.78,0.0,1102.42,1274.1,985.23,1138.04,296.82,28.94,28.87,27.68,26.25,36.0,27.81,26.89,28.24,27.48,22.8,0.047383,0.04943,0.028075,0.029625,0.0,0.03219,0.033452,0.030392,0.031957,0.005381
2020-01-14 22:45:00,21.25,21.23,22.78,21.74,21.57,22.38,21.43,22.98,22.39,21.13,-3.76,0.0,1.0,1.0,1.0,1.0,0.0,1.0,1.0,1.0,1.0,1.0,36.0,21.0,23.0,1345.86,1417.77,952.3,1162.31,0.0,1096.29,1252.68,981.92,1122.02,289.85,29.2,29.14,27.89,26.61,36.0,27.85,27.04,28.27,27.6,23.11,0.047383,0.04943,0.028075,0.029625,0.0,0.03219,0.033452,0.030392,0.031957,0.005381
2020-01-14 23:00:00,21.23,21.22,22.78,21.81,21.55,22.42,21.53,23.01,22.47,21.23,-3.82,0.0,1.0,1.0,1.0,1.0,0.0,1.0,1.0,1.0,1.0,1.0,36.0,21.0,23.0,1347.01,1418.19,951.47,1152.94,0.0,1090.78,1235.76,979.11,1109.71,284.78,29.2,29.14,27.89,26.69,36.0,27.89,27.16,28.29,27.69,23.34,0.047383,0.04943,0.028075,0.029625,0.0,0.03219,0.033452,0.030392,0.031957,0.005381
2020-01-14 23:15:00,21.22,21.21,22.77,21.87,21.56,22.46,21.24,23.04,22.54,21.19,-3.88,0.0,1.0,1.0,1.0,1.0,0.0,1.0,0.0,0.989,1.0,0.0,36.0,21.0,23.0,1348.8,1419.34,951.5,1143.9,0.0,1085.78,0.0,967.49,1099.68,0.0,29.19,29.13,27.89,26.76,36.0,27.93,36.0,28.3,27.77,36.0,0.047383,0.04943,0.028075,0.029625,0.0,0.03219,0.0,0.030063,0.031957,0.0
2020-01-14 23:30:00,21.26,21.25,22.8,21.95,21.57,22.5,20.79,23.06,22.59,21.08,-3.94,0.0,1.0,1.0,1.0,1.0,0.0,1.0,0.0,0.989,1.0,0.0,36.0,21.0,23.0,1401.56,1473.4,974.61,1162.06,0.0,1080.96,0.0,966.1,1091.09,0.0,28.92,28.87,27.7,26.62,36.0,27.97,36.0,28.31,27.83,36.0,0.047383,0.04943,0.028075,0.029625,0.0,0.03219,0.0,0.030063,0.031957,0.0
2020-01-14 23:45:00,21.27,21.27,22.82,22.02,21.6,22.55,20.25,23.09,22.64,20.96,-4.0,0.0,1.0,1.0,1.0,1.0,0.0,1.0,0.0,0.989,1.0,0.0,36.0,21.0,23.0,1402.75,1473.93,974.22,1153.0,0.0,1076.51,0.0,964.35,1083.88,0.0,28.92,28.87,27.7,26.69,36.0,28.0,36.0,28.33,27.89,36.0,0.047383,0.04943,0.028075,0.029625,0.0,0.03219,0.0,0.030063,0.031957,0.0
2020-01-15 00:00:00,21.27,21.27,22.83,22.08,21.61,22.58,19.8,23.11,22.69,20.85,-4.04,0.0,1.0,1.0,1.0,1.0,0.0,1.0,0.0,0.989,1.0,0.0,36.0,15.0,30.0,1403.25,1473.84,973.78,1144.31,0.0,1072.47,0.0,962.64,1077.77,0.0,28.92,28.87,27.7,26.76,36.0,28.03,36.0,28.34,27.93,36.0,0.047383,0.04943,0.028075,0.029625,0.0,0.03219,0.0,0.030063,0.031957,0.0
2020-01-15 00:15:00,20.2,20.21,22.07,21.26,21.11,22.35,19.49,22.88,22.46,20.76,-4.08,0.0,0.0,0.0,0.0,0.0,0.0,0.0,0.0,0.0,0.0,0.0,28.21,15.0,30.0,0.0,0.0,0.0,0.0,0.0,0.0,0.0,0.0,0.0,0.0,36.0,36.0,36.0,36.0,36.0,36.0,36.0,36.0,36.0,36.0,0.0,0.0,0.0,0.0,0.0,0.0,0.0,0.0,0.0,0.0
2020-01-15 00:30:00,19.56,19.58,21.48,20.55,20.47,21.85,19.14,22.37,21.94,20.65,-4.12,0.0,0.0,0.0,0.0,0.0,0.0,0.0,0.0,0.0,0.0,0.0,28.21,15.0,30.0,0.0,0.0,0.0,0.0,0.0,0.0,0.0,0.0,0.0,0.0,36.0,36.0,36.0,36.0,36.0,36.0,36.0,36.0,36.0,36.0,0.0,0.0,0.0,0.0,0.0,0.0,0.0,0.0,0.0,0.0
2020-01-15 00:45:00,19.25,19.27,21.22,20.3,20.19,21.34,18.85,21.87,21.42,20.56,-4.17,0.0,0.0,0.0,0.0,0.0,0.0,0.0,0.0,0.0,0.0,0.0,28.21,15.0,30.0,0.0,0.0,0.0,0.0,0.0,0.0,0.0,0.0,0.0,0.0,36.0,36.0,36.0,36.0,36.0,36.0,36.0,36.0,36.0,36.0,0.0,0.0,0.0,0.0,0.0,0.0,0.0,0.0,0.0,0.0
2020-01-15 01:00:00,18.99,19.01,20.99,20.1,19.98,20.88,18.58,21.45,21.0,20.47,-4.21,0.0,0.0,0.0,0.0,0.0,0.0,0.0,0.0,0.0,0.0,0.0,28.21,15.0,30.0,0.0,0.0,0.0,0.0,0.0,0.0,0.0,0.0,0.0,0.0,36.0,36.0,36.0,36.0,36.0,36.0,36.0,36.0,36.0,36.0,0.0,0.0,0.0,0.0,0.0,0.0,0.0,0.0,0.0,0.0
2020-01-15 01:15:00,18.74,18.77,20.79,19.92,19.78,20.51,18.34,21.09,20.64,20.39,-4.25,0.0,0.0,0.0,0.0,0.0,0.0,0.0,0.0,0.0,0.0,0.0,28.21,15.0,30.0,0.0,0.0,0.0,0.0,0.0,0.0,0.0,0.0,0.0,0.0,36.0,36.0,36.0,36.0,36.0,36.0,36.0,36.0,36.0,36.0,0.0,0.0,0.0,0.0,0.0,0.0,0.0,0.0,0.0,0.0
2020-01-15 01:30:00,18.48,18.51,20.56,19.72,19.7,20.18,18.08,20.77,20.31,20.29,-4.29,0.0,0.0,0.0,0.0,0.0,0.0,0.0,0.0,0.0,0.0,0.0,28.21,15.0,30.0,0.0,0.0,0.0,0.0,0.0,0.0,0.0,0.0,0.0,0.0,36.0,36.0,36.0,36.0,36.0,36.0,36.0,36.0,36.0,36.0,0.0,0.0,0.0,0.0,0.0,0.0,0.0,0.0,0.0,0.0
2020-01-15 01:45:00,18.3,18.33,20.42,19.57,19.4,19.9,17.9,20.5,20.06,20.23,-4.33,0.0,0.0,0.0,0.0,0.0,0.0,0.0,0.0,0.0,0.0,0.0,28.21,15.0,30.0,0.0,0.0,0.0,0.0,0.0,0.0,0.0,0.0,0.0,0.0,36.0,36.0,36.0,36.0,36.0,36.0,36.0,36.0,36.0,36.0,0.0,0.0,0.0,0.0,0.0,0.0,0.0,0.0,0.0,0.0
2020-01-15 02:00:00,18.04,18.07,20.19,19.36,19.28,19.61,17.66,20.21,19.76,20.14,-4.37,0.0,0.0,0.0,0.0,0.0,0.0,0.0,0.0,0.0,0.0,0.0,28.21,15.0,30.0,0.0,0.0,0.0,0.0,0.0,0.0,0.0,0.0,0.0,0.0,36.0,36.0,36.0,36.0,36.0,36.0,36.0,36.0,36.0,36.0,0.0,0.0,0.0,0.0,0.0,0.0,0.0,0.0,0.0,0.0
2020-01-15 02:15:00,17.84,17.87,20.02,19.18,19.08,19.37,17.47,19.97,19.53,20.06,-4.41,0.0,0.0,0.0,0.0,0.0,0.0,0.0,0.0,0.0,0.0,0.0,28.21,15.0,30.0,0.0,0.0,0.0,0.0,0.0,0.0,0.0,0.0,0.0,0.0,36.0,36.0,36.0,36.0,36.0,36.0,36.0,36.0,36.0,36.0,0.0,0.0,0.0,0.0,0.0,0.0,0.0,0.0,0.0,0.0
2020-01-15 02:30:00,17.63,17.66,19.83,19.02,18.93,19.14,17.28,19.74,19.3,19.99,-4.44,0.0,0.0,0.0,0.0,0.0,0.0,0.0,0.0,0.0,0.0,0.0,28.21,15.0,30.0,0.0,0.0,0.0,0.0,0.0,0.0,0.0,0.0,0.0,0.0,36.0,36.0,36.0,36.0,36.0,36.0,36.0,36.0,36.0,36.0,0.0,0.0,0.0,0.0,0.0,0.0,0.0,0.0,0.0,0.0
2020-01-15 02:45:00,17.45,17.48,19.67,18.86,18.74,18.91,17.1,19.51,19.07,19.91,-4.48,0.0,0.0,0.0,0.0,0.0,0.0,0.0,0.0,0.0,0.0,0.0,28.21,15.0,30.0,0.0,0.0,0.0,0.0,0.0,0.0,0.0,0.0,0.0,0.0,36.0,36.0,36.0,36.0,36.0,36.0,36.0,36.0,36.0,36.0,0.0,0.0,0.0,0.0,0.0,0.0,0.0,0.0,0.0,0.0
2020-01-15 03:00:00,17.24,17.27,19.48,18.69,18.6,18.69,16.91,19.28,18.84,19.84,-4.49,0.0,0.0,0.0,0.0,0.0,0.0,0.0,0.0,0.0,0.0,0.0,28.21,15.0,30.0,0.0,0.0,0.0,0.0,0.0,0.0,0.0,0.0,0.0,0.0,36.0,36.0,36.0,36.0,36.0,36.0,36.0,36.0,36.0,36.0,0.0,0.0,0.0,0.0,0.0,0.0,0.0,0.0,0.0,0.0
2020-01-15 03:15:00,17.06,17.1,19.31,18.52,18.41,18.46,16.73,19.05,18.61,19.77,-4.51,0.0,0.0,0.0,0.0,0.0,0.0,0.0,0.0,0.0,0.0,0.0,28.21,15.0,30.0,0.0,0.0,0.0,0.0,0.0,0.0,0.0,0.0,0.0,0.0,36.0,36.0,36.0,36.0,36.0,36.0,36.0,36.0,36.0,36.0,0.0,0.0,0.0,0.0,0.0,0.0,0.0,0.0,0.0,0.0
2020-01-15 03:30:00,16.86,16.9,19.12,18.35,18.27,18.24,16.55,18.82,18.39,19.7,-4.52,0.0,0.0,0.0,0.0,0.0,0.0,0.0,0.0,0.0,0.0,0.0,28.21,15.0,30.0,0.0,0.0,0.0,0.0,0.0,0.0,0.0,0.0,0.0,0.0,36.0,36.0,36.0,36.0,36.0,36.0,36.0,36.0,36.0,36.0,0.0,0.0,0.0,0.0,0.0,0.0,0.0,0.0,0.0,0.0
2020-01-15 03:45:00,16.69,16.73,18.96,18.19,18.09,18.03,16.37,18.6,18.17,19.63,-4.54,0.0,0.0,0.0,0.0,0.0,0.0,0.0,0.0,0.0,0.0,0.0,28.21,15.0,30.0,0.0,0.0,0.0,0.0,0.0,0.0,0.0,0.0,0.0,0.0,36.0,36.0,36.0,36.0,36.0,36.0,36.0,36.0,36.0,36.0,0.0,0.0,0.0,0.0,0.0,0.0,0.0,0.0,0.0,0.0
2020-01-15 04:00:00,16.5,16.53,18.78,18.05,17.95,17.83,16.17,18.4,18.01,19.56,-4.55,0.0,0.0,0.0,0.0,0.0,0.0,0.0,0.0,0.0,0.0,0.0,28.21,15.0,30.0,0.0,0.0,0.0,0.0,0.0,0.0,0.0,0.0,0.0,0.0,36.0,36.0,36.0,36.0,36.0,36.0,36.0,36.0,36.0,36.0,0.0,0.0,0.0,0.0,0.0,0.0,0.0,0.0,0.0,0.0
2020-01-15 04:15:00,16.35,16.37,18.63,17.91,17.77,17.64,16.01,18.2,17.83,19.49,-4.57,0.0,0.0,0.0,0.0,0.0,0.0,0.0,0.0,0.0,0.0,0.0,28.21,15.0,30.0,0.0,0.0,0.0,0.0,0.0,0.0,0.0,0.0,0.0,0.0,36.0,36.0,36.0,36.0,36.0,36.0,36.0,36.0,36.0,36.0,0.0,0.0,0.0,0.0,0.0,0.0,0.0,0.0,0.0,0.0
2020-01-15 04:30:00,16.17,16.19,18.47,17.77,17.64,17.46,15.85,18.02,17.65,19.42,-4.58,0.0,0.0,0.0,0.0,0.0,0.0,0.0,0.0,0.0,0.0,0.0,28.21,15.0,30.0,0.0,0.0,0.0,0.0,0.0,0.0,0.0,0.0,0.0,0.0,36.0,36.0,36.0,36.0,36.0,36.0,36.0,36.0,36.0,36.0,0.0,0.0,0.0,0.0,0.0,0.0,0.0,0.0,0.0,0.0
2020-01-15 04:45:00,16.03,16.05,18.33,17.64,17.48,17.29,15.69,17.83,17.47,19.36,-4.6,0.0,0.0,0.0,0.0,0.0,0.0,0.0,0.0,0.0,0.0,0.0,28.21,15.0,30.0,0.0,0.0,0.0,0.0,0.0,0.0,0.0,0.0,0.0,0.0,36.0,36.0,36.0,36.0,36.0,36.0,36.0,36.0,36.0,36.0,0.0,0.0,0.0,0.0,0.0,0.0,0.0,0.0,0.0,0.0
2020-01-15 05:00:00,15.86,15.88,18.18,17.51,17.36,17.12,15.55,17.66,17.31,19.29,-4.62,0.0,0.0,0.0,0.0,0.0,0.0,0.0,0.0,0.0,0.0,0.0,28.21,15.0,30.0,0.0,0.0,0.0,0.0,0.0,0.0,0.0,0.0,0.0,0.0,36.0,36.0,36.0,36.0,36.0,36.0,36.0,36.0,36.0,36.0,0.0,0.0,0.0,0.0,0.0,0.0,0.0,0.0,0.0,0.0
2020-01-15 05:15:00,15.73,15.74,18.05,17.39,17.2,16.96,15.41,17.5,17.15,19.23,-4.64,0.0,0.0,0.0,0.0,0.0,0.0,0.0,0.0,0.0,0.0,0.0,28.21,15.0,30.0,0.0,0.0,0.0,0.0,0.0,0.0,0.0,0.0,0.0,0.0,36.0,36.0,36.0,36.0,36.0,36.0,36.0,36.0,36.0,36.0,0.0,0.0,0.0,0.0,0.0,0.0,0.0,0.0,0.0,0.0
2020-01-15 05:30:00,15.56,15.59,17.93,17.26,17.08,16.77,15.27,17.37,17.0,19.16,-4.67,0.0,0.0,0.0,0.0,0.0,0.0,0.0,0.0,0.0,0.0,0.0,28.21,15.0,30.0,0.0,0.0,0.0,0.0,0.0,0.0,0.0,0.0,0.0,0.0,36.0,36.0,36.0,36.0,36.0,36.0,36.0,36.0,36.0,36.0,0.0,0.0,0.0,0.0,0.0,0.0,0.0,0.0,0.0,0.0
2020-01-15 05:45:00,15.43,15.46,17.81,17.14,16.94,16.63,15.14,17.21,16.84,19.1,-4.69,0.0,0.0,0.0,0.0,0.0,0.0,0.0,0.0,0.0,0.0,0.0,28.21,15.0,30.0,0.0,0.0,0.0,0.0,0.0,0.0,0.0,0.0,0.0,0.0,36.0,36.0,36.0,36.0,36.0,36.0,36.0,36.0,36.0,36.0,0.0,0.0,0.0,0.0,0.0,0.0,0.0,0.0,0.0,0.0
2020-01-15 06:00:00,15.28,15.32,17.67,17.02,16.82,16.48,15.01,17.07,16.7,19.04,-4.7,0.0,0.0,0.0,0.0,0.0,0.0,0.0,0.0,0.0,0.0,0.0,28.21,15.0,30.0,0.0,0.0,0.0,0.0,0.0,0.0,0.0,0.0,0.0,0.0,36.0,36.0,36.0,36.0,36.0,36.0,36.0,36.0,36.0,36.0,0.0,0.0,0.0,0.0,0.0,0.0,0.0,0.0,0.0,0.0
2020-01-15 06:15:00,15.16,15.19,17.56,16.91,16.68,16.34,15.04,16.92,16.55,18.97,-4.71,0.0,0.0,0.0,0.0,0.0,0.0,0.0,0.235,0.0,0.0,0.0,36.0,15.0,30.0,0.0,0.0,0.0,0.0,0.0,0.0,624.72,0.0,0.0,0.0,36.0,36.0,36.0,36.0,36.0,36.0,16.98,36.0,36.0,36.0,0.0,0.0,0.0,0.0,0.0,0.0,0.007856,0.0,0.0,0.0
2020-01-15 06:30:00,15.02,15.05,17.43,16.79,16.57,16.19,15.18,16.78,16.41,18.91,-4.71,0.0,0.0,0.0,0.0,0.0,0.0,0.0,0.235,0.0,0.0,0.0,36.0,15.0,30.0,0.0,0.0,0.0,0.0,0.0,0.0,606.07,0.0,0.0,0.0,36.0,36.0,36.0,36.0,36.0,36.0,17.54,36.0,36.0,36.0,0.0,0.0,0.0,0.0,0.0,0.0,0.007856,0.0,0.0,0.0
2020-01-15 06:45:00,14.89,14.93,17.31,16.68,16.43,16.06,15.32,16.64,16.27,18.85,-4.72,0.0,0.0,0.0,0.0,0.0,0.0,0.0,0.235,0.0,0.0,0.0,36.0,15.0,30.0,0.0,0.0,0.0,0.0,0.0,0.0,593.61,0.0,0.0,0.0,36.0,36.0,36.0,36.0,36.0,36.0,17.92,36.0,36.0,36.0,0.0,0.0,0.0,0.0,0.0,0.0,0.007856,0.0,0.0,0.0
2020-01-15 07:00:00,14.77,14.79,17.16,16.56,16.32,15.94,15.41,16.46,16.13,18.78,-4.73,0.0,0.0,0.0,0.0,0.0,0.0,0.0,0.235,0.0,0.0,0.0,36.0,15.0,30.0,0.0,0.0,0.0,0.0,0.0,0.0,584.72,0.0,0.0,0.0,36.0,36.0,36.0,36.0,36.0,36.0,18.19,36.0,36.0,36.0,0.0,0.0,0.0,0.0,0.0,0.0,0.007856,0.0,0.0,0.0
2020-01-15 07:15:00,15.45,15.16,17.05,16.46,16.36,15.79,15.32,16.33,16.01,18.74,-4.75,0.0,0.498,0.265,0.0,0.0,0.0,0.0,0.0,0.0,0.0,0.0,36.0,15.0,30.0,1332.1,849.7,0.0,0.0,0.0,0.0,0.0,0.0,0.0,0.0,22.5,20.47,36.0,36.0,36.0,36.0,36.0,36.0,36.0,36.0,0.023604,0.01309,0.0,0.0,0.0,0.0,0.0,0.0,0.0,0.0
2020-01-15 07:30:00,15.91,15.38,17.0,16.37,16.52,15.64,15.11,16.17,15.85,18.67,-4.76,0.0,0.498,0.265,0.0,0.0,0.0,0.0,0.0,0.0,0.0,0.0,36.0,15.0,30.0,1356.06,859.86,0.0,0.0,0.0,0.0,0.0,0.0,0.0,0.0,22.26,20.29,36.0,36.0,36.0,36.0,36.0,36.0,36.0,36.0,0.023604,0.01309,0.0,0.0,0.0,0.0,0.0,0.0,0.0,0.0
2020-01-15 07:45:00,15.99,15.41,16.93,16.28,16.54,15.5,14.86,16.01,15.7,18.6,-4.78,0.0,0.498,0.265,0.0,0.0,0.0,0.0,0.0,0.0,0.0,0.0,36.0,15.0,30.0,1313.39,848.45,0.0,0.0,0.0,0.0,0.0,0.0,0.0,0.0,22.69,20.49,36.0,36.0,36.0,36.0,36.0,36.0,36.0,36.0,0.023604,0.01309,0.0,0.0,0.0,0.0,0.0,0.0,0.0,0.0
2020-01-15 08:00:00,16.09,15.45,16.87,16.21,16.51,15.39,14.71,15.91,15.6,18.54,-4.72,0.0,0.498,0.265,0.0,0.0,0.0,0.0,0.0,0.0,0.0,0.0,36.0,15.0,30.0,1299.14,844.56,0.0,0.0,0.0,0.0,0.0,0.0,0.0,0.0,22.83,20.56,36.0,36.0,36.0,36.0,36.0,36.0,36.0,36.0,0.023604,0.01309,0.0,0.0,0.0,0.0,0.0,0.0,0.0,0.0
2020-01-15 08:15:00,15.22,14.93,16.82,16.16,16.28,15.31,15.06,15.84,15.52,18.49,-4.66,6.7,0.0,0.0,0.0,0.0,0.0,0.0,0.936,0.0,0.0,0.0,36.0,15.0,30.0,0.0,0.0,0.0,0.0,0.0,0.0,2203.67,0.0,0.0,0.0,36.0,36.0,36.0,36.0,36.0,36.0,19.16,36.0,36.0,36.0,0.0,0.0,0.0,0.0,0.0,0.0,0.031307,0.0,0.0,0.0
2020-01-15 08:30:00,14.87,14.65,16.69,16.07,15.99,15.23,15.92,15.77,15.45,18.43,-4.6,83.5,0.0,0.0,0.0,0.0,0.0,0.0,0.936,0.0,0.0,0.0,36.0,15.0,30.0,0.0,0.0,0.0,0.0,0.0,0.0,1936.48,0.0,0.0,0.0,36.0,36.0,36.0,36.0,36.0,36.0,21.2,36.0,36.0,36.0,0.0,0.0,0.0,0.0,0.0,0.0,0.031307,0.0,0.0,0.0
2020-01-15 08:45:00,14.83,14.6,16.62,16.03,15.91,15.19,16.79,15.73,15.4,18.37,-4.54,160.3,0.0,0.0,0.0,0.0,0.0,0.0,0.936,0.0,0.0,0.0,36.0,15.0,30.0,0.0,0.0,0.0,0.0,0.0,0.0,1773.14,0.0,0.0,0.0,36.0,36.0,36.0,36.0,36.0,36.0,22.45,36.0,36.0,36.0,0.0,0.0,0.0,0.0,0.0,0.0,0.031307,0.0,0.0,0.0
2020-01-15 09:00:00,14.85,14.59,16.59,16.01,15.88,15.17,17.49,15.72,15.37,18.31,-4.18,237.1,0.0,0.0,0.0,0.0,0.0,0.0,0.936,0.0,0.0,0.0,36.0,15.0,30.0,0.0,0.0,0.0,0.0,0.0,0.0,1661.78,0.0,0.0,0.0,36.0,36.0,36.0,36.0,36.0,36.0,23.3,36.0,36.0,36.0,0.0,0.0,0.0,0.0,0.0,0.0,0.031307,0.0,0.0,0.0
2020-01-15 09:15:00,15.67,15.53,16.9,16.01,16.18,15.21,17.57,16.08,15.36,18.26,-3.82,313.9,0.455,0.585,0.0,0.0,0.0,0.0,0.0,0.0,0.0,0.0,36.0,15.0,30.0,1167.11,1527.27,0.0,0.0,0.0,0.0,0.0,0.0,0.0,0.0,23.06,23.36,36.0,36.0,36.0,36.0,36.0,36.0,36.0,36.0,0.021583,0.028917,0.0,0.0,0.0,0.0,0.0,0.0,0.0,0.0
2020-01-15 09:30:00,16.33,16.33,17.62,16.1,16.65,15.38,17.36,16.66,15.37,18.2,-3.46,334.8,0.455,0.585,0.0,0.0,0.0,0.0,0.0,0.0,0.0,0.0,36.0,15.0,30.0,1170.9,1528.96,0.0,0.0,0.0,0.0,0.0,0.0,0.0,0.0,23.02,23.35,36.0,36.0,36.0,36.0,36.0,36.0,36.0,36.0,0.021583,0.028917,0.0,0.0,0.0,0.0,0.0,0.0,0.0,0.0
2020-01-15 09:45:00,16.59,16.64,18.46,16.23,17.03,15.62,17.18,17.18,15.39,18.14,-3.1,355.8,0.455,0.585,0.0,0.0,0.0,0.0,0.0,0.0,0.0,0.0,36.0,15.0,30.0,1155.54,1499.34,0.0,0.0,0.0,0.0,0.0,0.0,0.0,0.0,23.19,23.6,36.0,36.0,36.0,36.0,36.0,36.0,36.0,36.0,0.021583,0.028917,0.0,0.0,0.0,0.0,0.0,0.0,0.0,0.0
2020-01-15 10:00:00,16.79,16.87,18.95,16.34,17.29,15.83,17.0,17.65,15.43,18.08,-2.79,376.7,0.455,0.585,0.0,0.0,0.0,0.0,0.0,0.0,0.0,0.0,36.0,15.0,30.0,1145.25,1477.92,0.0,0.0,0.0,0.0,0.0,0.0,0.0,0.0,23.31,23.77,36.0,36.0,36.0,36.0,36.0,36.0,36.0,36.0,0.021583,0.028917,0.0,0.0,0.0,0.0,0.0,0.0,0.0,0.0
2020-01-15 10:15:00,16.12,16.06,19.24,16.42,17.23,16.05,16.81,18.06,15.5,18.02,-2.47,397.6,0.0,0.0,0.0,0.0,0.0,0.0,0.0,0.0,0.0,0.0,23.56,15.0,30.0,0.0,0.0,0.0,0.0,0.0,0.0,0.0,0.0,0.0,0.0,36.0,36.0,36.0,36.0,36.0,36.0,36.0,36.0,36.0,36.0,0.0,0.0,0.0,0.0,0.0,0.0,0.0,0.0,0.0,0.0
2020-01-15 10:30:00,15.88,15.79,19.35,16.38,17.09,16.28,16.6,18.5,15.59,17.96,-2.15,402.7,0.0,0.0,0.0,0.0,0.0,0.0,0.0,0.0,0.0,0.0,23.56,15.0,30.0,0.0,0.0,0.0,0.0,0.0,0.0,0.0,0.0,0.0,0.0,36.0,36.0,36.0,36.0,36.0,36.0,36.0,36.0,36.0,36.0,0.0,0.0,0.0,0.0,0.0,0.0,0.0,0.0,0.0,0.0
2020-01-15 10:45:00,15.9,15.8,19.52,16.39,17.12,16.47,16.44,18.87,15.68,17.9,-1.84,407.7,0.0,0.0,0.0,0.0,0.0,0.0,0.0,0.0,0.0,0.0,23.56,15.0,30.0,0.0,0.0,0.0,0.0,0.0,0.0,0.0,0.0,0.0,0.0,36.0,36.0,36.0,36.0,36.0,36.0,36.0,36.0,36.0,36.0,0.0,0.0,0.0,0.0,0.0,0.0,0.0,0.0,0.0,0.0
2020-01-15 11:00:00,15.96,15.86,19.7,16.47,17.19,16.66,16.31,19.2,15.8,17.85,-1.58,412.8,0.0,0.0,0.0,0.0,0.0,0.0,0.0,0.0,0.0,0.0,23.56,15.0,30.0,0.0,0.0,0.0,0.0,0.0,0.0,0.0,0.0,0.0,0.0,36.0,36.0,36.0,36.0,36.0,36.0,36.0,36.0,36.0,36.0,0.0,0.0,0.0,0.0,0.0,0.0,0.0,0.0,0.0,0.0
2020-01-15 11:15:00,15.99,15.88,19.91,16.59,17.28,16.85,16.22,19.5,15.95,17.79,-1.32,417.8,0.0,0.0,0.0,0.0,0.0,0.0,0.0,0.0,0.0,0.0,23.56,15.0,30.0,0.0,0.0,0.0,0.0,0.0,0.0,0.0,0.0,0.0,0.0,36.0,36.0,36.0,36.0,36.0,36.0,36.0,36.0,36.0,36.0,0.0,0.0,0.0,0.0,0.0,0.0,0.0,0.0,0.0,0.0
2020-01-15 11:30:00,16.01,15.89,20.15,16.75,17.37,17.04,16.14,19.81,16.13,17.74,-1.06,434.5,0.0,0.0,0.0,0.0,0.0,0.0,0.0,0.0,0.0,0.0,23.56,15.0,30.0,0.0,0.0,0.0,0.0,0.0,0.0,0.0,0.0,0.0,0.0,36.0,36.0,36.0,36.0,36.0,36.0,36.0,36.0,36.0,36.0,0.0,0.0,0.0,0.0,0.0,0.0,0.0,0.0,0.0,0.0
2020-01-15 11:45:00,16.04,15.9,20.39,16.95,17.47,17.24,16.07,20.12,16.34,17.68,-0.8,451.3,0.0,0.0,0.0,0.0,0.0,0.0,0.0,0.0,0.0,0.0,23.56,15.0,30.0,0.0,0.0,0.0,0.0,0.0,0.0,0.0,0.0,0.0,0.0,36.0,36.0,36.0,36.0,36.0,36.0,36.0,36.0,36.0,36.0,0.0,0.0,0.0,0.0,0.0,0.0,0.0,0.0,0.0,0.0
2020-01-15 12:00:00,16.06,15.91,20.63,17.2,17.57,17.45,16.02,20.42,16.6,17.63,-0.57,468.0,0.0,0.0,0.0,0.0,0.0,0.0,0.0,0.0,0.0,0.0,23.56,15.0,30.0,0.0,0.0,0.0,0.0,0.0,0.0,0.0,0.0,0.0,0.0,36.0,36.0,36.0,36.0,36.0,36.0,36.0,36.0,36.0,36.0,0.0,0.0,0.0,0.0,0.0,0.0,0.0,0.0,0.0,0.0
2020-01-15 12:15:00,16.11,15.95,20.9,17.52,17.57,17.59,15.96,20.73,16.91,17.57,-0.34,484.7,0.0,0.0,0.0,0.0,0.0,0.0,0.0,0.0,0.0,0.0,23.56,15.0,30.0,0.0,0.0,0.0,0.0,0.0,0.0,0.0,0.0,0.0,0.0,36.0,36.0,36.0,36.0,36.0,36.0,36.0,36.0,36.0,36.0,0.0,0.0,0.0,0.0,0.0,0.0,0.0,0.0,0.0,0.0
2020-01-15 12:30:00,16.03,15.86,20.97,17.8,17.83,17.84,15.92,20.92,17.17,17.51,-0.1,498.9,0.0,0.0,0.0,0.0,0.0,0.0,0.0,0.0,0.0,0.0,23.56,15.0,30.0,0.0,0.0,0.0,0.0,0.0,0.0,0.0,0.0,0.0,0.0,36.0,36.0,36.0,36.0,36.0,36.0,36.0,36.0,36.0,36.0,0.0,0.0,0.0,0.0,0.0,0.0,0.0,0.0,0.0,0.0
2020-01-15 12:45:00,16.1,15.92,21.22,18.11,17.81,18.03,15.88,21.2,17.49,17.47,0.13,513.0,0.0,0.0,0.0,0.0,0.0,0.0,0.0,0.0,0.0,0.0,23.56,15.0,30.0,0.0,0.0,0.0,0.0,0.0,0.0,0.0,0.0,0.0,0.0,36.0,36.0,36.0,36.0,36.0,36.0,36.0,36.0,36.0,36.0,0.0,0.0,0.0,0.0,0.0,0.0,0.0,0.0,0.0,0.0
2020-01-15 13:00:00,16.13,15.94,21.41,18.51,17.93,18.25,15.83,21.48,17.91,17.42,0.3,527.1,0.0,0.0,0.0,0.0,0.0,0.0,0.0,0.0,0.0,0.0,23.56,15.0,30.0,0.0,0.0,0.0,0.0,0.0,0.0,0.0,0.0,0.0,0.0,36.0,36.0,36.0,36.0,36.0,36.0,36.0,36.0,36.0,36.0,0.0,0.0,0.0,0.0,0.0,0.0,0.0,0.0,0.0,0.0
2020-01-15 13:15:00,16.17,15.97,21.57,18.9,18.04,18.46,15.78,21.72,18.36,17.36,0.47,541.3,0.0,0.0,0.0,0.0,0.0,0.0,0.0,0.0,0.0,0.0,23.56,15.0,30.0,0.0,0.0,0.0,0.0,0.0,0.0,0.0,0.0,0.0,0.0,36.0,36.0,36.0,36.0,36.0,36.0,36.0,36.0,36.0,36.0,0.0,0.0,0.0,0.0,0.0,0.0,0.0,0.0,0.0,0.0
2020-01-15 13:30:00,16.21,16.01,21.67,19.24,18.14,18.62,15.73,21.9,18.82,17.31,0.65,533.9,0.0,0.0,0.0,0.0,0.0,0.0,0.0,0.0,0.0,0.0,23.56,15.0,30.0,0.0,0.0,0.0,0.0,0.0,0.0,0.0,0.0,0.0,0.0,36.0,36.0,36.0,36.0,36.0,36.0,36.0,36.0,36.0,36.0,0.0,0.0,0.0,0.0,0.0,0.0,0.0,0.0,0.0,0.0
2020-01-15 13:45:00,16.23,16.03,21.74,19.54,18.22,18.77,15.68,22.02,19.26,17.26,0.82,526.6,0.0,0.0,0.0,0.0,0.0,0.0,0.0,0.0,0.0,0.0,23.56,15.0,30.0,0.0,0.0,0.0,0.0,0.0,0.0,0.0,0.0,0.0,0.0,36.0,36.0,36.0,36.0,36.0,36.0,36.0,36.0,36.0,36.0,0.0,0.0,0.0,0.0,0.0,0.0,0.0,0.0,0.0,0.0
2020-01-15 14:00:00,16.23,16.03,21.77,19.81,18.29,18.89,15.6,22.09,19.64,17.21,0.88,519.2,0.0,0.0,0.0,0.0,0.0,0.0,0.0,0.0,0.0,0.0,23.56,15.0,30.0,0.0,0.0,0.0,0.0,0.0,0.0,0.0,0.0,0.0,0.0,36.0,36.0,36.0,36.0,36.0,36.0,36.0,36.0,36.0,36.0,0.0,0.0,0.0,0.0,0.0,0.0,0.0,0.0,0.0,0.0
2020-01-15 14:15:00,16.22,16.02,21.77,20.06,18.34,18.99,15.52,22.12,19.99,17.15,0.94,511.9,0.0,0.0,0.0,0.0,0.0,0.0,0.0,0.0,0.0,0.0,23.56,15.0,30.0,0.0,0.0,0.0,0.0,0.0,0.0,0.0,0.0,0.0,0.0,36.0,36.0,36.0,36.0,36.0,36.0,36.0,36.0,36.0,36.0,0.0,0.0,0.0,0.0,0.0,0.0,0.0,0.0,0.0,0.0
2020-01-15 14:30:00,16.21,16.01,21.75,20.31,18.38,19.08,15.44,22.13,20.32,17.1,1.01,512.4,0.0,0.0,0.0,0.0,0.0,0.0,0.0,0.0,0.0,0.0,23.56,15.0,30.0,0.0,0.0,0.0,0.0,0.0,0.0,0.0,0.0,0.0,0.0,36.0,36.0,36.0,36.0,36.0,36.0,36.0,36.0,36.0,36.0,0.0,0.0,0.0,0.0,0.0,0.0,0.0,0.0,0.0,0.0
2020-01-15 14:45:00,16.2,16.0,21.71,20.58,18.42,19.17,15.36,22.11,20.65,17.05,1.07,513.0,0.0,0.0,0.0,0.0,0.0,0.0,0.0,0.0,0.0,0.0,23.56,15.0,30.0,0.0,0.0,0.0,0.0,0.0,0.0,0.0,0.0,0.0,0.0,36.0,36.0,36.0,36.0,36.0,36.0,36.0,36.0,36.0,36.0,0.0,0.0,0.0,0.0,0.0,0.0,0.0,0.0,0.0,0.0
2020-01-15 15:00:00,16.18,15.98,21.63,20.82,18.45,19.23,15.26,22.04,20.95,17.0,1.04,513.5,0.0,0.0,0.0,0.0,0.0,0.0,0.0,0.0,0.0,0.0,23.56,15.0,30.0,0.0,0.0,0.0,0.0,0.0,0.0,0.0,0.0,0.0,0.0,36.0,36.0,36.0,36.0,36.0,36.0,36.0,36.0,36.0,36.0,0.0,0.0,0.0,0.0,0.0,0.0,0.0,0.0,0.0,0.0
2020-01-15 15:15:00,16.14,15.95,21.51,21.08,18.45,19.26,15.15,21.92,21.26,16.94,1.01,514.1,0.0,0.0,0.0,0.0,0.0,0.0,0.0,0.0,0.0,0.0,23.56,15.0,30.0,0.0,0.0,0.0,0.0,0.0,0.0,0.0,0.0,0.0,0.0,36.0,36.0,36.0,36.0,36.0,36.0,36.0,36.0,36.0,36.0,0.0,0.0,0.0,0.0,0.0,0.0,0.0,0.0,0.0,0.0
2020-01-15 15:30:00,16.07,15.88,21.26,20.99,18.5,19.3,15.03,21.72,21.33,16.89,0.98,432.6,0.0,0.0,0.0,0.0,0.0,0.0,0.0,0.0,0.0,0.0,23.56,15.0,30.0,0.0,0.0,0.0,0.0,0.0,0.0,0.0,0.0,0.0,0.0,36.0,36.0,36.0,36.0,36.0,36.0,36.0,36.0,36.0,36.0,0.0,0.0,0.0,0.0,0.0,0.0,0.0,0.0,0.0,0.0
2020-01-15 15:45:00,16.05,15.87,21.06,20.91,18.33,19.22,14.91,21.49,21.34,16.84,0.94,351.1,0.0,0.0,0.0,0.0,0.0,0.0,0.0,0.0,0.0,0.0,23.56,15.0,30.0,0.0,0.0,0.0,0.0,0.0,0.0,0.0,0.0,0.0,0.0,36.0,36.0,36.0,36.0,36.0,36.0,36.0,36.0,36.0,36.0,0.0,0.0,0.0,0.0,0.0,0.0,0.0,0.0,0.0,0.0
2020-01-15 16:00:00,15.89,15.71,20.76,20.71,18.31,19.14,14.77,21.22,21.27,16.79,0.73,269.7,0.0,0.0,0.0,0.0,0.0,0.0,0.0,0.0,0.0,0.0,23.56,15.0,30.0,0.0,0.0,0.0,0.0,0.0,0.0,0.0,0.0,0.0,0.0,36.0,36.0,36.0,36.0,36.0,36.0,36.0,36.0,36.0,36.0,0.0,0.0,0.0,0.0,0.0,0.0,0.0,0.0,0.0,0.0
2020-01-15 16:15:00,15.84,15.67,20.56,20.48,18.07,19.01,15.07,20.94,21.04,16.74,0.51,188.2,0.0,0.0,0.0,0.0,0.0,0.0,0.686,0.0,0.0,0.0,36.0,15.0,30.0,0.0,0.0,0.0,0.0,0.0,0.0,1721.79,0.0,0.0,0.0,36.0,36.0,36.0,36.0,36.0,36.0,18.05,36.0,36.0,36.0,0.0,0.0,0.0,0.0,0.0,0.0,0.022945,0.0,0.0,0.0
2020-01-15 16:30:00,15.65,15.48,20.25,20.16,17.88,18.76,15.6,20.63,20.76,16.71,0.3,141.1,0.0,0.0,0.0,0.0,0.0,0.0,0.686,0.0,0.0,0.0,36.0,15.0,30.0,0.0,0.0,0.0,0.0,0.0,0.0,1558.5,0.0,0.0,0.0,36.0,36.0,36.0,36.0,36.0,36.0,19.75,36.0,36.0,36.0,0.0,0.0,0.0,0.0,0.0,0.0,0.022945,0.0,0.0,0.0
2020-01-15 16:45:00,15.44,15.29,19.88,19.47,17.56,18.46,16.26,20.22,20.17,16.66,0.09,0.0,0.0,0.0,0.0,0.0,0.0,0.0,0.686,0.0,0.0,0.0,36.0,15.0,30.0,0.0,0.0,0.0,0.0,0.0,0.0,1455.76,0.0,0.0,0.0,36.0,36.0,36.0,36.0,36.0,36.0,20.82,36.0,36.0,36.0,0.0,0.0,0.0,0.0,0.0,0.0,0.022945,0.0,0.0,0.0
2020-01-15 17:00:00,15.24,15.1,19.58,19.1,17.31,18.16,16.74,19.86,19.69,16.6,-0.1,0.0,0.0,0.0,0.0,0.0,0.0,0.0,0.686,0.0,0.0,0.0,36.0,15.0,30.0,0.0,0.0,0.0,0.0,0.0,0.0,1385.32,0.0,0.0,0.0,36.0,36.0,36.0,36.0,36.0,36.0,21.56,36.0,36.0,36.0,0.0,0.0,0.0,0.0,0.0,0.0,0.022945,0.0,0.0,0.0
2020-01-15 17:15:00,15.08,14.94,19.31,18.84,17.1,17.9,16.71,19.52,19.29,16.55,-0.28,0.0,0.0,0.0,0.0,0.0,0.0,0.0,0.0,0.0,0.0,0.0,21.22,15.0,30.0,0.0,0.0,0.0,0.0,0.0,0.0,0.0,0.0,0.0,0.0,36.0,36.0,36.0,36.0,36.0,36.0,36.0,36.0,36.0,36.0,0.0,0.0,0.0,0.0,0.0,0.0,0.0,0.0,0.0,0.0
2020-01-15 17:30:00,14.92,14.79,19.07,18.62,16.92,17.66,16.34,19.22,18.96,16.5,-0.46,0.0,0.0,0.0,0.0,0.0,0.0,0.0,0.0,0.0,0.0,0.0,21.22,15.0,30.0,0.0,0.0,0.0,0.0,0.0,0.0,0.0,0.0,0.0,0.0,36.0,36.0,36.0,36.0,36.0,36.0,36.0,36.0,36.0,36.0,0.0,0.0,0.0,0.0,0.0,0.0,0.0,0.0,0.0,0.0
2020-01-15 17:45:00,14.77,14.65,18.84,18.42,16.76,17.44,15.95,18.95,18.66,16.46,-0.65,0.0,0.0,0.0,0.0,0.0,0.0,0.0,0.0,0.0,0.0,0.0,21.22,15.0,30.0,0.0,0.0,0.0,0.0,0.0,0.0,0.0,0.0,0.0,0.0,36.0,36.0,36.0,36.0,36.0,36.0,36.0,36.0,36.0,36.0,0.0,0.0,0.0,0.0,0.0,0.0,0.0,0.0,0.0,0.0
2020-01-15 18:00:00,14.63,14.51,18.61,18.21,16.6,17.22,15.57,18.67,18.37,16.41,-0.74,0.0,0.0,0.0,0.0,0.0,0.0,0.0,0.0,0.0,0.0,0.0,21.22,15.0,30.0,0.0,0.0,0.0,0.0,0.0,0.0,0.0,0.0,0.0,0.0,36.0,36.0,36.0,36.0,36.0,36.0,36.0,36.0,36.0,36.0,0.0,0.0,0.0,0.0,0.0,0.0,0.0,0.0,0.0,0.0
2020-01-15 18:15:00,15.45,15.27,18.44,18.05,16.73,17.0,15.29,18.41,18.11,16.36,-0.83,0.0,0.657,0.603,0.0,0.0,0.0,0.0,0.0,0.0,0.0,0.0,36.0,15.0,30.0,1684.04,1683.06,0.0,0.0,0.0,0.0,0.0,0.0,0.0,0.0,23.06,22.49,36.0,36.0,36.0,36.0,36.0,36.0,36.0,36.0,0.031124,0.029799,0.0,0.0,0.0,0.0,0.0,0.0,0.0,0.0
2020-01-15 18:30:00,16.18,15.95,18.4,17.99,17.03,16.77,15.01,18.14,17.83,16.31,-0.93,0.0,0.657,0.603,0.0,0.0,0.0,0.0,0.0,0.0,0.0,0.0,36.0,15.0,30.0,1722.33,1718.12,0.0,0.0,0.0,0.0,0.0,0.0,0.0,0.0,22.76,22.21,36.0,36.0,36.0,36.0,36.0,36.0,36.0,36.0,0.031124,0.029799,0.0,0.0,0.0,0.0,0.0,0.0,0.0,0.0
2020-01-15 18:45:00,16.29,16.05,18.34,17.92,17.13,16.6,14.76,17.87,17.55,16.26,-1.02,0.0,0.657,0.603,0.0,0.0,0.0,0.0,0.0,0.0,0.0,0.0,36.0,15.0,30.0,1669.71,1670.89,0.0,0.0,0.0,0.0,0.0,0.0,0.0,0.0,23.17,22.59,36.0,36.0,36.0,36.0,36.0,36.0,36.0,36.0,0.031124,0.029799,0.0,0.0,0.0,0.0,0.0,0.0,0.0,0.0
2020-01-15 19:00:00,16.31,16.06,18.21,17.78,17.09,16.39,14.57,17.68,17.35,16.21,-1.13,0.0,0.657,0.603,0.0,0.0,0.0,0.0,0.0,0.0,0.0,0.0,36.0,15.0,30.0,1667.58,1668.79,0.0,0.0,0.0,0.0,0.0,0.0,0.0,0.0,23.18,22.6,36.0,36.0,36.0,36.0,36.0,36.0,36.0,36.0,0.031124,0.029799,0.0,0.0,0.0,0.0,0.0,0.0,0.0,0.0
2020-01-15 19:15:00,15.09,14.95,18.06,17.61,16.61,16.19,14.88,17.52,17.15,16.18,-1.24,0.0,0.0,0.0,0.0,0.0,0.0,0.0,1.0,0.0,0.0,0.0,36.0,15.0,30.0,0.0,0.0,0.0,0.0,0.0,0.0,2348.98,0.0,0.0,0.0,36.0,36.0,36.0,36.0,36.0,36.0,19.2,36.0,36.0,36.0,0.0,0.0,0.0,0.0,0.0,0.0,0.033452,0.0,0.0,0.0
2020-01-15 19:30:00,14.47,14.37,17.72,17.27,16.1,15.98,15.71,17.29,16.91,16.13,-1.35,0.0,0.0,0.0,0.0,0.0,0.0,0.0,1.0,0.0,0.0,0.0,36.0,15.0,30.0,0.0,0.0,0.0,0.0,0.0,0.0,2050.96,0.0,0.0,0.0,36.0,36.0,36.0,36.0,36.0,36.0,21.33,36.0,36.0,36.0,0.0,0.0,0.0,0.0,0.0,0.0,0.033452,0.0,0.0,0.0
2020-01-15 19:45:00,14.27,14.17,17.5,17.05,15.91,15.81,16.57,17.09,16.7,16.08,-1.46,0.0,0.0,0.0,0.0,0.0,0.0,0.0,1.0,0.0,0.0,0.0,36.0,15.0,30.0,0.0,0.0,0.0,0.0,0.0,0.0,1874.38,0.0,0.0,0.0,36.0,36.0,36.0,36.0,36.0,36.0,22.6,36.0,36.0,36.0,0.0,0.0,0.0,0.0,0.0,0.0,0.033452,0.0,0.0,0.0
2020-01-15 20:00:00,14.13,14.04,17.34,16.88,15.77,15.66,17.2,16.92,16.52,16.03,-1.5,0.0,0.0,0.0,0.0,0.0,0.0,0.0,1.0,0.0,0.0,0.0,36.0,15.0,30.0,0.0,0.0,0.0,0.0,0.0,0.0,1758.79,0.0,0.0,0.0,36.0,36.0,36.0,36.0,36.0,36.0,23.42,36.0,36.0,36.0,0.0,0.0,0.0,0.0,0.0,0.0,0.033452,0.0,0.0,0.0
2020-01-15 20:15:00,15.24,15.15,17.28,16.8,16.06,15.53,17.19,16.76,16.36,15.99,-1.54,0.0,1.0,1.0,0.0,0.0,0.0,0.0,0.0,0.0,0.0,0.0,36.0,15.0,30.0,2228.81,2357.66,0.0,0.0,0.0,0.0,0.0,0.0,0.0,0.0,24.75,24.59,36.0,36.0,36.0,36.0,36.0,36.0,36.0,36.0,0.047383,0.04943,0.0,0.0,0.0,0.0,0.0,0.0,0.0,0.0
2020-01-15 20:30:00,16.42,16.34,17.36,16.84,16.57,15.39,16.8,16.6,16.19,15.95,-1.58,0.0,1.0,1.0,0.0,0.0,0.0,0.0,0.0,0.0,0.0,0.0,36.0,15.0,30.0,2288.91,2419.41,0.0,0.0,0.0,0.0,0.0,0.0,0.0,0.0,24.44,24.29,36.0,36.0,36.0,36.0,36.0,36.0,36.0,36.0,0.047383,0.04943,0.0,0.0,0.0,0.0,0.0,0.0,0.0,0.0
2020-01-15 20:45:00,16.73,16.65,17.4,16.83,16.8,15.27,16.32,16.45,16.04,15.9,-1.62,0.0,1.0,1.0,0.0,0.0,0.0,0.0,0.0,0.0,0.0,0.0,36.0,15.0,30.0,2262.71,2390.96,0.0,0.0,0.0,0.0,0.0,0.0,0.0,0.0,24.58,24.43,36.0,36.0,36.0,36.0,36.0,36.0,36.0,36.0,0.047383,0.04943,0.0,0.0,0.0,0.0,0.0,0.0,0.0,0.0
2020-01-15 21:00:00,16.82,16.75,17.33,16.72,16.81,15.14,15.91,16.3,15.88,15.85,-1.72,0.0,1.0,1.0,0.0,0.0,0.0,0.0,0.0,0.0,0.0,0.0,36.0,15.0,30.0,2253.82,2380.65,0.0,0.0,0.0,0.0,0.0,0.0,0.0,0.0,24.62,24.48,36.0,36.0,36.0,36.0,36.0,36.0,36.0,36.0,0.047383,0.04943,0.0,0.0,0.0,0.0,0.0,0.0,0.0,0.0
2020-01-15 21:15:00,15.08,15.03,17.18,16.59,16.24,15.01,15.63,16.16,15.74,15.82,-1.81,0.0,0.0,0.0,0.0,0.0,0.0,0.0,0.0,0.0,0.0,0.0,24.55,15.0,30.0,0.0,0.0,0.0,0.0,0.0,0.0,0.0,0.0,0.0,0.0,36.0,36.0,36.0,36.0,36.0,36.0,36.0,36.0,36.0,36.0,0.0,0.0,0.0,0.0,0.0,0.0,0.0,0.0,0.0,0.0
2020-01-15 21:30:00,14.25,14.19,16.8,16.29,15.64,14.89,15.29,15.99,15.57,15.76,-1.9,0.0,0.0,0.0,0.0,0.0,0.0,0.0,0.0,0.0,0.0,0.0,24.55,15.0,30.0,0.0,0.0,0.0,0.0,0.0,0.0,0.0,0.0,0.0,0.0,36.0,36.0,36.0,36.0,36.0,36.0,36.0,36.0,36.0,36.0,0.0,0.0,0.0,0.0,0.0,0.0,0.0,0.0,0.0,0.0
2020-01-15 21:45:00,14.05,14.0,16.69,16.17,15.48,14.77,15.07,15.88,15.45,15.72,-1.99,0.0,0.0,0.0,0.0,0.0,0.0,0.0,0.0,0.0,0.0,0.0,24.55,15.0,30.0,0.0,0.0,0.0,0.0,0.0,0.0,0.0,0.0,0.0,0.0,36.0,36.0,36.0,36.0,36.0,36.0,36.0,36.0,36.0,36.0,0.0,0.0,0.0,0.0,0.0,0.0,0.0,0.0,0.0,0.0
2020-01-15 22:00:00,13.88,13.83,16.55,16.04,15.35,14.68,14.88,15.75,15.32,15.67,-2.07,0.0,0.0,0.0,0.0,0.0,0.0,0.0,0.0,0.0,0.0,0.0,24.55,15.0,30.0,0.0,0.0,0.0,0.0,0.0,0.0,0.0,0.0,0.0,0.0,36.0,36.0,36.0,36.0,36.0,36.0,36.0,36.0,36.0,36.0,0.0,0.0,0.0,0.0,0.0,0.0,0.0,0.0,0.0,0.0
2020-01-15 22:15:00,15.01,14.96,16.5,15.97,15.59,14.76,15.03,15.68,15.24,15.65,-2.15,0.0,1.0,1.0,0.0,0.0,0.0,0.874,0.571,0.0,0.0,0.0,36.0,15.0,30.0,2256.25,2380.31,0.0,0.0,0.0,2112.48,1409.41,0.0,0.0,0.0,24.61,24.48,36.0,36.0,36.0,18.03,18.34,36.0,36.0,36.0,0.047383,0.04943,0.0,0.0,0.0,0.028127,0.01909,0.0,0.0,0.0
2020-01-15 22:30:00,16.2,16.15,16.56,15.98,16.06,15.3,15.45,15.67,15.19,15.6,-2.22,0.0,1.0,1.0,0.0,0.0,0.0,0.874,0.571,0.0,0.0,0.0,36.0,15.0,30.0,2315.57,2440.89,0.0,0.0,0.0,1857.28,1308.71,0.0,0.0,0.0,24.31,24.19,36.0,36.0,36.0,20.2,19.6,36.0,36.0,36.0,0.047383,0.04943,0.0,0.0,0.0,0.028127,0.01909,0.0,0.0,0.0
2020-01-15 22:45:00,16.52,16.49,16.59,15.94,16.28,15.85,15.96,15.72,15.19,15.56,-2.3,0.0,1.0,1.0,0.0,0.0,0.0,0.874,0.571,0.0,0.0,0.0,36.0,15.0,30.0,2286.43,2409.53,0.0,0.0,0.0,1705.44,1244.75,0.0,0.0,0.0,24.46,24.34,36.0,36.0,36.0,21.49,20.4,36.0,36.0,36.0,0.047383,0.04943,0.0,0.0,0.0,0.028127,0.01909,0.0,0.0,0.0
2020-01-15 23:00:00,16.65,16.62,16.55,15.89,16.3,16.21,16.35,15.73,15.26,15.51,-2.39,0.0,1.0,1.0,0.0,0.0,0.0,0.874,0.571,0.0,0.0,0.0,36.0,15.0,30.0,2272.58,2394.07,0.0,0.0,0.0,1605.76,1199.4,0.0,0.0,0.0,24.53,24.41,36.0,36.0,36.0,22.34,20.97,36.0,36.0,36.0,0.047383,0.04943,0.0,0.0,0.0,0.028127,0.01909,0.0,0.0,0.0
2020-01-15 23:15:00,14.89,14.87,16.46,15.82,15.83,16.15,16.33,15.72,15.27,15.48,-2.48,0.0,0.0,0.0,0.0,0.0,0.0,0.0,0.0,0.0,0.0,0.0,23.6,15.0,30.0,0.0,0.0,0.0,0.0,0.0,0.0,0.0,0.0,0.0,0.0,36.0,36.0,36.0,36.0,36.0,36.0,36.0,36.0,36.0,36.0,0.0,0.0,0.0,0.0,0.0,0.0,0.0,0.0,0.0,0.0
2020-01-15 23:30:00,14.13,14.12,16.17,15.61,15.22,15.84,16.03,15.63,15.17,15.43,-2.58,0.0,0.0,0.0,0.0,0.0,0.0,0.0,0.0,0.0,0.0,0.0,23.6,15.0,30.0,0.0,0.0,0.0,0.0,0.0,0.0,0.0,0.0,0.0,0.0,36.0,36.0,36.0,36.0,36.0,36.0,36.0,36.0,36.0,36.0,0.0,0.0,0.0,0.0,0.0,0.0,0.0,0.0,0.0,0.0
2020-01-15 23:45:00,13.93,13.92,16.06,15.51,15.08,15.54,15.7,15.51,15.02,15.39,-2.67,0.0,0.0,0.0,0.0,0.0,0.0,0.0,0.0,0.0,0.0,0.0,23.6,15.0,30.0,0.0,0.0,0.0,0.0,0.0,0.0,0.0,0.0,0.0,0.0,36.0,36.0,36.0,36.0,36.0,36.0,36.0,36.0,36.0,36.0,0.0,0.0,0.0,0.0,0.0,0.0,0.0,0.0,0.0,0.0
