time,T1,T2,T3,T4,T5,T_amb,irrad,u1,u2,u3,u4,u5
2020-01-03 00:00:00,20.39,19.82,20.41,20.35,19.92,3.31,0.0,0.0,0.38,0.0,0.0,0.153
2020-01-03 00:15:00,20.58,20.46,20.62,21.0,20.16,3.27,0.0,1.0,1.0,1.0,1.0,1.0
2020-01-03 00:30:00,20.64,20.87,20.7,21.43,20.5,3.23,0.0,1.0,1.0,1.0,1.0,1.0
2020-01-03 00:45:00,20.73,21.0,20.82,21.54,20.6,3.19,0.0,1.0,1.0,1.0,1.0,1.0
2020-01-03 01:00:00,20.75,21.09,20.88,21.62,20.69,3.15,0.0,1.0,1.0,1.0,1.0,1.0
2020-01-03 01:15:00,20.78,21.18,20.94,21.69,20.76,3.12,0.0,1.0,1.0,1.0,1.0,1.0
2020-01-03 01:30:00,20.8,21.25,21.0,21.75,20.83,3.08,0.0,1.0,1.0,1.0,1.0,1.0
2020-01-03 01:45:00,20.82,21.34,21.05,21.83,20.9,3.05,0.0,1.0,1.0,1.0,1.0,1.0
2020-01-03 02:00:00,20.83,21.43,21.09,21.91,20.98,3.03,0.0,1.0,1.0,1.0,1.0,1.0
2020-01-03 02:15:00,20.86,21.52,21.14,21.99,21.06,3.01,0.0,1.0,1.0,1.0,1.0,1.0
2020-01-03 02:30:00,20.88,21.61,21.18,22.06,21.14,2.98,0.0,1.0,1.0,1.0,1.0,1.0
2020-01-03 02:45:00,20.9,21.69,21.22,22.14,21.21,2.96,0.0,1.0,1.0,1.0,1.0,1.0
2020-01-03 03:00:00,20.93,21.78,21.26,22.21,21.29,2.94,0.0,1.0,1.0,1.0,1.0,1.0
2020-01-03 03:15:00,20.96,21.86,21.3,22.29,21.37,2.92,0.0,1.0,1.0,1.0,1.0,1.0
2020-01-03 03:30:00,20.99,21.93,21.33,22.36,21.44,2.9,0.0,1.0,1.0,1.0,1.0,1.0
2020-01-03 03:45:00,21.02,22.0,21.37,22.41,21.5,2.88,0.0,1.0,1.0,1.0,1.0,1.0
2020-01-03 04:00:00,21.05,22.06,21.4,22.47,21.56,2.88,0.0,1.0,1.0,1.0,1.0,1.0
2020-01-03 04:15:00,21.07,22.12,21.43,22.52,21.62,2.88,0.0,1.0,1.0,1.0,1.0,1.0
2020-01-03 04:30:00,21.1,22.17,21.46,22.56,21.67,2.88,0.0,1.0,1.0,1.0,1.0,1.0
2020-01-03 04:45:00,21.12,22.23,21.49,22.61,21.72,2.88,0.0,1.0,1.0,1.0,1.0,1.0
2020-01-03 05:00:00,21.15,22.28,21.53,22.66,21.77,2.88,0.0,1.0,1.0,1.0,1.0,1.0
2020-01-03 05:15:00,21.18,22.33,21.56,22.7,21.82,2.88,0.0,1.0,1.0,1.0,1.0,1.0
2020-01-03 05:30:00,21.2,22.37,21.59,22.74,21.87,2.87,0.0,1.0,1.0,1.0,1.0,1.0
2020-01-03 05:45:00,21.22,22.42,21.61,22.78,21.91,2.87,0.0,1.0,1.0,1.0,1.0,1.0
2020-01-03 06:00:00,21.24,22.46,21.64,22.81,21.95,2.86,0.0,1.0,1.0,1.0,1.0,1.0
2020-01-03 06:15:00,21.26,22.5,21.67,22.85,22.0,2.86,0.0,1.0,1.0,1.0,1.0,1.0
2020-01-03 06:30:00,21.28,22.54,21.69,22.88,22.03,2.85,0.0,1.0,1.0,1.0,1.0,1.0
2020-01-03 06:45:00,21.3,22.58,21.72,22.91,22.07,2.84,0.0,1.0,1.0,1.0,1.0,1.0
2020-01-03 07:00:00,21.32,22.61,21.74,22.94,22.11,2.84,0.0,1.0,1.0,1.0,1.0,1.0
2020-01-03 07:15:00,21.34,22.64,21.76,22.96,22.14,2.83,0.0,1.0,1.0,1.0,1.0,1.0
2020-01-03 07:30:00,21.35,22.68,21.78,22.99,22.17,2.83,0.0,1.0,1.0,1.0,1.0,1.0
2020-01-03 07:45:00,21.37,22.71,21.8,23.01,22.21,2.83,0.0,1.0,1.0,1.0,1.0,1.0
2020-01-03 08:00:00,21.39,22.74,21.82,23.04,22.24,2.86,0.0,1.0,1.0,1.0,1.0,1.0
2020-01-03 08:15:00,20.47,21.86,21.03,22.22,21.8,2.9,3.7,0.0,0.0,0.0,0.0,0.0
2020-01-03 08:30:00,20.11,21.23,20.73,21.96,21.28,2.93,80.6,0.0,0.0,0.0,0.0,0.0
2020-01-03 08:45:00,19.93,21.0,20.69,22.3,21.18,2.97,157.5,0.0,0.0,0.0,0.0,0.0
2020-01-03 09:00:00,19.93,20.87,20.71,22.72,21.21,3.3,234.4,0.034,0.0,0.0,0.0,0.0
2020-01-03 09:15:00,19.92,20.8,20.71,23.2,21.28,3.62,311.4,0.036,0.0,0.0,0.0,0.0
2020-01-03 09:30:00,19.92,20.73,20.64,23.49,21.33,3.95,327.7,0.039,0.0,0.0,0.0,0.0
2020-01-03 09:45:00,19.88,20.65,20.52,23.61,21.35,4.28,344.0,0.039,0.0,0.0,0.0,0.0
2020-01-03 10:00:00,19.9,20.58,20.43,23.76,21.31,4.57,360.3,0.059,0.0,0.0,0.0,0.0
2020-01-03 10:15:00,19.83,20.49,20.31,23.87,21.32,4.85,376.6,0.052,0.0,0.0,0.0,0.0
2020-01-03 10:30:00,19.9,20.44,20.3,24.07,21.27,5.14,396.1,0.086,0.0,0.0,0.0,0.0
2020-01-03 10:45:00,19.86,20.38,20.24,24.24,21.34,5.43,415.6,0.048,0.0,0.0,0.0,0.0
2020-01-03 11:00:00,20.02,20.38,20.29,24.47,21.33,5.69,435.2,0.068,0.0,0.0,0.0,0.0
2020-01-03 11:15:00,20.01,20.35,20.24,24.64,21.44,5.95,454.7,0.0,0.0,0.0,0.0,0.0
2020-01-03 11:30:00,20.2,20.35,20.3,24.83,21.43,6.21,456.9,0.0,0.0,0.0,0.0,0.0
2020-01-03 11:45:00,20.33,20.32,20.25,24.9,21.54,6.47,459.1,0.0,0.0,0.0,0.0,0.0
2020-01-03 12:00:00,20.56,20.34,20.3,25.03,21.53,6.65,461.2,0.0,0.0,0.0,0.0,0.0
2020-01-03 12:15:00,20.74,20.31,20.26,25.06,21.63,6.84,463.4,0.0,0.0,0.0,0.0,0.0
2020-01-03 12:30:00,20.96,20.34,20.31,25.06,21.61,7.03,439.5,0.0,0.0,0.0,0.0,0.0
2020-01-03 12:45:00,21.1,20.32,20.28,24.97,21.67,7.22,415.7,0.0,0.0,0.0,0.0,0.0
2020-01-03 13:00:00,21.27,20.33,20.3,24.91,21.62,7.29,391.8,0.0,0.0,0.0,0.0,0.0
2020-01-03 13:15:00,21.4,20.3,20.26,24.79,21.64,7.36,367.9,0.0,0.0,0.0,0.0,0.0
2020-01-03 13:30:00,21.72,20.28,20.25,24.81,21.6,7.42,395.7,0.0,0.0,0.0,0.0,0.0
2020-01-03 13:45:00,22.12,20.26,20.24,24.84,21.62,7.49,423.4,0.0,0.0,0.0,0.0,0.0
2020-01-03 14:00:00,22.51,20.25,20.24,24.84,21.66,7.55,451.1,0.0,0.0,0.0,0.0,0.0
2020-01-03 14:15:00,22.89,20.25,20.24,24.83,21.7,7.61,478.9,0.0,0.0,0.0,0.0,0.0
2020-01-03 14:30:00,23.14,20.24,20.25,24.71,21.72,7.68,460.5,0.0,0.0,0.0,0.0,0.0
2020-01-03 14:45:00,23.31,20.22,20.21,24.53,21.74,7.74,442.2,0.0,0.0,0.0,0.0,0.0
2020-01-03 15:00:00,23.47,20.18,20.19,24.35,21.7,7.67,423.8,0.0,0.0,0.0,0.0,0.0
2020-01-03 15:15:00,23.56,20.11,20.12,24.12,21.68,7.6,405.4,0.0,0.0,0.0,0.0,0.0
2020-01-03 15:30:00,23.34,20.04,20.06,23.83,21.57,7.54,306.1,0.0,0.0,0.0,0.0,0.0
2020-01-03 15:45:00,22.96,19.92,19.93,23.42,21.39,7.47,206.7,0.0,0.0,0.0,0.0,0.0
2020-01-03 16:00:00,22.45,19.81,19.81,23.03,21.19,7.27,107.3,0.0,0.041,0.035,0.0,0.0
2020-01-03 16:15:00,21.82,19.74,19.73,22.67,20.97,7.07,8.0,0.0,0.094,0.094,0.0,0.0
2020-01-03 16:30:00,21.49,19.67,19.68,22.3,20.81,6.87,0.0,0.0,0.13,0.136,0.0,0.0
2020-01-03 16:45:00,21.26,19.65,19.63,22.07,20.67,6.67,0.0,0.0,0.166,0.161,0.0,0.0
2020-01-03 17:00:00,21.03,19.58,19.57,21.84,20.57,6.57,0.0,0.0,0.173,0.183,0.0,0.0
2020-01-03 17:15:00,20.83,19.57,19.54,21.63,20.44,6.47,0.0,0.0,0.21,0.217,0.0,0.0
2020-01-03 17:30:00,20.59,19.53,19.49,21.41,20.36,6.37,0.0,0.0,0.213,0.229,0.0,0.0
2020-01-03 17:45:00,20.35,19.52,19.48,21.22,20.24,6.27,0.0,0.0,0.236,0.257,0.0,0.0
2020-01-03 18:00:00,20.12,19.49,19.43,21.03,20.16,6.15,0.0,0.0,0.239,0.259,0.0,0.0
2020-01-03 18:15:00,19.92,19.49,19.41,20.87,20.07,6.04,0.0,0.0,0.253,0.284,0.0,0.0
2020-01-03 18:30:00,19.81,19.47,19.39,20.7,20.0,5.92,0.0,0.039,0.255,0.293,0.0,0.0
2020-01-03 18:45:00,19.75,19.45,19.38,20.57,19.93,5.81,0.0,0.096,0.264,0.303,0.0,0.0
2020-01-03 19:00:00,19.66,19.48,19.37,20.41,19.89,5.7,0.0,0.124,0.276,0.309,0.0,0.033
2020-01-03 19:15:00,19.64,19.45,19.37,20.29,19.84,5.6,0.0,0.168,0.261,0.313,0.0,0.056
2020-01-03 19:30:00,19.58,19.46,19.36,20.17,19.8,5.49,0.0,0.182,0.273,0.315,0.0,0.08
2020-01-03 19:45:00,19.55,19.46,19.36,20.06,19.77,5.39,0.0,0.209,0.27,0.318,0.0,0.098
2020-01-03 20:00:00,19.51,19.45,19.35,19.95,19.74,5.28,0.0,0.225,0.271,0.318,0.0,0.115
2020-01-03 20:15:00,19.47,19.45,19.35,19.88,19.7,5.17,0.0,0.247,0.275,0.324,0.027,0.13
2020-01-03 20:30:00,19.43,19.44,19.35,19.84,19.69,5.05,0.0,0.264,0.275,0.325,0.061,0.148
2020-01-03 20:45:00,19.41,19.44,19.34,19.8,19.66,4.94,0.0,0.286,0.278,0.327,0.078,0.157
2020-01-03 21:00:00,19.37,19.43,19.33,19.76,19.65,4.8,0.0,0.297,0.278,0.329,0.102,0.168
2020-01-03 21:15:00,19.35,19.43,19.32,19.73,19.63,4.66,0.0,0.313,0.285,0.335,0.119,0.175
2020-01-03 21:30:00,19.32,19.42,19.31,19.7,19.62,4.52,0.0,0.324,0.287,0.338,0.135,0.184
2020-01-03 21:45:00,19.3,19.41,19.31,19.67,19.6,4.38,0.0,0.338,0.292,0.344,0.152,0.19
2020-01-03 22:00:00,19.29,19.41,19.3,19.65,19.59,4.29,0.0,0.349,0.295,0.347,0.166,0.198
2020-01-03 22:15:00,19.29,19.41,19.29,19.63,19.58,4.21,0.0,0.354,0.295,0.348,0.174,0.204
2020-01-03 22:30:00,19.27,19.4,19.3,19.61,19.57,4.12,0.0,0.357,0.297,0.355,0.185,0.208
2020-01-03 22:45:00,19.26,19.4,19.29,19.6,19.57,4.03,0.0,0.366,0.298,0.352,0.194,0.213
2020-01-03 23:00:00,19.24,19.39,19.28,19.58,19.56,3.86,0.0,0.371,0.299,0.356,0.198,0.216
2020-01-03 23:15:00,19.22,19.39,19.27,19.57,19.55,3.69,0.0,0.382,0.304,0.36,0.209,0.22
2020-01-03 23:30:00,19.2,19.38,19.26,19.56,19.54,3.52,0.0,0.389,0.306,0.364,0.215,0.226
2020-01-03 23:45:00,19.19,19.37,19.26,19.54,19.53,3.35,0.0,0.399,0.31,0.368,0.222,0.23
2020-01-04 00:00:00,19.18,19.37,19.26,19.54,19.52,3.28,0.0,0.407,0.313,0.371,0.229,0.234
2020-01-04 00:15:00,19.17,19.37,19.25,19.53,19.52,3.2,0.0,0.41,0.313,0.372,0.23,0.238
2020-01-04 00:30:00,19.16,19.37,19.25,19.52,19.51,3.13,0.0,0.416,0.315,0.374,0.235,0.24
2020-01-04 00:45:00,19.15,19.37,19.25,19.52,19.51,3.06,0.0,0.419,0.315,0.375,0.238,0.244
2020-01-04 01:00:00,19.13,19.36,19.24,19.51,19.5,2.91,0.0,0.427,0.317,0.373,0.241,0.246
2020-01-04 01:15:00,19.12,19.36,19.24,19.5,19.5,2.76,0.0,0.433,0.32,0.38,0.247,0.248
2020-01-04 01:30:00,19.11,19.35,19.23,19.49,19.49,2.61,0.0,0.44,0.322,0.381,0.251,0.252
2020-01-04 01:45:00,19.09,19.34,19.22,19.48,19.48,2.46,0.0,0.447,0.325,0.385,0.256,0.255
2020-01-04 02:00:00,19.07,19.33,19.21,19.46,19.48,2.3,0.0,0.454,0.328,0.388,0.26,0.258
2020-01-04 02:15:00,19.06,19.33,19.2,19.45,19.47,2.14,0.0,0.464,0.333,0.394,0.269,0.261
2020-01-04 02:30:00,19.04,19.32,19.19,19.44,19.46,1.98,0.0,0.472,0.337,0.398,0.275,0.266
2020-01-04 02:45:00,19.03,19.31,19.17,19.42,19.45,1.82,0.0,0.482,0.342,0.404,0.282,0.269
2020-01-04 03:00:00,19.02,19.3,19.17,19.42,19.45,1.74,0.0,0.483,0.345,0.416,0.289,0.273
2020-01-04 03:15:00,19.01,19.3,19.15,19.4,19.44,1.66,0.0,0.491,0.348,0.415,0.292,0.277
2020-01-04 03:30:00,19.0,19.29,19.15,19.39,19.44,1.58,0.0,0.496,0.351,0.423,0.298,0.279
2020-01-04 03:45:00,18.98,19.29,19.14,19.38,19.43,1.5,0.0,0.501,0.354,0.426,0.303,0.282
2020-01-04 04:00:00,18.97,19.28,19.12,19.37,19.43,1.42,0.0,0.508,0.357,0.431,0.308,0.284
2020-01-04 04:15:00,18.96,19.27,19.11,19.36,19.42,1.34,0.0,0.515,0.361,0.438,0.316,0.287
2020-01-04 04:30:00,18.94,19.26,19.1,19.34,19.41,1.25,0.0,0.522,0.365,0.443,0.322,0.291
2020-01-04 04:45:00,18.93,19.25,19.09,19.33,19.4,1.17,0.0,0.529,0.369,0.45,0.328,0.294
2020-01-04 05:00:00,18.93,19.26,19.1,19.35,19.4,1.09,0.0,0.535,0.373,0.456,0.334,0.298
2020-01-04 05:15:00,18.92,19.23,19.1,19.38,19.4,1.01,0.0,0.535,0.368,0.45,0.326,0.301
2020-01-04 05:30:00,18.93,19.26,19.11,19.36,19.4,0.92,0.0,0.538,0.384,0.451,0.31,0.298
2020-01-04 05:45:00,18.92,19.26,19.11,19.37,19.4,0.84,0.0,0.537,0.368,0.445,0.32,0.302
2020-01-04 06:00:00,18.92,19.27,19.12,19.37,19.4,0.78,0.0,0.539,0.369,0.444,0.315,0.299
2020-01-04 06:15:00,18.92,19.29,19.13,19.36,19.4,0.71,0.0,0.538,0.365,0.439,0.314,0.3
2020-01-04 06:30:00,18.92,19.28,19.13,19.38,19.4,0.65,0.0,0.54,0.357,0.437,0.318,0.299
2020-01-04 06:45:00,18.92,19.29,19.14,19.38,19.4,0.58,0.0,0.539,0.359,0.433,0.311,0.299
2020-01-04 07:00:00,18.92,19.29,19.14,19.38,19.4,0.52,0.0,0.538,0.354,0.429,0.309,0.299
2020-01-04 07:15:00,18.92,19.29,19.14,19.38,19.4,0.46,0.0,0.541,0.356,0.43,0.312,0.298
2020-01-04 07:30:00,18.92,19.29,19.14,19.38,19.4,0.4,0.0,0.539,0.354,0.431,0.311,0.3
2020-01-04 07:45:00,18.92,19.29,19.14,19.38,19.4,0.34,0.0,0.542,0.355,0.431,0.312,0.3
2020-01-04 08:00:00,18.92,19.29,19.14,19.37,19.4,0.37,0.0,0.542,0.355,0.431,0.312,0.301
2020-01-04 08:15:00,18.92,19.29,19.14,19.38,19.39,0.4,3.8,0.542,0.356,0.432,0.313,0.302
2020-01-04 08:30:00,18.97,19.32,19.36,19.85,19.43,0.43,104.9,0.54,0.353,0.429,0.311,0.303
2020-01-04 08:45:00,19.0,19.35,19.45,20.24,19.52,0.47,206.0,0.516,0.34,0.322,0.077,0.287
2020-01-04 09:00:00,19.07,19.39,19.55,20.76,19.62,0.74,307.0,0.5,0.327,0.276,0.0,0.238
2020-01-04 09:15:00,19.14,19.44,19.59,21.44,19.77,1.02,408.1,0.466,0.303,0.227,0.0,0.191
2020-01-04 09:30:00,19.21,19.5,19.59,22.01,19.93,1.29,434.7,0.43,0.28,0.203,0.0,0.114
2020-01-04 09:45:00,19.28,19.54,19.6,22.45,20.06,1.57,461.3,0.394,0.252,0.207,0.0,0.034
2020-01-04 10:00:00,19.33,19.58,19.6,22.84,20.18,1.85,487.9,0.362,0.232,0.201,0.0,0.0
2020-01-04 10:15:00,19.38,19.61,19.61,23.18,20.29,2.13,514.5,0.333,0.212,0.202,0.0,0.0
2020-01-04 10:30:00,19.45,19.66,19.66,23.5,20.35,2.42,532.3,0.308,0.196,0.194,0.0,0.0
2020-01-04 10:45:00,19.52,19.66,19.65,23.75,20.48,2.7,550.2,0.276,0.169,0.17,0.0,0.0
2020-01-04 11:00:00,19.69,19.72,19.74,24.05,20.59,2.93,568.0,0.239,0.171,0.174,0.0,0.0
2020-01-04 11:15:00,19.82,19.76,19.76,24.39,20.72,3.16,585.8,0.156,0.138,0.128,0.0,0.0
2020-01-04 11:30:00,19.97,19.77,19.8,24.66,20.79,3.38,588.3,0.089,0.119,0.118,0.0,0.0
2020-01-04 11:45:00,20.04,19.78,19.79,24.83,20.91,3.61,590.8,0.0,0.113,0.098,0.0,0.0
2020-01-04 12:00:00,20.31,19.82,19.86,24.99,20.95,3.78,593.4,0.0,0.108,0.106,0.0,0.0
2020-01-04 12:15:00,20.58,19.8,19.81,25.1,21.07,3.94,595.9,0.0,0.092,0.072,0.0,0.0
2020-01-04 12:30:00,20.87,19.85,19.9,25.2,21.14,4.1,591.4,0.0,0.1,0.096,0.0,0.0
2020-01-04 12:45:00,21.24,19.85,19.87,25.26,21.21,4.26,586.8,0.0,0.075,0.051,0.0,0.0
2020-01-04 13:00:00,21.64,19.86,19.9,25.28,21.25,4.34,582.3,0.0,0.074,0.063,0.0,0.0
2020-01-04 13:15:00,21.96,19.87,19.91,25.29,21.3,4.41,577.8,0.0,0.071,0.049,0.0,0.0
2020-01-04 13:30:00,22.21,19.87,19.91,25.22,21.33,4.49,553.4,0.0,0.065,0.047,0.0,0.0
2020-01-04 13:45:00,22.4,19.87,19.91,25.11,21.35,4.56,529.0,0.0,0.066,0.045,0.0,0.0
2020-01-04 14:00:00,22.56,19.86,19.9,24.99,21.35,4.56,504.6,0.0,0.067,0.046,0.0,0.0
2020-01-04 14:15:00,22.7,19.85,19.89,24.84,21.34,4.56,480.2,0.0,0.071,0.05,0.0,0.0
2020-01-04 14:30:00,22.81,19.83,19.87,24.62,21.33,4.56,452.1,0.0,0.076,0.056,0.0,0.0
2020-01-04 14:45:00,22.89,19.81,19.85,24.39,21.29,4.56,424.0,0.0,0.085,0.064,0.0,0.0
2020-01-04 15:00:00,22.92,19.79,19.81,24.12,21.25,4.45,395.9,0.0,0.094,0.075,0.0,0.0
2020-01-04 15:15:00,22.94,19.75,19.79,23.85,21.18,4.34,367.9,0.0,0.105,0.093,0.0,0.0
2020-01-04 15:30:00,22.68,19.71,19.73,23.52,21.07,4.23,277.2,0.0,0.123,0.106,0.0,0.0
2020-01-04 15:45:00,22.3,19.64,19.65,23.12,20.9,4.12,186.6,0.0,0.144,0.137,0.0,0.0
2020-01-04 16:00:00,21.8,19.58,19.58,22.74,20.73,3.91,96.0,0.0,0.18,0.175,0.0,0.0
2020-01-04 16:15:00,21.15,19.52,19.49,22.37,20.52,3.7,5.4,0.0,0.21,0.212,0.0,0.0
2020-01-04 16:30:00,20.76,19.47,19.44,22.02,20.33,3.49,0.0,0.0,0.241,0.254,0.0,0.0
2020-01-04 16:45:00,20.41,19.44,19.39,21.73,20.19,3.28,0.0,0.0,0.267,0.279,0.0,0.0
2020-01-04 17:00:00,20.11,19.4,19.35,21.45,20.1,3.19,0.0,0.0,0.28,0.304,0.0,0.0
2020-01-04 17:15:00,19.82,19.4,19.34,21.23,19.98,3.1,0.0,0.0,0.298,0.326,0.0,0.0
2020-01-04 17:30:00,19.75,19.36,19.28,21.0,19.9,3.02,0.0,0.092,0.298,0.328,0.0,0.012
2020-01-04 17:45:00,19.63,19.35,19.28,20.79,19.81,2.93,0.0,0.125,0.32,0.359,0.0,0.052
2020-01-04 18:00:00,19.56,19.34,19.25,20.6,19.74,2.82,0.0,0.186,0.327,0.361,0.0,0.097
2020-01-04 18:15:00,19.48,19.33,19.24,20.43,19.68,2.71,0.0,0.222,0.331,0.377,0.0,0.13
2020-01-04 18:30:00,19.42,19.32,19.22,20.27,19.63,2.6,0.0,0.258,0.336,0.381,0.0,0.159
2020-01-04 18:45:00,19.36,19.32,19.21,20.11,19.59,2.49,0.0,0.292,0.339,0.389,0.0,0.183
2020-01-04 19:00:00,19.3,19.31,19.2,19.95,19.54,2.4,0.0,0.321,0.341,0.393,0.0,0.207
2020-01-04 19:15:00,19.25,19.3,19.19,19.84,19.5,2.32,0.0,0.351,0.346,0.4,0.026,0.228
2020-01-04 19:30:00,19.2,19.3,19.18,19.8,19.47,2.23,0.0,0.376,0.348,0.404,0.082,0.25
2020-01-04 19:45:00,19.17,19.29,19.17,19.74,19.46,2.14,0.0,0.401,0.35,0.41,0.102,0.264
2020-01-04 20:00:00,19.15,19.3,19.17,19.72,19.44,2.05,0.0,0.414,0.354,0.414,0.128,0.272
2020-01-04 20:15:00,19.13,19.3,19.17,19.68,19.43,1.95,0.0,0.423,0.35,0.413,0.142,0.279
2020-01-04 20:30:00,19.12,19.3,19.17,19.66,19.42,1.85,0.0,0.433,0.351,0.415,0.159,0.283
2020-01-04 20:45:00,19.11,19.3,19.17,19.63,19.42,1.76,0.0,0.439,0.349,0.414,0.172,0.288
2020-01-04 21:00:00,19.08,19.29,19.16,19.59,19.41,1.66,0.0,0.447,0.348,0.414,0.185,0.291
2020-01-04 21:15:00,19.07,19.29,19.16,19.56,19.4,1.57,0.0,0.459,0.353,0.419,0.204,0.295
2020-01-04 21:30:00,19.04,19.28,19.15,19.55,19.39,1.47,0.0,0.467,0.354,0.421,0.218,0.301
2020-01-04 21:45:00,19.03,19.29,19.14,19.52,19.38,1.38,0.0,0.478,0.358,0.427,0.227,0.304
2020-01-04 22:00:00,19.01,19.28,19.14,19.51,19.38,1.28,0.0,0.486,0.357,0.43,0.241,0.309
2020-01-04 22:15:00,19.0,19.27,19.13,19.5,19.37,1.18,0.0,0.493,0.36,0.431,0.244,0.312
2020-01-04 22:30:00,18.99,19.27,19.13,19.49,19.37,1.08,0.0,0.5,0.365,0.434,0.248,0.314
2020-01-04 22:45:00,18.98,19.27,19.12,19.48,19.36,0.98,0.0,0.505,0.364,0.436,0.256,0.317
2020-01-04 23:00:00,18.97,19.27,19.12,19.47,19.36,0.89,0.0,0.511,0.366,0.438,0.261,0.319
2020-01-04 23:15:00,18.96,19.26,19.12,19.46,19.35,0.8,0.0,0.516,0.367,0.439,0.265,0.321
2020-01-04 23:30:00,18.95,19.26,19.11,19.45,19.35,0.7,0.0,0.522,0.368,0.441,0.269,0.323
2020-01-04 23:45:00,18.94,19.26,19.11,19.45,19.35,0.61,0.0,0.526,0.369,0.443,0.273,0.325
2020-01-05 00:00:00,18.91,19.24,19.09,19.42,19.34,0.55,0.0,0.531,0.37,0.444,0.276,0.326
2020-01-05 00:15:00,18.89,19.23,19.08,19.4,19.33,0.5,0.0,0.545,0.379,0.454,0.292,0.328
2020-01-05 00:30:00,18.87,19.22,19.07,19.38,19.33,0.44,0.0,0.553,0.383,0.458,0.3,0.335
2020-01-05 00:45:00,18.85,19.21,19.06,19.36,19.32,0.38,0.0,0.565,0.389,0.466,0.31,0.337
2020-01-05 01:00:00,18.84,19.21,19.05,19.36,19.31,0.31,0.0,0.574,0.394,0.471,0.32,0.342
2020-01-05 01:15:00,18.82,19.2,19.04,19.34,19.31,0.24,0.0,0.581,0.396,0.475,0.322,0.345
2020-01-05 01:30:00,18.81,19.2,19.03,19.33,19.3,0.17,0.0,0.589,0.399,0.48,0.33,0.347
2020-01-05 01:45:00,18.82,19.19,19.0,19.32,19.3,0.1,0.0,0.596,0.402,0.483,0.336,0.35
2020-01-05 02:00:00,18.8,19.2,19.02,19.33,19.29,0.05,0.0,0.592,0.405,0.501,0.341,0.352
2020-01-05 02:15:00,18.8,19.19,19.01,19.32,19.29,-0.01,0.0,0.598,0.402,0.489,0.337,0.354
2020-01-05 02:30:00,18.8,19.2,19.02,19.32,19.29,-0.07,0.0,0.599,0.403,0.495,0.339,0.353
2020-01-05 02:45:00,18.79,19.2,19.02,19.32,19.29,-0.13,0.0,0.601,0.402,0.491,0.339,0.355
2020-01-05 03:00:00,18.8,19.2,19.02,19.33,19.29,-0.15,0.0,0.603,0.401,0.492,0.338,0.354
2020-01-05 03:15:00,18.84,19.22,19.05,19.7,19.31,-0.18,0.0,0.602,0.399,0.489,0.637,0.355
2020-01-05 03:30:00,18.8,19.21,19.03,19.66,19.36,-0.2,0.0,0.582,0.392,0.474,0.451,0.344
2020-01-05 03:45:00,18.82,19.22,19.05,19.65,19.32,-0.23,0.0,0.601,0.395,0.483,0.468,0.319
2020-01-05 04:00:00,18.77,19.19,19.02,19.65,19.33,-0.27,0.0,0.592,0.39,0.473,0.475,0.341
2020-01-05 04:15:00,19.07,18.82,19.05,19.65,19.32,-0.3,0.0,1.0,0.154,0.492,0.476,0.333
2020-01-05 04:30:00,19.08,18.91,19.0,19.63,19.31,-0.33,0.0,1.0,0.339,0.474,0.473,0.34
2020-01-05 04:45:00,19.05,18.88,19.0,19.63,19.33,-0.37,0.0,1.0,0.296,0.5,0.483,0.346
2020-01-05 05:00:00,19.09,18.85,19.01,19.66,19.31,-0.4,0.0,1.0,0.311,0.499,0.484,0.337
2020-01-05 05:15:00,19.18,18.85,18.33,19.67,19.26,-0.43,0.0,1.0,0.324,0.0,0.47,0.344
2020-01-05 05:30:00,19.14,18.8,18.06,19.65,19.18,-0.46,0.0,1.0,0.324,0.0,0.466,0.369
2020-01-05 05:45:00,19.15,18.8,18.05,19.67,19.13,-0.49,0.0,1.0,0.35,0.0,0.475,0.408
2020-01-05 06:00:00,19.15,18.76,17.96,19.65,19.14,-0.51,0.0,1.0,0.349,0.0,0.465,0.437
2020-01-05 06:15:00,19.16,18.78,17.91,19.66,19.1,-0.53,0.0,1.0,0.37,0.0,0.476,0.428
2020-01-05 06:30:00,19.16,18.76,17.79,19.64,19.1,-0.55,0.0,1.0,0.36,0.0,0.471,0.448
2020-01-05 06:45:00,19.13,18.76,17.75,19.64,19.06,-0.57,0.0,1.0,0.372,0.0,0.481,0.449
2020-01-05 07:00:00,19.16,18.76,17.63,19.65,19.06,-0.6,0.0,1.0,0.369,0.0,0.48,0.47
2020-01-05 07:15:00,19.18,18.77,17.59,19.66,18.86,-0.63,0.0,1.0,0.368,0.0,0.477,0.0
2020-01-05 07:30:00,19.15,18.75,17.4,19.61,18.87,-0.65,0.0,1.0,0.364,0.0,0.471,0.071
2020-01-05 07:45:00,19.17,18.78,17.39,19.66,18.79,-0.68,0.0,1.0,0.377,0.0,0.496,0.065
2020-01-05 08:00:00,19.15,18.76,17.29,19.62,18.81,-0.65,0.0,1.0,0.36,0.007,0.471,0.107
2020-01-05 08:15:00,19.17,18.78,17.37,19.66,18.74,-0.63,3.0,1.0,0.369,0.055,0.49,0.097
2020-01-05 08:30:00,19.25,18.8,17.35,19.93,18.8,-0.6,68.9,1.0,0.36,0.016,0.472,0.129
2020-01-05 08:45:00,19.24,18.82,17.47,20.24,18.86,-0.57,134.9,1.0,0.348,0.025,0.336,0.1
2020-01-05 09:00:00,19.3,18.86,17.47,20.44,18.94,-0.31,200.9,1.0,0.341,0.0,0.181,0.071
2020-01-05 09:15:00,19.46,18.89,17.53,20.7,19.0,-0.04,266.8,1.0,0.322,0.0,0.08,0.028
2020-01-05 09:30:00,19.49,18.92,17.55,20.92,19.05,0.23,291.0,1.0,0.303,0.0,0.0,0.0
2020-01-05 09:45:00,19.54,18.94,17.52,21.14,19.1,0.49,315.1,1.0,0.289,0.0,0.0,0.0
2020-01-05 10:00:00,19.62,18.97,17.53,21.41,19.15,0.75,339.2,1.0,0.281,0.0,0.0,0.0
2020-01-05 10:15:00,19.7,18.99,17.53,21.67,19.23,1.0,363.4,1.0,0.264,0.0,0.0,0.0
2020-01-05 10:30:00,19.81,19.03,17.59,21.89,19.3,1.25,372.6,1.0,0.253,0.0,0.0,0.0
2020-01-05 10:45:00,19.94,19.06,17.62,22.08,19.38,1.51,381.9,1.0,0.234,0.0,0.0,0.0
2020-01-05 11:00:00,20.1,19.09,17.68,22.27,19.45,1.72,391.2,1.0,0.221,0.0,0.0,0.0
2020-01-05 11:15:00,20.27,19.11,17.73,22.44,19.53,1.93,400.4,1.0,0.206,0.0,0.0,0.0
2020-01-05 11:30:00,20.46,19.13,17.78,22.57,19.6,2.14,396.3,1.0,0.193,0.0,0.0,0.0
2020-01-05 11:45:00,20.65,19.15,17.83,22.68,19.67,2.35,392.2,1.0,0.183,0.0,0.0,0.0
2020-01-05 12:00:00,20.83,19.17,17.88,22.77,19.74,2.5,388.1,1.0,0.173,0.0,0.0,0.0
2020-01-05 12:15:00,21.01,19.19,17.92,22.84,19.8,2.66,384.0,1.0,0.165,0.0,0.0,0.0
2020-01-05 12:30:00,21.19,19.2,17.95,22.92,19.85,2.81,387.7,0.996,0.157,0.0,0.0,0.0
2020-01-05 12:45:00,21.36,19.21,17.99,22.99,19.91,2.97,391.4,0.903,0.152,0.0,0.0,0.0
2020-01-05 13:00:00,21.51,19.22,18.01,23.03,19.96,3.05,395.1,0.822,0.147,0.0,0.0,0.0
2020-01-05 13:15:00,21.66,19.21,18.04,23.04,20.0,3.12,398.8,0.746,0.141,0.0,0.0,0.0
2020-01-05 13:30:00,21.79,19.21,18.05,23.01,20.04,3.2,395.2,0.67,0.145,0.0,0.0,0.0
2020-01-05 13:45:00,21.92,19.21,18.07,22.97,20.06,3.28,391.7,0.603,0.144,0.0,0.0,0.0
2020-01-05 14:00:00,22.05,19.21,18.07,22.91,20.08,3.31,388.2,0.538,0.146,0.0,0.0,0.0
2020-01-05 14:15:00,22.17,19.2,18.08,22.83,20.09,3.35,384.6,0.474,0.147,0.0,0.0,0.0
2020-01-05 14:30:00,22.24,19.19,18.08,22.7,20.1,3.38,360.4,0.413,0.148,0.0,0.0,0.0
2020-01-05 14:45:00,22.29,19.18,18.07,22.56,20.08,3.41,336.2,0.382,0.154,0.0,0.0,0.0
2020-01-05 15:00:00,22.3,19.16,18.04,22.37,20.07,3.34,312.0,0.355,0.158,0.0,0.0,0.0
2020-01-05 15:15:00,22.31,19.15,18.01,22.17,20.02,3.27,287.8,0.35,0.171,0.0,0.0,0.0
2020-01-05 15:30:00,22.15,19.1,17.95,21.9,19.97,3.2,217.9,0.347,0.177,0.0,0.0,0.0
2020-01-05 15:45:00,21.94,19.08,17.89,21.62,19.86,3.14,148.1,0.427,0.198,0.0,0.0,0.0
2020-01-05 16:00:00,21.67,19.01,17.77,21.32,19.75,2.92,78.3,0.529,0.209,0.0,0.0,0.0
2020-01-05 16:15:00,21.37,18.97,17.65,21.06,19.56,2.71,8.5,0.667,0.244,0.0,0.0,0.0
2020-01-05 16:30:00,21.16,18.89,17.49,20.77,19.45,2.49,0.0,0.815,0.263,0.0,0.0,0.0
2020-01-05 16:45:00,21.05,18.91,17.43,20.57,19.3,2.27,0.0,0.92,0.304,0.0,0.0,0.0
2020-01-05 17:00:00,20.9,18.85,17.3,20.37,19.24,2.23,0.0,0.976,0.294,0.0,0.015,0.0
2020-01-05 17:15:00,20.79,18.86,17.3,20.33,19.11,2.19,0.0,1.0,0.323,0.051,0.115,0.0
2020-01-05 17:30:00,20.65,18.82,17.22,20.21,19.1,2.15,0.0,1.0,0.32,0.051,0.133,0.0
2020-01-05 17:45:00,20.58,18.83,17.25,20.17,18.99,2.1,0.0,1.0,0.338,0.091,0.194,0.0
2020-01-05 18:00:00,20.46,18.81,17.15,20.07,18.99,2.03,0.0,1.0,0.334,0.074,0.216,0.005
2020-01-05 18:15:00,20.42,18.82,17.2,20.04,18.89,1.96,0.0,1.0,0.347,0.127,0.263,0.006
2020-01-05 18:30:00,20.31,18.8,17.1,19.98,18.9,1.89,0.0,1.0,0.342,0.098,0.279,0.057
2020-01-05 18:45:00,20.28,18.81,17.19,19.98,18.81,1.81,0.0,1.0,0.352,0.151,0.311,0.048
2020-01-05 19:00:00,20.2,18.8,17.07,19.93,18.85,1.75,0.0,1.0,0.346,0.104,0.311,0.095
2020-01-05 19:15:00,20.23,18.82,17.17,19.54,18.76,1.68,0.0,1.0,0.348,0.163,0.037,0.075
2020-01-05 19:30:00,20.12,18.81,17.09,19.62,18.71,1.61,0.0,1.0,0.339,0.114,0.228,0.118
2020-01-05 19:45:00,20.08,18.82,17.14,19.61,18.7,1.54,0.0,1.0,0.344,0.156,0.188,0.145
2020-01-05 20:00:00,20.03,18.81,17.1,19.54,18.7,1.48,0.0,1.0,0.339,0.132,0.197,0.148
2020-01-05 20:15:00,19.18,19.08,17.08,19.52,18.59,1.41,0.0,0.0,0.597,0.151,0.23,0.151
2020-01-05 20:30:00,19.41,19.07,17.05,19.46,18.54,1.35,0.0,0.41,0.459,0.158,0.239,0.205
2020-01-05 20:45:00,19.33,19.02,17.08,19.44,18.55,1.29,0.0,0.297,0.463,0.176,0.272,0.23
2020-01-05 21:00:00,19.26,19.06,17.05,19.42,18.54,1.22,0.0,0.334,0.489,0.161,0.278,0.223
2020-01-05 21:15:00,19.27,19.06,17.71,19.41,18.6,1.15,0.0,0.369,0.469,1.0,0.29,0.232
2020-01-05 21:30:00,19.23,19.07,18.01,19.4,18.67,1.07,0.0,0.366,0.468,1.0,0.297,0.201
2020-01-05 21:45:00,19.2,19.07,18.04,19.38,18.69,1.0,0.0,0.386,0.464,0.997,0.298,0.165
2020-01-05 22:00:00,19.18,19.09,18.13,19.38,18.67,0.91,0.0,0.402,0.466,0.981,0.312,0.153
2020-01-05 22:15:00,19.13,19.08,18.19,19.36,18.7,0.82,0.0,0.411,0.457,0.933,0.309,0.163
2020-01-05 22:30:00,19.11,19.1,18.26,19.37,18.69,0.73,0.0,0.437,0.458,0.905,0.319,0.151
2020-01-05 22:45:00,19.07,19.1,18.32,19.35,18.7,0.64,0.0,0.446,0.449,0.868,0.316,0.157
2020-01-05 23:00:00,19.04,19.11,18.37,19.34,18.69,0.56,0.0,0.466,0.449,0.841,0.324,0.15
2020-01-05 23:15:00,19.0,19.11,18.42,19.33,18.82,0.48,0.0,0.48,0.446,0.813,0.328,0.654
2020-01-05 23:30:00,19.0,19.14,18.5,19.36,18.87,0.4,0.0,0.499,0.446,0.79,0.335,0.59
2020-01-05 23:45:00,18.97,19.13,18.52,19.33,18.89,0.33,0.0,0.5,0.43,0.75,0.322,0.567
2020-01-06 00:00:00,18.94,19.12,18.54,19.32,18.91,0.26,0.0,0.516,0.437,0.74,0.333,0.553
2020-01-06 00:15:00,18.91,19.12,18.55,19.31,18.93,0.19,0.0,0.529,0.438,0.731,0.339,0.546
2020-01-06 00:30:00,18.89,19.12,18.57,19.29,18.95,0.12,0.0,0.544,0.44,0.724,0.346,0.534
2020-01-06 00:45:00,18.87,19.11,18.58,19.28,18.97,0.05,0.0,0.555,0.442,0.716,0.353,0.526
2020-01-06 01:00:00,18.85,19.11,18.6,19.28,18.98,-0.04,0.0,0.567,0.445,0.711,0.359,0.517
2020-01-06 01:15:00,18.83,19.11,18.61,19.27,19.0,-0.14,0.0,0.576,0.444,0.702,0.361,0.51
2020-01-06 01:30:00,18.81,19.11,18.62,19.26,19.01,-0.23,0.0,0.586,0.446,0.697,0.366,0.501
2020-01-06 01:45:00,18.8,19.06,18.62,19.3,19.02,-0.33,0.0,0.593,0.447,0.692,0.369,0.496
2020-01-06 02:00:00,18.78,19.08,18.63,19.26,19.03,-0.42,0.0,0.602,0.47,0.689,0.352,0.491
2020-01-06 02:15:00,18.77,19.07,18.64,19.27,19.03,-0.51,0.0,0.608,0.458,0.684,0.368,0.486
2020-01-06 02:30:00,18.76,19.07,18.65,19.26,19.04,-0.6,0.0,0.615,0.463,0.68,0.366,0.483
2020-01-06 02:45:00,18.75,19.07,18.65,19.26,19.05,-0.69,0.0,0.621,0.465,0.677,0.369,0.478
2020-01-06 03:00:00,18.74,19.07,18.66,19.25,19.06,-0.75,0.0,0.627,0.465,0.673,0.372,0.475
2020-01-06 03:15:00,18.73,19.07,18.67,19.25,19.06,-0.81,0.0,0.631,0.464,0.669,0.373,0.471
2020-01-06 03:30:00,18.72,19.07,18.68,19.25,19.07,-0.86,0.0,0.635,0.464,0.665,0.375,0.468
2020-01-06 03:45:00,18.72,19.11,18.68,19.21,19.07,-0.92,0.0,0.639,0.464,0.662,0.377,0.466
2020-01-06 04:00:00,18.71,19.09,18.69,19.23,19.08,-0.96,0.0,0.642,0.445,0.659,0.396,0.463
2020-01-06 04:15:00,18.77,19.63,18.75,19.56,19.25,-1.0,0.0,0.645,1.0,0.656,0.687,1.0
2020-01-06 04:30:00,18.75,19.92,18.75,19.58,19.45,-1.04,0.0,0.615,1.0,0.624,0.522,1.0
2020-01-06 04:45:00,18.79,19.98,18.8,19.54,19.46,-1.08,0.0,0.624,1.0,0.623,0.512,1.0
2020-01-06 05:00:00,18.76,20.06,18.78,19.57,19.51,-1.14,0.0,0.607,1.0,0.602,0.531,1.0
2020-01-06 05:15:00,18.78,20.14,18.81,19.58,19.55,-1.2,0.0,0.621,1.0,0.611,0.513,1.0
2020-01-06 05:30:00,18.77,20.21,18.81,19.59,19.6,-1.26,0.0,0.609,1.0,0.595,0.509,1.0
2020-01-06 05:45:00,18.79,20.28,18.83,19.6,19.64,-1.32,0.0,0.614,0.996,0.595,0.506,1.0
2020-01-06 06:00:00,18.78,20.32,18.83,19.6,19.69,-1.36,0.0,0.606,0.96,0.584,0.499,1.0
2020-01-06 06:15:00,18.79,20.36,18.85,19.61,19.72,-1.4,0.0,0.609,0.941,0.583,0.498,1.0
2020-01-06 06:30:00,18.79,20.4,18.85,19.62,19.76,-1.44,0.0,0.603,0.918,0.575,0.494,1.0
2020-01-06 06:45:00,18.8,20.43,18.86,19.62,19.78,-1.47,0.0,0.605,0.9,0.574,0.492,1.0
2020-01-06 07:00:00,18.79,20.45,18.87,19.62,19.81,-1.52,0.0,0.601,0.887,0.568,0.491,1.0
2020-01-06 07:15:00,18.54,20.51,18.91,19.64,19.81,-1.56,0.0,0.303,0.876,0.566,0.489,1.0
2020-01-06 07:30:00,18.59,20.48,18.86,19.62,19.81,-1.61,0.0,0.429,0.846,0.547,0.48,1.0
2020-01-06 07:45:00,18.58,20.51,18.89,19.63,19.81,-1.65,0.0,0.407,0.86,0.572,0.491,1.0
2020-01-06 08:00:00,18.56,20.53,18.88,19.64,19.84,-1.62,0.0,0.41,0.847,0.557,0.485,1.0
2020-01-06 08:15:00,18.58,20.55,19.16,19.65,19.85,-1.6,4.8,0.418,0.837,1.0,0.482,1.0
2020-01-06 08:30:00,18.57,20.58,19.31,19.9,19.94,-1.57,53.8,0.409,0.823,1.0,0.474,1.0
2020-01-06 08:45:00,18.63,20.63,19.45,20.1,19.99,-1.54,102.7,0.413,0.809,1.0,0.352,1.0
2020-01-06 09:00:00,18.64,20.68,19.6,20.38,20.06,-1.36,151.7,0.387,0.785,1.0,0.249,1.0
2020-01-06 09:15:00,18.69,20.73,19.73,20.57,20.13,-1.17,200.6,0.378,0.761,1.0,0.112,1.0
2020-01-06 09:30:00,18.72,20.78,19.79,20.63,20.2,-0.99,213.8,0.353,0.735,0.937,0.014,1.0
2020-01-06 09:45:00,18.77,20.83,19.85,20.79,20.24,-0.8,227.0,0.338,0.71,0.905,0.0,1.0
2020-01-06 10:00:00,18.77,20.86,19.87,20.87,20.31,-0.62,240.1,0.316,0.684,0.874,0.0,1.0
2020-01-06 10:15:00,18.82,20.9,19.93,21.01,20.33,-0.45,253.3,0.315,0.67,0.863,0.0,1.0
2020-01-06 10:30:00,18.85,20.95,20.02,21.3,20.42,-0.27,288.6,0.289,0.648,0.836,0.0,1.0
2020-01-06 10:45:00,18.94,21.0,20.09,21.66,20.52,-0.09,323.8,0.274,0.623,0.788,0.0,1.0
2020-01-06 11:00:00,19.01,21.04,20.15,21.98,20.63,0.09,359.1,0.23,0.599,0.757,0.0,1.0
2020-01-06 11:15:00,19.12,21.07,20.21,22.29,20.73,0.28,394.3,0.193,0.581,0.727,0.0,0.986
2020-01-06 11:30:00,19.18,21.09,20.22,22.36,20.8,0.46,371.4,0.142,0.563,0.697,0.0,0.934
2020-01-06 11:45:00,19.22,21.11,20.26,22.3,20.83,0.65,348.5,0.11,0.555,0.688,0.0,0.901
2020-01-06 12:00:00,19.25,21.12,20.29,22.19,20.83,0.76,325.7,0.091,0.544,0.668,0.0,0.887
2020-01-06 12:15:00,19.28,21.14,20.31,22.1,20.83,0.87,302.8,0.074,0.538,0.655,0.0,0.883
2020-01-06 12:30:00,19.33,21.15,20.34,22.06,20.84,0.98,296.8,0.062,0.531,0.644,0.0,0.883
2020-01-06 12:45:00,19.35,21.17,20.36,22.03,20.86,1.09,290.7,0.036,0.523,0.631,0.0,0.882
2020-01-06 13:00:00,19.41,21.19,20.36,21.96,20.87,1.16,284.7,0.024,0.515,0.619,0.0,0.87
2020-01-06 13:15:00,19.42,21.2,20.39,21.91,20.88,1.24,278.7,0.0,0.507,0.621,0.0,0.866
2020-01-06 13:30:00,19.55,21.2,20.4,21.95,20.88,1.31,297.7,0.0,0.5,0.604,0.0,0.862
2020-01-06 13:45:00,19.75,21.21,20.41,22.0,20.94,1.39,316.7,0.0,0.499,0.602,0.0,0.859
2020-01-06 14:00:00,19.96,21.21,20.43,22.02,20.99,1.42,335.7,0.0,0.497,0.597,0.0,0.832
2020-01-06 14:15:00,20.19,21.21,20.44,22.02,21.04,1.44,354.7,0.0,0.494,0.587,0.0,0.804
2020-01-06 14:30:00,20.33,21.21,20.44,21.93,21.09,1.46,343.9,0.0,0.494,0.582,0.0,0.779
2020-01-06 14:45:00,20.45,21.14,20.44,21.87,21.09,1.49,333.0,0.0,0.497,0.58,0.0,0.756
2020-01-06 15:00:00,20.6,21.21,20.43,21.7,21.1,1.44,322.2,0.0,0.529,0.579,0.0,0.755
2020-01-06 15:15:00,20.73,21.16,20.43,21.55,21.11,1.4,311.3,0.0,0.494,0.583,0.0,0.748
2020-01-06 15:30:00,20.55,21.14,20.41,21.3,21.1,1.36,235.8,0.0,0.518,0.585,0.0,0.746
2020-01-06 15:45:00,20.27,21.14,20.41,21.02,21.02,1.31,160.3,0.0,0.528,0.595,0.0,0.749
2020-01-06 16:00:00,19.9,21.1,20.36,20.7,20.93,1.16,84.8,0.0,0.531,0.595,0.0,0.79
2020-01-06 16:15:00,19.44,21.06,20.32,20.43,20.82,1.0,9.3,0.0,0.551,0.622,0.0,0.834
2020-01-06 16:30:00,19.23,21.01,20.23,20.33,20.74,0.84,0.0,0.0,0.569,0.642,0.086,0.892
2020-01-06 16:45:00,19.27,21.01,20.25,20.33,20.65,0.69,0.0,0.087,0.596,0.684,0.133,0.928
2020-01-06 17:00:00,19.12,20.99,20.2,20.23,20.7,0.63,0.0,0.067,0.597,0.676,0.137,0.976
2020-01-06 17:15:00,19.17,21.0,20.23,20.23,20.61,0.58,0.0,0.139,0.604,0.698,0.187,0.952
2020-01-06 17:30:00,19.02,20.98,20.19,20.16,20.67,0.53,0.0,0.115,0.598,0.683,0.185,0.994
2020-01-06 17:45:00,19.1,21.0,20.22,20.17,20.59,0.48,0.0,0.191,0.609,0.706,0.219,0.966
2020-01-06 18:00:00,18.92,20.97,20.17,20.09,20.65,0.42,0.0,0.152,0.598,0.689,0.217,1.0
2020-01-06 18:15:00,19.02,20.99,20.2,20.1,20.56,0.37,0.0,0.238,0.615,0.714,0.254,0.975
2020-01-06 18:30:00,18.84,20.96,20.15,20.03,20.63,0.31,0.0,0.189,0.605,0.698,0.25,1.0
2020-01-06 18:45:00,18.96,20.99,20.19,20.04,20.53,0.25,0.0,0.28,0.62,0.723,0.285,0.986
2020-01-06 19:00:00,18.8,20.96,20.14,19.99,20.61,0.2,0.0,0.22,0.605,0.706,0.282,1.0
2020-01-06 19:15:00,18.94,20.99,20.18,20.02,20.52,0.14,0.0,0.302,0.619,0.728,0.303,0.995
2020-01-06 19:30:00,18.77,20.96,20.14,19.97,20.61,0.08,0.0,0.229,0.605,0.708,0.288,1.0
2020-01-06 19:45:00,18.94,21.0,20.18,20.01,20.52,0.03,0.0,0.317,0.618,0.729,0.317,0.994
2020-01-06 20:00:00,18.75,20.96,20.13,19.94,20.62,-0.02,0.0,0.231,0.602,0.708,0.296,1.0
2020-01-06 20:15:00,18.82,20.2,20.17,19.54,20.28,-0.06,0.0,0.326,0.0,0.733,0.03,0.0
2020-01-06 20:30:00,18.64,19.64,20.12,19.49,20.04,-0.11,0.0,0.29,0.0,0.713,0.229,0.0
2020-01-06 20:45:00,18.65,19.72,20.07,19.58,19.92,-0.15,0.0,0.382,0.179,0.742,0.257,0.0
2020-01-06 21:00:00,18.6,19.63,20.07,19.47,19.94,-0.2,0.0,0.373,0.138,0.766,0.208,0.041
2020-01-06 21:15:00,18.64,19.59,20.07,19.52,19.84,-0.26,0.0,0.4,0.183,0.767,0.264,0.032
2020-01-06 21:30:00,18.55,19.54,20.05,19.45,19.83,-0.32,0.0,0.38,0.204,0.763,0.242,0.081
2020-01-06 21:45:00,18.61,19.5,20.06,19.46,19.75,-0.37,0.0,0.425,0.232,0.775,0.273,0.083
2020-01-06 22:00:00,18.51,19.44,20.03,19.42,19.75,-0.43,0.0,0.397,0.249,0.77,0.268,0.125
2020-01-06 22:15:00,18.56,19.41,20.04,19.42,19.67,-0.5,0.0,0.443,0.282,0.784,0.289,0.126
2020-01-06 22:30:00,18.49,19.39,20.01,19.39,19.67,-0.56,0.0,0.418,0.294,0.78,0.289,0.166
2020-01-06 22:45:00,18.54,19.39,20.02,19.4,19.62,-0.63,0.0,0.456,0.304,0.794,0.303,0.163
2020-01-06 23:00:00,18.48,19.36,20.0,19.38,19.62,-0.68,0.0,0.432,0.304,0.789,0.301,0.192
2020-01-06 23:15:00,18.76,19.37,20.01,19.38,19.57,-0.74,0.0,0.762,0.318,0.799,0.312,0.188
2020-01-06 23:30:00,18.69,19.35,19.99,19.36,19.65,-0.8,0.0,0.621,0.315,0.794,0.31,0.213
2020-01-06 23:45:00,18.74,19.37,20.02,19.38,19.58,-0.85,0.0,0.657,0.326,0.804,0.32,0.176
2020-01-07 00:00:00,18.69,19.33,19.99,19.34,19.61,-0.87,0.0,0.628,0.317,0.788,0.312,0.21
2020-01-07 00:15:00,18.76,19.34,19.13,19.36,19.53,-0.88,0.0,0.654,0.334,0.006,0.328,0.197
2020-01-07 00:30:00,18.72,19.32,19.31,19.34,19.47,-0.9,0.0,0.619,0.328,0.435,0.322,0.233
2020-01-07 00:45:00,18.69,19.31,19.46,19.33,19.49,-0.91,0.0,0.64,0.339,0.347,0.331,0.266
2020-01-07 01:00:00,18.72,19.32,19.23,19.33,19.48,-0.94,0.0,0.653,0.344,0.271,0.336,0.256
2020-01-07 01:15:00,18.71,19.31,19.36,19.32,19.45,-0.97,0.0,0.642,0.342,0.384,0.334,0.259
2020-01-07 01:30:00,18.71,19.3,19.26,19.32,19.46,-0.99,0.0,0.644,0.346,0.32,0.338,0.274
2020-01-07 01:45:00,18.72,19.3,19.29,19.32,19.44,-1.02,0.0,0.646,0.349,0.37,0.34,0.269
2020-01-07 02:00:00,18.7,19.29,19.24,19.31,19.45,-1.06,0.0,0.638,0.348,0.354,0.339,0.28
2020-01-07 02:15:00,18.72,19.29,19.23,19.31,19.42,-1.09,0.0,0.648,0.354,0.38,0.345,0.277
2020-01-07 02:30:00,18.7,19.28,19.2,19.3,19.42,-1.12,0.0,0.641,0.354,0.383,0.344,0.29
2020-01-07 02:45:00,18.71,19.28,19.19,19.3,19.4,-1.16,0.0,0.65,0.358,0.4,0.349,0.289
2020-01-07 03:00:00,18.7,19.27,19.16,19.29,19.4,-1.18,0.0,0.645,0.359,0.406,0.35,0.299
2020-01-07 03:15:00,17.98,19.28,18.55,19.3,19.39,-1.21,0.0,0.052,0.363,0.0,0.353,1.0
2020-01-07 03:30:00,18.28,19.27,18.28,19.28,19.33,-1.23,0.0,0.409,0.358,0.0,0.349,1.0
2020-01-07 03:45:00,18.2,19.26,18.25,19.28,19.37,-1.26,0.0,0.26,0.367,0.0,0.358,1.0
2020-01-07 04:00:00,18.2,19.26,18.16,19.28,19.36,-1.25,0.0,0.3,0.37,0.0,0.361,1.0
2020-01-07 04:15:00,18.18,19.26,18.07,19.27,19.36,-1.24,0.0,0.3,0.368,0.0,0.359,1.0
2020-01-07 04:30:00,18.17,19.26,18.0,19.27,19.35,-1.24,0.0,0.311,0.372,0.0,0.363,1.0
2020-01-07 04:45:00,18.15,19.25,17.92,19.27,19.35,-1.23,0.0,0.316,0.372,0.0,0.363,1.0
2020-01-07 05:00:00,18.15,19.25,17.85,19.27,19.34,-1.23,0.0,0.325,0.374,0.0,0.365,1.0
2020-01-07 05:15:00,18.15,19.86,17.79,19.28,19.36,-1.23,0.0,0.326,1.0,0.0,0.364,1.0
2020-01-07 05:30:00,18.14,20.14,17.74,19.27,19.42,-1.23,0.0,0.325,0.918,0.0,0.361,1.0
2020-01-07 05:45:00,18.15,20.09,17.72,19.28,19.43,-1.23,0.0,0.332,0.78,0.0,0.364,1.0
2020-01-07 06:00:00,18.13,20.17,17.66,19.28,19.43,-1.23,0.0,0.324,0.804,0.0,0.36,1.0
2020-01-07 06:15:00,18.13,20.21,17.62,19.28,19.43,-1.23,0.0,0.337,0.767,0.0,0.362,1.0
2020-01-07 06:30:00,18.12,20.25,17.58,19.28,19.44,-1.23,0.0,0.335,0.744,0.0,0.361,1.0
2020-01-07 06:45:00,18.12,20.29,17.54,19.28,19.44,-1.23,0.0,0.34,0.724,0.0,0.361,1.0
2020-01-07 07:00:00,18.11,20.33,17.5,19.27,19.44,-1.24,0.0,0.341,0.703,0.0,0.36,1.0
2020-01-07 07:15:00,18.11,20.34,17.46,19.27,19.44,-1.25,0.0,0.347,0.686,0.0,0.363,1.0
2020-01-07 07:30:00,18.09,20.35,17.42,19.27,19.44,-1.25,0.0,0.346,0.681,0.0,0.364,1.0
2020-01-07 07:45:00,18.1,20.36,17.38,19.27,19.43,-1.26,0.0,0.353,0.676,0.0,0.366,1.0
2020-01-07 08:00:00,18.09,20.37,17.36,19.27,19.43,-1.24,0.0,0.352,0.671,0.008,0.367,1.0
2020-01-07 08:15:00,18.11,20.4,17.36,19.87,19.45,-1.21,2.1,0.356,0.667,0.02,1.0,1.0
2020-01-07 08:30:00,18.11,20.41,17.38,20.27,19.51,-1.19,23.5,0.344,0.651,0.022,1.0,1.0
2020-01-07 08:45:00,18.14,20.44,17.38,20.34,19.55,-1.17,44.8,0.344,0.644,0.011,0.913,1.0
2020-01-07 09:00:00,18.17,20.48,17.41,20.5,19.57,-0.98,66.2,0.332,0.629,0.008,0.878,1.0
2020-01-07 09:15:00,18.18,20.51,17.42,20.63,19.62,-0.8,87.6,0.315,0.609,0.0,0.799,1.0
2020-01-07 09:30:00,18.23,20.56,17.46,20.75,19.65,-0.61,103.4,0.309,0.594,0.0,0.735,1.0
2020-01-07 09:45:00,18.24,20.59,17.48,20.86,19.7,-0.42,119.1,0.283,0.572,0.0,0.675,1.0
2020-01-07 10:00:00,18.3,20.63,17.52,20.98,19.73,-0.22,134.9,0.282,0.557,0.0,0.62,1.0
2020-01-07 10:15:00,18.29,20.66,17.54,21.08,19.79,-0.02,150.7,0.252,0.535,0.0,0.56,1.0
2020-01-07 10:30:00,18.37,20.7,17.59,21.26,19.81,0.18,166.4,0.254,0.521,0.0,0.508,1.0
2020-01-07 10:45:00,18.36,20.72,17.62,21.33,19.89,0.38,182.1,0.216,0.499,0.0,0.419,1.0
2020-01-07 11:00:00,18.46,20.77,17.68,21.45,19.9,0.54,197.8,0.221,0.488,0.0,0.383,1.0
2020-01-07 11:15:00,18.43,20.78,17.7,21.51,19.98,0.7,213.5,0.168,0.465,0.0,0.325,1.0
2020-01-07 11:30:00,18.57,20.83,17.77,21.54,19.98,0.85,209.5,0.185,0.46,0.0,0.295,1.0
2020-01-07 11:45:00,18.48,20.83,17.77,21.54,20.06,1.01,205.5,0.116,0.436,0.0,0.281,1.0
2020-01-07 12:00:00,18.67,20.88,17.84,21.6,20.02,1.13,201.4,0.159,0.437,0.0,0.282,1.0
2020-01-07 12:15:00,18.49,20.86,17.83,21.51,20.13,1.25,197.4,0.067,0.411,0.0,0.251,1.0
2020-01-07 12:30:00,18.76,20.92,17.89,21.66,20.11,1.37,208.6,0.155,0.418,0.0,0.293,1.0
2020-01-07 12:45:00,18.66,20.93,17.96,21.71,20.15,1.49,219.8,0.018,0.391,0.0,0.219,1.0
2020-01-07 13:00:00,18.81,20.92,17.94,21.7,20.18,1.61,231.1,0.068,0.384,0.0,0.193,1.0
2020-01-07 13:15:00,18.8,20.94,17.98,21.76,20.21,1.73,242.3,0.0,0.391,0.0,0.198,1.0
2020-01-07 13:30:00,18.83,20.93,17.99,21.7,20.23,1.85,228.4,0.0,0.379,0.0,0.168,1.0
2020-01-07 13:45:00,18.87,20.93,18.0,21.68,20.22,1.96,214.6,0.0,0.385,0.0,0.202,1.0
2020-01-07 14:00:00,18.86,20.92,17.99,21.63,20.24,1.99,200.7,0.0,0.385,0.0,0.21,1.0
2020-01-07 14:15:00,18.88,20.92,17.99,21.6,20.22,2.02,186.8,0.0,0.392,0.0,0.237,1.0
2020-01-07 14:30:00,18.84,20.89,17.96,21.52,20.23,2.05,166.7,0.0,0.392,0.0,0.252,1.0
2020-01-07 14:45:00,18.82,20.89,17.95,21.48,20.2,2.08,146.5,0.0,0.404,0.0,0.288,1.0
2020-01-07 15:00:00,18.74,20.86,17.91,21.41,20.19,2.02,126.4,0.0,0.407,0.0,0.31,1.0
2020-01-07 15:15:00,18.74,20.85,17.89,21.36,20.15,1.96,106.2,0.028,0.42,0.0,0.346,1.0
2020-01-07 15:30:00,18.63,20.82,17.83,21.29,20.15,1.9,80.6,0.028,0.424,0.0,0.368,1.0
2020-01-07 15:45:00,18.64,20.81,17.81,21.25,20.09,1.84,54.9,0.084,0.441,0.0,0.406,1.0
2020-01-07 16:00:00,18.44,20.75,17.72,21.15,20.09,1.7,29.3,0.079,0.446,0.0,0.427,1.0
2020-01-07 16:15:00,18.49,20.74,17.69,21.12,19.99,1.56,3.6,0.179,0.474,0.0,0.475,1.0
2020-01-07 16:30:00,18.34,20.69,17.58,21.05,20.02,1.42,0.0,0.154,0.481,0.0,0.488,1.0
2020-01-07 16:45:00,18.43,20.7,17.58,21.06,19.92,1.28,0.0,0.229,0.507,0.0,0.523,1.0
2020-01-07 17:00:00,18.27,20.65,17.47,21.0,19.97,1.22,0.0,0.185,0.502,0.0,0.521,1.0
2020-01-07 17:15:00,18.4,20.67,17.49,21.02,19.86,1.17,0.0,0.264,0.526,0.0,0.552,1.0
2020-01-07 17:30:00,18.2,20.62,17.39,20.95,19.94,1.11,0.0,0.202,0.515,0.0,0.541,1.0
2020-01-07 17:45:00,18.38,20.65,17.43,20.99,19.81,1.05,0.0,0.3,0.541,0.007,0.574,1.0
2020-01-07 18:00:00,18.15,20.59,17.3,20.91,19.92,1.0,0.0,0.209,0.525,0.0,0.554,1.0
2020-01-07 18:15:00,18.37,20.63,17.41,20.97,19.77,0.94,0.0,0.325,0.555,0.049,0.594,1.0
2020-01-07 18:30:00,18.09,20.56,17.22,20.87,19.91,0.88,0.0,0.215,0.533,0.0,0.564,1.0
2020-01-07 18:45:00,18.38,20.63,17.41,20.96,19.71,0.82,0.0,0.353,0.569,0.089,0.613,1.0
2020-01-07 19:00:00,18.11,20.58,17.22,20.89,19.82,0.77,0.0,0.209,0.537,0.0,0.571,1.0
2020-01-07 19:15:00,18.65,20.56,17.55,20.86,19.69,0.73,0.0,0.944,0.561,1.0,0.604,0.091
2020-01-07 19:30:00,18.72,20.58,18.37,20.9,19.83,0.68,0.0,0.673,0.572,1.0,0.618,0.153
2020-01-07 19:45:00,18.67,20.59,18.26,20.91,19.91,0.63,0.0,0.642,0.561,0.814,0.599,0.083
2020-01-07 20:00:00,18.73,20.57,18.43,20.89,19.79,0.56,0.0,0.663,0.557,0.869,0.594,0.045
2020-01-07 20:15:00,18.68,20.54,18.43,20.85,19.85,0.49,0.0,0.635,0.566,0.787,0.605,0.107
2020-01-07 20:30:00,18.77,20.57,18.56,20.89,19.78,0.42,0.0,0.659,0.58,0.785,0.623,0.074
2020-01-07 20:45:00,18.73,20.54,18.57,20.85,19.85,0.35,0.0,0.613,0.563,0.722,0.603,0.112
2020-01-07 21:00:00,18.81,20.57,18.68,20.88,19.77,0.3,0.0,0.637,0.582,0.714,0.626,0.076
2020-01-07 21:15:00,18.79,19.82,18.7,20.87,19.78,0.24,0.0,0.595,0.0,0.659,0.608,0.114
2020-01-07 21:30:00,18.74,19.42,18.69,20.83,19.7,0.18,0.0,0.605,0.089,0.652,0.617,0.111
2020-01-07 21:45:00,18.73,19.72,18.7,20.82,19.66,0.13,0.0,0.63,0.29,0.655,0.637,0.151
2020-01-07 22:00:00,18.72,19.56,18.72,20.81,19.68,0.06,0.0,0.633,0.141,0.648,0.641,0.171
2020-01-07 22:15:00,18.74,19.58,18.75,20.82,19.65,-0.0,0.0,0.639,0.218,0.641,0.646,0.159
2020-01-07 22:30:00,18.71,19.59,18.75,20.8,19.67,-0.06,0.0,0.63,0.211,0.625,0.64,0.173
2020-01-07 22:45:00,18.73,19.54,18.78,20.81,19.63,-0.13,0.0,0.643,0.207,0.626,0.65,0.167
2020-01-07 23:00:00,18.7,19.51,18.77,20.79,19.64,-0.19,0.0,0.635,0.229,0.611,0.645,0.183
2020-01-07 23:15:00,18.72,19.49,18.79,20.8,19.61,-0.25,0.0,0.648,0.243,0.614,0.654,0.178
2020-01-07 23:30:00,18.7,19.45,18.79,20.78,19.62,-0.31,0.0,0.64,0.256,0.603,0.65,0.193
2020-01-07 23:45:00,18.71,19.43,18.81,20.79,19.59,-0.37,0.0,0.652,0.273,0.606,0.658,0.188
2020-01-08 00:00:00,18.69,19.4,18.8,20.78,19.6,-0.45,0.0,0.645,0.284,0.596,0.655,0.203
2020-01-08 00:15:00,18.74,19.39,18.84,20.05,19.52,-0.52,0.0,0.655,0.299,0.599,0.0,0.199
2020-01-08 00:30:00,18.63,19.33,18.78,19.59,19.39,-0.59,0.0,0.631,0.305,0.581,0.0,0.238
2020-01-08 00:45:00,18.63,19.34,18.78,19.77,19.33,-0.66,0.0,0.684,0.334,0.611,0.203,0.304
2020-01-08 01:00:00,18.61,19.32,18.77,19.6,19.38,-0.74,0.0,0.683,0.329,0.608,0.114,0.336
2020-01-08 01:15:00,18.64,19.31,18.8,19.59,19.32,-0.81,0.0,0.697,0.34,0.615,0.2,0.311
2020-01-08 01:30:00,18.58,19.29,18.77,19.52,19.34,-0.89,0.0,0.681,0.344,0.601,0.205,0.34
2020-01-08 01:45:00,18.61,19.29,18.79,19.48,19.3,-0.96,0.0,0.708,0.353,0.616,0.238,0.33
2020-01-08 02:00:00,18.57,19.27,18.77,19.42,19.31,-1.05,0.0,0.693,0.357,0.604,0.262,0.351
2020-01-08 02:15:00,18.59,19.26,18.78,19.38,19.28,-1.13,0.0,0.715,0.365,0.615,0.288,0.346
2020-01-08 02:30:00,18.56,19.25,18.77,19.37,19.28,-1.21,0.0,0.707,0.369,0.608,0.309,0.361
2020-01-08 02:45:00,18.57,19.26,18.78,19.35,19.27,-1.3,0.0,0.721,0.374,0.616,0.313,0.358
2020-01-08 03:00:00,18.56,19.24,18.78,19.37,19.27,-1.36,0.0,0.717,0.372,0.611,0.325,0.366
2020-01-08 03:15:00,18.6,19.25,18.03,19.36,19.1,-1.42,0.0,0.719,0.379,0.0,0.317,0.0
2020-01-08 03:30:00,18.47,19.22,17.76,19.31,18.91,-1.48,0.0,0.702,0.373,0.0,0.321,0.0
2020-01-08 03:45:00,18.49,19.22,17.83,19.32,18.83,-1.54,0.0,0.766,0.391,0.068,0.345,0.0
2020-01-08 04:00:00,18.47,19.21,17.68,19.3,18.85,-1.55,0.0,0.757,0.39,0.033,0.341,0.0
2020-01-08 04:15:00,18.49,19.22,17.78,19.31,18.78,-1.57,0.0,0.763,0.394,0.108,0.35,0.0
2020-01-08 04:30:00,18.47,19.2,17.58,19.29,18.81,-1.58,0.0,0.753,0.388,0.058,0.343,0.0
2020-01-08 04:45:00,18.5,19.24,17.73,19.29,18.71,-1.59,0.0,0.766,0.398,0.158,0.357,0.0
2020-01-08 05:00:00,18.46,19.2,17.49,19.26,18.76,-1.64,0.0,0.752,0.379,0.085,0.354,0.0
2020-01-08 05:15:00,18.49,19.24,17.67,19.29,18.64,-1.68,0.0,0.772,0.402,0.204,0.369,0.0
2020-01-08 05:30:00,18.45,19.19,17.41,19.24,18.72,-1.73,0.0,0.754,0.382,0.114,0.353,0.0
2020-01-08 05:45:00,18.49,19.23,17.62,19.29,18.58,-1.78,0.0,0.777,0.407,0.245,0.379,0.0
2020-01-08 06:00:00,18.44,19.17,17.37,19.22,18.68,-1.81,0.0,0.756,0.384,0.141,0.354,0.0
2020-01-08 06:15:00,18.48,19.23,17.6,19.29,18.54,-1.84,0.0,0.781,0.413,0.265,0.388,0.0
2020-01-08 06:30:00,18.44,19.16,17.35,19.21,18.66,-1.87,0.0,0.759,0.385,0.151,0.356,0.0
2020-01-08 06:45:00,18.48,19.23,17.59,19.29,18.5,-1.9,0.0,0.782,0.418,0.277,0.393,0.0
2020-01-08 07:00:00,18.43,19.15,17.32,19.2,18.63,-1.92,0.0,0.76,0.384,0.156,0.357,0.0
2020-01-08 07:15:00,18.47,19.23,17.57,19.28,18.46,-1.95,0.0,0.786,0.424,0.289,0.401,0.0
2020-01-08 07:30:00,18.43,19.14,17.31,19.19,18.6,-1.97,0.0,0.763,0.387,0.164,0.361,0.019
2020-01-08 07:45:00,18.46,19.22,17.55,19.27,18.43,-1.99,0.0,0.785,0.429,0.297,0.407,0.0
2020-01-08 08:00:00,18.43,19.13,17.28,19.17,18.57,-1.99,0.0,0.768,0.39,0.175,0.366,0.035
2020-01-08 08:15:00,17.48,19.64,17.47,19.69,18.5,-1.99,2.3,0.0,1.0,0.309,1.0,0.0
2020-01-08 08:30:00,17.62,19.96,17.42,20.09,18.56,-1.98,30.0,0.16,1.0,0.213,1.0,0.0
2020-01-08 08:45:00,17.5,19.98,17.49,20.24,18.68,-1.98,57.6,0.091,0.971,0.239,1.0,0.0
2020-01-08 09:00:00,17.61,20.08,17.54,20.46,18.67,-1.81,85.3,0.148,0.958,0.206,0.928,0.0
2020-01-08 09:15:00,17.51,20.09,17.5,20.55,18.79,-1.65,112.9,0.093,0.91,0.179,0.819,0.0
2020-01-08 09:30:00,17.61,20.2,17.59,20.66,18.74,-1.48,126.0,0.146,0.904,0.2,0.775,0.0
2020-01-08 09:45:00,17.46,20.22,17.5,20.73,18.85,-1.32,139.0,0.093,0.851,0.154,0.719,0.0
2020-01-08 10:00:00,17.62,20.31,17.63,20.87,18.77,-1.14,152.1,0.168,0.842,0.202,0.687,0.0
2020-01-08 10:15:00,17.41,20.31,17.49,20.88,18.92,-0.97,165.1,0.091,0.794,0.136,0.616,0.0
2020-01-08 10:30:00,17.64,20.42,17.68,21.03,18.79,-0.79,171.3,0.194,0.796,0.207,0.609,0.0
2020-01-08 10:45:00,17.35,20.38,17.47,20.98,18.99,-0.62,177.5,0.082,0.741,0.11,0.537,0.0
2020-01-08 11:00:00,17.64,20.5,17.69,21.14,18.91,-0.49,183.7,0.223,0.761,0.217,0.56,0.0
2020-01-08 11:15:00,17.51,20.51,17.6,21.2,18.95,-0.35,189.9,0.08,0.698,0.103,0.481,0.0
2020-01-08 11:30:00,17.61,20.51,17.63,21.18,18.96,-0.22,192.4,0.143,0.693,0.148,0.45,0.0
2020-01-08 11:45:00,17.6,20.55,17.64,21.24,18.97,-0.09,194.9,0.096,0.697,0.133,0.461,0.0
2020-01-08 12:00:00,17.64,20.56,17.64,21.25,18.99,0.0,197.4,0.102,0.677,0.128,0.431,0.0
2020-01-08 12:15:00,17.66,20.58,17.66,21.27,19.0,0.09,199.9,0.078,0.671,0.128,0.427,0.0
2020-01-08 12:30:00,17.72,20.59,17.66,21.33,19.01,0.19,218.0,0.072,0.661,0.119,0.415,0.0
2020-01-08 12:45:00,17.78,20.61,17.68,21.42,19.04,0.28,236.0,0.04,0.654,0.121,0.385,0.0
2020-01-08 13:00:00,17.83,20.62,17.68,21.46,19.08,0.38,254.0,0.01,0.646,0.111,0.338,0.0
2020-01-08 13:15:00,17.94,20.64,17.7,21.51,19.09,0.48,272.1,0.0,0.638,0.112,0.32,0.0
2020-01-08 13:30:00,18.05,20.64,17.65,21.48,19.13,0.59,267.8,0.0,0.628,0.102,0.294,0.0
2020-01-08 13:45:00,18.14,20.65,17.7,21.48,19.12,0.69,263.5,0.0,0.631,0.125,0.309,0.0
2020-01-08 14:00:00,18.21,20.65,17.64,21.46,19.15,0.73,259.3,0.0,0.623,0.102,0.309,0.0
2020-01-08 14:15:00,18.31,20.67,17.7,21.46,19.14,0.76,255.0,0.0,0.626,0.128,0.319,0.0
2020-01-08 14:30:00,18.36,20.66,17.64,21.4,19.18,0.79,243.8,0.0,0.614,0.101,0.32,0.0
2020-01-08 14:45:00,18.43,20.68,17.7,21.39,19.14,0.82,232.6,0.0,0.621,0.132,0.348,0.0
2020-01-08 15:00:00,18.46,20.66,17.62,21.32,19.18,0.79,221.4,0.0,0.608,0.1,0.357,0.0
2020-01-08 15:15:00,18.53,20.69,17.7,21.3,19.13,0.75,210.2,0.0,0.621,0.142,0.392,0.0
2020-01-08 15:30:00,18.37,20.65,17.59,21.18,19.18,0.72,159.3,0.0,0.605,0.102,0.4,0.0
2020-01-08 15:45:00,18.23,20.68,17.67,21.15,19.07,0.68,108.5,0.0,0.627,0.157,0.461,0.0
2020-01-08 16:00:00,17.95,20.61,17.52,21.02,19.03,0.56,57.6,0.0,0.611,0.115,0.477,0.0
2020-01-08 16:15:00,17.59,20.55,17.52,20.91,18.93,0.44,6.7,0.0,0.643,0.19,0.541,0.0
2020-01-08 16:30:00,17.59,20.49,17.46,20.83,18.89,0.31,5.0,0.104,0.673,0.189,0.596,0.0
2020-01-08 16:45:00,17.51,20.49,17.48,20.8,18.83,0.19,0.0,0.103,0.707,0.219,0.635,0.0
2020-01-08 17:00:00,17.44,20.45,17.42,20.74,18.82,0.1,0.0,0.144,0.704,0.21,0.649,0.0
2020-01-08 17:15:00,17.42,20.45,17.45,20.72,18.76,0.01,0.0,0.178,0.724,0.24,0.678,0.0
2020-01-08 17:30:00,17.34,20.42,17.39,20.67,18.77,-0.08,0.0,0.188,0.724,0.227,0.688,0.0
2020-01-08 17:45:00,17.35,20.43,17.42,20.66,18.71,-0.17,0.0,0.232,0.741,0.256,0.714,0.0
2020-01-08 18:00:00,17.25,20.39,17.36,20.62,18.73,-0.24,0.0,0.227,0.737,0.239,0.718,0.0
2020-01-08 18:15:00,17.31,20.42,17.41,20.63,18.66,-0.31,0.0,0.274,0.754,0.269,0.74,0.0
2020-01-08 18:30:00,17.22,20.37,17.33,20.59,18.71,-0.38,0.0,0.244,0.742,0.245,0.733,0.0
2020-01-08 18:45:00,17.3,20.41,17.41,20.62,18.63,-0.45,0.0,0.292,0.764,0.284,0.756,0.0
2020-01-08 19:00:00,17.17,20.36,17.31,20.56,18.7,-0.54,0.0,0.25,0.744,0.245,0.741,0.0
2020-01-08 19:15:00,17.31,20.43,17.94,20.63,18.78,-0.63,0.0,0.313,0.771,1.0,0.768,0.649
2020-01-08 19:30:00,17.26,20.44,18.14,20.64,18.94,-0.72,0.0,0.245,0.733,1.0,0.734,0.612
2020-01-08 19:45:00,17.34,20.47,18.17,20.66,18.9,-0.81,0.0,0.269,0.728,0.929,0.729,0.531
2020-01-08 20:00:00,17.24,20.43,18.21,20.62,18.97,-0.89,0.0,0.23,0.717,0.914,0.718,0.549
2020-01-08 20:15:00,17.35,20.47,18.29,20.66,18.93,-0.96,0.0,0.282,0.734,0.894,0.738,0.515
2020-01-08 20:30:00,17.21,20.43,18.3,20.62,19.02,-1.03,0.0,0.223,0.716,0.856,0.721,0.535
2020-01-08 20:45:00,17.38,20.48,18.38,20.66,18.96,-1.1,0.0,0.296,0.735,0.848,0.742,0.488
2020-01-08 21:00:00,17.16,20.41,18.37,20.58,19.08,-1.19,0.0,0.211,0.712,0.808,0.72,0.522
2020-01-08 21:15:00,17.39,20.47,18.45,20.64,18.96,-1.28,0.0,0.322,0.745,0.815,0.758,0.461
2020-01-08 21:30:00,17.09,20.38,18.42,20.54,19.12,-1.36,0.0,0.205,0.717,0.773,0.732,0.521
2020-01-08 21:45:00,17.35,20.45,18.52,20.61,19.03,-1.45,0.0,0.354,0.761,0.792,0.78,0.439
2020-01-08 22:00:00,17.18,20.42,18.49,20.58,19.08,-1.52,0.0,0.227,0.723,0.738,0.745,0.484
2020-01-08 22:15:00,17.27,20.41,18.47,20.56,19.04,-1.59,0.0,0.31,0.74,0.757,0.76,0.462
2020-01-08 22:30:00,17.18,20.4,18.49,20.55,19.08,-1.66,0.0,0.265,0.747,0.763,0.769,0.478
2020-01-08 22:45:00,17.25,20.41,18.51,20.56,19.05,-1.74,0.0,0.309,0.751,0.756,0.775,0.459
2020-01-08 23:00:00,17.16,20.38,18.49,20.52,19.1,-1.84,0.0,0.275,0.744,0.745,0.768,0.474
2020-01-08 23:15:00,17.23,20.4,18.52,20.54,19.05,-1.95,0.0,0.321,0.761,0.754,0.788,0.449
2020-01-08 23:30:00,17.13,20.36,18.49,20.49,19.11,-2.06,0.0,0.284,0.752,0.742,0.781,0.475
2020-01-08 23:45:00,17.23,20.38,18.52,20.52,19.04,-2.16,0.0,0.335,0.771,0.757,0.803,0.446
2020-01-09 00:00:00,17.12,20.35,18.5,20.49,19.12,-2.22,0.0,0.286,0.759,0.742,0.792,0.48
2020-01-09 00:15:00,17.66,19.51,18.57,19.72,18.99,-2.28,0.0,1.0,0.0,0.751,0.0,0.442
2020-01-09 00:30:00,17.75,19.35,18.49,19.5,18.84,-2.34,0.0,1.0,0.245,0.717,0.142,0.503
2020-01-09 00:45:00,17.73,19.53,18.51,19.63,18.91,-2.4,0.0,1.0,0.325,0.757,0.251,0.581
2020-01-09 01:00:00,17.8,19.38,18.52,19.53,18.95,-2.49,0.0,1.0,0.235,0.746,0.187,0.543
2020-01-09 01:15:00,17.84,19.41,18.52,19.46,18.92,-2.58,0.0,1.0,0.308,0.738,0.237,0.525
2020-01-09 01:30:00,17.85,19.34,18.5,19.42,18.93,-2.67,0.0,1.0,0.293,0.74,0.269,0.542
2020-01-09 01:45:00,17.89,19.32,18.51,19.37,18.92,-2.75,0.0,1.0,0.331,0.748,0.289,0.533
2020-01-09 02:00:00,17.91,19.28,18.5,19.34,18.93,-2.84,0.0,1.0,0.342,0.745,0.313,0.542
2020-01-09 02:15:00,17.94,19.25,18.51,19.3,18.92,-2.92,0.0,1.0,0.36,0.749,0.332,0.537
2020-01-09 02:30:00,17.96,19.22,18.5,19.26,18.93,-3.01,0.0,1.0,0.374,0.746,0.349,0.54
2020-01-09 02:45:00,17.99,19.19,18.51,19.23,18.92,-3.1,0.0,1.0,0.39,0.748,0.369,0.537
2020-01-09 03:00:00,18.01,19.19,18.51,19.22,18.93,-3.15,0.0,1.0,0.404,0.746,0.385,0.538
2020-01-09 03:15:00,18.09,19.19,18.55,18.62,18.92,-3.21,0.0,0.997,0.406,0.746,0.0,0.536
2020-01-09 03:30:00,18.01,19.16,18.5,18.28,18.88,-3.26,0.0,0.954,0.405,0.723,0.0,0.538
2020-01-09 03:45:00,18.02,19.15,18.51,18.18,18.83,-3.32,0.0,0.993,0.421,0.749,0.0,0.558
2020-01-09 04:00:00,18.02,19.14,18.5,18.09,18.83,-3.36,0.0,0.988,0.423,0.746,0.0,0.585
2020-01-09 04:15:00,18.04,19.14,18.51,18.02,18.81,-3.39,0.0,0.99,0.431,0.749,0.0,0.583
2020-01-09 04:30:00,18.04,19.13,18.51,17.95,18.81,-3.43,0.0,0.981,0.431,0.744,0.0,0.594
2020-01-09 04:45:00,18.05,19.13,18.52,17.86,18.79,-3.47,0.0,0.982,0.436,0.745,0.0,0.595
2020-01-09 05:00:00,18.05,19.12,18.52,17.77,18.78,-3.51,0.0,0.976,0.436,0.741,0.0,0.603
2020-01-09 05:15:00,18.05,19.25,18.53,17.67,18.76,-3.56,0.0,0.977,0.54,0.74,0.0,0.608
2020-01-09 05:30:00,18.05,19.2,18.53,17.58,18.77,-3.6,0.0,0.974,0.475,0.737,0.0,0.619
2020-01-09 05:45:00,18.06,19.21,18.54,17.51,18.74,-3.65,0.0,0.976,0.499,0.737,0.0,0.614
2020-01-09 06:00:00,18.03,19.2,18.51,17.39,18.73,-3.69,0.0,0.968,0.493,0.731,0.0,0.632
2020-01-09 06:15:00,18.04,19.19,18.51,17.3,18.74,-3.73,0.0,0.983,0.502,0.743,0.0,0.783
2020-01-09 06:30:00,18.03,19.19,18.5,17.22,18.73,-3.77,0.0,0.98,0.504,0.743,0.001,0.782
2020-01-09 06:45:00,18.0,19.18,18.52,17.21,18.71,-3.81,0.0,0.983,0.506,0.748,0.04,0.786
2020-01-09 07:00:00,18.01,19.18,18.51,17.18,18.72,-3.83,0.0,1.0,0.51,0.74,0.043,0.794
2020-01-09 07:15:00,18.04,19.18,18.49,17.17,18.71,-3.86,0.0,0.995,0.51,0.745,0.062,0.791
2020-01-09 07:30:00,18.02,19.18,18.5,17.13,18.72,-3.89,0.0,0.981,0.509,0.755,0.067,0.793
2020-01-09 07:45:00,18.03,19.18,18.5,17.12,18.72,-3.92,0.0,0.988,0.51,0.751,0.084,0.788
2020-01-09 08:00:00,18.04,19.19,18.51,17.1,18.73,-3.91,0.0,0.983,0.509,0.751,0.091,0.792
2020-01-09 08:15:00,18.08,19.2,18.69,17.11,18.73,-3.89,3.2,1.0,0.505,1.0,0.099,0.787
2020-01-09 08:30:00,18.1,19.22,18.85,17.29,18.76,-3.87,47.3,1.0,0.498,1.0,0.094,0.786
2020-01-09 08:45:00,18.15,19.25,18.97,17.37,18.83,-3.86,91.3,1.0,0.488,1.0,0.006,0.769
2020-01-09 09:00:00,18.21,19.27,19.08,17.64,18.86,-3.68,135.4,1.0,0.475,1.0,0.0,0.736
2020-01-09 09:15:00,18.25,19.29,19.16,17.93,18.96,-3.51,179.5,1.0,0.464,1.0,0.0,0.72
2020-01-09 09:30:00,18.33,19.32,19.22,18.16,19.05,-3.34,196.6,1.0,0.455,1.0,0.0,0.669
2020-01-09 09:45:00,18.39,19.34,19.25,18.35,19.11,-3.16,213.7,1.0,0.439,1.0,0.0,0.626
2020-01-09 10:00:00,18.45,19.36,19.29,18.58,19.17,-2.99,230.7,1.0,0.43,1.0,0.0,0.593
2020-01-09 10:15:00,18.51,19.38,19.34,18.82,19.23,-2.82,247.8,1.0,0.418,1.0,0.0,0.567
2020-01-09 10:30:00,18.59,19.41,19.4,19.07,19.28,-2.65,264.9,1.0,0.409,1.0,0.0,0.537
2020-01-09 10:45:00,18.69,19.43,19.46,19.33,19.33,-2.49,282.0,1.0,0.396,1.0,0.0,0.512
2020-01-09 11:00:00,18.81,19.45,19.53,19.62,19.38,-2.32,299.1,1.0,0.385,1.0,0.0,0.485
2020-01-09 11:15:00,18.95,19.47,19.6,19.87,19.43,-2.15,316.2,1.0,0.374,1.0,0.0,0.462
2020-01-09 11:30:00,19.1,19.48,19.66,20.0,19.49,-1.98,312.6,1.0,0.363,1.0,0.0,0.437
2020-01-09 11:45:00,19.26,19.49,19.72,20.09,19.53,-1.81,308.9,1.0,0.359,1.0,0.0,0.405
2020-01-09 12:00:00,19.43,19.51,19.78,20.19,19.57,-1.7,305.2,1.0,0.355,1.0,0.0,0.383
2020-01-09 12:15:00,19.61,19.52,19.84,20.27,19.61,-1.6,301.5,1.0,0.346,1.0,0.0,0.364
2020-01-09 12:30:00,19.89,19.55,19.92,20.44,19.64,-1.49,323.8,1.0,0.341,1.0,0.0,0.344
2020-01-09 12:45:00,20.11,19.57,19.99,20.62,19.71,-1.38,346.0,1.0,0.327,1.0,0.0,0.329
2020-01-09 13:00:00,20.31,19.59,20.07,20.73,19.77,-1.26,368.3,1.0,0.316,1.0,0.0,0.297
2020-01-09 13:15:00,20.56,19.62,20.15,20.87,19.82,-1.14,390.6,1.0,0.306,1.0,0.0,0.264
2020-01-09 13:30:00,20.8,19.62,20.21,20.99,19.9,-1.02,393.9,1.0,0.292,0.974,0.0,0.24
2020-01-09 13:45:00,21.01,19.64,20.25,21.06,19.96,-0.9,397.1,0.948,0.289,0.947,0.0,0.202
2020-01-09 14:00:00,21.18,19.63,20.28,21.07,20.0,-0.85,400.4,0.844,0.282,0.923,0.0,0.172
2020-01-09 14:15:00,21.36,19.63,20.31,21.05,20.03,-0.8,403.6,0.758,0.285,0.909,0.0,0.148
2020-01-09 14:30:00,21.47,19.62,20.32,20.97,20.07,-0.75,390.5,0.672,0.284,0.896,0.0,0.133
2020-01-09 14:45:00,21.58,19.62,20.34,20.86,20.07,-0.7,377.4,0.616,0.288,0.889,0.0,0.116
2020-01-09 15:00:00,21.67,19.61,20.34,20.73,20.08,-0.72,364.3,0.559,0.291,0.882,0.0,0.114
2020-01-09 15:15:00,21.75,19.6,20.34,20.57,20.07,-0.74,351.2,0.517,0.297,0.88,0.0,0.111
2020-01-09 15:30:00,21.59,19.57,20.33,20.28,20.07,-0.76,265.6,0.475,0.302,0.879,0.0,0.114
2020-01-09 15:45:00,21.44,19.55,20.35,20.0,19.96,-0.78,180.0,0.556,0.316,0.887,0.0,0.117
2020-01-09 16:00:00,21.11,19.49,20.29,19.63,19.87,-0.94,94.4,0.63,0.325,0.874,0.0,0.169
2020-01-09 16:15:00,20.77,19.45,20.24,19.32,19.76,-1.09,8.8,0.793,0.356,0.906,0.0,0.215
2020-01-09 16:30:00,20.62,19.41,20.14,19.09,19.7,-1.24,6.6,0.965,0.376,0.932,0.0,0.27
2020-01-09 16:45:00,20.5,19.39,20.12,18.92,19.61,-1.4,0.0,1.0,0.396,0.98,0.0,0.301
2020-01-09 17:00:00,20.34,19.35,20.07,18.73,19.58,-1.46,0.0,1.0,0.403,0.988,0.0,0.345
2020-01-09 17:15:00,20.22,19.34,20.03,18.56,19.5,-1.51,0.0,1.0,0.424,1.0,0.0,0.362
2020-01-09 17:30:00,20.08,19.31,19.98,18.39,19.45,-1.57,0.0,1.0,0.429,1.0,0.0,0.402
2020-01-09 17:45:00,19.97,19.3,19.94,18.23,19.38,-1.63,0.0,1.0,0.444,1.0,0.0,0.425
2020-01-09 18:00:00,19.88,19.28,19.87,18.09,19.33,-1.69,0.0,1.0,0.452,1.0,0.0,0.458
2020-01-09 18:15:00,19.79,19.27,19.84,17.95,19.28,-1.75,0.0,1.0,0.459,1.0,0.0,0.483
2020-01-09 18:30:00,19.7,19.26,19.8,17.82,19.23,-1.81,0.0,1.0,0.465,1.0,0.0,0.509
2020-01-09 18:45:00,19.62,19.25,19.76,17.7,19.19,-1.87,0.0,1.0,0.47,1.0,0.0,0.533
2020-01-09 19:00:00,19.55,19.25,19.73,17.6,19.15,-1.94,0.0,1.0,0.475,1.0,0.0,0.557
2020-01-09 19:15:00,19.57,19.26,19.77,18.39,19.23,-2.02,0.0,1.0,0.476,1.0,1.0,0.576
2020-01-09 19:30:00,19.57,19.27,19.83,19.03,19.4,-2.1,0.0,1.0,0.471,1.0,0.806,0.537
2020-01-09 19:45:00,19.54,19.27,19.85,18.72,19.42,-2.18,0.0,1.0,0.466,1.0,0.487,0.45
2020-01-09 20:00:00,19.42,19.24,19.77,18.76,19.36,-2.2,0.0,1.0,0.466,1.0,0.642,0.44
2020-01-09 20:15:00,19.36,19.25,19.75,18.77,19.37,-2.21,0.0,1.0,0.478,1.0,0.621,0.468
2020-01-09 20:30:00,19.32,19.25,19.74,18.79,19.37,-2.23,0.0,1.0,0.475,1.0,0.617,0.466
2020-01-09 20:45:00,19.28,19.25,19.74,18.83,19.37,-2.24,0.0,1.0,0.475,1.0,0.604,0.466
2020-01-09 21:00:00,19.25,19.25,19.73,18.85,19.38,-2.3,0.0,1.0,0.476,1.0,0.586,0.464
2020-01-09 21:15:00,19.21,19.1,19.73,18.89,19.38,-2.35,0.0,1.0,0.376,1.0,0.573,0.462
2020-01-09 21:30:00,19.18,19.15,19.72,18.92,19.36,-2.4,0.0,1.0,0.45,1.0,0.557,0.461
2020-01-09 21:45:00,19.15,19.14,19.71,18.94,19.38,-2.46,0.0,1.0,0.424,1.0,0.542,0.469
2020-01-09 22:00:00,19.13,19.13,19.72,18.98,19.37,-2.51,0.0,1.0,0.432,1.0,0.53,0.462
2020-01-09 22:15:00,19.11,19.13,19.72,18.98,19.33,-2.57,0.0,1.0,0.433,1.0,0.509,0.315
2020-01-09 22:30:00,19.08,19.12,19.71,18.99,19.32,-2.63,0.0,1.0,0.433,1.0,0.508,0.335
2020-01-09 22:45:00,19.07,19.12,19.72,19.01,19.31,-2.68,0.0,1.0,0.439,1.0,0.505,0.339
2020-01-09 23:00:00,19.03,19.11,19.71,19.0,19.31,-2.73,0.0,1.0,0.438,1.0,0.496,0.343
2020-01-09 23:15:00,19.01,19.11,19.71,19.01,19.3,-2.78,0.0,1.0,0.444,1.0,0.498,0.343
2020-01-09 23:30:00,18.98,19.1,19.7,19.01,19.3,-2.83,0.0,1.0,0.447,1.0,0.495,0.349
2020-01-09 23:45:00,18.96,19.09,19.69,19.01,19.29,-2.87,0.0,1.0,0.451,1.0,0.494,0.351
2020-01-10 00:00:00,18.95,19.09,19.69,19.02,19.28,-2.9,0.0,1.0,0.455,1.0,0.493,0.354
2020-01-10 00:15:00,18.68,19.1,18.96,19.03,19.23,-2.93,0.0,0.527,0.454,0.156,0.49,0.358
2020-01-10 00:30:00,18.64,19.07,19.14,19.01,19.14,-2.96,0.0,0.659,0.45,0.518,0.484,0.386
2020-01-10 00:45:00,18.63,19.08,19.08,19.02,19.18,-2.98,0.0,0.679,0.465,0.428,0.497,0.431
2020-01-10 01:00:00,18.6,19.06,19.04,19.0,19.16,-3.02,0.0,0.684,0.462,0.46,0.491,0.41
2020-01-10 01:15:00,18.57,19.05,19.03,18.99,19.15,-3.07,0.0,0.698,0.468,0.479,0.499,0.418
2020-01-10 01:30:00,18.54,19.04,18.99,18.98,19.13,-3.11,0.0,0.717,0.476,0.487,0.506,0.426
2020-01-10 01:45:00,18.5,19.03,18.96,18.96,19.12,-3.15,0.0,0.732,0.48,0.505,0.512,0.433
2020-01-10 02:00:00,18.5,19.04,18.95,18.99,19.11,-3.15,0.0,0.749,0.486,0.522,0.518,0.439
2020-01-10 02:15:00,18.5,19.04,18.9,18.99,19.11,-3.15,0.0,0.749,0.479,0.526,0.507,0.446
2020-01-10 02:30:00,18.49,19.05,18.91,19.0,19.11,-3.16,0.0,0.748,0.479,0.549,0.505,0.444
2020-01-10 02:45:00,18.49,19.06,18.89,19.01,19.11,-3.16,0.0,0.754,0.475,0.545,0.498,0.447
2020-01-10 03:00:00,18.48,19.06,18.88,19.02,19.1,-3.17,0.0,0.757,0.472,0.554,0.493,0.447
2020-01-10 03:15:00,17.81,18.37,18.89,19.03,18.98,-3.17,0.0,0.112,0.0,0.561,0.491,0.449
2020-01-10 03:30:00,17.97,17.88,18.85,19.02,18.79,-3.18,0.0,0.443,0.0,0.555,0.483,0.512
2020-01-10 03:45:00,17.9,17.71,18.82,19.01,18.78,-3.18,0.0,0.363,0.0,0.574,0.488,0.606
2020-01-10 04:00:00,17.84,17.59,18.81,19.01,18.74,-3.2,0.0,0.401,0.0,0.59,0.493,0.608
2020-01-10 04:15:00,17.81,17.46,18.8,19.0,18.7,-3.21,0.0,0.429,0.0,0.593,0.493,0.631
2020-01-10 04:30:00,17.76,17.34,18.78,19.0,18.67,-3.23,0.0,0.447,0.0,0.601,0.499,0.649
2020-01-10 04:45:00,17.72,17.22,18.77,18.99,18.63,-3.25,0.0,0.472,0.0,0.608,0.501,0.667
2020-01-10 05:00:00,17.67,17.1,18.75,18.98,18.6,-3.25,0.0,0.492,0.0,0.615,0.505,0.685
2020-01-10 05:15:00,17.66,17.1,18.74,18.97,18.56,-3.25,0.0,0.514,0.048,0.623,0.51,0.702
2020-01-10 05:30:00,17.64,17.05,18.73,18.96,18.57,-3.25,0.0,0.521,0.048,0.629,0.514,0.718
2020-01-10 05:45:00,17.64,17.05,18.72,18.96,18.55,-3.25,0.0,0.531,0.074,0.636,0.518,0.713
2020-01-10 06:00:00,17.62,17.0,18.72,18.97,18.56,-3.26,0.0,0.531,0.077,0.638,0.518,0.724
2020-01-10 06:15:00,17.64,17.0,18.72,18.97,18.54,-3.26,0.0,0.538,0.101,0.642,0.517,0.72
2020-01-10 06:30:00,17.62,16.95,18.71,18.97,18.56,-3.26,0.0,0.532,0.101,0.641,0.513,0.729
2020-01-10 06:45:00,17.64,16.96,18.72,18.98,18.54,-3.26,0.0,0.538,0.124,0.645,0.514,0.722
2020-01-10 07:00:00,17.62,16.93,18.71,18.98,18.55,-3.27,0.0,0.531,0.122,0.642,0.509,0.731
2020-01-10 07:15:00,17.66,16.94,17.86,19.39,18.54,-3.27,0.0,0.541,0.136,0.0,1.0,0.723
2020-01-10 07:30:00,17.6,16.91,17.52,19.62,18.54,-3.27,0.0,0.52,0.132,0.0,1.0,0.732
2020-01-10 07:45:00,17.63,16.92,17.58,19.64,18.5,-3.28,0.0,0.548,0.145,0.042,0.992,0.732
2020-01-10 08:00:00,17.6,16.89,17.45,19.66,18.54,-3.25,0.0,0.537,0.14,0.01,0.98,0.751
2020-01-10 08:15:00,17.63,16.92,17.59,19.7,18.28,-3.23,2.4,0.551,0.157,0.077,0.971,0.0
2020-01-10 08:30:00,17.5,16.79,17.3,19.75,18.35,-3.2,33.1,0.535,0.139,0.007,0.95,0.0
2020-01-10 08:45:00,17.63,16.9,17.57,19.94,18.29,-3.17,63.7,0.599,0.203,0.15,0.926,0.0
2020-01-10 09:00:00,17.58,16.87,17.33,20.06,18.32,-3.02,94.4,0.536,0.15,0.016,0.831,0.0
2020-01-10 09:15:00,17.57,16.87,17.48,20.16,18.27,-2.87,125.1,0.562,0.166,0.135,0.77,0.0
2020-01-10 09:30:00,17.57,16.87,17.27,20.23,18.32,-2.73,140.3,0.563,0.166,0.061,0.72,0.0
2020-01-10 09:45:00,17.61,16.9,17.43,20.33,18.26,-2.58,155.5,0.563,0.166,0.165,0.687,0.0
2020-01-10 10:00:00,17.58,16.86,17.19,20.36,18.34,-2.38,170.6,0.546,0.151,0.087,0.635,0.0
2020-01-10 10:15:00,17.69,16.94,17.36,20.49,18.24,-2.19,185.8,0.559,0.169,0.205,0.619,0.0
2020-01-10 10:30:00,17.62,16.85,17.14,20.46,18.38,-2.0,193.3,0.505,0.13,0.121,0.554,0.0
2020-01-10 10:45:00,17.75,16.99,17.41,20.61,18.22,-1.81,200.7,0.541,0.175,0.228,0.57,0.0
2020-01-10 11:00:00,17.75,16.88,17.16,20.61,18.34,-1.66,208.1,0.473,0.105,0.097,0.493,0.0
2020-01-10 11:15:00,17.8,16.96,17.34,20.69,18.31,-1.52,215.6,0.476,0.159,0.219,0.496,0.0
2020-01-10 11:30:00,17.87,16.94,17.25,20.73,18.36,-1.38,216.3,0.452,0.119,0.132,0.456,0.0
2020-01-10 11:45:00,17.93,16.99,17.35,20.78,18.32,-1.24,217.1,0.417,0.128,0.176,0.436,0.0
2020-01-10 12:00:00,17.96,16.95,17.24,20.77,18.38,-1.13,217.8,0.384,0.106,0.123,0.409,0.0
2020-01-10 12:15:00,18.05,17.0,17.36,20.81,18.31,-1.02,218.6,0.37,0.126,0.179,0.417,0.0
2020-01-10 12:30:00,18.19,16.95,17.22,20.97,18.39,-0.91,287.9,0.327,0.098,0.119,0.395,0.0
2020-01-10 12:45:00,18.41,17.04,17.4,21.17,18.38,-0.81,357.3,0.254,0.127,0.19,0.315,0.0
2020-01-10 13:00:00,18.7,16.99,17.25,21.35,18.52,-0.56,426.6,0.144,0.081,0.102,0.215,0.0
2020-01-10 13:15:00,18.92,17.1,17.47,21.56,18.5,-0.32,496.0,0.002,0.107,0.176,0.127,0.0
2020-01-10 13:30:00,19.13,16.99,17.24,21.44,18.67,-0.08,486.5,0.0,0.048,0.065,0.02,0.0
2020-01-10 13:45:00,19.38,17.1,17.47,21.5,18.61,0.16,477.0,0.0,0.106,0.181,0.082,0.0
2020-01-10 14:00:00,19.62,17.04,17.31,21.43,18.64,0.28,467.4,0.0,0.048,0.063,0.052,0.0
2020-01-10 14:15:00,19.78,17.04,17.4,21.35,18.63,0.4,457.9,0.0,0.079,0.144,0.084,0.0
2020-01-10 14:30:00,19.91,16.98,17.32,21.36,18.65,0.52,437.8,0.0,0.078,0.101,0.126,0.0
2020-01-10 14:45:00,20.03,17.03,17.37,21.23,18.64,0.63,417.7,0.0,0.111,0.138,0.121,0.0
2020-01-10 15:00:00,20.11,16.97,17.31,21.16,18.65,0.63,397.6,0.0,0.086,0.113,0.186,0.0
2020-01-10 15:15:00,20.18,16.99,17.35,21.06,18.61,0.62,377.5,0.0,0.117,0.145,0.222,0.0
2020-01-10 15:30:00,19.94,16.93,17.27,20.88,18.63,0.62,285.1,0.0,0.103,0.125,0.268,0.0
2020-01-10 15:45:00,19.66,16.95,17.31,20.77,18.48,0.61,192.8,0.0,0.134,0.165,0.359,0.0
2020-01-10 16:00:00,19.16,16.85,17.17,20.59,18.37,0.45,100.4,0.0,0.124,0.145,0.416,0.0
2020-01-10 16:15:00,18.52,16.81,17.14,20.44,18.22,0.29,8.1,0.0,0.173,0.217,0.504,0.0
2020-01-10 16:30:00,18.39,16.79,17.09,20.35,18.14,0.12,6.1,0.089,0.193,0.228,0.581,0.0
2020-01-10 16:45:00,18.31,16.78,17.1,20.31,18.09,-0.04,0.0,0.154,0.204,0.256,0.623,0.029
2020-01-10 17:00:00,18.18,16.72,17.01,20.22,18.07,-0.1,0.0,0.194,0.208,0.252,0.646,0.057
2020-01-10 17:15:00,18.12,16.73,17.02,20.17,17.99,-0.17,0.0,0.258,0.24,0.296,0.692,0.064
2020-01-10 17:30:00,17.94,16.67,17.01,20.1,18.0,-0.23,0.0,0.288,0.236,0.289,0.713,0.104
2020-01-10 17:45:00,17.91,16.7,17.0,20.09,17.94,-0.29,0.0,0.38,0.264,0.294,0.749,0.1
2020-01-10 18:00:00,17.83,16.66,16.98,20.04,17.95,-0.35,0.0,0.397,0.252,0.302,0.757,0.13
2020-01-10 18:15:00,17.87,16.69,16.93,20.04,17.91,-0.41,0.0,0.433,0.268,0.311,0.778,0.124
2020-01-10 18:30:00,17.76,16.66,16.95,20.01,17.92,-0.46,0.0,0.414,0.253,0.336,0.778,0.144
2020-01-10 18:45:00,17.76,16.69,16.94,20.01,17.89,-0.52,0.0,0.471,0.268,0.325,0.795,0.141
2020-01-10 19:00:00,17.7,16.67,16.93,19.99,17.9,-0.6,0.0,0.472,0.254,0.33,0.795,0.154
2020-01-10 19:15:00,18.12,17.44,16.96,20.02,17.96,-0.67,0.0,1.0,1.0,0.333,0.806,0.151
2020-01-10 19:30:00,18.28,17.96,17.0,20.06,18.09,-0.75,0.0,0.94,1.0,0.32,0.791,0.118
2020-01-10 19:45:00,18.12,18.05,16.98,20.03,18.12,-0.82,0.0,0.862,1.0,0.3,0.769,0.056
2020-01-10 20:00:00,18.16,18.12,17.0,20.04,18.08,-0.87,0.0,0.938,0.974,0.308,0.783,0.041
2020-01-10 20:15:00,18.16,18.19,16.98,20.02,18.1,-0.91,0.0,0.919,0.938,0.301,0.781,0.059
2020-01-10 20:30:00,18.17,18.24,17.01,20.04,18.08,-0.96,0.0,0.918,0.907,0.311,0.788,0.051
2020-01-10 20:45:00,18.17,18.28,16.99,20.03,18.1,-1.01,0.0,0.915,0.882,0.296,0.78,0.058
2020-01-10 21:00:00,18.19,18.35,17.02,20.05,18.09,-1.08,0.0,0.913,0.86,0.305,0.784,0.048
2020-01-10 21:15:00,18.19,18.41,17.0,20.04,18.11,-1.15,0.0,0.907,0.823,0.292,0.777,0.054
2020-01-10 21:30:00,18.21,18.5,17.03,20.03,18.1,-1.23,0.0,0.903,0.793,0.3,0.781,0.044
2020-01-10 21:45:00,18.22,18.54,17.02,20.05,18.12,-1.3,0.0,0.894,0.75,0.286,0.785,0.048
2020-01-10 22:00:00,18.23,18.59,17.02,20.04,18.12,-1.35,0.0,0.889,0.73,0.292,0.777,0.04
2020-01-10 22:15:00,18.23,18.63,17.01,20.03,18.12,-1.4,0.0,0.887,0.706,0.288,0.78,0.04
2020-01-10 22:30:00,18.24,18.68,17.02,20.03,18.12,-1.45,0.0,0.885,0.684,0.293,0.783,0.038
2020-01-10 22:45:00,18.21,18.69,17.02,20.03,18.13,-1.51,0.0,0.882,0.662,0.292,0.784,0.039
2020-01-10 23:00:00,18.21,18.7,17.01,20.02,18.12,-1.57,0.0,0.894,0.657,0.289,0.787,0.037
2020-01-10 23:15:00,18.29,18.73,17.53,19.2,18.07,-1.64,0.0,0.896,0.649,1.0,0.0,0.039
2020-01-10 23:30:00,18.26,18.72,17.73,19.29,18.02,-1.71,0.0,0.855,0.636,1.0,0.398,0.064
2020-01-10 23:45:00,18.18,18.73,17.71,19.38,18.08,-1.77,0.0,0.872,0.639,1.0,0.356,0.089
2020-01-11 00:00:00,18.2,18.74,17.77,19.27,18.08,-1.86,0.0,0.908,0.637,1.0,0.308,0.061
2020-01-11 00:15:00,18.19,18.75,17.82,19.3,18.2,-1.94,0.0,0.902,0.628,1.0,0.366,0.962
2020-01-11 00:30:00,18.2,18.79,17.9,19.29,18.4,-2.03,0.0,0.905,0.624,1.0,0.351,0.899
2020-01-11 00:45:00,18.22,18.82,18.01,19.31,18.4,-2.12,0.0,0.902,0.605,1.0,0.353,0.801
2020-01-11 01:00:00,18.2,18.81,18.05,19.25,18.48,-2.2,0.0,0.889,0.589,0.995,0.346,0.8
2020-01-11 01:15:00,18.22,18.84,18.11,19.26,18.49,-2.27,0.0,0.9,0.596,0.974,0.375,0.761
2020-01-11 01:30:00,18.21,18.83,18.15,19.22,18.55,-2.35,0.0,0.891,0.582,0.943,0.369,0.753
2020-01-11 01:45:00,18.2,18.85,18.22,19.22,18.58,-2.43,0.0,0.897,0.584,0.927,0.389,0.723
2020-01-11 02:00:00,18.19,18.85,18.24,19.18,18.62,-2.51,0.0,0.902,0.576,0.892,0.391,0.711
2020-01-11 02:15:00,18.19,18.85,18.27,19.18,18.64,-2.59,0.0,0.904,0.577,0.881,0.408,0.688
2020-01-11 02:30:00,18.18,18.85,18.28,19.16,18.67,-2.68,0.0,0.904,0.574,0.865,0.409,0.681
2020-01-11 02:45:00,18.18,18.85,18.3,19.15,18.68,-2.76,0.0,0.911,0.576,0.858,0.42,0.667
2020-01-11 03:00:00,18.18,18.86,18.33,19.15,18.7,-2.8,0.0,0.912,0.575,0.848,0.426,0.662
2020-01-11 03:15:00,18.28,18.88,18.38,19.64,18.75,-2.85,0.0,0.91,0.571,0.837,0.927,0.652
2020-01-11 03:30:00,18.22,18.87,18.37,19.61,18.86,-2.89,0.0,0.858,0.558,0.811,0.681,0.623
2020-01-11 03:45:00,18.25,18.88,18.4,19.59,18.81,-2.94,0.0,0.889,0.563,0.815,0.693,0.572
2020-01-11 04:00:00,18.21,18.88,18.38,19.61,18.84,-2.97,0.0,0.876,0.559,0.8,0.703,0.595
2020-01-11 04:15:00,18.29,18.12,18.45,19.65,18.82,-3.0,0.0,0.893,0.012,0.808,0.694,0.579
2020-01-11 04:30:00,18.18,18.2,18.39,19.61,18.76,-3.04,0.0,0.854,0.39,0.776,0.677,0.592
2020-01-11 04:45:00,18.2,18.38,18.4,19.62,18.8,-3.07,0.0,0.908,0.349,0.807,0.693,0.62
2020-01-11 05:00:00,18.2,18.19,18.41,19.64,18.84,-3.12,0.0,0.902,0.259,0.802,0.688,0.598
2020-01-11 05:15:00,18.2,18.28,18.41,19.64,18.8,-3.16,0.0,0.898,0.357,0.797,0.68,0.582
2020-01-11 05:30:00,18.17,18.22,18.39,19.63,18.84,-3.2,0.0,0.902,0.309,0.797,0.679,0.598
2020-01-11 05:45:00,18.18,18.22,18.4,19.64,18.81,-3.25,0.0,0.915,0.342,0.805,0.685,0.581
2020-01-11 06:00:00,18.16,18.19,18.4,19.63,18.83,-3.27,0.0,0.909,0.342,0.799,0.68,0.593
2020-01-11 06:15:00,18.18,18.19,18.41,19.65,18.82,-3.3,0.0,0.918,0.354,0.802,0.683,0.583
2020-01-11 06:30:00,18.16,18.16,18.41,19.64,18.84,-3.32,0.0,0.911,0.357,0.795,0.676,0.588
2020-01-11 06:45:00,18.17,18.16,18.42,19.66,18.83,-3.34,0.0,0.918,0.369,0.796,0.678,0.58
2020-01-11 07:00:00,18.17,18.14,18.42,19.66,18.85,-3.37,0.0,0.913,0.372,0.79,0.672,0.583
2020-01-11 07:15:00,18.17,18.13,18.43,19.67,18.66,-3.4,0.0,0.917,0.381,0.789,0.671,0.0
2020-01-11 07:30:00,18.09,18.08,18.39,19.61,18.65,-3.43,0.0,0.913,0.384,0.783,0.666,0.0
2020-01-11 07:45:00,18.13,18.11,18.41,19.64,18.58,-3.46,0.0,0.953,0.41,0.806,0.693,0.0
2020-01-11 08:00:00,18.08,18.06,18.37,19.59,18.58,-3.41,0.0,0.937,0.395,0.793,0.678,0.0
2020-01-11 08:15:00,17.05,18.07,17.59,19.59,18.37,-3.36,5.6,0.0,0.42,0.063,0.704,0.0
2020-01-11 08:30:00,16.95,18.03,17.83,19.68,18.18,-3.31,61.7,0.074,0.416,0.453,0.704,0.0
2020-01-11 08:45:00,17.01,18.07,17.94,19.95,18.21,-3.27,117.9,0.126,0.433,0.334,0.661,0.0
2020-01-11 09:00:00,16.93,18.1,17.89,20.11,18.31,-2.96,174.1,0.095,0.416,0.281,0.524,0.0
2020-01-11 09:15:00,16.98,18.15,18.07,20.38,18.29,-2.65,230.2,0.133,0.398,0.305,0.443,0.0
2020-01-11 09:30:00,16.91,18.17,17.91,20.42,18.4,-2.34,252.8,0.112,0.373,0.214,0.309,0.0
2020-01-11 09:45:00,17.0,18.23,18.04,20.63,18.32,-2.03,275.4,0.147,0.366,0.295,0.292,0.0
2020-01-11 10:00:00,16.86,18.23,17.9,20.68,18.46,-1.77,298.1,0.098,0.337,0.228,0.183,0.0
2020-01-11 10:15:00,17.05,18.3,18.04,20.91,18.36,-1.51,320.7,0.172,0.334,0.299,0.159,0.0
2020-01-11 10:30:00,16.85,18.3,17.86,21.05,18.54,-1.24,372.4,0.076,0.301,0.231,0.044,0.0
2020-01-11 10:45:00,17.11,18.36,18.07,21.36,18.54,-0.98,424.2,0.173,0.302,0.321,0.0,0.0
2020-01-11 11:00:00,17.07,18.4,18.02,21.82,18.67,-0.68,476.0,0.044,0.27,0.217,0.0,0.0
2020-01-11 11:15:00,17.28,18.43,18.11,22.24,18.82,-0.39,527.7,0.063,0.249,0.24,0.0,0.0
2020-01-11 11:30:00,17.42,18.48,18.15,22.56,18.89,-0.09,537.4,0.0,0.233,0.194,0.0,0.0
2020-01-11 11:45:00,17.58,18.44,18.13,22.75,19.05,0.21,547.0,0.0,0.209,0.176,0.0,0.0
2020-01-11 12:00:00,17.88,18.56,18.23,22.93,19.1,0.42,556.6,0.0,0.228,0.186,0.0,0.0
2020-01-11 12:15:00,18.12,18.5,18.17,23.06,19.25,0.63,566.2,0.0,0.172,0.134,0.0,0.0
2020-01-11 12:30:00,18.42,18.57,18.29,23.17,19.32,0.83,561.2,0.0,0.2,0.166,0.0,0.0
2020-01-11 12:45:00,18.73,18.58,18.25,23.26,19.41,1.04,556.2,0.0,0.163,0.105,0.0,0.0
2020-01-11 13:00:00,19.05,18.59,18.3,23.32,19.48,1.17,551.2,0.0,0.161,0.126,0.0,0.0
2020-01-11 13:15:00,19.39,18.61,18.3,23.36,19.54,1.29,546.2,0.0,0.157,0.099,0.0,0.0
2020-01-11 13:30:00,19.71,18.61,18.32,23.34,19.58,1.41,523.1,0.0,0.146,0.099,0.0,0.0
2020-01-11 13:45:00,20.0,18.62,18.32,23.27,19.59,1.54,500.1,0.0,0.145,0.091,0.0,0.0
2020-01-11 14:00:00,20.12,18.58,18.27,23.12,19.6,1.56,477.0,0.0,0.142,0.091,0.0,0.0
2020-01-11 14:15:00,20.22,18.58,18.3,22.97,19.56,1.59,453.9,0.0,0.161,0.113,0.0,0.0
2020-01-11 14:30:00,20.32,18.53,18.22,22.75,19.55,1.61,432.6,0.0,0.16,0.102,0.0,0.0
2020-01-11 14:45:00,20.41,18.53,18.24,22.53,19.47,1.64,411.3,0.0,0.185,0.141,0.0,0.0
2020-01-11 15:00:00,20.47,18.48,18.16,22.28,19.45,1.56,390.0,0.0,0.187,0.129,0.0,0.0
2020-01-11 15:15:00,20.59,18.47,18.14,22.05,19.37,1.48,368.7,0.0,0.211,0.171,0.0,0.0
2020-01-11 15:30:00,20.34,18.42,18.08,21.74,19.28,1.41,279.6,0.0,0.214,0.18,0.0,0.0
2020-01-11 15:45:00,20.0,18.32,18.01,21.43,19.14,1.33,190.4,0.0,0.24,0.21,0.0,0.0
2020-01-11 16:00:00,19.51,18.33,17.94,21.05,18.98,1.11,101.3,0.0,0.29,0.246,0.0,0.0
2020-01-11 16:15:00,18.86,18.25,17.86,20.71,18.8,0.9,12.2,0.0,0.283,0.279,0.0,0.0
2020-01-11 16:30:00,18.4,18.21,17.85,20.56,18.65,0.68,9.2,0.0,0.324,0.319,0.143,0.0
2020-01-11 16:45:00,18.07,18.19,17.78,20.45,18.59,0.47,0.0,0.0,0.344,0.323,0.222,0.0
2020-01-11 17:00:00,17.82,18.17,17.78,20.33,18.5,0.34,0.0,0.0,0.354,0.36,0.277,0.0
2020-01-11 17:15:00,17.58,18.14,17.71,20.21,18.42,0.2,0.0,0.0,0.367,0.362,0.336,0.0
2020-01-11 17:30:00,17.36,18.12,17.69,20.12,18.33,0.07,0.0,0.0,0.382,0.394,0.394,0.0
2020-01-11 17:45:00,17.15,18.09,17.65,20.01,18.25,-0.06,0.0,0.0,0.391,0.403,0.442,0.0
2020-01-11 18:00:00,17.02,18.02,17.64,20.04,18.16,-0.2,0.0,0.025,0.404,0.427,0.494,0.0
2020-01-11 18:15:00,16.98,18.05,17.6,19.94,18.13,-0.33,0.0,0.088,0.442,0.43,0.48,0.0
2020-01-11 18:30:00,16.91,18.04,17.61,19.93,18.07,-0.47,0.0,0.111,0.423,0.448,0.528,0.0
2020-01-11 18:45:00,16.89,18.03,17.53,19.89,18.05,-0.61,0.0,0.143,0.432,0.444,0.533,0.0
2020-01-11 19:00:00,16.77,18.04,17.62,19.87,18.0,-0.74,0.0,0.155,0.433,0.486,0.556,0.0
2020-01-11 19:15:00,16.77,18.04,17.57,19.31,17.9,-0.87,0.0,0.215,0.432,0.438,0.066,0.0
2020-01-11 19:30:00,16.65,18.01,17.53,19.35,17.76,-1.01,0.0,0.217,0.429,0.467,0.347,0.0
2020-01-11 19:45:00,16.66,18.02,17.53,19.33,17.78,-1.14,0.0,0.277,0.445,0.486,0.323,0.0
2020-01-11 20:00:00,16.64,18.07,17.53,19.23,17.75,-1.27,0.0,0.271,0.442,0.485,0.334,0.0
2020-01-11 20:15:00,16.61,18.62,17.54,19.24,17.75,-1.4,0.0,0.282,0.965,0.484,0.384,0.0
2020-01-11 20:30:00,16.65,18.57,17.47,19.21,17.8,-1.53,0.0,0.294,0.69,0.479,0.382,0.0
2020-01-11 20:45:00,16.59,18.56,17.51,19.18,17.75,-1.66,0.0,0.276,0.714,0.513,0.397,0.0
2020-01-11 21:00:00,16.58,18.58,17.47,19.13,17.73,-1.79,0.0,0.305,0.72,0.496,0.411,0.0
2020-01-11 21:15:00,16.56,18.58,17.47,19.11,17.71,-1.92,0.0,0.309,0.708,0.516,0.434,0.0
2020-01-11 21:30:00,16.54,18.6,17.46,19.09,17.69,-2.05,0.0,0.318,0.708,0.513,0.444,0.0
2020-01-11 21:45:00,16.53,18.57,17.45,19.11,17.68,-2.18,0.0,0.328,0.7,0.521,0.457,0.0
2020-01-11 22:00:00,16.51,18.6,17.44,19.07,17.67,-2.32,0.0,0.334,0.716,0.524,0.444,0.0
2020-01-11 22:15:00,16.5,18.61,17.44,19.06,17.65,-2.45,0.0,0.343,0.699,0.528,0.467,0.0
2020-01-11 22:30:00,16.49,18.66,17.43,18.99,17.64,-2.59,0.0,0.348,0.696,0.531,0.47,0.0
2020-01-11 22:45:00,16.48,18.65,17.42,19.0,17.62,-2.73,0.0,0.357,0.67,0.536,0.504,0.0
2020-01-11 23:00:00,16.45,18.61,17.41,19.01,17.61,-2.85,0.0,0.361,0.674,0.538,0.498,0.0
2020-01-11 23:15:00,16.45,18.63,17.4,18.98,17.74,-2.98,0.0,0.373,0.694,0.547,0.493,1.0
2020-01-11 23:30:00,16.5,18.66,17.42,19.02,17.9,-3.11,0.0,0.376,0.684,0.551,0.511,1.0
2020-01-11 23:45:00,16.52,18.68,17.44,19.03,17.91,-3.24,0.0,0.352,0.67,0.54,0.49,1.0
2020-01-12 00:00:00,16.46,18.65,17.4,18.99,17.95,-3.38,0.0,0.342,0.659,0.531,0.484,1.0
2020-01-12 00:15:00,17.03,18.74,17.78,18.94,18.01,-3.53,0.0,1.0,0.675,1.0,0.505,1.0
2020-01-12 00:30:00,17.18,18.71,17.82,18.96,18.13,-3.67,0.0,1.0,0.629,1.0,0.53,0.993
2020-01-12 00:45:00,17.15,18.71,17.81,18.92,18.16,-3.82,0.0,1.0,0.643,1.0,0.52,0.936
2020-01-12 01:00:00,17.19,18.72,17.85,18.93,18.16,-4.01,0.0,1.0,0.645,1.0,0.539,0.922
2020-01-12 01:15:00,17.21,18.63,17.88,19.01,18.22,-4.2,0.0,1.0,0.638,1.0,0.534,0.92
2020-01-12 01:30:00,17.26,18.69,17.92,18.97,18.24,-4.38,0.0,1.0,0.684,1.0,0.496,0.892
2020-01-12 01:45:00,17.28,18.67,17.95,18.97,18.29,-4.57,0.0,1.0,0.656,1.0,0.517,0.879
2020-01-12 02:00:00,17.32,18.69,17.99,18.98,18.32,-4.75,0.0,1.0,0.663,1.0,0.513,0.857
2020-01-12 02:15:00,17.35,18.7,18.03,18.98,18.36,-4.93,0.0,1.0,0.655,1.0,0.508,0.842
2020-01-12 02:30:00,17.39,18.71,18.07,18.99,18.4,-5.11,0.0,1.0,0.65,0.986,0.511,0.819
2020-01-12 02:45:00,17.37,18.72,18.14,18.99,18.43,-5.29,0.0,1.0,0.644,0.967,0.506,0.802
2020-01-12 03:00:00,17.45,18.73,18.1,18.99,18.45,-5.4,0.0,1.0,0.638,0.93,0.506,0.785
2020-01-12 03:15:00,17.46,18.74,18.14,18.99,18.48,-5.51,0.0,1.0,0.633,0.951,0.505,0.776
2020-01-12 03:30:00,17.49,18.75,18.16,18.99,18.5,-5.63,0.0,1.0,0.629,0.929,0.505,0.76
2020-01-12 03:45:00,17.5,18.76,18.18,18.99,18.52,-5.74,0.0,1.0,0.623,0.919,0.503,0.751
2020-01-12 04:00:00,17.52,18.79,18.19,18.95,18.54,-5.85,0.0,1.0,0.618,0.909,0.503,0.738
2020-01-12 04:15:00,17.53,18.78,18.14,18.97,18.56,-5.96,0.0,1.0,0.604,0.804,0.524,0.729
2020-01-12 04:30:00,17.53,18.78,18.15,18.95,18.56,-6.07,0.0,1.0,0.611,0.829,0.516,0.722
2020-01-12 04:45:00,17.53,18.78,18.15,18.95,18.57,-6.18,0.0,1.0,0.609,0.823,0.523,0.719
2020-01-12 05:00:00,17.54,18.78,18.15,18.95,18.58,-6.3,0.0,1.0,0.61,0.824,0.526,0.713
2020-01-12 05:15:00,17.54,18.78,18.15,18.94,18.59,-6.41,0.0,1.0,0.611,0.823,0.527,0.71
2020-01-12 05:30:00,17.54,18.77,18.15,18.94,18.6,-6.53,0.0,1.0,0.612,0.824,0.531,0.704
2020-01-12 05:45:00,17.54,18.77,18.15,18.93,18.61,-6.64,0.0,1.0,0.613,0.823,0.532,0.702
2020-01-12 06:00:00,17.53,18.76,18.14,18.91,18.61,-6.73,0.0,1.0,0.614,0.824,0.535,0.697
2020-01-12 06:15:00,17.52,18.87,18.13,18.9,18.7,-6.83,0.0,1.0,0.72,0.83,0.546,0.995
2020-01-12 06:30:00,17.55,18.85,18.15,18.9,18.72,-6.92,0.0,1.0,0.666,0.835,0.552,0.951
2020-01-12 06:45:00,17.54,18.84,18.13,18.87,18.74,-7.02,0.0,1.0,0.675,0.826,0.552,0.941
2020-01-12 07:00:00,17.56,18.86,18.16,18.9,18.74,-7.09,0.0,1.0,0.682,0.835,0.563,0.932
2020-01-12 07:15:00,17.65,18.89,18.21,18.15,18.74,-7.16,0.0,1.0,0.668,0.82,0.0,0.932
2020-01-12 07:30:00,17.58,18.87,18.17,17.68,18.68,-7.24,0.0,1.0,0.653,0.793,0.0,0.931
2020-01-12 07:45:00,17.56,18.89,18.19,17.64,18.61,-7.31,0.0,1.0,0.663,0.815,0.008,0.959
2020-01-12 08:00:00,17.54,18.88,18.17,17.56,18.64,-7.35,0.0,1.0,0.656,0.806,0.03,0.993
2020-01-12 08:15:00,17.56,18.9,18.2,17.56,18.61,-7.38,4.3,1.0,0.659,0.815,0.071,0.982
2020-01-12 08:30:00,17.64,18.95,18.4,17.87,18.68,-7.42,88.0,1.0,0.648,0.802,0.07,0.997
2020-01-12 08:45:00,17.75,18.99,18.53,18.28,18.82,-7.45,171.7,1.0,0.627,0.699,0.0,0.958
2020-01-12 09:00:00,17.83,19.03,18.62,18.79,18.93,-7.36,255.3,1.0,0.604,0.634,0.0,0.889
2020-01-12 09:15:00,17.91,19.06,18.68,19.34,19.02,-7.27,339.0,1.0,0.586,0.59,0.0,0.833
2020-01-12 09:30:00,17.99,19.1,18.68,19.79,19.11,-7.18,368.6,1.0,0.568,0.558,0.0,0.789
2020-01-12 09:45:00,18.06,19.13,18.69,20.2,19.19,-7.09,398.2,1.0,0.551,0.558,0.0,0.746
2020-01-12 10:00:00,18.15,19.16,18.7,20.62,19.29,-7.02,427.9,1.0,0.536,0.555,0.0,0.704
2020-01-12 10:15:00,18.24,19.2,18.72,21.02,19.39,-6.95,457.5,1.0,0.518,0.551,0.0,0.656
2020-01-12 10:30:00,18.33,19.23,18.76,21.37,19.49,-6.88,477.6,1.0,0.5,0.542,0.0,0.605
2020-01-12 10:45:00,18.45,19.27,18.8,21.68,19.59,-6.8,497.7,0.984,0.483,0.522,0.0,0.555
2020-01-12 11:00:00,18.53,19.29,18.82,22.01,19.64,-6.73,517.7,0.923,0.467,0.5,0.0,0.506
2020-01-12 11:15:00,18.66,19.32,18.84,22.26,19.75,-6.66,537.8,0.887,0.453,0.489,0.0,0.478
2020-01-12 11:30:00,18.85,19.36,18.9,22.47,19.82,-6.59,538.9,0.821,0.442,0.48,0.0,0.425
2020-01-12 11:45:00,19.01,19.39,18.92,22.64,19.92,-6.52,539.9,0.725,0.422,0.449,0.0,0.389
2020-01-12 12:00:00,19.17,19.39,18.96,22.78,19.97,-6.49,541.0,0.646,0.407,0.439,0.0,0.34
2020-01-12 12:15:00,19.33,19.4,18.97,22.89,20.04,-6.45,542.0,0.563,0.404,0.422,0.0,0.313
2020-01-12 12:30:00,19.5,19.41,18.99,22.97,20.08,-6.41,538.2,0.484,0.399,0.417,0.0,0.279
2020-01-12 12:45:00,19.65,19.41,18.99,23.02,20.13,-6.38,534.3,0.4,0.395,0.405,0.0,0.258
2020-01-12 13:00:00,19.82,19.42,19.01,23.05,20.15,-6.37,530.4,0.323,0.396,0.404,0.0,0.235
2020-01-12 13:15:00,19.98,19.42,19.01,23.02,20.19,-6.37,526.6,0.238,0.388,0.395,0.0,0.223
2020-01-12 13:30:00,20.13,19.42,19.02,22.95,20.18,-6.36,514.3,0.159,0.391,0.395,0.0,0.207
2020-01-12 13:45:00,20.26,19.41,19.0,22.83,20.17,-6.35,502.1,0.087,0.39,0.391,0.0,0.208
2020-01-12 14:00:00,20.4,19.4,19.0,22.7,20.14,-6.38,489.9,0.02,0.396,0.399,0.0,0.213
2020-01-12 14:15:00,20.54,19.39,18.97,22.55,20.12,-6.4,477.6,0.0,0.398,0.401,0.0,0.231
2020-01-12 14:30:00,20.66,19.37,18.96,22.37,20.09,-6.43,456.6,0.0,0.407,0.413,0.0,0.241
2020-01-12 14:45:00,20.75,19.35,18.93,22.17,20.05,-6.45,435.6,0.0,0.413,0.419,0.0,0.257
2020-01-12 15:00:00,20.81,19.33,18.91,21.92,20.01,-6.52,414.6,0.0,0.424,0.433,0.0,0.273
2020-01-12 15:15:00,20.85,19.31,18.88,21.64,19.96,-6.59,393.5,0.0,0.434,0.444,0.0,0.295
2020-01-12 15:30:00,20.56,19.29,18.85,21.31,19.86,-6.66,297.9,0.0,0.447,0.46,0.0,0.321
2020-01-12 15:45:00,20.12,19.23,18.78,20.9,19.72,-6.73,202.3,0.0,0.457,0.473,0.0,0.372
2020-01-12 16:00:00,19.64,19.17,18.71,20.5,19.58,-6.86,106.8,0.09,0.486,0.511,0.0,0.442
2020-01-12 16:15:00,19.25,19.13,18.64,20.12,19.46,-6.98,11.2,0.331,0.513,0.547,0.0,0.511
2020-01-12 16:30:00,19.17,19.08,18.57,19.82,19.4,-7.11,8.4,0.524,0.536,0.579,0.0,0.571
2020-01-12 16:45:00,19.01,19.06,18.55,19.55,19.33,-7.24,0.0,0.567,0.561,0.616,0.0,0.6
2020-01-12 17:00:00,18.89,19.03,18.5,19.28,19.28,-7.21,0.0,0.646,0.572,0.624,0.0,0.635
2020-01-12 17:15:00,18.78,19.02,18.48,18.98,19.24,-7.18,0.0,0.706,0.587,0.65,0.0,0.658
2020-01-12 17:30:00,18.68,19.0,18.45,18.75,19.21,-7.15,0.0,0.759,0.589,0.661,0.0,0.681
2020-01-12 17:45:00,18.6,18.99,18.43,18.53,19.15,-7.13,0.0,0.809,0.601,0.677,0.0,0.697
2020-01-12 18:00:00,18.51,18.97,18.39,18.32,19.11,-7.17,0.0,0.851,0.607,0.687,0.0,0.723
2020-01-12 18:15:00,18.43,18.95,18.37,18.12,19.05,-7.22,0.0,0.897,0.617,0.705,0.0,0.745
2020-01-12 18:30:00,18.36,18.94,18.34,17.95,19.0,-7.27,0.0,0.936,0.624,0.717,0.0,0.774
2020-01-12 18:45:00,18.3,18.92,18.31,17.78,18.94,-7.32,0.0,0.971,0.632,0.732,0.0,0.801
2020-01-12 19:00:00,18.27,18.94,18.31,17.65,18.9,-7.37,0.0,1.0,0.639,0.745,0.0,0.828
2020-01-12 19:15:00,18.17,18.94,18.3,17.58,18.88,-7.41,0.0,0.866,0.63,0.747,0.023,0.851
2020-01-12 19:30:00,18.16,18.95,18.3,17.56,18.84,-7.46,0.0,0.916,0.628,0.751,0.06,0.862
2020-01-12 19:45:00,18.14,18.96,18.3,17.51,18.85,-7.5,0.0,0.921,0.623,0.749,0.069,0.878
2020-01-12 20:00:00,18.11,18.96,18.3,17.47,18.84,-7.55,0.0,0.929,0.618,0.75,0.094,0.873
2020-01-12 20:15:00,18.08,18.95,18.35,17.44,18.83,-7.61,0.0,0.944,0.622,0.851,0.114,0.881
2020-01-12 20:30:00,18.06,18.95,18.34,17.42,18.83,-7.66,0.0,0.959,0.624,0.826,0.128,0.886
2020-01-12 20:45:00,18.03,18.94,18.33,17.39,18.82,-7.71,0.0,0.972,0.626,0.832,0.142,0.885
2020-01-12 21:00:00,18.02,18.95,18.34,17.38,18.81,-7.72,0.0,0.983,0.628,0.833,0.153,0.892
2020-01-12 21:15:00,18.01,18.95,18.34,17.36,18.81,-7.72,0.0,0.99,0.626,0.832,0.159,0.894
2020-01-12 21:30:00,18.0,18.95,18.34,17.35,18.81,-7.72,0.0,0.995,0.625,0.831,0.168,0.894
2020-01-12 21:45:00,17.99,18.96,18.34,17.33,18.81,-7.73,0.0,1.0,0.623,0.829,0.175,0.895
2020-01-12 22:00:00,17.98,18.96,18.35,17.33,18.81,-7.72,0.0,1.0,0.622,0.828,0.183,0.896
2020-01-12 22:15:00,17.98,18.84,18.35,17.32,18.72,-7.72,0.0,1.0,0.52,0.825,0.186,0.597
2020-01-12 22:30:00,17.94,18.86,18.33,17.28,18.71,-7.72,0.0,1.0,0.581,0.823,0.191,0.64
2020-01-12 22:45:00,17.93,18.88,18.35,17.29,18.69,-7.72,0.0,1.0,0.569,0.834,0.21,0.647
2020-01-12 23:00:00,17.93,18.87,18.35,17.27,18.7,-7.67,0.0,1.0,0.558,0.827,0.207,0.656
2020-01-12 23:15:00,18.01,18.9,18.41,18.03,18.78,-7.63,0.0,1.0,0.564,0.826,1.0,0.652
2020-01-12 23:30:00,18.09,18.93,18.46,18.54,18.95,-7.59,0.0,0.995,0.548,0.793,0.984,0.61
2020-01-12 23:45:00,18.04,18.9,18.43,18.43,19.0,-7.55,0.0,0.954,0.537,0.77,0.728,0.525
2020-01-13 00:00:00,18.04,18.9,18.44,18.53,18.92,-7.54,0.0,0.982,0.55,0.783,0.783,0.499
2020-01-13 00:15:00,18.0,18.89,18.41,18.58,18.96,-7.53,0.0,0.98,0.55,0.78,0.734,0.542
2020-01-13 00:30:00,18.02,18.89,18.44,18.64,18.93,-7.53,0.0,1.0,0.556,0.794,0.71,0.522
2020-01-13 00:45:00,18.0,18.88,18.42,18.68,18.95,-7.52,0.0,0.988,0.556,0.781,0.681,0.536
2020-01-13 01:00:00,18.01,18.88,18.43,18.73,18.93,-7.53,0.0,1.0,0.561,0.791,0.659,0.524
2020-01-13 01:15:00,17.99,18.87,18.42,18.77,18.94,-7.53,0.0,0.996,0.562,0.785,0.633,0.534
2020-01-13 01:30:00,17.99,18.86,18.42,18.78,18.93,-7.54,0.0,1.0,0.566,0.791,0.613,0.529
2020-01-13 01:45:00,17.97,18.86,18.41,18.79,18.93,-7.55,0.0,1.0,0.568,0.789,0.609,0.535
2020-01-13 02:00:00,17.96,18.85,18.41,18.79,18.92,-7.53,0.0,1.0,0.571,0.794,0.606,0.536
2020-01-13 02:15:00,17.94,18.84,18.4,18.8,18.91,-7.5,0.0,1.0,0.576,0.796,0.603,0.542
2020-01-13 02:30:00,17.93,18.83,18.39,18.8,18.9,-7.48,0.0,1.0,0.58,0.801,0.602,0.546
2020-01-13 02:45:00,17.91,18.82,18.38,18.8,18.89,-7.46,0.0,1.0,0.584,0.804,0.602,0.552
2020-01-13 03:00:00,17.88,18.8,18.37,18.78,18.88,-7.46,0.0,1.0,0.588,0.808,0.602,0.556
2020-01-13 03:15:00,17.9,18.81,17.5,19.1,18.78,-7.46,0.0,1.0,0.601,0.0,0.958,0.562
2020-01-13 03:30:00,17.76,18.77,17.53,19.09,18.68,-7.46,0.0,1.0,0.597,0.198,0.799,0.612
2020-01-13 03:45:00,17.72,18.76,17.49,19.04,18.69,-7.47,0.0,1.0,0.617,0.185,0.806,0.661
2020-01-13 04:00:00,17.73,18.77,17.47,19.09,18.65,-7.46,0.0,1.0,0.621,0.204,0.829,0.657
2020-01-13 04:15:00,17.71,18.77,17.44,19.09,18.67,-7.45,0.0,1.0,0.614,0.214,0.803,0.673
2020-01-13 04:30:00,17.72,18.77,17.44,19.11,18.65,-7.45,0.0,1.0,0.617,0.229,0.804,0.666
2020-01-13 04:45:00,17.7,18.77,17.4,19.12,18.66,-7.44,0.0,1.0,0.613,0.228,0.794,0.677
2020-01-13 05:00:00,17.69,18.76,17.39,19.12,18.64,-7.42,0.0,1.0,0.614,0.248,0.79,0.671
2020-01-13 05:15:00,17.66,18.76,17.34,19.12,18.64,-7.41,0.0,1.0,0.618,0.257,0.79,0.68
2020-01-13 05:30:00,17.65,18.75,17.32,19.12,18.62,-7.39,0.0,1.0,0.622,0.281,0.79,0.682
2020-01-13 05:45:00,17.62,18.74,17.28,19.12,18.61,-7.38,0.0,1.0,0.624,0.289,0.788,0.692
2020-01-13 06:00:00,17.61,18.74,17.26,19.13,18.59,-7.37,0.0,1.0,0.629,0.312,0.79,0.693
2020-01-13 06:15:00,17.66,19.1,17.23,19.15,18.61,-7.36,0.0,1.0,1.0,0.319,0.787,0.703
2020-01-13 06:30:00,17.6,19.22,17.22,19.13,18.66,-7.35,0.0,1.0,1.0,0.333,0.773,0.693
2020-01-13 06:45:00,17.58,19.25,17.21,19.13,18.63,-7.35,0.0,1.0,1.0,0.342,0.784,0.672
2020-01-13 07:00:00,17.57,19.29,17.19,19.14,18.64,-7.33,0.0,1.0,1.0,0.345,0.783,0.686
2020-01-13 07:15:00,17.61,19.34,17.17,19.16,18.72,-7.32,0.0,1.0,1.0,0.357,0.778,0.981
2020-01-13 07:30:00,17.64,19.4,17.21,19.18,18.73,-7.31,0.0,1.0,1.0,0.367,0.772,0.942
2020-01-13 07:45:00,17.65,19.45,17.18,19.19,18.77,-7.3,0.0,1.0,1.0,0.344,0.758,0.934
2020-01-13 08:00:00,17.67,19.5,17.2,19.2,18.76,-7.28,0.0,1.0,1.0,0.361,0.756,0.917
2020-01-13 08:15:00,17.39,19.58,17.2,19.24,18.76,-7.25,3.4,0.517,1.0,0.348,0.748,0.922
2020-01-13 08:30:00,17.41,19.6,17.2,19.28,18.76,-7.22,27.2,0.656,1.0,0.35,0.729,0.92
2020-01-13 08:45:00,17.43,19.65,17.25,19.37,18.77,-7.19,50.9,0.643,1.0,0.352,0.712,0.922
2020-01-13 09:00:00,17.42,19.72,17.27,19.46,18.82,-6.97,74.6,0.633,1.0,0.327,0.664,0.917
2020-01-13 09:15:00,17.47,19.8,17.31,19.56,18.84,-6.75,98.4,0.64,1.0,0.313,0.622,0.891
2020-01-13 09:30:00,17.47,19.87,17.33,19.69,18.9,-6.54,120.2,0.613,1.0,0.294,0.572,0.882
2020-01-13 09:45:00,17.52,19.95,17.37,19.79,18.93,-6.32,142.0,0.613,1.0,0.284,0.504,0.851
2020-01-13 10:00:00,17.53,20.02,17.38,19.89,18.98,-6.12,163.8,0.589,1.0,0.264,0.456,0.837
2020-01-13 10:15:00,17.58,20.1,17.41,20.0,19.0,-5.92,185.6,0.584,1.0,0.262,0.407,0.81
2020-01-13 10:30:00,17.6,20.17,17.42,20.05,19.06,-5.73,201.1,0.559,1.0,0.244,0.352,0.8
2020-01-13 10:45:00,17.7,20.25,17.44,20.14,19.07,-5.53,216.6,0.551,1.0,0.242,0.326,0.771
2020-01-13 11:00:00,17.72,20.31,17.47,20.21,19.14,-5.33,232.1,0.501,0.973,0.228,0.281,0.766
2020-01-13 11:15:00,17.82,20.39,17.54,20.32,19.15,-5.13,247.6,0.489,0.943,0.215,0.247,0.731
2020-01-13 11:30:00,17.87,20.43,17.53,20.34,19.23,-4.93,256.2,0.441,0.905,0.178,0.191,0.725
2020-01-13 11:45:00,17.99,20.51,17.61,20.45,19.22,-4.73,264.9,0.415,0.883,0.187,0.178,0.685
2020-01-13 12:00:00,18.01,20.53,17.57,20.45,19.32,-4.52,273.6,0.355,0.845,0.143,0.124,0.689
2020-01-13 12:15:00,18.16,20.61,17.68,20.55,19.28,-4.31,282.2,0.343,0.833,0.166,0.124,0.642
2020-01-13 12:30:00,18.22,20.61,17.59,20.65,19.39,-4.11,320.3,0.269,0.796,0.111,0.075,0.662
2020-01-13 12:45:00,18.43,20.68,17.74,20.8,19.36,-3.9,358.3,0.241,0.796,0.156,0.025,0.605
2020-01-13 13:00:00,18.52,20.68,17.61,20.96,19.5,-3.7,396.4,0.133,0.758,0.082,0.0,0.622
2020-01-13 13:15:00,18.79,20.76,17.8,21.19,19.46,-3.51,434.5,0.088,0.759,0.144,0.0,0.549
2020-01-13 13:30:00,18.82,20.73,17.61,21.19,19.65,-3.31,432.0,0.0,0.718,0.051,0.0,0.568
2020-01-13 13:45:00,19.08,20.81,17.84,21.26,19.52,-3.11,429.5,0.0,0.735,0.143,0.0,0.477
2020-01-13 14:00:00,19.29,20.74,17.56,21.22,19.7,-3.04,427.0,0.0,0.696,0.029,0.0,0.538
2020-01-13 14:15:00,19.58,20.82,17.85,21.25,19.56,-2.97,424.5,0.0,0.732,0.172,0.0,0.448
2020-01-13 14:30:00,19.75,20.79,17.58,21.13,19.66,-2.89,410.2,0.0,0.692,0.023,0.0,0.52
2020-01-13 14:45:00,19.91,20.76,17.71,20.99,19.64,-2.82,395.9,0.0,0.707,0.161,0.0,0.468
2020-01-13 15:00:00,20.04,20.77,17.65,20.86,19.63,-2.85,381.6,0.0,0.719,0.096,0.0,0.482
2020-01-13 15:15:00,20.13,20.75,17.64,20.7,19.6,-2.87,367.3,0.0,0.716,0.127,0.0,0.487
2020-01-13 15:30:00,19.96,20.72,17.61,20.43,19.58,-2.9,292.7,0.0,0.724,0.13,0.001,0.5
2020-01-13 15:45:00,19.7,20.71,17.59,20.33,19.5,-2.93,218.1,0.0,0.739,0.146,0.136,0.508
2020-01-13 16:00:00,19.32,20.66,17.51,20.19,19.45,-3.1,143.6,0.0,0.747,0.156,0.183,0.552
2020-01-13 16:15:00,18.79,20.62,17.48,20.03,19.36,-3.26,69.0,0.0,0.768,0.193,0.256,0.577
2020-01-13 16:30:00,18.52,20.54,17.43,19.95,19.33,-3.43,51.8,0.0,0.792,0.208,0.333,0.618
2020-01-13 16:45:00,18.3,20.53,17.43,19.88,19.24,-3.6,0.0,0.09,0.829,0.237,0.373,0.636
2020-01-13 17:00:00,18.27,20.48,17.35,19.8,19.22,-3.65,0.0,0.199,0.834,0.234,0.409,0.68
2020-01-13 17:15:00,18.15,20.47,17.38,19.78,19.17,-3.71,0.0,0.215,0.859,0.273,0.448,0.691
2020-01-13 17:30:00,18.07,20.44,17.32,19.73,19.17,-3.76,0.0,0.274,0.865,0.262,0.462,0.713
2020-01-13 17:45:00,18.01,20.43,17.34,19.71,19.12,-3.81,0.0,0.314,0.879,0.288,0.486,0.717
2020-01-13 18:00:00,17.91,20.4,17.29,19.64,19.12,-3.89,0.0,0.343,0.887,0.282,0.496,0.738
2020-01-13 18:15:00,17.87,20.38,17.3,19.62,19.07,-3.96,0.0,0.393,0.902,0.307,0.531,0.738
2020-01-13 18:30:00,17.78,20.34,17.24,19.57,19.08,-4.03,0.0,0.414,0.909,0.301,0.541,0.766
2020-01-13 18:45:00,17.75,20.34,17.27,19.54,19.02,-4.11,0.0,0.461,0.928,0.328,0.566,0.761
2020-01-13 19:00:00,17.7,20.32,17.23,19.54,19.04,-4.11,0.0,0.475,0.931,0.316,0.578,0.79
2020-01-13 19:15:00,17.76,20.37,17.7,19.1,19.06,-4.11,0.0,0.498,0.939,1.0,0.232,0.781
2020-01-13 19:30:00,17.73,20.36,17.85,19.14,19.1,-4.11,0.0,0.47,0.915,1.0,0.449,0.77
2020-01-13 19:45:00,17.71,20.35,17.86,19.23,19.13,-4.11,0.0,0.487,0.921,1.0,0.428,0.749
2020-01-13 20:00:00,17.72,20.37,17.93,19.15,19.12,-4.15,0.0,0.496,0.924,1.0,0.384,0.734
2020-01-13 20:15:00,17.69,20.37,17.97,19.17,19.15,-4.18,0.0,0.49,0.914,1.0,0.425,0.738
2020-01-13 20:30:00,17.71,20.38,18.03,19.16,19.14,-4.22,0.0,0.504,0.917,1.0,0.415,0.724
2020-01-13 20:45:00,17.68,20.38,18.07,19.14,19.17,-4.26,0.0,0.495,0.909,0.986,0.418,0.728
2020-01-13 21:00:00,17.7,20.39,18.11,19.13,19.16,-4.28,0.0,0.508,0.911,0.967,0.429,0.714
2020-01-13 21:15:00,17.67,20.38,18.15,19.11,19.19,-4.3,0.0,0.498,0.905,0.943,0.436,0.718
2020-01-13 21:30:00,17.69,20.39,18.19,19.1,19.17,-4.33,0.0,0.516,0.908,0.927,0.443,0.707
2020-01-13 21:45:00,17.66,20.39,18.21,19.09,19.2,-4.35,0.0,0.503,0.903,0.906,0.449,0.713
2020-01-13 22:00:00,17.66,20.38,18.24,19.05,19.18,-4.39,0.0,0.52,0.906,0.895,0.457,0.7
2020-01-13 22:15:00,17.64,19.44,18.28,19.04,19.11,-4.43,0.0,0.52,0.0,0.881,0.476,0.708
2020-01-13 22:30:00,17.53,19.14,18.21,18.98,18.96,-4.48,0.0,0.529,0.279,0.859,0.482,0.747
2020-01-13 22:45:00,17.52,19.37,18.2,18.97,18.95,-4.52,0.0,0.587,0.432,0.897,0.512,0.818
2020-01-13 23:00:00,17.54,19.17,18.23,18.99,18.99,-4.55,0.0,0.591,0.315,0.898,0.517,0.825
2020-01-13 23:15:00,17.58,19.18,18.25,18.99,18.87,-4.57,0.0,0.581,0.413,0.883,0.506,0.504
2020-01-13 23:30:00,17.48,19.12,18.23,18.99,18.89,-4.6,0.0,0.562,0.41,0.877,0.506,0.567
2020-01-13 23:45:00,17.56,19.08,18.28,19.01,18.84,-4.63,0.0,0.611,0.441,0.886,0.507,0.554
2020-01-14 00:00:00,17.47,19.01,18.26,18.98,18.88,-4.68,0.0,0.569,0.461,0.86,0.497,0.581
2020-01-14 00:15:00,17.83,19.04,18.33,19.0,18.88,-4.73,0.0,1.0,0.496,0.871,0.511,0.558
2020-01-14 00:30:00,17.83,19.01,18.31,18.98,18.95,-4.78,0.0,1.0,0.479,0.834,0.5,0.559
2020-01-14 00:45:00,17.83,19.01,18.32,18.98,18.92,-4.84,0.0,1.0,0.493,0.847,0.51,0.526
2020-01-14 01:00:00,17.83,19.01,18.31,18.97,18.92,-4.9,0.0,1.0,0.496,0.842,0.512,0.541
2020-01-14 01:15:00,17.83,19.0,18.32,18.97,18.91,-4.97,0.0,1.0,0.497,0.843,0.513,0.541
2020-01-14 01:30:00,17.83,19.0,18.32,18.97,18.91,-5.04,0.0,1.0,0.499,0.839,0.515,0.545
2020-01-14 01:45:00,17.84,19.0,18.33,18.96,18.9,-5.11,0.0,1.0,0.5,0.838,0.517,0.545
2020-01-14 02:00:00,17.86,19.0,18.34,18.98,18.9,-5.16,0.0,1.0,0.5,0.836,0.518,0.548
2020-01-14 02:15:00,17.88,19.0,18.35,18.98,18.91,-5.2,0.0,1.0,0.499,0.831,0.512,0.549
2020-01-14 02:30:00,17.9,19.01,18.36,18.99,18.91,-5.25,0.0,1.0,0.498,0.826,0.509,0.546
2020-01-14 02:45:00,17.92,19.01,18.37,19.0,18.92,-5.29,0.0,1.0,0.495,0.819,0.504,0.545
2020-01-14 03:00:00,17.94,19.01,18.38,18.99,18.92,-5.33,0.0,1.0,0.493,0.813,0.5,0.542
2020-01-14 03:15:00,17.95,19.01,18.39,19.0,18.72,-5.36,0.0,1.0,0.495,0.811,0.503,0.0
2020-01-14 03:30:00,17.87,19.0,18.33,18.95,18.7,-5.39,0.0,1.0,0.495,0.807,0.501,0.0
2020-01-14 03:45:00,17.89,19.0,18.36,18.97,18.63,-5.42,0.0,1.0,0.502,0.835,0.524,0.0
2020-01-14 04:00:00,17.85,18.98,18.34,18.95,18.62,-5.46,0.0,1.0,0.5,0.822,0.514,0.0
2020-01-14 04:15:00,17.86,18.99,18.34,18.95,18.57,-5.49,0.0,1.0,0.51,0.832,0.525,0.0
2020-01-14 04:30:00,17.83,18.97,18.33,18.94,18.56,-5.52,0.0,1.0,0.507,0.828,0.523,0.013
2020-01-14 04:45:00,17.83,18.97,18.34,18.94,18.52,-5.55,0.0,1.0,0.515,0.833,0.53,0.021
2020-01-14 05:00:00,17.82,18.96,18.33,18.93,18.5,-5.55,0.0,1.0,0.515,0.831,0.53,0.04
2020-01-14 05:15:00,17.82,18.96,18.34,18.93,18.47,-5.55,0.0,1.0,0.519,0.833,0.534,0.049
2020-01-14 05:30:00,17.81,18.95,18.34,18.93,18.46,-5.55,0.0,1.0,0.52,0.832,0.534,0.064
2020-01-14 05:45:00,17.81,18.95,18.34,18.93,18.44,-5.55,0.0,1.0,0.523,0.832,0.536,0.072
2020-01-14 06:00:00,17.81,18.95,18.34,18.92,18.42,-5.57,0.0,1.0,0.523,0.831,0.536,0.082
2020-01-14 06:15:00,17.8,18.95,18.34,19.19,18.4,-5.6,0.0,1.0,0.525,0.83,0.788,0.089
2020-01-14 06:30:00,17.8,18.95,18.35,19.14,18.45,-5.62,0.0,1.0,0.525,0.829,0.654,0.098
2020-01-14 06:45:00,17.82,18.96,18.36,19.16,18.4,-5.65,0.0,1.0,0.527,0.827,0.681,0.077
2020-01-14 07:00:00,17.8,18.94,18.35,19.15,18.41,-5.66,0.0,1.0,0.52,0.822,0.671,0.1
2020-01-14 07:15:00,17.8,19.06,18.35,19.17,18.38,-5.67,0.0,1.0,0.631,0.826,0.673,0.096
2020-01-14 07:30:00,17.79,19.02,18.35,19.17,18.41,-5.68,0.0,1.0,0.568,0.823,0.665,0.11
2020-01-14 07:45:00,17.8,19.04,18.36,19.19,18.37,-5.69,0.0,1.0,0.59,0.825,0.666,0.097
2020-01-14 08:00:00,17.78,19.03,18.35,19.18,18.38,-5.67,0.0,1.0,0.582,0.822,0.657,0.114
2020-01-14 08:15:00,17.86,19.04,17.42,19.2,18.31,-5.64,3.5,1.0,0.587,0.0,0.661,0.111
2020-01-14 08:30:00,17.87,19.04,17.7,19.35,18.28,-5.61,45.0,1.0,0.578,0.342,0.648,0.146
2020-01-14 08:45:00,17.82,19.06,17.71,19.54,18.34,-5.59,86.6,1.0,0.582,0.198,0.574,0.158
2020-01-14 09:00:00,17.85,19.08,17.67,19.67,18.36,-5.45,128.1,1.0,0.571,0.197,0.481,0.129
2020-01-14 09:15:00,17.89,19.1,17.7,19.85,18.38,-5.31,169.6,1.0,0.56,0.217,0.414,0.121
2020-01-14 09:30:00,17.92,19.13,17.63,19.87,18.43,-5.17,177.2,1.0,0.548,0.199,0.326,0.111
2020-01-14 09:45:00,17.97,19.16,17.65,19.95,18.4,-5.03,184.7,1.0,0.537,0.235,0.314,0.087
2020-01-14 10:00:00,18.01,19.17,17.58,19.99,18.45,-4.88,192.3,1.0,0.521,0.224,0.273,0.098
2020-01-14 10:15:00,18.07,19.21,17.62,20.05,18.43,-4.74,199.8,1.0,0.514,0.258,0.257,0.077
2020-01-14 10:30:00,18.11,19.22,17.57,20.11,18.47,-4.6,212.3,1.0,0.494,0.241,0.223,0.086
2020-01-14 10:45:00,18.19,19.26,17.62,20.19,18.46,-4.46,224.8,1.0,0.489,0.267,0.194,0.065
2020-01-14 11:00:00,18.28,19.27,17.58,20.23,18.51,-4.34,237.3,1.0,0.47,0.238,0.154,0.069
2020-01-14 11:15:00,18.4,19.3,17.64,20.31,18.51,-4.21,249.7,1.0,0.467,0.26,0.136,0.043
2020-01-14 11:30:00,18.52,19.3,17.6,20.31,18.56,-4.09,255.0,1.0,0.448,0.231,0.093,0.047
2020-01-14 11:45:00,18.68,19.34,17.65,20.38,18.53,-3.97,260.3,1.0,0.448,0.252,0.094,0.02
2020-01-14 12:00:00,18.82,19.33,17.6,20.37,18.58,-3.88,265.6,1.0,0.43,0.223,0.06,0.033
2020-01-14 12:15:00,18.98,19.37,17.67,20.43,18.56,-3.79,270.9,1.0,0.433,0.248,0.066,0.008
2020-01-14 12:30:00,19.08,19.36,17.61,20.37,18.62,-3.7,264.8,1.0,0.414,0.216,0.036,0.02
2020-01-14 12:45:00,19.22,19.39,17.68,20.4,18.58,-3.61,258.8,1.0,0.421,0.244,0.067,0.0
2020-01-14 13:00:00,19.3,19.37,17.61,20.33,18.64,-3.56,252.7,1.0,0.404,0.209,0.05,0.011
2020-01-14 13:15:00,19.42,19.4,17.69,20.35,18.59,-3.51,246.6,1.0,0.416,0.244,0.086,0.0
2020-01-14 13:30:00,19.5,19.37,17.61,20.29,18.65,-3.46,248.0,1.0,0.399,0.204,0.075,0.006
2020-01-14 13:45:00,19.65,19.4,17.69,20.32,18.6,-3.41,249.3,1.0,0.415,0.247,0.104,0.0
2020-01-14 14:00:00,19.71,19.36,17.59,20.24,18.67,-3.38,250.6,1.0,0.398,0.204,0.091,0.0
2020-01-14 14:15:00,19.84,19.39,17.68,20.25,18.61,-3.36,251.9,1.0,0.419,0.255,0.132,0.0
2020-01-14 14:30:00,19.86,19.34,17.57,20.12,18.68,-3.33,240.2,1.0,0.405,0.212,0.127,0.0
2020-01-14 14:45:00,19.95,19.37,17.65,20.12,18.59,-3.3,228.4,1.0,0.428,0.267,0.189,0.0
2020-01-14 15:00:00,19.94,19.32,17.53,19.99,18.66,-3.32,216.6,1.0,0.414,0.223,0.192,0.003
2020-01-14 15:15:00,20.02,19.35,17.62,19.98,18.57,-3.35,204.9,1.0,0.442,0.285,0.253,0.0
2020-01-14 15:30:00,19.98,19.28,17.49,19.85,18.63,-3.37,187.0,1.0,0.427,0.238,0.258,0.016
2020-01-14 15:45:00,20.07,19.31,17.58,19.86,18.53,-3.39,169.1,1.0,0.46,0.306,0.325,0.0
2020-01-14 16:00:00,20.01,19.24,17.44,19.72,18.61,-3.48,151.2,1.0,0.446,0.259,0.321,0.037
2020-01-14 16:15:00,20.01,19.27,17.54,19.71,18.49,-3.57,133.3,1.0,0.481,0.329,0.388,0.0
2020-01-14 16:30:00,19.83,19.2,17.4,19.59,18.55,-3.65,100.0,1.0,0.466,0.278,0.393,0.056
2020-01-14 16:45:00,19.56,19.21,17.47,19.58,18.42,-3.74,0.0,1.0,0.502,0.352,0.454,0.025
2020-01-14 17:00:00,19.34,19.15,17.36,19.5,18.39,-3.83,0.0,1.0,0.494,0.317,0.462,0.09
2020-01-14 17:15:00,19.25,19.15,17.39,19.49,18.31,-3.91,0.0,1.0,0.526,0.369,0.501,0.103
2020-01-14 17:30:00,19.14,19.12,17.33,19.44,18.32,-4.0,0.0,1.0,0.523,0.354,0.506,0.144
2020-01-14 17:45:00,19.08,19.12,17.35,19.44,18.26,-4.08,0.0,1.0,0.541,0.386,0.532,0.139
2020-01-14 18:00:00,18.99,19.1,17.3,19.4,18.27,-4.13,0.0,1.0,0.538,0.373,0.532,0.169
2020-01-14 18:15:00,18.93,19.11,17.33,19.4,18.23,-4.18,0.0,1.0,0.552,0.399,0.551,0.163
2020-01-14 18:30:00,18.85,19.08,17.28,19.37,18.24,-4.22,0.0,1.0,0.547,0.386,0.548,0.187
2020-01-14 18:45:00,18.81,19.09,17.31,19.38,18.2,-4.27,0.0,1.0,0.559,0.408,0.564,0.18
2020-01-14 19:00:00,18.73,19.06,17.26,19.34,18.22,-4.36,0.0,1.0,0.554,0.396,0.56,0.2
2020-01-14 19:15:00,18.68,19.07,17.28,19.34,18.31,-4.44,0.0,1.0,0.57,0.419,0.58,0.892
2020-01-14 19:30:00,18.65,19.08,17.3,19.36,18.41,-4.53,0.0,1.0,0.567,0.409,0.578,0.845
2020-01-14 19:45:00,18.62,19.08,17.31,19.36,18.41,-4.62,0.0,1.0,0.56,0.4,0.57,0.797
2020-01-14 20:00:00,18.56,19.06,17.29,19.34,18.45,-4.64,0.0,1.0,0.56,0.395,0.57,0.793
2020-01-14 20:15:00,18.34,19.06,17.3,19.34,18.45,-4.66,0.0,0.718,0.57,0.406,0.581,0.777
2020-01-14 20:30:00,18.32,19.05,17.29,19.32,18.48,-4.68,0.0,0.828,0.569,0.398,0.58,0.773
2020-01-14 20:45:00,18.29,19.05,17.3,19.32,18.49,-4.7,0.0,0.842,0.576,0.407,0.589,0.76
2020-01-14 21:00:00,18.26,19.05,17.29,19.32,18.52,-4.75,0.0,0.856,0.576,0.402,0.592,0.753
2020-01-14 21:15:00,18.24,19.05,17.3,19.32,18.53,-4.8,0.0,0.87,0.574,0.403,0.589,0.74
2020-01-14 21:30:00,18.22,19.05,17.3,19.32,18.55,-4.84,0.0,0.88,0.573,0.399,0.588,0.734
2020-01-14 21:45:00,18.2,19.06,17.3,19.32,18.55,-4.89,0.0,0.89,0.573,0.401,0.589,0.727
2020-01-14 22:00:00,18.18,19.05,17.3,19.31,18.57,-4.95,0.0,0.898,0.572,0.399,0.588,0.723
2020-01-14 22:15:00,18.23,19.07,17.31,19.04,18.56,-5.01,0.0,0.911,0.575,0.402,0.343,0.716
2020-01-14 22:30:00,18.12,19.03,17.27,19.06,18.55,-5.07,0.0,0.884,0.565,0.393,0.479,0.721
2020-01-14 22:45:00,18.12,19.04,17.29,19.08,18.54,-5.12,0.0,0.94,0.583,0.413,0.469,0.725
2020-01-14 23:00:00,18.1,19.04,17.28,19.04,18.56,-5.14,0.0,0.942,0.58,0.405,0.461,0.73
2020-01-14 23:15:00,18.1,18.92,17.29,19.04,18.55,-5.16,0.0,0.948,0.481,0.412,0.482,0.719
2020-01-14 23:30:00,18.08,18.95,17.27,19.02,18.55,-5.17,0.0,0.951,0.541,0.405,0.478,0.724
2020-01-14 23:45:00,18.07,18.94,17.28,19.01,18.55,-5.19,0.0,0.959,0.525,0.413,0.489,0.725
2020-01-15 00:00:00,18.06,18.93,17.27,19.0,18.56,-5.28,0.0,0.963,0.528,0.41,0.493,0.723
2020-01-15 00:15:00,18.12,18.95,17.71,19.0,18.6,-5.37,0.0,0.971,0.534,1.0,0.5,0.72
2020-01-15 00:30:00,18.05,18.94,17.8,18.99,18.67,-5.46,0.0,0.939,0.526,1.0,0.499,0.698
2020-01-15 00:45:00,18.05,18.93,17.83,18.98,18.67,-5.55,0.0,0.973,0.532,1.0,0.506,0.664
2020-01-15 01:00:00,18.04,18.92,17.88,18.97,18.67,-5.53,0.0,0.976,0.537,1.0,0.511,0.667
2020-01-15 01:15:00,18.03,18.91,17.92,18.96,18.68,-5.51,0.0,0.981,0.54,1.0,0.516,0.663
2020-01-15 01:30:00,18.02,18.91,17.96,18.95,18.69,-5.49,0.0,0.986,0.543,1.0,0.52,0.658
2020-01-15 01:45:00,18.01,18.9,18.0,18.94,18.7,-5.47,0.0,0.989,0.546,1.0,0.525,0.654
2020-01-15 02:00:00,18.0,18.89,18.04,18.93,18.71,-5.5,0.0,0.993,0.55,1.0,0.529,0.649
2020-01-15 02:15:00,17.99,18.89,18.06,18.92,18.72,-5.53,0.0,0.998,0.553,0.981,0.534,0.645
2020-01-15 02:30:00,17.98,18.88,18.08,18.92,18.72,-5.56,0.0,1.0,0.557,0.968,0.538,0.641
2020-01-15 02:45:00,17.97,18.88,18.1,18.91,18.72,-5.59,0.0,1.0,0.559,0.959,0.542,0.639
2020-01-15 03:00:00,17.95,18.86,18.11,18.89,18.73,-5.62,0.0,1.0,0.562,0.951,0.546,0.638
2020-01-15 03:15:00,17.93,18.85,18.11,18.87,18.72,-5.65,0.0,1.0,0.569,0.947,0.556,0.637
2020-01-15 03:30:00,17.9,18.84,18.12,18.86,18.72,-5.67,0.0,1.0,0.573,0.943,0.563,0.64
2020-01-15 03:45:00,17.91,18.83,18.09,18.84,18.72,-5.7,0.0,1.0,0.579,0.941,0.571,0.64
2020-01-15 04:00:00,17.9,18.83,18.11,18.84,18.71,-5.72,0.0,1.0,0.584,0.954,0.579,0.642
2020-01-15 04:15:00,17.89,18.82,18.11,18.83,18.72,-5.73,0.0,1.0,0.585,0.946,0.581,0.643
2020-01-15 04:30:00,17.88,18.82,18.11,18.82,18.72,-5.75,0.0,1.0,0.588,0.947,0.585,0.642
2020-01-15 04:45:00,17.86,18.82,18.11,18.82,18.72,-5.77,0.0,1.0,0.59,0.945,0.589,0.642
2020-01-15 05:00:00,17.85,18.81,18.11,18.81,18.71,-5.8,0.0,1.0,0.592,0.945,0.592,0.642
2020-01-15 05:15:00,17.84,18.81,18.11,18.81,18.83,-5.84,0.0,1.0,0.594,0.943,0.594,1.0
2020-01-15 05:30:00,17.89,18.81,18.15,18.81,18.86,-5.87,0.0,1.0,0.596,0.943,0.597,1.0
2020-01-15 05:45:00,17.88,18.75,18.15,18.86,18.89,-5.9,0.0,1.0,0.594,0.923,0.596,1.0
2020-01-15 06:00:00,17.89,18.78,18.16,18.83,18.91,-5.94,0.0,1.0,0.623,0.924,0.572,1.0
2020-01-15 06:15:00,17.88,18.77,18.17,18.83,18.93,-5.98,0.0,1.0,0.61,0.918,0.586,1.0
2020-01-15 06:30:00,17.89,18.77,18.17,18.83,18.94,-6.02,0.0,1.0,0.616,0.917,0.584,1.0
2020-01-15 06:45:00,17.89,18.76,18.18,18.83,18.96,-6.06,0.0,1.0,0.617,0.913,0.584,1.0
2020-01-15 07:00:00,17.89,18.76,18.18,18.83,18.98,-6.05,0.0,1.0,0.618,0.912,0.586,1.0
2020-01-15 07:15:00,17.94,17.93,17.76,18.84,18.88,-6.04,0.0,1.0,0.0,0.311,0.587,1.0
2020-01-15 07:30:00,17.88,17.4,17.77,18.82,18.7,-6.03,0.0,1.0,0.0,0.518,0.581,1.0
2020-01-15 07:45:00,17.74,17.2,17.72,18.79,18.64,-6.02,0.0,1.0,0.0,0.513,0.589,1.0
2020-01-15 08:00:00,17.75,17.12,17.71,18.75,18.58,-6.01,0.0,1.0,0.0,0.539,0.607,1.0
2020-01-15 08:15:00,17.8,17.01,17.7,17.94,18.53,-6.0,2.4,1.0,0.0,0.545,0.0,1.0
2020-01-15 08:30:00,17.72,16.95,17.67,17.77,18.44,-5.98,21.2,1.0,0.044,0.548,0.181,1.0
2020-01-15 08:45:00,17.8,16.95,17.73,18.05,18.47,-5.97,40.1,1.0,0.076,0.563,0.263,1.0
2020-01-15 09:00:00,17.79,16.93,17.74,18.0,18.51,-5.85,58.9,1.0,0.075,0.535,0.126,1.0
2020-01-15 09:15:00,17.82,16.9,17.76,18.08,18.49,-5.73,77.8,1.0,0.084,0.532,0.149,1.0
2020-01-15 09:30:00,17.84,16.9,17.76,18.03,18.51,-5.62,81.4,1.0,0.101,0.521,0.109,1.0
2020-01-15 09:45:00,17.88,16.9,17.78,18.01,18.51,-5.5,85.1,1.0,0.1,0.521,0.134,1.0
2020-01-15 10:00:00,17.92,16.89,17.79,18.03,18.52,-5.39,88.8,1.0,0.102,0.511,0.147,1.0
2020-01-15 10:15:00,17.96,16.9,17.82,18.01,18.53,-5.27,92.5,1.0,0.106,0.504,0.137,1.0
2020-01-15 10:30:00,18.01,16.89,17.84,18.07,18.54,-5.15,105.1,1.0,0.101,0.49,0.144,1.0
2020-01-15 10:45:00,18.06,16.9,17.87,18.08,18.56,-5.04,117.8,1.0,0.104,0.478,0.116,1.0
2020-01-15 11:00:00,18.13,16.9,17.89,18.16,18.58,-4.94,130.5,1.0,0.099,0.463,0.108,1.0
2020-01-15 11:15:00,18.21,16.91,17.91,18.17,18.6,-4.84,143.2,1.0,0.1,0.456,0.069,1.0
2020-01-15 11:30:00,18.29,16.91,17.93,18.23,18.62,-4.74,154.1,1.0,0.094,0.443,0.064,1.0
2020-01-15 11:45:00,18.38,16.92,17.95,18.25,18.65,-4.64,165.0,1.0,0.093,0.433,0.037,1.0
2020-01-15 12:00:00,18.48,16.92,17.97,18.28,18.67,-4.53,175.9,1.0,0.09,0.423,0.026,1.0
2020-01-15 12:15:00,18.59,16.93,17.99,18.3,18.69,-4.42,186.8,1.0,0.088,0.415,0.011,1.0
2020-01-15 12:30:00,18.7,16.93,18.0,18.3,18.7,-4.32,190.4,1.0,0.086,0.407,0.0,1.0
2020-01-15 12:45:00,18.83,16.95,18.01,18.29,18.72,-4.21,193.9,1.0,0.084,0.4,0.001,1.0
2020-01-15 13:00:00,18.93,16.93,18.02,18.29,18.73,-4.14,197.4,1.0,0.076,0.393,0.006,1.0
2020-01-15 13:15:00,19.03,16.94,18.03,18.28,18.74,-4.07,200.9,1.0,0.087,0.392,0.004,1.0
2020-01-15 13:30:00,19.08,16.92,18.02,18.21,18.76,-4.0,186.1,1.0,0.079,0.386,0.01,1.0
2020-01-15 13:45:00,19.12,16.93,18.03,18.19,18.74,-3.94,171.3,1.0,0.092,0.39,0.043,1.0
2020-01-15 14:00:00,19.12,16.88,18.0,18.12,18.76,-3.92,156.5,1.0,0.087,0.386,0.053,1.0
2020-01-15 14:15:00,19.13,16.9,18.0,18.09,18.72,-3.9,141.7,1.0,0.112,0.4,0.088,1.0
2020-01-15 14:30:00,19.15,16.84,17.97,18.05,18.74,-3.88,139.2,1.0,0.101,0.398,0.106,1.0
2020-01-15 14:45:00,19.18,16.87,17.97,18.02,18.71,-3.86,136.7,1.0,0.13,0.416,0.126,1.0
2020-01-15 15:00:00,19.17,16.8,17.93,17.95,18.73,-3.89,134.2,1.0,0.117,0.413,0.14,1.0
2020-01-15 15:15:00,19.23,16.82,17.93,17.95,18.68,-3.92,131.7,1.0,0.15,0.437,0.173,1.0
2020-01-15 15:30:00,19.18,16.75,17.87,17.85,18.71,-3.95,115.6,1.0,0.138,0.436,0.174,1.0
2020-01-15 15:45:00,19.16,16.78,17.88,17.84,18.65,-3.97,99.5,1.0,0.175,0.464,0.226,1.0
2020-01-15 16:00:00,19.15,16.7,17.78,17.77,18.67,-4.06,83.4,1.0,0.159,0.461,0.231,1.0
2020-01-15 16:15:00,19.08,16.74,17.82,17.76,18.61,-4.15,67.3,1.0,0.199,0.51,0.267,1.0
2020-01-15 16:30:00,18.97,16.67,17.75,17.7,18.63,-4.24,50.4,1.0,0.179,0.492,0.272,1.0
2020-01-15 16:45:00,18.76,16.71,17.76,17.7,18.56,-4.33,0.0,1.0,0.216,0.527,0.298,1.0
2020-01-15 17:00:00,18.65,16.63,17.69,17.64,18.57,-4.4,0.0,1.0,0.197,0.52,0.3,1.0
2020-01-15 17:15:00,18.57,16.67,17.7,17.65,18.51,-4.48,0.0,1.0,0.233,0.553,0.331,1.0
2020-01-15 17:30:00,18.49,16.61,17.65,17.59,18.54,-4.56,0.0,1.0,0.213,0.548,0.325,1.0
2020-01-15 17:45:00,18.41,16.65,17.67,17.61,18.48,-4.64,0.0,1.0,0.245,0.574,0.353,1.0
2020-01-15 18:00:00,18.35,16.59,17.61,17.55,18.51,-4.61,0.0,1.0,0.223,0.567,0.346,1.0
2020-01-15 18:15:00,18.3,16.63,17.62,17.57,18.46,-4.58,0.0,1.0,0.255,0.595,0.374,1.0
2020-01-15 18:30:00,18.23,16.51,17.57,17.58,18.48,-4.56,0.0,1.0,0.234,0.589,0.367,1.0
2020-01-15 18:45:00,18.19,16.6,17.58,17.55,18.42,-4.53,0.0,1.0,0.294,0.615,0.358,1.0
2020-01-15 19:00:00,18.13,16.51,17.54,17.54,18.45,-4.54,0.0,1.0,0.252,0.608,0.374,1.0
2020-01-15 19:15:00,18.1,16.57,17.56,17.55,18.4,-4.56,0.0,1.0,0.296,0.631,0.38,1.0
2020-01-15 19:30:00,18.05,16.5,17.51,17.51,18.43,-4.57,0.0,1.0,0.267,0.621,0.375,1.0
2020-01-15 19:45:00,18.02,16.55,17.53,17.53,18.38,-4.58,0.0,1.0,0.3,0.643,0.393,1.0
2020-01-15 20:00:00,17.99,16.5,17.5,17.51,18.41,-4.54,0.0,1.0,0.277,0.633,0.383,1.0
2020-01-15 20:15:00,17.98,16.55,17.53,17.53,18.37,-4.5,0.0,1.0,0.299,0.648,0.396,1.0
2020-01-15 20:30:00,17.95,16.51,17.51,17.51,18.4,-4.45,0.0,1.0,0.275,0.634,0.383,1.0
2020-01-15 20:45:00,17.95,16.56,17.53,17.53,18.37,-4.41,0.0,1.0,0.295,0.647,0.395,1.0
2020-01-15 21:00:00,17.92,16.51,17.5,17.51,18.4,-4.38,0.0,1.0,0.272,0.633,0.383,1.0
2020-01-15 21:15:00,17.92,16.55,17.53,17.53,18.31,-4.35,0.0,1.0,0.294,0.648,0.396,0.802
2020-01-15 21:30:00,17.87,16.49,17.48,17.49,18.34,-4.32,0.0,1.0,0.273,0.636,0.385,0.846
2020-01-15 21:45:00,17.88,16.55,17.52,17.52,18.28,-4.29,0.0,1.0,0.303,0.66,0.405,0.829
2020-01-15 22:00:00,17.85,16.49,17.48,17.49,18.33,-4.27,0.0,1.0,0.275,0.642,0.389,0.858
2020-01-15 22:15:00,17.86,16.55,17.52,17.52,18.27,-4.25,0.0,1.0,0.304,0.66,0.406,0.837
2020-01-15 22:30:00,17.83,16.49,17.48,17.49,18.31,-4.23,0.0,1.0,0.276,0.642,0.39,0.865
2020-01-15 22:45:00,17.84,16.55,17.52,17.52,18.26,-4.21,0.0,1.0,0.304,0.66,0.406,0.844
2020-01-15 23:00:00,17.82,16.5,17.49,17.49,18.3,-4.2,0.0,1.0,0.276,0.642,0.391,0.87
2020-01-15 23:15:00,17.92,17.23,17.79,17.53,18.38,-4.18,0.0,1.0,1.0,1.0,0.403,0.849
2020-01-15 23:30:00,18.01,17.71,17.94,17.58,18.55,-4.17,0.0,1.0,1.0,1.0,0.384,0.809
2020-01-15 23:45:00,17.97,17.84,17.95,17.57,18.6,-4.15,0.0,0.995,1.0,1.0,0.362,0.724
