time,T1,T2,T3,T4,T5,T6,T7,T8,T9,T10,T11,T12,T13,T14,T15,T_amb,irrad,u1,u2,u3,u4,u5,u6,u7,u8,u9,u10,u11,u12,u13,u14,u15,T_sup,T_lb,T_ub,E1,E2,E3,E4,E5,E6,E7,E8,E9,E10,E11,E12,E13,E14,E15,Tret1,Tret2,Tret3,Tret4,Tret5,Tret6,Tret7,Tret8,Tret9,Tret10,Tret11,Tret12,Tret13,Tret14,Tret15,F1,F2,F3,F4,F5,F6,F7,F8,F9,F10,F11,F12,F13,F14,F15
2020-01-03 00:00:00,19.84,20.4,20.32,20.26,19.83,19.83,19.84,19.89,19.84,19.84,19.83,19.84,19.87,19.83,19.84,1.88,0.0,0.512,0.0,0.0,0.0,0.348,0.338,0.329,0.218,0.336,0.326,0.333,0.337,0.253,0.344,0.327,36.0,23.0,23.0,349.11,0.0,0.0,0.0,171.52,94.55,848.94,255.45,827.13,161.07,111.5,909.89,299.89,889.4,201.21,23.8,36.0,36.0,36.0,20.58,20.85,23.01,22.45,22.92,20.64,21.01,23.18,22.92,23.1,20.82,0.006844,0.0,0.0,0.0,0.00266,0.001493,0.015631,0.004509,0.015132,0.002508,0.001779,0.016973,0.005483,0.016492,0.003171
2020-01-03 00:15:00,20.25,20.69,20.64,20.78,19.99,19.91,20.09,20.18,20.06,19.89,19.91,20.09,20.2,20.08,19.9,1.74,0.0,1.0,1.0,1.0,1.0,1.0,1.0,1.0,1.0,1.0,1.0,1.0,1.0,1.0,1.0,1.0,35.14,23.0,23.0,551.53,2305.11,918.23,1817.22,435.24,255.3,2158.97,936.34,2074.17,453.37,303.47,2247.16,951.36,2162.56,559.68,25.22,27.37,27.73,25.16,21.49,21.28,24.23,24.26,24.09,21.01,21.53,24.43,24.6,24.29,21.28,0.013364,0.071395,0.029804,0.043751,0.007653,0.004419,0.047544,0.020669,0.045088,0.007697,0.00535,0.050389,0.021689,0.047883,0.009687
2020-01-03 00:30:00,20.5,20.82,20.82,21.03,20.17,20.12,20.45,20.69,20.45,19.98,20.05,20.47,20.76,20.46,20.04,1.6,0.0,1.0,1.0,1.0,1.0,1.0,1.0,1.0,1.0,1.0,1.0,1.0,1.0,1.0,1.0,1.0,35.86,23.0,23.0,579.55,2408.57,958.77,1894.25,455.36,261.38,2102.93,884.31,2029.28,465.8,309.33,2182.69,901.32,2110.19,572.32,25.44,27.74,28.11,25.45,21.58,21.66,25.23,25.57,25.04,21.33,21.98,25.45,25.87,25.27,21.68,0.013364,0.071395,0.029804,0.043751,0.007653,0.004419,0.047544,0.020669,0.045088,0.007697,0.00535,0.050389,0.021689,0.047883,0.009687
2020-01-03 00:45:00,20.61,20.94,20.95,21.17,20.33,20.36,20.76,21.16,20.74,20.09,20.19,20.82,21.23,20.79,20.18,1.46,0.0,1.0,1.0,1.0,1.0,1.0,1.0,1.0,1.0,1.0,1.0,1.0,1.0,1.0,1.0,1.0,36.0,23.0,23.0,584.74,2435.39,969.5,1908.49,459.4,259.51,2015.72,831.19,1950.13,464.17,306.3,2086.93,847.73,2023.16,568.07,25.53,27.84,28.22,25.56,21.64,21.95,25.86,26.38,25.65,21.57,22.3,26.09,26.65,25.89,21.97,0.013364,0.071395,0.029804,0.043751,0.007653,0.004419,0.047544,0.020669,0.045088,0.007697,0.00535,0.050389,0.021689,0.047883,0.009687
2020-01-03 01:00:00,20.7,21.01,21.03,21.28,20.46,20.56,20.99,21.48,20.96,20.19,20.32,21.08,21.57,21.05,20.31,1.4,0.0,1.0,1.0,1.0,1.0,1.0,1.0,1.0,1.0,1.0,1.0,1.0,1.0,1.0,1.0,1.0,36.0,23.0,23.0,582.13,2424.41,965.85,1897.67,457.86,255.22,1932.72,786.19,1873.3,458.17,300.79,1996.6,801.99,1939.32,558.83,25.58,27.88,28.25,25.62,21.69,22.18,26.27,26.9,26.06,21.76,22.55,26.52,27.15,26.31,22.2,0.013364,0.071395,0.029804,0.043751,0.007653,0.004419,0.047544,0.020669,0.045088,0.007697,0.00535,0.050389,0.021689,0.047883,0.009687
2020-01-03 01:15:00,20.75,21.01,21.03,21.34,20.56,20.7,21.19,21.75,21.16,20.29,20.45,21.3,21.83,21.26,20.44,1.33,0.0,1.0,1.0,1.0,1.0,1.0,1.0,1.0,1.0,1.0,1.0,1.0,1.0,1.0,1.0,1.0,36.0,23.0,23.0,567.97,2324.95,923.25,1842.39,454.62,251.74,1876.32,756.74,1820.66,453.44,296.55,1935.61,771.99,1882.24,551.59,25.83,28.21,28.59,25.93,21.79,22.37,26.56,27.24,26.34,21.91,22.74,26.81,27.48,26.6,22.38,0.013364,0.071395,0.029804,0.043751,0.007653,0.004419,0.047544,0.020669,0.045088,0.007697,0.00535,0.050389,0.021689,0.047883,0.009687
2020-01-03 01:30:00,20.79,21.03,21.07,21.4,20.67,20.86,21.34,21.92,21.3,20.38,20.56,21.45,22.01,21.41,20.54,1.27,0.0,1.0,1.0,1.0,1.0,1.0,1.0,1.0,1.0,1.0,1.0,1.0,1.0,1.0,1.0,1.0,36.0,23.0,23.0,565.74,2317.39,920.76,1833.58,453.51,248.91,1833.49,735.13,1780.54,449.42,293.02,1889.51,750.1,1838.89,545.45,25.87,28.23,28.61,25.97,21.82,22.53,26.77,27.49,26.55,22.03,22.9,27.03,27.73,26.81,22.53,0.013364,0.071395,0.029804,0.043751,0.007653,0.004419,0.047544,0.020669,0.045088,0.007697,0.00535,0.050389,0.021689,0.047883,0.009687
2020-01-03 01:45:00,20.86,21.09,21.12,21.48,20.77,20.98,21.48,22.07,21.44,20.46,20.66,21.6,22.16,21.55,20.65,1.21,0.0,1.0,1.0,1.0,1.0,1.0,1.0,1.0,1.0,1.0,1.0,1.0,1.0,1.0,1.0,1.0,36.0,23.0,23.0,560.59,2296.21,911.78,1813.24,450.48,246.31,1800.3,718.95,1749.36,445.93,290.01,1854.15,733.74,1805.52,540.14,25.96,28.31,28.68,26.09,21.92,22.67,26.94,27.68,26.72,22.14,23.03,27.2,27.91,26.98,22.66,0.013364,0.071395,0.029804,0.043751,0.007653,0.004419,0.047544,0.020669,0.045088,0.007697,0.00535,0.050389,0.021689,0.047883,0.009687
2020-01-03 02:00:00,20.93,21.15,21.18,21.57,20.87,21.11,21.6,22.2,21.56,20.53,20.75,21.73,22.29,21.68,20.74,1.15,0.0,1.0,1.0,1.0,1.0,1.0,1.0,1.0,1.0,1.0,1.0,1.0,1.0,1.0,1.0,1.0,36.0,23.0,23.0,555.24,2274.16,902.9,1792.7,447.61,244.01,1772.97,706.2,1723.65,442.83,287.37,1824.94,720.86,1777.91,535.43,26.06,28.38,28.75,26.2,22.01,22.79,27.08,27.83,26.85,22.24,23.15,27.34,28.05,27.12,22.78,0.013364,0.071395,0.029804,0.043751,0.007653,0.004419,0.047544,0.020669,0.045088,0.007697,0.00535,0.050389,0.021689,0.047883,0.009687
2020-01-03 02:15:00,21.01,21.2,21.24,21.66,20.97,21.22,21.72,22.32,21.67,20.61,20.85,21.85,22.4,21.8,20.84,1.09,0.0,1.0,1.0,1.0,1.0,1.0,1.0,1.0,1.0,1.0,1.0,1.0,1.0,1.0,1.0,1.0,36.0,23.0,23.0,549.88,2252.0,893.58,1772.13,444.69,241.85,1749.74,695.69,1701.78,440.01,285.0,1800.39,710.28,1754.66,531.15,26.16,28.45,28.83,26.31,22.1,22.91,27.2,27.95,26.97,22.32,23.26,27.45,28.17,27.23,22.88,0.013364,0.071395,0.029804,0.043751,0.007653,0.004419,0.047544,0.020669,0.045088,0.007697,0.00535,0.050389,0.021689,0.047883,0.009687
2020-01-03 02:30:00,21.08,21.26,21.31,21.74,21.06,21.34,21.83,22.42,21.78,20.68,20.93,21.96,22.5,21.9,20.92,1.04,0.0,1.0,1.0,1.0,1.0,1.0,1.0,1.0,1.0,1.0,1.0,1.0,1.0,1.0,1.0,1.0,36.0,23.0,23.0,544.47,2229.98,884.39,1751.57,441.8,239.86,1729.4,686.8,1682.63,437.39,282.82,1778.97,701.37,1734.36,527.21,26.25,28.53,28.9,26.42,22.19,23.02,27.3,28.05,27.07,22.4,23.35,27.55,28.26,27.33,22.98,0.013364,0.071395,0.029804,0.043751,0.007653,0.004419,0.047544,0.020669,0.045088,0.007697,0.00535,0.050389,0.021689,0.047883,0.009687
2020-01-03 02:45:00,21.16,21.32,21.37,21.83,21.15,21.44,21.93,22.51,21.87,20.75,21.02,22.06,22.59,22.0,21.01,0.98,0.0,1.0,1.0,1.0,1.0,1.0,1.0,1.0,1.0,1.0,1.0,1.0,1.0,1.0,1.0,1.0,36.0,23.0,23.0,539.1,2208.09,875.14,1731.16,438.91,237.96,1711.33,679.13,1665.61,434.93,280.81,1760.12,693.73,1716.48,523.53,26.35,28.6,28.98,26.53,22.28,23.12,27.39,28.14,27.16,22.48,23.44,27.64,28.35,27.42,23.07,0.013364,0.071395,0.029804,0.043751,0.007653,0.004419,0.047544,0.020669,0.045088,0.007697,0.00535,0.050389,0.021689,0.047883,0.009687
2020-01-03 03:00:00,21.23,21.37,21.43,21.92,21.24,21.53,22.02,22.6,21.97,20.82,21.1,22.16,22.67,22.1,21.09,0.95,0.0,1.0,1.0,1.0,1.0,1.0,1.0,1.0,1.0,1.0,1.0,1.0,1.0,1.0,1.0,1.0,36.0,23.0,23.0,533.73,2186.22,865.92,1710.77,436.03,236.17,1694.99,672.4,1650.22,432.59,278.92,1743.18,687.06,1700.42,520.07,26.45,28.67,29.05,26.65,22.37,23.22,27.47,28.22,27.24,22.55,23.53,27.72,28.42,27.5,23.16,0.013364,0.071395,0.029804,0.043751,0.007653,0.004419,0.047544,0.020669,0.045088,0.007697,0.00535,0.050389,0.021689,0.047883,0.009687
2020-01-03 03:15:00,21.31,21.43,21.5,22.0,21.32,21.63,22.11,22.68,22.05,20.89,21.18,22.25,22.75,22.18,21.17,0.93,0.0,1.0,1.0,1.0,1.0,1.0,1.0,1.0,1.0,1.0,1.0,1.0,1.0,1.0,1.0,1.0,36.0,23.0,23.0,528.35,2164.18,856.6,1690.4,433.16,234.46,1680.02,666.38,1636.14,430.36,277.13,1727.8,681.15,1685.87,516.79,26.54,28.75,29.12,26.76,22.46,23.31,27.55,28.29,27.32,22.62,23.61,27.8,28.49,27.58,23.24,0.013364,0.071395,0.029804,0.043751,0.007653,0.004419,0.047544,0.020669,0.045088,0.007697,0.00535,0.050389,0.021689,0.047883,0.009687
2020-01-03 03:30:00,21.38,21.48,21.55,22.07,21.4,21.72,22.2,22.76,22.14,20.96,21.26,22.33,22.81,22.26,21.25,0.9,0.0,1.0,1.0,1.0,1.0,1.0,1.0,1.0,1.0,1.0,1.0,1.0,1.0,1.0,1.0,1.0,36.0,23.0,23.0,525.07,2153.42,852.46,1679.4,430.95,232.81,1666.22,660.99,1623.18,428.22,275.44,1713.75,675.9,1672.58,513.67,26.6,28.78,29.16,26.82,22.53,23.4,27.62,28.35,27.39,22.69,23.68,27.86,28.54,27.64,23.31,0.013364,0.071395,0.029804,0.043751,0.007653,0.004419,0.047544,0.020669,0.045088,0.007697,0.00535,0.050389,0.021689,0.047883,0.009687
2020-01-03 03:45:00,21.44,21.52,21.6,22.14,21.48,21.8,22.28,22.82,22.21,21.02,21.34,22.41,22.88,22.34,21.33,0.87,0.0,1.0,1.0,1.0,1.0,1.0,1.0,1.0,1.0,1.0,1.0,1.0,1.0,1.0,1.0,1.0,36.0,23.0,23.0,521.81,2142.9,848.27,1668.55,428.74,231.23,1653.41,656.1,1611.15,426.15,273.82,1700.84,671.2,1660.38,510.67,26.66,28.82,29.19,26.88,22.6,23.48,27.68,28.41,27.45,22.75,23.76,27.92,28.6,27.7,23.39,0.013364,0.071395,0.029804,0.043751,0.007653,0.004419,0.047544,0.020669,0.045088,0.007697,0.00535,0.050389,0.021689,0.047883,0.009687
2020-01-03 04:00:00,21.5,21.56,21.65,22.2,21.56,21.88,22.36,22.89,22.29,21.09,21.41,22.48,22.93,22.41,21.4,0.85,0.0,1.0,1.0,1.0,1.0,1.0,1.0,1.0,1.0,1.0,1.0,1.0,1.0,1.0,1.0,1.0,36.0,23.0,23.0,518.65,2132.87,844.36,1658.1,426.56,229.71,1641.48,651.66,1599.95,424.15,272.26,1688.89,666.95,1649.1,507.79,26.72,28.85,29.22,26.93,22.67,23.57,27.74,28.46,27.51,22.82,23.83,27.98,28.64,27.76,23.46,0.013364,0.071395,0.029804,0.043751,0.007653,0.004419,0.047544,0.020669,0.045088,0.007697,0.00535,0.050389,0.021689,0.047883,0.009687
2020-01-03 04:15:00,21.56,21.6,21.69,22.26,21.63,21.96,22.43,22.95,22.36,21.15,21.48,22.55,22.99,22.48,21.47,0.83,0.0,1.0,1.0,1.0,1.0,1.0,1.0,1.0,1.0,1.0,1.0,1.0,1.0,1.0,1.0,1.0,36.0,23.0,23.0,515.57,2123.05,840.53,1647.91,424.41,228.24,1630.3,647.59,1589.46,422.2,270.76,1677.76,663.09,1638.6,505.02,26.77,28.89,29.25,26.99,22.73,23.64,27.8,28.5,27.57,22.88,23.89,28.03,28.69,27.81,23.53,0.013364,0.071395,0.029804,0.043751,0.007653,0.004419,0.047544,0.020669,0.045088,0.007697,0.00535,0.050389,0.021689,0.047883,0.009687
2020-01-03 04:30:00,21.61,21.63,21.73,22.32,21.7,22.04,22.5,23.0,22.43,21.21,21.55,22.62,23.04,22.55,21.54,0.81,0.0,1.0,1.0,1.0,1.0,1.0,1.0,1.0,1.0,1.0,1.0,1.0,1.0,1.0,1.0,1.0,36.0,23.0,23.0,512.53,2113.47,836.79,1637.93,422.28,226.82,1619.8,643.85,1579.61,420.3,269.32,1667.37,659.57,1628.8,502.33,26.82,28.92,29.28,27.04,22.8,23.72,27.85,28.55,27.62,22.94,23.96,28.08,28.72,27.86,23.59,0.013364,0.071395,0.029804,0.043751,0.007653,0.004419,0.047544,0.020669,0.045088,0.007697,0.00535,0.050389,0.021689,0.047883,0.009687
2020-01-03 04:45:00,21.67,21.67,21.77,22.37,21.77,22.11,22.57,23.05,22.49,21.27,21.62,22.68,23.08,22.61,21.61,0.79,0.0,1.0,1.0,1.0,1.0,1.0,1.0,1.0,1.0,1.0,1.0,1.0,1.0,1.0,1.0,1.0,36.0,23.0,23.0,509.54,2104.09,833.12,1628.14,420.18,225.45,1609.91,640.42,1570.34,418.46,267.93,1657.66,656.37,1619.64,499.74,26.88,28.95,29.31,27.1,22.86,23.8,27.9,28.59,27.67,22.99,24.02,28.13,28.76,27.91,23.66,0.013364,0.071395,0.029804,0.043751,0.007653,0.004419,0.047544,0.020669,0.045088,0.007697,0.00535,0.050389,0.021689,0.047883,0.009687
2020-01-03 05:00:00,21.72,21.7,21.81,22.42,21.84,22.18,22.63,23.1,22.55,21.33,21.68,22.74,23.13,22.66,21.68,0.76,0.0,1.0,1.0,1.0,1.0,1.0,1.0,1.0,1.0,1.0,1.0,1.0,1.0,1.0,1.0,1.0,36.0,23.0,23.0,506.59,2094.89,829.53,1618.51,418.1,224.12,1600.58,637.25,1561.59,416.65,266.57,1648.52,653.44,1611.03,497.22,26.93,28.98,29.34,27.15,22.93,23.87,27.95,28.62,27.71,23.05,24.08,28.17,28.79,27.95,23.72,0.013364,0.071395,0.029804,0.043751,0.007653,0.004419,0.047544,0.020669,0.045088,0.007697,0.00535,0.050389,0.021689,0.047883,0.009687
2020-01-03 05:15:00,21.77,21.73,21.85,22.47,21.9,22.25,22.69,23.15,22.61,21.39,21.75,22.8,23.16,22.72,21.74,0.73,0.0,1.0,1.0,1.0,1.0,1.0,1.0,1.0,1.0,1.0,1.0,1.0,1.0,1.0,1.0,1.0,36.0,23.0,23.0,504.2,2088.24,826.97,1611.3,416.24,222.83,1591.74,634.32,1553.3,414.88,265.26,1639.93,650.74,1602.93,494.78,26.97,29.0,29.36,27.19,22.99,23.94,27.99,28.66,27.76,23.1,24.14,28.21,28.82,27.99,23.78,0.013364,0.071395,0.029804,0.043751,0.007653,0.004419,0.047544,0.020669,0.045088,0.007697,0.00535,0.050389,0.021689,0.047883,0.009687
2020-01-03 05:30:00,21.82,21.76,21.88,22.52,21.96,22.31,22.75,23.19,22.67,21.45,21.81,22.85,23.2,22.77,21.81,0.71,0.0,1.0,1.0,1.0,1.0,1.0,1.0,1.0,1.0,1.0,1.0,1.0,1.0,1.0,1.0,1.0,36.0,23.0,23.0,501.86,2081.76,824.47,1604.26,414.4,221.59,1583.34,631.58,1545.42,413.15,263.99,1631.84,648.26,1595.31,492.41,27.02,29.02,29.38,27.23,23.05,24.0,28.03,28.69,27.8,23.16,24.2,28.25,28.85,28.03,23.84,0.013364,0.071395,0.029804,0.043751,0.007653,0.004419,0.047544,0.020669,0.045088,0.007697,0.00535,0.050389,0.021689,0.047883,0.009687
2020-01-03 05:45:00,21.87,21.78,21.91,22.56,22.02,22.38,22.81,23.23,22.72,21.51,21.87,22.9,23.23,22.82,21.87,0.68,0.0,1.0,1.0,1.0,1.0,1.0,1.0,1.0,1.0,1.0,1.0,1.0,1.0,1.0,1.0,1.0,36.0,23.0,23.0,499.57,2075.55,822.09,1597.46,412.59,220.38,1575.35,629.04,1537.94,411.45,262.76,1624.2,645.98,1588.13,490.1,27.06,29.05,29.4,27.26,23.1,24.07,28.07,28.72,27.84,23.21,24.25,28.29,28.87,28.07,23.9,0.013364,0.071395,0.029804,0.043751,0.007653,0.004419,0.047544,0.020669,0.045088,0.007697,0.00535,0.050389,0.021689,0.047883,0.009687
2020-01-03 06:00:00,21.91,21.81,21.94,22.6,22.08,22.44,22.86,23.26,22.78,21.56,21.93,22.95,23.26,22.87,21.93,0.66,0.0,1.0,1.0,1.0,1.0,1.0,1.0,1.0,1.0,1.0,1.0,1.0,1.0,1.0,1.0,1.0,36.0,23.0,23.0,497.33,2069.53,819.78,1590.83,410.81,219.21,1567.77,626.68,1530.83,409.79,261.55,1617.0,643.89,1581.34,487.86,27.1,29.07,29.42,27.3,23.16,24.13,28.11,28.75,27.88,23.26,24.31,28.32,28.9,28.1,23.95,0.013364,0.071395,0.029804,0.043751,0.007653,0.004419,0.047544,0.020669,0.045088,0.007697,0.00535,0.050389,0.021689,0.047883,0.009687
2020-01-03 06:15:00,21.96,21.83,21.97,22.64,22.14,22.49,22.91,23.3,22.83,21.62,21.99,23.0,23.29,22.92,21.99,0.63,0.0,1.0,1.0,1.0,1.0,1.0,1.0,1.0,1.0,1.0,1.0,1.0,1.0,1.0,1.0,1.0,36.0,23.0,23.0,495.12,2063.65,817.54,1584.33,409.05,218.07,1560.57,624.49,1524.06,408.15,260.39,1610.21,641.97,1574.92,485.67,27.14,29.09,29.44,27.34,23.21,24.19,28.15,28.77,27.91,23.31,24.36,28.36,28.92,28.13,24.01,0.013364,0.071395,0.029804,0.043751,0.007653,0.004419,0.047544,0.020669,0.045088,0.007697,0.00535,0.050389,0.021689,0.047883,0.009687
2020-01-03 06:30:00,22.0,21.85,22.0,22.68,22.2,22.55,22.96,23.33,22.88,21.67,22.05,23.04,23.32,22.96,22.05,0.61,0.0,1.0,1.0,1.0,1.0,1.0,1.0,1.0,1.0,1.0,1.0,1.0,1.0,1.0,1.0,1.0,36.0,23.0,23.0,492.95,2057.93,815.36,1577.97,407.31,216.97,1553.7,622.44,1517.58,406.55,259.25,1603.75,640.19,1568.81,483.54,27.18,29.1,29.46,27.37,23.27,24.25,28.18,28.8,27.95,23.36,24.41,28.39,28.94,28.16,24.06,0.013364,0.071395,0.029804,0.043751,0.007653,0.004419,0.047544,0.020669,0.045088,0.007697,0.00535,0.050389,0.021689,0.047883,0.009687
2020-01-03 06:45:00,22.04,21.88,22.02,22.72,22.25,22.61,23.01,23.36,22.92,21.72,22.1,23.09,23.34,23.0,22.1,0.59,0.0,1.0,1.0,1.0,1.0,1.0,1.0,1.0,1.0,1.0,1.0,1.0,1.0,1.0,1.0,1.0,36.0,23.0,23.0,490.78,2052.33,813.22,1571.72,405.6,215.9,1547.12,620.52,1511.36,404.97,258.13,1597.58,638.52,1562.95,481.46,27.21,29.12,29.47,27.41,23.32,24.31,28.22,28.82,27.98,23.41,24.46,28.42,28.96,28.19,24.11,0.013364,0.071395,0.029804,0.043751,0.007653,0.004419,0.047544,0.020669,0.045088,0.007697,0.00535,0.050389,0.021689,0.047883,0.009687
2020-01-03 07:00:00,22.08,21.9,22.05,22.75,22.3,22.66,23.05,23.39,22.97,21.78,22.16,23.13,23.37,23.04,22.16,0.58,0.0,1.0,1.0,1.0,1.0,1.0,1.0,1.0,1.0,1.0,1.0,1.0,1.0,1.0,1.0,1.0,36.0,23.0,23.0,488.88,2047.75,811.49,1566.51,404.02,214.87,1540.82,618.72,1505.41,403.42,257.05,1591.7,636.97,1557.36,479.43,27.25,29.14,29.49,27.43,23.37,24.37,28.25,28.84,28.01,23.46,24.51,28.44,28.97,28.22,24.16,0.013364,0.071395,0.029804,0.043751,0.007653,0.004419,0.047544,0.020669,0.045088,0.007697,0.00535,0.050389,0.021689,0.047883,0.009687
2020-01-03 07:15:00,22.12,21.92,22.07,22.79,22.35,22.71,23.1,23.41,23.01,21.83,22.21,23.17,23.39,23.08,22.21,0.57,0.0,1.0,1.0,1.0,1.0,1.0,1.0,1.0,1.0,1.0,1.0,1.0,1.0,1.0,1.0,1.0,36.0,23.0,23.0,487.04,2043.22,809.78,1561.41,402.46,213.86,1534.78,617.02,1499.69,401.9,255.99,1586.11,635.54,1552.05,477.45,27.28,29.15,29.5,27.46,23.42,24.42,28.28,28.86,28.04,23.51,24.55,28.47,28.99,28.25,24.21,0.013364,0.071395,0.029804,0.043751,0.007653,0.004419,0.047544,0.020669,0.045088,0.007697,0.00535,0.050389,0.021689,0.047883,0.009687
2020-01-03 07:30:00,22.16,21.94,22.09,22.82,22.4,22.76,23.14,23.44,23.05,21.88,22.27,23.2,23.41,23.12,22.26,0.56,0.0,1.0,1.0,1.0,1.0,1.0,1.0,1.0,1.0,1.0,1.0,1.0,1.0,1.0,1.0,1.0,36.0,23.0,23.0,485.24,2038.83,808.11,1556.43,400.91,212.88,1528.98,615.43,1494.19,400.39,254.95,1580.78,634.2,1546.97,475.51,27.31,29.17,29.51,27.49,23.47,24.48,28.31,28.88,28.07,23.55,24.6,28.49,29.0,28.27,24.26,0.013364,0.071395,0.029804,0.043751,0.007653,0.004419,0.047544,0.020669,0.045088,0.007697,0.00535,0.050389,0.021689,0.047883,0.009687
2020-01-03 07:45:00,22.19,21.95,22.11,22.85,22.45,22.81,23.18,23.46,23.09,21.93,22.32,23.24,23.43,23.15,22.32,0.55,0.0,1.0,1.0,1.0,1.0,1.0,1.0,1.0,1.0,1.0,1.0,1.0,1.0,1.0,1.0,1.0,36.0,23.0,23.0,483.48,2034.52,806.48,1551.56,399.39,211.93,1523.4,613.92,1488.9,398.91,253.94,1575.67,632.94,1542.1,473.62,27.34,29.18,29.53,27.52,23.51,24.53,28.33,28.89,28.1,23.6,24.65,28.52,29.02,28.3,24.3,0.013364,0.071395,0.029804,0.043751,0.007653,0.004419,0.047544,0.020669,0.045088,0.007697,0.00535,0.050389,0.021689,0.047883,0.009687
2020-01-03 08:00:00,22.24,21.98,22.14,22.89,22.5,22.85,23.22,23.49,23.13,21.98,22.37,23.28,23.45,23.19,22.37,0.64,0.0,1.0,1.0,1.0,1.0,1.0,1.0,1.0,1.0,1.0,1.0,1.0,1.0,1.0,1.0,1.0,36.0,23.0,23.0,481.75,2030.16,804.8,1546.65,397.9,211.0,1517.99,612.47,1483.76,397.46,252.95,1570.72,631.73,1537.38,471.76,27.38,29.2,29.54,27.54,23.56,24.58,28.36,28.91,28.13,23.65,24.69,28.54,29.03,28.32,24.35,0.013364,0.071395,0.029804,0.043751,0.007653,0.004419,0.047544,0.020669,0.045088,0.007697,0.00535,0.050389,0.021689,0.047883,0.009687
2020-01-03 08:15:00,21.58,20.93,21.23,22.1,22.35,22.79,23.04,23.26,22.96,21.95,22.31,23.08,23.19,23.0,22.32,0.74,11.1,0.0,0.0,0.0,0.0,0.0,0.0,0.0,0.0,0.0,0.0,0.0,0.0,0.0,0.0,0.0,28.31,23.0,23.0,0.0,0.0,0.0,0.0,0.0,0.0,0.0,0.0,0.0,0.0,0.0,0.0,0.0,0.0,0.0,36.0,36.0,36.0,36.0,36.0,36.0,36.0,36.0,36.0,36.0,36.0,36.0,36.0,36.0,36.0,0.0,0.0,0.0,0.0,0.0,0.0,0.0,0.0,0.0,0.0,0.0,0.0,0.0,0.0,0.0
2020-01-03 08:30:00,21.21,20.68,20.94,21.46,22.22,22.63,22.85,23.05,22.61,21.87,22.18,22.89,23.01,22.61,22.2,0.84,114.4,0.0,0.0,0.0,0.0,0.0,0.0,0.0,0.0,0.0,0.0,0.0,0.0,0.0,0.0,0.0,28.31,23.0,23.0,0.0,0.0,0.0,0.0,0.0,0.0,0.0,0.0,0.0,0.0,0.0,0.0,0.0,0.0,0.0,36.0,36.0,36.0,36.0,36.0,36.0,36.0,36.0,36.0,36.0,36.0,36.0,36.0,36.0,36.0,0.0,0.0,0.0,0.0,0.0,0.0,0.0,0.0,0.0,0.0,0.0,0.0,0.0,0.0,0.0
2020-01-03 08:45:00,21.1,20.89,21.18,21.32,22.1,22.5,22.8,23.14,22.28,21.79,22.04,22.87,23.12,22.23,22.07,0.94,217.7,0.0,0.0,0.0,0.0,0.0,0.0,0.0,0.0,0.0,0.0,0.0,0.0,0.0,0.0,0.0,28.31,23.0,23.0,0.0,0.0,0.0,0.0,0.0,0.0,0.0,0.0,0.0,0.0,0.0,0.0,0.0,0.0,0.0,36.0,36.0,36.0,36.0,36.0,36.0,36.0,36.0,36.0,36.0,36.0,36.0,36.0,36.0,36.0,0.0,0.0,0.0,0.0,0.0,0.0,0.0,0.0,0.0,0.0,0.0,0.0,0.0,0.0,0.0
2020-01-03 09:00:00,21.08,21.15,21.55,21.26,22.03,22.4,22.85,23.53,22.02,21.71,21.93,22.93,23.54,21.96,21.95,1.37,320.9,0.0,0.0,0.0,0.0,0.0,0.0,0.0,0.0,0.0,0.0,0.0,0.0,0.0,0.0,0.0,28.31,23.0,23.0,0.0,0.0,0.0,0.0,0.0,0.0,0.0,0.0,0.0,0.0,0.0,0.0,0.0,0.0,0.0,36.0,36.0,36.0,36.0,36.0,36.0,36.0,36.0,36.0,36.0,36.0,36.0,36.0,36.0,36.0,0.0,0.0,0.0,0.0,0.0,0.0,0.0,0.0,0.0,0.0,0.0,0.0,0.0,0.0,0.0
2020-01-03 09:15:00,21.14,21.38,21.88,21.25,22.01,22.34,22.95,24.1,21.84,21.65,21.83,23.03,24.15,21.78,21.86,1.8,424.2,0.0,0.0,0.0,0.0,0.0,0.0,0.0,0.0,0.0,0.0,0.0,0.0,0.0,0.0,0.0,28.31,23.0,23.0,0.0,0.0,0.0,0.0,0.0,0.0,0.0,0.0,0.0,0.0,0.0,0.0,0.0,0.0,0.0,36.0,36.0,36.0,36.0,36.0,36.0,36.0,36.0,36.0,36.0,36.0,36.0,36.0,36.0,36.0,0.0,0.0,0.0,0.0,0.0,0.0,0.0,0.0,0.0,0.0,0.0,0.0,0.0,0.0,0.0
2020-01-03 09:30:00,21.18,21.48,22.08,21.24,22.0,22.3,23.05,24.76,21.68,21.57,21.72,23.1,24.83,21.61,21.75,2.23,448.4,0.0,0.0,0.0,0.0,0.0,0.0,0.0,0.0,0.0,0.0,0.0,0.0,0.0,0.0,0.0,28.31,23.0,23.0,0.0,0.0,0.0,0.0,0.0,0.0,0.0,0.0,0.0,0.0,0.0,0.0,0.0,0.0,0.0,36.0,36.0,36.0,36.0,36.0,36.0,36.0,36.0,36.0,36.0,36.0,36.0,36.0,36.0,36.0,0.0,0.0,0.0,0.0,0.0,0.0,0.0,0.0,0.0,0.0,0.0,0.0,0.0,0.0,0.0
2020-01-03 09:45:00,21.2,21.49,22.24,21.23,21.98,22.24,23.09,25.36,21.56,21.51,21.62,23.13,25.45,21.48,21.66,2.66,472.6,0.0,0.0,0.0,0.0,0.0,0.0,0.0,0.0,0.0,0.0,0.0,0.0,0.0,0.0,0.0,28.31,23.0,23.0,0.0,0.0,0.0,0.0,0.0,0.0,0.0,0.0,0.0,0.0,0.0,0.0,0.0,0.0,0.0,36.0,36.0,36.0,36.0,36.0,36.0,36.0,36.0,36.0,36.0,36.0,36.0,36.0,36.0,36.0,0.0,0.0,0.0,0.0,0.0,0.0,0.0,0.0,0.0,0.0,0.0,0.0,0.0,0.0,0.0
2020-01-03 10:00:00,21.22,21.46,22.37,21.21,21.94,22.18,23.09,25.94,21.46,21.44,21.53,23.1,26.05,21.36,21.57,3.03,496.8,0.0,0.0,0.0,0.0,0.0,0.0,0.0,0.0,0.0,0.0,0.0,0.0,0.0,0.0,0.0,28.31,23.0,23.0,0.0,0.0,0.0,0.0,0.0,0.0,0.0,0.0,0.0,0.0,0.0,0.0,0.0,0.0,0.0,36.0,36.0,36.0,36.0,36.0,36.0,36.0,36.0,36.0,36.0,36.0,36.0,36.0,36.0,36.0,0.0,0.0,0.0,0.0,0.0,0.0,0.0,0.0,0.0,0.0,0.0,0.0,0.0,0.0,0.0
2020-01-03 10:15:00,21.24,21.4,22.47,21.2,21.9,22.11,23.06,26.53,21.37,21.38,21.45,23.03,26.65,21.25,21.49,3.4,521.1,0.0,0.0,0.0,0.0,0.0,0.0,0.0,0.0,0.0,0.0,0.0,0.0,0.0,0.0,0.0,28.31,23.0,23.0,0.0,0.0,0.0,0.0,0.0,0.0,0.0,0.0,0.0,0.0,0.0,0.0,0.0,0.0,0.0,36.0,36.0,36.0,36.0,36.0,36.0,36.0,36.0,36.0,36.0,36.0,36.0,36.0,36.0,36.0,0.0,0.0,0.0,0.0,0.0,0.0,0.0,0.0,0.0,0.0,0.0,0.0,0.0,0.0,0.0
2020-01-03 10:30:00,21.28,21.36,22.64,21.21,21.85,22.02,22.99,27.1,21.29,21.33,21.37,22.94,27.24,21.16,21.41,3.77,558.0,0.0,0.0,0.0,0.0,0.0,0.0,0.0,0.0,0.0,0.0,0.0,0.0,0.0,0.0,0.0,28.31,23.0,23.0,0.0,0.0,0.0,0.0,0.0,0.0,0.0,0.0,0.0,0.0,0.0,0.0,0.0,0.0,0.0,36.0,36.0,36.0,36.0,36.0,36.0,36.0,36.0,36.0,36.0,36.0,36.0,36.0,36.0,36.0,0.0,0.0,0.0,0.0,0.0,0.0,0.0,0.0,0.0,0.0,0.0,0.0,0.0,0.0,0.0
2020-01-03 10:45:00,21.37,21.31,22.82,21.26,21.78,21.92,22.9,27.8,21.2,21.27,21.28,22.81,27.96,21.06,21.33,4.14,595.0,0.0,0.0,0.0,0.0,0.0,0.0,0.0,0.0,0.0,0.0,0.0,0.0,0.0,0.0,0.0,28.31,23.0,23.0,0.0,0.0,0.0,0.0,0.0,0.0,0.0,0.0,0.0,0.0,0.0,0.0,0.0,0.0,0.0,36.0,36.0,36.0,36.0,36.0,36.0,36.0,36.0,36.0,36.0,36.0,36.0,36.0,36.0,36.0,0.0,0.0,0.0,0.0,0.0,0.0,0.0,0.0,0.0,0.0,0.0,0.0,0.0,0.0,0.0
2020-01-03 11:00:00,21.47,21.27,23.03,21.34,21.71,21.82,22.78,28.54,21.14,21.21,21.2,22.65,28.73,20.98,21.25,4.5,632.0,0.0,0.0,0.0,0.0,0.0,0.0,0.0,0.0,0.0,0.0,0.0,0.0,0.0,0.0,0.0,28.31,23.0,23.0,0.0,0.0,0.0,0.0,0.0,0.0,0.0,0.0,0.0,0.0,0.0,0.0,0.0,0.0,0.0,36.0,36.0,36.0,36.0,36.0,36.0,36.0,36.0,36.0,36.0,36.0,36.0,36.0,36.0,36.0,0.0,0.0,0.0,0.0,0.0,0.0,0.0,0.0,0.0,0.0,0.0,0.0,0.0,0.0,0.0
2020-01-03 11:15:00,21.58,21.23,23.25,21.41,21.64,21.72,22.64,29.34,21.09,21.16,21.12,22.48,29.56,20.92,21.17,4.86,668.9,0.0,0.0,0.0,0.0,0.0,0.0,0.0,0.0,0.0,0.0,0.0,0.0,0.0,0.0,0.0,28.31,23.0,23.0,0.0,0.0,0.0,0.0,0.0,0.0,0.0,0.0,0.0,0.0,0.0,0.0,0.0,0.0,0.0,36.0,36.0,36.0,36.0,36.0,36.0,36.0,36.0,36.0,36.0,36.0,36.0,36.0,36.0,36.0,0.0,0.0,0.0,0.0,0.0,0.0,0.0,0.0,0.0,0.0,0.0,0.0,0.0,0.0,0.0
2020-01-03 11:30:00,21.68,21.19,23.35,21.47,21.57,21.62,22.48,30.01,21.03,21.1,21.04,22.28,30.22,20.85,21.09,5.23,652.4,0.0,0.0,0.0,0.0,0.0,0.0,0.0,0.0,0.0,0.0,0.0,0.0,0.0,0.0,0.0,28.31,23.0,23.0,0.0,0.0,0.0,0.0,0.0,0.0,0.0,0.0,0.0,0.0,0.0,0.0,0.0,0.0,0.0,36.0,36.0,36.0,36.0,36.0,36.0,36.0,36.0,36.0,36.0,36.0,36.0,36.0,36.0,36.0,0.0,0.0,0.0,0.0,0.0,0.0,0.0,0.0,0.0,0.0,0.0,0.0,0.0,0.0,0.0
2020-01-03 11:45:00,21.73,21.16,23.42,21.49,21.49,21.51,22.34,30.59,20.98,21.05,20.97,22.1,30.77,20.78,21.02,5.59,635.8,0.0,0.0,0.0,0.0,0.0,0.0,0.0,0.0,0.0,0.0,0.0,0.0,0.0,0.0,0.0,28.31,23.0,23.0,0.0,0.0,0.0,0.0,0.0,0.0,0.0,0.0,0.0,0.0,0.0,0.0,0.0,0.0,0.0,36.0,36.0,36.0,36.0,36.0,36.0,36.0,36.0,36.0,36.0,36.0,36.0,36.0,36.0,36.0,0.0,0.0,0.0,0.0,0.0,0.0,0.0,0.0,0.0,0.0,0.0,0.0,0.0,0.0,0.0
2020-01-03 12:00:00,21.76,21.14,23.47,21.54,21.42,21.42,22.21,31.05,20.95,21.0,20.89,21.96,31.19,20.74,20.95,5.81,619.3,0.0,0.0,0.0,0.0,0.0,0.0,0.0,0.0,0.0,0.0,0.0,0.0,0.0,0.0,0.0,28.31,23.0,23.0,0.0,0.0,0.0,0.0,0.0,0.0,0.0,0.0,0.0,0.0,0.0,0.0,0.0,0.0,0.0,36.0,36.0,36.0,36.0,36.0,36.0,36.0,36.0,36.0,36.0,36.0,36.0,36.0,36.0,36.0,0.0,0.0,0.0,0.0,0.0,0.0,0.0,0.0,0.0,0.0,0.0,0.0,0.0,0.0,0.0
2020-01-03 12:15:00,21.78,21.12,23.51,21.62,21.36,21.35,22.1,31.44,20.96,20.95,20.82,21.82,31.53,20.75,20.88,6.02,602.8,0.0,0.0,0.0,0.0,0.0,0.0,0.0,0.0,0.0,0.0,0.0,0.0,0.0,0.0,0.0,28.31,23.0,23.0,0.0,0.0,0.0,0.0,0.0,0.0,0.0,0.0,0.0,0.0,0.0,0.0,0.0,0.0,0.0,36.0,36.0,36.0,36.0,36.0,36.0,36.0,36.0,36.0,36.0,36.0,36.0,36.0,36.0,36.0,0.0,0.0,0.0,0.0,0.0,0.0,0.0,0.0,0.0,0.0,0.0,0.0,0.0,0.0,0.0
2020-01-03 12:30:00,21.77,21.08,23.54,21.74,21.31,21.3,21.99,31.75,21.02,20.89,20.74,21.69,31.77,20.81,20.8,6.24,576.6,0.0,0.0,0.0,0.0,0.0,0.0,0.0,0.0,0.0,0.0,0.0,0.0,0.0,0.0,0.0,28.31,23.0,23.0,0.0,0.0,0.0,0.0,0.0,0.0,0.0,0.0,0.0,0.0,0.0,0.0,0.0,0.0,0.0,36.0,36.0,36.0,36.0,36.0,36.0,36.0,36.0,36.0,36.0,36.0,36.0,36.0,36.0,36.0,0.0,0.0,0.0,0.0,0.0,0.0,0.0,0.0,0.0,0.0,0.0,0.0,0.0,0.0,0.0
2020-01-03 12:45:00,21.82,21.07,23.52,21.88,21.27,21.26,21.9,31.96,21.11,20.84,20.67,21.58,31.92,20.9,20.73,6.45,550.4,0.0,0.0,0.0,0.0,0.0,0.0,0.0,0.0,0.0,0.0,0.0,0.0,0.0,0.0,0.0,28.31,23.0,23.0,0.0,0.0,0.0,0.0,0.0,0.0,0.0,0.0,0.0,0.0,0.0,0.0,0.0,0.0,0.0,36.0,36.0,36.0,36.0,36.0,36.0,36.0,36.0,36.0,36.0,36.0,36.0,36.0,36.0,36.0,0.0,0.0,0.0,0.0,0.0,0.0,0.0,0.0,0.0,0.0,0.0,0.0,0.0,0.0,0.0
2020-01-03 13:00:00,21.77,21.01,23.55,22.01,21.23,21.24,21.81,32.12,21.23,20.79,20.6,21.48,32.02,21.03,20.66,6.52,524.2,0.0,0.0,0.0,0.0,0.0,0.0,0.0,0.0,0.0,0.0,0.0,0.0,0.0,0.0,0.0,28.31,23.0,23.0,0.0,0.0,0.0,0.0,0.0,0.0,0.0,0.0,0.0,0.0,0.0,0.0,0.0,0.0,0.0,36.0,36.0,36.0,36.0,36.0,36.0,36.0,36.0,36.0,36.0,36.0,36.0,36.0,36.0,36.0,0.0,0.0,0.0,0.0,0.0,0.0,0.0,0.0,0.0,0.0,0.0,0.0,0.0,0.0,0.0
2020-01-03 13:15:00,21.8,20.98,23.5,22.17,21.19,21.23,21.73,32.2,21.41,20.74,20.53,21.38,32.04,21.19,20.6,6.59,498.0,0.0,0.0,0.0,0.0,0.0,0.0,0.0,0.0,0.0,0.0,0.0,0.0,0.0,0.0,0.0,28.31,23.0,23.0,0.0,0.0,0.0,0.0,0.0,0.0,0.0,0.0,0.0,0.0,0.0,0.0,0.0,0.0,0.0,36.0,36.0,36.0,36.0,36.0,36.0,36.0,36.0,36.0,36.0,36.0,36.0,36.0,36.0,36.0,0.0,0.0,0.0,0.0,0.0,0.0,0.0,0.0,0.0,0.0,0.0,0.0,0.0,0.0,0.0
2020-01-03 13:30:00,21.74,20.92,23.51,22.3,21.17,21.21,21.65,32.19,21.58,20.69,20.46,21.29,32.01,21.4,20.53,6.66,471.9,0.0,0.0,0.0,0.0,0.0,0.0,0.0,0.0,0.0,0.0,0.0,0.0,0.0,0.0,0.0,28.31,23.0,23.0,0.0,0.0,0.0,0.0,0.0,0.0,0.0,0.0,0.0,0.0,0.0,0.0,0.0,0.0,0.0,36.0,36.0,36.0,36.0,36.0,36.0,36.0,36.0,36.0,36.0,36.0,36.0,36.0,36.0,36.0,0.0,0.0,0.0,0.0,0.0,0.0,0.0,0.0,0.0,0.0,0.0,0.0,0.0,0.0,0.0
2020-01-03 13:45:00,21.75,20.88,23.44,22.46,21.17,21.2,21.57,32.16,21.76,20.64,20.4,21.2,31.93,21.61,20.47,6.73,445.8,0.0,0.0,0.0,0.0,0.0,0.0,0.0,0.0,0.0,0.0,0.0,0.0,0.0,0.0,0.0,28.31,23.0,23.0,0.0,0.0,0.0,0.0,0.0,0.0,0.0,0.0,0.0,0.0,0.0,0.0,0.0,0.0,0.0,36.0,36.0,36.0,36.0,36.0,36.0,36.0,36.0,36.0,36.0,36.0,36.0,36.0,36.0,36.0,0.0,0.0,0.0,0.0,0.0,0.0,0.0,0.0,0.0,0.0,0.0,0.0,0.0,0.0,0.0
2020-01-03 14:00:00,21.67,20.81,23.4,22.59,21.18,21.26,21.49,32.08,21.93,20.6,20.33,21.1,31.79,21.8,20.41,6.69,419.7,0.0,0.0,0.0,0.0,0.0,0.0,0.0,0.0,0.0,0.0,0.0,0.0,0.0,0.0,0.0,28.31,23.0,23.0,0.0,0.0,0.0,0.0,0.0,0.0,0.0,0.0,0.0,0.0,0.0,0.0,0.0,0.0,0.0,36.0,36.0,36.0,36.0,36.0,36.0,36.0,36.0,36.0,36.0,36.0,36.0,36.0,36.0,36.0,0.0,0.0,0.0,0.0,0.0,0.0,0.0,0.0,0.0,0.0,0.0,0.0,0.0,0.0,0.0
2020-01-03 14:15:00,21.65,20.75,23.26,22.7,21.2,21.29,21.42,31.9,22.07,20.55,20.27,21.01,31.54,21.95,20.35,6.65,393.6,0.0,0.0,0.0,0.0,0.0,0.0,0.0,0.0,0.0,0.0,0.0,0.0,0.0,0.0,0.0,28.31,23.0,23.0,0.0,0.0,0.0,0.0,0.0,0.0,0.0,0.0,0.0,0.0,0.0,0.0,0.0,0.0,0.0,36.0,36.0,36.0,36.0,36.0,36.0,36.0,36.0,36.0,36.0,36.0,36.0,36.0,36.0,36.0,0.0,0.0,0.0,0.0,0.0,0.0,0.0,0.0,0.0,0.0,0.0,0.0,0.0,0.0,0.0
2020-01-03 14:30:00,21.53,20.64,23.17,22.79,21.21,21.31,21.33,31.69,22.21,20.5,20.2,20.92,31.26,22.1,20.29,6.61,369.1,0.0,0.0,0.0,0.0,0.0,0.0,0.0,0.0,0.0,0.0,0.0,0.0,0.0,0.0,0.0,28.31,23.0,23.0,0.0,0.0,0.0,0.0,0.0,0.0,0.0,0.0,0.0,0.0,0.0,0.0,0.0,0.0,0.0,36.0,36.0,36.0,36.0,36.0,36.0,36.0,36.0,36.0,36.0,36.0,36.0,36.0,36.0,36.0,0.0,0.0,0.0,0.0,0.0,0.0,0.0,0.0,0.0,0.0,0.0,0.0,0.0,0.0,0.0
2020-01-03 14:45:00,21.47,20.56,23.03,22.93,21.22,21.33,21.25,31.49,22.36,20.46,20.14,20.84,31.0,22.26,20.23,6.57,344.5,0.0,0.0,0.0,0.0,0.0,0.0,0.0,0.0,0.0,0.0,0.0,0.0,0.0,0.0,0.0,28.31,23.0,23.0,0.0,0.0,0.0,0.0,0.0,0.0,0.0,0.0,0.0,0.0,0.0,0.0,0.0,0.0,0.0,36.0,36.0,36.0,36.0,36.0,36.0,36.0,36.0,36.0,36.0,36.0,36.0,36.0,36.0,36.0,0.0,0.0,0.0,0.0,0.0,0.0,0.0,0.0,0.0,0.0,0.0,0.0,0.0,0.0,0.0
2020-01-03 15:00:00,21.33,20.43,22.88,23.03,21.27,21.36,21.15,31.25,22.46,20.42,20.09,20.76,30.7,22.37,20.18,6.41,320.0,0.0,0.0,0.0,0.0,0.0,0.0,0.0,0.0,0.0,0.0,0.0,0.0,0.0,0.0,0.0,28.31,23.0,23.0,0.0,0.0,0.0,0.0,0.0,0.0,0.0,0.0,0.0,0.0,0.0,0.0,0.0,0.0,0.0,36.0,36.0,36.0,36.0,36.0,36.0,36.0,36.0,36.0,36.0,36.0,36.0,36.0,36.0,36.0,0.0,0.0,0.0,0.0,0.0,0.0,0.0,0.0,0.0,0.0,0.0,0.0,0.0,0.0,0.0
2020-01-03 15:15:00,21.19,20.28,22.69,23.11,21.29,21.36,21.04,30.94,22.58,20.38,20.03,20.66,30.32,22.48,20.12,6.25,295.4,0.0,0.0,0.0,0.0,0.0,0.0,0.0,0.0,0.0,0.0,0.0,0.0,0.0,0.0,0.0,28.31,23.0,23.0,0.0,0.0,0.0,0.0,0.0,0.0,0.0,0.0,0.0,0.0,0.0,0.0,0.0,0.0,0.0,36.0,36.0,36.0,36.0,36.0,36.0,36.0,36.0,36.0,36.0,36.0,36.0,36.0,36.0,36.0,0.0,0.0,0.0,0.0,0.0,0.0,0.0,0.0,0.0,0.0,0.0,0.0,0.0,0.0,0.0
2020-01-03 15:30:00,21.03,20.12,22.44,22.99,21.28,21.34,20.93,30.53,22.61,20.33,19.97,20.55,29.84,22.49,20.06,6.08,222.9,0.0,0.0,0.0,0.0,0.0,0.0,0.0,0.0,0.0,0.0,0.0,0.0,0.0,0.0,0.0,28.31,23.0,23.0,0.0,0.0,0.0,0.0,0.0,0.0,0.0,0.0,0.0,0.0,0.0,0.0,0.0,0.0,0.0,36.0,36.0,36.0,36.0,36.0,36.0,36.0,36.0,36.0,36.0,36.0,36.0,36.0,36.0,36.0,0.0,0.0,0.0,0.0,0.0,0.0,0.0,0.0,0.0,0.0,0.0,0.0,0.0,0.0,0.0
2020-01-03 15:45:00,20.81,19.93,22.1,22.72,21.24,21.27,20.82,30.04,22.52,20.29,19.92,20.43,29.26,22.36,20.01,5.92,150.5,0.0,0.0,0.0,0.0,0.0,0.0,0.0,0.0,0.0,0.0,0.016,0.0,0.0,0.0,0.0,36.0,23.0,23.0,0.0,0.0,0.0,0.0,0.0,0.0,0.0,0.0,0.0,0.0,5.6,0.0,0.0,0.0,0.0,36.0,36.0,36.0,36.0,36.0,36.0,36.0,36.0,36.0,36.0,20.19,36.0,36.0,36.0,36.0,0.0,0.0,0.0,0.0,0.0,0.0,0.0,0.0,0.0,0.0,8.5e-05,0.0,0.0,0.0,0.0
2020-01-03 16:00:00,20.56,19.74,21.73,22.33,21.16,21.13,20.67,29.39,22.32,20.25,19.86,20.28,28.52,22.1,19.95,5.68,78.0,0.0,0.035,0.0,0.0,0.0,0.0,0.0,0.0,0.0,0.0,0.042,0.0,0.0,0.0,0.0,36.0,23.0,23.0,0.0,151.27,0.0,0.0,0.0,0.0,0.0,0.0,0.0,0.0,14.93,0.0,0.0,0.0,0.0,36.0,21.6,36.0,36.0,36.0,36.0,36.0,36.0,36.0,36.0,20.17,36.0,36.0,36.0,36.0,0.0,0.002513,0.0,0.0,0.0,0.0,0.0,0.0,0.0,0.0,0.000226,0.0,0.0,0.0,0.0
2020-01-03 16:15:00,20.32,19.67,21.36,21.87,21.04,20.93,20.52,28.71,22.0,20.2,19.82,20.1,27.73,21.72,19.9,5.43,5.5,0.0,0.129,0.0,0.0,0.0,0.0,0.0,0.0,0.0,0.0,0.069,0.0,0.0,0.0,0.025,36.0,23.0,23.0,0.0,523.98,0.0,0.0,0.0,0.0,0.0,0.0,0.0,0.0,24.39,0.0,0.0,0.0,15.99,36.0,22.36,36.0,36.0,36.0,36.0,36.0,36.0,36.0,36.0,20.17,36.0,36.0,36.0,20.15,0.0,0.009189,0.0,0.0,0.0,0.0,0.0,0.0,0.0,0.0,0.000369,0.0,0.0,0.0,0.000241
2020-01-03 16:30:00,20.13,19.59,21.09,21.56,20.89,20.71,20.35,28.1,21.72,20.16,19.78,19.91,27.05,21.37,19.85,5.19,0.0,0.0,0.163,0.0,0.0,0.0,0.0,0.0,0.0,0.0,0.0,0.092,0.0,0.0,0.0,0.052,36.0,23.0,23.0,0.0,654.01,0.0,0.0,0.0,0.0,0.0,0.0,0.0,0.0,32.6,0.0,0.0,0.0,33.28,36.0,22.52,36.0,36.0,36.0,36.0,36.0,36.0,36.0,36.0,20.17,36.0,36.0,36.0,20.13,0.0,0.011605,0.0,0.0,0.0,0.0,0.0,0.0,0.0,0.0,0.000493,0.0,0.0,0.0,0.000502
2020-01-03 16:45:00,19.98,19.53,20.89,21.35,20.76,20.53,20.19,27.54,21.47,20.11,19.74,19.74,26.45,21.08,19.8,4.94,0.0,0.0,0.204,0.0,0.0,0.0,0.0,0.0,0.0,0.0,0.0,0.112,0.047,0.0,0.0,0.076,36.0,23.0,23.0,0.0,803.09,0.0,0.0,0.0,0.0,0.0,0.0,0.0,0.0,39.55,152.36,0.0,0.0,48.8,36.0,22.78,36.0,36.0,36.0,36.0,36.0,36.0,36.0,36.0,20.19,20.75,36.0,36.0,20.13,0.0,0.014532,0.0,0.0,0.0,0.0,0.0,0.0,0.0,0.0,0.000598,0.00239,0.0,0.0,0.000735
2020-01-03 17:00:00,19.85,19.48,20.69,21.16,20.63,20.37,20.04,26.98,21.23,20.07,19.71,19.63,25.85,20.81,19.77,4.83,0.0,0.012,0.234,0.0,0.0,0.0,0.0,0.0,0.0,0.0,0.0,0.129,0.129,0.0,0.0,0.098,36.0,23.0,23.0,10.01,912.57,0.0,0.0,0.0,0.0,0.0,0.0,0.0,0.0,45.73,410.13,0.0,0.0,62.94,21.15,22.94,36.0,36.0,36.0,36.0,36.0,36.0,36.0,36.0,20.21,20.96,36.0,36.0,20.13,0.000161,0.01672,0.0,0.0,0.0,0.0,0.0,0.0,0.0,0.0,0.000693,0.006522,0.0,0.0,0.000949
2020-01-03 17:15:00,19.77,19.43,20.51,20.99,20.51,20.24,19.89,26.47,21.01,20.03,19.69,19.58,25.31,20.56,19.74,4.72,0.0,0.076,0.26,0.0,0.0,0.0,0.0,0.0,0.0,0.0,0.0,0.144,0.183,0.0,0.0,0.116,36.0,23.0,23.0,61.75,1001.84,0.0,0.0,0.0,0.0,0.0,0.0,0.0,0.0,50.79,568.57,0.0,0.0,74.47,21.43,23.07,36.0,36.0,36.0,36.0,36.0,36.0,36.0,36.0,20.23,21.24,36.0,36.0,20.14,0.001014,0.018529,0.0,0.0,0.0,0.0,0.0,0.0,0.0,0.0,0.00077,0.009218,0.0,0.0,0.001123
2020-01-03 17:30:00,19.69,19.4,20.34,20.81,20.39,20.14,19.76,25.98,20.8,19.99,19.67,19.56,24.8,20.34,19.71,4.61,0.0,0.117,0.286,0.0,0.0,0.0,0.0,0.057,0.0,0.0,0.0,0.156,0.21,0.0,0.0,0.131,36.0,23.0,23.0,94.28,1086.5,0.0,0.0,0.0,0.0,171.37,0.0,0.0,0.0,55.09,640.28,0.0,0.0,84.19,21.59,23.28,36.0,36.0,36.0,36.0,20.82,36.0,36.0,36.0,20.25,21.51,36.0,36.0,20.15,0.001565,0.020441,0.0,0.0,0.0,0.0,0.0027,0.0,0.0,0.0,0.000837,0.01057,0.0,0.0,0.001271
2020-01-03 17:45:00,19.62,19.37,20.18,20.62,20.28,20.06,19.67,25.51,20.6,19.95,19.65,19.55,24.31,20.12,19.69,4.49,0.0,0.154,0.299,0.0,0.0,0.0,0.0,0.12,0.0,0.0,0.006,0.167,0.219,0.0,0.0,0.144,36.0,23.0,23.0,122.61,1126.49,0.0,0.0,0.0,0.0,357.19,0.0,0.0,3.05,58.79,659.54,0.0,0.0,92.49,21.73,23.4,36.0,36.0,36.0,36.0,20.98,36.0,36.0,20.14,20.27,21.71,36.0,36.0,20.16,0.002055,0.021381,0.0,0.0,0.0,0.0,0.00569,0.0,0.0,4.6e-05,0.000894,0.011039,0.0,0.0,0.001397
2020-01-03 18:00:00,19.56,19.35,20.03,20.47,20.19,20.0,19.64,25.1,20.43,19.91,19.63,19.55,23.89,19.93,19.67,4.39,0.0,0.189,0.316,0.0,0.0,0.0,0.0,0.163,0.0,0.0,0.026,0.176,0.224,0.0,0.0,0.156,36.0,23.0,23.0,149.3,1175.9,0.0,0.0,0.0,0.0,478.7,0.0,0.0,13.53,62.04,667.29,0.0,0.0,99.67,21.85,23.54,36.0,36.0,36.0,36.0,21.2,36.0,36.0,20.12,20.28,21.85,36.0,36.0,20.17,0.002525,0.022583,0.0,0.0,0.0,0.0,0.00774,0.0,0.0,0.000204,0.000944,0.01128,0.0,0.0,0.001507
2020-01-03 18:15:00,19.51,19.34,19.9,20.32,20.12,19.95,19.62,24.71,20.27,19.87,19.61,19.56,23.51,19.77,19.65,4.29,0.0,0.22,0.324,0.0,0.0,0.0,0.002,0.182,0.0,0.0,0.046,0.185,0.223,0.0,0.035,0.166,36.0,23.0,23.0,172.49,1196.87,0.0,0.0,0.0,0.55,527.09,0.0,0.0,23.51,64.94,659.74,0.0,105.17,106.02,21.97,23.63,36.0,36.0,36.0,20.48,21.4,36.0,36.0,20.1,20.3,21.94,36.0,21.14,20.18,0.00294,0.023142,0.0,0.0,0.0,9e-06,0.008636,0.0,0.0,0.000354,0.000989,0.011224,0.0,0.001693,0.001603
2020-01-03 18:30:00,19.47,19.33,19.83,20.18,20.07,19.9,19.61,24.34,20.12,19.84,19.6,19.55,23.16,19.68,19.63,4.18,0.0,0.246,0.332,0.051,0.0,0.0,0.027,0.189,0.0,0.0,0.064,0.193,0.221,0.0,0.113,0.174,36.0,23.0,23.0,191.5,1218.08,81.18,0.0,0.0,7.71,542.79,0.0,0.0,32.69,67.56,651.92,0.0,334.78,111.68,22.05,23.72,23.2,36.0,36.0,20.44,21.54,36.0,36.0,20.09,20.31,21.99,36.0,21.22,20.19,0.003285,0.023725,0.001517,0.0,0.0,0.000119,0.008981,0.0,0.0,0.000492,0.00103,0.011134,0.0,0.00542,0.00169
2020-01-03 18:45:00,19.44,19.32,19.76,20.05,20.02,19.86,19.61,24.0,19.98,19.81,19.59,19.55,22.84,19.63,19.62,4.08,0.0,0.265,0.337,0.087,0.0,0.0,0.052,0.193,0.0,0.0,0.08,0.199,0.223,0.0,0.162,0.183,36.0,23.0,23.0,205.77,1227.51,138.16,0.0,0.0,15.03,549.9,0.0,0.0,41.0,69.93,655.31,0.0,474.63,116.79,22.11,23.78,23.29,36.0,36.0,20.42,21.64,36.0,36.0,20.09,20.33,22.03,36.0,21.4,20.2,0.003545,0.024037,0.002601,0.0,0.0,0.000231,0.009162,0.0,0.0,0.000617,0.001067,0.011224,0.0,0.007779,0.001769
2020-01-03 19:00:00,19.41,19.32,19.7,19.93,19.98,19.83,19.6,23.68,19.85,19.78,19.58,19.54,22.54,19.62,19.61,3.98,0.0,0.28,0.339,0.119,0.0,0.0,0.072,0.197,0.0,0.011,0.095,0.206,0.226,0.0,0.186,0.19,36.0,23.0,23.0,216.25,1229.18,187.36,0.0,0.0,20.83,558.53,0.0,31.7,48.49,72.1,664.52,0.0,536.6,121.44,22.15,23.84,23.35,36.0,36.0,20.41,21.72,36.0,20.98,20.09,20.34,22.07,36.0,21.57,20.21,0.003736,0.024173,0.003544,0.0,0.0,0.00032,0.009354,0.0,0.000505,0.000729,0.001101,0.011412,0.0,0.008898,0.00184
2020-01-03 19:15:00,19.4,19.31,19.66,19.86,19.94,19.81,19.6,23.35,19.75,19.76,19.56,19.55,22.25,19.62,19.59,3.88,0.0,0.294,0.34,0.15,0.036,0.009,0.086,0.2,0.0,0.075,0.108,0.212,0.228,0.0,0.192,0.197,36.0,23.0,23.0,224.92,1216.79,232.58,97.54,4.62,24.71,564.7,0.0,212.1,55.23,74.09,666.93,0.0,548.97,125.68,22.28,24.0,23.58,21.29,20.32,20.4,21.77,36.0,21.01,20.09,20.35,22.1,36.0,21.69,20.22,0.003923,0.024253,0.00448,0.001586,7e-05,0.000379,0.009494,0.0,0.003386,0.00083,0.001132,0.011477,0.0,0.009179,0.001905
2020-01-03 19:30:00,19.38,19.31,19.63,19.84,19.91,19.8,19.59,23.07,19.71,19.74,19.56,19.55,22.0,19.62,19.58,3.78,0.0,0.301,0.346,0.17,0.068,0.031,0.096,0.202,0.0,0.124,0.122,0.218,0.226,0.0,0.191,0.204,36.0,23.0,23.0,229.63,1231.66,261.1,181.16,15.36,27.73,570.82,0.0,347.51,62.38,76.08,660.07,0.0,544.49,129.99,22.33,24.06,23.67,21.38,20.32,20.39,21.81,36.0,21.15,20.09,20.36,22.11,36.0,21.76,20.23,0.00402,0.024686,0.005064,0.002965,0.000234,0.000425,0.009626,0.0,0.005597,0.000938,0.001164,0.011371,0.0,0.009149,0.001972
2020-01-03 19:45:00,19.37,19.32,19.6,19.78,19.88,19.79,19.6,22.82,19.68,19.72,19.55,19.57,21.77,19.61,19.57,3.68,0.0,0.308,0.343,0.185,0.081,0.046,0.101,0.204,0.0,0.145,0.132,0.222,0.223,0.0,0.19,0.209,36.0,23.0,23.0,234.16,1222.03,283.27,217.18,23.33,29.16,572.91,0.0,403.16,67.74,77.59,651.66,0.0,539.25,133.2,22.38,24.07,23.72,21.36,20.31,20.38,21.85,36.0,21.28,20.1,20.37,22.12,36.0,21.8,20.23,0.004113,0.024507,0.005519,0.00355,0.000356,0.000447,0.009683,0.0,0.006551,0.001019,0.001188,0.011229,0.0,0.009085,0.002021
2020-01-03 20:00:00,19.36,19.31,19.56,19.74,19.87,19.78,19.59,22.57,19.65,19.7,19.54,19.55,21.54,19.59,19.56,3.58,0.0,0.313,0.339,0.199,0.109,0.058,0.106,0.199,0.0,0.16,0.142,0.226,0.215,0.0,0.194,0.213,36.0,23.0,23.0,237.56,1207.88,303.29,289.95,29.25,30.68,558.44,0.0,439.93,72.6,78.96,630.46,0.0,550.09,136.11,22.42,24.07,23.76,21.44,20.29,20.37,21.85,36.0,21.39,20.1,20.38,22.1,36.0,21.83,20.24,0.004186,0.024214,0.00593,0.004765,0.000445,0.00047,0.009445,0.0,0.007203,0.001092,0.001209,0.010851,0.0,0.009285,0.002066
2020-01-03 20:15:00,19.35,19.31,19.54,19.7,19.84,19.76,19.57,22.33,19.63,19.68,19.53,19.54,21.33,19.57,19.56,3.48,0.0,0.318,0.347,0.218,0.129,0.067,0.111,0.206,0.0,0.173,0.151,0.23,0.223,0.0,0.205,0.218,36.0,23.0,23.0,240.73,1228.32,330.36,341.64,33.92,31.94,578.41,0.0,472.68,77.05,80.23,652.03,0.0,580.02,138.8,22.46,24.14,23.86,21.47,20.27,20.36,21.87,36.0,21.49,20.1,20.39,22.1,36.0,21.87,20.25,0.004255,0.024785,0.00651,0.005624,0.000516,0.000489,0.009796,0.0,0.007791,0.00116,0.001229,0.011224,0.0,0.009817,0.002108
2020-01-03 20:30:00,19.35,19.3,19.51,19.67,19.82,19.74,19.56,22.1,19.61,19.67,19.53,19.53,21.12,19.55,19.55,3.37,0.0,0.325,0.346,0.229,0.148,0.08,0.122,0.213,0.0,0.184,0.159,0.233,0.23,0.0,0.215,0.222,36.0,23.0,23.0,244.76,1224.12,346.2,393.54,40.27,35.35,597.43,0.0,499.97,81.15,81.41,672.66,0.0,606.01,141.3,22.51,24.16,23.88,21.5,20.26,20.35,21.9,36.0,21.57,20.11,20.39,22.12,36.0,21.91,20.25,0.004341,0.02473,0.006834,0.006493,0.000612,0.00054,0.010139,0.0,0.008288,0.001222,0.001248,0.011596,0.0,0.010291,0.002147
2020-01-03 20:45:00,19.33,19.29,19.48,19.64,19.8,19.72,19.54,21.87,19.61,19.65,19.52,19.51,20.92,19.55,19.54,3.27,0.0,0.327,0.349,0.247,0.167,0.091,0.132,0.22,0.0,0.194,0.166,0.237,0.236,0.0,0.224,0.225,36.0,23.0,23.0,245.93,1229.07,370.35,441.43,46.0,38.25,613.73,0.0,525.54,84.92,82.52,688.93,0.0,628.88,143.64,22.54,24.2,23.96,21.53,20.25,20.34,21.94,36.0,21.64,20.11,20.4,22.15,36.0,21.96,20.26,0.004372,0.024908,0.00736,0.007297,0.000699,0.000584,0.010441,0.0,0.008757,0.001279,0.001266,0.0119,0.0,0.010717,0.002183
2020-01-03 21:00:00,19.33,19.3,19.46,19.61,19.78,19.7,19.54,21.65,19.58,19.64,19.52,19.51,20.72,19.53,19.54,3.17,0.0,0.333,0.356,0.258,0.178,0.102,0.141,0.23,0.0,0.197,0.173,0.24,0.245,0.0,0.224,0.229,36.0,23.0,23.0,249.66,1249.72,384.6,468.47,51.4,40.8,640.46,0.0,529.8,88.41,83.56,713.61,0.0,628.25,145.83,22.58,24.25,24.03,21.57,20.25,20.34,21.98,36.0,21.69,20.11,20.41,22.19,36.0,21.99,20.26,0.004449,0.025445,0.007689,0.007769,0.00078,0.000623,0.010931,0.0,0.00886,0.001331,0.001282,0.012362,0.0,0.01073,0.002217
2020-01-03 21:15:00,19.32,19.28,19.44,19.59,19.76,19.69,19.53,21.44,19.56,19.63,19.51,19.5,20.52,19.51,19.53,3.08,0.0,0.336,0.352,0.269,0.197,0.111,0.148,0.23,0.0,0.212,0.179,0.242,0.245,0.0,0.237,0.232,36.0,23.0,23.0,251.35,1236.89,398.87,517.01,55.93,42.82,638.39,0.0,570.35,91.64,84.47,710.42,0.0,662.95,147.77,22.6,24.22,24.11,21.67,20.24,20.34,22.01,36.0,21.76,20.12,20.41,22.22,36.0,22.04,20.27,0.004486,0.025125,0.008024,0.008634,0.000849,0.000654,0.010919,0.0,0.009581,0.00138,0.001296,0.01233,0.0,0.01136,0.002247
2020-01-03 21:30:00,19.32,19.27,19.42,19.57,19.74,19.67,19.52,21.24,19.54,19.62,19.51,19.49,20.33,19.5,19.53,2.99,0.0,0.34,0.362,0.278,0.203,0.12,0.156,0.235,0.0,0.222,0.185,0.245,0.249,0.0,0.244,0.235,36.0,23.0,23.0,253.87,1263.58,410.39,530.69,60.48,45.2,651.32,0.0,592.19,94.63,85.3,722.37,0.0,680.21,149.52,22.62,24.29,24.17,21.69,20.23,20.33,22.04,36.0,21.82,20.12,20.42,22.24,36.0,22.09,20.27,0.00454,0.025821,0.008296,0.008873,0.000918,0.00069,0.011164,0.0,0.009992,0.001426,0.00131,0.01256,0.0,0.011695,0.002274
2020-01-03 21:45:00,19.31,19.26,19.41,19.55,19.73,19.66,19.51,21.04,19.53,19.61,19.5,19.48,20.15,19.49,19.52,2.89,0.0,0.342,0.363,0.289,0.214,0.128,0.164,0.241,0.0,0.229,0.191,0.247,0.255,0.0,0.25,0.237,36.0,23.0,23.0,255.51,1265.98,423.13,557.15,64.78,47.37,666.69,0.0,610.04,97.4,86.07,737.47,0.0,693.28,151.15,22.64,24.3,24.23,21.74,20.23,20.33,22.08,36.0,21.88,20.12,20.42,22.27,36.0,22.13,20.27,0.004576,0.025885,0.008603,0.00935,0.000983,0.000723,0.011454,0.0,0.010334,0.001468,0.001322,0.01285,0.0,0.011956,0.002299
2020-01-03 22:00:00,19.3,19.26,19.39,19.55,19.71,19.64,19.51,20.86,19.52,19.6,19.5,19.48,19.98,19.49,19.52,2.79,0.0,0.346,0.368,0.297,0.223,0.137,0.171,0.247,0.0,0.236,0.196,0.249,0.26,0.0,0.255,0.24,36.0,23.0,23.0,257.54,1279.74,433.14,579.48,68.91,49.47,680.91,0.0,626.26,99.98,86.79,751.14,0.0,705.13,152.67,22.67,24.34,24.29,21.79,20.22,20.33,22.11,36.0,21.93,20.12,20.43,22.3,36.0,22.17,20.28,0.004621,0.026255,0.008847,0.009755,0.001045,0.000755,0.011728,0.0,0.010647,0.001507,0.001333,0.01312,0.0,0.012194,0.002323
2020-01-03 22:15:00,19.3,19.26,19.38,19.53,19.7,19.64,19.51,20.68,19.52,19.59,19.49,19.48,19.83,19.49,19.51,2.68,0.0,0.349,0.369,0.303,0.227,0.144,0.178,0.246,0.0,0.238,0.2,0.251,0.259,0.009,0.255,0.242,36.0,23.0,23.0,259.25,1281.77,441.17,588.3,72.79,51.4,678.42,0.0,630.78,102.38,87.47,745.45,11.82,704.92,154.1,22.69,24.35,24.33,21.8,20.22,20.33,22.13,36.0,21.97,20.13,20.43,22.32,21.22,22.19,20.28,0.004659,0.026319,0.009045,0.009913,0.001103,0.000785,0.011705,0.0,0.010753,0.001543,0.001344,0.013039,0.000191,0.012213,0.002345
2020-01-03 22:30:00,19.29,19.25,19.37,19.53,19.69,19.63,19.51,20.51,19.51,19.58,19.49,19.49,19.72,19.49,19.51,2.57,0.0,0.351,0.372,0.309,0.233,0.149,0.18,0.246,0.0,0.241,0.205,0.253,0.258,0.087,0.256,0.244,36.0,23.0,23.0,260.65,1289.11,447.57,602.99,75.38,52.17,677.92,0.0,635.55,104.61,88.11,741.91,115.91,705.56,155.46,22.71,24.37,24.37,21.83,20.21,20.33,22.15,36.0,22.0,20.13,20.43,22.33,21.32,22.21,20.28,0.004692,0.026525,0.009204,0.010183,0.001142,0.000796,0.011708,0.0,0.010857,0.001577,0.001354,0.012985,0.001889,0.012239,0.002366
2020-01-03 22:45:00,19.29,19.25,19.36,19.52,19.68,19.62,19.5,20.35,19.51,19.57,19.49,19.48,19.68,19.48,19.5,2.46,0.0,0.353,0.374,0.316,0.237,0.155,0.184,0.247,0.0,0.243,0.209,0.255,0.257,0.139,0.257,0.246,36.0,23.0,23.0,262.01,1294.22,455.57,613.78,78.12,53.25,679.68,0.0,641.15,106.69,88.72,740.86,181.67,707.53,156.75,22.72,24.39,24.41,21.86,20.21,20.33,22.16,36.0,22.02,20.13,20.44,22.34,21.55,22.22,20.28,0.004721,0.026669,0.009405,0.010382,0.001183,0.000813,0.011748,0.0,0.010971,0.001608,0.001364,0.012971,0.003007,0.012283,0.002386
2020-01-03 23:00:00,19.28,19.24,19.34,19.5,19.67,19.62,19.49,20.18,19.5,19.57,19.48,19.47,19.66,19.47,19.5,2.35,0.0,0.356,0.376,0.32,0.242,0.16,0.188,0.249,0.0,0.246,0.213,0.257,0.258,0.159,0.259,0.248,36.0,23.0,23.0,263.93,1300.46,461.34,623.98,80.74,54.36,683.7,0.0,647.99,108.64,89.27,742.87,204.87,713.38,157.9,22.74,24.41,24.44,21.88,20.2,20.32,22.17,36.0,22.04,20.13,20.44,22.34,21.75,22.23,20.29,0.004762,0.026842,0.00955,0.01057,0.001223,0.00083,0.011826,0.0,0.011105,0.001638,0.001372,0.01301,0.003439,0.012395,0.002404
2020-01-03 23:15:00,19.28,19.23,19.33,19.49,19.66,19.6,19.48,20.02,19.48,19.56,19.48,19.46,19.65,19.46,19.5,2.24,0.0,0.359,0.38,0.328,0.248,0.165,0.192,0.254,0.0,0.252,0.216,0.258,0.264,0.168,0.265,0.25,36.0,23.0,23.0,265.45,1312.27,470.43,639.45,83.33,55.65,697.74,0.0,662.9,110.46,89.76,757.98,215.07,729.13,158.96,22.76,24.44,24.5,21.91,20.2,20.32,22.19,36.0,22.07,20.13,20.44,22.35,21.9,22.25,20.29,0.004795,0.027161,0.009783,0.010858,0.001262,0.000849,0.012084,0.0,0.011381,0.001665,0.00138,0.013289,0.003649,0.012687,0.00242
2020-01-03 23:30:00,19.27,19.23,19.32,19.49,19.65,19.59,19.47,19.86,19.47,19.55,19.48,19.46,19.63,19.45,19.49,2.13,0.0,0.362,0.383,0.334,0.253,0.171,0.199,0.259,0.0,0.258,0.22,0.259,0.268,0.175,0.27,0.251,36.0,23.0,23.0,267.42,1320.27,477.08,650.52,86.52,57.61,709.55,0.0,676.01,112.16,90.24,770.19,222.25,742.43,159.95,22.78,24.46,24.53,21.93,20.2,20.32,22.21,36.0,22.09,20.14,20.45,22.38,22.01,22.28,20.29,0.004838,0.027379,0.009954,0.011065,0.00131,0.000879,0.012309,0.0,0.011629,0.001691,0.001388,0.013524,0.0038,0.012942,0.002436
2020-01-03 23:45:00,19.27,19.22,19.31,19.48,19.64,19.58,19.47,19.74,19.47,19.55,19.48,19.45,19.61,19.44,19.49,2.01,0.0,0.364,0.387,0.34,0.257,0.177,0.204,0.263,0.07,0.263,0.223,0.261,0.272,0.184,0.275,0.253,36.0,23.0,23.0,268.87,1329.63,483.94,661.19,89.36,59.2,719.03,89.4,687.19,113.76,90.68,779.96,232.15,753.23,160.9,22.79,24.49,24.57,21.96,20.19,20.32,22.23,21.2,22.12,20.14,20.45,22.4,22.1,22.3,20.29,0.004869,0.027635,0.010132,0.011265,0.001353,0.000903,0.012494,0.001445,0.011846,0.001716,0.001395,0.013718,0.003996,0.013155,0.002451
2020-01-04 00:00:00,19.26,19.22,19.3,19.47,19.63,19.57,19.47,19.68,19.46,19.54,19.47,19.45,19.59,19.44,19.49,1.91,0.0,0.367,0.391,0.346,0.262,0.182,0.209,0.266,0.131,0.267,0.226,0.262,0.275,0.195,0.278,0.254,36.0,23.0,23.0,270.49,1338.79,490.63,672.06,91.96,60.62,726.79,164.79,696.83,115.26,91.11,787.24,244.33,761.85,161.81,22.81,24.52,24.61,21.98,20.19,20.32,22.25,21.41,22.15,20.14,20.45,22.42,22.19,22.33,20.29,0.004905,0.027889,0.010309,0.011471,0.001392,0.000925,0.01265,0.002702,0.012035,0.001738,0.001402,0.013868,0.004232,0.013329,0.002465
2020-01-04 00:15:00,19.26,19.21,19.29,19.46,19.62,19.57,19.47,19.65,19.46,19.54,19.47,19.45,19.58,19.44,19.49,1.81,0.0,0.369,0.392,0.35,0.265,0.187,0.214,0.267,0.161,0.269,0.229,0.263,0.275,0.203,0.279,0.256,36.0,23.0,23.0,271.69,1342.06,495.15,677.43,94.37,61.85,727.16,200.17,700.12,116.67,91.53,785.73,252.83,763.02,162.68,22.82,24.53,24.64,22.0,20.19,20.33,22.27,21.63,22.17,20.14,20.45,22.43,22.26,22.34,20.3,0.004932,0.027987,0.010428,0.011573,0.001428,0.000944,0.012671,0.003332,0.01211,0.00176,0.001408,0.013856,0.004402,0.013367,0.002478
2020-01-04 00:30:00,19.25,19.21,19.28,19.46,19.61,19.56,19.46,19.64,19.46,19.53,19.47,19.45,19.57,19.44,19.48,1.72,0.0,0.371,0.395,0.354,0.268,0.19,0.216,0.267,0.174,0.27,0.231,0.264,0.275,0.211,0.28,0.257,36.0,23.0,23.0,272.86,1349.25,500.05,684.8,96.19,62.54,728.64,213.8,703.69,118.0,91.93,785.7,261.09,765.53,163.52,22.83,24.55,24.67,22.01,20.19,20.33,22.28,21.8,22.19,20.14,20.45,22.44,22.33,22.36,20.3,0.004957,0.02819,0.010558,0.011712,0.001455,0.000955,0.012708,0.003602,0.012187,0.00178,0.001415,0.013864,0.004569,0.013424,0.002491
2020-01-04 00:45:00,19.25,19.2,19.27,19.45,19.61,19.56,19.46,19.62,19.45,19.53,19.47,19.45,19.56,19.43,19.48,1.62,0.0,0.373,0.397,0.359,0.271,0.194,0.219,0.268,0.181,0.272,0.234,0.265,0.276,0.215,0.282,0.258,36.0,23.0,23.0,274.24,1354.71,504.96,691.98,98.01,63.38,731.24,220.49,707.29,119.25,92.29,787.15,265.47,768.56,164.29,22.85,24.57,24.7,22.03,20.18,20.33,22.29,21.92,22.2,20.14,20.46,22.45,22.38,22.37,20.3,0.004987,0.028345,0.01069,0.011847,0.001482,0.000967,0.012762,0.003748,0.012261,0.001799,0.00142,0.013897,0.004664,0.013488,0.002503
2020-01-04 01:00:00,19.24,19.19,19.26,19.44,19.6,19.55,19.45,19.6,19.44,19.52,19.47,19.44,19.55,19.42,19.48,1.48,0.0,0.375,0.399,0.363,0.274,0.197,0.222,0.27,0.189,0.274,0.236,0.266,0.277,0.219,0.283,0.26,36.0,23.0,23.0,275.51,1360.74,509.42,698.32,99.77,64.21,734.86,227.93,712.01,120.43,92.63,790.14,269.35,772.64,165.0,22.86,24.58,24.72,22.04,20.18,20.32,22.3,22.02,22.21,20.14,20.46,22.46,22.43,22.38,20.3,0.005015,0.028516,0.010809,0.011967,0.001509,0.00098,0.012834,0.0039,0.012354,0.001817,0.001426,0.013957,0.004747,0.01357,0.002514
2020-01-04 01:15:00,19.24,19.18,19.25,19.44,19.59,19.54,19.45,19.58,19.43,19.52,19.46,19.43,19.53,19.42,19.48,1.34,0.0,0.379,0.405,0.369,0.278,0.201,0.225,0.274,0.2,0.279,0.238,0.267,0.281,0.227,0.288,0.261,36.0,23.0,23.0,277.66,1374.22,516.52,709.22,101.54,65.09,744.72,240.2,723.2,121.54,92.95,800.5,277.87,783.41,165.68,22.88,24.62,24.77,22.06,20.18,20.32,22.32,22.11,22.23,20.14,20.46,22.47,22.47,22.39,20.3,0.005061,0.028886,0.011,0.012174,0.001535,0.000993,0.01302,0.004136,0.012564,0.001834,0.001431,0.014153,0.004914,0.013774,0.002525
2020-01-04 01:30:00,19.23,19.18,19.24,19.43,19.58,19.53,19.44,19.56,19.43,19.52,19.46,19.43,19.52,19.41,19.47,1.21,0.0,0.382,0.408,0.375,0.282,0.205,0.229,0.277,0.212,0.283,0.24,0.268,0.284,0.234,0.292,0.262,36.0,23.0,23.0,279.57,1382.49,522.58,718.05,103.71,66.36,753.57,252.58,733.5,122.6,93.27,809.66,286.49,793.35,166.35,22.89,24.64,24.8,22.08,20.18,20.33,22.33,22.19,22.25,20.14,20.46,22.49,22.52,22.41,20.3,0.005102,0.029115,0.011164,0.012342,0.001568,0.001013,0.013191,0.004375,0.012761,0.00185,0.001436,0.014333,0.005085,0.013968,0.002535
2020-01-04 01:45:00,19.22,19.16,19.23,19.44,19.58,19.53,19.42,19.54,19.43,19.51,19.46,19.41,19.51,19.42,19.47,1.07,0.0,0.385,0.412,0.38,0.286,0.209,0.233,0.28,0.222,0.287,0.242,0.269,0.287,0.241,0.295,0.263,36.0,23.0,23.0,281.38,1393.39,528.31,726.37,105.69,67.46,760.81,263.61,742.38,123.61,93.58,817.23,293.75,801.85,167.0,22.91,24.67,24.84,22.1,20.18,20.33,22.35,22.27,22.27,20.14,20.46,22.5,22.57,22.43,20.3,0.005141,0.029411,0.011321,0.012503,0.001598,0.00103,0.013335,0.004593,0.012936,0.001865,0.001441,0.014485,0.005233,0.014139,0.002545
2020-01-04 02:00:00,19.22,19.17,19.22,19.4,19.57,19.52,19.43,19.52,19.41,19.51,19.46,19.41,19.49,19.39,19.47,0.94,0.0,0.388,0.422,0.385,0.281,0.212,0.236,0.291,0.23,0.283,0.244,0.27,0.297,0.247,0.291,0.264,36.0,23.0,23.0,283.22,1418.56,534.2,716.69,107.52,68.45,786.15,271.39,731.23,124.56,93.89,842.47,299.43,789.91,167.63,22.92,24.73,24.87,22.07,20.17,20.33,22.38,22.34,22.28,20.14,20.46,22.54,22.62,22.44,20.3,0.005181,0.03011,0.011482,0.012311,0.001625,0.001045,0.013812,0.004753,0.012746,0.001879,0.001446,0.014968,0.005352,0.013932,0.002555
2020-01-04 02:15:00,19.21,19.15,19.2,19.4,19.56,19.51,19.42,19.5,19.4,19.5,19.46,19.4,19.47,19.38,19.47,0.81,0.0,0.39,0.417,0.39,0.3,0.216,0.239,0.287,0.239,0.296,0.246,0.271,0.294,0.255,0.304,0.265,36.0,23.0,23.0,284.86,1405.62,539.62,757.8,109.21,69.3,776.76,281.2,765.03,125.48,94.19,833.88,308.73,824.57,168.26,22.94,24.7,24.9,22.17,20.17,20.33,22.4,22.41,22.3,20.15,20.46,22.55,22.67,22.46,20.3,0.005217,0.02976,0.01163,0.013106,0.001651,0.001058,0.013664,0.004949,0.013362,0.001893,0.00145,0.014835,0.005539,0.014572,0.002565
2020-01-04 02:30:00,19.21,19.14,19.19,19.39,19.55,19.5,19.41,19.48,19.39,19.5,19.45,19.39,19.46,19.37,19.47,0.68,0.0,0.393,0.427,0.399,0.298,0.22,0.244,0.291,0.249,0.302,0.248,0.272,0.299,0.263,0.31,0.266,36.0,23.0,23.0,286.57,1431.73,549.21,755.73,111.28,70.61,786.77,290.56,778.67,126.38,94.47,844.49,317.05,839.21,168.84,22.95,24.77,24.96,22.15,20.17,20.33,22.42,22.47,22.34,20.15,20.47,22.57,22.72,22.5,20.31,0.005254,0.030496,0.011897,0.013056,0.001682,0.001078,0.013857,0.005139,0.013633,0.001907,0.001455,0.015043,0.00571,0.014867,0.002574
2020-01-04 02:45:00,19.2,19.13,19.18,19.38,19.55,19.5,19.4,19.47,19.38,19.5,19.45,19.38,19.45,19.36,19.47,0.55,0.0,0.396,0.43,0.403,0.305,0.224,0.248,0.297,0.258,0.306,0.249,0.273,0.304,0.27,0.314,0.267,36.0,23.0,23.0,288.36,1437.8,553.25,770.52,113.2,71.74,799.79,299.54,787.41,127.25,94.74,858.41,324.29,847.78,169.39,22.97,24.78,24.98,22.18,20.17,20.34,22.44,22.54,22.36,20.15,20.47,22.59,22.77,22.53,20.31,0.005293,0.030666,0.012007,0.013341,0.001711,0.001096,0.01411,0.005322,0.013815,0.00192,0.001459,0.015319,0.005863,0.015052,0.002582
2020-01-04 03:00:00,19.2,19.13,19.17,19.37,19.54,19.49,19.39,19.46,19.37,19.49,19.45,19.38,19.44,19.36,19.46,0.49,0.0,0.399,0.434,0.411,0.31,0.227,0.252,0.302,0.266,0.31,0.251,0.273,0.309,0.277,0.318,0.267,36.0,23.0,23.0,289.95,1450.0,561.3,781.99,114.99,72.78,811.65,308.0,795.29,128.08,95.0,870.82,331.16,855.09,169.94,22.98,24.82,25.02,22.2,20.17,20.34,22.47,22.6,22.39,20.15,20.47,22.62,22.82,22.55,20.31,0.005328,0.031018,0.012235,0.013561,0.001738,0.001112,0.014347,0.005498,0.01398,0.001933,0.001463,0.015572,0.006009,0.015211,0.002591
2020-01-04 03:15:00,19.2,19.12,19.16,19.37,19.53,19.49,19.39,19.45,19.37,19.49,19.45,19.37,19.43,19.36,19.46,0.42,0.0,0.399,0.436,0.414,0.313,0.23,0.255,0.305,0.272,0.313,0.253,0.274,0.312,0.282,0.32,0.268,36.0,23.0,23.0,289.97,1454.35,564.67,789.45,116.7,73.71,818.05,313.4,800.28,128.88,95.26,877.28,335.51,859.46,170.47,22.98,24.83,25.04,22.22,20.17,20.34,22.49,22.65,22.41,20.15,20.47,22.65,22.86,22.57,20.31,0.00533,0.031149,0.012329,0.013703,0.001764,0.001126,0.014485,0.005617,0.01409,0.001945,0.001467,0.015716,0.006108,0.015313,0.002599
2020-01-04 03:30:00,19.2,19.11,19.15,19.36,19.53,19.48,19.38,19.43,19.36,19.49,19.45,19.36,19.42,19.35,19.46,0.35,0.0,0.4,0.44,0.418,0.317,0.233,0.257,0.307,0.277,0.315,0.254,0.275,0.315,0.286,0.322,0.269,36.0,23.0,23.0,290.81,1462.31,569.52,797.87,118.06,74.35,824.17,318.66,806.29,129.65,95.52,883.46,340.12,865.13,170.99,22.99,24.85,25.07,22.23,20.17,20.34,22.51,22.7,22.43,20.15,20.47,22.67,22.9,22.59,20.31,0.005349,0.031385,0.012468,0.013865,0.001784,0.001136,0.014616,0.005731,0.014217,0.001957,0.001471,0.015853,0.00621,0.015436,0.002607
2020-01-04 03:45:00,19.19,19.11,19.14,19.35,19.52,19.48,19.37,19.41,19.36,19.49,19.45,19.36,19.4,19.34,19.46,0.28,0.0,0.402,0.443,0.423,0.321,0.236,0.26,0.31,0.283,0.318,0.256,0.276,0.318,0.292,0.325,0.27,36.0,23.0,23.0,291.56,1469.54,574.22,806.92,119.45,75.06,830.95,324.52,813.09,130.39,95.78,890.41,345.55,872.01,171.51,23.0,24.87,25.1,22.25,20.17,20.35,22.53,22.74,22.45,20.15,20.47,22.69,22.93,22.61,20.31,0.005367,0.031599,0.012599,0.01404,0.001805,0.001147,0.014759,0.005856,0.014356,0.001968,0.001475,0.016002,0.006327,0.01558,0.002615
2020-01-04 04:00:00,19.19,19.09,19.13,19.34,19.52,19.47,19.36,19.4,19.34,19.48,19.45,19.34,19.39,19.33,19.46,0.21,0.0,0.403,0.446,0.431,0.325,0.239,0.262,0.314,0.293,0.322,0.257,0.277,0.321,0.299,0.329,0.271,36.0,23.0,23.0,292.41,1477.01,582.56,814.96,120.86,75.8,838.46,334.38,820.35,131.11,96.03,898.3,353.11,879.45,172.03,23.01,24.89,25.15,22.27,20.17,20.35,22.55,22.79,22.47,20.15,20.47,22.71,22.97,22.63,20.31,0.005386,0.031811,0.01284,0.014198,0.001827,0.001159,0.014913,0.006057,0.014504,0.001979,0.00148,0.016168,0.006485,0.015735,0.002623
2020-01-04 04:15:00,19.19,19.09,19.12,19.33,19.51,19.46,19.34,19.38,19.33,19.48,19.44,19.32,19.37,19.32,19.46,0.13,0.0,0.405,0.453,0.434,0.332,0.241,0.265,0.322,0.302,0.329,0.258,0.277,0.33,0.307,0.336,0.272,36.0,23.0,23.0,293.9,1494.62,586.04,830.69,122.25,76.57,859.09,343.11,836.47,131.8,96.28,921.23,361.83,896.71,172.53,23.02,24.93,25.16,22.3,20.17,20.35,22.58,22.85,22.49,20.15,20.47,22.74,23.02,22.65,20.31,0.005419,0.032309,0.012938,0.01451,0.001848,0.001171,0.015314,0.00624,0.014817,0.001989,0.001483,0.016621,0.006669,0.016074,0.002631
2020-01-04 04:30:00,19.18,19.07,19.11,19.32,19.5,19.45,19.33,19.37,19.32,19.48,19.44,19.31,19.36,19.31,19.45,0.06,0.0,0.407,0.457,0.442,0.335,0.246,0.27,0.33,0.309,0.335,0.26,0.278,0.338,0.314,0.342,0.272,36.0,23.0,23.0,294.66,1504.71,593.69,838.98,124.45,78.12,877.01,349.86,850.27,132.48,96.52,940.72,368.62,911.22,173.01,23.03,24.96,25.21,22.32,20.17,20.36,22.62,22.9,22.52,20.15,20.47,22.78,23.07,22.68,20.31,0.005436,0.032592,0.013162,0.014674,0.001881,0.001195,0.015675,0.006387,0.015093,0.001999,0.001487,0.017022,0.006818,0.016372,0.002638
2020-01-04 04:45:00,19.18,19.06,19.1,19.31,19.49,19.44,19.32,19.36,19.31,19.48,19.44,19.3,19.35,19.3,19.45,-0.02,0.0,0.409,0.463,0.445,0.341,0.25,0.275,0.336,0.315,0.34,0.261,0.279,0.344,0.32,0.347,0.273,36.0,23.0,23.0,296.24,1519.77,597.49,851.31,126.35,79.31,891.74,355.73,861.9,133.13,96.76,956.36,374.23,923.34,173.49,23.05,24.99,25.23,22.35,20.17,20.36,22.65,22.94,22.55,20.15,20.47,22.82,23.11,22.72,20.31,0.005471,0.033022,0.013271,0.014921,0.00191,0.001213,0.015983,0.006518,0.015333,0.002009,0.001491,0.017358,0.006946,0.016628,0.002646
2020-01-04 05:00:00,19.17,19.08,19.1,19.32,19.49,19.44,19.34,19.37,19.33,19.47,19.44,19.33,19.37,19.32,19.45,-0.09,0.0,0.411,0.468,0.452,0.345,0.253,0.278,0.342,0.322,0.345,0.262,0.279,0.35,0.326,0.352,0.274,36.0,23.0,23.0,297.07,1531.77,603.9,860.42,128.05,80.36,903.91,361.47,871.65,133.77,97.0,968.67,379.55,933.03,173.97,23.05,25.02,25.27,22.38,20.17,20.37,22.69,22.99,22.58,20.15,20.48,22.86,23.15,22.75,20.31,0.005489,0.033383,0.013467,0.015108,0.001936,0.00123,0.016247,0.006646,0.015541,0.002019,0.001495,0.017636,0.007068,0.016841,0.002653
2020-01-04 05:15:00,19.17,19.07,19.1,19.34,19.49,19.45,19.37,19.38,19.35,19.47,19.44,19.36,19.38,19.33,19.45,-0.16,0.0,0.413,0.46,0.449,0.338,0.256,0.281,0.328,0.314,0.336,0.264,0.28,0.335,0.317,0.342,0.275,36.0,23.0,23.0,298.54,1513.17,600.87,844.42,129.61,81.23,867.21,352.86,850.15,134.38,97.24,926.1,368.63,907.87,174.45,23.07,24.98,25.26,22.34,20.17,20.37,22.69,23.0,22.59,20.15,20.48,22.86,23.16,22.75,20.31,0.005522,0.032863,0.013382,0.014794,0.001959,0.001244,0.015586,0.006495,0.015163,0.002028,0.001499,0.016856,0.006868,0.016391,0.00266
2020-01-04 05:30:00,19.17,19.08,19.11,19.34,19.5,19.46,19.38,19.39,19.37,19.47,19.44,19.37,19.39,19.35,19.45,-0.24,0.0,0.413,0.464,0.448,0.331,0.253,0.274,0.317,0.308,0.327,0.265,0.281,0.32,0.308,0.335,0.275,36.0,23.0,23.0,298.58,1521.8,599.22,828.12,127.97,79.1,840.87,345.76,828.13,134.99,97.48,889.41,359.53,888.18,174.92,23.07,25.02,25.26,22.32,20.17,20.37,22.66,23.0,22.57,20.15,20.48,22.82,23.14,22.73,20.31,0.005524,0.033144,0.013343,0.014478,0.001934,0.001211,0.015085,0.006361,0.014753,0.002037,0.001502,0.016145,0.00669,0.016017,0.002668
2020-01-04 05:45:00,19.17,19.08,19.11,19.35,19.5,19.47,19.39,19.4,19.38,19.47,19.44,19.38,19.4,19.37,19.45,-0.31,0.0,0.415,0.46,0.447,0.328,0.251,0.27,0.312,0.303,0.317,0.266,0.282,0.314,0.303,0.323,0.276,36.0,23.0,23.0,299.46,1511.09,597.84,821.37,127.18,78.05,827.46,341.0,804.54,135.58,97.73,875.32,353.88,858.88,175.4,23.08,25.0,25.25,22.31,20.16,20.37,22.64,22.98,22.54,20.15,20.48,22.78,23.12,22.7,20.31,0.005544,0.032857,0.013311,0.01435,0.001921,0.001194,0.014812,0.006266,0.014301,0.002046,0.001506,0.015845,0.006572,0.01545,0.002675
2020-01-04 06:00:00,19.17,19.08,19.11,19.35,19.5,19.47,19.38,19.4,19.38,19.46,19.43,19.38,19.4,19.37,19.44,-0.36,0.0,0.416,0.458,0.445,0.323,0.25,0.267,0.307,0.299,0.31,0.267,0.282,0.31,0.298,0.314,0.277,36.0,23.0,23.0,300.14,1505.61,595.85,810.49,126.73,77.19,817.24,337.1,787.92,136.15,97.97,865.83,349.19,837.36,175.87,23.08,24.99,25.25,22.28,20.16,20.36,22.61,22.96,22.51,20.15,20.48,22.75,23.09,22.66,20.31,0.00556,0.032727,0.013258,0.014137,0.001914,0.001181,0.014598,0.006184,0.013969,0.002055,0.00151,0.015634,0.00647,0.015015,0.002682
2020-01-04 06:15:00,19.17,19.1,19.11,19.34,19.5,19.46,19.4,19.39,19.36,19.46,19.43,19.39,19.39,19.35,19.44,-0.41,0.0,0.416,0.459,0.445,0.325,0.25,0.266,0.309,0.302,0.312,0.268,0.283,0.312,0.302,0.315,0.278,36.0,23.0,23.0,300.2,1506.5,596.14,813.69,126.58,76.76,822.51,340.88,794.05,136.72,98.21,872.77,353.42,843.72,176.33,23.09,25.01,25.26,22.29,20.15,20.35,22.59,22.95,22.48,20.15,20.48,22.73,23.08,22.63,20.31,0.005562,0.032784,0.013273,0.014201,0.001911,0.001174,0.014676,0.00625,0.014055,0.002064,0.001514,0.015739,0.006543,0.015099,0.002689
2020-01-04 06:30:00,19.16,19.09,19.11,19.35,19.49,19.46,19.4,19.39,19.36,19.46,19.43,19.39,19.39,19.35,19.44,-0.46,0.0,0.417,0.452,0.446,0.331,0.252,0.268,0.301,0.305,0.322,0.269,0.284,0.305,0.304,0.325,0.278,36.0,23.0,23.0,300.88,1487.31,596.67,827.55,127.68,77.59,804.36,343.51,818.67,137.27,98.45,853.82,356.22,870.09,176.79,23.1,24.97,25.26,22.33,20.15,20.35,22.57,22.95,22.49,20.15,20.48,22.71,23.08,22.64,20.32,0.005578,0.032257,0.013294,0.014478,0.001928,0.001186,0.014327,0.006299,0.014497,0.002072,0.001518,0.015368,0.006594,0.015575,0.002697
2020-01-04 06:45:00,19.16,19.09,19.12,19.35,19.49,19.46,19.39,19.41,19.36,19.46,19.43,19.39,19.41,19.36,19.44,-0.51,0.0,0.418,0.456,0.447,0.325,0.254,0.27,0.302,0.305,0.321,0.27,0.284,0.305,0.304,0.325,0.279,36.0,23.0,23.0,301.34,1496.2,596.98,814.69,128.57,78.15,807.35,344.05,816.75,137.82,98.69,856.1,356.16,868.5,177.26,23.1,25.0,25.27,22.3,20.15,20.35,22.55,22.96,22.49,20.15,20.48,22.69,23.08,22.64,20.32,0.005589,0.032539,0.013313,0.014223,0.001941,0.001195,0.014363,0.00631,0.014468,0.00208,0.001521,0.015387,0.006593,0.015551,0.002704
2020-01-04 07:00:00,19.16,19.09,19.11,19.35,19.49,19.46,19.39,19.4,19.36,19.46,19.43,19.38,19.4,19.35,19.44,-0.56,0.0,0.419,0.454,0.441,0.326,0.255,0.271,0.303,0.297,0.318,0.271,0.285,0.306,0.294,0.322,0.28,36.0,23.0,23.0,301.85,1490.58,591.48,815.95,129.15,78.42,811.39,335.32,809.65,138.36,98.93,859.57,345.3,860.24,177.73,23.11,24.99,25.24,22.3,20.15,20.35,22.54,22.94,22.49,20.15,20.48,22.68,23.05,22.63,20.32,0.005601,0.032392,0.013154,0.014251,0.00195,0.001199,0.014426,0.006141,0.014338,0.002089,0.001525,0.015438,0.006379,0.015397,0.002711
2020-01-04 07:15:00,19.16,19.09,19.11,19.34,19.48,19.45,19.38,19.38,19.36,19.45,19.43,19.38,19.39,19.35,19.44,-0.61,0.0,0.419,0.455,0.447,0.327,0.256,0.272,0.307,0.302,0.319,0.272,0.286,0.31,0.299,0.323,0.281,36.0,23.0,23.0,301.78,1493.52,597.05,818.15,129.61,78.55,820.21,341.02,813.52,138.89,99.18,869.6,351.69,864.58,178.2,23.11,25.0,25.28,22.31,20.15,20.35,22.55,22.93,22.49,20.15,20.48,22.68,23.04,22.63,20.32,0.0056,0.032496,0.013327,0.014295,0.001956,0.0012,0.014584,0.006244,0.014405,0.002097,0.001529,0.015619,0.006493,0.015472,0.002718
2020-01-04 07:30:00,19.16,19.08,19.1,19.35,19.48,19.45,19.37,19.38,19.37,19.45,19.43,19.36,19.38,19.36,19.44,-0.66,0.0,0.421,0.456,0.446,0.328,0.258,0.274,0.309,0.308,0.321,0.273,0.287,0.312,0.306,0.325,0.281,36.0,23.0,23.0,303.12,1496.16,596.36,821.53,130.63,79.26,825.5,347.27,818.18,139.41,99.43,875.59,359.3,869.74,178.67,23.12,25.01,25.27,22.32,20.15,20.34,22.55,22.94,22.49,20.15,20.48,22.69,23.05,22.64,20.32,0.00563,0.032564,0.013302,0.014362,0.001972,0.001211,0.014683,0.006364,0.014491,0.002105,0.001533,0.015732,0.006639,0.015569,0.002726
2020-01-04 07:45:00,19.15,19.08,19.1,19.34,19.48,19.45,19.37,19.37,19.36,19.45,19.42,19.36,19.38,19.35,19.43,-0.71,0.0,0.421,0.461,0.449,0.324,0.259,0.276,0.316,0.312,0.317,0.274,0.287,0.32,0.31,0.32,0.282,36.0,23.0,23.0,303.23,1508.4,599.53,811.54,131.54,79.79,843.53,351.01,807.71,139.93,99.68,895.81,363.27,857.71,179.14,23.12,25.04,25.29,22.29,20.15,20.34,22.57,22.96,22.49,20.15,20.48,22.7,23.07,22.63,20.32,0.005633,0.032915,0.013396,0.01416,0.001985,0.001219,0.015023,0.00644,0.014299,0.002112,0.001537,0.016119,0.00672,0.015345,0.002733
2020-01-04 08:00:00,19.16,19.09,19.1,19.35,19.48,19.44,19.37,19.37,19.36,19.45,19.42,19.37,19.38,19.35,19.43,-0.64,0.0,0.423,0.46,0.449,0.329,0.261,0.277,0.316,0.314,0.319,0.275,0.288,0.32,0.311,0.323,0.283,36.0,23.0,23.0,304.28,1505.85,599.59,822.72,132.31,80.21,842.57,352.99,812.96,140.45,99.92,894.18,364.73,863.36,179.61,23.13,25.03,25.29,22.32,20.15,20.35,22.58,22.97,22.48,20.15,20.49,22.72,23.08,22.62,20.32,0.005656,0.032839,0.013397,0.014383,0.001997,0.001226,0.01502,0.006483,0.01439,0.00212,0.001541,0.016105,0.006754,0.015443,0.00274
2020-01-04 08:15:00,19.16,19.1,19.12,19.36,19.47,19.44,19.38,19.39,19.37,19.45,19.42,19.38,19.39,19.36,19.43,-0.58,8.1,0.42,0.457,0.449,0.326,0.262,0.279,0.314,0.313,0.32,0.276,0.289,0.317,0.31,0.323,0.284,36.0,23.0,23.0,302.02,1496.37,598.08,816.82,133.06,80.58,836.76,351.92,814.26,140.96,100.18,887.7,363.15,865.31,180.08,23.12,25.02,25.3,22.31,20.15,20.35,22.59,22.99,22.49,20.15,20.49,22.72,23.09,22.63,20.32,0.005608,0.032614,0.013376,0.014277,0.002008,0.001231,0.014924,0.006469,0.014417,0.002128,0.001545,0.015997,0.006731,0.015483,0.002747
2020-01-04 08:30:00,19.2,19.42,19.46,19.39,19.48,19.46,19.6,19.71,19.38,19.44,19.42,19.63,19.76,19.38,19.43,-0.51,116.3,0.419,0.451,0.442,0.322,0.263,0.279,0.309,0.307,0.316,0.277,0.289,0.311,0.303,0.318,0.284,36.0,23.0,23.0,303.29,1418.38,551.77,809.55,133.6,80.73,810.15,337.63,804.04,141.46,100.43,856.2,346.37,852.06,180.56,23.04,25.47,25.98,22.24,20.14,20.35,22.79,23.28,22.49,20.15,20.49,22.94,23.4,22.63,20.32,0.005597,0.032229,0.013169,0.014075,0.002015,0.001234,0.014673,0.00635,0.014241,0.002136,0.001549,0.015679,0.006575,0.01525,0.002755
2020-01-04 08:45:00,19.27,19.61,19.73,19.44,19.52,19.54,19.9,20.22,19.41,19.44,19.42,19.94,20.33,19.42,19.43,-0.45,224.5,0.402,0.288,0.269,0.307,0.26,0.27,0.2,0.146,0.308,0.278,0.29,0.186,0.118,0.308,0.285,36.0,23.0,23.0,292.52,939.54,337.72,775.03,131.83,78.08,518.23,157.08,783.2,141.88,100.64,507.09,132.26,823.77,180.95,22.99,25.09,25.92,22.2,20.13,20.34,22.95,23.52,22.49,20.15,20.49,23.06,23.58,22.63,20.32,0.005377,0.020596,0.008015,0.013435,0.001988,0.001193,0.009498,0.003011,0.013869,0.002142,0.001552,0.009372,0.002549,0.014735,0.002761
2020-01-04 09:00:00,19.36,19.79,19.98,19.49,19.58,19.64,20.15,20.78,19.46,19.44,19.42,20.2,20.93,19.47,19.43,0.03,332.7,0.363,0.194,0.137,0.281,0.24,0.23,0.05,0.0,0.295,0.279,0.291,0.029,0.0,0.292,0.286,36.0,23.0,23.0,266.51,637.17,167.56,714.68,121.82,66.77,128.89,0.0,751.68,142.4,100.91,79.38,0.0,781.92,181.46,22.84,24.99,26.18,22.11,20.11,20.32,22.9,36.0,22.47,20.15,20.49,22.95,36.0,22.6,20.32,0.004845,0.013846,0.00408,0.012307,0.001834,0.001018,0.002354,0.0,0.013296,0.00215,0.001556,0.001455,0.0,0.013959,0.002769
2020-01-04 09:15:00,19.46,19.95,20.26,19.56,19.65,19.73,20.35,21.41,19.51,19.44,19.42,20.41,21.62,19.53,19.43,0.51,440.9,0.322,0.105,0.011,0.254,0.208,0.181,0.0,0.0,0.27,0.28,0.292,0.0,0.0,0.263,0.287,36.0,23.0,23.0,238.92,349.49,13.14,649.62,105.92,52.65,0.0,0.0,691.56,142.91,101.18,0.0,0.0,708.91,181.96,22.7,24.82,26.64,22.02,20.07,20.26,36.0,36.0,22.43,20.15,20.49,36.0,36.0,22.53,20.32,0.004299,0.007481,0.000336,0.011114,0.00159,0.0008,0.0,0.0,0.01219,0.002158,0.001561,0.0,0.0,0.012595,0.002776
2020-01-04 09:30:00,19.57,19.97,20.51,19.64,19.7,19.81,20.5,22.13,19.55,19.44,19.41,20.57,22.4,19.58,19.42,0.99,465.6,0.269,0.023,0.0,0.218,0.177,0.134,0.0,0.0,0.246,0.281,0.292,0.0,0.0,0.236,0.287,36.0,23.0,23.0,203.15,79.91,0.0,564.65,90.24,39.1,0.0,0.0,632.34,143.38,101.43,0.0,0.0,639.48,182.41,22.5,24.16,36.0,21.87,20.02,20.19,36.0,36.0,22.36,20.15,20.49,36.0,36.0,22.44,20.32,0.0036,0.001615,0.0,0.009557,0.001351,0.000592,0.0,0.0,0.011087,0.002165,0.001564,0.0,0.0,0.011283,0.002783
2020-01-04 09:45:00,19.65,20.02,20.73,19.7,19.73,19.86,20.59,22.83,19.59,19.43,19.41,20.67,23.15,19.61,19.42,1.47,490.3,0.216,0.014,0.0,0.181,0.149,0.095,0.0,0.0,0.223,0.282,0.293,0.0,0.0,0.211,0.288,36.0,23.0,23.0,165.53,51.28,0.0,472.43,76.54,27.95,0.0,0.0,578.04,143.89,101.7,0.0,0.0,578.26,182.92,22.27,24.02,36.0,21.69,19.98,20.11,36.0,36.0,22.27,20.15,20.49,36.0,36.0,22.33,20.32,0.002885,0.001024,0.0,0.007899,0.001143,0.000421,0.0,0.0,0.01007,0.002172,0.001569,0.0,0.0,0.01012,0.002791
2020-01-04 10:00:00,19.74,20.06,20.94,19.75,19.75,19.88,20.64,23.53,19.61,19.43,19.41,20.71,23.89,19.63,19.42,1.88,515.1,0.175,0.0,0.0,0.152,0.133,0.071,0.0,0.0,0.206,0.283,0.294,0.0,0.0,0.195,0.289,36.0,23.0,23.0,135.77,0.0,0.0,402.01,68.06,21.06,0.0,0.0,537.69,144.4,101.97,0.0,0.0,536.91,183.43,22.1,36.0,36.0,21.57,19.95,20.03,36.0,36.0,22.18,20.15,20.49,36.0,36.0,22.23,20.32,0.002336,0.0,0.0,0.006665,0.001014,0.000316,0.0,0.0,0.009308,0.00218,0.001573,0.0,0.0,0.009325,0.002799
2020-01-04 10:15:00,19.83,20.09,21.14,19.82,19.77,19.89,20.67,24.23,19.63,19.43,19.41,20.73,24.62,19.65,19.42,2.29,539.8,0.13,0.0,0.0,0.123,0.123,0.059,0.0,0.0,0.195,0.284,0.295,0.0,0.0,0.185,0.29,36.0,23.0,23.0,102.65,0.0,0.0,326.56,63.01,17.43,0.0,0.0,510.17,144.91,102.25,0.0,0.0,512.44,183.93,21.89,36.0,36.0,21.43,19.93,19.96,36.0,36.0,22.1,20.15,20.49,36.0,36.0,22.14,20.32,0.001741,0.0,0.0,0.005363,0.000938,0.00026,0.0,0.0,0.008784,0.002188,0.001577,0.0,0.0,0.008845,0.002807
2020-01-04 10:30:00,19.91,20.1,21.33,19.87,19.77,19.89,20.65,24.93,19.65,19.43,19.41,20.69,25.33,19.66,19.42,2.71,560.7,0.086,0.0,0.0,0.092,0.117,0.055,0.0,0.0,0.185,0.285,0.296,0.0,0.0,0.177,0.291,36.0,23.0,23.0,69.02,0.0,0.0,248.94,60.41,16.27,0.0,0.0,486.44,145.42,102.53,0.0,0.0,494.65,184.44,21.68,36.0,36.0,21.28,19.92,19.9,36.0,36.0,22.04,20.16,20.49,36.0,36.0,22.07,20.32,0.001153,0.0,0.0,0.004045,0.000899,0.000242,0.0,0.0,0.008335,0.002196,0.001582,0.0,0.0,0.008496,0.002815
2020-01-04 10:45:00,20.0,20.08,21.51,19.92,19.76,19.86,20.6,25.64,19.66,19.43,19.41,20.62,26.06,19.67,19.42,3.12,581.6,0.043,0.0,0.0,0.066,0.117,0.057,0.0,0.0,0.177,0.286,0.296,0.0,0.0,0.172,0.291,36.0,23.0,23.0,35.25,0.0,0.0,179.49,60.02,17.03,0.0,0.0,467.76,145.92,102.8,0.0,0.0,480.04,184.95,21.46,36.0,36.0,21.14,19.91,19.85,36.0,36.0,21.98,20.16,20.49,36.0,36.0,22.02,20.32,0.00058,0.0,0.0,0.002889,0.000893,0.000252,0.0,0.0,0.007983,0.002203,0.001586,0.0,0.0,0.008212,0.002823
2020-01-04 11:00:00,20.07,20.03,21.67,19.96,19.73,19.82,20.51,26.37,19.68,19.42,19.4,20.5,26.8,19.67,19.41,3.43,602.4,0.002,0.0,0.0,0.041,0.122,0.07,0.0,0.0,0.168,0.287,0.297,0.0,0.0,0.167,0.292,36.0,23.0,23.0,1.66,0.0,0.0,112.53,62.7,20.87,0.0,0.0,446.6,146.43,103.08,0.0,0.0,469.79,185.47,21.19,36.0,36.0,20.96,19.91,19.82,36.0,36.0,21.93,20.16,20.5,36.0,36.0,21.97,20.33,2.7e-05,0.0,0.0,0.00179,0.000932,0.000308,0.0,0.0,0.007594,0.002211,0.001591,0.0,0.0,0.008012,0.002831
2020-01-04 11:15:00,20.17,19.98,21.84,20.0,19.7,19.76,20.41,27.13,19.7,19.42,19.4,20.36,27.58,19.69,19.41,3.74,623.3,0.0,0.0,0.0,0.02,0.133,0.091,0.0,0.0,0.16,0.288,0.298,0.0,0.0,0.163,0.293,36.0,23.0,23.0,0.0,0.0,0.0,56.59,68.37,27.26,0.0,0.0,425.82,146.93,103.36,0.0,0.0,457.84,185.98,36.0,36.0,36.0,20.81,19.91,19.81,36.0,36.0,21.88,20.16,20.5,36.0,36.0,21.94,20.33,0.0,0.0,0.0,0.000891,0.001017,0.000403,0.0,0.0,0.007217,0.002219,0.001595,0.0,0.0,0.007791,0.002839
2020-01-04 11:30:00,20.25,19.93,21.91,20.03,19.67,19.7,20.28,27.75,19.72,19.42,19.4,20.2,28.19,19.71,19.41,4.04,601.4,0.0,0.012,0.0,0.0,0.149,0.119,0.0,0.0,0.149,0.289,0.299,0.0,0.0,0.153,0.294,36.0,23.0,23.0,0.0,50.83,0.0,0.0,76.42,35.53,0.0,0.0,397.33,147.44,103.65,0.0,0.0,431.93,186.49,36.0,22.28,36.0,36.0,19.93,19.82,36.0,36.0,21.83,20.16,20.5,36.0,36.0,21.9,20.33,0.0,0.000886,0.0,0.0,0.001137,0.000525,0.0,0.0,0.006709,0.002226,0.001599,0.0,0.0,0.007329,0.002847
2020-01-04 11:45:00,20.28,19.94,21.97,20.06,19.63,19.64,20.19,28.31,19.74,19.42,19.4,20.07,28.71,19.73,19.41,4.35,579.5,0.0,0.033,0.0,0.0,0.166,0.15,0.0,0.0,0.139,0.29,0.3,0.0,0.0,0.145,0.295,36.0,23.0,23.0,0.0,132.47,0.0,0.0,85.17,44.82,0.0,0.0,372.54,147.97,103.94,0.0,0.0,409.57,187.03,36.0,22.35,36.0,36.0,19.94,19.84,36.0,36.0,21.78,20.16,20.5,36.0,36.0,21.86,20.33,0.0,0.002321,0.0,0.0,0.001269,0.000664,0.0,0.0,0.006266,0.002234,0.001604,0.0,0.0,0.006928,0.002855
2020-01-04 12:00:00,20.31,19.93,22.02,20.12,19.61,19.6,20.1,28.73,19.78,19.42,19.4,19.97,29.09,19.77,19.41,4.54,557.5,0.0,0.029,0.0,0.0,0.183,0.182,0.0,0.0,0.131,0.291,0.301,0.0,0.0,0.136,0.296,36.0,23.0,23.0,0.0,121.13,0.0,0.0,93.7,54.09,0.0,0.0,351.37,148.48,104.23,0.0,0.0,384.57,187.56,36.0,22.22,36.0,36.0,19.95,19.89,36.0,36.0,21.74,20.16,20.5,36.0,36.0,21.83,20.33,0.0,0.002103,0.0,0.0,0.001397,0.000803,0.0,0.0,0.005897,0.002242,0.001609,0.0,0.0,0.006493,0.002863
2020-01-04 12:15:00,20.32,19.92,22.06,20.21,19.6,19.58,20.03,29.07,19.84,19.41,19.4,19.89,29.38,19.84,19.41,4.73,535.6,0.0,0.037,0.0,0.0,0.194,0.202,0.0,0.0,0.112,0.292,0.302,0.016,0.0,0.116,0.296,36.0,23.0,23.0,0.0,152.28,0.0,0.0,99.71,59.84,0.0,0.0,302.47,148.98,104.52,49.25,0.0,330.27,188.08,36.0,22.21,36.0,36.0,19.96,19.93,36.0,36.0,21.73,20.16,20.5,21.2,36.0,21.82,20.33,0.0,0.002642,0.0,0.0,0.001487,0.000891,0.0,0.0,0.005072,0.00225,0.001613,0.000796,0.0,0.005573,0.002871
2020-01-04 12:30:00,20.33,19.91,22.12,20.33,19.59,19.58,19.96,29.39,19.94,19.41,19.39,19.84,29.64,19.94,19.4,4.92,526.6,0.0,0.038,0.0,0.0,0.201,0.211,0.0,0.0,0.078,0.293,0.302,0.055,0.0,0.08,0.297,36.0,23.0,23.0,0.0,157.35,0.0,0.0,103.35,62.47,0.0,0.0,210.99,149.48,104.8,171.45,0.0,228.28,188.6,36.0,22.13,36.0,36.0,19.96,19.97,36.0,36.0,21.72,20.16,20.5,21.21,36.0,21.8,20.33,0.0,0.002715,0.0,0.0,0.001541,0.000932,0.0,0.0,0.003534,0.002257,0.001618,0.002773,0.0,0.003846,0.002879
2020-01-04 12:45:00,20.38,19.93,22.14,20.49,19.59,19.59,19.91,29.65,20.03,19.41,19.39,19.82,29.85,20.03,19.4,5.11,517.6,0.0,0.047,0.0,0.0,0.205,0.212,0.018,0.0,0.03,0.294,0.303,0.082,0.0,0.03,0.298,36.0,23.0,23.0,0.0,193.32,0.0,0.0,104.93,62.66,54.2,0.0,81.04,150.07,105.13,253.1,0.0,85.99,189.2,36.0,22.16,36.0,36.0,19.96,19.99,21.08,36.0,21.69,20.16,20.5,21.28,36.0,21.75,20.33,0.0,0.003341,0.0,0.0,0.001565,0.000937,0.000869,0.0,0.001354,0.002266,0.001623,0.004114,0.0,0.001444,0.002889
2020-01-04 13:00:00,20.37,19.9,22.21,20.66,19.6,19.62,19.89,29.89,20.14,19.41,19.39,19.82,30.03,20.15,19.4,5.19,508.7,0.0,0.037,0.0,0.0,0.204,0.204,0.043,0.0,0.0,0.295,0.304,0.091,0.0,0.0,0.299,36.0,23.0,23.0,0.0,153.55,0.0,0.0,104.69,60.17,128.49,0.0,0.0,150.56,105.41,280.93,0.0,0.0,189.71,36.0,22.0,36.0,36.0,19.96,20.01,21.09,36.0,36.0,20.16,20.5,21.35,36.0,36.0,20.33,0.0,0.002624,0.0,0.0,0.001561,0.0009,0.002061,0.0,0.0,0.002274,0.001627,0.004589,0.0,0.0,0.002897
2020-01-04 13:15:00,20.42,19.93,22.23,20.86,19.62,19.66,19.88,30.08,20.27,19.41,19.39,19.83,30.17,20.29,19.4,5.27,499.7,0.0,0.051,0.0,0.0,0.2,0.192,0.056,0.0,0.0,0.296,0.305,0.089,0.0,0.0,0.3,36.0,23.0,23.0,0.0,213.09,0.0,0.0,102.89,56.63,166.07,0.0,0.0,151.05,105.69,273.61,0.0,0.0,190.22,36.0,22.09,36.0,36.0,19.95,20.01,21.12,36.0,36.0,20.16,20.51,21.39,36.0,36.0,20.33,0.0,0.003664,0.0,0.0,0.001534,0.000847,0.002671,0.0,0.0,0.002281,0.001632,0.00448,0.0,0.0,0.002904
2020-01-04 13:30:00,20.41,19.88,22.29,21.05,19.65,19.71,19.87,30.21,20.43,19.4,19.39,19.82,30.24,20.46,19.4,5.35,481.6,0.0,0.036,0.0,0.0,0.19,0.171,0.062,0.0,0.0,0.297,0.306,0.086,0.0,0.0,0.301,36.0,23.0,23.0,0.0,151.06,0.0,0.0,97.83,50.45,183.59,0.0,0.0,151.54,105.97,265.23,0.0,0.0,190.73,36.0,21.86,36.0,36.0,19.94,20.0,21.15,36.0,36.0,20.16,20.51,21.4,36.0,36.0,20.33,0.0,0.002557,0.0,0.0,0.001457,0.000754,0.002958,0.0,0.0,0.002289,0.001636,0.004345,0.0,0.0,0.002912
2020-01-04 13:45:00,20.45,19.92,22.26,21.24,19.69,19.78,19.86,30.27,20.61,19.4,19.39,19.81,30.28,20.64,19.4,5.43,463.4,0.0,0.058,0.0,0.0,0.175,0.144,0.067,0.0,0.0,0.298,0.307,0.088,0.0,0.0,0.301,36.0,23.0,23.0,0.0,242.94,0.0,0.0,90.02,42.61,198.15,0.0,0.0,152.03,106.25,270.96,0.0,0.0,191.23,36.0,22.02,36.0,36.0,19.91,19.97,21.17,36.0,36.0,20.16,20.51,21.39,36.0,36.0,20.33,0.0,0.004157,0.0,0.0,0.001339,0.000636,0.003197,0.0,0.0,0.002296,0.001641,0.004438,0.0,0.0,0.00292
2020-01-04 14:00:00,20.41,19.84,22.3,21.4,19.74,19.86,19.84,30.3,20.78,19.4,19.38,19.79,30.25,20.83,19.39,5.41,445.3,0.0,0.042,0.0,0.0,0.155,0.112,0.072,0.0,0.0,0.299,0.307,0.093,0.0,0.0,0.302,36.0,23.0,23.0,0.0,178.98,0.0,0.0,80.13,33.13,212.49,0.0,0.0,152.52,106.53,285.49,0.0,0.0,191.74,36.0,21.78,36.0,36.0,19.89,19.92,21.19,36.0,36.0,20.16,20.51,21.39,36.0,36.0,20.33,0.0,0.003012,0.0,0.0,0.00119,0.000493,0.003432,0.0,0.0,0.002303,0.001645,0.004675,0.0,0.0,0.002928
2020-01-04 14:15:00,20.44,19.88,22.23,21.58,19.79,19.94,19.82,30.27,20.97,19.4,19.38,19.77,30.17,21.03,19.39,5.39,427.2,0.0,0.078,0.0,0.0,0.132,0.071,0.082,0.0,0.0,0.3,0.308,0.104,0.0,0.0,0.303,36.0,23.0,23.0,0.0,325.3,0.0,0.0,68.07,21.3,240.53,0.0,0.0,153.0,106.81,320.22,0.0,0.0,192.24,36.0,22.06,36.0,36.0,19.85,19.86,21.21,36.0,36.0,20.16,20.51,21.41,36.0,36.0,20.33,0.0,0.005585,0.0,0.0,0.001008,0.000316,0.003891,0.0,0.0,0.002311,0.00165,0.005251,0.0,0.0,0.002936
2020-01-04 14:30:00,20.36,19.8,22.2,21.71,19.85,20.01,19.79,30.15,21.13,19.4,19.38,19.76,29.99,21.19,19.39,5.37,389.7,0.0,0.061,0.0,0.0,0.106,0.029,0.092,0.0,0.0,0.301,0.309,0.115,0.0,0.0,0.304,36.0,23.0,23.0,0.0,256.6,0.0,0.0,54.89,8.56,268.63,0.0,0.0,153.48,107.09,354.11,0.0,0.0,192.74,36.0,21.84,36.0,36.0,19.8,19.77,21.24,36.0,36.0,20.16,20.51,21.44,36.0,36.0,20.34,0.0,0.004336,0.0,0.0,0.000811,0.000126,0.004354,0.0,0.0,0.002318,0.001654,0.005819,0.0,0.0,0.002943
2020-01-04 14:45:00,20.36,19.82,22.05,21.82,19.91,20.08,19.77,29.97,21.27,19.39,19.38,19.74,29.73,21.33,19.39,5.36,352.3,0.0,0.102,0.0,0.0,0.074,0.0,0.103,0.0,0.0,0.302,0.31,0.122,0.0,0.0,0.305,36.0,23.0,23.0,0.0,421.53,0.0,0.0,38.58,0.0,301.35,0.0,0.0,153.95,107.35,373.82,0.0,0.0,193.22,36.0,22.21,36.0,36.0,19.74,36.0,21.28,36.0,36.0,20.16,20.51,21.47,36.0,36.0,20.34,0.0,0.00731,0.0,0.0,0.000567,0.0,0.004896,0.0,0.0,0.002325,0.001658,0.006155,0.0,0.0,0.002951
2020-01-04 15:00:00,20.22,19.71,21.94,21.87,19.95,20.13,19.75,29.74,21.36,19.39,19.38,19.73,29.43,21.42,19.39,5.18,314.8,0.0,0.089,0.0,0.0,0.047,0.0,0.115,0.0,0.0,0.303,0.311,0.128,0.0,0.0,0.305,36.0,23.0,23.0,0.0,371.64,0.0,0.0,24.61,0.0,334.76,0.0,0.0,154.41,107.62,390.48,0.0,0.0,193.7,36.0,21.98,36.0,36.0,19.69,36.0,21.32,36.0,36.0,20.16,20.51,21.49,36.0,36.0,20.34,0.0,0.006341,0.0,0.0,0.000361,0.0,0.005455,0.0,0.0,0.002332,0.001662,0.006439,0.0,0.0,0.002958
2020-01-04 15:15:00,20.1,19.68,21.75,21.91,19.98,20.16,19.73,29.43,21.45,19.39,19.38,19.71,29.05,21.5,19.39,5.0,277.3,0.0,0.146,0.0,0.0,0.025,0.0,0.125,0.0,0.0,0.304,0.311,0.135,0.0,0.0,0.306,36.0,23.0,23.0,0.0,589.56,0.0,0.0,12.89,0.0,363.24,0.0,0.0,154.78,107.83,411.81,0.0,0.0,194.08,36.0,22.45,36.0,36.0,19.64,36.0,21.36,36.0,36.0,20.16,20.51,21.51,36.0,36.0,20.34,0.0,0.010413,0.0,0.0,0.000188,0.0,0.005937,0.0,0.0,0.002338,0.001666,0.0068,0.0,0.0,0.002964
2020-01-04 15:30:00,19.95,19.61,21.51,21.76,19.99,20.16,19.69,28.98,21.42,19.39,19.37,19.68,28.51,21.45,19.39,4.82,209.5,0.0,0.159,0.0,0.0,0.01,0.0,0.137,0.0,0.0,0.305,0.312,0.145,0.0,0.0,0.307,36.0,23.0,23.0,0.0,642.32,0.0,0.0,5.41,0.0,397.41,0.0,0.0,155.24,108.09,443.25,0.0,0.0,194.55,36.0,22.49,36.0,36.0,19.62,36.0,21.41,36.0,36.0,20.16,20.52,21.54,36.0,36.0,20.34,0.0,0.01137,0.0,0.0,7.9e-05,0.0,0.006515,0.0,0.0,0.002345,0.00167,0.007331,0.0,0.0,0.002972
2020-01-04 15:45:00,19.78,19.54,21.23,21.52,19.96,20.11,19.66,28.48,21.33,19.39,19.37,19.63,27.92,21.32,19.38,4.65,141.7,0.024,0.194,0.0,0.0,0.007,0.0,0.153,0.0,0.0,0.306,0.313,0.162,0.0,0.0,0.307,36.0,23.0,23.0,20.8,768.9,0.0,0.0,3.86,0.0,442.43,0.0,0.0,155.68,108.34,492.36,0.0,0.0,195.0,20.41,22.71,36.0,36.0,19.6,36.0,21.46,36.0,36.0,20.16,20.52,21.58,36.0,36.0,20.34,0.000319,0.013844,0.0,0.0,5.6e-05,0.0,0.007281,0.0,0.0,0.002352,0.001674,0.008168,0.0,0.0,0.002979
2020-01-04 16:00:00,19.62,19.46,20.94,21.23,19.9,20.02,19.62,27.95,21.15,19.39,19.37,19.59,27.32,21.11,19.38,4.38,73.9,0.109,0.231,0.0,0.0,0.021,0.0,0.172,0.0,0.0,0.306,0.314,0.183,0.0,0.0,0.308,36.0,23.0,23.0,92.12,899.96,0.0,0.0,10.96,0.0,493.34,0.0,0.0,156.11,108.58,554.15,0.0,0.0,195.44,20.84,22.93,36.0,36.0,19.61,36.0,21.53,36.0,36.0,20.16,20.52,21.65,36.0,36.0,20.34,0.001454,0.016467,0.0,0.0,0.00016,0.0,0.008157,0.0,0.0,0.002358,0.001678,0.009238,0.0,0.0,0.002986
2020-01-04 16:15:00,19.47,19.39,20.63,20.79,19.82,19.88,19.57,27.31,20.86,19.38,19.37,19.53,26.58,20.75,19.38,4.1,6.1,0.189,0.269,0.0,0.0,0.048,0.0,0.192,0.0,0.0,0.307,0.314,0.207,0.0,0.0,0.309,36.0,23.0,23.0,156.12,1028.47,0.0,0.0,24.96,0.0,547.86,0.0,0.0,156.49,108.79,621.01,0.0,0.0,195.82,21.25,23.18,36.0,36.0,19.64,36.0,21.61,36.0,36.0,20.16,20.52,21.74,36.0,36.0,20.34,0.002531,0.019198,0.0,0.0,0.000365,0.0,0.00911,0.0,0.0,0.002364,0.001681,0.01042,0.0,0.0,0.002991
2020-01-04 16:30:00,19.38,19.35,20.4,20.48,19.72,19.74,19.53,26.75,20.61,19.38,19.37,19.48,25.95,20.44,19.38,3.83,0.0,0.266,0.307,0.0,0.0,0.091,0.059,0.216,0.0,0.0,0.308,0.315,0.235,0.0,0.0,0.309,36.0,23.0,23.0,213.78,1150.69,0.0,0.0,47.62,17.88,612.29,0.0,0.0,156.89,109.02,699.96,0.0,0.0,196.23,21.62,23.45,36.0,36.0,19.7,19.47,21.72,36.0,36.0,20.16,20.52,21.87,36.0,36.0,20.34,0.003557,0.021941,0.0,0.0,0.000699,0.000259,0.010256,0.0,0.0,0.00237,0.001685,0.011849,0.0,0.0,0.002998
2020-01-04 16:45:00,19.31,19.31,20.2,20.27,19.64,19.63,19.5,26.22,20.39,19.38,19.37,19.46,25.36,20.17,19.38,3.56,0.0,0.31,0.327,0.0,0.0,0.138,0.128,0.236,0.0,0.0,0.309,0.316,0.258,0.0,0.0,0.31,36.0,23.0,23.0,245.35,1210.15,0.0,0.0,71.47,39.06,665.28,0.0,0.0,157.29,109.24,760.98,0.0,0.0,196.63,21.82,23.59,36.0,36.0,19.77,19.53,21.84,36.0,36.0,20.16,20.52,22.01,36.0,36.0,20.34,0.004138,0.023321,0.0,0.0,0.001053,0.000567,0.011236,0.0,0.0,0.002376,0.001688,0.013013,0.0,0.0,0.003004
2020-01-04 17:00:00,19.26,19.29,20.03,20.09,19.58,19.52,19.5,25.75,20.19,19.38,19.37,19.47,24.84,19.94,19.38,3.47,0.0,0.343,0.346,0.0,0.0,0.178,0.187,0.248,0.0,0.0,0.309,0.316,0.268,0.0,0.0,0.311,36.0,23.0,23.0,269.13,1268.65,0.0,0.0,92.17,56.64,692.29,0.0,0.0,157.66,109.44,781.61,0.0,0.0,197.0,21.96,23.73,36.0,36.0,19.81,19.62,21.94,36.0,36.0,20.16,20.52,22.13,36.0,36.0,20.34,0.004587,0.024732,0.0,0.0,0.001362,0.000827,0.01178,0.0,0.0,0.002382,0.001691,0.013481,0.0,0.0,0.00301
2020-01-04 17:15:00,19.21,19.26,19.87,19.93,19.52,19.43,19.49,25.32,20.02,19.38,19.37,19.47,24.38,19.75,19.38,3.38,0.0,0.371,0.356,0.0,0.0,0.21,0.238,0.252,0.0,0.0,0.31,0.317,0.267,0.0,0.028,0.311,36.0,23.0,23.0,288.59,1297.24,0.0,0.0,108.65,71.63,699.46,0.0,0.0,158.01,109.62,775.11,0.0,81.8,197.33,22.09,23.8,36.0,36.0,19.85,19.73,22.02,36.0,36.0,20.16,20.52,22.21,36.0,21.24,20.34,0.004963,0.025444,0.0,0.0,0.001609,0.001053,0.011969,0.0,0.0,0.002387,0.001694,0.013443,0.0,0.001326,0.003015
2020-01-04 17:30:00,19.18,19.25,19.8,19.83,19.47,19.38,19.49,24.9,19.85,19.38,19.36,19.47,23.95,19.62,19.38,3.29,0.0,0.395,0.368,0.063,0.037,0.238,0.284,0.253,0.0,0.0,0.311,0.317,0.265,0.0,0.125,0.312,36.0,23.0,23.0,304.44,1330.77,98.67,99.68,122.6,84.62,699.78,0.0,0.0,158.33,109.79,767.32,0.0,367.63,197.65,22.19,23.9,23.52,21.23,19.87,19.84,22.07,36.0,36.0,20.16,20.52,22.25,36.0,21.31,20.34,0.005275,0.026301,0.001891,0.001614,0.001818,0.001253,0.012021,0.0,0.0,0.002392,0.001697,0.013352,0.0,0.005985,0.00302
2020-01-04 17:45:00,19.17,19.24,19.74,19.79,19.43,19.35,19.49,24.5,19.72,19.38,19.36,19.46,23.54,19.56,19.37,3.2,0.0,0.408,0.375,0.098,0.085,0.263,0.312,0.254,0.0,0.073,0.311,0.318,0.266,0.0,0.19,0.312,36.0,23.0,23.0,313.33,1347.67,152.49,225.69,135.46,92.45,701.96,0.0,205.66,158.63,109.95,769.61,0.0,550.76,197.94,22.26,23.95,23.56,21.44,19.89,19.94,22.11,36.0,21.12,20.16,20.52,22.28,36.0,21.51,20.34,0.005455,0.026763,0.002932,0.003707,0.002011,0.001378,0.012091,0.0,0.003306,0.002396,0.0017,0.013422,0.0,0.009094,0.003024
2020-01-04 18:00:00,19.16,19.24,19.69,19.75,19.41,19.35,19.48,24.13,19.64,19.38,19.36,19.45,23.17,19.55,19.37,3.11,0.0,0.415,0.379,0.131,0.103,0.284,0.325,0.257,0.0,0.138,0.312,0.318,0.271,0.0,0.219,0.313,36.0,23.0,23.0,316.74,1356.26,200.19,274.66,146.14,95.76,708.44,0.0,384.89,158.91,110.1,781.35,0.0,625.59,198.21,22.34,24.01,23.69,21.45,19.93,20.03,22.14,36.0,21.24,20.16,20.52,22.32,36.0,21.71,20.34,0.005547,0.027053,0.00389,0.004516,0.002175,0.001434,0.012229,0.0,0.006239,0.002401,0.001702,0.01366,0.0,0.010474,0.003029
2020-01-04 18:15:00,19.16,19.23,19.64,19.7,19.39,19.35,19.47,23.78,19.6,19.37,19.36,19.45,22.82,19.54,19.37,3.01,0.0,0.418,0.382,0.156,0.127,0.297,0.327,0.261,0.0,0.179,0.312,0.318,0.274,0.0,0.227,0.313,36.0,23.0,23.0,317.61,1361.15,237.6,336.82,152.69,96.22,716.72,0.0,492.18,159.18,110.23,786.85,0.0,642.83,198.46,22.4,24.05,23.76,21.5,19.95,20.09,22.17,36.0,21.41,20.16,20.52,22.35,36.0,21.85,20.34,0.005588,0.027256,0.004644,0.005559,0.002276,0.001447,0.012398,0.0,0.008072,0.002405,0.001704,0.013786,0.0,0.010871,0.003033
2020-01-04 18:30:00,19.16,19.23,19.6,19.66,19.38,19.35,19.47,23.44,19.58,19.37,19.36,19.45,22.5,19.53,19.37,2.92,0.0,0.42,0.384,0.179,0.15,0.304,0.326,0.264,0.0,0.201,0.313,0.319,0.275,0.0,0.23,0.313,36.0,23.0,23.0,317.61,1364.4,271.69,397.28,156.01,95.55,724.09,0.0,545.64,159.42,110.35,788.31,0.0,646.0,198.68,22.46,24.1,23.82,21.56,19.97,20.14,22.2,36.0,21.57,20.16,20.53,22.37,36.0,21.94,20.34,0.005613,0.027421,0.005336,0.006582,0.002328,0.001441,0.01255,0.0,0.009045,0.002408,0.001706,0.013834,0.0,0.010994,0.003036
2020-01-04 18:45:00,19.16,19.22,19.56,19.63,19.38,19.35,19.46,23.12,19.56,19.37,19.36,19.45,22.19,19.52,19.37,2.83,0.0,0.421,0.386,0.201,0.169,0.308,0.325,0.267,0.0,0.212,0.313,0.319,0.276,0.0,0.233,0.314,36.0,23.0,23.0,317.23,1366.79,303.69,444.56,157.68,94.88,730.06,0.0,571.73,159.64,110.45,790.31,0.0,653.75,198.88,22.52,24.14,23.87,21.59,19.98,20.17,22.22,36.0,21.69,20.17,20.53,22.38,36.0,22.0,20.35,0.00563,0.027567,0.005991,0.00738,0.002355,0.001434,0.012675,0.0,0.009556,0.002412,0.001708,0.013886,0.0,0.011174,0.003039
2020-01-04 19:00:00,19.16,19.21,19.51,19.59,19.38,19.35,19.45,22.78,19.54,19.37,19.36,19.44,21.88,19.5,19.37,2.75,0.0,0.422,0.388,0.221,0.186,0.31,0.324,0.269,0.0,0.22,0.314,0.319,0.277,0.0,0.24,0.314,36.0,23.0,23.0,314.17,1350.05,330.2,488.87,158.51,94.55,735.38,0.0,589.14,159.84,110.55,794.49,0.0,669.02,199.05,22.66,24.33,24.0,21.65,20.0,20.2,22.24,36.0,21.78,20.17,20.53,22.4,36.0,22.05,20.35,0.005635,0.027678,0.006585,0.008153,0.002371,0.001432,0.012787,0.0,0.009909,0.002415,0.001709,0.013975,0.0,0.011475,0.003042
2020-01-04 19:15:00,19.16,19.21,19.49,19.56,19.37,19.35,19.45,22.5,19.53,19.37,19.36,19.43,21.6,19.48,19.37,2.68,0.0,0.418,0.394,0.244,0.206,0.311,0.323,0.274,0.0,0.23,0.314,0.32,0.282,0.0,0.25,0.314,36.0,23.0,23.0,310.37,1362.86,361.66,537.54,159.04,94.22,746.69,0.0,612.17,160.05,110.65,806.88,0.0,696.32,199.25,22.7,24.4,24.08,21.7,20.02,20.22,22.26,36.0,21.85,20.17,20.53,22.42,36.0,22.1,20.35,0.005583,0.028111,0.007258,0.008993,0.00238,0.001428,0.013006,0.0,0.01035,0.002418,0.001711,0.014215,0.0,0.011987,0.003045
2020-01-04 19:30:00,19.17,19.21,19.45,19.53,19.37,19.35,19.44,22.24,19.51,19.37,19.36,19.42,21.35,19.47,19.37,2.6,0.0,0.422,0.394,0.256,0.22,0.313,0.326,0.277,0.0,0.237,0.314,0.32,0.286,0.0,0.258,0.315,36.0,23.0,23.0,311.68,1360.49,380.62,574.27,159.87,94.78,755.02,0.0,629.97,160.2,110.72,816.13,0.0,714.58,199.38,22.77,24.43,24.08,21.72,20.03,20.24,22.29,36.0,21.91,20.17,20.53,22.44,36.0,22.15,20.35,0.005636,0.028134,0.007639,0.009619,0.002395,0.001439,0.013173,0.0,0.010698,0.00242,0.001712,0.014403,0.0,0.012345,0.003047
2020-01-04 19:45:00,19.16,19.2,19.44,19.52,19.37,19.35,19.43,21.98,19.5,19.37,19.36,19.42,21.1,19.46,19.37,2.53,0.0,0.416,0.394,0.277,0.234,0.314,0.326,0.28,0.0,0.245,0.315,0.32,0.289,0.0,0.264,0.315,36.0,23.0,23.0,307.31,1360.49,406.08,609.14,160.39,94.86,762.7,0.0,646.92,160.34,110.77,824.31,0.0,729.91,199.49,22.76,24.44,24.22,21.79,20.03,20.25,22.31,36.0,21.97,20.17,20.53,22.47,36.0,22.2,20.35,0.005555,0.028158,0.008244,0.010253,0.002403,0.001441,0.013329,0.0,0.011028,0.002423,0.001713,0.014572,0.0,0.01265,0.003049
2020-01-04 20:00:00,19.17,19.21,19.41,19.51,19.37,19.35,19.44,21.75,19.49,19.37,19.36,19.42,20.89,19.47,19.37,2.44,0.0,0.42,0.4,0.282,0.242,0.315,0.327,0.283,0.0,0.252,0.315,0.32,0.292,0.0,0.269,0.315,36.0,23.0,23.0,309.65,1373.73,413.39,628.21,160.99,94.95,769.65,0.0,663.0,160.45,110.82,830.4,0.0,740.72,199.58,22.8,24.48,24.23,21.82,20.04,20.27,22.33,36.0,22.01,20.17,20.53,22.49,36.0,22.23,20.35,0.005614,0.02854,0.008406,0.010599,0.002413,0.001444,0.013473,0.0,0.011341,0.002424,0.001714,0.014704,0.0,0.012873,0.00305
2020-01-04 20:15:00,19.16,19.2,19.4,19.49,19.37,19.35,19.44,21.54,19.49,19.37,19.36,19.43,20.68,19.47,19.37,2.35,0.0,0.416,0.397,0.296,0.246,0.317,0.327,0.281,0.0,0.253,0.315,0.32,0.289,0.0,0.267,0.315,36.0,23.0,23.0,306.58,1366.51,430.58,636.5,161.52,94.88,763.5,0.0,665.66,160.55,110.85,821.34,0.0,733.78,199.65,22.81,24.48,24.32,21.83,20.05,20.28,22.34,36.0,22.05,20.17,20.53,22.5,36.0,22.25,20.35,0.00556,0.028376,0.008822,0.010748,0.002422,0.001444,0.013376,0.0,0.011415,0.002426,0.001714,0.014553,0.0,0.012771,0.003051
2020-01-04 20:30:00,19.17,19.2,19.38,19.49,19.37,19.36,19.44,21.33,19.49,19.37,19.36,19.43,20.49,19.47,19.37,2.26,0.0,0.419,0.401,0.3,0.253,0.316,0.324,0.28,0.0,0.255,0.315,0.32,0.286,0.0,0.265,0.315,36.0,23.0,23.0,307.71,1374.27,435.67,653.37,161.22,94.01,758.69,0.0,668.85,160.63,110.87,814.31,0.0,728.79,199.71,22.84,24.51,24.34,21.87,20.05,20.29,22.35,36.0,22.07,20.17,20.53,22.5,36.0,22.26,20.35,0.005594,0.028618,0.008937,0.011059,0.002418,0.001431,0.013295,0.0,0.01149,0.002427,0.001715,0.014428,0.0,0.01269,0.003052
2020-01-04 20:45:00,19.17,19.2,19.37,19.48,19.37,19.36,19.44,21.12,19.48,19.37,19.36,19.43,20.3,19.46,19.37,2.17,0.0,0.415,0.4,0.311,0.256,0.316,0.322,0.279,0.0,0.256,0.315,0.321,0.285,0.0,0.266,0.315,36.0,23.0,23.0,305.12,1370.65,449.51,660.75,161.01,93.44,756.26,0.0,672.22,160.7,110.89,810.29,0.0,731.95,199.75,22.85,24.52,24.41,21.88,20.06,20.29,22.35,36.0,22.09,20.17,20.53,22.49,36.0,22.27,20.35,0.00555,0.028552,0.00928,0.011193,0.002416,0.001423,0.013252,0.0,0.011562,0.002428,0.001715,0.014354,0.0,0.01275,0.003053
2020-01-04 21:00:00,19.17,19.19,19.35,19.47,19.37,19.36,19.43,20.92,19.47,19.37,19.36,19.42,20.11,19.45,19.37,2.08,0.0,0.417,0.402,0.315,0.261,0.315,0.321,0.278,0.0,0.259,0.316,0.321,0.284,0.0,0.269,0.315,36.0,23.0,23.0,305.72,1374.56,453.65,672.5,160.8,93.15,755.59,0.0,677.45,160.75,110.9,808.77,0.0,738.69,199.78,22.87,24.54,24.42,21.9,20.06,20.3,22.35,36.0,22.11,20.17,20.53,22.49,36.0,22.27,20.35,0.005572,0.028686,0.009374,0.011411,0.002414,0.001419,0.01324,0.0,0.011665,0.002429,0.001715,0.014322,0.0,0.012875,0.003053
2020-01-04 21:15:00,19.17,19.18,19.34,19.46,19.37,19.35,19.42,20.73,19.46,19.37,19.36,19.41,19.92,19.43,19.37,1.99,0.0,0.414,0.405,0.326,0.267,0.315,0.321,0.284,0.0,0.265,0.316,0.321,0.29,0.0,0.276,0.315,36.0,23.0,23.0,303.41,1381.83,466.94,685.94,160.63,93.0,770.57,0.0,693.15,160.78,110.9,825.83,0.0,757.91,199.8,22.88,24.56,24.49,21.93,20.07,20.3,22.36,36.0,22.13,20.17,20.53,22.5,36.0,22.29,20.35,0.005534,0.028908,0.009709,0.011661,0.002412,0.001417,0.013513,0.0,0.011953,0.002429,0.001715,0.014635,0.0,0.013228,0.003054
2020-01-04 21:30:00,19.17,19.18,19.31,19.45,19.37,19.35,19.41,20.53,19.45,19.37,19.36,19.4,19.75,19.42,19.37,1.9,0.0,0.416,0.408,0.331,0.272,0.316,0.323,0.289,0.0,0.271,0.316,0.321,0.296,0.04,0.283,0.315,36.0,23.0,23.0,304.16,1388.41,473.17,698.15,161.13,93.61,783.64,0.0,707.89,160.8,110.9,840.4,52.78,774.19,199.81,22.9,24.58,24.52,21.95,20.07,20.31,22.38,36.0,22.15,20.17,20.53,22.52,21.27,22.32,20.35,0.005554,0.029095,0.00986,0.011889,0.00242,0.001427,0.013761,0.0,0.01223,0.00243,0.001715,0.014916,0.000857,0.013539,0.003054
2020-01-04 21:45:00,19.17,19.17,19.31,19.44,19.36,19.35,19.41,20.34,19.44,19.37,19.36,19.39,19.66,19.42,19.37,1.81,0.0,0.415,0.41,0.343,0.277,0.317,0.324,0.293,0.0,0.277,0.316,0.321,0.3,0.126,0.288,0.315,36.0,23.0,23.0,303.38,1395.78,487.41,709.52,161.57,93.93,792.91,0.0,720.24,160.82,110.89,850.05,165.73,786.73,199.8,22.9,24.6,24.6,21.98,20.07,20.31,22.4,36.0,22.18,20.17,20.53,22.54,21.46,22.35,20.35,0.005542,0.029304,0.010231,0.012104,0.002427,0.001432,0.013945,0.0,0.012468,0.00243,0.001715,0.015112,0.002727,0.013786,0.003054
2020-01-04 22:00:00,19.17,19.17,19.29,19.43,19.36,19.35,19.41,20.16,19.43,19.37,19.36,19.4,19.63,19.42,19.37,1.73,0.0,0.417,0.414,0.346,0.282,0.318,0.325,0.296,0.0,0.281,0.316,0.32,0.303,0.171,0.292,0.315,36.0,23.0,23.0,304.72,1405.35,490.72,722.29,161.88,94.09,799.56,0.0,730.96,160.82,110.88,856.29,221.64,795.75,199.79,22.92,24.63,24.62,22.0,20.08,20.32,22.42,36.0,22.21,20.17,20.53,22.56,21.73,22.37,20.35,0.005575,0.029576,0.010313,0.012347,0.002432,0.001435,0.014083,0.0,0.012679,0.00243,0.001715,0.015247,0.003715,0.013972,0.003054
2020-01-04 22:15:00,19.17,19.17,19.29,19.42,19.36,19.35,19.41,19.99,19.43,19.37,19.36,19.4,19.63,19.41,19.37,1.65,0.0,0.415,0.414,0.353,0.284,0.318,0.325,0.296,0.0,0.283,0.316,0.32,0.302,0.184,0.292,0.315,36.0,23.0,23.0,303.28,1404.24,498.97,725.55,162.07,94.11,797.6,0.0,733.47,160.81,110.86,852.9,234.76,795.38,199.76,22.92,24.63,24.67,22.01,20.08,20.32,22.43,36.0,22.23,20.17,20.53,22.58,21.93,22.39,20.35,0.005548,0.029558,0.010532,0.012408,0.002435,0.001436,0.014062,0.0,0.012742,0.00243,0.001714,0.0152,0.003992,0.013984,0.003053
2020-01-04 22:30:00,19.17,19.16,19.27,19.42,19.36,19.35,19.41,19.83,19.43,19.37,19.36,19.4,19.61,19.41,19.37,1.57,0.0,0.417,0.417,0.356,0.288,0.318,0.324,0.296,0.005,0.284,0.316,0.32,0.301,0.187,0.293,0.315,36.0,23.0,23.0,303.94,1411.62,502.0,734.96,161.88,93.76,796.84,6.57,736.54,160.79,110.84,851.27,236.21,796.84,199.74,22.94,24.66,24.68,22.03,20.08,20.32,22.44,21.17,22.24,20.17,20.53,22.58,22.06,22.41,20.35,0.005567,0.029776,0.010611,0.012589,0.002433,0.001431,0.014057,0.000106,0.012809,0.00243,0.001714,0.015178,0.004055,0.014022,0.003053
2020-01-04 22:45:00,19.17,19.16,19.27,19.41,19.36,19.35,19.41,19.71,19.42,19.37,19.36,19.39,19.59,19.41,19.37,1.49,0.0,0.416,0.418,0.363,0.29,0.318,0.323,0.296,0.087,0.286,0.316,0.32,0.302,0.193,0.294,0.315,36.0,23.0,23.0,303.16,1413.43,509.38,740.16,161.76,93.55,798.28,110.55,741.13,160.77,110.81,852.33,241.83,800.61,199.71,22.94,24.67,24.73,22.05,20.08,20.33,22.44,21.26,22.26,20.17,20.53,22.59,22.16,22.42,20.35,0.005554,0.029838,0.01081,0.01269,0.002431,0.001428,0.014089,0.001794,0.012902,0.002429,0.001714,0.015203,0.004179,0.0141,0.003052
2020-01-04 23:00:00,19.17,19.16,19.27,19.41,19.36,19.35,19.4,19.67,19.42,19.37,19.36,19.39,19.59,19.4,19.37,1.4,0.0,0.417,0.42,0.366,0.293,0.318,0.323,0.297,0.144,0.289,0.316,0.32,0.303,0.203,0.297,0.315,36.0,23.0,23.0,303.61,1418.54,512.5,747.22,161.7,93.44,801.01,181.18,746.67,160.74,110.79,855.02,253.05,805.81,199.67,22.96,24.69,24.75,22.06,20.08,20.33,22.45,21.48,22.27,20.17,20.53,22.59,22.24,22.43,20.35,0.005568,0.029993,0.010897,0.012827,0.002431,0.001426,0.014144,0.002986,0.013011,0.002429,0.001713,0.015258,0.0044,0.014204,0.003052
2020-01-04 23:15:00,19.17,19.15,19.25,19.4,19.36,19.35,19.4,19.64,19.41,19.37,19.36,19.39,19.58,19.4,19.37,1.31,0.0,0.417,0.422,0.367,0.296,0.318,0.323,0.299,0.166,0.291,0.316,0.32,0.304,0.205,0.299,0.315,36.0,23.0,23.0,303.45,1423.6,514.41,752.66,161.67,93.39,804.99,205.78,752.83,160.71,110.76,859.12,254.18,811.87,199.64,22.96,24.7,24.76,22.08,20.09,20.33,22.46,21.69,22.29,20.17,20.53,22.6,22.3,22.44,20.35,0.005567,0.030142,0.010947,0.012931,0.00243,0.001426,0.014222,0.00344,0.013132,0.002428,0.001713,0.01534,0.004438,0.014324,0.003051
2020-01-04 23:30:00,19.16,19.15,19.25,19.4,19.36,19.35,19.4,19.62,19.41,19.37,19.36,19.39,19.56,19.39,19.37,1.22,0.0,0.417,0.424,0.374,0.298,0.318,0.323,0.301,0.18,0.294,0.315,0.32,0.306,0.212,0.301,0.315,36.0,23.0,23.0,303.56,1428.12,521.52,758.19,161.71,93.38,808.54,220.22,758.13,160.67,110.73,862.54,262.86,816.83,199.6,22.97,24.72,24.8,22.09,20.09,20.33,22.47,21.85,22.3,20.17,20.53,22.61,22.35,22.45,20.35,0.005573,0.030278,0.01114,0.013038,0.002431,0.001426,0.014294,0.003723,0.013237,0.002428,0.001712,0.01541,0.004607,0.014425,0.003051
2020-01-04 23:45:00,19.16,19.14,19.24,19.39,19.36,19.36,19.39,19.6,19.4,19.37,19.36,19.38,19.54,19.39,19.37,1.13,0.0,0.419,0.427,0.377,0.301,0.318,0.323,0.302,0.19,0.296,0.315,0.32,0.307,0.221,0.303,0.315,36.0,23.0,23.0,304.44,1434.31,524.84,765.16,161.73,93.34,811.61,230.61,763.32,160.63,110.71,865.36,272.07,821.15,199.56,22.98,24.73,24.82,22.1,20.09,20.34,22.48,21.98,22.31,20.17,20.53,22.62,22.41,22.47,20.35,0.005594,0.03046,0.011229,0.013173,0.002432,0.001426,0.014357,0.003934,0.013341,0.002427,0.001712,0.01547,0.004788,0.014514,0.00305
2020-01-05 00:00:00,19.16,19.12,19.22,19.38,19.36,19.36,19.37,19.56,19.38,19.37,19.36,19.36,19.51,19.37,19.37,1.01,0.0,0.419,0.428,0.382,0.303,0.318,0.322,0.303,0.201,0.298,0.315,0.32,0.308,0.228,0.305,0.315,36.0,21.0,23.0,304.47,1438.84,530.57,769.7,161.72,93.29,814.5,241.36,768.32,160.59,110.68,868.04,280.35,825.4,199.52,22.99,24.75,24.85,22.11,20.09,20.34,22.48,22.08,22.32,20.17,20.53,22.62,22.46,22.48,20.35,0.005597,0.030587,0.011383,0.013259,0.002432,0.001425,0.014416,0.004147,0.01344,0.002426,0.001712,0.015525,0.004953,0.014601,0.00305
2020-01-05 00:15:00,19.51,19.61,19.71,19.95,19.51,19.42,19.57,19.79,19.57,19.41,19.43,19.56,19.76,19.56,19.43,0.9,0.0,1.0,1.0,1.0,1.0,1.0,1.0,1.0,1.0,1.0,1.0,1.0,1.0,1.0,1.0,1.0,34.61,21.0,23.0,555.71,2345.06,927.31,1817.09,433.68,255.15,2153.09,927.46,2077.87,452.08,302.79,2244.17,945.61,2169.45,558.16,24.64,26.73,27.15,24.65,21.03,20.78,23.75,23.85,23.56,20.54,21.05,23.93,24.16,23.75,20.8,0.013364,0.071395,0.029804,0.043751,0.007653,0.004419,0.047544,0.020669,0.045088,0.007697,0.00535,0.050389,0.021689,0.047883,0.009687
2020-01-05 00:30:00,19.81,19.98,20.08,20.39,19.7,19.61,19.94,20.25,19.93,19.51,19.57,19.95,20.27,19.93,19.57,0.78,0.0,1.0,1.0,1.0,1.0,1.0,1.0,1.0,1.0,1.0,1.0,1.0,1.0,1.0,1.0,1.0,35.29,21.0,23.0,581.18,2457.88,974.74,1899.5,451.98,259.9,2085.03,870.41,2017.07,462.3,307.12,2166.43,889.79,2100.06,568.03,24.83,26.99,27.41,24.84,21.1,21.16,24.74,25.16,24.53,20.86,21.5,24.94,25.42,24.74,21.2,0.013364,0.071395,0.029804,0.043751,0.007653,0.004419,0.047544,0.020669,0.045088,0.007697,0.00535,0.050389,0.021689,0.047883,0.009687
2020-01-05 00:45:00,19.98,20.14,20.25,20.56,19.85,19.85,20.24,20.7,20.23,19.62,19.72,20.28,20.72,20.26,19.71,0.67,0.0,1.0,1.0,1.0,1.0,1.0,1.0,1.0,1.0,1.0,1.0,1.0,1.0,1.0,1.0,1.0,35.81,21.0,23.0,599.09,2534.82,1005.8,1953.83,465.88,264.19,2057.89,843.64,1993.29,471.52,311.49,2133.82,863.38,2071.49,577.28,25.04,27.28,27.7,25.09,21.21,21.47,25.41,26.0,25.19,21.11,21.84,25.64,26.25,25.42,21.51,0.013364,0.071395,0.029804,0.043751,0.007653,0.004419,0.047544,0.020669,0.045088,0.007697,0.00535,0.050389,0.021689,0.047883,0.009687
2020-01-05 01:00:00,20.11,20.28,20.38,20.7,20.0,20.05,20.48,21.02,20.46,19.73,19.86,20.55,21.06,20.52,19.85,0.65,0.0,1.0,1.0,1.0,1.0,1.0,1.0,1.0,1.0,1.0,1.0,1.0,1.0,1.0,1.0,1.0,36.0,21.0,23.0,602.3,2546.54,1010.37,1959.37,469.6,263.77,2009.13,813.64,1948.06,472.41,310.57,2079.08,833.01,2020.74,576.49,25.22,27.47,27.89,25.29,21.32,21.72,25.89,26.58,25.66,21.32,22.11,26.13,26.81,25.9,21.76,0.013364,0.071395,0.029804,0.043751,0.007653,0.004419,0.047544,0.020669,0.045088,0.007697,0.00535,0.050389,0.021689,0.047883,0.009687
2020-01-05 01:15:00,20.21,20.32,20.42,20.8,20.11,20.19,20.69,20.95,20.66,19.83,19.99,20.77,21.33,20.73,19.99,0.63,0.0,1.0,1.0,1.0,1.0,1.0,1.0,1.0,0.2,1.0,1.0,1.0,1.0,1.0,1.0,1.0,36.0,21.0,23.0,584.44,2426.09,958.48,1890.27,464.95,260.0,1945.64,181.7,1888.18,467.25,305.89,2010.12,799.84,1955.64,568.54,25.54,27.87,28.31,25.66,21.47,21.93,26.21,25.48,25.98,21.48,22.32,26.46,27.18,26.23,21.96,0.013364,0.071395,0.029804,0.043751,0.007653,0.004419,0.047544,0.004132,0.045088,0.007697,0.00535,0.050389,0.021689,0.047883,0.009687
2020-01-05 01:30:00,20.29,20.39,20.49,20.88,20.24,20.36,20.84,20.65,20.81,19.92,20.11,20.93,21.51,20.89,20.1,0.61,0.0,1.0,1.0,1.0,1.0,1.0,1.0,1.0,0.2,1.0,1.0,1.0,1.0,1.0,1.0,1.0,36.0,21.0,23.0,578.22,2397.42,946.8,1866.78,462.24,256.94,1898.68,196.55,1843.79,462.9,302.01,1959.19,776.08,1907.32,561.84,25.65,27.97,28.4,25.79,21.55,22.09,26.45,24.62,26.22,21.61,22.5,26.7,27.44,26.47,22.13,0.013364,0.071395,0.029804,0.043751,0.007653,0.004419,0.047544,0.004132,0.045088,0.007697,0.00535,0.050389,0.021689,0.047883,0.009687
2020-01-05 01:45:00,20.38,20.47,20.57,20.99,20.34,20.49,20.98,20.37,20.95,20.01,20.22,21.08,21.66,21.04,20.21,0.59,0.0,1.0,1.0,1.0,1.0,1.0,1.0,1.0,0.2,1.0,1.0,1.0,1.0,1.0,1.0,1.0,36.0,21.0,23.0,572.41,2370.03,935.33,1844.22,459.22,254.17,1862.96,206.23,1809.91,459.17,298.74,1920.97,758.65,1870.63,556.09,25.75,28.06,28.49,25.92,21.64,22.24,26.63,24.06,26.4,21.73,22.64,26.88,27.63,26.65,22.27,0.013364,0.071395,0.029804,0.043751,0.007653,0.004419,0.047544,0.004132,0.045088,0.007697,0.00535,0.050389,0.021689,0.047883,0.009687
2020-01-05 02:00:00,20.47,20.56,20.66,21.1,20.45,20.62,21.12,20.18,21.08,20.09,20.32,21.22,21.8,21.18,20.31,0.53,0.0,1.0,1.0,1.0,1.0,1.0,1.0,1.0,0.2,1.0,1.0,1.0,1.0,1.0,1.0,1.0,36.0,21.0,23.0,566.34,2341.42,923.51,1820.63,456.3,251.73,1833.94,213.11,1782.39,455.86,295.9,1889.93,745.14,1840.9,551.03,25.86,28.15,28.59,26.04,21.74,22.37,26.77,23.66,26.54,21.83,22.77,27.03,27.78,26.8,22.39,0.013364,0.071395,0.029804,0.043751,0.007653,0.004419,0.047544,0.004132,0.045088,0.007697,0.00535,0.050389,0.021689,0.047883,0.009687
2020-01-05 02:15:00,20.57,20.65,20.75,21.21,20.55,20.74,21.25,20.42,21.2,20.17,20.41,21.36,21.52,21.31,20.41,0.47,0.0,1.0,1.0,1.0,1.0,1.0,1.0,1.0,1.0,1.0,1.0,1.0,1.0,0.0,1.0,1.0,36.0,21.0,23.0,560.39,2312.46,911.48,1796.85,453.37,249.48,1809.05,937.18,1758.98,452.87,293.36,1863.57,0.0,1815.9,546.47,25.97,28.25,28.68,26.17,21.83,22.49,26.9,25.15,26.67,21.92,22.88,27.15,36.0,26.93,22.5,0.013364,0.071395,0.029804,0.043751,0.007653,0.004419,0.047544,0.020669,0.045088,0.007697,0.00535,0.050389,0.0,0.047883,0.009687
2020-01-05 02:30:00,20.68,20.79,20.9,21.35,20.66,20.87,21.36,20.83,21.31,20.23,20.49,21.48,21.07,21.42,20.49,0.4,0.0,1.0,1.0,1.0,1.0,1.0,1.0,1.0,1.0,1.0,1.0,1.0,1.0,0.0,1.0,1.0,36.0,21.0,23.0,565.37,2367.41,935.9,1814.66,451.96,247.3,1786.29,847.3,1737.72,450.03,290.98,1839.45,0.0,1793.25,542.18,25.88,28.07,28.49,26.08,21.87,22.61,27.01,26.19,26.78,22.01,22.99,27.27,36.0,27.04,22.61,0.013364,0.071395,0.029804,0.043751,0.007653,0.004419,0.047544,0.020669,0.045088,0.007697,0.00535,0.050389,0.0,0.047883,0.009687
2020-01-05 02:45:00,20.79,20.9,21.01,21.47,20.76,20.99,21.49,21.22,21.43,20.31,20.59,21.61,20.53,21.54,20.58,0.34,0.0,1.0,1.0,1.0,1.0,1.0,1.0,1.0,1.0,1.0,1.0,1.0,1.0,0.0,1.0,1.0,36.0,21.0,23.0,560.89,2349.27,929.0,1799.25,449.47,245.26,1766.2,796.0,1719.03,447.43,288.84,1818.23,0.0,1773.42,538.28,25.96,28.13,28.54,26.16,21.95,22.72,27.11,26.79,26.88,22.09,23.08,27.37,36.0,27.14,22.71,0.013364,0.071395,0.029804,0.043751,0.007653,0.004419,0.047544,0.020669,0.045088,0.007697,0.00535,0.050389,0.0,0.047883,0.009687
2020-01-05 03:00:00,20.87,20.97,21.09,21.56,20.85,21.1,21.6,21.47,21.53,20.38,20.68,21.72,20.14,21.65,20.67,0.32,0.0,1.0,1.0,1.0,1.0,1.0,1.0,1.0,1.0,1.0,1.0,1.0,1.0,0.0,1.0,1.0,36.0,21.0,23.0,556.75,2331.8,922.19,1784.75,447.03,243.32,1748.15,763.5,1702.26,444.97,286.84,1799.3,0.0,1755.77,534.63,26.03,28.19,28.6,26.24,22.03,22.83,27.2,27.16,26.97,22.17,23.17,27.46,36.0,27.23,22.8,0.013364,0.071395,0.029804,0.043751,0.007653,0.004419,0.047544,0.020669,0.045088,0.007697,0.00535,0.050389,0.0,0.047883,0.009687
2020-01-05 03:15:00,20.91,21.03,20.77,20.73,20.94,21.11,21.69,21.33,21.62,20.44,20.75,21.54,20.28,21.73,20.75,0.3,0.0,1.0,1.0,0.565,0.0,1.0,0.0,1.0,0.0,1.0,1.0,1.0,0.0,1.0,1.0,1.0,36.0,21.0,23.0,553.06,2315.3,639.03,0.0,444.49,0.0,1731.43,0.0,1686.78,442.63,284.94,0.0,1010.39,1739.62,531.14,26.1,28.24,26.92,36.0,22.1,36.0,27.29,36.0,27.05,22.24,23.26,36.0,24.86,27.31,22.88,0.013364,0.071395,0.01683,0.0,0.007653,0.0,0.047544,0.0,0.045088,0.007697,0.00535,0.0,0.021689,0.047883,0.009687
2020-01-05 03:30:00,20.91,21.06,20.62,20.13,21.03,21.05,21.8,20.91,21.72,20.52,20.84,21.15,20.82,21.81,20.84,0.28,0.0,1.0,1.0,0.565,0.0,1.0,0.0,1.0,0.0,1.0,1.0,1.0,0.0,1.0,1.0,1.0,36.0,21.0,23.0,550.04,2301.87,634.11,0.0,442.26,0.0,1716.24,0.0,1672.64,440.4,283.17,0.0,891.37,1725.47,527.87,26.15,28.29,26.99,36.0,22.17,36.0,27.36,36.0,27.13,22.31,23.34,36.0,26.17,27.38,22.96,0.013364,0.071395,0.01683,0.0,0.007653,0.0,0.047544,0.0,0.045088,0.007697,0.00535,0.0,0.021689,0.047883,0.009687
2020-01-05 03:45:00,20.94,21.1,20.58,20.0,21.11,20.99,21.9,20.44,21.81,20.59,20.92,20.75,21.33,21.87,20.92,0.25,0.0,1.0,1.0,0.565,0.0,1.0,0.0,1.0,0.0,1.0,1.0,1.0,0.0,1.0,1.0,1.0,36.0,21.0,23.0,546.86,2288.03,633.77,0.0,439.94,0.0,1701.87,0.0,1659.29,438.23,281.45,0.0,824.79,1712.65,524.71,26.21,28.33,26.99,36.0,22.25,36.0,27.44,36.0,27.2,22.38,23.42,36.0,26.9,27.44,23.04,0.013364,0.071395,0.01683,0.0,0.007653,0.0,0.047544,0.0,0.045088,0.007697,0.00535,0.0,0.021689,0.047883,0.009687
2020-01-05 04:00:00,20.98,21.13,20.57,19.93,21.19,20.93,21.97,20.09,21.88,20.66,21.0,20.41,21.62,21.9,21.0,0.21,0.0,1.0,1.0,0.565,0.0,1.0,0.0,1.0,0.0,1.0,1.0,1.0,0.0,1.0,1.0,1.0,36.0,21.0,23.0,543.62,2275.42,632.35,0.0,437.62,0.0,1688.96,0.0,1647.3,436.13,279.82,0.0,783.66,1701.88,521.68,26.27,28.38,27.01,36.0,22.32,36.0,27.5,36.0,27.26,22.44,23.49,36.0,27.36,27.5,23.12,0.013364,0.071395,0.01683,0.0,0.007653,0.0,0.047544,0.0,0.045088,0.007697,0.00535,0.0,0.021689,0.047883,0.009687
2020-01-05 04:15:00,21.08,21.18,20.9,20.71,21.23,20.93,22.02,20.21,21.72,20.71,21.06,20.47,21.44,21.92,21.06,0.17,0.0,1.0,1.0,1.0,1.0,1.0,1.0,1.0,1.0,0.0,1.0,1.0,1.0,0.0,1.0,1.0,36.0,21.0,23.0,539.75,2262.73,904.04,1762.02,435.47,261.63,1677.64,985.81,0.0,434.09,278.23,2400.16,0.0,1692.74,518.74,26.34,28.42,28.74,26.37,22.39,21.84,27.56,24.59,36.0,22.51,23.56,24.6,36.0,27.54,23.19,0.013364,0.071395,0.029804,0.043751,0.007653,0.004419,0.047544,0.020669,0.0,0.007697,0.00535,0.050389,0.0,0.047883,0.009687
2020-01-05 04:30:00,21.21,21.24,21.15,21.43,21.25,21.05,22.07,20.65,21.37,20.78,21.14,20.89,20.91,21.97,21.14,0.13,0.0,1.0,1.0,1.0,1.0,1.0,1.0,1.0,1.0,0.0,1.0,1.0,1.0,0.0,1.0,1.0,36.0,21.0,23.0,536.51,2253.46,905.24,1776.73,433.76,253.65,1667.91,873.75,0.0,432.13,276.73,2152.41,0.0,1684.71,515.96,26.4,28.45,28.73,26.28,22.44,22.27,27.61,25.89,36.0,22.57,23.63,25.78,36.0,27.58,23.26,0.013364,0.071395,0.029804,0.043751,0.007653,0.004419,0.047544,0.020669,0.0,0.007697,0.00535,0.050389,0.0,0.047883,0.009687
2020-01-05 04:45:00,21.29,21.28,21.24,21.55,21.26,21.19,22.11,21.08,20.98,20.85,21.22,21.21,20.36,22.02,21.22,0.09,0.0,1.0,1.0,1.0,1.0,1.0,1.0,1.0,1.0,0.0,1.0,1.0,1.0,0.0,1.0,1.0,36.0,21.0,23.0,533.17,2244.46,898.66,1754.04,432.27,248.14,1659.04,811.87,0.0,430.2,275.26,2013.39,0.0,1677.2,513.23,26.46,28.48,28.79,26.41,22.49,22.57,27.65,26.6,36.0,22.63,23.69,26.44,36.0,27.62,23.33,0.013364,0.071395,0.029804,0.043751,0.007653,0.004419,0.047544,0.020669,0.0,0.007697,0.00535,0.050389,0.0,0.047883,0.009687
2020-01-05 05:00:00,21.35,21.32,21.28,21.65,21.26,21.3,22.16,21.36,20.68,20.91,21.29,21.45,19.99,22.1,21.29,0.07,0.0,1.0,1.0,1.0,1.0,1.0,1.0,1.0,1.0,0.0,1.0,1.0,1.0,0.0,1.0,1.0,36.0,21.0,23.0,530.31,2235.15,895.1,1743.14,430.78,244.05,1650.71,773.71,0.0,428.32,273.85,1927.34,0.0,1669.49,510.59,26.51,28.51,28.82,26.47,22.53,22.79,27.69,27.04,36.0,22.69,23.76,26.85,36.0,27.66,23.39,0.013364,0.071395,0.029804,0.043751,0.007653,0.004419,0.047544,0.020669,0.0,0.007697,0.00535,0.050389,0.0,0.047883,0.009687
2020-01-05 05:15:00,20.63,21.29,20.38,20.8,21.11,21.33,22.19,21.22,20.74,20.97,21.35,21.3,20.14,22.15,21.25,0.04,0.0,0.0,1.0,0.0,0.0,0.0,0.0,1.0,0.0,1.0,1.0,1.0,0.0,1.0,1.0,0.0,36.0,21.0,23.0,0.0,2229.51,0.0,0.0,0.0,0.0,1642.88,0.0,2152.39,426.47,272.46,0.0,1023.94,1661.54,0.0,36.0,28.53,36.0,36.0,36.0,36.0,27.73,36.0,24.58,22.74,23.82,36.0,24.71,27.7,36.0,0.0,0.071395,0.0,0.0,0.0,0.0,0.047544,0.0,0.045088,0.007697,0.00535,0.0,0.021689,0.047883,0.0
2020-01-05 05:30:00,20.27,21.22,20.03,20.15,21.11,21.29,22.23,20.78,21.09,21.03,21.42,20.93,20.67,22.2,21.13,0.01,0.0,0.0,1.0,0.0,0.0,0.0,0.0,1.0,0.0,1.0,1.0,1.0,0.0,1.0,1.0,0.0,36.0,21.0,23.0,0.0,2225.35,0.0,0.0,0.0,0.0,1635.7,0.0,1954.01,424.68,271.15,0.0,901.97,1654.22,0.0,36.0,28.54,36.0,36.0,36.0,36.0,27.77,36.0,25.63,22.8,23.88,36.0,26.05,27.74,36.0,0.0,0.071395,0.0,0.0,0.0,0.0,0.047544,0.0,0.045088,0.007697,0.00535,0.0,0.021689,0.047883,0.0
2020-01-05 05:45:00,20.13,21.2,19.91,19.98,21.16,21.2,22.29,20.32,21.41,21.09,21.49,20.58,21.18,22.23,21.01,-0.01,0.0,0.0,1.0,0.0,0.0,0.0,0.0,1.0,0.0,1.0,1.0,1.0,0.0,1.0,1.0,0.0,36.0,21.0,23.0,0.0,2221.43,0.0,0.0,0.0,0.0,1628.23,0.0,1841.0,422.91,269.85,0.0,834.06,1647.5,0.0,36.0,28.56,36.0,36.0,36.0,36.0,27.81,36.0,26.23,22.85,23.93,36.0,26.8,27.77,36.0,0.0,0.071395,0.0,0.0,0.0,0.0,0.047544,0.0,0.045088,0.007697,0.00535,0.0,0.021689,0.047883,0.0
2020-01-05 06:00:00,20.03,21.2,19.84,19.9,21.2,21.11,22.33,19.99,21.58,21.15,21.55,20.28,21.48,22.23,20.9,-0.03,0.0,0.0,1.0,0.0,0.0,0.0,0.0,1.0,0.0,1.0,1.0,1.0,0.0,1.0,1.0,0.0,36.0,21.0,23.0,0.0,2216.39,0.0,0.0,0.0,0.0,1621.12,0.0,1770.52,421.18,268.58,0.0,792.19,1641.9,0.0,36.0,28.57,36.0,36.0,36.0,36.0,27.84,36.0,26.61,22.91,23.99,36.0,27.26,27.8,36.0,0.0,0.071395,0.0,0.0,0.0,0.0,0.047544,0.0,0.045088,0.007697,0.00535,0.0,0.021689,0.047883,0.0
2020-01-05 06:15:00,20.59,21.29,20.55,20.69,21.3,21.1,22.37,20.14,21.7,21.2,21.6,20.37,21.31,22.24,20.9,-0.05,0.0,1.0,1.0,1.0,1.0,1.0,1.0,1.0,1.0,1.0,1.0,1.0,1.0,0.0,1.0,1.0,36.0,21.0,23.0,538.01,2207.28,904.6,1765.68,425.0,258.76,1614.36,991.61,1724.48,419.48,267.35,2451.33,0.0,1637.33,557.86,26.37,28.6,28.74,26.35,22.71,21.99,27.88,24.52,26.85,22.96,24.05,24.36,36.0,27.82,22.22,0.013364,0.071395,0.029804,0.043751,0.007653,0.004419,0.047544,0.020669,0.045088,0.007697,0.00535,0.050389,0.0,0.047883,0.009687
2020-01-05 06:30:00,21.0,21.42,21.02,21.4,21.48,21.23,22.44,20.61,21.82,21.26,21.67,20.8,20.79,22.27,21.0,-0.07,0.0,1.0,1.0,1.0,1.0,1.0,1.0,1.0,1.0,1.0,1.0,1.0,1.0,0.0,1.0,1.0,36.0,21.0,23.0,548.66,2198.43,940.77,1801.65,429.07,250.7,1608.01,877.92,1692.62,417.82,266.17,2189.39,0.0,1633.05,541.76,26.18,28.63,28.45,26.15,22.59,22.43,27.91,25.84,27.02,23.01,24.1,25.61,36.0,27.84,22.62,0.013364,0.071395,0.029804,0.043751,0.007653,0.004419,0.047544,0.020669,0.045088,0.007697,0.00535,0.050389,0.0,0.047883,0.009687
2020-01-05 06:45:00,21.07,21.49,21.1,21.49,21.54,21.4,22.5,21.06,21.92,21.32,21.73,21.15,20.26,22.33,21.12,-0.08,0.0,1.0,1.0,1.0,1.0,1.0,1.0,1.0,1.0,1.0,1.0,1.0,1.0,0.0,1.0,1.0,36.0,21.0,23.0,549.94,2188.93,946.15,1803.7,428.94,245.11,1601.34,814.88,1668.36,416.18,265.0,2041.34,0.0,1628.38,531.03,26.16,28.67,28.41,26.14,22.59,22.73,27.94,26.57,27.15,23.06,24.15,26.31,36.0,27.86,22.89,0.013364,0.071395,0.029804,0.043751,0.007653,0.004419,0.047544,0.020669,0.045088,0.007697,0.00535,0.050389,0.0,0.047883,0.009687
2020-01-05 07:00:00,21.08,21.47,21.07,21.51,21.59,21.5,22.55,21.37,22.02,21.38,21.79,21.41,19.87,22.39,21.23,-0.11,0.0,1.0,1.0,1.0,1.0,1.0,1.0,1.0,1.0,1.0,1.0,1.0,1.0,0.0,1.0,1.0,36.0,21.0,23.0,542.59,2101.08,919.18,1775.35,427.53,240.96,1595.27,776.61,1649.89,414.62,263.91,1950.94,0.0,1623.36,523.28,26.29,28.96,28.62,26.29,22.64,22.96,27.97,27.01,27.25,23.11,24.2,26.74,36.0,27.89,23.08,0.013364,0.071395,0.029804,0.043751,0.007653,0.004419,0.047544,0.020669,0.045088,0.007697,0.00535,0.050389,0.0,0.047883,0.009687
2020-01-05 07:15:00,20.74,21.48,20.65,20.6,21.43,21.54,22.36,21.21,21.85,21.36,21.74,21.26,20.07,22.44,21.2,-0.13,0.0,0.469,1.0,0.465,0.0,0.0,0.0,0.0,0.0,0.0,0.0,0.0,0.0,1.0,1.0,0.0,36.0,21.0,23.0,306.77,2177.59,589.32,0.0,0.0,0.0,0.0,0.0,0.0,0.0,0.0,0.0,1031.58,1617.52,0.0,24.29,28.7,25.82,36.0,36.0,36.0,36.0,36.0,36.0,36.0,36.0,36.0,24.62,27.92,36.0,0.006266,0.071395,0.013853,0.0,0.0,0.0,0.0,0.0,0.0,0.0,0.0,0.0,0.021689,0.047883,0.0
2020-01-05 07:30:00,20.54,21.46,20.41,19.88,21.29,21.48,21.97,20.76,21.48,21.28,21.6,20.91,20.62,22.48,21.09,-0.15,0.0,0.469,1.0,0.465,0.0,0.0,0.0,0.0,0.0,0.0,0.0,0.0,0.0,1.0,1.0,0.0,36.0,21.0,23.0,309.55,2176.06,597.27,0.0,0.0,0.0,0.0,0.0,0.0,0.0,0.0,0.0,907.64,1612.02,0.0,24.18,28.71,25.69,36.0,36.0,36.0,36.0,36.0,36.0,36.0,36.0,36.0,25.99,27.95,36.0,0.006266,0.071395,0.013853,0.0,0.0,0.0,0.0,0.0,0.0,0.0,0.0,0.0,0.021689,0.047883,0.0
2020-01-05 07:45:00,20.44,21.44,20.28,19.65,21.09,21.38,21.59,20.29,21.11,21.19,21.47,20.58,21.15,22.5,20.97,-0.17,0.0,0.469,1.0,0.465,0.0,0.0,0.0,0.0,0.0,0.0,0.0,0.0,0.0,1.0,1.0,0.0,36.0,21.0,23.0,313.84,2173.29,609.84,0.0,0.0,0.0,0.0,0.0,0.0,0.0,0.0,0.0,838.2,1606.99,0.0,24.02,28.72,25.47,36.0,36.0,36.0,36.0,36.0,36.0,36.0,36.0,36.0,26.75,27.97,36.0,0.006266,0.071395,0.013853,0.0,0.0,0.0,0.0,0.0,0.0,0.0,0.0,0.0,0.021689,0.047883,0.0
2020-01-05 08:00:00,20.39,21.45,20.24,19.51,20.91,21.28,21.28,19.97,20.77,21.11,21.35,20.31,21.48,22.5,20.87,-0.06,0.0,0.469,1.0,0.465,0.0,0.0,0.0,0.0,0.0,0.0,0.0,0.0,0.0,1.0,1.0,0.0,36.0,21.0,23.0,313.51,2169.68,607.61,0.0,0.0,0.0,0.0,0.0,0.0,0.0,0.0,0.0,794.92,1602.75,0.0,24.03,28.73,25.51,36.0,36.0,36.0,36.0,36.0,36.0,36.0,36.0,36.0,27.23,27.99,36.0,0.006266,0.071395,0.013853,0.0,0.0,0.0,0.0,0.0,0.0,0.0,0.0,0.0,0.021689,0.047883,0.0
2020-01-05 08:15:00,20.71,21.52,20.64,20.25,20.86,21.21,21.15,19.75,20.85,21.05,21.25,20.43,21.35,22.29,20.87,0.04,12.0,1.0,1.0,1.0,1.0,1.0,0.0,0.358,0.0,1.0,0.0,0.0,1.0,0.0,0.0,1.0,36.0,21.0,23.0,569.45,2159.19,994.7,1920.16,435.19,0.0,848.71,0.0,2137.88,0.0,0.0,2460.88,0.0,0.0,561.69,25.81,28.76,28.02,25.5,22.4,36.0,24.07,36.0,24.66,36.0,36.0,24.32,36.0,36.0,22.13,0.013364,0.071395,0.029804,0.043751,0.007653,0.0,0.017023,0.0,0.045088,0.0,0.0,0.050389,0.0,0.0,0.009687
2020-01-05 08:30:00,20.97,21.79,21.13,21.07,21.06,21.19,21.25,19.7,21.23,20.98,21.14,20.94,21.11,21.94,20.97,0.15,73.0,1.0,1.0,1.0,1.0,1.0,0.0,0.358,0.0,1.0,0.0,0.0,1.0,0.0,0.0,1.0,36.0,21.0,23.0,568.08,2069.63,946.93,1942.07,439.31,0.0,825.47,0.0,1935.6,0.0,0.0,2171.5,0.0,0.0,544.71,25.83,29.06,28.4,25.38,22.27,36.0,24.4,36.0,25.73,36.0,36.0,25.69,36.0,36.0,22.55,0.013364,0.071395,0.029804,0.043751,0.007653,0.0,0.017023,0.0,0.045088,0.0,0.0,0.050389,0.0,0.0,0.009687
2020-01-05 08:45:00,21.11,22.09,21.49,21.23,21.18,21.17,21.5,19.86,21.62,20.91,21.04,21.53,21.05,21.61,21.1,0.26,134.1,1.0,1.0,1.0,1.0,1.0,0.0,0.358,0.0,1.0,0.0,0.0,1.0,0.0,0.0,1.0,36.0,21.0,23.0,563.81,1985.45,884.21,1929.1,438.49,0.0,801.99,0.0,1818.24,0.0,0.0,1977.91,0.0,0.0,533.38,25.91,29.35,28.9,25.45,22.29,36.0,24.73,36.0,26.35,36.0,36.0,26.61,36.0,36.0,22.83,0.013364,0.071395,0.029804,0.043751,0.007653,0.0,0.017023,0.0,0.045088,0.0,0.0,0.050389,0.0,0.0,0.009687
2020-01-05 09:00:00,21.27,22.39,21.8,21.38,21.3,21.21,21.76,20.13,21.86,20.84,20.95,22.02,21.18,21.35,21.21,0.66,195.1,1.0,1.0,1.0,1.0,1.0,0.0,0.358,0.0,1.0,0.0,0.0,1.0,0.0,0.0,1.0,36.0,21.0,23.0,559.18,1914.19,825.24,1923.84,437.89,0.0,778.22,0.0,1740.75,0.0,0.0,1830.56,0.0,0.0,525.0,25.99,29.59,29.38,25.48,22.31,36.0,25.06,36.0,26.76,36.0,36.0,27.31,36.0,36.0,23.03,0.013364,0.071395,0.029804,0.043751,0.007653,0.0,0.017023,0.0,0.045088,0.0,0.0,0.050389,0.0,0.0,0.009687
2020-01-05 09:15:00,20.67,21.61,21.15,20.53,21.2,21.26,21.87,20.44,21.8,20.84,20.97,22.11,21.45,21.16,21.19,1.06,256.2,0.0,0.0,0.0,0.0,0.0,0.0,0.0,0.0,0.0,1.0,1.0,0.0,0.0,0.0,0.0,36.0,21.0,23.0,0.0,0.0,0.0,0.0,0.0,0.0,0.0,0.0,0.0,458.92,307.57,0.0,0.0,0.0,0.0,36.0,36.0,36.0,36.0,36.0,36.0,36.0,36.0,36.0,21.74,22.25,36.0,36.0,36.0,36.0,0.0,0.0,0.0,0.0,0.0,0.0,0.0,0.0,0.0,0.007697,0.00535,0.0,0.0,0.0,0.0
2020-01-05 09:30:00,20.33,21.29,20.86,19.9,21.15,21.22,21.83,20.86,21.54,20.93,21.09,22.01,21.83,20.97,21.09,1.46,287.2,0.0,0.0,0.0,0.0,0.0,0.0,0.0,0.0,0.0,1.0,1.0,0.0,0.0,0.0,0.0,36.0,21.0,23.0,0.0,0.0,0.0,0.0,0.0,0.0,0.0,0.0,0.0,446.45,295.46,0.0,0.0,0.0,0.0,36.0,36.0,36.0,36.0,36.0,36.0,36.0,36.0,36.0,22.12,22.79,36.0,36.0,36.0,36.0,0.0,0.0,0.0,0.0,0.0,0.0,0.0,0.0,0.0,0.007697,0.00535,0.0,0.0,0.0,0.0
2020-01-05 09:45:00,20.25,21.24,20.9,19.82,21.06,21.12,21.79,21.3,21.29,21.04,21.23,21.88,22.25,20.82,20.98,1.86,318.2,0.0,0.0,0.0,0.0,0.0,0.0,0.0,0.0,0.0,1.0,1.0,0.0,0.0,0.0,0.0,36.0,21.0,23.0,0.0,0.0,0.0,0.0,0.0,0.0,0.0,0.0,0.0,438.0,287.49,0.0,0.0,0.0,0.0,36.0,36.0,36.0,36.0,36.0,36.0,36.0,36.0,36.0,22.39,23.15,36.0,36.0,36.0,36.0,0.0,0.0,0.0,0.0,0.0,0.0,0.0,0.0,0.0,0.007697,0.00535,0.0,0.0,0.0,0.0
2020-01-05 10:00:00,20.23,21.2,21.01,19.81,20.98,21.03,21.75,21.77,21.07,21.13,21.34,21.76,22.72,20.7,20.87,2.23,349.3,0.0,0.0,0.0,0.0,0.0,0.0,0.0,0.0,0.0,1.0,1.0,0.0,0.0,0.0,0.0,36.0,21.0,23.0,0.0,0.0,0.0,0.0,0.0,0.0,0.0,0.0,0.0,431.77,281.78,0.0,0.0,0.0,0.0,36.0,36.0,36.0,36.0,36.0,36.0,36.0,36.0,36.0,22.58,23.4,36.0,36.0,36.0,36.0,0.0,0.0,0.0,0.0,0.0,0.0,0.0,0.0,0.0,0.007697,0.00535,0.0,0.0,0.0,0.0
2020-01-05 10:15:00,20.74,21.16,21.35,20.55,20.99,21.0,21.72,22.26,21.02,21.13,21.32,21.65,23.21,20.91,20.88,2.6,380.3,1.0,0.0,0.0,1.0,0.615,0.868,0.0,0.0,0.289,0.0,0.0,0.0,0.0,1.0,1.0,36.0,21.0,23.0,565.6,0.0,0.0,1919.75,281.5,232.97,0.0,0.0,684.72,0.0,0.0,0.0,0.0,2337.84,562.16,25.87,36.0,36.0,25.5,21.69,21.47,36.0,36.0,23.43,36.0,36.0,36.0,36.0,24.32,22.12,0.013364,0.0,0.0,0.043751,0.004706,0.003837,0.0,0.0,0.013031,0.0,0.0,0.0,0.0,0.047883,0.009687
2020-01-05 10:30:00,21.24,21.16,21.91,21.41,21.03,21.07,21.72,22.96,21.08,21.06,21.22,21.59,23.9,21.44,20.98,2.98,433.2,1.0,0.0,0.0,1.0,0.615,0.868,0.0,0.0,0.289,0.0,0.0,0.0,0.0,1.0,1.0,36.0,21.0,23.0,573.2,0.0,0.0,1939.55,282.21,225.52,0.0,0.0,672.86,0.0,0.0,0.0,0.0,2059.1,544.98,25.74,36.0,36.0,25.39,21.65,21.94,36.0,36.0,23.65,36.0,36.0,36.0,36.0,25.71,22.54,0.013364,0.0,0.0,0.043751,0.004706,0.003837,0.0,0.0,0.013031,0.0,0.0,0.0,0.0,0.047883,0.009687
2020-01-05 10:45:00,21.49,21.17,22.3,21.63,21.05,21.24,21.69,23.74,21.17,20.99,21.1,21.54,24.67,21.95,21.1,3.35,486.2,1.0,0.0,0.0,1.0,0.615,0.868,0.0,0.0,0.289,0.0,0.0,0.0,0.0,1.0,1.0,36.0,21.0,23.0,570.38,0.0,0.0,1916.13,282.19,220.34,0.0,0.0,665.47,0.0,0.0,0.0,0.0,1894.3,533.43,25.79,36.0,36.0,25.52,21.65,22.26,36.0,36.0,23.78,36.0,36.0,36.0,36.0,26.54,22.83,0.013364,0.0,0.0,0.043751,0.004706,0.003837,0.0,0.0,0.013031,0.0,0.0,0.0,0.0,0.047883,0.009687
2020-01-05 11:00:00,21.67,21.15,22.58,21.81,21.05,21.41,21.64,24.56,21.25,20.92,21.0,21.48,25.5,22.29,21.21,3.76,539.1,1.0,0.0,0.0,1.0,0.615,0.868,0.0,0.0,0.289,0.0,0.0,0.0,0.0,1.0,1.0,36.0,21.0,23.0,569.58,0.0,0.0,1903.37,282.24,216.41,0.0,0.0,660.05,0.0,0.0,0.0,0.0,1785.8,524.9,25.8,36.0,36.0,25.59,21.65,22.51,36.0,36.0,23.88,36.0,36.0,36.0,36.0,27.08,23.04,0.013364,0.0,0.0,0.043751,0.004706,0.003837,0.0,0.0,0.013031,0.0,0.0,0.0,0.0,0.047883,0.009687
2020-01-05 11:15:00,21.25,21.1,22.61,21.12,20.96,21.44,21.55,25.37,21.22,20.91,20.97,21.37,26.32,22.28,21.21,4.17,592.0,0.0,0.0,0.0,0.0,0.152,0.0,0.0,0.0,0.0,1.0,0.668,0.0,0.0,0.0,0.0,36.0,21.0,23.0,0.0,0.0,0.0,0.0,73.24,0.0,0.0,0.0,0.0,453.9,207.03,0.0,0.0,0.0,0.0,36.0,36.0,36.0,36.0,20.92,36.0,36.0,36.0,36.0,21.89,22.15,36.0,36.0,36.0,36.0,0.0,0.0,0.0,0.0,0.001162,0.0,0.0,0.0,0.0,0.007697,0.003576,0.0,0.0,0.0,0.0
2020-01-05 11:30:00,21.12,20.96,22.54,20.83,20.89,21.35,21.43,26.15,21.1,20.99,21.01,21.22,27.11,22.07,21.12,4.59,574.2,0.0,0.0,0.0,0.0,0.152,0.0,0.0,0.0,0.0,1.0,0.668,0.0,0.0,0.0,0.0,36.0,21.0,23.0,0.0,0.0,0.0,0.0,73.34,0.0,0.0,0.0,0.0,442.58,202.71,0.0,0.0,0.0,0.0,36.0,36.0,36.0,36.0,20.9,36.0,36.0,36.0,36.0,22.24,22.44,36.0,36.0,36.0,36.0,0.0,0.0,0.0,0.0,0.001162,0.0,0.0,0.0,0.0,0.007697,0.003576,0.0,0.0,0.0,0.0
2020-01-05 11:45:00,21.11,20.9,22.56,20.8,20.82,21.23,21.32,26.82,20.99,21.09,21.07,21.06,27.77,21.81,21.0,5.0,556.3,0.0,0.0,0.0,0.0,0.152,0.0,0.0,0.0,0.0,1.0,0.668,0.0,0.0,0.0,0.0,36.0,21.0,23.0,0.0,0.0,0.0,0.0,73.4,0.0,0.0,0.0,0.0,434.93,199.92,0.0,0.0,0.0,0.0,36.0,36.0,36.0,36.0,20.89,36.0,36.0,36.0,36.0,22.48,22.62,36.0,36.0,36.0,36.0,0.0,0.0,0.0,0.0,0.001162,0.0,0.0,0.0,0.0,0.007697,0.003576,0.0,0.0,0.0,0.0
2020-01-05 12:00:00,21.11,20.85,22.61,20.83,20.75,21.11,21.23,27.4,20.92,21.18,21.13,20.93,28.32,21.63,20.9,5.24,538.4,0.0,0.0,0.0,0.0,0.152,0.0,0.0,0.0,0.0,1.0,0.668,0.0,0.0,0.0,0.0,36.0,21.0,23.0,0.0,0.0,0.0,0.0,73.47,0.0,0.0,0.0,0.0,429.22,197.92,0.0,0.0,0.0,0.0,36.0,36.0,36.0,36.0,20.87,36.0,36.0,36.0,36.0,22.66,22.76,36.0,36.0,36.0,36.0,0.0,0.0,0.0,0.0,0.001162,0.0,0.0,0.0,0.0,0.007697,0.003576,0.0,0.0,0.0,0.0
2020-01-05 12:15:00,21.11,21.18,22.71,20.92,20.84,21.03,21.16,27.87,21.21,21.17,21.09,21.02,28.75,21.54,20.91,5.47,520.5,0.0,0.262,0.0,0.031,1.0,0.0,0.0,0.0,1.0,0.0,0.0,0.489,0.0,0.0,1.0,36.0,21.0,23.0,0.0,853.96,0.0,81.91,442.01,0.0,0.0,0.0,2203.96,0.0,0.0,1303.99,0.0,0.0,561.47,36.0,25.07,36.0,21.41,22.18,36.0,36.0,36.0,24.31,36.0,36.0,23.35,36.0,36.0,22.13,0.0,0.018699,0.0,0.001343,0.007653,0.0,0.0,0.0,0.045088,0.0,0.0,0.024665,0.0,0.0,0.009687
2020-01-05 12:30:00,21.19,21.32,22.8,21.05,21.03,21.01,21.12,28.16,21.74,21.11,21.0,21.24,28.98,21.51,21.01,5.71,473.7,0.0,0.262,0.0,0.031,1.0,0.0,0.0,0.0,1.0,0.0,0.0,0.489,0.0,0.0,1.0,36.0,21.0,23.0,0.0,864.53,0.0,80.75,443.17,0.0,0.0,0.0,1934.73,0.0,0.0,1221.64,0.0,0.0,544.22,36.0,24.94,36.0,21.61,22.15,36.0,36.0,36.0,25.73,36.0,36.0,24.15,36.0,36.0,22.56,0.0,0.018699,0.0,0.001343,0.007653,0.0,0.0,0.0,0.045088,0.0,0.0,0.024665,0.0,0.0,0.009687
2020-01-05 12:45:00,21.2,21.33,22.78,21.14,21.2,21.05,21.06,28.31,22.27,21.03,20.89,21.5,29.03,21.5,21.14,5.95,426.9,0.0,0.262,0.0,0.031,1.0,0.0,0.0,0.0,1.0,0.0,0.0,0.489,0.0,0.0,1.0,36.0,21.0,23.0,0.0,869.61,0.0,79.69,441.54,0.0,0.0,0.0,1765.2,0.0,0.0,1170.12,0.0,0.0,532.65,36.0,24.87,36.0,21.8,22.2,36.0,36.0,36.0,26.63,36.0,36.0,24.65,36.0,36.0,22.85,0.0,0.018699,0.0,0.001343,0.007653,0.0,0.0,0.0,0.045088,0.0,0.0,0.024665,0.0,0.0,0.009687
2020-01-05 13:00:00,21.15,21.29,22.71,21.19,21.35,21.09,20.99,28.35,22.63,20.96,20.79,21.67,28.96,21.51,21.25,5.92,380.2,0.0,0.262,0.0,0.031,1.0,0.0,0.0,0.0,1.0,0.0,0.0,0.489,0.0,0.0,1.0,36.0,21.0,23.0,0.0,876.48,0.0,78.77,439.87,0.0,0.0,0.0,1645.46,0.0,0.0,1134.95,0.0,0.0,524.04,36.0,24.79,36.0,21.97,22.25,36.0,36.0,36.0,27.27,36.0,36.0,24.99,36.0,36.0,23.06,0.0,0.018699,0.0,0.001343,0.007653,0.0,0.0,0.0,0.045088,0.0,0.0,0.024665,0.0,0.0,0.009687
2020-01-05 13:15:00,21.07,20.83,22.53,21.18,21.26,21.1,21.04,28.27,22.66,20.96,20.81,21.59,28.78,21.51,21.24,5.9,333.4,0.0,0.0,0.0,0.0,0.0,0.0,0.406,0.0,0.0,1.0,1.0,0.0,0.0,0.0,0.0,36.0,21.0,23.0,0.0,0.0,0.0,0.0,0.0,0.0,1056.53,0.0,0.0,452.17,309.71,0.0,0.0,0.0,0.0,36.0,36.0,36.0,36.0,36.0,36.0,22.91,36.0,36.0,21.95,22.15,36.0,36.0,36.0,36.0,0.0,0.0,0.0,0.0,0.0,0.0,0.01931,0.0,0.0,0.007697,0.00535,0.0,0.0,0.0,0.0
2020-01-05 13:30:00,20.94,20.66,22.42,21.23,21.29,21.06,21.21,28.25,22.53,21.06,20.95,21.34,28.73,21.56,21.13,5.87,346.0,0.0,0.0,0.0,0.0,0.0,0.0,0.406,0.0,0.0,1.0,1.0,0.0,0.0,0.0,0.0,36.0,21.0,23.0,0.0,0.0,0.0,0.0,0.0,0.0,1002.68,0.0,0.0,441.04,298.07,0.0,0.0,0.0,0.0,36.0,36.0,36.0,36.0,36.0,36.0,23.58,36.0,36.0,22.29,22.67,36.0,36.0,36.0,36.0,0.0,0.0,0.0,0.0,0.0,0.0,0.01931,0.0,0.0,0.007697,0.00535,0.0,0.0,0.0,0.0
2020-01-05 13:45:00,20.87,20.58,22.38,21.34,21.25,20.98,21.38,28.32,22.47,21.15,21.09,21.12,28.74,21.64,21.02,5.85,358.6,0.0,0.0,0.0,0.0,0.0,0.0,0.406,0.0,0.0,1.0,1.0,0.0,0.0,0.0,0.0,36.0,21.0,23.0,0.0,0.0,0.0,0.0,0.0,0.0,967.89,0.0,0.0,433.47,290.32,0.0,0.0,0.0,0.0,36.0,36.0,36.0,36.0,36.0,36.0,24.01,36.0,36.0,22.53,23.02,36.0,36.0,36.0,36.0,0.0,0.0,0.0,0.0,0.0,0.0,0.01931,0.0,0.0,0.007697,0.00535,0.0,0.0,0.0,0.0
2020-01-05 14:00:00,20.84,20.52,22.36,21.5,21.24,20.97,21.53,28.4,22.49,21.23,21.19,20.94,28.79,21.75,20.92,5.84,371.3,0.0,0.0,0.0,0.0,0.0,0.0,0.406,0.0,0.0,1.0,1.0,0.0,0.0,0.0,0.0,36.0,21.0,23.0,0.0,0.0,0.0,0.0,0.0,0.0,943.43,0.0,0.0,427.84,284.71,0.0,0.0,0.0,0.0,36.0,36.0,36.0,36.0,36.0,36.0,24.31,36.0,36.0,22.7,23.27,36.0,36.0,36.0,36.0,0.0,0.0,0.0,0.0,0.0,0.0,0.01931,0.0,0.0,0.007697,0.00535,0.0,0.0,0.0,0.0
2020-01-05 14:15:00,21.18,21.33,22.59,21.66,21.27,21.04,21.48,28.48,22.55,21.22,21.17,21.02,28.84,21.87,20.94,5.83,383.9,0.839,0.914,0.0,0.0,0.0,1.0,0.0,0.0,0.0,0.0,0.0,0.579,0.0,0.0,1.0,36.0,21.0,23.0,512.02,2173.8,0.0,0.0,0.0,269.0,0.0,0.0,0.0,0.0,0.0,1496.28,0.0,0.0,560.18,25.07,28.03,36.0,36.0,36.0,21.44,36.0,36.0,36.0,36.0,36.0,23.73,36.0,36.0,22.17,0.011209,0.065225,0.0,0.0,0.0,0.004419,0.0,0.0,0.0,0.0,0.0,0.02918,0.0,0.0,0.009687
2020-01-05 14:30:00,21.62,22.01,22.88,21.94,21.29,21.17,21.31,28.58,22.68,21.15,21.06,21.31,28.89,22.09,21.05,5.83,369.6,0.839,0.914,0.0,0.0,0.0,1.0,0.0,0.0,0.0,0.0,0.0,0.579,0.0,0.0,1.0,36.0,21.0,23.0,519.47,2207.08,0.0,0.0,0.0,258.74,0.0,0.0,0.0,0.0,0.0,1394.14,0.0,0.0,542.96,24.91,27.9,36.0,36.0,36.0,21.99,36.0,36.0,36.0,36.0,36.0,24.57,36.0,36.0,22.59,0.011209,0.065225,0.0,0.0,0.0,0.004419,0.0,0.0,0.0,0.0,0.0,0.02918,0.0,0.0,0.009687
2020-01-05 14:45:00,21.78,22.14,22.96,22.2,21.32,21.32,21.11,28.61,22.81,21.06,20.93,21.64,28.87,22.31,21.19,5.82,355.4,0.839,0.914,0.0,0.0,0.0,1.0,0.0,0.0,0.0,0.0,0.0,0.579,0.0,0.0,1.0,36.0,21.0,23.0,507.11,2096.8,0.0,0.0,0.0,251.65,0.0,0.0,0.0,0.0,0.0,1331.84,0.0,0.0,531.49,25.18,28.31,36.0,36.0,36.0,22.38,36.0,36.0,36.0,36.0,36.0,25.08,36.0,36.0,22.87,0.011209,0.065225,0.0,0.0,0.0,0.004419,0.0,0.0,0.0,0.0,0.0,0.02918,0.0,0.0,0.009687
2020-01-05 15:00:00,21.78,22.17,23.03,22.34,21.35,21.5,20.97,28.57,22.92,20.99,20.83,21.78,28.78,22.48,21.3,5.7,341.1,0.839,0.914,0.0,0.0,0.0,1.0,0.0,0.0,0.0,0.0,0.0,0.579,0.0,0.0,1.0,36.0,21.0,23.0,499.17,2067.53,0.0,0.0,0.0,246.38,0.0,0.0,0.0,0.0,0.0,1288.61,0.0,0.0,522.88,25.35,28.42,36.0,36.0,36.0,22.66,36.0,36.0,36.0,36.0,36.0,25.44,36.0,36.0,23.09,0.011209,0.065225,0.0,0.0,0.0,0.004419,0.0,0.0,0.0,0.0,0.0,0.02918,0.0,0.0,0.009687
2020-01-05 15:15:00,21.37,21.24,22.75,22.45,21.38,21.59,21.04,28.51,23.01,20.99,20.85,21.71,28.68,22.63,21.37,5.58,326.8,0.0,0.0,0.0,0.0,0.0,0.0,0.563,0.0,0.0,0.852,1.0,0.0,0.0,0.0,1.0,36.0,21.0,23.0,0.0,0.0,0.0,0.0,0.0,0.0,1401.65,0.0,0.0,386.25,306.99,0.0,0.0,0.0,516.07,36.0,36.0,36.0,36.0,36.0,36.0,23.48,36.0,36.0,21.91,22.27,36.0,36.0,36.0,23.26,0.0,0.0,0.0,0.0,0.0,0.0,0.026779,0.0,0.0,0.006557,0.00535,0.0,0.0,0.0,0.009687
2020-01-05 15:30:00,21.0,20.81,22.33,22.38,21.42,21.61,21.26,28.28,23.05,21.05,20.97,21.44,28.37,22.71,21.47,5.46,247.4,0.0,0.0,0.0,0.0,0.0,0.0,0.563,0.0,0.0,0.852,1.0,0.0,0.0,0.0,1.0,36.0,21.0,23.0,0.0,0.0,0.0,0.0,0.0,0.0,1312.52,0.0,0.0,378.51,295.89,0.0,0.0,0.0,510.73,36.0,36.0,36.0,36.0,36.0,36.0,24.27,36.0,36.0,22.19,22.77,36.0,36.0,36.0,23.39,0.0,0.0,0.0,0.0,0.0,0.0,0.026779,0.0,0.0,0.006557,0.00535,0.0,0.0,0.0,0.009687
2020-01-05 15:45:00,20.82,20.62,21.99,22.1,21.43,21.55,21.49,27.9,22.97,21.13,21.11,21.15,27.89,22.59,21.55,5.33,167.9,0.0,0.0,0.0,0.0,0.0,0.0,0.563,0.0,0.0,0.852,1.0,0.0,0.0,0.0,1.0,36.0,21.0,23.0,0.0,0.0,0.0,0.0,0.0,0.0,1258.41,0.0,0.0,373.29,288.55,0.0,0.0,0.0,506.22,36.0,36.0,36.0,36.0,36.0,36.0,24.76,36.0,36.0,22.38,23.1,36.0,36.0,36.0,23.5,0.0,0.0,0.0,0.0,0.0,0.0,0.026779,0.0,0.0,0.006557,0.00535,0.0,0.0,0.0,0.009687
2020-01-05 16:00:00,20.64,20.44,21.65,21.73,21.39,21.41,21.61,27.42,22.77,21.19,21.22,20.89,27.31,22.34,21.63,5.07,88.5,0.0,0.0,0.0,0.0,0.0,0.0,0.563,0.0,0.0,0.852,1.0,0.0,0.0,0.0,1.0,36.0,21.0,23.0,0.0,0.0,0.0,0.0,0.0,0.0,1222.9,0.0,0.0,369.42,283.23,0.0,0.0,0.0,502.31,36.0,36.0,36.0,36.0,36.0,36.0,25.08,36.0,36.0,22.52,23.34,36.0,36.0,36.0,23.59,0.0,0.0,0.0,0.0,0.0,0.0,0.026779,0.0,0.0,0.006557,0.00535,0.0,0.0,0.0,0.009687
2020-01-05 16:15:00,21.07,21.26,22.04,21.35,21.3,21.25,21.49,26.92,22.47,21.18,21.2,20.96,26.73,21.98,21.69,4.8,9.0,1.0,1.0,1.0,0.0,0.0,0.0,0.0,0.0,0.0,0.0,0.0,1.0,0.0,0.0,1.0,36.0,21.0,23.0,553.41,2196.13,783.53,0.0,0.0,0.0,0.0,0.0,0.0,0.0,0.0,2419.81,0.0,0.0,498.83,26.09,28.64,29.71,36.0,36.0,36.0,36.0,36.0,36.0,36.0,36.0,24.51,36.0,36.0,23.68,0.013364,0.071395,0.029804,0.0,0.0,0.0,0.0,0.0,0.0,0.0,0.0,0.050389,0.0,0.0,0.009687
2020-01-05 16:30:00,21.59,21.93,22.32,21.19,21.16,21.14,21.18,26.36,22.15,21.12,21.09,21.41,26.07,21.6,21.76,4.54,0.0,1.0,1.0,1.0,0.0,0.0,0.0,0.0,0.0,0.0,0.0,0.0,1.0,0.0,0.0,1.0,36.0,21.0,23.0,554.0,2218.38,808.73,0.0,0.0,0.0,0.0,0.0,0.0,0.0,0.0,2145.33,0.0,0.0,495.74,26.08,28.57,29.51,36.0,36.0,36.0,36.0,36.0,36.0,36.0,36.0,25.81,36.0,36.0,23.76,0.013364,0.071395,0.029804,0.0,0.0,0.0,0.0,0.0,0.0,0.0,0.0,0.050389,0.0,0.0,0.009687
2020-01-05 16:45:00,21.7,22.03,22.34,21.09,21.02,21.12,20.85,25.88,21.87,21.04,20.97,21.73,25.53,21.31,21.83,4.27,0.0,1.0,1.0,1.0,0.0,0.0,0.0,0.0,0.0,0.0,0.0,0.0,1.0,0.0,0.0,1.0,36.0,21.0,23.0,546.21,2182.8,803.96,0.0,0.0,0.0,0.0,0.0,0.0,0.0,0.0,1988.62,0.0,0.0,492.84,26.22,28.69,29.55,36.0,36.0,36.0,36.0,36.0,36.0,36.0,36.0,26.56,36.0,36.0,23.83,0.013364,0.071395,0.029804,0.0,0.0,0.0,0.0,0.0,0.0,0.0,0.0,0.050389,0.0,0.0,0.009687
2020-01-05 17:00:00,21.73,22.09,22.3,20.96,20.88,21.14,20.6,25.49,21.63,20.98,20.87,21.93,25.09,21.05,21.89,4.2,0.0,1.0,1.0,1.0,0.0,0.0,0.0,0.0,0.0,0.0,0.0,0.0,1.0,0.0,0.0,1.0,36.0,21.0,23.0,541.61,2166.88,803.93,0.0,0.0,0.0,0.0,0.0,0.0,0.0,0.0,1891.96,0.0,0.0,490.14,26.3,28.74,29.55,36.0,36.0,36.0,36.0,36.0,36.0,36.0,36.0,27.02,36.0,36.0,23.9,0.013364,0.071395,0.029804,0.0,0.0,0.0,0.0,0.0,0.0,0.0,0.0,0.050389,0.0,0.0,0.009687
2020-01-05 17:15:00,20.96,20.94,21.5,21.08,20.9,21.12,20.71,25.18,21.68,20.98,20.89,21.8,24.75,21.02,21.95,4.13,0.0,0.0,0.0,0.0,0.443,1.0,0.0,1.0,0.0,1.0,1.0,1.0,0.0,0.0,0.549,1.0,36.0,21.0,23.0,0.0,0.0,0.0,965.64,438.07,0.0,2346.06,0.0,2079.28,452.39,306.04,0.0,0.0,1362.33,487.56,36.0,36.0,36.0,24.07,22.31,36.0,24.2,36.0,24.97,21.94,22.32,36.0,36.0,23.6,23.96,0.0,0.0,0.0,0.019361,0.007653,0.0,0.047544,0.0,0.045088,0.007697,0.00535,0.0,0.0,0.026276,0.009687
2020-01-05 17:30:00,20.58,20.41,21.05,21.17,21.12,21.0,21.17,24.8,21.97,21.06,21.01,21.42,24.34,21.15,22.01,4.06,0.0,0.0,0.0,0.0,0.443,1.0,0.0,1.0,0.0,1.0,1.0,1.0,0.0,0.0,0.549,1.0,36.0,21.0,23.0,0.0,0.0,0.0,982.45,441.28,0.0,2089.29,0.0,1866.27,440.94,295.01,0.0,0.0,1284.49,485.16,36.0,36.0,36.0,23.86,22.21,36.0,25.49,36.0,26.1,22.29,22.81,36.0,36.0,24.3,24.02,0.0,0.0,0.0,0.019361,0.007653,0.0,0.047544,0.0,0.045088,0.007697,0.00535,0.0,0.0,0.026276,0.009687
2020-01-05 17:45:00,20.45,20.23,20.88,21.12,21.28,20.89,21.61,24.47,22.27,21.16,21.15,21.05,23.97,21.28,22.07,3.99,0.0,0.0,0.0,0.0,0.443,1.0,0.0,1.0,0.0,1.0,1.0,1.0,0.0,0.0,0.549,1.0,36.0,21.0,23.0,0.0,0.0,0.0,987.7,439.91,0.0,1940.26,0.0,1745.5,433.16,287.72,0.0,0.0,1237.99,482.84,36.0,36.0,36.0,23.8,22.25,36.0,26.24,36.0,26.74,22.54,23.14,36.0,36.0,24.73,24.08,0.0,0.0,0.0,0.019361,0.007653,0.0,0.047544,0.0,0.045088,0.007697,0.00535,0.0,0.0,0.026276,0.009687
2020-01-05 18:00:00,20.35,20.09,20.72,21.04,21.42,20.83,21.84,24.17,22.48,21.25,21.26,20.72,23.65,21.38,22.13,3.91,0.0,0.0,0.0,0.0,0.443,1.0,0.0,1.0,0.0,1.0,1.0,1.0,0.0,0.0,0.549,1.0,36.0,21.0,23.0,0.0,0.0,0.0,995.1,438.88,0.0,1845.39,0.0,1669.94,427.38,282.43,0.0,0.0,1207.96,480.6,36.0,36.0,36.0,23.7,22.28,36.0,26.71,36.0,27.14,22.72,23.37,36.0,36.0,25.0,24.13,0.0,0.0,0.0,0.019361,0.007653,0.0,0.047544,0.0,0.045088,0.007697,0.00535,0.0,0.0,0.026276,0.009687
2020-01-05 18:15:00,20.93,21.0,21.45,21.46,21.34,20.88,21.99,23.92,22.37,21.31,21.34,20.8,23.39,21.56,22.18,3.82,0.0,1.0,1.0,1.0,1.0,0.0,1.0,1.0,0.0,0.0,1.0,1.0,1.0,0.0,1.0,1.0,36.0,21.0,23.0,533.01,2164.83,811.4,1868.21,0.0,268.26,1782.19,0.0,0.0,422.89,278.4,2383.21,0.0,2009.45,478.45,26.46,28.75,29.49,25.78,36.0,21.48,27.03,36.0,36.0,22.86,23.55,24.69,36.0,25.96,24.18,0.013364,0.071395,0.029804,0.043751,0.0,0.004419,0.047544,0.0,0.0,0.007697,0.00535,0.050389,0.0,0.047883,0.009687
2020-01-05 18:30:00,21.49,21.73,22.02,21.86,21.3,21.06,22.11,23.64,22.03,21.39,21.44,21.31,23.09,21.84,22.24,3.74,0.0,1.0,1.0,1.0,1.0,0.0,1.0,1.0,0.0,0.0,1.0,1.0,1.0,0.0,1.0,1.0,36.0,21.0,23.0,536.12,2196.04,829.21,1850.43,0.0,258.26,1738.31,0.0,0.0,419.28,275.24,2126.15,0.0,1878.39,476.4,26.4,28.64,29.34,25.88,36.0,22.02,27.25,36.0,36.0,22.97,23.69,25.91,36.0,26.62,24.23,0.013364,0.071395,0.029804,0.043751,0.0,0.004419,0.047544,0.0,0.0,0.007697,0.00535,0.050389,0.0,0.047883,0.009687
2020-01-05 18:45:00,21.68,21.88,22.17,21.99,21.23,21.29,22.2,23.36,21.72,21.46,21.53,21.67,22.8,22.07,22.29,3.65,0.0,1.0,1.0,1.0,1.0,0.0,1.0,1.0,0.0,0.0,1.0,1.0,1.0,0.0,1.0,1.0,36.0,21.0,23.0,528.76,2160.53,819.2,1819.07,0.0,251.27,1705.52,0.0,0.0,416.21,272.6,1978.3,0.0,1797.83,474.38,26.53,28.76,29.42,26.05,36.0,22.4,27.42,36.0,36.0,23.06,23.81,26.61,36.0,27.02,24.28,0.013364,0.071395,0.029804,0.043751,0.0,0.004419,0.047544,0.0,0.0,0.007697,0.00535,0.050389,0.0,0.047883,0.009687
2020-01-05 19:00:00,21.76,21.92,22.19,22.08,21.18,21.42,22.29,23.11,21.44,21.53,21.61,21.94,22.54,22.26,22.35,3.6,0.0,1.0,1.0,1.0,1.0,0.0,1.0,1.0,0.0,0.0,1.0,1.0,1.0,0.0,1.0,1.0,36.0,21.0,23.0,514.18,2065.58,781.9,1748.64,0.0,246.0,1680.66,0.0,0.0,413.6,270.4,1887.61,0.0,1744.59,472.51,26.8,29.08,29.72,26.44,36.0,22.68,27.54,36.0,36.0,23.14,23.91,27.04,36.0,27.28,24.33,0.013364,0.071395,0.029804,0.043751,0.0,0.004419,0.047544,0.0,0.0,0.007697,0.00535,0.050389,0.0,0.047883,0.009687
2020-01-05 19:15:00,21.02,21.96,21.37,21.25,21.16,21.52,22.35,22.94,21.29,21.57,21.67,22.09,22.36,22.12,22.39,3.54,0.0,0.0,1.0,0.0,0.0,0.0,0.0,1.0,0.0,0.0,1.0,1.0,1.0,0.0,0.0,1.0,36.0,21.0,23.0,0.0,2132.38,0.0,0.0,0.0,0.0,1658.91,0.0,0.0,411.15,268.34,1822.86,0.0,0.0,470.54,36.0,28.85,36.0,36.0,36.0,36.0,27.65,36.0,36.0,23.22,24.0,27.35,36.0,36.0,24.38,0.0,0.071395,0.0,0.0,0.0,0.0,0.047544,0.0,0.0,0.007697,0.00535,0.050389,0.0,0.0,0.009687
2020-01-05 19:30:00,20.69,21.95,21.03,20.64,21.15,21.49,22.43,22.71,21.08,21.64,21.74,22.25,22.13,21.8,22.44,3.48,0.0,0.0,1.0,0.0,0.0,0.0,0.0,1.0,0.0,0.0,1.0,1.0,1.0,0.0,0.0,1.0,36.0,21.0,23.0,0.0,2125.66,0.0,0.0,0.0,0.0,1641.13,0.0,0.0,408.97,266.56,1778.84,0.0,0.0,468.72,36.0,28.88,36.0,36.0,36.0,36.0,27.74,36.0,36.0,23.29,24.08,27.55,36.0,36.0,24.42,0.0,0.071395,0.0,0.0,0.0,0.0,0.047544,0.0,0.0,0.007697,0.00535,0.050389,0.0,0.0,0.009687
2020-01-05 19:45:00,20.58,21.97,20.93,20.52,21.14,21.45,22.5,22.5,20.91,21.7,21.81,22.35,21.91,21.46,22.49,3.43,0.0,0.0,1.0,0.0,0.0,0.0,0.0,1.0,0.0,0.0,1.0,1.0,1.0,0.0,0.0,1.0,36.0,21.0,23.0,0.0,2117.36,0.0,0.0,0.0,0.0,1625.34,0.0,0.0,406.93,264.91,1745.85,0.0,0.0,466.91,36.0,28.91,36.0,36.0,36.0,36.0,27.82,36.0,36.0,23.35,24.15,27.71,36.0,36.0,24.47,0.0,0.071395,0.0,0.0,0.0,0.0,0.047544,0.0,0.0,0.007697,0.00535,0.050389,0.0,0.0,0.009687
2020-01-05 20:00:00,20.51,21.98,20.86,20.47,21.13,21.43,22.55,22.29,20.75,21.75,21.88,22.42,21.7,21.13,22.54,3.35,0.0,0.0,1.0,0.0,0.0,0.0,0.0,1.0,0.0,0.0,1.0,1.0,1.0,0.0,0.0,1.0,36.0,21.0,23.0,0.0,2109.79,0.0,0.0,0.0,0.0,1611.83,0.0,0.0,405.02,263.38,1721.13,0.0,0.0,465.15,36.0,28.93,36.0,36.0,36.0,36.0,27.89,36.0,36.0,23.41,24.22,27.83,36.0,36.0,24.51,0.0,0.071395,0.0,0.0,0.0,0.0,0.047544,0.0,0.0,0.007697,0.00535,0.050389,0.0,0.0,0.009687
2020-01-05 20:15:00,21.07,22.06,21.49,21.24,21.13,21.4,22.58,22.1,20.87,21.8,21.94,22.46,21.87,20.97,22.58,3.28,0.0,1.0,1.0,1.0,1.0,0.0,0.0,1.0,0.0,1.0,1.0,1.0,1.0,1.0,0.223,1.0,36.0,21.0,23.0,529.13,2100.86,834.37,1749.05,0.0,0.0,1600.38,0.0,2253.78,403.19,261.94,1701.8,964.4,565.12,463.43,26.53,28.96,29.3,26.44,36.0,36.0,27.95,36.0,24.04,23.47,24.29,27.92,25.36,23.33,24.56,0.013364,0.071395,0.029804,0.043751,0.0,0.0,0.047544,0.0,0.045088,0.007697,0.00535,0.050389,0.021689,0.010673,0.009687
2020-01-05 20:30:00,21.51,22.19,21.94,21.93,21.16,21.39,22.62,21.89,21.28,21.86,22.0,22.5,22.34,20.89,22.63,3.21,0.0,1.0,1.0,1.0,1.0,0.0,0.0,1.0,0.0,1.0,1.0,1.0,1.0,1.0,0.223,1.0,36.0,21.0,23.0,538.44,2090.45,866.87,1780.52,0.0,0.0,1590.6,0.0,2007.94,401.45,260.58,1686.44,832.5,563.82,461.76,26.36,29.0,29.04,26.26,36.0,36.0,28.0,36.0,25.35,23.52,24.35,27.99,26.82,23.36,24.6,0.013364,0.071395,0.029804,0.043751,0.0,0.0,0.047544,0.0,0.045088,0.007697,0.00535,0.050389,0.021689,0.010673,0.009687
2020-01-05 20:45:00,21.62,22.25,22.0,22.02,21.21,21.38,22.66,21.67,21.68,21.91,22.06,22.55,22.79,20.82,22.68,3.14,0.0,1.0,1.0,1.0,1.0,0.0,0.0,1.0,0.0,1.0,1.0,1.0,1.0,1.0,0.223,1.0,36.0,21.0,23.0,538.66,2080.37,873.3,1779.4,0.0,0.0,1582.01,0.0,1865.27,399.76,259.27,1673.66,759.43,564.93,460.11,26.36,29.03,28.99,26.27,36.0,36.0,28.04,36.0,26.1,23.57,24.41,28.05,27.62,23.34,24.64,0.013364,0.071395,0.029804,0.043751,0.0,0.0,0.047544,0.0,0.045088,0.007697,0.00535,0.050389,0.021689,0.010673,0.009687
2020-01-05 21:00:00,21.63,22.24,21.95,22.03,21.25,21.37,22.72,21.47,21.93,21.97,22.13,22.59,23.1,20.77,22.73,3.07,0.0,1.0,1.0,1.0,1.0,0.0,0.0,1.0,0.0,1.0,1.0,1.0,1.0,1.0,0.223,1.0,36.0,21.0,23.0,530.79,1994.66,849.03,1747.66,0.0,0.0,1574.2,0.0,1775.97,398.18,258.07,1662.84,715.73,566.84,458.56,26.5,29.32,29.18,26.44,36.0,36.0,28.08,36.0,26.58,23.62,24.46,28.11,28.11,23.29,24.68,0.013364,0.071395,0.029804,0.043751,0.0,0.0,0.047544,0.0,0.045088,0.007697,0.00535,0.050389,0.021689,0.010673,0.009687
2020-01-05 21:15:00,20.84,22.19,21.09,21.4,21.29,21.41,22.75,21.33,21.81,22.01,22.17,22.63,22.98,20.96,22.76,3.01,0.0,0.0,1.0,0.0,0.257,0.0,0.0,1.0,0.0,0.0,1.0,1.0,1.0,0.137,1.0,1.0,36.0,21.0,23.0,0.0,2071.9,0.0,604.46,0.0,0.0,1566.22,0.0,0.0,396.54,256.83,1652.53,111.58,2237.75,456.92,36.0,29.06,36.0,23.16,36.0,36.0,28.12,36.0,36.0,23.67,24.52,28.15,26.99,24.82,24.72,0.0,0.071395,0.0,0.01126,0.0,0.0,0.047544,0.0,0.0,0.007697,0.00535,0.050389,0.002962,0.047883,0.009687
2020-01-05 21:30:00,20.46,22.11,20.74,20.86,21.27,21.5,22.8,21.14,21.51,22.07,22.23,22.69,22.63,21.38,22.81,2.95,0.0,0.0,1.0,0.0,0.257,0.0,0.0,1.0,0.0,0.0,1.0,1.0,1.0,0.137,1.0,1.0,36.0,21.0,23.0,0.0,2072.39,0.0,612.14,0.0,0.0,1558.91,0.0,0.0,395.01,255.68,1643.08,122.82,2027.58,455.38,36.0,29.06,36.0,22.99,36.0,36.0,28.16,36.0,36.0,23.72,24.57,28.2,26.08,25.87,24.75,0.0,0.071395,0.0,0.01126,0.0,0.0,0.047544,0.0,0.0,0.007697,0.00535,0.050389,0.002962,0.047883,0.009687
2020-01-05 21:45:00,20.27,22.07,20.56,20.65,21.24,21.57,22.82,20.96,21.19,22.12,22.29,22.76,22.26,21.71,22.85,2.88,0.0,0.0,1.0,0.0,0.257,0.0,0.0,1.0,0.0,0.0,1.0,1.0,1.0,0.137,1.0,1.0,36.0,21.0,23.0,0.0,2071.92,0.0,623.04,0.0,0.0,1552.24,0.0,0.0,393.5,254.56,1633.97,130.51,1903.27,453.85,36.0,29.06,36.0,22.76,36.0,36.0,28.19,36.0,36.0,23.77,24.62,28.24,25.46,26.49,24.79,0.0,0.071395,0.0,0.01126,0.0,0.0,0.047544,0.0,0.0,0.007697,0.00535,0.050389,0.002962,0.047883,0.009687
2020-01-05 22:00:00,20.13,22.02,20.44,20.54,21.22,21.61,22.85,20.78,20.86,22.17,22.35,22.82,21.99,21.95,22.9,2.82,0.0,0.0,1.0,0.0,0.257,0.0,0.0,1.0,0.0,0.0,1.0,1.0,1.0,0.137,1.0,1.0,36.0,21.0,23.0,0.0,1991.89,0.0,621.67,0.0,0.0,1546.36,0.0,0.0,392.07,253.51,1625.77,136.11,1824.45,452.41,36.0,29.33,36.0,22.79,36.0,36.0,28.22,36.0,36.0,23.81,24.66,28.28,25.01,26.88,24.83,0.0,0.071395,0.0,0.01126,0.0,0.0,0.047544,0.0,0.0,0.007697,0.00535,0.050389,0.002962,0.047883,0.009687
2020-01-05 22:15:00,20.65,22.11,21.04,21.14,21.21,21.66,22.86,20.98,21.0,22.21,22.39,22.86,21.77,21.81,22.93,2.76,0.0,1.0,1.0,1.0,1.0,0.0,0.0,1.0,1.0,1.0,1.0,1.0,1.0,0.0,0.0,1.0,36.0,21.0,23.0,569.43,2063.94,945.45,1864.25,0.0,0.0,1540.82,1002.69,2161.85,390.58,252.42,1617.5,0.0,0.0,450.89,25.81,29.08,28.41,25.81,36.0,36.0,28.25,24.39,24.53,23.86,24.71,28.32,36.0,36.0,24.86,0.013364,0.071395,0.029804,0.043751,0.0,0.0,0.047544,0.020669,0.045088,0.007697,0.00535,0.050389,0.0,0.0,0.009687
2020-01-05 22:30:00,21.1,22.26,21.51,21.69,21.23,21.64,22.9,21.5,21.39,22.26,22.44,22.9,21.49,21.46,22.97,2.7,0.0,1.0,1.0,1.0,1.0,0.0,0.0,1.0,1.0,1.0,1.0,1.0,1.0,0.0,0.0,1.0,36.0,21.0,23.0,577.91,2056.16,978.5,1868.79,0.0,0.0,1535.63,867.59,1949.78,389.17,251.4,1610.16,0.0,0.0,449.46,25.65,29.11,28.15,25.78,36.0,36.0,28.27,25.96,25.65,23.9,24.76,28.36,36.0,36.0,24.9,0.013364,0.071395,0.029804,0.043751,0.0,0.0,0.047544,0.020669,0.045088,0.007697,0.00535,0.050389,0.0,0.0,0.009687
2020-01-05 22:45:00,21.22,22.34,21.61,21.81,21.29,21.6,22.93,22.02,21.76,22.31,22.5,22.93,21.23,21.12,23.01,2.63,0.0,1.0,1.0,1.0,1.0,0.0,0.0,1.0,1.0,1.0,1.0,1.0,1.0,0.0,0.0,1.0,36.0,21.0,23.0,574.75,2045.4,974.16,1850.57,0.0,0.0,1530.47,791.33,1826.45,387.78,250.4,1603.48,0.0,0.0,448.03,25.71,29.15,28.18,25.88,36.0,36.0,28.3,26.84,26.31,23.95,24.8,28.39,36.0,36.0,24.94,0.013364,0.071395,0.029804,0.043751,0.0,0.0,0.047544,0.020669,0.045088,0.007697,0.00535,0.050389,0.0,0.0,0.009687
2020-01-05 23:00:00,21.25,22.32,21.6,21.84,21.33,21.56,22.97,22.37,21.96,22.36,22.55,22.94,20.97,20.8,23.06,2.57,0.0,1.0,1.0,1.0,1.0,0.0,0.0,1.0,1.0,1.0,1.0,1.0,1.0,0.0,0.0,1.0,36.0,21.0,23.0,562.69,1962.08,935.94,1797.13,0.0,0.0,1525.56,744.41,1749.02,386.45,249.47,1597.74,0.0,0.0,446.68,25.93,29.43,28.49,26.17,36.0,36.0,28.32,27.38,26.72,23.99,24.85,28.41,36.0,36.0,24.97,0.013364,0.071395,0.029804,0.043751,0.0,0.0,0.047544,0.020669,0.045088,0.007697,0.00535,0.050389,0.0,0.0,0.009687
2020-01-05 23:15:00,20.47,22.24,20.73,20.93,21.32,21.51,22.79,22.24,21.84,22.4,22.59,22.9,21.17,20.93,23.0,2.5,0.0,0.0,1.0,0.0,0.0,0.0,0.0,0.0,0.0,0.0,1.0,1.0,0.791,1.0,1.0,0.0,36.0,21.0,23.0,0.0,2041.59,0.0,0.0,0.0,0.0,0.0,0.0,0.0,385.06,248.48,1305.54,995.16,2280.95,0.0,36.0,29.16,36.0,36.0,36.0,36.0,36.0,36.0,36.0,24.03,24.89,28.16,25.02,24.6,36.0,0.0,0.071395,0.0,0.0,0.0,0.0,0.0,0.0,0.0,0.007697,0.00535,0.039859,0.021689,0.047883,0.0
2020-01-05 23:30:00,20.08,22.11,20.37,20.21,21.2,21.55,22.41,21.83,21.53,22.45,22.64,22.85,21.7,21.34,22.88,2.43,0.0,0.0,1.0,0.0,0.0,0.0,0.0,0.0,0.0,0.0,1.0,1.0,0.791,1.0,1.0,0.0,36.0,21.0,23.0,0.0,2045.93,0.0,0.0,0.0,0.0,0.0,0.0,0.0,383.74,247.56,1334.14,863.74,2046.98,0.0,36.0,29.14,36.0,36.0,36.0,36.0,36.0,36.0,36.0,24.07,24.93,27.99,26.47,25.77,36.0,0.0,0.071395,0.0,0.0,0.0,0.0,0.0,0.0,0.0,0.007697,0.00535,0.039859,0.021689,0.047883,0.0
2020-01-05 23:45:00,19.91,22.07,20.23,19.99,21.02,21.6,22.05,21.42,21.18,22.49,22.69,22.83,22.21,21.68,22.75,2.37,0.0,0.0,1.0,0.0,0.0,0.0,0.0,0.0,0.0,0.0,1.0,1.0,0.791,1.0,1.0,0.0,36.0,21.0,23.0,0.0,2048.67,0.0,0.0,0.0,0.0,0.0,0.0,0.0,382.43,246.64,1350.27,790.31,1912.18,0.0,36.0,29.14,36.0,36.0,36.0,36.0,36.0,36.0,36.0,24.11,24.97,27.9,27.28,26.45,36.0,0.0,0.071395,0.0,0.0,0.0,0.0,0.0,0.0,0.0,0.007697,0.00535,0.039859,0.021689,0.047883,0.0
2020-01-06 00:00:00,19.77,22.02,20.1,19.82,20.86,21.63,21.74,21.1,20.85,22.54,22.73,22.8,22.5,21.9,22.63,2.28,0.0,0.0,1.0,0.0,0.0,0.0,0.0,0.0,0.0,0.0,1.0,1.0,0.791,1.0,1.0,0.0,36.0,21.0,23.0,0.0,2050.59,0.0,0.0,0.0,0.0,0.0,0.0,0.0,381.14,245.76,1360.36,745.12,1826.98,0.0,36.0,29.13,36.0,36.0,36.0,36.0,36.0,36.0,36.0,24.15,25.01,27.84,27.78,26.87,36.0,0.0,0.071395,0.0,0.0,0.0,0.0,0.0,0.0,0.0,0.007697,0.00535,0.039859,0.021689,0.047883,0.0
2020-01-06 00:15:00,20.29,22.07,20.67,20.52,20.88,21.62,21.76,21.21,20.91,22.58,22.77,22.82,22.67,21.75,22.61,2.19,0.0,1.0,1.0,1.0,1.0,1.0,0.0,1.0,1.0,1.0,1.0,1.0,1.0,1.0,0.0,1.0,36.0,21.0,23.0,588.76,2048.92,995.06,1892.56,446.3,0.0,2043.87,930.59,2155.57,379.87,244.88,1668.69,716.27,0.0,492.09,25.46,29.13,28.01,25.65,22.05,36.0,25.72,25.23,24.56,24.19,25.05,28.08,28.1,36.0,23.85,0.013364,0.071395,0.029804,0.043751,0.007653,0.0,0.047544,0.020669,0.045088,0.007697,0.00535,0.050389,0.021689,0.0,0.009687
2020-01-06 00:30:00,20.77,22.2,21.2,21.3,21.05,21.6,22.01,21.6,21.25,22.62,22.82,22.85,22.8,21.39,22.68,2.1,0.0,1.0,1.0,1.0,1.0,1.0,0.0,1.0,1.0,1.0,1.0,1.0,1.0,1.0,0.0,1.0,36.0,21.0,23.0,595.48,2040.32,1027.99,1918.7,447.5,0.0,1850.36,822.66,1947.79,378.61,244.03,1634.27,697.02,0.0,478.6,25.34,29.16,27.75,25.51,22.01,36.0,26.69,26.48,25.67,24.23,25.09,28.24,28.31,36.0,24.18,0.013364,0.071395,0.029804,0.043751,0.007653,0.0,0.047544,0.020669,0.045088,0.007697,0.00535,0.050389,0.021689,0.0,0.009687
2020-01-06 00:45:00,20.89,22.25,21.27,21.42,21.2,21.55,22.28,21.99,21.61,22.66,22.86,22.87,22.89,21.02,22.77,2.01,0.0,1.0,1.0,1.0,1.0,1.0,0.0,1.0,1.0,1.0,1.0,1.0,1.0,1.0,0.0,1.0,36.0,21.0,23.0,592.46,2035.56,1023.58,1912.04,446.15,0.0,1745.23,763.68,1829.52,377.38,243.2,1615.69,683.8,0.0,469.85,25.39,29.18,27.78,25.54,22.05,36.0,27.22,27.16,26.29,24.27,25.13,28.33,28.46,36.0,24.4,0.013364,0.071395,0.029804,0.043751,0.007653,0.0,0.047544,0.020669,0.045088,0.007697,0.00535,0.050389,0.021689,0.0,0.009687
2020-01-06 01:00:00,20.93,22.25,21.29,21.46,21.34,21.47,22.46,22.25,21.82,22.71,22.91,22.87,22.97,20.71,22.84,1.9,0.0,1.0,1.0,1.0,1.0,1.0,0.0,1.0,1.0,1.0,1.0,1.0,1.0,1.0,0.0,1.0,36.0,21.0,23.0,591.52,2033.76,1024.88,1915.9,444.73,0.0,1680.72,726.9,1753.72,376.15,242.38,1604.5,674.01,0.0,463.55,25.41,29.19,27.77,25.52,22.1,36.0,27.54,27.59,26.69,24.31,25.16,28.38,28.57,36.0,24.55,0.013364,0.071395,0.029804,0.043751,0.007653,0.0,0.047544,0.020669,0.045088,0.007697,0.00535,0.050389,0.021689,0.0,0.009687
2020-01-06 01:15:00,20.78,22.13,20.41,20.47,21.22,21.38,22.32,22.11,21.7,22.68,22.85,22.64,22.81,20.77,22.82,1.78,0.0,0.891,1.0,0.0,0.0,0.0,0.0,0.0,0.0,0.0,0.0,0.0,0.0,0.252,1.0,0.0,36.0,21.0,23.0,543.82,2038.96,0.0,0.0,0.0,0.0,0.0,0.0,0.0,0.0,0.0,0.0,194.58,2290.62,0.0,25.07,29.17,36.0,36.0,36.0,36.0,36.0,36.0,36.0,36.0,36.0,36.0,27.47,24.56,36.0,0.011902,0.071395,0.0,0.0,0.0,0.0,0.0,0.0,0.0,0.0,0.0,0.0,0.005457,0.047883,0.0
2020-01-06 01:30:00,20.65,21.99,20.12,19.71,21.11,21.31,21.94,21.65,21.36,22.6,22.72,22.21,22.46,21.15,22.71,1.67,0.0,0.891,1.0,0.0,0.0,0.0,0.0,0.0,0.0,0.0,0.0,0.0,0.0,0.252,1.0,0.0,36.0,21.0,23.0,538.47,2044.46,0.0,0.0,0.0,0.0,0.0,0.0,0.0,0.0,0.0,0.0,213.8,2058.66,0.0,25.18,29.15,36.0,36.0,36.0,36.0,36.0,36.0,36.0,36.0,36.0,36.0,26.63,25.71,36.0,0.011902,0.071395,0.0,0.0,0.0,0.0,0.0,0.0,0.0,0.0,0.0,0.0,0.005457,0.047883,0.0
2020-01-06 01:45:00,20.63,21.93,19.98,19.5,20.92,21.2,21.58,21.23,20.98,22.52,22.58,21.82,22.14,21.48,22.59,1.56,0.0,0.891,1.0,0.0,0.0,0.0,0.0,0.0,0.0,0.0,0.0,0.0,0.0,0.252,1.0,0.0,36.0,21.0,23.0,533.59,2049.61,0.0,0.0,0.0,0.0,0.0,0.0,0.0,0.0,0.0,0.0,226.72,1926.27,0.0,25.27,29.13,36.0,36.0,36.0,36.0,36.0,36.0,36.0,36.0,36.0,36.0,26.06,26.38,36.0,0.011902,0.071395,0.0,0.0,0.0,0.0,0.0,0.0,0.0,0.0,0.0,0.0,0.005457,0.047883,0.0
2020-01-06 02:00:00,20.63,21.9,19.9,19.36,20.75,21.12,21.3,20.93,20.67,22.44,22.46,21.49,21.9,21.67,22.48,1.51,0.0,0.891,1.0,0.0,0.0,0.0,0.0,0.0,0.0,0.0,0.0,0.0,0.0,0.252,1.0,0.0,36.0,21.0,23.0,528.37,2051.79,0.0,0.0,0.0,0.0,0.0,0.0,0.0,0.0,0.0,0.0,236.07,1843.39,0.0,25.38,29.12,36.0,36.0,36.0,36.0,36.0,36.0,36.0,36.0,36.0,36.0,25.65,26.79,36.0,0.011902,0.071395,0.0,0.0,0.0,0.0,0.0,0.0,0.0,0.0,0.0,0.0,0.005457,0.047883,0.0
2020-01-06 02:15:00,20.81,21.96,20.44,20.09,20.77,21.12,21.37,20.94,20.76,22.43,22.46,21.56,21.64,21.79,22.47,1.46,0.0,1.0,1.0,1.0,1.0,1.0,0.0,1.0,0.603,1.0,1.0,1.0,1.0,0.0,1.0,1.0,36.0,21.0,23.0,568.62,2049.31,1023.79,1963.87,445.25,0.0,2137.76,604.41,2172.13,404.74,270.69,2182.72,0.0,1789.16,500.49,25.82,29.13,27.78,25.26,22.08,36.0,25.24,24.39,24.47,23.42,23.9,25.64,36.0,27.06,23.64,0.013364,0.071395,0.029804,0.043751,0.007653,0.0,0.047544,0.012457,0.045088,0.007697,0.00535,0.050389,0.0,0.047883,0.009687
2020-01-06 02:30:00,21.07,22.11,21.03,20.91,20.98,21.22,21.68,21.12,21.13,22.49,22.54,21.86,21.29,21.92,22.55,1.4,0.0,1.0,1.0,1.0,1.0,1.0,0.0,1.0,0.603,1.0,1.0,1.0,1.0,0.0,1.0,1.0,36.0,21.0,23.0,559.97,2039.88,1059.3,1988.96,447.03,0.0,1925.51,566.13,1962.33,395.57,261.86,1962.53,0.0,1751.02,485.88,25.98,29.16,27.5,25.12,22.03,36.0,26.31,25.13,25.59,23.7,24.29,26.68,36.0,27.25,24.0,0.013364,0.071395,0.029804,0.043751,0.007653,0.0,0.047544,0.012457,0.045088,0.007697,0.00535,0.050389,0.0,0.047883,0.009687
2020-01-06 02:45:00,21.22,22.19,21.13,21.09,21.14,21.34,22.02,21.3,21.52,22.56,22.64,22.2,20.98,22.03,22.65,1.35,0.0,1.0,1.0,1.0,1.0,1.0,0.0,1.0,0.603,1.0,1.0,1.0,1.0,0.0,1.0,1.0,36.0,21.0,23.0,551.77,2033.73,1052.11,1975.23,445.51,0.0,1807.42,544.19,1842.34,389.51,256.22,1842.06,0.0,1722.5,476.26,26.12,29.19,27.55,25.2,22.07,36.0,26.91,25.55,26.22,23.89,24.54,27.25,36.0,27.39,24.24,0.013364,0.071395,0.029804,0.043751,0.007653,0.0,0.047544,0.012457,0.045088,0.007697,0.00535,0.050389,0.0,0.047883,0.009687
2020-01-06 03:00:00,21.29,22.16,21.12,21.14,21.27,21.41,22.26,21.47,21.76,22.64,22.72,22.41,20.68,22.15,22.74,1.32,0.0,1.0,1.0,1.0,1.0,1.0,0.0,1.0,0.603,1.0,1.0,1.0,1.0,0.0,1.0,1.0,36.0,21.0,23.0,533.24,1953.7,1006.91,1924.11,442.17,0.0,1734.32,530.34,1766.16,385.14,252.28,1768.47,0.0,1700.59,469.36,26.45,29.45,27.92,25.48,22.18,36.0,27.27,25.81,26.63,24.03,24.72,27.6,36.0,27.5,24.41,0.013364,0.071395,0.029804,0.043751,0.007653,0.0,0.047544,0.012457,0.045088,0.007697,0.00535,0.050389,0.0,0.047883,0.009687
2020-01-06 03:15:00,20.6,22.11,20.5,20.38,21.17,21.47,22.11,21.31,21.63,22.62,22.78,22.25,20.87,22.21,22.72,1.28,0.0,0.0,1.0,0.195,0.122,0.0,0.0,0.0,0.0,0.0,0.053,1.0,0.0,1.0,1.0,0.0,36.0,21.0,23.0,0.0,2034.22,309.61,326.19,0.0,0.0,0.0,0.0,0.0,21.19,249.28,0.0,997.6,1681.12,0.0,36.0,29.18,23.22,21.38,36.0,36.0,36.0,36.0,36.0,23.68,24.85,36.0,25.0,27.6,36.0,0.0,0.071395,0.005798,0.005336,0.0,0.0,0.0,0.0,0.0,0.000412,0.00535,0.0,0.021689,0.047883,0.0
2020-01-06 03:30:00,20.29,22.02,20.26,19.82,21.07,21.41,21.75,20.95,21.3,22.56,22.84,21.89,21.39,22.28,22.61,1.24,0.0,0.0,1.0,0.195,0.122,0.0,0.0,0.0,0.0,0.0,0.053,1.0,0.0,1.0,1.0,0.0,36.0,21.0,23.0,0.0,2039.8,303.3,323.02,0.0,0.0,0.0,0.0,0.0,21.7,247.01,0.0,870.33,1665.65,0.0,36.0,29.16,23.48,21.52,36.0,36.0,36.0,36.0,36.0,23.39,24.96,36.0,26.4,27.68,36.0,0.0,0.071395,0.005798,0.005336,0.0,0.0,0.0,0.0,0.0,0.000412,0.00535,0.0,0.021689,0.047883,0.0
2020-01-06 03:45:00,20.17,21.99,20.21,19.74,20.9,21.34,21.39,20.63,20.94,22.48,22.9,21.5,21.89,22.33,22.5,1.21,0.0,0.0,1.0,0.195,0.122,0.0,0.0,0.0,0.0,0.0,0.053,1.0,0.0,1.0,1.0,0.0,36.0,21.0,23.0,0.0,2043.25,299.91,321.16,0.0,0.0,0.0,0.0,0.0,22.05,245.16,0.0,799.55,1652.46,0.0,36.0,29.15,23.62,21.6,36.0,36.0,36.0,36.0,36.0,23.18,25.04,36.0,27.18,27.74,36.0,0.0,0.071395,0.005798,0.005336,0.0,0.0,0.0,0.0,0.0,0.000412,0.00535,0.0,0.021689,0.047883,0.0
2020-01-06 04:00:00,20.09,21.98,20.2,19.72,20.74,21.29,21.12,20.37,20.62,22.42,22.95,21.17,22.2,22.36,22.4,1.18,0.0,0.0,1.0,0.195,0.122,0.0,0.0,0.0,0.0,0.0,0.053,1.0,0.0,1.0,1.0,0.0,36.0,21.0,23.0,0.0,2044.45,295.69,318.12,0.0,0.0,0.0,0.0,0.0,22.33,243.61,0.0,755.97,1641.43,0.0,36.0,29.15,23.8,21.74,36.0,36.0,36.0,36.0,36.0,23.02,25.11,36.0,27.66,27.8,36.0,0.0,0.071395,0.005798,0.005336,0.0,0.0,0.0,0.0,0.0,0.000412,0.00535,0.0,0.021689,0.047883,0.0
2020-01-06 04:15:00,20.68,22.06,20.78,20.5,20.8,21.29,21.2,20.54,20.71,22.38,22.99,21.26,22.04,22.4,22.39,1.14,0.0,1.0,1.0,1.0,1.0,1.0,0.0,1.0,1.0,1.0,0.446,0.952,1.0,0.0,1.0,1.0,36.0,21.0,23.0,537.58,2041.4,965.24,1867.81,434.07,0.0,2180.36,985.12,2182.01,185.18,231.23,2272.28,0.0,1631.87,504.56,26.38,29.16,28.25,25.79,22.43,36.0,25.03,24.6,24.42,23.1,25.14,25.21,36.0,27.85,23.54,0.013364,0.071395,0.029804,0.043751,0.007653,0.0,0.047544,0.020669,0.045088,0.003434,0.005093,0.050389,0.0,0.047883,0.009687
2020-01-06 04:30:00,21.14,22.19,21.24,21.24,21.05,21.34,21.57,21.02,21.1,22.37,23.03,21.67,21.58,22.44,22.48,1.11,0.0,1.0,1.0,1.0,1.0,1.0,0.0,1.0,1.0,1.0,0.446,0.952,1.0,0.0,1.0,1.0,36.0,21.0,23.0,540.04,2035.64,961.3,1854.73,434.44,0.0,1960.96,865.99,1971.52,184.25,230.58,2032.89,0.0,1623.09,489.57,26.33,29.18,28.28,25.86,22.42,36.0,26.13,25.98,25.54,23.16,25.17,26.35,36.0,27.89,23.91,0.013364,0.071395,0.029804,0.043751,0.007653,0.0,0.047544,0.020669,0.045088,0.003434,0.005093,0.050389,0.0,0.047883,0.009687
2020-01-06 04:45:00,21.28,22.26,21.38,21.44,21.24,21.44,21.94,21.5,21.51,22.37,23.07,22.04,21.09,22.5,22.58,1.08,0.0,1.0,1.0,1.0,1.0,1.0,0.0,1.0,1.0,1.0,0.446,0.952,1.0,0.0,1.0,1.0,36.0,21.0,23.0,532.38,2029.22,935.17,1808.74,430.3,0.0,1836.42,799.41,1849.37,183.75,229.87,1897.6,0.0,1614.77,479.59,26.47,29.2,28.49,26.11,22.55,36.0,26.76,26.75,26.19,23.2,25.2,26.99,36.0,27.93,24.16,0.013364,0.071395,0.029804,0.043751,0.007653,0.0,0.047544,0.020669,0.045088,0.003434,0.005093,0.050389,0.0,0.047883,0.009687
2020-01-06 05:00:00,21.38,22.28,21.45,21.57,21.4,21.53,22.16,21.79,21.73,22.37,23.11,22.25,20.73,22.57,22.67,1.03,0.0,1.0,1.0,1.0,1.0,1.0,0.0,1.0,1.0,1.0,0.446,0.952,1.0,0.0,1.0,1.0,36.0,21.0,23.0,528.92,2024.51,926.78,1792.17,427.81,0.0,1757.85,757.95,1771.05,183.45,229.16,1813.31,0.0,1606.8,472.3,26.53,29.22,28.56,26.2,22.63,36.0,27.15,27.23,26.6,23.22,25.24,27.39,36.0,27.97,24.34,0.013364,0.071395,0.029804,0.043751,0.007653,0.0,0.047544,0.020669,0.045088,0.003434,0.005093,0.050389,0.0,0.047883,0.009687
2020-01-06 05:15:00,20.68,22.19,20.59,20.72,21.32,21.55,22.28,21.66,21.69,22.34,23.05,22.12,20.86,22.61,22.65,0.99,0.0,0.0,1.0,0.0,0.0,0.0,0.0,1.0,0.0,0.237,0.0,0.0,0.0,1.0,1.0,0.0,36.0,21.0,23.0,0.0,2026.76,0.0,0.0,0.0,0.0,1706.12,0.0,459.27,0.0,0.0,0.0,978.84,1599.31,0.0,36.0,29.21,36.0,36.0,36.0,36.0,27.42,36.0,25.7,36.0,36.0,36.0,25.2,28.01,36.0,0.0,0.071395,0.0,0.0,0.0,0.0,0.047544,0.0,0.010666,0.0,0.0,0.0,0.021689,0.047883,0.0
2020-01-06 05:30:00,20.35,22.06,20.29,20.06,21.31,21.51,22.37,21.25,21.5,22.28,22.92,21.76,21.34,22.64,22.55,0.94,0.0,0.0,1.0,0.0,0.0,0.0,0.0,1.0,0.0,0.237,0.0,0.0,0.0,1.0,1.0,0.0,36.0,21.0,23.0,0.0,2030.29,0.0,0.0,0.0,0.0,1671.0,0.0,490.9,0.0,0.0,0.0,862.0,1592.71,0.0,36.0,29.2,36.0,36.0,36.0,36.0,27.59,36.0,24.99,36.0,36.0,36.0,26.49,28.04,36.0,0.0,0.071395,0.0,0.0,0.0,0.0,0.047544,0.0,0.010666,0.0,0.0,0.0,0.021689,0.047883,0.0
2020-01-06 05:45:00,20.24,22.02,20.2,19.92,21.31,21.45,22.45,20.81,21.31,22.21,22.79,21.38,21.81,22.65,22.44,0.89,0.0,0.0,1.0,0.0,0.0,0.0,0.0,1.0,0.0,0.237,0.0,0.0,0.0,1.0,1.0,0.0,36.0,21.0,23.0,0.0,2032.97,0.0,0.0,0.0,0.0,1645.11,0.0,511.45,0.0,0.0,0.0,797.14,1586.93,0.0,36.0,29.19,36.0,36.0,36.0,36.0,27.72,36.0,24.53,36.0,36.0,36.0,27.21,28.07,36.0,0.0,0.071395,0.0,0.0,0.0,0.0,0.047544,0.0,0.010666,0.0,0.0,0.0,0.021689,0.047883,0.0
2020-01-06 06:00:00,20.16,22.0,20.15,19.86,21.32,21.41,22.51,20.5,21.14,22.15,22.68,21.04,22.09,22.67,22.34,0.86,0.0,0.0,1.0,0.0,0.0,0.0,0.0,1.0,0.0,0.237,0.0,0.0,0.0,1.0,1.0,0.0,36.0,21.0,23.0,0.0,2033.14,0.0,0.0,0.0,0.0,1625.47,0.0,526.16,0.0,0.0,0.0,757.21,1582.06,0.0,36.0,29.19,36.0,36.0,36.0,36.0,27.82,36.0,24.2,36.0,36.0,36.0,27.65,28.1,36.0,0.0,0.071395,0.0,0.0,0.0,0.0,0.047544,0.0,0.010666,0.0,0.0,0.0,0.021689,0.047883,0.0
2020-01-06 06:15:00,20.75,22.09,20.84,20.68,21.32,21.37,22.56,20.63,20.99,22.09,22.59,21.12,21.92,22.59,22.26,0.84,0.0,1.0,1.0,1.0,1.0,0.0,0.0,1.0,1.0,0.14,0.0,0.0,1.0,0.0,0.611,0.0,36.0,21.0,23.0,527.53,2026.51,896.81,1765.49,0.0,0.0,1609.66,962.97,323.12,0.0,0.0,2306.62,0.0,1027.08,0.0,26.56,29.21,28.8,26.35,36.0,36.0,27.9,24.85,23.75,36.0,36.0,25.05,36.0,27.6,36.0,0.013364,0.071395,0.029804,0.043751,0.0,0.0,0.047544,0.020669,0.006309,0.0,0.0,0.050389,0.0,0.029248,0.0
2020-01-06 06:30:00,21.21,22.23,21.37,21.5,21.31,21.37,22.61,21.08,20.81,22.03,22.48,21.54,21.45,22.48,22.17,0.81,0.0,1.0,1.0,1.0,1.0,0.0,0.0,1.0,1.0,0.14,0.0,0.0,1.0,0.0,0.611,0.0,36.0,21.0,23.0,531.31,2019.86,914.57,1773.48,0.0,0.0,1596.71,852.16,332.54,0.0,0.0,2061.85,0.0,1071.09,0.0,26.49,29.23,28.66,26.3,36.0,36.0,27.97,26.14,23.39,36.0,36.0,26.21,36.0,27.24,36.0,0.013364,0.071395,0.029804,0.043751,0.0,0.0,0.047544,0.020669,0.006309,0.0,0.0,0.050389,0.0,0.029248,0.0
2020-01-06 06:45:00,21.35,22.3,21.48,21.65,21.29,21.39,22.65,21.52,20.68,21.97,22.38,21.91,20.95,22.39,22.08,0.78,0.0,1.0,1.0,1.0,1.0,0.0,0.0,1.0,1.0,0.14,0.0,0.0,1.0,0.0,0.611,0.0,36.0,21.0,23.0,525.43,2012.52,902.99,1747.45,0.0,0.0,1585.67,790.63,339.82,0.0,0.0,1923.1,0.0,1098.51,0.0,26.59,29.26,28.75,26.44,36.0,36.0,28.02,26.85,23.11,36.0,36.0,26.87,36.0,27.01,36.0,0.013364,0.071395,0.029804,0.043751,0.0,0.0,0.047544,0.020669,0.006309,0.0,0.0,0.050389,0.0,0.029248,0.0
2020-01-06 07:00:00,21.44,22.31,21.53,21.76,21.27,21.43,22.69,21.78,20.57,21.92,22.29,22.1,20.6,22.33,22.0,0.75,0.0,1.0,1.0,1.0,1.0,0.0,0.0,1.0,1.0,0.14,0.0,0.0,1.0,0.0,0.611,0.0,36.0,21.0,23.0,522.37,2009.39,898.09,1735.98,0.0,0.0,1576.25,752.62,345.7,0.0,0.0,1837.16,0.0,1116.88,0.0,26.65,29.27,28.79,26.51,36.0,36.0,28.07,27.29,22.89,36.0,36.0,27.28,36.0,26.86,36.0,0.013364,0.071395,0.029804,0.043751,0.0,0.0,0.047544,0.020669,0.006309,0.0,0.0,0.050389,0.0,0.029248,0.0
2020-01-06 07:15:00,20.75,22.22,20.68,20.92,21.24,21.41,22.5,21.64,20.7,21.87,22.21,21.96,20.75,22.3,21.93,0.72,0.0,0.0,1.0,0.0,0.0,0.0,0.0,0.0,0.0,1.0,0.0,0.0,0.0,1.0,0.617,0.0,36.0,21.0,23.0,0.0,2012.87,0.0,0.0,0.0,0.0,0.0,0.0,2179.86,0.0,0.0,0.0,986.02,1140.51,0.0,36.0,29.26,36.0,36.0,36.0,36.0,36.0,36.0,24.43,36.0,36.0,36.0,25.12,26.77,36.0,0.0,0.071395,0.0,0.0,0.0,0.0,0.0,0.0,0.045088,0.0,0.0,0.0,0.021689,0.029561,0.0
2020-01-06 07:30:00,20.42,22.09,20.36,20.27,21.19,21.33,22.12,21.19,21.08,21.81,22.12,21.59,21.24,22.25,21.84,0.69,0.0,0.0,1.0,0.0,0.0,0.0,0.0,0.0,0.0,1.0,0.0,0.0,0.0,1.0,0.617,0.0,36.0,21.0,23.0,0.0,2017.49,0.0,0.0,0.0,0.0,0.0,0.0,1978.51,0.0,0.0,0.0,868.15,1149.15,0.0,36.0,29.24,36.0,36.0,36.0,36.0,36.0,36.0,25.5,36.0,36.0,36.0,26.42,26.7,36.0,0.0,0.071395,0.0,0.0,0.0,0.0,0.0,0.0,0.045088,0.0,0.0,0.0,0.021689,0.029561,0.0
2020-01-06 07:45:00,20.31,22.04,20.25,20.09,21.11,21.23,21.78,20.74,21.41,21.76,22.03,21.2,21.72,22.19,21.77,0.66,0.0,0.0,1.0,0.0,0.0,0.0,0.0,0.0,0.0,1.0,0.0,0.0,0.0,1.0,0.617,0.0,36.0,21.0,23.0,0.0,2021.64,0.0,0.0,0.0,0.0,0.0,0.0,1860.59,0.0,0.0,0.0,802.68,1156.18,0.0,36.0,29.23,36.0,36.0,36.0,36.0,36.0,36.0,26.13,36.0,36.0,36.0,27.15,26.64,36.0,0.0,0.071395,0.0,0.0,0.0,0.0,0.0,0.0,0.045088,0.0,0.0,0.0,0.021689,0.029561,0.0
2020-01-06 08:00:00,20.23,22.03,20.2,20.01,21.05,21.15,21.51,20.43,21.59,21.71,21.95,20.86,22.0,22.15,21.7,0.72,0.0,0.0,1.0,0.0,0.0,0.0,0.0,0.0,0.0,1.0,0.0,0.0,0.0,1.0,0.617,0.0,36.0,21.0,23.0,0.0,2022.3,0.0,0.0,0.0,0.0,0.0,0.0,1785.07,0.0,0.0,0.0,762.29,1161.98,0.0,36.0,29.22,36.0,36.0,36.0,36.0,36.0,36.0,26.53,36.0,36.0,36.0,27.59,26.6,36.0,0.0,0.071395,0.0,0.0,0.0,0.0,0.0,0.0,0.045088,0.0,0.0,0.0,0.021689,0.029561,0.0
2020-01-06 08:15:00,20.82,22.13,20.89,20.83,21.05,21.07,21.32,20.58,21.48,21.66,21.88,20.96,21.85,21.95,21.63,0.78,5.5,1.0,1.0,1.0,1.0,1.0,0.0,0.0,1.0,0.0,0.0,0.0,1.0,0.0,0.0,0.0,36.0,21.0,23.0,523.05,2013.87,883.98,1732.62,431.38,0.0,0.0,964.11,0.0,0.0,0.0,2335.54,0.0,0.0,0.0,26.64,29.25,28.9,26.53,22.51,36.0,36.0,24.84,36.0,36.0,36.0,24.91,36.0,36.0,36.0,0.013364,0.071395,0.029804,0.043751,0.007653,0.0,0.0,0.020669,0.0,0.0,0.0,0.050389,0.0,0.0,0.0
2020-01-06 08:30:00,21.29,22.33,21.47,21.64,21.18,21.0,21.14,21.11,21.19,21.61,21.8,21.44,21.45,21.6,21.56,0.84,30.7,1.0,1.0,1.0,1.0,1.0,0.0,0.0,1.0,0.0,0.0,0.0,1.0,0.0,0.0,0.0,36.0,21.0,23.0,527.02,1985.6,891.36,1740.29,433.26,0.0,0.0,849.63,0.0,0.0,0.0,2079.15,0.0,0.0,0.0,26.57,29.35,28.85,26.48,22.46,36.0,36.0,26.17,36.0,36.0,36.0,26.13,36.0,36.0,36.0,0.013364,0.071395,0.029804,0.043751,0.007653,0.0,0.0,0.020669,0.0,0.0,0.0,0.050389,0.0,0.0,0.0
2020-01-06 08:45:00,21.44,22.49,21.68,21.84,21.18,21.02,21.03,21.68,20.89,21.56,21.72,21.87,21.08,21.31,21.49,0.9,56.0,1.0,1.0,1.0,1.0,1.0,0.0,0.0,1.0,0.0,0.0,0.0,1.0,0.0,0.0,0.0,36.0,21.0,23.0,520.95,1951.68,862.5,1710.17,430.77,0.0,0.0,779.79,0.0,0.0,0.0,1923.6,0.0,0.0,0.0,26.67,29.46,29.08,26.65,22.53,36.0,36.0,26.97,36.0,36.0,36.0,26.87,36.0,36.0,36.0,0.013364,0.071395,0.029804,0.043751,0.007653,0.0,0.0,0.020669,0.0,0.0,0.0,0.050389,0.0,0.0,0.0
2020-01-06 09:00:00,21.58,22.63,21.86,22.01,21.16,21.09,20.95,22.11,20.66,21.51,21.64,22.17,20.91,21.1,21.42,1.15,81.2,1.0,1.0,1.0,1.0,1.0,0.0,0.0,1.0,0.0,0.0,0.0,1.0,0.0,0.0,0.0,36.0,21.0,23.0,517.34,1923.53,839.31,1692.61,428.98,0.0,0.0,730.04,0.0,0.0,0.0,1818.12,0.0,0.0,0.0,26.74,29.55,29.26,26.74,22.59,36.0,36.0,27.55,36.0,36.0,36.0,27.37,36.0,36.0,36.0,0.013364,0.071395,0.029804,0.043751,0.007653,0.0,0.0,0.020669,0.0,0.0,0.0,0.050389,0.0,0.0,0.0
2020-01-06 09:15:00,20.93,21.75,21.01,21.26,20.96,21.13,21.11,22.2,20.78,21.47,21.58,22.16,20.93,21.08,21.43,1.39,106.5,0.0,0.0,0.0,0.0,0.0,0.0,0.656,0.0,1.0,0.0,0.0,0.0,0.062,0.378,1.0,36.0,21.0,23.0,0.0,0.0,0.0,0.0,0.0,0.0,1566.23,0.0,2186.51,0.0,0.0,0.0,70.75,924.2,552.46,36.0,36.0,36.0,36.0,36.0,36.0,23.98,36.0,24.4,36.0,36.0,36.0,23.41,23.78,22.36,0.0,0.0,0.0,0.0,0.0,0.0,0.031171,0.0,0.045088,0.0,0.0,0.0,0.001344,0.018093,0.009687
2020-01-06 09:30:00,20.59,21.35,20.68,20.71,20.94,21.08,21.46,22.08,21.22,21.41,21.5,21.95,21.03,21.18,21.56,1.64,126.8,0.0,0.0,0.0,0.0,0.0,0.0,0.656,0.0,1.0,0.0,0.0,0.0,0.062,0.378,1.0,36.0,21.0,23.0,0.0,0.0,0.0,0.0,0.0,0.0,1435.88,0.0,1967.06,0.0,0.0,0.0,70.68,896.32,532.34,36.0,36.0,36.0,36.0,36.0,36.0,24.98,36.0,25.56,36.0,36.0,36.0,23.42,24.15,22.85,0.0,0.0,0.0,0.0,0.0,0.0,0.031171,0.0,0.045088,0.0,0.0,0.0,0.001344,0.018093,0.009687
2020-01-06 09:45:00,20.52,21.29,20.69,20.62,21.09,20.99,21.8,21.95,21.64,21.37,21.42,21.72,21.17,21.29,21.7,1.89,147.1,0.0,0.0,0.0,0.0,0.0,0.0,0.656,0.0,1.0,0.0,0.0,0.0,0.062,0.378,1.0,36.0,21.0,23.0,0.0,0.0,0.0,0.0,0.0,0.0,1353.89,0.0,1836.16,0.0,0.0,0.0,70.25,879.02,518.61,36.0,36.0,36.0,36.0,36.0,36.0,25.61,36.0,26.26,36.0,36.0,36.0,23.5,24.38,23.19,0.0,0.0,0.0,0.0,0.0,0.0,0.031171,0.0,0.045088,0.0,0.0,0.0,0.001344,0.018093,0.009687
2020-01-06 10:00:00,20.48,21.25,20.78,20.61,21.21,20.95,22.12,21.91,21.94,21.31,21.34,21.5,21.37,21.38,21.84,2.17,167.4,0.0,0.0,0.0,0.0,0.0,0.0,0.656,0.0,1.0,0.0,0.0,0.0,0.062,0.378,1.0,36.0,21.0,23.0,0.0,0.0,0.0,0.0,0.0,0.0,1298.55,0.0,1751.26,0.0,0.0,0.0,69.54,867.2,508.61,36.0,36.0,36.0,36.0,36.0,36.0,26.03,36.0,26.71,36.0,36.0,36.0,23.62,24.53,23.44,0.0,0.0,0.0,0.0,0.0,0.0,0.031171,0.0,0.045088,0.0,0.0,0.0,0.001344,0.018093,0.009687
2020-01-06 10:15:00,21.1,21.33,21.53,21.44,21.3,20.9,22.09,21.97,21.88,21.28,21.29,21.41,21.5,21.32,21.92,2.45,187.7,1.0,0.062,0.824,1.0,0.0,1.0,0.0,0.0,0.0,0.0,0.0,0.0,0.0,0.034,1.0,36.0,21.0,23.0,521.5,196.07,674.11,1679.28,0.0,274.44,0.0,0.0,0.0,0.0,0.0,0.0,0.0,83.01,500.63,26.66,25.36,29.44,26.82,36.0,21.14,36.0,36.0,36.0,36.0,36.0,36.0,36.0,23.92,23.64,0.013364,0.004409,0.024572,0.043751,0.0,0.004419,0.0,0.0,0.0,0.0,0.0,0.0,0.0,0.001644,0.009687
2020-01-06 10:30:00,21.61,21.37,22.08,22.2,21.26,20.85,21.93,22.1,21.68,21.23,21.22,21.27,21.69,21.18,22.02,2.73,212.0,1.0,0.062,0.824,1.0,0.0,1.0,0.0,0.0,0.0,0.0,0.0,0.0,0.0,0.034,1.0,36.0,21.0,23.0,530.6,200.0,672.42,1704.64,0.0,263.57,0.0,0.0,0.0,0.0,0.0,0.0,0.0,86.49,494.39,26.5,25.15,29.45,26.68,36.0,21.73,36.0,36.0,36.0,36.0,36.0,36.0,36.0,23.41,23.79,0.013364,0.004409,0.024572,0.043751,0.0,0.004419,0.0,0.0,0.0,0.0,0.0,0.0,0.0,0.001644,0.009687
2020-01-06 10:45:00,21.72,21.33,22.26,22.34,21.18,20.9,21.72,22.3,21.41,21.17,21.14,21.14,21.93,21.02,22.12,3.01,236.3,1.0,0.062,0.824,1.0,0.0,1.0,0.0,0.0,0.0,0.0,0.0,0.0,0.0,0.034,1.0,36.0,21.0,23.0,519.68,203.63,632.75,1657.86,0.0,256.27,0.0,0.0,0.0,0.0,0.0,0.0,0.0,88.93,489.27,26.7,24.95,29.84,26.93,36.0,22.13,36.0,36.0,36.0,36.0,36.0,36.0,36.0,23.06,23.92,0.013364,0.004409,0.024572,0.043751,0.0,0.004419,0.0,0.0,0.0,0.0,0.0,0.0,0.0,0.001644,0.009687
2020-01-06 11:00:00,21.83,21.28,22.36,22.44,21.06,20.87,21.59,22.52,21.21,21.13,21.07,21.05,22.18,20.93,22.2,3.26,260.6,1.0,0.062,0.824,1.0,0.0,1.0,0.0,0.0,0.0,0.0,0.0,0.0,0.0,0.034,1.0,36.0,21.0,23.0,522.77,208.11,617.63,1665.68,0.0,250.94,0.0,0.0,0.0,0.0,0.0,0.0,0.0,90.82,484.79,26.64,24.71,29.99,26.89,36.0,22.42,36.0,36.0,36.0,36.0,36.0,36.0,36.0,22.78,24.03,0.013364,0.004409,0.024572,0.043751,0.0,0.004419,0.0,0.0,0.0,0.0,0.0,0.0,0.0,0.001644,0.009687
2020-01-06 11:15:00,21.2,21.08,21.84,21.64,21.01,20.94,21.48,22.73,21.36,21.09,21.03,21.2,22.41,21.11,22.26,3.52,284.9,0.0,0.0,0.0,0.0,0.078,1.0,0.0,0.0,1.0,0.0,0.084,0.737,0.0,0.839,1.0,36.0,21.0,23.0,0.0,0.0,0.0,0.0,37.01,247.02,0.0,0.0,2097.29,0.0,27.52,1825.72,0.0,1959.2,480.73,36.0,36.0,36.0,36.0,21.2,22.63,36.0,36.0,24.87,36.0,21.38,24.24,36.0,24.34,24.13,0.0,0.0,0.0,0.0,0.000598,0.004419,0.0,0.0,0.045088,0.0,0.00045,0.037147,0.0,0.040191,0.009687
2020-01-06 11:30:00,20.9,20.85,21.57,21.07,21.01,21.12,21.35,23.0,21.77,21.04,20.98,21.57,22.7,21.55,22.34,3.78,289.3,0.0,0.0,0.0,0.0,0.078,1.0,0.0,0.0,1.0,0.0,0.084,0.737,0.0,0.839,1.0,36.0,21.0,23.0,0.0,0.0,0.0,0.0,37.17,243.84,0.0,0.0,1883.67,0.0,27.53,1658.2,0.0,1771.36,477.24,36.0,36.0,36.0,36.0,21.13,22.8,36.0,36.0,26.01,36.0,21.38,25.32,36.0,25.46,24.21,0.0,0.0,0.0,0.0,0.000598,0.004419,0.0,0.0,0.045088,0.0,0.00045,0.037147,0.0,0.040191,0.009687
2020-01-06 11:45:00,20.77,20.71,21.48,20.9,21.09,21.38,21.26,23.24,22.12,21.0,20.93,21.96,22.95,21.98,22.41,4.03,293.7,0.0,0.0,0.0,0.0,0.078,1.0,0.0,0.0,1.0,0.0,0.084,0.737,0.0,0.839,1.0,36.0,21.0,23.0,0.0,0.0,0.0,0.0,37.31,240.91,0.0,0.0,1757.87,0.0,27.57,1557.07,0.0,1656.32,474.04,36.0,36.0,36.0,36.0,21.08,22.96,36.0,36.0,26.67,36.0,21.35,25.97,36.0,26.14,24.29,0.0,0.0,0.0,0.0,0.000598,0.004419,0.0,0.0,0.045088,0.0,0.00045,0.037147,0.0,0.040191,0.009687
2020-01-06 12:00:00,20.67,20.6,21.47,20.82,21.15,21.56,21.16,23.47,22.38,20.95,20.88,22.26,23.2,22.3,22.48,4.23,298.1,0.0,0.0,0.0,0.0,0.078,1.0,0.0,0.0,1.0,0.0,0.084,0.737,0.0,0.839,1.0,36.0,21.0,23.0,0.0,0.0,0.0,0.0,37.35,238.2,0.0,0.0,1676.11,0.0,27.62,1490.16,0.0,1578.85,471.17,36.0,36.0,36.0,36.0,21.06,23.11,36.0,36.0,27.11,36.0,21.33,26.4,36.0,26.6,24.36,0.0,0.0,0.0,0.0,0.000598,0.004419,0.0,0.0,0.045088,0.0,0.00045,0.037147,0.0,0.040191,0.009687
2020-01-06 12:15:00,21.13,21.39,21.65,21.2,21.22,21.67,21.1,23.63,22.51,20.96,20.93,22.2,23.36,22.27,22.44,4.42,302.5,1.0,0.801,0.0,0.421,0.0,0.0,0.0,0.0,0.873,1.0,1.0,0.0,0.0,0.0,0.0,36.0,21.0,23.0,555.59,1940.57,0.0,903.82,0.0,0.0,0.0,0.0,1436.34,460.4,311.68,0.0,0.0,0.0,0.0,26.05,27.88,36.0,24.25,36.0,36.0,36.0,36.0,27.27,21.69,22.06,36.0,36.0,36.0,36.0,0.013364,0.05718,0.0,0.018409,0.0,0.0,0.0,0.0,0.039377,0.007697,0.00535,0.0,0.0,0.0,0.0
2020-01-06 12:30:00,21.55,21.95,22.01,21.64,21.26,21.59,21.02,23.87,22.68,21.06,21.08,21.97,23.6,22.11,22.33,4.61,317.9,1.0,0.801,0.0,0.421,0.0,0.0,0.0,0.0,0.873,1.0,1.0,0.0,0.0,0.0,0.0,36.0,21.0,23.0,563.81,1975.78,0.0,901.44,0.0,0.0,0.0,0.0,1410.64,446.58,298.83,0.0,0.0,0.0,0.0,25.91,27.73,36.0,24.29,36.0,36.0,36.0,36.0,27.43,22.12,22.64,36.0,36.0,36.0,36.0,0.013364,0.05718,0.0,0.018409,0.0,0.0,0.0,0.0,0.039377,0.007697,0.00535,0.0,0.0,0.0,0.0
2020-01-06 12:45:00,21.67,22.05,22.23,21.85,21.28,21.49,20.96,24.14,22.85,21.21,21.25,21.67,23.89,21.88,22.2,4.8,333.4,1.0,0.801,0.0,0.421,0.0,0.0,0.0,0.0,0.873,1.0,1.0,0.0,0.0,0.0,0.0,36.0,21.0,23.0,549.15,1901.77,0.0,880.53,0.0,0.0,0.0,0.0,1380.94,437.13,290.21,0.0,0.0,0.0,0.0,26.17,28.04,36.0,24.56,36.0,36.0,36.0,36.0,27.61,22.41,23.02,36.0,36.0,36.0,36.0,0.013364,0.05718,0.0,0.018409,0.0,0.0,0.0,0.0,0.039377,0.007697,0.00535,0.0,0.0,0.0,0.0
2020-01-06 13:00:00,21.79,22.17,22.41,22.01,21.33,21.33,20.91,24.41,23.01,21.29,21.36,21.51,24.17,21.84,22.12,4.91,348.8,1.0,0.801,0.0,0.421,0.0,0.0,0.0,0.0,0.873,1.0,1.0,0.0,0.0,0.0,0.0,36.0,21.0,23.0,559.96,1962.35,0.0,871.21,0.0,0.0,0.0,0.0,1343.99,429.92,283.74,0.0,0.0,0.0,0.0,25.98,27.79,36.0,24.68,36.0,36.0,36.0,36.0,27.83,22.64,23.31,36.0,36.0,36.0,36.0,0.013364,0.05718,0.0,0.018409,0.0,0.0,0.0,0.0,0.039377,0.007697,0.00535,0.0,0.0,0.0,0.0
2020-01-06 13:15:00,21.3,21.28,22.29,21.78,21.37,21.27,21.06,24.68,23.02,21.31,21.36,21.35,24.46,21.81,22.03,5.02,364.2,0.0,0.0,0.0,0.0,0.0,0.0,0.737,0.0,0.0,0.0,0.0,0.0,0.0,0.0,0.0,36.0,21.0,23.0,0.0,0.0,0.0,0.0,0.0,0.0,1809.51,0.0,0.0,0.0,0.0,0.0,0.0,0.0,0.0,36.0,36.0,36.0,36.0,36.0,36.0,23.65,36.0,36.0,36.0,36.0,36.0,36.0,36.0,36.0,0.0,0.0,0.0,0.0,0.0,0.0,0.035041,0.0,0.0,0.0,0.0,0.0,0.0,0.0,0.0
2020-01-06 13:30:00,21.05,20.9,22.07,21.59,21.38,21.23,21.44,24.96,22.89,21.25,21.27,21.18,24.74,21.83,21.94,5.13,360.8,0.0,0.0,0.0,0.0,0.0,0.0,0.737,0.0,0.0,0.0,0.0,0.0,0.0,0.0,0.0,36.0,21.0,23.0,0.0,0.0,0.0,0.0,0.0,0.0,1638.41,0.0,0.0,0.0,0.0,0.0,0.0,0.0,0.0,36.0,36.0,36.0,36.0,36.0,36.0,24.81,36.0,36.0,36.0,36.0,36.0,36.0,36.0,36.0,0.0,0.0,0.0,0.0,0.0,0.0,0.035041,0.0,0.0,0.0,0.0,0.0,0.0,0.0,0.0
2020-01-06 13:45:00,20.96,20.75,22.01,21.66,21.38,21.21,21.81,25.18,22.82,21.19,21.17,21.03,24.95,21.89,21.85,5.23,357.4,0.0,0.0,0.0,0.0,0.0,0.0,0.737,0.0,0.0,0.0,0.0,0.0,0.0,0.0,0.0,36.0,21.0,23.0,0.0,0.0,0.0,0.0,0.0,0.0,1533.62,0.0,0.0,0.0,0.0,0.0,0.0,0.0,0.0,36.0,36.0,36.0,36.0,36.0,36.0,25.53,36.0,36.0,36.0,36.0,36.0,36.0,36.0,36.0,0.0,0.0,0.0,0.0,0.0,0.0,0.035041,0.0,0.0,0.0,0.0,0.0,0.0,0.0,0.0
2020-01-06 14:00:00,20.88,20.62,22.0,21.79,21.4,21.19,22.09,25.37,22.82,21.11,21.07,20.89,25.13,21.97,21.76,5.28,354.0,0.0,0.0,0.0,0.0,0.0,0.0,0.737,0.0,0.0,0.0,0.0,0.0,0.0,0.0,0.0,36.0,21.0,23.0,0.0,0.0,0.0,0.0,0.0,0.0,1465.0,0.0,0.0,0.0,0.0,0.0,0.0,0.0,0.0,36.0,36.0,36.0,36.0,36.0,36.0,26.0,36.0,36.0,36.0,36.0,36.0,36.0,36.0,36.0,0.0,0.0,0.0,0.0,0.0,0.0,0.035041,0.0,0.0,0.0,0.0,0.0,0.0,0.0,0.0
2020-01-06 14:15:00,21.19,21.35,22.13,21.91,21.44,21.22,22.01,25.48,22.86,21.07,21.02,21.02,25.22,22.04,21.7,5.33,350.6,0.684,0.82,0.0,0.0,0.0,0.0,0.0,0.0,0.0,0.0,0.137,0.726,0.0,0.0,0.0,36.0,21.0,23.0,423.45,2052.03,0.0,0.0,0.0,0.0,0.0,0.0,0.0,0.0,43.81,1851.91,0.0,0.0,0.0,24.92,27.62,36.0,36.0,36.0,36.0,36.0,36.0,36.0,36.0,21.73,23.89,36.0,36.0,36.0,0.009142,0.058568,0.0,0.0,0.0,0.0,0.0,0.0,0.0,0.0,0.000734,0.036587,0.0,0.0,0.0
2020-01-06 14:30:00,21.47,21.87,22.31,22.03,21.42,21.27,21.78,25.53,22.88,21.01,20.96,21.38,25.25,22.11,21.62,5.38,314.2,0.684,0.82,0.0,0.0,0.0,0.0,0.0,0.0,0.0,0.0,0.137,0.726,0.0,0.0,0.0,36.0,21.0,23.0,427.81,2094.86,0.0,0.0,0.0,0.0,0.0,0.0,0.0,0.0,43.96,1681.37,0.0,0.0,0.0,24.81,27.44,36.0,36.0,36.0,36.0,36.0,36.0,36.0,36.0,21.68,25.01,36.0,36.0,36.0,0.009142,0.058568,0.0,0.0,0.0,0.0,0.0,0.0,0.0,0.0,0.000734,0.036587,0.0,0.0,0.0
2020-01-06 14:45:00,21.53,21.94,22.31,22.08,21.38,21.35,21.53,25.48,22.87,20.96,20.92,21.76,25.17,22.17,21.54,5.43,277.8,0.684,0.82,0.0,0.0,0.0,0.0,0.0,0.0,0.0,0.0,0.137,0.726,0.0,0.0,0.0,36.0,21.0,23.0,426.29,2082.28,0.0,0.0,0.0,0.0,0.0,0.0,0.0,0.0,44.13,1578.63,0.0,0.0,0.0,24.85,27.49,36.0,36.0,36.0,36.0,36.0,36.0,36.0,36.0,21.62,25.68,36.0,36.0,36.0,0.009142,0.058568,0.0,0.0,0.0,0.0,0.0,0.0,0.0,0.0,0.000734,0.036587,0.0,0.0,0.0
2020-01-06 15:00:00,21.53,21.93,22.21,22.08,21.35,21.4,21.3,25.36,22.85,20.9,20.87,22.01,25.01,22.2,21.46,5.32,241.4,0.684,0.82,0.0,0.0,0.0,0.0,0.0,0.0,0.0,0.0,0.137,0.726,0.0,0.0,0.0,36.0,21.0,23.0,420.35,2016.56,0.0,0.0,0.0,0.0,0.0,0.0,0.0,0.0,44.28,1512.3,0.0,0.0,0.0,25.0,27.76,36.0,36.0,36.0,36.0,36.0,36.0,36.0,36.0,21.57,26.11,36.0,36.0,36.0,0.009142,0.058568,0.0,0.0,0.0,0.0,0.0,0.0,0.0,0.0,0.000734,0.036587,0.0,0.0,0.0
2020-01-06 15:15:00,21.02,20.93,21.88,22.04,21.32,21.44,21.17,25.24,22.81,20.92,20.92,21.92,24.85,22.2,21.41,5.21,205.0,0.0,0.0,0.0,0.0,0.0,0.0,0.0,0.0,0.0,1.0,1.0,0.0,0.0,0.0,0.0,36.0,21.0,23.0,0.0,0.0,0.0,0.0,0.0,0.0,0.0,0.0,0.0,459.29,307.8,0.0,0.0,0.0,0.0,36.0,36.0,36.0,36.0,36.0,36.0,36.0,36.0,36.0,21.72,22.24,36.0,36.0,36.0,36.0,0.0,0.0,0.0,0.0,0.0,0.0,0.0,0.0,0.0,0.007697,0.00535,0.0,0.0,0.0,0.0
2020-01-06 15:30:00,20.71,20.42,21.49,21.87,21.29,21.41,20.97,24.96,22.72,21.04,21.09,21.6,24.51,22.13,21.32,5.1,154.9,0.0,0.0,0.0,0.0,0.0,0.0,0.0,0.0,0.0,1.0,1.0,0.0,0.0,0.0,0.0,36.0,21.0,23.0,0.0,0.0,0.0,0.0,0.0,0.0,0.0,0.0,0.0,446.19,296.29,0.0,0.0,0.0,0.0,36.0,36.0,36.0,36.0,36.0,36.0,36.0,36.0,36.0,22.13,22.75,36.0,36.0,36.0,36.0,0.0,0.0,0.0,0.0,0.0,0.0,0.0,0.0,0.0,0.007697,0.00535,0.0,0.0,0.0,0.0
2020-01-06 15:45:00,20.52,20.22,21.22,21.7,21.21,21.26,20.85,24.7,22.61,21.13,21.21,21.33,24.2,22.01,21.27,4.99,104.9,0.0,0.0,0.0,0.0,0.0,0.0,0.0,0.0,0.0,1.0,1.0,0.0,0.0,0.0,0.0,36.0,21.0,23.0,0.0,0.0,0.0,0.0,0.0,0.0,0.0,0.0,0.0,437.08,288.35,0.0,0.0,0.0,0.0,36.0,36.0,36.0,36.0,36.0,36.0,36.0,36.0,36.0,22.41,23.11,36.0,36.0,36.0,36.0,0.0,0.0,0.0,0.0,0.0,0.0,0.0,0.0,0.0,0.007697,0.00535,0.0,0.0,0.0,0.0
2020-01-06 16:00:00,20.32,19.97,20.9,21.38,21.13,21.13,20.7,24.33,22.39,21.24,21.34,21.02,23.77,21.75,21.2,4.79,54.8,0.0,0.0,0.0,0.0,0.0,0.0,0.0,0.0,0.0,1.0,1.0,0.0,0.0,0.0,0.0,36.0,21.0,23.0,0.0,0.0,0.0,0.0,0.0,0.0,0.0,0.0,0.0,430.32,282.57,0.0,0.0,0.0,0.0,36.0,36.0,36.0,36.0,36.0,36.0,36.0,36.0,36.0,22.62,23.37,36.0,36.0,36.0,36.0,0.0,0.0,0.0,0.0,0.0,0.0,0.0,0.0,0.0,0.007697,0.00535,0.0,0.0,0.0,0.0
2020-01-06 16:15:00,20.77,20.81,21.43,21.63,21.03,21.05,20.83,23.97,22.14,21.31,21.38,21.12,23.37,21.75,21.21,4.59,4.7,1.0,1.0,1.0,0.609,0.0,0.053,1.0,0.0,0.0,1.0,0.413,1.0,0.0,1.0,1.0,36.0,21.0,23.0,578.72,2440.83,871.72,1208.03,0.0,14.75,2382.1,0.0,0.0,425.08,118.87,2368.02,0.0,2152.52,560.82,25.64,27.82,29.0,25.15,36.0,20.83,24.01,36.0,36.0,22.79,23.13,24.76,36.0,25.25,22.15,0.013364,0.071395,0.029804,0.026633,0.0,0.000233,0.047544,0.0,0.0,0.007697,0.00221,0.050389,0.0,0.047883,0.009687
2020-01-06 16:30:00,21.27,21.49,21.92,22.01,20.97,21.14,21.27,23.6,21.9,21.4,21.37,21.57,22.97,22.02,21.34,4.4,0.0,1.0,1.0,1.0,0.609,0.0,0.053,1.0,0.0,0.0,1.0,0.413,1.0,0.0,1.0,1.0,36.0,21.0,23.0,586.18,2500.08,897.53,1216.21,0.0,14.75,2104.07,0.0,0.0,420.85,120.59,2103.09,0.0,1935.87,540.37,25.51,27.62,28.8,25.08,36.0,20.82,25.41,36.0,36.0,22.92,22.95,26.02,36.0,26.33,22.66,0.013364,0.071395,0.029804,0.026633,0.0,0.000233,0.047544,0.0,0.0,0.007697,0.00221,0.050389,0.0,0.047883,0.009687
2020-01-06 16:45:00,21.42,21.6,22.04,22.1,20.96,21.36,21.69,23.29,21.7,21.47,21.35,21.97,22.63,22.36,21.49,4.2,0.0,1.0,1.0,1.0,0.609,0.0,0.053,1.0,0.0,0.0,1.0,0.413,1.0,0.0,1.0,1.0,36.0,21.0,23.0,581.18,2476.07,893.34,1209.0,0.0,14.75,1943.51,0.0,0.0,417.29,121.62,1951.26,0.0,1812.54,526.4,25.6,27.7,28.83,25.14,36.0,20.83,26.22,36.0,36.0,23.03,22.84,26.74,36.0,26.94,23.0,0.013364,0.071395,0.029804,0.026633,0.0,0.000233,0.047544,0.0,0.0,0.007697,0.00221,0.050389,0.0,0.047883,0.009687
2020-01-06 17:00:00,21.46,21.58,22.0,22.09,20.98,21.48,21.93,22.99,21.52,21.55,21.33,22.23,22.33,22.59,21.63,4.11,0.0,1.0,1.0,1.0,0.609,0.0,0.053,1.0,0.0,0.0,1.0,0.413,1.0,0.0,1.0,1.0,36.0,21.0,23.0,567.36,2379.58,859.19,1189.4,0.0,14.75,1843.33,0.0,0.0,414.26,122.3,1857.31,0.0,1734.85,516.2,25.84,28.03,29.1,25.32,36.0,20.83,26.72,36.0,36.0,23.12,22.76,27.18,36.0,27.33,23.25,0.013364,0.071395,0.029804,0.026633,0.0,0.000233,0.047544,0.0,0.0,0.007697,0.00221,0.050389,0.0,0.047883,0.009687
2020-01-06 17:15:00,20.66,21.61,21.11,21.4,21.07,21.6,22.06,22.79,21.63,21.61,21.38,22.37,22.12,22.45,21.71,4.03,0.0,0.0,1.0,0.0,0.0,0.637,0.0,1.0,0.0,0.941,1.0,1.0,1.0,0.0,0.0,1.0,36.0,21.0,23.0,0.0,2433.72,0.0,0.0,292.63,0.0,1774.83,0.0,2007.31,411.45,287.23,1791.37,0.0,0.0,508.07,36.0,27.84,36.0,36.0,21.63,36.0,27.07,36.0,24.68,23.21,23.16,27.5,36.0,36.0,23.45,0.0,0.071395,0.0,0.0,0.004873,0.0,0.047544,0.0,0.042437,0.007697,0.00535,0.050389,0.0,0.0,0.009687
2020-01-06 17:30:00,20.32,21.61,20.75,20.89,21.2,21.57,22.22,22.53,21.94,21.67,21.49,22.51,21.85,22.14,21.82,3.94,0.0,0.0,1.0,0.0,0.0,0.637,0.0,1.0,0.0,0.941,1.0,1.0,1.0,0.0,0.0,1.0,36.0,21.0,23.0,0.0,2397.52,0.0,0.0,292.71,0.0,1727.6,0.0,1805.6,408.96,280.17,1746.61,0.0,0.0,501.68,36.0,27.97,36.0,36.0,21.63,36.0,27.31,36.0,25.82,23.29,23.47,27.71,36.0,36.0,23.61,0.0,0.071395,0.0,0.0,0.004873,0.0,0.047544,0.0,0.042437,0.007697,0.00535,0.050389,0.0,0.0,0.009687
2020-01-06 17:45:00,20.2,21.64,20.63,20.72,21.33,21.52,22.36,22.29,22.25,21.74,21.6,22.6,21.6,21.8,21.91,3.86,0.0,0.0,1.0,0.0,0.0,0.637,0.0,1.0,0.0,0.941,1.0,1.0,1.0,0.0,0.0,1.0,36.0,21.0,23.0,0.0,2358.12,0.0,0.0,292.13,0.0,1691.69,0.0,1689.2,406.65,275.25,1713.24,0.0,0.0,496.32,36.0,28.1,36.0,36.0,21.66,36.0,27.49,36.0,26.48,23.36,23.69,27.87,36.0,36.0,23.74,0.0,0.071395,0.0,0.0,0.004873,0.0,0.047544,0.0,0.042437,0.007697,0.00535,0.050389,0.0,0.0,0.009687
2020-01-06 18:00:00,20.13,21.64,20.55,20.61,21.42,21.49,22.49,22.05,22.48,21.81,21.7,22.68,21.36,21.46,22.0,3.75,0.0,0.0,1.0,0.0,0.0,0.637,0.0,1.0,0.0,0.941,1.0,1.0,1.0,0.0,0.0,1.0,36.0,21.0,23.0,0.0,2230.74,0.0,0.0,290.85,0.0,1664.06,0.0,1616.39,404.56,271.57,1688.44,0.0,0.0,491.82,36.0,28.53,36.0,36.0,21.72,36.0,27.63,36.0,26.89,23.43,23.86,27.98,36.0,36.0,23.85,0.0,0.071395,0.0,0.0,0.004873,0.0,0.047544,0.0,0.042437,0.007697,0.00535,0.050389,0.0,0.0,0.009687
2020-01-06 18:15:00,20.72,21.78,21.24,21.38,21.42,21.48,22.56,22.01,22.35,21.85,21.77,22.73,21.36,21.26,22.07,3.65,0.0,1.0,1.0,1.0,1.0,0.0,0.0,1.0,0.361,0.0,1.0,1.0,1.0,0.43,0.0,1.0,36.0,21.0,23.0,554.18,2273.86,869.68,1738.59,0.0,0.0,1640.04,367.84,0.0,402.46,268.51,1667.76,474.67,0.0,487.66,26.08,28.38,29.02,26.49,36.0,36.0,27.75,24.22,36.0,23.49,23.99,28.08,23.81,36.0,23.96,0.013364,0.071395,0.029804,0.043751,0.0,0.0,0.047544,0.007469,0.0,0.007697,0.00535,0.050389,0.009317,0.0,0.009687
2020-01-06 18:30:00,21.26,21.98,21.77,22.16,21.39,21.47,22.63,22.03,22.06,21.92,21.86,22.78,21.48,21.04,22.15,3.54,0.0,1.0,1.0,1.0,1.0,0.0,0.0,1.0,0.361,0.0,1.0,1.0,1.0,0.43,0.0,1.0,36.0,21.0,23.0,553.41,2228.88,883.25,1747.66,0.0,0.0,1620.92,352.65,0.0,400.53,266.04,1651.32,448.07,0.0,484.05,26.09,28.53,28.91,26.44,36.0,36.0,27.84,24.7,36.0,23.55,24.1,28.16,24.49,36.0,24.05,0.013364,0.071395,0.029804,0.043751,0.0,0.0,0.047544,0.007469,0.0,0.007697,0.00535,0.050389,0.009317,0.0,0.009687
2020-01-06 18:45:00,21.49,22.12,21.96,22.3,21.34,21.44,22.69,22.07,21.76,21.97,21.94,22.83,21.61,20.86,22.22,3.44,0.0,1.0,1.0,1.0,1.0,0.0,0.0,1.0,0.361,0.0,1.0,1.0,1.0,0.43,0.0,1.0,36.0,21.0,23.0,540.74,2180.43,863.29,1717.68,0.0,0.0,1604.69,343.98,0.0,398.67,263.9,1637.47,432.18,0.0,480.74,26.32,28.69,29.07,26.61,36.0,36.0,27.93,24.98,36.0,23.61,24.2,28.23,24.9,36.0,24.13,0.013364,0.071395,0.029804,0.043751,0.0,0.0,0.047544,0.007469,0.0,0.007697,0.00535,0.050389,0.009317,0.0,0.009687
2020-01-06 19:00:00,21.58,22.14,21.99,22.39,21.3,21.42,22.74,22.08,21.49,22.04,22.02,22.87,21.71,20.68,22.3,3.37,0.0,1.0,1.0,1.0,1.0,0.0,0.0,1.0,0.361,0.0,1.0,1.0,1.0,0.43,0.0,1.0,36.0,21.0,23.0,525.19,2080.68,822.22,1660.66,0.0,0.0,1591.24,338.76,0.0,396.94,262.05,1625.97,422.1,0.0,477.78,26.6,29.03,29.4,26.92,36.0,36.0,27.99,25.15,36.0,23.66,24.28,28.28,25.16,36.0,24.2,0.013364,0.071395,0.029804,0.043751,0.0,0.0,0.047544,0.007469,0.0,0.007697,0.00535,0.050389,0.009317,0.0,0.009687
2020-01-06 19:15:00,20.86,22.14,21.21,21.59,21.25,21.43,22.64,21.95,21.34,22.08,22.07,22.9,21.95,20.85,22.35,3.31,0.0,0.0,1.0,0.0,0.0,0.0,0.0,0.334,0.0,0.0,1.0,1.0,1.0,1.0,1.0,1.0,36.0,21.0,23.0,0.0,2148.47,0.0,0.0,0.0,0.0,589.65,0.0,0.0,395.16,260.26,1615.48,864.22,2385.56,474.81,36.0,28.8,36.0,36.0,36.0,36.0,27.12,36.0,36.0,23.72,24.36,28.33,26.47,24.08,24.27,0.0,0.071395,0.0,0.0,0.0,0.0,0.01589,0.0,0.0,0.007697,0.00535,0.050389,0.021689,0.047883,0.009687
2020-01-06 19:30:00,20.54,22.08,20.88,20.99,21.17,21.52,22.44,21.69,21.12,22.14,22.14,22.95,22.38,21.33,22.42,3.25,0.0,0.0,1.0,0.0,0.0,0.0,0.0,0.334,0.0,0.0,1.0,1.0,1.0,1.0,1.0,1.0,36.0,21.0,23.0,0.0,2139.07,0.0,0.0,0.0,0.0,633.2,0.0,0.0,393.5,258.69,1606.14,785.81,2108.5,472.14,36.0,28.83,36.0,36.0,36.0,36.0,26.47,36.0,36.0,23.77,24.43,28.37,27.33,25.47,24.34,0.0,0.071395,0.0,0.0,0.0,0.0,0.01589,0.0,0.0,0.007697,0.00535,0.050389,0.021689,0.047883,0.009687
2020-01-06 19:45:00,20.43,22.08,20.78,20.83,21.08,21.63,22.26,21.43,20.94,22.19,22.21,23.02,22.71,21.79,22.48,3.18,0.0,0.0,1.0,0.0,0.0,0.0,0.0,0.334,0.0,0.0,1.0,1.0,1.0,1.0,1.0,1.0,36.0,21.0,23.0,0.0,2127.57,0.0,0.0,0.0,0.0,661.36,0.0,0.0,391.87,257.19,1597.16,739.61,1947.41,469.58,36.0,28.87,36.0,36.0,36.0,36.0,26.04,36.0,36.0,23.82,24.5,28.42,27.84,26.27,24.4,0.0,0.071395,0.0,0.0,0.0,0.0,0.01589,0.0,0.0,0.007697,0.00535,0.050389,0.021689,0.047883,0.009687
2020-01-06 20:00:00,20.37,22.05,20.71,20.74,21.01,21.68,22.09,21.19,20.76,22.25,22.28,23.08,22.93,22.07,22.55,3.1,0.0,0.0,1.0,0.0,0.0,0.0,0.0,0.334,0.0,0.0,1.0,1.0,1.0,1.0,1.0,1.0,36.0,21.0,23.0,0.0,2034.81,0.0,0.0,0.0,0.0,680.89,0.0,0.0,390.34,255.83,1589.03,710.68,1845.73,467.21,36.0,29.18,36.0,36.0,36.0,36.0,25.75,36.0,36.0,23.87,24.56,28.46,28.16,26.78,24.46,0.0,0.071395,0.0,0.0,0.0,0.0,0.01589,0.0,0.0,0.007697,0.00535,0.050389,0.021689,0.047883,0.009687
2020-01-06 20:15:00,20.95,22.17,21.37,21.52,20.98,21.7,22.16,21.03,20.9,22.29,22.33,22.99,22.9,21.96,22.59,3.01,0.0,1.0,1.0,1.0,1.0,0.123,0.0,1.0,0.0,1.0,1.0,1.0,0.403,0.468,0.0,1.0,36.0,21.0,23.0,528.72,2096.56,845.97,1671.38,59.96,0.0,1863.36,0.0,2252.01,388.74,254.44,707.06,357.98,0.0,464.8,26.53,28.97,29.21,26.86,20.75,36.0,26.62,36.0,24.05,23.92,24.62,27.67,27.56,36.0,24.52,0.013364,0.071395,0.029804,0.043751,0.00094,0.0,0.047544,0.0,0.045088,0.007697,0.00535,0.020299,0.010146,0.0,0.009687
2020-01-06 20:30:00,21.45,22.33,21.87,22.27,21.04,21.61,22.36,20.82,21.32,22.34,22.39,22.8,22.75,21.62,22.66,2.92,0.0,1.0,1.0,1.0,1.0,0.123,0.0,1.0,0.0,1.0,1.0,1.0,0.403,0.468,0.0,1.0,36.0,21.0,23.0,531.58,2080.18,864.35,1677.58,59.99,0.0,1742.35,0.0,2004.76,387.25,253.18,757.25,376.9,0.0,462.58,26.48,29.03,29.06,26.83,20.74,36.0,27.23,36.0,25.36,23.96,24.68,27.08,27.11,36.0,24.58,0.013364,0.071395,0.029804,0.043751,0.00094,0.0,0.047544,0.0,0.045088,0.007697,0.00535,0.020299,0.010146,0.0,0.009687
2020-01-06 20:45:00,21.62,22.41,22.01,22.41,21.16,21.49,22.54,20.63,21.73,22.39,22.45,22.61,22.6,21.27,22.71,2.84,0.0,1.0,1.0,1.0,1.0,0.123,0.0,1.0,0.0,1.0,1.0,1.0,0.403,0.468,0.0,1.0,36.0,21.0,23.0,524.83,2066.91,853.14,1653.97,59.94,0.0,1673.83,0.0,1860.86,385.77,251.95,790.02,388.12,0.0,460.42,26.6,29.07,29.15,26.96,20.75,36.0,27.58,36.0,26.13,24.01,24.73,26.69,26.85,36.0,24.63,0.013364,0.071395,0.029804,0.043751,0.00094,0.0,0.047544,0.0,0.045088,0.007697,0.00535,0.020299,0.010146,0.0,0.009687
2020-01-06 21:00:00,21.71,22.45,22.07,22.51,21.27,21.36,22.67,20.45,21.98,22.44,22.51,22.46,22.51,20.96,22.77,2.75,0.0,1.0,1.0,1.0,1.0,0.123,0.0,1.0,0.0,1.0,1.0,1.0,0.403,0.468,0.0,1.0,36.0,21.0,23.0,521.1,2057.44,849.07,1643.54,59.86,0.0,1630.51,0.0,1768.98,384.32,250.77,813.31,395.39,0.0,458.35,26.67,29.11,29.18,27.01,20.77,36.0,27.8,36.0,26.61,24.05,24.79,26.41,26.68,36.0,24.68,0.013364,0.071395,0.029804,0.043751,0.00094,0.0,0.047544,0.0,0.045088,0.007697,0.00535,0.020299,0.010146,0.0,0.009687
2020-01-06 21:15:00,21.01,22.41,21.38,22.44,21.31,21.31,22.75,20.65,21.9,22.48,22.56,22.5,22.62,20.97,22.81,2.67,0.0,0.0,1.0,0.0,0.886,0.0,0.0,1.0,1.0,0.0,1.0,1.0,1.0,1.0,0.729,1.0,36.0,21.0,23.0,0.0,2051.73,0.0,1501.07,0.0,0.0,1601.19,1021.25,0.0,382.91,249.63,1857.34,771.41,1727.8,456.34,36.0,29.12,36.0,26.73,36.0,36.0,27.94,24.18,36.0,24.1,24.84,27.18,27.49,24.16,24.73,0.0,0.071395,0.0,0.038758,0.0,0.0,0.047544,0.020669,0.0,0.007697,0.00535,0.050389,0.021689,0.034908,0.009687
2020-01-06 21:30:00,20.75,22.34,21.2,22.37,21.29,21.39,22.82,21.18,21.62,22.53,22.62,22.67,22.86,21.24,22.87,2.59,0.0,0.0,1.0,0.0,0.886,0.0,0.0,1.0,1.0,0.0,1.0,1.0,1.0,1.0,0.729,1.0,36.0,21.0,23.0,0.0,2048.9,0.0,1496.0,0.0,0.0,1580.48,885.2,0.0,381.52,248.54,1746.71,721.19,1602.87,454.41,36.0,29.13,36.0,26.77,36.0,36.0,28.05,25.75,36.0,24.14,24.89,27.71,28.05,25.02,24.78,0.0,0.071395,0.0,0.038758,0.0,0.0,0.047544,0.020669,0.0,0.007697,0.00535,0.050389,0.021689,0.034908,0.009687
2020-01-06 21:45:00,20.67,22.33,21.16,22.39,21.26,21.5,22.86,21.71,21.31,22.58,22.67,22.82,23.07,21.52,22.92,2.51,0.0,0.0,1.0,0.0,0.886,0.0,0.0,1.0,1.0,0.0,1.0,1.0,1.0,1.0,0.729,1.0,36.0,21.0,23.0,0.0,2045.27,0.0,1491.67,0.0,0.0,1565.04,808.53,0.0,380.15,247.47,1684.82,692.28,1527.98,452.52,36.0,29.15,36.0,26.79,36.0,36.0,28.13,26.64,36.0,24.18,24.93,28.0,28.36,25.53,24.82,0.0,0.071395,0.0,0.038758,0.0,0.0,0.047544,0.020669,0.0,0.007697,0.00535,0.050389,0.021689,0.034908,0.009687
2020-01-06 22:00:00,20.62,22.3,21.12,22.41,21.25,21.55,22.89,22.06,20.99,22.63,22.73,22.93,23.21,21.71,22.97,2.44,0.0,0.0,1.0,0.0,0.886,0.0,0.0,1.0,1.0,0.0,1.0,1.0,1.0,1.0,0.729,1.0,36.0,21.0,23.0,0.0,1962.04,0.0,1455.0,0.0,0.0,1553.23,761.57,0.0,378.85,246.48,1647.02,674.23,1479.3,450.76,36.0,29.43,36.0,27.02,36.0,36.0,28.18,27.19,36.0,24.22,24.98,28.18,28.56,25.86,24.87,0.0,0.071395,0.0,0.038758,0.0,0.0,0.047544,0.020669,0.0,0.007697,0.00535,0.050389,0.021689,0.034908,0.009687
2020-01-06 22:15:00,21.12,22.33,21.17,22.5,21.24,21.61,22.91,21.9,21.14,22.67,22.77,22.95,22.96,21.57,22.92,2.36,0.0,1.0,1.0,0.006,1.0,0.0,0.0,0.923,0.0,1.0,1.0,1.0,0.809,0.0,0.0,0.0,36.0,21.0,23.0,519.79,2033.9,8.88,1614.03,0.0,0.0,1442.55,0.0,2146.38,377.49,245.45,1354.64,0.0,0.0,0.0,26.69,29.18,24.06,27.17,36.0,36.0,28.14,36.0,24.61,24.27,25.03,28.05,36.0,36.0,36.0,0.013364,0.071395,0.000178,0.043751,0.0,0.0,0.043899,0.0,0.045088,0.007697,0.00535,0.040775,0.0,0.0,0.0
2020-01-06 22:30:00,21.46,22.37,21.21,22.59,21.27,21.58,22.92,21.51,21.53,22.72,22.82,22.94,22.47,21.26,22.81,2.29,0.0,1.0,1.0,0.006,1.0,0.0,0.0,0.923,0.0,1.0,1.0,1.0,0.809,0.0,0.0,0.0,36.0,21.0,23.0,522.81,2030.65,9.05,1608.16,0.0,0.0,1446.97,0.0,1934.59,376.19,244.46,1370.05,0.0,0.0,0.0,26.64,29.2,23.84,27.21,36.0,36.0,28.11,36.0,25.74,24.31,25.07,27.96,36.0,36.0,36.0,0.013364,0.071395,0.000178,0.043751,0.0,0.0,0.043899,0.0,0.045088,0.007697,0.00535,0.040775,0.0,0.0,0.0
2020-01-06 22:45:00,21.51,22.38,21.2,22.63,21.33,21.52,22.94,21.09,21.87,22.76,22.87,22.92,21.98,20.98,22.69,2.21,0.0,1.0,1.0,0.006,1.0,0.0,0.0,0.923,0.0,1.0,1.0,1.0,0.809,0.0,0.0,0.0,36.0,21.0,23.0,518.55,2026.25,9.21,1601.43,0.0,0.0,1447.27,0.0,1812.06,374.91,243.51,1377.47,0.0,0.0,0.0,26.72,29.21,23.61,27.24,36.0,36.0,28.11,36.0,26.39,24.35,25.11,27.92,36.0,36.0,36.0,0.013364,0.071395,0.000178,0.043751,0.0,0.0,0.043899,0.0,0.045088,0.007697,0.00535,0.040775,0.0,0.0,0.0
2020-01-06 23:00:00,21.56,22.38,21.18,22.65,21.38,21.45,22.97,20.8,22.06,22.8,22.92,22.89,21.6,20.73,22.58,2.13,0.0,1.0,1.0,0.006,1.0,0.0,0.0,0.923,0.0,1.0,1.0,1.0,0.809,0.0,0.0,0.0,36.0,21.0,23.0,515.84,2022.91,9.39,1595.9,0.0,0.0,1445.58,0.0,1733.99,373.65,242.58,1381.45,0.0,0.0,0.0,26.77,29.22,23.37,27.27,36.0,36.0,28.12,36.0,26.8,24.39,25.15,27.89,36.0,36.0,36.0,0.013364,0.071395,0.000178,0.043751,0.0,0.0,0.043899,0.0,0.045088,0.007697,0.00535,0.040775,0.0,0.0,0.0
2020-01-06 23:15:00,20.94,22.37,20.99,22.12,21.39,21.44,22.95,20.89,21.95,22.78,22.96,22.91,21.71,20.84,22.49,2.04,0.0,0.0,1.0,0.0,0.236,0.0,0.0,0.686,0.821,0.0,0.0,1.0,0.976,1.0,1.0,0.0,36.0,21.0,23.0,0.0,2019.97,0.0,490.96,0.0,0.0,1113.64,807.96,0.0,0.0,241.67,1622.82,914.69,2326.26,0.0,36.0,29.23,36.0,24.64,36.0,36.0,27.83,24.62,36.0,36.0,25.19,28.11,25.91,24.38,36.0,0.0,0.071395,0.0,0.010341,0.0,0.0,0.032597,0.01698,0.0,0.0,0.00535,0.049192,0.021689,0.047883,0.0
2020-01-06 23:30:00,20.68,22.31,20.76,21.75,21.34,21.53,22.89,21.25,21.66,22.7,23.0,22.98,22.14,21.3,22.39,1.96,0.0,0.0,1.0,0.0,0.236,0.0,0.0,0.686,0.821,0.0,0.0,1.0,0.976,1.0,1.0,0.0,36.0,21.0,23.0,0.0,2019.48,0.0,490.8,0.0,0.0,1141.93,731.19,0.0,0.0,240.8,1591.95,808.44,2076.73,0.0,36.0,29.23,36.0,24.65,36.0,36.0,27.62,25.7,36.0,36.0,25.23,28.26,27.08,25.62,36.0,0.0,0.071395,0.0,0.010341,0.0,0.0,0.032597,0.01698,0.0,0.0,0.00535,0.049192,0.021689,0.047883,0.0
2020-01-06 23:45:00,20.58,22.27,20.63,21.63,21.27,21.64,22.82,21.62,21.34,22.62,23.05,23.06,22.57,21.68,22.3,1.87,0.0,0.0,1.0,0.0,0.236,0.0,0.0,0.686,0.821,0.0,0.0,1.0,0.976,1.0,1.0,0.0,36.0,21.0,23.0,0.0,2020.3,0.0,493.49,0.0,0.0,1158.97,686.89,0.0,0.0,239.93,1572.74,749.84,1931.69,0.0,36.0,29.23,36.0,24.58,36.0,36.0,27.49,26.32,36.0,36.0,25.27,28.35,27.73,26.35,36.0,0.0,0.071395,0.0,0.010341,0.0,0.0,0.032597,0.01698,0.0,0.0,0.00535,0.049192,0.021689,0.047883,0.0
2020-01-07 00:00:00,20.49,22.21,20.54,21.56,21.23,21.68,22.76,21.88,20.99,22.53,23.1,23.12,22.84,21.96,22.2,1.76,0.0,0.0,1.0,0.0,0.236,0.0,0.0,0.686,0.821,0.0,0.0,1.0,0.976,1.0,1.0,0.0,36.0,21.0,23.0,0.0,1942.52,0.0,492.78,0.0,0.0,1169.92,659.07,0.0,0.0,239.11,1559.56,714.65,1840.85,0.0,36.0,29.49,36.0,24.6,36.0,36.0,27.41,26.71,36.0,36.0,25.31,28.42,28.12,26.8,36.0,0.0,0.071395,0.0,0.010341,0.0,0.0,0.032597,0.01698,0.0,0.0,0.00535,0.049192,0.021689,0.047883,0.0
2020-01-07 00:15:00,21.06,22.27,21.02,21.26,21.19,21.7,22.8,21.71,21.02,22.54,23.04,23.0,22.79,21.81,22.14,1.65,0.0,1.0,1.0,1.0,0.0,0.0,0.0,1.0,0.0,0.635,1.0,0.0,0.321,0.402,0.0,0.0,36.0,21.0,23.0,522.51,2020.48,959.09,0.0,0.0,0.0,1633.25,0.0,1434.07,401.84,0.0,571.17,312.62,0.0,0.0,26.65,29.23,28.3,36.0,36.0,36.0,27.78,36.0,24.01,23.51,36.0,27.54,27.43,36.0,36.0,0.013364,0.071395,0.029804,0.0,0.0,0.0,0.047544,0.0,0.028625,0.007697,0.0,0.016153,0.008729,0.0,0.0
2020-01-07 00:30:00,21.4,22.36,21.39,21.12,21.22,21.6,22.87,21.31,21.2,22.59,22.91,22.77,22.6,21.47,22.05,1.54,0.0,1.0,1.0,1.0,0.0,0.0,0.0,1.0,0.0,0.635,1.0,0.0,0.321,0.402,0.0,0.0,36.0,21.0,23.0,530.8,2015.91,995.23,0.0,0.0,0.0,1582.65,0.0,1353.43,392.7,0.0,616.64,331.91,0.0,0.0,26.5,29.24,28.01,36.0,36.0,36.0,28.04,36.0,24.69,23.79,36.0,26.87,26.9,36.0,36.0,0.013364,0.071395,0.029804,0.0,0.0,0.0,0.047544,0.0,0.028625,0.007697,0.0,0.016153,0.008729,0.0,0.0
2020-01-07 00:45:00,21.47,22.41,21.38,21.02,21.26,21.45,22.95,20.92,21.41,22.67,22.78,22.55,22.42,21.12,21.98,1.43,0.0,1.0,1.0,1.0,0.0,0.0,0.0,1.0,0.0,0.635,1.0,0.0,0.321,0.402,0.0,0.0,36.0,21.0,23.0,532.33,2010.04,994.85,0.0,0.0,0.0,1553.67,0.0,1305.32,386.65,0.0,647.07,343.95,0.0,0.0,26.47,29.26,28.01,36.0,36.0,36.0,28.18,36.0,25.09,23.98,36.0,26.42,26.57,36.0,36.0,0.013364,0.071395,0.029804,0.0,0.0,0.0,0.047544,0.0,0.028625,0.007697,0.0,0.016153,0.008729,0.0,0.0
2020-01-07 01:00:00,21.49,22.41,21.37,20.91,21.3,21.3,23.0,20.63,21.54,22.73,22.67,22.36,22.28,20.81,21.9,1.33,0.0,1.0,1.0,1.0,0.0,0.0,0.0,1.0,0.0,0.635,1.0,0.0,0.321,0.402,0.0,0.0,36.0,21.0,23.0,536.21,2009.36,998.57,0.0,0.0,0.0,1534.97,0.0,1273.41,382.23,0.0,669.44,352.25,0.0,0.0,26.4,29.27,27.98,36.0,36.0,36.0,28.28,36.0,25.36,24.12,36.0,26.09,26.35,36.0,36.0,0.013364,0.071395,0.029804,0.0,0.0,0.0,0.047544,0.0,0.028625,0.007697,0.0,0.016153,0.008729,0.0,0.0
2020-01-07 01:15:00,20.73,22.3,20.58,21.23,21.27,21.17,22.83,20.77,21.44,22.78,22.66,22.11,22.19,20.88,21.84,1.24,0.0,0.0,1.0,0.0,0.553,0.0,0.0,0.0,1.0,0.0,1.0,1.0,0.0,0.42,1.0,0.0,36.0,21.0,23.0,0.0,2015.44,0.0,1088.53,0.0,0.0,0.0,963.16,0.0,378.85,266.84,0.0,372.45,2282.58,0.0,36.0,29.25,36.0,25.24,36.0,36.0,36.0,24.85,36.0,24.22,24.07,36.0,26.22,24.6,36.0,0.0,0.071395,0.0,0.024202,0.0,0.0,0.0,0.020669,0.0,0.007697,0.00535,0.0,0.009108,0.047883,0.0
2020-01-07 01:30:00,20.37,22.19,20.42,21.45,21.16,21.09,22.45,21.24,21.15,22.84,22.75,21.78,22.1,21.31,21.76,1.14,0.0,0.0,1.0,0.0,0.553,0.0,0.0,0.0,1.0,0.0,1.0,1.0,0.0,0.42,1.0,0.0,36.0,21.0,23.0,0.0,2020.07,0.0,1107.02,0.0,0.0,0.0,849.86,0.0,376.16,258.11,0.0,376.05,2048.11,0.0,36.0,29.23,36.0,25.06,36.0,36.0,36.0,26.16,36.0,24.31,24.46,36.0,26.12,25.77,36.0,0.0,0.071395,0.0,0.024202,0.0,0.0,0.0,0.020669,0.0,0.007697,0.00535,0.0,0.009108,0.047883,0.0
2020-01-07 01:45:00,20.2,22.16,20.37,21.43,21.0,21.06,22.11,21.69,20.82,22.89,22.84,21.51,22.03,21.64,21.68,1.04,0.0,0.0,1.0,0.0,0.553,0.0,0.0,0.0,1.0,0.0,1.0,1.0,0.0,0.42,1.0,0.0,36.0,21.0,23.0,0.0,2023.49,0.0,1113.32,0.0,0.0,0.0,786.62,0.0,373.89,252.5,0.0,379.01,1912.36,0.0,36.0,29.22,36.0,24.99,36.0,36.0,36.0,26.9,36.0,24.38,24.71,36.0,26.05,26.45,36.0,0.0,0.071395,0.0,0.024202,0.0,0.0,0.0,0.020669,0.0,0.007697,0.00535,0.0,0.009108,0.047883,0.0
2020-01-07 02:00:00,20.06,22.1,20.3,21.4,20.89,21.05,21.82,21.98,20.56,22.94,22.93,21.26,21.97,21.86,21.6,0.94,0.0,0.0,1.0,0.0,0.553,0.0,0.0,0.0,1.0,0.0,1.0,1.0,0.0,0.42,1.0,0.0,36.0,21.0,23.0,0.0,1946.35,0.0,1099.18,0.0,0.0,0.0,748.09,0.0,371.97,248.59,0.0,381.37,1828.78,0.0,36.0,29.48,36.0,25.13,36.0,36.0,36.0,27.34,36.0,24.44,24.88,36.0,25.98,26.86,36.0,0.0,0.071395,0.0,0.024202,0.0,0.0,0.0,0.020669,0.0,0.007697,0.00535,0.0,0.009108,0.047883,0.0
2020-01-07 02:15:00,20.6,22.16,20.8,21.79,20.9,21.11,21.9,21.81,20.71,22.91,22.98,21.41,21.72,21.98,21.63,0.85,0.0,1.0,1.0,1.0,1.0,1.0,0.327,1.0,0.0,1.0,0.0,1.0,1.0,0.0,1.0,1.0,36.0,21.0,23.0,565.59,2023.26,1003.53,1734.32,446.44,91.85,2028.81,0.0,2227.22,0.0,245.63,2287.64,0.0,1770.84,544.55,25.87,29.22,27.94,26.52,22.04,20.8,25.79,36.0,24.18,36.0,25.02,25.14,36.0,27.15,22.55,0.013364,0.071395,0.029804,0.043751,0.007653,0.001445,0.047544,0.0,0.045088,0.0,0.00535,0.050389,0.0,0.047883,0.009687
2020-01-07 02:30:00,21.01,22.29,21.33,22.1,21.09,21.23,22.17,21.4,21.12,22.84,23.04,21.81,21.34,22.12,21.75,0.75,0.0,1.0,1.0,1.0,1.0,1.0,0.327,1.0,0.0,1.0,0.0,1.0,1.0,0.0,1.0,1.0,36.0,21.0,23.0,572.46,2016.5,1039.46,1726.23,447.62,90.68,1834.0,0.0,1999.81,0.0,243.36,2031.77,0.0,1730.95,524.89,25.75,29.24,27.66,26.56,22.01,20.99,26.77,36.0,25.39,36.0,25.12,26.35,36.0,27.35,23.04,0.013364,0.071395,0.029804,0.043751,0.007653,0.001445,0.047544,0.0,0.045088,0.0,0.00535,0.050389,0.0,0.047883,0.009687
2020-01-07 02:45:00,21.09,22.36,21.4,22.21,21.24,21.39,22.44,20.96,21.53,22.76,23.1,22.18,21.01,22.24,21.89,0.65,0.0,1.0,1.0,1.0,1.0,1.0,0.327,1.0,0.0,1.0,0.0,1.0,1.0,0.0,1.0,1.0,36.0,21.0,23.0,570.28,2007.81,1034.18,1713.32,445.99,89.78,1726.84,0.0,1867.82,0.0,241.53,1888.81,0.0,1701.03,511.52,25.79,29.27,27.7,26.63,22.06,21.14,27.31,36.0,26.09,36.0,25.2,27.03,36.0,27.5,23.37,0.013364,0.071395,0.029804,0.043751,0.007653,0.001445,0.047544,0.0,0.045088,0.0,0.00535,0.050389,0.0,0.047883,0.009687
2020-01-07 03:00:00,21.13,22.33,21.38,22.25,21.36,21.49,22.65,20.62,21.77,22.67,23.15,22.41,20.71,22.36,22.02,0.61,0.0,1.0,1.0,1.0,1.0,1.0,0.327,1.0,0.0,1.0,0.0,1.0,1.0,0.0,1.0,1.0,36.0,21.0,23.0,558.82,1927.94,990.94,1664.49,442.67,89.04,1662.03,0.0,1784.05,0.0,240.03,1801.18,0.0,1678.04,501.79,26.0,29.54,28.05,26.9,22.16,21.26,27.64,36.0,26.53,36.0,25.27,27.45,36.0,27.62,23.61,0.013364,0.071395,0.029804,0.043751,0.007653,0.001445,0.047544,0.0,0.045088,0.0,0.00535,0.050389,0.0,0.047883,0.009687
2020-01-07 03:15:00,20.54,22.23,20.49,21.38,21.26,21.57,22.49,20.78,21.65,22.62,23.1,22.27,20.9,22.43,22.0,0.57,0.0,0.206,1.0,0.0,0.0,0.0,0.0,0.0,1.0,0.0,0.0,0.0,0.0,1.0,1.0,0.0,36.0,21.0,23.0,150.78,2008.57,0.0,0.0,0.0,0.0,0.0,953.43,0.0,0.0,0.0,0.0,996.45,1657.6,0.0,22.87,29.27,36.0,36.0,36.0,36.0,36.0,24.96,36.0,36.0,36.0,36.0,25.01,27.72,36.0,0.002747,0.071395,0.0,0.0,0.0,0.0,0.0,0.020669,0.0,0.0,0.0,0.0,0.021689,0.047883,0.0
2020-01-07 03:30:00,20.21,22.09,20.13,20.71,21.16,21.53,22.13,21.24,21.33,22.55,22.98,21.92,21.42,22.5,21.92,0.52,0.0,0.206,1.0,0.0,0.0,0.0,0.0,0.0,1.0,0.0,0.0,0.0,0.0,1.0,1.0,0.0,36.0,21.0,23.0,151.41,2015.02,0.0,0.0,0.0,0.0,0.0,843.75,0.0,0.0,0.0,0.0,870.29,1641.63,0.0,22.82,29.25,36.0,36.0,36.0,36.0,36.0,26.23,36.0,36.0,36.0,36.0,26.4,27.8,36.0,0.002747,0.071395,0.0,0.0,0.0,0.0,0.0,0.020669,0.0,0.0,0.0,0.0,0.021689,0.047883,0.0
2020-01-07 03:45:00,20.09,22.02,19.97,20.5,20.98,21.46,21.79,21.68,20.99,22.48,22.85,21.55,21.92,22.53,21.82,0.48,0.0,0.206,1.0,0.0,0.0,0.0,0.0,0.0,1.0,0.0,0.0,0.0,0.0,1.0,1.0,0.0,36.0,21.0,23.0,152.09,2020.46,0.0,0.0,0.0,0.0,0.0,782.76,0.0,0.0,0.0,0.0,800.04,1628.2,0.0,22.76,29.23,36.0,36.0,36.0,36.0,36.0,26.94,36.0,36.0,36.0,36.0,27.18,27.87,36.0,0.002747,0.071395,0.0,0.0,0.0,0.0,0.0,0.020669,0.0,0.0,0.0,0.0,0.021689,0.047883,0.0
2020-01-07 04:00:00,19.99,21.98,19.86,20.34,20.83,21.43,21.52,21.94,20.67,22.42,22.73,21.21,22.21,22.57,21.73,0.43,0.0,0.206,1.0,0.0,0.0,0.0,0.0,0.0,1.0,0.0,0.0,0.0,0.0,1.0,1.0,0.0,36.0,21.0,23.0,152.6,2023.54,0.0,0.0,0.0,0.0,0.0,745.05,0.0,0.0,0.0,0.0,756.83,1617.03,0.0,22.71,29.22,36.0,36.0,36.0,36.0,36.0,27.38,36.0,36.0,36.0,36.0,27.65,27.92,36.0,0.002747,0.071395,0.0,0.0,0.0,0.0,0.0,0.020669,0.0,0.0,0.0,0.0,0.021689,0.047883,0.0
2020-01-07 04:15:00,20.45,22.04,20.44,21.04,20.85,21.43,21.59,21.79,20.76,22.37,22.72,21.31,22.05,22.6,21.74,0.39,0.0,1.0,1.0,1.0,1.0,1.0,0.0,1.0,0.0,1.0,0.0,0.923,1.0,0.0,1.0,1.0,36.0,21.0,23.0,578.88,2021.96,1035.42,1775.36,445.46,0.0,2105.57,0.0,2185.51,0.0,246.66,2281.16,0.0,1607.43,532.27,25.64,29.22,27.69,26.29,22.07,36.0,25.41,36.0,24.4,36.0,24.05,25.17,36.0,27.97,22.86,0.013364,0.071395,0.029804,0.043751,0.007653,0.0,0.047544,0.0,0.045088,0.0,0.004936,0.050389,0.0,0.047883,0.009687
2020-01-07 04:30:00,20.81,22.18,21.04,21.73,21.05,21.48,21.9,21.36,21.16,22.31,22.79,21.72,21.58,22.65,21.84,0.34,0.0,1.0,1.0,1.0,1.0,1.0,0.0,1.0,0.0,1.0,0.0,0.923,1.0,0.0,1.0,1.0,36.0,21.0,23.0,581.6,2016.25,1074.54,1807.52,447.13,0.0,1896.33,0.0,1972.48,0.0,239.31,2037.64,0.0,1598.73,515.5,25.59,29.24,27.37,26.12,22.02,36.0,26.46,36.0,25.53,36.0,24.4,26.33,36.0,28.01,23.27,0.013364,0.071395,0.029804,0.043751,0.007653,0.0,0.047544,0.0,0.045088,0.0,0.004936,0.050389,0.0,0.047883,0.009687
2020-01-07 04:45:00,20.92,22.27,21.17,21.87,21.21,21.57,22.22,20.89,21.56,22.25,22.88,22.1,21.07,22.7,21.97,0.3,0.0,1.0,1.0,1.0,1.0,1.0,0.0,1.0,0.0,1.0,0.0,0.923,1.0,0.0,1.0,1.0,36.0,21.0,23.0,576.72,2007.67,1063.83,1800.72,445.4,0.0,1778.98,0.0,1848.54,0.0,234.59,1899.14,0.0,1590.65,504.11,25.68,29.27,27.46,26.15,22.08,36.0,27.05,36.0,26.19,36.0,24.63,26.98,36.0,28.05,23.55,0.013364,0.071395,0.029804,0.043751,0.007653,0.0,0.047544,0.0,0.045088,0.0,0.004936,0.050389,0.0,0.047883,0.009687
2020-01-07 05:00:00,20.98,22.29,21.21,21.91,21.36,21.66,22.43,20.57,21.77,22.2,22.94,22.32,20.71,22.76,22.08,0.25,0.0,1.0,1.0,1.0,1.0,1.0,0.0,1.0,0.0,1.0,0.0,0.923,1.0,0.0,1.0,1.0,36.0,21.0,23.0,574.04,2004.81,1061.75,1808.96,443.8,0.0,1705.71,0.0,1769.09,0.0,231.26,1812.62,0.0,1582.95,495.65,25.72,29.28,27.48,26.11,22.13,36.0,27.42,36.0,26.61,36.0,24.79,27.39,36.0,28.09,23.76,0.013364,0.071395,0.029804,0.043751,0.007653,0.0,0.047544,0.0,0.045088,0.0,0.004936,0.050389,0.0,0.047883,0.009687
2020-01-07 05:15:00,20.79,22.17,20.33,20.96,21.28,21.63,22.54,20.7,21.67,22.15,22.91,22.19,20.85,22.57,22.07,0.21,0.0,0.763,1.0,0.0,0.0,0.0,0.0,1.0,1.0,0.0,0.0,0.0,0.0,1.0,0.0,0.0,36.0,21.0,23.0,467.5,2009.8,0.0,0.0,0.0,0.0,1657.74,955.92,0.0,0.0,0.0,0.0,981.12,0.0,0.0,25.03,29.27,36.0,36.0,36.0,36.0,27.66,24.94,36.0,36.0,36.0,36.0,25.18,36.0,36.0,0.010192,0.071395,0.0,0.0,0.0,0.0,0.047544,0.020669,0.0,0.0,0.0,0.0,0.021689,0.0,0.0
2020-01-07 05:30:00,20.61,22.02,20.0,20.25,21.28,21.46,22.62,21.16,21.36,22.09,22.8,21.82,21.35,22.18,21.99,0.16,0.0,0.763,1.0,0.0,0.0,0.0,0.0,1.0,1.0,0.0,0.0,0.0,0.0,1.0,0.0,0.0,36.0,21.0,23.0,464.44,2015.64,0.0,0.0,0.0,0.0,1625.72,846.62,0.0,0.0,0.0,0.0,863.77,0.0,0.0,25.1,29.25,36.0,36.0,36.0,36.0,27.82,26.2,36.0,36.0,36.0,36.0,26.47,36.0,36.0,0.010192,0.071395,0.0,0.0,0.0,0.0,0.047544,0.020669,0.0,0.0,0.0,0.0,0.021689,0.0,0.0
2020-01-07 05:45:00,20.57,21.97,19.88,20.04,21.25,21.22,22.68,21.6,21.02,22.04,22.68,21.43,21.83,21.76,21.88,0.12,0.0,0.763,1.0,0.0,0.0,0.0,0.0,1.0,1.0,0.0,0.0,0.0,0.0,1.0,0.0,0.0,36.0,21.0,23.0,462.28,2021.0,0.0,0.0,0.0,0.0,1602.53,785.79,0.0,0.0,0.0,0.0,798.39,0.0,0.0,25.15,29.23,36.0,36.0,36.0,36.0,27.94,26.91,36.0,36.0,36.0,36.0,27.19,36.0,36.0,0.010192,0.071395,0.0,0.0,0.0,0.0,0.047544,0.020669,0.0,0.0,0.0,0.0,0.021689,0.0,0.0
2020-01-07 06:00:00,20.55,21.94,19.8,19.89,21.22,20.99,22.73,21.87,20.74,21.99,22.58,21.07,22.12,21.41,21.79,0.08,0.0,0.763,1.0,0.0,0.0,0.0,0.0,1.0,1.0,0.0,0.0,0.0,0.0,1.0,0.0,0.0,36.0,21.0,23.0,459.63,2023.57,0.0,0.0,0.0,0.0,1585.22,748.04,0.0,0.0,0.0,0.0,757.9,0.0,0.0,25.21,29.22,36.0,36.0,36.0,36.0,28.02,27.34,36.0,36.0,36.0,36.0,27.64,36.0,36.0,0.010192,0.071395,0.0,0.0,0.0,0.0,0.047544,0.020669,0.0,0.0,0.0,0.0,0.021689,0.0,0.0
2020-01-07 06:15:00,20.77,22.0,20.32,20.6,21.27,20.92,22.55,21.73,20.84,21.94,22.49,21.15,21.95,21.44,21.72,0.04,0.0,1.0,1.0,1.0,1.0,1.0,1.0,0.0,0.0,1.0,0.0,0.0,1.0,0.0,1.0,0.0,36.0,21.0,23.0,559.13,2021.66,1049.32,1875.22,442.61,270.04,0.0,0.0,2177.45,0.0,0.0,2301.09,0.0,2123.51,0.0,25.99,29.23,27.58,25.75,22.16,21.38,36.0,36.0,24.45,36.0,36.0,25.08,36.0,25.39,36.0,0.013364,0.071395,0.029804,0.043751,0.007653,0.004419,0.0,0.0,0.045088,0.0,0.0,0.050389,0.0,0.047883,0.0
2020-01-07 06:30:00,21.02,22.12,20.9,21.35,21.31,21.08,22.21,21.31,21.22,21.89,22.4,21.55,21.49,21.75,21.63,0.01,0.0,1.0,1.0,1.0,1.0,1.0,1.0,0.0,0.0,1.0,0.0,0.0,1.0,0.0,1.0,0.0,36.0,21.0,23.0,554.38,2016.97,1093.34,1905.34,442.97,259.64,0.0,0.0,1966.02,0.0,0.0,2056.26,0.0,1920.55,0.0,26.08,29.24,27.22,25.58,22.15,21.94,36.0,36.0,25.57,36.0,36.0,26.24,36.0,26.4,36.0,0.013364,0.071395,0.029804,0.043751,0.007653,0.004419,0.0,0.0,0.045088,0.0,0.0,0.050389,0.0,0.047883,0.0
2020-01-07 06:45:00,21.18,22.21,21.02,21.51,21.29,21.35,21.89,20.85,21.58,21.83,22.31,21.95,20.99,22.1,21.56,-0.03,0.0,1.0,1.0,1.0,1.0,1.0,1.0,0.0,0.0,1.0,0.0,0.0,1.0,0.0,1.0,0.0,36.0,21.0,23.0,546.88,2008.43,1082.63,1889.67,442.21,252.27,0.0,0.0,1843.73,0.0,0.0,1917.43,0.0,1806.61,0.0,26.21,29.27,27.31,25.67,22.18,22.34,36.0,36.0,26.22,36.0,36.0,26.9,36.0,26.97,36.0,0.013364,0.071395,0.029804,0.043751,0.007653,0.004419,0.0,0.0,0.045088,0.0,0.0,0.050389,0.0,0.047883,0.0
2020-01-07 07:00:00,21.25,22.23,21.06,21.56,21.28,21.57,21.64,20.53,21.76,21.79,22.22,22.2,20.63,22.31,21.49,-0.06,0.0,1.0,1.0,1.0,1.0,1.0,1.0,0.0,0.0,1.0,0.0,0.0,1.0,0.0,1.0,0.0,36.0,21.0,23.0,541.41,2005.93,1080.67,1890.29,441.69,246.56,0.0,0.0,1766.08,0.0,0.0,1829.71,0.0,1734.84,0.0,26.31,29.28,27.33,25.66,22.19,22.65,36.0,36.0,26.63,36.0,36.0,27.31,36.0,27.33,36.0,0.013364,0.071395,0.029804,0.043751,0.007653,0.004419,0.0,0.0,0.045088,0.0,0.0,0.050389,0.0,0.047883,0.0
2020-01-07 07:15:00,20.59,22.17,20.58,20.67,21.13,21.63,21.7,20.66,21.74,21.74,22.15,22.09,20.76,22.42,21.43,-0.09,0.0,0.0,1.0,0.39,0.0,0.0,0.0,1.0,1.0,0.403,0.0,0.0,0.0,1.0,0.907,0.0,36.0,21.0,23.0,0.0,2007.43,563.55,0.0,0.0,0.0,2082.02,958.6,758.24,0.0,0.0,0.0,986.2,1553.8,0.0,36.0,29.27,24.4,36.0,36.0,36.0,25.52,24.9,26.01,36.0,36.0,36.0,25.12,27.44,36.0,0.0,0.071395,0.011622,0.0,0.0,0.0,0.047544,0.020669,0.018149,0.0,0.0,0.0,0.021689,0.043436,0.0
2020-01-07 07:30:00,20.28,22.08,20.34,20.02,21.14,21.6,21.97,21.11,21.62,21.69,22.06,21.74,21.25,22.49,21.35,-0.13,0.0,0.0,1.0,0.39,0.0,0.0,0.0,1.0,1.0,0.403,0.0,0.0,0.0,1.0,0.907,0.0,36.0,21.0,23.0,0.0,2010.75,551.06,0.0,0.0,0.0,1879.16,849.1,794.32,0.0,0.0,0.0,868.78,1540.32,0.0,36.0,29.26,24.66,36.0,36.0,36.0,26.54,26.17,25.53,36.0,36.0,36.0,26.42,27.52,36.0,0.0,0.071395,0.011622,0.0,0.0,0.0,0.047544,0.020669,0.018149,0.0,0.0,0.0,0.021689,0.043436,0.0
2020-01-07 07:45:00,20.17,22.05,20.3,19.9,21.18,21.55,22.25,21.54,21.53,21.64,21.98,21.36,21.71,22.53,21.28,-0.16,0.0,0.0,1.0,0.39,0.0,0.0,0.0,1.0,1.0,0.403,0.0,0.0,0.0,1.0,0.907,0.0,36.0,21.0,23.0,0.0,2013.93,543.13,0.0,0.0,0.0,1766.69,788.41,816.04,0.0,0.0,0.0,803.74,1528.55,0.0,36.0,29.25,24.82,36.0,36.0,36.0,27.11,26.87,25.24,36.0,36.0,36.0,27.13,27.58,36.0,0.0,0.071395,0.011622,0.0,0.0,0.0,0.047544,0.020669,0.018149,0.0,0.0,0.0,0.021689,0.043436,0.0
2020-01-07 08:00:00,20.1,22.05,20.32,19.87,21.23,21.5,22.42,21.81,21.47,21.59,21.91,21.04,21.99,22.56,21.22,-0.08,0.0,0.0,1.0,0.39,0.0,0.0,0.0,1.0,1.0,0.403,0.0,0.0,0.0,1.0,0.907,0.0,36.0,21.0,23.0,0.0,2013.74,533.66,0.0,0.0,0.0,1697.39,750.95,830.29,0.0,0.0,0.0,763.74,1518.91,0.0,36.0,29.25,25.02,36.0,36.0,36.0,27.46,27.31,25.06,36.0,36.0,36.0,27.58,27.63,36.0,0.0,0.071395,0.011622,0.0,0.0,0.0,0.047544,0.020669,0.018149,0.0,0.0,0.0,0.021689,0.043436,0.0
2020-01-07 08:15:00,20.67,21.81,20.73,20.68,21.24,21.44,22.3,21.67,21.31,21.55,21.84,21.15,21.83,22.37,21.23,0.01,9.0,1.0,0.526,1.0,1.0,0.201,0.0,0.0,0.0,0.0,0.0,0.0,1.0,0.0,0.0,1.0,36.0,21.0,23.0,533.35,1311.89,982.65,1793.14,94.07,0.0,0.0,0.0,0.0,0.0,0.0,2313.34,0.0,0.0,559.65,26.45,27.64,28.11,26.19,21.34,36.0,36.0,36.0,36.0,36.0,36.0,25.02,36.0,36.0,22.18,0.013364,0.037548,0.029804,0.043751,0.001535,0.0,0.0,0.0,0.0,0.0,0.0,0.050389,0.0,0.0,0.009687
2020-01-07 08:30:00,21.11,21.87,21.17,21.54,21.17,21.38,22.07,21.4,21.04,21.5,21.77,21.66,21.55,22.03,21.36,0.09,58.6,1.0,0.526,1.0,1.0,0.201,0.0,0.0,0.0,0.0,0.0,0.0,1.0,0.0,0.0,1.0,36.0,21.0,23.0,535.21,1266.45,935.54,1780.33,93.6,0.0,0.0,0.0,0.0,0.0,0.0,2045.95,0.0,0.0,539.26,26.42,27.93,28.49,26.26,21.41,36.0,36.0,36.0,36.0,36.0,36.0,26.29,36.0,36.0,22.68,0.013364,0.037548,0.029804,0.043751,0.001535,0.0,0.0,0.0,0.0,0.0,0.0,0.050389,0.0,0.0,0.009687
2020-01-07 08:45:00,21.28,22.08,21.52,21.81,21.09,21.4,21.88,21.26,20.77,21.45,21.69,22.23,21.39,21.69,21.51,0.18,108.3,1.0,0.526,1.0,1.0,0.201,0.0,0.0,0.0,0.0,0.0,0.0,1.0,0.0,0.0,1.0,36.0,21.0,23.0,528.66,1227.39,868.11,1735.97,93.19,0.0,0.0,0.0,0.0,0.0,0.0,1869.4,0.0,0.0,525.4,26.54,28.18,29.03,26.51,21.48,36.0,36.0,36.0,36.0,36.0,36.0,27.12,36.0,36.0,23.02,0.013364,0.037548,0.029804,0.043751,0.001535,0.0,0.0,0.0,0.0,0.0,0.0,0.050389,0.0,0.0,0.009687
2020-01-07 09:00:00,21.45,22.28,21.82,22.02,21.02,21.51,21.81,21.29,20.6,21.41,21.62,22.63,21.44,21.43,21.64,0.45,158.0,1.0,0.526,1.0,1.0,0.201,0.0,0.0,0.0,0.0,0.0,0.0,1.0,0.0,0.0,1.0,36.0,21.0,23.0,524.47,1200.93,817.65,1712.71,93.45,0.0,0.0,0.0,0.0,0.0,0.0,1738.71,0.0,0.0,515.06,26.61,28.35,29.44,26.63,21.44,36.0,36.0,36.0,36.0,36.0,36.0,27.75,36.0,36.0,23.28,0.013364,0.037548,0.029804,0.043751,0.001535,0.0,0.0,0.0,0.0,0.0,0.0,0.050389,0.0,0.0,0.009687
2020-01-07 09:15:00,20.84,21.78,21.16,21.27,21.06,21.56,21.8,21.46,20.77,21.36,21.55,22.7,21.61,21.26,21.65,0.73,207.6,0.0,0.0,0.0,0.0,0.558,0.0,0.0,0.0,1.0,0.0,0.0,0.0,0.0,0.0,0.0,36.0,21.0,23.0,0.0,0.0,0.0,0.0,250.79,0.0,0.0,0.0,2220.0,0.0,0.0,0.0,0.0,0.0,0.0,36.0,36.0,36.0,36.0,21.95,36.0,36.0,36.0,24.22,36.0,36.0,36.0,36.0,36.0,36.0,0.0,0.0,0.0,0.0,0.004271,0.0,0.0,0.0,0.045088,0.0,0.0,0.0,0.0,0.0,0.0
2020-01-07 09:30:00,20.57,21.56,20.99,20.75,21.14,21.5,21.82,21.72,21.24,21.32,21.48,22.56,21.89,21.1,21.57,1.0,246.1,0.0,0.0,0.0,0.0,0.558,0.0,0.0,0.0,1.0,0.0,0.0,0.0,0.0,0.0,0.0,36.0,21.0,23.0,0.0,0.0,0.0,0.0,251.31,0.0,0.0,0.0,1984.43,0.0,0.0,0.0,0.0,0.0,0.0,36.0,36.0,36.0,36.0,21.92,36.0,36.0,36.0,25.47,36.0,36.0,36.0,36.0,36.0,36.0,0.0,0.0,0.0,0.0,0.004271,0.0,0.0,0.0,0.045088,0.0,0.0,0.0,0.0,0.0,0.0
2020-01-07 09:45:00,20.54,21.55,21.11,20.68,21.22,21.4,21.85,22.06,21.71,21.27,21.41,22.39,22.26,20.96,21.47,1.28,284.6,0.0,0.0,0.0,0.0,0.558,0.0,0.0,0.0,1.0,0.0,0.0,0.0,0.0,0.0,0.0,36.0,21.0,23.0,0.0,0.0,0.0,0.0,251.37,0.0,0.0,0.0,1843.92,0.0,0.0,0.0,0.0,0.0,0.0,36.0,36.0,36.0,36.0,21.92,36.0,36.0,36.0,26.22,36.0,36.0,36.0,36.0,36.0,36.0,0.0,0.0,0.0,0.0,0.004271,0.0,0.0,0.0,0.045088,0.0,0.0,0.0,0.0,0.0,0.0
2020-01-07 10:00:00,20.58,21.56,21.3,20.72,21.3,21.3,21.88,22.46,21.98,21.22,21.34,22.25,22.68,20.85,21.39,1.61,323.1,0.0,0.0,0.0,0.0,0.558,0.0,0.0,0.0,1.0,0.0,0.0,0.0,0.0,0.0,0.0,36.0,21.0,23.0,0.0,0.0,0.0,0.0,251.37,0.0,0.0,0.0,1751.01,0.0,0.0,0.0,0.0,0.0,0.0,36.0,36.0,36.0,36.0,21.92,36.0,36.0,36.0,26.71,36.0,36.0,36.0,36.0,36.0,36.0,0.0,0.0,0.0,0.0,0.004271,0.0,0.0,0.0,0.045088,0.0,0.0,0.0,0.0,0.0,0.0
2020-01-07 10:15:00,21.15,21.56,21.67,21.44,21.25,21.26,21.89,22.89,21.94,21.18,21.28,22.16,23.12,21.02,21.31,1.93,361.6,1.0,0.0,0.0,0.743,0.0,0.0,0.0,0.0,0.0,0.0,0.0,0.0,0.0,0.872,0.0,36.0,21.0,23.0,518.64,0.0,0.0,1337.91,0.0,0.0,0.0,0.0,0.0,0.0,0.0,0.0,0.0,2071.06,0.0,26.72,36.0,36.0,26.15,36.0,36.0,36.0,36.0,36.0,36.0,36.0,36.0,36.0,24.14,36.0,0.013364,0.0,0.0,0.032486,0.0,0.0,0.0,0.0,0.0,0.0,0.0,0.0,0.0,0.041767,0.0
2020-01-07 10:30:00,21.61,21.54,22.07,22.06,21.21,21.26,21.86,23.4,21.72,21.14,21.21,22.06,23.65,21.48,21.24,2.26,375.1,1.0,0.0,0.0,0.743,0.0,0.0,0.0,0.0,0.0,0.0,0.0,0.0,0.0,0.872,0.0,36.0,21.0,23.0,521.97,0.0,0.0,1334.77,0.0,0.0,0.0,0.0,0.0,0.0,0.0,0.0,0.0,1853.04,0.0,26.66,36.0,36.0,26.17,36.0,36.0,36.0,36.0,36.0,36.0,36.0,36.0,36.0,25.39,36.0,0.013364,0.0,0.0,0.032486,0.0,0.0,0.0,0.0,0.0,0.0,0.0,0.0,0.0,0.041767,0.0
2020-01-07 10:45:00,21.81,21.5,22.32,22.27,21.13,21.31,21.79,23.89,21.49,21.09,21.14,21.96,24.16,21.95,21.16,2.59,388.5,1.0,0.0,0.0,0.743,0.0,0.0,0.0,0.0,0.0,0.0,0.0,0.0,0.0,0.872,0.0,36.0,21.0,23.0,515.57,0.0,0.0,1316.13,0.0,0.0,0.0,0.0,0.0,0.0,0.0,0.0,0.0,1720.21,0.0,26.77,36.0,36.0,26.31,36.0,36.0,36.0,36.0,36.0,36.0,36.0,36.0,36.0,26.15,36.0,0.013364,0.0,0.0,0.032486,0.0,0.0,0.0,0.0,0.0,0.0,0.0,0.0,0.0,0.041767,0.0
2020-01-07 11:00:00,21.95,21.43,22.48,22.42,21.05,21.39,21.71,24.36,21.3,21.05,21.08,21.86,24.63,22.25,21.09,2.89,402.0,1.0,0.0,0.0,0.743,0.0,0.0,0.0,0.0,0.0,0.0,0.0,0.0,0.0,0.872,0.0,36.0,21.0,23.0,511.42,0.0,0.0,1305.02,0.0,0.0,0.0,0.0,0.0,0.0,0.0,0.0,0.0,1630.97,0.0,26.84,36.0,36.0,26.39,36.0,36.0,36.0,36.0,36.0,36.0,36.0,36.0,36.0,26.66,36.0,0.013364,0.0,0.0,0.032486,0.0,0.0,0.0,0.0,0.0,0.0,0.0,0.0,0.0,0.041767,0.0
2020-01-07 11:15:00,21.5,21.36,22.47,21.89,20.98,21.39,21.62,24.78,21.17,21.01,21.02,21.76,25.06,22.22,21.03,3.19,415.5,0.0,0.0,0.0,0.0,0.069,0.0,0.0,0.0,0.0,0.152,0.025,0.0,0.0,0.0,0.0,36.0,21.0,23.0,0.0,0.0,0.0,0.0,33.01,0.0,0.0,0.0,0.0,71.89,8.12,0.0,0.0,0.0,0.0,36.0,36.0,36.0,36.0,20.97,36.0,36.0,36.0,36.0,21.28,21.31,36.0,36.0,36.0,36.0,0.0,0.0,0.0,0.0,0.000525,0.0,0.0,0.0,0.0,0.001169,0.000132,0.0,0.0,0.0,0.0
2020-01-07 11:30:00,21.4,21.24,22.44,21.61,20.92,21.31,21.51,25.29,21.06,20.99,20.96,21.62,25.57,22.0,20.96,3.49,438.6,0.0,0.0,0.0,0.0,0.069,0.0,0.0,0.0,0.0,0.152,0.025,0.0,0.0,0.0,0.0,36.0,21.0,23.0,0.0,0.0,0.0,0.0,33.1,0.0,0.0,0.0,0.0,71.73,8.15,0.0,0.0,0.0,0.0,36.0,36.0,36.0,36.0,20.93,36.0,36.0,36.0,36.0,21.32,21.27,36.0,36.0,36.0,36.0,0.0,0.0,0.0,0.0,0.000525,0.0,0.0,0.0,0.0,0.001169,0.000132,0.0,0.0,0.0,0.0
2020-01-07 11:45:00,21.41,21.17,22.52,21.6,20.86,21.18,21.42,25.81,20.97,20.97,20.9,21.48,26.11,21.75,20.9,3.79,461.7,0.0,0.0,0.0,0.0,0.069,0.0,0.0,0.0,0.0,0.152,0.025,0.0,0.0,0.0,0.0,36.0,21.0,23.0,0.0,0.0,0.0,0.0,33.19,0.0,0.0,0.0,0.0,71.66,8.18,0.0,0.0,0.0,0.0,36.0,36.0,36.0,36.0,20.89,36.0,36.0,36.0,36.0,21.33,21.21,36.0,36.0,36.0,36.0,0.0,0.0,0.0,0.0,0.000525,0.0,0.0,0.0,0.0,0.001169,0.000132,0.0,0.0,0.0,0.0
2020-01-07 12:00:00,21.46,21.14,22.67,21.67,20.8,21.07,21.34,26.4,20.93,20.95,20.85,21.37,26.72,21.58,20.83,4.04,484.8,0.0,0.0,0.0,0.0,0.069,0.0,0.0,0.0,0.0,0.152,0.025,0.0,0.0,0.0,0.0,36.0,21.0,23.0,0.0,0.0,0.0,0.0,33.28,0.0,0.0,0.0,0.0,71.65,8.21,0.0,0.0,0.0,0.0,36.0,36.0,36.0,36.0,20.85,36.0,36.0,36.0,36.0,21.33,21.16,36.0,36.0,36.0,36.0,0.0,0.0,0.0,0.0,0.000525,0.0,0.0,0.0,0.0,0.001169,0.000132,0.0,0.0,0.0,0.0
2020-01-07 12:15:00,21.53,21.12,22.81,21.82,20.87,20.99,21.29,26.99,21.23,20.98,20.89,21.27,27.33,21.51,20.86,4.29,507.9,0.0,0.0,0.0,0.0,1.0,0.059,0.0,0.0,1.0,1.0,1.0,0.0,0.0,0.0,1.0,36.0,21.0,23.0,0.0,0.0,0.0,0.0,438.58,16.6,0.0,0.0,2209.03,456.28,314.43,0.0,0.0,0.0,574.74,36.0,36.0,36.0,36.0,22.29,20.72,36.0,36.0,24.28,21.82,21.94,36.0,36.0,36.0,21.81,0.0,0.0,0.0,0.0,0.007653,0.00026,0.0,0.0,0.045088,0.007697,0.00535,0.0,0.0,0.0,0.009687
2020-01-07 12:30:00,21.59,21.12,22.93,21.95,21.1,20.95,21.26,27.48,21.75,21.07,21.03,21.2,27.82,21.5,20.98,4.53,508.7,0.0,0.0,0.0,0.0,1.0,0.059,0.0,0.0,1.0,1.0,1.0,0.0,0.0,0.0,1.0,36.0,21.0,23.0,0.0,0.0,0.0,0.0,438.99,16.6,0.0,0.0,1932.99,443.88,300.83,0.0,0.0,0.0,553.56,36.0,36.0,36.0,36.0,22.28,20.73,36.0,36.0,25.74,22.2,22.55,36.0,36.0,36.0,22.33,0.0,0.0,0.0,0.0,0.007653,0.00026,0.0,0.0,0.045088,0.007697,0.00535,0.0,0.0,0.0,0.009687
2020-01-07 12:45:00,21.63,21.11,23.02,22.12,21.29,20.93,21.24,27.99,22.37,21.2,21.2,21.11,28.33,21.54,21.15,4.78,509.4,0.0,0.0,0.0,0.0,1.0,0.059,0.0,0.0,1.0,1.0,1.0,0.0,0.0,0.0,1.0,36.0,21.0,23.0,0.0,0.0,0.0,0.0,435.65,16.6,0.0,0.0,1753.07,435.23,291.67,0.0,0.0,0.0,539.1,36.0,36.0,36.0,36.0,22.38,20.73,36.0,36.0,26.7,22.47,22.96,36.0,36.0,36.0,22.69,0.0,0.0,0.0,0.0,0.007653,0.00026,0.0,0.0,0.045088,0.007697,0.00535,0.0,0.0,0.0,0.009687
2020-01-07 13:00:00,21.66,21.08,23.11,22.3,21.49,20.93,21.19,28.44,22.81,21.3,21.34,21.03,28.76,21.63,21.29,4.93,510.1,0.0,0.0,0.0,0.0,1.0,0.059,0.0,0.0,1.0,1.0,1.0,0.0,0.0,0.0,1.0,36.0,21.0,23.0,0.0,0.0,0.0,0.0,432.06,16.61,0.0,0.0,1616.49,428.68,284.95,0.0,0.0,0.0,528.3,36.0,36.0,36.0,36.0,22.49,20.72,36.0,36.0,27.42,22.68,23.26,36.0,36.0,36.0,22.95,0.0,0.0,0.0,0.0,0.007653,0.00026,0.0,0.0,0.045088,0.007697,0.00535,0.0,0.0,0.0,0.009687
2020-01-07 13:15:00,21.68,21.17,23.21,22.49,21.43,20.98,21.15,28.83,22.95,21.31,21.34,21.06,29.13,21.76,21.3,5.08,510.9,0.0,0.076,0.0,0.0,0.0,1.0,0.0,0.0,0.0,0.0,0.0,0.289,0.0,0.0,0.0,36.0,21.0,23.0,0.0,275.0,0.0,0.0,0.0,269.69,0.0,0.0,0.0,0.0,0.0,800.22,0.0,0.0,0.0,36.0,23.82,36.0,36.0,36.0,21.4,36.0,36.0,36.0,36.0,36.0,22.84,36.0,36.0,36.0,0.0,0.005402,0.0,0.0,0.0,0.004419,0.0,0.0,0.0,0.0,0.0,0.014543,0.0,0.0,0.0
2020-01-07 13:30:00,21.73,21.2,23.3,22.7,21.46,21.09,21.09,29.19,22.95,21.25,21.25,21.18,29.45,21.94,21.22,5.24,513.4,0.0,0.076,0.0,0.0,0.0,1.0,0.0,0.0,0.0,0.0,0.0,0.289,0.0,0.0,0.0,36.0,21.0,23.0,0.0,277.61,0.0,0.0,0.0,259.55,0.0,0.0,0.0,0.0,0.0,770.14,0.0,0.0,0.0,36.0,23.71,36.0,36.0,36.0,21.95,36.0,36.0,36.0,36.0,36.0,23.33,36.0,36.0,36.0,0.0,0.005402,0.0,0.0,0.0,0.004419,0.0,0.0,0.0,0.0,0.0,0.014543,0.0,0.0,0.0
2020-01-07 13:45:00,21.74,21.18,23.38,22.94,21.46,21.23,21.02,29.53,22.98,21.18,21.14,21.32,29.75,22.18,21.11,5.39,516.0,0.0,0.076,0.0,0.0,0.0,1.0,0.0,0.0,0.0,0.0,0.0,0.289,0.0,0.0,0.0,36.0,21.0,23.0,0.0,279.33,0.0,0.0,0.0,252.52,0.0,0.0,0.0,0.0,0.0,751.01,0.0,0.0,0.0,36.0,23.63,36.0,36.0,36.0,22.33,36.0,36.0,36.0,36.0,36.0,23.65,36.0,36.0,36.0,0.0,0.005402,0.0,0.0,0.0,0.004419,0.0,0.0,0.0,0.0,0.0,0.014543,0.0,0.0,0.0
2020-01-07 14:00:00,21.78,21.16,23.41,23.18,21.46,21.4,20.97,29.82,23.1,21.11,21.05,21.42,30.01,22.43,21.02,5.46,518.5,0.0,0.076,0.0,0.0,0.0,1.0,0.0,0.0,0.0,0.0,0.0,0.289,0.0,0.0,0.0,36.0,21.0,23.0,0.0,281.75,0.0,0.0,0.0,247.29,0.0,0.0,0.0,0.0,0.0,737.55,0.0,0.0,0.0,36.0,23.52,36.0,36.0,36.0,22.61,36.0,36.0,36.0,36.0,36.0,23.87,36.0,36.0,36.0,0.0,0.005402,0.0,0.0,0.0,0.004419,0.0,0.0,0.0,0.0,0.0,0.014543,0.0,0.0,0.0
2020-01-07 14:15:00,21.77,21.01,23.46,23.47,21.5,21.51,21.06,30.07,23.26,21.05,21.0,21.35,30.22,22.73,21.01,5.54,521.0,0.0,0.0,0.0,0.0,0.0,0.0,0.439,0.0,0.0,0.0,0.239,0.0,0.0,0.0,0.57,36.0,21.0,23.0,0.0,0.0,0.0,0.0,0.0,0.0,1146.04,0.0,0.0,0.0,75.82,0.0,0.0,0.0,325.63,36.0,36.0,36.0,36.0,36.0,36.0,22.88,36.0,36.0,36.0,21.79,36.0,36.0,36.0,21.9,0.0,0.0,0.0,0.0,0.0,0.0,0.020892,0.0,0.0,0.0,0.001276,0.0,0.0,0.0,0.005526
2020-01-07 14:30:00,21.76,20.95,23.39,23.74,21.6,21.63,21.24,30.23,23.42,21.01,20.98,21.23,30.34,22.96,21.04,5.61,507.6,0.0,0.0,0.0,0.0,0.0,0.0,0.439,0.0,0.0,0.0,0.239,0.0,0.0,0.0,0.57,36.0,21.0,23.0,0.0,0.0,0.0,0.0,0.0,0.0,1079.65,0.0,0.0,0.0,75.7,0.0,0.0,0.0,320.83,36.0,36.0,36.0,36.0,36.0,36.0,23.64,36.0,36.0,36.0,21.81,36.0,36.0,36.0,22.11,0.0,0.0,0.0,0.0,0.0,0.0,0.020892,0.0,0.0,0.0,0.001276,0.0,0.0,0.0,0.005526
2020-01-07 14:45:00,21.75,20.89,23.34,24.03,21.66,21.67,21.47,30.36,23.67,20.95,20.96,21.08,30.4,23.27,21.1,5.68,494.1,0.0,0.0,0.0,0.0,0.0,0.0,0.439,0.0,0.0,0.0,0.239,0.0,0.0,0.0,0.57,36.0,21.0,23.0,0.0,0.0,0.0,0.0,0.0,0.0,1037.98,0.0,0.0,0.0,75.69,0.0,0.0,0.0,317.64,36.0,36.0,36.0,36.0,36.0,36.0,24.11,36.0,36.0,36.0,21.81,36.0,36.0,36.0,22.25,0.0,0.0,0.0,0.0,0.0,0.0,0.020892,0.0,0.0,0.0,0.001276,0.0,0.0,0.0,0.005526
2020-01-07 15:00:00,21.66,20.81,23.34,24.26,21.79,21.77,21.63,30.41,23.86,20.9,20.94,20.97,30.42,23.5,21.14,5.6,480.7,0.0,0.0,0.0,0.0,0.0,0.0,0.439,0.0,0.0,0.0,0.239,0.0,0.0,0.0,0.57,36.0,21.0,23.0,0.0,0.0,0.0,0.0,0.0,0.0,1008.58,0.0,0.0,0.0,75.72,0.0,0.0,0.0,315.28,36.0,36.0,36.0,36.0,36.0,36.0,24.45,36.0,36.0,36.0,21.81,36.0,36.0,36.0,22.35,0.0,0.0,0.0,0.0,0.0,0.0,0.020892,0.0,0.0,0.0,0.001276,0.0,0.0,0.0,0.005526
2020-01-07 15:15:00,21.67,21.34,23.39,24.44,21.89,21.88,21.59,30.41,24.07,20.92,21.0,21.06,30.37,23.72,21.11,5.51,467.2,0.0,0.56,0.0,0.0,0.0,0.0,0.0,0.0,0.0,1.0,1.0,0.457,0.0,0.0,0.0,36.0,21.0,23.0,0.0,1593.88,0.0,0.0,0.0,0.0,0.0,0.0,0.0,459.29,303.88,1231.71,0.0,0.0,0.0,36.0,26.46,36.0,36.0,36.0,36.0,36.0,36.0,36.0,21.72,22.41,23.2,36.0,36.0,36.0,0.0,0.039982,0.0,0.0,0.0,0.0,0.0,0.0,0.0,0.007697,0.00535,0.023015,0.0,0.0,0.0
2020-01-07 15:30:00,21.68,21.69,23.38,24.41,21.94,21.99,21.44,30.19,24.17,21.01,21.14,21.27,30.09,23.84,21.04,5.42,353.0,0.0,0.56,0.0,0.0,0.0,0.0,0.0,0.0,0.0,1.0,1.0,0.457,0.0,0.0,0.0,36.0,21.0,23.0,0.0,1619.09,0.0,0.0,0.0,0.0,0.0,0.0,0.0,446.15,293.32,1163.12,0.0,0.0,0.0,36.0,26.31,36.0,36.0,36.0,36.0,36.0,36.0,36.0,22.13,22.88,23.91,36.0,36.0,36.0,0.0,0.039982,0.0,0.0,0.0,0.0,0.0,0.0,0.0,0.007697,0.00535,0.023015,0.0,0.0,0.0
2020-01-07 15:45:00,21.58,21.66,23.15,24.1,21.92,22.05,21.25,29.77,24.1,21.13,21.28,21.48,29.58,23.78,20.95,5.34,238.8,0.0,0.56,0.0,0.0,0.0,0.0,0.0,0.0,0.0,1.0,1.0,0.457,0.0,0.0,0.0,36.0,21.0,23.0,0.0,1615.62,0.0,0.0,0.0,0.0,0.0,0.0,0.0,437.13,286.08,1120.65,0.0,0.0,0.0,36.0,26.33,36.0,36.0,36.0,36.0,36.0,36.0,36.0,22.41,23.21,24.35,36.0,36.0,36.0,0.0,0.039982,0.0,0.0,0.0,0.0,0.0,0.0,0.0,0.007697,0.00535,0.023015,0.0,0.0,0.0
2020-01-07 16:00:00,21.34,21.58,22.77,23.67,21.83,22.03,21.09,29.28,23.89,21.22,21.39,21.57,29.0,23.57,20.88,5.1,124.7,0.0,0.56,0.0,0.0,0.0,0.0,0.0,0.0,0.0,1.0,1.0,0.457,0.0,0.0,0.0,36.0,21.0,23.0,0.0,1606.65,0.0,0.0,0.0,0.0,0.0,0.0,0.0,430.4,280.71,1092.44,0.0,0.0,0.0,36.0,26.39,36.0,36.0,36.0,36.0,36.0,36.0,36.0,22.62,23.45,24.64,36.0,36.0,36.0,0.0,0.039982,0.0,0.0,0.0,0.0,0.0,0.0,0.0,0.007697,0.00535,0.023015,0.0,0.0,0.0
2020-01-07 16:15:00,20.99,20.73,22.19,23.04,21.7,21.87,20.99,28.63,23.5,21.24,21.39,21.45,28.23,23.14,20.89,4.86,10.5,0.0,0.0,0.0,0.0,0.0,0.0,0.247,0.0,0.0,0.0,0.0,0.0,0.0,0.0,1.0,36.0,21.0,23.0,0.0,0.0,0.0,0.0,0.0,0.0,652.7,0.0,0.0,0.0,0.0,0.0,0.0,0.0,567.34,36.0,36.0,36.0,36.0,36.0,36.0,22.73,36.0,36.0,36.0,36.0,36.0,36.0,36.0,21.99,0.0,0.0,0.0,0.0,0.0,0.0,0.011764,0.0,0.0,0.0,0.0,0.0,0.0,0.0,0.009687
2020-01-07 16:30:00,20.66,20.3,21.72,22.57,21.56,21.66,20.95,28.0,23.13,21.18,21.29,21.16,27.51,22.71,21.02,4.61,0.0,0.0,0.0,0.0,0.0,0.0,0.0,0.247,0.0,0.0,0.0,0.0,0.0,0.0,0.0,1.0,36.0,21.0,23.0,0.0,0.0,0.0,0.0,0.0,0.0,640.39,0.0,0.0,0.0,0.0,0.0,0.0,0.0,548.28,36.0,36.0,36.0,36.0,36.0,36.0,22.98,36.0,36.0,36.0,36.0,36.0,36.0,36.0,22.46,0.0,0.0,0.0,0.0,0.0,0.0,0.011764,0.0,0.0,0.0,0.0,0.0,0.0,0.0,0.009687
2020-01-07 16:45:00,20.46,20.11,21.43,22.3,21.45,21.44,20.92,27.49,22.84,21.11,21.19,20.86,26.92,22.36,21.16,4.37,0.0,0.0,0.0,0.0,0.0,0.0,0.0,0.247,0.0,0.0,0.0,0.0,0.0,0.0,0.0,1.0,36.0,21.0,23.0,0.0,0.0,0.0,0.0,0.0,0.0,633.64,0.0,0.0,0.0,0.0,0.0,0.0,0.0,535.26,36.0,36.0,36.0,36.0,36.0,36.0,23.11,36.0,36.0,36.0,36.0,36.0,36.0,36.0,22.78,0.0,0.0,0.0,0.0,0.0,0.0,0.011764,0.0,0.0,0.0,0.0,0.0,0.0,0.0,0.009687
2020-01-07 17:00:00,20.29,19.96,21.2,22.1,21.35,21.23,20.9,27.04,22.59,21.05,21.09,20.61,26.43,22.07,21.29,4.25,0.0,0.0,0.0,0.0,0.0,0.0,0.0,0.247,0.0,0.0,0.0,0.0,0.0,0.0,0.0,1.0,36.0,21.0,23.0,0.0,0.0,0.0,0.0,0.0,0.0,629.71,0.0,0.0,0.0,0.0,0.0,0.0,0.0,525.57,36.0,36.0,36.0,36.0,36.0,36.0,23.19,36.0,36.0,36.0,36.0,36.0,36.0,36.0,23.02,0.0,0.0,0.0,0.0,0.0,0.0,0.011764,0.0,0.0,0.0,0.0,0.0,0.0,0.0,0.009687
2020-01-07 17:15:00,20.77,20.86,21.73,22.01,21.27,21.11,21.05,26.68,22.39,21.0,21.02,20.72,26.04,21.84,21.38,4.12,0.0,1.0,1.0,1.0,0.0,0.0,0.0,0.88,0.0,0.0,0.11,0.0,1.0,0.0,0.0,1.0,36.0,21.0,23.0,577.43,2296.25,805.91,0.0,0.0,0.0,2003.28,0.0,0.0,51.39,0.0,2488.81,0.0,0.0,518.01,25.66,28.31,29.53,36.0,36.0,36.0,24.55,36.0,36.0,21.49,36.0,24.18,36.0,36.0,23.21,0.013364,0.071395,0.029804,0.0,0.0,0.0,0.041842,0.0,0.0,0.000847,0.0,0.050389,0.0,0.0,0.009687
2020-01-07 17:30:00,21.3,21.61,22.18,21.97,21.21,21.07,21.4,26.27,22.17,20.96,20.93,21.23,25.61,21.6,21.49,4.0,0.0,1.0,1.0,1.0,0.0,0.0,0.0,0.88,0.0,0.0,0.11,0.0,1.0,0.0,0.0,1.0,36.0,21.0,23.0,585.04,2319.9,835.93,0.0,0.0,0.0,1838.4,0.0,0.0,51.57,0.0,2194.46,0.0,0.0,511.96,25.53,28.23,29.29,36.0,36.0,36.0,25.49,36.0,36.0,21.44,36.0,25.58,36.0,36.0,23.36,0.013364,0.071395,0.029804,0.0,0.0,0.0,0.041842,0.0,0.0,0.000847,0.0,0.050389,0.0,0.0,0.009687
2020-01-07 17:45:00,21.5,21.78,22.29,21.87,21.17,21.09,21.68,25.91,21.97,20.92,20.86,21.65,25.22,21.4,21.58,3.88,0.0,1.0,1.0,1.0,0.0,0.0,0.0,0.88,0.0,0.0,0.11,0.0,1.0,0.0,0.0,1.0,36.0,21.0,23.0,573.2,2270.44,824.86,0.0,0.0,0.0,1738.06,0.0,0.0,51.75,0.0,2023.87,0.0,0.0,506.82,25.74,28.39,29.38,36.0,36.0,36.0,26.06,36.0,36.0,21.39,36.0,26.39,36.0,36.0,23.48,0.013364,0.071395,0.029804,0.0,0.0,0.0,0.041842,0.0,0.0,0.000847,0.0,0.050389,0.0,0.0,0.009687
2020-01-07 18:00:00,21.56,21.85,22.29,21.74,21.15,21.13,21.84,25.58,21.79,20.88,20.78,21.89,24.86,21.21,21.67,3.76,0.0,1.0,1.0,1.0,0.0,0.0,0.0,0.88,0.0,0.0,0.11,0.0,1.0,0.0,0.0,1.0,36.0,21.0,23.0,564.91,2244.08,821.7,0.0,0.0,0.0,1672.36,0.0,0.0,51.91,0.0,1916.76,0.0,0.0,502.36,25.89,28.48,29.4,36.0,36.0,36.0,26.44,36.0,36.0,21.34,36.0,26.9,36.0,36.0,23.59,0.013364,0.071395,0.029804,0.0,0.0,0.0,0.041842,0.0,0.0,0.000847,0.0,0.050389,0.0,0.0,0.009687
2020-01-07 18:15:00,20.76,20.67,21.36,21.56,21.1,21.1,21.73,25.32,21.65,20.9,20.81,21.77,24.59,21.07,21.65,3.64,0.0,0.0,0.0,0.0,0.0,0.0,0.0,0.0,0.0,0.0,1.0,1.0,0.0,0.0,0.048,0.0,36.0,21.0,23.0,0.0,0.0,0.0,0.0,0.0,0.0,0.0,0.0,0.0,456.52,313.26,0.0,0.0,130.89,0.0,36.0,36.0,36.0,36.0,36.0,36.0,36.0,36.0,36.0,21.81,21.99,36.0,36.0,22.5,36.0,0.0,0.0,0.0,0.0,0.0,0.0,0.0,0.0,0.0,0.007697,0.00535,0.0,0.0,0.002319,0.0
2020-01-07 18:30:00,20.36,20.13,20.84,21.27,21.0,20.98,21.42,24.99,21.46,21.0,20.96,21.43,24.25,20.89,21.55,3.53,0.0,0.0,0.0,0.0,0.0,0.0,0.0,0.0,0.0,0.0,1.0,1.0,0.0,0.0,0.048,0.0,36.0,21.0,23.0,0.0,0.0,0.0,0.0,0.0,0.0,0.0,0.0,0.0,444.49,300.29,0.0,0.0,132.18,0.0,36.0,36.0,36.0,36.0,36.0,36.0,36.0,36.0,36.0,22.18,22.57,36.0,36.0,22.36,36.0,0.0,0.0,0.0,0.0,0.0,0.0,0.0,0.0,0.0,0.007697,0.00535,0.0,0.0,0.002319,0.0
2020-01-07 18:45:00,20.23,19.96,20.65,21.09,20.87,20.8,21.1,24.7,21.28,21.12,21.12,21.07,23.94,20.73,21.44,3.41,0.0,0.0,0.0,0.0,0.0,0.0,0.0,0.0,0.0,0.0,1.0,1.0,0.0,0.0,0.048,0.0,36.0,21.0,23.0,0.0,0.0,0.0,0.0,0.0,0.0,0.0,0.0,0.0,436.16,291.6,0.0,0.0,133.62,0.0,36.0,36.0,36.0,36.0,36.0,36.0,36.0,36.0,36.0,22.44,22.96,36.0,36.0,22.22,36.0,0.0,0.0,0.0,0.0,0.0,0.0,0.0,0.0,0.0,0.007697,0.00535,0.0,0.0,0.002319,0.0
2020-01-07 19:00:00,20.13,19.83,20.5,20.91,20.74,20.62,20.81,24.42,21.1,21.21,21.25,20.73,23.65,20.57,21.34,3.29,0.0,0.0,0.0,0.0,0.0,0.0,0.0,0.0,0.0,0.0,1.0,1.0,0.0,0.0,0.048,0.0,36.0,21.0,23.0,0.0,0.0,0.0,0.0,0.0,0.0,0.0,0.0,0.0,429.91,285.29,0.0,0.0,135.09,0.0,36.0,36.0,36.0,36.0,36.0,36.0,36.0,36.0,36.0,22.64,23.24,36.0,36.0,22.06,36.0,0.0,0.0,0.0,0.0,0.0,0.0,0.0,0.0,0.0,0.007697,0.00535,0.0,0.0,0.002319,0.0
2020-01-07 19:15:00,20.73,20.78,21.25,21.56,20.75,20.57,20.91,24.19,21.2,21.28,21.35,20.82,23.41,20.72,21.35,3.17,0.0,1.0,1.0,1.0,1.0,1.0,1.0,1.0,0.0,1.0,1.0,1.0,1.0,0.0,1.0,1.0,36.0,21.0,23.0,540.97,2197.36,824.44,1737.04,439.53,270.45,2274.46,0.0,2210.82,425.0,280.48,2386.39,0.0,2390.9,543.5,26.32,28.64,29.38,26.5,22.26,21.36,24.56,36.0,24.27,22.79,23.46,24.67,36.0,24.05,22.58,0.013364,0.071395,0.029804,0.043751,0.007653,0.004419,0.047544,0.0,0.045088,0.007697,0.00535,0.050389,0.0,0.047883,0.009687
2020-01-07 19:30:00,21.31,21.53,21.87,22.34,21.03,20.8,21.34,23.91,21.57,21.37,21.46,21.28,23.13,21.19,21.45,3.05,0.0,1.0,1.0,1.0,1.0,1.0,1.0,1.0,0.0,1.0,1.0,1.0,1.0,0.0,1.0,1.0,36.0,21.0,23.0,543.84,2226.88,841.96,1740.61,441.13,260.42,2036.11,0.0,1965.5,421.03,276.71,2126.26,0.0,2117.05,527.17,26.26,28.54,29.24,26.48,22.21,21.9,25.75,36.0,25.57,22.91,23.63,25.91,36.0,25.42,22.98,0.013364,0.071395,0.029804,0.043751,0.007653,0.004419,0.047544,0.0,0.045088,0.007697,0.00535,0.050389,0.0,0.047883,0.009687
2020-01-07 19:45:00,21.53,21.71,22.08,22.53,21.22,21.1,21.73,23.65,21.97,21.44,21.56,21.68,22.86,21.65,21.58,2.93,0.0,1.0,1.0,1.0,1.0,1.0,1.0,1.0,0.0,1.0,1.0,1.0,1.0,0.0,1.0,1.0,36.0,21.0,23.0,535.51,2186.53,828.36,1703.9,437.14,253.32,1898.57,0.0,1823.3,417.65,273.58,1977.02,0.0,1956.68,516.15,26.41,28.67,29.35,26.68,22.33,22.29,26.45,36.0,26.33,23.02,23.77,26.61,36.0,26.22,23.25,0.013364,0.071395,0.029804,0.043751,0.007653,0.004419,0.047544,0.0,0.045088,0.007697,0.00535,0.050389,0.0,0.047883,0.009687
2020-01-07 20:00:00,21.61,21.75,22.11,22.61,21.38,21.29,21.98,23.4,22.25,21.52,21.65,21.96,22.61,21.99,21.69,2.81,0.0,1.0,1.0,1.0,1.0,1.0,1.0,1.0,0.0,1.0,1.0,1.0,1.0,0.0,1.0,1.0,36.0,21.0,23.0,519.89,2088.42,790.09,1640.37,432.01,247.88,1812.69,0.0,1733.8,414.76,270.97,1884.49,0.0,1855.18,508.12,26.69,29.0,29.66,27.03,22.49,22.58,26.88,36.0,26.8,23.11,23.88,27.05,36.0,26.73,23.45,0.013364,0.071395,0.029804,0.043751,0.007653,0.004419,0.047544,0.0,0.045088,0.007697,0.00535,0.050389,0.0,0.047883,0.009687
2020-01-07 20:15:00,20.89,21.8,21.32,21.8,21.33,21.43,22.1,23.21,22.14,21.57,21.72,22.11,22.42,21.88,21.67,2.68,0.0,0.0,1.0,0.0,0.0,0.0,0.0,1.0,0.0,0.0,1.0,1.0,1.0,0.0,0.0,0.0,36.0,21.0,23.0,0.0,2153.16,0.0,0.0,0.0,0.0,1752.89,0.0,0.0,412.06,268.56,1819.06,0.0,0.0,0.0,36.0,28.79,36.0,36.0,36.0,36.0,27.18,36.0,36.0,23.19,23.99,27.36,36.0,36.0,36.0,0.0,0.071395,0.0,0.0,0.0,0.0,0.047544,0.0,0.0,0.007697,0.00535,0.050389,0.0,0.0,0.0
2020-01-07 20:30:00,20.56,21.79,20.94,21.21,21.32,21.42,22.23,22.99,21.84,21.64,21.8,22.26,22.19,21.58,21.58,2.55,0.0,0.0,1.0,0.0,0.0,0.0,0.0,1.0,0.0,0.0,1.0,1.0,1.0,0.0,0.0,0.0,36.0,21.0,23.0,0.0,2144.88,0.0,0.0,0.0,0.0,1712.18,0.0,0.0,409.65,266.47,1774.59,0.0,0.0,0.0,36.0,28.81,36.0,36.0,36.0,36.0,27.38,36.0,36.0,23.27,24.09,27.57,36.0,36.0,36.0,0.0,0.071395,0.0,0.0,0.0,0.0,0.047544,0.0,0.0,0.007697,0.00535,0.050389,0.0,0.0,0.0
2020-01-07 20:45:00,20.43,21.79,20.82,21.07,21.28,21.4,22.32,22.77,21.53,21.7,21.88,22.35,21.97,21.23,21.47,2.43,0.0,0.0,1.0,0.0,0.0,0.0,0.0,1.0,0.0,0.0,1.0,1.0,1.0,0.0,0.0,0.0,36.0,21.0,23.0,0.0,2135.69,0.0,0.0,0.0,0.0,1681.64,0.0,0.0,407.4,264.55,1741.89,0.0,0.0,0.0,36.0,28.84,36.0,36.0,36.0,36.0,27.54,36.0,36.0,23.34,24.17,27.73,36.0,36.0,36.0,0.0,0.071395,0.0,0.0,0.0,0.0,0.047544,0.0,0.0,0.007697,0.00535,0.050389,0.0,0.0,0.0
2020-01-07 21:00:00,20.37,21.77,20.74,21.01,21.26,21.38,22.4,22.54,21.25,21.77,21.96,22.43,21.75,20.88,21.36,2.31,0.0,0.0,1.0,0.0,0.0,0.0,0.0,1.0,0.0,0.0,1.0,1.0,1.0,0.0,0.0,0.0,36.0,21.0,23.0,0.0,2047.0,0.0,0.0,0.0,0.0,1658.62,0.0,0.0,405.35,262.84,1717.75,0.0,0.0,0.0,36.0,29.14,36.0,36.0,36.0,36.0,27.65,36.0,36.0,23.4,24.25,27.84,36.0,36.0,36.0,0.0,0.071395,0.0,0.0,0.0,0.0,0.047544,0.0,0.0,0.007697,0.00535,0.050389,0.0,0.0,0.0
2020-01-07 21:15:00,20.92,21.87,21.38,21.74,21.26,21.37,22.45,22.37,21.08,21.82,22.02,22.48,21.94,21.01,21.38,2.18,0.0,1.0,1.0,1.0,1.0,0.0,0.0,1.0,0.0,0.0,1.0,1.0,1.0,1.0,0.952,1.0,36.0,21.0,23.0,532.09,2117.48,842.86,1658.68,0.0,0.0,1639.16,0.0,0.0,403.29,261.14,1697.46,960.22,2180.21,543.48,26.47,28.9,29.23,26.93,36.0,36.0,27.75,36.0,36.0,23.46,24.32,27.94,25.41,24.56,22.58,0.013364,0.071395,0.029804,0.043751,0.0,0.0,0.047544,0.0,0.0,0.007697,0.00535,0.050389,0.021689,0.04558,0.009687
2020-01-07 21:30:00,21.35,22.02,21.82,22.39,21.25,21.45,22.51,22.16,20.88,21.88,22.09,22.55,22.42,21.4,21.49,2.06,0.0,1.0,1.0,1.0,1.0,0.0,0.0,1.0,0.0,0.0,1.0,1.0,1.0,1.0,0.952,1.0,36.0,21.0,23.0,541.44,2108.09,875.77,1689.49,0.0,0.0,1623.32,0.0,0.0,401.39,259.59,1681.11,828.22,1965.5,526.82,26.31,28.94,28.97,26.76,36.0,36.0,27.83,36.0,36.0,23.52,24.39,28.02,26.86,25.68,22.99,0.013364,0.071395,0.029804,0.043751,0.0,0.0,0.047544,0.0,0.0,0.007697,0.00535,0.050389,0.021689,0.04558,0.009687
2020-01-07 21:45:00,21.47,22.09,21.92,22.47,21.23,21.53,22.56,21.96,20.72,21.94,22.16,22.62,22.88,21.76,21.61,1.94,0.0,1.0,1.0,1.0,1.0,0.0,0.0,1.0,0.0,0.0,1.0,1.0,1.0,1.0,0.952,1.0,36.0,21.0,23.0,541.46,2097.59,881.11,1690.17,0.0,0.0,1609.79,0.0,0.0,399.55,258.11,1666.75,754.85,1840.31,515.59,26.31,28.97,28.93,26.76,36.0,36.0,27.9,36.0,36.0,23.58,24.46,28.09,27.67,26.34,23.27,0.013364,0.071395,0.029804,0.043751,0.0,0.0,0.047544,0.0,0.0,0.007697,0.00535,0.050389,0.021689,0.04558,0.009687
2020-01-07 22:00:00,21.49,22.07,21.88,22.47,21.21,21.58,22.61,21.76,20.57,22.0,22.23,22.69,23.18,22.0,21.73,1.82,0.0,1.0,1.0,1.0,1.0,0.0,0.0,1.0,0.0,0.0,1.0,1.0,1.0,1.0,0.952,1.0,36.0,21.0,23.0,533.32,2011.92,856.55,1661.49,0.0,0.0,1598.35,0.0,0.0,397.84,256.75,1654.44,710.85,1761.6,507.41,26.45,29.26,29.12,26.91,36.0,36.0,27.96,36.0,36.0,23.63,24.52,28.15,28.16,26.75,23.47,0.013364,0.071395,0.029804,0.043751,0.0,0.0,0.047544,0.0,0.0,0.007697,0.00535,0.050389,0.021689,0.04558,0.009687
2020-01-07 22:15:00,20.72,22.05,21.13,22.4,21.21,21.67,22.64,21.61,20.72,22.04,22.28,22.74,23.02,22.13,21.8,1.71,0.0,0.0,1.0,0.0,1.0,0.0,0.0,1.0,0.0,1.0,1.0,1.0,1.0,0.0,1.0,1.0,36.0,21.0,23.0,0.0,2088.2,0.0,1720.92,0.0,0.0,1587.83,0.0,2287.71,396.07,255.36,1642.48,0.0,1778.72,500.85,36.0,29.0,36.0,26.59,36.0,36.0,28.01,36.0,23.86,23.69,24.58,28.2,36.0,27.11,23.63,0.0,0.071395,0.0,0.043751,0.0,0.0,0.047544,0.0,0.045088,0.007697,0.00535,0.050389,0.0,0.047883,0.009687
2020-01-07 22:30:00,20.4,21.99,20.91,22.27,21.26,21.72,22.69,21.42,21.13,22.1,22.35,22.81,22.59,22.29,21.89,1.59,0.0,0.0,1.0,0.0,1.0,0.0,0.0,1.0,0.0,1.0,1.0,1.0,1.0,0.0,1.0,1.0,36.0,21.0,23.0,0.0,2089.11,0.0,1740.84,0.0,0.0,1578.56,0.0,2035.42,394.42,254.08,1631.93,0.0,1729.52,495.69,36.0,29.0,36.0,26.48,36.0,36.0,28.06,36.0,25.2,23.74,24.64,28.25,36.0,27.36,23.76,0.0,0.071395,0.0,0.043751,0.0,0.0,0.047544,0.0,0.045088,0.007697,0.00535,0.050389,0.0,0.047883,0.009687
2020-01-07 22:45:00,20.24,21.97,20.79,22.2,21.33,21.78,22.74,21.24,21.55,22.16,22.41,22.87,22.15,22.41,21.97,1.47,0.0,0.0,1.0,0.0,1.0,0.0,0.0,1.0,0.0,1.0,1.0,1.0,1.0,0.0,1.0,1.0,36.0,21.0,23.0,0.0,2088.25,0.0,1760.48,0.0,0.0,1569.84,0.0,1888.62,392.79,252.83,1622.29,0.0,1694.22,491.33,36.0,29.0,36.0,26.37,36.0,36.0,28.1,36.0,25.98,23.79,24.7,28.3,36.0,27.54,23.87,0.0,0.071395,0.0,0.043751,0.0,0.0,0.047544,0.0,0.045088,0.007697,0.00535,0.050389,0.0,0.047883,0.009687
2020-01-07 23:00:00,20.11,21.92,20.7,22.18,21.36,21.81,22.79,21.06,21.84,22.21,22.47,22.92,21.8,22.51,22.05,1.34,0.0,0.0,1.0,0.0,1.0,0.0,0.0,1.0,0.0,1.0,1.0,1.0,1.0,0.0,1.0,1.0,36.0,21.0,23.0,0.0,2005.7,0.0,1698.59,0.0,0.0,1561.92,0.0,1795.78,391.26,251.68,1613.89,0.0,1668.29,487.64,36.0,29.28,36.0,26.71,36.0,36.0,28.14,36.0,26.47,23.84,24.75,28.34,36.0,27.66,23.96,0.0,0.071395,0.0,0.043751,0.0,0.0,0.047544,0.0,0.045088,0.007697,0.00535,0.050389,0.0,0.047883,0.009687
2020-01-07 23:15:00,20.62,21.99,21.15,22.07,21.37,21.87,22.6,21.01,21.71,22.26,22.42,22.92,21.96,22.58,22.12,1.21,0.0,1.0,1.0,1.0,0.737,0.0,0.0,0.0,0.235,0.0,1.0,0.0,0.859,1.0,1.0,1.0,36.0,21.0,23.0,571.11,2080.21,943.12,1381.32,0.0,0.0,0.0,267.46,0.0,389.68,0.0,1411.94,910.36,1646.59,484.17,25.78,29.03,28.43,25.75,36.0,36.0,36.0,22.84,36.0,23.89,36.0,28.19,25.96,27.77,24.04,0.013364,0.071395,0.029804,0.032239,0.0,0.0,0.0,0.004862,0.0,0.007697,0.0,0.043264,0.021689,0.047883,0.009687
2020-01-07 23:30:00,21.01,22.09,21.52,22.16,21.25,21.89,22.23,21.01,21.41,22.31,22.29,22.92,22.39,22.65,22.19,1.08,0.0,1.0,1.0,1.0,0.737,0.0,0.0,0.0,0.235,0.0,1.0,0.0,0.859,1.0,1.0,1.0,36.0,21.0,23.0,578.37,2071.59,977.18,1363.58,0.0,0.0,0.0,260.11,0.0,388.17,0.0,1428.84,800.73,1629.03,481.07,25.65,29.06,28.16,25.88,36.0,36.0,36.0,23.2,36.0,23.93,36.0,28.1,27.17,27.86,24.12,0.013364,0.071395,0.029804,0.032239,0.0,0.0,0.0,0.004862,0.0,0.007697,0.0,0.043264,0.021689,0.047883,0.009687
2020-01-07 23:45:00,21.09,22.14,21.57,22.26,21.07,21.91,21.87,21.01,21.06,22.36,22.17,22.92,22.79,22.71,22.25,0.95,0.0,1.0,1.0,1.0,0.737,0.0,0.0,0.0,0.235,0.0,1.0,0.0,0.859,1.0,1.0,1.0,36.0,21.0,23.0,575.94,2062.04,976.01,1346.99,0.0,0.0,0.0,255.84,0.0,386.69,0.0,1437.08,740.48,1614.4,478.2,25.69,29.09,28.17,26.0,36.0,36.0,36.0,23.41,36.0,23.98,36.0,28.05,27.83,27.93,24.19,0.013364,0.071395,0.029804,0.032239,0.0,0.0,0.0,0.004862,0.0,0.007697,0.0,0.043264,0.021689,0.047883,0.009687
2020-01-08 00:00:00,21.12,22.12,21.54,22.3,20.94,21.93,21.55,20.98,20.72,22.41,22.05,22.92,23.04,22.78,22.32,0.84,0.0,1.0,1.0,1.0,0.737,0.0,0.0,0.0,0.235,0.0,1.0,0.0,0.859,1.0,1.0,1.0,36.0,21.0,23.0,564.05,1978.13,938.28,1308.73,0.0,0.0,0.0,253.28,0.0,385.28,0.0,1440.95,704.17,1602.12,475.59,25.9,29.37,28.47,26.29,36.0,36.0,36.0,23.54,36.0,24.02,36.0,28.03,28.23,28.0,24.25,0.013364,0.071395,0.029804,0.032239,0.0,0.0,0.0,0.004862,0.0,0.007697,0.0,0.043264,0.021689,0.047883,0.009687
2020-01-08 00:15:00,21.04,22.07,20.75,21.56,20.91,21.92,21.41,21.0,20.86,22.39,22.07,22.72,22.97,22.82,22.28,0.72,0.0,1.0,1.0,0.0,0.0,0.985,0.0,0.159,0.342,1.0,0.0,1.0,0.0,0.35,1.0,0.0,36.0,21.0,23.0,577.25,2054.24,0.0,0.0,432.27,0.0,382.2,358.72,2179.03,0.0,279.5,0.0,270.84,1590.6,0.0,25.67,29.12,36.0,36.0,22.29,36.0,23.93,23.88,24.44,36.0,23.5,36.0,27.48,28.05,36.0,0.013364,0.071395,0.0,0.0,0.007541,0.0,0.007577,0.007078,0.045088,0.0,0.00535,0.0,0.007601,0.047883,0.0
2020-01-08 00:30:00,20.91,21.97,20.46,21.09,21.04,21.85,21.3,21.04,21.25,22.31,22.16,22.34,22.76,22.85,22.17,0.61,0.0,1.0,1.0,0.0,0.0,0.985,0.0,0.159,0.342,1.0,0.0,1.0,0.0,0.35,1.0,0.0,36.0,21.0,23.0,579.55,2056.95,0.0,0.0,435.37,0.0,386.02,351.59,1964.81,0.0,270.12,0.0,289.53,1580.99,0.0,25.63,29.11,36.0,36.0,22.19,36.0,23.81,24.12,25.57,36.0,23.92,36.0,26.89,28.1,36.0,0.013364,0.071395,0.0,0.0,0.007541,0.0,0.007577,0.007078,0.045088,0.0,0.00535,0.0,0.007601,0.047883,0.0
2020-01-08 00:45:00,20.89,21.92,20.33,20.91,21.12,21.76,21.22,21.08,21.62,22.23,22.27,21.96,22.54,22.87,22.05,0.49,0.0,1.0,1.0,0.0,0.0,0.985,0.0,0.159,0.342,1.0,0.0,1.0,0.0,0.35,1.0,0.0,36.0,21.0,23.0,573.65,2059.2,0.0,0.0,432.5,0.0,390.22,347.09,1840.24,0.0,264.03,0.0,301.41,1572.64,0.0,25.73,29.1,36.0,36.0,22.28,36.0,23.68,24.27,26.24,36.0,24.19,36.0,26.51,28.14,36.0,0.013364,0.071395,0.0,0.0,0.007541,0.0,0.007577,0.007078,0.045088,0.0,0.00535,0.0,0.007601,0.047883,0.0
2020-01-08 01:00:00,20.89,21.89,20.24,20.75,21.22,21.71,21.12,21.1,21.83,22.15,22.36,21.61,22.38,22.88,21.95,0.36,0.0,1.0,1.0,0.0,0.0,0.985,0.0,0.159,0.342,1.0,0.0,1.0,0.0,0.35,1.0,0.0,36.0,21.0,23.0,567.63,2059.72,0.0,0.0,429.86,0.0,394.38,344.08,1760.69,0.0,259.69,0.0,309.66,1565.77,0.0,25.84,29.1,36.0,36.0,22.36,36.0,23.55,24.37,26.66,36.0,24.39,36.0,26.25,28.18,36.0,0.013364,0.071395,0.0,0.0,0.007541,0.0,0.007577,0.007078,0.045088,0.0,0.00535,0.0,0.007601,0.047883,0.0
2020-01-08 01:15:00,21.01,21.94,20.77,21.42,21.18,21.65,21.04,21.01,21.96,22.15,22.43,21.34,22.12,22.83,21.94,0.23,0.0,1.0,1.0,1.0,1.0,0.373,0.0,0.191,0.097,1.0,1.0,1.0,0.0,0.0,0.708,1.0,36.0,21.0,23.0,560.53,2056.72,991.99,1711.95,171.82,0.0,473.71,102.41,1707.53,413.66,256.44,0.0,0.0,1157.88,519.17,25.97,29.11,28.04,26.64,21.58,36.0,23.49,23.84,26.94,23.14,24.53,36.0,36.0,27.83,23.18,0.013364,0.071395,0.029804,0.043751,0.002851,0.0,0.009058,0.002015,0.045088,0.007697,0.00535,0.0,0.0,0.033899,0.009687
2020-01-08 01:30:00,21.19,22.05,21.28,22.05,21.18,21.57,20.95,20.83,22.07,22.21,22.51,21.08,21.75,22.74,22.03,0.11,0.0,1.0,1.0,1.0,1.0,0.373,0.0,0.191,0.097,1.0,1.0,1.0,0.0,0.0,0.708,1.0,36.0,21.0,23.0,552.5,2050.6,1028.71,1746.39,170.95,0.0,476.2,106.1,1670.54,404.14,253.91,0.0,0.0,1192.9,504.2,26.11,29.13,27.74,26.45,21.65,36.0,23.42,23.4,27.14,23.44,24.65,36.0,36.0,27.58,23.55,0.013364,0.071395,0.029804,0.043751,0.002851,0.0,0.009058,0.002015,0.045088,0.007697,0.00535,0.0,0.0,0.033899,0.009687
2020-01-08 01:45:00,21.3,22.07,21.33,22.13,21.21,21.51,20.86,20.63,22.16,22.3,22.58,20.84,21.4,22.66,22.15,-0.02,0.0,1.0,1.0,1.0,1.0,0.373,0.0,0.191,0.097,1.0,1.0,1.0,0.0,0.0,0.708,1.0,36.0,21.0,23.0,533.33,1966.15,978.91,1702.14,170.07,0.0,479.02,108.72,1643.55,397.86,251.87,0.0,0.0,1213.4,494.36,26.45,29.41,28.14,26.69,21.73,36.0,23.35,23.09,27.28,23.63,24.74,36.0,36.0,27.44,23.79,0.013364,0.071395,0.029804,0.043751,0.002851,0.0,0.009058,0.002015,0.045088,0.007697,0.00535,0.0,0.0,0.033899,0.009687
2020-01-08 02:00:00,21.36,22.06,21.33,22.13,21.23,21.39,20.8,20.49,22.24,22.37,22.64,20.66,21.12,22.61,22.24,-0.15,0.0,1.0,1.0,1.0,1.0,0.373,0.0,0.191,0.097,1.0,1.0,1.0,0.0,0.0,0.708,1.0,36.0,21.0,23.0,526.01,1963.38,978.05,1715.25,169.34,0.0,482.06,110.82,1622.03,393.21,250.11,0.0,0.0,1227.52,487.05,26.58,29.42,28.15,26.62,21.79,36.0,23.27,22.84,27.39,23.78,24.82,36.0,36.0,27.34,23.97,0.013364,0.071395,0.029804,0.043751,0.002851,0.0,0.009058,0.002015,0.045088,0.007697,0.00535,0.0,0.0,0.033899,0.009687
2020-01-08 02:15:00,21.27,21.99,20.51,21.2,21.22,21.38,20.97,20.69,22.28,22.41,22.68,20.8,21.08,22.62,22.31,-0.28,0.0,1.0,1.0,0.0,0.0,0.0,0.0,1.0,1.0,0.941,1.0,1.0,1.0,0.383,1.0,1.0,36.0,21.0,23.0,531.35,2045.0,0.0,0.0,0.0,0.0,2219.31,969.75,1523.74,389.56,248.52,2449.1,418.26,1667.32,481.3,26.49,29.15,36.0,36.0,36.0,36.0,24.83,24.78,27.41,23.89,24.89,24.37,23.97,27.67,24.11,0.013364,0.071395,0.0,0.0,0.0,0.0,0.047544,0.020669,0.04245,0.007697,0.00535,0.050389,0.008315,0.047883,0.009687
2020-01-08 02:30:00,21.13,21.87,20.21,20.52,21.25,21.46,21.37,21.17,22.32,22.48,22.74,21.24,21.14,22.69,22.39,-0.4,0.0,1.0,1.0,0.0,0.0,0.0,0.0,1.0,1.0,0.941,1.0,1.0,1.0,0.383,1.0,1.0,36.0,21.0,23.0,530.47,2050.64,0.0,0.0,0.0,0.0,2006.51,856.97,1519.43,386.7,247.13,2158.18,401.97,1621.13,476.82,26.5,29.13,36.0,36.0,36.0,36.0,25.9,26.08,27.44,23.98,24.95,25.75,24.44,27.9,24.22,0.013364,0.071395,0.0,0.0,0.0,0.0,0.047544,0.020669,0.04245,0.007697,0.00535,0.050389,0.008315,0.047883,0.009687
2020-01-08 02:45:00,21.07,21.81,20.08,20.31,21.3,21.57,21.72,21.6,22.37,22.53,22.8,21.7,21.18,22.78,22.46,-0.53,0.0,1.0,1.0,0.0,0.0,0.0,0.0,1.0,1.0,0.941,1.0,1.0,1.0,0.383,1.0,1.0,36.0,21.0,23.0,529.12,2054.94,0.0,0.0,0.0,0.0,1881.88,793.16,1513.13,384.27,245.84,1992.97,392.83,1594.4,473.03,26.53,29.11,36.0,36.0,36.0,36.0,26.53,26.82,27.47,24.06,25.01,26.54,24.7,28.03,24.32,0.013364,0.071395,0.0,0.0,0.0,0.0,0.047544,0.020669,0.04245,0.007697,0.00535,0.050389,0.008315,0.047883,0.009687
2020-01-08 03:00:00,21.06,21.75,19.99,20.15,21.34,21.62,21.93,21.9,22.43,22.59,22.86,22.0,21.23,22.85,22.53,-0.6,0.0,1.0,1.0,0.0,0.0,0.0,0.0,1.0,1.0,0.941,1.0,1.0,1.0,0.383,1.0,1.0,36.0,21.0,23.0,516.96,1979.14,0.0,0.0,0.0,0.0,1803.59,753.99,1506.46,382.21,244.69,1890.61,387.41,1577.13,469.83,26.75,29.37,36.0,36.0,36.0,36.0,26.92,27.27,27.51,24.12,25.06,27.02,24.85,28.12,24.4,0.013364,0.071395,0.0,0.0,0.0,0.0,0.047544,0.020669,0.04245,0.007697,0.00535,0.050389,0.008315,0.047883,0.009687
2020-01-08 03:15:00,21.17,21.83,20.51,20.85,21.48,21.68,22.06,21.76,22.49,22.56,22.9,21.86,21.09,22.89,22.58,-0.66,0.0,1.0,1.0,1.0,1.0,1.0,0.0,1.0,0.0,1.0,0.0,1.0,0.0,0.0,0.989,1.0,36.0,21.0,23.0,524.14,2053.32,1021.43,1836.09,427.2,0.0,1748.81,0.0,1578.13,0.0,243.52,0.0,0.0,1549.27,466.83,26.62,29.12,27.8,25.96,22.65,36.0,27.2,36.0,27.63,36.0,25.11,36.0,36.0,28.17,24.47,0.013364,0.071395,0.029804,0.043751,0.007653,0.0,0.047544,0.0,0.045088,0.0,0.00535,0.0,0.0,0.047341,0.009687
2020-01-08 03:30:00,21.39,21.95,21.01,21.56,21.64,21.66,22.21,21.36,22.58,22.49,22.95,21.51,20.8,22.92,22.64,-0.73,0.0,1.0,1.0,1.0,1.0,1.0,0.0,1.0,0.0,1.0,0.0,1.0,0.0,0.0,0.989,1.0,36.0,21.0,23.0,520.54,2049.65,1061.44,1866.89,429.52,0.0,1710.24,0.0,1560.66,0.0,242.46,0.0,0.0,1541.99,464.2,26.68,29.13,27.48,25.79,22.57,36.0,27.39,36.0,27.72,36.0,25.16,36.0,36.0,28.21,24.54,0.013364,0.071395,0.029804,0.043751,0.007653,0.0,0.047544,0.0,0.045088,0.0,0.00535,0.0,0.0,0.047341,0.009687
2020-01-08 03:45:00,21.53,22.02,21.13,21.71,21.72,21.61,22.34,20.94,22.66,22.41,23.0,21.14,20.51,22.94,22.7,-0.8,0.0,1.0,1.0,1.0,1.0,1.0,0.0,1.0,0.0,1.0,0.0,1.0,0.0,0.0,0.989,1.0,36.0,21.0,23.0,515.56,2041.55,1052.76,1853.89,429.12,0.0,1680.28,0.0,1546.98,0.0,241.43,0.0,0.0,1536.11,461.74,26.77,29.16,27.55,25.86,22.59,36.0,27.55,36.0,27.79,36.0,25.2,36.0,36.0,28.24,24.6,0.013364,0.071395,0.029804,0.043751,0.007653,0.0,0.047544,0.0,0.045088,0.0,0.00535,0.0,0.0,0.047341,0.009687
2020-01-08 04:00:00,21.57,21.99,21.12,21.72,21.78,21.57,22.44,20.62,22.72,22.33,23.05,20.81,20.26,22.94,22.76,-0.87,0.0,1.0,1.0,1.0,1.0,1.0,0.0,1.0,0.0,1.0,0.0,1.0,0.0,0.0,0.989,1.0,36.0,21.0,23.0,502.04,1961.38,1008.07,1810.09,427.21,0.0,1657.17,0.0,1536.23,0.0,240.49,0.0,0.0,1531.41,459.52,27.01,29.43,27.91,26.1,22.65,36.0,27.66,36.0,27.85,36.0,25.25,36.0,36.0,28.26,24.65,0.013364,0.071395,0.029804,0.043751,0.007653,0.0,0.047544,0.0,0.045088,0.0,0.00535,0.0,0.0,0.047341,0.009687
2020-01-08 04:15:00,20.92,21.95,20.51,20.82,21.67,21.52,22.5,20.79,22.54,22.28,22.99,20.95,20.48,22.91,22.8,-0.94,0.0,0.0,1.0,0.24,0.0,0.0,0.0,1.0,1.0,0.0,0.0,0.0,1.0,1.0,0.84,1.0,36.0,21.0,23.0,0.0,2041.98,372.06,0.0,0.0,0.0,1637.23,954.75,0.0,0.0,0.0,2361.28,1041.17,1329.3,457.29,36.0,29.16,23.57,36.0,36.0,36.0,27.76,24.95,36.0,36.0,36.0,24.79,24.52,28.09,24.71,0.0,0.071395,0.007161,0.0,0.0,0.0,0.047544,0.020669,0.0,0.0,0.0,0.050389,0.021689,0.040211,0.009687
2020-01-08 04:30:00,20.6,21.85,20.22,20.18,21.63,21.57,22.55,21.25,22.18,22.2,22.87,21.39,21.05,22.88,22.86,-1.01,0.0,0.0,1.0,0.24,0.0,0.0,0.0,1.0,1.0,0.0,0.0,0.0,1.0,1.0,0.84,1.0,36.0,21.0,23.0,0.0,2048.43,364.85,0.0,0.0,0.0,1621.49,843.99,0.0,0.0,0.0,2105.59,903.99,1348.86,455.25,36.0,29.14,23.81,36.0,36.0,36.0,27.84,26.23,36.0,36.0,36.0,26.0,26.03,27.98,24.76,0.0,0.071395,0.007161,0.0,0.0,0.0,0.047544,0.020669,0.0,0.0,0.0,0.050389,0.021689,0.040211,0.009687
2020-01-08 04:45:00,20.47,21.81,20.16,20.03,21.56,21.63,22.6,21.69,21.82,22.14,22.74,21.76,21.59,22.87,22.91,-1.08,0.0,0.0,1.0,0.24,0.0,0.0,0.0,1.0,1.0,0.0,0.0,0.0,1.0,1.0,0.84,1.0,36.0,21.0,23.0,0.0,2053.03,360.85,0.0,0.0,0.0,1607.8,782.22,0.0,0.0,0.0,1959.79,826.82,1359.73,453.27,36.0,29.12,23.94,36.0,36.0,36.0,27.91,26.95,36.0,36.0,36.0,26.7,26.88,27.91,24.81,0.0,0.071395,0.007161,0.0,0.0,0.0,0.047544,0.020669,0.0,0.0,0.0,0.050389,0.021689,0.040211,0.009687
2020-01-08 05:00:00,20.37,21.75,20.14,19.95,21.52,21.66,22.64,21.97,21.49,22.07,22.61,22.01,21.95,22.87,22.96,-1.15,0.0,0.0,1.0,0.24,0.0,0.0,0.0,1.0,1.0,0.0,0.0,0.0,1.0,1.0,0.84,1.0,36.0,21.0,23.0,0.0,1977.32,353.1,0.0,0.0,0.0,1596.38,744.6,0.0,0.0,0.0,1870.03,779.98,1365.88,451.44,36.0,29.37,24.2,36.0,36.0,36.0,27.97,27.38,36.0,36.0,36.0,27.12,27.4,27.87,24.85,0.0,0.071395,0.007161,0.0,0.0,0.0,0.047544,0.020669,0.0,0.0,0.0,0.050389,0.021689,0.040211,0.009687
2020-01-08 05:15:00,20.9,21.84,20.66,20.75,21.58,21.66,22.68,21.81,21.31,22.03,22.53,22.13,21.77,22.67,22.99,-1.22,0.0,1.0,1.0,1.0,1.0,1.0,0.0,1.0,0.0,0.0,0.0,0.0,1.0,0.0,0.0,0.93,36.0,21.0,23.0,514.9,2051.57,970.61,1779.5,418.61,0.0,1585.9,0.0,0.0,0.0,0.0,1807.97,0.0,0.0,419.59,26.78,29.13,28.21,26.27,22.91,36.0,28.02,36.0,36.0,36.0,36.0,27.42,36.0,36.0,24.86,0.013364,0.071395,0.029804,0.043751,0.007653,0.0,0.047544,0.0,0.0,0.0,0.0,0.050389,0.0,0.0,0.009011
2020-01-08 05:30:00,21.29,21.96,21.08,21.57,21.7,21.58,22.75,21.4,21.12,21.97,22.43,22.24,21.33,22.3,23.03,-1.28,0.0,1.0,1.0,1.0,1.0,1.0,0.0,1.0,0.0,0.0,0.0,0.0,1.0,0.0,0.0,0.93,36.0,21.0,23.0,518.49,2047.92,964.63,1772.37,418.98,0.0,1576.27,0.0,0.0,0.0,0.0,1766.81,0.0,0.0,419.09,26.72,29.14,28.26,26.31,22.9,36.0,28.07,36.0,36.0,36.0,36.0,27.61,36.0,36.0,24.87,0.013364,0.071395,0.029804,0.043751,0.007653,0.0,0.047544,0.0,0.0,0.0,0.0,0.050389,0.0,0.0,0.009011
2020-01-08 05:45:00,21.42,22.01,21.24,21.78,21.73,21.49,22.81,20.94,20.95,21.91,22.34,22.32,20.83,21.92,23.07,-1.35,0.0,1.0,1.0,1.0,1.0,1.0,0.0,1.0,0.0,0.0,0.0,0.0,1.0,0.0,0.0,0.93,36.0,21.0,23.0,514.17,2044.7,940.37,1734.82,416.13,0.0,1567.27,0.0,0.0,0.0,0.0,1737.2,0.0,0.0,418.31,26.8,29.15,28.45,26.51,22.99,36.0,28.11,36.0,36.0,36.0,36.0,27.75,36.0,36.0,24.89,0.013364,0.071395,0.029804,0.043751,0.007653,0.0,0.047544,0.0,0.0,0.0,0.0,0.050389,0.0,0.0,0.009011
2020-01-08 06:00:00,21.49,22.03,21.32,21.9,21.74,21.43,22.85,20.61,20.8,21.85,22.24,22.38,20.46,21.6,23.1,-1.39,0.0,1.0,1.0,1.0,1.0,1.0,0.0,1.0,0.0,0.0,0.0,0.0,1.0,0.0,0.0,0.93,36.0,21.0,23.0,511.58,2041.16,932.11,1719.92,414.8,0.0,1559.08,0.0,0.0,0.0,0.0,1714.35,0.0,0.0,417.38,26.84,29.16,28.52,26.6,23.03,36.0,28.16,36.0,36.0,36.0,36.0,27.86,36.0,36.0,24.92,0.013364,0.071395,0.029804,0.043751,0.007653,0.0,0.047544,0.0,0.0,0.0,0.0,0.050389,0.0,0.0,0.009011
2020-01-08 06:15:00,20.82,21.95,20.5,21.08,21.58,21.33,22.65,20.74,20.91,21.8,22.17,22.18,20.61,21.36,23.06,-1.42,0.0,0.0,1.0,0.0,0.0,0.0,0.0,0.0,1.0,1.0,0.0,0.0,0.0,1.0,0.0,0.0,36.0,21.0,23.0,0.0,2043.45,0.0,0.0,0.0,0.0,0.0,952.27,2228.38,0.0,0.0,0.0,999.82,0.0,0.0,36.0,29.15,36.0,36.0,36.0,36.0,36.0,24.98,24.18,36.0,36.0,36.0,24.97,36.0,36.0,0.0,0.071395,0.0,0.0,0.0,0.0,0.0,0.020669,0.045088,0.0,0.0,0.0,0.021689,0.0,0.0
2020-01-08 06:30:00,20.48,21.82,20.15,20.44,21.51,21.17,22.25,21.19,21.25,21.75,22.08,21.77,21.12,21.08,22.94,-1.46,0.0,0.0,1.0,0.0,0.0,0.0,0.0,0.0,1.0,1.0,0.0,0.0,0.0,1.0,0.0,0.0,36.0,21.0,23.0,0.0,2047.4,0.0,0.0,0.0,0.0,0.0,843.21,1990.36,0.0,0.0,0.0,879.03,0.0,0.0,36.0,29.14,36.0,36.0,36.0,36.0,36.0,26.24,25.44,36.0,36.0,36.0,26.3,36.0,36.0,0.0,0.071395,0.0,0.0,0.0,0.0,0.0,0.020669,0.045088,0.0,0.0,0.0,0.021689,0.0,0.0
2020-01-08 06:45:00,20.34,21.76,20.04,20.3,21.45,20.96,21.9,21.63,21.62,21.69,21.99,21.35,21.62,20.83,22.81,-1.5,0.0,0.0,1.0,0.0,0.0,0.0,0.0,0.0,1.0,1.0,0.0,0.0,0.0,1.0,0.0,0.0,36.0,21.0,23.0,0.0,2051.36,0.0,0.0,0.0,0.0,0.0,782.57,1853.86,0.0,0.0,0.0,811.47,0.0,0.0,36.0,29.13,36.0,36.0,36.0,36.0,36.0,26.94,26.16,36.0,36.0,36.0,27.05,36.0,36.0,0.0,0.071395,0.0,0.0,0.0,0.0,0.0,0.020669,0.045088,0.0,0.0,0.0,0.021689,0.0,0.0
2020-01-08 07:00:00,20.24,21.74,19.97,20.22,21.4,20.75,21.61,21.89,21.86,21.64,21.91,21.0,21.91,20.6,22.7,-1.55,0.0,0.0,1.0,0.0,0.0,0.0,0.0,0.0,1.0,1.0,0.0,0.0,0.0,1.0,0.0,0.0,36.0,21.0,23.0,0.0,2052.55,0.0,0.0,0.0,0.0,0.0,744.95,1766.98,0.0,0.0,0.0,769.47,0.0,0.0,36.0,29.12,36.0,36.0,36.0,36.0,36.0,27.38,26.62,36.0,36.0,36.0,27.51,36.0,36.0,0.0,0.071395,0.0,0.0,0.0,0.0,0.0,0.020669,0.045088,0.0,0.0,0.0,0.021689,0.0,0.0
2020-01-08 07:15:00,20.8,21.82,20.63,20.99,21.5,20.68,21.39,21.75,21.76,21.6,21.84,21.05,21.76,20.72,22.69,-1.6,0.0,1.0,1.0,1.0,1.0,1.0,1.0,0.0,0.0,0.0,0.0,0.0,1.0,0.0,1.0,1.0,36.0,21.0,23.0,515.24,2047.17,905.34,1705.73,411.12,270.69,0.0,0.0,0.0,0.0,0.0,2285.62,0.0,2343.23,490.35,26.78,29.14,28.73,26.67,23.15,21.35,36.0,36.0,36.0,36.0,36.0,25.15,36.0,24.29,23.89,0.013364,0.071395,0.029804,0.043751,0.007653,0.004419,0.0,0.0,0.0,0.0,0.0,0.050389,0.0,0.047883,0.009687
2020-01-08 07:30:00,21.22,21.94,21.16,21.77,21.6,20.87,21.16,21.31,21.44,21.54,21.76,21.42,21.29,21.16,22.77,-1.65,0.0,1.0,1.0,1.0,1.0,1.0,1.0,0.0,0.0,0.0,0.0,0.0,1.0,0.0,1.0,1.0,36.0,21.0,23.0,519.75,2041.43,924.23,1715.0,412.15,260.45,0.0,0.0,0.0,0.0,0.0,2049.92,0.0,2079.85,476.56,26.7,29.16,28.58,26.62,23.12,21.9,36.0,36.0,36.0,36.0,36.0,26.27,36.0,25.61,24.23,0.013364,0.071395,0.029804,0.043751,0.007653,0.004419,0.0,0.0,0.0,0.0,0.0,0.050389,0.0,0.047883,0.009687
2020-01-08 07:45:00,21.35,22.01,21.3,21.91,21.55,21.15,20.98,20.87,21.1,21.49,21.68,21.81,20.8,21.61,22.86,-1.7,0.0,1.0,1.0,1.0,1.0,1.0,1.0,0.0,0.0,0.0,0.0,0.0,1.0,0.0,1.0,1.0,36.0,21.0,23.0,514.69,2035.01,911.64,1691.1,411.16,253.24,0.0,0.0,0.0,0.0,0.0,1917.53,0.0,1928.41,467.52,26.79,29.18,28.68,26.75,23.15,22.29,36.0,36.0,36.0,36.0,36.0,26.9,36.0,26.37,24.45,0.013364,0.071395,0.029804,0.043751,0.007653,0.004419,0.0,0.0,0.0,0.0,0.0,0.050389,0.0,0.047883,0.009687
2020-01-08 08:00:00,21.42,21.99,21.3,21.99,21.5,21.34,20.79,20.54,20.82,21.44,21.59,22.06,20.42,21.93,22.94,-1.61,0.0,1.0,1.0,1.0,1.0,1.0,1.0,0.0,0.0,0.0,0.0,0.0,1.0,0.0,1.0,1.0,36.0,21.0,23.0,502.33,1955.53,870.1,1642.53,409.25,247.73,0.0,0.0,0.0,0.0,0.0,1836.06,0.0,1834.11,461.09,27.01,29.45,29.02,27.02,23.21,22.59,36.0,36.0,36.0,36.0,36.0,27.28,36.0,26.84,24.61,0.013364,0.071395,0.029804,0.043751,0.007653,0.004419,0.0,0.0,0.0,0.0,0.0,0.050389,0.0,0.047883,0.009687
2020-01-08 08:15:00,21.3,20.96,20.43,21.18,21.28,21.41,20.93,20.35,20.93,21.4,21.54,21.94,20.22,21.82,22.91,-1.52,10.9,1.0,0.0,0.0,0.0,0.0,0.0,1.0,0.0,1.0,0.0,0.0,0.0,0.0,0.0,0.0,36.0,21.0,23.0,512.21,0.0,0.0,0.0,0.0,0.0,2309.7,0.0,2161.19,0.0,0.0,0.0,0.0,0.0,0.0,26.83,36.0,36.0,36.0,36.0,36.0,24.38,36.0,24.53,36.0,36.0,36.0,36.0,36.0,36.0,0.013364,0.0,0.0,0.0,0.0,0.0,0.047544,0.0,0.045088,0.0,0.0,0.0,0.0,0.0,0.0
2020-01-08 08:30:00,21.15,20.76,20.24,20.59,21.26,21.3,21.47,20.41,21.26,21.35,21.47,21.83,20.29,21.52,22.81,-1.43,121.7,1.0,0.0,0.0,0.0,0.0,0.0,1.0,0.0,1.0,0.0,0.0,0.0,0.0,0.0,0.0,36.0,21.0,23.0,513.22,0.0,0.0,0.0,0.0,0.0,2012.16,0.0,1948.39,0.0,0.0,0.0,0.0,0.0,0.0,26.81,36.0,36.0,36.0,36.0,36.0,25.88,36.0,25.66,36.0,36.0,36.0,36.0,36.0,36.0,0.013364,0.0,0.0,0.0,0.0,0.0,0.047544,0.0,0.045088,0.0,0.0,0.0,0.0,0.0,0.0
2020-01-08 08:45:00,21.25,21.04,20.57,20.51,21.43,21.2,22.2,20.77,21.67,21.3,21.4,21.82,20.73,21.18,22.7,-1.35,232.5,1.0,0.0,0.0,0.0,0.0,0.0,1.0,0.0,1.0,0.0,0.0,0.0,0.0,0.0,0.0,36.0,21.0,23.0,511.47,0.0,0.0,0.0,0.0,0.0,1793.06,0.0,1823.12,0.0,0.0,0.0,0.0,0.0,0.0,26.84,36.0,36.0,36.0,36.0,36.0,26.98,36.0,26.33,36.0,36.0,36.0,36.0,36.0,36.0,0.013364,0.0,0.0,0.0,0.0,0.0,0.047544,0.0,0.045088,0.0,0.0,0.0,0.0,0.0,0.0
2020-01-08 09:00:00,21.47,21.39,21.05,20.57,21.67,21.16,22.79,21.32,21.97,21.26,21.33,21.9,21.36,20.93,22.59,-0.86,343.3,1.0,0.0,0.0,0.0,0.0,0.0,1.0,0.0,1.0,0.0,0.0,0.0,0.0,0.0,0.0,36.0,21.0,23.0,508.09,0.0,0.0,0.0,0.0,0.0,1617.61,0.0,1739.45,0.0,0.0,0.0,0.0,0.0,0.0,26.9,36.0,36.0,36.0,36.0,36.0,27.86,36.0,26.77,36.0,36.0,36.0,36.0,36.0,36.0,0.013364,0.0,0.0,0.0,0.0,0.0,0.047544,0.0,0.045088,0.0,0.0,0.0,0.0,0.0,0.0
2020-01-08 09:15:00,21.1,21.72,21.61,21.45,21.82,21.2,23.08,22.01,21.97,21.21,21.26,22.07,22.12,21.01,22.5,-0.38,454.1,0.0,0.0,0.0,1.0,0.0,0.0,0.0,0.0,0.0,0.0,0.0,0.0,0.0,0.699,0.0,36.0,21.0,23.0,0.0,0.0,0.0,1647.64,0.0,0.0,0.0,0.0,0.0,0.0,0.0,0.0,0.0,1643.68,0.0,36.0,36.0,36.0,26.99,36.0,36.0,36.0,36.0,36.0,36.0,36.0,36.0,36.0,24.25,36.0,0.0,0.0,0.0,0.043751,0.0,0.0,0.0,0.0,0.0,0.0,0.0,0.0,0.0,0.033463,0.0
2020-01-08 09:30:00,21.1,21.86,22.0,22.23,21.86,21.3,23.12,22.76,21.76,21.16,21.19,22.2,22.93,21.33,22.4,0.1,455.1,0.0,0.0,0.0,1.0,0.0,0.0,0.0,0.0,0.0,0.0,0.0,0.0,0.0,0.699,0.0,36.0,21.0,23.0,0.0,0.0,0.0,1645.05,0.0,0.0,0.0,0.0,0.0,0.0,0.0,0.0,0.0,1523.22,0.0,36.0,36.0,36.0,27.0,36.0,36.0,36.0,36.0,36.0,36.0,36.0,36.0,36.0,25.11,36.0,0.0,0.0,0.0,0.043751,0.0,0.0,0.0,0.0,0.0,0.0,0.0,0.0,0.0,0.033463,0.0
2020-01-08 09:45:00,21.17,21.88,22.25,22.48,21.82,21.37,23.06,23.45,21.51,21.12,21.12,22.27,23.65,21.68,22.31,0.59,456.1,0.0,0.0,0.0,1.0,0.0,0.0,0.0,0.0,0.0,0.0,0.0,0.0,0.0,0.699,0.0,36.0,21.0,23.0,0.0,0.0,0.0,1617.94,0.0,0.0,0.0,0.0,0.0,0.0,0.0,0.0,0.0,1448.01,0.0,36.0,36.0,36.0,27.15,36.0,36.0,36.0,36.0,36.0,36.0,36.0,36.0,36.0,25.65,36.0,0.0,0.0,0.0,0.043751,0.0,0.0,0.0,0.0,0.0,0.0,0.0,0.0,0.0,0.033463,0.0
2020-01-08 10:00:00,21.2,21.84,22.41,22.65,21.75,21.44,22.94,24.07,21.28,21.07,21.05,22.27,24.3,21.93,22.22,0.86,457.1,0.0,0.0,0.0,1.0,0.0,0.0,0.0,0.0,0.0,0.0,0.0,0.0,0.0,0.699,0.0,36.0,21.0,23.0,0.0,0.0,0.0,1601.09,0.0,0.0,0.0,0.0,0.0,0.0,0.0,0.0,0.0,1396.2,0.0,36.0,36.0,36.0,27.25,36.0,36.0,36.0,36.0,36.0,36.0,36.0,36.0,36.0,26.02,36.0,0.0,0.0,0.0,0.043751,0.0,0.0,0.0,0.0,0.0,0.0,0.0,0.0,0.0,0.033463,0.0
2020-01-08 10:15:00,21.22,21.78,22.49,21.98,21.67,21.44,22.83,24.58,21.15,21.03,21.01,22.23,24.82,21.88,22.15,1.13,458.1,0.0,0.0,0.0,0.0,0.0,0.0,0.0,0.0,0.0,0.0,0.237,0.0,0.0,0.0,0.0,36.0,21.0,23.0,0.0,0.0,0.0,0.0,0.0,0.0,0.0,0.0,0.0,0.0,76.81,0.0,0.0,0.0,0.0,36.0,36.0,36.0,36.0,36.0,36.0,36.0,36.0,36.0,36.0,21.48,36.0,36.0,36.0,36.0,0.0,0.0,0.0,0.0,0.0,0.0,0.0,0.0,0.0,0.0,0.001266,0.0,0.0,0.0,0.0
2020-01-08 10:30:00,21.22,21.7,22.57,21.64,21.6,21.37,22.73,25.21,21.02,20.98,20.99,22.15,25.48,21.65,22.06,1.41,506.0,0.0,0.0,0.0,0.0,0.0,0.0,0.0,0.0,0.0,0.0,0.237,0.0,0.0,0.0,0.0,36.0,21.0,23.0,0.0,0.0,0.0,0.0,0.0,0.0,0.0,0.0,0.0,0.0,76.25,0.0,0.0,0.0,0.0,36.0,36.0,36.0,36.0,36.0,36.0,36.0,36.0,36.0,36.0,21.59,36.0,36.0,36.0,36.0,0.0,0.0,0.0,0.0,0.0,0.0,0.0,0.0,0.0,0.0,0.001266,0.0,0.0,0.0,0.0
2020-01-08 10:45:00,21.25,21.63,22.74,21.64,21.52,21.26,22.61,25.92,20.92,20.94,20.98,22.04,26.22,21.37,21.99,1.68,553.9,0.0,0.0,0.0,0.0,0.0,0.0,0.0,0.0,0.0,0.0,0.237,0.0,0.0,0.0,0.0,36.0,21.0,23.0,0.0,0.0,0.0,0.0,0.0,0.0,0.0,0.0,0.0,0.0,75.92,0.0,0.0,0.0,0.0,36.0,36.0,36.0,36.0,36.0,36.0,36.0,36.0,36.0,36.0,21.65,36.0,36.0,36.0,36.0,0.0,0.0,0.0,0.0,0.0,0.0,0.0,0.0,0.0,0.0,0.001266,0.0,0.0,0.0,0.0
2020-01-08 11:00:00,21.33,21.56,22.94,21.71,21.45,21.17,22.48,26.72,20.84,20.89,20.97,21.9,27.05,21.18,21.91,2.03,601.8,0.0,0.0,0.0,0.0,0.0,0.0,0.0,0.0,0.0,0.0,0.237,0.0,0.0,0.0,0.0,36.0,21.0,23.0,0.0,0.0,0.0,0.0,0.0,0.0,0.0,0.0,0.0,0.0,75.72,0.0,0.0,0.0,0.0,36.0,36.0,36.0,36.0,36.0,36.0,36.0,36.0,36.0,36.0,21.69,36.0,36.0,36.0,36.0,0.0,0.0,0.0,0.0,0.0,0.0,0.0,0.0,0.0,0.0,0.001266,0.0,0.0,0.0,0.0
2020-01-08 11:15:00,21.44,21.49,23.17,21.78,21.39,21.07,22.33,27.58,20.98,20.9,21.01,21.74,27.96,21.06,21.84,2.37,649.6,0.0,0.0,0.0,0.0,0.0,0.0,0.0,0.0,0.758,1.0,0.809,0.0,0.0,0.079,0.0,36.0,21.0,23.0,0.0,0.0,0.0,0.0,0.0,0.0,0.0,0.0,1755.86,462.42,250.0,0.0,0.0,206.53,0.0,36.0,36.0,36.0,36.0,36.0,36.0,36.0,36.0,23.7,21.63,22.18,36.0,36.0,23.01,36.0,0.0,0.0,0.0,0.0,0.0,0.0,0.0,0.0,0.034157,0.007697,0.004328,0.0,0.0,0.003803,0.0
2020-01-08 11:30:00,21.56,21.44,23.39,21.83,21.38,20.98,22.19,28.47,21.31,20.99,21.11,21.57,28.89,21.0,21.76,2.72,686.8,0.0,0.0,0.0,0.0,0.0,0.0,0.0,0.0,0.758,1.0,0.809,0.0,0.0,0.079,0.0,36.0,21.0,23.0,0.0,0.0,0.0,0.0,0.0,0.0,0.0,0.0,1599.83,448.53,242.98,0.0,0.0,208.12,0.0,36.0,36.0,36.0,36.0,36.0,36.0,36.0,36.0,24.79,22.06,22.57,36.0,36.0,22.91,36.0,0.0,0.0,0.0,0.0,0.0,0.0,0.0,0.0,0.034157,0.007697,0.004328,0.0,0.0,0.003803,0.0
2020-01-08 11:45:00,21.7,21.42,23.6,21.88,21.36,20.89,22.07,29.37,21.68,21.11,21.22,21.41,29.83,20.96,21.69,3.07,724.0,0.0,0.0,0.0,0.0,0.0,0.0,0.0,0.0,0.758,1.0,0.809,0.0,0.0,0.079,0.0,36.0,21.0,23.0,0.0,0.0,0.0,0.0,0.0,0.0,0.0,0.0,1503.54,438.96,238.12,0.0,0.0,209.61,0.0,36.0,36.0,36.0,36.0,36.0,36.0,36.0,36.0,25.47,22.36,22.84,36.0,36.0,22.81,36.0,0.0,0.0,0.0,0.0,0.0,0.0,0.0,0.0,0.034157,0.007697,0.004328,0.0,0.0,0.003803,0.0
2020-01-08 12:00:00,21.84,21.42,23.81,21.96,21.37,20.81,21.95,30.28,21.97,21.22,21.31,21.27,30.76,20.94,21.62,3.37,761.2,0.0,0.0,0.0,0.0,0.0,0.0,0.0,0.0,0.758,1.0,0.809,0.0,0.0,0.079,0.0,36.0,21.0,23.0,0.0,0.0,0.0,0.0,0.0,0.0,0.0,0.0,1435.0,431.8,234.49,0.0,0.0,210.58,0.0,36.0,36.0,36.0,36.0,36.0,36.0,36.0,36.0,25.95,22.58,23.04,36.0,36.0,22.75,36.0,0.0,0.0,0.0,0.0,0.0,0.0,0.0,0.0,0.034157,0.007697,0.004328,0.0,0.0,0.003803,0.0
2020-01-08 12:15:00,21.98,21.43,24.03,22.1,21.37,20.77,21.85,31.2,22.04,21.24,21.3,21.15,31.7,20.95,21.55,3.67,798.4,0.0,0.0,0.0,0.0,0.0,1.0,0.0,0.0,0.0,0.0,0.0,0.0,0.0,0.0,0.0,36.0,21.0,23.0,0.0,0.0,0.0,0.0,0.0,270.37,0.0,0.0,0.0,0.0,0.0,0.0,0.0,0.0,0.0,36.0,36.0,36.0,36.0,36.0,21.36,36.0,36.0,36.0,36.0,36.0,36.0,36.0,36.0,36.0,0.0,0.0,0.0,0.0,0.0,0.004419,0.0,0.0,0.0,0.0,0.0,0.0,0.0,0.0,0.0
2020-01-08 12:30:00,22.09,21.45,24.19,22.29,21.33,20.8,21.76,32.03,21.98,21.19,21.21,21.05,32.51,21.01,21.48,3.98,799.5,0.0,0.0,0.0,0.0,0.0,1.0,0.0,0.0,0.0,0.0,0.0,0.0,0.0,0.0,0.0,36.0,21.0,23.0,0.0,0.0,0.0,0.0,0.0,260.23,0.0,0.0,0.0,0.0,0.0,0.0,0.0,0.0,0.0,36.0,36.0,36.0,36.0,36.0,21.91,36.0,36.0,36.0,36.0,36.0,36.0,36.0,36.0,36.0,0.0,0.0,0.0,0.0,0.0,0.004419,0.0,0.0,0.0,0.0,0.0,0.0,0.0,0.0,0.0
2020-01-08 12:45:00,22.18,21.47,24.33,22.5,21.28,20.87,21.67,32.77,21.97,21.12,21.11,20.97,33.21,21.15,21.41,4.28,800.6,0.0,0.0,0.0,0.0,0.0,1.0,0.0,0.0,0.0,0.0,0.0,0.0,0.0,0.0,0.0,36.0,21.0,23.0,0.0,0.0,0.0,0.0,0.0,253.4,0.0,0.0,0.0,0.0,0.0,0.0,0.0,0.0,0.0,36.0,36.0,36.0,36.0,36.0,22.28,36.0,36.0,36.0,36.0,36.0,36.0,36.0,36.0,36.0,0.0,0.0,0.0,0.0,0.0,0.004419,0.0,0.0,0.0,0.0,0.0,0.0,0.0,0.0,0.0
2020-01-08 13:00:00,22.25,21.48,24.46,22.78,21.26,20.97,21.57,33.42,22.05,21.05,21.02,20.88,33.81,21.36,21.34,4.46,801.7,0.0,0.0,0.0,0.0,0.0,1.0,0.0,0.0,0.0,0.0,0.0,0.0,0.0,0.0,0.0,36.0,21.0,23.0,0.0,0.0,0.0,0.0,0.0,248.44,0.0,0.0,0.0,0.0,0.0,0.0,0.0,0.0,0.0,36.0,36.0,36.0,36.0,36.0,22.55,36.0,36.0,36.0,36.0,36.0,36.0,36.0,36.0,36.0,0.0,0.0,0.0,0.0,0.0,0.004419,0.0,0.0,0.0,0.0,0.0,0.0,0.0,0.0,0.0
2020-01-08 13:15:00,22.33,21.49,24.59,23.11,21.27,21.05,21.48,34.03,22.25,21.0,20.99,20.99,34.37,21.67,21.27,4.65,802.8,0.0,0.0,0.0,0.0,0.0,0.0,0.0,0.0,0.0,0.075,0.474,0.56,0.0,0.0,0.0,36.0,21.0,23.0,0.0,0.0,0.0,0.0,0.0,0.0,0.0,0.0,0.0,35.07,149.22,1482.88,0.0,0.0,0.0,36.0,36.0,36.0,36.0,36.0,36.0,36.0,36.0,36.0,21.46,21.92,23.43,36.0,36.0,36.0,0.0,0.0,0.0,0.0,0.0,0.0,0.0,0.0,0.0,0.000577,0.002536,0.028212,0.0,0.0,0.0
2020-01-08 13:30:00,22.38,21.48,24.58,23.39,21.28,21.1,21.38,34.38,22.48,20.94,21.02,21.31,34.62,21.98,21.2,4.83,735.3,0.0,0.0,0.0,0.0,0.0,0.0,0.0,0.0,0.0,0.075,0.474,0.56,0.0,0.0,0.0,36.0,21.0,23.0,0.0,0.0,0.0,0.0,0.0,0.0,0.0,0.0,0.0,35.23,147.19,1372.04,0.0,0.0,0.0,36.0,36.0,36.0,36.0,36.0,36.0,36.0,36.0,36.0,21.39,22.11,24.37,36.0,36.0,36.0,0.0,0.0,0.0,0.0,0.0,0.0,0.0,0.0,0.0,0.000577,0.002536,0.028212,0.0,0.0,0.0
2020-01-08 13:45:00,22.36,21.42,24.54,23.57,21.34,21.25,21.28,34.52,22.66,20.9,21.05,21.55,34.66,22.2,21.13,5.02,667.7,0.0,0.0,0.0,0.0,0.0,0.0,0.0,0.0,0.0,0.075,0.474,0.56,0.0,0.0,0.0,36.0,21.0,23.0,0.0,0.0,0.0,0.0,0.0,0.0,0.0,0.0,0.0,35.37,145.88,1302.57,0.0,0.0,0.0,36.0,36.0,36.0,36.0,36.0,36.0,36.0,36.0,36.0,21.33,22.24,24.95,36.0,36.0,36.0,0.0,0.0,0.0,0.0,0.0,0.0,0.0,0.0,0.0,0.000577,0.002536,0.028212,0.0,0.0,0.0
2020-01-08 14:00:00,22.33,21.36,24.45,23.74,21.38,21.35,21.2,34.59,22.86,20.86,21.07,21.78,34.63,22.47,21.07,4.99,600.2,0.0,0.0,0.0,0.0,0.0,0.0,0.0,0.0,0.0,0.075,0.474,0.56,0.0,0.0,0.0,36.0,21.0,23.0,0.0,0.0,0.0,0.0,0.0,0.0,0.0,0.0,0.0,35.5,144.95,1255.7,0.0,0.0,0.0,36.0,36.0,36.0,36.0,36.0,36.0,36.0,36.0,36.0,21.28,22.32,25.35,36.0,36.0,36.0,0.0,0.0,0.0,0.0,0.0,0.0,0.0,0.0,0.0,0.000577,0.002536,0.028212,0.0,0.0,0.0
2020-01-08 14:15:00,22.26,21.28,24.35,23.85,21.44,21.52,21.14,34.54,23.03,20.9,21.03,21.72,34.48,22.69,21.03,4.97,532.7,0.0,0.0,0.0,0.0,0.0,0.0,0.0,0.0,0.0,1.0,0.0,0.0,0.0,0.0,0.17,36.0,21.0,23.0,0.0,0.0,0.0,0.0,0.0,0.0,0.0,0.0,0.0,458.11,0.0,0.0,0.0,0.0,100.37,36.0,36.0,36.0,36.0,36.0,36.0,36.0,36.0,36.0,21.76,36.0,36.0,36.0,36.0,21.41,0.0,0.0,0.0,0.0,0.0,0.0,0.0,0.0,0.0,0.007697,0.0,0.0,0.0,0.0,0.001646
2020-01-08 14:30:00,22.2,21.2,24.23,24.0,21.48,21.56,21.08,34.41,23.21,21.01,20.95,21.52,34.3,22.92,21.0,4.94,495.5,0.0,0.0,0.0,0.0,0.0,0.0,0.0,0.0,0.0,1.0,0.0,0.0,0.0,0.0,0.17,36.0,21.0,23.0,0.0,0.0,0.0,0.0,0.0,0.0,0.0,0.0,0.0,445.73,0.0,0.0,0.0,0.0,100.08,36.0,36.0,36.0,36.0,36.0,36.0,36.0,36.0,36.0,22.15,36.0,36.0,36.0,36.0,21.46,0.0,0.0,0.0,0.0,0.0,0.0,0.0,0.0,0.0,0.007697,0.0,0.0,0.0,0.0,0.001646
2020-01-08 14:45:00,22.12,21.11,24.09,24.18,21.52,21.66,21.01,34.26,23.39,21.12,20.86,21.29,34.09,23.12,20.97,4.92,458.2,0.0,0.0,0.0,0.0,0.0,0.0,0.0,0.0,0.0,1.0,0.0,0.0,0.0,0.0,0.17,36.0,21.0,23.0,0.0,0.0,0.0,0.0,0.0,0.0,0.0,0.0,0.0,437.16,0.0,0.0,0.0,0.0,99.96,36.0,36.0,36.0,36.0,36.0,36.0,36.0,36.0,36.0,22.41,36.0,36.0,36.0,36.0,21.47,0.0,0.0,0.0,0.0,0.0,0.0,0.0,0.0,0.0,0.007697,0.0,0.0,0.0,0.0,0.001646
2020-01-08 15:00:00,22.01,20.98,23.9,24.33,21.57,21.69,20.94,34.05,23.53,21.21,20.78,21.14,33.8,23.3,20.94,4.73,421.0,0.0,0.0,0.0,0.0,0.0,0.0,0.0,0.0,0.0,1.0,0.0,0.0,0.0,0.0,0.17,36.0,21.0,23.0,0.0,0.0,0.0,0.0,0.0,0.0,0.0,0.0,0.0,430.72,0.0,0.0,0.0,0.0,99.94,36.0,36.0,36.0,36.0,36.0,36.0,36.0,36.0,36.0,22.61,36.0,36.0,36.0,36.0,21.48,0.0,0.0,0.0,0.0,0.0,0.0,0.0,0.0,0.0,0.007697,0.0,0.0,0.0,0.0,0.001646
2020-01-08 15:15:00,21.84,21.26,23.79,24.4,21.62,21.74,21.06,33.83,23.65,21.2,20.82,21.05,33.51,23.41,21.0,4.54,383.7,0.0,0.351,0.0,0.0,0.0,0.0,0.642,0.0,0.0,0.0,1.0,0.036,0.0,0.0,1.0,36.0,21.0,23.0,0.0,1127.4,0.0,0.0,0.0,0.0,1616.64,0.0,0.0,0.0,311.77,101.22,0.0,0.0,564.4,36.0,25.24,36.0,36.0,36.0,36.0,23.34,36.0,36.0,36.0,22.06,22.59,36.0,36.0,22.06,0.0,0.025073,0.0,0.0,0.0,0.0,0.030538,0.0,0.0,0.0,0.00535,0.001806,0.0,0.0,0.009687
2020-01-08 15:30:00,21.76,21.38,23.61,24.27,21.68,21.74,21.35,33.44,23.67,21.15,20.96,20.96,33.02,23.43,21.13,4.35,289.7,0.0,0.351,0.0,0.0,0.0,0.0,0.642,0.0,0.0,0.0,1.0,0.036,0.0,0.0,1.0,36.0,21.0,23.0,0.0,1144.1,0.0,0.0,0.0,0.0,1484.79,0.0,0.0,0.0,299.32,102.7,0.0,0.0,545.67,36.0,25.08,36.0,36.0,36.0,36.0,24.37,36.0,36.0,36.0,22.62,22.4,36.0,36.0,22.52,0.0,0.025073,0.0,0.0,0.0,0.0,0.030538,0.0,0.0,0.0,0.00535,0.001806,0.0,0.0,0.009687
2020-01-08 15:45:00,21.6,21.27,23.33,23.99,21.72,21.69,21.64,32.93,23.62,21.08,21.11,20.85,32.42,23.33,21.28,4.16,195.7,0.0,0.351,0.0,0.0,0.0,0.0,0.642,0.0,0.0,0.0,1.0,0.036,0.0,0.0,1.0,36.0,21.0,23.0,0.0,1149.58,0.0,0.0,0.0,0.0,1404.47,0.0,0.0,0.0,290.99,104.1,0.0,0.0,532.63,36.0,25.03,36.0,36.0,36.0,36.0,25.0,36.0,36.0,36.0,22.99,22.21,36.0,36.0,22.85,0.0,0.025073,0.0,0.0,0.0,0.0,0.030538,0.0,0.0,0.0,0.00535,0.001806,0.0,0.0,0.009687
2020-01-08 16:00:00,21.34,21.11,22.92,23.58,21.69,21.56,21.81,32.33,23.4,21.01,21.23,20.71,31.71,23.05,21.39,3.87,101.7,0.0,0.351,0.0,0.0,0.0,0.0,0.642,0.0,0.0,0.0,1.0,0.036,0.0,0.0,1.0,36.0,21.0,23.0,0.0,1161.04,0.0,0.0,0.0,0.0,1351.49,0.0,0.0,0.0,284.91,105.49,0.0,0.0,522.8,36.0,24.92,36.0,36.0,36.0,36.0,25.41,36.0,36.0,36.0,23.26,22.03,36.0,36.0,23.09,0.0,0.025073,0.0,0.0,0.0,0.0,0.030538,0.0,0.0,0.0,0.00535,0.001806,0.0,0.0,0.009687
2020-01-08 16:15:00,21.0,21.04,22.5,23.02,21.58,21.4,21.7,31.57,23.04,20.99,21.23,20.8,30.84,22.6,21.4,3.57,7.7,0.0,0.478,0.0,0.0,0.0,0.0,0.0,0.0,0.0,0.586,0.0,1.0,0.0,0.0,0.0,36.0,21.0,23.0,0.0,1487.65,0.0,0.0,0.0,0.0,0.0,0.0,0.0,269.12,0.0,2500.5,0.0,0.0,0.0,36.0,25.58,36.0,36.0,36.0,36.0,36.0,36.0,36.0,21.73,36.0,24.13,36.0,36.0,36.0,0.0,0.034147,0.0,0.0,0.0,0.0,0.0,0.0,0.0,0.004513,0.0,0.050389,0.0,0.0,0.0
2020-01-08 16:30:00,20.75,20.95,22.17,22.64,21.44,21.31,21.4,30.93,22.72,21.01,21.14,21.21,30.11,22.23,21.33,3.28,5.8,0.0,0.478,0.0,0.0,0.0,0.0,0.0,0.0,0.0,0.586,0.0,1.0,0.0,0.0,0.0,36.0,21.0,23.0,0.0,1484.41,0.0,0.0,0.0,0.0,0.0,0.0,0.0,265.85,0.0,2199.91,0.0,0.0,0.0,36.0,25.6,36.0,36.0,36.0,36.0,36.0,36.0,36.0,21.91,36.0,25.56,36.0,36.0,36.0,0.0,0.034147,0.0,0.0,0.0,0.0,0.0,0.0,0.0,0.004513,0.0,0.050389,0.0,0.0,0.0
2020-01-08 16:45:00,20.55,20.85,21.89,22.36,21.3,21.25,21.07,30.35,22.43,21.05,21.04,21.62,29.43,21.93,21.23,2.99,0.0,0.0,0.478,0.0,0.0,0.0,0.0,0.0,0.0,0.0,0.586,0.0,1.0,0.0,0.0,0.0,36.0,21.0,23.0,0.0,1478.32,0.0,0.0,0.0,0.0,0.0,0.0,0.0,263.68,0.0,2028.53,0.0,0.0,0.0,36.0,25.64,36.0,36.0,36.0,36.0,36.0,36.0,36.0,22.02,36.0,26.37,36.0,36.0,36.0,0.0,0.034147,0.0,0.0,0.0,0.0,0.0,0.0,0.0,0.004513,0.0,0.050389,0.0,0.0,0.0
2020-01-08 17:00:00,20.39,20.8,21.66,22.12,21.16,21.22,20.81,29.8,22.17,21.09,20.94,21.87,28.84,21.66,21.14,2.89,0.0,0.0,0.478,0.0,0.0,0.0,0.0,0.0,0.0,0.0,0.586,0.0,1.0,0.0,0.0,0.0,36.0,21.0,23.0,0.0,1469.62,0.0,0.0,0.0,0.0,0.0,0.0,0.0,262.09,0.0,1920.81,0.0,0.0,0.0,36.0,25.7,36.0,36.0,36.0,36.0,36.0,36.0,36.0,22.11,36.0,26.88,36.0,36.0,36.0,0.0,0.034147,0.0,0.0,0.0,0.0,0.0,0.0,0.0,0.004513,0.0,0.050389,0.0,0.0,0.0
2020-01-08 17:15:00,20.83,21.25,22.06,21.91,21.05,21.16,20.93,29.3,21.93,21.07,20.96,21.78,28.29,21.42,21.15,2.79,0.0,1.0,0.952,1.0,0.0,0.0,0.0,1.0,0.0,0.0,0.0,1.0,0.115,0.0,0.0,1.0,36.0,21.0,23.0,583.63,2319.29,756.47,0.0,0.0,0.0,2308.86,0.0,0.0,0.0,305.76,248.64,0.0,0.0,554.67,25.55,27.83,29.93,36.0,36.0,36.0,24.38,36.0,36.0,36.0,22.33,25.71,36.0,36.0,22.3,0.013364,0.067938,0.029804,0.0,0.0,0.0,0.047544,0.0,0.0,0.0,0.00535,0.005779,0.0,0.0,0.009687
2020-01-08 17:30:00,21.31,21.52,22.34,21.78,20.99,21.02,21.33,28.85,21.73,21.02,21.09,21.49,27.81,21.18,21.27,2.68,0.0,1.0,0.952,1.0,0.0,0.0,0.0,1.0,0.0,0.0,0.0,1.0,0.115,0.0,0.0,1.0,36.0,21.0,23.0,590.74,2301.82,792.09,0.0,0.0,0.0,2057.66,0.0,0.0,0.0,294.46,271.51,0.0,0.0,537.01,25.42,27.89,29.64,36.0,36.0,36.0,25.65,36.0,36.0,36.0,22.83,24.76,36.0,36.0,22.74,0.013364,0.067938,0.029804,0.0,0.0,0.0,0.047544,0.0,0.0,0.0,0.00535,0.005779,0.0,0.0,0.009687
2020-01-08 17:45:00,21.39,21.61,22.33,21.65,20.99,20.85,21.69,28.44,21.53,20.95,21.23,21.21,27.37,20.95,21.4,2.58,0.0,1.0,0.952,1.0,0.0,0.0,0.0,1.0,0.0,0.0,0.0,1.0,0.115,0.0,0.0,1.0,36.0,21.0,23.0,586.86,2270.13,807.13,0.0,0.0,0.0,1913.6,0.0,0.0,0.0,286.93,286.92,0.0,0.0,524.97,25.49,28.01,29.52,36.0,36.0,36.0,26.37,36.0,36.0,36.0,23.17,24.12,36.0,36.0,23.04,0.013364,0.067938,0.029804,0.0,0.0,0.0,0.047544,0.0,0.0,0.0,0.00535,0.005779,0.0,0.0,0.009687
2020-01-08 18:00:00,21.39,21.66,22.26,21.51,21.0,20.69,21.9,28.05,21.37,20.89,21.35,20.95,26.96,20.74,21.52,2.48,0.0,1.0,0.952,1.0,0.0,0.0,0.0,1.0,0.0,0.0,0.0,1.0,0.115,0.0,0.0,1.0,36.0,21.0,23.0,585.9,2245.35,826.7,0.0,0.0,0.0,1822.26,0.0,0.0,0.0,281.44,298.33,0.0,0.0,515.97,25.51,28.09,29.36,36.0,36.0,36.0,26.83,36.0,36.0,36.0,23.42,23.65,36.0,36.0,23.26,0.013364,0.067938,0.029804,0.0,0.0,0.0,0.047544,0.0,0.0,0.0,0.00535,0.005779,0.0,0.0,0.009687
2020-01-08 18:15:00,20.57,20.52,21.35,21.3,21.05,20.65,21.81,27.74,21.47,20.9,21.34,21.04,26.64,20.85,21.61,2.37,0.0,0.0,0.0,0.0,0.0,0.539,1.0,0.0,0.0,1.0,1.0,0.0,1.0,0.0,1.0,1.0,36.0,21.0,23.0,0.0,0.0,0.0,0.0,248.09,271.29,0.0,0.0,2146.13,456.92,0.0,2282.37,0.0,2366.28,508.92,36.0,36.0,36.0,36.0,21.6,21.31,36.0,36.0,24.61,21.8,36.0,25.16,36.0,24.18,23.43,0.0,0.0,0.0,0.0,0.004123,0.004419,0.0,0.0,0.045088,0.007697,0.0,0.050389,0.0,0.047883,0.009687
2020-01-08 18:30:00,20.14,19.98,20.82,21.03,21.08,20.86,21.51,27.36,21.8,20.99,21.24,21.45,26.25,21.29,21.71,2.27,0.0,0.0,0.0,0.0,0.0,0.539,1.0,0.0,0.0,1.0,1.0,0.0,1.0,0.0,1.0,1.0,36.0,21.0,23.0,0.0,0.0,0.0,0.0,248.5,261.09,0.0,0.0,1914.28,444.7,0.0,2061.08,0.0,2092.53,503.24,36.0,36.0,36.0,36.0,21.58,21.87,36.0,36.0,25.84,22.18,36.0,26.21,36.0,25.55,23.57,0.0,0.0,0.0,0.0,0.004123,0.004419,0.0,0.0,0.045088,0.007697,0.0,0.050389,0.0,0.047883,0.009687
2020-01-08 18:45:00,20.0,19.8,20.62,20.85,21.11,21.15,21.2,27.02,22.09,21.1,21.13,21.79,25.9,21.74,21.81,2.16,0.0,0.0,0.0,0.0,0.0,0.539,1.0,0.0,0.0,1.0,1.0,0.0,1.0,0.0,1.0,1.0,36.0,21.0,23.0,0.0,0.0,0.0,0.0,248.44,253.87,0.0,0.0,1782.01,436.34,0.0,1933.34,0.0,1934.42,498.41,36.0,36.0,36.0,36.0,21.58,22.26,36.0,36.0,26.54,22.44,36.0,26.82,36.0,26.34,23.69,0.0,0.0,0.0,0.0,0.004123,0.004419,0.0,0.0,0.045088,0.007697,0.0,0.050389,0.0,0.047883,0.009687
2020-01-08 19:00:00,19.91,19.68,20.48,20.68,21.15,21.33,20.89,26.68,22.32,21.2,21.02,22.04,25.56,22.06,21.9,2.06,0.0,0.0,0.0,0.0,0.0,0.539,1.0,0.0,0.0,1.0,1.0,0.0,1.0,0.0,1.0,1.0,36.0,21.0,23.0,0.0,0.0,0.0,0.0,247.95,248.37,0.0,0.0,1700.55,430.19,0.0,1853.77,0.0,1835.46,494.32,36.0,36.0,36.0,36.0,21.61,22.56,36.0,36.0,26.98,22.63,36.0,27.2,36.0,26.83,23.79,0.0,0.0,0.0,0.0,0.004123,0.004419,0.0,0.0,0.045088,0.007697,0.0,0.050389,0.0,0.047883,0.009687
2020-01-08 19:15:00,20.49,20.63,21.22,21.35,21.28,21.45,21.04,26.44,22.42,21.2,21.04,22.17,25.31,21.94,21.95,1.96,0.0,1.0,1.0,1.0,1.0,1.0,0.0,1.0,0.0,1.0,0.0,0.871,1.0,0.0,0.0,1.0,36.0,21.0,23.0,560.0,2251.23,820.4,1765.91,439.35,0.0,2245.07,0.0,1644.82,0.0,265.95,1796.94,0.0,0.0,490.46,25.98,28.46,29.41,26.34,22.27,36.0,24.7,36.0,27.27,36.0,22.34,27.47,36.0,36.0,23.89,0.013364,0.071395,0.029804,0.043751,0.007653,0.0,0.047544,0.0,0.045088,0.0,0.004658,0.050389,0.0,0.0,0.009687
2020-01-08 19:30:00,21.09,21.39,21.82,22.12,21.41,21.43,21.49,26.13,22.57,21.14,21.14,22.3,24.99,21.62,22.03,1.86,0.0,1.0,1.0,1.0,1.0,1.0,0.0,1.0,0.0,1.0,0.0,0.871,1.0,0.0,0.0,1.0,36.0,21.0,23.0,559.11,2269.85,832.77,1795.6,439.32,0.0,2012.22,0.0,1607.12,0.0,257.8,1758.1,0.0,0.0,487.11,25.99,28.39,29.32,26.18,22.27,36.0,25.87,36.0,27.47,36.0,22.76,27.65,36.0,36.0,23.97,0.013364,0.071395,0.029804,0.043751,0.007653,0.0,0.047544,0.0,0.045088,0.0,0.004658,0.050389,0.0,0.0,0.009687
2020-01-08 19:45:00,21.34,21.58,22.04,22.28,21.52,21.4,21.87,25.84,22.68,21.06,21.25,22.39,24.7,21.25,22.11,1.76,0.0,1.0,1.0,1.0,1.0,1.0,0.0,1.0,0.0,1.0,0.0,0.871,1.0,0.0,0.0,1.0,36.0,21.0,23.0,545.91,2214.79,814.06,1783.54,438.28,0.0,1877.88,0.0,1579.03,0.0,252.38,1728.94,0.0,0.0,484.0,26.23,28.58,29.47,26.25,22.3,36.0,26.55,36.0,27.62,36.0,23.04,27.79,36.0,36.0,24.05,0.013364,0.071395,0.029804,0.043751,0.007653,0.0,0.047544,0.0,0.045088,0.0,0.004658,0.050389,0.0,0.0,0.009687
2020-01-08 20:00:00,21.43,21.63,22.07,22.35,21.61,21.38,22.09,25.54,22.77,20.99,21.36,22.46,24.41,20.9,22.18,1.66,0.0,1.0,1.0,1.0,1.0,1.0,0.0,1.0,0.0,1.0,0.0,0.871,1.0,0.0,0.0,1.0,36.0,21.0,23.0,530.25,2116.04,777.37,1714.73,433.03,0.0,1794.4,0.0,1557.84,0.0,248.48,1707.06,0.0,0.0,481.19,26.51,28.91,29.76,26.62,22.46,36.0,26.97,36.0,27.73,36.0,23.24,27.9,36.0,36.0,24.12,0.013364,0.071395,0.029804,0.043751,0.007653,0.0,0.047544,0.0,0.045088,0.0,0.004658,0.050389,0.0,0.0,0.009687
2020-01-08 20:15:00,21.32,20.53,21.36,22.35,21.51,21.31,21.95,25.33,22.68,20.99,21.33,22.26,24.2,21.0,22.23,1.57,0.0,1.0,0.0,0.0,1.0,0.0,0.0,0.0,0.0,0.322,0.859,0.0,0.0,0.0,0.856,1.0,36.0,21.0,23.0,538.72,0.0,0.0,1736.68,0.0,0.0,0.0,0.0,552.65,389.89,0.0,0.0,0.0,1980.58,478.35,26.36,36.0,36.0,26.5,36.0,36.0,36.0,36.0,26.9,21.89,36.0,36.0,36.0,24.44,24.19,0.013364,0.0,0.0,0.043751,0.0,0.0,0.0,0.0,0.014532,0.006609,0.0,0.0,0.0,0.040983,0.009687
2020-01-08 20:30:00,21.26,20.04,21.02,22.3,21.44,21.22,21.62,25.04,22.46,21.06,21.23,21.86,23.91,21.33,22.3,1.47,0.0,1.0,0.0,0.0,1.0,0.0,0.0,0.0,0.0,0.322,0.859,0.0,0.0,0.0,0.856,1.0,36.0,21.0,23.0,536.26,0.0,0.0,1718.0,0.0,0.0,0.0,0.0,591.18,381.8,0.0,0.0,0.0,1808.14,475.79,26.4,36.0,36.0,26.61,36.0,36.0,36.0,36.0,26.27,22.18,36.0,36.0,36.0,25.45,24.25,0.013364,0.0,0.0,0.043751,0.0,0.0,0.0,0.0,0.014532,0.006609,0.0,0.0,0.0,0.040983,0.009687
2020-01-08 20:45:00,21.28,19.87,20.92,22.32,21.32,21.13,21.27,24.78,22.27,21.14,21.13,21.46,23.65,21.63,22.36,1.37,0.0,1.0,0.0,0.0,1.0,0.0,0.0,0.0,0.0,0.322,0.859,0.0,0.0,0.0,0.856,1.0,36.0,21.0,23.0,533.2,0.0,0.0,1698.06,0.0,0.0,0.0,0.0,616.36,376.29,0.0,0.0,0.0,1706.62,473.31,26.45,36.0,36.0,26.71,36.0,36.0,36.0,36.0,25.85,22.38,36.0,36.0,36.0,26.04,24.31,0.013364,0.0,0.0,0.043751,0.0,0.0,0.0,0.0,0.014532,0.006609,0.0,0.0,0.0,0.040983,0.009687
2020-01-08 21:00:00,21.3,19.75,20.85,22.33,21.21,21.09,20.93,24.52,22.08,21.21,21.03,21.11,23.39,21.78,22.42,1.27,0.0,1.0,0.0,0.0,1.0,0.0,0.0,0.0,0.0,0.322,0.859,0.0,0.0,0.0,0.856,1.0,36.0,21.0,23.0,530.24,0.0,0.0,1677.88,0.0,0.0,0.0,0.0,634.51,372.19,0.0,0.0,0.0,1641.95,470.94,26.51,36.0,36.0,26.83,36.0,36.0,36.0,36.0,25.55,22.53,36.0,36.0,36.0,26.42,24.37,0.013364,0.0,0.0,0.043751,0.0,0.0,0.0,0.0,0.014532,0.006609,0.0,0.0,0.0,0.040983,0.009687
2020-01-08 21:15:00,21.41,20.65,21.45,22.45,21.15,21.1,20.99,24.29,22.1,21.27,21.05,21.17,23.21,21.89,22.47,1.17,0.0,1.0,1.0,1.0,1.0,0.0,0.143,1.0,0.0,1.0,1.0,1.0,1.0,0.148,1.0,1.0,36.0,21.0,23.0,526.27,2198.03,813.66,1654.62,0.0,39.64,2233.22,0.0,1806.46,427.32,303.86,2275.57,145.66,1826.03,468.66,26.58,28.63,29.47,26.95,36.0,21.02,24.76,36.0,26.41,22.72,22.41,25.2,25.14,26.88,24.43,0.013364,0.071395,0.029804,0.043751,0.0,0.000633,0.047544,0.0,0.045088,0.007697,0.00535,0.050389,0.003208,0.047883,0.009687
2020-01-08 21:30:00,21.59,21.32,21.9,22.65,21.19,21.19,21.37,24.01,22.26,21.36,21.18,21.56,23.04,22.03,22.54,1.07,0.0,1.0,1.0,1.0,1.0,0.0,0.143,1.0,0.0,1.0,1.0,1.0,1.0,0.148,1.0,1.0,36.0,21.0,23.0,522.18,2229.97,833.28,1630.3,0.0,39.55,2006.82,0.0,1694.01,422.42,292.59,2040.89,145.13,1763.46,466.5,26.65,28.53,29.31,27.09,36.0,21.05,25.9,36.0,27.01,22.87,22.92,26.31,25.18,27.19,24.48,0.013364,0.071395,0.029804,0.043751,0.0,0.000633,0.047544,0.0,0.045088,0.007697,0.00535,0.050389,0.003208,0.047883,0.009687
2020-01-08 21:45:00,21.71,21.44,22.0,22.74,21.29,21.32,21.73,23.74,22.42,21.43,21.32,21.89,22.88,22.15,22.59,0.97,0.0,1.0,1.0,1.0,1.0,0.0,0.143,1.0,0.0,1.0,1.0,1.0,1.0,0.148,1.0,1.0,36.0,21.0,23.0,518.11,2198.74,825.34,1618.63,0.0,39.49,1878.03,0.0,1630.53,418.54,285.1,1909.44,145.63,1722.44,464.38,26.73,28.63,29.38,27.15,36.0,21.08,26.55,36.0,27.35,22.99,23.25,26.93,25.14,27.39,24.53,0.013364,0.071395,0.029804,0.043751,0.0,0.000633,0.047544,0.0,0.045088,0.007697,0.00535,0.050389,0.003208,0.047883,0.009687
2020-01-08 22:00:00,21.75,21.47,22.01,22.76,21.36,21.39,21.94,23.5,22.55,21.51,21.44,22.1,22.73,22.27,22.65,0.87,0.0,1.0,1.0,1.0,1.0,0.0,0.143,1.0,0.0,1.0,1.0,1.0,1.0,0.148,1.0,1.0,36.0,21.0,23.0,504.69,2105.71,788.69,1569.74,0.0,39.43,1798.2,0.0,1591.16,415.37,279.74,1829.71,146.51,1693.65,462.42,26.97,28.94,29.67,27.42,36.0,21.1,26.95,36.0,27.56,23.09,23.49,27.31,25.07,27.54,24.58,0.013364,0.071395,0.029804,0.043751,0.0,0.000633,0.047544,0.0,0.045088,0.007697,0.00535,0.050389,0.003208,0.047883,0.009687
2020-01-08 22:15:00,21.07,21.51,21.35,22.72,21.4,21.48,22.06,23.31,22.39,21.56,21.52,22.21,22.9,22.21,22.61,0.77,0.0,0.0,1.0,0.0,1.0,0.0,0.0,1.0,0.0,0.0,1.0,1.0,1.0,1.0,0.448,0.0,36.0,21.0,23.0,0.0,2174.71,0.0,1603.4,0.0,0.0,1743.6,0.0,0.0,412.51,275.52,1775.51,841.33,819.14,0.0,36.0,28.71,36.0,27.23,36.0,36.0,27.23,36.0,36.0,23.18,23.68,27.57,26.72,26.86,36.0,0.0,0.071395,0.0,0.043751,0.0,0.0,0.047544,0.0,0.0,0.007697,0.00535,0.050389,0.021689,0.021433,0.0
2020-01-08 22:30:00,20.79,21.53,21.14,22.63,21.36,21.48,22.17,23.09,22.05,21.63,21.62,22.32,23.26,22.08,22.49,0.67,0.0,0.0,1.0,0.0,1.0,0.0,0.0,1.0,0.0,0.0,1.0,1.0,1.0,1.0,0.448,0.0,36.0,21.0,23.0,0.0,2168.84,0.0,1600.0,0.0,0.0,1706.56,0.0,0.0,410.02,272.25,1739.53,742.59,864.53,0.0,36.0,28.73,36.0,27.25,36.0,36.0,27.41,36.0,36.0,23.26,23.83,27.74,27.81,26.35,36.0,0.0,0.071395,0.0,0.043751,0.0,0.0,0.047544,0.0,0.0,0.007697,0.00535,0.050389,0.021689,0.021433,0.0
2020-01-08 22:45:00,20.68,21.56,21.08,22.61,21.29,21.47,22.24,22.87,21.71,21.69,21.71,22.4,23.58,21.95,22.37,0.57,0.0,0.0,1.0,0.0,1.0,0.0,0.0,1.0,0.0,0.0,1.0,1.0,1.0,1.0,0.448,0.0,36.0,21.0,23.0,0.0,2161.32,0.0,1595.19,0.0,0.0,1679.32,0.0,0.0,407.74,269.53,1713.56,687.79,892.84,0.0,36.0,28.76,36.0,27.28,36.0,36.0,27.55,36.0,36.0,23.33,23.95,27.86,28.41,26.03,36.0,0.0,0.071395,0.0,0.043751,0.0,0.0,0.047544,0.0,0.0,0.007697,0.00535,0.050389,0.021689,0.021433,0.0
2020-01-08 23:00:00,20.6,21.53,21.02,22.59,21.25,21.46,22.29,22.63,21.42,21.76,21.79,22.44,23.78,21.83,22.25,0.46,0.0,0.0,1.0,0.0,1.0,0.0,0.0,1.0,0.0,0.0,1.0,1.0,1.0,1.0,0.448,0.0,36.0,21.0,23.0,0.0,2074.88,0.0,1550.3,0.0,0.0,1659.22,0.0,0.0,405.69,267.27,1694.84,655.31,911.71,0.0,36.0,29.05,36.0,27.52,36.0,36.0,27.65,36.0,36.0,23.39,24.05,27.95,28.77,25.82,36.0,0.0,0.071395,0.0,0.043751,0.0,0.0,0.047544,0.0,0.0,0.007697,0.00535,0.050389,0.021689,0.021433,0.0
2020-01-08 23:15:00,21.15,21.6,21.55,22.66,21.22,21.46,22.32,22.45,21.5,21.8,21.86,22.47,23.55,21.91,22.25,0.35,0.0,1.0,1.0,1.0,1.0,0.0,0.0,1.0,0.0,1.0,1.0,1.0,1.0,0.0,1.0,1.0,36.0,21.0,23.0,515.68,2149.87,822.14,1583.51,0.0,0.0,1643.18,0.0,2032.15,403.67,265.18,1680.48,0.0,1887.68,506.8,26.77,28.8,29.4,27.34,36.0,36.0,27.73,36.0,25.22,23.45,24.14,28.02,36.0,26.57,23.48,0.013364,0.071395,0.029804,0.043751,0.0,0.0,0.047544,0.0,0.045088,0.007697,0.00535,0.050389,0.0,0.047883,0.009687
2020-01-08 23:30:00,21.54,21.69,21.93,22.83,21.25,21.51,22.36,22.23,21.77,21.86,21.93,22.5,23.07,22.09,22.34,0.25,0.0,1.0,1.0,1.0,1.0,0.0,0.0,1.0,0.0,1.0,1.0,1.0,1.0,0.0,1.0,1.0,36.0,21.0,23.0,517.95,2141.02,839.19,1574.92,0.0,0.0,1630.41,0.0,1843.84,401.77,263.34,1669.19,0.0,1782.97,492.47,26.73,28.83,29.26,27.39,36.0,36.0,27.8,36.0,26.22,23.51,24.23,28.08,36.0,27.09,23.84,0.013364,0.071395,0.029804,0.043751,0.0,0.0,0.047544,0.0,0.045088,0.007697,0.00535,0.050389,0.0,0.047883,0.009687
2020-01-08 23:45:00,21.64,21.72,21.98,22.9,21.31,21.56,22.4,22.02,22.02,21.92,22.0,22.54,22.67,22.23,22.43,0.14,0.0,1.0,1.0,1.0,1.0,0.0,0.0,1.0,0.0,1.0,1.0,1.0,1.0,0.0,1.0,1.0,36.0,21.0,23.0,513.02,2133.12,832.95,1567.35,0.0,0.0,1619.62,0.0,1738.99,399.97,261.65,1659.81,0.0,1723.09,483.04,26.82,28.85,29.31,27.43,36.0,36.0,27.85,36.0,26.77,23.57,24.3,28.12,36.0,27.39,24.07,0.013364,0.071395,0.029804,0.043751,0.0,0.0,0.047544,0.0,0.045088,0.007697,0.00535,0.050389,0.0,0.047883,0.009687
2020-01-09 00:00:00,21.7,21.72,21.98,22.92,21.35,21.59,22.48,21.84,22.23,21.98,22.07,22.6,22.35,22.35,22.52,0.06,0.0,1.0,1.0,1.0,1.0,0.0,0.0,1.0,0.0,1.0,1.0,1.0,1.0,0.0,1.0,1.0,36.0,21.0,23.0,500.22,2046.39,796.17,1523.77,0.0,0.0,1609.97,0.0,1674.6,398.29,260.13,1651.43,0.0,1685.37,476.29,27.05,29.14,29.61,27.67,36.0,36.0,27.9,36.0,27.11,23.62,24.37,28.16,36.0,27.58,24.24,0.013364,0.071395,0.029804,0.043751,0.0,0.0,0.047544,0.0,0.045088,0.007697,0.00535,0.050389,0.0,0.047883,0.009687
2020-01-09 00:15:00,21.01,21.73,21.16,22.1,21.36,21.61,22.39,21.7,22.09,22.02,22.13,22.41,22.48,22.41,22.49,-0.03,0.0,0.0,1.0,0.0,0.0,0.0,0.0,0.33,0.0,0.0,1.0,1.0,0.0,1.0,1.0,0.0,36.0,21.0,23.0,0.0,2119.87,0.0,0.0,0.0,0.0,590.57,0.0,0.0,396.56,258.6,0.0,861.0,1657.96,0.0,36.0,28.9,36.0,36.0,36.0,36.0,27.0,36.0,36.0,23.67,24.44,36.0,26.5,27.72,36.0,0.0,0.071395,0.0,0.0,0.0,0.0,0.015698,0.0,0.0,0.007697,0.00535,0.0,0.021689,0.047883,0.0
2020-01-09 00:30:00,20.66,21.68,20.77,21.49,21.27,21.55,22.2,21.53,21.76,22.08,22.19,22.03,22.87,22.49,22.39,-0.11,0.0,0.0,1.0,0.0,0.0,0.0,0.0,0.33,0.0,0.0,1.0,1.0,0.0,1.0,1.0,0.0,36.0,21.0,23.0,0.0,2118.46,0.0,0.0,0.0,0.0,635.1,0.0,0.0,394.95,257.21,0.0,759.39,1638.54,0.0,36.0,28.9,36.0,36.0,36.0,36.0,26.32,36.0,36.0,23.72,24.5,36.0,27.62,27.81,36.0,0.0,0.071395,0.0,0.0,0.0,0.0,0.015698,0.0,0.0,0.007697,0.00535,0.0,0.021689,0.047883,0.0
2020-01-09 00:45:00,20.53,21.67,20.63,21.33,21.14,21.48,22.0,21.37,21.43,22.13,22.26,21.63,23.25,22.54,22.28,-0.19,0.0,0.0,1.0,0.0,0.0,0.0,0.0,0.33,0.0,0.0,1.0,1.0,0.0,1.0,1.0,0.0,36.0,21.0,23.0,0.0,2115.65,0.0,0.0,0.0,0.0,664.17,0.0,0.0,393.37,255.88,0.0,703.45,1623.09,0.0,36.0,28.91,36.0,36.0,36.0,36.0,25.88,36.0,36.0,23.77,24.56,36.0,28.24,27.89,36.0,0.0,0.071395,0.0,0.0,0.0,0.0,0.015698,0.0,0.0,0.007697,0.00535,0.0,0.021689,0.047883,0.0
2020-01-09 01:00:00,20.43,21.65,20.54,21.2,21.02,21.43,21.81,21.19,21.15,22.18,22.32,21.27,23.47,22.56,22.17,-0.28,0.0,0.0,1.0,0.0,0.0,0.0,0.0,0.33,0.0,0.0,1.0,1.0,0.0,1.0,1.0,0.0,36.0,21.0,23.0,0.0,2112.89,0.0,0.0,0.0,0.0,685.03,0.0,0.0,391.84,254.61,0.0,669.56,1611.46,0.0,36.0,28.92,36.0,36.0,36.0,36.0,25.56,36.0,36.0,23.82,24.62,36.0,28.61,27.95,36.0,0.0,0.071395,0.0,0.0,0.0,0.0,0.015698,0.0,0.0,0.007697,0.00535,0.0,0.021689,0.047883,0.0
2020-01-09 01:15:00,20.97,21.71,21.16,21.86,21.05,21.41,21.85,21.05,21.22,22.22,22.37,21.32,23.28,22.57,22.17,-0.36,0.0,1.0,1.0,1.0,1.0,1.0,0.0,1.0,0.043,1.0,1.0,1.0,1.0,0.0,1.0,1.0,36.0,21.0,23.0,519.66,2108.16,851.56,1608.7,437.87,0.0,1897.76,49.91,2088.95,390.34,253.39,2232.19,0.0,1602.67,512.69,26.7,28.94,29.16,27.2,22.31,36.0,26.45,22.47,24.92,23.87,24.67,25.4,36.0,27.99,23.34,0.013364,0.071395,0.029804,0.043751,0.007653,0.0,0.047544,0.000882,0.045088,0.007697,0.00535,0.050389,0.0,0.047883,0.009687
2020-01-09 01:30:00,21.34,21.82,21.59,22.43,21.23,21.44,22.09,20.9,21.53,22.28,22.43,21.68,22.78,22.59,22.25,-0.44,0.0,1.0,1.0,1.0,1.0,1.0,0.0,1.0,0.043,1.0,1.0,1.0,1.0,0.0,1.0,1.0,36.0,21.0,23.0,529.59,2099.84,885.17,1643.36,440.02,0.0,1775.36,50.18,1890.92,388.88,252.23,2005.68,0.0,1595.61,497.53,26.52,28.96,28.89,27.01,22.24,36.0,27.07,22.39,25.97,23.91,24.72,26.48,36.0,28.03,23.71,0.013364,0.071395,0.029804,0.043751,0.007653,0.0,0.047544,0.000882,0.045088,0.007697,0.00535,0.050389,0.0,0.047883,0.009687
2020-01-09 01:45:00,21.43,21.87,21.68,22.52,21.37,21.51,22.29,20.75,21.85,22.33,22.48,22.01,22.33,22.62,22.36,-0.53,0.0,1.0,1.0,1.0,1.0,1.0,0.0,1.0,0.043,1.0,1.0,1.0,1.0,0.0,1.0,1.0,36.0,21.0,23.0,530.86,2093.0,890.76,1648.3,438.61,0.0,1705.73,50.55,1778.39,387.44,251.1,1879.72,0.0,1589.6,487.46,26.5,28.99,28.85,26.99,22.29,36.0,27.42,22.29,26.56,23.96,24.77,27.08,36.0,28.06,23.96,0.013364,0.071395,0.029804,0.043751,0.007653,0.0,0.047544,0.000882,0.045088,0.007697,0.00535,0.050389,0.0,0.047883,0.009687
2020-01-09 02:00:00,21.44,21.83,21.64,22.5,21.47,21.56,22.43,20.61,22.09,22.38,22.54,22.21,21.98,22.67,22.45,-0.61,0.0,1.0,1.0,1.0,1.0,1.0,0.0,1.0,0.043,1.0,1.0,1.0,1.0,0.0,1.0,1.0,36.0,21.0,23.0,523.82,2010.14,865.99,1623.61,435.7,0.0,1662.8,50.94,1708.55,386.08,250.05,1803.89,0.0,1584.16,480.21,26.62,29.26,29.05,27.12,22.38,36.0,27.63,22.19,26.93,24.0,24.82,27.44,36.0,28.09,24.14,0.013364,0.071395,0.029804,0.043751,0.007653,0.0,0.047544,0.000882,0.045088,0.007697,0.00535,0.050389,0.0,0.047883,0.009687
2020-01-09 02:15:00,21.32,21.78,20.8,21.58,21.37,21.59,22.25,20.82,22.09,22.41,22.58,22.04,21.76,22.69,22.43,-0.7,0.0,1.0,1.0,0.0,0.0,0.0,0.0,0.0,1.0,0.635,1.0,1.0,0.0,0.0,1.0,0.0,36.0,21.0,23.0,540.62,2090.25,0.0,0.0,0.0,0.0,0.0,998.46,1115.75,384.65,248.95,0.0,0.0,1578.63,0.0,26.32,29.0,36.0,36.0,36.0,36.0,36.0,24.44,26.68,24.04,24.87,36.0,36.0,28.11,36.0,0.013364,0.071395,0.0,0.0,0.0,0.0,0.0,0.020669,0.028636,0.007697,0.00535,0.0,0.0,0.047883,0.0
2020-01-09 02:30:00,21.15,21.69,20.44,20.89,21.3,21.54,21.86,21.32,22.04,22.46,22.64,21.65,21.48,22.71,22.33,-0.78,0.0,1.0,1.0,0.0,0.0,0.0,0.0,0.0,1.0,0.635,1.0,1.0,0.0,0.0,1.0,0.0,36.0,21.0,23.0,547.05,2093.6,0.0,0.0,0.0,0.0,0.0,868.13,1139.4,383.31,247.93,0.0,0.0,1573.91,0.0,26.21,28.98,36.0,36.0,36.0,36.0,36.0,25.95,26.48,24.09,24.91,36.0,36.0,28.14,36.0,0.013364,0.071395,0.0,0.0,0.0,0.0,0.0,0.020669,0.028636,0.007697,0.00535,0.0,0.0,0.047883,0.0
2020-01-09 02:45:00,21.06,21.64,20.27,20.64,21.18,21.48,21.49,21.8,21.98,22.51,22.69,21.21,21.24,22.71,22.21,-0.87,0.0,1.0,1.0,0.0,0.0,0.0,0.0,0.0,1.0,0.635,1.0,1.0,0.0,0.0,1.0,0.0,36.0,21.0,23.0,553.61,2095.82,0.0,0.0,0.0,0.0,0.0,794.47,1151.92,381.97,246.93,0.0,0.0,1569.88,0.0,26.09,28.98,36.0,36.0,36.0,36.0,36.0,26.8,26.38,24.13,24.96,36.0,36.0,28.16,36.0,0.013364,0.071395,0.0,0.0,0.0,0.0,0.0,0.020669,0.028636,0.007697,0.00535,0.0,0.0,0.047883,0.0
2020-01-09 03:00:00,21.04,21.58,20.16,20.46,21.09,21.43,21.17,22.15,21.93,22.56,22.74,20.86,21.02,22.72,22.1,-0.9,0.0,1.0,1.0,0.0,0.0,0.0,0.0,0.0,1.0,0.635,1.0,1.0,0.0,0.0,1.0,0.0,36.0,21.0,23.0,538.13,2017.97,0.0,0.0,0.0,0.0,0.0,749.14,1159.17,380.71,246.0,0.0,0.0,1566.35,0.0,26.37,29.24,36.0,36.0,36.0,36.0,36.0,27.33,26.32,24.17,25.0,36.0,36.0,28.17,36.0,0.013364,0.071395,0.0,0.0,0.0,0.0,0.0,0.020669,0.028636,0.007697,0.00535,0.0,0.0,0.047883,0.0
2020-01-09 03:15:00,21.14,21.65,20.71,21.14,21.15,21.4,21.28,22.02,22.0,22.53,22.78,20.99,21.1,22.72,22.03,-0.93,0.0,1.0,1.0,1.0,1.0,1.0,0.0,1.0,0.0,1.0,0.0,1.0,1.0,0.602,1.0,0.0,36.0,21.0,23.0,543.9,2092.74,961.4,1781.33,438.77,0.0,2149.78,0.0,1732.13,0.0,245.03,2318.14,643.06,1563.38,0.0,26.26,28.99,28.28,26.26,22.28,36.0,25.18,36.0,26.81,36.0,25.04,24.99,24.21,28.19,36.0,0.013364,0.071395,0.029804,0.043751,0.007653,0.0,0.047544,0.0,0.045088,0.0,0.00535,0.050389,0.013053,0.047883,0.0
2020-01-09 03:30:00,21.34,21.77,21.16,21.8,21.31,21.45,21.61,21.63,22.16,22.45,22.83,21.37,21.35,22.74,21.93,-0.97,0.0,1.0,1.0,1.0,1.0,1.0,0.0,1.0,0.0,1.0,0.0,1.0,1.0,0.602,1.0,0.0,36.0,21.0,23.0,537.85,2088.25,996.29,1812.23,440.17,0.0,1938.74,0.0,1665.81,0.0,244.12,2074.73,591.54,1560.47,0.0,26.37,29.0,28.0,26.09,22.24,36.0,26.24,36.0,27.16,36.0,25.08,26.15,25.16,28.2,36.0,0.013364,0.071395,0.029804,0.043751,0.007653,0.0,0.047544,0.0,0.045088,0.0,0.00535,0.050389,0.013053,0.047883,0.0
2020-01-09 03:45:00,21.47,21.84,21.26,21.93,21.43,21.52,21.95,21.25,22.31,22.37,22.88,21.76,21.6,22.78,21.84,-1.0,0.0,1.0,1.0,1.0,1.0,1.0,0.0,1.0,0.0,1.0,0.0,1.0,1.0,0.602,1.0,0.0,36.0,21.0,23.0,530.84,2080.45,992.35,1802.57,438.77,0.0,1820.32,0.0,1624.92,0.0,243.23,1937.44,561.05,1557.16,0.0,26.5,29.03,28.03,26.14,22.28,36.0,26.84,36.0,27.38,36.0,25.12,26.8,25.72,28.22,36.0,0.013364,0.071395,0.029804,0.043751,0.007653,0.0,0.047544,0.0,0.045088,0.0,0.00535,0.050389,0.013053,0.047883,0.0
2020-01-09 04:00:00,21.51,21.81,21.23,21.93,21.52,21.56,22.18,20.95,22.42,22.28,22.92,22.0,21.77,22.82,21.75,-1.05,0.0,1.0,1.0,1.0,1.0,1.0,0.0,1.0,0.0,1.0,0.0,1.0,1.0,0.602,1.0,0.0,36.0,21.0,23.0,514.54,1998.73,954.6,1762.09,435.69,0.0,1747.69,0.0,1597.65,0.0,242.39,1853.07,541.91,1553.73,0.0,26.79,29.3,28.34,26.36,22.38,36.0,27.21,36.0,27.52,36.0,25.16,27.2,26.07,28.24,36.0,0.013364,0.071395,0.029804,0.043751,0.007653,0.0,0.047544,0.0,0.045088,0.0,0.00535,0.050389,0.013053,0.047883,0.0
2020-01-09 04:15:00,20.81,21.74,20.35,20.97,21.46,21.6,22.24,21.0,22.47,22.23,22.87,21.85,21.63,22.85,21.7,-1.09,0.0,0.0,1.0,0.0,0.0,0.0,0.0,0.861,0.627,1.0,0.0,0.0,0.0,0.0,1.0,0.0,36.0,21.0,23.0,0.0,2079.45,0.0,0.0,0.0,0.0,1494.39,628.11,1576.95,0.0,0.0,0.0,0.0,1549.97,0.0,36.0,29.03,36.0,36.0,36.0,36.0,27.26,24.41,27.63,36.0,36.0,36.0,36.0,28.26,36.0,0.0,0.071395,0.0,0.0,0.0,0.0,0.040915,0.01296,0.045088,0.0,0.0,0.0,0.0,0.047883,0.0
2020-01-09 04:30:00,20.45,21.62,19.97,20.29,21.49,21.57,22.29,21.21,22.53,22.15,22.73,21.47,21.28,22.87,21.62,-1.14,0.0,0.0,1.0,0.0,0.0,0.0,0.0,0.861,0.627,1.0,0.0,0.0,0.0,0.0,1.0,0.0,36.0,21.0,23.0,0.0,2084.95,0.0,0.0,0.0,0.0,1488.78,584.84,1561.92,0.0,0.0,0.0,0.0,1546.52,0.0,36.0,29.01,36.0,36.0,36.0,36.0,27.29,25.2,27.71,36.0,36.0,36.0,36.0,28.27,36.0,0.0,0.071395,0.0,0.0,0.0,0.0,0.040915,0.01296,0.045088,0.0,0.0,0.0,0.0,0.047883,0.0
2020-01-09 04:45:00,20.27,21.58,19.81,20.06,21.5,21.52,22.35,21.43,22.58,22.08,22.6,21.08,20.96,22.87,21.54,-1.18,0.0,0.0,1.0,0.0,0.0,0.0,0.0,0.861,0.627,1.0,0.0,0.0,0.0,0.0,1.0,0.0,36.0,21.0,23.0,0.0,2087.72,0.0,0.0,0.0,0.0,1480.79,559.49,1549.87,0.0,0.0,0.0,0.0,1543.73,0.0,36.0,29.0,36.0,36.0,36.0,36.0,27.34,25.67,27.78,36.0,36.0,36.0,36.0,28.29,36.0,0.0,0.071395,0.0,0.0,0.0,0.0,0.040915,0.01296,0.045088,0.0,0.0,0.0,0.0,0.047883,0.0
2020-01-09 05:00:00,20.12,21.52,19.72,19.9,21.5,21.47,22.4,21.6,22.63,22.0,22.47,20.76,20.69,22.86,21.46,-1.22,0.0,0.0,1.0,0.0,0.0,0.0,0.0,0.861,0.627,1.0,0.0,0.0,0.0,0.0,1.0,0.0,36.0,21.0,23.0,0.0,2010.76,0.0,0.0,0.0,0.0,1473.0,543.41,1540.31,0.0,0.0,0.0,0.0,1541.4,0.0,36.0,29.26,36.0,36.0,36.0,36.0,27.39,25.97,27.83,36.0,36.0,36.0,36.0,28.3,36.0,0.0,0.071395,0.0,0.0,0.0,0.0,0.040915,0.01296,0.045088,0.0,0.0,0.0,0.0,0.047883,0.0
2020-01-09 05:15:00,20.63,21.6,20.31,20.62,21.6,21.38,22.47,21.45,22.45,21.96,22.42,20.9,20.91,22.63,21.48,-1.25,0.0,1.0,1.0,1.0,1.0,1.0,0.606,1.0,0.0,0.0,0.0,0.412,1.0,1.0,0.0,1.0,36.0,21.0,23.0,540.16,2085.49,1012.19,1869.64,436.57,166.91,1665.19,0.0,0.0,0.0,115.38,2352.54,998.81,0.0,549.3,26.33,29.01,27.88,25.78,22.35,21.08,27.62,36.0,36.0,36.0,23.49,24.83,24.98,36.0,22.43,0.013364,0.071395,0.029804,0.043751,0.007653,0.002676,0.047544,0.0,0.0,0.0,0.002206,0.050389,0.021689,0.0,0.009687
2020-01-09 05:30:00,21.01,21.75,20.85,21.36,21.63,21.33,22.57,21.11,22.11,21.9,22.4,21.31,21.43,22.21,21.6,-1.29,0.0,1.0,1.0,1.0,1.0,1.0,0.606,1.0,0.0,0.0,0.0,0.412,1.0,1.0,0.0,1.0,36.0,21.0,23.0,550.52,2080.4,1047.44,1898.49,436.48,162.84,1631.38,0.0,0.0,0.0,114.76,2101.0,870.76,0.0,529.67,26.14,29.03,27.59,25.62,22.36,21.44,27.79,36.0,36.0,36.0,23.55,26.03,26.4,36.0,22.92,0.013364,0.071395,0.029804,0.043751,0.007653,0.002676,0.047544,0.0,0.0,0.0,0.002206,0.050389,0.021689,0.0,0.009687
2020-01-09 05:45:00,21.11,21.83,20.99,21.53,21.62,21.25,22.64,20.8,21.76,21.84,22.38,21.68,21.94,21.84,21.74,-1.32,0.0,1.0,1.0,1.0,1.0,1.0,0.606,1.0,0.0,0.0,0.0,0.412,1.0,1.0,0.0,1.0,36.0,21.0,23.0,550.7,2071.44,1038.5,1881.51,435.79,159.94,1608.76,0.0,0.0,0.0,114.52,1958.15,798.95,0.0,516.34,26.14,29.06,27.66,25.71,22.38,21.7,27.91,36.0,36.0,36.0,23.58,26.7,27.19,36.0,23.25,0.013364,0.071395,0.029804,0.043751,0.007653,0.002676,0.047544,0.0,0.0,0.0,0.002206,0.050389,0.021689,0.0,0.009687
2020-01-09 06:00:00,21.12,21.8,20.98,21.55,21.63,21.27,22.68,20.53,21.43,21.77,22.36,21.88,22.25,21.49,21.87,-1.35,0.0,1.0,1.0,1.0,1.0,1.0,0.606,1.0,0.0,0.0,0.0,0.412,1.0,1.0,0.0,1.0,36.0,21.0,23.0,542.5,1990.5,995.38,1834.36,433.18,157.78,1592.75,0.0,0.0,0.0,114.44,1870.93,755.41,0.0,506.66,26.29,29.33,28.01,25.97,22.46,21.9,27.99,36.0,36.0,36.0,23.59,27.12,27.67,36.0,23.49,0.013364,0.071395,0.029804,0.043751,0.007653,0.002676,0.047544,0.0,0.0,0.0,0.002206,0.050389,0.021689,0.0,0.009687
2020-01-09 06:15:00,20.7,21.81,20.77,20.62,21.43,21.17,22.48,20.72,21.24,21.73,22.31,21.72,22.08,21.29,21.86,-1.39,0.0,0.324,1.0,0.759,0.0,0.0,0.0,0.0,1.0,0.0,0.0,0.0,0.0,0.0,0.0,0.0,36.0,21.0,23.0,221.8,2067.59,882.27,0.0,0.0,0.0,0.0,972.2,0.0,0.0,0.0,0.0,0.0,0.0,0.0,23.73,29.07,26.66,36.0,36.0,36.0,36.0,24.75,36.0,36.0,36.0,36.0,36.0,36.0,36.0,0.004324,0.071395,0.022609,0.0,0.0,0.0,0.0,0.020669,0.0,0.0,0.0,0.0,0.0,0.0,0.0
2020-01-09 06:30:00,20.49,21.78,20.61,19.99,21.29,21.02,22.06,21.19,20.98,21.67,22.21,21.32,21.61,20.99,21.77,-1.42,0.0,0.324,1.0,0.759,0.0,0.0,0.0,0.0,1.0,0.0,0.0,0.0,0.0,0.0,0.0,0.0,36.0,21.0,23.0,221.31,2069.58,869.96,0.0,0.0,0.0,0.0,854.32,0.0,0.0,0.0,0.0,0.0,0.0,0.0,23.76,29.07,26.79,36.0,36.0,36.0,36.0,26.11,36.0,36.0,36.0,36.0,36.0,36.0,36.0,0.004324,0.071395,0.022609,0.0,0.0,0.0,0.0,0.020669,0.0,0.0,0.0,0.0,0.0,0.0,0.0
2020-01-09 06:45:00,20.41,21.75,20.56,19.8,21.1,20.81,21.66,21.65,20.76,21.61,22.11,20.88,21.12,20.72,21.67,-1.45,0.0,0.324,1.0,0.759,0.0,0.0,0.0,0.0,1.0,0.0,0.0,0.0,0.0,0.0,0.0,0.0,36.0,21.0,23.0,222.08,2070.57,860.7,0.0,0.0,0.0,0.0,788.52,0.0,0.0,0.0,0.0,0.0,0.0,0.0,23.71,29.06,26.89,36.0,36.0,36.0,36.0,26.87,36.0,36.0,36.0,36.0,36.0,36.0,36.0,0.004324,0.071395,0.022609,0.0,0.0,0.0,0.0,0.020669,0.0,0.0,0.0,0.0,0.0,0.0,0.0
2020-01-09 07:00:00,20.36,21.75,20.54,19.68,20.92,20.63,21.36,21.93,20.56,21.56,22.01,20.51,20.79,20.48,21.58,-1.48,0.0,0.324,1.0,0.759,0.0,0.0,0.0,0.0,1.0,0.0,0.0,0.0,0.0,0.0,0.0,0.0,36.0,21.0,23.0,222.59,2070.07,849.93,0.0,0.0,0.0,0.0,747.61,0.0,0.0,0.0,0.0,0.0,0.0,0.0,23.69,29.06,27.01,36.0,36.0,36.0,36.0,27.35,36.0,36.0,36.0,36.0,36.0,36.0,36.0,0.004324,0.071395,0.022609,0.0,0.0,0.0,0.0,0.020669,0.0,0.0,0.0,0.0,0.0,0.0,0.0
2020-01-09 07:15:00,20.72,21.77,20.77,20.34,20.91,20.6,21.41,21.79,20.67,21.51,21.93,20.61,20.94,20.61,21.59,-1.51,0.0,1.0,1.0,1.0,1.0,1.0,1.0,1.0,0.0,1.0,0.0,0.0,1.0,1.0,1.0,1.0,36.0,21.0,23.0,559.75,2067.86,988.56,1922.08,436.63,265.01,2110.82,0.0,2241.69,0.0,0.0,2380.87,973.28,2348.9,537.81,25.98,29.07,28.06,25.49,22.35,21.65,25.38,36.0,24.11,36.0,36.0,24.7,25.26,24.26,22.72,0.013364,0.071395,0.029804,0.043751,0.007653,0.004419,0.047544,0.0,0.045088,0.0,0.0,0.050389,0.021689,0.047883,0.009687
2020-01-09 07:30:00,20.96,21.84,21.01,21.08,21.16,20.78,21.7,21.37,21.03,21.46,21.84,21.03,21.39,21.02,21.69,-1.53,0.0,1.0,1.0,1.0,1.0,1.0,1.0,1.0,0.0,1.0,0.0,0.0,1.0,1.0,1.0,1.0,36.0,21.0,23.0,561.14,2062.96,972.57,1948.75,439.28,256.18,1907.21,0.0,2003.2,0.0,0.0,2126.88,855.87,2086.73,520.87,25.95,29.09,28.19,25.34,22.27,22.13,26.4,36.0,25.37,36.0,36.0,25.9,26.56,25.57,23.14,0.013364,0.071395,0.029804,0.043751,0.007653,0.004419,0.047544,0.0,0.045088,0.0,0.0,0.050389,0.021689,0.047883,0.009687
2020-01-09 07:45:00,21.02,21.87,21.11,21.23,21.3,21.03,22.04,20.95,21.45,21.4,21.75,21.45,21.85,21.46,21.81,-1.56,0.0,1.0,1.0,1.0,1.0,1.0,1.0,1.0,0.0,1.0,0.0,0.0,1.0,1.0,1.0,1.0,36.0,21.0,23.0,558.33,2059.44,955.27,1936.51,437.78,250.07,1794.49,0.0,1866.98,0.0,0.0,1983.91,791.48,1937.97,509.45,26.0,29.1,28.33,25.41,22.31,22.46,26.97,36.0,26.09,36.0,36.0,26.58,27.27,26.32,23.42,0.013364,0.071395,0.029804,0.043751,0.007653,0.004419,0.047544,0.0,0.045088,0.0,0.0,0.050389,0.021689,0.047883,0.009687
2020-01-09 08:00:00,21.07,21.85,21.14,21.28,21.42,21.22,22.27,20.62,21.77,21.34,21.66,21.76,22.19,21.79,21.94,-1.5,0.0,1.0,1.0,1.0,1.0,1.0,1.0,1.0,0.0,1.0,0.0,0.0,1.0,1.0,1.0,1.0,36.0,21.0,23.0,544.99,1979.32,901.05,1885.83,434.78,245.39,1724.9,0.0,1780.49,0.0,0.0,1894.07,751.69,1844.36,501.07,26.24,29.37,28.77,25.69,22.41,22.72,27.32,36.0,26.55,36.0,36.0,27.01,27.71,26.79,23.63,0.013364,0.071395,0.029804,0.043751,0.007653,0.004419,0.047544,0.0,0.045088,0.0,0.0,0.050389,0.021689,0.047883,0.009687
2020-01-09 08:15:00,21.06,20.84,20.61,20.4,21.32,21.3,22.13,20.44,21.66,21.31,21.6,21.64,22.04,21.68,21.92,-1.44,7.8,1.0,0.0,0.408,0.012,0.0,0.0,0.0,0.0,0.0,0.0,0.0,0.0,0.0,0.0,0.0,36.0,21.0,23.0,551.6,0.0,512.97,32.84,0.0,0.0,0.0,0.0,0.0,0.0,0.0,0.0,0.0,0.0,0.0,26.13,36.0,25.9,20.98,36.0,36.0,36.0,36.0,36.0,36.0,36.0,36.0,36.0,36.0,36.0,0.013364,0.0,0.012155,0.000523,0.0,0.0,0.0,0.0,0.0,0.0,0.0,0.0,0.0,0.0,0.0
2020-01-09 08:30:00,21.0,20.59,20.47,19.83,21.23,21.18,21.92,20.44,21.34,21.25,21.52,21.48,21.87,21.37,21.83,-1.38,90.1,1.0,0.0,0.408,0.012,0.0,0.0,0.0,0.0,0.0,0.0,0.0,0.0,0.0,0.0,0.0,36.0,21.0,23.0,548.31,0.0,476.12,32.52,0.0,0.0,0.0,0.0,0.0,0.0,0.0,0.0,0.0,0.0,0.0,26.18,36.0,26.63,21.12,36.0,36.0,36.0,36.0,36.0,36.0,36.0,36.0,36.0,36.0,36.0,0.013364,0.0,0.012155,0.000523,0.0,0.0,0.0,0.0,0.0,0.0,0.0,0.0,0.0,0.0,0.0
2020-01-09 08:45:00,21.08,20.77,20.7,19.81,21.12,21.05,21.83,20.71,21.01,21.2,21.44,21.42,21.97,21.02,21.73,-1.32,172.4,1.0,0.0,0.408,0.012,0.0,0.0,0.0,0.0,0.0,0.0,0.0,0.0,0.0,0.0,0.0,36.0,21.0,23.0,543.7,0.0,437.24,32.26,0.0,0.0,0.0,0.0,0.0,0.0,0.0,0.0,0.0,0.0,0.0,26.27,36.0,27.39,21.24,36.0,36.0,36.0,36.0,36.0,36.0,36.0,36.0,36.0,36.0,36.0,0.013364,0.0,0.012155,0.000523,0.0,0.0,0.0,0.0,0.0,0.0,0.0,0.0,0.0,0.0,0.0
2020-01-09 09:00:00,21.24,20.99,21.03,19.89,21.06,20.96,21.85,21.11,20.79,21.15,21.36,21.41,22.31,20.75,21.63,-0.94,254.7,1.0,0.0,0.408,0.012,0.0,0.0,0.0,0.0,0.0,0.0,0.0,0.0,0.0,0.0,0.0,36.0,21.0,23.0,537.75,0.0,398.27,31.84,0.0,0.0,0.0,0.0,0.0,0.0,0.0,0.0,0.0,0.0,0.0,26.37,36.0,28.16,21.43,36.0,36.0,36.0,36.0,36.0,36.0,36.0,36.0,36.0,36.0,36.0,0.013364,0.0,0.012155,0.000523,0.0,0.0,0.0,0.0,0.0,0.0,0.0,0.0,0.0,0.0,0.0
2020-01-09 09:15:00,20.74,21.61,21.21,20.72,21.05,20.99,21.91,21.58,20.92,21.11,21.3,21.47,22.75,20.9,21.56,-0.57,337.1,0.0,0.387,0.019,1.0,0.0,1.0,0.0,0.0,1.0,0.0,0.0,0.0,0.0,1.0,0.0,36.0,21.0,23.0,0.0,903.51,20.98,1803.87,0.0,258.97,0.0,0.0,2156.5,0.0,0.0,0.0,0.0,2261.4,0.0,36.0,28.18,27.0,26.14,36.0,21.98,36.0,36.0,24.56,36.0,36.0,36.0,36.0,24.7,36.0,0.0,0.027638,0.000558,0.043751,0.0,0.004419,0.0,0.0,0.045088,0.0,0.0,0.0,0.0,0.047883,0.0
2020-01-09 09:30:00,20.69,21.99,21.54,21.54,21.1,21.12,21.97,22.15,21.34,21.06,21.22,21.55,23.3,21.38,21.47,-0.19,358.9,0.0,0.387,0.019,1.0,0.0,1.0,0.0,0.0,1.0,0.0,0.0,0.0,0.0,1.0,0.0,36.0,21.0,23.0,0.0,912.45,19.67,1797.8,0.0,250.8,0.0,0.0,1939.41,0.0,0.0,0.0,0.0,2020.54,0.0,36.0,28.1,27.57,26.17,36.0,22.42,36.0,36.0,25.71,36.0,36.0,36.0,36.0,25.9,36.0,0.0,0.027638,0.000558,0.043751,0.0,0.004419,0.0,0.0,0.045088,0.0,0.0,0.0,0.0,0.047883,0.0
2020-01-09 09:45:00,20.8,22.14,21.85,21.81,21.17,21.3,22.01,22.7,21.75,21.01,21.14,21.6,23.83,21.83,21.39,0.19,380.8,0.0,0.387,0.019,1.0,0.0,1.0,0.0,0.0,1.0,0.0,0.0,0.0,0.0,1.0,0.0,36.0,21.0,23.0,0.0,911.4,18.5,1745.32,0.0,245.22,0.0,0.0,1811.02,0.0,0.0,0.0,0.0,1878.04,0.0,36.0,28.11,28.07,26.46,36.0,22.73,36.0,36.0,26.39,36.0,36.0,36.0,36.0,26.62,36.0,0.0,0.027638,0.000558,0.043751,0.0,0.004419,0.0,0.0,0.045088,0.0,0.0,0.0,0.0,0.047883,0.0
2020-01-09 10:00:00,20.88,22.23,22.09,22.0,21.25,21.46,22.04,23.27,22.01,20.96,21.07,21.63,24.36,22.14,21.32,0.51,402.6,0.0,0.387,0.019,1.0,0.0,1.0,0.0,0.0,1.0,0.0,0.0,0.0,0.0,1.0,0.0,36.0,21.0,23.0,0.0,919.88,17.51,1722.31,0.0,240.95,0.0,0.0,1726.7,0.0,0.0,0.0,0.0,1784.32,0.0,36.0,28.04,28.49,26.58,36.0,22.96,36.0,36.0,26.84,36.0,36.0,36.0,36.0,27.09,36.0,0.0,0.027638,0.000558,0.043751,0.0,0.004419,0.0,0.0,0.045088,0.0,0.0,0.0,0.0,0.047883,0.0
2020-01-09 10:15:00,21.21,21.81,22.21,21.33,21.27,21.49,22.04,23.77,21.96,20.97,21.02,21.63,24.85,22.09,21.25,0.83,424.5,0.581,0.0,0.0,0.0,0.0,0.0,0.0,0.0,0.0,1.0,0.085,0.0,0.0,0.0,0.0,36.0,21.0,23.0,348.08,0.0,0.0,0.0,0.0,0.0,0.0,0.0,0.0,459.81,27.91,0.0,0.0,0.0,0.0,25.28,36.0,36.0,36.0,36.0,36.0,36.0,36.0,36.0,21.71,21.39,36.0,36.0,36.0,36.0,0.007766,0.0,0.0,0.0,0.0,0.0,0.0,0.0,0.0,0.007697,0.000457,0.0,0.0,0.0,0.0
2020-01-09 10:30:00,21.36,21.6,22.27,21.02,21.23,21.4,22.0,24.42,21.74,21.06,20.96,21.58,25.48,21.84,21.18,1.14,455.6,0.581,0.0,0.0,0.0,0.0,0.0,0.0,0.0,0.0,1.0,0.085,0.0,0.0,0.0,0.0,36.0,21.0,23.0,353.51,0.0,0.0,0.0,0.0,0.0,0.0,0.0,0.0,446.12,27.93,0.0,0.0,0.0,0.0,25.11,36.0,36.0,36.0,36.0,36.0,36.0,36.0,36.0,22.13,21.38,36.0,36.0,36.0,36.0,0.007766,0.0,0.0,0.0,0.0,0.0,0.0,0.0,0.0,0.007697,0.000457,0.0,0.0,0.0,0.0
2020-01-09 10:45:00,21.43,21.53,22.42,21.05,21.15,21.27,21.93,25.11,21.47,21.18,20.91,21.49,26.15,21.55,21.11,1.46,486.7,0.581,0.0,0.0,0.0,0.0,0.0,0.0,0.0,0.0,1.0,0.085,0.0,0.0,0.0,0.0,36.0,21.0,23.0,355.17,0.0,0.0,0.0,0.0,0.0,0.0,0.0,0.0,436.71,27.98,0.0,0.0,0.0,0.0,25.06,36.0,36.0,36.0,36.0,36.0,36.0,36.0,36.0,22.43,21.36,36.0,36.0,36.0,36.0,0.007766,0.0,0.0,0.0,0.0,0.0,0.0,0.0,0.0,0.007697,0.000457,0.0,0.0,0.0,0.0
2020-01-09 11:00:00,21.53,21.47,22.59,21.14,21.07,21.15,21.82,25.78,21.28,21.28,20.87,21.37,26.82,21.32,21.04,1.83,517.8,0.581,0.0,0.0,0.0,0.0,0.0,0.0,0.0,0.0,1.0,0.085,0.0,0.0,0.0,0.0,36.0,21.0,23.0,357.05,0.0,0.0,0.0,0.0,0.0,0.0,0.0,0.0,429.7,28.04,0.0,0.0,0.0,0.0,25.0,36.0,36.0,36.0,36.0,36.0,36.0,36.0,36.0,22.64,21.33,36.0,36.0,36.0,36.0,0.007766,0.0,0.0,0.0,0.0,0.0,0.0,0.0,0.0,0.007697,0.000457,0.0,0.0,0.0,0.0
2020-01-09 11:15:00,21.29,21.42,22.72,21.24,20.99,21.04,21.71,26.48,21.15,21.3,20.9,21.22,27.52,21.16,21.01,2.19,548.9,0.0,0.0,0.0,0.0,0.0,0.0,0.0,0.0,0.0,0.0,1.0,0.0,0.0,0.0,0.425,36.0,21.0,23.0,0.0,0.0,0.0,0.0,0.0,0.0,0.0,0.0,0.0,0.0,311.81,0.0,0.0,0.0,247.85,36.0,36.0,36.0,36.0,36.0,36.0,36.0,36.0,36.0,36.0,22.06,36.0,36.0,36.0,21.61,0.0,0.0,0.0,0.0,0.0,0.0,0.0,0.0,0.0,0.0,0.00535,0.0,0.0,0.0,0.00412
2020-01-09 11:30:00,21.27,21.35,22.8,21.31,20.92,20.94,21.58,27.15,21.05,21.24,21.04,21.07,28.18,21.03,21.02,2.55,556.7,0.0,0.0,0.0,0.0,0.0,0.0,0.0,0.0,0.0,0.0,1.0,0.0,0.0,0.0,0.425,36.0,21.0,23.0,0.0,0.0,0.0,0.0,0.0,0.0,0.0,0.0,0.0,0.0,299.05,0.0,0.0,0.0,244.63,36.0,36.0,36.0,36.0,36.0,36.0,36.0,36.0,36.0,36.0,22.63,36.0,36.0,36.0,21.79,0.0,0.0,0.0,0.0,0.0,0.0,0.0,0.0,0.0,0.0,0.00535,0.0,0.0,0.0,0.00412
2020-01-09 11:45:00,21.31,21.3,22.9,21.34,20.85,20.85,21.46,27.8,20.95,21.17,21.2,20.93,28.81,20.92,21.05,2.91,564.4,0.0,0.0,0.0,0.0,0.0,0.0,0.0,0.0,0.0,0.0,1.0,0.0,0.0,0.0,0.425,36.0,21.0,23.0,0.0,0.0,0.0,0.0,0.0,0.0,0.0,0.0,0.0,0.0,290.45,0.0,0.0,0.0,242.51,36.0,36.0,36.0,36.0,36.0,36.0,36.0,36.0,36.0,36.0,23.01,36.0,36.0,36.0,21.92,0.0,0.0,0.0,0.0,0.0,0.0,0.0,0.0,0.0,0.0,0.00535,0.0,0.0,0.0,0.00412
2020-01-09 12:00:00,21.34,21.26,23.01,21.4,20.79,20.77,21.37,28.45,20.9,21.1,21.33,20.81,29.45,20.85,21.07,3.16,572.2,0.0,0.0,0.0,0.0,0.0,0.0,0.0,0.0,0.0,0.0,1.0,0.0,0.0,0.0,0.425,36.0,21.0,23.0,0.0,0.0,0.0,0.0,0.0,0.0,0.0,0.0,0.0,0.0,284.13,0.0,0.0,0.0,241.02,36.0,36.0,36.0,36.0,36.0,36.0,36.0,36.0,36.0,36.0,23.3,36.0,36.0,36.0,22.0,0.0,0.0,0.0,0.0,0.0,0.0,0.0,0.0,0.0,0.0,0.00535,0.0,0.0,0.0,0.00412
2020-01-09 12:15:00,21.39,21.23,23.12,21.51,20.81,20.79,21.29,29.05,20.91,21.04,21.33,21.05,30.02,20.85,21.04,3.41,579.9,0.0,0.0,0.0,0.0,1.0,1.0,0.0,0.0,0.0,0.0,0.0,0.891,0.0,0.0,0.0,36.0,21.0,23.0,0.0,0.0,0.0,0.0,436.54,263.17,0.0,0.0,0.0,0.0,0.0,2224.34,0.0,0.0,0.0,36.0,36.0,36.0,36.0,22.35,21.75,36.0,36.0,36.0,36.0,36.0,24.15,36.0,36.0,36.0,0.0,0.0,0.0,0.0,0.007653,0.004419,0.0,0.0,0.0,0.0,0.0,0.044904,0.0,0.0,0.0
2020-01-09 12:30:00,21.49,21.23,23.33,21.67,20.98,20.98,21.25,29.69,20.98,20.99,21.24,21.49,30.66,20.92,20.98,3.66,637.8,0.0,0.0,0.0,0.0,1.0,1.0,0.0,0.0,0.0,0.0,0.0,0.891,0.0,0.0,0.0,36.0,21.0,23.0,0.0,0.0,0.0,0.0,440.87,254.03,0.0,0.0,0.0,0.0,0.0,1966.23,0.0,0.0,0.0,36.0,36.0,36.0,36.0,22.22,22.25,36.0,36.0,36.0,36.0,36.0,25.52,36.0,36.0,36.0,0.0,0.0,0.0,0.0,0.007653,0.004419,0.0,0.0,0.0,0.0,0.0,0.044904,0.0,0.0,0.0
2020-01-09 12:45:00,21.67,21.26,23.6,21.94,21.03,21.24,21.22,30.53,21.14,20.93,21.14,22.0,31.51,21.11,20.91,3.91,695.7,0.0,0.0,0.0,0.0,1.0,1.0,0.0,0.0,0.0,0.0,0.0,0.891,0.0,0.0,0.0,36.0,21.0,23.0,0.0,0.0,0.0,0.0,440.22,247.69,0.0,0.0,0.0,0.0,0.0,1811.41,0.0,0.0,0.0,36.0,36.0,36.0,36.0,22.24,22.59,36.0,36.0,36.0,36.0,36.0,26.35,36.0,36.0,36.0,0.0,0.0,0.0,0.0,0.007653,0.004419,0.0,0.0,0.0,0.0,0.0,0.044904,0.0,0.0,0.0
2020-01-09 13:00:00,21.84,21.3,23.9,22.28,21.07,21.48,21.17,31.42,21.37,20.88,21.04,22.36,32.41,21.38,20.83,4.19,753.6,0.0,0.0,0.0,0.0,1.0,1.0,0.0,0.0,0.0,0.0,0.0,0.891,0.0,0.0,0.0,36.0,21.0,23.0,0.0,0.0,0.0,0.0,440.12,242.82,0.0,0.0,0.0,0.0,0.0,1708.46,0.0,0.0,0.0,36.0,36.0,36.0,36.0,22.24,22.86,36.0,36.0,36.0,36.0,36.0,26.9,36.0,36.0,36.0,0.0,0.0,0.0,0.0,0.007653,0.004419,0.0,0.0,0.0,0.0,0.0,0.044904,0.0,0.0,0.0
2020-01-09 13:15:00,22.02,21.36,24.2,22.69,20.93,21.57,21.11,32.32,21.66,20.88,20.99,22.37,33.32,21.75,20.85,4.48,811.5,0.0,0.0,0.0,0.0,0.0,0.0,0.0,0.0,0.0,1.0,0.344,0.0,0.0,0.0,1.0,36.0,21.0,23.0,0.0,0.0,0.0,0.0,0.0,0.0,0.0,0.0,0.0,460.0,108.6,0.0,0.0,0.0,571.81,36.0,36.0,36.0,36.0,36.0,36.0,36.0,36.0,36.0,21.7,21.87,36.0,36.0,36.0,21.88,0.0,0.0,0.0,0.0,0.0,0.0,0.0,0.0,0.0,0.007697,0.001839,0.0,0.0,0.0,0.009687
2020-01-09 13:30:00,22.17,21.41,24.4,23.1,20.97,21.58,21.03,33.08,21.95,20.97,20.98,22.15,34.05,22.15,20.97,4.76,797.3,0.0,0.0,0.0,0.0,0.0,0.0,0.0,0.0,0.0,1.0,0.344,0.0,0.0,0.0,1.0,36.0,21.0,23.0,0.0,0.0,0.0,0.0,0.0,0.0,0.0,0.0,0.0,446.89,107.91,0.0,0.0,0.0,551.86,36.0,36.0,36.0,36.0,36.0,36.0,36.0,36.0,36.0,22.11,21.96,36.0,36.0,36.0,22.37,0.0,0.0,0.0,0.0,0.0,0.0,0.0,0.0,0.0,0.007697,0.001839,0.0,0.0,0.0,0.009687
2020-01-09 13:45:00,22.25,21.43,24.53,23.52,21.05,21.62,20.97,33.7,22.34,21.09,20.98,21.89,34.61,22.57,21.12,5.05,783.1,0.0,0.0,0.0,0.0,0.0,0.0,0.0,0.0,0.0,1.0,0.344,0.0,0.0,0.0,1.0,36.0,21.0,23.0,0.0,0.0,0.0,0.0,0.0,0.0,0.0,0.0,0.0,437.94,107.52,0.0,0.0,0.0,538.27,36.0,36.0,36.0,36.0,36.0,36.0,36.0,36.0,36.0,22.39,22.01,36.0,36.0,36.0,22.71,0.0,0.0,0.0,0.0,0.0,0.0,0.0,0.0,0.0,0.007697,0.001839,0.0,0.0,0.0,0.009687
2020-01-09 14:00:00,22.32,21.43,24.64,23.94,21.16,21.73,20.9,34.23,22.71,21.19,20.97,21.68,35.08,22.98,21.25,5.14,769.0,0.0,0.0,0.0,0.0,0.0,0.0,0.0,0.0,0.0,1.0,0.344,0.0,0.0,0.0,1.0,36.0,21.0,23.0,0.0,0.0,0.0,0.0,0.0,0.0,0.0,0.0,0.0,431.27,107.29,0.0,0.0,0.0,528.11,36.0,36.0,36.0,36.0,36.0,36.0,36.0,36.0,36.0,22.59,22.04,36.0,36.0,36.0,22.96,0.0,0.0,0.0,0.0,0.0,0.0,0.0,0.0,0.0,0.007697,0.001839,0.0,0.0,0.0,0.009687
2020-01-09 14:15:00,22.37,21.43,24.7,24.35,21.28,21.89,21.02,34.62,23.1,21.2,21.01,21.5,35.38,23.4,21.25,5.23,754.8,0.0,0.0,0.0,0.0,0.0,0.0,0.567,0.0,0.0,0.0,0.747,0.0,0.0,0.0,0.0,36.0,21.0,23.0,0.0,0.0,0.0,0.0,0.0,0.0,1444.82,0.0,0.0,0.0,227.64,0.0,0.0,0.0,0.0,36.0,36.0,36.0,36.0,36.0,36.0,23.17,36.0,36.0,36.0,22.38,36.0,36.0,36.0,36.0,0.0,0.0,0.0,0.0,0.0,0.0,0.026935,0.0,0.0,0.0,0.003999,0.0,0.0,0.0,0.0
2020-01-09 14:30:00,22.4,21.4,24.72,24.77,21.44,22.03,21.3,34.92,23.49,21.14,21.09,21.38,35.6,23.82,21.17,5.32,731.2,0.0,0.0,0.0,0.0,0.0,0.0,0.567,0.0,0.0,0.0,0.747,0.0,0.0,0.0,0.0,36.0,21.0,23.0,0.0,0.0,0.0,0.0,0.0,0.0,1338.35,0.0,0.0,0.0,223.12,0.0,0.0,0.0,0.0,36.0,36.0,36.0,36.0,36.0,36.0,24.11,36.0,36.0,36.0,22.65,36.0,36.0,36.0,36.0,0.0,0.0,0.0,0.0,0.0,0.0,0.026935,0.0,0.0,0.0,0.003999,0.0,0.0,0.0,0.0
2020-01-09 14:45:00,22.39,21.36,24.7,25.18,21.61,22.17,21.58,35.12,23.89,21.07,21.17,21.29,35.71,24.22,21.07,5.41,707.5,0.0,0.0,0.0,0.0,0.0,0.0,0.567,0.0,0.0,0.0,0.747,0.0,0.0,0.0,0.0,36.0,21.0,23.0,0.0,0.0,0.0,0.0,0.0,0.0,1271.39,0.0,0.0,0.0,219.98,0.0,0.0,0.0,0.0,36.0,36.0,36.0,36.0,36.0,36.0,24.71,36.0,36.0,36.0,22.84,36.0,36.0,36.0,36.0,0.0,0.0,0.0,0.0,0.0,0.0,0.026935,0.0,0.0,0.0,0.003999,0.0,0.0,0.0,0.0
2020-01-09 15:00:00,22.38,21.3,24.67,25.52,21.79,22.3,21.83,35.23,24.27,21.0,21.23,21.23,35.74,24.59,20.98,5.35,683.9,0.0,0.0,0.0,0.0,0.0,0.0,0.567,0.0,0.0,0.0,0.747,0.0,0.0,0.0,0.0,36.0,21.0,23.0,0.0,0.0,0.0,0.0,0.0,0.0,1225.16,0.0,0.0,0.0,217.61,0.0,0.0,0.0,0.0,36.0,36.0,36.0,36.0,36.0,36.0,25.12,36.0,36.0,36.0,22.98,36.0,36.0,36.0,36.0,0.0,0.0,0.0,0.0,0.0,0.0,0.026935,0.0,0.0,0.0,0.003999,0.0,0.0,0.0,0.0
2020-01-09 15:15:00,22.35,21.23,24.62,25.84,21.95,22.44,21.8,35.26,24.63,20.99,21.2,21.18,35.68,24.95,20.99,5.3,660.2,0.0,0.0,0.0,0.0,0.0,0.0,0.0,0.0,0.0,0.793,0.0,0.0,0.0,0.0,0.981,36.0,21.0,23.0,0.0,0.0,0.0,0.0,0.0,0.0,0.0,0.0,0.0,361.37,0.0,0.0,0.0,0.0,550.39,36.0,36.0,36.0,36.0,36.0,36.0,36.0,36.0,36.0,21.84,36.0,36.0,36.0,36.0,22.15,0.0,0.0,0.0,0.0,0.0,0.0,0.0,0.0,0.0,0.006105,0.0,0.0,0.0,0.0,0.009507
2020-01-09 15:30:00,22.26,21.12,24.38,25.74,22.06,22.53,21.62,34.95,24.79,21.04,21.11,21.13,35.21,25.09,21.1,5.24,498.2,0.0,0.0,0.0,0.0,0.0,0.0,0.0,0.0,0.0,0.793,0.0,0.0,0.0,0.0,0.981,36.0,21.0,23.0,0.0,0.0,0.0,0.0,0.0,0.0,0.0,0.0,0.0,354.57,0.0,0.0,0.0,0.0,533.37,36.0,36.0,36.0,36.0,36.0,36.0,36.0,36.0,36.0,22.11,36.0,36.0,36.0,36.0,22.58,0.0,0.0,0.0,0.0,0.0,0.0,0.0,0.0,0.0,0.006105,0.0,0.0,0.0,0.0,0.009507
2020-01-09 15:45:00,22.06,20.94,23.98,25.41,22.06,22.52,21.44,34.41,24.76,21.11,21.02,21.06,34.57,25.01,21.22,5.18,336.2,0.0,0.0,0.0,0.0,0.0,0.0,0.0,0.0,0.0,0.793,0.0,0.0,0.0,0.0,0.981,36.0,21.0,23.0,0.0,0.0,0.0,0.0,0.0,0.0,0.0,0.0,0.0,349.95,0.0,0.0,0.0,0.0,521.78,36.0,36.0,36.0,36.0,36.0,36.0,36.0,36.0,36.0,22.29,36.0,36.0,36.0,36.0,22.87,0.0,0.0,0.0,0.0,0.0,0.0,0.0,0.0,0.0,0.006105,0.0,0.0,0.0,0.0,0.009507
2020-01-09 16:00:00,21.74,20.66,23.5,24.78,21.99,22.4,21.24,33.66,24.52,21.17,20.92,20.94,33.69,24.71,21.33,4.89,174.2,0.0,0.0,0.0,0.0,0.0,0.0,0.0,0.0,0.0,0.793,0.0,0.0,0.0,0.0,0.981,36.0,21.0,23.0,0.0,0.0,0.0,0.0,0.0,0.0,0.0,0.0,0.0,346.53,0.0,0.0,0.0,0.0,513.17,36.0,36.0,36.0,36.0,36.0,36.0,36.0,36.0,36.0,22.42,36.0,36.0,36.0,36.0,23.09,0.0,0.0,0.0,0.0,0.0,0.0,0.0,0.0,0.0,0.006105,0.0,0.0,0.0,0.0,0.009507
2020-01-09 16:15:00,21.41,21.2,23.08,24.04,21.83,22.2,21.06,32.85,24.06,21.17,20.94,20.96,32.75,24.16,21.34,4.59,12.2,0.0,1.0,0.0,0.0,0.0,0.0,0.0,0.0,0.0,0.0,1.0,0.708,0.0,0.0,0.0,36.0,21.0,23.0,0.0,2395.64,0.0,0.0,0.0,0.0,0.0,0.0,0.0,0.0,306.9,1896.55,0.0,0.0,0.0,36.0,27.97,36.0,36.0,36.0,36.0,36.0,36.0,36.0,36.0,22.28,23.28,36.0,36.0,36.0,0.0,0.071395,0.0,0.0,0.0,0.0,0.0,0.0,0.0,0.0,0.00535,0.035684,0.0,0.0,0.0
2020-01-09 16:30:00,21.24,21.72,22.92,23.67,21.65,22.06,20.87,32.13,23.65,21.11,21.06,21.17,31.93,23.69,21.25,4.3,9.1,0.0,1.0,0.0,0.0,0.0,0.0,0.0,0.0,0.0,0.0,1.0,0.708,0.0,0.0,0.0,36.0,21.0,23.0,0.0,2464.04,0.0,0.0,0.0,0.0,0.0,0.0,0.0,0.0,295.3,1722.92,0.0,0.0,0.0,36.0,27.74,36.0,36.0,36.0,36.0,36.0,36.0,36.0,36.0,22.8,24.45,36.0,36.0,36.0,0.0,0.071395,0.0,0.0,0.0,0.0,0.0,0.0,0.0,0.0,0.00535,0.035684,0.0,0.0,0.0
2020-01-09 16:45:00,21.12,21.73,22.76,23.47,21.49,21.97,20.69,31.48,23.3,21.04,21.2,21.41,31.2,23.31,21.15,4.0,0.0,0.0,1.0,0.0,0.0,0.0,0.0,0.0,0.0,0.0,0.0,1.0,0.708,0.0,0.0,0.0,36.0,21.0,23.0,0.0,2454.69,0.0,0.0,0.0,0.0,0.0,0.0,0.0,0.0,287.58,1619.67,0.0,0.0,0.0,36.0,27.77,36.0,36.0,36.0,36.0,36.0,36.0,36.0,36.0,23.14,25.14,36.0,36.0,36.0,0.0,0.071395,0.0,0.0,0.0,0.0,0.0,0.0,0.0,0.0,0.00535,0.035684,0.0,0.0,0.0
2020-01-09 17:00:00,20.95,21.73,22.52,23.23,21.34,21.87,20.51,30.89,22.99,20.98,21.32,21.56,30.52,22.98,21.05,3.89,0.0,0.0,1.0,0.0,0.0,0.0,0.0,0.0,0.0,0.0,0.0,1.0,0.708,0.0,0.0,0.0,36.0,21.0,23.0,0.0,2413.65,0.0,0.0,0.0,0.0,0.0,0.0,0.0,0.0,281.97,1552.69,0.0,0.0,0.0,36.0,27.91,36.0,36.0,36.0,36.0,36.0,36.0,36.0,36.0,23.39,25.59,36.0,36.0,36.0,0.0,0.071395,0.0,0.0,0.0,0.0,0.0,0.0,0.0,0.0,0.00535,0.035684,0.0,0.0,0.0
2020-01-09 17:15:00,21.05,20.6,22.17,22.97,21.27,21.73,20.61,30.38,22.9,20.97,21.32,21.45,29.93,22.69,21.05,3.78,0.0,0.89,0.0,0.0,0.0,0.0,0.0,1.0,0.0,0.814,1.0,0.0,0.0,0.0,0.0,1.0,36.0,21.0,23.0,530.93,0.0,0.0,0.0,0.0,0.0,2440.63,0.0,1496.97,453.16,0.0,0.0,0.0,0.0,556.78,25.32,36.0,36.0,36.0,36.0,36.0,23.72,36.0,26.24,21.91,36.0,36.0,36.0,36.0,22.25,0.011898,0.0,0.0,0.0,0.0,0.0,0.047544,0.0,0.036685,0.007697,0.0,0.0,0.0,0.0,0.009687
2020-01-09 17:30:00,21.16,20.15,21.83,22.66,21.3,21.56,21.05,29.82,22.96,21.06,21.22,21.12,29.31,22.36,21.17,3.67,0.0,0.89,0.0,0.0,0.0,0.0,0.0,1.0,0.0,0.814,1.0,0.0,0.0,0.0,0.0,1.0,36.0,21.0,23.0,542.04,0.0,0.0,0.0,0.0,0.0,2151.81,0.0,1394.8,441.48,0.0,0.0,0.0,0.0,539.43,25.1,36.0,36.0,36.0,36.0,36.0,25.17,36.0,26.9,22.28,36.0,36.0,36.0,36.0,22.68,0.011898,0.0,0.0,0.0,0.0,0.0,0.047544,0.0,0.036685,0.007697,0.0,0.0,0.0,0.0,0.009687
2020-01-09 17:45:00,21.07,20.01,21.6,22.41,21.38,21.35,21.48,29.33,23.03,21.16,21.11,20.79,28.76,22.07,21.3,3.56,0.0,0.89,0.0,0.0,0.0,0.0,0.0,1.0,0.0,0.814,1.0,0.0,0.0,0.0,0.0,1.0,36.0,21.0,23.0,540.79,0.0,0.0,0.0,0.0,0.0,1985.08,0.0,1340.17,433.51,0.0,0.0,0.0,0.0,527.66,25.13,36.0,36.0,36.0,36.0,36.0,26.01,36.0,27.26,22.52,36.0,36.0,36.0,36.0,22.97,0.011898,0.0,0.0,0.0,0.0,0.0,0.047544,0.0,0.036685,0.007697,0.0,0.0,0.0,0.0,0.009687
2020-01-09 18:00:00,21.01,19.89,21.38,22.17,21.43,21.15,21.76,28.89,23.08,21.25,21.01,20.5,28.29,21.81,21.41,3.45,0.0,0.89,0.0,0.0,0.0,0.0,0.0,1.0,0.0,0.814,1.0,0.0,0.0,0.0,0.0,1.0,36.0,21.0,23.0,541.16,0.0,0.0,0.0,0.0,0.0,1878.33,0.0,1308.32,427.58,0.0,0.0,0.0,0.0,518.93,25.12,36.0,36.0,36.0,36.0,36.0,26.55,36.0,27.47,22.71,36.0,36.0,36.0,36.0,23.18,0.011898,0.0,0.0,0.0,0.0,0.0,0.047544,0.0,0.036685,0.007697,0.0,0.0,0.0,0.0,0.009687
2020-01-09 18:15:00,21.14,20.79,21.87,22.03,21.41,21.01,21.68,28.54,22.93,21.25,20.99,20.59,27.9,21.59,21.49,3.33,0.0,1.0,1.0,1.0,0.0,0.0,0.342,0.0,0.0,0.0,0.0,0.559,1.0,0.0,0.0,1.0,36.0,21.0,23.0,588.59,2259.77,787.66,0.0,0.0,92.89,0.0,0.0,0.0,0.0,174.22,2473.02,0.0,0.0,512.12,25.46,28.43,29.68,36.0,36.0,21.29,36.0,36.0,36.0,36.0,22.07,24.26,36.0,36.0,23.35,0.013364,0.071395,0.029804,0.0,0.0,0.00151,0.0,0.0,0.0,0.0,0.002992,0.050389,0.0,0.0,0.009687
2020-01-09 18:30:00,21.38,21.54,22.23,21.9,21.31,21.01,21.36,28.12,22.63,21.19,21.02,21.07,27.46,21.36,21.59,3.22,0.0,1.0,1.0,1.0,0.0,0.0,0.342,0.0,0.0,0.0,0.0,0.559,1.0,0.0,0.0,1.0,36.0,21.0,23.0,586.9,2266.42,827.09,0.0,0.0,91.87,0.0,0.0,0.0,0.0,171.41,2191.7,0.0,0.0,506.67,25.49,28.41,29.36,36.0,36.0,21.45,36.0,36.0,36.0,36.0,22.29,25.59,36.0,36.0,23.49,0.013364,0.071395,0.029804,0.0,0.0,0.00151,0.0,0.0,0.0,0.0,0.002992,0.050389,0.0,0.0,0.009687
2020-01-09 18:45:00,21.51,21.68,22.29,21.76,21.17,21.05,21.01,27.73,22.34,21.12,21.06,21.47,27.04,21.16,21.68,3.1,0.0,1.0,1.0,1.0,0.0,0.0,0.342,0.0,0.0,0.0,0.0,0.559,1.0,0.0,0.0,1.0,36.0,21.0,23.0,576.94,2226.7,817.03,0.0,0.0,91.19,0.0,0.0,0.0,0.0,169.6,2029.43,0.0,0.0,502.04,25.67,28.54,29.44,36.0,36.0,21.55,36.0,36.0,36.0,36.0,22.44,26.36,36.0,36.0,23.6,0.013364,0.071395,0.029804,0.0,0.0,0.00151,0.0,0.0,0.0,0.0,0.002992,0.050389,0.0,0.0,0.009687
2020-01-09 19:00:00,21.56,21.74,22.28,21.63,21.03,21.12,20.71,27.39,22.09,21.05,21.1,21.72,26.68,20.98,21.76,2.99,0.0,1.0,1.0,1.0,0.0,0.0,0.342,0.0,0.0,0.0,0.0,0.559,1.0,0.0,0.0,1.0,36.0,21.0,23.0,568.74,2208.79,813.2,0.0,0.0,90.7,0.0,0.0,0.0,0.0,168.31,1927.53,0.0,0.0,498.01,25.82,28.6,29.47,36.0,36.0,21.63,36.0,36.0,36.0,36.0,22.54,26.85,36.0,36.0,23.7,0.013364,0.071395,0.029804,0.0,0.0,0.00151,0.0,0.0,0.0,0.0,0.002992,0.050389,0.0,0.0,0.009687
2020-01-09 19:15:00,20.81,20.58,21.38,21.45,20.99,21.11,20.8,27.11,22.12,21.0,21.07,21.61,26.39,21.03,21.82,2.88,0.0,0.0,0.0,0.0,0.0,0.316,0.0,1.0,0.0,1.0,0.123,0.0,0.0,0.0,0.71,1.0,36.0,21.0,23.0,0.0,0.0,0.0,0.0,150.19,0.0,2290.09,0.0,1940.79,57.08,0.0,0.0,0.0,1733.43,494.39,36.0,36.0,36.0,36.0,21.12,36.0,24.48,36.0,25.7,21.52,36.0,36.0,36.0,23.81,23.79,0.0,0.0,0.0,0.0,0.002415,0.0,0.047544,0.0,0.045088,0.000943,0.0,0.0,0.0,0.034009,0.009687
2020-01-09 19:30:00,20.38,20.06,20.87,21.18,21.06,21.04,21.24,26.77,22.34,20.95,20.98,21.26,26.04,21.31,21.9,2.77,0.0,0.0,0.0,0.0,0.0,0.316,0.0,1.0,0.0,1.0,0.123,0.0,0.0,0.0,0.71,1.0,36.0,21.0,23.0,0.0,0.0,0.0,0.0,150.23,0.0,2051.58,0.0,1758.27,57.3,0.0,0.0,0.0,1590.28,491.14,36.0,36.0,36.0,36.0,21.12,36.0,25.68,36.0,26.67,21.47,36.0,36.0,36.0,24.81,23.87,0.0,0.0,0.0,0.0,0.002415,0.0,0.047544,0.0,0.045088,0.000943,0.0,0.0,0.0,0.034009,0.009687
2020-01-09 19:45:00,20.25,19.89,20.69,21.0,21.19,21.0,21.62,26.46,22.55,20.91,20.88,20.9,25.71,21.55,21.98,2.65,0.0,0.0,0.0,0.0,0.0,0.316,0.0,1.0,0.0,1.0,0.123,0.0,0.0,0.0,0.71,1.0,36.0,21.0,23.0,0.0,0.0,0.0,0.0,150.18,0.0,1913.85,0.0,1657.08,57.5,0.0,0.0,0.0,1504.59,488.11,36.0,36.0,36.0,36.0,21.12,36.0,26.37,36.0,27.21,21.42,36.0,36.0,36.0,25.42,23.95,0.0,0.0,0.0,0.0,0.002415,0.0,0.047544,0.0,0.045088,0.000943,0.0,0.0,0.0,0.034009,0.009687
2020-01-09 20:00:00,20.15,19.78,20.55,20.85,21.31,20.99,21.84,26.17,22.72,20.87,20.79,20.59,25.41,21.72,22.04,2.55,0.0,0.0,0.0,0.0,0.0,0.316,0.0,1.0,0.0,1.0,0.123,0.0,0.0,0.0,0.71,1.0,36.0,21.0,23.0,0.0,0.0,0.0,0.0,150.06,0.0,1826.72,0.0,1594.86,57.69,0.0,0.0,0.0,1449.21,485.28,36.0,36.0,36.0,36.0,21.13,36.0,26.81,36.0,27.54,21.37,36.0,36.0,36.0,25.81,24.02,0.0,0.0,0.0,0.0,0.002415,0.0,0.047544,0.0,0.045088,0.000943,0.0,0.0,0.0,0.034009,0.009687
2020-01-09 20:15:00,20.74,20.73,21.31,21.5,21.36,21.03,21.75,25.93,22.62,20.89,20.82,20.71,25.17,21.81,22.1,2.44,0.0,1.0,1.0,1.0,1.0,0.668,1.0,0.0,0.0,0.0,1.0,1.0,1.0,0.0,0.689,1.0,36.0,21.0,23.0,542.53,2192.86,806.85,1745.65,305.31,264.0,0.0,0.0,0.0,455.92,310.57,2407.73,0.0,1375.16,482.61,26.29,28.65,29.52,26.45,21.71,21.71,36.0,36.0,36.0,21.83,22.11,24.57,36.0,26.03,24.08,0.013364,0.071395,0.029804,0.043751,0.005112,0.004419,0.0,0.0,0.0,0.007697,0.00535,0.050389,0.0,0.033002,0.009687
2020-01-09 20:30:00,21.31,21.48,21.92,22.28,21.31,21.19,21.45,25.64,22.3,20.99,20.96,21.21,24.87,21.92,22.17,2.34,0.0,1.0,1.0,1.0,1.0,0.668,1.0,0.0,0.0,0.0,1.0,1.0,1.0,0.0,0.689,1.0,36.0,21.0,23.0,545.68,2221.68,823.28,1748.4,304.17,254.57,0.0,0.0,0.0,444.2,298.48,2144.88,0.0,1353.42,480.1,26.23,28.56,29.39,26.44,21.77,22.22,36.0,36.0,36.0,22.19,22.65,25.82,36.0,26.19,24.14,0.013364,0.071395,0.029804,0.043751,0.005112,0.004419,0.0,0.0,0.0,0.007697,0.00535,0.050389,0.0,0.033002,0.009687
2020-01-09 20:45:00,21.52,21.65,22.13,22.49,21.2,21.35,21.11,25.37,22.01,21.09,21.1,21.61,24.6,22.02,22.23,2.24,0.0,1.0,1.0,1.0,1.0,0.668,1.0,0.0,0.0,0.0,1.0,1.0,1.0,0.0,0.689,1.0,36.0,21.0,23.0,537.5,2182.52,810.0,1710.25,303.29,248.03,0.0,0.0,0.0,436.1,290.41,1993.34,0.0,1336.45,477.68,26.38,28.69,29.5,26.65,21.81,22.57,36.0,36.0,36.0,22.44,23.01,26.54,36.0,26.31,24.2,0.013364,0.071395,0.029804,0.043751,0.005112,0.004419,0.0,0.0,0.0,0.007697,0.00535,0.050389,0.0,0.033002,0.009687
2020-01-09 21:00:00,21.62,21.74,22.21,22.6,21.12,21.49,20.8,25.12,21.77,21.18,21.22,21.85,24.35,22.1,22.29,2.13,0.0,1.0,1.0,1.0,1.0,0.668,1.0,0.0,0.0,0.0,1.0,1.0,1.0,0.0,0.689,1.0,36.0,21.0,23.0,532.53,2165.53,805.82,1686.35,302.46,243.13,0.0,0.0,0.0,430.04,284.55,1898.13,0.0,1322.94,475.36,26.47,28.74,29.53,26.78,21.85,22.84,36.0,36.0,36.0,22.63,23.28,26.99,36.0,26.41,24.26,0.013364,0.071395,0.029804,0.043751,0.005112,0.004419,0.0,0.0,0.0,0.007697,0.00535,0.050389,0.0,0.033002,0.009687
2020-01-09 21:15:00,20.9,20.61,21.34,22.12,20.98,21.48,20.88,24.91,21.81,21.19,21.21,21.74,24.14,21.97,22.34,2.02,0.0,0.0,0.0,0.0,0.307,0.0,0.0,1.0,0.0,1.0,0.0,0.0,0.0,0.0,0.0,1.0,36.0,21.0,23.0,0.0,0.0,0.0,650.97,0.0,0.0,2263.03,0.0,1993.5,0.0,0.0,0.0,0.0,0.0,473.11,36.0,36.0,36.0,24.4,36.0,36.0,24.61,36.0,25.42,36.0,36.0,36.0,36.0,36.0,24.32,0.0,0.0,0.0,0.013426,0.0,0.0,0.047544,0.0,0.045088,0.0,0.0,0.0,0.0,0.0,0.009687
2020-01-09 21:30:00,20.49,20.08,20.83,21.63,21.01,21.33,21.3,24.65,22.05,21.13,21.11,21.36,23.88,21.62,22.4,1.91,0.0,0.0,0.0,0.0,0.307,0.0,0.0,1.0,0.0,1.0,0.0,0.0,0.0,0.0,0.0,1.0,36.0,21.0,23.0,0.0,0.0,0.0,644.78,0.0,0.0,2030.38,0.0,1805.85,0.0,0.0,0.0,0.0,0.0,470.99,36.0,36.0,36.0,24.51,36.0,36.0,25.78,36.0,26.42,36.0,36.0,36.0,36.0,36.0,24.37,0.0,0.0,0.0,0.013426,0.0,0.0,0.047544,0.0,0.045088,0.0,0.0,0.0,0.0,0.0,0.009687
2020-01-09 21:45:00,20.35,19.9,20.65,21.55,21.14,21.13,21.66,24.43,22.3,21.05,21.0,20.97,23.66,21.25,22.46,1.79,0.0,0.0,0.0,0.0,0.307,0.0,0.0,1.0,0.0,1.0,0.0,0.0,0.0,0.0,0.0,1.0,36.0,21.0,23.0,0.0,0.0,0.0,642.41,0.0,0.0,1896.78,0.0,1700.52,0.0,0.0,0.0,0.0,0.0,468.89,36.0,36.0,36.0,24.55,36.0,36.0,26.46,36.0,26.98,36.0,36.0,36.0,36.0,36.0,24.42,0.0,0.0,0.0,0.013426,0.0,0.0,0.047544,0.0,0.045088,0.0,0.0,0.0,0.0,0.0,0.009687
2020-01-09 22:00:00,20.26,19.77,20.54,21.52,21.26,20.93,21.88,24.22,22.5,20.98,20.9,20.63,23.45,20.96,22.51,1.68,0.0,0.0,0.0,0.0,0.307,0.0,0.0,1.0,0.0,1.0,0.0,0.0,0.0,0.0,0.0,1.0,36.0,21.0,23.0,0.0,0.0,0.0,637.46,0.0,0.0,1812.5,0.0,1634.61,0.0,0.0,0.0,0.0,0.0,466.88,36.0,36.0,36.0,24.64,36.0,36.0,26.88,36.0,27.33,36.0,36.0,36.0,36.0,36.0,24.47,0.0,0.0,0.0,0.013426,0.0,0.0,0.047544,0.0,0.045088,0.0,0.0,0.0,0.0,0.0,0.009687
2020-01-09 22:15:00,20.81,20.67,21.25,22.03,21.34,20.88,22.03,24.03,22.61,20.99,20.92,20.71,23.27,21.05,22.56,1.57,0.0,1.0,1.0,1.0,1.0,0.0,1.0,1.0,0.0,0.936,1.0,1.0,1.0,0.0,1.0,1.0,36.0,21.0,23.0,535.14,2217.35,830.82,1641.53,0.0,257.02,1756.02,0.0,1502.92,451.83,306.01,2392.4,0.0,2252.49,464.91,26.42,28.57,29.33,27.02,36.0,22.09,27.16,36.0,27.48,21.96,22.32,24.64,36.0,24.75,24.52,0.013364,0.071395,0.029804,0.043751,0.0,0.004419,0.047544,0.0,0.042183,0.007697,0.00535,0.050389,0.0,0.047883,0.009687
2020-01-09 22:30:00,21.28,21.31,21.78,22.53,21.4,21.07,22.17,23.82,22.7,21.07,21.05,21.21,23.06,21.46,22.61,1.45,0.0,1.0,1.0,1.0,1.0,0.0,1.0,1.0,0.0,0.936,1.0,1.0,1.0,0.0,1.0,1.0,36.0,21.0,23.0,544.77,2287.45,862.59,1652.83,0.0,249.18,1716.23,0.0,1484.65,440.47,294.81,2134.55,0.0,2016.89,463.03,26.25,28.34,29.08,26.96,36.0,22.51,27.36,36.0,27.58,22.31,22.82,25.87,36.0,25.92,24.57,0.013364,0.071395,0.029804,0.043751,0.0,0.004419,0.047544,0.0,0.042183,0.007697,0.00535,0.050389,0.0,0.047883,0.009687
2020-01-09 22:45:00,21.41,21.4,21.91,22.64,21.45,21.33,22.29,23.61,22.77,21.17,21.19,21.6,22.85,21.87,22.66,1.34,0.0,1.0,1.0,1.0,1.0,0.0,1.0,1.0,0.0,0.936,1.0,1.0,1.0,0.0,1.0,1.0,36.0,21.0,23.0,544.85,2295.31,866.93,1647.88,0.0,243.68,1686.19,0.0,1469.89,432.72,287.36,1985.94,0.0,1881.1,461.17,26.25,28.31,29.04,26.99,36.0,22.81,27.52,36.0,27.66,22.55,23.15,26.57,36.0,26.6,24.61,0.013364,0.071395,0.029804,0.043751,0.0,0.004419,0.047544,0.0,0.042183,0.007697,0.00535,0.050389,0.0,0.047883,0.009687
2020-01-09 23:00:00,21.43,21.36,21.88,22.65,21.47,21.5,22.38,23.4,22.82,21.27,21.31,21.87,22.65,22.14,22.72,1.22,0.0,1.0,1.0,1.0,1.0,0.0,1.0,1.0,0.0,0.936,1.0,1.0,1.0,0.0,1.0,1.0,36.0,21.0,23.0,536.7,2235.77,842.42,1611.02,0.0,239.47,1663.24,0.0,1458.18,427.02,282.03,1894.6,0.0,1796.02,459.43,26.39,28.51,29.24,27.19,36.0,23.04,27.63,36.0,27.73,22.73,23.39,27.0,36.0,27.03,24.65,0.013364,0.071395,0.029804,0.043751,0.0,0.004419,0.047544,0.0,0.042183,0.007697,0.00535,0.050389,0.0,0.047883,0.009687
2020-01-09 23:15:00,21.34,21.35,21.18,22.59,21.52,21.64,22.44,23.23,22.86,21.33,21.39,22.02,22.82,22.27,22.76,1.11,0.0,1.0,1.0,0.0,1.0,0.0,0.0,1.0,0.0,1.0,1.0,1.0,1.0,1.0,1.0,1.0,36.0,21.0,23.0,552.76,2354.86,0.0,1660.35,0.0,0.0,1643.39,0.0,1533.08,422.44,277.83,1830.38,894.21,1736.67,457.61,26.1,28.11,36.0,26.92,36.0,36.0,27.73,36.0,27.87,22.87,23.58,27.31,26.14,27.32,24.7,0.013364,0.071395,0.0,0.043751,0.0,0.0,0.047544,0.0,0.045088,0.007697,0.00535,0.050389,0.021689,0.047883,0.009687
2020-01-09 23:30:00,21.24,21.31,20.96,22.47,21.55,21.7,22.52,23.03,22.91,21.41,21.49,22.17,23.25,22.41,22.8,1.0,0.0,1.0,1.0,0.0,1.0,0.0,0.0,1.0,0.0,1.0,1.0,1.0,1.0,1.0,1.0,1.0,36.0,21.0,23.0,558.28,2390.89,0.0,1671.6,0.0,0.0,1627.23,0.0,1514.09,418.78,274.57,1786.81,771.4,1696.48,455.91,26.01,27.99,36.0,26.86,36.0,36.0,27.81,36.0,27.97,22.98,23.72,27.52,27.49,27.52,24.74,0.013364,0.071395,0.0,0.043751,0.0,0.0,0.047544,0.0,0.045088,0.007697,0.00535,0.050389,0.021689,0.047883,0.009687
2020-01-09 23:45:00,21.2,21.25,20.85,22.42,21.58,21.75,22.57,22.83,22.97,21.48,21.58,22.27,23.65,22.52,22.85,0.89,0.0,1.0,1.0,0.0,1.0,0.0,0.0,1.0,0.0,1.0,1.0,1.0,1.0,1.0,1.0,1.0,36.0,21.0,23.0,563.52,2428.15,0.0,1681.51,0.0,0.0,1613.51,0.0,1500.35,415.66,271.85,1754.91,703.37,1666.82,454.22,25.91,27.86,36.0,26.81,36.0,36.0,27.88,36.0,28.04,23.08,23.84,27.67,28.24,27.67,24.78,0.013364,0.071395,0.0,0.043751,0.0,0.0,0.047544,0.0,0.045088,0.007697,0.00535,0.050389,0.021689,0.047883,0.009687
2020-01-10 00:00:00,21.2,21.22,20.76,22.39,21.6,21.78,22.64,22.63,23.02,21.55,21.67,22.37,23.93,22.61,22.9,0.77,0.0,1.0,1.0,0.0,1.0,0.0,0.0,1.0,0.0,1.0,1.0,1.0,1.0,1.0,1.0,1.0,36.0,21.0,23.0,546.41,2304.27,0.0,1627.98,0.0,0.0,1601.99,0.0,1489.77,413.01,269.58,1731.19,662.78,1644.52,452.64,26.22,28.28,36.0,27.1,36.0,36.0,27.94,36.0,28.1,23.16,23.95,27.78,28.69,27.78,24.82,0.013364,0.071395,0.0,0.043751,0.0,0.0,0.047544,0.0,0.045088,0.007697,0.00535,0.050389,0.021689,0.047883,0.009687
2020-01-10 00:15:00,21.17,21.31,21.12,21.65,21.58,21.76,22.46,22.49,22.92,21.6,21.73,22.17,23.78,22.42,22.85,0.66,0.0,0.776,1.0,1.0,0.0,0.0,0.0,0.0,0.0,0.363,1.0,1.0,0.0,0.0,0.0,0.0,36.0,21.0,23.0,455.9,2358.79,929.47,0.0,0.0,0.0,0.0,0.0,594.19,410.5,267.45,0.0,0.0,0.0,0.0,25.48,28.1,28.54,36.0,36.0,36.0,36.0,36.0,27.31,23.24,24.04,36.0,36.0,36.0,36.0,0.010364,0.071395,0.029804,0.0,0.0,0.0,0.0,0.0,0.01636,0.007697,0.00535,0.0,0.0,0.0,0.0
2020-01-10 00:30:00,21.2,21.4,21.34,21.27,21.49,21.59,22.11,22.3,22.71,21.67,21.81,21.77,23.36,22.04,22.73,0.54,0.0,0.776,1.0,1.0,0.0,0.0,0.0,0.0,0.0,0.363,1.0,1.0,0.0,0.0,0.0,0.0,36.0,21.0,23.0,450.87,2326.48,968.31,0.0,0.0,0.0,0.0,0.0,634.94,408.28,265.6,0.0,0.0,0.0,0.0,25.59,28.2,28.23,36.0,36.0,36.0,36.0,36.0,26.72,23.31,24.12,36.0,36.0,36.0,36.0,0.010364,0.071395,0.029804,0.0,0.0,0.0,0.0,0.0,0.01636,0.007697,0.00535,0.0,0.0,0.0,0.0
2020-01-10 00:45:00,21.25,21.48,21.31,21.17,21.35,21.35,21.73,22.12,22.5,21.73,21.88,21.36,22.97,21.64,22.6,0.43,0.0,0.776,1.0,1.0,0.0,0.0,0.0,0.0,0.0,0.363,1.0,1.0,0.0,0.0,0.0,0.0,36.0,21.0,23.0,446.13,2289.72,968.52,0.0,0.0,0.0,0.0,0.0,661.85,406.18,263.88,0.0,0.0,0.0,0.0,25.7,28.33,28.23,36.0,36.0,36.0,36.0,36.0,26.32,23.37,24.2,36.0,36.0,36.0,36.0,0.010364,0.071395,0.029804,0.0,0.0,0.0,0.0,0.0,0.01636,0.007697,0.00535,0.0,0.0,0.0,0.0
2020-01-10 01:00:00,21.28,21.52,21.31,21.09,21.22,21.12,21.4,21.94,22.33,21.79,21.95,20.96,22.65,21.27,22.49,0.3,0.0,0.776,1.0,1.0,0.0,0.0,0.0,0.0,0.0,0.363,1.0,1.0,0.0,0.0,0.0,0.0,36.0,21.0,23.0,441.67,2255.94,973.41,0.0,0.0,0.0,0.0,0.0,681.42,404.22,262.28,0.0,0.0,0.0,0.0,25.8,28.44,28.19,36.0,36.0,36.0,36.0,36.0,26.04,23.44,24.27,36.0,36.0,36.0,36.0,0.010364,0.071395,0.029804,0.0,0.0,0.0,0.0,0.0,0.01636,0.007697,0.00535,0.0,0.0,0.0,0.0
2020-01-10 01:15:00,20.97,21.47,20.47,21.23,21.16,21.02,21.44,21.78,22.34,21.83,22.01,20.94,22.41,21.3,22.4,0.17,0.0,0.415,1.0,0.0,0.282,0.0,0.287,1.0,0.0,1.0,1.0,1.0,0.753,0.0,1.0,0.0,36.0,21.0,23.0,262.15,2227.01,0.0,593.31,0.0,77.09,2119.46,0.0,1735.39,402.34,260.77,1808.39,0.0,2161.95,0.0,24.68,28.54,36.0,24.5,36.0,21.48,25.34,36.0,26.79,23.49,24.34,24.6,36.0,25.2,36.0,0.005539,0.071395,0.0,0.01234,0.0,0.00127,0.047544,0.0,0.045088,0.007697,0.00535,0.037954,0.0,0.047883,0.0
2020-01-10 01:30:00,20.8,21.43,20.3,21.28,21.19,21.09,21.74,21.58,22.47,21.9,22.08,21.18,22.13,21.62,22.3,0.04,0.0,0.415,1.0,0.0,0.282,0.0,0.287,1.0,0.0,1.0,1.0,1.0,0.753,0.0,1.0,0.0,36.0,21.0,23.0,259.69,2197.88,0.0,593.5,0.0,76.58,1914.88,0.0,1637.18,400.56,259.36,1675.32,0.0,1951.09,0.0,24.78,28.64,36.0,24.49,36.0,21.58,26.36,36.0,27.31,23.55,24.4,25.44,36.0,26.25,36.0,0.005539,0.071395,0.0,0.01234,0.0,0.00127,0.047544,0.0,0.045088,0.007697,0.00535,0.037954,0.0,0.047883,0.0
2020-01-10 01:45:00,20.74,21.42,20.21,21.21,21.28,21.24,22.02,21.38,22.59,21.95,22.14,21.44,21.86,21.93,22.2,-0.09,0.0,0.415,1.0,0.0,0.282,0.0,0.287,1.0,0.0,1.0,1.0,1.0,0.753,0.0,1.0,0.0,36.0,21.0,23.0,261.47,2192.46,0.0,598.96,0.0,76.23,1801.68,0.0,1582.82,398.83,258.0,1598.7,0.0,1832.85,0.0,24.71,28.65,36.0,24.39,36.0,21.64,26.93,36.0,27.6,23.6,24.46,25.92,36.0,26.84,36.0,0.005539,0.071395,0.0,0.01234,0.0,0.00127,0.047544,0.0,0.045088,0.007697,0.00535,0.037954,0.0,0.047883,0.0
2020-01-10 02:00:00,20.68,21.39,20.12,21.13,21.34,21.35,22.23,21.22,22.71,22.01,22.21,21.64,21.65,22.16,22.1,-0.22,0.0,0.415,1.0,0.0,0.282,0.0,0.287,1.0,0.0,1.0,1.0,1.0,0.753,0.0,1.0,0.0,36.0,21.0,23.0,261.22,2102.98,0.0,601.82,0.0,75.94,1732.81,0.0,1549.65,397.22,256.75,1550.56,0.0,1760.31,0.0,24.72,28.95,36.0,24.33,36.0,21.7,27.28,36.0,27.78,23.65,24.52,26.23,36.0,27.2,36.0,0.005539,0.071395,0.0,0.01234,0.0,0.00127,0.047544,0.0,0.045088,0.007697,0.00535,0.037954,0.0,0.047883,0.0
2020-01-10 02:15:00,20.99,21.46,20.68,21.67,21.36,21.46,22.07,21.09,22.53,22.05,22.26,21.73,21.48,22.27,22.03,-0.35,0.0,1.0,1.0,1.0,1.0,0.0,0.0,0.0,0.0,0.0,1.0,1.0,0.715,0.0,1.0,0.0,36.0,21.0,23.0,535.81,2174.99,988.5,1686.22,0.0,0.0,0.0,0.0,0.0,395.56,255.47,1449.44,0.0,1710.65,0.0,26.41,28.71,28.07,26.78,36.0,36.0,36.0,36.0,36.0,23.7,24.58,26.38,36.0,27.45,36.0,0.013364,0.071395,0.029804,0.043751,0.0,0.0,0.0,0.0,0.0,0.007697,0.00535,0.03603,0.0,0.047883,0.0
2020-01-10 02:30:00,21.27,21.62,21.19,22.12,21.23,21.52,21.74,20.92,22.18,22.11,22.32,21.81,21.28,22.39,21.94,-0.47,0.0,1.0,1.0,1.0,1.0,0.0,0.0,0.0,0.0,0.0,1.0,1.0,0.715,0.0,1.0,0.0,36.0,21.0,23.0,537.04,2160.02,1020.05,1694.81,0.0,0.0,0.0,0.0,0.0,393.98,254.26,1434.18,0.0,1676.9,0.0,26.39,28.76,27.81,26.73,36.0,36.0,36.0,36.0,36.0,23.75,24.63,26.48,36.0,27.62,36.0,0.013364,0.071395,0.029804,0.043751,0.0,0.0,0.0,0.0,0.0,0.007697,0.00535,0.03603,0.0,0.047883,0.0
2020-01-10 02:45:00,21.37,21.7,21.29,22.24,21.05,21.57,21.37,20.78,21.87,22.16,22.38,21.88,21.11,22.48,21.86,-0.6,0.0,1.0,1.0,1.0,1.0,0.0,0.0,0.0,0.0,0.0,1.0,1.0,0.715,0.0,1.0,0.0,36.0,21.0,23.0,535.31,2144.43,1013.87,1692.64,0.0,0.0,0.0,0.0,0.0,392.44,253.11,1422.03,0.0,1652.25,0.0,26.42,28.81,27.86,26.74,36.0,36.0,36.0,36.0,36.0,23.8,24.68,26.56,36.0,27.74,36.0,0.013364,0.071395,0.029804,0.043751,0.0,0.0,0.0,0.0,0.0,0.007697,0.00535,0.03603,0.0,0.047883,0.0
2020-01-10 03:00:00,21.4,21.68,21.29,22.26,20.92,21.59,21.05,20.64,21.58,22.21,22.44,21.93,20.95,22.56,21.77,-0.68,0.0,1.0,1.0,1.0,1.0,0.0,0.0,0.0,0.0,0.0,1.0,1.0,0.715,0.0,1.0,0.0,36.0,21.0,23.0,524.58,2054.07,971.33,1657.5,0.0,0.0,0.0,0.0,0.0,390.99,252.03,1412.44,0.0,1633.69,0.0,26.61,29.12,28.2,26.94,36.0,36.0,36.0,36.0,36.0,23.85,24.73,26.62,36.0,27.84,36.0,0.013364,0.071395,0.029804,0.043751,0.0,0.0,0.0,0.0,0.0,0.007697,0.00535,0.03603,0.0,0.047883,0.0
2020-01-10 03:15:00,20.66,21.63,20.39,21.35,20.93,21.61,21.16,20.85,21.66,22.25,22.48,21.75,21.08,22.6,21.72,-0.75,0.0,0.0,1.0,0.0,0.0,1.0,0.0,1.0,1.0,1.0,1.0,1.0,0.0,0.697,1.0,0.0,36.0,21.0,23.0,0.0,2128.78,0.0,0.0,443.26,0.0,2186.54,1014.73,1992.41,389.47,250.9,0.0,751.64,1618.0,0.0,36.0,28.87,36.0,36.0,22.14,36.0,25.0,24.26,25.43,23.89,24.78,36.0,24.11,27.92,36.0,0.0,0.071395,0.0,0.0,0.007653,0.0,0.047544,0.020669,0.045088,0.007697,0.00535,0.0,0.015126,0.047883,0.0
2020-01-10 03:30:00,20.27,21.52,20.0,20.69,21.12,21.59,21.51,21.39,21.94,22.3,22.53,21.37,21.46,22.66,21.64,-0.83,0.0,0.0,1.0,0.0,0.0,1.0,0.0,1.0,1.0,1.0,1.0,1.0,0.0,0.697,1.0,0.0,36.0,21.0,23.0,0.0,2132.02,0.0,0.0,442.92,0.0,1967.81,876.11,1808.65,388.05,249.86,0.0,676.32,1605.27,0.0,36.0,28.86,36.0,36.0,22.15,36.0,26.1,25.86,26.4,23.94,24.83,36.0,25.3,27.98,36.0,0.0,0.071395,0.0,0.0,0.007653,0.0,0.047544,0.020669,0.045088,0.007697,0.00535,0.0,0.015126,0.047883,0.0
2020-01-10 03:45:00,20.07,21.47,19.83,20.48,21.29,21.54,21.87,21.92,22.23,22.35,22.59,21.0,21.81,22.7,21.56,-0.9,0.0,0.0,1.0,0.0,0.0,1.0,0.0,1.0,1.0,1.0,1.0,1.0,0.0,0.697,1.0,0.0,36.0,21.0,23.0,0.0,2132.85,0.0,0.0,439.16,0.0,1844.22,797.66,1705.13,386.64,248.84,0.0,631.46,1594.24,0.0,36.0,28.85,36.0,36.0,22.27,36.0,26.72,26.77,26.95,23.98,24.87,36.0,26.01,28.03,36.0,0.0,0.071395,0.0,0.0,0.007653,0.0,0.047544,0.020669,0.045088,0.007697,0.00535,0.0,0.015126,0.047883,0.0
2020-01-10 04:00:00,19.92,21.41,19.73,20.31,21.43,21.49,22.1,22.27,22.45,22.4,22.64,20.68,22.09,22.72,21.48,-0.96,0.0,0.0,1.0,0.0,0.0,1.0,0.0,1.0,1.0,1.0,1.0,1.0,0.0,0.697,1.0,0.0,36.0,21.0,23.0,0.0,2052.06,0.0,0.0,433.84,0.0,1767.75,749.22,1641.55,385.3,247.88,0.0,602.95,1585.33,0.0,36.0,29.12,36.0,36.0,22.44,36.0,27.11,27.33,27.29,24.02,24.92,36.0,26.46,28.08,36.0,0.0,0.071395,0.0,0.0,0.007653,0.0,0.047544,0.020669,0.045088,0.007697,0.00535,0.0,0.015126,0.047883,0.0
2020-01-10 04:15:00,20.44,21.49,20.31,21.0,21.56,21.44,22.22,22.14,22.56,22.38,22.68,20.83,21.96,22.73,21.5,-1.02,0.0,1.0,1.0,1.0,1.0,1.0,0.0,1.0,0.0,1.0,0.0,1.0,1.0,0.0,1.0,1.0,36.0,21.0,23.0,560.64,2126.39,1021.77,1788.33,432.04,0.0,1715.42,0.0,1597.8,0.0,246.88,2379.6,0.0,1578.09,549.19,25.96,28.87,27.8,26.22,22.49,36.0,27.37,36.0,27.52,36.0,24.96,24.7,36.0,28.12,22.44,0.013364,0.071395,0.029804,0.043751,0.007653,0.0,0.047544,0.0,0.045088,0.0,0.00535,0.050389,0.0,0.047883,0.009687
2020-01-10 04:30:00,20.82,21.63,20.87,21.66,21.67,21.52,22.35,21.76,22.68,22.3,22.73,21.25,21.58,22.76,21.62,-1.08,0.0,1.0,1.0,1.0,1.0,1.0,0.0,1.0,0.0,1.0,0.0,1.0,1.0,0.0,1.0,1.0,36.0,21.0,23.0,570.46,2119.27,1058.2,1820.8,428.75,0.0,1680.01,0.0,1568.46,0.0,245.94,2121.4,0.0,1571.89,529.46,25.79,28.9,27.51,26.04,22.6,36.0,27.55,36.0,27.68,36.0,25.0,25.93,36.0,28.15,22.92,0.013364,0.071395,0.029804,0.043751,0.007653,0.0,0.047544,0.0,0.045088,0.0,0.00535,0.050389,0.0,0.047883,0.009687
2020-01-10 04:45:00,20.91,21.72,20.99,21.81,21.77,21.61,22.45,21.35,22.76,22.21,22.78,21.62,21.22,22.81,21.76,-1.14,0.0,1.0,1.0,1.0,1.0,1.0,0.0,1.0,0.0,1.0,0.0,1.0,1.0,0.0,1.0,1.0,36.0,21.0,23.0,569.7,2108.26,1049.25,1813.14,425.47,0.0,1653.8,0.0,1547.09,0.0,245.02,1975.2,0.0,1565.94,516.07,25.8,28.94,27.58,26.09,22.7,36.0,27.68,36.0,27.79,36.0,25.04,26.62,36.0,28.18,23.26,0.013364,0.071395,0.029804,0.043751,0.007653,0.0,0.047544,0.0,0.045088,0.0,0.00535,0.050389,0.0,0.047883,0.009687
2020-01-10 05:00:00,20.92,21.68,20.98,21.8,21.84,21.64,22.53,21.08,22.83,22.13,22.83,21.87,20.94,22.85,21.88,-1.21,0.0,1.0,1.0,1.0,1.0,1.0,0.0,1.0,0.0,1.0,0.0,1.0,1.0,0.0,1.0,1.0,36.0,21.0,23.0,560.0,2024.02,1005.05,1775.28,420.52,0.0,1634.03,0.0,1531.21,0.0,244.16,1885.65,0.0,1560.43,506.34,25.98,29.22,27.93,26.29,22.85,36.0,27.78,36.0,27.88,36.0,25.08,27.05,36.0,28.2,23.5,0.013364,0.071395,0.029804,0.043751,0.007653,0.0,0.047544,0.0,0.045088,0.0,0.00535,0.050389,0.0,0.047883,0.009687
2020-01-10 05:15:00,20.95,21.69,20.76,20.95,21.73,21.61,22.57,21.03,22.65,22.07,22.77,21.71,21.05,22.63,21.87,-1.27,0.0,1.0,1.0,0.708,0.0,0.0,0.0,1.0,0.359,0.0,0.0,0.0,0.0,0.746,0.0,0.0,36.0,21.0,23.0,565.63,2102.28,836.84,0.0,0.0,0.0,1617.62,376.65,0.0,0.0,0.0,0.0,768.8,0.0,0.0,25.87,28.96,26.52,36.0,36.0,36.0,27.86,23.85,36.0,36.0,36.0,36.0,24.63,36.0,36.0,0.013364,0.071395,0.021111,0.0,0.0,0.0,0.047544,0.007414,0.0,0.0,0.0,0.0,0.01618,0.0,0.0
2020-01-10 05:30:00,20.96,21.67,20.65,20.36,21.68,21.44,22.6,21.05,22.26,22.0,22.64,21.31,21.38,22.21,21.79,-1.34,0.0,1.0,1.0,0.708,0.0,0.0,0.0,1.0,0.359,0.0,0.0,0.0,0.0,0.746,0.0,0.0,36.0,21.0,23.0,560.35,2104.56,822.23,0.0,0.0,0.0,1604.93,365.27,0.0,0.0,0.0,0.0,696.9,0.0,0.0,25.97,28.95,26.68,36.0,36.0,36.0,27.92,24.21,36.0,36.0,36.0,36.0,25.7,36.0,36.0,0.013364,0.071395,0.021111,0.0,0.0,0.0,0.047544,0.007414,0.0,0.0,0.0,0.0,0.01618,0.0,0.0
2020-01-10 05:45:00,21.0,21.66,20.65,20.25,21.6,21.2,22.63,21.09,21.9,21.93,22.51,20.89,21.7,21.77,21.69,-1.4,0.0,1.0,1.0,0.708,0.0,0.0,0.0,1.0,0.359,0.0,0.0,0.0,0.0,0.746,0.0,0.0,36.0,21.0,23.0,554.58,2104.95,810.03,0.0,0.0,0.0,1594.22,358.89,0.0,0.0,0.0,0.0,655.05,0.0,0.0,26.07,28.95,26.82,36.0,36.0,36.0,27.98,24.42,36.0,36.0,36.0,36.0,26.31,36.0,36.0,0.013364,0.071395,0.021111,0.0,0.0,0.0,0.047544,0.007414,0.0,0.0,0.0,0.0,0.01618,0.0,0.0
2020-01-10 06:00:00,21.05,21.67,20.68,20.2,21.55,20.95,22.65,21.12,21.63,21.87,22.39,20.53,21.94,21.43,21.6,-1.46,0.0,1.0,1.0,0.708,0.0,0.0,0.0,1.0,0.359,0.0,0.0,0.0,0.0,0.746,0.0,0.0,36.0,21.0,23.0,548.73,2103.96,796.54,0.0,0.0,0.0,1585.3,354.98,0.0,0.0,0.0,0.0,628.27,0.0,0.0,26.18,28.95,26.97,36.0,36.0,36.0,28.02,24.55,36.0,36.0,36.0,36.0,26.71,36.0,36.0,0.013364,0.071395,0.021111,0.0,0.0,0.0,0.047544,0.007414,0.0,0.0,0.0,0.0,0.01618,0.0,0.0
2020-01-10 06:15:00,21.14,21.7,20.93,20.97,21.49,20.87,22.46,21.06,21.42,21.81,22.3,20.61,21.8,21.46,21.52,-1.51,0.0,1.0,1.0,1.0,1.0,0.0,1.0,0.0,0.173,0.0,0.0,0.0,1.0,0.0,1.0,0.0,36.0,21.0,23.0,542.21,2100.52,963.58,1746.54,0.0,267.72,0.0,176.2,0.0,0.0,0.0,2388.92,0.0,2104.19,0.0,26.29,28.96,28.27,26.45,36.0,21.51,36.0,24.18,36.0,36.0,36.0,24.66,36.0,25.49,36.0,0.013364,0.071395,0.029804,0.043751,0.0,0.004419,0.0,0.003567,0.0,0.0,0.0,0.050389,0.0,0.047883,0.0
2020-01-10 06:30:00,21.26,21.75,21.16,21.76,21.38,21.05,22.07,20.94,21.19,21.75,22.19,21.05,21.38,21.76,21.44,-1.57,0.0,1.0,1.0,1.0,1.0,0.0,1.0,0.0,0.173,0.0,0.0,0.0,1.0,0.0,1.0,0.0,36.0,21.0,23.0,535.8,2097.52,947.89,1746.56,0.0,257.63,0.0,180.67,0.0,0.0,0.0,2133.91,0.0,1904.12,0.0,26.41,28.97,28.39,26.45,36.0,22.05,36.0,23.88,36.0,36.0,36.0,25.87,36.0,26.49,36.0,0.013364,0.071395,0.029804,0.043751,0.0,0.004419,0.0,0.003567,0.0,0.0,0.0,0.050389,0.0,0.047883,0.0
2020-01-10 06:45:00,21.36,21.79,21.31,21.92,21.23,21.29,21.68,20.82,20.97,21.69,22.09,21.5,21.01,22.08,21.36,-1.62,0.0,1.0,1.0,1.0,1.0,0.0,1.0,0.0,0.173,0.0,0.0,0.0,1.0,0.0,1.0,0.0,36.0,21.0,23.0,528.92,2094.15,925.01,1707.06,0.0,250.54,0.0,183.88,0.0,0.0,0.0,1988.04,0.0,1792.59,0.0,26.53,28.98,28.58,26.67,36.0,22.44,36.0,23.67,36.0,36.0,36.0,26.56,36.0,27.04,36.0,0.013364,0.071395,0.029804,0.043751,0.0,0.004419,0.0,0.003567,0.0,0.0,0.0,0.050389,0.0,0.047883,0.0
2020-01-10 07:00:00,21.41,21.77,21.33,22.02,21.11,21.46,21.35,20.71,20.78,21.62,21.99,21.77,20.71,22.34,21.28,-1.66,0.0,1.0,1.0,1.0,1.0,0.0,1.0,0.0,0.173,0.0,0.0,0.0,1.0,0.0,1.0,0.0,36.0,21.0,23.0,515.2,2010.95,880.54,1654.45,0.0,245.2,0.0,186.32,0.0,0.0,0.0,1897.67,0.0,1724.21,0.0,26.78,29.26,28.93,26.95,36.0,22.73,36.0,23.5,36.0,36.0,36.0,26.99,36.0,27.39,36.0,0.013364,0.071395,0.029804,0.043751,0.0,0.004419,0.0,0.003567,0.0,0.0,0.0,0.050389,0.0,0.047883,0.0
2020-01-10 07:15:00,20.72,21.72,20.52,21.2,21.04,21.51,21.44,20.92,20.9,21.58,21.92,21.63,20.91,22.19,21.23,-1.7,0.0,0.0,1.0,0.0,0.0,0.0,0.0,1.0,1.0,1.0,0.0,0.0,0.0,1.0,0.0,0.0,36.0,21.0,23.0,0.0,2090.17,0.0,0.0,0.0,0.0,2109.35,931.15,2210.84,0.0,0.0,0.0,990.48,0.0,0.0,36.0,29.0,36.0,36.0,36.0,36.0,25.39,25.22,24.27,36.0,36.0,36.0,25.07,36.0,36.0,0.0,0.071395,0.0,0.0,0.0,0.0,0.047544,0.020669,0.045088,0.0,0.0,0.0,0.021689,0.0,0.0
2020-01-10 07:30:00,20.38,21.62,20.17,20.57,21.06,21.37,21.73,21.38,21.28,21.52,21.83,21.24,21.43,21.82,21.15,-1.74,0.0,0.0,1.0,0.0,0.0,0.0,0.0,1.0,1.0,1.0,0.0,0.0,0.0,1.0,0.0,0.0,36.0,21.0,23.0,0.0,2093.74,0.0,0.0,0.0,0.0,1906.37,831.04,1975.14,0.0,0.0,0.0,866.3,0.0,0.0,36.0,28.98,36.0,36.0,36.0,36.0,26.41,26.38,25.52,36.0,36.0,36.0,26.44,36.0,36.0,0.0,0.071395,0.0,0.0,0.0,0.0,0.047544,0.020669,0.045088,0.0,0.0,0.0,0.021689,0.0,0.0
2020-01-10 07:45:00,20.23,21.57,20.04,20.43,21.18,21.14,22.02,21.8,21.66,21.47,21.74,20.83,21.94,21.41,21.08,-1.78,0.0,0.0,1.0,0.0,0.0,0.0,0.0,1.0,1.0,1.0,0.0,0.0,0.0,1.0,0.0,0.0,36.0,21.0,23.0,0.0,2095.79,0.0,0.0,0.0,0.0,1793.88,773.67,1839.3,0.0,0.0,0.0,796.54,0.0,0.0,36.0,28.98,36.0,36.0,36.0,36.0,26.97,27.05,26.24,36.0,36.0,36.0,27.21,36.0,36.0,0.0,0.071395,0.0,0.0,0.0,0.0,0.047544,0.020669,0.045088,0.0,0.0,0.0,0.021689,0.0,0.0
2020-01-10 08:00:00,20.13,21.55,19.97,20.34,21.3,20.91,22.22,22.06,21.9,21.42,21.66,20.47,22.24,21.08,21.02,-1.75,0.0,0.0,1.0,0.0,0.0,0.0,0.0,1.0,1.0,1.0,0.0,0.0,0.0,1.0,0.0,0.0,36.0,21.0,23.0,0.0,2095.47,0.0,0.0,0.0,0.0,1724.32,737.34,1753.08,0.0,0.0,0.0,753.18,0.0,0.0,36.0,28.98,36.0,36.0,36.0,36.0,27.32,27.47,26.7,36.0,36.0,36.0,27.69,36.0,36.0,0.0,0.071395,0.0,0.0,0.0,0.0,0.047544,0.020669,0.045088,0.0,0.0,0.0,0.021689,0.0,0.0
2020-01-10 08:15:00,20.7,21.65,20.66,21.12,21.32,20.85,22.11,21.93,21.82,21.37,21.59,20.55,22.11,21.14,21.03,-1.72,7.6,1.0,0.997,1.0,1.0,0.0,1.0,0.0,0.0,0.0,0.0,0.0,1.0,0.0,1.0,1.0,36.0,21.0,23.0,524.2,2082.24,893.91,1682.69,0.0,258.02,0.0,0.0,0.0,0.0,0.0,2400.51,0.0,2191.37,567.65,26.62,29.0,28.82,26.8,36.0,22.03,36.0,36.0,36.0,36.0,36.0,24.6,36.0,25.05,21.98,0.013364,0.071182,0.029804,0.043751,0.0,0.004419,0.0,0.0,0.0,0.0,0.0,0.050389,0.0,0.047883,0.009687
2020-01-10 08:30:00,21.15,21.96,21.36,21.88,21.22,21.06,21.89,21.74,21.52,21.32,21.51,21.13,21.91,21.5,21.16,-1.69,83.1,1.0,0.997,1.0,1.0,0.0,1.0,0.0,0.0,0.0,0.0,0.0,1.0,0.0,1.0,1.0,36.0,21.0,23.0,526.47,1971.77,854.89,1682.97,0.0,249.97,0.0,0.0,0.0,0.0,0.0,2114.67,0.0,1970.62,546.92,26.58,29.37,29.14,26.8,36.0,22.47,36.0,36.0,36.0,36.0,36.0,25.96,36.0,26.15,22.49,0.013364,0.071182,0.029804,0.043751,0.0,0.004419,0.0,0.0,0.0,0.0,0.0,0.050389,0.0,0.047883,0.009687
2020-01-10 08:45:00,21.35,22.32,21.77,22.13,21.09,21.38,21.76,21.74,21.2,21.27,21.43,21.85,21.93,21.91,21.31,-1.65,158.6,1.0,0.997,1.0,1.0,0.0,1.0,0.0,0.0,0.0,0.0,0.0,1.0,0.0,1.0,1.0,36.0,21.0,23.0,521.36,1860.87,778.36,1658.4,0.0,244.27,0.0,0.0,0.0,0.0,0.0,1911.7,0.0,1842.49,532.76,26.67,29.75,29.75,26.93,36.0,22.78,36.0,36.0,36.0,36.0,36.0,26.92,36.0,26.79,22.84,0.013364,0.071182,0.029804,0.043751,0.0,0.004419,0.0,0.0,0.0,0.0,0.0,0.050389,0.0,0.047883,0.009687
2020-01-10 09:00:00,21.53,22.62,22.12,22.3,21.01,21.66,21.73,21.96,20.94,21.21,21.35,22.4,22.18,22.21,21.44,-1.37,234.1,1.0,0.997,1.0,1.0,0.0,1.0,0.0,0.0,0.0,0.0,0.0,1.0,0.0,1.0,1.0,36.0,21.0,23.0,518.1,1780.92,712.13,1643.13,0.0,239.83,0.0,0.0,0.0,0.0,0.0,1754.55,0.0,1758.82,522.29,26.73,30.01,30.28,27.02,36.0,23.02,36.0,36.0,36.0,36.0,36.0,27.67,36.0,27.21,23.1,0.013364,0.071182,0.029804,0.043751,0.0,0.004419,0.0,0.0,0.0,0.0,0.0,0.050389,0.0,0.047883,0.009687
2020-01-10 09:15:00,21.01,21.93,21.66,21.55,21.0,21.79,21.77,22.31,21.06,21.17,21.28,22.58,22.55,22.16,21.45,-1.09,309.6,0.0,0.0,0.0,0.0,0.198,0.0,0.0,0.0,1.0,0.0,0.0,0.0,0.0,0.0,0.0,36.0,21.0,23.0,0.0,0.0,0.0,0.0,93.36,0.0,0.0,0.0,2129.32,0.0,0.0,0.0,0.0,0.0,0.0,36.0,36.0,36.0,36.0,21.28,36.0,36.0,36.0,24.7,36.0,36.0,36.0,36.0,36.0,36.0,0.0,0.0,0.0,0.0,0.001517,0.0,0.0,0.0,0.045088,0.0,0.0,0.0,0.0,0.0,0.0
2020-01-10 09:30:00,20.75,21.68,21.49,21.01,21.05,21.75,21.81,22.73,21.44,21.11,21.2,22.51,23.0,21.85,21.37,-0.8,339.4,0.0,0.0,0.0,0.0,0.198,0.0,0.0,0.0,1.0,0.0,0.0,0.0,0.0,0.0,0.0,36.0,21.0,23.0,0.0,0.0,0.0,0.0,93.6,0.0,0.0,0.0,1916.05,0.0,0.0,0.0,0.0,0.0,0.0,36.0,36.0,36.0,36.0,21.24,36.0,36.0,36.0,25.83,36.0,36.0,36.0,36.0,36.0,36.0,0.0,0.0,0.0,0.0,0.001517,0.0,0.0,0.0,0.045088,0.0,0.0,0.0,0.0,0.0,0.0
2020-01-10 09:45:00,20.73,21.66,21.6,20.96,21.12,21.63,21.85,23.18,21.8,21.06,21.13,22.36,23.46,21.48,21.27,-0.52,369.2,0.0,0.0,0.0,0.0,0.198,0.0,0.0,0.0,1.0,0.0,0.0,0.0,0.0,0.0,0.0,36.0,21.0,23.0,0.0,0.0,0.0,0.0,93.73,0.0,0.0,0.0,1790.74,0.0,0.0,0.0,0.0,0.0,0.0,36.0,36.0,36.0,36.0,21.22,36.0,36.0,36.0,26.5,36.0,36.0,36.0,36.0,36.0,36.0,0.0,0.0,0.0,0.0,0.001517,0.0,0.0,0.0,0.045088,0.0,0.0,0.0,0.0,0.0,0.0
2020-01-10 10:00:00,20.77,21.64,21.78,20.98,21.2,21.51,21.87,23.63,22.05,21.02,21.06,22.19,23.94,21.21,21.18,-0.19,399.1,0.0,0.0,0.0,0.0,0.198,0.0,0.0,0.0,1.0,0.0,0.0,0.0,0.0,0.0,0.0,36.0,21.0,23.0,0.0,0.0,0.0,0.0,93.85,0.0,0.0,0.0,1708.73,0.0,0.0,0.0,0.0,0.0,0.0,36.0,36.0,36.0,36.0,21.2,36.0,36.0,36.0,26.93,36.0,36.0,36.0,36.0,36.0,36.0,0.0,0.0,0.0,0.0,0.001517,0.0,0.0,0.0,0.045088,0.0,0.0,0.0,0.0,0.0,0.0
2020-01-10 10:15:00,21.32,21.61,22.06,21.22,21.21,21.39,21.86,24.14,21.97,21.0,21.01,22.05,24.46,21.01,21.1,0.14,428.9,0.972,0.0,0.0,0.172,0.0,0.0,0.0,0.0,0.0,0.582,0.223,0.0,0.0,0.0,0.0,36.0,21.0,23.0,502.65,0.0,0.0,374.76,0.0,0.0,0.0,0.0,0.0,271.1,72.36,0.0,0.0,0.0,0.0,26.75,36.0,36.0,24.11,36.0,36.0,36.0,36.0,36.0,21.53,21.5,36.0,36.0,36.0,36.0,0.012996,0.0,0.0,0.007542,0.0,0.0,0.0,0.0,0.0,0.004481,0.001194,0.0,0.0,0.0,0.0
2020-01-10 10:30:00,21.69,21.55,22.31,21.38,21.13,21.27,21.8,24.66,21.67,21.03,20.98,21.89,24.99,20.84,21.02,0.47,443.1,0.972,0.0,0.0,0.172,0.0,0.0,0.0,0.0,0.0,0.582,0.223,0.0,0.0,0.0,0.0,36.0,21.0,23.0,505.85,0.0,0.0,377.86,0.0,0.0,0.0,0.0,0.0,266.7,71.92,0.0,0.0,0.0,0.0,26.69,36.0,36.0,24.01,36.0,36.0,36.0,36.0,36.0,21.76,21.59,36.0,36.0,36.0,36.0,0.012996,0.0,0.0,0.007542,0.0,0.0,0.0,0.0,0.0,0.004481,0.001194,0.0,0.0,0.0,0.0
2020-01-10 10:45:00,21.82,21.43,22.48,21.45,21.03,21.15,21.67,25.19,21.42,21.08,20.97,21.68,25.52,20.72,20.95,0.8,457.3,0.972,0.0,0.0,0.172,0.0,0.0,0.0,0.0,0.0,0.582,0.223,0.0,0.0,0.0,0.0,36.0,21.0,23.0,501.03,0.0,0.0,379.88,0.0,0.0,0.0,0.0,0.0,263.71,71.68,0.0,0.0,0.0,0.0,26.78,36.0,36.0,23.95,36.0,36.0,36.0,36.0,36.0,21.92,21.64,36.0,36.0,36.0,36.0,0.012996,0.0,0.0,0.007542,0.0,0.0,0.0,0.0,0.0,0.004481,0.001194,0.0,0.0,0.0,0.0
2020-01-10 11:00:00,21.94,21.33,22.61,21.49,20.93,21.03,21.57,25.77,21.25,21.12,20.95,21.51,26.11,20.6,20.88,1.01,471.6,0.972,0.0,0.0,0.172,0.0,0.0,0.0,0.0,0.0,0.582,0.223,0.0,0.0,0.0,0.0,36.0,21.0,23.0,497.58,0.0,0.0,382.29,0.0,0.0,0.0,0.0,0.0,261.52,71.55,0.0,0.0,0.0,0.0,26.84,36.0,36.0,23.87,36.0,36.0,36.0,36.0,36.0,22.04,21.67,36.0,36.0,36.0,36.0,0.012996,0.0,0.0,0.007542,0.0,0.0,0.0,0.0,0.0,0.004481,0.001194,0.0,0.0,0.0,0.0
2020-01-10 11:15:00,21.51,21.23,22.62,21.35,20.95,21.01,21.48,26.3,21.17,21.12,21.0,21.38,26.64,20.81,20.9,1.21,485.8,0.0,0.0,0.0,0.0,1.0,1.0,0.0,0.0,0.121,0.0,0.983,0.0,0.0,1.0,1.0,36.0,21.0,23.0,0.0,0.0,0.0,0.0,437.92,260.05,0.0,0.0,289.18,0.0,301.2,0.0,0.0,2352.31,570.58,36.0,36.0,36.0,36.0,22.31,21.92,36.0,36.0,23.36,36.0,22.3,36.0,36.0,24.25,21.91,0.0,0.0,0.0,0.0,0.007653,0.004419,0.0,0.0,0.005475,0.0,0.00526,0.0,0.0,0.047883,0.009687
2020-01-10 11:30:00,21.42,21.07,22.57,21.23,21.07,21.1,21.37,26.86,21.14,21.07,21.14,21.22,27.2,21.34,21.03,1.41,481.3,0.0,0.0,0.0,0.0,1.0,1.0,0.0,0.0,0.121,0.0,0.983,0.0,0.0,1.0,1.0,36.0,21.0,23.0,0.0,0.0,0.0,0.0,440.87,251.09,0.0,0.0,290.89,0.0,290.37,0.0,0.0,2071.07,550.33,36.0,36.0,36.0,36.0,22.22,22.41,36.0,36.0,23.29,36.0,22.79,36.0,36.0,25.65,22.41,0.0,0.0,0.0,0.0,0.007653,0.004419,0.0,0.0,0.005475,0.0,0.00526,0.0,0.0,0.047883,0.009687
2020-01-10 11:45:00,21.4,20.95,22.58,21.2,21.07,21.28,21.27,27.36,21.13,21.0,21.28,21.07,27.7,21.87,21.18,1.62,476.8,0.0,0.0,0.0,0.0,1.0,1.0,0.0,0.0,0.121,0.0,0.983,0.0,0.0,1.0,1.0,36.0,21.0,23.0,0.0,0.0,0.0,0.0,440.3,245.07,0.0,0.0,292.58,0.0,282.95,0.0,0.0,1904.01,536.5,36.0,36.0,36.0,36.0,22.24,22.73,36.0,36.0,23.22,36.0,23.13,36.0,36.0,26.49,22.75,0.0,0.0,0.0,0.0,0.007653,0.004419,0.0,0.0,0.005475,0.0,0.00526,0.0,0.0,0.047883,0.009687
2020-01-10 12:00:00,21.38,20.84,22.58,21.18,21.08,21.43,21.15,27.76,21.1,20.94,21.39,20.94,28.08,22.22,21.31,1.71,472.3,0.0,0.0,0.0,0.0,1.0,1.0,0.0,0.0,0.121,0.0,0.983,0.0,0.0,1.0,1.0,36.0,21.0,23.0,0.0,0.0,0.0,0.0,440.23,240.5,0.0,0.0,293.92,0.0,277.47,0.0,0.0,1793.18,526.24,36.0,36.0,36.0,36.0,22.24,22.98,36.0,36.0,23.16,36.0,23.38,36.0,36.0,27.04,23.0,0.0,0.0,0.0,0.0,0.007653,0.004419,0.0,0.0,0.005475,0.0,0.00526,0.0,0.0,0.047883,0.009687
2020-01-10 12:15:00,21.34,21.3,22.65,21.19,20.83,21.47,21.02,28.11,21.05,20.96,21.38,21.05,28.41,22.2,21.31,1.81,467.8,0.0,0.449,0.0,0.0,0.0,0.0,0.0,0.0,0.0,1.0,0.0,0.577,0.0,0.0,0.0,36.0,21.0,23.0,0.0,1261.12,0.0,0.0,0.0,0.0,0.0,0.0,0.0,456.46,0.0,1492.44,0.0,0.0,0.0,36.0,26.58,36.0,36.0,36.0,36.0,36.0,36.0,36.0,21.81,36.0,23.72,36.0,36.0,36.0,0.0,0.032033,0.0,0.0,0.0,0.0,0.0,0.0,0.0,0.007697,0.0,0.029084,0.0,0.0,0.0
2020-01-10 12:30:00,21.41,21.51,22.82,21.32,20.75,21.44,20.89,28.51,21.01,21.05,21.28,21.27,28.8,22.03,21.23,1.9,498.3,0.0,0.449,0.0,0.0,0.0,0.0,0.0,0.0,0.0,1.0,0.0,0.577,0.0,0.0,0.0,36.0,21.0,23.0,0.0,1282.23,0.0,0.0,0.0,0.0,0.0,0.0,0.0,443.99,0.0,1384.91,0.0,0.0,0.0,36.0,26.42,36.0,36.0,36.0,36.0,36.0,36.0,36.0,22.2,36.0,24.61,36.0,36.0,36.0,0.0,0.032033,0.0,0.0,0.0,0.0,0.0,0.0,0.0,0.007697,0.0,0.029084,0.0,0.0,0.0
2020-01-10 12:45:00,21.46,21.54,22.99,21.5,20.71,21.4,20.79,28.96,21.04,21.16,21.18,21.51,29.23,21.89,21.13,2.0,528.9,0.0,0.449,0.0,0.0,0.0,0.0,0.0,0.0,0.0,1.0,0.0,0.577,0.0,0.0,0.0,36.0,21.0,23.0,0.0,1286.78,0.0,0.0,0.0,0.0,0.0,0.0,0.0,435.43,0.0,1318.4,0.0,0.0,0.0,36.0,26.39,36.0,36.0,36.0,36.0,36.0,36.0,36.0,22.47,36.0,25.16,36.0,36.0,36.0,0.0,0.032033,0.0,0.0,0.0,0.0,0.0,0.0,0.0,0.007697,0.0,0.029084,0.0,0.0,0.0
2020-01-10 13:00:00,21.51,21.6,23.14,21.72,20.69,21.38,20.69,29.43,21.13,21.25,21.09,21.71,29.69,21.87,21.04,2.2,559.4,0.0,0.449,0.0,0.0,0.0,0.0,0.0,0.0,0.0,1.0,0.0,0.577,0.0,0.0,0.0,36.0,21.0,23.0,0.0,1293.56,0.0,0.0,0.0,0.0,0.0,0.0,0.0,429.05,0.0,1272.79,0.0,0.0,0.0,36.0,26.34,36.0,36.0,36.0,36.0,36.0,36.0,36.0,22.66,36.0,25.53,36.0,36.0,36.0,0.0,0.032033,0.0,0.0,0.0,0.0,0.0,0.0,0.0,0.007697,0.0,0.029084,0.0,0.0,0.0
2020-01-10 13:15:00,21.57,21.07,23.21,21.94,20.87,21.4,20.93,29.87,21.25,21.26,21.01,21.68,30.13,21.93,21.01,2.41,589.9,0.0,0.0,0.0,0.0,1.0,0.0,1.0,0.0,0.0,0.0,0.0,0.0,0.0,0.0,0.418,36.0,21.0,23.0,0.0,0.0,0.0,0.0,431.57,0.0,2363.03,0.0,0.0,0.0,0.0,0.0,0.0,0.0,239.88,36.0,36.0,36.0,36.0,22.51,36.0,24.11,36.0,36.0,36.0,36.0,36.0,36.0,36.0,21.82,0.0,0.0,0.0,0.0,0.007653,0.0,0.047544,0.0,0.0,0.0,0.0,0.0,0.0,0.0,0.004046
2020-01-10 13:30:00,21.55,20.88,23.23,22.18,21.11,21.39,21.44,30.37,21.48,21.2,20.92,21.44,30.61,22.08,21.01,2.62,609.8,0.0,0.0,0.0,0.0,1.0,0.0,1.0,0.0,0.0,0.0,0.0,0.0,0.0,0.0,0.418,36.0,21.0,23.0,0.0,0.0,0.0,0.0,431.25,0.0,2070.39,0.0,0.0,0.0,0.0,0.0,0.0,0.0,237.9,36.0,36.0,36.0,36.0,22.52,36.0,25.58,36.0,36.0,36.0,36.0,36.0,36.0,36.0,21.93,0.0,0.0,0.0,0.0,0.007653,0.0,0.047544,0.0,0.0,0.0,0.0,0.0,0.0,0.0,0.004046
2020-01-10 13:45:00,21.57,20.81,23.32,22.46,21.29,21.41,21.91,30.83,21.76,21.13,20.85,21.19,31.05,22.28,21.02,2.83,629.8,0.0,0.0,0.0,0.0,1.0,0.0,1.0,0.0,0.0,0.0,0.0,0.0,0.0,0.0,0.418,36.0,21.0,23.0,0.0,0.0,0.0,0.0,427.43,0.0,1899.57,0.0,0.0,0.0,0.0,0.0,0.0,0.0,236.67,36.0,36.0,36.0,36.0,22.64,36.0,26.44,36.0,36.0,36.0,36.0,36.0,36.0,36.0,22.01,0.0,0.0,0.0,0.0,0.007653,0.0,0.047544,0.0,0.0,0.0,0.0,0.0,0.0,0.0,0.004046
2020-01-10 14:00:00,21.61,20.75,23.41,22.81,21.48,21.45,22.24,31.25,22.08,21.06,20.77,21.0,31.44,22.53,21.04,2.94,649.8,0.0,0.0,0.0,0.0,1.0,0.0,1.0,0.0,0.0,0.0,0.0,0.0,0.0,0.0,0.418,36.0,21.0,23.0,0.0,0.0,0.0,0.0,424.92,0.0,1789.9,0.0,0.0,0.0,0.0,0.0,0.0,0.0,235.83,36.0,36.0,36.0,36.0,22.72,36.0,26.99,36.0,36.0,36.0,36.0,36.0,36.0,36.0,22.06,0.0,0.0,0.0,0.0,0.007653,0.0,0.047544,0.0,0.0,0.0,0.0,0.0,0.0,0.0,0.004046
2020-01-10 14:15:00,21.66,21.35,23.62,23.21,21.44,21.52,22.19,31.64,22.41,21.0,20.8,20.99,31.8,22.82,21.03,3.05,669.8,0.0,0.564,0.0,0.0,0.0,0.0,0.0,0.0,0.0,0.061,1.0,0.34,0.0,0.0,0.285,36.0,21.0,23.0,0.0,1585.12,0.0,0.0,0.0,0.0,0.0,0.0,0.0,28.46,313.63,901.09,0.0,0.0,161.48,36.0,26.58,36.0,36.0,36.0,36.0,36.0,36.0,36.0,21.48,21.98,23.43,36.0,36.0,22.0,0.0,0.040251,0.0,0.0,0.0,0.0,0.0,0.0,0.0,0.000469,0.00535,0.017143,0.0,0.0,0.002759
2020-01-10 14:30:00,21.84,21.68,23.81,23.59,21.49,21.65,21.9,31.9,22.71,20.95,20.95,21.08,32.01,23.12,21.01,3.16,648.1,0.0,0.564,0.0,0.0,0.0,0.0,0.0,0.0,0.0,0.061,1.0,0.34,0.0,0.0,0.285,36.0,21.0,23.0,0.0,1610.06,0.0,0.0,0.0,0.0,0.0,0.0,0.0,28.62,300.63,872.04,0.0,0.0,162.09,36.0,26.43,36.0,36.0,36.0,36.0,36.0,36.0,36.0,21.4,22.56,23.83,36.0,36.0,21.94,0.0,0.040251,0.0,0.0,0.0,0.0,0.0,0.0,0.0,0.000469,0.00535,0.017143,0.0,0.0,0.002759
2020-01-10 14:45:00,21.91,21.7,23.86,23.97,21.54,21.8,21.58,32.04,23.06,20.9,21.1,21.13,32.1,23.49,20.99,3.27,626.4,0.0,0.564,0.0,0.0,0.0,0.0,0.0,0.0,0.0,0.061,1.0,0.34,0.0,0.0,0.285,36.0,21.0,23.0,0.0,1610.41,0.0,0.0,0.0,0.0,0.0,0.0,0.0,28.76,291.95,855.06,0.0,0.0,162.54,36.0,26.43,36.0,36.0,36.0,36.0,36.0,36.0,36.0,21.33,22.95,24.07,36.0,36.0,21.9,0.0,0.040251,0.0,0.0,0.0,0.0,0.0,0.0,0.0,0.000469,0.00535,0.017143,0.0,0.0,0.002759
2020-01-10 15:00:00,21.88,21.71,23.84,24.3,21.63,21.95,21.36,32.11,23.37,20.85,21.22,21.21,32.1,23.81,20.97,3.26,604.7,0.0,0.564,0.0,0.0,0.0,0.0,0.0,0.0,0.0,0.061,1.0,0.34,0.0,0.0,0.285,36.0,21.0,23.0,0.0,1615.39,0.0,0.0,0.0,0.0,0.0,0.0,0.0,28.89,285.66,844.34,0.0,0.0,162.92,36.0,26.4,36.0,36.0,36.0,36.0,36.0,36.0,36.0,21.26,23.23,24.22,36.0,36.0,21.87,0.0,0.040251,0.0,0.0,0.0,0.0,0.0,0.0,0.0,0.000469,0.00535,0.017143,0.0,0.0,0.002759
2020-01-10 15:15:00,21.81,20.98,23.66,24.53,21.72,22.07,21.23,32.09,23.65,20.87,21.22,21.16,32.04,24.09,21.01,3.25,583.0,0.0,0.0,0.0,0.0,0.0,0.0,0.0,0.0,0.0,1.0,0.0,0.0,0.0,0.0,0.925,36.0,21.0,23.0,0.0,0.0,0.0,0.0,0.0,0.0,0.0,0.0,0.0,458.54,0.0,0.0,0.0,0.0,513.66,36.0,36.0,36.0,36.0,36.0,36.0,36.0,36.0,36.0,21.75,36.0,36.0,36.0,36.0,22.29,0.0,0.0,0.0,0.0,0.0,0.0,0.0,0.0,0.0,0.007697,0.0,0.0,0.0,0.0,0.008962
2020-01-10 15:30:00,21.59,20.65,23.32,24.42,21.78,22.12,21.08,31.82,23.8,20.96,21.12,20.99,31.7,24.21,21.11,3.24,441.5,0.0,0.0,0.0,0.0,0.0,0.0,0.0,0.0,0.0,1.0,0.0,0.0,0.0,0.0,0.925,36.0,21.0,23.0,0.0,0.0,0.0,0.0,0.0,0.0,0.0,0.0,0.0,446.12,0.0,0.0,0.0,0.0,501.17,36.0,36.0,36.0,36.0,36.0,36.0,36.0,36.0,36.0,22.13,36.0,36.0,36.0,36.0,22.62,0.0,0.0,0.0,0.0,0.0,0.0,0.0,0.0,0.0,0.007697,0.0,0.0,0.0,0.0,0.008962
2020-01-10 15:45:00,21.35,20.42,22.92,24.03,21.78,22.06,20.94,31.35,23.78,21.07,21.01,20.81,31.12,24.12,21.23,3.24,300.0,0.0,0.0,0.0,0.0,0.0,0.0,0.0,0.0,0.0,1.0,0.0,0.0,0.0,0.0,0.925,36.0,21.0,23.0,0.0,0.0,0.0,0.0,0.0,0.0,0.0,0.0,0.0,437.58,0.0,0.0,0.0,0.0,492.38,36.0,36.0,36.0,36.0,36.0,36.0,36.0,36.0,36.0,22.4,36.0,36.0,36.0,36.0,22.86,0.0,0.0,0.0,0.0,0.0,0.0,0.0,0.0,0.0,0.007697,0.0,0.0,0.0,0.0,0.008962
2020-01-10 16:00:00,21.04,20.16,22.44,23.55,21.71,21.93,20.81,30.82,23.59,21.16,20.92,20.64,30.49,23.87,21.31,3.0,158.4,0.0,0.0,0.0,0.0,0.0,0.0,0.0,0.0,0.0,1.0,0.0,0.0,0.0,0.0,0.925,36.0,21.0,23.0,0.0,0.0,0.0,0.0,0.0,0.0,0.0,0.0,0.0,431.22,0.0,0.0,0.0,0.0,485.66,36.0,36.0,36.0,36.0,36.0,36.0,36.0,36.0,36.0,22.6,36.0,36.0,36.0,36.0,23.04,0.0,0.0,0.0,0.0,0.0,0.0,0.0,0.0,0.0,0.007697,0.0,0.0,0.0,0.0,0.008962
2020-01-10 16:15:00,21.15,20.8,22.13,22.83,21.6,21.75,20.92,30.07,23.17,21.17,20.93,20.73,29.6,23.33,21.31,2.76,16.9,1.0,1.0,0.0,0.0,0.0,0.0,1.0,0.0,0.0,0.0,1.0,1.0,0.0,0.0,0.0,36.0,21.0,23.0,564.98,2439.63,0.0,0.0,0.0,0.0,2351.08,0.0,0.0,0.0,306.27,2497.08,0.0,0.0,0.0,25.89,27.83,36.0,36.0,36.0,36.0,24.17,36.0,36.0,36.0,22.31,24.14,36.0,36.0,36.0,0.013364,0.071395,0.0,0.0,0.0,0.0,0.047544,0.0,0.0,0.0,0.00535,0.050389,0.0,0.0,0.0
2020-01-10 16:30:00,21.37,21.3,22.09,22.51,21.52,21.65,21.27,29.44,22.83,21.11,21.06,21.12,28.87,22.92,21.23,2.52,12.7,1.0,1.0,0.0,0.0,0.0,0.0,1.0,0.0,0.0,0.0,1.0,1.0,0.0,0.0,0.0,36.0,21.0,23.0,575.79,2503.74,0.0,0.0,0.0,0.0,2080.96,0.0,0.0,0.0,294.94,2201.23,0.0,0.0,0.0,25.69,27.61,36.0,36.0,36.0,36.0,25.53,36.0,36.0,36.0,22.81,25.55,36.0,36.0,36.0,0.013364,0.071395,0.0,0.0,0.0,0.0,0.047544,0.0,0.0,0.0,0.00535,0.050389,0.0,0.0,0.0
2020-01-10 16:45:00,21.36,21.32,21.96,22.31,21.46,21.61,21.68,28.86,22.53,21.04,21.2,21.51,28.22,22.57,21.12,2.28,0.0,1.0,1.0,0.0,0.0,0.0,0.0,1.0,0.0,0.0,0.0,1.0,1.0,0.0,0.0,0.0,36.0,21.0,23.0,573.63,2495.15,0.0,0.0,0.0,0.0,1928.57,0.0,0.0,0.0,287.44,2034.84,0.0,0.0,0.0,25.73,27.64,36.0,36.0,36.0,36.0,26.3,36.0,36.0,36.0,23.15,26.34,36.0,36.0,36.0,0.013364,0.071395,0.0,0.0,0.0,0.0,0.047544,0.0,0.0,0.0,0.00535,0.050389,0.0,0.0,0.0
2020-01-10 17:00:00,21.31,21.29,21.75,22.09,21.4,21.5,21.91,28.28,22.22,20.97,21.32,21.75,27.59,22.2,21.03,2.18,0.0,1.0,1.0,0.0,0.0,0.0,0.0,1.0,0.0,0.0,0.0,1.0,1.0,0.0,0.0,0.0,36.0,21.0,23.0,573.84,2500.03,0.0,0.0,0.0,0.0,1831.78,0.0,0.0,0.0,281.96,1929.94,0.0,0.0,0.0,25.73,27.62,36.0,36.0,36.0,36.0,26.78,36.0,36.0,36.0,23.39,26.84,36.0,36.0,36.0,0.013364,0.071395,0.0,0.0,0.0,0.0,0.047544,0.0,0.0,0.0,0.00535,0.050389,0.0,0.0,0.0
2020-01-10 17:15:00,20.63,20.52,21.38,21.9,21.31,21.35,21.76,27.84,21.97,20.97,21.3,21.58,27.12,21.91,21.04,2.08,0.0,0.0,0.3,0.0,0.0,0.0,0.0,0.0,0.0,0.0,1.0,0.0,0.0,0.0,0.0,1.0,36.0,21.0,23.0,0.0,1062.58,0.0,0.0,0.0,0.0,0.0,0.0,0.0,452.5,0.0,0.0,0.0,0.0,557.7,36.0,24.12,36.0,36.0,36.0,36.0,36.0,36.0,36.0,21.93,36.0,36.0,36.0,36.0,22.23,0.0,0.021401,0.0,0.0,0.0,0.0,0.0,0.0,0.0,0.007697,0.0,0.0,0.0,0.0,0.009687
2020-01-10 17:30:00,20.3,20.15,21.0,21.62,21.17,21.17,21.37,27.34,21.68,21.06,21.2,21.14,26.59,21.58,21.15,1.97,0.0,0.0,0.3,0.0,0.0,0.0,0.0,0.0,0.0,0.0,1.0,0.0,0.0,0.0,0.0,1.0,36.0,21.0,23.0,0.0,1057.36,0.0,0.0,0.0,0.0,0.0,0.0,0.0,441.09,0.0,0.0,0.0,0.0,540.24,36.0,24.18,36.0,36.0,36.0,36.0,36.0,36.0,36.0,22.29,36.0,36.0,36.0,36.0,22.66,0.0,0.021401,0.0,0.0,0.0,0.0,0.0,0.0,0.0,0.007697,0.0,0.0,0.0,0.0,0.009687
2020-01-10 17:45:00,20.1,19.98,20.73,21.35,21.0,20.95,20.94,26.89,21.4,21.16,21.09,20.67,26.1,21.26,21.28,1.87,0.0,0.0,0.3,0.0,0.0,0.0,0.0,0.0,0.0,0.0,1.0,0.0,0.0,0.0,0.0,1.0,36.0,21.0,23.0,0.0,1061.71,0.0,0.0,0.0,0.0,0.0,0.0,0.0,433.32,0.0,0.0,0.0,0.0,528.41,36.0,24.13,36.0,36.0,36.0,36.0,36.0,36.0,36.0,22.53,36.0,36.0,36.0,36.0,22.95,0.0,0.021401,0.0,0.0,0.0,0.0,0.0,0.0,0.0,0.007697,0.0,0.0,0.0,0.0,0.009687
2020-01-10 18:00:00,19.92,19.86,20.51,21.14,20.85,20.73,20.64,26.51,21.18,21.24,20.99,20.33,25.7,21.0,21.39,1.76,0.0,0.0,0.3,0.0,0.0,0.0,0.0,0.0,0.0,0.0,1.0,0.0,0.0,0.0,0.0,1.0,36.0,21.0,23.0,0.0,1062.96,0.0,0.0,0.0,0.0,0.0,0.0,0.0,427.52,0.0,0.0,0.0,0.0,519.62,36.0,24.12,36.0,36.0,36.0,36.0,36.0,36.0,36.0,22.71,36.0,36.0,36.0,36.0,23.17,0.0,0.021401,0.0,0.0,0.0,0.0,0.0,0.0,0.0,0.007697,0.0,0.0,0.0,0.0,0.009687
2020-01-10 18:15:00,20.42,20.5,21.12,21.75,20.91,20.67,20.74,26.19,21.26,21.25,21.01,20.42,25.37,21.08,21.48,1.65,0.0,1.0,1.0,1.0,1.0,1.0,1.0,1.0,0.0,1.0,0.0,1.0,1.0,0.0,1.0,1.0,36.0,21.0,23.0,584.92,2501.79,857.01,1658.34,433.3,267.66,2271.04,0.0,2147.33,0.0,303.98,2430.29,0.0,2272.04,512.8,25.53,27.62,29.12,26.93,22.45,21.51,24.57,36.0,24.61,36.0,22.41,24.46,36.0,24.65,23.34,0.013364,0.071395,0.029804,0.043751,0.007653,0.004419,0.047544,0.0,0.045088,0.0,0.00535,0.050389,0.0,0.047883,0.009687
2020-01-10 18:30:00,20.91,20.94,21.6,22.34,21.13,20.88,21.13,25.85,21.58,21.18,21.13,20.86,25.01,21.43,21.58,1.54,0.0,1.0,1.0,1.0,1.0,1.0,1.0,1.0,0.0,1.0,0.0,1.0,1.0,0.0,1.0,1.0,36.0,21.0,23.0,592.44,2506.48,890.96,1694.18,436.06,257.85,2039.34,0.0,1921.59,0.0,292.92,2169.17,0.0,2021.79,507.33,25.39,27.6,28.85,26.74,22.37,22.04,25.74,36.0,25.8,36.0,22.9,25.7,36.0,25.9,23.47,0.013364,0.071395,0.029804,0.043751,0.007653,0.004419,0.047544,0.0,0.045088,0.0,0.00535,0.050389,0.0,0.047883,0.009687
2020-01-10 18:45:00,21.05,21.05,21.72,22.45,21.27,21.14,21.54,25.53,21.89,21.11,21.27,21.32,24.67,21.79,21.66,1.43,0.0,1.0,1.0,1.0,1.0,1.0,1.0,1.0,0.0,1.0,0.0,1.0,1.0,0.0,1.0,1.0,36.0,21.0,23.0,587.98,2474.21,896.09,1697.3,434.95,250.94,1906.55,0.0,1793.1,0.0,285.58,2019.36,0.0,1879.94,502.71,25.47,27.71,28.81,26.72,22.4,22.42,26.41,36.0,26.49,36.0,23.23,26.41,36.0,26.61,23.59,0.013364,0.071395,0.029804,0.043751,0.007653,0.004419,0.047544,0.0,0.045088,0.0,0.00535,0.050389,0.0,0.047883,0.009687
2020-01-10 19:00:00,21.09,21.06,21.69,22.43,21.38,21.31,21.8,25.21,22.15,21.03,21.39,21.62,24.35,22.09,21.74,1.33,0.0,1.0,1.0,1.0,1.0,1.0,1.0,1.0,0.0,1.0,0.0,1.0,1.0,0.0,1.0,1.0,36.0,21.0,23.0,574.57,2362.73,870.34,1669.35,432.55,245.77,1823.55,0.0,1713.85,0.0,280.33,1925.72,0.0,1792.61,498.82,25.71,28.08,29.01,26.87,22.48,22.7,26.82,36.0,26.91,36.0,23.47,26.86,36.0,27.04,23.68,0.013364,0.071395,0.029804,0.043751,0.007653,0.004419,0.047544,0.0,0.045088,0.0,0.00535,0.050389,0.0,0.047883,0.009687
2020-01-10 19:15:00,20.58,20.78,20.84,21.54,21.28,21.38,21.67,24.99,22.02,21.01,21.37,21.49,24.12,21.98,21.8,1.23,0.0,0.339,0.644,0.0,0.0,0.0,0.0,0.0,0.0,0.0,0.426,0.0,0.0,0.0,0.0,1.0,36.0,21.0,23.0,241.01,1833.25,0.0,0.0,0.0,0.0,0.0,0.0,0.0,196.2,0.0,0.0,0.0,0.0,495.16,23.28,26.46,36.0,36.0,36.0,36.0,36.0,36.0,36.0,21.69,36.0,36.0,36.0,36.0,23.77,0.004532,0.045962,0.0,0.0,0.0,0.0,0.0,0.0,0.0,0.003281,0.0,0.0,0.0,0.0,0.009687
2020-01-10 19:30:00,20.27,20.62,20.37,20.94,21.17,21.25,21.3,24.7,21.68,21.0,21.27,21.09,23.83,21.62,21.88,1.12,0.0,0.339,0.644,0.0,0.0,0.0,0.0,0.0,0.0,0.0,0.426,0.0,0.0,0.0,0.0,1.0,36.0,21.0,23.0,238.49,1812.15,0.0,0.0,0.0,0.0,0.0,0.0,0.0,194.94,0.0,0.0,0.0,0.0,491.95,23.41,26.57,36.0,36.0,36.0,36.0,36.0,36.0,36.0,21.79,36.0,36.0,36.0,36.0,23.85,0.004532,0.045962,0.0,0.0,0.0,0.0,0.0,0.0,0.0,0.003281,0.0,0.0,0.0,0.0,0.009687
2020-01-10 19:45:00,20.19,20.62,20.23,20.79,21.0,21.03,20.92,24.43,21.38,21.01,21.15,20.69,23.56,21.27,21.95,1.02,0.0,0.339,0.644,0.0,0.0,0.0,0.0,0.0,0.0,0.0,0.426,0.0,0.0,0.0,0.0,1.0,36.0,21.0,23.0,237.04,1796.24,0.0,0.0,0.0,0.0,0.0,0.0,0.0,194.18,0.0,0.0,0.0,0.0,488.95,23.49,26.65,36.0,36.0,36.0,36.0,36.0,36.0,36.0,21.84,36.0,36.0,36.0,36.0,23.93,0.004532,0.045962,0.0,0.0,0.0,0.0,0.0,0.0,0.0,0.003281,0.0,0.0,0.0,0.0,0.009687
2020-01-10 20:00:00,20.17,20.64,20.15,20.71,20.87,20.81,20.63,24.19,21.13,21.02,21.06,20.36,23.32,20.98,22.02,0.91,0.0,0.339,0.644,0.0,0.0,0.0,0.0,0.0,0.0,0.0,0.426,0.0,0.0,0.0,0.0,1.0,36.0,21.0,23.0,235.13,1777.21,0.0,0.0,0.0,0.0,0.0,0.0,0.0,193.68,0.0,0.0,0.0,0.0,486.14,23.59,26.75,36.0,36.0,36.0,36.0,36.0,36.0,36.0,21.88,36.0,36.0,36.0,36.0,23.99,0.004532,0.045962,0.0,0.0,0.0,0.0,0.0,0.0,0.0,0.003281,0.0,0.0,0.0,0.0,0.009687
2020-01-10 20:15:00,20.63,21.01,20.93,21.46,20.96,20.76,20.74,23.98,21.22,21.06,21.07,20.47,23.23,21.06,22.07,0.81,0.0,1.0,1.0,1.0,1.0,1.0,1.0,1.0,0.0,1.0,1.0,1.0,1.0,0.319,1.0,1.0,36.0,21.0,23.0,560.66,2323.52,874.91,1673.57,426.86,259.05,2270.32,0.0,2104.22,443.35,302.5,2425.26,301.56,2228.41,483.49,25.96,28.21,28.98,26.85,22.66,21.98,24.58,36.0,24.84,22.22,22.47,24.49,25.57,24.87,24.06,0.013364,0.071395,0.029804,0.043751,0.007653,0.004419,0.047544,0.0,0.045088,0.007697,0.00535,0.050389,0.006916,0.047883,0.009687
2020-01-10 20:30:00,21.02,21.29,21.51,22.21,21.2,20.97,21.17,23.75,21.56,21.15,21.2,20.95,23.21,21.44,22.14,0.7,0.0,1.0,1.0,1.0,1.0,1.0,1.0,1.0,0.0,1.0,1.0,1.0,1.0,0.319,1.0,1.0,36.0,21.0,23.0,555.57,2295.04,885.49,1674.09,426.76,251.08,2038.17,0.0,1900.67,434.62,291.55,2163.41,291.85,2000.87,481.0,26.05,28.31,28.89,26.85,22.66,22.41,25.74,36.0,25.92,22.49,22.96,25.73,25.9,26.0,24.12,0.013364,0.071395,0.029804,0.043751,0.007653,0.004419,0.047544,0.0,0.045088,0.007697,0.00535,0.050389,0.006916,0.047883,0.009687
2020-01-10 20:45:00,21.21,21.42,21.69,22.42,21.37,21.24,21.6,23.53,21.92,21.24,21.33,21.41,23.2,21.84,22.2,0.59,0.0,1.0,1.0,1.0,1.0,1.0,1.0,1.0,0.0,1.0,1.0,1.0,1.0,0.319,1.0,1.0,36.0,21.0,23.0,544.41,2253.77,864.95,1638.36,423.07,245.44,1904.52,0.0,1783.63,428.4,284.28,2012.47,286.8,1870.27,478.6,26.25,28.45,29.06,27.04,22.77,22.71,26.42,36.0,26.54,22.68,23.29,26.45,26.08,26.66,24.18,0.013364,0.071395,0.029804,0.043751,0.007653,0.004419,0.047544,0.0,0.045088,0.007697,0.00535,0.050389,0.006916,0.047883,0.009687
2020-01-10 21:00:00,21.3,21.43,21.71,22.5,21.5,21.41,21.83,23.31,22.19,21.33,21.45,21.69,23.17,22.14,22.26,0.48,0.0,1.0,1.0,1.0,1.0,1.0,1.0,1.0,0.0,1.0,1.0,1.0,1.0,0.319,1.0,1.0,36.0,21.0,23.0,529.32,2155.12,824.6,1588.87,419.5,241.16,1820.76,0.0,1710.11,423.69,279.09,1918.45,284.14,1788.31,476.39,26.52,28.78,29.38,27.31,22.89,22.94,26.84,36.0,26.93,22.83,23.52,26.89,26.17,27.07,24.24,0.013364,0.071395,0.029804,0.043751,0.007653,0.004419,0.047544,0.0,0.045088,0.007697,0.00535,0.050389,0.006916,0.047883,0.009687
2020-01-10 21:15:00,20.59,21.47,21.04,22.48,21.41,21.51,21.96,23.14,22.05,21.38,21.53,21.85,23.17,22.01,22.31,0.37,0.0,0.0,1.0,0.0,1.0,0.0,0.0,1.0,0.0,0.0,1.0,1.0,1.0,0.449,0.0,1.0,36.0,21.0,23.0,0.0,2224.06,0.0,1620.3,0.0,0.0,1763.52,0.0,0.0,419.78,275.01,1852.82,387.73,0.0,474.11,36.0,28.55,36.0,27.14,36.0,36.0,27.13,36.0,36.0,22.95,23.7,27.2,26.47,36.0,24.29,0.0,0.071395,0.0,0.043751,0.0,0.0,0.047544,0.0,0.0,0.007697,0.00535,0.050389,0.009732,0.0,0.009687
2020-01-10 21:30:00,20.32,21.48,20.85,22.42,21.37,21.46,22.08,22.94,21.73,21.45,21.62,22.01,23.2,21.69,22.37,0.26,0.0,0.0,1.0,0.0,1.0,0.0,0.0,1.0,0.0,0.0,1.0,1.0,1.0,0.449,0.0,1.0,36.0,21.0,23.0,0.0,2213.61,0.0,1616.23,0.0,0.0,1724.41,0.0,0.0,416.58,271.85,1807.81,379.4,0.0,472.0,36.0,28.58,36.0,27.16,36.0,36.0,27.32,36.0,36.0,23.05,23.84,27.42,26.67,36.0,24.34,0.0,0.071395,0.0,0.043751,0.0,0.0,0.047544,0.0,0.0,0.007697,0.00535,0.050389,0.009732,0.0,0.009687
2020-01-10 21:45:00,20.23,21.5,20.81,22.43,21.33,21.41,22.18,22.75,21.4,21.52,21.71,22.12,23.23,21.33,22.42,0.15,0.0,0.0,1.0,0.0,1.0,0.0,0.0,1.0,0.0,0.0,1.0,1.0,1.0,0.449,0.0,1.0,36.0,21.0,23.0,0.0,2201.1,0.0,1610.44,0.0,0.0,1694.88,0.0,0.0,413.8,269.22,1774.0,374.51,0.0,469.93,36.0,28.62,36.0,27.19,36.0,36.0,27.47,36.0,36.0,23.14,23.96,27.58,26.79,36.0,24.39,0.0,0.071395,0.0,0.043751,0.0,0.0,0.047544,0.0,0.0,0.007697,0.00535,0.050389,0.009732,0.0,0.009687
2020-01-10 22:00:00,20.18,21.48,20.77,22.44,21.31,21.38,22.26,22.56,21.09,21.59,21.79,22.21,23.24,20.97,22.48,0.04,0.0,0.0,1.0,0.0,1.0,0.0,0.0,1.0,0.0,0.0,1.0,1.0,1.0,0.449,0.0,1.0,36.0,21.0,23.0,0.0,2107.66,0.0,1565.57,0.0,0.0,1672.54,0.0,0.0,411.38,267.04,1748.8,371.57,0.0,468.02,36.0,28.94,36.0,27.44,36.0,36.0,27.58,36.0,36.0,23.21,24.06,27.7,26.87,36.0,24.44,0.0,0.071395,0.0,0.043751,0.0,0.0,0.047544,0.0,0.0,0.007697,0.00535,0.050389,0.009732,0.0,0.009687
2020-01-10 22:15:00,20.74,21.57,21.31,22.53,21.32,21.37,22.32,22.39,21.22,21.64,21.85,22.26,23.14,21.12,22.53,-0.06,0.0,1.0,1.0,1.0,1.0,0.0,0.0,1.0,0.0,1.0,1.0,1.0,1.0,0.22,1.0,1.0,36.0,21.0,23.0,534.92,2177.11,845.39,1598.17,0.0,0.0,1653.67,0.0,2109.3,409.08,265.02,1727.68,190.61,2231.59,466.04,26.42,28.7,29.21,27.26,36.0,36.0,27.68,36.0,24.81,23.28,24.15,27.8,26.46,24.85,24.49,0.013364,0.071395,0.029804,0.043751,0.0,0.0,0.047544,0.0,0.045088,0.007697,0.00535,0.050389,0.004779,0.047883,0.009687
2020-01-10 22:30:00,21.18,21.68,21.72,22.72,21.36,21.43,22.39,22.2,21.58,21.7,21.92,22.33,22.96,21.52,22.58,-0.16,0.0,1.0,1.0,1.0,1.0,0.0,0.0,1.0,0.0,1.0,1.0,1.0,1.0,0.22,1.0,1.0,36.0,21.0,23.0,535.98,2161.23,861.45,1586.06,0.0,0.0,1638.19,0.0,1905.33,406.99,263.25,1710.97,197.38,2003.25,464.15,26.41,28.76,29.09,27.33,36.0,36.0,27.76,36.0,25.89,23.35,24.23,27.88,26.12,25.99,24.54,0.013364,0.071395,0.029804,0.043751,0.0,0.0,0.047544,0.0,0.045088,0.007697,0.00535,0.050389,0.004779,0.047883,0.009687
2020-01-10 22:45:00,21.31,21.74,21.82,22.81,21.42,21.52,22.46,22.02,21.89,21.75,21.99,22.41,22.8,21.88,22.63,-0.27,0.0,1.0,1.0,1.0,1.0,0.0,0.0,1.0,0.0,1.0,1.0,1.0,1.0,0.22,1.0,1.0,36.0,21.0,23.0,530.3,2149.89,852.78,1576.92,0.0,0.0,1624.53,0.0,1788.73,405.03,261.63,1696.17,202.29,1872.51,462.33,26.51,28.8,29.15,27.38,36.0,36.0,27.83,36.0,26.51,23.41,24.3,27.95,25.87,26.64,24.58,0.013364,0.071395,0.029804,0.043751,0.0,0.0,0.047544,0.0,0.045088,0.007697,0.00535,0.050389,0.004779,0.047883,0.009687
2020-01-10 23:00:00,21.38,21.72,21.83,22.83,21.47,21.57,22.53,21.82,22.11,21.82,22.06,22.48,22.64,22.11,22.68,-0.37,0.0,1.0,1.0,1.0,1.0,0.0,0.0,1.0,0.0,1.0,1.0,1.0,1.0,0.22,1.0,1.0,36.0,21.0,23.0,516.69,2061.5,814.3,1532.47,0.0,0.0,1612.64,0.0,1716.17,403.23,260.16,1683.37,206.07,1791.36,460.62,26.75,29.09,29.46,27.62,36.0,36.0,27.89,36.0,26.89,23.47,24.37,28.01,25.68,27.05,24.62,0.013364,0.071395,0.029804,0.043751,0.0,0.0,0.047544,0.0,0.045088,0.007697,0.00535,0.050389,0.004779,0.047883,0.009687
2020-01-10 23:15:00,20.69,21.73,21.16,22.77,21.53,21.67,22.57,21.67,22.2,21.86,22.11,22.53,22.77,22.22,22.63,-0.47,0.0,0.0,1.0,0.0,1.0,0.0,0.0,1.0,0.0,1.0,1.0,1.0,1.0,0.924,1.0,0.0,36.0,21.0,23.0,0.0,2136.22,0.0,1568.8,0.0,0.0,1601.61,0.0,1666.2,401.41,258.7,1671.37,761.99,1735.24,0.0,36.0,28.84,36.0,27.42,36.0,36.0,27.94,36.0,27.16,23.52,24.43,28.06,26.9,27.33,36.0,0.0,0.071395,0.0,0.043751,0.0,0.0,0.047544,0.0,0.045088,0.007697,0.00535,0.050389,0.020035,0.047883,0.0
2020-01-10 23:30:00,20.42,21.66,20.95,22.63,21.55,21.69,22.63,21.47,22.32,21.92,22.18,22.59,23.09,22.35,22.49,-0.58,0.0,0.0,1.0,0.0,1.0,0.0,0.0,1.0,0.0,1.0,1.0,1.0,1.0,0.924,1.0,0.0,36.0,21.0,23.0,0.0,2053.95,0.0,1530.46,0.0,0.0,1592.13,0.0,1633.08,399.76,257.41,1661.34,693.67,1698.37,0.0,36.0,29.12,36.0,27.63,36.0,36.0,27.99,36.0,27.33,23.57,24.49,28.11,27.72,27.51,36.0,0.0,0.071395,0.0,0.043751,0.0,0.0,0.047544,0.0,0.045088,0.007697,0.00535,0.050389,0.020035,0.047883,0.0
2020-01-10 23:45:00,20.32,21.63,20.89,22.58,21.59,21.74,22.66,21.29,22.39,21.97,22.24,22.62,23.33,22.42,22.37,-0.68,0.0,0.0,1.0,0.0,1.0,0.0,0.0,1.0,0.0,1.0,1.0,1.0,1.0,0.924,1.0,0.0,36.0,21.0,23.0,0.0,2050.06,0.0,1529.26,0.0,0.0,1583.62,0.0,1608.31,398.13,256.14,1652.41,654.64,1670.98,0.0,36.0,29.13,36.0,27.64,36.0,36.0,28.03,36.0,27.47,23.62,24.55,28.15,28.18,27.65,36.0,0.0,0.071395,0.0,0.043751,0.0,0.0,0.047544,0.0,0.045088,0.007697,0.00535,0.050389,0.020035,0.047883,0.0
2020-01-11 00:00:00,20.25,21.63,20.82,22.58,21.61,21.76,22.71,21.13,22.46,22.02,22.3,22.67,23.5,22.5,22.26,-0.76,0.0,0.0,1.0,0.0,1.0,0.0,0.0,1.0,0.0,1.0,1.0,1.0,1.0,0.924,1.0,0.0,36.0,21.0,23.0,0.0,2047.53,0.0,1528.03,0.0,0.0,1576.15,0.0,1589.46,396.54,254.92,1644.7,630.03,1650.45,0.0,36.0,29.14,36.0,27.64,36.0,36.0,28.07,36.0,27.57,23.67,24.6,28.19,28.48,27.75,36.0,0.0,0.071395,0.0,0.043751,0.0,0.0,0.047544,0.0,0.045088,0.007697,0.00535,0.050389,0.020035,0.047883,0.0
2020-01-11 00:15:00,20.77,21.71,21.2,21.87,21.58,21.81,22.53,21.07,22.3,22.06,22.34,22.71,23.31,22.55,22.26,-0.84,0.0,1.0,1.0,1.0,0.0,0.0,0.0,0.0,0.174,0.0,1.0,1.0,1.0,0.0,1.0,1.0,36.0,21.0,23.0,525.81,2118.95,843.03,0.0,0.0,0.0,0.0,198.46,0.0,394.94,253.71,1636.76,0.0,1633.11,505.91,26.59,28.9,29.23,36.0,36.0,36.0,36.0,22.76,36.0,23.72,24.66,28.23,36.0,27.84,23.51,0.013364,0.071395,0.029804,0.0,0.0,0.0,0.0,0.003587,0.0,0.007697,0.00535,0.050389,0.0,0.047883,0.009687
2020-01-11 00:30:00,21.12,21.77,21.42,21.49,21.44,21.85,22.15,21.03,21.93,22.12,22.4,22.76,22.85,22.62,22.34,-0.92,0.0,1.0,1.0,1.0,0.0,0.0,0.0,0.0,0.174,0.0,1.0,1.0,1.0,0.0,1.0,1.0,36.0,21.0,23.0,531.1,2115.1,867.88,0.0,0.0,0.0,0.0,194.94,0.0,393.45,252.59,1629.63,0.0,1619.13,491.8,26.49,28.91,29.03,36.0,36.0,36.0,36.0,23.0,36.0,23.77,24.71,28.26,36.0,27.91,23.85,0.013364,0.071395,0.029804,0.0,0.0,0.0,0.0,0.003587,0.0,0.007697,0.00535,0.050389,0.0,0.047883,0.009687
2020-01-11 00:45:00,21.21,21.81,21.43,21.33,21.25,21.88,21.76,20.98,21.54,22.17,22.45,22.8,22.43,22.68,22.43,-1.0,0.0,1.0,1.0,1.0,0.0,0.0,0.0,0.0,0.174,0.0,1.0,1.0,1.0,0.0,1.0,1.0,36.0,21.0,23.0,525.92,2108.49,862.07,0.0,0.0,0.0,0.0,193.1,0.0,391.98,251.5,1622.98,0.0,1607.02,482.56,26.59,28.93,29.08,36.0,36.0,36.0,36.0,23.12,36.0,23.82,24.75,28.29,36.0,27.97,24.08,0.013364,0.071395,0.029804,0.0,0.0,0.0,0.0,0.003587,0.0,0.007697,0.00535,0.050389,0.0,0.047883,0.009687
2020-01-11 01:00:00,21.27,21.78,21.42,21.15,21.09,21.89,21.41,20.94,21.22,22.22,22.51,22.83,22.11,22.73,22.52,-1.06,0.0,1.0,1.0,1.0,0.0,0.0,0.0,0.0,0.174,0.0,1.0,1.0,1.0,0.0,1.0,1.0,36.0,21.0,23.0,513.0,2025.02,824.58,0.0,0.0,0.0,0.0,192.15,0.0,390.59,250.49,1617.03,0.0,1596.87,475.98,26.82,29.21,29.38,36.0,36.0,36.0,36.0,23.18,36.0,23.86,24.8,28.32,36.0,28.02,24.25,0.013364,0.071395,0.029804,0.0,0.0,0.0,0.0,0.003587,0.0,0.007697,0.00535,0.050389,0.0,0.047883,0.009687
2020-01-11 01:15:00,20.57,21.73,20.65,21.11,20.99,21.83,21.48,21.03,21.29,22.25,22.55,22.61,21.89,22.52,22.48,-1.11,0.0,0.0,1.0,0.0,0.135,0.0,0.0,1.0,0.548,1.0,1.0,1.0,0.0,0.0,0.0,0.0,36.0,21.0,23.0,0.0,2104.54,0.0,308.62,0.0,0.0,2100.15,561.92,2060.28,389.14,249.44,0.0,0.0,0.0,0.0,36.0,28.95,36.0,23.51,36.0,36.0,25.43,24.14,25.07,23.9,24.85,36.0,36.0,36.0,36.0,0.0,0.071395,0.0,0.00591,0.0,0.0,0.047544,0.011332,0.045088,0.007697,0.00535,0.0,0.0,0.0,0.0
2020-01-11 01:30:00,20.27,21.66,20.42,20.97,21.02,21.64,21.75,21.23,21.57,22.3,22.6,22.18,21.62,22.11,22.38,-1.17,0.0,0.0,1.0,0.0,0.135,0.0,0.0,1.0,0.548,1.0,1.0,1.0,0.0,0.0,0.0,0.0,36.0,21.0,23.0,0.0,2106.48,0.0,314.54,0.0,0.0,1899.42,529.54,1870.17,387.78,248.47,0.0,0.0,0.0,0.0,36.0,28.94,36.0,23.27,36.0,36.0,26.44,24.82,26.08,23.95,24.89,36.0,36.0,36.0,36.0,0.0,0.071395,0.0,0.00591,0.0,0.0,0.047544,0.011332,0.045088,0.007697,0.00535,0.0,0.0,0.0,0.0
2020-01-11 01:45:00,20.16,21.63,20.33,20.82,21.15,21.37,22.04,21.41,21.86,22.35,22.65,21.74,21.37,21.66,22.26,-1.23,0.0,0.0,1.0,0.0,0.135,0.0,0.0,1.0,0.548,1.0,1.0,1.0,0.0,0.0,0.0,0.0,36.0,21.0,23.0,0.0,2106.57,0.0,319.83,0.0,0.0,1788.8,509.4,1763.25,386.43,247.5,0.0,0.0,0.0,0.0,36.0,28.94,36.0,23.05,36.0,36.0,27.0,25.25,26.64,23.99,24.93,36.0,36.0,36.0,36.0,0.0,0.071395,0.0,0.00591,0.0,0.0,0.047544,0.011332,0.045088,0.007697,0.00535,0.0,0.0,0.0,0.0
2020-01-11 02:00:00,20.06,21.61,20.25,20.68,21.26,21.12,22.22,21.53,22.06,22.4,22.7,21.35,21.15,21.3,22.15,-1.29,0.0,0.0,1.0,0.0,0.135,0.0,0.0,1.0,0.548,1.0,1.0,1.0,0.0,0.0,0.0,0.0,36.0,21.0,23.0,0.0,2105.78,0.0,325.19,0.0,0.0,1720.81,495.98,1696.4,385.11,246.57,0.0,0.0,0.0,0.0,36.0,28.94,36.0,22.84,36.0,36.0,27.34,25.53,27.0,24.03,24.97,36.0,36.0,36.0,36.0,0.0,0.071395,0.0,0.00591,0.0,0.0,0.047544,0.011332,0.045088,0.007697,0.00535,0.0,0.0,0.0,0.0
2020-01-11 02:15:00,20.62,21.67,20.87,21.29,21.29,21.0,22.08,21.38,22.13,22.44,22.74,21.38,21.11,21.33,22.14,-1.35,0.0,1.0,1.0,1.0,1.0,0.0,0.022,0.0,0.0,0.838,1.0,1.0,1.0,0.353,1.0,1.0,36.0,21.0,23.0,531.3,2102.54,870.28,1767.72,0.0,6.14,0.0,0.0,1419.86,383.81,245.67,2207.43,394.69,2137.25,513.13,26.49,28.95,29.01,26.33,36.0,20.88,36.0,36.0,27.01,24.07,25.02,25.52,23.67,25.32,23.33,0.013364,0.071395,0.029804,0.043751,0.0,9.7e-05,0.0,0.0,0.037794,0.007697,0.00535,0.050389,0.007656,0.047883,0.009687
2020-01-11 02:30:00,21.0,21.77,21.29,21.86,21.24,21.09,21.72,21.07,22.16,22.48,22.78,21.68,21.18,21.62,22.22,-1.42,0.0,1.0,1.0,1.0,1.0,0.0,0.022,0.0,0.0,0.838,1.0,1.0,1.0,0.353,1.0,1.0,36.0,21.0,23.0,541.42,2096.34,904.6,1784.34,0.0,6.15,0.0,0.0,1418.89,382.54,244.79,1987.31,378.15,1933.0,498.09,26.31,28.98,28.74,26.24,36.0,20.86,36.0,36.0,27.02,24.11,25.05,26.56,24.18,26.34,23.7,0.013364,0.071395,0.029804,0.043751,0.0,9.7e-05,0.0,0.0,0.037794,0.007697,0.00535,0.050389,0.007656,0.047883,0.009687
2020-01-11 02:45:00,21.09,21.82,21.37,21.99,21.15,21.28,21.34,20.79,22.16,22.53,22.83,22.0,21.25,21.94,22.33,-1.48,0.0,1.0,1.0,1.0,1.0,0.0,0.022,0.0,0.0,0.838,1.0,1.0,1.0,0.353,1.0,1.0,36.0,21.0,23.0,542.58,2090.69,910.47,1773.79,0.0,6.16,0.0,0.0,1415.33,381.29,243.93,1866.58,368.49,1819.26,488.14,26.29,28.99,28.69,26.3,36.0,20.84,36.0,36.0,27.04,24.15,25.09,27.14,24.49,26.91,23.95,0.013364,0.071395,0.029804,0.043751,0.0,9.7e-05,0.0,0.0,0.037794,0.007697,0.00535,0.050389,0.007656,0.047883,0.009687
2020-01-11 03:00:00,21.11,21.79,21.35,22.0,21.09,21.38,21.04,20.55,22.17,22.57,22.87,22.22,21.3,22.17,22.42,-1.5,0.0,1.0,1.0,1.0,1.0,0.0,0.022,0.0,0.0,0.838,1.0,1.0,1.0,0.353,1.0,1.0,36.0,21.0,23.0,535.44,2009.06,884.93,1730.63,0.0,6.17,0.0,0.0,1411.33,380.09,243.12,1793.93,362.55,1749.78,481.0,26.41,29.27,28.9,26.54,36.0,20.83,36.0,36.0,27.07,24.19,25.13,27.48,24.67,27.26,24.12,0.013364,0.071395,0.029804,0.043751,0.0,9.7e-05,0.0,0.0,0.037794,0.007697,0.00535,0.050389,0.007656,0.047883,0.009687
2020-01-11 03:15:00,20.89,21.75,20.6,21.7,21.08,21.47,21.15,20.75,22.21,22.59,22.91,22.05,21.16,22.27,22.39,-1.53,0.0,0.729,1.0,0.0,0.651,0.0,0.0,1.0,1.0,1.0,0.682,1.0,0.0,0.0,1.0,0.0,36.0,21.0,23.0,434.34,2087.93,0.0,1298.01,0.0,0.0,2181.98,979.91,1637.97,261.51,242.28,0.0,0.0,1702.3,0.0,25.33,29.0,36.0,25.11,36.0,36.0,25.02,24.66,27.31,24.08,25.17,36.0,36.0,27.49,36.0,0.009739,0.071395,0.0,0.028503,0.0,0.0,0.047544,0.020669,0.045088,0.005247,0.00535,0.0,0.0,0.047883,0.0
2020-01-11 03:30:00,20.73,21.68,20.37,21.42,21.11,21.42,21.51,21.25,22.29,22.59,22.95,21.68,20.9,22.36,22.29,-1.55,0.0,0.729,1.0,0.0,0.651,0.0,0.0,1.0,1.0,1.0,0.682,1.0,0.0,0.0,1.0,0.0,36.0,21.0,23.0,438.83,2091.6,0.0,1303.52,0.0,0.0,1964.13,858.37,1604.88,263.32,241.48,0.0,0.0,1671.35,0.0,25.22,28.99,36.0,25.06,36.0,36.0,26.12,26.06,27.48,23.99,25.2,36.0,36.0,27.65,36.0,0.009739,0.071395,0.0,0.028503,0.0,0.0,0.047544,0.020669,0.045088,0.005247,0.00535,0.0,0.0,0.047883,0.0
2020-01-11 03:45:00,20.65,21.64,20.24,21.33,21.18,21.37,21.84,21.71,22.37,22.59,22.99,21.27,20.62,22.41,22.17,-1.58,0.0,0.729,1.0,0.0,0.651,0.0,0.0,1.0,1.0,1.0,0.682,1.0,0.0,0.0,1.0,0.0,36.0,21.0,23.0,444.35,2093.37,0.0,1312.15,0.0,0.0,1841.41,790.08,1583.12,264.39,240.7,0.0,0.0,1649.32,0.0,25.09,28.99,36.0,24.99,36.0,36.0,26.73,26.86,27.6,23.95,25.24,36.0,36.0,27.76,36.0,0.009739,0.071395,0.0,0.028503,0.0,0.0,0.047544,0.020669,0.045088,0.005247,0.00535,0.0,0.0,0.047883,0.0
2020-01-11 04:00:00,20.62,21.61,20.16,21.3,21.25,21.32,22.04,22.02,22.44,22.6,23.03,20.92,20.4,22.45,22.06,-1.61,0.0,0.729,1.0,0.0,0.651,0.0,0.0,1.0,1.0,1.0,0.682,1.0,0.0,0.0,1.0,0.0,36.0,21.0,23.0,442.17,2094.41,0.0,1306.17,0.0,0.0,1764.95,747.33,1567.26,265.05,239.93,0.0,0.0,1633.14,0.0,25.14,28.98,36.0,25.04,36.0,36.0,27.12,27.35,27.68,23.92,25.27,36.0,36.0,27.84,36.0,0.009739,0.071395,0.0,0.028503,0.0,0.0,0.047544,0.020669,0.045088,0.005247,0.00535,0.0,0.0,0.047883,0.0
2020-01-11 04:15:00,20.83,21.66,20.69,21.62,21.41,21.31,22.18,21.88,22.5,22.55,23.0,21.02,20.65,22.47,22.06,-1.64,0.0,1.0,1.0,1.0,1.0,1.0,0.0,1.0,0.0,1.0,0.0,0.299,1.0,1.0,1.0,1.0,36.0,21.0,23.0,559.05,2094.87,971.45,1780.88,438.02,0.0,1715.23,0.0,1555.04,0.0,74.38,2310.19,1035.87,1620.74,517.0,25.99,28.98,28.2,26.26,22.31,36.0,27.37,36.0,27.75,36.0,24.86,25.03,24.57,27.9,23.23,0.013364,0.071395,0.029804,0.043751,0.007653,0.0,0.047544,0.0,0.045088,0.0,0.001598,0.050389,0.021689,0.047883,0.009687
2020-01-11 04:30:00,21.02,21.76,21.11,21.91,21.53,21.36,22.29,21.46,22.57,22.48,22.92,21.41,21.2,22.52,22.15,-1.66,0.0,1.0,1.0,1.0,1.0,1.0,0.0,1.0,0.0,1.0,0.0,0.299,1.0,1.0,1.0,1.0,36.0,21.0,23.0,554.37,2087.11,1006.75,1765.93,438.27,0.0,1680.6,0.0,1544.59,0.0,76.58,2068.29,897.49,1610.77,501.63,26.08,29.01,27.92,26.34,22.3,36.0,27.54,36.0,27.8,36.0,24.53,26.18,26.1,27.95,23.61,0.013364,0.071395,0.029804,0.043751,0.007653,0.0,0.047544,0.0,0.045088,0.0,0.001598,0.050389,0.021689,0.047883,0.009687
2020-01-11 04:45:00,21.11,21.81,21.16,22.04,21.6,21.43,22.39,21.06,22.63,22.4,22.84,21.78,21.7,22.56,22.25,-1.69,0.0,1.0,1.0,1.0,1.0,1.0,0.0,1.0,0.0,1.0,0.0,0.299,1.0,1.0,1.0,1.0,36.0,21.0,23.0,548.9,2080.81,1005.44,1746.23,437.13,0.0,1655.23,0.0,1535.62,0.0,78.11,1932.42,820.15,1602.12,491.41,26.17,29.03,27.93,26.45,22.34,36.0,27.67,36.0,27.85,36.0,24.3,26.83,26.95,28.0,23.86,0.013364,0.071395,0.029804,0.043751,0.007653,0.0,0.047544,0.0,0.045088,0.0,0.001598,0.050389,0.021689,0.047883,0.009687
2020-01-11 05:00:00,21.16,21.77,21.15,22.06,21.66,21.48,22.46,20.73,22.67,22.31,22.77,21.98,22.03,22.6,22.35,-1.72,0.0,1.0,1.0,1.0,1.0,1.0,0.0,1.0,0.0,1.0,0.0,0.299,1.0,1.0,1.0,1.0,36.0,21.0,23.0,533.44,2000.66,966.28,1689.62,434.26,0.0,1636.2,0.0,1528.14,0.0,79.25,1849.31,772.91,1594.79,484.06,26.45,29.3,28.24,26.76,22.42,36.0,27.77,36.0,27.89,36.0,24.13,27.22,27.47,28.03,24.05,0.013364,0.071395,0.029804,0.043751,0.007653,0.0,0.047544,0.0,0.045088,0.0,0.001598,0.050389,0.021689,0.047883,0.009687
2020-01-11 05:15:00,20.63,21.72,20.54,21.19,21.54,21.45,22.48,20.88,22.47,22.26,22.69,21.81,21.86,22.38,22.41,-1.75,0.0,0.181,1.0,0.267,0.0,0.0,0.0,1.0,1.0,0.0,0.0,0.0,0.0,0.0,0.0,1.0,36.0,21.0,23.0,126.35,2081.6,397.72,0.0,0.0,0.0,1620.95,945.15,0.0,0.0,0.0,0.0,0.0,0.0,478.24,23.51,29.02,24.05,36.0,36.0,36.0,27.84,25.06,36.0,36.0,36.0,36.0,36.0,36.0,24.19,0.002419,0.071395,0.007961,0.0,0.0,0.0,0.047544,0.020669,0.0,0.0,0.0,0.0,0.0,0.0,0.009687
2020-01-11 05:30:00,20.37,21.63,20.21,20.59,21.47,21.26,22.5,21.29,22.05,22.18,22.57,21.39,21.39,21.94,22.48,-1.78,0.0,0.181,1.0,0.267,0.0,0.0,0.0,1.0,1.0,0.0,0.0,0.0,0.0,0.0,0.0,1.0,36.0,21.0,23.0,125.52,2087.03,399.01,0.0,0.0,0.0,1609.49,836.4,0.0,0.0,0.0,0.0,0.0,0.0,473.74,23.59,29.01,24.01,36.0,36.0,36.0,27.9,26.32,36.0,36.0,36.0,36.0,36.0,36.0,24.3,0.002419,0.071395,0.007961,0.0,0.0,0.0,0.047544,0.020669,0.0,0.0,0.0,0.0,0.0,0.0,0.009687
2020-01-11 05:45:00,20.24,21.57,20.09,20.38,21.38,21.0,22.51,21.69,21.67,22.11,22.46,20.9,20.91,21.49,22.55,-1.81,0.0,0.181,1.0,0.267,0.0,0.0,0.0,1.0,1.0,0.0,0.0,0.0,0.0,0.0,0.0,1.0,36.0,21.0,23.0,126.92,2091.98,399.87,0.0,0.0,0.0,1600.15,776.32,0.0,0.0,0.0,0.0,0.0,0.0,469.98,23.45,28.99,23.98,36.0,36.0,36.0,27.95,27.01,36.0,36.0,36.0,36.0,36.0,36.0,24.39,0.002419,0.071395,0.007961,0.0,0.0,0.0,0.047544,0.020669,0.0,0.0,0.0,0.0,0.0,0.0,0.009687
2020-01-11 06:00:00,20.14,21.55,20.03,20.23,21.31,20.76,22.52,21.96,21.39,22.05,22.36,20.55,20.59,21.14,22.61,-1.82,0.0,0.181,1.0,0.267,0.0,0.0,0.0,1.0,1.0,0.0,0.0,0.0,0.0,0.0,0.0,1.0,36.0,21.0,23.0,128.11,2093.54,399.49,0.0,0.0,0.0,1592.53,739.19,0.0,0.0,0.0,0.0,0.0,0.0,466.74,23.33,28.98,23.99,36.0,36.0,36.0,27.99,27.44,36.0,36.0,36.0,36.0,36.0,36.0,24.47,0.002419,0.071395,0.007961,0.0,0.0,0.0,0.047544,0.020669,0.0,0.0,0.0,0.0,0.0,0.0,0.009687
2020-01-11 06:15:00,20.59,21.6,20.54,20.94,21.38,20.68,22.56,21.81,21.17,21.99,22.27,20.63,20.75,21.18,22.66,-1.84,0.0,1.0,1.0,1.0,1.0,1.0,1.0,1.0,0.0,0.0,0.0,0.0,1.0,1.0,1.0,1.0,36.0,21.0,23.0,551.14,2091.04,1011.7,1783.6,437.11,271.78,1585.62,0.0,0.0,0.0,0.0,2367.18,988.28,2147.0,463.87,26.13,28.99,27.88,26.25,22.34,21.29,28.02,36.0,36.0,36.0,36.0,24.76,25.1,25.27,24.54,0.013364,0.071395,0.029804,0.043751,0.007653,0.004419,0.047544,0.0,0.0,0.0,0.0,0.050389,0.021689,0.047883,0.009687
2020-01-11 06:30:00,20.89,21.69,20.9,21.59,21.45,20.84,22.6,21.39,20.96,21.92,22.17,21.04,21.24,21.48,22.72,-1.85,0.0,1.0,1.0,1.0,1.0,1.0,1.0,1.0,0.0,0.0,0.0,0.0,1.0,1.0,1.0,1.0,36.0,21.0,23.0,557.02,2086.82,1019.13,1816.0,437.82,261.46,1578.96,0.0,0.0,0.0,0.0,2118.04,868.6,1943.06,461.31,26.03,29.01,27.82,26.07,22.31,21.85,28.06,36.0,36.0,36.0,36.0,25.94,26.42,26.29,24.61,0.013364,0.071395,0.029804,0.043751,0.007653,0.004419,0.047544,0.0,0.0,0.0,0.0,0.050389,0.021689,0.047883,0.009687
2020-01-11 06:45:00,20.96,21.75,21.02,21.71,21.45,21.09,22.64,20.98,20.79,21.86,22.07,21.46,21.72,21.81,22.78,-1.87,0.0,1.0,1.0,1.0,1.0,1.0,1.0,1.0,0.0,0.0,0.0,0.0,1.0,1.0,1.0,1.0,36.0,21.0,23.0,556.17,2081.9,1006.62,1811.89,437.04,254.25,1572.49,0.0,0.0,0.0,0.0,1977.16,801.88,1829.18,458.93,26.04,29.02,27.92,26.09,22.34,22.24,28.09,36.0,36.0,36.0,36.0,26.61,27.15,26.86,24.67,0.013364,0.071395,0.029804,0.043751,0.007653,0.004419,0.047544,0.0,0.0,0.0,0.0,0.050389,0.021689,0.047883,0.009687
2020-01-11 07:00:00,20.98,21.71,21.0,21.71,21.46,21.26,22.67,20.66,20.62,21.8,21.97,21.72,22.02,22.06,22.83,-1.89,0.0,1.0,1.0,1.0,1.0,1.0,1.0,1.0,0.0,0.0,0.0,0.0,1.0,1.0,1.0,1.0,36.0,21.0,23.0,545.89,2001.4,959.18,1776.41,434.58,248.77,1566.67,0.0,0.0,0.0,0.0,1890.42,761.49,1759.33,456.8,26.23,29.29,28.3,26.29,22.41,22.53,28.12,36.0,36.0,36.0,36.0,27.02,27.6,27.21,24.72,0.013364,0.071395,0.029804,0.043751,0.007653,0.004419,0.047544,0.0,0.0,0.0,0.0,0.050389,0.021689,0.047883,0.009687
2020-01-11 07:15:00,20.93,21.72,20.8,20.79,21.28,21.31,22.46,20.82,20.74,21.76,21.91,21.58,21.83,21.91,22.79,-1.92,0.0,0.883,1.0,0.753,0.0,0.0,0.0,0.0,1.0,1.0,0.0,0.0,0.0,0.0,0.0,0.0,36.0,21.0,23.0,509.73,2078.78,840.42,0.0,0.0,0.0,0.0,945.39,2238.91,0.0,0.0,0.0,0.0,0.0,0.0,25.67,29.03,27.04,36.0,36.0,36.0,36.0,25.06,24.12,36.0,36.0,36.0,36.0,36.0,36.0,0.011804,0.071395,0.022435,0.0,0.0,0.0,0.0,0.020669,0.045088,0.0,0.0,0.0,0.0,0.0,0.0
2020-01-11 07:30:00,20.9,21.7,20.67,20.14,21.2,21.16,22.03,21.26,21.09,21.69,21.82,21.19,21.37,21.54,22.67,-1.94,0.0,0.883,1.0,0.753,0.0,0.0,0.0,0.0,1.0,1.0,0.0,0.0,0.0,0.0,0.0,0.0,36.0,21.0,23.0,505.91,2080.55,832.25,0.0,0.0,0.0,0.0,836.85,2000.82,0.0,0.0,0.0,0.0,0.0,0.0,25.75,29.03,27.13,36.0,36.0,36.0,36.0,26.31,25.38,36.0,36.0,36.0,36.0,36.0,36.0,0.011804,0.071395,0.022435,0.0,0.0,0.0,0.0,0.020669,0.045088,0.0,0.0,0.0,0.0,0.0,0.0
2020-01-11 07:45:00,20.92,21.7,20.63,19.95,21.1,20.93,21.69,21.69,21.45,21.64,21.73,20.76,20.9,21.11,22.54,-1.97,0.0,0.883,1.0,0.753,0.0,0.0,0.0,0.0,1.0,1.0,0.0,0.0,0.0,0.0,0.0,0.0,36.0,21.0,23.0,502.58,2079.52,826.77,0.0,0.0,0.0,0.0,776.62,1864.44,0.0,0.0,0.0,0.0,0.0,0.0,25.81,29.03,27.18,36.0,36.0,36.0,36.0,27.01,26.11,36.0,36.0,36.0,36.0,36.0,36.0,0.011804,0.071395,0.022435,0.0,0.0,0.0,0.0,0.020669,0.045088,0.0,0.0,0.0,0.0,0.0,0.0
2020-01-11 08:00:00,20.94,21.69,20.61,19.8,21.04,20.71,21.38,21.92,21.65,21.58,21.65,20.38,20.54,20.76,22.43,-1.9,0.0,0.883,1.0,0.753,0.0,0.0,0.0,0.0,1.0,1.0,0.0,0.0,0.0,0.0,0.0,0.0,36.0,21.0,23.0,499.01,2079.99,820.41,0.0,0.0,0.0,0.0,739.63,1778.89,0.0,0.0,0.0,0.0,0.0,0.0,25.89,29.03,27.25,36.0,36.0,36.0,36.0,27.44,26.56,36.0,36.0,36.0,36.0,36.0,36.0,0.011804,0.071395,0.022435,0.0,0.0,0.0,0.0,0.020669,0.045088,0.0,0.0,0.0,0.0,0.0,0.0
2020-01-11 08:15:00,21.05,21.44,20.77,20.46,21.06,20.64,21.15,21.75,21.51,21.53,21.57,20.45,20.66,20.81,22.42,-1.84,6.8,1.0,0.637,1.0,1.0,1.0,1.0,0.0,0.0,0.0,0.0,0.0,1.0,0.926,1.0,1.0,36.0,21.0,23.0,542.73,1557.2,964.0,1887.25,437.39,261.69,0.0,0.0,0.0,0.0,0.0,2402.01,926.4,2236.8,500.55,26.28,27.81,28.26,25.68,22.33,21.83,36.0,36.0,36.0,36.0,36.0,24.6,24.96,24.82,23.64,0.013364,0.0455,0.029804,0.043751,0.007653,0.004419,0.0,0.0,0.0,0.0,0.0,0.050389,0.020076,0.047883,0.009687
2020-01-11 08:30:00,21.18,21.51,21.07,21.17,21.11,20.83,21.01,21.47,21.18,21.48,21.5,20.96,21.27,21.16,22.49,-1.77,67.7,1.0,0.637,1.0,1.0,1.0,1.0,0.0,0.0,0.0,0.0,0.0,1.0,0.926,1.0,1.0,36.0,21.0,23.0,537.92,1493.99,911.17,1911.46,439.8,253.55,0.0,0.0,0.0,0.0,0.0,2124.12,811.07,2012.3,486.44,26.37,28.14,28.69,25.55,22.25,22.27,36.0,36.0,36.0,36.0,36.0,25.92,26.34,25.95,23.99,0.013364,0.0455,0.029804,0.043751,0.007653,0.004419,0.0,0.0,0.0,0.0,0.0,0.050389,0.020076,0.047883,0.009687
2020-01-11 08:45:00,21.3,21.7,21.37,21.35,21.09,21.11,20.95,21.32,20.84,21.42,21.42,21.55,22.0,21.55,22.59,-1.71,128.6,1.0,0.637,1.0,1.0,1.0,1.0,0.0,0.0,0.0,0.0,0.0,1.0,0.926,1.0,1.0,36.0,21.0,23.0,532.39,1444.5,853.09,1897.74,439.32,247.83,0.0,0.0,0.0,0.0,0.0,1938.7,728.15,1883.25,477.17,26.47,28.41,29.15,25.62,22.27,22.58,36.0,36.0,36.0,36.0,36.0,26.8,27.32,26.59,24.22,0.013364,0.0455,0.029804,0.043751,0.007653,0.004419,0.0,0.0,0.0,0.0,0.0,0.050389,0.020076,0.047883,0.009687
2020-01-11 09:00:00,21.43,21.93,21.69,21.47,21.05,21.39,20.98,21.41,20.62,21.37,21.34,22.06,22.69,21.86,22.67,-1.33,189.5,1.0,0.637,1.0,1.0,1.0,1.0,0.0,0.0,0.0,0.0,0.0,1.0,0.926,1.0,1.0,36.0,21.0,23.0,526.75,1399.24,793.41,1892.01,439.25,243.33,0.0,0.0,0.0,0.0,0.0,1798.94,658.01,1798.32,470.45,26.57,28.64,29.63,25.65,22.27,22.83,36.0,36.0,36.0,36.0,36.0,27.46,28.16,27.02,24.38,0.013364,0.0455,0.029804,0.043751,0.007653,0.004419,0.0,0.0,0.0,0.0,0.0,0.050389,0.020076,0.047883,0.009687
2020-01-11 09:15:00,20.83,21.4,21.08,20.64,21.03,21.5,21.18,21.64,20.74,21.32,21.27,22.22,23.07,21.82,22.65,-0.95,250.4,0.0,0.0,0.0,0.0,0.809,0.0,0.414,0.0,1.0,0.0,0.0,0.0,0.0,0.0,0.0,36.0,21.0,23.0,0.0,0.0,0.0,0.0,360.31,0.0,990.93,0.0,2172.56,0.0,0.0,0.0,0.0,0.0,0.0,36.0,36.0,36.0,36.0,22.08,36.0,23.97,36.0,24.47,36.0,36.0,36.0,36.0,36.0,36.0,0.0,0.0,0.0,0.0,0.006191,0.0,0.019706,0.0,0.045088,0.0,0.0,0.0,0.0,0.0,0.0
2020-01-11 09:30:00,20.53,21.13,20.81,20.08,21.11,21.44,21.48,21.9,21.15,21.26,21.19,22.09,23.21,21.52,22.55,-0.57,260.8,0.0,0.0,0.0,0.0,0.809,0.0,0.414,0.0,1.0,0.0,0.0,0.0,0.0,0.0,0.0,36.0,21.0,23.0,0.0,0.0,0.0,0.0,358.43,0.0,929.74,0.0,1955.67,0.0,0.0,0.0,0.0,0.0,0.0,36.0,36.0,36.0,36.0,22.15,36.0,24.71,36.0,25.62,36.0,36.0,36.0,36.0,36.0,36.0,0.0,0.0,0.0,0.0,0.006191,0.0,0.019706,0.0,0.045088,0.0,0.0,0.0,0.0,0.0,0.0
2020-01-11 09:45:00,20.46,21.07,20.84,20.05,21.24,21.3,21.73,22.16,21.59,21.21,21.11,21.89,23.3,21.17,22.43,-0.18,271.2,0.0,0.0,0.0,0.0,0.809,0.0,0.414,0.0,1.0,0.0,0.0,0.0,0.0,0.0,0.0,36.0,21.0,23.0,0.0,0.0,0.0,0.0,356.27,0.0,891.99,0.0,1827.23,0.0,0.0,0.0,0.0,0.0,0.0,36.0,36.0,36.0,36.0,22.23,36.0,25.17,36.0,26.3,36.0,36.0,36.0,36.0,36.0,36.0,0.0,0.0,0.0,0.0,0.006191,0.0,0.019706,0.0,0.045088,0.0,0.0,0.0,0.0,0.0,0.0
2020-01-11 10:00:00,20.41,21.01,20.94,20.08,21.36,21.2,21.94,22.45,21.92,21.15,21.03,21.67,23.44,20.91,22.31,0.09,281.7,0.0,0.0,0.0,0.0,0.809,0.0,0.414,0.0,1.0,0.0,0.0,0.0,0.0,0.0,0.0,36.0,21.0,23.0,0.0,0.0,0.0,0.0,353.02,0.0,868.32,0.0,1743.88,0.0,0.0,0.0,0.0,0.0,0.0,36.0,36.0,36.0,36.0,22.36,36.0,25.46,36.0,26.75,36.0,36.0,36.0,36.0,36.0,36.0,0.0,0.0,0.0,0.0,0.006191,0.0,0.019706,0.0,0.045088,0.0,0.0,0.0,0.0,0.0,0.0
2020-01-11 10:15:00,20.97,21.42,21.3,20.9,21.3,21.08,21.91,22.66,21.85,21.12,21.02,21.55,23.58,21.03,22.24,0.37,292.1,1.0,0.36,0.076,1.0,0.0,0.0,0.0,0.0,0.0,0.0,0.43,0.0,0.0,0.793,0.0,36.0,21.0,23.0,520.88,931.92,81.8,1763.78,0.0,0.0,0.0,0.0,0.0,0.0,137.95,0.0,0.0,1819.24,0.0,26.68,27.32,27.35,26.36,36.0,36.0,36.0,36.0,36.0,36.0,21.66,36.0,36.0,24.55,36.0,0.013364,0.02568,0.002262,0.043751,0.0,0.0,0.0,0.0,0.0,0.0,0.002302,0.0,0.0,0.037995,0.0
2020-01-11 10:30:00,21.43,21.66,21.81,21.77,21.24,21.04,21.79,22.98,21.61,21.06,21.03,21.41,23.83,21.36,22.15,0.64,310.2,1.0,0.36,0.076,1.0,0.0,0.0,0.0,0.0,0.0,0.0,0.43,0.0,0.0,0.793,0.0,36.0,21.0,23.0,522.83,944.98,77.72,1748.28,0.0,0.0,0.0,0.0,0.0,0.0,135.7,0.0,0.0,1668.71,0.0,26.64,27.2,27.78,26.44,36.0,36.0,36.0,36.0,36.0,36.0,21.9,36.0,36.0,25.49,36.0,0.013364,0.02568,0.002262,0.043751,0.0,0.0,0.0,0.0,0.0,0.0,0.002302,0.0,0.0,0.037995,0.0
2020-01-11 10:45:00,21.64,21.73,22.12,22.07,21.14,21.08,21.65,23.33,21.32,21.01,21.06,21.29,24.15,21.72,22.05,0.92,328.4,1.0,0.36,0.076,1.0,0.0,0.0,0.0,0.0,0.0,0.0,0.43,0.0,0.0,0.793,0.0,36.0,21.0,23.0,516.66,951.11,73.81,1701.42,0.0,0.0,0.0,0.0,0.0,0.0,134.22,0.0,0.0,1577.39,0.0,26.75,27.14,28.2,26.7,36.0,36.0,36.0,36.0,36.0,36.0,22.05,36.0,36.0,26.07,36.0,0.013364,0.02568,0.002262,0.043751,0.0,0.0,0.0,0.0,0.0,0.0,0.002302,0.0,0.0,0.037995,0.0
2020-01-11 11:00:00,21.8,21.77,22.33,22.29,21.05,21.16,21.52,23.71,21.15,20.96,21.08,21.19,24.5,21.99,21.97,1.2,346.5,1.0,0.36,0.076,1.0,0.0,0.0,0.0,0.0,0.0,0.0,0.43,0.0,0.0,0.793,0.0,36.0,21.0,23.0,512.44,963.03,71.52,1676.21,0.0,0.0,0.0,0.0,0.0,0.0,133.18,0.0,0.0,1514.42,0.0,26.83,27.03,28.44,26.83,36.0,36.0,36.0,36.0,36.0,36.0,22.16,36.0,36.0,26.46,36.0,0.013364,0.02568,0.002262,0.043751,0.0,0.0,0.0,0.0,0.0,0.0,0.002302,0.0,0.0,0.037995,0.0
2020-01-11 11:15:00,21.34,21.32,22.23,21.62,21.02,21.19,21.42,24.08,21.07,20.97,21.05,21.11,24.85,21.96,21.89,1.49,364.7,0.0,0.0,0.0,0.0,0.271,0.0,0.0,0.0,0.094,1.0,0.0,0.069,0.0,0.0,0.0,36.0,21.0,23.0,0.0,0.0,0.0,0.0,124.82,0.0,0.0,0.0,228.53,459.65,0.0,187.47,0.0,0.0,0.0,36.0,36.0,36.0,36.0,21.6,36.0,36.0,36.0,23.13,21.71,36.0,23.02,36.0,36.0,36.0,0.0,0.0,0.0,0.0,0.002074,0.0,0.0,0.0,0.004249,0.007697,0.0,0.003456,0.0,0.0,0.0
2020-01-11 11:30:00,21.19,21.09,22.17,21.27,20.99,21.11,21.31,24.61,21.03,21.06,20.98,21.02,25.38,21.74,21.8,1.77,417.0,0.0,0.0,0.0,0.0,0.271,0.0,0.0,0.0,0.094,1.0,0.0,0.069,0.0,0.0,0.0,36.0,21.0,23.0,0.0,0.0,0.0,0.0,125.38,0.0,0.0,0.0,230.44,446.02,0.0,189.0,0.0,0.0,0.0,36.0,36.0,36.0,36.0,21.54,36.0,36.0,36.0,23.03,22.14,36.0,22.92,36.0,36.0,36.0,0.0,0.0,0.0,0.0,0.002074,0.0,0.0,0.0,0.004249,0.007697,0.0,0.003456,0.0,0.0,0.0
2020-01-11 11:45:00,21.21,21.04,22.3,21.28,20.95,20.98,21.22,25.2,21.01,21.17,20.9,20.94,25.98,21.52,21.73,2.06,469.2,0.0,0.0,0.0,0.0,0.271,0.0,0.0,0.0,0.094,1.0,0.0,0.069,0.0,0.0,0.0,36.0,21.0,23.0,0.0,0.0,0.0,0.0,125.84,0.0,0.0,0.0,232.11,436.66,0.0,190.75,0.0,0.0,0.0,36.0,36.0,36.0,36.0,21.49,36.0,36.0,36.0,22.93,22.43,36.0,22.79,36.0,36.0,36.0,0.0,0.0,0.0,0.0,0.002074,0.0,0.0,0.0,0.004249,0.007697,0.0,0.003456,0.0,0.0,0.0
2020-01-11 12:00:00,21.3,21.04,22.53,21.4,20.91,20.87,21.13,26.0,21.0,21.27,20.82,20.88,26.78,21.36,21.65,2.42,521.5,0.0,0.0,0.0,0.0,0.271,0.0,0.0,0.0,0.094,1.0,0.0,0.069,0.0,0.0,0.0,36.0,21.0,23.0,0.0,0.0,0.0,0.0,126.3,0.0,0.0,0.0,233.25,429.71,0.0,192.31,0.0,0.0,0.0,36.0,36.0,36.0,36.0,21.43,36.0,36.0,36.0,22.87,22.64,36.0,22.69,36.0,36.0,36.0,0.0,0.0,0.0,0.0,0.002074,0.0,0.0,0.0,0.004249,0.007697,0.0,0.003456,0.0,0.0,0.0
2020-01-11 12:15:00,21.43,21.35,22.82,21.59,21.02,20.84,21.07,26.81,21.0,21.29,20.84,21.08,27.6,21.28,21.58,2.77,573.8,0.0,0.193,0.0,0.0,1.0,1.0,0.0,0.0,0.0,0.0,1.0,0.767,0.0,0.0,0.0,36.0,21.0,23.0,0.0,596.73,0.0,0.0,433.5,267.8,0.0,0.0,0.0,0.0,312.39,1902.25,0.0,0.0,0.0,36.0,25.62,36.0,36.0,22.45,21.5,36.0,36.0,36.0,36.0,22.03,24.23,36.0,36.0,36.0,0.0,0.013753,0.0,0.0,0.007653,0.004419,0.0,0.0,0.0,0.0,0.00535,0.038657,0.0,0.0,0.0
2020-01-11 12:30:00,21.61,21.52,23.16,21.88,21.12,20.97,21.01,27.64,21.05,21.23,20.97,21.46,28.44,21.3,21.5,3.13,625.7,0.0,0.193,0.0,0.0,1.0,1.0,0.0,0.0,0.0,0.0,1.0,0.767,0.0,0.0,0.0,36.0,21.0,23.0,0.0,601.34,0.0,0.0,435.2,257.93,0.0,0.0,0.0,0.0,299.66,1723.9,0.0,0.0,0.0,36.0,25.54,36.0,36.0,22.4,22.04,36.0,36.0,36.0,36.0,22.6,25.33,36.0,36.0,36.0,0.0,0.013753,0.0,0.0,0.007653,0.004419,0.0,0.0,0.0,0.0,0.00535,0.038657,0.0,0.0,0.0
2020-01-11 12:45:00,21.81,21.63,23.5,22.18,21.15,21.17,20.96,28.54,21.17,21.16,21.12,21.86,29.37,21.42,21.43,3.49,677.5,0.0,0.193,0.0,0.0,1.0,1.0,0.0,0.0,0.0,0.0,1.0,0.767,0.0,0.0,0.0,36.0,21.0,23.0,0.0,602.29,0.0,0.0,432.96,251.13,0.0,0.0,0.0,0.0,291.15,1614.38,0.0,0.0,0.0,36.0,25.52,36.0,36.0,22.47,22.41,36.0,36.0,36.0,36.0,22.98,26.01,36.0,36.0,36.0,0.0,0.013753,0.0,0.0,0.007653,0.004419,0.0,0.0,0.0,0.0,0.00535,0.038657,0.0,0.0,0.0
2020-01-11 13:00:00,22.02,21.74,23.84,22.54,21.19,21.37,20.91,29.47,21.37,21.09,21.25,22.17,30.33,21.65,21.36,3.78,729.4,0.0,0.193,0.0,0.0,1.0,1.0,0.0,0.0,0.0,0.0,1.0,0.767,0.0,0.0,0.0,36.0,21.0,23.0,0.0,604.38,0.0,0.0,430.99,245.97,0.0,0.0,0.0,0.0,284.94,1540.05,0.0,0.0,0.0,36.0,25.49,36.0,36.0,22.53,22.68,36.0,36.0,36.0,36.0,23.26,26.47,36.0,36.0,36.0,0.0,0.013753,0.0,0.0,0.007653,0.004419,0.0,0.0,0.0,0.0,0.00535,0.038657,0.0,0.0,0.0
2020-01-11 13:15:00,22.21,21.59,24.13,22.95,21.05,21.48,21.04,30.38,21.63,21.03,21.25,22.17,31.27,21.95,21.29,4.08,781.3,0.0,0.0,0.0,0.0,0.0,0.0,0.596,0.0,0.0,0.0,0.0,0.0,0.0,0.0,0.0,36.0,21.0,23.0,0.0,0.0,0.0,0.0,0.0,0.0,1498.35,0.0,0.0,0.0,0.0,0.0,0.0,0.0,0.0,36.0,36.0,36.0,36.0,36.0,36.0,23.36,36.0,36.0,36.0,36.0,36.0,36.0,36.0,36.0,0.0,0.0,0.0,0.0,0.0,0.0,0.028353,0.0,0.0,0.0,0.0,0.0,0.0,0.0,0.0
2020-01-11 13:30:00,22.3,21.57,24.24,23.29,21.09,21.51,21.33,31.12,21.91,20.97,21.16,21.97,31.99,22.27,21.22,4.38,750.1,0.0,0.0,0.0,0.0,0.0,0.0,0.596,0.0,0.0,0.0,0.0,0.0,0.0,0.0,0.0,36.0,21.0,23.0,0.0,0.0,0.0,0.0,0.0,0.0,1382.37,0.0,0.0,0.0,0.0,0.0,0.0,0.0,0.0,36.0,36.0,36.0,36.0,36.0,36.0,24.34,36.0,36.0,36.0,36.0,36.0,36.0,36.0,36.0,0.0,0.0,0.0,0.0,0.0,0.0,0.028353,0.0,0.0,0.0,0.0,0.0,0.0,0.0,0.0
2020-01-11 13:45:00,22.34,21.58,24.32,23.61,21.21,21.55,21.65,31.71,22.25,20.91,21.05,21.74,32.53,22.61,21.14,4.68,718.9,0.0,0.0,0.0,0.0,0.0,0.0,0.596,0.0,0.0,0.0,0.0,0.0,0.0,0.0,0.0,36.0,21.0,23.0,0.0,0.0,0.0,0.0,0.0,0.0,1309.34,0.0,0.0,0.0,0.0,0.0,0.0,0.0,0.0,36.0,36.0,36.0,36.0,36.0,36.0,24.95,36.0,36.0,36.0,36.0,36.0,36.0,36.0,36.0,0.0,0.0,0.0,0.0,0.0,0.0,0.028353,0.0,0.0,0.0,0.0,0.0,0.0,0.0,0.0
2020-01-11 14:00:00,22.35,21.55,24.35,23.89,21.36,21.65,21.89,32.13,22.57,20.85,20.95,21.52,32.87,22.91,21.07,4.78,687.7,0.0,0.0,0.0,0.0,0.0,0.0,0.596,0.0,0.0,0.0,0.0,0.0,0.0,0.0,0.0,36.0,21.0,23.0,0.0,0.0,0.0,0.0,0.0,0.0,1258.84,0.0,0.0,0.0,0.0,0.0,0.0,0.0,0.0,36.0,36.0,36.0,36.0,36.0,36.0,25.38,36.0,36.0,36.0,36.0,36.0,36.0,36.0,36.0,0.0,0.0,0.0,0.0,0.0,0.0,0.028353,0.0,0.0,0.0,0.0,0.0,0.0,0.0,0.0
2020-01-11 14:15:00,22.34,21.49,24.33,24.14,21.48,21.75,21.85,32.4,22.89,20.86,20.98,21.32,33.03,23.21,21.02,4.89,656.6,0.0,0.0,0.0,0.0,0.0,0.0,0.0,0.0,0.0,1.0,0.996,0.0,0.0,0.0,0.159,36.0,21.0,23.0,0.0,0.0,0.0,0.0,0.0,0.0,0.0,0.0,0.0,460.44,304.26,0.0,0.0,0.0,93.63,36.0,36.0,36.0,36.0,36.0,36.0,36.0,36.0,36.0,21.69,22.33,36.0,36.0,36.0,21.42,0.0,0.0,0.0,0.0,0.0,0.0,0.0,0.0,0.0,0.007697,0.005327,0.0,0.0,0.0,0.001536
2020-01-11 14:30:00,22.31,21.42,24.29,24.47,21.57,21.83,21.65,32.61,23.19,20.96,21.1,21.18,33.15,23.5,20.98,4.99,648.5,0.0,0.0,0.0,0.0,0.0,0.0,0.0,0.0,0.0,1.0,0.996,0.0,0.0,0.0,0.159,36.0,21.0,23.0,0.0,0.0,0.0,0.0,0.0,0.0,0.0,0.0,0.0,447.37,293.09,0.0,0.0,0.0,93.43,36.0,36.0,36.0,36.0,36.0,36.0,36.0,36.0,36.0,22.09,22.84,36.0,36.0,36.0,21.45,0.0,0.0,0.0,0.0,0.0,0.0,0.0,0.0,0.0,0.007697,0.005327,0.0,0.0,0.0,0.001536
2020-01-11 14:45:00,22.28,21.35,24.26,24.82,21.65,21.91,21.43,32.74,23.49,21.07,21.23,21.07,33.18,23.8,20.95,5.1,640.4,0.0,0.0,0.0,0.0,0.0,0.0,0.0,0.0,0.0,1.0,0.996,0.0,0.0,0.0,0.159,36.0,21.0,23.0,0.0,0.0,0.0,0.0,0.0,0.0,0.0,0.0,0.0,438.43,285.67,0.0,0.0,0.0,93.39,36.0,36.0,36.0,36.0,36.0,36.0,36.0,36.0,36.0,22.37,23.17,36.0,36.0,36.0,21.45,0.0,0.0,0.0,0.0,0.0,0.0,0.0,0.0,0.0,0.007697,0.005327,0.0,0.0,0.0,0.001536
2020-01-11 15:00:00,22.25,21.27,24.23,25.15,21.74,22.01,21.28,32.85,23.81,21.17,21.35,20.98,33.22,24.12,20.92,5.09,632.4,0.0,0.0,0.0,0.0,0.0,0.0,0.0,0.0,0.0,1.0,0.996,0.0,0.0,0.0,0.159,36.0,21.0,23.0,0.0,0.0,0.0,0.0,0.0,0.0,0.0,0.0,0.0,431.8,280.27,0.0,0.0,0.0,93.43,36.0,36.0,36.0,36.0,36.0,36.0,36.0,36.0,36.0,22.58,23.41,36.0,36.0,36.0,21.45,0.0,0.0,0.0,0.0,0.0,0.0,0.0,0.0,0.0,0.007697,0.005327,0.0,0.0,0.0,0.001536
2020-01-11 15:15:00,22.22,21.2,24.19,25.46,21.83,22.14,21.17,32.88,24.13,21.17,21.33,21.04,33.17,24.44,20.96,5.08,624.3,0.0,0.0,0.0,0.0,0.0,0.0,0.0,0.0,0.0,0.0,0.0,0.4,0.0,0.0,1.0,36.0,21.0,23.0,0.0,0.0,0.0,0.0,0.0,0.0,0.0,0.0,0.0,0.0,0.0,1089.25,0.0,0.0,565.53,36.0,36.0,36.0,36.0,36.0,36.0,36.0,36.0,36.0,36.0,36.0,23.08,36.0,36.0,22.03,0.0,0.0,0.0,0.0,0.0,0.0,0.0,0.0,0.0,0.0,0.0,0.020163,0.0,0.0,0.009687
2020-01-11 15:30:00,22.14,21.08,23.98,25.35,21.9,22.26,21.07,32.59,24.26,21.11,21.22,21.21,32.76,24.57,21.09,5.07,475.8,0.0,0.0,0.0,0.0,0.0,0.0,0.0,0.0,0.0,0.0,0.0,0.4,0.0,0.0,1.0,36.0,21.0,23.0,0.0,0.0,0.0,0.0,0.0,0.0,0.0,0.0,0.0,0.0,0.0,1036.46,0.0,0.0,546.78,36.0,36.0,36.0,36.0,36.0,36.0,36.0,36.0,36.0,36.0,36.0,23.7,36.0,36.0,22.5,0.0,0.0,0.0,0.0,0.0,0.0,0.0,0.0,0.0,0.0,0.0,0.020163,0.0,0.0,0.009687
2020-01-11 15:45:00,21.95,20.89,23.63,25.0,21.89,22.33,20.95,32.09,24.25,21.04,21.11,21.36,32.18,24.54,21.23,5.06,327.3,0.0,0.0,0.0,0.0,0.0,0.0,0.0,0.0,0.0,0.0,0.0,0.4,0.0,0.0,1.0,36.0,21.0,23.0,0.0,0.0,0.0,0.0,0.0,0.0,0.0,0.0,0.0,0.0,0.0,1004.69,0.0,0.0,533.78,36.0,36.0,36.0,36.0,36.0,36.0,36.0,36.0,36.0,36.0,36.0,24.08,36.0,36.0,22.82,0.0,0.0,0.0,0.0,0.0,0.0,0.0,0.0,0.0,0.0,0.0,0.020163,0.0,0.0,0.009687
2020-01-11 16:00:00,21.66,20.64,23.18,24.5,21.83,22.31,20.82,31.53,24.06,20.97,21.02,21.41,31.53,24.33,21.34,4.77,178.8,0.0,0.0,0.0,0.0,0.0,0.0,0.0,0.0,0.0,0.0,0.0,0.4,0.0,0.0,1.0,36.0,21.0,23.0,0.0,0.0,0.0,0.0,0.0,0.0,0.0,0.0,0.0,0.0,0.0,984.52,0.0,0.0,524.01,36.0,36.0,36.0,36.0,36.0,36.0,36.0,36.0,36.0,36.0,36.0,24.32,36.0,36.0,23.06,0.0,0.0,0.0,0.0,0.0,0.0,0.0,0.0,0.0,0.0,0.0,0.020163,0.0,0.0,0.009687
2020-01-11 16:15:00,21.3,21.18,22.77,23.75,21.71,22.12,20.93,30.78,23.63,20.97,20.98,21.28,30.64,23.82,21.36,4.49,30.3,0.0,0.972,0.0,0.0,0.0,0.0,1.0,0.0,0.0,1.0,0.491,0.0,0.0,0.0,0.0,36.0,21.0,23.0,0.0,2321.39,0.0,0.0,0.0,0.0,2386.03,0.0,0.0,452.6,153.52,0.0,0.0,0.0,0.0,36.0,27.99,36.0,36.0,36.0,36.0,23.99,36.0,36.0,21.93,22.02,36.0,36.0,36.0,36.0,0.0,0.069372,0.0,0.0,0.0,0.0,0.047544,0.0,0.0,0.007697,0.002627,0.0,0.0,0.0,0.0
2020-01-11 16:30:00,21.12,21.63,22.55,23.31,21.62,21.87,21.29,30.09,23.26,21.05,20.99,21.0,29.83,23.34,21.28,4.2,22.7,0.0,0.972,0.0,0.0,0.0,0.0,1.0,0.0,0.0,1.0,0.491,0.0,0.0,0.0,0.0,36.0,21.0,23.0,0.0,2389.2,0.0,0.0,0.0,0.0,2105.35,0.0,0.0,441.15,151.57,0.0,0.0,0.0,0.0,36.0,27.76,36.0,36.0,36.0,36.0,25.41,36.0,36.0,22.29,22.2,36.0,36.0,36.0,36.0,0.0,0.069372,0.0,0.0,0.0,0.0,0.047544,0.0,0.0,0.007697,0.002627,0.0,0.0,0.0,0.0
2020-01-11 16:45:00,20.96,21.6,22.32,23.0,21.56,21.61,21.68,29.46,22.93,21.15,21.02,20.7,29.1,22.9,21.18,3.91,0.0,0.0,0.972,0.0,0.0,0.0,0.0,1.0,0.0,0.0,1.0,0.491,0.0,0.0,0.0,0.0,36.0,21.0,23.0,0.0,2389.88,0.0,0.0,0.0,0.0,1945.94,0.0,0.0,433.35,150.36,0.0,0.0,0.0,0.0,36.0,27.76,36.0,36.0,36.0,36.0,26.21,36.0,36.0,22.53,22.31,36.0,36.0,36.0,36.0,0.0,0.069372,0.0,0.0,0.0,0.0,0.047544,0.0,0.0,0.007697,0.002627,0.0,0.0,0.0,0.0
2020-01-11 17:00:00,20.79,21.56,22.07,22.72,21.48,21.37,21.91,28.87,22.63,21.24,21.04,20.42,28.44,22.52,21.09,3.78,0.0,0.0,0.972,0.0,0.0,0.0,0.0,1.0,0.0,0.0,1.0,0.491,0.0,0.0,0.0,0.0,36.0,21.0,23.0,0.0,2398.88,0.0,0.0,0.0,0.0,1846.08,0.0,0.0,427.55,149.53,0.0,0.0,0.0,0.0,36.0,27.73,36.0,36.0,36.0,36.0,26.71,36.0,36.0,22.71,22.39,36.0,36.0,36.0,36.0,0.0,0.069372,0.0,0.0,0.0,0.0,0.047544,0.0,0.0,0.007697,0.002627,0.0,0.0,0.0,0.0
2020-01-11 17:15:00,20.98,20.36,21.71,22.49,21.43,21.21,21.79,28.44,22.61,21.25,21.03,20.49,27.95,22.22,21.1,3.64,0.0,1.0,0.0,0.0,0.0,0.0,0.0,0.0,0.0,1.0,0.0,0.213,1.0,0.0,0.0,1.0,36.0,21.0,23.0,568.31,0.0,0.0,0.0,0.0,0.0,0.0,0.0,1858.72,0.0,65.76,2526.04,0.0,0.0,556.31,25.83,36.0,36.0,36.0,36.0,36.0,36.0,36.0,26.14,36.0,22.21,24.01,36.0,36.0,22.26,0.013364,0.0,0.0,0.0,0.0,0.0,0.0,0.0,0.045088,0.0,0.001141,0.050389,0.0,0.0,0.009687
2020-01-11 17:30:00,21.14,19.8,21.35,22.2,21.39,21.16,21.45,27.87,22.73,21.18,20.98,20.94,27.34,21.91,21.21,3.51,0.0,1.0,0.0,0.0,0.0,0.0,0.0,0.0,0.0,1.0,0.0,0.213,1.0,0.0,0.0,1.0,36.0,21.0,23.0,579.96,0.0,0.0,0.0,0.0,0.0,0.0,0.0,1690.29,0.0,66.45,2228.46,0.0,0.0,538.68,25.62,36.0,36.0,36.0,36.0,36.0,36.0,36.0,27.03,36.0,22.07,25.42,36.0,36.0,22.7,0.013364,0.0,0.0,0.0,0.0,0.0,0.0,0.0,0.045088,0.0,0.001141,0.050389,0.0,0.0,0.009687
2020-01-11 17:45:00,21.09,19.54,21.09,21.98,21.39,21.14,21.07,27.4,22.84,21.11,20.93,21.35,26.83,21.66,21.35,3.38,0.0,1.0,0.0,0.0,0.0,0.0,0.0,0.0,0.0,1.0,0.0,0.213,1.0,0.0,0.0,1.0,36.0,21.0,23.0,578.56,0.0,0.0,0.0,0.0,0.0,0.0,0.0,1600.25,0.0,66.96,2058.24,0.0,0.0,526.68,25.64,36.0,36.0,36.0,36.0,36.0,36.0,36.0,27.51,36.0,21.96,26.23,36.0,36.0,22.99,0.013364,0.0,0.0,0.0,0.0,0.0,0.0,0.0,0.045088,0.0,0.001141,0.050389,0.0,0.0,0.009687
2020-01-11 18:00:00,21.11,19.31,20.86,21.76,21.36,21.11,20.8,27.07,22.92,21.03,20.89,21.61,26.47,21.44,21.46,3.23,0.0,1.0,0.0,0.0,0.0,0.0,0.0,0.0,0.0,1.0,0.0,0.213,1.0,0.0,0.0,1.0,36.0,21.0,23.0,571.94,0.0,0.0,0.0,0.0,0.0,0.0,0.0,1547.37,0.0,67.36,1950.62,0.0,0.0,517.72,25.76,36.0,36.0,36.0,36.0,36.0,36.0,36.0,27.79,36.0,21.88,26.74,36.0,36.0,23.21,0.013364,0.0,0.0,0.0,0.0,0.0,0.0,0.0,0.045088,0.0,0.001141,0.050389,0.0,0.0,0.009687
2020-01-11 18:15:00,21.2,20.18,21.48,22.32,21.36,21.04,20.9,26.76,22.96,21.0,20.93,21.48,26.14,21.25,21.55,3.08,0.0,1.0,1.0,1.0,1.0,0.0,0.083,1.0,0.0,0.987,0.326,1.0,0.0,0.0,0.0,1.0,36.0,21.0,23.0,564.54,2533.25,832.71,1588.28,0.0,23.18,2269.83,0.0,1498.03,150.69,303.1,0.0,0.0,0.0,510.72,25.89,27.51,29.32,27.32,36.0,20.89,24.58,36.0,27.95,21.64,22.45,36.0,36.0,36.0,23.39,0.013364,0.071395,0.029804,0.043751,0.0,0.000367,0.047544,0.0,0.044497,0.00251,0.00535,0.0,0.0,0.0,0.009687
2020-01-11 18:30:00,21.43,20.94,21.98,22.89,21.4,20.9,21.31,26.4,23.01,20.97,21.06,21.11,25.76,21.03,21.65,2.94,0.0,1.0,1.0,1.0,1.0,0.0,0.083,1.0,0.0,0.987,0.326,1.0,0.0,0.0,0.0,1.0,36.0,21.0,23.0,556.29,2598.28,865.01,1622.49,0.0,23.16,2035.1,0.0,1479.43,150.23,293.13,0.0,0.0,0.0,505.11,26.04,27.29,29.06,27.13,36.0,20.9,25.76,36.0,28.05,21.68,22.89,36.0,36.0,36.0,23.53,0.013364,0.071395,0.029804,0.043751,0.0,0.000367,0.047544,0.0,0.044497,0.00251,0.00535,0.0,0.0,0.0,0.009687
2020-01-11 18:45:00,21.61,21.06,22.13,23.03,21.46,20.71,21.68,26.07,23.07,20.97,21.19,20.7,25.41,20.84,21.74,2.79,0.0,1.0,1.0,1.0,1.0,0.0,0.083,1.0,0.0,0.987,0.326,1.0,0.0,0.0,0.0,1.0,36.0,21.0,23.0,547.22,2573.08,866.59,1622.65,0.0,23.17,1900.64,0.0,1465.84,150.01,286.37,0.0,0.0,0.0,500.34,26.2,27.38,29.04,27.13,36.0,20.89,26.44,36.0,28.12,21.7,23.2,36.0,36.0,36.0,23.64,0.013364,0.071395,0.029804,0.043751,0.0,0.000367,0.047544,0.0,0.044497,0.00251,0.00535,0.0,0.0,0.0,0.009687
2020-01-11 19:00:00,21.68,21.12,22.15,23.04,21.5,20.56,21.89,25.76,23.11,20.96,21.3,20.34,25.09,20.64,21.82,2.66,0.0,1.0,1.0,1.0,1.0,0.0,0.083,1.0,0.0,0.987,0.326,1.0,0.0,0.0,0.0,1.0,36.0,21.0,23.0,539.47,2570.77,876.4,1635.03,0.0,23.2,1815.49,0.0,1455.39,149.92,281.39,0.0,0.0,0.0,496.21,26.34,27.39,28.97,27.06,36.0,20.87,26.86,36.0,28.18,21.71,23.42,36.0,36.0,36.0,23.75,0.013364,0.071395,0.029804,0.043751,0.0,0.000367,0.047544,0.0,0.044497,0.00251,0.00535,0.0,0.0,0.0,0.009687
2020-01-11 19:15:00,20.96,20.61,21.25,22.11,21.48,20.54,21.79,25.51,22.93,20.99,21.28,20.46,24.83,20.76,21.89,2.52,0.0,0.0,0.523,0.0,0.0,0.0,1.0,0.0,0.0,0.0,1.0,0.0,1.0,0.0,1.0,1.0,36.0,21.0,23.0,0.0,1681.35,0.0,0.0,0.0,267.76,0.0,0.0,0.0,447.56,0.0,2436.47,0.0,2382.0,492.53,36.0,25.22,36.0,36.0,36.0,21.51,36.0,36.0,36.0,22.09,36.0,24.43,36.0,24.1,23.84,0.0,0.037305,0.0,0.0,0.0,0.004419,0.0,0.0,0.0,0.007697,0.0,0.050389,0.0,0.047883,0.009687
2020-01-11 19:30:00,20.56,20.28,20.7,21.43,21.36,20.75,21.47,25.21,22.57,21.09,21.17,20.96,24.52,21.2,21.96,2.39,0.0,0.0,0.523,0.0,0.0,0.0,1.0,0.0,0.0,0.0,1.0,0.0,1.0,0.0,1.0,1.0,36.0,21.0,23.0,0.0,1684.89,0.0,0.0,0.0,258.55,0.0,0.0,0.0,437.88,0.0,2171.15,0.0,2103.87,489.25,36.0,25.19,36.0,36.0,36.0,22.0,36.0,36.0,36.0,22.39,36.0,25.69,36.0,25.49,23.92,0.0,0.037305,0.0,0.0,0.0,0.004419,0.0,0.0,0.0,0.007697,0.0,0.050389,0.0,0.047883,0.009687
2020-01-11 19:45:00,20.37,20.2,20.45,21.19,21.2,21.04,21.11,24.93,22.26,21.18,21.06,21.4,24.23,21.66,22.03,2.25,0.0,0.0,0.523,0.0,0.0,0.0,1.0,0.0,0.0,0.0,1.0,0.0,1.0,0.0,1.0,1.0,36.0,21.0,23.0,0.0,1675.53,0.0,0.0,0.0,252.03,0.0,0.0,0.0,431.06,0.0,2018.17,0.0,1942.98,486.2,36.0,25.25,36.0,36.0,36.0,22.36,36.0,36.0,36.0,22.6,36.0,26.42,36.0,26.29,23.99,0.0,0.037305,0.0,0.0,0.0,0.004419,0.0,0.0,0.0,0.007697,0.0,0.050389,0.0,0.047883,0.009687
2020-01-11 20:00:00,20.2,20.17,20.26,21.0,21.05,21.28,20.79,24.68,22.0,21.26,20.96,21.67,23.97,21.96,22.1,2.1,0.0,0.0,0.523,0.0,0.0,0.0,1.0,0.0,0.0,0.0,1.0,0.0,1.0,0.0,1.0,1.0,36.0,21.0,23.0,0.0,1662.94,0.0,0.0,0.0,246.95,0.0,0.0,0.0,425.89,0.0,1921.04,0.0,1839.85,483.35,36.0,25.34,36.0,36.0,36.0,22.63,36.0,36.0,36.0,22.76,36.0,26.88,36.0,26.81,24.06,0.0,0.037305,0.0,0.0,0.0,0.004419,0.0,0.0,0.0,0.007697,0.0,0.050389,0.0,0.047883,0.009687
2020-01-11 20:15:00,20.75,20.65,20.97,21.62,21.04,21.36,20.87,24.45,21.83,21.26,20.98,21.85,23.74,21.89,22.16,1.95,0.0,1.0,1.0,1.0,1.0,1.0,0.0,1.0,0.0,0.144,0.0,1.0,1.0,0.0,0.0,1.0,36.0,21.0,23.0,549.06,2523.77,932.41,1730.67,438.63,0.0,2256.74,0.0,318.81,0.0,304.35,1855.78,0.0,0.0,480.65,26.17,27.54,28.52,26.54,22.29,36.0,24.64,36.0,24.24,36.0,22.39,27.19,36.0,36.0,24.13,0.013364,0.071395,0.029804,0.043751,0.007653,0.0,0.047544,0.0,0.006487,0.0,0.00535,0.050389,0.0,0.0,0.009687
2020-01-11 20:30:00,21.17,20.98,21.49,22.27,21.15,21.33,21.28,24.2,21.71,21.2,21.1,22.0,23.49,21.57,22.23,1.8,0.0,1.0,1.0,1.0,1.0,1.0,0.0,1.0,0.0,0.144,0.0,1.0,1.0,0.0,0.0,1.0,36.0,21.0,23.0,558.47,2502.35,961.89,1759.43,440.85,0.0,2026.33,0.0,322.84,0.0,293.36,1810.06,0.0,0.0,478.13,26.0,27.62,28.28,26.38,22.22,36.0,25.8,36.0,24.09,36.0,22.88,27.41,36.0,36.0,24.19,0.013364,0.071395,0.029804,0.043751,0.007653,0.0,0.047544,0.0,0.006487,0.0,0.00535,0.050389,0.0,0.0,0.009687
2020-01-11 20:45:00,21.28,21.11,21.62,22.42,21.2,21.29,21.66,23.95,21.62,21.12,21.24,22.1,23.24,21.21,22.29,1.66,0.0,1.0,1.0,1.0,1.0,1.0,0.0,1.0,0.0,0.144,0.0,1.0,1.0,0.0,0.0,1.0,36.0,21.0,23.0,557.92,2459.63,957.17,1749.15,440.04,0.0,1894.23,0.0,326.99,0.0,286.07,1776.29,0.0,0.0,475.7,26.01,27.76,28.32,26.44,22.24,36.0,26.47,36.0,23.94,36.0,23.21,27.57,36.0,36.0,24.25,0.013364,0.071395,0.029804,0.043751,0.007653,0.0,0.047544,0.0,0.006487,0.0,0.00535,0.050389,0.0,0.0,0.009687
2020-01-11 21:00:00,21.3,21.12,21.6,22.41,21.25,21.26,21.86,23.71,21.5,21.04,21.36,22.18,22.99,20.87,22.35,1.52,0.0,1.0,1.0,1.0,1.0,1.0,0.0,1.0,0.0,0.144,0.0,1.0,1.0,0.0,0.0,1.0,36.0,21.0,23.0,548.7,2336.4,920.39,1708.49,437.61,0.0,1812.51,0.0,330.89,0.0,280.87,1751.45,0.0,0.0,473.46,26.18,28.17,28.61,26.66,22.32,36.0,26.88,36.0,23.8,36.0,23.44,27.68,36.0,36.0,24.31,0.013364,0.071395,0.029804,0.043751,0.007653,0.0,0.047544,0.0,0.006487,0.0,0.00535,0.050389,0.0,0.0,0.009687
2020-01-11 21:15:00,20.5,21.16,20.71,21.84,21.1,21.26,21.96,23.52,21.36,21.0,21.33,22.22,22.8,21.0,22.31,1.39,0.0,0.0,1.0,0.0,0.384,0.0,0.0,1.0,0.0,0.0,0.188,0.0,1.0,0.012,0.993,0.0,36.0,21.0,23.0,0.0,2396.17,0.0,834.36,0.0,0.0,1757.12,0.0,0.0,87.27,0.0,1730.96,12.87,2246.61,0.0,36.0,27.97,36.0,24.1,36.0,36.0,27.16,36.0,36.0,21.58,36.0,27.78,24.4,24.69,36.0,0.0,0.071395,0.0,0.01678,0.0,0.0,0.047544,0.0,0.0,0.001448,0.0,0.050389,0.000265,0.047542,0.0
2020-01-11 21:30:00,20.12,21.13,20.34,21.39,21.09,21.32,22.05,23.28,21.15,20.96,21.23,22.29,22.58,21.39,22.19,1.26,0.0,0.0,1.0,0.0,0.384,0.0,0.0,1.0,0.0,0.0,0.188,0.0,1.0,0.012,0.993,0.0,36.0,21.0,23.0,0.0,2375.33,0.0,834.21,0.0,0.0,1719.98,0.0,0.0,87.42,0.0,1714.53,13.11,2016.43,0.0,36.0,28.04,36.0,24.11,36.0,36.0,27.35,36.0,36.0,21.55,36.0,27.86,24.18,25.85,36.0,0.0,0.071395,0.0,0.01678,0.0,0.0,0.047544,0.0,0.0,0.001448,0.0,0.050389,0.000265,0.047542,0.0
2020-01-11 21:45:00,19.93,21.13,20.19,21.27,21.07,21.4,22.13,23.06,20.95,20.93,21.11,22.36,22.36,21.77,22.07,1.13,0.0,0.0,1.0,0.0,0.384,0.0,0.0,1.0,0.0,0.0,0.188,0.0,1.0,0.012,0.993,0.0,36.0,21.0,23.0,0.0,2352.48,0.0,836.68,0.0,0.0,1692.44,0.0,0.0,87.6,0.0,1700.19,13.35,1883.78,0.0,36.0,28.12,36.0,24.07,36.0,36.0,27.48,36.0,36.0,21.52,36.0,27.93,23.96,26.52,36.0,0.0,0.071395,0.0,0.01678,0.0,0.0,0.047544,0.0,0.0,0.001448,0.0,0.050389,0.000265,0.047542,0.0
2020-01-11 22:00:00,19.79,21.11,20.09,21.2,21.05,21.45,22.2,22.83,20.76,20.9,21.0,22.43,22.15,22.01,21.95,0.99,0.0,0.0,1.0,0.0,0.384,0.0,0.0,1.0,0.0,0.0,0.188,0.0,1.0,0.012,0.993,0.0,36.0,21.0,23.0,0.0,2242.26,0.0,829.94,0.0,0.0,1671.74,0.0,0.0,87.79,0.0,1688.0,13.59,1801.23,0.0,36.0,28.49,36.0,24.17,36.0,36.0,27.59,36.0,36.0,21.49,36.0,27.99,23.75,26.94,36.0,0.0,0.071395,0.0,0.01678,0.0,0.0,0.047544,0.0,0.0,0.001448,0.0,0.050389,0.000265,0.047542,0.0
2020-01-11 22:15:00,20.32,21.21,20.68,21.67,21.15,21.51,22.26,22.9,20.92,20.93,21.04,22.48,22.34,21.85,21.96,0.85,0.0,1.0,1.0,1.0,1.0,1.0,0.0,1.0,0.765,1.0,1.0,1.0,1.0,1.0,0.0,1.0,36.0,21.0,23.0,581.16,2304.16,982.89,1764.21,439.46,0.0,1654.3,673.46,2231.63,452.9,303.24,1676.32,923.02,0.0,518.06,25.6,28.28,28.11,26.35,22.26,36.0,27.68,25.81,24.16,21.92,22.44,28.04,25.82,36.0,23.21,0.013364,0.071395,0.029804,0.043751,0.007653,0.0,0.047544,0.015809,0.045088,0.007697,0.00535,0.050389,0.021689,0.0,0.009687
2020-01-11 22:30:00,20.77,21.38,21.2,22.09,21.31,21.47,22.35,23.13,21.31,21.03,21.16,22.52,22.8,21.49,22.05,0.71,0.0,1.0,1.0,1.0,1.0,1.0,0.0,1.0,0.765,1.0,1.0,1.0,1.0,1.0,0.0,1.0,36.0,21.0,23.0,588.01,2272.66,1012.62,1756.45,440.61,0.0,1639.35,606.9,1989.6,441.86,292.26,1665.99,797.66,0.0,503.27,25.47,28.38,27.87,26.4,22.23,36.0,27.75,26.82,25.44,22.27,22.93,28.09,27.2,36.0,23.57,0.013364,0.071395,0.029804,0.043751,0.007653,0.0,0.047544,0.015809,0.045088,0.007697,0.00535,0.050389,0.021689,0.0,0.009687
2020-01-11 22:45:00,20.87,21.48,21.31,22.24,21.4,21.42,22.43,23.34,21.7,21.13,21.29,22.55,23.2,21.1,22.15,0.57,0.0,1.0,1.0,1.0,1.0,1.0,0.0,1.0,0.765,1.0,1.0,1.0,1.0,1.0,0.0,1.0,36.0,21.0,23.0,585.15,2241.6,1006.91,1738.09,439.3,0.0,1625.83,569.24,1849.79,434.21,285.0,1657.38,728.44,0.0,493.48,25.52,28.49,27.92,26.5,22.27,36.0,27.82,27.39,26.19,22.5,23.26,28.13,27.97,36.0,23.81,0.013364,0.071395,0.029804,0.043751,0.007653,0.0,0.047544,0.015809,0.045088,0.007697,0.00535,0.050389,0.021689,0.0,0.009687
2020-01-11 23:00:00,20.91,21.47,21.3,22.27,21.48,21.38,22.49,23.48,21.96,21.22,21.41,22.56,23.47,20.76,22.25,0.44,0.0,1.0,1.0,1.0,1.0,1.0,0.0,1.0,0.765,1.0,1.0,1.0,1.0,1.0,0.0,1.0,36.0,21.0,23.0,572.97,2133.03,965.55,1684.85,436.35,0.0,1614.36,546.31,1761.89,428.55,279.8,1650.1,686.97,0.0,486.42,25.74,28.85,28.25,26.79,22.36,36.0,27.88,27.73,26.65,22.68,23.49,28.17,28.42,36.0,23.99,0.013364,0.071395,0.029804,0.043751,0.007653,0.0,0.047544,0.015809,0.045088,0.007697,0.00535,0.050389,0.021689,0.0,0.009687
2020-01-11 23:15:00,20.85,21.45,20.52,21.74,21.35,21.33,22.29,23.3,21.82,21.21,21.39,22.57,23.28,20.88,22.22,0.3,0.0,1.0,1.0,0.0,0.373,0.0,0.0,0.0,0.0,0.0,0.0,0.0,1.0,0.0,1.0,0.0,36.0,21.0,23.0,578.65,2210.3,0.0,792.91,0.0,0.0,0.0,0.0,0.0,0.0,0.0,1644.38,0.0,2265.72,0.0,25.64,28.59,36.0,24.38,36.0,36.0,36.0,36.0,36.0,36.0,36.0,28.19,36.0,24.68,36.0,0.013364,0.071395,0.0,0.016325,0.0,0.0,0.0,0.0,0.0,0.0,0.0,0.050389,0.0,0.047883,0.0
2020-01-11 23:30:00,20.78,21.39,20.29,21.35,21.23,21.39,21.9,22.94,21.46,21.15,21.28,22.58,22.81,21.25,22.12,0.17,0.0,1.0,1.0,0.0,0.373,0.0,0.0,0.0,0.0,0.0,0.0,0.0,1.0,0.0,1.0,0.0,36.0,21.0,23.0,573.34,2208.6,0.0,788.99,0.0,0.0,0.0,0.0,0.0,0.0,0.0,1639.42,0.0,2035.54,0.0,25.74,28.6,36.0,24.44,36.0,36.0,36.0,36.0,36.0,36.0,36.0,28.22,36.0,25.83,36.0,0.013364,0.071395,0.0,0.016325,0.0,0.0,0.0,0.0,0.0,0.0,0.0,0.050389,0.0,0.047883,0.0
2020-01-11 23:45:00,20.78,21.36,20.21,21.27,21.04,21.45,21.49,22.6,21.08,21.08,21.17,22.62,22.38,21.61,22.01,0.03,0.0,1.0,1.0,0.0,0.373,0.0,0.0,0.0,0.0,0.0,0.0,0.0,1.0,0.0,1.0,0.0,36.0,21.0,23.0,567.41,2205.04,0.0,787.86,0.0,0.0,0.0,0.0,0.0,0.0,0.0,1634.7,0.0,1904.13,0.0,25.84,28.61,36.0,24.45,36.0,36.0,36.0,36.0,36.0,36.0,36.0,28.24,36.0,26.49,36.0,0.013364,0.071395,0.0,0.016325,0.0,0.0,0.0,0.0,0.0,0.0,0.0,0.050389,0.0,0.047883,0.0
2020-01-12 00:00:00,20.8,21.35,20.17,21.22,20.86,21.5,21.15,22.31,20.76,21.01,21.07,22.63,22.04,21.81,21.91,-0.12,0.0,1.0,1.0,0.0,0.373,0.0,0.0,0.0,0.0,0.0,0.0,0.0,1.0,0.0,1.0,0.0,36.0,21.0,23.0,561.12,2200.77,0.0,784.72,0.0,0.0,0.0,0.0,0.0,0.0,0.0,1630.63,0.0,1821.6,0.0,25.95,28.63,36.0,24.5,36.0,36.0,36.0,36.0,36.0,36.0,36.0,28.26,36.0,26.9,36.0,0.013364,0.071395,0.0,0.016325,0.0,0.0,0.0,0.0,0.0,0.0,0.0,0.050389,0.0,0.047883,0.0
2020-01-12 00:15:00,20.92,21.39,20.75,21.72,20.93,21.45,21.19,22.05,20.82,21.02,21.1,22.36,22.14,21.77,21.81,-0.28,0.0,1.0,1.0,1.0,1.0,1.0,0.0,1.0,0.0,1.0,1.0,1.0,0.0,1.0,0.44,0.0,36.0,21.0,23.0,554.78,2196.6,929.24,1688.19,429.73,0.0,2145.26,0.0,2157.94,450.81,302.06,0.0,887.34,853.75,0.0,26.07,28.64,28.54,26.77,22.57,36.0,25.21,36.0,24.55,21.99,22.49,36.0,26.21,26.3,36.0,0.013364,0.071395,0.029804,0.043751,0.007653,0.0,0.047544,0.0,0.045088,0.007697,0.00535,0.0,0.021689,0.021066,0.0
2020-01-12 00:30:00,21.13,21.48,21.23,22.1,21.16,21.28,21.49,21.8,21.14,21.1,21.22,21.91,22.5,21.59,21.73,-0.43,0.0,1.0,1.0,1.0,1.0,1.0,0.0,1.0,0.0,1.0,1.0,1.0,0.0,1.0,0.44,0.0,36.0,21.0,23.0,545.55,2184.97,941.35,1676.19,429.71,0.0,1939.87,0.0,1950.98,439.53,291.13,0.0,782.5,894.35,0.0,26.23,28.68,28.44,26.83,22.57,36.0,26.24,36.0,25.65,22.34,22.98,36.0,27.37,25.84,36.0,0.013364,0.071395,0.029804,0.043751,0.007653,0.0,0.047544,0.0,0.045088,0.007697,0.00535,0.0,0.021689,0.021066,0.0
2020-01-12 00:45:00,21.25,21.53,21.32,22.24,21.3,21.07,21.8,21.56,21.47,21.2,21.35,21.45,22.81,21.39,21.65,-0.58,0.0,1.0,1.0,1.0,1.0,1.0,0.0,1.0,0.0,1.0,1.0,1.0,0.0,1.0,0.44,0.0,36.0,21.0,23.0,537.32,2175.51,918.67,1653.2,425.92,0.0,1826.38,0.0,1833.34,431.86,283.88,0.0,725.73,920.07,0.0,26.38,28.71,28.63,26.96,22.69,36.0,26.81,36.0,26.27,22.58,23.31,36.0,27.99,25.55,36.0,0.013364,0.071395,0.029804,0.043751,0.007653,0.0,0.047544,0.0,0.045088,0.007697,0.00535,0.0,0.021689,0.021066,0.0
2020-01-12 01:00:00,21.31,21.54,21.38,22.3,21.43,20.88,22.0,21.36,21.7,21.28,21.46,21.08,23.05,21.25,21.57,-0.77,0.0,1.0,1.0,1.0,1.0,1.0,0.0,1.0,0.0,1.0,1.0,1.0,0.0,1.0,0.44,0.0,36.0,21.0,23.0,533.87,2169.79,911.78,1645.0,423.86,0.0,1756.11,0.0,1758.48,426.14,278.63,0.0,691.22,938.12,0.0,26.44,28.73,28.68,27.0,22.75,36.0,27.16,36.0,26.67,22.75,23.54,36.0,28.38,25.35,36.0,0.013364,0.071395,0.029804,0.043751,0.007653,0.0,0.047544,0.0,0.045088,0.007697,0.00535,0.0,0.021689,0.021066,0.0
2020-01-12 01:15:00,20.6,21.47,20.49,21.44,21.3,20.84,21.86,21.18,21.58,21.35,21.55,21.11,22.88,21.32,21.5,-0.95,0.0,0.0,1.0,0.0,0.0,0.0,1.0,0.0,0.0,0.0,1.0,1.0,1.0,0.0,1.0,0.0,36.0,21.0,23.0,0.0,2168.16,0.0,0.0,0.0,270.74,0.0,0.0,0.0,421.67,274.62,2238.12,0.0,1969.74,0.0,36.0,28.73,36.0,36.0,36.0,21.34,36.0,36.0,36.0,22.89,23.72,25.37,36.0,26.16,36.0,0.0,0.071395,0.0,0.0,0.0,0.004419,0.0,0.0,0.0,0.007697,0.00535,0.050389,0.0,0.047883,0.0
2020-01-12 01:30:00,20.24,21.35,20.11,20.81,21.15,20.98,21.45,20.98,21.19,21.43,21.64,21.44,22.39,21.54,21.41,-1.14,0.0,0.0,1.0,0.0,0.0,0.0,1.0,0.0,0.0,0.0,1.0,1.0,1.0,0.0,1.0,0.0,36.0,21.0,23.0,0.0,2168.57,0.0,0.0,0.0,260.4,0.0,0.0,0.0,418.06,271.48,2015.99,0.0,1856.06,0.0,36.0,28.73,36.0,36.0,36.0,21.9,36.0,36.0,36.0,23.01,23.86,26.43,36.0,26.73,36.0,0.0,0.071395,0.0,0.0,0.0,0.004419,0.0,0.0,0.0,0.007697,0.00535,0.050389,0.0,0.047883,0.0
2020-01-12 01:45:00,20.1,21.3,19.98,20.66,20.99,21.19,21.04,20.78,20.84,21.5,21.73,21.76,21.97,21.78,21.34,-1.32,0.0,0.0,1.0,0.0,0.0,0.0,1.0,0.0,0.0,0.0,1.0,1.0,1.0,0.0,1.0,0.0,36.0,21.0,23.0,0.0,2169.94,0.0,0.0,0.0,253.17,0.0,0.0,0.0,414.99,268.85,1894.4,0.0,1788.27,0.0,36.0,28.73,36.0,36.0,36.0,22.3,36.0,36.0,36.0,23.1,23.98,27.01,36.0,27.07,36.0,0.0,0.071395,0.0,0.0,0.0,0.004419,0.0,0.0,0.0,0.007697,0.00535,0.050389,0.0,0.047883,0.0
2020-01-12 02:00:00,19.98,21.24,19.91,20.56,20.87,21.34,20.71,20.6,20.53,21.57,21.81,21.99,21.64,21.93,21.25,-1.52,0.0,0.0,1.0,0.0,0.0,0.0,1.0,0.0,0.0,0.0,1.0,1.0,1.0,0.0,1.0,0.0,36.0,21.0,23.0,0.0,2086.46,0.0,0.0,0.0,247.72,0.0,0.0,0.0,412.37,266.67,1821.03,0.0,1744.31,0.0,36.0,29.01,36.0,36.0,36.0,22.59,36.0,36.0,36.0,23.18,24.08,27.35,36.0,27.28,36.0,0.0,0.071395,0.0,0.0,0.0,0.004419,0.0,0.0,0.0,0.007697,0.00535,0.050389,0.0,0.047883,0.0
2020-01-12 02:15:00,20.56,21.34,20.59,21.32,20.99,21.46,20.84,20.8,20.67,21.62,21.87,22.12,21.41,22.04,21.28,-1.71,0.0,1.0,1.0,1.0,1.0,1.0,0.0,1.0,1.0,1.0,1.0,1.0,1.0,0.0,1.0,1.0,36.0,21.0,23.0,531.7,2160.12,894.13,1652.8,421.43,0.0,2226.23,1000.83,2178.5,409.9,264.64,1771.01,0.0,1712.01,556.93,26.48,28.76,28.82,26.96,22.83,36.0,24.8,24.42,24.44,23.26,24.17,27.59,36.0,27.45,22.25,0.013364,0.071395,0.029804,0.043751,0.007653,0.0,0.047544,0.020669,0.045088,0.007697,0.00535,0.050389,0.0,0.047883,0.009687
2020-01-12 02:30:00,20.98,21.47,21.12,22.01,21.21,21.52,21.22,21.3,21.04,21.68,21.94,22.24,21.16,22.16,21.4,-1.91,0.0,1.0,1.0,1.0,1.0,1.0,0.0,1.0,1.0,1.0,1.0,1.0,1.0,0.0,1.0,1.0,36.0,21.0,23.0,534.7,2151.49,911.52,1661.85,422.0,0.0,2004.02,867.93,1968.65,407.7,262.88,1737.52,0.0,1688.15,537.02,26.43,28.79,28.68,26.91,22.81,36.0,25.92,25.95,25.55,23.33,24.25,27.75,36.0,27.57,22.74,0.013364,0.071395,0.029804,0.043751,0.007653,0.0,0.047544,0.020669,0.045088,0.007697,0.00535,0.050389,0.0,0.047883,0.009687
2020-01-12 02:45:00,21.09,21.53,21.26,22.19,21.37,21.58,21.61,21.77,21.43,21.74,22.01,22.34,20.93,22.26,21.54,-2.1,0.0,1.0,1.0,1.0,1.0,1.0,0.0,1.0,1.0,1.0,1.0,1.0,1.0,0.0,1.0,1.0,36.0,21.0,23.0,529.48,2142.7,898.82,1639.89,419.75,0.0,1877.92,793.44,1847.54,405.64,261.25,1713.07,0.0,1668.92,523.47,26.52,28.82,28.79,27.03,22.88,36.0,26.55,26.82,26.2,23.39,24.32,27.87,36.0,27.66,23.07,0.013364,0.071395,0.029804,0.043751,0.007653,0.0,0.047544,0.020669,0.045088,0.007697,0.00535,0.050389,0.0,0.047883,0.009687
2020-01-12 03:00:00,21.16,21.5,21.27,22.24,21.48,21.61,21.86,22.11,21.71,21.81,22.08,22.42,20.7,22.34,21.68,-2.2,0.0,1.0,1.0,1.0,1.0,1.0,0.0,1.0,1.0,1.0,1.0,1.0,1.0,0.0,1.0,1.0,36.0,21.0,23.0,516.5,2058.3,858.11,1593.74,416.62,0.0,1799.9,748.18,1771.01,403.75,259.79,1694.92,0.0,1653.62,513.61,26.75,29.1,29.11,27.29,22.98,36.0,26.94,27.34,26.6,23.45,24.38,27.95,36.0,27.74,23.32,0.013364,0.071395,0.029804,0.043751,0.007653,0.0,0.047544,0.020669,0.045088,0.007697,0.00535,0.050389,0.0,0.047883,0.009687
2020-01-12 03:15:00,20.89,21.47,20.49,21.42,21.34,21.63,21.71,21.97,21.57,21.85,22.13,22.22,20.93,22.39,21.67,-2.3,0.0,0.583,1.0,0.0,0.0,0.0,0.0,0.0,0.0,0.0,1.0,1.0,0.0,1.0,1.0,0.0,36.0,21.0,23.0,345.86,2138.29,0.0,0.0,0.0,0.0,0.0,0.0,0.0,401.85,258.31,0.0,1012.29,1639.8,0.0,25.38,28.83,36.0,36.0,36.0,36.0,36.0,36.0,36.0,23.51,24.45,36.0,24.83,27.81,36.0,0.007792,0.071395,0.0,0.0,0.0,0.0,0.0,0.0,0.0,0.007697,0.00535,0.0,0.021689,0.047883,0.0
2020-01-12 03:30:00,20.7,21.38,20.15,20.79,21.21,21.56,21.34,21.57,21.22,21.91,22.2,21.81,21.48,22.44,21.58,-2.39,0.0,0.583,1.0,0.0,0.0,0.0,0.0,0.0,0.0,0.0,1.0,1.0,0.0,1.0,1.0,0.0,36.0,21.0,23.0,345.17,2141.15,0.0,0.0,0.0,0.0,0.0,0.0,0.0,400.1,256.98,0.0,875.72,1628.61,0.0,25.4,28.83,36.0,36.0,36.0,36.0,36.0,36.0,36.0,23.56,24.51,36.0,26.34,27.86,36.0,0.007792,0.071395,0.0,0.0,0.0,0.0,0.0,0.0,0.0,0.007697,0.00535,0.0,0.021689,0.047883,0.0
2020-01-12 03:45:00,20.63,21.34,20.03,20.64,21.07,21.49,20.93,21.19,20.83,21.96,22.26,21.37,22.02,22.47,21.48,-2.49,0.0,0.583,1.0,0.0,0.0,0.0,0.0,0.0,0.0,0.0,1.0,1.0,0.0,1.0,1.0,0.0,36.0,21.0,23.0,345.75,2142.68,0.0,0.0,0.0,0.0,0.0,0.0,0.0,398.4,255.69,0.0,799.21,1618.94,0.0,25.38,28.82,36.0,36.0,36.0,36.0,36.0,36.0,36.0,23.62,24.57,36.0,27.18,27.91,36.0,0.007792,0.071395,0.0,0.0,0.0,0.0,0.0,0.0,0.0,0.007697,0.00535,0.0,0.021689,0.047883,0.0
2020-01-12 04:00:00,20.59,21.32,19.96,20.54,20.93,21.43,20.63,20.91,20.55,22.01,22.32,21.01,22.31,22.5,21.39,-2.59,0.0,0.583,1.0,0.0,0.0,0.0,0.0,0.0,0.0,0.0,1.0,1.0,0.0,1.0,1.0,0.0,36.0,21.0,23.0,345.93,2142.6,0.0,0.0,0.0,0.0,0.0,0.0,0.0,396.76,254.47,0.0,752.05,1610.97,0.0,25.38,28.82,36.0,36.0,36.0,36.0,36.0,36.0,36.0,23.67,24.62,36.0,27.7,27.95,36.0,0.007792,0.071395,0.0,0.0,0.0,0.0,0.0,0.0,0.0,0.007697,0.00535,0.0,0.021689,0.047883,0.0
2020-01-12 04:15:00,20.88,21.39,20.59,21.27,21.04,21.4,20.73,20.99,20.63,22.06,22.37,21.1,22.16,22.49,21.39,-2.69,0.0,1.0,1.0,1.0,1.0,1.0,0.0,1.0,0.783,1.0,1.0,1.0,1.0,0.0,1.0,1.0,36.0,21.0,23.0,524.89,2137.45,887.95,1652.22,417.66,0.0,2257.63,762.67,2186.93,395.17,253.3,2274.31,0.0,1604.74,545.0,26.6,28.84,28.87,26.97,22.94,36.0,24.64,24.72,24.4,23.72,24.67,25.2,36.0,27.98,22.54,0.013364,0.071395,0.029804,0.043751,0.007653,0.0,0.047544,0.016178,0.045088,0.007697,0.00535,0.050389,0.0,0.047883,0.009687
2020-01-12 04:30:00,21.14,21.5,21.07,21.94,21.26,21.45,21.12,21.3,21.0,22.11,22.42,21.47,21.69,22.52,21.5,-2.79,0.0,1.0,1.0,1.0,1.0,1.0,0.0,1.0,0.783,1.0,1.0,1.0,1.0,0.0,1.0,1.0,36.0,21.0,23.0,523.71,2130.86,908.01,1664.18,418.44,0.0,2029.36,694.42,1976.4,393.63,252.18,2041.21,0.0,1599.43,527.87,26.62,28.86,28.71,26.9,22.92,36.0,25.79,25.73,25.51,23.76,24.72,26.31,36.0,28.01,22.96,0.013364,0.071395,0.029804,0.043751,0.007653,0.0,0.047544,0.016178,0.045088,0.007697,0.00535,0.050389,0.0,0.047883,0.009687
2020-01-12 04:45:00,21.26,21.55,21.22,22.1,21.43,21.51,21.52,21.59,21.37,22.17,22.48,21.84,21.23,22.55,21.63,-2.9,0.0,1.0,1.0,1.0,1.0,1.0,0.0,1.0,0.783,1.0,1.0,1.0,1.0,0.0,1.0,1.0,36.0,21.0,23.0,519.75,2124.37,895.33,1642.94,416.17,0.0,1899.53,655.19,1855.25,392.12,251.09,1910.61,0.0,1594.33,516.25,26.7,28.88,28.81,27.02,22.99,36.0,26.44,26.31,26.16,23.81,24.77,26.93,36.0,28.03,23.25,0.013364,0.071395,0.029804,0.043751,0.007653,0.0,0.047544,0.016178,0.045088,0.007697,0.00535,0.050389,0.0,0.047883,0.009687
2020-01-12 05:00:00,21.3,21.51,21.23,22.16,21.55,21.55,21.78,21.82,21.63,22.22,22.53,22.05,20.88,22.59,21.75,-3.0,0.0,1.0,1.0,1.0,1.0,1.0,0.0,1.0,0.783,1.0,1.0,1.0,1.0,0.0,1.0,1.0,36.0,21.0,23.0,507.23,2041.91,854.58,1596.84,413.09,0.0,1818.67,630.75,1779.14,390.7,250.08,1831.34,0.0,1589.64,507.76,26.92,29.16,29.14,27.27,23.09,36.0,26.85,26.67,26.56,23.86,24.82,27.31,36.0,28.06,23.46,0.013364,0.071395,0.029804,0.043751,0.007653,0.0,0.047544,0.016178,0.045088,0.007697,0.00535,0.050389,0.0,0.047883,0.009687
2020-01-12 05:15:00,20.62,21.48,20.51,21.34,21.41,21.54,21.88,21.66,21.49,22.19,22.48,21.88,21.03,22.47,21.73,-3.1,0.0,0.0,1.0,0.101,0.0,0.0,0.0,1.0,0.0,0.0,0.0,0.0,0.0,0.966,0.352,0.0,36.0,21.0,23.0,0.0,2122.69,146.72,0.0,0.0,0.0,1763.11,0.0,0.0,0.0,0.0,0.0,937.92,621.01,0.0,36.0,28.89,24.31,36.0,36.0,36.0,27.13,36.0,36.0,36.0,36.0,36.0,25.29,27.17,36.0,0.0,0.071395,0.003004,0.0,0.0,0.0,0.047544,0.0,0.0,0.0,0.0,0.0,0.020942,0.016834,0.0
2020-01-12 05:30:00,20.29,21.39,20.17,20.72,21.35,21.4,21.98,21.24,21.12,22.11,22.35,21.47,21.48,22.22,21.64,-3.2,0.0,0.0,1.0,0.101,0.0,0.0,0.0,1.0,0.0,0.0,0.0,0.0,0.0,0.966,0.352,0.0,36.0,21.0,23.0,0.0,2127.08,145.87,0.0,0.0,0.0,1726.44,0.0,0.0,0.0,0.0,0.0,829.05,668.56,0.0,36.0,28.87,24.38,36.0,36.0,36.0,27.31,36.0,36.0,36.0,36.0,36.0,26.53,26.5,36.0,0.0,0.071395,0.003004,0.0,0.0,0.0,0.047544,0.0,0.0,0.0,0.0,0.0,0.020942,0.016834,0.0
2020-01-12 05:45:00,20.14,21.33,20.04,20.57,21.31,21.23,22.06,20.9,20.75,22.03,22.22,21.0,21.92,21.97,21.53,-3.3,0.0,0.0,1.0,0.101,0.0,0.0,0.0,1.0,0.0,0.0,0.0,0.0,0.0,0.966,0.352,0.0,36.0,21.0,23.0,0.0,2130.54,146.86,0.0,0.0,0.0,1699.63,0.0,0.0,0.0,0.0,0.0,768.13,700.62,0.0,36.0,28.86,24.3,36.0,36.0,36.0,27.45,36.0,36.0,36.0,36.0,36.0,27.23,26.04,36.0,0.0,0.071395,0.003004,0.0,0.0,0.0,0.047544,0.0,0.0,0.0,0.0,0.0,0.020942,0.016834,0.0
2020-01-12 06:00:00,20.03,21.3,19.96,20.46,21.24,21.05,22.11,20.61,20.49,21.95,22.1,20.64,22.17,21.75,21.44,-3.38,0.0,0.0,1.0,0.101,0.0,0.0,0.0,1.0,0.0,0.0,0.0,0.0,0.0,0.966,0.352,0.0,36.0,21.0,23.0,0.0,2132.21,147.45,0.0,0.0,0.0,1679.44,0.0,0.0,0.0,0.0,0.0,730.35,724.32,0.0,36.0,28.86,24.26,36.0,36.0,36.0,27.55,36.0,36.0,36.0,36.0,36.0,27.66,25.71,36.0,0.0,0.071395,0.003004,0.0,0.0,0.0,0.047544,0.0,0.0,0.0,0.0,0.0,0.020942,0.016834,0.0
2020-01-12 06:15:00,20.57,21.35,20.55,21.17,21.36,20.99,22.16,20.74,20.59,21.89,22.0,20.7,21.99,21.76,21.44,-3.46,0.0,1.0,1.0,1.0,1.0,1.0,1.0,1.0,1.0,1.0,0.0,0.0,1.0,0.0,1.0,1.0,36.0,21.0,23.0,528.59,2130.97,903.11,1678.3,414.23,268.4,1663.56,958.04,2199.64,0.0,0.0,2351.71,0.0,1895.41,541.9,26.54,28.86,28.75,26.82,23.05,21.47,27.63,24.91,24.33,36.0,36.0,24.83,36.0,26.53,22.62,0.013364,0.071395,0.029804,0.043751,0.007653,0.004419,0.047544,0.020669,0.045088,0.0,0.0,0.050389,0.0,0.047883,0.009687
2020-01-12 06:30:00,20.91,21.43,20.94,21.77,21.52,21.11,22.23,21.15,20.94,21.81,21.9,21.07,21.51,21.93,21.55,-3.54,0.0,1.0,1.0,1.0,1.0,1.0,1.0,1.0,1.0,1.0,0.0,0.0,1.0,0.0,1.0,1.0,36.0,21.0,23.0,539.09,2126.66,930.78,1713.26,416.91,258.18,1650.1,845.73,1988.2,0.0,0.0,2106.65,0.0,1782.15,525.18,26.35,28.87,28.53,26.63,22.97,22.02,27.7,26.21,25.45,36.0,36.0,26.0,36.0,27.1,23.03,0.013364,0.071395,0.029804,0.043751,0.007653,0.004419,0.047544,0.020669,0.045088,0.0,0.0,0.050389,0.0,0.047883,0.009687
2020-01-12 06:45:00,20.96,21.46,21.01,21.85,21.63,21.3,22.3,21.56,21.27,21.74,21.8,21.46,21.03,22.12,21.67,-3.62,0.0,1.0,1.0,1.0,1.0,1.0,1.0,1.0,1.0,1.0,0.0,0.0,1.0,0.0,1.0,1.0,36.0,21.0,23.0,541.1,2123.39,935.37,1718.58,416.9,251.04,1638.18,783.8,1867.45,0.0,0.0,1969.3,0.0,1718.97,513.9,26.31,28.88,28.49,26.6,22.97,22.41,27.76,26.93,26.09,36.0,36.0,26.65,36.0,27.41,23.31,0.013364,0.071395,0.029804,0.043751,0.007653,0.004419,0.047544,0.020669,0.045088,0.0,0.0,0.050389,0.0,0.047883,0.009687
2020-01-12 07:00:00,20.96,21.42,20.97,21.84,21.7,21.44,22.38,21.86,21.52,21.67,21.69,21.73,20.7,22.27,21.79,-3.69,0.0,1.0,1.0,1.0,1.0,1.0,1.0,1.0,1.0,1.0,0.0,0.0,1.0,0.0,1.0,1.0,36.0,21.0,23.0,534.46,2042.58,907.63,1693.83,415.68,245.74,1627.76,746.32,1792.23,0.0,0.0,1884.87,0.0,1679.98,505.68,26.43,29.16,28.71,26.74,23.01,22.7,27.81,27.36,26.49,36.0,36.0,27.05,36.0,27.61,23.51,0.013364,0.071395,0.029804,0.043751,0.007653,0.004419,0.047544,0.020669,0.045088,0.0,0.0,0.050389,0.0,0.047883,0.009687
2020-01-12 07:15:00,20.86,20.66,20.71,20.95,21.54,21.5,22.19,21.7,21.38,21.63,21.63,21.58,20.88,22.32,21.77,-3.76,0.0,0.833,0.19,0.898,0.0,0.0,0.0,0.0,0.0,0.0,0.0,0.0,0.0,1.0,0.875,0.0,36.0,21.0,23.0,480.27,608.25,903.92,0.0,0.0,0.0,0.0,0.0,0.0,0.0,0.0,0.0,973.31,1474.6,0.0,25.68,25.28,27.92,36.0,36.0,36.0,36.0,36.0,36.0,36.0,36.0,36.0,25.26,27.58,36.0,0.011128,0.013571,0.026758,0.0,0.0,0.0,0.0,0.0,0.0,0.0,0.0,0.0,0.021689,0.04188,0.0
2020-01-12 07:30:00,20.75,20.27,20.45,20.28,21.38,21.47,21.79,21.26,21.02,21.56,21.54,21.19,21.34,22.36,21.67,-3.83,0.0,0.833,0.19,0.898,0.0,0.0,0.0,0.0,0.0,0.0,0.0,0.0,0.0,1.0,0.875,0.0,36.0,21.0,23.0,485.17,608.34,919.02,0.0,0.0,0.0,0.0,0.0,0.0,0.0,0.0,0.0,856.62,1478.52,0.0,25.57,25.28,27.78,36.0,36.0,36.0,36.0,36.0,36.0,36.0,36.0,36.0,26.55,27.55,36.0,0.011128,0.013571,0.026758,0.0,0.0,0.0,0.0,0.0,0.0,0.0,0.0,0.0,0.021689,0.04188,0.0
2020-01-12 07:45:00,20.69,20.11,20.34,20.05,21.17,21.38,21.38,20.86,20.67,21.5,21.45,20.81,21.81,22.36,21.56,-3.91,0.0,0.833,0.19,0.898,0.0,0.0,0.0,0.0,0.0,0.0,0.0,0.0,0.0,1.0,0.875,0.0,36.0,21.0,23.0,490.86,614.56,934.27,0.0,0.0,0.0,0.0,0.0,0.0,0.0,0.0,0.0,791.89,1478.63,0.0,25.45,25.17,27.65,36.0,36.0,36.0,36.0,36.0,36.0,36.0,36.0,36.0,27.27,27.55,36.0,0.011128,0.013571,0.026758,0.0,0.0,0.0,0.0,0.0,0.0,0.0,0.0,0.0,0.021689,0.04188,0.0
2020-01-12 08:00:00,20.67,19.97,20.29,19.89,20.98,21.31,21.03,20.55,20.36,21.43,21.36,20.48,22.1,22.35,21.45,-3.85,0.0,0.833,0.19,0.898,0.0,0.0,0.0,0.0,0.0,0.0,0.0,0.0,0.0,1.0,0.875,0.0,36.0,21.0,23.0,479.71,622.61,892.44,0.0,0.0,0.0,0.0,0.0,0.0,0.0,0.0,0.0,752.74,1477.55,0.0,25.69,25.02,28.02,36.0,36.0,36.0,36.0,36.0,36.0,36.0,36.0,36.0,27.7,27.56,36.0,0.011128,0.013571,0.026758,0.0,0.0,0.0,0.0,0.0,0.0,0.0,0.0,0.0,0.021689,0.04188,0.0
2020-01-12 08:15:00,20.78,20.64,20.47,20.64,21.03,21.2,21.05,20.37,20.5,21.39,21.3,20.61,21.92,22.14,21.47,-3.8,12.0,1.0,1.0,1.0,1.0,1.0,0.0,0.721,0.0,1.0,0.0,0.0,1.0,0.0,0.0,1.0,36.0,21.0,23.0,555.4,2215.67,973.18,1840.83,425.76,0.0,1628.07,0.0,2212.94,0.0,0.0,2393.39,0.0,0.0,540.49,26.06,28.58,28.19,25.93,22.69,36.0,24.64,36.0,24.26,36.0,36.0,24.64,36.0,36.0,22.65,0.013364,0.071395,0.029804,0.043751,0.007653,0.0,0.034285,0.0,0.045088,0.0,0.0,0.050389,0.0,0.0,0.009687
2020-01-12 08:30:00,20.95,21.25,20.98,21.37,21.24,21.16,21.42,20.4,20.88,21.34,21.22,21.18,21.77,21.77,21.57,-3.75,105.2,1.0,1.0,1.0,1.0,1.0,0.0,0.721,0.0,1.0,0.0,0.0,1.0,0.0,0.0,1.0,36.0,21.0,23.0,550.7,2129.74,890.45,1860.79,427.97,0.0,1497.51,0.0,1995.64,0.0,0.0,2101.32,0.0,0.0,523.89,26.14,28.86,28.85,25.82,22.62,36.0,25.55,36.0,25.41,36.0,36.0,26.02,36.0,36.0,23.06,0.013364,0.071395,0.029804,0.043751,0.007653,0.0,0.034285,0.0,0.045088,0.0,0.0,0.050389,0.0,0.0,0.009687
2020-01-12 08:45:00,21.1,21.62,21.47,21.58,21.43,21.18,21.93,20.69,21.28,21.28,21.14,21.87,21.92,21.44,21.69,-3.69,198.5,1.0,1.0,1.0,1.0,1.0,0.0,0.721,0.0,1.0,0.0,0.0,1.0,0.0,0.0,1.0,36.0,21.0,23.0,544.65,2021.97,798.44,1847.75,426.83,0.0,1389.09,0.0,1868.36,0.0,0.0,1888.61,0.0,0.0,512.73,26.25,29.22,29.59,25.9,22.66,36.0,26.31,36.0,26.09,36.0,36.0,27.03,36.0,36.0,23.34,0.013364,0.071395,0.029804,0.043751,0.007653,0.0,0.034285,0.0,0.045088,0.0,0.0,0.050389,0.0,0.0,0.009687
2020-01-12 09:00:00,21.27,21.97,21.88,21.72,21.6,21.33,22.42,21.14,21.59,21.23,21.06,22.44,22.31,21.2,21.79,-3.41,291.8,1.0,1.0,1.0,1.0,1.0,0.0,0.721,0.0,1.0,0.0,0.0,1.0,0.0,0.0,1.0,36.0,21.0,23.0,539.14,1952.8,713.56,1844.37,426.18,0.0,1294.18,0.0,1784.39,0.0,0.0,1720.58,0.0,0.0,504.53,26.35,29.46,30.27,25.91,22.68,36.0,26.97,36.0,26.53,36.0,36.0,27.83,36.0,36.0,23.54,0.013364,0.071395,0.029804,0.043751,0.007653,0.0,0.034285,0.0,0.045088,0.0,0.0,0.050389,0.0,0.0,0.009687
2020-01-12 09:15:00,20.77,21.2,21.46,20.88,21.55,21.44,22.6,21.68,21.55,21.18,21.01,22.64,22.83,21.07,21.79,-3.13,385.1,0.0,0.0,0.0,0.0,0.0,0.0,0.0,0.0,0.0,0.0,0.167,0.0,0.0,0.074,0.0,36.0,21.0,23.0,0.0,0.0,0.0,0.0,0.0,0.0,0.0,0.0,0.0,0.0,54.21,0.0,0.0,186.78,0.0,36.0,36.0,36.0,36.0,36.0,36.0,36.0,36.0,36.0,36.0,21.49,36.0,36.0,23.38,36.0,0.0,0.0,0.0,0.0,0.0,0.0,0.0,0.0,0.0,0.0,0.000894,0.0,0.0,0.003542,0.0
2020-01-12 09:30:00,20.5,20.88,21.28,20.29,21.54,21.44,22.6,22.33,21.28,21.12,20.97,22.61,23.49,20.97,21.69,-2.84,415.9,0.0,0.0,0.0,0.0,0.0,0.0,0.0,0.0,0.0,0.0,0.167,0.0,0.0,0.074,0.0,36.0,21.0,23.0,0.0,0.0,0.0,0.0,0.0,0.0,0.0,0.0,0.0,0.0,54.06,0.0,0.0,190.01,0.0,36.0,36.0,36.0,36.0,36.0,36.0,36.0,36.0,36.0,36.0,21.53,36.0,36.0,23.16,36.0,0.0,0.0,0.0,0.0,0.0,0.0,0.0,0.0,0.0,0.0,0.000894,0.0,0.0,0.003542,0.0
2020-01-12 09:45:00,20.44,20.83,21.36,20.21,21.46,21.37,22.53,22.93,21.02,21.07,20.93,22.51,24.09,20.88,21.59,-2.56,446.8,0.0,0.0,0.0,0.0,0.0,0.0,0.0,0.0,0.0,0.0,0.167,0.0,0.0,0.074,0.0,36.0,21.0,23.0,0.0,0.0,0.0,0.0,0.0,0.0,0.0,0.0,0.0,0.0,54.01,0.0,0.0,192.82,0.0,36.0,36.0,36.0,36.0,36.0,36.0,36.0,36.0,36.0,36.0,21.54,36.0,36.0,22.97,36.0,0.0,0.0,0.0,0.0,0.0,0.0,0.0,0.0,0.0,0.0,0.000894,0.0,0.0,0.003542,0.0
2020-01-12 10:00:00,20.44,20.8,21.49,20.19,21.37,21.3,22.46,23.65,20.8,21.02,20.9,22.39,24.78,20.8,21.49,-2.3,477.7,0.0,0.0,0.0,0.0,0.0,0.0,0.0,0.0,0.0,0.0,0.167,0.0,0.0,0.074,0.0,36.0,21.0,23.0,0.0,0.0,0.0,0.0,0.0,0.0,0.0,0.0,0.0,0.0,54.03,0.0,0.0,195.21,0.0,36.0,36.0,36.0,36.0,36.0,36.0,36.0,36.0,36.0,36.0,21.54,36.0,36.0,22.81,36.0,0.0,0.0,0.0,0.0,0.0,0.0,0.0,0.0,0.0,0.0,0.000894,0.0,0.0,0.003542,0.0
2020-01-12 10:15:00,20.95,21.39,21.9,20.93,21.32,21.27,22.4,24.37,20.94,21.0,20.94,22.29,25.51,21.0,21.4,-2.04,508.5,1.0,0.532,0.0,1.0,0.0,0.0,0.0,0.0,1.0,0.531,1.0,0.0,0.0,0.932,0.0,36.0,21.0,23.0,543.95,1320.5,0.0,1852.09,0.0,0.0,0.0,0.0,2153.73,247.33,308.27,0.0,0.0,2142.29,0.0,26.26,27.68,36.0,25.87,36.0,36.0,36.0,36.0,24.57,21.52,22.22,36.0,36.0,24.52,36.0,0.013364,0.037968,0.0,0.043751,0.0,0.0,0.0,0.0,0.045088,0.004085,0.00535,0.0,0.0,0.044645,0.0
2020-01-12 10:30:00,21.42,21.71,22.47,21.72,21.33,21.28,22.34,25.12,21.34,21.02,21.08,22.2,26.24,21.43,21.31,-1.77,536.2,1.0,0.532,0.0,1.0,0.0,0.0,0.0,0.0,1.0,0.531,1.0,0.0,0.0,0.932,0.0,36.0,21.0,23.0,551.66,1352.71,0.0,1868.75,0.0,0.0,0.0,0.0,1934.24,243.8,296.53,0.0,0.0,1918.06,0.0,26.12,27.48,36.0,25.78,36.0,36.0,36.0,36.0,25.74,21.72,22.74,36.0,36.0,25.72,36.0,0.013364,0.037968,0.0,0.043751,0.0,0.0,0.0,0.0,0.045088,0.004085,0.00535,0.0,0.0,0.044645,0.0
2020-01-12 10:45:00,21.65,21.79,22.82,21.95,21.35,21.32,22.27,25.87,21.78,21.05,21.22,22.09,26.99,21.87,21.23,-1.51,563.9,1.0,0.532,0.0,1.0,0.0,0.0,0.0,0.0,1.0,0.531,1.0,0.0,0.0,0.932,0.0,36.0,21.0,23.0,550.27,1371.89,0.0,1848.01,0.0,0.0,0.0,0.0,1804.08,241.43,288.57,0.0,0.0,1783.38,0.0,26.15,27.36,36.0,25.89,36.0,36.0,36.0,36.0,26.43,21.86,23.1,36.0,36.0,26.44,36.0,0.013364,0.037968,0.0,0.043751,0.0,0.0,0.0,0.0,0.045088,0.004085,0.00535,0.0,0.0,0.044645,0.0
2020-01-12 11:00:00,21.81,21.83,23.05,22.12,21.37,21.37,22.17,26.63,22.06,21.09,21.34,21.97,27.75,22.18,21.16,-1.27,591.6,1.0,0.532,0.0,1.0,0.0,0.0,0.0,0.0,1.0,0.531,1.0,0.0,0.0,0.932,0.0,36.0,21.0,23.0,550.99,1395.85,0.0,1836.09,0.0,0.0,0.0,0.0,1717.45,239.71,282.74,0.0,0.0,1693.42,0.0,26.14,27.2,36.0,25.96,36.0,36.0,36.0,36.0,26.89,21.96,23.36,36.0,36.0,26.93,36.0,0.013364,0.037968,0.0,0.043751,0.0,0.0,0.0,0.0,0.045088,0.004085,0.00535,0.0,0.0,0.044645,0.0
2020-01-12 11:15:00,21.38,21.19,22.93,21.43,21.35,21.36,22.05,27.37,22.03,21.08,21.34,21.82,28.48,22.15,21.09,-1.02,619.3,0.0,0.0,0.0,0.0,0.0,0.0,0.0,0.0,0.0,0.0,0.0,0.0,0.0,0.0,0.0,26.5,21.0,23.0,0.0,0.0,0.0,0.0,0.0,0.0,0.0,0.0,0.0,0.0,0.0,0.0,0.0,0.0,0.0,36.0,36.0,36.0,36.0,36.0,36.0,36.0,36.0,36.0,36.0,36.0,36.0,36.0,36.0,36.0,0.0,0.0,0.0,0.0,0.0,0.0,0.0,0.0,0.0,0.0,0.0,0.0,0.0,0.0,0.0
2020-01-12 11:30:00,21.14,20.84,22.74,21.04,21.27,21.24,21.89,28.1,21.81,21.03,21.24,21.63,29.21,21.9,21.01,-0.78,616.8,0.0,0.0,0.0,0.0,0.0,0.0,0.0,0.0,0.0,0.0,0.0,0.0,0.0,0.0,0.0,26.5,21.0,23.0,0.0,0.0,0.0,0.0,0.0,0.0,0.0,0.0,0.0,0.0,0.0,0.0,0.0,0.0,0.0,36.0,36.0,36.0,36.0,36.0,36.0,36.0,36.0,36.0,36.0,36.0,36.0,36.0,36.0,36.0,0.0,0.0,0.0,0.0,0.0,0.0,0.0,0.0,0.0,0.0,0.0,0.0,0.0,0.0,0.0
2020-01-12 11:45:00,21.09,20.69,22.72,20.95,21.16,21.1,21.73,28.76,21.53,20.96,21.13,21.43,29.85,21.61,20.94,-0.53,614.3,0.0,0.0,0.0,0.0,0.0,0.0,0.0,0.0,0.0,0.0,0.0,0.0,0.0,0.0,0.0,26.5,21.0,23.0,0.0,0.0,0.0,0.0,0.0,0.0,0.0,0.0,0.0,0.0,0.0,0.0,0.0,0.0,0.0,36.0,36.0,36.0,36.0,36.0,36.0,36.0,36.0,36.0,36.0,36.0,36.0,36.0,36.0,36.0,0.0,0.0,0.0,0.0,0.0,0.0,0.0,0.0,0.0,0.0,0.0,0.0,0.0,0.0,0.0
2020-01-12 12:00:00,21.06,20.59,22.75,20.96,21.05,20.96,21.59,29.37,21.35,20.9,21.03,21.26,30.42,21.42,20.87,-0.38,611.8,0.0,0.0,0.0,0.0,0.0,0.0,0.0,0.0,0.0,0.0,0.0,0.0,0.0,0.0,0.0,26.5,21.0,23.0,0.0,0.0,0.0,0.0,0.0,0.0,0.0,0.0,0.0,0.0,0.0,0.0,0.0,0.0,0.0,36.0,36.0,36.0,36.0,36.0,36.0,36.0,36.0,36.0,36.0,36.0,36.0,36.0,36.0,36.0,0.0,0.0,0.0,0.0,0.0,0.0,0.0,0.0,0.0,0.0,0.0,0.0,0.0,0.0,0.0
2020-01-12 12:15:00,21.08,21.28,22.93,21.03,20.98,20.89,21.48,29.85,21.28,20.91,21.0,21.13,30.87,21.34,20.88,-0.23,609.3,0.0,0.779,0.0,0.0,0.0,1.0,0.0,0.0,0.0,1.0,0.449,0.0,0.0,0.0,1.0,36.0,21.0,23.0,0.0,1932.39,0.0,0.0,0.0,270.54,0.0,0.0,0.0,457.72,140.7,0.0,0.0,0.0,572.53,36.0,27.68,36.0,36.0,36.0,21.35,36.0,36.0,36.0,21.77,21.98,36.0,36.0,36.0,21.86,0.0,0.05559,0.0,0.0,0.0,0.004419,0.0,0.0,0.0,0.007697,0.0024,0.0,0.0,0.0,0.009687
2020-01-12 12:30:00,21.19,21.72,23.14,21.23,20.91,20.89,21.36,30.36,21.25,21.0,21.01,20.99,31.32,21.32,21.01,-0.07,599.8,0.0,0.779,0.0,0.0,0.0,1.0,0.0,0.0,0.0,1.0,0.449,0.0,0.0,0.0,1.0,36.0,21.0,23.0,0.0,1973.24,0.0,0.0,0.0,260.25,0.0,0.0,0.0,445.2,139.14,0.0,0.0,0.0,551.86,36.0,27.51,36.0,36.0,36.0,21.91,36.0,36.0,36.0,22.16,22.13,36.0,36.0,36.0,22.37,0.0,0.05559,0.0,0.0,0.0,0.004419,0.0,0.0,0.0,0.007697,0.0024,0.0,0.0,0.0,0.009687
2020-01-12 12:45:00,21.29,21.81,23.29,21.43,20.86,20.94,21.25,30.84,21.29,21.11,21.03,20.87,31.75,21.37,21.16,0.08,590.4,0.0,0.779,0.0,0.0,0.0,1.0,0.0,0.0,0.0,1.0,0.449,0.0,0.0,0.0,1.0,36.0,21.0,23.0,0.0,1965.04,0.0,0.0,0.0,253.33,0.0,0.0,0.0,436.63,138.17,0.0,0.0,0.0,537.77,36.0,27.54,36.0,36.0,36.0,22.29,36.0,36.0,36.0,22.43,22.23,36.0,36.0,36.0,22.72,0.0,0.05559,0.0,0.0,0.0,0.004419,0.0,0.0,0.0,0.007697,0.0024,0.0,0.0,0.0,0.009687
2020-01-12 13:00:00,21.34,21.87,23.39,21.63,20.83,21.01,21.15,31.22,21.37,21.21,21.04,20.76,32.07,21.47,21.29,0.14,580.9,0.0,0.779,0.0,0.0,0.0,1.0,0.0,0.0,0.0,1.0,0.449,0.0,0.0,0.0,1.0,36.0,21.0,23.0,0.0,1968.0,0.0,0.0,0.0,248.31,0.0,0.0,0.0,430.23,137.51,0.0,0.0,0.0,527.36,36.0,27.53,36.0,36.0,36.0,22.56,36.0,36.0,36.0,22.63,22.29,36.0,36.0,36.0,22.98,0.0,0.05559,0.0,0.0,0.0,0.004419,0.0,0.0,0.0,0.007697,0.0024,0.0,0.0,0.0,0.009687
2020-01-12 13:15:00,21.35,21.07,23.32,21.8,20.93,21.05,21.08,31.51,21.71,21.21,21.03,20.98,32.31,21.6,21.29,0.21,571.4,0.0,0.0,0.0,0.0,1.0,0.0,0.0,0.0,1.0,0.0,0.239,1.0,0.0,0.0,0.0,36.0,21.0,23.0,0.0,0.0,0.0,0.0,436.65,0.0,0.0,0.0,2035.7,0.0,74.03,2454.5,0.0,0.0,0.0,36.0,36.0,36.0,36.0,22.35,36.0,36.0,36.0,25.2,36.0,22.17,24.35,36.0,36.0,36.0,0.0,0.0,0.0,0.0,0.007653,0.0,0.0,0.0,0.045088,0.0,0.001281,0.050389,0.0,0.0,0.0
2020-01-12 13:30:00,21.22,20.78,23.17,21.93,21.22,21.14,20.99,31.74,22.34,21.15,21.0,21.49,32.47,21.77,21.21,0.27,541.7,0.0,0.0,0.0,0.0,1.0,0.0,0.0,0.0,1.0,0.0,0.239,1.0,0.0,0.0,0.0,36.0,21.0,23.0,0.0,0.0,0.0,0.0,439.21,0.0,0.0,0.0,1744.19,0.0,74.61,2139.17,0.0,0.0,0.0,36.0,36.0,36.0,36.0,22.27,36.0,36.0,36.0,26.75,36.0,22.06,25.84,36.0,36.0,36.0,0.0,0.0,0.0,0.0,0.007653,0.0,0.0,0.0,0.045088,0.0,0.001281,0.050389,0.0,0.0,0.0
2020-01-12 13:45:00,21.15,20.69,23.1,22.09,21.42,21.29,20.92,31.89,22.98,21.08,20.96,22.0,32.52,21.96,21.11,0.33,512.0,0.0,0.0,0.0,0.0,1.0,0.0,0.0,0.0,1.0,0.0,0.239,1.0,0.0,0.0,0.0,36.0,21.0,23.0,0.0,0.0,0.0,0.0,437.78,0.0,0.0,0.0,1554.23,0.0,75.03,1958.17,0.0,0.0,0.0,36.0,36.0,36.0,36.0,22.31,36.0,36.0,36.0,27.75,36.0,21.98,26.7,36.0,36.0,36.0,0.0,0.0,0.0,0.0,0.007653,0.0,0.0,0.0,0.045088,0.0,0.001281,0.050389,0.0,0.0,0.0
2020-01-12 14:00:00,21.09,20.6,23.01,22.24,21.6,21.46,20.86,31.92,23.42,21.0,20.92,22.33,32.48,22.16,21.01,0.27,482.3,0.0,0.0,0.0,0.0,1.0,0.0,0.0,0.0,1.0,0.0,0.239,1.0,0.0,0.0,0.0,36.0,21.0,23.0,0.0,0.0,0.0,0.0,436.35,0.0,0.0,0.0,1416.43,0.0,75.37,1842.46,0.0,0.0,0.0,36.0,36.0,36.0,36.0,22.36,36.0,36.0,36.0,28.48,36.0,21.92,27.25,36.0,36.0,36.0,0.0,0.0,0.0,0.0,0.007653,0.0,0.0,0.0,0.045088,0.0,0.001281,0.050389,0.0,0.0,0.0
2020-01-12 14:15:00,21.05,21.34,23.06,22.37,21.58,21.55,21.03,31.9,23.54,20.99,20.96,22.25,32.41,22.33,21.0,0.21,452.6,0.0,0.878,0.0,0.0,0.0,0.0,0.891,0.0,0.0,0.797,1.0,0.0,0.0,0.0,0.697,36.0,21.0,23.0,0.0,2020.71,0.0,0.0,0.0,0.0,2139.44,0.0,0.0,362.89,302.33,0.0,0.0,0.0,395.55,36.0,28.29,36.0,36.0,36.0,36.0,23.91,36.0,36.0,21.86,22.48,36.0,36.0,36.0,21.99,0.0,0.062719,0.0,0.0,0.0,0.0,0.042343,0.0,0.0,0.006138,0.00535,0.0,0.0,0.0,0.006752
2020-01-12 14:30:00,21.11,21.83,23.18,22.53,21.65,21.54,21.41,31.82,23.51,21.05,21.09,21.93,32.26,22.49,21.05,0.14,420.3,0.0,0.878,0.0,0.0,0.0,0.0,0.891,0.0,0.0,0.797,1.0,0.0,0.0,0.0,0.697,36.0,21.0,23.0,0.0,2034.03,0.0,0.0,0.0,0.0,1903.98,0.0,0.0,356.09,292.5,0.0,0.0,0.0,387.78,36.0,28.24,36.0,36.0,36.0,36.0,25.24,36.0,36.0,22.12,22.92,36.0,36.0,36.0,22.26,0.0,0.062719,0.0,0.0,0.0,0.0,0.042343,0.0,0.0,0.006138,0.00535,0.0,0.0,0.0,0.006752
2020-01-12 14:45:00,21.13,21.92,23.16,22.66,21.68,21.51,21.82,31.68,23.49,21.11,21.22,21.58,32.04,22.61,21.13,0.08,388.0,0.0,0.878,0.0,0.0,0.0,0.0,0.891,0.0,0.0,0.797,1.0,0.0,0.0,0.0,0.697,36.0,21.0,23.0,0.0,1989.61,0.0,0.0,0.0,0.0,1765.47,0.0,0.0,351.48,285.82,0.0,0.0,0.0,382.55,36.0,28.41,36.0,36.0,36.0,36.0,26.03,36.0,36.0,22.3,23.22,36.0,36.0,36.0,22.45,0.0,0.062719,0.0,0.0,0.0,0.0,0.042343,0.0,0.0,0.006138,0.00535,0.0,0.0,0.0,0.006752
2020-01-12 15:00:00,21.05,21.95,23.05,22.74,21.7,21.5,22.1,31.48,23.51,21.17,21.33,21.26,31.76,22.7,21.19,-0.08,355.7,0.0,0.878,0.0,0.0,0.0,0.0,0.891,0.0,0.0,0.797,1.0,0.0,0.0,0.0,0.697,36.0,21.0,23.0,0.0,1978.74,0.0,0.0,0.0,0.0,1675.66,0.0,0.0,348.07,280.88,0.0,0.0,0.0,378.68,36.0,28.45,36.0,36.0,36.0,36.0,26.53,36.0,36.0,22.43,23.44,36.0,36.0,36.0,22.58,0.0,0.062719,0.0,0.0,0.0,0.0,0.042343,0.0,0.0,0.006138,0.00535,0.0,0.0,0.0,0.006752
2020-01-12 15:15:00,20.97,21.01,22.73,22.77,21.72,21.48,22.03,31.27,23.53,21.17,21.31,21.05,31.47,22.76,21.17,-0.23,323.3,0.215,0.0,0.0,0.0,0.0,0.0,0.0,0.0,0.0,0.0,0.0,0.0,0.0,0.0,0.0,36.0,21.0,23.0,159.93,0.0,0.0,0.0,0.0,0.0,0.0,0.0,0.0,0.0,0.0,0.0,0.0,0.0,0.0,22.66,36.0,36.0,36.0,36.0,36.0,36.0,36.0,36.0,36.0,36.0,36.0,36.0,36.0,36.0,0.002867,0.0,0.0,0.0,0.0,0.0,0.0,0.0,0.0,0.0,0.0,0.0,0.0,0.0,0.0
2020-01-12 15:30:00,20.73,20.58,22.32,22.62,21.69,21.43,21.71,30.88,23.47,21.1,21.2,20.82,30.99,22.74,21.09,-0.39,244.7,0.215,0.0,0.0,0.0,0.0,0.0,0.0,0.0,0.0,0.0,0.0,0.0,0.0,0.0,0.0,36.0,21.0,23.0,161.23,0.0,0.0,0.0,0.0,0.0,0.0,0.0,0.0,0.0,0.0,0.0,0.0,0.0,0.0,22.55,36.0,36.0,36.0,36.0,36.0,36.0,36.0,36.0,36.0,36.0,36.0,36.0,36.0,36.0,0.002867,0.0,0.0,0.0,0.0,0.0,0.0,0.0,0.0,0.0,0.0,0.0,0.0,0.0,0.0
2020-01-12 15:45:00,20.53,20.36,21.96,22.36,21.62,21.34,21.35,30.41,23.32,21.03,21.09,20.62,30.42,22.6,20.99,-0.54,166.1,0.215,0.0,0.0,0.0,0.0,0.0,0.0,0.0,0.0,0.0,0.0,0.0,0.0,0.0,0.0,36.0,21.0,23.0,161.93,0.0,0.0,0.0,0.0,0.0,0.0,0.0,0.0,0.0,0.0,0.0,0.0,0.0,0.0,22.49,36.0,36.0,36.0,36.0,36.0,36.0,36.0,36.0,36.0,36.0,36.0,36.0,36.0,36.0,0.002867,0.0,0.0,0.0,0.0,0.0,0.0,0.0,0.0,0.0,0.0,0.0,0.0,0.0,0.0
2020-01-12 16:00:00,20.3,20.13,21.57,21.99,21.5,21.18,21.1,29.88,23.07,20.97,20.99,20.42,29.78,22.32,20.91,-0.77,87.5,0.215,0.0,0.0,0.0,0.0,0.0,0.0,0.0,0.0,0.0,0.0,0.0,0.0,0.0,0.0,36.0,21.0,23.0,163.12,0.0,0.0,0.0,0.0,0.0,0.0,0.0,0.0,0.0,0.0,0.0,0.0,0.0,0.0,22.39,36.0,36.0,36.0,36.0,36.0,36.0,36.0,36.0,36.0,36.0,36.0,36.0,36.0,36.0,0.002867,0.0,0.0,0.0,0.0,0.0,0.0,0.0,0.0,0.0,0.0,0.0,0.0,0.0,0.0
2020-01-12 16:15:00,20.61,20.91,21.91,22.29,21.37,21.03,20.97,29.2,22.83,20.96,20.98,20.51,28.97,21.89,20.92,-1.01,8.9,1.0,1.0,1.0,1.0,0.0,1.0,0.407,0.0,0.67,1.0,0.742,1.0,0.0,0.0,1.0,36.0,21.0,23.0,595.29,2171.28,740.92,1668.47,0.0,267.9,1002.47,0.0,1210.97,453.25,228.84,2516.58,0.0,0.0,564.7,25.34,28.72,30.05,26.88,36.0,21.5,23.62,36.0,26.41,21.91,22.21,24.05,36.0,36.0,22.05,0.013364,0.071395,0.029804,0.043751,0.0,0.004419,0.019371,0.0,0.030198,0.007697,0.00397,0.050389,0.0,0.0,0.009687
2020-01-12 16:30:00,20.98,21.42,22.23,22.73,21.31,21.01,20.98,28.6,22.76,21.05,21.04,20.92,28.31,21.55,21.03,-1.24,6.7,1.0,1.0,1.0,1.0,0.0,1.0,0.407,0.0,0.67,1.0,0.742,1.0,0.0,0.0,1.0,36.0,21.0,23.0,598.94,2204.97,765.95,1677.99,0.0,257.9,971.44,0.0,1171.16,441.64,223.28,2216.24,0.0,0.0,546.29,25.28,28.61,29.85,26.82,36.0,22.04,24.0,36.0,26.72,22.27,22.55,25.48,36.0,36.0,22.51,0.013364,0.071395,0.029804,0.043751,0.0,0.004419,0.019371,0.0,0.030198,0.007697,0.00397,0.050389,0.0,0.0,0.009687
2020-01-12 16:45:00,21.12,21.48,22.29,22.82,21.29,21.05,21.0,28.05,22.72,21.15,21.12,21.37,27.69,21.27,21.17,-1.47,0.0,1.0,1.0,1.0,1.0,0.0,1.0,0.407,0.0,0.67,1.0,0.742,1.0,0.0,0.0,1.0,36.0,21.0,23.0,588.07,2182.44,765.92,1658.84,0.0,251.18,954.44,0.0,1153.0,433.76,219.63,2046.08,0.0,0.0,533.79,25.47,28.69,29.85,26.93,36.0,22.4,24.21,36.0,26.87,22.52,22.77,26.29,36.0,36.0,22.82,0.013364,0.071395,0.029804,0.043751,0.0,0.004419,0.019371,0.0,0.030198,0.007697,0.00397,0.050389,0.0,0.0,0.009687
2020-01-12 17:00:00,21.16,21.51,22.26,22.83,21.26,21.13,21.01,27.59,22.68,21.23,21.19,21.61,27.18,21.02,21.29,-1.55,0.0,1.0,1.0,1.0,1.0,0.0,1.0,0.407,0.0,0.67,1.0,0.742,1.0,0.0,0.0,1.0,36.0,21.0,23.0,579.93,2174.66,770.11,1647.61,0.0,246.35,944.35,0.0,1144.23,427.9,217.0,1939.6,0.0,0.0,524.52,25.62,28.71,29.82,26.99,36.0,22.66,24.34,36.0,26.94,22.7,22.92,26.79,36.0,36.0,23.05,0.013364,0.071395,0.029804,0.043751,0.0,0.004419,0.019371,0.0,0.030198,0.007697,0.00397,0.050389,0.0,0.0,0.009687
2020-01-12 17:15:00,20.49,20.62,21.39,21.93,21.25,21.11,21.05,27.21,22.7,21.23,21.16,21.48,26.76,21.02,21.37,-1.62,0.0,0.137,0.154,0.0,0.0,0.0,0.0,0.574,0.0,1.0,0.0,0.0,0.0,0.0,0.746,1.0,36.0,21.0,23.0,103.55,514.81,0.0,0.0,0.0,0.0,1284.08,0.0,1618.85,0.0,0.0,0.0,0.0,1774.15,517.32,22.51,24.77,36.0,36.0,36.0,36.0,24.74,36.0,27.41,36.0,36.0,36.0,36.0,24.12,23.22,0.001836,0.010964,0.0,0.0,0.0,0.0,0.027279,0.0,0.045088,0.0,0.0,0.0,0.0,0.035723,0.009687
2020-01-12 17:30:00,20.07,20.15,20.82,21.25,21.26,21.01,21.15,26.79,22.76,21.16,21.06,21.08,26.3,21.23,21.47,-1.7,0.0,0.137,0.154,0.0,0.0,0.0,0.0,0.574,0.0,1.0,0.0,0.0,0.0,0.0,0.746,1.0,36.0,21.0,23.0,102.44,514.04,0.0,0.0,0.0,0.0,1251.7,0.0,1559.81,0.0,0.0,0.0,0.0,1632.98,511.58,22.65,24.78,36.0,36.0,36.0,36.0,25.02,36.0,27.72,36.0,36.0,36.0,36.0,25.06,23.37,0.001836,0.010964,0.0,0.0,0.0,0.0,0.027279,0.0,0.045088,0.0,0.0,0.0,0.0,0.035723,0.009687
2020-01-12 17:45:00,19.91,19.97,20.57,21.04,21.28,20.94,21.21,26.38,22.8,21.09,20.95,20.63,25.85,21.42,21.56,-1.77,0.0,0.137,0.154,0.0,0.0,0.0,0.0,0.574,0.0,1.0,0.0,0.0,0.0,0.0,0.746,1.0,36.0,21.0,23.0,101.99,518.81,0.0,0.0,0.0,0.0,1231.24,0.0,1526.96,0.0,0.0,0.0,0.0,1551.07,506.74,22.71,24.68,36.0,36.0,36.0,36.0,25.2,36.0,27.9,36.0,36.0,36.0,36.0,25.61,23.49,0.001836,0.010964,0.0,0.0,0.0,0.0,0.027279,0.0,0.045088,0.0,0.0,0.0,0.0,0.035723,0.009687
2020-01-12 18:00:00,19.82,19.84,20.39,20.9,21.28,20.86,21.26,26.01,22.82,21.01,20.85,20.31,25.46,21.54,21.64,-1.86,0.0,0.137,0.154,0.0,0.0,0.0,0.0,0.574,0.0,1.0,0.0,0.0,0.0,0.0,0.746,1.0,36.0,21.0,23.0,101.35,521.77,0.0,0.0,0.0,0.0,1217.56,0.0,1507.24,0.0,0.0,0.0,0.0,1499.78,502.58,22.79,24.61,36.0,36.0,36.0,36.0,25.32,36.0,28.0,36.0,36.0,36.0,36.0,25.96,23.59,0.001836,0.010964,0.0,0.0,0.0,0.0,0.027279,0.0,0.045088,0.0,0.0,0.0,0.0,0.035723,0.009687
2020-01-12 18:15:00,20.34,20.6,21.06,21.6,21.38,20.9,21.1,25.69,22.85,21.01,20.87,20.42,25.12,21.66,21.7,-1.95,0.0,1.0,1.0,1.0,1.0,1.0,1.0,0.0,0.0,1.0,1.0,1.0,1.0,0.0,1.0,1.0,36.0,21.0,23.0,556.4,2202.69,807.46,1637.55,439.72,260.16,0.0,0.0,1494.91,450.44,307.95,2433.19,0.0,1886.83,498.9,26.04,28.62,29.52,27.05,22.25,21.92,36.0,36.0,28.07,22.0,22.23,24.45,36.0,26.57,23.68,0.013364,0.071395,0.029804,0.043751,0.007653,0.004419,0.0,0.0,0.045088,0.007697,0.00535,0.050389,0.0,0.047883,0.009687
2020-01-12 18:30:00,20.8,21.08,21.56,22.27,21.44,21.07,20.79,25.34,22.88,21.1,21.0,20.84,24.75,21.85,21.78,-2.03,0.0,1.0,1.0,1.0,1.0,1.0,1.0,0.0,0.0,1.0,1.0,1.0,1.0,0.0,1.0,1.0,36.0,21.0,23.0,557.45,2221.39,825.87,1650.72,437.97,251.97,0.0,0.0,1486.62,439.28,296.41,2171.41,0.0,1803.28,495.61,26.02,28.56,29.37,26.97,22.31,22.36,36.0,36.0,28.11,22.35,22.75,25.69,36.0,26.99,23.76,0.013364,0.071395,0.029804,0.043751,0.007653,0.004419,0.0,0.0,0.045088,0.007697,0.00535,0.050389,0.0,0.047883,0.009687
2020-01-12 18:45:00,20.98,21.18,21.71,22.42,21.43,21.28,20.53,25.0,22.88,21.19,21.13,21.25,24.39,22.02,21.85,-2.12,0.0,1.0,1.0,1.0,1.0,1.0,1.0,0.0,0.0,1.0,1.0,1.0,1.0,0.0,1.0,1.0,36.0,21.0,23.0,550.13,2197.75,817.32,1630.18,435.28,246.26,0.0,0.0,1480.86,431.71,288.76,2023.05,0.0,1750.4,492.55,26.15,28.64,29.44,27.09,22.39,22.67,36.0,36.0,28.14,22.58,23.09,26.4,36.0,27.25,23.84,0.013364,0.071395,0.029804,0.043751,0.007653,0.004419,0.0,0.0,0.045088,0.007697,0.00535,0.050389,0.0,0.047883,0.009687
2020-01-12 19:00:00,21.04,21.2,21.71,22.47,21.43,21.41,20.32,24.71,22.89,21.28,21.26,21.55,24.09,22.18,21.92,-2.21,0.0,1.0,1.0,1.0,1.0,1.0,1.0,0.0,0.0,1.0,1.0,1.0,1.0,0.0,1.0,1.0,36.0,21.0,23.0,535.11,2108.43,782.81,1583.25,431.02,242.0,0.0,0.0,1476.55,426.18,283.31,1931.12,0.0,1714.33,489.79,26.42,28.93,29.72,27.34,22.53,22.9,36.0,36.0,28.17,22.75,23.33,26.83,36.0,27.43,23.9,0.013364,0.071395,0.029804,0.043751,0.007653,0.004419,0.0,0.0,0.045088,0.007697,0.00535,0.050389,0.0,0.047883,0.009687
2020-01-12 19:15:00,20.69,20.91,20.95,21.64,21.26,21.43,20.48,24.5,22.67,21.27,21.23,21.57,23.88,22.01,21.97,-2.3,0.0,0.534,0.608,0.0,0.0,0.0,0.0,1.0,0.0,0.0,0.0,0.0,0.497,0.0,0.0,1.0,36.0,21.0,23.0,333.15,1583.88,0.0,0.0,0.0,0.0,2363.59,0.0,0.0,0.0,0.0,1011.93,0.0,0.0,487.02,24.84,27.27,36.0,36.0,36.0,36.0,24.11,36.0,36.0,36.0,36.0,26.33,36.0,36.0,23.97,0.007142,0.043427,0.0,0.0,0.0,0.0,0.047544,0.0,0.0,0.0,0.0,0.025038,0.0,0.0,0.009687
2020-01-12 19:30:00,20.45,20.75,20.49,21.01,21.21,21.31,20.87,24.23,22.3,21.2,21.12,21.5,23.61,21.62,22.04,-2.39,0.0,0.534,0.608,0.0,0.0,0.0,0.0,1.0,0.0,0.0,0.0,0.0,0.497,0.0,0.0,1.0,36.0,21.0,23.0,331.8,1580.04,0.0,0.0,0.0,0.0,2109.24,0.0,0.0,0.0,0.0,1051.52,0.0,0.0,484.52,24.89,27.3,36.0,36.0,36.0,36.0,25.39,36.0,36.0,36.0,36.0,25.95,36.0,36.0,24.03,0.007142,0.043427,0.0,0.0,0.0,0.0,0.047544,0.0,0.0,0.0,0.0,0.025038,0.0,0.0,0.009687
2020-01-12 19:45:00,20.4,20.71,20.31,20.83,21.16,21.14,21.25,23.99,22.01,21.12,21.0,21.41,23.36,21.21,22.1,-2.48,0.0,0.534,0.608,0.0,0.0,0.0,0.0,1.0,0.0,0.0,0.0,0.0,0.497,0.0,0.0,1.0,36.0,21.0,23.0,331.58,1583.33,0.0,0.0,0.0,0.0,1963.65,0.0,0.0,0.0,0.0,1074.0,0.0,0.0,482.11,24.89,27.28,36.0,36.0,36.0,36.0,26.12,36.0,36.0,36.0,36.0,25.74,36.0,36.0,24.09,0.007142,0.043427,0.0,0.0,0.0,0.0,0.047544,0.0,0.0,0.0,0.0,0.025038,0.0,0.0,0.009687
2020-01-12 20:00:00,20.38,20.68,20.19,20.71,21.1,21.02,21.49,23.74,21.74,21.05,20.9,21.34,23.11,20.85,22.16,-2.56,0.0,0.534,0.608,0.0,0.0,0.0,0.0,1.0,0.0,0.0,0.0,0.0,0.497,0.0,0.0,1.0,36.0,21.0,23.0,330.82,1584.92,0.0,0.0,0.0,0.0,1871.3,0.0,0.0,0.0,0.0,1088.25,0.0,0.0,479.82,24.92,27.27,36.0,36.0,36.0,36.0,26.58,36.0,36.0,36.0,36.0,25.6,36.0,36.0,24.15,0.007142,0.043427,0.0,0.0,0.0,0.0,0.047544,0.0,0.0,0.0,0.0,0.025038,0.0,0.0,0.009687
2020-01-12 20:15:00,20.67,20.99,20.89,21.43,21.21,21.02,21.63,23.52,21.8,21.05,20.91,21.42,23.15,20.93,22.21,-2.64,0.0,1.0,1.0,1.0,1.0,1.0,1.0,1.0,0.0,1.0,1.0,1.0,1.0,0.782,1.0,1.0,36.0,21.0,23.0,541.63,2194.41,849.13,1663.7,425.59,256.85,1810.65,0.0,1957.61,449.14,305.66,2024.61,686.63,2226.67,477.62,26.3,28.65,29.18,26.9,22.7,22.1,26.89,36.0,25.61,22.04,22.33,26.39,26.31,24.87,24.2,0.013364,0.071395,0.029804,0.043751,0.007653,0.004419,0.047544,0.0,0.045088,0.007697,0.00535,0.050389,0.01696,0.047883,0.009687
2020-01-12 20:30:00,20.93,21.18,21.34,22.06,21.39,21.15,21.78,23.27,22.06,21.13,21.03,21.63,23.39,21.31,22.26,-2.72,0.0,1.0,1.0,1.0,1.0,1.0,1.0,1.0,0.0,1.0,1.0,1.0,1.0,0.782,1.0,1.0,36.0,21.0,23.0,542.87,2205.12,882.15,1697.34,428.56,249.01,1768.44,0.0,1781.45,438.08,294.64,1909.86,616.65,2006.31,475.53,26.28,28.61,28.92,26.72,22.6,22.52,27.1,36.0,26.55,22.38,22.83,26.93,27.3,25.98,24.26,0.013364,0.071395,0.029804,0.043751,0.007653,0.004419,0.047544,0.0,0.045088,0.007697,0.00535,0.050389,0.01696,0.047883,0.009687
2020-01-12 20:45:00,21.03,21.22,21.42,22.15,21.5,21.34,21.91,23.03,22.31,21.22,21.16,21.82,23.6,21.69,22.32,-2.8,0.0,1.0,1.0,1.0,1.0,1.0,1.0,1.0,0.0,1.0,1.0,1.0,1.0,0.782,1.0,1.0,36.0,21.0,23.0,540.97,2205.38,889.26,1701.67,428.13,243.64,1736.53,0.0,1683.74,430.59,287.35,1841.84,577.63,1880.77,473.49,26.32,28.61,28.86,26.7,22.62,22.81,27.26,36.0,27.07,22.62,23.15,27.26,27.85,26.6,24.31,0.013364,0.071395,0.029804,0.043751,0.007653,0.004419,0.047544,0.0,0.045088,0.007697,0.00535,0.050389,0.01696,0.047883,0.009687
2020-01-12 21:00:00,21.05,21.19,21.38,22.13,21.58,21.47,22.02,22.79,22.5,21.31,21.28,21.98,23.74,21.93,22.37,-2.89,0.0,1.0,1.0,1.0,1.0,1.0,1.0,1.0,0.0,1.0,1.0,1.0,1.0,0.782,1.0,1.0,36.0,21.0,23.0,530.11,2128.95,865.63,1676.16,426.38,239.62,1712.21,0.0,1624.76,425.12,282.16,1797.96,554.36,1802.92,471.6,26.51,28.87,29.05,26.83,22.67,23.03,27.38,36.0,27.38,22.79,23.38,27.46,28.18,26.99,24.35,0.013364,0.071395,0.029804,0.043751,0.007653,0.004419,0.047544,0.0,0.045088,0.007697,0.00535,0.050389,0.01696,0.047883,0.009687
2020-01-12 21:15:00,20.71,21.18,20.61,22.03,21.46,21.53,22.08,22.62,22.33,21.37,21.36,22.07,23.56,21.77,22.41,-2.98,0.0,0.523,1.0,0.0,1.0,0.0,0.0,1.0,0.0,0.0,1.0,1.0,1.0,0.0,0.0,1.0,36.0,21.0,23.0,325.98,2218.74,0.0,1739.74,0.0,0.0,1691.14,0.0,0.0,420.77,278.11,1765.14,0.0,0.0,469.64,24.83,28.57,36.0,26.49,36.0,36.0,27.49,36.0,36.0,22.92,23.56,27.62,36.0,36.0,24.4,0.006984,0.071395,0.0,0.043751,0.0,0.0,0.047544,0.0,0.0,0.007697,0.00535,0.050389,0.0,0.0,0.009687
2020-01-12 21:30:00,20.51,21.13,20.37,21.86,21.41,21.48,22.14,22.4,21.96,21.44,21.45,22.15,23.18,21.4,22.47,-3.07,0.0,0.523,1.0,0.0,1.0,0.0,0.0,1.0,0.0,0.0,1.0,1.0,1.0,0.0,0.0,1.0,36.0,21.0,23.0,326.94,2230.18,0.0,1764.21,0.0,0.0,1674.54,0.0,0.0,417.32,274.99,1741.7,0.0,0.0,467.82,24.8,28.53,36.0,26.35,36.0,36.0,27.57,36.0,36.0,23.03,23.7,27.73,36.0,36.0,24.45,0.006984,0.071395,0.0,0.043751,0.0,0.0,0.047544,0.0,0.0,0.007697,0.00535,0.050389,0.0,0.0,0.009687
2020-01-12 21:45:00,20.44,21.1,20.24,21.76,21.31,21.41,22.19,22.18,21.64,21.5,21.53,22.21,22.8,20.99,22.52,-3.16,0.0,0.523,1.0,0.0,1.0,0.0,0.0,1.0,0.0,0.0,1.0,1.0,1.0,0.0,0.0,1.0,36.0,21.0,23.0,329.0,2240.98,0.0,1788.54,0.0,0.0,1660.29,0.0,0.0,414.41,272.41,1723.69,0.0,0.0,466.03,24.73,28.49,36.0,26.22,36.0,36.0,27.65,36.0,36.0,23.12,23.82,27.82,36.0,36.0,24.49,0.006984,0.071395,0.0,0.043751,0.0,0.0,0.047544,0.0,0.0,0.007697,0.00535,0.050389,0.0,0.0,0.009687
2020-01-12 22:00:00,20.39,21.06,20.14,21.72,21.25,21.34,22.23,21.98,21.35,21.57,21.61,22.25,22.48,20.66,22.57,-3.19,0.0,0.523,1.0,0.0,1.0,0.0,0.0,1.0,0.0,0.0,1.0,1.0,1.0,0.0,0.0,1.0,36.0,21.0,23.0,326.84,2149.51,0.0,1728.85,0.0,0.0,1648.51,0.0,0.0,411.94,270.26,1709.79,0.0,0.0,464.36,24.8,28.8,36.0,26.55,36.0,36.0,27.71,36.0,36.0,23.2,23.92,27.88,36.0,36.0,24.53,0.006984,0.071395,0.0,0.043751,0.0,0.0,0.047544,0.0,0.0,0.007697,0.00535,0.050389,0.0,0.0,0.009687
2020-01-12 22:15:00,20.67,21.13,20.68,21.81,21.33,21.3,22.27,22.14,21.45,21.62,21.67,22.28,22.61,20.79,22.6,-3.22,0.0,1.0,1.0,1.0,1.0,1.0,0.0,1.0,1.0,1.0,1.0,1.0,1.0,1.0,1.0,1.0,36.0,21.0,23.0,550.05,2222.45,959.02,1756.02,432.3,0.0,1637.76,904.14,2044.44,409.64,268.28,1697.85,859.68,2272.46,462.63,26.15,28.55,28.3,26.4,22.49,36.0,27.76,25.54,25.15,23.27,24.0,27.94,26.52,24.65,24.57,0.013364,0.071395,0.029804,0.043751,0.007653,0.0,0.047544,0.020669,0.045088,0.007697,0.00535,0.050389,0.021689,0.047883,0.009687
2020-01-12 22:30:00,20.88,21.23,21.06,22.02,21.47,21.37,22.35,22.54,21.76,21.67,21.74,22.33,22.99,21.17,22.65,-3.25,0.0,1.0,1.0,1.0,1.0,1.0,0.0,1.0,1.0,1.0,1.0,1.0,1.0,1.0,1.0,1.0,36.0,21.0,23.0,549.92,2208.15,991.95,1732.6,434.16,0.0,1627.79,786.11,1852.71,407.57,266.52,1687.98,756.12,2043.14,460.99,26.16,28.6,28.04,26.53,22.43,36.0,27.81,26.9,26.17,23.33,24.08,27.99,27.66,25.79,24.62,0.013364,0.071395,0.029804,0.043751,0.007653,0.0,0.047544,0.020669,0.045088,0.007697,0.00535,0.050389,0.021689,0.047883,0.009687
2020-01-12 22:45:00,20.94,21.29,21.1,22.14,21.55,21.46,22.42,22.89,22.05,21.73,21.81,22.39,23.3,21.52,22.69,-3.28,0.0,1.0,1.0,1.0,1.0,1.0,0.0,1.0,1.0,1.0,1.0,1.0,1.0,1.0,1.0,1.0,36.0,21.0,23.0,547.81,2193.86,991.95,1709.34,433.29,0.0,1618.1,721.19,1744.74,405.67,264.92,1678.74,699.99,1912.83,459.4,26.19,28.65,28.04,26.65,22.46,36.0,27.86,27.65,26.74,23.39,24.15,28.03,28.28,26.44,24.65,0.013364,0.071395,0.029804,0.043751,0.007653,0.0,0.047544,0.020669,0.045088,0.007697,0.00535,0.050389,0.021689,0.047883,0.009687
2020-01-12 23:00:00,20.96,21.26,21.07,22.18,21.63,21.48,22.48,23.15,22.25,21.78,21.87,22.45,23.52,21.78,22.74,-3.35,0.0,1.0,1.0,1.0,1.0,1.0,0.0,1.0,1.0,1.0,1.0,1.0,1.0,1.0,1.0,1.0,36.0,21.0,23.0,535.93,2102.01,954.91,1649.06,430.76,0.0,1609.43,682.33,1678.14,403.93,263.49,1670.35,666.86,1831.66,457.91,26.41,28.96,28.34,26.98,22.53,36.0,27.9,28.1,27.1,23.44,24.22,28.07,28.64,26.85,24.69,0.013364,0.071395,0.029804,0.043751,0.007653,0.0,0.047544,0.020669,0.045088,0.007697,0.00535,0.050389,0.021689,0.047883,0.009687
2020-01-12 23:15:00,20.9,21.26,20.84,22.2,21.5,21.55,22.53,22.93,22.07,21.83,21.93,22.48,23.27,21.91,22.78,-3.42,0.0,0.874,1.0,0.619,1.0,0.0,0.0,1.0,0.0,0.0,1.0,1.0,1.0,0.0,1.0,1.0,36.0,21.0,23.0,485.47,2092.65,720.99,1630.85,0.0,0.0,1601.22,0.0,0.0,402.23,262.11,1662.37,0.0,1776.6,456.41,26.06,28.99,26.65,27.08,36.0,36.0,27.94,36.0,36.0,23.5,24.28,28.11,36.0,27.12,24.73,0.011683,0.071395,0.018457,0.043751,0.0,0.0,0.047544,0.0,0.0,0.007697,0.00535,0.050389,0.0,0.047883,0.009687
2020-01-12 23:30:00,20.88,21.29,20.85,22.2,21.47,21.59,22.53,22.55,21.73,21.88,21.98,22.52,22.83,22.02,22.81,-3.49,0.0,0.874,1.0,0.619,1.0,0.0,0.0,1.0,0.0,0.0,1.0,1.0,1.0,0.0,1.0,1.0,36.0,21.0,23.0,494.09,2163.98,743.8,1654.45,0.0,0.0,1593.88,0.0,0.0,400.58,260.76,1655.21,0.0,1737.9,454.88,25.88,28.75,26.36,26.95,36.0,36.0,27.98,36.0,36.0,23.55,24.34,28.14,36.0,27.32,24.77,0.011683,0.071395,0.018457,0.043751,0.0,0.0,0.047544,0.0,0.0,0.007697,0.00535,0.050389,0.0,0.047883,0.009687
2020-01-12 23:45:00,20.9,21.32,20.87,22.24,21.39,21.62,22.54,22.19,21.37,21.92,22.04,22.57,22.42,22.12,22.86,-3.56,0.0,0.874,1.0,0.619,1.0,0.0,0.0,1.0,0.0,0.0,1.0,1.0,1.0,0.0,1.0,1.0,36.0,21.0,23.0,492.11,2161.31,736.8,1649.04,0.0,0.0,1587.88,0.0,0.0,399.01,259.51,1648.39,0.0,1709.74,453.44,25.92,28.76,26.45,26.98,36.0,36.0,28.01,36.0,36.0,23.6,24.4,28.17,36.0,27.46,24.8,0.011683,0.071395,0.018457,0.043751,0.0,0.0,0.047544,0.0,0.0,0.007697,0.00535,0.050389,0.0,0.047883,0.009687
2020-01-13 00:00:00,20.92,21.28,20.87,22.24,21.34,21.64,22.56,21.89,21.05,21.98,22.1,22.6,22.07,22.21,22.9,-3.59,0.0,0.874,1.0,0.619,1.0,0.0,0.0,1.0,0.0,0.0,1.0,1.0,1.0,0.0,1.0,1.0,36.0,21.0,23.0,481.43,2076.97,710.02,1602.33,0.0,0.0,1582.69,0.0,0.0,397.55,258.36,1642.47,0.0,1688.57,452.08,26.14,29.04,26.8,27.24,36.0,36.0,28.04,36.0,36.0,23.64,24.45,28.2,36.0,27.56,24.84,0.011683,0.071395,0.018457,0.043751,0.0,0.0,0.047544,0.0,0.0,0.007697,0.00535,0.050389,0.0,0.047883,0.009687
2020-01-13 00:15:00,21.0,21.33,20.93,21.47,21.31,21.63,22.57,21.7,21.16,22.01,22.14,22.38,22.2,22.26,22.84,-3.62,0.0,0.963,1.0,1.0,0.0,0.0,0.0,1.0,0.0,1.0,1.0,1.0,0.0,1.0,1.0,0.0,36.0,21.0,23.0,523.61,2151.71,975.91,0.0,0.0,0.0,1578.1,0.0,2095.8,396.05,257.18,0.0,877.48,1670.42,0.0,26.26,28.79,28.17,36.0,36.0,36.0,28.06,36.0,24.88,23.69,24.5,36.0,26.32,27.65,36.0,0.012866,0.071395,0.029804,0.0,0.0,0.0,0.047544,0.0,0.045088,0.007697,0.00535,0.0,0.021689,0.047883,0.0
2020-01-13 00:30:00,21.04,21.34,20.89,21.01,21.31,21.54,22.58,21.46,21.48,22.06,22.2,21.96,22.58,22.31,22.72,-3.65,0.0,0.963,1.0,1.0,0.0,0.0,0.0,1.0,0.0,1.0,1.0,1.0,0.0,1.0,1.0,0.0,36.0,21.0,23.0,521.61,2149.97,973.48,0.0,0.0,0.0,1573.87,0.0,1897.41,394.65,256.1,0.0,774.6,1656.26,0.0,26.3,28.8,28.19,36.0,36.0,36.0,28.08,36.0,25.93,23.73,24.55,36.0,27.46,27.72,36.0,0.012866,0.071395,0.029804,0.0,0.0,0.0,0.047544,0.0,0.045088,0.007697,0.00535,0.0,0.021689,0.047883,0.0
2020-01-13 00:45:00,21.07,21.35,20.88,20.86,21.34,21.44,22.61,21.23,21.8,22.11,22.25,21.51,22.94,22.34,22.58,-3.68,0.0,0.963,1.0,1.0,0.0,0.0,0.0,1.0,0.0,1.0,1.0,1.0,0.0,1.0,1.0,0.0,36.0,21.0,23.0,518.76,2146.28,962.76,0.0,0.0,0.0,1569.86,0.0,1784.38,393.28,255.04,0.0,718.27,1644.49,0.0,26.35,28.81,28.27,36.0,36.0,36.0,28.1,36.0,26.53,23.78,24.6,36.0,28.08,27.78,36.0,0.012866,0.071395,0.029804,0.0,0.0,0.0,0.047544,0.0,0.045088,0.007697,0.00535,0.0,0.021689,0.047883,0.0
2020-01-13 01:00:00,21.1,21.36,20.91,20.76,21.38,21.37,22.63,21.03,21.99,22.15,22.3,21.13,23.17,22.36,22.46,-3.75,0.0,0.963,1.0,1.0,0.0,0.0,0.0,1.0,0.0,1.0,1.0,1.0,0.0,1.0,1.0,0.0,36.0,21.0,23.0,516.07,2142.91,951.65,0.0,0.0,0.0,1566.0,0.0,1713.5,391.94,254.03,0.0,684.16,1634.98,0.0,26.4,28.82,28.36,36.0,36.0,36.0,28.12,36.0,26.91,23.82,24.64,36.0,28.45,27.83,36.0,0.012866,0.071395,0.029804,0.0,0.0,0.0,0.047544,0.0,0.045088,0.007697,0.00535,0.0,0.021689,0.047883,0.0
2020-01-13 01:15:00,21.15,21.37,20.99,21.48,21.41,21.35,22.65,21.05,22.1,22.19,22.35,21.18,22.98,22.38,22.45,-3.82,0.0,1.0,1.0,1.0,1.0,0.0,0.0,1.0,0.561,1.0,1.0,1.0,1.0,0.0,1.0,1.0,36.0,21.0,23.0,527.77,2138.99,939.66,1642.57,0.0,0.0,1562.27,583.17,1667.1,390.64,253.05,2241.53,0.0,1627.04,498.16,26.55,28.83,28.46,27.02,36.0,36.0,28.14,23.96,27.15,23.86,24.69,25.36,36.0,27.87,23.7,0.013364,0.071395,0.029804,0.043751,0.0,0.0,0.047544,0.011585,0.045088,0.007697,0.00535,0.050389,0.0,0.047883,0.009687
2020-01-13 01:30:00,21.22,21.39,21.16,22.08,21.43,21.37,22.68,21.24,22.2,22.24,22.39,21.53,22.5,22.41,22.51,-3.89,0.0,1.0,1.0,1.0,1.0,0.0,0.0,1.0,0.561,1.0,1.0,1.0,1.0,0.0,1.0,1.0,36.0,21.0,23.0,525.55,2136.58,930.35,1656.78,0.0,0.0,1558.78,541.83,1635.23,389.37,252.11,2016.99,0.0,1620.01,484.56,26.59,28.84,28.53,26.94,36.0,36.0,28.16,24.81,27.32,23.9,24.73,26.42,36.0,27.91,24.03,0.013364,0.071395,0.029804,0.043751,0.0,0.0,0.047544,0.011585,0.045088,0.007697,0.00535,0.050389,0.0,0.047883,0.009687
2020-01-13 01:45:00,21.28,21.41,21.28,22.18,21.44,21.44,22.69,21.41,22.27,22.28,22.44,21.87,22.05,22.45,22.6,-3.96,0.0,1.0,1.0,1.0,1.0,0.0,0.0,1.0,0.561,1.0,1.0,1.0,1.0,0.0,1.0,1.0,36.0,21.0,23.0,522.89,2134.15,919.29,1639.32,0.0,0.0,1555.59,517.52,1612.19,388.11,251.18,1892.44,0.0,1613.57,475.74,26.64,28.85,28.62,27.04,36.0,36.0,28.17,25.31,27.45,23.94,24.77,27.02,36.0,27.94,24.25,0.013364,0.071395,0.029804,0.043751,0.0,0.0,0.047544,0.011585,0.045088,0.007697,0.00535,0.050389,0.0,0.047883,0.009687
2020-01-13 02:00:00,21.32,21.43,21.32,22.25,21.46,21.5,22.71,21.54,22.33,22.32,22.49,22.05,21.7,22.49,22.67,-3.9,0.0,1.0,1.0,1.0,1.0,0.0,0.0,1.0,0.561,1.0,1.0,1.0,1.0,0.0,1.0,1.0,36.0,21.0,23.0,520.45,2131.54,911.27,1632.01,0.0,0.0,1552.66,502.0,1594.73,386.89,250.29,1816.32,0.0,1607.54,469.45,26.68,28.86,28.69,27.08,36.0,36.0,28.19,25.63,27.54,23.97,24.81,27.38,36.0,27.97,24.41,0.013364,0.071395,0.029804,0.043751,0.0,0.0,0.047544,0.011585,0.045088,0.007697,0.00535,0.050389,0.0,0.047883,0.009687
2020-01-13 02:15:00,20.62,21.37,20.43,21.4,21.44,21.5,22.5,21.41,22.38,22.36,22.52,21.89,21.44,22.52,22.64,-3.85,0.0,0.0,1.0,0.0,0.0,0.0,0.0,0.0,0.0,1.0,1.0,1.0,0.0,0.0,1.0,0.0,36.0,21.0,23.0,0.0,2132.86,0.0,0.0,0.0,0.0,0.0,0.0,1580.82,385.69,249.42,0.0,0.0,1601.92,0.0,36.0,28.85,36.0,36.0,36.0,36.0,36.0,36.0,27.61,24.01,24.85,36.0,36.0,28.0,36.0,0.0,0.071395,0.0,0.0,0.0,0.0,0.0,0.0,0.045088,0.007697,0.00535,0.0,0.0,0.047883,0.0
2020-01-13 02:30:00,20.27,21.26,20.06,20.75,21.36,21.45,22.09,21.1,22.41,22.4,22.57,21.48,21.16,22.53,22.52,-3.8,0.0,0.0,1.0,0.0,0.0,0.0,0.0,0.0,0.0,1.0,1.0,1.0,0.0,0.0,1.0,0.0,36.0,21.0,23.0,0.0,2135.92,0.0,0.0,0.0,0.0,0.0,0.0,1569.64,384.52,248.58,0.0,0.0,1597.15,0.0,36.0,28.84,36.0,36.0,36.0,36.0,36.0,36.0,27.67,24.05,24.88,36.0,36.0,28.02,36.0,0.0,0.071395,0.0,0.0,0.0,0.0,0.0,0.0,0.045088,0.007697,0.00535,0.0,0.0,0.047883,0.0
2020-01-13 02:45:00,20.11,21.21,19.91,20.59,21.27,21.38,21.7,20.8,22.42,22.44,22.61,21.01,20.9,22.53,22.4,-3.74,0.0,0.0,1.0,0.0,0.0,0.0,0.0,0.0,0.0,1.0,1.0,1.0,0.0,0.0,1.0,0.0,36.0,21.0,23.0,0.0,2139.56,0.0,0.0,0.0,0.0,0.0,0.0,1560.49,383.37,247.76,0.0,0.0,1593.11,0.0,36.0,28.83,36.0,36.0,36.0,36.0,36.0,36.0,27.72,24.08,24.92,36.0,36.0,28.04,36.0,0.0,0.071395,0.0,0.0,0.0,0.0,0.0,0.0,0.045088,0.007697,0.00535,0.0,0.0,0.047883,0.0
2020-01-13 03:00:00,20.0,21.18,19.82,20.47,21.19,21.28,21.39,20.54,22.41,22.48,22.65,20.68,20.66,22.51,22.28,-3.7,0.0,0.0,1.0,0.0,0.0,0.0,0.0,0.0,0.0,1.0,1.0,1.0,0.0,0.0,1.0,0.0,36.0,21.0,23.0,0.0,2141.55,0.0,0.0,0.0,0.0,0.0,0.0,1553.54,382.23,246.96,0.0,0.0,1590.37,0.0,36.0,28.82,36.0,36.0,36.0,36.0,36.0,36.0,27.76,24.12,24.96,36.0,36.0,28.05,36.0,0.0,0.071395,0.0,0.0,0.0,0.0,0.0,0.0,0.045088,0.007697,0.00535,0.0,0.0,0.047883,0.0
2020-01-13 03:15:00,20.54,21.23,20.46,21.18,21.25,21.24,21.43,20.68,22.41,22.51,22.69,20.74,20.84,22.47,22.27,-3.66,0.0,1.0,1.0,1.0,1.0,1.0,0.0,1.0,1.0,1.0,1.0,1.0,1.0,1.0,1.0,1.0,36.0,21.0,23.0,530.42,2140.65,909.45,1677.57,439.83,0.0,2090.64,975.32,1548.27,381.12,246.18,2344.9,1012.43,1589.14,507.54,26.5,28.83,28.7,26.83,22.25,36.0,25.48,24.71,27.78,24.15,24.99,24.87,24.83,28.06,23.47,0.013364,0.071395,0.029804,0.043751,0.007653,0.0,0.047544,0.020669,0.045088,0.007697,0.00535,0.050389,0.021689,0.047883,0.009687
2020-01-13 03:30:00,20.89,21.33,20.91,21.76,21.36,21.27,21.69,21.11,22.43,22.55,22.73,21.08,21.33,22.45,22.35,-3.62,0.0,1.0,1.0,1.0,1.0,1.0,0.0,1.0,1.0,1.0,1.0,1.0,1.0,1.0,1.0,1.0,36.0,21.0,23.0,540.99,2136.35,945.13,1713.6,440.77,0.0,1894.17,856.63,1543.75,380.03,245.43,2102.05,877.92,1588.7,492.92,26.32,28.84,28.41,26.63,22.22,36.0,26.47,26.09,27.81,24.19,25.03,26.02,26.32,28.06,23.83,0.013364,0.071395,0.029804,0.043751,0.007653,0.0,0.047544,0.020669,0.045088,0.007697,0.00535,0.050389,0.021689,0.047883,0.009687
2020-01-13 03:45:00,20.95,21.37,20.98,21.85,21.44,21.32,21.96,21.51,22.46,22.59,22.77,21.43,21.76,22.45,22.44,-3.58,0.0,1.0,1.0,1.0,1.0,1.0,0.0,1.0,1.0,1.0,1.0,1.0,1.0,1.0,1.0,1.0,36.0,21.0,23.0,542.85,2132.74,950.87,1719.73,439.77,0.0,1787.0,791.06,1539.59,378.95,244.68,1967.35,803.9,1588.54,483.33,26.28,28.85,28.37,26.6,22.25,36.0,27.01,26.84,27.83,24.22,25.06,26.66,27.13,28.06,24.06,0.013364,0.071395,0.029804,0.043751,0.007653,0.0,0.047544,0.020669,0.045088,0.007697,0.00535,0.050389,0.021689,0.047883,0.009687
2020-01-13 04:00:00,20.95,21.33,20.94,21.83,21.51,21.34,22.16,21.81,22.51,22.63,22.81,21.68,22.09,22.48,22.52,-3.58,0.0,1.0,1.0,1.0,1.0,1.0,0.0,1.0,1.0,1.0,1.0,1.0,1.0,1.0,1.0,1.0,36.0,21.0,23.0,536.2,2052.02,924.04,1695.44,436.99,0.0,1722.91,751.54,1535.57,377.92,243.99,1885.3,759.91,1587.63,476.51,26.4,29.12,28.58,26.73,22.34,36.0,27.33,27.3,27.85,24.25,25.09,27.05,27.62,28.07,24.23,0.013364,0.071395,0.029804,0.043751,0.007653,0.0,0.047544,0.020669,0.045088,0.007697,0.00535,0.050389,0.021689,0.047883,0.009687
2020-01-13 04:15:00,20.9,21.35,20.78,20.93,21.43,21.36,22.23,21.65,22.53,22.6,22.74,21.5,21.92,22.51,22.49,-3.58,0.0,0.908,1.0,0.933,0.0,0.0,0.0,1.0,0.0,1.0,0.0,0.0,0.0,0.0,1.0,0.0,36.0,21.0,23.0,514.39,2129.79,941.47,0.0,0.0,0.0,1680.38,0.0,1530.99,0.0,0.0,0.0,0.0,1585.54,0.0,25.86,28.86,27.9,36.0,36.0,36.0,27.54,36.0,27.88,36.0,36.0,36.0,36.0,28.08,36.0,0.01214,0.071395,0.027812,0.0,0.0,0.0,0.047544,0.0,0.045088,0.0,0.0,0.0,0.0,0.047883,0.0
2020-01-13 04:30:00,20.84,21.35,20.65,20.27,21.45,21.33,22.32,21.24,22.56,22.51,22.6,21.09,21.46,22.53,22.38,-3.58,0.0,0.908,1.0,0.933,0.0,0.0,0.0,1.0,0.0,1.0,0.0,0.0,0.0,0.0,1.0,0.0,36.0,21.0,23.0,519.37,2131.03,956.28,0.0,0.0,0.0,1653.04,0.0,1526.83,0.0,0.0,0.0,0.0,1583.04,0.0,25.77,28.86,27.77,36.0,36.0,36.0,27.68,36.0,27.9,36.0,36.0,36.0,36.0,28.09,36.0,0.01214,0.071395,0.027812,0.0,0.0,0.0,0.047544,0.0,0.045088,0.0,0.0,0.0,0.0,0.047883,0.0
2020-01-13 04:45:00,20.8,21.35,20.58,20.06,21.46,21.26,22.39,20.85,22.6,22.41,22.46,20.67,21.03,22.55,22.26,-3.58,0.0,0.908,1.0,0.933,0.0,0.0,0.0,1.0,0.0,1.0,0.0,0.0,0.0,0.0,1.0,0.0,36.0,21.0,23.0,524.84,2130.41,971.75,0.0,0.0,0.0,1633.05,0.0,1522.37,0.0,0.0,0.0,0.0,1580.35,0.0,25.66,28.86,27.64,36.0,36.0,36.0,27.78,36.0,27.92,36.0,36.0,36.0,36.0,28.1,36.0,0.01214,0.071395,0.027812,0.0,0.0,0.0,0.047544,0.0,0.045088,0.0,0.0,0.0,0.0,0.047883,0.0
2020-01-13 05:00:00,20.81,21.34,20.55,19.9,21.47,21.16,22.43,20.55,22.61,22.33,22.34,20.37,20.69,22.52,22.14,-3.56,0.0,0.908,1.0,0.933,0.0,0.0,0.0,1.0,0.0,1.0,0.0,0.0,0.0,0.0,1.0,0.0,36.0,21.0,23.0,520.85,2130.45,960.48,0.0,0.0,0.0,1618.29,0.0,1518.51,0.0,0.0,0.0,0.0,1578.58,0.0,25.74,28.86,27.74,36.0,36.0,36.0,27.86,36.0,27.94,36.0,36.0,36.0,36.0,28.11,36.0,0.01214,0.071395,0.027812,0.0,0.0,0.0,0.047544,0.0,0.045088,0.0,0.0,0.0,0.0,0.047883,0.0
2020-01-13 05:15:00,20.88,21.34,20.66,20.57,21.58,21.14,22.47,20.68,22.63,22.26,22.32,20.46,20.83,22.5,22.05,-3.55,0.0,1.0,1.0,1.0,1.0,1.0,1.0,1.0,1.0,1.0,0.0,1.0,1.0,1.0,1.0,0.0,36.0,21.0,23.0,554.75,2129.51,986.99,1851.71,438.86,272.14,1606.91,954.55,1515.29,0.0,273.02,2408.85,977.11,1577.98,0.0,26.07,28.86,28.08,25.87,22.28,21.27,27.91,24.95,27.96,36.0,23.79,24.56,25.22,28.12,36.0,0.013364,0.071395,0.029804,0.043751,0.007653,0.004419,0.047544,0.020669,0.045088,0.0,0.00535,0.050389,0.021689,0.047883,0.0
2020-01-13 05:30:00,20.97,21.37,20.81,21.24,21.65,21.23,22.52,21.1,22.66,22.17,22.4,20.85,21.29,22.5,21.95,-3.53,0.0,1.0,1.0,1.0,1.0,1.0,1.0,1.0,1.0,1.0,0.0,1.0,1.0,1.0,1.0,0.0,36.0,21.0,23.0,550.11,2127.8,973.41,1884.11,438.57,261.4,1597.56,844.75,1512.2,0.0,264.26,2154.1,859.81,1577.63,0.0,26.15,28.87,28.19,25.7,22.29,21.85,27.96,26.22,27.98,36.0,24.18,25.77,26.52,28.12,36.0,0.013364,0.071395,0.029804,0.043751,0.007653,0.004419,0.047544,0.020669,0.045088,0.0,0.00535,0.050389,0.021689,0.047883,0.0
2020-01-13 05:45:00,21.04,21.39,20.91,21.34,21.7,21.38,22.56,21.51,22.68,22.1,22.49,21.22,21.73,22.53,21.85,-3.51,0.0,1.0,1.0,1.0,1.0,1.0,1.0,1.0,1.0,1.0,0.0,1.0,1.0,1.0,1.0,0.0,36.0,21.0,23.0,544.78,2126.39,958.04,1875.07,437.54,253.83,1589.64,784.07,1509.33,0.0,258.69,2010.89,794.97,1576.91,0.0,26.25,28.87,28.31,25.75,22.32,22.26,28.0,26.92,27.99,36.0,24.43,26.45,27.23,28.12,36.0,0.013364,0.071395,0.029804,0.043751,0.007653,0.004419,0.047544,0.020669,0.045088,0.0,0.00535,0.050389,0.021689,0.047883,0.0
2020-01-13 06:00:00,21.07,21.34,20.9,21.34,21.74,21.49,22.59,21.77,22.69,22.01,22.56,21.47,22.0,22.56,21.75,-3.52,0.0,1.0,1.0,1.0,1.0,1.0,1.0,1.0,1.0,1.0,0.0,1.0,1.0,1.0,1.0,0.0,36.0,21.0,23.0,528.86,2045.93,906.77,1833.58,434.55,248.18,1582.96,747.37,1506.77,0.0,254.86,1923.36,756.0,1575.52,0.0,26.53,29.14,28.72,25.97,22.42,22.57,28.03,27.35,28.01,36.0,24.6,26.87,27.66,28.13,36.0,0.013364,0.071395,0.029804,0.043751,0.007653,0.004419,0.047544,0.020669,0.045088,0.0,0.00535,0.050389,0.021689,0.047883,0.0
2020-01-13 06:15:00,21.1,21.33,20.91,21.08,21.59,21.53,22.33,21.54,22.42,21.95,22.5,21.25,21.74,22.57,21.67,-3.53,0.0,1.0,1.0,1.0,0.71,0.0,0.0,0.0,0.0,0.0,0.0,0.0,0.0,0.0,1.0,0.0,36.0,21.0,23.0,524.08,2046.38,894.4,1441.46,0.0,0.0,0.0,0.0,0.0,0.0,0.0,0.0,0.0,1574.52,0.0,26.62,29.14,28.82,24.89,36.0,36.0,36.0,36.0,36.0,36.0,36.0,36.0,36.0,28.13,36.0,0.013364,0.071395,0.029804,0.031045,0.0,0.0,0.0,0.0,0.0,0.0,0.0,0.0,0.0,0.047883,0.0
2020-01-13 06:30:00,21.16,21.37,20.92,20.99,21.41,21.44,21.93,21.11,22.02,21.89,22.39,20.89,21.28,22.57,21.6,-3.54,0.0,1.0,1.0,1.0,0.71,0.0,0.0,0.0,0.0,0.0,0.0,0.0,0.0,0.0,1.0,0.0,36.0,21.0,23.0,529.9,2125.52,920.58,1475.62,0.0,0.0,0.0,0.0,0.0,0.0,0.0,0.0,0.0,1573.71,0.0,26.51,28.88,28.61,24.63,36.0,36.0,36.0,36.0,36.0,36.0,36.0,36.0,36.0,28.14,36.0,0.013364,0.071395,0.029804,0.031045,0.0,0.0,0.0,0.0,0.0,0.0,0.0,0.0,0.0,0.047883,0.0
2020-01-13 06:45:00,21.2,21.38,20.95,20.99,21.17,21.32,21.49,20.67,21.62,21.82,22.26,20.49,20.79,22.53,21.52,-3.55,0.0,1.0,1.0,1.0,0.71,0.0,0.0,0.0,0.0,0.0,0.0,0.0,0.0,0.0,1.0,0.0,36.0,21.0,23.0,527.51,2126.21,917.92,1465.64,0.0,0.0,0.0,0.0,0.0,0.0,0.0,0.0,0.0,1573.73,0.0,26.56,28.88,28.63,24.71,36.0,36.0,36.0,36.0,36.0,36.0,36.0,36.0,36.0,28.14,36.0,0.013364,0.071395,0.029804,0.031045,0.0,0.0,0.0,0.0,0.0,0.0,0.0,0.0,0.0,0.047883,0.0
2020-01-13 07:00:00,21.24,21.4,20.98,21.02,20.97,21.2,21.17,20.37,21.32,21.76,22.14,20.18,20.45,22.52,21.44,-3.53,0.0,1.0,1.0,1.0,0.71,0.0,0.0,0.0,0.0,0.0,0.0,0.0,0.0,0.0,1.0,0.0,36.0,21.0,23.0,524.96,2123.97,913.23,1453.33,0.0,0.0,0.0,0.0,0.0,0.0,0.0,0.0,0.0,1573.83,0.0,26.6,28.88,28.67,24.8,36.0,36.0,36.0,36.0,36.0,36.0,36.0,36.0,36.0,28.14,36.0,0.013364,0.071395,0.029804,0.031045,0.0,0.0,0.0,0.0,0.0,0.0,0.0,0.0,0.0,0.047883,0.0
2020-01-13 07:15:00,20.62,21.41,20.94,20.94,20.96,21.19,21.22,20.51,21.35,21.7,22.04,20.29,20.61,22.5,21.37,-3.51,0.0,0.0,1.0,0.956,0.567,1.0,1.0,1.0,1.0,1.0,0.0,0.0,1.0,1.0,1.0,0.0,36.0,21.0,23.0,0.0,2121.23,885.93,1209.57,439.27,259.78,2123.74,960.62,2011.01,0.0,0.0,2446.48,987.47,1573.81,0.0,36.0,28.89,28.56,24.33,22.27,21.94,25.31,24.88,25.33,36.0,36.0,24.38,25.11,28.14,36.0,0.0,0.071395,0.028491,0.024805,0.007653,0.004419,0.047544,0.020669,0.045088,0.0,0.0,0.050389,0.021689,0.047883,0.0
2020-01-13 07:30:00,20.41,21.42,20.89,20.89,21.15,21.31,21.52,20.95,21.62,21.64,21.93,20.73,21.09,22.53,21.28,-3.5,0.0,0.0,1.0,0.956,0.567,1.0,1.0,1.0,1.0,1.0,0.0,0.0,1.0,1.0,1.0,0.0,36.0,21.0,23.0,0.0,2119.72,882.97,1199.07,441.73,251.37,1922.15,851.07,1832.17,0.0,0.0,2185.65,869.9,1573.18,0.0,36.0,28.9,28.59,24.44,22.19,22.39,26.33,26.15,26.28,36.0,36.0,25.62,26.4,28.14,36.0,0.0,0.071395,0.028491,0.024805,0.007653,0.004419,0.047544,0.020669,0.045088,0.0,0.0,0.050389,0.021689,0.047883,0.0
2020-01-13 07:45:00,20.32,21.43,20.87,20.92,21.28,21.49,21.86,21.38,21.9,21.57,21.83,21.11,21.56,22.6,21.21,-3.48,0.0,0.0,1.0,0.956,0.567,1.0,1.0,1.0,1.0,1.0,0.0,0.0,1.0,1.0,1.0,0.0,36.0,21.0,23.0,0.0,2118.42,880.5,1189.48,440.28,245.51,1810.24,790.45,1732.69,0.0,0.0,2037.66,804.65,1571.24,0.0,36.0,28.9,28.61,24.53,22.24,22.71,26.89,26.85,26.81,36.0,36.0,26.33,27.12,28.15,36.0,0.0,0.071395,0.028491,0.024805,0.007653,0.004419,0.047544,0.020669,0.045088,0.0,0.0,0.050389,0.021689,0.047883,0.0
2020-01-13 08:00:00,20.25,21.4,20.86,20.96,21.39,21.6,22.07,21.68,22.11,21.5,21.72,21.38,21.87,22.66,21.12,-3.4,0.0,0.0,1.0,0.956,0.567,1.0,1.0,1.0,1.0,1.0,0.0,0.0,1.0,1.0,1.0,0.0,36.0,21.0,23.0,0.0,2038.07,843.1,1164.83,437.24,241.11,1742.09,753.63,1672.33,0.0,0.0,1946.83,765.16,1568.51,0.0,36.0,29.17,28.92,24.77,22.33,22.95,27.23,27.28,27.13,36.0,36.0,26.76,27.56,28.16,36.0,0.0,0.071395,0.028491,0.024805,0.007653,0.004419,0.047544,0.020669,0.045088,0.0,0.0,0.050389,0.021689,0.047883,0.0
2020-01-13 08:15:00,20.73,20.73,20.95,21.36,21.27,21.59,21.92,21.52,21.95,21.46,21.65,21.24,21.7,22.46,21.11,-3.31,9.6,1.0,0.242,1.0,1.0,0.0,0.0,0.0,0.0,0.0,0.0,0.0,0.0,0.0,0.0,0.612,36.0,21.0,23.0,521.85,746.37,893.3,1781.22,0.0,0.0,0.0,0.0,0.0,0.0,0.0,0.0,0.0,0.0,351.29,26.66,25.69,28.83,26.26,36.0,36.0,36.0,36.0,36.0,36.0,36.0,36.0,36.0,36.0,21.83,0.013364,0.017311,0.029804,0.043751,0.0,0.0,0.0,0.0,0.0,0.0,0.0,0.0,0.0,0.0,0.005931
2020-01-13 08:30:00,21.05,20.69,21.23,21.65,21.16,21.43,21.71,21.36,21.6,21.4,21.56,21.08,21.55,22.06,21.15,-3.22,101.2,1.0,0.242,1.0,1.0,0.0,0.0,0.0,0.0,0.0,0.0,0.0,0.0,0.0,0.0,0.612,36.0,21.0,23.0,527.45,711.04,826.46,1768.22,0.0,0.0,0.0,0.0,0.0,0.0,0.0,0.0,0.0,0.0,344.09,26.56,26.17,29.37,26.33,36.0,36.0,36.0,36.0,36.0,36.0,36.0,36.0,36.0,36.0,22.12,0.013364,0.017311,0.029804,0.043751,0.0,0.0,0.0,0.0,0.0,0.0,0.0,0.0,0.0,0.0,0.005931
2020-01-13 08:45:00,21.18,20.95,21.59,21.82,21.02,21.24,21.63,21.45,21.29,21.34,21.46,21.03,21.68,21.66,21.21,-3.13,192.7,1.0,0.242,1.0,1.0,0.0,0.0,0.0,0.0,0.0,0.0,0.0,0.0,0.0,0.0,0.612,36.0,21.0,23.0,522.77,682.52,746.27,1743.4,0.0,0.0,0.0,0.0,0.0,0.0,0.0,0.0,0.0,0.0,339.26,26.64,26.57,30.01,26.47,36.0,36.0,36.0,36.0,36.0,36.0,36.0,36.0,36.0,36.0,22.32,0.013364,0.017311,0.029804,0.043751,0.0,0.0,0.0,0.0,0.0,0.0,0.0,0.0,0.0,0.0,0.005931
2020-01-13 09:00:00,21.37,21.22,21.97,21.98,20.93,21.1,21.67,21.79,21.06,21.28,21.38,21.06,22.05,21.38,21.26,-2.68,284.3,1.0,0.242,1.0,1.0,0.0,0.0,0.0,0.0,0.0,0.0,0.0,0.0,0.0,0.0,0.612,36.0,21.0,23.0,519.05,660.89,669.38,1720.55,0.0,0.0,0.0,0.0,0.0,0.0,0.0,0.0,0.0,0.0,335.76,26.71,26.87,30.63,26.59,36.0,36.0,36.0,36.0,36.0,36.0,36.0,36.0,36.0,36.0,22.46,0.013364,0.017311,0.029804,0.043751,0.0,0.0,0.0,0.0,0.0,0.0,0.0,0.0,0.0,0.0,0.005931
2020-01-13 09:15:00,20.9,21.24,21.67,21.23,21.01,21.01,21.77,22.24,21.19,21.23,21.3,21.22,22.54,21.19,21.24,-2.23,375.9,0.0,0.103,0.0,0.0,1.0,0.137,0.0,0.0,1.0,0.0,0.0,0.154,0.0,0.0,0.0,36.0,21.0,23.0,0.0,298.02,0.0,0.0,440.09,36.48,0.0,0.0,2081.34,0.0,0.0,387.18,0.0,0.0,0.0,36.0,26.27,36.0,36.0,22.24,21.55,36.0,36.0,24.96,36.0,36.0,24.07,36.0,36.0,36.0,0.0,0.007327,0.0,0.0,0.007653,0.000604,0.0,0.0,0.045088,0.0,0.0,0.007763,0.0,0.0,0.0
2020-01-13 09:30:00,20.7,21.21,21.58,20.72,21.19,20.99,21.89,22.83,21.58,21.16,21.21,21.43,23.16,20.99,21.16,-1.78,397.7,0.0,0.103,0.0,0.0,1.0,0.137,0.0,0.0,1.0,0.0,0.0,0.154,0.0,0.0,0.0,36.0,21.0,23.0,0.0,303.48,0.0,0.0,442.01,36.62,0.0,0.0,1877.46,0.0,0.0,376.13,0.0,0.0,0.0,36.0,26.09,36.0,36.0,22.18,21.5,36.0,36.0,26.04,36.0,36.0,24.41,36.0,36.0,36.0,0.0,0.007327,0.0,0.0,0.007653,0.000604,0.0,0.0,0.045088,0.0,0.0,0.007763,0.0,0.0,0.0
2020-01-13 09:45:00,20.69,21.18,21.68,20.71,21.3,21.01,21.96,23.4,21.97,21.11,21.13,21.57,23.76,20.83,21.07,-1.33,419.6,0.0,0.103,0.0,0.0,1.0,0.137,0.0,0.0,1.0,0.0,0.0,0.154,0.0,0.0,0.0,36.0,21.0,23.0,0.0,310.75,0.0,0.0,440.67,36.75,0.0,0.0,1758.1,0.0,0.0,369.48,0.0,0.0,0.0,36.0,25.85,36.0,36.0,22.22,21.45,36.0,36.0,26.67,36.0,36.0,24.61,36.0,36.0,36.0,0.0,0.007327,0.0,0.0,0.007653,0.000604,0.0,0.0,0.045088,0.0,0.0,0.007763,0.0,0.0,0.0
2020-01-13 10:00:00,20.73,21.17,21.83,20.74,21.41,21.01,22.01,23.97,22.21,21.05,21.05,21.66,24.33,20.7,20.98,-0.95,441.4,0.0,0.103,0.0,0.0,1.0,0.137,0.0,0.0,1.0,0.0,0.0,0.154,0.0,0.0,0.0,36.0,21.0,23.0,0.0,318.78,0.0,0.0,439.55,36.86,0.0,0.0,1680.39,0.0,0.0,366.04,0.0,0.0,0.0,36.0,25.59,36.0,36.0,22.26,21.4,36.0,36.0,27.08,36.0,36.0,24.72,36.0,36.0,36.0,0.0,0.007327,0.0,0.0,0.007653,0.000604,0.0,0.0,0.045088,0.0,0.0,0.007763,0.0,0.0,0.0
2020-01-13 10:15:00,21.24,21.03,22.11,21.43,21.3,21.05,22.01,24.5,22.14,21.01,21.01,21.64,24.88,20.91,20.99,-0.58,463.3,1.0,0.008,0.0,0.816,0.0,1.0,0.0,0.0,0.0,0.211,0.354,0.0,0.0,1.0,0.992,36.0,21.0,23.0,518.57,25.79,0.0,1457.64,0.0,259.32,0.0,0.0,0.0,99.28,113.53,0.0,0.0,2312.59,559.26,26.72,24.69,36.0,26.23,36.0,21.96,36.0,36.0,36.0,21.37,21.65,36.0,36.0,24.45,22.08,0.013364,0.000545,0.0,0.03571,0.0,0.004419,0.0,0.0,0.0,0.001623,0.001892,0.0,0.0,0.047883,0.009612
2020-01-13 10:30:00,21.62,20.98,22.42,21.97,21.24,21.14,21.94,25.12,21.84,20.98,21.0,21.55,25.52,21.41,21.11,-0.21,476.2,1.0,0.008,0.0,0.816,0.0,1.0,0.0,0.0,0.0,0.211,0.354,0.0,0.0,1.0,0.992,36.0,21.0,23.0,528.59,26.34,0.0,1479.18,0.0,251.17,0.0,0.0,0.0,98.94,112.19,0.0,0.0,2042.12,540.8,26.54,24.45,36.0,26.09,36.0,22.4,36.0,36.0,36.0,21.42,21.81,36.0,36.0,25.8,22.54,0.013364,0.000545,0.0,0.03571,0.0,0.004419,0.0,0.0,0.0,0.001623,0.001892,0.0,0.0,0.047883,0.009612
2020-01-13 10:45:00,21.76,20.94,22.62,22.1,21.14,21.27,21.85,25.73,21.57,20.96,21.0,21.44,26.14,21.89,21.24,0.16,489.1,1.0,0.008,0.0,0.816,0.0,1.0,0.0,0.0,0.0,0.211,0.354,0.0,0.0,1.0,0.992,36.0,21.0,23.0,529.17,26.97,0.0,1477.69,0.0,245.62,0.0,0.0,0.0,98.79,111.37,0.0,0.0,1882.84,528.26,26.53,24.17,36.0,26.1,36.0,22.7,36.0,36.0,36.0,21.44,21.92,36.0,36.0,26.59,22.85,0.013364,0.000545,0.0,0.03571,0.0,0.004419,0.0,0.0,0.0,0.001623,0.001892,0.0,0.0,0.047883,0.009612
2020-01-13 11:00:00,21.86,20.87,22.77,22.2,21.05,21.44,21.73,26.32,21.39,20.94,21.0,21.3,26.75,22.23,21.35,0.45,501.9,1.0,0.008,0.0,0.816,0.0,1.0,0.0,0.0,0.0,0.211,0.354,0.0,0.0,1.0,0.992,36.0,21.0,23.0,531.75,27.58,0.0,1483.74,0.0,241.42,0.0,0.0,0.0,98.74,110.84,0.0,0.0,1779.18,518.99,26.48,23.9,36.0,26.06,36.0,22.93,36.0,36.0,36.0,21.45,21.99,36.0,36.0,27.11,23.08,0.013364,0.000545,0.0,0.03571,0.0,0.004419,0.0,0.0,0.0,0.001623,0.001892,0.0,0.0,0.047883,0.009612
2020-01-13 11:15:00,21.4,21.31,22.81,21.57,20.99,21.46,21.61,26.86,21.27,20.96,21.02,21.17,27.3,22.2,21.35,0.74,514.8,0.0,0.442,0.0,0.0,0.282,0.0,0.0,0.0,0.0,1.0,0.614,0.0,0.0,0.0,0.0,36.0,21.0,23.0,0.0,1234.38,0.0,0.0,130.7,0.0,0.0,0.0,0.0,453.69,188.95,0.0,0.0,0.0,0.0,36.0,26.64,36.0,36.0,21.5,36.0,36.0,36.0,36.0,21.9,22.24,36.0,36.0,36.0,36.0,0.0,0.03154,0.0,0.0,0.002156,0.0,0.0,0.0,0.0,0.007697,0.003285,0.0,0.0,0.0,0.0
2020-01-13 11:30:00,21.32,21.48,22.8,21.26,20.98,21.34,21.47,27.45,21.15,21.06,21.06,21.0,27.91,21.94,21.25,1.03,518.6,0.0,0.442,0.0,0.0,0.282,0.0,0.0,0.0,0.0,1.0,0.614,0.0,0.0,0.0,0.0,36.0,21.0,23.0,0.0,1259.31,0.0,0.0,130.42,0.0,0.0,0.0,0.0,442.29,186.23,0.0,0.0,0.0,0.0,36.0,26.45,36.0,36.0,21.53,36.0,36.0,36.0,36.0,22.25,22.44,36.0,36.0,36.0,36.0,0.0,0.03154,0.0,0.0,0.002156,0.0,0.0,0.0,0.0,0.007697,0.003285,0.0,0.0,0.0,0.0
2020-01-13 11:45:00,21.29,21.5,22.85,21.19,20.94,21.18,21.35,28.01,21.06,21.16,21.11,20.84,28.47,21.63,21.14,1.32,522.4,0.0,0.442,0.0,0.0,0.282,0.0,0.0,0.0,0.0,1.0,0.614,0.0,0.0,0.0,0.0,36.0,21.0,23.0,0.0,1259.52,0.0,0.0,129.88,0.0,0.0,0.0,0.0,434.35,184.33,0.0,0.0,0.0,0.0,36.0,26.45,36.0,36.0,21.59,36.0,36.0,36.0,36.0,22.5,22.58,36.0,36.0,36.0,36.0,0.0,0.03154,0.0,0.0,0.002156,0.0,0.0,0.0,0.0,0.007697,0.003285,0.0,0.0,0.0,0.0
2020-01-13 12:00:00,21.29,21.56,22.92,21.2,20.9,21.02,21.24,28.52,20.99,21.25,21.15,20.69,28.97,21.43,21.04,1.56,526.2,0.0,0.442,0.0,0.0,0.282,0.0,0.0,0.0,0.0,1.0,0.614,0.0,0.0,0.0,0.0,36.0,21.0,23.0,0.0,1253.35,0.0,0.0,130.22,0.0,0.0,0.0,0.0,428.38,182.92,0.0,0.0,0.0,0.0,36.0,26.49,36.0,36.0,21.55,36.0,36.0,36.0,36.0,22.68,22.68,36.0,36.0,36.0,36.0,0.0,0.03154,0.0,0.0,0.002156,0.0,0.0,0.0,0.0,0.007697,0.003285,0.0,0.0,0.0,0.0
2020-01-13 12:15:00,21.29,21.04,22.93,21.28,21.01,21.0,21.16,28.96,21.25,21.25,21.11,20.89,29.4,21.34,21.05,1.79,530.0,0.0,0.0,0.0,0.0,1.0,1.0,0.0,0.0,1.0,0.0,0.0,1.0,0.0,0.0,1.0,36.0,21.0,23.0,0.0,0.0,0.0,0.0,430.24,256.4,0.0,0.0,2181.26,0.0,0.0,2459.87,0.0,0.0,556.84,36.0,36.0,36.0,36.0,22.55,22.12,36.0,36.0,24.43,36.0,36.0,24.32,36.0,36.0,22.25,0.0,0.0,0.0,0.0,0.007653,0.004419,0.0,0.0,0.045088,0.0,0.0,0.050389,0.0,0.0,0.009687
2020-01-13 12:30:00,21.24,20.87,22.87,21.34,21.16,21.11,21.08,29.39,21.81,21.18,21.01,21.44,29.81,21.32,21.16,2.03,515.5,0.0,0.0,0.0,0.0,1.0,1.0,0.0,0.0,1.0,0.0,0.0,1.0,0.0,0.0,1.0,36.0,21.0,23.0,0.0,0.0,0.0,0.0,431.33,248.67,0.0,0.0,1914.32,0.0,0.0,2150.23,0.0,0.0,539.54,36.0,36.0,36.0,36.0,22.52,22.54,36.0,36.0,25.84,36.0,36.0,25.79,36.0,36.0,22.68,0.0,0.0,0.0,0.0,0.007653,0.004419,0.0,0.0,0.045088,0.0,0.0,0.050389,0.0,0.0,0.009687
2020-01-13 12:45:00,21.21,20.83,22.88,21.44,21.32,21.31,21.01,29.76,22.36,21.1,20.91,21.98,30.14,21.37,21.28,2.26,500.9,0.0,0.0,0.0,0.0,1.0,1.0,0.0,0.0,1.0,0.0,0.0,1.0,0.0,0.0,1.0,36.0,21.0,23.0,0.0,0.0,0.0,0.0,430.48,243.44,0.0,0.0,1740.93,0.0,0.0,1969.15,0.0,0.0,527.87,36.0,36.0,36.0,36.0,22.54,22.82,36.0,36.0,26.76,36.0,36.0,26.65,36.0,36.0,22.96,0.0,0.0,0.0,0.0,0.007653,0.004419,0.0,0.0,0.045088,0.0,0.0,0.050389,0.0,0.0,0.009687
2020-01-13 13:00:00,21.19,20.79,22.88,21.56,21.46,21.52,20.95,30.04,22.77,21.02,20.82,22.3,30.38,21.47,21.39,2.35,486.4,0.0,0.0,0.0,0.0,1.0,1.0,0.0,0.0,1.0,0.0,0.0,1.0,0.0,0.0,1.0,36.0,21.0,23.0,0.0,0.0,0.0,0.0,429.67,239.37,0.0,0.0,1612.17,0.0,0.0,1852.61,0.0,0.0,519.23,36.0,36.0,36.0,36.0,22.57,23.04,36.0,36.0,27.45,36.0,36.0,27.2,36.0,36.0,23.18,0.0,0.0,0.0,0.0,0.007653,0.004419,0.0,0.0,0.045088,0.0,0.0,0.050389,0.0,0.0,0.009687
2020-01-13 13:15:00,21.2,21.36,22.99,21.69,21.4,21.56,21.05,30.24,22.86,20.99,20.84,22.24,30.54,21.58,21.38,2.43,471.8,0.0,0.57,0.0,0.0,0.0,0.0,0.551,0.0,0.0,0.536,1.0,0.0,0.0,0.0,0.0,36.0,21.0,23.0,0.0,1497.3,0.0,0.0,0.0,0.0,1389.2,0.0,0.0,245.91,309.8,0.0,0.0,0.0,0.0,36.0,27.19,36.0,36.0,36.0,36.0,23.31,36.0,36.0,21.74,22.15,36.0,36.0,36.0,36.0,0.0,0.040669,0.0,0.0,0.0,0.0,0.026198,0.0,0.0,0.004125,0.00535,0.0,0.0,0.0,0.0
2020-01-13 13:30:00,21.27,21.73,23.09,21.91,21.42,21.51,21.32,30.45,22.81,21.01,20.98,21.93,30.69,21.75,21.27,2.52,458.4,0.0,0.57,0.0,0.0,0.0,0.0,0.551,0.0,0.0,0.536,1.0,0.0,0.0,0.0,0.0,36.0,21.0,23.0,0.0,1483.4,0.0,0.0,0.0,0.0,1292.55,0.0,0.0,243.46,297.99,0.0,0.0,0.0,0.0,36.0,27.27,36.0,36.0,36.0,36.0,24.2,36.0,36.0,21.88,22.68,36.0,36.0,36.0,36.0,0.0,0.040669,0.0,0.0,0.0,0.0,0.026198,0.0,0.0,0.004125,0.00535,0.0,0.0,0.0,0.0
2020-01-13 13:45:00,21.28,21.76,23.18,22.07,21.41,21.39,21.56,30.56,22.78,21.03,21.12,21.63,30.76,21.9,21.16,2.6,445.1,0.0,0.57,0.0,0.0,0.0,0.0,0.551,0.0,0.0,0.536,1.0,0.0,0.0,0.0,0.0,36.0,21.0,23.0,0.0,1465.56,0.0,0.0,0.0,0.0,1231.52,0.0,0.0,241.88,290.11,0.0,0.0,0.0,0.0,36.0,27.38,36.0,36.0,36.0,36.0,24.75,36.0,36.0,21.97,23.03,36.0,36.0,36.0,36.0,0.0,0.040669,0.0,0.0,0.0,0.0,0.026198,0.0,0.0,0.004125,0.00535,0.0,0.0,0.0,0.0
2020-01-13 14:00:00,21.34,21.83,23.16,22.27,21.4,21.36,21.77,30.64,22.84,21.05,21.23,21.37,30.8,22.04,21.06,2.62,431.7,0.0,0.57,0.0,0.0,0.0,0.0,0.551,0.0,0.0,0.536,1.0,0.0,0.0,0.0,0.0,36.0,21.0,23.0,0.0,1460.05,0.0,0.0,0.0,0.0,1189.61,0.0,0.0,240.77,284.39,0.0,0.0,0.0,0.0,36.0,27.41,36.0,36.0,36.0,36.0,25.14,36.0,36.0,22.04,23.28,36.0,36.0,36.0,36.0,0.0,0.040669,0.0,0.0,0.0,0.0,0.026198,0.0,0.0,0.004125,0.00535,0.0,0.0,0.0,0.0
2020-01-13 14:15:00,21.28,21.17,23.1,22.4,21.45,21.37,21.7,30.68,22.91,21.03,21.2,21.2,30.8,22.17,21.02,2.64,418.4,0.0,0.0,0.0,0.0,0.0,0.0,0.0,0.0,0.0,0.0,0.0,0.0,0.0,0.0,0.322,36.0,21.0,23.0,0.0,0.0,0.0,0.0,0.0,0.0,0.0,0.0,0.0,0.0,0.0,0.0,0.0,0.0,185.1,36.0,36.0,36.0,36.0,36.0,36.0,36.0,36.0,36.0,36.0,36.0,36.0,36.0,36.0,21.82,0.0,0.0,0.0,0.0,0.0,0.0,0.0,0.0,0.0,0.0,0.0,0.0,0.0,0.0,0.003124
2020-01-13 14:30:00,21.18,20.92,22.91,22.56,21.44,21.36,21.45,30.67,23.03,20.95,21.08,20.98,30.73,22.36,20.98,2.66,394.2,0.0,0.0,0.0,0.0,0.0,0.0,0.0,0.0,0.0,0.0,0.0,0.0,0.0,0.0,0.322,36.0,21.0,23.0,0.0,0.0,0.0,0.0,0.0,0.0,0.0,0.0,0.0,0.0,0.0,0.0,0.0,0.0,184.5,36.0,36.0,36.0,36.0,36.0,36.0,36.0,36.0,36.0,36.0,36.0,36.0,36.0,36.0,21.87,0.0,0.0,0.0,0.0,0.0,0.0,0.0,0.0,0.0,0.0,0.0,0.0,0.0,0.0,0.003124
2020-01-13 14:45:00,21.07,20.82,22.81,22.67,21.45,21.38,21.22,30.59,23.11,20.88,20.97,20.82,30.6,22.49,20.97,2.68,370.1,0.0,0.0,0.0,0.0,0.0,0.0,0.0,0.0,0.0,0.0,0.0,0.0,0.0,0.0,0.322,36.0,21.0,23.0,0.0,0.0,0.0,0.0,0.0,0.0,0.0,0.0,0.0,0.0,0.0,0.0,0.0,0.0,184.28,36.0,36.0,36.0,36.0,36.0,36.0,36.0,36.0,36.0,36.0,36.0,36.0,36.0,36.0,21.89,0.0,0.0,0.0,0.0,0.0,0.0,0.0,0.0,0.0,0.0,0.0,0.0,0.0,0.0,0.003124
2020-01-13 15:00:00,20.99,20.7,22.65,22.78,21.45,21.37,21.07,30.46,23.19,20.81,20.86,20.68,30.42,22.61,20.95,2.54,346.0,0.0,0.0,0.0,0.0,0.0,0.0,0.0,0.0,0.0,0.0,0.0,0.0,0.0,0.0,0.322,36.0,21.0,23.0,0.0,0.0,0.0,0.0,0.0,0.0,0.0,0.0,0.0,0.0,0.0,0.0,0.0,0.0,184.23,36.0,36.0,36.0,36.0,36.0,36.0,36.0,36.0,36.0,36.0,36.0,36.0,36.0,36.0,21.89,0.0,0.0,0.0,0.0,0.0,0.0,0.0,0.0,0.0,0.0,0.0,0.0,0.0,0.0,0.003124
2020-01-13 15:15:00,21.12,21.4,22.67,22.84,21.45,21.42,21.05,30.32,23.24,20.82,20.89,20.88,30.23,22.68,21.0,2.4,321.8,0.652,0.865,0.0,0.0,0.0,0.0,0.312,0.0,0.0,1.0,1.0,1.0,0.0,0.0,1.0,36.0,21.0,23.0,415.25,1976.32,0.0,0.0,0.0,0.0,794.37,0.0,0.0,458.69,306.36,2471.3,0.0,0.0,552.53,24.6,28.35,36.0,36.0,36.0,36.0,23.19,36.0,36.0,21.74,22.3,24.27,36.0,36.0,22.35,0.008714,0.061776,0.0,0.0,0.0,0.0,0.014838,0.0,0.0,0.007697,0.00535,0.050389,0.0,0.0,0.009687
2020-01-13 15:30:00,21.37,21.85,22.7,22.78,21.45,21.51,21.09,30.01,23.23,20.91,21.01,21.38,29.84,22.7,21.12,2.26,244.0,0.652,0.865,0.0,0.0,0.0,0.0,0.312,0.0,0.0,1.0,1.0,1.0,0.0,0.0,1.0,36.0,21.0,23.0,416.56,2003.94,0.0,0.0,0.0,0.0,773.27,0.0,0.0,446.53,295.27,2168.14,0.0,0.0,537.73,24.56,28.24,36.0,36.0,36.0,36.0,23.53,36.0,36.0,22.12,22.8,25.71,36.0,36.0,22.72,0.008714,0.061776,0.0,0.0,0.0,0.0,0.014838,0.0,0.0,0.007697,0.00535,0.050389,0.0,0.0,0.009687
2020-01-13 15:45:00,21.36,21.89,22.53,22.54,21.43,21.57,21.12,29.57,23.14,21.01,21.14,21.85,29.3,22.63,21.24,2.12,166.3,0.652,0.865,0.0,0.0,0.0,0.0,0.312,0.0,0.0,1.0,1.0,1.0,0.0,0.0,1.0,36.0,21.0,23.0,411.77,1979.63,0.0,0.0,0.0,0.0,761.33,0.0,0.0,438.28,287.94,1995.15,0.0,0.0,527.4,24.69,28.33,36.0,36.0,36.0,36.0,23.73,36.0,36.0,22.38,23.13,26.53,36.0,36.0,22.98,0.008714,0.061776,0.0,0.0,0.0,0.0,0.014838,0.0,0.0,0.007697,0.00535,0.050389,0.0,0.0,0.009687
2020-01-13 16:00:00,21.23,21.87,22.22,22.17,21.37,21.56,21.11,29.05,22.92,21.1,21.25,22.08,28.69,22.39,21.34,1.86,88.5,0.652,0.865,0.0,0.0,0.0,0.0,0.312,0.0,0.0,1.0,1.0,1.0,0.0,0.0,1.0,36.0,21.0,23.0,408.81,1971.66,0.0,0.0,0.0,0.0,754.48,0.0,0.0,432.17,282.64,1887.55,0.0,0.0,519.6,24.78,28.36,36.0,36.0,36.0,36.0,23.84,36.0,36.0,22.57,23.36,27.04,36.0,36.0,23.17,0.008714,0.061776,0.0,0.0,0.0,0.0,0.014838,0.0,0.0,0.007697,0.00535,0.050389,0.0,0.0,0.009687
2020-01-13 16:15:00,20.62,20.83,21.66,21.73,21.3,21.44,21.04,28.52,22.82,21.1,21.23,21.93,28.07,22.06,21.33,1.61,10.7,0.0,0.0,0.0,0.0,0.0,0.0,0.168,0.0,1.0,0.0,0.0,0.0,0.0,0.0,0.0,36.0,21.0,23.0,0.0,0.0,0.0,0.0,0.0,0.0,416.07,0.0,1769.35,0.0,0.0,0.0,0.0,0.0,0.0,36.0,36.0,36.0,36.0,36.0,36.0,23.57,36.0,26.61,36.0,36.0,36.0,36.0,36.0,36.0,0.0,0.0,0.0,0.0,0.0,0.0,0.008009,0.0,0.045088,0.0,0.0,0.0,0.0,0.0,0.0
2020-01-13 16:30:00,20.25,20.32,21.19,21.36,21.27,21.24,20.9,27.94,22.89,21.03,21.11,21.53,27.41,21.69,21.23,1.36,8.1,0.0,0.0,0.0,0.0,0.0,0.0,0.168,0.0,1.0,0.0,0.0,0.0,0.0,0.0,0.0,36.0,21.0,23.0,0.0,0.0,0.0,0.0,0.0,0.0,423.77,0.0,1634.62,0.0,0.0,0.0,0.0,0.0,0.0,36.0,36.0,36.0,36.0,36.0,36.0,23.34,36.0,27.33,36.0,36.0,36.0,36.0,36.0,36.0,0.0,0.0,0.0,0.0,0.0,0.0,0.008009,0.0,0.045088,0.0,0.0,0.0,0.0,0.0,0.0
2020-01-13 16:45:00,20.08,20.09,20.91,21.16,21.27,21.02,20.79,27.46,22.98,20.95,20.99,21.11,26.89,21.38,21.11,1.11,0.0,0.0,0.0,0.0,0.0,0.0,0.0,0.168,0.0,1.0,0.0,0.0,0.0,0.0,0.0,0.0,36.0,21.0,23.0,0.0,0.0,0.0,0.0,0.0,0.0,429.72,0.0,1563.04,0.0,0.0,0.0,0.0,0.0,0.0,36.0,36.0,36.0,36.0,36.0,36.0,23.16,36.0,27.71,36.0,36.0,36.0,36.0,36.0,36.0,0.0,0.0,0.0,0.0,0.0,0.0,0.008009,0.0,0.045088,0.0,0.0,0.0,0.0,0.0,0.0
2020-01-13 17:00:00,19.95,19.93,20.69,21.0,21.26,20.82,20.7,27.04,23.03,20.88,20.89,20.73,26.44,21.12,21.01,1.06,0.0,0.0,0.0,0.0,0.0,0.0,0.0,0.168,0.0,1.0,0.0,0.0,0.0,0.0,0.0,0.0,36.0,21.0,23.0,0.0,0.0,0.0,0.0,0.0,0.0,434.59,0.0,1520.66,0.0,0.0,0.0,0.0,0.0,0.0,36.0,36.0,36.0,36.0,36.0,36.0,23.02,36.0,27.93,36.0,36.0,36.0,36.0,36.0,36.0,0.0,0.0,0.0,0.0,0.0,0.0,0.008009,0.0,0.045088,0.0,0.0,0.0,0.0,0.0,0.0
2020-01-13 17:15:00,20.49,20.78,21.34,21.63,21.36,20.75,20.86,26.7,22.98,20.88,20.9,20.79,26.07,21.18,21.01,1.01,0.0,1.0,1.0,1.0,1.0,1.0,1.0,1.0,0.0,0.49,1.0,1.0,1.0,0.0,1.0,1.0,36.0,21.0,23.0,562.58,2206.48,825.28,1702.15,439.79,268.0,2260.09,0.0,793.47,454.58,305.61,2374.39,0.0,2277.61,556.85,25.93,28.61,29.38,26.69,22.25,21.49,24.63,36.0,27.41,21.87,22.33,24.73,36.0,24.62,22.25,0.013364,0.071395,0.029804,0.043751,0.007653,0.004419,0.047544,0.0,0.022111,0.007697,0.00535,0.050389,0.0,0.047883,0.009687
2020-01-13 17:30:00,21.0,21.39,21.84,22.32,21.45,20.93,21.27,26.31,22.87,20.96,21.02,21.23,25.65,21.54,21.12,0.97,0.0,1.0,1.0,1.0,1.0,1.0,1.0,1.0,0.0,0.49,1.0,1.0,1.0,0.0,1.0,1.0,36.0,21.0,23.0,571.35,2277.43,857.8,1735.26,440.32,258.22,2040.22,0.0,829.68,443.31,294.67,2120.93,0.0,2026.87,539.89,25.77,28.37,29.11,26.51,22.24,22.02,25.73,36.0,27.02,22.22,22.82,25.93,36.0,25.87,22.67,0.013364,0.071395,0.029804,0.043751,0.007653,0.004419,0.047544,0.0,0.022111,0.007697,0.00535,0.050389,0.0,0.047883,0.009687
2020-01-13 17:45:00,21.16,21.46,21.95,22.42,21.5,21.19,21.61,25.93,22.78,21.05,21.15,21.61,25.25,21.92,21.24,0.92,0.0,1.0,1.0,1.0,1.0,1.0,1.0,1.0,0.0,0.49,1.0,1.0,1.0,0.0,1.0,1.0,36.0,21.0,23.0,569.54,2286.42,862.36,1732.37,439.42,251.39,1911.57,0.0,852.41,435.66,287.45,1976.74,0.0,1884.04,528.47,25.8,28.34,29.08,26.53,22.26,22.39,26.38,36.0,26.78,22.46,23.15,26.61,36.0,26.59,22.95,0.013364,0.071395,0.029804,0.043751,0.007653,0.004419,0.047544,0.0,0.022111,0.007697,0.00535,0.050389,0.0,0.047883,0.009687
2020-01-13 18:00:00,21.18,21.44,21.93,22.4,21.52,21.4,21.81,25.59,22.68,21.14,21.25,21.83,24.89,22.16,21.35,0.85,0.0,1.0,1.0,1.0,1.0,1.0,1.0,1.0,0.0,0.49,1.0,1.0,1.0,0.0,1.0,1.0,36.0,21.0,23.0,571.27,2316.39,875.19,1744.24,438.88,246.16,1829.39,0.0,868.44,430.01,282.25,1886.88,0.0,1794.44,520.06,25.77,28.24,28.97,26.46,22.28,22.67,26.79,36.0,26.6,22.63,23.38,27.04,36.0,27.03,23.16,0.013364,0.071395,0.029804,0.043751,0.007653,0.004419,0.047544,0.0,0.022111,0.007697,0.00535,0.050389,0.0,0.047883,0.009687
2020-01-13 18:15:00,20.33,20.41,20.88,21.43,21.34,21.4,21.67,25.29,22.46,21.13,21.23,21.69,24.57,22.02,21.33,0.79,0.0,0.0,0.146,0.0,0.0,0.0,0.0,0.0,0.0,0.0,0.0,0.0,0.0,0.0,0.0,0.0,36.0,21.0,23.0,0.0,533.71,0.0,0.0,0.0,0.0,0.0,0.0,0.0,0.0,0.0,0.0,0.0,0.0,0.0,36.0,23.74,36.0,36.0,36.0,36.0,36.0,36.0,36.0,36.0,36.0,36.0,36.0,36.0,36.0,0.0,0.010417,0.0,0.0,0.0,0.0,0.0,0.0,0.0,0.0,0.0,0.0,0.0,0.0,0.0
2020-01-13 18:30:00,19.82,19.84,20.22,20.62,21.2,21.23,21.29,24.94,22.11,21.06,21.12,21.27,24.2,21.61,21.23,0.72,0.0,0.0,0.146,0.0,0.0,0.0,0.0,0.0,0.0,0.0,0.0,0.0,0.0,0.0,0.0,0.0,36.0,21.0,23.0,0.0,542.82,0.0,0.0,0.0,0.0,0.0,0.0,0.0,0.0,0.0,0.0,0.0,0.0,0.0,36.0,23.53,36.0,36.0,36.0,36.0,36.0,36.0,36.0,36.0,36.0,36.0,36.0,36.0,36.0,0.0,0.010417,0.0,0.0,0.0,0.0,0.0,0.0,0.0,0.0,0.0,0.0,0.0,0.0,0.0
2020-01-13 18:45:00,19.56,19.56,19.89,20.32,21.03,20.99,20.88,24.6,21.81,20.98,21.0,20.82,23.84,21.15,21.12,0.66,0.0,0.0,0.146,0.0,0.0,0.0,0.0,0.0,0.0,0.0,0.0,0.0,0.0,0.0,0.0,0.0,36.0,21.0,23.0,0.0,557.27,0.0,0.0,0.0,0.0,0.0,0.0,0.0,0.0,0.0,0.0,0.0,0.0,0.0,36.0,23.2,36.0,36.0,36.0,36.0,36.0,36.0,36.0,36.0,36.0,36.0,36.0,36.0,36.0,0.0,0.010417,0.0,0.0,0.0,0.0,0.0,0.0,0.0,0.0,0.0,0.0,0.0,0.0,0.0
2020-01-13 19:00:00,19.37,19.38,19.66,20.13,20.87,20.76,20.57,24.34,21.57,20.91,20.89,20.46,23.58,20.83,21.01,0.61,0.0,0.0,0.146,0.0,0.0,0.0,0.0,0.0,0.0,0.0,0.0,0.0,0.0,0.0,0.0,0.0,36.0,21.0,23.0,0.0,562.4,0.0,0.0,0.0,0.0,0.0,0.0,0.0,0.0,0.0,0.0,0.0,0.0,0.0,36.0,23.08,36.0,36.0,36.0,36.0,36.0,36.0,36.0,36.0,36.0,36.0,36.0,36.0,36.0,0.0,0.010417,0.0,0.0,0.0,0.0,0.0,0.0,0.0,0.0,0.0,0.0,0.0,0.0,0.0
2020-01-13 19:15:00,19.93,20.21,20.42,20.81,20.88,20.71,20.67,24.11,21.63,20.91,20.9,20.55,23.35,20.91,21.02,0.56,0.0,1.0,1.0,1.0,1.0,1.0,1.0,1.0,0.0,1.0,1.0,1.0,1.0,0.0,1.0,1.0,36.0,21.0,23.0,596.78,2483.21,952.62,1843.6,441.93,259.98,2284.41,0.0,2026.68,453.28,305.45,2400.51,0.0,2250.04,556.63,25.32,27.68,28.35,25.92,22.18,21.93,24.51,36.0,25.25,21.91,22.34,24.6,36.0,24.76,22.25,0.013364,0.071395,0.029804,0.043751,0.007653,0.004419,0.047544,0.0,0.045088,0.007697,0.00535,0.050389,0.0,0.047883,0.009687
2020-01-13 19:30:00,20.44,20.77,21.02,21.56,21.08,20.89,21.09,23.85,21.91,20.99,21.02,21.01,23.09,21.29,21.12,0.51,0.0,1.0,1.0,1.0,1.0,1.0,1.0,1.0,0.0,1.0,1.0,1.0,1.0,0.0,1.0,1.0,36.0,21.0,23.0,604.69,2512.98,981.51,1872.99,444.37,252.09,2051.17,0.0,1830.76,442.13,294.53,2144.8,0.0,2022.23,539.66,25.17,27.58,28.12,25.76,22.11,22.35,25.68,36.0,26.29,22.26,22.83,25.82,36.0,25.9,22.67,0.013364,0.071395,0.029804,0.043751,0.007653,0.004419,0.047544,0.0,0.045088,0.007697,0.00535,0.050389,0.0,0.047883,0.009687
2020-01-13 19:45:00,20.61,20.89,21.19,21.73,21.23,21.14,21.51,23.61,22.2,21.08,21.15,21.43,22.85,21.69,21.25,0.45,0.0,1.0,1.0,1.0,1.0,1.0,1.0,1.0,0.0,1.0,1.0,1.0,1.0,0.0,1.0,1.0,36.0,21.0,23.0,600.47,2490.7,975.35,1858.61,442.88,246.6,1916.95,0.0,1720.41,434.58,287.33,1998.48,0.0,1891.66,528.24,25.25,27.65,28.17,25.84,22.16,22.65,26.35,36.0,26.87,22.49,23.15,26.51,36.0,26.55,22.95,0.013364,0.071395,0.029804,0.043751,0.007653,0.004419,0.047544,0.0,0.045088,0.007697,0.00535,0.050389,0.0,0.047883,0.009687
2020-01-13 20:00:00,20.65,20.89,21.18,21.75,21.33,21.31,21.75,23.37,22.42,21.17,21.26,21.71,22.61,21.95,21.36,0.39,0.0,1.0,1.0,1.0,1.0,1.0,1.0,1.0,0.0,1.0,1.0,1.0,1.0,0.0,1.0,1.0,36.0,21.0,23.0,587.43,2393.69,938.41,1813.52,439.89,242.42,1833.09,0.0,1652.99,429.07,282.21,1908.09,0.0,1810.04,519.95,25.48,27.98,28.47,26.08,22.25,22.88,26.78,36.0,27.23,22.66,23.38,26.94,36.0,26.96,23.16,0.013364,0.071395,0.029804,0.043751,0.007653,0.004419,0.047544,0.0,0.045088,0.007697,0.00535,0.050389,0.0,0.047883,0.009687
2020-01-13 20:15:00,20.67,20.95,21.15,20.95,21.25,21.4,21.87,23.2,22.27,21.23,21.33,21.85,22.76,21.82,21.43,0.33,0.0,1.0,1.0,1.0,0.084,0.0,0.0,1.0,0.0,0.0,1.0,1.0,1.0,1.0,0.0,1.0,36.0,21.0,23.0,599.73,2482.7,984.8,218.09,0.0,0.0,1775.09,0.0,0.0,424.67,278.22,1844.75,884.72,0.0,513.32,25.26,27.68,28.1,21.75,36.0,36.0,27.07,36.0,36.0,22.8,23.56,27.24,26.24,36.0,23.32,0.013364,0.071395,0.029804,0.003663,0.0,0.0,0.047544,0.0,0.0,0.007697,0.00535,0.050389,0.021689,0.0,0.009687
2020-01-13 20:30:00,20.67,20.99,21.05,20.39,21.21,21.36,21.99,22.99,21.93,21.3,21.43,22.0,23.19,21.48,21.52,0.27,0.0,1.0,1.0,1.0,0.084,0.0,0.0,1.0,0.0,0.0,1.0,1.0,1.0,1.0,0.0,1.0,36.0,21.0,23.0,600.25,2483.45,992.34,219.85,0.0,0.0,1735.97,0.0,0.0,421.2,275.14,1802.3,766.66,0.0,508.13,25.25,27.68,28.03,21.64,36.0,36.0,27.26,36.0,36.0,22.91,23.7,27.44,27.54,36.0,23.45,0.013364,0.071395,0.029804,0.003663,0.0,0.0,0.047544,0.0,0.0,0.007697,0.00535,0.050389,0.021689,0.0,0.009687
2020-01-13 20:45:00,20.69,21.05,21.01,20.24,21.14,21.31,22.08,22.78,21.63,21.36,21.51,22.1,23.59,21.09,21.61,0.2,0.0,1.0,1.0,1.0,0.084,0.0,0.0,1.0,0.0,0.0,1.0,1.0,1.0,1.0,0.0,1.0,36.0,21.0,23.0,592.75,2445.61,979.1,221.53,0.0,0.0,1706.43,0.0,0.0,418.26,272.59,1770.64,701.27,0.0,503.75,25.39,27.81,28.14,21.53,36.0,36.0,27.41,36.0,36.0,23.0,23.81,27.59,28.26,36.0,23.56,0.013364,0.071395,0.029804,0.003663,0.0,0.0,0.047544,0.0,0.0,0.007697,0.00535,0.050389,0.021689,0.0,0.009687
2020-01-13 21:00:00,20.73,21.07,20.98,20.13,21.08,21.27,22.16,22.57,21.36,21.43,21.59,22.18,23.87,20.74,21.69,0.16,0.0,1.0,1.0,1.0,0.084,0.0,0.0,1.0,0.0,0.0,1.0,1.0,1.0,1.0,0.0,1.0,36.0,21.0,23.0,573.35,2319.59,925.6,222.35,0.0,0.0,1684.2,0.0,0.0,415.77,270.47,1746.93,662.25,0.0,500.05,25.74,28.23,28.57,21.48,36.0,36.0,27.53,36.0,36.0,23.08,23.91,27.71,28.7,36.0,23.65,0.013364,0.071395,0.029804,0.003663,0.0,0.0,0.047544,0.0,0.0,0.007697,0.00535,0.050389,0.021689,0.0,0.009687
2020-01-13 21:15:00,20.8,21.15,21.12,20.78,21.08,21.26,22.2,22.41,21.48,21.48,21.65,22.22,23.7,20.89,21.74,0.11,0.0,1.0,1.0,1.0,1.0,0.139,0.0,1.0,0.0,1.0,1.0,1.0,1.0,0.0,1.0,1.0,36.0,21.0,23.0,577.54,2372.53,948.22,1894.28,67.41,0.0,1665.63,0.0,2055.45,413.44,268.5,1727.08,0.0,2266.8,496.56,25.66,28.05,28.39,25.64,20.81,36.0,27.62,36.0,25.09,23.15,23.99,27.8,36.0,24.67,23.74,0.013364,0.071395,0.029804,0.043751,0.001062,0.0,0.047544,0.0,0.045088,0.007697,0.00535,0.050389,0.0,0.047883,0.009687
2020-01-13 21:30:00,20.93,21.25,21.32,21.42,21.13,21.32,22.26,22.21,21.77,21.54,21.72,22.29,23.27,21.31,21.81,0.06,0.0,1.0,1.0,1.0,1.0,0.139,0.0,1.0,0.0,1.0,1.0,1.0,1.0,0.0,1.0,1.0,36.0,21.0,23.0,569.45,2337.26,931.24,1915.15,67.46,0.0,1650.6,0.0,1859.53,411.36,266.78,1711.4,0.0,2035.49,493.51,25.81,28.17,28.53,25.53,20.8,36.0,27.69,36.0,26.13,23.21,24.07,27.87,36.0,25.83,23.81,0.013364,0.071395,0.029804,0.043751,0.001062,0.0,0.047544,0.0,0.045088,0.007697,0.00535,0.050389,0.0,0.047883,0.009687
2020-01-13 21:45:00,21.04,21.33,21.43,21.56,21.2,21.41,22.34,22.02,22.06,21.59,21.78,22.37,22.85,21.69,21.88,0.01,0.0,1.0,1.0,1.0,1.0,0.139,0.0,1.0,0.0,1.0,1.0,1.0,1.0,0.0,1.0,1.0,36.0,21.0,23.0,560.8,2298.87,912.68,1897.0,67.46,0.0,1637.25,0.0,1748.5,409.42,265.19,1697.44,0.0,1901.95,490.67,25.96,28.3,28.67,25.63,20.8,36.0,27.76,36.0,26.72,23.27,24.14,27.94,36.0,26.5,23.88,0.013364,0.071395,0.029804,0.043751,0.001062,0.0,0.047544,0.0,0.045088,0.007697,0.00535,0.050389,0.0,0.047883,0.009687
2020-01-13 22:00:00,21.13,21.4,21.49,21.61,21.27,21.48,22.39,21.82,22.23,21.64,21.85,22.42,22.5,21.9,21.94,-0.06,0.0,1.0,1.0,1.0,1.0,0.139,0.0,1.0,0.0,1.0,1.0,1.0,1.0,0.0,1.0,1.0,36.0,21.0,23.0,552.58,2262.31,896.48,1891.9,67.44,0.0,1625.57,0.0,1679.09,407.61,263.73,1685.45,0.0,1817.83,488.02,26.11,28.42,28.8,25.65,20.81,36.0,27.82,36.0,27.09,23.33,24.21,28.0,36.0,26.92,23.95,0.013364,0.071395,0.029804,0.043751,0.001062,0.0,0.047544,0.0,0.045088,0.007697,0.00535,0.050389,0.0,0.047883,0.009687
2020-01-13 22:15:00,20.58,21.39,20.59,20.64,21.27,21.49,22.43,21.65,22.11,21.69,21.9,22.46,22.57,21.76,21.91,-0.13,0.0,0.204,1.0,0.0,0.0,0.0,0.0,1.0,0.0,0.0,1.0,1.0,1.0,1.0,0.0,0.0,36.0,21.0,23.0,142.85,2229.06,0.0,0.0,0.0,0.0,1615.44,0.0,0.0,405.87,262.35,1675.27,857.76,0.0,0.0,23.48,28.53,36.0,36.0,36.0,36.0,27.87,36.0,36.0,23.38,24.27,28.05,26.54,36.0,36.0,0.002731,0.071395,0.0,0.0,0.0,0.0,0.047544,0.0,0.0,0.007697,0.00535,0.050389,0.021689,0.0,0.0
2020-01-13 22:30:00,20.25,21.31,20.2,19.88,21.21,21.45,22.45,21.44,21.75,21.75,21.96,22.48,22.9,21.37,21.79,-0.19,0.0,0.204,1.0,0.0,0.0,0.0,0.0,1.0,0.0,0.0,1.0,1.0,1.0,1.0,0.0,0.0,36.0,21.0,23.0,143.54,2223.36,0.0,0.0,0.0,0.0,1606.94,0.0,0.0,404.24,261.07,1666.88,757.44,0.0,0.0,23.42,28.55,36.0,36.0,36.0,36.0,27.91,36.0,36.0,23.44,24.33,28.09,27.65,36.0,36.0,0.002731,0.071395,0.0,0.0,0.0,0.0,0.047544,0.0,0.0,0.007697,0.00535,0.050389,0.021689,0.0,0.0
2020-01-13 22:45:00,20.12,21.27,20.01,19.65,21.14,21.39,22.46,21.23,21.4,21.8,22.02,22.49,23.22,20.96,21.66,-0.26,0.0,0.204,1.0,0.0,0.0,0.0,0.0,1.0,0.0,0.0,1.0,1.0,1.0,1.0,0.0,0.0,36.0,21.0,23.0,145.07,2217.96,0.0,0.0,0.0,0.0,1599.88,0.0,0.0,402.64,259.83,1659.97,703.16,0.0,0.0,23.29,28.57,36.0,36.0,36.0,36.0,27.95,36.0,36.0,23.48,24.38,28.12,28.24,36.0,36.0,0.002731,0.071395,0.0,0.0,0.0,0.0,0.047544,0.0,0.0,0.007697,0.00535,0.050389,0.021689,0.0,0.0
2020-01-13 23:00:00,20.02,21.24,19.89,19.5,21.08,21.32,22.48,21.06,21.13,21.85,22.08,22.51,23.47,20.63,21.54,-0.31,0.0,0.204,1.0,0.0,0.0,0.0,0.0,1.0,0.0,0.0,1.0,1.0,1.0,1.0,0.0,0.0,36.0,21.0,23.0,145.98,2128.17,0.0,0.0,0.0,0.0,1593.71,0.0,0.0,401.16,258.69,1653.89,671.09,0.0,0.0,23.21,28.87,36.0,36.0,36.0,36.0,27.98,36.0,36.0,23.53,24.43,28.15,28.6,36.0,36.0,0.002731,0.071395,0.0,0.0,0.0,0.0,0.047544,0.0,0.0,0.007697,0.00535,0.050389,0.021689,0.0,0.0
2020-01-13 23:15:00,20.47,21.35,20.55,20.22,21.18,21.29,22.53,21.27,21.24,21.89,22.13,22.54,23.29,20.77,21.55,-0.36,0.0,1.0,1.0,1.0,1.0,1.0,0.0,1.0,1.0,1.0,1.0,1.0,1.0,0.0,1.0,1.0,36.0,21.0,23.0,562.66,2195.89,940.35,1937.91,444.57,0.0,1587.23,977.32,2091.49,399.63,257.51,1647.87,0.0,2283.17,533.4,25.93,28.64,28.45,25.4,22.1,36.0,28.01,24.69,24.9,23.58,24.49,28.18,36.0,24.59,22.83,0.013364,0.071395,0.029804,0.043751,0.007653,0.0,0.047544,0.020669,0.045088,0.007697,0.00535,0.050389,0.0,0.047883,0.009687
2020-01-13 23:30:00,20.8,21.52,21.04,21.02,21.31,21.37,22.6,21.75,21.57,21.94,22.18,22.59,22.88,21.16,21.63,-0.42,0.0,1.0,1.0,1.0,1.0,1.0,0.0,1.0,1.0,1.0,1.0,1.0,1.0,0.0,1.0,1.0,36.0,21.0,23.0,567.54,2178.39,973.94,1962.3,444.86,0.0,1580.11,845.72,1891.39,398.18,256.42,1641.67,0.0,2050.11,518.08,25.84,28.7,28.18,25.27,22.09,36.0,28.05,26.21,25.96,23.62,24.53,28.21,36.0,25.76,23.21,0.013364,0.071395,0.029804,0.043751,0.007653,0.0,0.047544,0.020669,0.045088,0.007697,0.00535,0.050389,0.0,0.047883,0.009687
2020-01-13 23:45:00,20.88,21.6,21.09,21.2,21.41,21.45,22.68,22.22,21.91,21.98,22.23,22.65,22.45,21.55,21.74,-0.47,0.0,1.0,1.0,1.0,1.0,1.0,0.0,1.0,1.0,1.0,1.0,1.0,1.0,0.0,1.0,1.0,36.0,21.0,23.0,567.27,2163.51,980.18,1949.65,443.74,0.0,1572.86,772.55,1777.85,396.77,255.37,1634.89,0.0,1917.26,507.96,25.84,28.75,28.13,25.34,22.13,36.0,28.09,27.06,26.57,23.67,24.58,28.24,36.0,26.42,23.46,0.013364,0.071395,0.029804,0.043751,0.007653,0.0,0.047544,0.020669,0.045088,0.007697,0.00535,0.050389,0.0,0.047883,0.009687
2020-01-14 00:00:00,20.9,21.58,21.06,21.23,21.49,21.48,22.73,22.57,22.14,22.04,22.29,22.7,22.11,21.82,21.85,-0.55,0.0,1.0,1.0,1.0,1.0,1.0,0.0,1.0,1.0,1.0,1.0,1.0,1.0,0.0,1.0,1.0,36.0,21.0,23.0,556.94,2071.94,950.12,1900.38,440.64,0.0,1566.0,727.38,1706.53,395.44,254.39,1628.54,0.0,1833.44,500.64,26.03,29.06,28.37,25.61,22.23,36.0,28.12,27.58,26.95,23.71,24.63,28.27,36.0,26.84,23.64,0.013364,0.071395,0.029804,0.043751,0.007653,0.0,0.047544,0.020669,0.045088,0.007697,0.00535,0.050389,0.0,0.047883,0.009687
2020-01-14 00:15:00,20.9,21.58,20.69,20.32,21.37,21.47,22.54,22.42,21.99,22.01,22.23,22.48,22.24,21.8,21.82,-0.64,0.0,1.0,1.0,0.444,0.008,0.0,0.0,0.0,0.0,0.0,0.0,0.0,0.0,1.0,0.445,0.0,36.0,21.0,23.0,563.57,2149.07,572.72,22.24,0.0,0.0,0.0,0.0,0.0,0.0,0.0,0.0,879.4,866.18,0.0,25.91,28.8,25.64,20.79,36.0,36.0,36.0,36.0,36.0,36.0,36.0,36.0,26.3,26.27,36.0,0.013364,0.071395,0.01323,0.00035,0.0,0.0,0.0,0.0,0.0,0.0,0.0,0.0,0.021689,0.021306,0.0
2020-01-14 00:30:00,20.89,21.54,20.49,19.73,21.25,21.34,22.12,22.02,21.64,21.92,22.1,22.06,22.64,21.7,21.72,-0.72,0.0,1.0,1.0,0.444,0.008,0.0,0.0,0.0,0.0,0.0,0.0,0.0,0.0,1.0,0.445,0.0,36.0,21.0,23.0,559.32,2149.59,564.13,22.06,0.0,0.0,0.0,0.0,0.0,0.0,0.0,0.0,775.7,904.95,0.0,25.99,28.8,25.8,20.91,36.0,36.0,36.0,36.0,36.0,36.0,36.0,36.0,27.44,25.84,36.0,0.013364,0.071395,0.01323,0.00035,0.0,0.0,0.0,0.0,0.0,0.0,0.0,0.0,0.021689,0.021306,0.0
2020-01-14 00:45:00,20.89,21.52,20.44,19.62,21.06,21.15,21.73,21.63,21.28,21.83,21.96,21.62,23.02,21.57,21.6,-0.81,0.0,1.0,1.0,0.444,0.008,0.0,0.0,0.0,0.0,0.0,0.0,0.0,0.0,1.0,0.445,0.0,36.0,21.0,23.0,554.9,2148.36,559.84,21.95,0.0,0.0,0.0,0.0,0.0,0.0,0.0,0.0,718.85,928.18,0.0,26.07,28.8,25.88,20.99,36.0,36.0,36.0,36.0,36.0,36.0,36.0,36.0,28.07,25.58,36.0,0.013364,0.071395,0.01323,0.00035,0.0,0.0,0.0,0.0,0.0,0.0,0.0,0.0,0.021689,0.021306,0.0
2020-01-14 01:00:00,20.92,21.53,20.43,19.58,20.88,20.99,21.42,21.36,21.0,21.75,21.84,21.26,23.24,21.47,21.5,-0.9,0.0,1.0,1.0,0.444,0.008,0.0,0.0,0.0,0.0,0.0,0.0,0.0,0.0,1.0,0.445,0.0,36.0,21.0,23.0,550.22,2145.54,553.95,21.77,0.0,0.0,0.0,0.0,0.0,0.0,0.0,0.0,684.34,943.73,0.0,26.15,28.81,25.98,21.11,36.0,36.0,36.0,36.0,36.0,36.0,36.0,36.0,28.45,25.4,36.0,0.013364,0.071395,0.01323,0.00035,0.0,0.0,0.0,0.0,0.0,0.0,0.0,0.0,0.021689,0.021306,0.0
2020-01-14 01:15:00,21.03,21.58,20.83,20.36,20.86,20.96,21.46,21.16,21.07,21.74,21.84,21.31,23.07,21.54,21.41,-0.99,0.0,1.0,1.0,1.0,1.0,1.0,1.0,1.0,0.0,1.0,1.0,1.0,1.0,0.0,1.0,0.0,36.0,21.0,23.0,544.53,2139.47,933.3,1848.99,431.26,270.43,2094.73,0.0,2117.47,425.16,283.4,2220.94,0.0,1956.34,0.0,26.25,28.83,28.51,25.89,22.52,21.36,25.46,36.0,24.76,22.78,23.33,25.46,36.0,26.23,36.0,0.013364,0.071395,0.029804,0.043751,0.007653,0.004419,0.047544,0.0,0.045088,0.007697,0.00535,0.050389,0.0,0.047883,0.0
2020-01-14 01:30:00,21.17,21.66,21.15,21.16,21.13,21.1,21.75,20.95,21.4,21.8,21.93,21.64,22.62,21.76,21.32,-1.08,0.0,1.0,1.0,1.0,1.0,1.0,1.0,1.0,0.0,1.0,1.0,1.0,1.0,0.0,1.0,0.0,36.0,21.0,23.0,538.42,2132.15,924.64,1842.3,433.14,260.01,1894.49,0.0,1914.39,415.49,274.04,1997.08,0.0,1840.8,0.0,26.36,28.86,28.58,25.93,22.46,21.92,26.47,36.0,25.84,23.09,23.75,26.52,36.0,26.8,36.0,0.013364,0.071395,0.029804,0.043751,0.007653,0.004419,0.047544,0.0,0.045088,0.007697,0.00535,0.050389,0.0,0.047883,0.0
2020-01-14 01:45:00,21.26,21.7,21.27,21.39,21.31,21.31,22.09,20.75,21.77,21.88,22.03,22.0,22.15,21.97,21.23,-1.17,0.0,1.0,1.0,1.0,1.0,1.0,1.0,1.0,0.0,1.0,1.0,1.0,1.0,0.0,1.0,0.0,36.0,21.0,23.0,532.92,2126.64,907.56,1800.94,429.22,252.75,1783.76,0.0,1798.46,409.1,268.03,1873.61,0.0,1772.54,0.0,26.46,28.87,28.72,26.15,22.58,22.32,27.02,36.0,26.46,23.28,24.02,27.1,36.0,27.14,36.0,0.013364,0.071395,0.029804,0.043751,0.007653,0.004419,0.047544,0.0,0.045088,0.007697,0.00535,0.050389,0.0,0.047883,0.0
2020-01-14 02:00:00,21.32,21.73,21.33,21.54,21.47,21.49,22.3,20.56,22.01,21.95,22.12,22.22,21.79,22.14,21.15,-1.25,0.0,1.0,1.0,1.0,1.0,1.0,1.0,1.0,0.0,1.0,1.0,1.0,1.0,0.0,1.0,0.0,36.0,21.0,23.0,529.85,2121.1,901.36,1783.47,426.82,247.2,1714.76,0.0,1724.13,404.42,263.76,1796.47,0.0,1726.75,0.0,26.51,28.89,28.76,26.25,22.66,22.62,27.37,36.0,26.85,23.43,24.21,27.47,36.0,27.37,36.0,0.013364,0.071395,0.029804,0.043751,0.007653,0.004419,0.047544,0.0,0.045088,0.007697,0.00535,0.050389,0.0,0.047883,0.0
2020-01-14 02:15:00,20.61,21.65,20.46,20.69,21.36,21.54,22.17,20.74,21.9,22.0,22.18,22.09,21.55,22.25,21.08,-1.33,0.0,0.0,1.0,0.0,0.0,0.0,0.0,0.0,1.0,0.0,1.0,1.0,0.0,0.0,1.0,0.0,36.0,21.0,23.0,0.0,2120.59,0.0,0.0,0.0,0.0,0.0,998.79,0.0,400.85,260.59,0.0,0.0,1694.29,0.0,36.0,28.89,36.0,36.0,36.0,36.0,36.0,24.44,36.0,23.54,24.35,36.0,36.0,27.53,36.0,0.0,0.071395,0.0,0.0,0.0,0.0,0.0,0.020669,0.0,0.007697,0.00535,0.0,0.0,0.047883,0.0
2020-01-14 02:30:00,20.26,21.54,20.13,20.03,21.23,21.49,21.8,21.26,21.55,22.06,22.26,21.72,21.28,22.33,20.99,-1.42,0.0,0.0,1.0,0.0,0.0,0.0,0.0,0.0,1.0,0.0,1.0,1.0,0.0,0.0,1.0,0.0,36.0,21.0,23.0,0.0,2121.53,0.0,0.0,0.0,0.0,0.0,868.52,0.0,398.02,258.15,0.0,0.0,1670.7,0.0,36.0,28.89,36.0,36.0,36.0,36.0,36.0,25.95,36.0,23.63,24.46,36.0,36.0,27.65,36.0,0.0,0.071395,0.0,0.0,0.0,0.0,0.0,0.020669,0.0,0.007697,0.00535,0.0,0.0,0.047883,0.0
2020-01-14 02:45:00,20.12,21.5,20.02,19.88,21.06,21.44,21.42,21.76,21.19,22.12,22.32,21.32,21.05,22.38,20.91,-1.5,0.0,0.0,1.0,0.0,0.0,0.0,0.0,0.0,1.0,0.0,1.0,1.0,0.0,0.0,1.0,0.0,36.0,21.0,23.0,0.0,2122.32,0.0,0.0,0.0,0.0,0.0,795.38,0.0,395.64,256.15,0.0,0.0,1652.6,0.0,36.0,28.89,36.0,36.0,36.0,36.0,36.0,26.79,36.0,23.7,24.55,36.0,36.0,27.74,36.0,0.0,0.071395,0.0,0.0,0.0,0.0,0.0,0.020669,0.0,0.007697,0.00535,0.0,0.0,0.047883,0.0
2020-01-14 03:00:00,20.01,21.48,19.94,19.81,20.91,21.39,21.13,22.07,20.89,22.16,22.37,20.97,20.84,22.43,20.84,-1.57,0.0,0.0,1.0,0.0,0.0,0.0,0.0,0.0,1.0,0.0,1.0,1.0,0.0,0.0,1.0,0.0,36.0,21.0,23.0,0.0,2120.87,0.0,0.0,0.0,0.0,0.0,749.79,0.0,393.58,254.47,0.0,0.0,1638.55,0.0,36.0,28.89,36.0,36.0,36.0,36.0,36.0,27.32,36.0,23.77,24.62,36.0,36.0,27.81,36.0,0.0,0.071395,0.0,0.0,0.0,0.0,0.0,0.020669,0.0,0.007697,0.00535,0.0,0.0,0.047883,0.0
2020-01-14 03:15:00,20.57,21.57,20.64,20.64,21.01,21.38,21.2,21.96,20.96,22.21,22.42,21.05,21.04,22.45,20.85,-1.63,0.0,1.0,1.0,1.0,1.0,1.0,0.0,1.0,0.0,1.0,1.0,1.0,1.0,1.0,1.0,1.0,36.0,21.0,23.0,529.4,2113.22,884.99,1760.39,423.8,0.0,2172.55,0.0,2136.16,391.73,253.01,2306.69,1006.96,1627.2,573.01,26.52,28.92,28.9,26.37,22.75,36.0,25.07,36.0,24.67,23.82,24.69,25.05,24.89,27.87,21.85,0.013364,0.071395,0.029804,0.043751,0.007653,0.0,0.047544,0.0,0.045088,0.007697,0.00535,0.050389,0.021689,0.047883,0.009687
2020-01-14 03:30:00,21.01,21.69,21.13,21.45,21.23,21.43,21.56,21.55,21.34,22.26,22.47,21.46,21.57,22.5,20.98,-1.7,0.0,1.0,1.0,1.0,1.0,1.0,0.0,1.0,0.0,1.0,1.0,1.0,1.0,1.0,1.0,1.0,36.0,21.0,23.0,533.16,2105.41,903.94,1768.47,424.41,0.0,1956.33,0.0,1931.41,390.07,251.72,2064.43,871.56,1617.52,552.52,26.46,28.95,28.74,26.33,22.73,36.0,26.16,36.0,25.75,23.88,24.74,26.2,26.39,27.92,22.36,0.013364,0.071395,0.029804,0.043751,0.007653,0.0,0.047544,0.0,0.045088,0.007697,0.00535,0.050389,0.021689,0.047883,0.009687
2020-01-14 03:45:00,21.12,21.75,21.23,21.59,21.38,21.51,21.91,21.14,21.7,22.3,22.52,21.85,22.09,22.56,21.12,-1.76,0.0,1.0,1.0,1.0,1.0,1.0,0.0,1.0,0.0,1.0,1.0,1.0,1.0,1.0,1.0,1.0,36.0,21.0,23.0,528.14,2098.11,893.31,1742.94,422.25,0.0,1834.4,0.0,1813.48,388.5,250.53,1927.39,795.94,1608.77,538.58,26.55,28.97,28.83,26.47,22.8,36.0,26.77,36.0,26.38,23.92,24.8,26.85,27.22,27.96,22.7,0.013364,0.071395,0.029804,0.043751,0.007653,0.0,0.047544,0.0,0.045088,0.007697,0.00535,0.050389,0.021689,0.047883,0.009687
2020-01-14 04:00:00,21.18,21.72,21.24,21.68,21.51,21.55,22.14,20.83,21.94,22.35,22.58,22.07,22.41,22.61,21.26,-1.78,0.0,1.0,1.0,1.0,1.0,1.0,0.0,1.0,0.0,1.0,1.0,1.0,1.0,1.0,1.0,1.0,36.0,21.0,23.0,515.41,2015.76,853.73,1692.31,418.89,0.0,1759.45,0.0,1739.77,387.07,249.46,1843.81,750.3,1601.1,528.43,26.77,29.25,29.15,26.75,22.9,36.0,27.15,36.0,26.77,23.97,24.85,27.25,27.72,28.0,22.95,0.013364,0.071395,0.029804,0.043751,0.007653,0.0,0.047544,0.0,0.045088,0.007697,0.00535,0.050389,0.021689,0.047883,0.009687
2020-01-14 04:15:00,20.48,21.67,20.44,20.85,21.39,21.59,22.03,20.97,21.81,22.32,22.61,21.91,22.25,22.64,21.25,-1.8,0.0,0.0,1.0,0.019,0.0,0.0,0.0,0.149,0.941,0.0,0.0,1.0,0.0,0.0,1.0,0.0,36.0,21.0,23.0,0.0,2095.77,29.56,0.0,0.0,0.0,294.91,895.66,0.0,0.0,248.38,0.0,0.0,1593.4,0.0,36.0,28.98,23.6,36.0,36.0,36.0,26.07,24.98,36.0,36.0,24.89,36.0,36.0,28.04,36.0,0.0,0.071395,0.000571,0.0,0.0,0.0,0.007104,0.019449,0.0,0.0,0.00535,0.0,0.0,0.047883,0.0
2020-01-14 04:30:00,20.15,21.57,20.12,20.2,21.27,21.55,21.76,21.38,21.46,22.24,22.66,21.53,21.82,22.67,21.16,-1.82,0.0,0.0,1.0,0.019,0.0,0.0,0.0,0.149,0.941,0.0,0.0,1.0,0.0,0.0,1.0,0.0,36.0,21.0,23.0,0.0,2099.96,29.4,0.0,0.0,0.0,320.6,798.03,0.0,0.0,247.41,0.0,0.0,1586.91,0.0,36.0,28.96,23.67,36.0,36.0,36.0,25.2,26.18,36.0,36.0,24.94,36.0,36.0,28.07,36.0,0.0,0.071395,0.000571,0.0,0.0,0.0,0.007104,0.019449,0.0,0.0,0.00535,0.0,0.0,0.047883,0.0
2020-01-14 04:45:00,20.03,21.53,20.01,20.05,21.14,21.5,21.48,21.78,21.09,22.15,22.71,21.13,21.37,22.69,21.05,-1.84,0.0,0.0,1.0,0.019,0.0,0.0,0.0,0.149,0.941,0.0,0.0,1.0,0.0,0.0,1.0,0.0,36.0,21.0,23.0,0.0,2102.4,29.61,0.0,0.0,0.0,337.98,743.15,0.0,0.0,246.47,0.0,0.0,1581.27,0.0,36.0,28.96,23.58,36.0,36.0,36.0,24.62,26.86,36.0,36.0,24.98,36.0,36.0,28.1,36.0,0.0,0.071395,0.000571,0.0,0.0,0.0,0.007104,0.019449,0.0,0.0,0.00535,0.0,0.0,0.047883,0.0
2020-01-14 05:00:00,19.92,21.51,19.95,19.98,21.01,21.42,21.24,22.03,20.79,22.07,22.75,20.81,21.05,22.7,20.96,-1.89,0.0,0.0,1.0,0.019,0.0,0.0,0.0,0.149,0.941,0.0,0.0,1.0,0.0,0.0,1.0,0.0,36.0,21.0,23.0,0.0,2102.65,29.72,0.0,0.0,0.0,350.89,708.89,0.0,0.0,245.57,0.0,0.0,1576.51,0.0,36.0,28.95,23.54,36.0,36.0,36.0,24.18,27.28,36.0,36.0,25.02,36.0,36.0,28.12,36.0,0.0,0.071395,0.000571,0.0,0.0,0.0,0.007104,0.019449,0.0,0.0,0.00535,0.0,0.0,0.047883,0.0
2020-01-14 05:15:00,20.5,21.6,20.64,20.8,21.12,21.4,21.33,21.88,20.88,22.05,22.7,20.9,21.07,22.7,20.97,-1.93,0.0,1.0,1.0,1.0,1.0,1.0,0.0,1.0,0.0,1.0,0.877,0.059,1.0,0.62,1.0,1.0,36.0,21.0,23.0,528.78,2096.44,881.87,1727.76,419.06,0.0,2089.24,0.0,2152.04,366.77,15.33,2346.16,639.55,1572.6,560.75,26.53,28.98,28.92,26.55,22.9,36.0,25.49,36.0,24.58,23.01,24.44,24.86,24.62,28.14,22.15,0.013364,0.071395,0.029804,0.043751,0.007653,0.0,0.047544,0.0,0.045088,0.006753,0.000317,0.050389,0.013442,0.047883,0.009687
2020-01-14 05:30:00,20.94,21.71,21.12,21.58,21.33,21.46,21.69,21.46,21.26,22.09,22.57,21.33,21.3,22.72,21.08,-1.98,0.0,1.0,1.0,1.0,1.0,1.0,0.0,1.0,0.0,1.0,0.877,0.059,1.0,0.62,1.0,1.0,36.0,21.0,23.0,533.39,2090.98,900.36,1739.07,419.95,0.0,1909.28,0.0,1945.03,359.86,15.96,2096.77,594.84,1568.95,543.12,26.45,28.99,28.77,26.49,22.87,36.0,26.39,36.0,25.68,23.25,23.97,26.05,25.41,28.16,22.59,0.013364,0.071395,0.029804,0.043751,0.007653,0.0,0.047544,0.0,0.045088,0.006753,0.000317,0.050389,0.013442,0.047883,0.009687
2020-01-14 05:45:00,21.06,21.77,21.25,21.72,21.49,21.53,21.98,21.04,21.63,22.15,22.45,21.7,21.53,22.76,21.21,-2.02,0.0,1.0,1.0,1.0,1.0,1.0,0.0,1.0,0.0,1.0,0.877,0.059,1.0,0.62,1.0,1.0,36.0,21.0,23.0,528.07,2084.52,888.62,1714.35,417.75,0.0,1806.0,0.0,1825.71,355.33,16.41,1955.53,568.68,1565.2,531.17,26.55,29.02,28.87,26.63,22.94,36.0,26.91,36.0,26.31,23.41,23.63,26.72,25.88,28.18,22.88,0.013364,0.071395,0.029804,0.043751,0.007653,0.0,0.047544,0.0,0.045088,0.006753,0.000317,0.050389,0.013442,0.047883,0.009687
2020-01-14 06:00:00,21.13,21.75,21.26,21.81,21.59,21.56,22.16,20.73,21.88,22.2,22.32,21.94,21.71,22.79,21.33,-2.05,0.0,1.0,1.0,1.0,1.0,1.0,0.0,1.0,0.0,1.0,0.877,0.059,1.0,0.62,1.0,1.0,36.0,21.0,23.0,515.17,2003.25,848.44,1664.6,414.59,0.0,1741.91,0.0,1750.8,352.1,16.76,1868.93,552.24,1561.46,522.44,26.78,29.29,29.19,26.9,23.04,36.0,27.24,36.0,26.71,23.53,23.37,27.13,26.17,28.2,23.1,0.013364,0.071395,0.029804,0.043751,0.007653,0.0,0.047544,0.0,0.045088,0.006753,0.000317,0.050389,0.013442,0.047883,0.009687
2020-01-14 06:15:00,20.68,21.7,20.51,20.99,21.49,21.59,22.25,20.9,21.74,22.18,22.24,21.78,21.55,22.81,21.31,-2.07,0.0,0.287,1.0,0.029,0.0,0.0,0.0,1.0,1.0,0.0,0.0,0.0,0.0,0.0,1.0,0.0,36.0,21.0,23.0,187.05,2083.28,43.87,0.0,0.0,0.0,1697.92,944.81,0.0,0.0,0.0,0.0,0.0,1557.71,0.0,24.34,29.02,23.78,36.0,36.0,36.0,27.46,25.06,36.0,36.0,36.0,36.0,36.0,28.22,36.0,0.003839,0.071395,0.000859,0.0,0.0,0.0,0.047544,0.020669,0.0,0.0,0.0,0.0,0.0,0.047883,0.0
2020-01-14 06:30:00,20.44,21.61,20.2,20.36,21.44,21.56,22.32,21.35,21.4,22.11,22.13,21.39,21.14,22.83,21.22,-2.1,0.0,0.287,1.0,0.029,0.0,0.0,0.0,1.0,1.0,0.0,0.0,0.0,0.0,0.0,1.0,0.0,36.0,21.0,23.0,186.58,2087.88,43.62,0.0,0.0,0.0,1668.53,835.41,0.0,0.0,0.0,0.0,0.0,1554.35,0.0,24.37,29.0,23.86,36.0,36.0,36.0,27.6,26.33,36.0,36.0,36.0,36.0,36.0,28.23,36.0,0.003839,0.071395,0.000859,0.0,0.0,0.0,0.047544,0.020669,0.0,0.0,0.0,0.0,0.0,0.047883,0.0
2020-01-14 06:45:00,20.37,21.56,20.09,20.2,21.42,21.5,22.39,21.78,21.03,22.03,22.02,21.0,20.78,22.83,21.11,-2.12,0.0,0.287,1.0,0.029,0.0,0.0,0.0,1.0,1.0,0.0,0.0,0.0,0.0,0.0,1.0,0.0,36.0,21.0,23.0,187.24,2090.92,43.94,0.0,0.0,0.0,1646.66,774.44,0.0,0.0,0.0,0.0,0.0,1551.44,0.0,24.33,28.99,23.77,36.0,36.0,36.0,27.71,27.04,36.0,36.0,36.0,36.0,36.0,28.25,36.0,0.003839,0.071395,0.000859,0.0,0.0,0.0,0.047544,0.020669,0.0,0.0,0.0,0.0,0.0,0.047883,0.0
2020-01-14 07:00:00,20.31,21.54,20.02,20.12,21.37,21.41,22.44,22.05,20.77,21.95,21.93,20.68,20.49,22.82,21.01,-2.15,0.0,0.287,1.0,0.029,0.0,0.0,0.0,1.0,1.0,0.0,0.0,0.0,0.0,0.0,1.0,0.0,36.0,21.0,23.0,187.65,2091.95,44.11,0.0,0.0,0.0,1629.75,736.68,0.0,0.0,0.0,0.0,0.0,1549.18,0.0,24.31,28.99,23.72,36.0,36.0,36.0,27.8,27.47,36.0,36.0,36.0,36.0,36.0,28.26,36.0,0.003839,0.071395,0.000859,0.0,0.0,0.0,0.047544,0.020669,0.0,0.0,0.0,0.0,0.0,0.047883,0.0
2020-01-14 07:15:00,20.73,21.62,20.65,20.88,21.45,21.38,22.33,21.9,20.86,21.88,21.84,20.77,20.67,22.81,21.02,-2.18,0.0,1.0,1.0,1.0,1.0,1.0,0.0,0.235,0.0,1.0,0.0,0.0,1.0,1.0,1.0,1.0,36.0,21.0,23.0,528.96,2087.55,893.61,1731.83,414.74,0.0,431.92,0.0,2164.33,0.0,0.0,2373.98,1009.74,1547.55,557.58,26.53,29.0,28.83,26.53,23.03,36.0,26.75,36.0,24.52,36.0,36.0,24.73,24.86,28.27,22.23,0.013364,0.071395,0.029804,0.043751,0.007653,0.0,0.011174,0.0,0.045088,0.0,0.0,0.050389,0.021689,0.047883,0.009687
2020-01-14 07:30:00,21.02,21.72,21.07,21.57,21.56,21.45,22.11,21.47,21.24,21.81,21.74,21.2,21.2,22.82,21.12,-2.21,0.0,1.0,1.0,1.0,1.0,1.0,0.0,0.235,0.0,1.0,0.0,0.0,1.0,1.0,1.0,1.0,36.0,21.0,23.0,534.37,2082.99,927.39,1767.57,417.86,0.0,469.46,0.0,1955.67,0.0,0.0,2121.17,882.27,1545.96,540.37,26.43,29.02,28.56,26.33,22.94,36.0,25.95,36.0,25.62,36.0,36.0,25.93,26.27,28.28,22.66,0.013364,0.071395,0.029804,0.043751,0.007653,0.0,0.011174,0.0,0.045088,0.0,0.0,0.050389,0.021689,0.047883,0.009687
2020-01-14 07:45:00,21.09,21.77,21.14,21.65,21.59,21.53,21.9,21.04,21.57,21.74,21.65,21.55,21.7,22.86,21.25,-2.25,0.0,1.0,1.0,1.0,1.0,1.0,0.0,0.235,0.0,1.0,0.0,0.0,1.0,1.0,1.0,1.0,36.0,21.0,23.0,534.61,2077.78,933.1,1770.42,418.29,0.0,494.42,0.0,1835.64,0.0,0.0,1977.89,810.94,1543.91,528.76,26.43,29.04,28.51,26.32,22.92,36.0,25.41,36.0,26.26,36.0,36.0,26.61,27.06,28.29,22.94,0.013364,0.071395,0.029804,0.043751,0.007653,0.0,0.011174,0.0,0.045088,0.0,0.0,0.050389,0.021689,0.047883,0.009687
2020-01-14 08:00:00,21.12,21.74,21.12,21.66,21.6,21.56,21.69,20.7,21.82,21.67,21.55,21.81,22.03,22.89,21.37,-2.18,0.0,1.0,1.0,1.0,1.0,1.0,0.0,0.235,0.0,1.0,0.0,0.0,1.0,1.0,1.0,1.0,36.0,21.0,23.0,525.86,1997.87,906.2,1742.99,417.51,0.0,512.24,0.0,1760.51,0.0,0.0,1890.09,767.66,1541.55,520.3,26.59,29.31,28.73,26.47,22.95,36.0,25.03,36.0,26.66,36.0,36.0,27.03,27.53,28.3,23.15,0.013364,0.071395,0.029804,0.043751,0.007653,0.0,0.011174,0.0,0.045088,0.0,0.0,0.050389,0.021689,0.047883,0.009687
2020-01-14 08:15:00,20.63,20.7,20.5,20.76,21.39,21.52,21.49,20.63,21.68,21.62,21.49,21.66,21.87,22.68,21.35,-2.12,8.4,0.259,0.0,0.452,0.0,0.0,0.0,0.0,0.291,0.0,0.0,0.0,0.0,0.0,0.0,0.0,36.0,21.0,23.0,175.34,0.0,570.58,0.0,0.0,0.0,0.0,313.74,0.0,0.0,0.0,0.0,0.0,0.0,0.0,23.87,36.0,25.87,36.0,36.0,36.0,36.0,23.51,36.0,36.0,36.0,36.0,36.0,36.0,36.0,0.003459,0.0,0.013469,0.0,0.0,0.0,0.0,0.006009,0.0,0.0,0.0,0.0,0.0,0.0,0.0
2020-01-14 08:30:00,20.35,20.32,20.19,20.03,21.22,21.36,21.26,20.74,21.35,21.56,21.4,21.38,21.59,22.28,21.25,-2.05,58.9,0.259,0.0,0.452,0.0,0.0,0.0,0.0,0.291,0.0,0.0,0.0,0.0,0.0,0.0,0.0,36.0,21.0,23.0,176.51,0.0,559.53,0.0,0.0,0.0,0.0,305.27,0.0,0.0,0.0,0.0,0.0,0.0,0.0,23.79,36.0,26.06,36.0,36.0,36.0,36.0,23.85,36.0,36.0,36.0,36.0,36.0,36.0,36.0,0.003459,0.0,0.013469,0.0,0.0,0.0,0.0,0.006009,0.0,0.0,0.0,0.0,0.0,0.0,0.0
2020-01-14 08:45:00,20.25,20.32,20.2,19.82,21.08,21.16,21.15,20.99,20.99,21.5,21.32,21.15,21.4,21.89,21.14,-1.98,109.4,0.259,0.0,0.452,0.0,0.0,0.0,0.0,0.291,0.0,0.0,0.0,0.0,0.0,0.0,0.0,36.0,21.0,23.0,178.64,0.0,550.65,0.0,0.0,0.0,0.0,295.98,0.0,0.0,0.0,0.0,0.0,0.0,0.0,23.64,36.0,26.22,36.0,36.0,36.0,36.0,24.22,36.0,36.0,36.0,36.0,36.0,36.0,36.0,0.003459,0.0,0.013469,0.0,0.0,0.0,0.0,0.006009,0.0,0.0,0.0,0.0,0.0,0.0,0.0
2020-01-14 09:00:00,20.22,20.38,20.39,19.76,20.97,20.97,21.14,21.35,20.74,21.44,21.24,21.01,21.49,21.61,21.04,-1.64,159.9,0.259,0.0,0.452,0.0,0.0,0.0,0.0,0.291,0.0,0.0,0.0,0.0,0.0,0.0,0.0,36.0,21.0,23.0,179.62,0.0,521.64,0.0,0.0,0.0,0.0,284.58,0.0,0.0,0.0,0.0,0.0,0.0,0.0,23.58,36.0,26.73,36.0,36.0,36.0,36.0,24.67,36.0,36.0,36.0,36.0,36.0,36.0,36.0,0.003459,0.0,0.013469,0.0,0.0,0.0,0.0,0.006009,0.0,0.0,0.0,0.0,0.0,0.0,0.0
2020-01-14 09:15:00,20.69,21.39,21.08,20.54,21.07,20.92,21.17,21.61,20.88,21.39,21.17,21.3,21.68,21.41,21.04,-1.3,210.3,1.0,1.0,1.0,1.0,1.0,1.0,0.0,0.0,1.0,0.0,0.0,1.0,0.0,0.0,1.0,36.0,21.0,23.0,552.89,1963.9,829.43,1865.64,427.37,271.59,0.0,0.0,2156.52,0.0,0.0,2236.26,0.0,0.0,556.1,26.1,29.42,29.34,25.8,22.64,21.3,36.0,36.0,24.56,36.0,36.0,25.38,36.0,36.0,22.27,0.013364,0.071395,0.029804,0.043751,0.007653,0.004419,0.0,0.0,0.045088,0.0,0.0,0.050389,0.0,0.0,0.009687
2020-01-14 09:30:00,21.11,22.07,21.73,21.38,21.27,21.05,21.22,21.87,21.3,21.33,21.09,21.9,21.97,21.25,21.14,-0.96,251.1,1.0,1.0,1.0,1.0,1.0,1.0,0.0,0.0,1.0,0.0,0.0,1.0,0.0,0.0,1.0,36.0,21.0,23.0,555.0,1991.29,784.7,1884.38,429.56,261.06,0.0,0.0,1940.08,0.0,0.0,1948.25,0.0,0.0,539.02,26.06,29.33,29.7,25.7,22.57,21.87,36.0,36.0,25.71,36.0,36.0,26.75,36.0,36.0,22.69,0.013364,0.071395,0.029804,0.043751,0.007653,0.004419,0.0,0.0,0.045088,0.0,0.0,0.050389,0.0,0.0,0.009687
2020-01-14 09:45:00,21.34,22.3,22.11,21.62,21.37,21.29,21.28,22.19,21.76,21.27,21.01,22.43,22.34,21.11,21.27,-0.62,291.9,1.0,1.0,1.0,1.0,1.0,1.0,0.0,0.0,1.0,0.0,0.0,1.0,0.0,0.0,1.0,36.0,21.0,23.0,552.31,1986.41,732.92,1870.12,429.06,253.7,0.0,0.0,1812.35,0.0,0.0,1776.01,0.0,0.0,527.56,26.11,29.34,30.12,25.77,22.59,22.27,36.0,36.0,26.38,36.0,36.0,27.57,36.0,36.0,22.97,0.013364,0.071395,0.029804,0.043751,0.007653,0.004419,0.0,0.0,0.045088,0.0,0.0,0.050389,0.0,0.0,0.009687
2020-01-14 10:00:00,21.52,22.47,22.4,21.78,21.47,21.48,21.33,22.6,22.04,21.21,20.93,22.81,22.8,21.02,21.38,-0.23,332.6,1.0,1.0,1.0,1.0,1.0,1.0,0.0,0.0,1.0,0.0,0.0,1.0,0.0,0.0,1.0,36.0,21.0,23.0,550.04,1996.79,681.02,1862.93,428.77,248.03,0.0,0.0,1726.86,0.0,0.0,1662.29,0.0,0.0,519.06,26.15,29.31,30.53,25.81,22.6,22.57,36.0,36.0,26.84,36.0,36.0,28.11,36.0,36.0,23.18,0.013364,0.071395,0.029804,0.043751,0.007653,0.004419,0.0,0.0,0.045088,0.0,0.0,0.050389,0.0,0.0,0.009687
2020-01-14 10:15:00,20.94,21.49,21.84,20.99,21.33,21.55,21.36,23.0,21.99,21.17,20.95,22.82,23.24,21.11,21.37,0.16,373.4,0.0,0.0,0.0,0.0,0.0,0.0,0.0,0.0,0.0,0.0,1.0,0.0,0.0,0.463,0.0,36.0,21.0,23.0,0.0,0.0,0.0,0.0,0.0,0.0,0.0,0.0,0.0,0.0,312.13,0.0,0.0,1150.55,0.0,36.0,36.0,36.0,36.0,36.0,36.0,36.0,36.0,36.0,36.0,22.04,36.0,36.0,23.59,36.0,0.0,0.0,0.0,0.0,0.0,0.0,0.0,0.0,0.0,0.0,0.00535,0.0,0.0,0.022176,0.0
2020-01-14 10:30:00,20.59,20.97,21.46,20.39,21.23,21.54,21.34,23.44,21.75,21.1,21.09,22.59,23.7,21.33,21.27,0.56,348.4,0.0,0.0,0.0,0.0,0.0,0.0,0.0,0.0,0.0,0.0,1.0,0.0,0.0,0.463,0.0,36.0,21.0,23.0,0.0,0.0,0.0,0.0,0.0,0.0,0.0,0.0,0.0,0.0,298.83,0.0,0.0,1089.11,0.0,36.0,36.0,36.0,36.0,36.0,36.0,36.0,36.0,36.0,36.0,22.64,36.0,36.0,24.25,36.0,0.0,0.0,0.0,0.0,0.0,0.0,0.0,0.0,0.0,0.0,0.00535,0.0,0.0,0.022176,0.0
2020-01-14 10:45:00,20.45,20.74,21.29,20.26,21.12,21.45,21.26,23.68,21.5,21.05,21.24,22.3,23.93,21.54,21.16,0.95,323.3,0.0,0.0,0.0,0.0,0.0,0.0,0.0,0.0,0.0,0.0,1.0,0.0,0.0,0.463,0.0,36.0,21.0,23.0,0.0,0.0,0.0,0.0,0.0,0.0,0.0,0.0,0.0,0.0,289.92,0.0,0.0,1049.61,0.0,36.0,36.0,36.0,36.0,36.0,36.0,36.0,36.0,36.0,36.0,23.04,36.0,36.0,24.68,36.0,0.0,0.0,0.0,0.0,0.0,0.0,0.0,0.0,0.0,0.0,0.00535,0.0,0.0,0.022176,0.0
2020-01-14 11:00:00,20.34,20.56,21.2,20.19,21.01,21.39,21.16,23.84,21.28,20.99,21.38,22.04,24.08,21.74,21.05,1.14,298.3,0.0,0.0,0.0,0.0,0.0,0.0,0.0,0.0,0.0,0.0,1.0,0.0,0.0,0.463,0.0,36.0,21.0,23.0,0.0,0.0,0.0,0.0,0.0,0.0,0.0,0.0,0.0,0.0,283.57,0.0,0.0,1022.19,0.0,36.0,36.0,36.0,36.0,36.0,36.0,36.0,36.0,36.0,36.0,23.32,36.0,36.0,24.97,36.0,0.0,0.0,0.0,0.0,0.0,0.0,0.0,0.0,0.0,0.0,0.00535,0.0,0.0,0.022176,0.0
2020-01-14 11:15:00,20.75,21.39,21.36,20.84,20.99,21.3,21.1,23.91,21.35,21.0,21.36,21.89,24.14,21.68,21.07,1.33,273.2,1.0,0.976,0.0,1.0,0.646,0.0,0.031,0.0,0.602,0.969,0.0,0.0,0.0,0.0,1.0,36.0,21.0,23.0,561.9,2180.1,0.0,1861.84,288.75,0.0,81.47,0.0,1326.81,444.42,0.0,0.0,0.0,0.0,555.09,25.94,28.52,36.0,25.82,22.02,36.0,22.58,36.0,24.3,21.75,36.0,36.0,36.0,36.0,22.29,0.013364,0.069694,0.0,0.043751,0.004941,0.0,0.001453,0.0,0.027125,0.007461,0.0,0.0,0.0,0.0,0.009687
2020-01-14 11:30:00,21.15,21.99,21.7,21.69,21.11,21.19,21.03,24.0,21.57,21.08,21.27,21.69,24.22,21.5,21.17,1.53,268.8,1.0,0.976,0.0,1.0,0.646,0.0,0.031,0.0,0.602,0.969,0.0,0.0,0.0,0.0,1.0,36.0,21.0,23.0,570.6,2225.0,0.0,1881.52,290.53,0.0,82.11,0.0,1249.91,431.83,0.0,0.0,0.0,0.0,538.06,25.79,28.36,36.0,25.71,21.93,36.0,22.48,36.0,24.98,22.15,36.0,36.0,36.0,36.0,22.71,0.013364,0.069694,0.0,0.043751,0.004941,0.0,0.001453,0.0,0.027125,0.007461,0.0,0.0,0.0,0.0,0.009687
2020-01-14 11:45:00,21.27,22.07,21.82,21.87,21.16,21.1,20.96,24.06,21.85,21.21,21.14,21.48,24.24,21.29,21.31,1.72,264.3,1.0,0.976,0.0,1.0,0.646,0.0,0.031,0.0,0.602,0.969,0.0,0.0,0.0,0.0,1.0,36.0,21.0,23.0,557.12,2130.53,0.0,1811.19,289.73,0.0,82.74,0.0,1202.78,423.31,0.0,0.0,0.0,0.0,526.78,26.03,28.69,36.0,26.1,21.97,36.0,22.38,36.0,25.39,22.43,36.0,36.0,36.0,36.0,22.99,0.013364,0.069694,0.0,0.043751,0.004941,0.0,0.001453,0.0,0.027125,0.007461,0.0,0.0,0.0,0.0,0.009687
2020-01-14 12:00:00,21.3,22.14,21.82,22.01,21.22,20.96,20.91,24.1,22.02,21.3,21.04,21.35,24.26,21.18,21.41,1.84,259.8,1.0,0.976,0.0,1.0,0.646,0.0,0.031,0.0,0.602,0.969,0.0,0.0,0.0,0.0,1.0,36.0,21.0,23.0,557.33,2127.14,0.0,1802.53,289.85,0.0,83.32,0.0,1168.41,416.93,0.0,0.0,0.0,0.0,518.32,26.02,28.7,36.0,26.14,21.96,36.0,22.28,36.0,25.69,22.63,36.0,36.0,36.0,36.0,23.2,0.013364,0.069694,0.0,0.043751,0.004941,0.0,0.001453,0.0,0.027125,0.007461,0.0,0.0,0.0,0.0,0.009687
2020-01-14 12:15:00,20.73,21.12,21.6,21.23,21.18,20.91,21.09,24.14,22.2,21.29,21.01,21.25,24.29,21.19,21.48,1.96,255.4,0.0,0.0,0.0,0.0,0.0,1.0,0.832,0.0,1.0,0.0,0.351,0.0,0.0,0.269,1.0,36.0,21.0,23.0,0.0,0.0,0.0,0.0,0.0,265.41,1984.14,0.0,1783.41,0.0,110.69,0.0,0.0,681.97,511.63,36.0,36.0,36.0,36.0,36.0,21.63,24.01,36.0,26.54,36.0,21.9,36.0,36.0,23.31,23.36,0.0,0.0,0.0,0.0,0.0,0.004419,0.039579,0.0,0.045088,0.0,0.001878,0.0,0.0,0.012861,0.009687
2020-01-14 12:30:00,20.43,20.66,21.3,20.68,21.27,20.96,21.53,24.21,22.5,21.23,20.99,21.12,24.33,21.3,21.58,2.08,259.7,0.0,0.0,0.0,0.0,0.0,1.0,0.832,0.0,1.0,0.0,0.351,0.0,0.0,0.269,1.0,36.0,21.0,23.0,0.0,0.0,0.0,0.0,0.0,256.02,1781.56,0.0,1670.53,0.0,109.97,0.0,0.0,663.29,506.39,36.0,36.0,36.0,36.0,36.0,22.14,25.23,36.0,27.14,36.0,21.99,36.0,36.0,23.66,23.49,0.0,0.0,0.0,0.0,0.0,0.004419,0.039579,0.0,0.045088,0.0,0.001878,0.0,0.0,0.012861,0.009687
2020-01-14 12:45:00,20.31,20.48,21.23,20.62,21.4,21.03,21.96,24.34,22.77,21.16,20.98,21.01,24.45,21.44,21.66,2.19,264.1,0.0,0.0,0.0,0.0,0.0,1.0,0.832,0.0,1.0,0.0,0.351,0.0,0.0,0.269,1.0,36.0,21.0,23.0,0.0,0.0,0.0,0.0,0.0,249.76,1658.17,0.0,1592.43,0.0,109.58,0.0,0.0,649.26,501.96,36.0,36.0,36.0,36.0,36.0,22.48,25.98,36.0,27.55,36.0,22.04,36.0,36.0,23.92,23.6,0.0,0.0,0.0,0.0,0.0,0.004419,0.039579,0.0,0.045088,0.0,0.001878,0.0,0.0,0.012861,0.009687
2020-01-14 13:00:00,20.21,20.33,21.21,20.62,21.49,21.12,22.27,24.47,23.03,21.07,20.98,20.89,24.56,21.59,21.74,2.27,268.5,0.0,0.0,0.0,0.0,0.0,1.0,0.832,0.0,1.0,0.0,0.351,0.0,0.0,0.269,1.0,36.0,21.0,23.0,0.0,0.0,0.0,0.0,0.0,245.25,1577.18,0.0,1532.94,0.0,109.36,0.0,0.0,637.31,498.23,36.0,36.0,36.0,36.0,36.0,22.72,26.47,36.0,27.87,36.0,22.07,36.0,36.0,24.14,23.7,0.0,0.0,0.0,0.0,0.0,0.004419,0.039579,0.0,0.045088,0.0,0.001878,0.0,0.0,0.012861,0.009687
2020-01-14 13:15:00,20.79,21.22,21.89,21.29,21.57,21.14,22.21,24.55,22.99,21.03,21.01,21.08,24.64,21.61,21.79,2.34,272.8,1.0,1.0,1.0,0.786,0.0,0.0,0.0,0.0,0.0,0.0,0.766,0.865,0.0,0.0,1.0,36.0,21.0,23.0,576.55,2300.91,713.58,1494.94,0.0,0.0,0.0,0.0,0.0,0.0,232.68,2156.9,0.0,0.0,494.72,25.68,28.29,30.27,25.6,36.0,36.0,36.0,36.0,36.0,36.0,22.42,24.16,36.0,36.0,23.78,0.013364,0.071395,0.029804,0.034399,0.0,0.0,0.0,0.0,0.0,0.0,0.004099,0.043586,0.0,0.0,0.009687
2020-01-14 13:30:00,21.4,21.91,22.52,22.11,21.52,21.16,22.0,24.64,22.82,20.96,21.08,21.53,24.71,21.58,21.86,2.41,267.3,1.0,1.0,1.0,0.786,0.0,0.0,0.0,0.0,0.0,0.0,0.766,0.865,0.0,0.0,1.0,36.0,21.0,23.0,582.37,2346.47,726.09,1488.02,0.0,0.0,0.0,0.0,0.0,0.0,227.99,1914.95,0.0,0.0,491.65,25.57,28.14,30.17,25.65,36.0,36.0,36.0,36.0,36.0,36.0,22.69,25.49,36.0,36.0,23.86,0.013364,0.071395,0.029804,0.034399,0.0,0.0,0.0,0.0,0.0,0.0,0.004099,0.043586,0.0,0.0,0.009687
2020-01-14 13:45:00,21.65,22.06,22.75,22.36,21.41,21.24,21.73,24.71,22.64,20.9,21.16,21.98,24.75,21.56,21.93,2.49,261.7,1.0,1.0,1.0,0.786,0.0,0.0,0.0,0.0,0.0,0.0,0.766,0.865,0.0,0.0,1.0,36.0,21.0,23.0,578.21,2333.0,721.88,1458.93,0.0,0.0,0.0,0.0,0.0,0.0,224.74,1772.63,0.0,0.0,488.85,25.65,28.18,30.21,25.85,36.0,36.0,36.0,36.0,36.0,36.0,22.88,26.27,36.0,36.0,23.93,0.013364,0.071395,0.029804,0.034399,0.0,0.0,0.0,0.0,0.0,0.0,0.004099,0.043586,0.0,0.0,0.009687
2020-01-14 14:00:00,21.71,22.07,22.79,22.53,21.33,21.31,21.49,24.75,22.52,20.83,21.24,22.27,24.76,21.57,22.0,2.45,256.1,1.0,1.0,1.0,0.786,0.0,0.0,0.0,0.0,0.0,0.0,0.766,0.865,0.0,0.0,1.0,36.0,21.0,23.0,563.85,2243.42,694.28,1410.98,0.0,0.0,0.0,0.0,0.0,0.0,222.34,1681.61,0.0,0.0,486.3,25.91,28.48,30.43,26.19,36.0,36.0,36.0,36.0,36.0,36.0,23.02,26.77,36.0,36.0,23.99,0.013364,0.071395,0.029804,0.034399,0.0,0.0,0.0,0.0,0.0,0.0,0.004099,0.043586,0.0,0.0,0.009687
2020-01-14 14:15:00,20.97,21.0,22.01,21.98,21.26,21.35,21.37,24.76,22.47,20.85,21.2,22.17,24.75,21.58,22.04,2.42,250.5,0.0,0.0,0.0,0.0,0.0,0.0,0.0,0.0,0.0,1.0,0.0,0.0,0.0,0.0,1.0,36.0,21.0,23.0,0.0,0.0,0.0,0.0,0.0,0.0,0.0,0.0,0.0,460.6,0.0,0.0,0.0,0.0,483.73,36.0,36.0,36.0,36.0,36.0,36.0,36.0,36.0,36.0,21.68,36.0,36.0,36.0,36.0,24.05,0.0,0.0,0.0,0.0,0.0,0.0,0.0,0.0,0.0,0.007697,0.0,0.0,0.0,0.0,0.009687
2020-01-14 14:30:00,20.56,20.48,21.55,21.56,21.2,21.33,21.17,24.79,22.44,20.96,21.09,21.85,24.76,21.64,22.12,2.39,240.6,0.0,0.0,0.0,0.0,0.0,0.0,0.0,0.0,0.0,1.0,0.0,0.0,0.0,0.0,1.0,36.0,21.0,23.0,0.0,0.0,0.0,0.0,0.0,0.0,0.0,0.0,0.0,447.66,0.0,0.0,0.0,0.0,481.49,36.0,36.0,36.0,36.0,36.0,36.0,36.0,36.0,36.0,22.09,36.0,36.0,36.0,36.0,24.11,0.0,0.0,0.0,0.0,0.0,0.0,0.0,0.0,0.0,0.007697,0.0,0.0,0.0,0.0,0.009687
2020-01-14 14:45:00,20.46,20.37,21.44,21.64,21.17,21.19,21.04,24.77,22.43,21.05,21.0,21.59,24.72,21.66,22.16,2.36,230.6,0.0,0.0,0.0,0.0,0.0,0.0,0.0,0.0,0.0,1.0,0.0,0.0,0.0,0.0,1.0,36.0,21.0,23.0,0.0,0.0,0.0,0.0,0.0,0.0,0.0,0.0,0.0,438.73,0.0,0.0,0.0,0.0,479.19,36.0,36.0,36.0,36.0,36.0,36.0,36.0,36.0,36.0,22.36,36.0,36.0,36.0,36.0,24.17,0.0,0.0,0.0,0.0,0.0,0.0,0.0,0.0,0.0,0.007697,0.0,0.0,0.0,0.0,0.009687
2020-01-14 15:00:00,20.39,20.27,21.36,21.75,21.14,21.12,20.87,24.71,22.42,21.16,20.89,21.27,24.63,21.67,22.22,2.26,220.6,0.0,0.0,0.0,0.0,0.0,0.0,0.0,0.0,0.0,1.0,0.0,0.0,0.0,0.0,1.0,36.0,21.0,23.0,0.0,0.0,0.0,0.0,0.0,0.0,0.0,0.0,0.0,432.22,0.0,0.0,0.0,0.0,477.13,36.0,36.0,36.0,36.0,36.0,36.0,36.0,36.0,36.0,22.57,36.0,36.0,36.0,36.0,24.22,0.0,0.0,0.0,0.0,0.0,0.0,0.0,0.0,0.0,0.007697,0.0,0.0,0.0,0.0,0.009687
2020-01-14 15:15:00,20.96,21.18,22.04,22.18,21.16,21.08,21.04,24.65,22.62,21.15,20.92,21.41,24.54,21.68,22.26,2.15,210.6,1.0,1.0,1.0,0.336,0.0,0.0,1.0,0.0,1.0,0.0,1.0,1.0,0.0,0.0,1.0,36.0,21.0,23.0,548.79,2199.82,699.75,636.67,0.0,0.0,2329.29,0.0,1818.67,0.0,306.91,2291.99,0.0,0.0,475.0,26.18,28.63,30.38,25.63,36.0,36.0,24.28,36.0,26.35,36.0,22.28,25.12,36.0,36.0,24.27,0.013364,0.071395,0.029804,0.014683,0.0,0.0,0.047544,0.0,0.045088,0.0,0.00535,0.050389,0.0,0.0,0.009687
2020-01-14 15:30:00,21.56,21.9,22.54,22.57,21.27,21.13,21.49,24.46,22.98,21.09,21.04,21.81,24.31,21.64,22.32,2.05,161.0,1.0,1.0,1.0,0.336,0.0,0.0,1.0,0.0,1.0,0.0,1.0,1.0,0.0,0.0,1.0,36.0,21.0,23.0,547.83,2209.7,729.61,639.9,0.0,0.0,2056.59,0.0,1607.18,0.0,295.45,2038.39,0.0,0.0,473.05,26.19,28.6,30.14,25.57,36.0,36.0,25.65,36.0,27.47,36.0,22.79,26.32,36.0,36.0,24.32,0.013364,0.071395,0.029804,0.014683,0.0,0.0,0.047544,0.0,0.045088,0.0,0.00535,0.050389,0.0,0.0,0.009687
2020-01-14 15:45:00,21.77,22.06,22.67,22.6,21.42,21.23,21.93,24.2,23.23,21.01,21.18,22.16,24.0,21.54,22.37,1.95,111.3,1.0,1.0,1.0,0.336,0.0,0.0,1.0,0.0,1.0,0.0,1.0,1.0,0.0,0.0,1.0,36.0,21.0,23.0,535.24,2147.4,733.08,642.12,0.0,0.0,1900.23,0.0,1500.1,0.0,287.84,1895.98,0.0,0.0,471.14,26.42,28.8,30.12,25.54,36.0,36.0,26.44,36.0,28.04,36.0,23.13,27.0,36.0,36.0,24.36,0.013364,0.071395,0.029804,0.014683,0.0,0.0,0.047544,0.0,0.045088,0.0,0.00535,0.050389,0.0,0.0,0.009687
2020-01-14 16:00:00,21.82,22.11,22.62,22.44,21.54,21.28,22.17,23.87,23.33,20.94,21.3,22.34,23.61,21.34,22.42,1.74,61.6,1.0,1.0,1.0,0.336,0.0,0.0,1.0,0.0,1.0,0.0,1.0,1.0,0.0,0.0,1.0,36.0,21.0,23.0,530.82,2135.33,758.13,665.07,0.0,0.0,1802.46,0.0,1452.74,0.0,282.32,1808.94,0.0,0.0,469.3,26.5,28.84,29.91,25.16,36.0,36.0,26.93,36.0,28.29,36.0,23.38,27.41,36.0,36.0,24.41,0.013364,0.071395,0.029804,0.014683,0.0,0.0,0.047544,0.0,0.045088,0.0,0.00535,0.050389,0.0,0.0,0.009687
2020-01-14 16:15:00,21.0,22.08,21.71,21.8,21.55,21.31,22.3,23.53,23.11,20.94,21.39,22.43,23.22,21.22,22.37,1.54,11.9,0.0,1.0,0.0,0.0,0.0,0.0,1.0,0.0,0.0,1.0,1.0,1.0,0.0,0.456,0.0,36.0,21.0,23.0,0.0,2127.85,0.0,0.0,0.0,0.0,1739.74,0.0,0.0,453.26,278.14,1754.56,0.0,1117.56,0.0,36.0,28.87,36.0,36.0,36.0,36.0,27.25,36.0,36.0,21.91,23.56,27.67,36.0,23.76,36.0,0.0,0.071395,0.0,0.0,0.0,0.0,0.047544,0.0,0.0,0.007697,0.00535,0.050389,0.0,0.021848,0.0
2020-01-14 16:30:00,20.62,21.99,21.27,21.29,21.49,21.34,22.4,23.2,22.74,21.03,21.48,22.52,22.85,21.25,22.25,1.33,9.0,0.0,1.0,0.0,0.0,0.0,0.0,1.0,0.0,0.0,1.0,1.0,1.0,0.0,0.456,0.0,36.0,21.0,23.0,0.0,2121.4,0.0,0.0,0.0,0.0,1697.41,0.0,0.0,441.85,274.85,1718.43,0.0,1074.4,0.0,36.0,28.89,36.0,36.0,36.0,36.0,27.46,36.0,36.0,22.27,23.71,27.84,36.0,24.24,36.0,0.0,0.071395,0.0,0.0,0.0,0.0,0.047544,0.0,0.0,0.007697,0.00535,0.050389,0.0,0.021848,0.0
2020-01-14 16:45:00,20.47,21.96,21.08,21.06,21.41,21.37,22.45,22.88,22.4,21.13,21.57,22.58,22.51,21.31,22.12,1.12,0.0,0.0,1.0,0.0,0.0,0.0,0.0,1.0,0.0,0.0,1.0,1.0,1.0,0.0,0.456,0.0,36.0,21.0,23.0,0.0,2117.29,0.0,0.0,0.0,0.0,1667.27,0.0,0.0,434.09,272.12,1693.02,0.0,1049.79,0.0,36.0,28.91,36.0,36.0,36.0,36.0,27.61,36.0,36.0,22.51,23.83,27.96,36.0,24.5,36.0,0.0,0.071395,0.0,0.0,0.0,0.0,0.047544,0.0,0.0,0.007697,0.00535,0.050389,0.0,0.021848,0.0
2020-01-14 17:00:00,20.38,21.91,20.95,20.89,21.35,21.38,22.51,22.58,22.1,21.22,21.65,22.64,22.19,21.37,21.99,1.0,0.0,0.0,1.0,0.0,0.0,0.0,0.0,1.0,0.0,0.0,1.0,1.0,1.0,0.0,0.456,0.0,36.0,21.0,23.0,0.0,2029.61,0.0,0.0,0.0,0.0,1645.06,0.0,0.0,428.39,269.86,1674.38,0.0,1034.42,0.0,36.0,29.2,36.0,36.0,36.0,36.0,27.72,36.0,36.0,22.68,23.93,28.05,36.0,24.67,36.0,0.0,0.071395,0.0,0.0,0.0,0.0,0.047544,0.0,0.0,0.007697,0.00535,0.050389,0.0,0.021848,0.0
2020-01-14 17:15:00,20.91,21.97,21.52,21.37,21.29,21.41,22.54,22.35,21.9,21.28,21.71,22.67,21.95,21.22,21.99,0.88,0.0,1.0,1.0,1.0,0.58,0.0,0.0,1.0,0.0,0.0,1.0,1.0,1.0,0.0,0.0,1.0,36.0,21.0,23.0,529.18,2100.8,804.59,1130.59,0.0,0.0,1627.02,0.0,0.0,423.85,267.79,1659.1,0.0,0.0,515.53,26.53,28.96,29.54,25.35,36.0,36.0,27.81,36.0,36.0,22.83,24.03,28.12,36.0,36.0,23.27,0.013364,0.071395,0.029804,0.025391,0.0,0.0,0.047544,0.0,0.0,0.007697,0.00535,0.050389,0.0,0.0,0.009687
2020-01-14 17:30:00,21.36,22.09,21.92,21.79,21.24,21.38,22.57,22.1,21.67,21.36,21.78,22.71,21.68,20.93,22.08,0.75,0.0,1.0,1.0,1.0,0.58,0.0,0.0,1.0,0.0,0.0,1.0,1.0,1.0,0.0,0.0,1.0,36.0,21.0,23.0,530.22,2086.8,820.33,1135.92,0.0,0.0,1612.68,0.0,0.0,420.21,265.98,1646.82,0.0,0.0,501.14,26.51,29.01,29.42,25.3,36.0,36.0,27.89,36.0,36.0,22.94,24.11,28.18,36.0,36.0,23.62,0.013364,0.071395,0.029804,0.025391,0.0,0.0,0.047544,0.0,0.0,0.007697,0.00535,0.050389,0.0,0.0,0.009687
2020-01-14 17:45:00,21.48,22.08,21.94,21.85,21.21,21.34,22.6,21.85,21.45,21.43,21.85,22.73,21.43,20.65,22.18,0.63,0.0,1.0,1.0,1.0,0.58,0.0,0.0,1.0,0.0,0.0,1.0,1.0,1.0,0.0,0.0,1.0,36.0,21.0,23.0,514.32,1999.54,782.72,1116.66,0.0,0.0,1600.83,0.0,0.0,417.22,264.37,1636.92,0.0,0.0,491.82,26.79,29.3,29.72,25.48,36.0,36.0,27.94,36.0,36.0,23.03,24.18,28.23,36.0,36.0,23.85,0.013364,0.071395,0.029804,0.025391,0.0,0.0,0.047544,0.0,0.0,0.007697,0.00535,0.050389,0.0,0.0,0.009687
2020-01-14 18:00:00,21.51,22.08,21.95,21.85,21.18,21.27,22.63,21.63,21.27,21.49,21.92,22.75,21.2,20.46,22.26,0.56,0.0,1.0,1.0,1.0,0.58,0.0,0.0,1.0,0.0,0.0,1.0,1.0,1.0,0.0,0.0,1.0,36.0,21.0,23.0,511.54,1994.86,783.3,1116.85,0.0,0.0,1590.55,0.0,0.0,414.56,262.85,1628.73,0.0,0.0,485.01,26.84,29.32,29.71,25.48,36.0,36.0,28.0,36.0,36.0,23.11,24.25,28.27,36.0,36.0,24.02,0.013364,0.071395,0.029804,0.025391,0.0,0.0,0.047544,0.0,0.0,0.007697,0.00535,0.050389,0.0,0.0,0.009687
2020-01-14 18:15:00,20.8,22.07,21.14,21.22,21.16,21.27,22.62,21.46,21.24,21.54,21.97,22.75,21.4,20.61,22.31,0.48,0.0,0.0,1.0,0.0,0.0,0.0,0.0,0.83,0.0,0.429,1.0,1.0,1.0,1.0,1.0,1.0,36.0,21.0,23.0,0.0,2070.73,0.0,0.0,0.0,0.0,1349.21,0.0,1004.55,412.12,261.36,1621.75,995.42,2392.89,479.77,36.0,29.06,36.0,36.0,36.0,36.0,27.82,36.0,23.57,23.19,24.31,28.3,25.02,24.04,24.15,0.0,0.071395,0.0,0.0,0.0,0.0,0.039476,0.0,0.019333,0.007697,0.00535,0.050389,0.021689,0.047883,0.009687
2020-01-14 18:30:00,20.48,21.99,20.84,20.71,21.15,21.35,22.59,21.25,21.3,21.6,22.03,22.78,21.9,21.05,22.38,0.41,0.0,0.0,1.0,0.0,0.0,0.0,0.0,0.83,0.0,0.429,1.0,1.0,1.0,1.0,1.0,1.0,36.0,21.0,23.0,0.0,2071.99,0.0,0.0,0.0,0.0,1367.98,0.0,964.74,409.96,260.02,1615.65,859.86,2126.66,475.73,36.0,29.06,36.0,36.0,36.0,36.0,27.71,36.0,24.06,23.26,24.37,28.33,26.52,25.37,24.25,0.0,0.071395,0.0,0.0,0.0,0.0,0.039476,0.0,0.019333,0.007697,0.00535,0.050389,0.021689,0.047883,0.009687
2020-01-14 18:45:00,20.36,21.96,20.71,20.54,21.14,21.45,22.58,21.05,21.36,21.65,22.09,22.83,22.39,21.47,22.44,0.34,0.0,0.0,1.0,0.0,0.0,0.0,0.0,0.83,0.0,0.429,1.0,1.0,1.0,1.0,1.0,1.0,36.0,21.0,23.0,0.0,2071.8,0.0,0.0,0.0,0.0,1377.31,0.0,941.59,407.95,258.73,1609.59,784.41,1972.42,472.38,36.0,29.06,36.0,36.0,36.0,36.0,27.65,36.0,24.35,23.32,24.43,28.36,27.35,26.15,24.33,0.0,0.071395,0.0,0.0,0.0,0.0,0.039476,0.0,0.019333,0.007697,0.00535,0.050389,0.021689,0.047883,0.009687
2020-01-14 19:00:00,20.27,21.9,20.62,20.42,21.13,21.48,22.56,20.84,21.39,21.72,22.15,22.87,22.68,21.76,22.5,0.23,0.0,0.0,1.0,0.0,0.0,0.0,0.0,0.83,0.0,0.429,1.0,1.0,1.0,1.0,1.0,1.0,36.0,21.0,23.0,0.0,1991.63,0.0,0.0,0.0,0.0,1381.95,0.0,927.32,406.11,257.56,1603.94,739.05,1875.58,469.61,36.0,29.33,36.0,36.0,36.0,36.0,27.62,36.0,24.53,23.38,24.48,28.38,27.85,26.63,24.4,0.0,0.071395,0.0,0.0,0.0,0.0,0.039476,0.0,0.019333,0.007697,0.00535,0.050389,0.021689,0.047883,0.009687
2020-01-14 19:15:00,20.83,21.97,21.23,21.2,21.14,21.52,22.59,20.95,21.55,21.76,22.2,22.88,22.83,21.61,22.54,0.12,0.0,1.0,1.0,1.0,1.0,0.0,0.0,1.0,0.779,1.0,1.0,1.0,1.0,1.0,0.0,1.0,36.0,21.0,23.0,523.69,2065.29,832.56,1730.52,0.0,0.0,1623.25,804.44,1957.22,404.27,256.35,1598.91,709.1,0.0,467.04,26.63,29.08,29.32,26.54,36.0,36.0,27.83,24.04,25.62,23.43,24.54,28.41,28.18,36.0,24.47,0.013364,0.071395,0.029804,0.043751,0.0,0.0,0.047544,0.016096,0.045088,0.007697,0.00535,0.050389,0.021689,0.0,0.009687
2020-01-14 19:30:00,21.26,22.08,21.65,21.95,21.18,21.5,22.64,21.29,21.83,21.81,22.25,22.89,22.98,21.25,22.59,0.02,0.0,1.0,1.0,1.0,1.0,0.0,0.0,1.0,0.779,1.0,1.0,1.0,1.0,1.0,0.0,1.0,36.0,21.0,23.0,527.63,2060.44,852.28,1737.84,0.0,0.0,1594.08,720.22,1816.81,402.57,255.23,1594.81,689.49,0.0,464.8,26.55,29.1,29.16,26.5,36.0,36.0,27.98,25.3,26.36,23.49,24.59,28.43,28.39,36.0,24.52,0.013364,0.071395,0.029804,0.043751,0.0,0.0,0.047544,0.016096,0.045088,0.007697,0.00535,0.050389,0.021689,0.0,0.009687
2020-01-14 19:45:00,21.4,22.12,21.76,22.07,21.24,21.44,22.7,21.61,22.04,21.86,22.31,22.89,23.08,20.88,22.64,-0.09,0.0,1.0,1.0,1.0,1.0,0.0,0.0,1.0,0.779,1.0,1.0,1.0,1.0,1.0,0.0,1.0,36.0,21.0,23.0,521.82,2054.2,843.59,1710.15,0.0,0.0,1576.48,671.5,1732.83,400.92,254.15,1591.55,675.44,0.0,462.71,26.66,29.12,29.23,26.65,36.0,36.0,28.07,26.02,26.81,23.54,24.64,28.44,28.55,36.0,24.57,0.013364,0.071395,0.029804,0.043751,0.0,0.0,0.047544,0.016096,0.045088,0.007697,0.00535,0.050389,0.021689,0.0,0.009687
2020-01-14 20:00:00,21.45,22.07,21.74,22.13,21.28,21.39,22.74,21.86,22.19,21.92,22.36,22.87,23.16,20.54,22.69,-0.19,0.0,1.0,1.0,1.0,1.0,0.0,0.0,1.0,0.779,1.0,1.0,1.0,1.0,1.0,0.0,1.0,36.0,21.0,23.0,508.73,1973.36,807.34,1656.87,0.0,0.0,1564.66,641.26,1679.22,399.39,253.15,1588.94,665.33,0.0,460.83,26.89,29.39,29.52,26.94,36.0,36.0,28.13,26.47,27.09,23.59,24.68,28.46,28.66,36.0,24.62,0.013364,0.071395,0.029804,0.043751,0.0,0.0,0.047544,0.016096,0.045088,0.007697,0.00535,0.050389,0.021689,0.0,0.009687
2020-01-14 20:15:00,20.74,22.02,20.93,21.29,21.28,21.32,22.66,21.69,22.03,21.89,22.31,22.85,22.96,20.67,22.64,-0.29,0.0,0.0,1.0,0.0,0.0,0.0,0.0,0.522,0.0,0.0,0.0,0.0,1.0,0.175,1.0,0.0,36.0,21.0,23.0,0.0,2054.53,0.0,0.0,0.0,0.0,879.04,0.0,0.0,0.0,0.0,1588.19,136.11,2318.56,0.0,36.0,29.12,36.0,36.0,36.0,36.0,27.53,36.0,36.0,36.0,36.0,28.46,27.45,24.42,36.0,0.0,0.071395,0.0,0.0,0.0,0.0,0.024834,0.0,0.0,0.0,0.0,0.050389,0.003806,0.047883,0.0
2020-01-14 20:30:00,20.4,21.9,20.57,20.61,21.19,21.38,22.49,21.29,21.65,21.81,22.17,22.84,22.56,21.07,22.52,-0.39,0.0,0.0,1.0,0.0,0.0,0.0,0.0,0.522,0.0,0.0,0.0,0.0,1.0,0.175,1.0,0.0,36.0,21.0,23.0,0.0,2059.84,0.0,0.0,0.0,0.0,924.78,0.0,0.0,0.0,0.0,1587.3,151.3,2080.0,0.0,36.0,29.1,36.0,36.0,36.0,36.0,27.09,36.0,36.0,36.0,36.0,28.46,26.49,25.61,36.0,0.0,0.071395,0.0,0.0,0.0,0.0,0.024834,0.0,0.0,0.0,0.0,0.050389,0.003806,0.047883,0.0
2020-01-14 20:45:00,20.27,21.84,20.43,20.43,21.07,21.46,22.33,20.93,21.28,21.73,22.04,22.86,22.15,21.4,22.38,-0.49,0.0,0.0,1.0,0.0,0.0,0.0,0.0,0.522,0.0,0.0,0.0,0.0,1.0,0.175,1.0,0.0,36.0,21.0,23.0,0.0,2064.23,0.0,0.0,0.0,0.0,954.08,0.0,0.0,0.0,0.0,1586.26,161.85,1943.31,0.0,36.0,29.08,36.0,36.0,36.0,36.0,26.81,36.0,36.0,36.0,36.0,28.47,25.83,26.29,36.0,0.0,0.071395,0.0,0.0,0.0,0.0,0.024834,0.0,0.0,0.0,0.0,0.050389,0.003806,0.047883,0.0
2020-01-14 21:00:00,20.17,21.77,20.34,20.34,20.98,21.49,22.19,20.64,20.97,21.64,21.91,22.89,21.86,21.68,22.26,-0.62,0.0,0.0,1.0,0.0,0.0,0.0,0.0,0.522,0.0,0.0,0.0,0.0,1.0,0.175,1.0,0.0,36.0,21.0,23.0,0.0,1987.31,0.0,0.0,0.0,0.0,974.18,0.0,0.0,0.0,0.0,1584.59,169.55,1858.59,0.0,36.0,29.34,36.0,36.0,36.0,36.0,26.62,36.0,36.0,36.0,36.0,28.48,25.34,26.71,36.0,0.0,0.071395,0.0,0.0,0.0,0.0,0.024834,0.0,0.0,0.0,0.0,0.050389,0.003806,0.047883,0.0
2020-01-14 21:15:00,20.71,21.85,20.96,21.1,21.03,21.51,22.24,20.81,21.03,21.64,21.92,22.9,21.98,21.53,22.26,-0.75,0.0,1.0,1.0,1.0,1.0,1.0,0.0,1.0,1.0,0.779,1.0,1.0,1.0,1.0,0.0,1.0,36.0,21.0,23.0,527.72,2062.84,863.95,1713.49,446.33,0.0,1751.82,963.09,1702.0,428.66,281.91,1582.62,848.37,0.0,505.96,26.55,29.09,29.07,26.63,22.05,36.0,27.19,24.85,24.4,22.68,23.39,28.49,26.64,36.0,23.5,0.013364,0.071395,0.029804,0.043751,0.007653,0.0,0.047544,0.020669,0.035107,0.007697,0.00535,0.050389,0.021689,0.0,0.009687
2020-01-14 21:30:00,21.09,21.96,21.37,21.8,21.17,21.49,22.41,21.28,21.27,21.71,22.01,22.92,22.34,21.16,22.33,-0.88,0.0,1.0,1.0,1.0,1.0,1.0,0.0,1.0,1.0,0.779,1.0,1.0,1.0,1.0,0.0,1.0,36.0,21.0,23.0,538.38,2061.47,899.67,1748.3,447.14,0.0,1672.86,848.11,1581.25,418.79,272.62,1580.65,768.05,0.0,491.91,26.36,29.09,28.78,26.44,22.02,36.0,27.58,26.18,25.22,22.98,23.81,28.5,27.53,36.0,23.85,0.013364,0.071395,0.029804,0.043751,0.007653,0.0,0.047544,0.020669,0.035107,0.007697,0.00535,0.050389,0.021689,0.0,0.009687
2020-01-14 21:45:00,21.17,22.0,21.45,21.88,21.27,21.42,22.55,21.73,21.53,21.79,22.11,22.92,22.67,20.81,22.42,-1.01,0.0,1.0,1.0,1.0,1.0,1.0,0.0,1.0,1.0,0.779,1.0,1.0,1.0,1.0,0.0,1.0,36.0,21.0,23.0,539.73,2057.79,905.94,1749.92,445.85,0.0,1627.66,783.78,1510.33,412.22,266.64,1578.79,723.44,0.0,482.72,26.34,29.1,28.73,26.43,22.06,36.0,27.81,26.93,25.71,23.19,24.08,28.5,28.02,36.0,24.08,0.013364,0.071395,0.029804,0.043751,0.007653,0.0,0.047544,0.020669,0.035107,0.007697,0.00535,0.050389,0.021689,0.0,0.009687
2020-01-14 22:00:00,21.18,21.94,21.4,21.88,21.36,21.38,22.64,22.02,21.7,21.87,22.2,22.89,22.86,20.47,22.5,-1.2,0.0,1.0,1.0,1.0,1.0,1.0,0.0,1.0,1.0,0.779,1.0,1.0,1.0,1.0,0.0,1.0,36.0,21.0,23.0,532.68,1979.71,881.28,1722.38,442.78,0.0,1599.7,744.51,1465.06,407.47,262.48,1577.28,696.66,0.0,476.21,26.46,29.37,28.93,26.58,22.16,36.0,27.95,27.38,26.02,23.33,24.26,28.51,28.32,36.0,24.24,0.013364,0.071395,0.029804,0.043751,0.007653,0.0,0.047544,0.020669,0.035107,0.007697,0.00535,0.050389,0.021689,0.0,0.009687
2020-01-14 22:15:00,20.39,21.87,20.63,21.81,21.22,21.3,22.44,21.85,21.55,21.85,22.15,22.88,22.89,20.6,22.47,-1.38,0.0,0.006,1.0,0.0,1.0,0.0,0.0,0.0,0.0,0.0,0.0,0.0,1.0,0.786,1.0,0.0,36.0,21.0,23.0,4.34,2063.66,0.0,1785.04,0.0,0.0,0.0,0.0,0.0,0.0,0.0,1577.48,555.56,2320.35,0.0,22.46,29.08,36.0,26.24,36.0,36.0,36.0,36.0,36.0,36.0,36.0,28.51,28.2,24.41,36.0,7.7e-05,0.071395,0.0,0.043751,0.0,0.0,0.0,0.0,0.0,0.0,0.0,0.050389,0.017044,0.047883,0.0
2020-01-14 22:30:00,20.06,21.76,20.4,21.68,21.09,21.37,22.02,21.41,21.21,21.78,22.04,22.87,22.87,21.01,22.36,-1.57,0.0,0.006,1.0,0.0,1.0,0.0,0.0,0.0,0.0,0.0,0.0,0.0,1.0,0.786,1.0,0.0,36.0,21.0,23.0,4.4,2071.91,0.0,1807.64,0.0,0.0,0.0,0.0,0.0,0.0,0.0,1577.31,561.7,2083.11,0.0,22.29,29.06,36.0,26.12,36.0,36.0,36.0,36.0,36.0,36.0,36.0,28.51,28.12,25.59,36.0,7.7e-05,0.071395,0.0,0.043751,0.0,0.0,0.0,0.0,0.0,0.0,0.0,0.050389,0.017044,0.047883,0.0
2020-01-14 22:45:00,19.87,21.7,20.26,21.6,20.89,21.46,21.65,20.96,20.85,21.7,21.91,22.9,22.84,21.35,22.23,-1.75,0.0,0.006,1.0,0.0,1.0,0.0,0.0,0.0,0.0,0.0,0.0,0.0,1.0,0.786,1.0,0.0,36.0,21.0,23.0,4.48,2078.53,0.0,1830.37,0.0,0.0,0.0,0.0,0.0,0.0,0.0,1576.73,564.49,1947.02,0.0,22.03,29.04,36.0,25.99,36.0,36.0,36.0,36.0,36.0,36.0,36.0,28.51,28.08,26.27,36.0,7.7e-05,0.071395,0.0,0.043751,0.0,0.0,0.0,0.0,0.0,0.0,0.0,0.050389,0.017044,0.047883,0.0
2020-01-14 23:00:00,19.72,21.63,20.15,21.56,20.75,21.49,21.34,20.63,20.56,21.61,21.78,22.92,22.84,21.61,22.11,-1.79,0.0,0.006,1.0,0.0,1.0,0.0,0.0,0.0,0.0,0.0,0.0,0.0,1.0,0.786,1.0,0.0,36.0,21.0,23.0,4.52,2002.04,0.0,1767.64,0.0,0.0,0.0,0.0,0.0,0.0,0.0,1575.51,565.66,1862.6,0.0,21.9,29.29,36.0,26.33,36.0,36.0,36.0,36.0,36.0,36.0,36.0,28.52,28.06,26.69,36.0,7.7e-05,0.071395,0.0,0.043751,0.0,0.0,0.0,0.0,0.0,0.0,0.0,0.050389,0.017044,0.047883,0.0
2020-01-14 23:15:00,20.25,21.68,20.64,21.65,20.76,21.52,21.42,20.8,20.69,21.62,21.8,22.93,22.91,21.46,22.12,-1.83,0.0,1.0,1.0,1.0,1.0,1.0,0.0,1.0,1.0,1.0,1.0,1.0,0.976,0.994,0.0,1.0,36.0,21.0,23.0,574.96,2080.64,973.17,1793.98,446.83,0.0,2103.43,949.53,2195.11,431.2,286.16,1542.1,688.62,0.0,513.77,25.71,29.03,28.19,26.19,22.03,36.0,25.42,25.01,24.35,22.6,23.2,28.5,28.36,36.0,23.31,0.013364,0.071395,0.029804,0.043751,0.007653,0.0,0.047544,0.020669,0.045088,0.007697,0.00535,0.049164,0.021568,0.0,0.009687
2020-01-14 23:30:00,20.62,21.79,21.04,21.85,20.94,21.49,21.71,21.23,21.07,21.69,21.9,22.93,23.02,21.09,22.2,-1.87,0.0,1.0,1.0,1.0,1.0,1.0,0.0,1.0,1.0,1.0,1.0,1.0,0.976,0.994,0.0,1.0,36.0,21.0,23.0,582.3,2075.48,1007.88,1769.47,448.83,0.0,1901.07,840.56,1978.44,420.82,276.26,1544.9,669.64,0.0,498.78,25.58,29.05,27.91,26.32,21.97,36.0,26.43,26.27,25.5,22.92,23.65,28.48,28.57,36.0,23.68,0.013364,0.071395,0.029804,0.043751,0.007653,0.0,0.047544,0.020669,0.045088,0.007697,0.00535,0.049164,0.021568,0.0,0.009687
2020-01-14 23:45:00,20.7,21.83,21.09,21.97,21.08,21.41,22.0,21.64,21.44,21.77,22.01,22.91,23.1,20.75,22.3,-1.91,0.0,1.0,1.0,1.0,1.0,1.0,0.0,1.0,1.0,1.0,1.0,1.0,0.976,0.994,0.0,1.0,36.0,21.0,23.0,580.49,2069.12,1006.99,1744.7,447.33,0.0,1789.37,780.48,1853.9,413.86,269.83,1546.35,658.2,0.0,488.89,25.61,29.07,27.92,26.46,22.02,36.0,27.0,26.97,26.16,23.14,23.94,28.48,28.7,36.0,23.93,0.013364,0.071395,0.029804,0.043751,0.007653,0.0,0.047544,0.020669,0.045088,0.007697,0.00535,0.049164,0.021568,0.0,0.009687
2020-01-15 00:00:00,20.72,21.79,21.07,22.01,21.2,21.36,22.21,21.91,21.69,21.85,22.1,22.88,23.16,20.41,22.39,-2.03,0.0,1.0,1.0,1.0,1.0,1.0,0.0,1.0,1.0,1.0,1.0,1.0,0.976,0.994,0.0,1.0,36.0,15.0,30.0,569.26,1989.17,969.0,1681.89,444.17,0.0,1721.67,743.91,1775.77,408.82,265.31,1547.07,650.69,0.0,481.81,25.81,29.33,28.22,26.8,22.11,36.0,27.34,27.39,26.58,23.29,24.14,28.47,28.78,36.0,24.1,0.013364,0.071395,0.029804,0.043751,0.007653,0.0,0.047544,0.020669,0.045088,0.007697,0.00535,0.049164,0.021568,0.0,0.009687
2020-01-15 00:15:00,19.9,20.69,19.97,21.11,21.09,21.17,22.05,21.74,21.55,21.84,22.06,22.63,22.9,20.24,22.36,-2.14,0.0,0.0,0.0,0.0,0.0,0.0,0.0,0.0,0.0,0.0,0.0,0.0,0.0,0.0,0.0,0.0,27.5,15.0,30.0,0.0,0.0,0.0,0.0,0.0,0.0,0.0,0.0,0.0,0.0,0.0,0.0,0.0,0.0,0.0,36.0,36.0,36.0,36.0,36.0,36.0,36.0,36.0,36.0,36.0,36.0,36.0,36.0,36.0,36.0,0.0,0.0,0.0,0.0,0.0,0.0,0.0,0.0,0.0,0.0,0.0,0.0,0.0,0.0,0.0
2020-01-15 00:30:00,19.44,20.12,19.35,20.41,20.97,20.95,21.65,21.29,21.19,21.77,21.95,22.13,22.36,19.99,22.25,-2.26,0.0,0.0,0.0,0.0,0.0,0.0,0.0,0.0,0.0,0.0,0.0,0.0,0.0,0.0,0.0,0.0,27.5,15.0,30.0,0.0,0.0,0.0,0.0,0.0,0.0,0.0,0.0,0.0,0.0,0.0,0.0,0.0,0.0,0.0,36.0,36.0,36.0,36.0,36.0,36.0,36.0,36.0,36.0,36.0,36.0,36.0,36.0,36.0,36.0,0.0,0.0,0.0,0.0,0.0,0.0,0.0,0.0,0.0,0.0,0.0,0.0,0.0,0.0,0.0
2020-01-15 00:45:00,19.22,19.81,19.08,20.17,20.77,20.71,21.29,20.86,20.81,21.69,21.83,21.71,21.85,19.76,22.14,-2.38,0.0,0.0,0.0,0.0,0.0,0.0,0.0,0.0,0.0,0.0,0.0,0.0,0.0,0.0,0.0,0.0,27.5,15.0,30.0,0.0,0.0,0.0,0.0,0.0,0.0,0.0,0.0,0.0,0.0,0.0,0.0,0.0,0.0,0.0,36.0,36.0,36.0,36.0,36.0,36.0,36.0,36.0,36.0,36.0,36.0,36.0,36.0,36.0,36.0,0.0,0.0,0.0,0.0,0.0,0.0,0.0,0.0,0.0,0.0,0.0,0.0,0.0,0.0,0.0
2020-01-15 01:00:00,19.04,19.55,18.87,19.97,20.6,20.48,21.01,20.55,20.51,21.62,21.72,21.37,21.47,19.54,22.03,-2.46,0.0,0.0,0.0,0.0,0.0,0.0,0.0,0.0,0.0,0.0,0.0,0.0,0.0,0.0,0.0,0.0,27.5,15.0,30.0,0.0,0.0,0.0,0.0,0.0,0.0,0.0,0.0,0.0,0.0,0.0,0.0,0.0,0.0,0.0,36.0,36.0,36.0,36.0,36.0,36.0,36.0,36.0,36.0,36.0,36.0,36.0,36.0,36.0,36.0,0.0,0.0,0.0,0.0,0.0,0.0,0.0,0.0,0.0,0.0,0.0,0.0,0.0,0.0,0.0
2020-01-15 01:15:00,18.87,19.3,18.73,19.79,20.48,20.35,20.74,20.27,20.25,21.53,21.61,21.04,21.13,19.33,21.92,-2.54,0.0,0.0,0.0,0.0,0.0,0.0,0.0,0.0,0.0,0.0,0.0,0.0,0.0,0.0,0.0,0.0,27.5,15.0,30.0,0.0,0.0,0.0,0.0,0.0,0.0,0.0,0.0,0.0,0.0,0.0,0.0,0.0,0.0,0.0,36.0,36.0,36.0,36.0,36.0,36.0,36.0,36.0,36.0,36.0,36.0,36.0,36.0,36.0,36.0,0.0,0.0,0.0,0.0,0.0,0.0,0.0,0.0,0.0,0.0,0.0,0.0,0.0,0.0,0.0
2020-01-15 01:30:00,18.74,19.08,18.51,19.63,20.34,20.09,20.53,20.04,20.06,21.47,21.52,20.81,20.86,19.19,21.84,-2.62,0.0,0.0,0.0,0.0,0.0,0.0,0.0,0.0,0.0,0.0,0.0,0.0,0.0,0.0,0.0,0.0,27.5,15.0,30.0,0.0,0.0,0.0,0.0,0.0,0.0,0.0,0.0,0.0,0.0,0.0,0.0,0.0,0.0,0.0,36.0,36.0,36.0,36.0,36.0,36.0,36.0,36.0,36.0,36.0,36.0,36.0,36.0,36.0,36.0,0.0,0.0,0.0,0.0,0.0,0.0,0.0,0.0,0.0,0.0,0.0,0.0,0.0,0.0,0.0
2020-01-15 01:45:00,18.58,18.83,18.36,19.44,20.22,19.99,20.33,19.83,19.87,21.41,21.44,20.54,20.6,18.98,21.75,-2.7,0.0,0.0,0.0,0.0,0.0,0.0,0.0,0.0,0.0,0.0,0.0,0.0,0.0,0.0,0.0,0.0,27.5,15.0,30.0,0.0,0.0,0.0,0.0,0.0,0.0,0.0,0.0,0.0,0.0,0.0,0.0,0.0,0.0,0.0,36.0,36.0,36.0,36.0,36.0,36.0,36.0,36.0,36.0,36.0,36.0,36.0,36.0,36.0,36.0,0.0,0.0,0.0,0.0,0.0,0.0,0.0,0.0,0.0,0.0,0.0,0.0,0.0,0.0,0.0
2020-01-15 02:00:00,18.43,18.59,18.15,19.27,20.1,19.76,20.13,19.63,19.69,21.35,21.35,20.32,20.35,18.84,21.67,-2.82,0.0,0.0,0.0,0.0,0.0,0.0,0.0,0.0,0.0,0.0,0.0,0.0,0.0,0.0,0.0,0.0,27.5,15.0,30.0,0.0,0.0,0.0,0.0,0.0,0.0,0.0,0.0,0.0,0.0,0.0,0.0,0.0,0.0,0.0,36.0,36.0,36.0,36.0,36.0,36.0,36.0,36.0,36.0,36.0,36.0,36.0,36.0,36.0,36.0,0.0,0.0,0.0,0.0,0.0,0.0,0.0,0.0,0.0,0.0,0.0,0.0,0.0,0.0,0.0
2020-01-15 02:15:00,18.28,18.35,17.99,19.08,20.0,19.64,19.93,19.43,19.52,21.29,21.27,20.09,20.12,18.66,21.59,-2.94,0.0,0.0,0.0,0.0,0.0,0.0,0.0,0.0,0.0,0.0,0.0,0.0,0.0,0.0,0.0,0.0,27.5,15.0,30.0,0.0,0.0,0.0,0.0,0.0,0.0,0.0,0.0,0.0,0.0,0.0,0.0,0.0,0.0,0.0,36.0,36.0,36.0,36.0,36.0,36.0,36.0,36.0,36.0,36.0,36.0,36.0,36.0,36.0,36.0,0.0,0.0,0.0,0.0,0.0,0.0,0.0,0.0,0.0,0.0,0.0,0.0,0.0,0.0,0.0
2020-01-15 02:30:00,18.13,18.13,17.79,18.92,19.9,19.45,19.75,19.25,19.36,21.24,21.2,19.88,19.9,18.52,21.52,-3.06,0.0,0.0,0.0,0.0,0.0,0.0,0.0,0.0,0.0,0.0,0.0,0.0,0.0,0.0,0.0,0.0,27.5,15.0,30.0,0.0,0.0,0.0,0.0,0.0,0.0,0.0,0.0,0.0,0.0,0.0,0.0,0.0,0.0,0.0,36.0,36.0,36.0,36.0,36.0,36.0,36.0,36.0,36.0,36.0,36.0,36.0,36.0,36.0,36.0,0.0,0.0,0.0,0.0,0.0,0.0,0.0,0.0,0.0,0.0,0.0,0.0,0.0,0.0,0.0
2020-01-15 02:45:00,17.98,17.91,17.64,18.76,19.79,19.34,19.58,19.06,19.21,21.18,21.12,19.67,19.69,18.35,21.44,-3.18,0.0,0.0,0.0,0.0,0.0,0.0,0.0,0.0,0.0,0.0,0.0,0.0,0.0,0.0,0.0,0.0,27.5,15.0,30.0,0.0,0.0,0.0,0.0,0.0,0.0,0.0,0.0,0.0,0.0,0.0,0.0,0.0,0.0,0.0,36.0,36.0,36.0,36.0,36.0,36.0,36.0,36.0,36.0,36.0,36.0,36.0,36.0,36.0,36.0,0.0,0.0,0.0,0.0,0.0,0.0,0.0,0.0,0.0,0.0,0.0,0.0,0.0,0.0,0.0
2020-01-15 03:00:00,17.84,17.7,17.46,18.6,19.68,19.18,19.4,18.87,19.05,21.13,21.04,19.46,19.46,18.2,21.37,-3.26,0.0,0.0,0.0,0.0,0.0,0.0,0.0,0.0,0.0,0.0,0.0,0.0,0.0,0.0,0.0,0.0,27.5,15.0,30.0,0.0,0.0,0.0,0.0,0.0,0.0,0.0,0.0,0.0,0.0,0.0,0.0,0.0,0.0,0.0,36.0,36.0,36.0,36.0,36.0,36.0,36.0,36.0,36.0,36.0,36.0,36.0,36.0,36.0,36.0,0.0,0.0,0.0,0.0,0.0,0.0,0.0,0.0,0.0,0.0,0.0,0.0,0.0,0.0,0.0
2020-01-15 03:15:00,17.7,17.5,17.3,18.42,19.57,19.06,19.23,18.69,18.89,21.08,20.97,19.26,19.25,18.04,21.3,-3.34,0.0,0.0,0.0,0.0,0.0,0.0,0.0,0.0,0.0,0.0,0.0,0.0,0.0,0.0,0.0,0.0,27.5,15.0,30.0,0.0,0.0,0.0,0.0,0.0,0.0,0.0,0.0,0.0,0.0,0.0,0.0,0.0,0.0,0.0,36.0,36.0,36.0,36.0,36.0,36.0,36.0,36.0,36.0,36.0,36.0,36.0,36.0,36.0,36.0,0.0,0.0,0.0,0.0,0.0,0.0,0.0,0.0,0.0,0.0,0.0,0.0,0.0,0.0,0.0
2020-01-15 03:30:00,17.56,17.3,17.13,18.27,19.46,18.91,19.06,18.5,18.74,21.03,20.9,19.05,19.04,17.9,21.22,-3.41,0.0,0.0,0.0,0.0,0.0,0.0,0.0,0.0,0.0,0.0,0.0,0.0,0.0,0.0,0.0,0.0,27.5,15.0,30.0,0.0,0.0,0.0,0.0,0.0,0.0,0.0,0.0,0.0,0.0,0.0,0.0,0.0,0.0,0.0,36.0,36.0,36.0,36.0,36.0,36.0,36.0,36.0,36.0,36.0,36.0,36.0,36.0,36.0,36.0,0.0,0.0,0.0,0.0,0.0,0.0,0.0,0.0,0.0,0.0,0.0,0.0,0.0,0.0,0.0
2020-01-15 03:45:00,17.42,17.09,16.98,18.11,19.36,18.79,18.9,18.33,18.59,20.97,20.82,18.85,18.83,17.75,21.15,-3.49,0.0,0.0,0.0,0.0,0.0,0.0,0.0,0.0,0.0,0.0,0.0,0.0,0.0,0.0,0.0,0.0,27.5,15.0,30.0,0.0,0.0,0.0,0.0,0.0,0.0,0.0,0.0,0.0,0.0,0.0,0.0,0.0,0.0,0.0,36.0,36.0,36.0,36.0,36.0,36.0,36.0,36.0,36.0,36.0,36.0,36.0,36.0,36.0,36.0,0.0,0.0,0.0,0.0,0.0,0.0,0.0,0.0,0.0,0.0,0.0,0.0,0.0,0.0,0.0
2020-01-15 04:00:00,17.28,16.9,16.82,17.96,19.25,18.66,18.75,18.16,18.46,20.92,20.75,18.67,18.65,17.62,21.09,-3.57,0.0,0.0,0.0,0.0,0.0,0.0,0.0,0.0,0.0,0.0,0.0,0.0,0.0,0.0,0.0,0.0,27.5,15.0,30.0,0.0,0.0,0.0,0.0,0.0,0.0,0.0,0.0,0.0,0.0,0.0,0.0,0.0,0.0,0.0,36.0,36.0,36.0,36.0,36.0,36.0,36.0,36.0,36.0,36.0,36.0,36.0,36.0,36.0,36.0,0.0,0.0,0.0,0.0,0.0,0.0,0.0,0.0,0.0,0.0,0.0,0.0,0.0,0.0,0.0
2020-01-15 04:15:00,17.14,16.71,16.67,17.82,19.15,18.55,18.6,18.0,18.32,20.87,20.68,18.49,18.46,17.48,21.02,-3.65,0.0,0.0,0.0,0.0,0.0,0.0,0.0,0.0,0.0,0.0,0.0,0.0,0.0,0.0,0.0,0.0,27.5,15.0,30.0,0.0,0.0,0.0,0.0,0.0,0.0,0.0,0.0,0.0,0.0,0.0,0.0,0.0,0.0,0.0,36.0,36.0,36.0,36.0,36.0,36.0,36.0,36.0,36.0,36.0,36.0,36.0,36.0,36.0,36.0,0.0,0.0,0.0,0.0,0.0,0.0,0.0,0.0,0.0,0.0,0.0,0.0,0.0,0.0,0.0
2020-01-15 04:30:00,17.01,16.53,16.52,17.68,19.05,18.44,18.46,17.85,18.19,20.82,20.61,18.32,18.31,17.36,20.95,-3.72,0.0,0.0,0.0,0.0,0.0,0.0,0.0,0.0,0.0,0.0,0.0,0.0,0.0,0.0,0.0,0.0,27.5,15.0,30.0,0.0,0.0,0.0,0.0,0.0,0.0,0.0,0.0,0.0,0.0,0.0,0.0,0.0,0.0,0.0,36.0,36.0,36.0,36.0,36.0,36.0,36.0,36.0,36.0,36.0,36.0,36.0,36.0,36.0,36.0,0.0,0.0,0.0,0.0,0.0,0.0,0.0,0.0,0.0,0.0,0.0,0.0,0.0,0.0,0.0
2020-01-15 04:45:00,16.88,16.36,16.4,17.54,18.96,18.33,18.32,17.7,18.06,20.77,20.55,18.15,18.14,17.23,20.88,-3.8,0.0,0.0,0.0,0.0,0.0,0.0,0.0,0.0,0.0,0.0,0.0,0.0,0.0,0.0,0.0,0.0,27.5,15.0,30.0,0.0,0.0,0.0,0.0,0.0,0.0,0.0,0.0,0.0,0.0,0.0,0.0,0.0,0.0,0.0,36.0,36.0,36.0,36.0,36.0,36.0,36.0,36.0,36.0,36.0,36.0,36.0,36.0,36.0,36.0,0.0,0.0,0.0,0.0,0.0,0.0,0.0,0.0,0.0,0.0,0.0,0.0,0.0,0.0,0.0
2020-01-15 05:00:00,16.76,16.19,16.26,17.41,18.86,18.22,18.19,17.56,17.94,20.72,20.48,18.0,17.98,17.12,20.82,-3.84,0.0,0.0,0.0,0.0,0.0,0.0,0.0,0.0,0.0,0.0,0.0,0.0,0.0,0.0,0.0,0.0,27.5,15.0,30.0,0.0,0.0,0.0,0.0,0.0,0.0,0.0,0.0,0.0,0.0,0.0,0.0,0.0,0.0,0.0,36.0,36.0,36.0,36.0,36.0,36.0,36.0,36.0,36.0,36.0,36.0,36.0,36.0,36.0,36.0,0.0,0.0,0.0,0.0,0.0,0.0,0.0,0.0,0.0,0.0,0.0,0.0,0.0,0.0,0.0
2020-01-15 05:15:00,16.63,16.03,16.14,17.29,18.77,18.11,18.06,17.42,17.82,20.68,20.41,17.85,17.82,17.0,20.75,-3.89,0.0,0.0,0.0,0.0,0.0,0.0,0.0,0.0,0.0,0.0,0.0,0.0,0.0,0.0,0.0,0.0,27.5,15.0,30.0,0.0,0.0,0.0,0.0,0.0,0.0,0.0,0.0,0.0,0.0,0.0,0.0,0.0,0.0,0.0,36.0,36.0,36.0,36.0,36.0,36.0,36.0,36.0,36.0,36.0,36.0,36.0,36.0,36.0,36.0,0.0,0.0,0.0,0.0,0.0,0.0,0.0,0.0,0.0,0.0,0.0,0.0,0.0,0.0,0.0
2020-01-15 05:30:00,16.51,15.87,16.01,17.16,18.67,18.0,17.93,17.28,17.71,20.63,20.35,17.7,17.67,16.89,20.69,-3.93,0.0,0.0,0.0,0.0,0.0,0.0,0.0,0.0,0.0,0.0,0.0,0.0,0.0,0.0,0.0,0.0,27.5,15.0,30.0,0.0,0.0,0.0,0.0,0.0,0.0,0.0,0.0,0.0,0.0,0.0,0.0,0.0,0.0,0.0,36.0,36.0,36.0,36.0,36.0,36.0,36.0,36.0,36.0,36.0,36.0,36.0,36.0,36.0,36.0,0.0,0.0,0.0,0.0,0.0,0.0,0.0,0.0,0.0,0.0,0.0,0.0,0.0,0.0,0.0
2020-01-15 05:45:00,16.39,15.71,15.89,17.04,18.58,17.89,17.81,17.14,17.59,20.58,20.28,17.56,17.52,16.78,20.63,-3.97,0.0,0.0,0.0,0.0,0.0,0.0,0.0,0.0,0.0,0.0,0.0,0.0,0.0,0.0,0.0,0.0,27.5,15.0,30.0,0.0,0.0,0.0,0.0,0.0,0.0,0.0,0.0,0.0,0.0,0.0,0.0,0.0,0.0,0.0,36.0,36.0,36.0,36.0,36.0,36.0,36.0,36.0,36.0,36.0,36.0,36.0,36.0,36.0,36.0,0.0,0.0,0.0,0.0,0.0,0.0,0.0,0.0,0.0,0.0,0.0,0.0,0.0,0.0,0.0
2020-01-15 06:00:00,16.27,15.56,15.76,16.92,18.49,17.79,17.69,17.01,17.47,20.53,20.22,17.43,17.38,16.65,20.56,-4.03,0.0,0.0,0.0,0.0,0.0,0.0,0.0,0.0,0.0,0.0,0.0,0.0,0.0,0.0,0.0,0.0,27.5,15.0,30.0,0.0,0.0,0.0,0.0,0.0,0.0,0.0,0.0,0.0,0.0,0.0,0.0,0.0,0.0,0.0,36.0,36.0,36.0,36.0,36.0,36.0,36.0,36.0,36.0,36.0,36.0,36.0,36.0,36.0,36.0,0.0,0.0,0.0,0.0,0.0,0.0,0.0,0.0,0.0,0.0,0.0,0.0,0.0,0.0,0.0
2020-01-15 06:15:00,16.15,15.41,15.64,16.8,18.4,17.68,17.58,16.88,17.36,20.48,20.16,17.3,17.24,16.55,20.5,-4.09,0.0,0.0,0.0,0.0,0.0,0.0,0.0,0.0,0.0,0.0,0.0,0.0,0.0,0.0,0.0,0.0,27.5,15.0,30.0,0.0,0.0,0.0,0.0,0.0,0.0,0.0,0.0,0.0,0.0,0.0,0.0,0.0,0.0,0.0,36.0,36.0,36.0,36.0,36.0,36.0,36.0,36.0,36.0,36.0,36.0,36.0,36.0,36.0,36.0,0.0,0.0,0.0,0.0,0.0,0.0,0.0,0.0,0.0,0.0,0.0,0.0,0.0,0.0,0.0
2020-01-15 06:30:00,16.03,15.27,15.52,16.69,18.31,17.58,17.46,16.74,17.26,20.44,20.09,17.17,17.09,16.44,20.44,-4.15,0.0,0.0,0.0,0.0,0.0,0.0,0.0,0.0,0.0,0.0,0.0,0.0,0.0,0.0,0.0,0.0,27.5,15.0,30.0,0.0,0.0,0.0,0.0,0.0,0.0,0.0,0.0,0.0,0.0,0.0,0.0,0.0,0.0,0.0,36.0,36.0,36.0,36.0,36.0,36.0,36.0,36.0,36.0,36.0,36.0,36.0,36.0,36.0,36.0,0.0,0.0,0.0,0.0,0.0,0.0,0.0,0.0,0.0,0.0,0.0,0.0,0.0,0.0,0.0
2020-01-15 06:45:00,15.91,15.13,15.41,16.58,18.22,17.47,17.35,16.62,17.15,20.39,20.03,17.04,16.96,16.34,20.38,-4.21,0.0,0.0,0.0,0.0,0.0,0.0,0.0,0.0,0.0,0.0,0.0,0.0,0.0,0.0,0.0,0.0,27.5,15.0,30.0,0.0,0.0,0.0,0.0,0.0,0.0,0.0,0.0,0.0,0.0,0.0,0.0,0.0,0.0,0.0,36.0,36.0,36.0,36.0,36.0,36.0,36.0,36.0,36.0,36.0,36.0,36.0,36.0,36.0,36.0,0.0,0.0,0.0,0.0,0.0,0.0,0.0,0.0,0.0,0.0,0.0,0.0,0.0,0.0,0.0
2020-01-15 07:00:00,15.8,14.98,15.29,16.46,18.14,17.37,17.23,16.49,17.04,20.34,19.97,16.91,16.82,16.23,20.32,-4.27,0.0,0.0,0.0,0.0,0.0,0.0,0.0,0.0,0.0,0.0,0.0,0.0,0.0,0.0,0.0,0.0,27.5,15.0,30.0,0.0,0.0,0.0,0.0,0.0,0.0,0.0,0.0,0.0,0.0,0.0,0.0,0.0,0.0,0.0,36.0,36.0,36.0,36.0,36.0,36.0,36.0,36.0,36.0,36.0,36.0,36.0,36.0,36.0,36.0,0.0,0.0,0.0,0.0,0.0,0.0,0.0,0.0,0.0,0.0,0.0,0.0,0.0,0.0,0.0
2020-01-15 07:15:00,15.68,14.84,15.17,16.34,18.05,17.26,17.12,16.36,16.93,20.3,19.91,16.79,16.68,16.12,20.26,-4.32,0.0,0.0,0.0,0.0,0.0,0.0,0.0,0.0,0.0,0.0,0.0,0.0,0.0,0.0,0.0,0.0,27.5,15.0,30.0,0.0,0.0,0.0,0.0,0.0,0.0,0.0,0.0,0.0,0.0,0.0,0.0,0.0,0.0,0.0,36.0,36.0,36.0,36.0,36.0,36.0,36.0,36.0,36.0,36.0,36.0,36.0,36.0,36.0,36.0,0.0,0.0,0.0,0.0,0.0,0.0,0.0,0.0,0.0,0.0,0.0,0.0,0.0,0.0,0.0
2020-01-15 07:30:00,15.57,14.7,15.05,16.23,17.96,17.16,17.01,16.24,16.82,20.25,19.85,16.66,16.56,16.01,20.2,-4.37,0.0,0.0,0.0,0.0,0.0,0.0,0.0,0.0,0.0,0.0,0.0,0.0,0.0,0.0,0.0,0.0,27.5,15.0,30.0,0.0,0.0,0.0,0.0,0.0,0.0,0.0,0.0,0.0,0.0,0.0,0.0,0.0,0.0,0.0,36.0,36.0,36.0,36.0,36.0,36.0,36.0,36.0,36.0,36.0,36.0,36.0,36.0,36.0,36.0,0.0,0.0,0.0,0.0,0.0,0.0,0.0,0.0,0.0,0.0,0.0,0.0,0.0,0.0,0.0
2020-01-15 07:45:00,15.45,14.57,14.93,16.11,17.87,17.05,16.9,16.12,16.71,20.21,19.79,16.54,16.43,15.9,20.14,-4.42,0.0,0.0,0.0,0.0,0.0,0.0,0.0,0.0,0.0,0.0,0.0,0.0,0.0,0.0,0.0,0.0,27.5,15.0,30.0,0.0,0.0,0.0,0.0,0.0,0.0,0.0,0.0,0.0,0.0,0.0,0.0,0.0,0.0,0.0,36.0,36.0,36.0,36.0,36.0,36.0,36.0,36.0,36.0,36.0,36.0,36.0,36.0,36.0,36.0,0.0,0.0,0.0,0.0,0.0,0.0,0.0,0.0,0.0,0.0,0.0,0.0,0.0,0.0,0.0
2020-01-15 08:00:00,15.35,14.46,14.83,16.03,17.78,16.95,16.81,16.02,16.64,20.16,19.73,16.44,16.33,15.83,20.09,-4.34,0.0,0.0,0.0,0.0,0.0,0.0,0.0,0.0,0.0,0.0,0.0,0.0,0.0,0.0,0.0,0.0,27.5,15.0,30.0,0.0,0.0,0.0,0.0,0.0,0.0,0.0,0.0,0.0,0.0,0.0,0.0,0.0,0.0,0.0,36.0,36.0,36.0,36.0,36.0,36.0,36.0,36.0,36.0,36.0,36.0,36.0,36.0,36.0,36.0,0.0,0.0,0.0,0.0,0.0,0.0,0.0,0.0,0.0,0.0,0.0,0.0,0.0,0.0,0.0
2020-01-15 08:15:00,15.27,15.61,14.89,15.97,17.71,16.86,16.74,15.96,16.58,20.13,19.69,16.37,16.27,15.77,20.05,-4.25,11.6,0.0,0.838,0.016,0.0,0.0,0.0,0.0,0.0,0.0,0.0,0.0,0.0,0.0,0.0,0.0,36.0,15.0,30.0,0.0,2895.93,38.41,0.0,0.0,0.0,0.0,0.0,0.0,0.0,0.0,0.0,0.0,0.0,0.0,36.0,24.41,17.15,36.0,36.0,36.0,36.0,36.0,36.0,36.0,36.0,36.0,36.0,36.0,36.0,0.0,0.059794,0.000488,0.0,0.0,0.0,0.0,0.0,0.0,0.0,0.0,0.0,0.0,0.0,0.0
2020-01-15 08:30:00,15.26,16.62,15.24,15.99,17.64,16.8,16.77,16.06,16.52,20.08,19.62,16.42,16.4,15.71,19.99,-4.17,85.2,0.0,0.838,0.016,0.0,0.0,0.0,0.0,0.0,0.0,0.0,0.0,0.0,0.0,0.0,0.0,36.0,15.0,30.0,0.0,2861.04,36.78,0.0,0.0,0.0,0.0,0.0,0.0,0.0,0.0,0.0,0.0,0.0,0.0,36.0,24.55,17.95,36.0,36.0,36.0,36.0,36.0,36.0,36.0,36.0,36.0,36.0,36.0,36.0,0.0,0.059794,0.000488,0.0,0.0,0.0,0.0,0.0,0.0,0.0,0.0,0.0,0.0,0.0,0.0
2020-01-15 08:45:00,15.26,17.06,15.61,16.04,17.62,16.77,16.91,16.36,16.48,20.03,19.56,16.6,16.77,15.69,19.92,-4.09,158.8,0.0,0.838,0.016,0.0,0.0,0.0,0.0,0.0,0.0,0.0,0.0,0.0,0.0,0.0,0.0,36.0,15.0,30.0,0.0,2756.92,34.98,0.0,0.0,0.0,0.0,0.0,0.0,0.0,0.0,0.0,0.0,0.0,0.0,36.0,24.97,18.83,36.0,36.0,36.0,36.0,36.0,36.0,36.0,36.0,36.0,36.0,36.0,36.0,0.0,0.059794,0.000488,0.0,0.0,0.0,0.0,0.0,0.0,0.0,0.0,0.0,0.0,0.0,0.0
2020-01-15 09:00:00,15.31,17.47,15.95,16.08,17.61,16.76,17.08,16.78,16.45,19.98,19.5,16.82,17.25,15.67,19.86,-3.71,232.5,0.0,0.838,0.016,0.0,0.0,0.0,0.0,0.0,0.0,0.0,0.0,0.0,0.0,0.0,0.0,36.0,15.0,30.0,0.0,2677.4,33.27,0.0,0.0,0.0,0.0,0.0,0.0,0.0,0.0,0.0,0.0,0.0,0.0,36.0,25.29,19.67,36.0,36.0,36.0,36.0,36.0,36.0,36.0,36.0,36.0,36.0,36.0,36.0,0.0,0.059794,0.000488,0.0,0.0,0.0,0.0,0.0,0.0,0.0,0.0,0.0,0.0,0.0,0.0
2020-01-15 09:15:00,15.38,16.49,16.02,16.1,17.62,16.76,17.25,17.23,16.44,19.94,19.45,17.02,17.75,15.67,19.81,-3.34,306.1,0.0,0.0,0.0,0.0,0.0,0.0,0.0,0.0,0.0,0.0,0.0,0.0,0.0,0.0,0.0,25.2,15.0,30.0,0.0,0.0,0.0,0.0,0.0,0.0,0.0,0.0,0.0,0.0,0.0,0.0,0.0,0.0,0.0,36.0,36.0,36.0,36.0,36.0,36.0,36.0,36.0,36.0,36.0,36.0,36.0,36.0,36.0,36.0,0.0,0.0,0.0,0.0,0.0,0.0,0.0,0.0,0.0,0.0,0.0,0.0,0.0,0.0,0.0
2020-01-15 09:30:00,15.33,16.24,16.08,16.08,17.61,16.76,17.44,17.81,16.42,19.89,19.38,17.23,18.38,15.66,19.75,-2.97,327.2,0.0,0.0,0.0,0.0,0.0,0.0,0.0,0.0,0.0,0.0,0.0,0.0,0.0,0.0,0.0,25.2,15.0,30.0,0.0,0.0,0.0,0.0,0.0,0.0,0.0,0.0,0.0,0.0,0.0,0.0,0.0,0.0,0.0,36.0,36.0,36.0,36.0,36.0,36.0,36.0,36.0,36.0,36.0,36.0,36.0,36.0,36.0,36.0,0.0,0.0,0.0,0.0,0.0,0.0,0.0,0.0,0.0,0.0,0.0,0.0,0.0,0.0,0.0
2020-01-15 09:45:00,15.4,16.26,16.31,16.09,17.59,16.77,17.57,18.36,16.41,19.85,19.32,17.36,18.98,15.66,19.69,-2.6,348.4,0.0,0.0,0.0,0.0,0.0,0.0,0.0,0.0,0.0,0.0,0.0,0.0,0.0,0.0,0.0,25.2,15.0,30.0,0.0,0.0,0.0,0.0,0.0,0.0,0.0,0.0,0.0,0.0,0.0,0.0,0.0,0.0,0.0,36.0,36.0,36.0,36.0,36.0,36.0,36.0,36.0,36.0,36.0,36.0,36.0,36.0,36.0,36.0,0.0,0.0,0.0,0.0,0.0,0.0,0.0,0.0,0.0,0.0,0.0,0.0,0.0,0.0,0.0
2020-01-15 10:00:00,15.48,16.3,16.56,16.11,17.57,16.78,17.68,18.95,16.4,19.8,19.27,17.46,19.6,15.67,19.64,-2.28,369.5,0.0,0.0,0.0,0.0,0.0,0.0,0.0,0.0,0.0,0.0,0.0,0.0,0.0,0.0,0.0,25.2,15.0,30.0,0.0,0.0,0.0,0.0,0.0,0.0,0.0,0.0,0.0,0.0,0.0,0.0,0.0,0.0,0.0,36.0,36.0,36.0,36.0,36.0,36.0,36.0,36.0,36.0,36.0,36.0,36.0,36.0,36.0,36.0,0.0,0.0,0.0,0.0,0.0,0.0,0.0,0.0,0.0,0.0,0.0,0.0,0.0,0.0,0.0
2020-01-15 10:15:00,15.57,16.31,16.77,16.16,17.55,16.79,17.75,19.52,16.39,19.76,19.21,17.52,20.2,15.68,19.59,-1.97,390.7,0.0,0.0,0.0,0.0,0.0,0.0,0.0,0.0,0.0,0.0,0.0,0.0,0.0,0.0,0.0,25.2,15.0,30.0,0.0,0.0,0.0,0.0,0.0,0.0,0.0,0.0,0.0,0.0,0.0,0.0,0.0,0.0,0.0,36.0,36.0,36.0,36.0,36.0,36.0,36.0,36.0,36.0,36.0,36.0,36.0,36.0,36.0,36.0,0.0,0.0,0.0,0.0,0.0,0.0,0.0,0.0,0.0,0.0,0.0,0.0,0.0,0.0,0.0
2020-01-15 10:30:00,15.67,16.3,16.94,16.21,17.53,16.79,17.78,20.14,16.38,19.71,19.16,17.54,20.85,15.7,19.53,-1.66,400.3,0.0,0.0,0.0,0.0,0.0,0.0,0.0,0.0,0.0,0.0,0.0,0.0,0.0,0.0,0.0,25.2,15.0,30.0,0.0,0.0,0.0,0.0,0.0,0.0,0.0,0.0,0.0,0.0,0.0,0.0,0.0,0.0,0.0,36.0,36.0,36.0,36.0,36.0,36.0,36.0,36.0,36.0,36.0,36.0,36.0,36.0,36.0,36.0,0.0,0.0,0.0,0.0,0.0,0.0,0.0,0.0,0.0,0.0,0.0,0.0,0.0,0.0,0.0
2020-01-15 10:45:00,15.74,16.26,17.07,16.26,17.5,16.78,17.77,20.71,16.38,19.67,19.1,17.52,21.44,15.71,19.47,-1.35,410.0,0.0,0.0,0.0,0.0,0.0,0.0,0.0,0.0,0.0,0.0,0.0,0.0,0.0,0.0,0.0,25.2,15.0,30.0,0.0,0.0,0.0,0.0,0.0,0.0,0.0,0.0,0.0,0.0,0.0,0.0,0.0,0.0,0.0,36.0,36.0,36.0,36.0,36.0,36.0,36.0,36.0,36.0,36.0,36.0,36.0,36.0,36.0,36.0,0.0,0.0,0.0,0.0,0.0,0.0,0.0,0.0,0.0,0.0,0.0,0.0,0.0,0.0,0.0
2020-01-15 11:00:00,15.8,16.22,17.2,16.3,17.47,16.75,17.72,21.27,16.38,19.62,19.04,17.46,22.02,15.72,19.42,-1.1,419.7,0.0,0.0,0.0,0.0,0.0,0.0,0.0,0.0,0.0,0.0,0.0,0.0,0.0,0.0,0.0,25.2,15.0,30.0,0.0,0.0,0.0,0.0,0.0,0.0,0.0,0.0,0.0,0.0,0.0,0.0,0.0,0.0,0.0,36.0,36.0,36.0,36.0,36.0,36.0,36.0,36.0,36.0,36.0,36.0,36.0,36.0,36.0,36.0,0.0,0.0,0.0,0.0,0.0,0.0,0.0,0.0,0.0,0.0,0.0,0.0,0.0,0.0,0.0
2020-01-15 11:15:00,15.86,16.16,17.33,16.36,17.44,16.72,17.64,21.82,16.38,19.58,18.98,17.38,22.59,15.73,19.37,-0.86,429.4,0.0,0.0,0.0,0.0,0.0,0.0,0.0,0.0,0.0,0.0,0.0,0.0,0.0,0.0,0.0,25.2,15.0,30.0,0.0,0.0,0.0,0.0,0.0,0.0,0.0,0.0,0.0,0.0,0.0,0.0,0.0,0.0,0.0,36.0,36.0,36.0,36.0,36.0,36.0,36.0,36.0,36.0,36.0,36.0,36.0,36.0,36.0,36.0,0.0,0.0,0.0,0.0,0.0,0.0,0.0,0.0,0.0,0.0,0.0,0.0,0.0,0.0,0.0
2020-01-15 11:30:00,15.93,16.11,17.45,16.41,17.41,16.68,17.57,22.37,16.38,19.53,18.93,17.3,23.15,15.75,19.31,-0.62,441.6,0.0,0.0,0.0,0.0,0.0,0.0,0.0,0.0,0.0,0.0,0.0,0.0,0.0,0.0,0.0,25.2,15.0,30.0,0.0,0.0,0.0,0.0,0.0,0.0,0.0,0.0,0.0,0.0,0.0,0.0,0.0,0.0,0.0,36.0,36.0,36.0,36.0,36.0,36.0,36.0,36.0,36.0,36.0,36.0,36.0,36.0,36.0,36.0,0.0,0.0,0.0,0.0,0.0,0.0,0.0,0.0,0.0,0.0,0.0,0.0,0.0,0.0,0.0
2020-01-15 11:45:00,16.0,16.1,17.58,16.48,17.38,16.65,17.51,22.91,16.39,19.49,18.87,17.23,23.71,15.76,19.26,-0.37,453.9,0.0,0.0,0.0,0.0,0.0,0.0,0.0,0.0,0.0,0.0,0.0,0.0,0.0,0.0,0.0,25.2,15.0,30.0,0.0,0.0,0.0,0.0,0.0,0.0,0.0,0.0,0.0,0.0,0.0,0.0,0.0,0.0,0.0,36.0,36.0,36.0,36.0,36.0,36.0,36.0,36.0,36.0,36.0,36.0,36.0,36.0,36.0,36.0,0.0,0.0,0.0,0.0,0.0,0.0,0.0,0.0,0.0,0.0,0.0,0.0,0.0,0.0,0.0
2020-01-15 12:00:00,16.08,16.12,17.71,16.57,17.35,16.62,17.47,23.44,16.41,19.44,18.82,17.19,24.25,15.8,19.21,-0.18,466.2,0.0,0.0,0.0,0.0,0.0,0.0,0.0,0.0,0.0,0.0,0.0,0.0,0.0,0.0,0.0,25.2,15.0,30.0,0.0,0.0,0.0,0.0,0.0,0.0,0.0,0.0,0.0,0.0,0.0,0.0,0.0,0.0,0.0,36.0,36.0,36.0,36.0,36.0,36.0,36.0,36.0,36.0,36.0,36.0,36.0,36.0,36.0,36.0,0.0,0.0,0.0,0.0,0.0,0.0,0.0,0.0,0.0,0.0,0.0,0.0,0.0,0.0,0.0
2020-01-15 12:15:00,16.17,16.15,17.85,16.7,17.34,16.62,17.45,23.96,16.47,19.4,18.76,17.16,24.77,15.88,19.15,0.01,478.4,0.0,0.0,0.0,0.0,0.0,0.0,0.0,0.0,0.0,0.0,0.0,0.0,0.0,0.0,0.0,25.2,15.0,30.0,0.0,0.0,0.0,0.0,0.0,0.0,0.0,0.0,0.0,0.0,0.0,0.0,0.0,0.0,0.0,36.0,36.0,36.0,36.0,36.0,36.0,36.0,36.0,36.0,36.0,36.0,36.0,36.0,36.0,36.0,0.0,0.0,0.0,0.0,0.0,0.0,0.0,0.0,0.0,0.0,0.0,0.0,0.0,0.0,0.0
2020-01-15 12:30:00,16.3,16.18,18.05,16.89,17.34,16.64,17.42,24.54,16.57,19.35,18.71,17.14,25.36,15.99,19.1,0.2,518.2,0.0,0.0,0.0,0.0,0.0,0.0,0.0,0.0,0.0,0.0,0.0,0.0,0.0,0.0,0.0,25.2,15.0,30.0,0.0,0.0,0.0,0.0,0.0,0.0,0.0,0.0,0.0,0.0,0.0,0.0,0.0,0.0,0.0,36.0,36.0,36.0,36.0,36.0,36.0,36.0,36.0,36.0,36.0,36.0,36.0,36.0,36.0,36.0,0.0,0.0,0.0,0.0,0.0,0.0,0.0,0.0,0.0,0.0,0.0,0.0,0.0,0.0,0.0
2020-01-15 12:45:00,16.45,16.24,18.3,17.13,17.35,16.67,17.4,25.12,16.69,19.31,18.66,17.12,25.94,16.14,19.05,0.39,557.9,0.0,0.0,0.0,0.0,0.0,0.0,0.0,0.0,0.0,0.0,0.0,0.0,0.0,0.0,0.0,25.2,15.0,30.0,0.0,0.0,0.0,0.0,0.0,0.0,0.0,0.0,0.0,0.0,0.0,0.0,0.0,0.0,0.0,36.0,36.0,36.0,36.0,36.0,36.0,36.0,36.0,36.0,36.0,36.0,36.0,36.0,36.0,36.0,0.0,0.0,0.0,0.0,0.0,0.0,0.0,0.0,0.0,0.0,0.0,0.0,0.0,0.0,0.0
2020-01-15 13:00:00,16.62,16.31,18.53,17.45,17.38,16.72,17.36,25.81,16.87,19.27,18.6,17.09,26.64,16.36,19.0,0.53,597.7,0.0,0.0,0.0,0.0,0.0,0.0,0.0,0.0,0.0,0.0,0.0,0.0,0.0,0.0,0.0,25.2,15.0,30.0,0.0,0.0,0.0,0.0,0.0,0.0,0.0,0.0,0.0,0.0,0.0,0.0,0.0,0.0,0.0,36.0,36.0,36.0,36.0,36.0,36.0,36.0,36.0,36.0,36.0,36.0,36.0,36.0,36.0,36.0,0.0,0.0,0.0,0.0,0.0,0.0,0.0,0.0,0.0,0.0,0.0,0.0,0.0,0.0,0.0
2020-01-15 13:15:00,16.77,16.38,18.8,17.83,17.43,16.79,17.34,26.51,17.13,19.22,18.55,17.08,27.37,16.66,18.95,0.66,637.4,0.0,0.0,0.0,0.0,0.0,0.0,0.0,0.0,0.0,0.0,0.0,0.0,0.0,0.0,0.0,25.2,15.0,30.0,0.0,0.0,0.0,0.0,0.0,0.0,0.0,0.0,0.0,0.0,0.0,0.0,0.0,0.0,0.0,36.0,36.0,36.0,36.0,36.0,36.0,36.0,36.0,36.0,36.0,36.0,36.0,36.0,36.0,36.0,0.0,0.0,0.0,0.0,0.0,0.0,0.0,0.0,0.0,0.0,0.0,0.0,0.0,0.0,0.0
2020-01-15 13:30:00,16.89,16.44,18.96,18.21,17.5,16.85,17.31,27.12,17.45,19.18,18.49,17.06,27.95,17.02,18.89,0.79,629.5,0.0,0.0,0.0,0.0,0.0,0.0,0.0,0.0,0.0,0.0,0.0,0.0,0.0,0.0,0.0,25.2,15.0,30.0,0.0,0.0,0.0,0.0,0.0,0.0,0.0,0.0,0.0,0.0,0.0,0.0,0.0,0.0,0.0,36.0,36.0,36.0,36.0,36.0,36.0,36.0,36.0,36.0,36.0,36.0,36.0,36.0,36.0,36.0,0.0,0.0,0.0,0.0,0.0,0.0,0.0,0.0,0.0,0.0,0.0,0.0,0.0,0.0,0.0
2020-01-15 13:45:00,16.98,16.48,19.09,18.57,17.53,16.92,17.29,27.64,17.81,19.13,18.44,17.03,28.44,17.4,18.84,0.93,621.6,0.0,0.0,0.0,0.0,0.0,0.0,0.0,0.0,0.0,0.0,0.0,0.0,0.0,0.0,0.0,25.2,15.0,30.0,0.0,0.0,0.0,0.0,0.0,0.0,0.0,0.0,0.0,0.0,0.0,0.0,0.0,0.0,0.0,36.0,36.0,36.0,36.0,36.0,36.0,36.0,36.0,36.0,36.0,36.0,36.0,36.0,36.0,36.0,0.0,0.0,0.0,0.0,0.0,0.0,0.0,0.0,0.0,0.0,0.0,0.0,0.0,0.0,0.0
2020-01-15 14:00:00,17.06,16.49,19.19,18.93,17.58,17.06,17.26,28.04,18.15,19.09,18.39,16.99,28.8,17.77,18.79,0.95,613.8,0.0,0.0,0.0,0.0,0.0,0.0,0.0,0.0,0.0,0.0,0.0,0.0,0.0,0.0,0.0,25.2,15.0,30.0,0.0,0.0,0.0,0.0,0.0,0.0,0.0,0.0,0.0,0.0,0.0,0.0,0.0,0.0,0.0,36.0,36.0,36.0,36.0,36.0,36.0,36.0,36.0,36.0,36.0,36.0,36.0,36.0,36.0,36.0,0.0,0.0,0.0,0.0,0.0,0.0,0.0,0.0,0.0,0.0,0.0,0.0,0.0,0.0,0.0
2020-01-15 14:15:00,17.11,16.5,19.25,19.3,17.66,17.2,17.22,28.37,18.5,19.05,18.33,16.95,29.07,18.15,18.74,0.97,605.9,0.0,0.0,0.0,0.0,0.0,0.0,0.0,0.0,0.0,0.0,0.0,0.0,0.0,0.0,0.0,25.2,15.0,30.0,0.0,0.0,0.0,0.0,0.0,0.0,0.0,0.0,0.0,0.0,0.0,0.0,0.0,0.0,0.0,36.0,36.0,36.0,36.0,36.0,36.0,36.0,36.0,36.0,36.0,36.0,36.0,36.0,36.0,36.0,0.0,0.0,0.0,0.0,0.0,0.0,0.0,0.0,0.0,0.0,0.0,0.0,0.0,0.0,0.0
2020-01-15 14:30:00,17.13,16.48,19.27,19.67,17.75,17.34,17.2,28.62,18.85,19.0,18.28,16.92,29.26,18.52,18.69,0.99,595.6,0.0,0.0,0.0,0.0,0.0,0.0,0.0,0.0,0.0,0.0,0.0,0.0,0.0,0.0,0.0,25.2,15.0,30.0,0.0,0.0,0.0,0.0,0.0,0.0,0.0,0.0,0.0,0.0,0.0,0.0,0.0,0.0,0.0,36.0,36.0,36.0,36.0,36.0,36.0,36.0,36.0,36.0,36.0,36.0,36.0,36.0,36.0,36.0,0.0,0.0,0.0,0.0,0.0,0.0,0.0,0.0,0.0,0.0,0.0,0.0,0.0,0.0,0.0
2020-01-15 14:45:00,17.15,16.46,19.29,20.02,17.85,17.47,17.17,28.81,19.2,18.96,18.23,16.89,29.37,18.9,18.64,1.01,585.3,0.0,0.0,0.0,0.0,0.0,0.0,0.0,0.0,0.0,0.0,0.0,0.0,0.0,0.0,0.0,25.2,15.0,30.0,0.0,0.0,0.0,0.0,0.0,0.0,0.0,0.0,0.0,0.0,0.0,0.0,0.0,0.0,0.0,36.0,36.0,36.0,36.0,36.0,36.0,36.0,36.0,36.0,36.0,36.0,36.0,36.0,36.0,36.0,0.0,0.0,0.0,0.0,0.0,0.0,0.0,0.0,0.0,0.0,0.0,0.0,0.0,0.0,0.0
2020-01-15 15:00:00,17.16,16.42,19.29,20.34,17.94,17.6,17.13,28.9,19.52,18.91,18.18,16.85,29.39,19.24,18.59,0.93,575.0,0.0,0.0,0.0,0.0,0.0,0.0,0.0,0.0,0.0,0.0,0.0,0.0,0.0,0.0,0.0,25.2,15.0,30.0,0.0,0.0,0.0,0.0,0.0,0.0,0.0,0.0,0.0,0.0,0.0,0.0,0.0,0.0,0.0,36.0,36.0,36.0,36.0,36.0,36.0,36.0,36.0,36.0,36.0,36.0,36.0,36.0,36.0,36.0,0.0,0.0,0.0,0.0,0.0,0.0,0.0,0.0,0.0,0.0,0.0,0.0,0.0,0.0,0.0
2020-01-15 15:15:00,17.16,16.37,19.28,20.64,18.04,17.72,17.09,28.9,19.84,18.87,18.12,16.81,29.31,19.57,18.54,0.85,564.7,0.0,0.0,0.0,0.0,0.0,0.0,0.0,0.0,0.0,0.0,0.0,0.0,0.0,0.0,0.0,25.2,15.0,30.0,0.0,0.0,0.0,0.0,0.0,0.0,0.0,0.0,0.0,0.0,0.0,0.0,0.0,0.0,0.0,36.0,36.0,36.0,36.0,36.0,36.0,36.0,36.0,36.0,36.0,36.0,36.0,36.0,36.0,36.0,0.0,0.0,0.0,0.0,0.0,0.0,0.0,0.0,0.0,0.0,0.0,0.0,0.0,0.0,0.0
2020-01-15 15:30:00,17.12,16.29,19.12,20.62,18.11,17.81,17.05,28.63,20.01,18.83,18.07,16.77,28.94,19.74,18.49,0.77,452.8,0.0,0.0,0.0,0.0,0.0,0.0,0.0,0.0,0.0,0.0,0.0,0.0,0.0,0.0,0.0,25.2,15.0,30.0,0.0,0.0,0.0,0.0,0.0,0.0,0.0,0.0,0.0,0.0,0.0,0.0,0.0,0.0,0.0,36.0,36.0,36.0,36.0,36.0,36.0,36.0,36.0,36.0,36.0,36.0,36.0,36.0,36.0,36.0,0.0,0.0,0.0,0.0,0.0,0.0,0.0,0.0,0.0,0.0,0.0,0.0,0.0,0.0,0.0
2020-01-15 15:45:00,16.99,16.15,18.86,20.4,18.12,17.83,16.97,28.18,20.05,18.78,18.02,16.69,28.41,19.77,18.44,0.68,341.0,0.0,0.0,0.0,0.0,0.0,0.0,0.0,0.0,0.0,0.0,0.0,0.0,0.0,0.0,0.0,25.2,15.0,30.0,0.0,0.0,0.0,0.0,0.0,0.0,0.0,0.0,0.0,0.0,0.0,0.0,0.0,0.0,0.0,36.0,36.0,36.0,36.0,36.0,36.0,36.0,36.0,36.0,36.0,36.0,36.0,36.0,36.0,36.0,0.0,0.0,0.0,0.0,0.0,0.0,0.0,0.0,0.0,0.0,0.0,0.0,0.0,0.0,0.0
2020-01-15 16:00:00,16.81,15.98,18.54,20.06,18.1,17.79,16.91,27.7,19.96,18.74,17.97,16.61,27.84,19.65,18.39,0.43,229.2,0.0,0.0,0.0,0.0,0.0,0.0,0.0,0.0,0.0,0.0,0.0,0.0,0.0,0.0,0.0,25.2,15.0,30.0,0.0,0.0,0.0,0.0,0.0,0.0,0.0,0.0,0.0,0.0,0.0,0.0,0.0,0.0,0.0,36.0,36.0,36.0,36.0,36.0,36.0,36.0,36.0,36.0,36.0,36.0,36.0,36.0,36.0,36.0,0.0,0.0,0.0,0.0,0.0,0.0,0.0,0.0,0.0,0.0,0.0,0.0,0.0,0.0,0.0
2020-01-15 16:15:00,16.58,15.78,18.16,19.61,18.02,17.68,16.82,27.19,19.74,18.7,17.92,16.51,27.24,19.4,18.35,0.18,117.3,0.0,0.0,0.0,0.0,0.0,0.0,0.0,0.0,0.0,0.0,0.0,0.0,0.0,0.0,0.0,25.2,15.0,30.0,0.0,0.0,0.0,0.0,0.0,0.0,0.0,0.0,0.0,0.0,0.0,0.0,0.0,0.0,0.0,36.0,36.0,36.0,36.0,36.0,36.0,36.0,36.0,36.0,36.0,36.0,36.0,36.0,36.0,36.0,0.0,0.0,0.0,0.0,0.0,0.0,0.0,0.0,0.0,0.0,0.0,0.0,0.0,0.0,0.0
2020-01-15 16:30:00,16.3,15.56,17.82,19.18,17.9,17.53,16.71,26.62,19.46,18.66,17.87,16.39,26.58,19.12,18.3,-0.07,88.0,0.0,0.0,0.0,0.0,0.0,0.0,0.0,0.0,0.0,0.0,0.0,0.0,0.0,0.0,0.0,25.2,15.0,30.0,0.0,0.0,0.0,0.0,0.0,0.0,0.0,0.0,0.0,0.0,0.0,0.0,0.0,0.0,0.0,36.0,36.0,36.0,36.0,36.0,36.0,36.0,36.0,36.0,36.0,36.0,36.0,36.0,36.0,36.0,0.0,0.0,0.0,0.0,0.0,0.0,0.0,0.0,0.0,0.0,0.0,0.0,0.0,0.0,0.0
2020-01-15 16:45:00,16.04,15.34,17.43,18.74,17.77,17.35,16.59,26.01,19.12,18.61,17.82,16.25,25.85,18.71,18.25,-0.32,0.0,0.0,0.0,0.0,0.0,0.0,0.0,0.0,0.0,0.0,0.0,0.0,0.0,0.0,0.0,0.0,25.2,15.0,30.0,0.0,0.0,0.0,0.0,0.0,0.0,0.0,0.0,0.0,0.0,0.0,0.0,0.0,0.0,0.0,36.0,36.0,36.0,36.0,36.0,36.0,36.0,36.0,36.0,36.0,36.0,36.0,36.0,36.0,36.0,0.0,0.0,0.0,0.0,0.0,0.0,0.0,0.0,0.0,0.0,0.0,0.0,0.0,0.0,0.0
2020-01-15 17:00:00,15.84,15.15,17.15,18.44,17.63,17.16,16.46,25.46,18.83,18.57,17.77,16.11,25.24,18.35,18.2,-0.41,0.0,0.0,0.0,0.0,0.0,0.0,0.0,0.0,0.0,0.0,0.0,0.0,0.0,0.0,0.0,0.0,25.2,15.0,30.0,0.0,0.0,0.0,0.0,0.0,0.0,0.0,0.0,0.0,0.0,0.0,0.0,0.0,0.0,0.0,36.0,36.0,36.0,36.0,36.0,36.0,36.0,36.0,36.0,36.0,36.0,36.0,36.0,36.0,36.0,0.0,0.0,0.0,0.0,0.0,0.0,0.0,0.0,0.0,0.0,0.0,0.0,0.0,0.0,0.0
2020-01-15 17:15:00,15.68,14.99,16.9,18.2,17.5,17.0,16.34,24.98,18.58,18.53,17.72,15.97,24.7,18.05,18.15,-0.5,0.0,0.0,0.0,0.0,0.0,0.0,0.0,0.0,0.0,0.0,0.0,0.0,0.0,0.0,0.0,0.0,25.2,15.0,30.0,0.0,0.0,0.0,0.0,0.0,0.0,0.0,0.0,0.0,0.0,0.0,0.0,0.0,0.0,0.0,36.0,36.0,36.0,36.0,36.0,36.0,36.0,36.0,36.0,36.0,36.0,36.0,36.0,36.0,36.0,0.0,0.0,0.0,0.0,0.0,0.0,0.0,0.0,0.0,0.0,0.0,0.0,0.0,0.0,0.0
2020-01-15 17:30:00,15.54,14.84,16.69,18.0,17.38,16.84,16.22,24.57,18.37,18.48,17.67,15.83,24.25,17.81,18.1,-0.58,0.0,0.0,0.0,0.0,0.0,0.0,0.0,0.0,0.0,0.0,0.0,0.0,0.0,0.0,0.0,0.0,25.2,15.0,30.0,0.0,0.0,0.0,0.0,0.0,0.0,0.0,0.0,0.0,0.0,0.0,0.0,0.0,0.0,0.0,36.0,36.0,36.0,36.0,36.0,36.0,36.0,36.0,36.0,36.0,36.0,36.0,36.0,36.0,36.0,0.0,0.0,0.0,0.0,0.0,0.0,0.0,0.0,0.0,0.0,0.0,0.0,0.0,0.0,0.0
2020-01-15 17:45:00,15.41,14.7,16.49,17.82,17.26,16.69,16.11,24.18,18.16,18.44,17.62,15.71,23.83,17.58,18.05,-0.67,0.0,0.0,0.0,0.0,0.0,0.0,0.0,0.0,0.0,0.0,0.0,0.0,0.0,0.0,0.0,0.0,25.2,15.0,30.0,0.0,0.0,0.0,0.0,0.0,0.0,0.0,0.0,0.0,0.0,0.0,0.0,0.0,0.0,0.0,36.0,36.0,36.0,36.0,36.0,36.0,36.0,36.0,36.0,36.0,36.0,36.0,36.0,36.0,36.0,0.0,0.0,0.0,0.0,0.0,0.0,0.0,0.0,0.0,0.0,0.0,0.0,0.0,0.0,0.0
2020-01-15 18:00:00,15.28,14.55,16.28,17.63,17.15,16.54,15.98,23.79,17.95,18.4,17.57,15.57,23.41,17.35,18.01,-0.78,0.0,0.0,0.0,0.0,0.0,0.0,0.0,0.0,0.0,0.0,0.0,0.0,0.0,0.0,0.0,0.0,25.2,15.0,30.0,0.0,0.0,0.0,0.0,0.0,0.0,0.0,0.0,0.0,0.0,0.0,0.0,0.0,0.0,0.0,36.0,36.0,36.0,36.0,36.0,36.0,36.0,36.0,36.0,36.0,36.0,36.0,36.0,36.0,36.0,0.0,0.0,0.0,0.0,0.0,0.0,0.0,0.0,0.0,0.0,0.0,0.0,0.0,0.0,0.0
2020-01-15 18:15:00,15.18,15.37,16.26,17.45,17.03,16.39,15.89,23.46,17.75,18.36,17.53,15.46,23.07,17.13,17.97,-0.89,0.0,0.0,0.641,0.0,0.0,0.0,0.0,0.0,0.0,0.0,0.0,0.0,0.0,0.0,0.0,0.0,36.0,15.0,30.0,0.0,2528.45,0.0,0.0,0.0,0.0,0.0,0.0,0.0,0.0,0.0,0.0,0.0,0.0,0.0,36.0,22.79,36.0,36.0,36.0,36.0,36.0,36.0,36.0,36.0,36.0,36.0,36.0,36.0,36.0,0.0,0.045784,0.0,0.0,0.0,0.0,0.0,0.0,0.0,0.0,0.0,0.0,0.0,0.0,0.0
2020-01-15 18:30:00,15.16,16.08,16.28,17.3,16.91,16.24,15.76,23.08,17.53,18.31,17.47,15.33,22.66,16.89,17.91,-0.99,0.0,0.0,0.641,0.0,0.0,0.0,0.0,0.0,0.0,0.0,0.0,0.0,0.0,0.0,0.0,0.0,36.0,15.0,30.0,0.0,2580.27,0.0,0.0,0.0,0.0,0.0,0.0,0.0,0.0,0.0,0.0,0.0,0.0,0.0,36.0,22.52,36.0,36.0,36.0,36.0,36.0,36.0,36.0,36.0,36.0,36.0,36.0,36.0,36.0,0.0,0.045784,0.0,0.0,0.0,0.0,0.0,0.0,0.0,0.0,0.0,0.0,0.0,0.0,0.0
2020-01-15 18:45:00,15.11,16.16,16.18,17.14,16.8,16.1,15.64,22.73,17.33,18.27,17.42,15.2,22.28,16.67,17.87,-1.1,0.0,0.0,0.641,0.0,0.0,0.0,0.0,0.0,0.0,0.0,0.0,0.0,0.0,0.0,0.0,0.0,36.0,15.0,30.0,0.0,2562.17,0.0,0.0,0.0,0.0,0.0,0.0,0.0,0.0,0.0,0.0,0.0,0.0,0.0,36.0,22.61,36.0,36.0,36.0,36.0,36.0,36.0,36.0,36.0,36.0,36.0,36.0,36.0,36.0,0.0,0.045784,0.0,0.0,0.0,0.0,0.0,0.0,0.0,0.0,0.0,0.0,0.0,0.0,0.0
2020-01-15 19:00:00,15.03,16.18,16.04,16.99,16.72,16.01,15.53,22.4,17.15,18.22,17.37,15.08,21.95,16.47,17.81,-1.19,0.0,0.0,0.641,0.0,0.0,0.0,0.0,0.0,0.0,0.0,0.0,0.0,0.0,0.0,0.0,0.0,36.0,15.0,30.0,0.0,2503.67,0.0,0.0,0.0,0.0,0.0,0.0,0.0,0.0,0.0,0.0,0.0,0.0,0.0,36.0,22.92,36.0,36.0,36.0,36.0,36.0,36.0,36.0,36.0,36.0,36.0,36.0,36.0,36.0,0.0,0.045784,0.0,0.0,0.0,0.0,0.0,0.0,0.0,0.0,0.0,0.0,0.0,0.0,0.0
2020-01-15 19:15:00,14.87,14.94,15.77,16.84,16.63,15.87,15.46,22.18,17.03,18.19,17.34,15.0,21.71,16.34,17.78,-1.27,0.0,0.0,0.0,0.0,0.0,0.0,0.0,0.0,0.0,0.0,0.0,0.0,0.0,0.0,0.0,0.0,22.86,15.0,30.0,0.0,0.0,0.0,0.0,0.0,0.0,0.0,0.0,0.0,0.0,0.0,0.0,0.0,0.0,0.0,36.0,36.0,36.0,36.0,36.0,36.0,36.0,36.0,36.0,36.0,36.0,36.0,36.0,36.0,36.0,0.0,0.0,0.0,0.0,0.0,0.0,0.0,0.0,0.0,0.0,0.0,0.0,0.0,0.0,0.0
2020-01-15 19:30:00,14.68,14.39,15.49,16.61,16.54,15.79,15.31,21.83,16.83,18.14,17.27,14.83,21.36,16.13,17.72,-1.35,0.0,0.0,0.0,0.0,0.0,0.0,0.0,0.0,0.0,0.0,0.0,0.0,0.0,0.0,0.0,0.0,22.86,15.0,30.0,0.0,0.0,0.0,0.0,0.0,0.0,0.0,0.0,0.0,0.0,0.0,0.0,0.0,0.0,0.0,36.0,36.0,36.0,36.0,36.0,36.0,36.0,36.0,36.0,36.0,36.0,36.0,36.0,36.0,36.0,0.0,0.0,0.0,0.0,0.0,0.0,0.0,0.0,0.0,0.0,0.0,0.0,0.0,0.0,0.0
2020-01-15 19:45:00,14.59,14.23,15.33,16.5,16.44,15.64,15.24,21.58,16.73,18.1,17.23,14.76,21.1,16.04,17.68,-1.44,0.0,0.0,0.0,0.0,0.0,0.0,0.0,0.0,0.0,0.0,0.0,0.0,0.0,0.0,0.0,0.0,22.86,15.0,30.0,0.0,0.0,0.0,0.0,0.0,0.0,0.0,0.0,0.0,0.0,0.0,0.0,0.0,0.0,0.0,36.0,36.0,36.0,36.0,36.0,36.0,36.0,36.0,36.0,36.0,36.0,36.0,36.0,36.0,36.0,0.0,0.0,0.0,0.0,0.0,0.0,0.0,0.0,0.0,0.0,0.0,0.0,0.0,0.0,0.0
2020-01-15 20:00:00,14.47,14.08,15.19,16.36,16.39,15.6,15.15,21.34,16.59,18.06,17.18,14.65,20.86,15.89,17.63,-1.54,0.0,0.0,0.0,0.0,0.0,0.0,0.0,0.0,0.0,0.0,0.0,0.0,0.0,0.0,0.0,0.0,22.86,15.0,30.0,0.0,0.0,0.0,0.0,0.0,0.0,0.0,0.0,0.0,0.0,0.0,0.0,0.0,0.0,0.0,36.0,36.0,36.0,36.0,36.0,36.0,36.0,36.0,36.0,36.0,36.0,36.0,36.0,36.0,36.0,0.0,0.0,0.0,0.0,0.0,0.0,0.0,0.0,0.0,0.0,0.0,0.0,0.0,0.0,0.0
2020-01-15 20:15:00,15.07,15.27,15.29,16.27,16.31,15.56,15.08,21.16,16.5,18.03,17.15,14.92,20.67,15.79,17.6,-1.64,0.0,1.0,1.0,0.0,0.0,0.0,0.0,0.0,0.0,0.0,0.0,0.0,0.94,0.0,0.0,0.0,36.0,15.0,30.0,798.97,3410.04,0.0,0.0,0.0,0.0,0.0,0.0,0.0,0.0,0.0,3441.53,0.0,0.0,0.0,21.7,24.57,36.0,36.0,36.0,36.0,36.0,36.0,36.0,36.0,36.0,18.62,36.0,36.0,36.0,0.013364,0.071395,0.0,0.0,0.0,0.0,0.0,0.0,0.0,0.0,0.0,0.047373,0.0,0.0,0.0
2020-01-15 20:30:00,15.72,16.4,15.49,16.21,16.23,15.7,14.99,20.91,16.36,17.99,17.1,15.7,20.42,15.67,17.56,-1.74,0.0,1.0,1.0,0.0,0.0,0.0,0.0,0.0,0.0,0.0,0.0,0.0,0.94,0.0,0.0,0.0,36.0,15.0,30.0,811.11,3491.78,0.0,0.0,0.0,0.0,0.0,0.0,0.0,0.0,0.0,2999.45,0.0,0.0,0.0,21.48,24.3,36.0,36.0,36.0,36.0,36.0,36.0,36.0,36.0,36.0,20.85,36.0,36.0,36.0,0.013364,0.071395,0.0,0.0,0.0,0.0,0.0,0.0,0.0,0.0,0.0,0.047373,0.0,0.0,0.0
2020-01-15 20:45:00,15.9,16.62,15.59,16.16,16.15,15.91,14.91,20.68,16.23,17.95,17.05,16.43,20.19,15.57,17.51,-1.85,0.0,1.0,1.0,0.0,0.0,0.0,0.0,0.0,0.0,0.0,0.0,0.0,0.94,0.0,0.0,0.0,36.0,15.0,30.0,805.0,3453.28,0.0,0.0,0.0,0.0,0.0,0.0,0.0,0.0,0.0,2735.64,0.0,0.0,0.0,21.59,24.43,36.0,36.0,36.0,36.0,36.0,36.0,36.0,36.0,36.0,22.18,36.0,36.0,36.0,0.013364,0.071395,0.0,0.0,0.0,0.0,0.0,0.0,0.0,0.0,0.0,0.047373,0.0,0.0,0.0
2020-01-15 21:00:00,15.97,16.67,15.55,16.06,16.08,16.07,14.83,20.45,16.09,17.9,17.01,16.92,19.96,15.48,17.46,-1.93,0.0,1.0,1.0,0.0,0.0,0.0,0.0,0.0,0.0,0.0,0.0,0.0,0.94,0.0,0.0,0.0,36.0,15.0,30.0,802.58,3442.79,0.0,0.0,0.0,0.0,0.0,0.0,0.0,0.0,0.0,2564.84,0.0,0.0,0.0,21.63,24.46,36.0,36.0,36.0,36.0,36.0,36.0,36.0,36.0,36.0,23.05,36.0,36.0,36.0,0.013364,0.071395,0.0,0.0,0.0,0.0,0.0,0.0,0.0,0.0,0.0,0.047373,0.0,0.0,0.0
2020-01-15 21:15:00,14.99,14.93,15.12,15.94,16.06,16.1,14.92,20.26,15.98,17.87,16.97,16.88,19.77,15.42,17.43,-2.01,0.0,0.0,0.0,0.0,0.0,0.0,0.0,0.546,0.0,0.0,0.0,0.0,0.0,0.0,0.0,0.0,36.0,15.0,30.0,0.0,0.0,0.0,0.0,0.0,0.0,2033.53,0.0,0.0,0.0,0.0,0.0,0.0,0.0,0.0,36.0,36.0,36.0,36.0,36.0,36.0,17.27,36.0,36.0,36.0,36.0,36.0,36.0,36.0,36.0,0.0,0.0,0.0,0.0,0.0,0.0,0.025968,0.0,0.0,0.0,0.0,0.0,0.0,0.0,0.0
2020-01-15 21:30:00,14.56,14.22,14.74,15.72,16.08,15.98,15.31,20.03,15.85,17.82,16.91,16.51,19.54,15.31,17.38,-2.09,0.0,0.0,0.0,0.0,0.0,0.0,0.0,0.546,0.0,0.0,0.0,0.0,0.0,0.0,0.0,0.0,36.0,15.0,30.0,0.0,0.0,0.0,0.0,0.0,0.0,1882.55,0.0,0.0,0.0,0.0,0.0,0.0,0.0,0.0,36.0,36.0,36.0,36.0,36.0,36.0,18.66,36.0,36.0,36.0,36.0,36.0,36.0,36.0,36.0,0.0,0.0,0.0,0.0,0.0,0.0,0.025968,0.0,0.0,0.0,0.0,0.0,0.0,0.0,0.0
2020-01-15 21:45:00,14.4,13.96,14.58,15.58,16.16,15.78,15.67,19.81,15.73,17.78,16.87,16.15,19.33,15.15,17.33,-2.17,0.0,0.0,0.0,0.0,0.0,0.0,0.0,0.546,0.0,0.0,0.0,0.0,0.0,0.0,0.0,0.0,36.0,15.0,30.0,0.0,0.0,0.0,0.0,0.0,0.0,1785.7,0.0,0.0,0.0,0.0,0.0,0.0,0.0,0.0,36.0,36.0,36.0,36.0,36.0,36.0,19.55,36.0,36.0,36.0,36.0,36.0,36.0,36.0,36.0,0.0,0.0,0.0,0.0,0.0,0.0,0.025968,0.0,0.0,0.0,0.0,0.0,0.0,0.0,0.0
2020-01-15 22:00:00,14.26,13.77,14.43,15.46,16.2,15.6,15.93,19.62,15.67,17.74,16.82,15.82,19.13,15.05,17.29,-2.27,0.0,0.0,0.0,0.0,0.0,0.0,0.0,0.546,0.0,0.0,0.0,0.0,0.0,0.0,0.0,0.0,36.0,15.0,30.0,0.0,0.0,0.0,0.0,0.0,0.0,1718.44,0.0,0.0,0.0,0.0,0.0,0.0,0.0,0.0,36.0,36.0,36.0,36.0,36.0,36.0,20.17,36.0,36.0,36.0,36.0,36.0,36.0,36.0,36.0,0.0,0.0,0.0,0.0,0.0,0.0,0.025968,0.0,0.0,0.0,0.0,0.0,0.0,0.0,0.0
2020-01-15 22:15:00,15.05,15.05,15.44,15.48,16.2,15.46,15.9,19.46,15.6,17.7,16.78,15.6,18.98,14.94,17.25,-2.37,0.0,1.0,1.0,1.0,0.0,0.0,0.0,0.0,0.0,0.0,0.0,0.0,0.0,0.0,0.0,0.0,36.0,15.0,30.0,802.24,3450.76,1322.53,0.0,0.0,0.0,0.0,0.0,0.0,0.0,0.0,0.0,0.0,0.0,0.0,21.64,24.44,25.38,36.0,36.0,36.0,36.0,36.0,36.0,36.0,36.0,36.0,36.0,36.0,36.0,0.013364,0.071395,0.029804,0.0,0.0,0.0,0.0,0.0,0.0,0.0,0.0,0.0,0.0,0.0,0.0
2020-01-15 22:30:00,15.89,16.31,16.36,15.57,16.13,15.35,15.68,19.26,15.5,17.66,16.74,15.39,18.79,14.82,17.21,-2.47,0.0,1.0,1.0,1.0,0.0,0.0,0.0,0.0,0.0,0.0,0.0,0.0,0.0,0.0,0.0,0.0,36.0,15.0,30.0,811.17,3525.72,1362.41,0.0,0.0,0.0,0.0,0.0,0.0,0.0,0.0,0.0,0.0,0.0,0.0,21.48,24.19,25.06,36.0,36.0,36.0,36.0,36.0,36.0,36.0,36.0,36.0,36.0,36.0,36.0,0.013364,0.071395,0.029804,0.0,0.0,0.0,0.0,0.0,0.0,0.0,0.0,0.0,0.0,0.0,0.0
2020-01-15 22:45:00,16.17,16.59,16.48,15.61,16.05,15.27,15.4,19.05,15.38,17.61,16.68,15.18,18.59,14.71,17.15,-2.57,0.0,1.0,1.0,1.0,0.0,0.0,0.0,0.0,0.0,0.0,0.0,0.0,0.0,0.0,0.0,0.0,36.0,15.0,30.0,788.93,3361.62,1301.0,0.0,0.0,0.0,0.0,0.0,0.0,0.0,0.0,0.0,0.0,0.0,0.0,21.88,24.74,25.56,36.0,36.0,36.0,36.0,36.0,36.0,36.0,36.0,36.0,36.0,36.0,36.0,0.013364,0.071395,0.029804,0.0,0.0,0.0,0.0,0.0,0.0,0.0,0.0,0.0,0.0,0.0,0.0
2020-01-15 23:00:00,16.21,16.66,16.57,15.56,15.94,15.18,15.23,18.89,15.3,17.57,16.64,15.05,18.43,14.63,17.11,-2.67,0.0,1.0,1.0,1.0,0.0,0.0,0.0,0.0,0.0,0.0,0.0,0.0,0.0,0.0,0.0,0.0,36.0,15.0,30.0,785.22,3343.46,1299.03,0.0,0.0,0.0,0.0,0.0,0.0,0.0,0.0,0.0,0.0,0.0,0.0,21.94,24.8,25.57,36.0,36.0,36.0,36.0,36.0,36.0,36.0,36.0,36.0,36.0,36.0,36.0,0.013364,0.071395,0.029804,0.0,0.0,0.0,0.0,0.0,0.0,0.0,0.0,0.0,0.0,0.0,0.0
2020-01-15 23:15:00,15.08,14.86,15.15,15.39,15.86,15.18,15.13,18.78,15.23,17.55,16.61,14.96,18.32,14.9,17.08,-2.76,0.0,0.0,0.0,0.0,0.0,0.0,0.0,0.0,0.0,0.0,0.0,0.0,0.0,0.0,0.992,0.0,36.0,15.0,30.0,0.0,0.0,0.0,0.0,0.0,0.0,0.0,0.0,0.0,0.0,0.0,0.0,0.0,3441.97,0.0,36.0,36.0,36.0,36.0,36.0,36.0,36.0,36.0,36.0,36.0,36.0,36.0,36.0,18.67,36.0,0.0,0.0,0.0,0.0,0.0,0.0,0.0,0.0,0.0,0.0,0.0,0.0,0.0,0.047518,0.0
2020-01-15 23:30:00,14.55,14.12,14.55,15.13,15.77,15.27,15.0,18.62,15.13,17.5,16.56,14.86,18.17,15.72,17.04,-2.86,0.0,0.0,0.0,0.0,0.0,0.0,0.0,0.0,0.0,0.0,0.0,0.0,0.0,0.0,0.992,0.0,36.0,15.0,30.0,0.0,0.0,0.0,0.0,0.0,0.0,0.0,0.0,0.0,0.0,0.0,0.0,0.0,3000.73,0.0,36.0,36.0,36.0,36.0,36.0,36.0,36.0,36.0,36.0,36.0,36.0,36.0,36.0,20.89,36.0,0.0,0.0,0.0,0.0,0.0,0.0,0.0,0.0,0.0,0.0,0.0,0.0,0.0,0.047518,0.0
2020-01-15 23:45:00,14.38,13.9,14.39,15.03,15.7,15.5,14.91,18.47,15.05,17.46,16.52,14.8,18.03,16.44,17.0,-2.96,0.0,0.0,0.0,0.0,0.0,0.0,0.0,0.0,0.0,0.0,0.0,0.0,0.0,0.0,0.992,0.0,36.0,15.0,30.0,0.0,0.0,0.0,0.0,0.0,0.0,0.0,0.0,0.0,0.0,0.0,0.0,0.0,2737.23,0.0,36.0,36.0,36.0,36.0,36.0,36.0,36.0,36.0,36.0,36.0,36.0,36.0,36.0,22.22,36.0,0.0,0.0,0.0,0.0,0.0,0.0,0.0,0.0,0.0,0.0,0.0,0.0,0.0,0.047518,0.0
