time,T1,T2,T3,T4,T5,T_amb,irrad,u1,u2,u3,u4,u5
2020-01-03 00:00:00,19.74,19.67,19.98,19.9,19.84,1.87,0.0,0.511,0.194,0.221,0.388,0.328
2020-01-03 00:15:00,20.15,20.3,20.63,20.42,19.96,1.56,0.0,1.0,1.0,1.0,1.0,1.0
2020-01-03 00:30:00,20.43,20.85,21.05,20.81,20.22,1.24,0.0,1.0,1.0,1.0,1.0,1.0
2020-01-03 00:45:00,20.45,20.98,21.14,20.93,20.4,0.93,0.0,1.0,1.0,1.0,1.0,1.0
2020-01-03 01:00:00,20.47,21.06,21.24,21.02,20.46,0.88,0.0,1.0,1.0,1.0,1.0,1.0
2020-01-03 01:15:00,20.51,21.13,21.31,21.1,20.52,0.82,0.0,1.0,1.0,1.0,1.0,1.0
2020-01-03 01:30:00,20.54,21.19,21.38,21.18,20.57,0.77,0.0,1.0,1.0,1.0,1.0,1.0
2020-01-03 01:45:00,20.58,21.27,21.46,21.26,20.63,0.71,0.0,1.0,1.0,1.0,1.0,1.0
2020-01-03 02:00:00,20.63,21.37,21.54,21.36,20.7,0.65,0.0,1.0,1.0,1.0,1.0,1.0
2020-01-03 02:15:00,20.67,21.46,21.62,21.45,20.77,0.58,0.0,1.0,1.0,1.0,1.0,1.0
2020-01-03 02:30:00,20.72,21.56,21.7,21.54,20.84,0.52,0.0,1.0,1.0,1.0,1.0,1.0
2020-01-03 02:45:00,20.76,21.65,21.78,21.63,20.91,0.46,0.0,1.0,1.0,1.0,1.0,1.0
2020-01-03 03:00:00,20.82,21.75,21.86,21.72,20.98,0.44,0.0,1.0,1.0,1.0,1.0,1.0
2020-01-03 03:15:00,20.85,21.83,21.92,21.79,21.05,0.42,0.0,1.0,1.0,1.0,1.0,1.0
2020-01-03 03:30:00,20.89,21.9,21.98,21.86,21.11,0.39,0.0,1.0,1.0,1.0,1.0,1.0
2020-01-03 03:45:00,20.92,21.97,22.03,21.92,21.17,0.37,0.0,1.0,1.0,1.0,1.0,1.0
2020-01-03 04:00:00,20.95,22.03,22.08,21.98,21.22,0.34,0.0,1.0,1.0,1.0,1.0,1.0
2020-01-03 04:15:00,20.98,22.09,22.13,22.04,21.28,0.32,0.0,1.0,1.0,1.0,1.0,1.0
2020-01-03 04:30:00,21.01,22.15,22.18,22.1,21.33,0.29,0.0,1.0,1.0,1.0,1.0,1.0
2020-01-03 04:45:00,21.04,22.2,22.22,22.15,21.38,0.26,0.0,1.0,1.0,1.0,1.0,1.0
2020-01-03 05:00:00,21.07,22.25,22.25,22.2,21.42,0.23,0.0,1.0,1.0,1.0,1.0,1.0
2020-01-03 05:15:00,21.09,22.3,22.29,22.25,21.47,0.21,0.0,1.0,1.0,1.0,1.0,1.0
2020-01-03 05:30:00,21.11,22.34,22.32,22.29,21.51,0.19,0.0,1.0,1.0,1.0,1.0,1.0
2020-01-03 05:45:00,21.14,22.38,22.36,22.34,21.55,0.17,0.0,1.0,1.0,1.0,1.0,1.0
2020-01-03 06:00:00,21.16,22.43,22.39,22.38,21.59,0.15,0.0,1.0,1.0,1.0,1.0,1.0
2020-01-03 06:15:00,21.18,22.46,22.42,22.42,21.63,0.14,0.0,1.0,1.0,1.0,1.0,1.0
2020-01-03 06:30:00,21.2,22.5,22.45,22.46,21.67,0.12,0.0,1.0,1.0,1.0,1.0,1.0
2020-01-03 06:45:00,21.22,22.54,22.47,22.49,21.71,0.1,0.0,1.0,1.0,1.0,1.0,1.0
2020-01-03 07:00:00,21.24,22.57,22.5,22.53,21.74,0.1,0.0,1.0,1.0,1.0,1.0,1.0
2020-01-03 07:15:00,21.26,22.6,22.52,22.56,21.78,0.1,0.0,1.0,1.0,1.0,1.0,1.0
2020-01-03 07:30:00,21.28,22.63,22.54,22.59,21.81,0.09,0.0,1.0,1.0,1.0,1.0,1.0
2020-01-03 07:45:00,21.3,22.66,22.56,22.63,21.84,0.09,0.0,1.0,1.0,1.0,1.0,1.0
2020-01-03 08:00:00,21.32,22.69,22.58,22.66,21.87,0.12,0.0,1.0,1.0,1.0,1.0,1.0
2020-01-03 08:15:00,20.39,22.01,21.84,21.95,21.67,0.14,4.2,0.0,0.0,0.0,0.0,0.0
2020-01-03 08:30:00,20.06,21.81,21.42,21.38,21.32,0.17,112.7,0.0,0.0,0.0,0.0,0.0
2020-01-03 08:45:00,19.91,22.2,21.52,21.19,21.2,0.2,221.2,0.0,0.0,0.0,0.0,0.0
2020-01-03 09:00:00,19.95,22.73,21.76,21.12,21.21,0.63,329.7,0.047,0.0,0.0,0.0,0.0
2020-01-03 09:15:00,19.91,23.25,22.07,21.06,21.28,1.07,438.3,0.027,0.0,0.0,0.0,0.0
2020-01-03 09:30:00,19.9,23.55,22.34,20.98,21.35,1.5,457.3,0.045,0.0,0.0,0.0,0.0
2020-01-03 09:45:00,19.89,23.72,22.51,20.9,21.4,1.93,476.3,0.05,0.0,0.0,0.0,0.0
2020-01-03 10:00:00,19.86,23.82,22.69,20.82,21.43,2.3,495.3,0.056,0.0,0.0,0.0,0.0
2020-01-03 10:15:00,19.85,23.89,22.84,20.73,21.45,2.67,514.4,0.068,0.0,0.0,0.0,0.0
2020-01-03 10:30:00,19.83,23.97,23.03,20.64,21.45,3.04,538.8,0.077,0.0,0.0,0.0,0.0
2020-01-03 10:45:00,19.84,24.05,23.28,20.57,21.47,3.41,563.3,0.085,0.0,0.0,0.0,0.0
2020-01-03 11:00:00,19.84,24.12,23.56,20.54,21.5,3.72,587.7,0.082,0.0,0.0,0.0,0.0
2020-01-03 11:15:00,19.85,24.17,23.85,20.51,21.54,4.04,612.2,0.08,0.0,0.0,0.0,0.0
2020-01-03 11:30:00,19.86,24.18,24.14,20.48,21.58,4.35,629.1,0.075,0.0,0.0,0.0,0.0
2020-01-03 11:45:00,19.87,24.16,24.42,20.46,21.62,4.66,646.0,0.071,0.0,0.0,0.0,0.0
2020-01-03 12:00:00,19.86,24.09,24.7,20.42,21.65,4.91,663.0,0.067,0.0,0.0,0.0,0.0
2020-01-03 12:15:00,19.88,23.98,24.99,20.39,21.68,5.16,679.9,0.069,0.0,0.0,0.0,0.0
2020-01-03 12:30:00,19.87,23.81,25.2,20.37,21.71,5.41,672.2,0.062,0.0,0.0,0.0,0.0
2020-01-03 12:45:00,19.88,23.63,25.41,20.35,21.71,5.66,664.5,0.064,0.0,0.0,0.0,0.0
2020-01-03 13:00:00,19.86,23.43,25.59,20.32,21.72,5.69,656.9,0.059,0.0,0.0,0.0,0.0
2020-01-03 13:15:00,19.87,23.23,25.77,20.3,21.72,5.71,649.2,0.068,0.0,0.0,0.0,0.0
2020-01-03 13:30:00,19.86,23.04,25.95,20.28,21.73,5.74,650.5,0.064,0.0,0.0,0.0,0.0
2020-01-03 13:45:00,19.87,22.88,26.12,20.26,21.74,5.76,651.8,0.071,0.0,0.0,0.0,0.0
2020-01-03 14:00:00,19.86,22.74,26.28,20.29,21.75,5.79,653.0,0.067,0.0,0.0,0.0,0.0
2020-01-03 14:15:00,19.86,22.62,26.42,20.38,21.77,5.82,654.3,0.07,0.0,0.0,0.0,0.0
2020-01-03 14:30:00,19.85,22.5,26.46,20.47,21.8,5.85,614.1,0.068,0.0,0.0,0.0,0.0
2020-01-03 14:45:00,19.85,22.37,26.46,20.59,21.8,5.88,573.9,0.074,0.0,0.0,0.0,0.0
2020-01-03 15:00:00,19.82,22.23,26.41,20.69,21.8,5.9,533.8,0.073,0.0,0.0,0.0,0.0
2020-01-03 15:15:00,19.82,22.09,26.32,20.79,21.79,5.91,493.6,0.089,0.0,0.0,0.0,0.0
2020-01-03 15:30:00,19.79,21.97,26.01,20.8,21.75,5.93,371.7,0.09,0.0,0.0,0.0,0.0
2020-01-03 15:45:00,19.74,21.8,25.57,20.73,21.66,5.94,249.8,0.107,0.0,0.0,0.0,0.0
2020-01-03 16:00:00,19.67,21.62,25.02,20.53,21.54,5.69,128.0,0.128,0.0,0.0,0.0,0.0
2020-01-03 16:15:00,19.6,21.44,24.42,20.23,21.38,5.43,6.1,0.166,0.0,0.0,0.0,0.0
2020-01-03 16:30:00,19.53,21.24,24.0,19.97,21.2,5.17,0.0,0.199,0.0,0.0,0.0,0.0
2020-01-03 16:45:00,19.49,21.05,23.63,19.82,21.06,4.92,0.0,0.234,0.0,0.0,0.016,0.0
2020-01-03 17:00:00,19.45,20.88,23.28,19.76,20.94,4.82,0.0,0.255,0.0,0.0,0.092,0.0
2020-01-03 17:15:00,19.42,20.73,22.96,19.71,20.84,4.72,0.0,0.273,0.0,0.0,0.12,0.0
2020-01-03 17:30:00,19.39,20.56,22.65,19.64,20.75,4.62,0.0,0.291,0.0,0.0,0.144,0.0
2020-01-03 17:45:00,19.37,20.42,22.37,19.61,20.65,4.52,0.0,0.307,0.0,0.0,0.178,0.0
2020-01-03 18:00:00,19.35,20.27,22.12,19.61,20.57,4.42,0.0,0.316,0.0,0.0,0.196,0.0
2020-01-03 18:15:00,19.33,20.15,21.89,19.58,20.49,4.33,0.0,0.327,0.0,0.0,0.193,0.0
2020-01-03 18:30:00,19.29,20.05,21.71,19.57,20.41,4.23,0.0,0.335,0.0,0.0,0.21,0.0
2020-01-03 18:45:00,19.3,19.94,21.51,19.56,20.34,4.14,0.0,0.353,0.0,0.0,0.215,0.0
2020-01-03 19:00:00,19.29,19.89,21.33,19.55,20.28,4.03,0.0,0.349,0.028,0.0,0.221,0.0
2020-01-03 19:15:00,19.29,19.86,21.18,19.55,20.23,3.93,0.0,0.356,0.055,0.0,0.225,0.0
2020-01-03 19:30:00,19.29,19.83,21.03,19.55,20.18,3.82,0.0,0.355,0.069,0.0,0.227,0.0
2020-01-03 19:45:00,19.29,19.81,20.9,19.54,20.14,3.72,0.0,0.355,0.085,0.0,0.227,0.0
2020-01-03 20:00:00,19.27,19.78,20.77,19.53,20.1,3.63,0.0,0.354,0.093,0.0,0.228,0.0
2020-01-03 20:15:00,19.27,19.75,20.66,19.52,20.06,3.54,0.0,0.363,0.111,0.0,0.235,0.0
2020-01-03 20:30:00,19.26,19.73,20.54,19.51,20.02,3.44,0.0,0.365,0.123,0.0,0.238,0.0
2020-01-03 20:45:00,19.25,19.71,20.42,19.51,19.98,3.35,0.0,0.369,0.136,0.0,0.243,0.0
2020-01-03 21:00:00,19.24,19.68,20.3,19.5,19.95,3.26,0.0,0.373,0.146,0.0,0.246,0.008
2020-01-03 21:15:00,19.23,19.66,20.19,19.49,19.92,3.17,0.0,0.378,0.16,0.0,0.251,0.024
2020-01-03 21:30:00,19.22,19.64,20.08,19.48,19.89,3.08,0.0,0.383,0.169,0.0,0.256,0.04
2020-01-03 21:45:00,19.22,19.63,19.97,19.47,19.87,2.99,0.0,0.388,0.178,0.0,0.26,0.054
2020-01-03 22:00:00,19.21,19.62,19.89,19.47,19.84,2.89,0.0,0.392,0.187,0.016,0.265,0.066
2020-01-03 22:15:00,19.21,19.61,19.86,19.47,19.83,2.78,0.0,0.394,0.19,0.053,0.265,0.078
2020-01-03 22:30:00,19.2,19.6,19.82,19.46,19.81,2.68,0.0,0.397,0.195,0.068,0.267,0.087
2020-01-03 22:45:00,19.2,19.6,19.79,19.46,19.8,2.57,0.0,0.399,0.199,0.09,0.269,0.095
2020-01-03 23:00:00,19.19,19.58,19.76,19.45,19.78,2.47,0.0,0.401,0.202,0.104,0.27,0.102
2020-01-03 23:15:00,19.19,19.58,19.73,19.45,19.77,2.38,0.0,0.405,0.208,0.121,0.273,0.108
2020-01-03 23:30:00,19.18,19.57,19.71,19.44,19.76,2.28,0.0,0.407,0.212,0.134,0.275,0.114
2020-01-03 23:45:00,19.17,19.56,19.68,19.44,19.75,2.18,0.0,0.41,0.216,0.146,0.278,0.12
2020-01-04 00:00:00,19.17,19.55,19.66,19.44,19.74,2.06,0.0,0.413,0.22,0.158,0.28,0.125
2020-01-04 00:15:00,19.16,19.55,19.65,19.43,19.73,1.94,0.0,0.415,0.223,0.168,0.281,0.131
2020-01-04 00:30:00,19.16,19.54,19.64,19.43,19.72,1.82,0.0,0.418,0.226,0.175,0.283,0.135
2020-01-04 00:45:00,19.15,19.54,19.63,19.43,19.71,1.7,0.0,0.421,0.229,0.181,0.285,0.14
2020-01-04 01:00:00,19.14,19.53,19.61,19.42,19.7,1.55,0.0,0.423,0.232,0.187,0.287,0.144
2020-01-04 01:15:00,19.14,19.52,19.6,19.42,19.69,1.39,0.0,0.428,0.237,0.195,0.29,0.149
2020-01-04 01:30:00,19.13,19.51,19.59,19.41,19.68,1.24,0.0,0.431,0.24,0.201,0.292,0.153
2020-01-04 01:45:00,19.12,19.5,19.58,19.41,19.68,1.09,0.0,0.435,0.244,0.207,0.294,0.158
2020-01-04 02:00:00,19.11,19.49,19.56,19.39,19.67,0.95,0.0,0.439,0.248,0.212,0.297,0.162
2020-01-04 02:15:00,19.1,19.48,19.54,19.39,19.66,0.8,0.0,0.446,0.255,0.222,0.303,0.166
2020-01-04 02:30:00,19.09,19.46,19.53,19.38,19.65,0.65,0.0,0.45,0.261,0.229,0.307,0.17
2020-01-04 02:45:00,19.08,19.45,19.51,19.37,19.64,0.5,0.0,0.456,0.268,0.237,0.311,0.175
2020-01-04 03:00:00,19.07,19.44,19.5,19.36,19.63,0.43,0.0,0.462,0.274,0.245,0.316,0.179
2020-01-04 03:15:00,19.06,19.43,19.49,19.36,19.63,0.35,0.0,0.464,0.278,0.25,0.318,0.184
2020-01-04 03:30:00,19.06,19.42,19.48,19.35,19.62,0.28,0.0,0.468,0.283,0.257,0.321,0.187
2020-01-04 03:45:00,19.05,19.42,19.47,19.35,19.61,0.21,0.0,0.471,0.288,0.262,0.324,0.191
2020-01-04 04:00:00,19.03,19.4,19.45,19.33,19.61,0.14,0.0,0.477,0.292,0.265,0.327,0.194
2020-01-04 04:15:00,19.02,19.38,19.44,19.32,19.6,0.07,0.0,0.485,0.302,0.276,0.334,0.197
2020-01-04 04:30:00,19.0,19.37,19.42,19.31,19.59,0.0,0.0,0.491,0.31,0.281,0.338,0.202
2020-01-04 04:45:00,18.99,19.35,19.41,19.31,19.58,-0.07,0.0,0.499,0.317,0.288,0.343,0.206
2020-01-04 05:00:00,19.01,19.38,19.43,19.32,19.57,-0.15,0.0,0.505,0.324,0.295,0.347,0.21
2020-01-04 05:15:00,19.01,19.39,19.43,19.33,19.57,-0.23,0.0,0.495,0.311,0.285,0.339,0.214
2020-01-04 05:30:00,19.03,19.4,19.44,19.34,19.57,-0.31,0.0,0.494,0.306,0.287,0.336,0.213
2020-01-04 05:45:00,19.04,19.42,19.45,19.35,19.57,-0.39,0.0,0.486,0.298,0.28,0.33,0.213
2020-01-04 06:00:00,19.04,19.42,19.44,19.35,19.58,-0.44,0.0,0.479,0.288,0.276,0.323,0.213
2020-01-04 06:15:00,19.05,19.43,19.45,19.36,19.57,-0.48,0.0,0.479,0.289,0.278,0.323,0.212
2020-01-04 06:30:00,19.05,19.43,19.45,19.36,19.57,-0.53,0.0,0.475,0.287,0.276,0.32,0.214
2020-01-04 06:45:00,19.04,19.43,19.47,19.37,19.57,-0.57,0.0,0.474,0.285,0.276,0.318,0.214
2020-01-04 07:00:00,19.05,19.43,19.45,19.37,19.57,-0.62,0.0,0.478,0.284,0.266,0.315,0.215
2020-01-04 07:15:00,19.05,19.43,19.45,19.37,19.56,-0.67,0.0,0.476,0.286,0.276,0.317,0.217
2020-01-04 07:30:00,19.04,19.41,19.45,19.38,19.56,-0.72,0.0,0.477,0.287,0.274,0.317,0.218
2020-01-04 07:45:00,19.04,19.42,19.44,19.37,19.56,-0.77,0.0,0.478,0.294,0.277,0.312,0.22
2020-01-04 08:00:00,19.04,19.41,19.44,19.37,19.55,-0.75,0.0,0.478,0.292,0.279,0.315,0.222
2020-01-04 08:15:00,19.05,19.41,19.44,19.37,19.55,-0.74,4.9,0.478,0.294,0.28,0.316,0.224
2020-01-04 08:30:00,19.06,19.56,19.5,19.39,19.55,-0.73,48.3,0.476,0.293,0.279,0.313,0.225
2020-01-04 08:45:00,19.07,19.69,19.56,19.4,19.55,-0.71,91.7,0.469,0.219,0.251,0.306,0.226
2020-01-04 09:00:00,19.11,19.84,19.67,19.43,19.56,-0.54,135.0,0.463,0.154,0.222,0.3,0.223
2020-01-04 09:15:00,19.14,19.96,19.75,19.45,19.58,-0.37,178.4,0.444,0.078,0.167,0.287,0.22
2020-01-04 09:30:00,19.17,19.97,19.79,19.47,19.59,-0.2,186.1,0.432,0.02,0.127,0.275,0.211
2020-01-04 09:45:00,19.19,19.95,19.82,19.49,19.6,-0.03,193.8,0.416,0.017,0.104,0.264,0.203
2020-01-04 10:00:00,19.22,20.0,19.88,19.51,19.61,0.14,201.5,0.403,0.023,0.088,0.254,0.199
2020-01-04 10:15:00,19.24,20.01,19.92,19.53,19.61,0.31,209.3,0.392,0.002,0.062,0.245,0.197
2020-01-04 10:30:00,19.26,20.07,20.02,19.54,19.62,0.47,232.3,0.379,0.0,0.038,0.235,0.193
2020-01-04 10:45:00,19.28,20.13,20.09,19.56,19.63,0.64,255.3,0.368,0.0,0.0,0.228,0.189
2020-01-04 11:00:00,19.31,20.23,20.29,19.57,19.65,0.79,278.4,0.359,0.0,0.0,0.222,0.183
2020-01-04 11:15:00,19.33,20.29,20.48,19.59,19.68,0.93,301.4,0.346,0.0,0.0,0.213,0.175
2020-01-04 11:30:00,19.35,20.28,20.59,19.6,19.71,1.08,295.9,0.337,0.0,0.0,0.206,0.16
2020-01-04 11:45:00,19.37,20.25,20.69,19.61,19.73,1.23,290.3,0.326,0.0,0.0,0.201,0.145
2020-01-04 12:00:00,19.36,20.16,20.71,19.6,19.74,1.31,284.7,0.316,0.0,0.0,0.195,0.137
2020-01-04 12:15:00,19.38,20.08,20.77,19.61,19.73,1.38,279.1,0.318,0.0,0.0,0.198,0.132
2020-01-04 12:30:00,19.37,19.99,20.82,19.6,19.73,1.46,272.6,0.312,0.0,0.0,0.196,0.135
2020-01-04 12:45:00,19.37,19.89,20.86,19.6,19.72,1.54,266.0,0.315,0.007,0.0,0.199,0.136
2020-01-04 13:00:00,19.38,19.87,20.91,19.61,19.72,1.56,259.5,0.314,0.053,0.0,0.202,0.138
2020-01-04 13:15:00,19.38,19.83,20.96,19.61,19.73,1.59,252.9,0.311,0.066,0.0,0.195,0.139
2020-01-04 13:30:00,19.38,19.79,20.96,19.61,19.73,1.61,234.2,0.311,0.087,0.0,0.194,0.137
2020-01-04 13:45:00,19.38,19.77,20.95,19.61,19.73,1.63,215.5,0.309,0.106,0.0,0.194,0.136
2020-01-04 14:00:00,19.38,19.74,20.92,19.62,19.72,1.62,196.8,0.308,0.117,0.0,0.193,0.137
2020-01-04 14:15:00,19.37,19.72,20.87,19.63,19.71,1.61,178.1,0.312,0.128,0.0,0.19,0.14
2020-01-04 14:30:00,19.35,19.69,20.77,19.62,19.7,1.59,156.9,0.314,0.139,0.0,0.185,0.145
2020-01-04 14:45:00,19.34,19.66,20.68,19.62,19.68,1.58,135.8,0.323,0.154,0.0,0.191,0.15
2020-01-04 15:00:00,19.32,19.63,20.57,19.6,19.66,1.49,114.6,0.328,0.168,0.0,0.192,0.16
2020-01-04 15:15:00,19.3,19.61,20.45,19.59,19.64,1.4,93.4,0.342,0.183,0.0,0.198,0.17
2020-01-04 15:30:00,19.27,19.58,20.3,19.56,19.61,1.31,70.9,0.351,0.195,0.0,0.206,0.182
2020-01-04 15:45:00,19.25,19.56,20.14,19.53,19.59,1.22,48.4,0.364,0.208,0.0,0.218,0.193
2020-01-04 16:00:00,19.21,19.53,19.95,19.49,19.56,1.09,25.9,0.377,0.222,0.0,0.234,0.207
2020-01-04 16:15:00,19.18,19.5,19.8,19.45,19.53,0.96,3.4,0.393,0.237,0.025,0.255,0.221
2020-01-04 16:30:00,19.16,19.48,19.78,19.44,19.5,0.82,0.0,0.408,0.252,0.098,0.273,0.236
2020-01-04 16:45:00,19.14,19.47,19.72,19.43,19.49,0.69,0.0,0.419,0.261,0.11,0.279,0.249
2020-01-04 17:00:00,19.13,19.45,19.67,19.41,19.48,0.6,0.0,0.429,0.267,0.142,0.287,0.255
2020-01-04 17:15:00,19.11,19.44,19.63,19.4,19.47,0.52,0.0,0.435,0.274,0.164,0.293,0.261
2020-01-04 17:30:00,19.1,19.43,19.6,19.39,19.46,0.43,0.0,0.443,0.278,0.183,0.299,0.265
2020-01-04 17:45:00,19.09,19.42,19.56,19.38,19.46,0.35,0.0,0.449,0.285,0.202,0.304,0.269
2020-01-04 18:00:00,19.08,19.42,19.54,19.38,19.45,0.28,0.0,0.455,0.29,0.219,0.309,0.272
2020-01-04 18:15:00,19.08,19.41,19.52,19.37,19.45,0.21,0.0,0.458,0.292,0.231,0.311,0.275
2020-01-04 18:30:00,19.07,19.4,19.51,19.37,19.44,0.15,0.0,0.462,0.295,0.239,0.314,0.277
2020-01-04 18:45:00,19.06,19.4,19.49,19.36,19.44,0.08,0.0,0.465,0.298,0.247,0.316,0.279
2020-01-04 19:00:00,19.05,19.39,19.47,19.35,19.44,0.01,0.0,0.468,0.301,0.253,0.318,0.28
2020-01-04 19:15:00,19.04,19.38,19.46,19.35,19.43,-0.07,0.0,0.474,0.307,0.263,0.323,0.282
2020-01-04 19:30:00,19.04,19.37,19.45,19.34,19.43,-0.14,0.0,0.478,0.31,0.269,0.327,0.284
2020-01-04 19:45:00,19.03,19.36,19.43,19.33,19.43,-0.21,0.0,0.482,0.314,0.275,0.33,0.285
2020-01-04 20:00:00,19.03,19.37,19.44,19.34,19.42,-0.29,0.0,0.487,0.319,0.284,0.335,0.287
2020-01-04 20:15:00,19.03,19.37,19.43,19.34,19.42,-0.36,0.0,0.484,0.315,0.279,0.329,0.289
2020-01-04 20:30:00,19.03,19.37,19.43,19.35,19.42,-0.44,0.0,0.486,0.315,0.284,0.329,0.289
2020-01-04 20:45:00,19.03,19.38,19.43,19.35,19.42,-0.52,0.0,0.485,0.313,0.283,0.327,0.29
2020-01-04 21:00:00,19.02,19.36,19.41,19.34,19.42,-0.6,0.0,0.484,0.311,0.284,0.326,0.29
2020-01-04 21:15:00,19.01,19.36,19.4,19.33,19.42,-0.68,0.0,0.492,0.319,0.294,0.331,0.291
2020-01-04 21:30:00,19.0,19.35,19.39,19.32,19.41,-0.77,0.0,0.494,0.322,0.298,0.334,0.292
2020-01-04 21:45:00,18.99,19.34,19.38,19.32,19.41,-0.85,0.0,0.5,0.326,0.305,0.338,0.294
2020-01-04 22:00:00,18.99,19.34,19.38,19.32,19.41,-0.91,0.0,0.504,0.331,0.311,0.342,0.295
2020-01-04 22:15:00,18.99,19.34,19.37,19.32,19.4,-0.96,0.0,0.504,0.33,0.31,0.341,0.297
2020-01-04 22:30:00,18.99,19.33,19.37,19.31,19.4,-1.02,0.0,0.506,0.332,0.314,0.342,0.298
2020-01-04 22:45:00,18.98,19.33,19.36,19.31,19.4,-1.07,0.0,0.507,0.333,0.316,0.343,0.299
2020-01-04 23:00:00,18.98,19.33,19.36,19.31,19.4,-1.16,0.0,0.509,0.334,0.318,0.343,0.3
2020-01-04 23:15:00,18.97,19.33,19.35,19.31,19.4,-1.24,0.0,0.511,0.335,0.321,0.345,0.3
2020-01-04 23:30:00,18.97,19.32,19.35,19.31,19.4,-1.32,0.0,0.513,0.336,0.323,0.345,0.302
2020-01-04 23:45:00,18.97,19.32,19.35,19.31,19.39,-1.4,0.0,0.515,0.338,0.325,0.346,0.302
2020-01-05 00:00:00,18.95,19.3,19.32,19.28,19.39,-1.42,0.0,0.517,0.339,0.327,0.347,0.303
2020-01-05 00:15:00,18.94,19.29,19.3,19.27,19.39,-1.43,0.0,0.527,0.35,0.342,0.359,0.304
2020-01-05 00:30:00,18.92,19.27,19.28,19.25,19.38,-1.45,0.0,0.531,0.357,0.35,0.367,0.307
2020-01-05 00:45:00,18.91,19.26,19.26,19.23,19.38,-1.46,0.0,0.538,0.363,0.361,0.376,0.31
2020-01-05 01:00:00,18.91,19.26,19.25,19.23,19.37,-1.49,0.0,0.544,0.37,0.371,0.385,0.312
2020-01-05 01:15:00,18.9,19.23,19.24,19.23,19.37,-1.52,0.0,0.546,0.372,0.374,0.387,0.315
2020-01-05 01:30:00,18.89,19.23,19.23,19.22,19.36,-1.55,0.0,0.551,0.384,0.382,0.385,0.317
2020-01-05 01:45:00,18.88,19.22,19.22,19.21,19.36,-1.58,0.0,0.554,0.386,0.387,0.392,0.319
2020-01-05 02:00:00,18.89,19.24,19.24,19.23,19.36,-1.6,0.0,0.558,0.39,0.392,0.394,0.32
2020-01-05 02:15:00,18.89,19.25,19.25,19.23,19.36,-1.62,0.0,0.553,0.381,0.381,0.387,0.322
2020-01-05 02:30:00,18.9,19.26,19.25,19.24,19.36,-1.64,0.0,0.556,0.376,0.374,0.384,0.321
2020-01-05 02:45:00,18.91,19.27,19.26,19.25,19.36,-1.67,0.0,0.548,0.37,0.375,0.38,0.321
2020-01-05 03:00:00,18.92,19.28,19.27,19.25,19.36,-1.68,0.0,0.544,0.363,0.368,0.375,0.32
2020-01-05 03:15:00,18.92,19.29,19.28,19.26,19.36,-1.69,0.0,0.542,0.36,0.367,0.373,0.319
2020-01-05 03:30:00,18.92,19.29,19.28,19.27,19.36,-1.7,0.0,0.542,0.356,0.359,0.37,0.319
2020-01-05 03:45:00,18.93,19.3,19.29,19.27,19.36,-1.71,0.0,0.538,0.353,0.359,0.367,0.318
2020-01-05 04:00:00,18.91,19.27,19.26,19.25,19.36,-1.72,0.0,0.536,0.349,0.354,0.364,0.318
2020-01-05 04:15:00,18.93,19.26,19.8,19.25,19.37,-1.74,0.0,0.546,0.364,1.0,0.376,0.318
2020-01-05 04:30:00,18.89,19.25,20.03,19.23,19.4,-1.75,0.0,0.537,0.369,1.0,0.375,0.315
2020-01-05 04:45:00,18.89,19.24,20.06,19.21,19.41,-1.77,0.0,0.556,0.377,1.0,0.387,0.299
2020-01-05 05:00:00,18.9,19.25,20.15,19.24,19.41,-1.78,0.0,0.554,0.381,1.0,0.393,0.295
2020-01-05 05:15:00,18.9,19.25,20.22,19.24,19.42,-1.79,0.0,0.55,0.377,1.0,0.38,0.294
2020-01-05 05:30:00,18.91,19.26,20.3,19.24,19.43,-1.81,0.0,0.55,0.373,1.0,0.382,0.288
2020-01-05 05:45:00,18.92,19.27,20.37,19.25,19.45,-1.82,0.0,0.547,0.369,1.0,0.379,0.283
2020-01-05 06:00:00,18.9,19.26,20.42,19.24,19.46,-1.82,0.0,0.541,0.364,1.0,0.375,0.277
2020-01-05 06:15:00,18.9,19.44,20.47,19.24,19.46,-1.83,0.0,0.549,0.522,1.0,0.381,0.272
2020-01-05 06:30:00,18.9,19.41,20.5,19.23,19.47,-1.83,0.0,0.549,0.432,1.0,0.382,0.27
2020-01-05 06:45:00,18.89,19.39,20.53,19.23,19.47,-1.83,0.0,0.552,0.443,1.0,0.385,0.265
2020-01-05 07:00:00,18.91,19.43,20.58,19.24,19.48,-1.84,0.0,0.553,0.454,1.0,0.387,0.263
2020-01-05 07:15:00,18.91,19.44,20.62,19.24,19.48,-1.84,0.0,0.547,0.435,1.0,0.38,0.262
2020-01-05 07:30:00,18.93,19.45,20.66,19.25,19.49,-1.85,0.0,0.545,0.431,1.0,0.378,0.258
2020-01-05 07:45:00,18.93,19.47,20.7,19.26,19.5,-1.85,0.0,0.536,0.424,1.0,0.374,0.255
2020-01-05 08:00:00,18.93,19.48,20.75,19.26,19.5,-1.81,0.0,0.533,0.414,1.0,0.369,0.251
2020-01-05 08:15:00,19.36,19.49,20.82,18.79,19.58,-1.77,4.0,1.0,0.412,1.0,0.0,0.748
2020-01-05 08:30:00,19.56,19.64,20.89,18.48,19.65,-1.73,44.9,1.0,0.403,0.992,0.0,0.711
2020-01-05 08:45:00,19.61,19.76,20.98,18.47,19.65,-1.69,85.9,1.0,0.328,0.956,0.0,0.677
2020-01-05 09:00:00,19.71,19.93,21.09,18.46,19.67,-1.4,126.8,1.0,0.269,0.912,0.0,0.676
2020-01-05 09:15:00,19.83,20.05,21.2,18.44,19.71,-1.11,167.7,1.0,0.185,0.857,0.0,0.664
2020-01-05 09:30:00,19.97,20.09,21.3,18.42,19.75,-0.82,180.9,1.0,0.124,0.798,0.0,0.644
2020-01-05 09:45:00,20.08,20.11,21.38,18.4,19.78,-0.54,194.0,1.0,0.103,0.749,0.0,0.625
2020-01-05 10:00:00,20.2,20.16,21.47,18.38,19.81,-0.26,207.2,1.0,0.096,0.712,0.0,0.608
2020-01-05 10:15:00,20.31,20.19,21.56,18.38,19.85,0.01,220.4,1.0,0.07,0.665,0.008,0.594
2020-01-05 10:30:00,20.42,20.25,21.68,18.37,19.88,0.28,244.3,1.0,0.053,0.62,0.01,0.576
2020-01-05 10:45:00,20.51,20.33,21.82,18.38,19.92,0.55,268.3,0.992,0.024,0.562,0.016,0.558
2020-01-05 11:00:00,20.56,20.37,21.93,18.38,19.97,0.79,292.3,0.945,0.0,0.49,0.01,0.539
2020-01-05 11:15:00,20.63,20.42,22.07,18.39,20.0,1.04,316.3,0.918,0.0,0.435,0.009,0.516
2020-01-05 11:30:00,20.68,20.41,22.14,18.39,20.04,1.29,315.5,0.886,0.0,0.364,0.006,0.5
2020-01-05 11:45:00,20.74,20.38,22.23,18.4,20.06,1.54,314.7,0.859,0.0,0.332,0.005,0.481
2020-01-05 12:00:00,20.78,20.33,22.3,18.39,20.09,1.71,313.9,0.829,0.0,0.286,0.002,0.469
2020-01-05 12:15:00,20.83,20.27,22.37,18.4,20.11,1.88,313.2,0.808,0.0,0.252,0.003,0.456
2020-01-05 12:30:00,20.86,20.21,22.43,18.4,20.13,2.06,309.8,0.787,0.014,0.215,0.0,0.447
2020-01-05 12:45:00,20.89,20.16,22.49,18.39,20.14,2.23,306.4,0.771,0.046,0.187,0.002,0.437
2020-01-05 13:00:00,20.9,20.1,22.53,18.38,20.16,2.32,303.0,0.756,0.069,0.157,0.003,0.43
2020-01-05 13:15:00,20.92,20.04,22.57,18.38,20.17,2.41,299.6,0.75,0.102,0.137,0.008,0.422
2020-01-05 13:30:00,20.92,19.99,22.52,18.36,20.18,2.5,269.2,0.742,0.132,0.117,0.012,0.417
2020-01-05 13:45:00,20.93,19.95,22.43,18.35,20.17,2.58,238.8,0.738,0.157,0.141,0.018,0.411
2020-01-05 14:00:00,20.93,19.93,22.38,18.35,20.16,2.57,208.4,0.735,0.175,0.183,0.025,0.415
2020-01-05 14:15:00,20.93,19.91,22.3,18.35,20.15,2.56,177.9,0.735,0.183,0.211,0.025,0.421
2020-01-05 14:30:00,20.92,19.89,22.25,18.34,20.14,2.54,156.4,0.736,0.194,0.25,0.026,0.425
2020-01-05 14:45:00,20.92,19.87,22.19,18.34,20.13,2.53,134.9,0.738,0.205,0.273,0.028,0.43
2020-01-05 15:00:00,20.9,19.84,22.09,18.31,20.12,2.42,113.4,0.742,0.216,0.305,0.032,0.433
2020-01-05 15:15:00,20.88,19.82,22.02,18.3,20.1,2.32,91.9,0.752,0.23,0.356,0.045,0.439
2020-01-05 15:30:00,20.85,19.79,21.93,18.27,20.09,2.21,69.8,0.761,0.24,0.392,0.052,0.449
2020-01-05 15:45:00,20.83,19.77,21.84,18.24,20.07,2.11,47.7,0.774,0.253,0.437,0.067,0.456
2020-01-05 16:00:00,20.78,19.74,21.73,18.19,20.05,1.92,25.7,0.785,0.265,0.48,0.081,0.465
2020-01-05 16:15:00,20.75,19.7,21.65,18.15,20.02,1.73,3.6,0.808,0.282,0.533,0.107,0.475
2020-01-05 16:30:00,20.71,19.68,21.58,18.12,20.0,1.54,0.0,0.827,0.3,0.576,0.127,0.489
2020-01-05 16:45:00,20.68,19.66,21.53,18.1,19.98,1.35,0.0,0.844,0.312,0.608,0.139,0.5
2020-01-05 17:00:00,20.67,19.64,21.49,18.09,19.97,1.31,0.0,0.859,0.322,0.634,0.15,0.508
2020-01-05 17:15:00,20.65,19.63,21.45,18.07,19.96,1.28,0.0,0.865,0.329,0.654,0.156,0.514
2020-01-05 17:30:00,20.64,19.62,21.42,18.06,19.95,1.25,0.0,0.873,0.336,0.673,0.163,0.519
2020-01-05 17:45:00,20.63,19.6,21.39,18.06,19.95,1.22,0.0,0.88,0.342,0.689,0.169,0.523
2020-01-05 18:00:00,20.63,19.6,21.38,18.06,19.94,1.2,0.0,0.886,0.351,0.704,0.171,0.526
2020-01-05 18:15:00,20.62,19.6,21.37,18.05,19.94,1.18,0.0,0.887,0.349,0.71,0.172,0.529
2020-01-05 18:30:00,20.62,19.6,21.36,18.05,19.94,1.16,0.0,0.889,0.351,0.717,0.174,0.529
2020-01-05 18:45:00,20.62,19.6,21.35,18.05,19.94,1.13,0.0,0.89,0.351,0.721,0.175,0.53
2020-01-05 19:00:00,20.63,19.61,21.36,18.06,19.94,1.1,0.0,0.892,0.351,0.724,0.176,0.53
2020-01-05 19:15:00,20.64,19.62,21.36,18.06,19.95,1.07,0.0,0.884,0.343,0.721,0.172,0.53
2020-01-05 19:30:00,20.65,19.64,21.38,18.07,19.95,1.03,0.0,0.879,0.338,0.719,0.17,0.527
2020-01-05 19:45:00,20.66,19.64,21.39,18.07,19.96,1.0,0.0,0.877,0.332,0.708,0.165,0.525
2020-01-05 20:00:00,20.64,19.62,21.37,18.06,19.96,0.98,0.0,0.87,0.328,0.706,0.163,0.521
2020-01-05 20:15:00,20.68,19.62,20.67,18.06,19.93,0.95,0.0,0.879,0.339,0.0,0.171,0.519
2020-01-05 20:30:00,20.61,19.59,20.42,18.03,19.85,0.93,0.0,0.862,0.341,0.0,0.172,0.535
2020-01-05 20:45:00,20.6,19.58,20.3,18.02,19.83,0.91,0.0,0.896,0.354,0.0,0.185,0.574
2020-01-05 21:00:00,20.6,19.58,20.22,18.02,19.82,0.88,0.0,0.902,0.362,0.0,0.188,0.583
2020-01-05 21:15:00,20.59,19.58,20.1,18.02,19.82,0.85,0.0,0.901,0.358,0.0,0.189,0.589
2020-01-05 21:30:00,20.59,19.58,19.97,18.02,19.81,0.82,0.0,0.905,0.361,0.0,0.191,0.592
2020-01-05 21:45:00,20.59,19.57,19.86,18.01,19.8,0.79,0.0,0.905,0.362,0.014,0.192,0.597
2020-01-05 22:00:00,20.59,19.58,19.83,18.02,19.79,0.74,0.0,0.907,0.363,0.07,0.193,0.6
2020-01-05 22:15:00,20.59,19.38,19.76,18.02,19.8,0.7,0.0,0.907,0.21,0.086,0.192,0.603
2020-01-05 22:30:00,20.59,19.42,19.71,18.02,19.78,0.65,0.0,0.906,0.311,0.12,0.192,0.602
2020-01-05 22:45:00,20.59,19.43,19.69,18.02,19.79,0.6,0.0,0.905,0.29,0.147,0.191,0.608
2020-01-05 23:00:00,20.59,19.4,19.65,18.01,19.79,0.56,0.0,0.905,0.284,0.154,0.192,0.607
2020-01-05 23:15:00,20.58,19.4,19.63,18.01,19.78,0.52,0.0,0.907,0.3,0.176,0.194,0.606
2020-01-05 23:30:00,20.58,19.39,19.6,18.01,19.78,0.48,0.0,0.908,0.301,0.187,0.195,0.608
2020-01-05 23:45:00,20.58,19.38,19.57,18.0,19.78,0.44,0.0,0.911,0.306,0.202,0.197,0.608
2020-01-06 00:00:00,20.56,19.35,19.53,17.99,19.78,0.41,0.0,0.912,0.312,0.215,0.198,0.609
2020-01-06 00:15:00,19.59,19.34,19.51,18.61,19.71,0.39,0.0,0.0,0.325,0.236,1.0,0.11
2020-01-06 00:30:00,19.53,19.3,19.46,18.85,19.66,0.37,0.0,0.207,0.332,0.245,0.695,0.144
2020-01-06 00:45:00,19.55,19.29,19.45,18.7,19.66,0.34,0.0,0.235,0.349,0.269,0.574,0.171
2020-01-06 01:00:00,19.46,19.29,19.44,18.79,19.64,0.28,0.0,0.224,0.356,0.277,0.648,0.168
2020-01-06 01:15:00,19.44,19.28,19.45,18.8,19.64,0.23,0.0,0.268,0.355,0.278,0.605,0.18
2020-01-06 01:30:00,19.41,19.27,19.42,18.82,19.63,0.17,0.0,0.281,0.361,0.277,0.598,0.182
2020-01-06 01:45:00,19.35,19.29,19.42,18.85,19.62,0.11,0.0,0.294,0.363,0.288,0.591,0.185
2020-01-06 02:00:00,19.32,19.26,19.41,18.9,19.61,0.05,0.0,0.323,0.355,0.29,0.576,0.191
2020-01-06 02:15:00,19.28,19.27,19.4,18.93,19.59,-0.0,0.0,0.339,0.368,0.295,0.548,0.197
2020-01-06 02:30:00,19.25,19.27,19.4,18.97,19.58,-0.06,0.0,0.36,0.364,0.299,0.535,0.203
2020-01-06 02:45:00,19.21,19.27,19.39,19.0,19.57,-0.12,0.0,0.377,0.364,0.302,0.517,0.21
2020-01-06 03:00:00,19.18,19.27,19.38,19.03,19.55,-0.21,0.0,0.395,0.365,0.305,0.5,0.217
2020-01-06 03:15:00,19.16,19.27,19.38,19.04,19.54,-0.3,0.0,0.412,0.364,0.308,0.484,0.223
2020-01-06 03:30:00,19.15,19.27,19.37,19.06,19.53,-0.39,0.0,0.418,0.365,0.312,0.479,0.229
2020-01-06 03:45:00,19.13,19.27,19.37,19.07,19.52,-0.48,0.0,0.427,0.365,0.315,0.472,0.234
2020-01-06 04:00:00,19.13,19.28,19.37,19.08,19.51,-0.41,0.0,0.434,0.364,0.317,0.466,0.239
2020-01-06 04:15:00,19.13,19.28,18.89,18.68,19.45,-0.35,0.0,0.435,0.362,0.0,0.108,0.0
2020-01-06 04:30:00,19.1,19.28,18.68,18.71,19.32,-0.29,0.0,0.433,0.359,0.0,0.312,0.0
2020-01-06 04:45:00,19.09,19.28,18.61,18.76,19.27,-0.23,0.0,0.452,0.362,0.009,0.293,0.0
2020-01-06 05:00:00,19.08,19.28,18.58,18.7,19.24,-0.25,0.0,0.453,0.362,0.047,0.27,0.0
2020-01-06 05:15:00,19.08,19.28,18.53,18.7,19.2,-0.27,0.0,0.458,0.36,0.061,0.302,0.0
2020-01-06 05:30:00,19.07,19.28,18.5,18.69,19.17,-0.29,0.0,0.462,0.36,0.083,0.298,0.0
2020-01-06 05:45:00,19.06,19.28,18.46,18.68,19.14,-0.3,0.0,0.465,0.36,0.101,0.305,0.0
2020-01-06 06:00:00,19.05,19.27,18.43,18.67,19.11,-0.32,0.0,0.468,0.36,0.118,0.311,0.0
2020-01-06 06:15:00,19.05,19.27,18.42,18.66,19.08,-0.34,0.0,0.474,0.363,0.137,0.316,0.0
2020-01-06 06:30:00,19.04,19.27,18.4,18.65,19.06,-0.36,0.0,0.477,0.365,0.14,0.32,0.0
2020-01-06 06:45:00,19.03,19.26,18.38,18.64,19.04,-0.37,0.0,0.481,0.367,0.151,0.324,0.0
2020-01-06 07:00:00,19.03,19.26,18.37,18.64,19.01,-0.39,0.0,0.484,0.369,0.159,0.328,0.0
2020-01-06 07:15:00,18.3,18.83,18.35,18.64,18.97,-0.41,0.0,0.0,0.0,0.165,0.33,0.0
2020-01-06 07:30:00,18.03,18.44,18.32,18.62,18.86,-0.43,0.0,0.0,0.036,0.173,0.332,0.0
2020-01-06 07:45:00,17.87,18.63,18.31,18.62,18.79,-0.45,0.0,0.0,0.228,0.188,0.34,0.0
2020-01-06 08:00:00,17.73,18.54,18.3,18.62,18.75,-0.43,0.0,0.0,0.137,0.195,0.341,0.0
2020-01-06 08:15:00,17.6,18.5,18.29,18.62,18.7,-0.42,2.2,0.0,0.18,0.201,0.341,0.0
2020-01-06 08:30:00,17.49,18.52,18.29,18.63,18.66,-0.4,15.4,0.0,0.201,0.203,0.34,0.0
2020-01-06 08:45:00,17.37,18.5,18.3,18.64,18.62,-0.39,28.5,0.0,0.192,0.203,0.336,0.0
2020-01-06 09:00:00,17.28,18.51,18.32,18.66,18.57,-0.28,41.7,0.0,0.2,0.2,0.331,0.0
2020-01-06 09:15:00,17.21,18.57,18.35,18.68,18.54,-0.18,54.9,0.0,0.197,0.19,0.321,0.0
2020-01-06 09:30:00,17.14,18.55,18.35,18.69,18.51,-0.07,61.5,0.0,0.163,0.173,0.312,0.0
2020-01-06 09:45:00,17.08,18.57,18.38,18.71,18.47,0.04,68.1,0.0,0.175,0.177,0.305,0.0
2020-01-06 10:00:00,17.01,18.58,18.4,18.71,18.45,0.14,74.7,0.0,0.164,0.159,0.297,0.0
2020-01-06 10:15:00,16.95,18.59,18.41,18.72,18.41,0.24,81.4,0.0,0.16,0.152,0.295,0.0
2020-01-06 10:30:00,16.94,18.58,18.43,18.74,18.39,0.35,85.4,0.024,0.157,0.145,0.289,0.0
2020-01-06 10:45:00,16.92,18.58,18.43,18.74,18.37,0.45,89.4,0.029,0.162,0.137,0.28,0.0
2020-01-06 11:00:00,16.91,18.58,18.44,18.74,18.35,0.53,93.5,0.041,0.159,0.134,0.281,0.0
2020-01-06 11:15:00,16.89,18.57,18.45,18.75,18.33,0.62,97.5,0.047,0.162,0.13,0.279,0.0
2020-01-06 11:30:00,16.88,18.57,18.45,18.74,18.31,0.7,97.9,0.055,0.163,0.126,0.277,0.0
2020-01-06 11:45:00,16.86,18.56,18.45,18.74,18.29,0.78,98.4,0.061,0.167,0.125,0.278,0.0
2020-01-06 12:00:00,16.84,18.54,18.44,18.73,18.28,0.83,98.8,0.068,0.171,0.123,0.278,0.0
2020-01-06 12:15:00,16.84,18.53,18.44,18.73,18.26,0.88,99.3,0.078,0.18,0.128,0.283,0.0
2020-01-06 12:30:00,16.82,18.51,18.44,18.72,18.24,0.93,99.4,0.081,0.185,0.128,0.287,0.0
2020-01-06 12:45:00,16.82,18.49,18.43,18.72,18.22,0.98,99.5,0.089,0.195,0.132,0.289,0.0
2020-01-06 13:00:00,16.8,18.48,18.43,18.71,18.21,1.02,99.6,0.091,0.203,0.133,0.291,0.0
2020-01-06 13:15:00,16.8,18.47,18.43,18.71,18.19,1.06,99.7,0.098,0.209,0.133,0.293,0.0
2020-01-06 13:30:00,16.77,18.45,18.44,18.7,18.18,1.09,96.0,0.101,0.216,0.135,0.294,0.0
2020-01-06 13:45:00,16.78,18.44,18.42,18.7,18.16,1.13,92.3,0.113,0.223,0.131,0.298,0.0
2020-01-06 14:00:00,16.76,18.44,18.42,18.7,18.15,1.13,88.7,0.111,0.228,0.14,0.3,0.0
2020-01-06 14:15:00,16.76,18.43,18.41,18.7,18.13,1.13,85.0,0.122,0.232,0.139,0.301,0.0
2020-01-06 14:30:00,16.74,18.42,18.4,18.69,18.12,1.14,78.6,0.121,0.236,0.144,0.301,0.0
2020-01-06 14:45:00,16.74,18.41,18.42,18.7,18.1,1.14,72.2,0.132,0.241,0.152,0.303,0.0
2020-01-06 15:00:00,16.72,18.41,18.39,18.7,18.09,1.1,65.8,0.132,0.245,0.141,0.3,0.0
2020-01-06 15:15:00,16.72,18.41,18.4,18.71,18.07,1.06,59.4,0.138,0.244,0.153,0.298,0.0
2020-01-06 15:30:00,16.72,18.41,18.35,18.7,18.06,1.03,45.4,0.139,0.245,0.152,0.296,0.0
2020-01-06 15:45:00,16.7,18.4,18.32,18.68,18.05,0.99,31.4,0.142,0.247,0.176,0.3,0.0
2020-01-06 16:00:00,16.7,18.4,18.3,18.68,18.03,0.92,17.3,0.148,0.248,0.19,0.308,0.0
2020-01-06 16:15:00,16.69,18.4,18.26,18.66,18.02,0.85,3.3,0.152,0.248,0.201,0.312,0.0
2020-01-06 16:30:00,16.69,18.4,18.27,18.67,18.0,0.78,0.0,0.154,0.25,0.22,0.319,0.0
2020-01-06 16:45:00,16.68,18.4,18.26,18.67,17.99,0.71,0.0,0.157,0.249,0.214,0.317,0.0
2020-01-06 17:00:00,16.67,18.39,18.25,18.66,17.98,0.65,0.0,0.159,0.249,0.218,0.316,0.0
2020-01-06 17:15:00,16.66,18.39,18.26,18.66,17.97,0.59,0.0,0.164,0.253,0.224,0.32,0.0
2020-01-06 17:30:00,16.66,18.39,18.24,18.66,17.96,0.53,0.0,0.168,0.254,0.22,0.32,0.0
2020-01-06 17:45:00,16.65,18.38,18.24,18.66,17.94,0.48,0.0,0.168,0.257,0.23,0.321,0.0
2020-01-06 18:00:00,16.65,18.37,18.23,18.65,17.93,0.43,0.0,0.173,0.261,0.229,0.32,0.0
2020-01-06 18:15:00,16.64,18.37,18.22,18.65,17.92,0.39,0.0,0.175,0.263,0.235,0.323,0.0
2020-01-06 18:30:00,16.64,18.37,18.22,18.65,17.91,0.35,0.0,0.178,0.265,0.238,0.325,0.0
2020-01-06 18:45:00,16.63,18.36,18.21,18.64,17.9,0.31,0.0,0.18,0.267,0.242,0.326,0.0
2020-01-06 19:00:00,16.63,18.36,18.2,18.64,17.89,0.25,0.0,0.183,0.269,0.245,0.328,0.001
2020-01-06 19:15:00,16.62,18.35,18.2,18.64,17.88,0.19,0.0,0.186,0.271,0.248,0.329,0.006
2020-01-06 19:30:00,16.62,18.35,18.19,18.64,17.87,0.14,0.0,0.188,0.273,0.251,0.331,0.011
2020-01-06 19:45:00,16.62,18.35,18.19,18.63,17.86,0.08,0.0,0.19,0.274,0.254,0.332,0.015
2020-01-06 20:00:00,16.61,18.34,18.18,18.63,17.85,0.03,0.0,0.192,0.276,0.256,0.333,0.019
2020-01-06 20:15:00,16.63,18.35,18.8,18.97,18.0,-0.01,0.0,0.195,0.278,0.908,0.685,1.0
2020-01-06 20:30:00,16.66,18.37,18.85,19.06,18.27,-0.06,0.0,0.185,0.275,0.601,0.514,1.0
2020-01-06 20:45:00,16.7,18.37,18.86,19.02,18.28,-0.1,0.0,0.169,0.267,0.573,0.472,0.867
2020-01-06 21:00:00,16.64,18.36,18.89,19.04,18.29,-0.16,0.0,0.15,0.265,0.569,0.491,0.861
2020-01-06 21:15:00,16.69,18.36,18.92,19.06,18.32,-0.22,0.0,0.178,0.269,0.556,0.478,0.854
2020-01-06 21:30:00,16.65,18.36,18.95,19.08,18.36,-0.28,0.0,0.155,0.269,0.54,0.468,0.842
2020-01-06 21:45:00,16.69,18.36,18.98,19.1,18.39,-0.34,0.0,0.175,0.27,0.525,0.46,0.821
2020-01-06 22:00:00,16.65,18.35,19.01,19.11,18.43,-0.41,0.0,0.156,0.271,0.509,0.45,0.807
2020-01-06 22:15:00,16.68,18.35,19.04,19.13,18.45,-0.48,0.0,0.174,0.273,0.496,0.443,0.787
2020-01-06 22:30:00,16.65,18.35,19.06,19.15,18.49,-0.55,0.0,0.158,0.274,0.48,0.434,0.773
2020-01-06 22:45:00,16.68,18.35,19.08,19.15,18.51,-0.62,0.0,0.173,0.275,0.469,0.427,0.754
2020-01-06 23:00:00,16.66,18.35,19.08,19.16,18.53,-0.68,0.0,0.158,0.276,0.462,0.423,0.745
2020-01-06 23:15:00,17.5,18.85,19.11,19.17,18.6,-0.74,0.0,1.0,0.826,0.458,0.421,0.733
2020-01-06 23:30:00,18.07,19.05,19.14,19.19,18.76,-0.8,0.0,1.0,0.575,0.446,0.415,0.7
2020-01-06 23:45:00,18.08,18.93,19.14,19.19,18.84,-0.86,0.0,0.967,0.476,0.429,0.404,0.622
2020-01-07 00:00:00,18.16,18.99,19.16,19.2,18.85,-0.9,0.0,0.962,0.533,0.428,0.403,0.579
2020-01-07 00:15:00,18.23,19.03,19.16,19.2,18.87,-0.94,0.0,0.92,0.504,0.421,0.401,0.576
2020-01-07 00:30:00,18.3,19.05,19.16,19.2,18.89,-0.98,0.0,0.886,0.487,0.422,0.401,0.564
2020-01-07 00:45:00,18.37,19.07,19.17,19.2,18.92,-1.02,0.0,0.849,0.477,0.418,0.399,0.553
2020-01-07 01:00:00,18.43,19.1,19.17,19.2,18.94,-1.07,0.0,0.817,0.463,0.417,0.398,0.542
2020-01-07 01:15:00,18.49,19.12,19.17,19.21,18.95,-1.11,0.0,0.786,0.451,0.415,0.398,0.532
2020-01-07 01:30:00,18.54,19.14,19.18,19.21,18.97,-1.16,0.0,0.756,0.439,0.413,0.397,0.523
2020-01-07 01:45:00,18.56,19.15,19.18,19.21,18.99,-1.21,0.0,0.728,0.428,0.412,0.396,0.514
2020-01-07 02:00:00,18.58,19.16,19.18,19.21,19.0,-1.26,0.0,0.719,0.425,0.41,0.396,0.506
2020-01-07 02:15:00,18.6,19.16,19.18,19.21,19.01,-1.31,0.0,0.708,0.422,0.41,0.395,0.501
2020-01-07 02:30:00,18.62,19.17,19.18,19.21,19.02,-1.36,0.0,0.699,0.418,0.41,0.395,0.495
2020-01-07 02:45:00,18.63,19.17,19.18,19.21,19.03,-1.41,0.0,0.691,0.416,0.41,0.395,0.491
2020-01-07 03:00:00,18.64,19.18,19.18,19.21,19.04,-1.45,0.0,0.684,0.414,0.41,0.395,0.486
2020-01-07 03:15:00,18.69,19.18,19.19,18.72,19.04,-1.49,0.0,0.679,0.411,0.41,0.0,0.482
2020-01-07 03:30:00,18.69,19.19,19.18,18.32,19.02,-1.53,0.0,0.656,0.408,0.406,0.0,0.482
2020-01-07 03:45:00,18.65,19.18,19.17,18.46,18.99,-1.57,0.0,0.654,0.407,0.408,0.191,0.491
2020-01-07 04:00:00,18.68,19.18,19.17,18.45,19.01,-1.58,0.0,0.675,0.411,0.415,0.12,0.505
2020-01-07 04:15:00,18.69,19.18,19.17,18.4,19.02,-1.58,0.0,0.661,0.41,0.414,0.126,0.496
2020-01-07 04:30:00,18.69,19.18,19.18,18.41,19.02,-1.59,0.0,0.656,0.408,0.413,0.148,0.492
2020-01-07 04:45:00,18.7,19.18,19.18,18.37,19.02,-1.59,0.0,0.657,0.408,0.41,0.143,0.492
2020-01-07 05:00:00,18.7,19.19,19.18,18.35,19.02,-1.61,0.0,0.652,0.408,0.412,0.163,0.489
2020-01-07 05:15:00,19.07,19.19,19.19,18.34,19.03,-1.63,0.0,1.0,0.406,0.41,0.174,0.489
2020-01-07 05:30:00,19.25,19.19,19.17,18.31,19.05,-1.65,0.0,1.0,0.403,0.406,0.182,0.486
2020-01-07 05:45:00,19.25,19.2,19.18,18.29,19.05,-1.67,0.0,1.0,0.404,0.414,0.197,0.477
2020-01-07 06:00:00,19.28,19.2,19.18,18.27,19.05,-1.69,0.0,1.0,0.402,0.409,0.205,0.474
2020-01-07 06:15:00,19.38,19.2,18.61,18.26,19.05,-1.72,0.0,1.0,0.401,0.0,0.217,0.473
2020-01-07 06:30:00,19.38,19.2,18.27,18.25,19.02,-1.75,0.0,1.0,0.399,0.0,0.218,0.475
2020-01-07 06:45:00,19.38,19.2,18.24,18.24,19.0,-1.77,0.0,1.0,0.401,0.0,0.226,0.488
2020-01-07 07:00:00,19.41,19.2,18.18,18.23,18.99,-1.78,0.0,1.0,0.401,0.0,0.231,0.5
2020-01-07 07:15:00,19.45,19.2,18.13,18.22,19.09,-1.79,0.0,1.0,0.402,0.0,0.237,1.0
2020-01-07 07:30:00,19.5,19.2,18.14,18.23,19.15,-1.79,0.0,1.0,0.402,0.0,0.24,1.0
2020-01-07 07:45:00,19.54,19.2,18.09,18.23,19.18,-1.8,0.0,1.0,0.398,0.0,0.235,1.0
2020-01-07 08:00:00,19.58,19.21,18.03,18.23,19.21,-1.76,0.0,1.0,0.399,0.0,0.236,1.0
2020-01-07 08:15:00,19.67,19.6,17.99,18.24,19.23,-1.71,4.5,1.0,0.797,0.0,0.235,1.0
2020-01-07 08:30:00,19.68,19.77,17.97,18.25,19.28,-1.67,43.6,1.0,0.6,0.0,0.232,1.0
2020-01-07 08:45:00,19.72,19.89,18.01,18.26,19.31,-1.63,82.7,1.0,0.515,0.0,0.226,1.0
2020-01-07 09:00:00,19.8,20.04,18.06,18.28,19.36,-1.37,121.8,1.0,0.454,0.0,0.218,1.0
2020-01-07 09:15:00,19.88,20.18,18.15,18.31,19.41,-1.11,160.9,1.0,0.38,0.0,0.208,1.0
2020-01-07 09:30:00,19.96,20.24,18.24,18.32,19.46,-0.85,172.8,1.0,0.31,0.0,0.197,1.0
2020-01-07 09:45:00,20.04,20.31,18.32,18.35,19.51,-0.6,184.6,1.0,0.281,0.0,0.188,1.0
2020-01-07 10:00:00,20.11,20.37,18.42,18.36,19.56,-0.38,196.5,1.0,0.244,0.0,0.177,1.0
2020-01-07 10:15:00,20.19,20.43,18.53,18.38,19.61,-0.16,208.4,1.0,0.213,0.0,0.169,1.0
2020-01-07 10:30:00,20.26,20.52,18.68,18.4,19.66,0.06,237.3,1.0,0.186,0.0,0.159,1.0
2020-01-07 10:45:00,20.33,20.56,18.87,18.41,19.72,0.28,266.2,1.0,0.142,0.0,0.151,1.0
2020-01-07 11:00:00,20.41,20.61,19.09,18.43,19.77,0.51,295.1,1.0,0.118,0.0,0.143,1.0
2020-01-07 11:15:00,20.49,20.64,19.32,18.45,19.83,0.73,324.0,1.0,0.097,0.0,0.135,1.0
2020-01-07 11:30:00,20.56,20.58,19.45,18.46,19.88,0.95,307.9,1.0,0.081,0.0,0.127,1.0
2020-01-07 11:45:00,20.61,20.55,19.55,18.47,19.92,1.18,291.8,0.97,0.111,0.0,0.122,1.0
2020-01-07 12:00:00,20.64,20.52,19.63,18.48,19.95,1.3,275.7,0.945,0.124,0.0,0.115,1.0
2020-01-07 12:15:00,20.67,20.47,19.7,18.48,19.98,1.42,259.6,0.928,0.142,0.0,0.112,1.0
2020-01-07 12:30:00,20.72,20.45,19.82,18.49,20.0,1.55,262.5,0.913,0.166,0.0,0.108,1.0
2020-01-07 12:45:00,20.75,20.42,19.96,18.5,20.03,1.67,265.4,0.891,0.177,0.0,0.103,1.0
2020-01-07 13:00:00,20.78,20.36,20.03,18.51,20.06,1.75,268.3,0.873,0.191,0.0,0.099,1.0
2020-01-07 13:15:00,20.81,20.34,20.14,18.51,20.08,1.84,271.2,0.861,0.218,0.0,0.097,1.0
2020-01-07 13:30:00,20.83,20.3,20.36,18.51,20.1,1.92,278.6,0.846,0.232,0.0,0.094,1.0
2020-01-07 13:45:00,20.84,20.27,20.52,18.5,20.13,2.0,286.0,0.837,0.249,0.0,0.096,1.0
2020-01-07 14:00:00,20.85,20.26,20.67,18.52,20.16,2.04,293.4,0.83,0.264,0.0,0.098,1.0
2020-01-07 14:15:00,20.87,20.25,20.81,18.54,20.19,2.07,300.8,0.823,0.268,0.0,0.09,1.0
2020-01-07 14:30:00,20.87,20.23,20.87,18.57,20.22,2.11,288.1,0.817,0.275,0.0,0.079,1.0
2020-01-07 14:45:00,20.88,20.22,20.92,18.59,20.25,2.15,275.4,0.813,0.283,0.0,0.067,1.0
2020-01-07 15:00:00,20.88,20.2,20.95,18.62,20.27,2.09,262.7,0.81,0.292,0.0,0.054,1.0
2020-01-07 15:15:00,20.88,20.19,20.96,18.65,20.3,2.04,250.0,0.81,0.298,0.0,0.04,1.0
2020-01-07 15:30:00,20.87,20.17,20.8,18.62,20.32,1.98,189.5,0.81,0.305,0.0,0.026,1.0
2020-01-07 15:45:00,20.86,20.15,20.59,18.59,20.31,1.93,129.0,0.814,0.314,0.0,0.041,0.991
2020-01-07 16:00:00,20.87,20.13,20.31,18.52,20.3,1.76,68.5,0.819,0.323,0.0,0.055,0.994
2020-01-07 16:15:00,20.83,20.09,19.89,18.41,20.27,1.6,8.0,0.817,0.337,0.0,0.088,1.0
2020-01-07 16:30:00,20.75,20.06,19.67,18.4,20.24,1.43,0.0,0.836,0.356,0.0,0.145,1.0
2020-01-07 16:45:00,20.74,20.04,19.51,18.38,20.22,1.27,0.0,0.876,0.371,0.0,0.151,1.0
2020-01-07 17:00:00,20.72,20.03,19.36,18.36,20.2,1.2,0.0,0.882,0.378,0.0,0.159,1.0
2020-01-07 17:15:00,20.71,20.02,19.23,18.35,20.19,1.14,0.0,0.888,0.384,0.0,0.17,1.0
2020-01-07 17:30:00,20.69,20.01,19.11,18.33,20.17,1.07,0.0,0.897,0.391,0.0,0.177,1.0
2020-01-07 17:45:00,20.68,20.0,19.0,18.32,20.15,1.01,0.0,0.903,0.396,0.0,0.184,1.0
2020-01-07 18:00:00,20.67,19.99,18.9,18.31,20.14,0.94,0.0,0.91,0.401,0.0,0.19,1.0
2020-01-07 18:15:00,20.66,19.98,18.82,18.3,20.12,0.88,0.0,0.917,0.406,0.0,0.196,1.0
2020-01-07 18:30:00,20.64,19.97,18.75,18.29,20.11,0.81,0.0,0.922,0.41,0.0,0.201,1.0
2020-01-07 18:45:00,20.63,19.97,18.67,18.28,20.1,0.75,0.0,0.928,0.414,0.0,0.206,1.0
2020-01-07 19:00:00,20.62,19.96,18.59,18.27,20.09,0.68,0.0,0.933,0.417,0.0,0.21,1.0
2020-01-07 19:15:00,20.66,19.96,18.54,18.82,20.1,0.62,0.0,0.938,0.421,0.0,0.864,1.0
2020-01-07 19:30:00,20.62,19.95,18.47,18.97,20.18,0.56,0.0,0.918,0.421,0.0,0.591,1.0
2020-01-07 19:45:00,20.62,19.95,18.44,18.9,20.18,0.49,0.0,0.942,0.426,0.0,0.515,1.0
2020-01-07 20:00:00,20.62,19.95,18.39,18.99,20.18,0.43,0.0,0.939,0.427,0.0,0.548,1.0
2020-01-07 20:15:00,20.62,19.95,18.34,19.02,20.18,0.37,0.0,0.939,0.426,0.0,0.504,1.0
2020-01-07 20:30:00,20.62,19.95,18.3,19.06,20.18,0.3,0.0,0.941,0.426,0.0,0.488,1.0
2020-01-07 20:45:00,20.62,19.95,18.26,19.1,20.19,0.24,0.0,0.939,0.425,0.0,0.469,1.0
2020-01-07 21:00:00,20.61,19.94,18.22,19.13,20.19,0.18,0.0,0.939,0.425,0.0,0.45,1.0
2020-01-07 21:15:00,19.61,19.95,18.19,19.14,20.16,0.11,0.0,0.0,0.428,0.0,0.436,1.0
2020-01-07 21:30:00,19.54,19.93,18.11,19.14,20.09,0.05,0.0,0.197,0.427,0.0,0.431,1.0
2020-01-07 21:45:00,19.55,19.93,18.05,19.14,20.1,-0.01,0.0,0.23,0.434,0.0,0.432,1.0
2020-01-07 22:00:00,19.48,19.93,18.03,19.16,20.1,-0.09,0.0,0.223,0.437,0.0,0.429,1.0
2020-01-07 22:15:00,19.48,19.93,18.56,19.17,20.12,-0.16,0.0,0.258,0.435,0.986,0.421,1.0
2020-01-07 22:30:00,19.46,19.94,19.07,19.19,20.2,-0.23,0.0,0.261,0.434,0.722,0.416,1.0
2020-01-07 22:45:00,19.42,19.94,18.81,19.2,20.28,-0.3,0.0,0.27,0.432,0.467,0.406,1.0
2020-01-07 23:00:00,19.39,19.94,19.01,19.21,20.25,-0.36,0.0,0.292,0.432,0.597,0.401,1.0
2020-01-07 23:15:00,19.34,19.93,18.99,19.2,20.07,-0.41,0.0,0.304,0.43,0.495,0.396,0.0
2020-01-07 23:30:00,19.26,19.92,19.0,19.18,19.98,-0.46,0.0,0.332,0.433,0.503,0.398,0.0
2020-01-07 23:45:00,19.23,19.92,19.05,19.18,19.94,-0.52,0.0,0.369,0.442,0.5,0.411,0.01
2020-01-08 00:00:00,19.19,19.92,19.09,19.19,19.92,-0.62,0.0,0.383,0.441,0.475,0.409,0.031
2020-01-08 00:15:00,19.2,19.44,19.11,19.19,19.9,-0.71,0.0,0.405,0.04,0.456,0.407,0.038
2020-01-08 00:30:00,19.15,19.4,19.11,19.19,19.84,-0.81,0.0,0.402,0.279,0.447,0.404,0.05
2020-01-08 00:45:00,19.14,19.54,19.11,19.19,19.81,-0.91,0.0,0.423,0.298,0.446,0.406,0.08
2020-01-08 01:00:00,19.12,19.44,19.12,19.19,19.79,-0.95,0.0,0.431,0.228,0.443,0.407,0.095
2020-01-08 01:15:00,19.11,19.45,19.13,19.19,19.76,-1.0,0.0,0.439,0.278,0.439,0.407,0.103
2020-01-08 01:30:00,19.09,19.44,19.13,19.18,19.73,-1.04,0.0,0.447,0.276,0.436,0.407,0.12
2020-01-08 01:45:00,19.08,19.41,19.13,19.18,19.71,-1.08,0.0,0.456,0.278,0.436,0.409,0.134
2020-01-08 02:00:00,19.06,19.39,19.13,19.18,19.69,-1.15,0.0,0.462,0.294,0.434,0.409,0.146
2020-01-08 02:15:00,19.05,19.38,19.13,19.18,19.67,-1.22,0.0,0.469,0.303,0.434,0.41,0.156
2020-01-08 02:30:00,19.04,19.36,19.13,19.18,19.65,-1.29,0.0,0.475,0.312,0.434,0.411,0.165
2020-01-08 02:45:00,19.03,19.34,19.13,19.17,19.63,-1.36,0.0,0.481,0.322,0.434,0.412,0.174
2020-01-08 03:00:00,19.03,19.33,19.14,19.18,19.61,-1.41,0.0,0.487,0.332,0.435,0.414,0.184
2020-01-08 03:15:00,19.02,19.33,19.14,19.18,19.6,-1.46,0.0,0.487,0.336,0.43,0.41,0.193
2020-01-08 03:30:00,19.02,19.32,19.15,19.19,19.59,-1.51,0.0,0.49,0.337,0.429,0.409,0.199
2020-01-08 03:45:00,19.02,19.32,19.15,19.19,19.58,-1.56,0.0,0.491,0.338,0.426,0.407,0.205
2020-01-08 04:00:00,19.01,19.32,19.15,19.19,19.57,-1.6,0.0,0.492,0.339,0.425,0.406,0.211
2020-01-08 04:15:00,18.31,19.32,18.95,19.7,19.63,-1.63,0.0,0.0,0.342,0.224,1.0,1.0
2020-01-08 04:30:00,18.6,19.32,18.99,19.94,19.7,-1.67,0.0,0.343,0.34,0.325,0.852,1.0
2020-01-08 04:45:00,18.54,19.32,19.0,19.9,19.79,-1.71,0.0,0.199,0.339,0.303,0.729,1.0
2020-01-08 05:00:00,18.52,19.33,18.99,19.96,19.81,-1.75,0.0,0.23,0.339,0.298,0.75,1.0
2020-01-08 05:15:00,18.51,19.32,18.99,20.02,19.83,-1.79,0.0,0.242,0.337,0.303,0.718,1.0
2020-01-08 05:30:00,18.49,19.32,18.99,20.05,19.86,-1.83,0.0,0.243,0.339,0.305,0.692,1.0
2020-01-08 05:45:00,18.49,19.32,18.98,20.1,19.88,-1.87,0.0,0.256,0.339,0.307,0.673,1.0
2020-01-08 06:00:00,18.47,19.32,18.98,20.13,19.9,-1.89,0.0,0.257,0.339,0.308,0.652,1.0
2020-01-08 06:15:00,18.46,19.32,18.98,20.15,19.92,-1.92,0.0,0.264,0.34,0.31,0.633,1.0
2020-01-08 06:30:00,18.45,19.32,18.98,20.16,19.94,-1.94,0.0,0.268,0.34,0.309,0.625,1.0
2020-01-08 06:45:00,18.44,19.32,18.98,20.18,19.95,-1.96,0.0,0.275,0.341,0.311,0.618,1.0
2020-01-08 07:00:00,18.43,19.31,18.97,20.19,19.97,-2.0,0.0,0.28,0.342,0.312,0.61,1.0
2020-01-08 07:15:00,18.43,19.69,18.98,20.21,19.98,-2.04,0.0,0.286,0.743,0.313,0.605,1.0
2020-01-08 07:30:00,18.41,19.74,18.97,20.21,20.03,-2.08,0.0,0.287,0.555,0.312,0.595,1.0
2020-01-08 07:45:00,18.42,19.7,18.98,20.22,20.04,-2.12,0.0,0.297,0.532,0.315,0.594,1.0
2020-01-08 08:00:00,18.4,19.74,18.97,20.23,20.06,-2.1,0.0,0.291,0.551,0.31,0.589,1.0
2020-01-08 08:15:00,18.41,19.77,18.98,20.24,20.07,-2.07,2.5,0.298,0.528,0.314,0.585,1.0
2020-01-08 08:30:00,18.41,19.82,18.99,20.26,20.08,-2.05,19.7,0.295,0.517,0.311,0.58,1.0
2020-01-08 08:45:00,18.42,19.87,19.01,20.28,20.1,-2.02,36.9,0.293,0.49,0.304,0.571,1.0
2020-01-08 09:00:00,18.44,19.93,19.04,20.3,20.12,-1.89,54.1,0.29,0.463,0.295,0.562,1.0
2020-01-08 09:15:00,18.44,20.02,19.09,20.32,20.14,-1.76,71.3,0.282,0.433,0.281,0.551,1.0
2020-01-08 09:30:00,18.46,20.06,19.11,20.34,20.17,-1.64,82.4,0.28,0.389,0.253,0.539,1.0
2020-01-08 09:45:00,18.47,20.1,19.16,20.36,20.19,-1.51,93.4,0.27,0.371,0.243,0.529,1.0
2020-01-08 10:00:00,18.48,20.13,19.18,20.38,20.21,-1.38,104.5,0.264,0.349,0.221,0.518,1.0
2020-01-08 10:15:00,18.49,20.16,19.22,20.39,20.23,-1.25,115.6,0.262,0.335,0.209,0.512,0.995
2020-01-08 10:30:00,18.49,20.17,19.24,20.4,20.24,-1.13,123.3,0.256,0.321,0.192,0.506,0.987
2020-01-08 10:45:00,18.5,20.18,19.27,20.4,20.25,-1.0,130.9,0.255,0.313,0.181,0.502,0.979
2020-01-08 11:00:00,18.51,20.2,19.3,20.42,20.27,-0.9,138.6,0.25,0.308,0.167,0.499,0.973
2020-01-08 11:15:00,18.51,20.21,19.33,20.43,20.28,-0.8,146.3,0.247,0.3,0.151,0.492,0.966
2020-01-08 11:30:00,18.52,20.2,19.33,20.43,20.29,-0.7,144.4,0.243,0.296,0.136,0.487,0.96
2020-01-08 11:45:00,18.52,20.19,19.35,20.44,20.3,-0.6,142.6,0.241,0.302,0.133,0.483,0.953
2020-01-08 12:00:00,18.52,20.16,19.34,20.43,20.31,-0.54,140.7,0.238,0.307,0.125,0.479,0.949
2020-01-08 12:15:00,18.52,20.13,19.31,20.43,20.31,-0.47,138.9,0.241,0.318,0.128,0.483,0.945
2020-01-08 12:30:00,18.52,20.13,19.37,20.43,20.31,-0.41,141.1,0.24,0.336,0.144,0.485,0.944
2020-01-08 12:45:00,18.51,20.11,19.35,20.42,20.32,-0.34,143.4,0.242,0.335,0.114,0.486,0.944
2020-01-08 13:00:00,18.51,20.05,19.37,20.44,20.32,-0.3,145.7,0.244,0.346,0.126,0.489,0.939
2020-01-08 13:15:00,18.5,20.03,19.36,20.43,20.33,-0.26,147.9,0.245,0.376,0.116,0.478,0.939
2020-01-08 13:30:00,18.5,20.01,19.36,20.42,20.33,-0.22,145.9,0.249,0.384,0.118,0.485,0.937
2020-01-08 13:45:00,18.49,19.99,19.36,20.42,20.33,-0.18,143.8,0.251,0.396,0.12,0.488,0.937
2020-01-08 14:00:00,18.5,20.02,19.4,20.45,20.33,-0.16,141.8,0.255,0.406,0.12,0.49,0.937
2020-01-08 14:15:00,18.48,20.03,19.44,20.47,20.34,-0.15,139.7,0.248,0.391,0.099,0.477,0.937
2020-01-08 14:30:00,18.52,20.04,19.41,20.49,20.35,-0.14,129.3,0.261,0.386,0.078,0.466,0.93
2020-01-08 14:45:00,18.51,20.06,19.44,20.51,20.35,-0.12,118.9,0.241,0.379,0.093,0.455,0.927
2020-01-08 15:00:00,18.51,20.06,19.41,20.53,20.36,-0.16,108.6,0.247,0.37,0.081,0.443,0.923
2020-01-08 15:15:00,18.51,20.06,19.41,20.54,20.36,-0.2,98.2,0.243,0.371,0.093,0.437,0.919
2020-01-08 15:30:00,18.5,20.06,19.36,20.54,20.37,-0.24,74.6,0.243,0.369,0.095,0.429,0.918
2020-01-08 15:45:00,18.51,20.06,19.32,20.53,20.36,-0.28,51.1,0.249,0.369,0.118,0.43,0.917
2020-01-08 16:00:00,18.46,20.02,19.23,20.48,20.36,-0.39,27.5,0.246,0.371,0.14,0.434,0.919
2020-01-08 16:15:00,18.46,19.99,19.17,20.42,20.34,-0.5,3.9,0.271,0.391,0.186,0.462,0.92
2020-01-08 16:30:00,18.42,19.96,19.14,20.42,20.33,-0.6,2.9,0.272,0.405,0.217,0.488,0.932
2020-01-08 16:45:00,18.41,19.94,19.1,20.39,20.32,-0.71,0.0,0.29,0.421,0.232,0.491,0.937
2020-01-08 17:00:00,18.4,19.93,19.09,20.38,20.31,-0.76,0.0,0.294,0.429,0.251,0.506,0.942
2020-01-08 17:15:00,18.39,19.93,19.06,20.37,20.31,-0.81,0.0,0.298,0.433,0.257,0.51,0.945
2020-01-08 17:30:00,18.39,19.92,19.05,20.36,20.3,-0.86,0.0,0.303,0.437,0.269,0.515,0.946
2020-01-08 17:45:00,18.38,19.91,19.03,20.35,20.3,-0.91,0.0,0.306,0.441,0.275,0.519,0.948
2020-01-08 18:00:00,18.38,19.91,19.03,20.35,20.3,-0.95,0.0,0.31,0.445,0.283,0.523,0.949
2020-01-08 18:15:00,18.38,19.91,19.02,20.35,20.3,-1.0,0.0,0.309,0.444,0.285,0.523,0.95
2020-01-08 18:30:00,18.38,19.92,19.02,20.36,20.3,-1.04,0.0,0.312,0.443,0.288,0.523,0.949
2020-01-08 18:45:00,18.38,19.92,19.02,20.36,20.3,-1.09,0.0,0.31,0.442,0.288,0.522,0.949
2020-01-08 19:00:00,18.38,19.92,19.02,20.36,20.31,-1.17,0.0,0.311,0.441,0.29,0.521,0.948
2020-01-08 19:15:00,18.37,19.92,19.02,20.36,20.31,-1.25,0.0,0.312,0.441,0.291,0.521,0.947
2020-01-08 19:30:00,18.37,19.92,19.02,20.36,20.31,-1.33,0.0,0.313,0.44,0.292,0.521,0.946
2020-01-08 19:45:00,18.37,19.92,19.01,20.36,20.31,-1.41,0.0,0.313,0.439,0.292,0.52,0.945
2020-01-08 20:00:00,18.37,19.92,19.01,20.36,20.31,-1.45,0.0,0.315,0.438,0.293,0.519,0.944
2020-01-08 20:15:00,18.83,19.91,19.17,19.78,20.2,-1.49,0.0,0.817,0.441,0.497,0.0,0.0
2020-01-08 20:30:00,18.76,19.89,19.13,19.44,20.1,-1.53,0.0,0.583,0.447,0.415,0.108,0.0
2020-01-08 20:45:00,18.73,19.88,19.12,19.64,20.03,-1.57,0.0,0.622,0.456,0.434,0.279,0.0
2020-01-08 21:00:00,18.73,19.86,19.1,19.55,20.01,-1.61,0.0,0.637,0.458,0.442,0.179,0.0
2020-01-08 21:15:00,18.74,19.85,19.1,19.48,19.97,-1.66,0.0,0.634,0.47,0.452,0.225,0.0
2020-01-08 21:30:00,18.73,19.83,19.08,19.45,19.93,-1.7,0.0,0.632,0.475,0.452,0.261,0.013
2020-01-08 21:45:00,18.73,19.81,19.07,19.4,19.9,-1.75,0.0,0.635,0.486,0.462,0.273,0.033
2020-01-08 22:00:00,18.74,19.81,19.07,19.37,19.86,-1.8,0.0,0.636,0.495,0.467,0.301,0.052
2020-01-08 22:15:00,18.74,19.81,19.07,19.34,19.83,-1.85,0.0,0.63,0.493,0.464,0.315,0.07
2020-01-08 22:30:00,18.74,19.8,19.08,19.3,19.8,-1.9,0.0,0.629,0.496,0.467,0.332,0.086
2020-01-08 22:45:00,18.74,19.8,19.07,19.29,19.77,-1.94,0.0,0.63,0.498,0.46,0.349,0.102
2020-01-08 23:00:00,18.73,19.79,19.06,19.27,19.75,-1.99,0.0,0.63,0.499,0.466,0.353,0.115
2020-01-08 23:15:00,18.75,19.32,19.07,19.26,19.72,-2.04,0.0,0.637,0.106,0.469,0.363,0.126
2020-01-08 23:30:00,18.7,19.25,19.05,19.24,19.68,-2.09,0.0,0.624,0.342,0.467,0.368,0.138
2020-01-08 23:45:00,18.7,19.37,19.04,19.23,19.65,-2.13,0.0,0.65,0.375,0.477,0.38,0.162
2020-01-09 00:00:00,18.73,19.33,19.05,19.24,19.64,-2.19,0.0,0.649,0.313,0.481,0.386,0.175
2020-01-09 00:15:00,18.73,19.33,19.06,19.24,19.63,-2.24,0.0,0.637,0.337,0.473,0.382,0.18
2020-01-09 00:30:00,18.75,19.33,19.07,19.25,19.62,-2.29,0.0,0.633,0.337,0.47,0.38,0.186
2020-01-09 00:45:00,18.77,19.33,19.08,19.25,19.61,-2.35,0.0,0.624,0.334,0.465,0.377,0.191
2020-01-09 01:00:00,18.75,19.29,19.07,19.24,19.61,-2.38,0.0,0.615,0.335,0.459,0.373,0.194
2020-01-09 01:15:00,18.75,19.27,19.07,19.23,19.59,-2.41,0.0,0.625,0.355,0.466,0.382,0.197
2020-01-09 01:30:00,18.74,19.24,19.06,19.22,19.57,-2.45,0.0,0.624,0.366,0.466,0.385,0.206
2020-01-09 01:45:00,18.73,19.23,19.05,19.21,19.56,-2.48,0.0,0.63,0.378,0.47,0.389,0.213
2020-01-09 02:00:00,18.74,19.23,19.06,19.21,19.55,-2.49,0.0,0.633,0.385,0.473,0.395,0.22
2020-01-09 02:15:00,18.74,19.22,19.05,19.21,19.54,-2.49,0.0,0.63,0.385,0.472,0.394,0.226
2020-01-09 02:30:00,18.74,19.22,19.05,19.21,19.53,-2.5,0.0,0.631,0.389,0.473,0.396,0.23
2020-01-09 02:45:00,18.74,19.21,19.05,19.2,19.52,-2.51,0.0,0.629,0.391,0.473,0.397,0.235
2020-01-09 03:00:00,18.75,19.21,19.06,19.2,19.51,-2.52,0.0,0.629,0.393,0.473,0.398,0.239
2020-01-09 03:15:00,19.07,19.22,18.49,19.21,19.5,-2.54,0.0,1.0,0.393,0.0,0.398,0.243
2020-01-09 03:30:00,19.19,19.21,18.21,19.2,19.46,-2.56,0.0,1.0,0.39,0.0,0.396,0.251
2020-01-09 03:45:00,19.19,19.21,18.18,19.2,19.43,-2.58,0.0,1.0,0.393,0.0,0.399,0.271
2020-01-09 04:00:00,19.22,19.22,18.14,19.2,19.41,-2.58,0.0,1.0,0.393,0.008,0.399,0.286
2020-01-09 04:15:00,19.31,19.69,18.14,19.21,19.41,-2.59,0.0,1.0,0.892,0.028,0.399,0.293
2020-01-09 04:30:00,19.3,19.77,18.11,19.21,19.43,-2.59,0.0,1.0,0.653,0.031,0.395,0.295
2020-01-09 04:45:00,19.33,19.73,18.08,19.21,19.42,-2.6,0.0,1.0,0.615,0.043,0.396,0.284
2020-01-09 05:00:00,19.38,19.78,18.04,19.21,19.41,-2.6,0.0,1.0,0.636,0.06,0.394,0.289
2020-01-09 05:15:00,19.42,19.81,18.01,19.21,19.4,-2.61,0.0,1.0,0.608,0.078,0.394,0.295
2020-01-09 05:30:00,19.47,19.83,17.98,19.22,19.4,-2.62,0.0,1.0,0.597,0.093,0.393,0.298
2020-01-09 05:45:00,19.51,19.86,17.95,19.22,19.39,-2.63,0.0,1.0,0.585,0.108,0.392,0.302
2020-01-09 06:00:00,19.53,19.87,17.91,19.2,19.38,-2.64,0.0,1.0,0.571,0.123,0.391,0.305
2020-01-09 06:15:00,19.53,19.87,17.92,19.2,19.37,-2.65,0.0,1.0,0.567,0.144,0.398,0.308
2020-01-09 06:30:00,19.54,19.87,17.88,19.19,19.37,-2.66,0.0,1.0,0.567,0.142,0.401,0.313
2020-01-09 06:45:00,19.54,19.87,17.87,19.18,19.36,-2.67,0.0,1.0,0.567,0.161,0.405,0.315
2020-01-09 07:00:00,19.56,19.87,17.86,19.18,19.35,-2.68,0.0,1.0,0.567,0.164,0.409,0.32
2020-01-09 07:15:00,19.63,19.89,17.85,18.81,19.34,-2.7,0.0,1.0,0.563,0.172,0.108,0.323
2020-01-09 07:30:00,19.6,19.88,17.83,18.8,19.32,-2.72,0.0,1.0,0.556,0.175,0.297,0.328
2020-01-09 07:45:00,19.61,19.89,17.82,18.88,19.31,-2.73,0.0,1.0,0.558,0.185,0.302,0.342
2020-01-09 08:00:00,19.64,19.91,17.83,18.82,19.31,-2.7,0.0,1.0,0.557,0.192,0.259,0.345
2020-01-09 08:15:00,19.67,19.92,17.82,18.83,19.26,-2.67,2.7,1.0,0.547,0.187,0.292,0.094
2020-01-09 08:30:00,19.7,19.98,17.83,18.83,19.24,-2.63,21.7,1.0,0.539,0.188,0.284,0.12
2020-01-09 08:45:00,19.73,20.04,17.85,18.83,19.24,-2.6,40.8,1.0,0.51,0.187,0.286,0.13
2020-01-09 09:00:00,19.74,20.12,17.89,18.82,19.25,-2.47,59.8,1.0,0.479,0.173,0.286,0.13
2020-01-09 09:15:00,19.78,20.17,17.91,18.82,19.25,-2.34,78.8,1.0,0.442,0.155,0.29,0.126
2020-01-09 09:30:00,19.81,20.19,17.93,18.82,19.26,-2.21,86.7,1.0,0.416,0.144,0.289,0.123
2020-01-09 09:45:00,19.84,20.19,17.94,18.82,19.26,-2.07,94.5,1.0,0.405,0.133,0.289,0.122
2020-01-09 10:00:00,19.87,20.22,17.97,18.82,19.25,-1.96,102.4,1.0,0.407,0.131,0.29,0.122
2020-01-09 10:15:00,19.9,20.23,17.99,18.83,19.25,-1.84,110.3,1.0,0.392,0.114,0.288,0.125
2020-01-09 10:30:00,19.93,20.25,18.02,18.83,19.25,-1.72,118.3,1.0,0.384,0.107,0.287,0.124
2020-01-09 10:45:00,19.96,20.28,18.06,18.83,19.25,-1.61,126.2,1.0,0.376,0.091,0.286,0.125
2020-01-09 11:00:00,19.99,20.29,18.08,18.84,19.26,-1.51,134.2,1.0,0.358,0.068,0.284,0.124
2020-01-09 11:15:00,20.02,20.3,18.13,18.84,19.26,-1.4,142.2,1.0,0.356,0.058,0.282,0.121
2020-01-09 11:30:00,20.05,20.28,18.11,18.84,19.26,-1.3,138.5,1.0,0.352,0.037,0.28,0.12
2020-01-09 11:45:00,20.08,20.26,18.14,18.84,19.26,-1.2,134.8,1.0,0.361,0.043,0.28,0.119
2020-01-09 12:00:00,20.1,20.26,18.15,18.85,19.25,-1.14,131.1,1.0,0.369,0.029,0.279,0.122
2020-01-09 12:15:00,20.13,20.25,18.16,18.85,19.25,-1.07,127.4,1.0,0.37,0.024,0.275,0.123
2020-01-09 12:30:00,20.17,20.29,18.32,18.88,19.25,-1.01,171.6,1.0,0.376,0.019,0.273,0.124
2020-01-09 12:45:00,20.22,20.3,18.49,18.89,19.28,-0.95,215.8,1.0,0.357,0.0,0.262,0.125
2020-01-09 13:00:00,20.28,20.3,18.73,18.92,19.3,-0.77,259.9,1.0,0.351,0.0,0.253,0.112
2020-01-09 13:15:00,20.34,20.3,19.02,18.94,19.33,-0.6,304.1,1.0,0.349,0.0,0.242,0.1
2020-01-09 13:30:00,20.39,20.28,19.22,18.94,19.36,-0.42,307.9,1.0,0.35,0.0,0.231,0.085
2020-01-09 13:45:00,20.44,20.26,19.5,18.96,19.37,-0.24,311.6,1.0,0.362,0.0,0.23,0.07
2020-01-09 14:00:00,20.46,20.25,19.74,18.96,19.39,-0.16,315.4,1.0,0.371,0.0,0.22,0.063
2020-01-09 14:15:00,20.47,20.24,19.92,18.99,19.4,-0.08,319.1,1.0,0.373,0.0,0.218,0.057
2020-01-09 14:30:00,20.49,20.23,20.02,19.03,19.41,0.01,307.4,1.0,0.379,0.0,0.203,0.05
2020-01-09 14:45:00,20.5,20.22,20.1,19.06,19.43,0.09,295.6,1.0,0.383,0.0,0.186,0.043
2020-01-09 15:00:00,20.51,20.21,20.15,19.1,19.43,0.08,283.9,0.998,0.388,0.0,0.169,0.037
2020-01-09 15:15:00,20.51,20.21,20.18,19.14,19.44,0.08,272.1,0.994,0.393,0.0,0.149,0.034
2020-01-09 15:30:00,20.51,20.19,20.0,19.11,19.44,0.07,205.6,0.993,0.397,0.0,0.13,0.032
2020-01-09 15:45:00,20.5,20.18,19.76,19.07,19.41,0.07,139.1,0.995,0.404,0.0,0.146,0.031
2020-01-09 16:00:00,20.52,20.16,19.45,18.99,19.38,-0.05,72.6,0.998,0.411,0.0,0.164,0.044
2020-01-09 16:15:00,20.49,20.13,19.01,18.87,19.34,-0.17,6.1,0.989,0.421,0.0,0.206,0.059
2020-01-09 16:30:00,20.42,20.12,18.82,18.86,19.3,-0.29,4.6,1.0,0.436,0.0,0.266,0.08
2020-01-09 16:45:00,20.38,20.1,18.64,18.85,19.27,-0.41,0.0,1.0,0.441,0.0,0.269,0.102
2020-01-09 17:00:00,20.35,20.07,18.47,18.81,19.24,-0.45,0.0,1.0,0.452,0.0,0.277,0.116
2020-01-09 17:15:00,20.31,20.05,18.32,18.79,19.2,-0.49,0.0,1.0,0.465,0.0,0.297,0.131
2020-01-09 17:30:00,20.28,20.02,18.17,18.77,19.17,-0.53,0.0,1.0,0.477,0.0,0.306,0.148
2020-01-09 17:45:00,20.25,20.0,18.06,18.75,19.14,-0.57,0.0,1.0,0.489,0.016,0.317,0.164
2020-01-09 18:00:00,20.22,19.99,18.03,18.74,19.11,-0.62,0.0,1.0,0.5,0.072,0.327,0.179
2020-01-09 18:15:00,20.2,19.98,17.99,18.73,19.1,-0.66,0.0,1.0,0.505,0.084,0.332,0.193
2020-01-09 18:30:00,20.18,19.97,17.97,18.72,19.09,-0.71,0.0,1.0,0.51,0.107,0.337,0.199
2020-01-09 18:45:00,20.15,19.96,17.93,18.71,19.08,-0.76,0.0,1.0,0.515,0.117,0.341,0.205
2020-01-09 19:00:00,20.14,19.97,17.91,18.71,19.07,-0.84,0.0,1.0,0.519,0.133,0.345,0.21
2020-01-09 19:15:00,19.15,19.97,18.59,18.71,19.06,-0.93,0.0,0.0,0.516,1.0,0.344,0.215
2020-01-09 19:30:00,19.36,19.98,18.8,18.71,19.06,-1.02,0.0,0.423,0.513,0.705,0.343,0.221
2020-01-09 19:45:00,19.35,19.97,18.68,18.71,19.08,-1.1,0.0,0.318,0.511,0.602,0.344,0.221
2020-01-09 20:00:00,19.25,19.98,18.79,18.71,19.06,-1.12,0.0,0.327,0.513,0.659,0.345,0.211
2020-01-09 20:15:00,19.26,19.45,18.82,18.71,19.05,-1.13,0.0,0.377,0.01,0.605,0.344,0.218
2020-01-09 20:30:00,19.19,19.34,18.84,18.71,18.99,-1.14,0.0,0.37,0.273,0.59,0.343,0.227
2020-01-09 20:45:00,19.16,19.52,18.89,18.71,18.98,-1.15,0.0,0.405,0.33,0.579,0.347,0.255
2020-01-09 21:00:00,19.13,19.44,18.93,18.71,19.0,-1.18,0.0,0.421,0.239,0.554,0.347,0.259
2020-01-09 21:15:00,19.11,19.42,18.94,18.71,18.99,-1.22,0.0,0.435,0.282,0.536,0.347,0.252
2020-01-09 21:30:00,19.08,19.4,18.95,18.71,18.99,-1.25,0.0,0.446,0.292,0.53,0.346,0.255
2020-01-09 21:45:00,19.06,19.37,18.97,18.71,18.98,-1.29,0.0,0.458,0.299,0.523,0.347,0.257
2020-01-09 22:00:00,19.05,19.36,18.98,18.71,18.98,-1.34,0.0,0.468,0.313,0.516,0.347,0.259
2020-01-09 22:15:00,19.03,19.34,19.0,18.71,18.97,-1.38,0.0,0.477,0.321,0.508,0.346,0.261
2020-01-09 22:30:00,19.01,19.32,19.01,18.71,18.97,-1.43,0.0,0.486,0.33,0.501,0.345,0.263
2020-01-09 22:45:00,19.0,19.32,19.02,18.71,18.97,-1.48,0.0,0.494,0.34,0.495,0.344,0.265
2020-01-09 23:00:00,18.99,19.31,19.02,18.71,18.97,-1.52,0.0,0.498,0.34,0.491,0.344,0.267
2020-01-09 23:15:00,19.0,19.3,19.03,19.03,18.97,-1.55,0.0,0.506,0.346,0.491,0.647,0.267
2020-01-09 23:30:00,18.96,19.29,19.02,19.05,18.98,-1.58,0.0,0.5,0.348,0.483,0.483,0.267
2020-01-09 23:45:00,18.96,19.29,19.03,19.0,18.98,-1.62,0.0,0.52,0.354,0.489,0.473,0.26
2020-01-10 00:00:00,18.94,19.28,19.03,19.04,18.97,-1.69,0.0,0.522,0.357,0.486,0.498,0.262
2020-01-10 00:15:00,18.93,19.28,19.03,19.05,19.02,-1.77,0.0,0.528,0.36,0.485,0.48,0.514
2020-01-10 00:30:00,18.93,19.26,19.04,19.08,19.05,-1.84,0.0,0.533,0.362,0.484,0.473,0.49
2020-01-10 00:45:00,18.92,19.27,19.04,19.09,19.07,-1.91,0.0,0.534,0.369,0.481,0.46,0.473
2020-01-10 01:00:00,18.9,19.24,19.02,19.09,19.07,-2.02,0.0,0.538,0.367,0.481,0.455,0.467
2020-01-10 01:15:00,18.88,19.24,19.01,19.08,19.07,-2.12,0.0,0.551,0.379,0.491,0.457,0.464
2020-01-10 01:30:00,18.87,19.21,18.99,19.08,19.08,-2.22,0.0,0.558,0.382,0.496,0.461,0.463
2020-01-10 01:45:00,18.85,19.19,18.98,19.08,19.08,-2.32,0.0,0.567,0.394,0.504,0.458,0.462
2020-01-10 02:00:00,18.86,19.22,19.0,19.1,19.08,-2.36,0.0,0.576,0.403,0.511,0.462,0.461
2020-01-10 02:15:00,18.86,19.22,19.01,19.11,19.09,-2.4,0.0,0.57,0.391,0.498,0.452,0.459
2020-01-10 02:30:00,18.87,19.23,19.01,19.12,19.1,-2.44,0.0,0.571,0.388,0.495,0.447,0.454
2020-01-10 02:45:00,18.88,19.24,19.03,19.13,19.11,-2.48,0.0,0.563,0.384,0.495,0.442,0.449
2020-01-10 03:00:00,18.86,19.24,19.04,19.13,19.12,-2.51,0.0,0.562,0.379,0.486,0.435,0.444
2020-01-10 03:15:00,18.87,19.24,19.04,19.14,19.03,-2.55,0.0,0.569,0.38,0.479,0.434,0.0
2020-01-10 03:30:00,18.85,19.23,19.04,19.14,18.98,-2.58,0.0,0.564,0.379,0.48,0.431,0.0
2020-01-10 03:45:00,18.85,19.22,19.04,19.15,18.95,-2.61,0.0,0.574,0.383,0.48,0.431,0.01
2020-01-10 04:00:00,18.84,19.22,19.04,19.14,18.94,-2.65,0.0,0.573,0.39,0.479,0.423,0.023
2020-01-10 04:15:00,18.92,19.21,19.48,19.15,18.94,-2.69,0.0,0.63,0.392,1.0,0.429,0.03
2020-01-10 04:30:00,18.86,19.2,19.6,19.14,18.97,-2.74,0.0,0.592,0.393,1.0,0.426,0.029
2020-01-10 04:45:00,18.87,19.2,19.65,19.14,18.97,-2.78,0.0,0.618,0.398,1.0,0.429,0.015
2020-01-10 05:00:00,18.86,19.19,19.7,19.14,18.96,-2.82,0.0,0.615,0.399,1.0,0.43,0.017
2020-01-10 05:15:00,18.85,19.19,19.75,19.13,18.95,-2.87,0.0,0.618,0.403,0.999,0.432,0.02
2020-01-10 05:30:00,18.85,19.19,19.78,19.11,18.94,-2.91,0.0,0.623,0.407,0.976,0.435,0.024
2020-01-10 05:45:00,18.84,19.18,19.81,19.11,18.93,-2.96,0.0,0.625,0.403,0.961,0.443,0.028
2020-01-10 06:00:00,18.84,19.19,19.84,19.12,18.92,-2.99,0.0,0.629,0.41,0.947,0.443,0.033
2020-01-10 06:15:00,18.84,19.19,19.86,19.12,18.92,-3.02,0.0,0.628,0.407,0.929,0.441,0.039
2020-01-10 06:30:00,18.84,19.19,19.88,19.12,18.91,-3.05,0.0,0.628,0.407,0.919,0.441,0.041
2020-01-10 06:45:00,18.85,19.19,19.9,19.12,18.9,-3.09,0.0,0.628,0.406,0.909,0.439,0.045
2020-01-10 07:00:00,18.84,19.19,19.92,19.13,18.9,-3.12,0.0,0.627,0.405,0.899,0.438,0.048
2020-01-10 07:15:00,18.88,19.19,19.96,19.63,18.91,-3.15,0.0,0.628,0.405,0.891,1.0,0.051
2020-01-10 07:30:00,18.84,19.19,19.95,19.72,18.95,-3.19,0.0,0.612,0.403,0.87,0.784,0.047
2020-01-10 07:45:00,18.85,19.2,19.98,19.7,18.95,-3.22,0.0,0.63,0.403,0.873,0.738,0.024
2020-01-10 08:00:00,18.85,19.19,19.98,19.76,18.94,-3.2,0.0,0.624,0.402,0.861,0.75,0.026
2020-01-10 08:15:00,18.88,19.69,20.02,19.8,18.95,-3.18,3.5,0.626,0.954,0.859,0.721,0.029
2020-01-10 08:30:00,18.86,19.91,20.05,19.84,19.0,-3.16,48.9,0.61,0.707,0.841,0.699,0.023
2020-01-10 08:45:00,18.88,20.04,20.15,19.88,19.02,-3.14,94.4,0.622,0.597,0.823,0.682,0.0
2020-01-10 09:00:00,18.88,20.17,20.21,19.92,19.05,-3.0,139.8,0.612,0.531,0.776,0.66,0.0
2020-01-10 09:15:00,18.9,20.33,20.31,19.94,19.08,-2.86,185.2,0.608,0.463,0.743,0.639,0.0
2020-01-10 09:30:00,18.91,20.39,20.37,19.95,19.11,-2.71,199.6,0.602,0.384,0.694,0.632,0.0
2020-01-10 09:45:00,18.92,20.45,20.45,19.97,19.13,-2.57,214.1,0.596,0.356,0.664,0.624,0.0
2020-01-10 10:00:00,18.92,20.48,20.5,19.99,19.15,-2.44,228.5,0.589,0.323,0.627,0.615,0.0
2020-01-10 10:15:00,18.93,20.52,20.57,20.0,19.16,-2.32,242.9,0.588,0.311,0.599,0.606,0.0
2020-01-10 10:30:00,18.9,20.53,20.67,20.01,19.18,-2.19,253.2,0.583,0.292,0.565,0.599,0.0
2020-01-10 10:45:00,18.92,20.53,20.72,20.02,19.19,-2.06,263.5,0.598,0.286,0.514,0.593,0.0
2020-01-10 11:00:00,18.96,20.58,20.83,20.06,19.2,-1.95,273.8,0.588,0.285,0.488,0.588,0.0
2020-01-10 11:15:00,18.99,20.6,20.92,20.09,19.23,-1.83,284.1,0.569,0.261,0.434,0.569,0.0
2020-01-10 11:30:00,19.04,20.61,20.99,20.12,19.25,-1.71,289.7,0.557,0.251,0.391,0.556,0.0
2020-01-10 11:45:00,19.05,20.62,21.11,20.15,19.27,-1.6,295.4,0.529,0.245,0.355,0.541,0.0
2020-01-10 12:00:00,19.05,20.56,21.14,20.15,19.29,-1.51,301.0,0.523,0.241,0.297,0.526,0.0
2020-01-10 12:15:00,19.04,20.52,21.24,20.16,19.29,-1.43,306.6,0.523,0.268,0.281,0.526,0.0
2020-01-10 12:30:00,19.05,20.46,21.25,20.16,19.3,-1.35,302.3,0.528,0.288,0.229,0.522,0.0
2020-01-10 12:45:00,19.05,20.41,21.3,20.17,19.3,-1.26,297.9,0.524,0.318,0.226,0.519,0.0
2020-01-10 13:00:00,19.04,20.33,21.26,20.17,19.3,-1.21,293.6,0.523,0.346,0.199,0.515,0.0
2020-01-10 13:15:00,19.04,20.28,21.3,20.17,19.29,-1.15,289.3,0.528,0.384,0.219,0.517,0.0
2020-01-10 13:30:00,19.08,20.23,21.28,20.16,19.29,-1.09,300.7,0.528,0.409,0.202,0.516,0.0
2020-01-10 13:45:00,19.06,20.2,21.41,20.16,19.28,-1.04,312.1,0.51,0.436,0.21,0.52,0.0
2020-01-10 14:00:00,19.05,20.17,21.42,20.17,19.29,-1.02,323.5,0.522,0.452,0.146,0.519,0.0
2020-01-10 14:15:00,18.99,20.15,21.57,20.2,19.29,-1.01,334.9,0.523,0.466,0.138,0.515,0.0
2020-01-10 14:30:00,19.0,20.12,21.49,20.23,19.31,-0.99,316.5,0.557,0.477,0.063,0.5,0.0
2020-01-10 14:45:00,18.98,20.17,21.5,20.18,19.3,-0.98,298.0,0.55,0.491,0.107,0.487,0.0
2020-01-10 15:00:00,18.97,20.13,21.46,20.25,19.3,-1.02,279.6,0.562,0.464,0.099,0.511,0.0
2020-01-10 15:15:00,18.96,20.12,21.43,20.29,19.3,-1.06,261.2,0.565,0.483,0.119,0.475,0.0
2020-01-10 15:30:00,18.95,20.11,21.26,20.27,19.29,-1.1,197.8,0.57,0.488,0.134,0.456,0.0
2020-01-10 15:45:00,18.93,20.1,21.13,20.25,19.26,-1.14,134.3,0.577,0.493,0.218,0.463,0.0
2020-01-10 16:00:00,18.92,20.08,20.92,20.19,19.24,-1.26,70.9,0.583,0.501,0.284,0.473,0.0
2020-01-10 16:15:00,18.91,20.07,20.73,20.11,19.19,-1.38,7.4,0.591,0.508,0.39,0.506,0.0
2020-01-10 16:30:00,18.9,20.06,20.68,20.12,19.15,-1.5,5.6,0.597,0.514,0.486,0.546,0.0
2020-01-10 16:45:00,18.89,20.05,20.61,20.11,19.13,-1.63,0.0,0.601,0.518,0.509,0.538,0.0
2020-01-10 17:00:00,18.81,20.0,20.51,20.03,19.11,-1.7,0.0,0.604,0.523,0.547,0.543,0.0
2020-01-10 17:15:00,18.79,19.97,20.44,19.99,19.07,-1.77,0.0,0.643,0.55,0.596,0.586,0.0
2020-01-10 17:30:00,18.75,19.94,20.37,19.95,19.05,-1.84,0.0,0.656,0.564,0.628,0.605,0.0
2020-01-10 17:45:00,18.71,19.91,20.31,19.91,19.02,-1.91,0.0,0.677,0.58,0.665,0.626,0.0
2020-01-10 18:00:00,18.72,19.92,20.29,19.92,18.99,-1.98,0.0,0.693,0.593,0.693,0.644,0.0
2020-01-10 18:15:00,18.72,19.92,20.26,19.92,18.98,-2.04,0.0,0.689,0.589,0.707,0.639,0.003
2020-01-10 18:30:00,18.72,19.92,20.25,19.93,18.97,-2.11,0.0,0.692,0.591,0.719,0.639,0.008
2020-01-10 18:45:00,18.72,19.93,20.24,19.94,18.97,-2.18,0.0,0.69,0.589,0.726,0.637,0.013
2020-01-10 19:00:00,18.73,19.93,20.23,19.94,18.96,-2.25,0.0,0.688,0.586,0.732,0.632,0.016
2020-01-10 19:15:00,18.74,19.94,20.22,19.95,19.03,-2.31,0.0,0.686,0.584,0.736,0.629,0.518
2020-01-10 19:30:00,18.76,19.96,20.26,19.98,19.06,-2.38,0.0,0.682,0.581,0.738,0.623,0.485
2020-01-10 19:45:00,18.77,19.97,20.26,19.99,19.08,-2.45,0.0,0.671,0.57,0.721,0.61,0.471
2020-01-10 20:00:00,18.78,19.98,20.27,20.01,19.1,-2.51,0.0,0.667,0.566,0.722,0.604,0.458
2020-01-10 20:15:00,18.78,20.0,19.55,20.03,19.09,-2.58,0.0,0.609,0.56,0.0,0.595,0.449
2020-01-10 20:30:00,18.76,20.0,19.54,20.04,19.05,-2.64,0.0,0.61,0.552,0.224,0.583,0.454
2020-01-10 20:45:00,18.79,20.01,19.59,20.06,19.08,-2.7,0.0,0.62,0.551,0.229,0.578,0.473
2020-01-10 21:00:00,18.79,20.03,19.53,20.07,19.11,-2.76,0.0,0.606,0.545,0.203,0.569,0.459
2020-01-10 21:15:00,18.8,20.04,19.52,20.08,19.12,-2.82,0.0,0.603,0.534,0.236,0.566,0.445
2020-01-10 21:30:00,18.81,20.05,19.49,20.09,19.13,-2.88,0.0,0.598,0.529,0.239,0.559,0.44
2020-01-10 21:45:00,18.8,20.06,19.48,20.1,19.14,-2.94,0.0,0.595,0.524,0.257,0.555,0.433
2020-01-10 22:00:00,18.81,20.06,19.43,20.1,19.15,-2.91,0.0,0.598,0.52,0.26,0.549,0.428
2020-01-10 22:15:00,18.81,20.06,19.41,20.1,19.16,-2.87,0.0,0.595,0.521,0.285,0.55,0.423
2020-01-10 22:30:00,18.81,20.06,19.37,20.1,19.17,-2.84,0.0,0.596,0.52,0.296,0.549,0.42
2020-01-10 22:45:00,18.81,20.06,19.36,20.1,19.17,-2.8,0.0,0.595,0.52,0.316,0.549,0.416
2020-01-10 23:00:00,18.8,20.05,19.33,20.1,19.18,-2.83,0.0,0.594,0.52,0.318,0.548,0.413
2020-01-10 23:15:00,18.82,20.05,19.32,19.5,19.16,-2.87,0.0,0.6,0.523,0.333,0.0,0.41
2020-01-10 23:30:00,18.77,20.03,19.28,19.32,19.12,-2.9,0.0,0.589,0.523,0.338,0.248,0.418
2020-01-10 23:45:00,18.77,20.02,19.27,19.53,19.12,-2.93,0.0,0.613,0.533,0.359,0.342,0.44
2020-01-11 00:00:00,18.78,20.03,19.26,19.44,19.13,-2.98,0.0,0.613,0.538,0.367,0.233,0.442
2020-01-11 00:15:00,18.8,19.47,19.26,19.42,19.12,-3.03,0.0,0.612,0.0,0.371,0.28,0.434
2020-01-11 00:30:00,18.76,19.33,19.23,19.39,19.07,-3.08,0.0,0.6,0.265,0.37,0.291,0.442
2020-01-11 00:45:00,18.76,19.53,19.23,19.36,19.06,-3.13,0.0,0.621,0.336,0.384,0.307,0.467
2020-01-11 01:00:00,18.76,19.44,19.22,19.33,19.08,-3.18,0.0,0.619,0.237,0.386,0.321,0.469
2020-01-11 01:15:00,18.76,19.43,19.21,19.3,19.08,-3.24,0.0,0.62,0.282,0.391,0.335,0.46
2020-01-11 01:30:00,18.75,19.43,19.2,19.28,19.08,-3.29,0.0,0.621,0.286,0.393,0.348,0.462
2020-01-11 01:45:00,18.75,19.39,19.2,19.27,19.08,-3.34,0.0,0.624,0.286,0.398,0.362,0.462
2020-01-11 02:00:00,18.74,19.36,19.18,19.25,19.08,-3.38,0.0,0.626,0.304,0.401,0.365,0.462
2020-01-11 02:15:00,18.73,19.34,19.17,19.24,19.07,-3.42,0.0,0.63,0.319,0.409,0.373,0.462
2020-01-11 02:30:00,18.73,19.31,19.16,19.23,19.07,-3.46,0.0,0.633,0.332,0.414,0.38,0.463
2020-01-11 02:45:00,18.72,19.28,19.15,19.22,19.07,-3.5,0.0,0.637,0.346,0.421,0.386,0.463
2020-01-11 03:00:00,18.73,19.27,19.16,19.22,19.07,-3.52,0.0,0.64,0.36,0.427,0.392,0.463
2020-01-11 03:15:00,18.73,19.27,19.15,19.22,19.08,-3.55,0.0,0.637,0.364,0.422,0.39,0.464
2020-01-11 03:30:00,18.73,19.27,19.16,19.22,19.08,-3.57,0.0,0.637,0.366,0.423,0.391,0.462
2020-01-11 03:45:00,18.73,19.26,19.16,19.22,19.08,-3.59,0.0,0.635,0.367,0.422,0.391,0.461
2020-01-11 04:00:00,18.72,19.25,19.15,19.21,19.08,-3.61,0.0,0.634,0.368,0.421,0.391,0.46
2020-01-11 04:15:00,18.72,19.24,19.14,19.2,19.08,-3.63,0.0,0.638,0.376,0.427,0.396,0.458
2020-01-11 04:30:00,18.72,19.23,19.13,19.2,19.08,-3.64,0.0,0.638,0.38,0.429,0.398,0.458
2020-01-11 04:45:00,18.72,19.22,19.13,19.19,19.09,-3.66,0.0,0.641,0.385,0.433,0.401,0.458
2020-01-11 05:00:00,18.7,19.2,19.1,19.18,19.09,-3.68,0.0,0.642,0.39,0.437,0.404,0.457
2020-01-11 05:15:00,18.69,19.18,19.33,19.17,19.08,-3.69,0.0,0.649,0.4,0.649,0.412,0.457
2020-01-11 05:30:00,18.68,19.17,19.24,19.15,19.1,-3.71,0.0,0.653,0.409,0.533,0.417,0.458
2020-01-11 05:45:00,18.68,19.15,19.25,19.14,19.09,-3.73,0.0,0.658,0.417,0.579,0.423,0.452
2020-01-11 06:00:00,18.68,19.16,19.27,19.15,19.09,-3.74,0.0,0.661,0.425,0.576,0.428,0.454
2020-01-11 06:15:00,18.71,19.56,19.29,18.62,19.1,-3.75,0.0,0.662,0.871,0.563,0.0,0.504
2020-01-11 06:30:00,18.68,19.66,19.28,18.16,19.11,-3.76,0.0,0.645,0.671,0.557,0.0,0.499
2020-01-11 06:45:00,18.69,19.59,19.3,18.09,19.07,-3.77,0.0,0.661,0.62,0.559,0.0,0.496
2020-01-11 07:00:00,18.69,19.63,19.3,18.03,19.06,-3.79,0.0,0.656,0.654,0.552,0.0,0.513
2020-01-11 07:15:00,17.84,19.65,19.32,17.99,19.02,-3.8,0.0,0.0,0.634,0.55,0.0,0.521
2020-01-11 07:30:00,17.71,19.65,19.3,17.91,18.93,-3.82,0.0,0.082,0.625,0.54,0.0,0.54
2020-01-11 07:45:00,17.72,19.67,19.31,17.82,18.93,-3.83,0.0,0.145,0.627,0.548,0.0,0.585
2020-01-11 08:00:00,17.6,19.65,19.28,17.71,18.93,-3.75,0.0,0.142,0.617,0.547,0.0,0.585
2020-01-11 08:15:00,17.59,19.65,19.28,17.6,18.89,-3.67,7.8,0.201,0.625,0.558,0.0,0.587
2020-01-11 08:30:00,17.51,19.92,19.35,17.58,18.88,-3.58,86.4,0.206,0.624,0.559,0.051,0.603
2020-01-11 08:45:00,17.49,20.17,19.45,17.54,18.9,-3.5,165.0,0.243,0.492,0.524,0.062,0.611
2020-01-11 09:00:00,17.51,20.41,19.6,17.54,18.93,-3.12,243.6,0.253,0.367,0.474,0.082,0.6
2020-01-11 09:15:00,17.53,20.65,19.77,17.55,18.98,-2.74,322.2,0.243,0.245,0.399,0.08,0.583
2020-01-11 09:30:00,17.56,20.77,19.89,17.54,19.04,-2.36,349.7,0.234,0.126,0.316,0.073,0.558
2020-01-11 09:45:00,17.59,20.85,20.04,17.57,19.07,-1.98,377.3,0.219,0.067,0.256,0.079,0.531
2020-01-11 10:00:00,17.63,20.95,20.16,17.58,19.11,-1.62,404.8,0.206,0.023,0.182,0.064,0.515
2020-01-11 10:15:00,17.65,21.08,20.33,17.6,19.14,-1.27,432.4,0.186,0.0,0.121,0.058,0.496
2020-01-11 10:30:00,17.68,21.26,20.53,17.62,19.19,-0.91,483.1,0.177,0.0,0.035,0.049,0.478
2020-01-11 10:45:00,17.7,21.45,20.81,17.64,19.25,-0.55,533.9,0.159,0.0,0.0,0.038,0.456
2020-01-11 11:00:00,17.75,21.6,21.14,17.66,19.32,-0.14,584.6,0.149,0.0,0.0,0.031,0.427
2020-01-11 11:15:00,17.8,21.78,21.58,17.71,19.41,0.26,635.4,0.126,0.0,0.0,0.018,0.39
2020-01-11 11:30:00,17.81,21.78,21.81,17.73,19.49,0.67,607.1,0.1,0.0,0.0,0.0,0.343
2020-01-11 11:45:00,17.85,21.71,21.96,17.75,19.51,1.08,578.8,0.093,0.0,0.0,0.0,0.306
2020-01-11 12:00:00,17.83,21.59,22.07,17.76,19.53,1.29,550.5,0.076,0.0,0.0,0.0,0.293
2020-01-11 12:15:00,17.85,21.45,22.19,17.77,19.53,1.5,522.2,0.085,0.0,0.0,0.0,0.283
2020-01-11 12:30:00,17.82,21.26,22.22,17.76,19.54,1.71,470.7,0.073,0.0,0.0,0.0,0.283
2020-01-11 12:45:00,17.84,21.06,22.21,17.75,19.51,1.92,419.1,0.091,0.0,0.0,0.0,0.281
2020-01-11 13:00:00,17.79,20.85,22.11,17.72,19.49,1.91,367.5,0.079,0.0,0.0,0.0,0.294
2020-01-11 13:15:00,17.81,20.7,22.01,17.69,19.44,1.91,316.0,0.105,0.026,0.0,0.0,0.306
2020-01-11 13:30:00,17.77,20.66,22.01,17.67,19.4,1.9,312.9,0.096,0.1,0.0,0.003,0.332
2020-01-11 13:45:00,17.79,20.59,22.0,17.67,19.39,1.89,309.9,0.113,0.122,0.0,0.015,0.348
2020-01-11 14:00:00,17.73,20.51,21.97,17.64,19.39,1.89,306.9,0.107,0.155,0.0,0.014,0.354
2020-01-11 14:15:00,17.75,20.45,21.94,17.65,19.36,1.88,303.8,0.133,0.193,0.0,0.028,0.357
2020-01-11 14:30:00,17.69,20.38,21.84,17.64,19.35,1.88,282.5,0.126,0.224,0.0,0.023,0.369
2020-01-11 14:45:00,17.7,20.33,21.74,17.64,19.32,1.87,261.2,0.153,0.258,0.0,0.03,0.373
2020-01-11 15:00:00,17.65,20.28,21.63,17.64,19.3,1.75,239.9,0.149,0.285,0.0,0.032,0.389
2020-01-11 15:15:00,17.64,20.25,21.54,17.65,19.27,1.62,218.6,0.173,0.311,0.0,0.029,0.399
2020-01-11 15:30:00,17.61,20.2,21.32,17.61,19.26,1.49,166.0,0.18,0.327,0.0,0.027,0.413
2020-01-11 15:45:00,17.59,20.14,21.09,17.6,19.21,1.37,113.3,0.195,0.348,0.0,0.045,0.422
2020-01-11 16:00:00,17.55,20.11,20.8,17.51,19.16,1.14,60.7,0.206,0.379,0.0,0.052,0.445
2020-01-11 16:15:00,17.51,20.08,20.44,17.4,19.08,0.92,8.1,0.226,0.393,0.0,0.093,0.471
2020-01-11 16:30:00,17.48,20.04,20.2,17.4,19.02,0.7,6.1,0.247,0.408,0.0,0.15,0.509
2020-01-11 16:45:00,17.46,20.02,20.11,17.38,18.99,0.48,0.0,0.262,0.432,0.1,0.15,0.539
2020-01-11 17:00:00,17.43,19.98,20.0,17.34,18.98,0.37,0.0,0.27,0.442,0.143,0.161,0.554
2020-01-11 17:15:00,17.42,19.96,19.91,17.32,18.95,0.26,0.0,0.286,0.458,0.201,0.182,0.562
2020-01-11 17:30:00,17.39,19.94,19.82,17.3,18.93,0.15,0.0,0.291,0.469,0.244,0.188,0.575
2020-01-11 17:45:00,17.38,19.92,19.75,17.28,18.92,0.04,0.0,0.305,0.481,0.288,0.201,0.583
2020-01-11 18:00:00,17.39,19.92,19.7,17.29,18.9,-0.06,0.0,0.31,0.491,0.326,0.209,0.592
2020-01-11 18:15:00,17.38,19.92,19.67,17.29,18.9,-0.16,0.0,0.307,0.489,0.352,0.204,0.598
2020-01-11 18:30:00,17.39,19.92,19.65,17.3,18.9,-0.26,0.0,0.311,0.49,0.365,0.206,0.599
2020-01-11 18:45:00,17.39,19.93,19.63,17.3,18.9,-0.37,0.0,0.306,0.489,0.375,0.202,0.6
2020-01-11 19:00:00,17.39,19.93,19.62,17.3,18.9,-0.46,0.0,0.306,0.487,0.383,0.2,0.6
2020-01-11 19:15:00,17.4,19.93,19.61,17.31,18.9,-0.56,0.0,0.304,0.487,0.391,0.199,0.599
2020-01-11 19:30:00,17.4,19.93,19.6,17.31,18.91,-0.66,0.0,0.302,0.485,0.396,0.196,0.599
2020-01-11 19:45:00,17.4,19.94,19.59,17.32,18.91,-0.76,0.0,0.3,0.483,0.399,0.193,0.597
2020-01-11 20:00:00,17.39,19.93,19.58,17.31,18.91,-0.87,0.0,0.299,0.482,0.403,0.192,0.596
2020-01-11 20:15:00,17.4,19.93,19.58,17.31,18.91,-0.97,0.0,0.303,0.485,0.409,0.195,0.595
2020-01-11 20:30:00,17.39,19.93,19.57,17.31,18.91,-1.08,0.0,0.302,0.486,0.412,0.194,0.597
2020-01-11 20:45:00,17.39,19.93,19.56,17.31,18.91,-1.18,0.0,0.305,0.487,0.416,0.196,0.596
2020-01-11 21:00:00,17.38,19.92,19.54,17.3,18.91,-1.28,0.0,0.306,0.487,0.418,0.197,0.597
2020-01-11 21:15:00,17.38,19.91,19.26,17.3,18.9,-1.38,0.0,0.31,0.491,0.228,0.201,0.597
2020-01-11 21:30:00,17.37,19.91,19.36,17.29,18.88,-1.48,0.0,0.311,0.494,0.368,0.202,0.599
2020-01-11 21:45:00,17.36,19.9,19.32,17.28,18.88,-1.58,0.0,0.315,0.497,0.322,0.205,0.61
2020-01-11 22:00:00,17.36,19.9,19.31,17.28,18.88,-1.67,0.0,0.322,0.502,0.338,0.21,0.608
2020-01-11 22:15:00,17.36,19.43,19.31,17.98,18.89,-1.77,0.0,0.318,0.051,0.346,1.0,0.561
2020-01-11 22:30:00,17.37,19.33,19.3,18.5,18.93,-1.87,0.0,0.32,0.287,0.345,1.0,0.557
2020-01-11 22:45:00,17.36,19.47,19.28,18.45,18.97,-1.96,0.0,0.316,0.333,0.349,0.749,0.536
2020-01-11 23:00:00,17.36,19.37,19.26,18.54,18.97,-2.07,0.0,0.32,0.264,0.359,0.775,0.516
2020-01-11 23:15:00,18.0,19.35,19.25,18.62,19.0,-2.18,0.0,1.0,0.316,0.368,0.731,0.517
2020-01-11 23:30:00,18.29,19.33,19.23,18.69,19.08,-2.29,0.0,1.0,0.325,0.373,0.689,0.502
2020-01-11 23:45:00,18.19,19.3,19.22,18.75,19.11,-2.4,0.0,0.854,0.337,0.386,0.655,0.458
2020-01-12 00:00:00,18.22,19.24,19.18,18.8,19.1,-2.55,0.0,0.907,0.351,0.391,0.625,0.445
2020-01-12 00:15:00,18.23,19.21,19.15,18.8,19.1,-2.71,0.0,0.889,0.378,0.412,0.6,0.449
2020-01-12 00:30:00,18.28,19.18,19.08,18.81,19.1,-2.86,0.0,0.885,0.395,0.423,0.599,0.448
2020-01-12 00:45:00,18.28,19.15,19.07,18.82,19.11,-3.02,0.0,0.86,0.41,0.462,0.595,0.448
2020-01-12 01:00:00,18.32,19.16,19.08,18.84,19.11,-3.21,0.0,0.861,0.427,0.467,0.592,0.447
2020-01-12 01:15:00,18.3,19.15,19.12,18.85,19.11,-3.4,0.0,0.841,0.421,0.462,0.582,0.447
2020-01-12 01:30:00,18.36,19.15,19.08,18.86,19.11,-3.59,0.0,0.851,0.424,0.442,0.576,0.445
2020-01-12 01:45:00,18.36,19.18,19.09,18.85,19.12,-3.78,0.0,0.822,0.426,0.46,0.569,0.445
2020-01-12 02:00:00,18.39,19.17,19.1,18.89,19.12,-3.91,0.0,0.821,0.408,0.455,0.574,0.442
2020-01-12 02:15:00,18.41,19.18,19.1,18.91,19.12,-4.04,0.0,0.806,0.413,0.452,0.556,0.441
2020-01-12 02:30:00,18.44,19.19,19.11,18.93,19.13,-4.17,0.0,0.794,0.409,0.45,0.546,0.438
2020-01-12 02:45:00,18.46,19.2,19.12,18.95,19.13,-4.3,0.0,0.781,0.403,0.444,0.535,0.436
2020-01-12 03:00:00,18.47,19.2,19.12,18.96,19.14,-4.39,0.0,0.768,0.398,0.439,0.523,0.433
2020-01-12 03:15:00,18.49,19.21,19.12,18.98,19.14,-4.49,0.0,0.763,0.398,0.441,0.519,0.43
2020-01-12 03:30:00,18.5,19.21,19.13,18.99,19.14,-4.59,0.0,0.756,0.397,0.438,0.512,0.429
2020-01-12 03:45:00,18.51,19.23,19.13,18.98,19.15,-4.68,0.0,0.752,0.396,0.437,0.507,0.428
2020-01-12 04:00:00,18.51,19.21,19.12,18.99,19.15,-4.77,0.0,0.746,0.387,0.436,0.509,0.427
2020-01-12 04:15:00,18.67,19.21,19.13,18.39,19.14,-4.85,0.0,0.897,0.396,0.441,0.0,0.426
2020-01-12 04:30:00,18.6,19.2,19.13,18.01,19.09,-4.94,0.0,0.816,0.395,0.437,0.056,0.431
2020-01-12 04:45:00,18.6,19.19,19.11,18.2,19.05,-5.02,0.0,0.85,0.401,0.437,0.243,0.455
2020-01-12 05:00:00,18.61,19.19,19.11,18.09,19.07,-5.11,0.0,0.849,0.405,0.445,0.149,0.476
2020-01-12 05:15:00,18.62,19.18,19.1,18.05,18.96,-5.2,0.0,0.845,0.407,0.447,0.206,0.0
2020-01-12 05:30:00,18.59,19.17,19.08,18.0,18.89,-5.28,0.0,0.841,0.409,0.448,0.225,0.0
2020-01-12 05:45:00,18.6,19.16,19.08,17.95,18.85,-5.37,0.0,0.854,0.417,0.459,0.25,0.0
2020-01-12 06:00:00,18.59,19.14,19.06,17.9,18.83,-5.43,0.0,0.851,0.42,0.462,0.274,0.0
2020-01-12 06:15:00,18.58,19.13,19.04,17.9,18.79,-5.5,0.0,0.857,0.429,0.472,0.298,0.0
2020-01-12 06:30:00,18.57,19.12,19.03,17.88,18.76,-5.57,0.0,0.859,0.435,0.479,0.302,0.0
2020-01-12 06:45:00,18.57,19.1,19.01,17.86,18.74,-5.63,0.0,0.863,0.442,0.487,0.312,0.0
2020-01-12 07:00:00,18.58,19.12,19.03,17.87,18.71,-5.72,0.0,0.867,0.449,0.496,0.32,0.0
2020-01-12 07:15:00,18.59,18.85,19.02,17.86,18.69,-5.8,0.0,0.86,0.241,0.486,0.316,0.0
2020-01-12 07:30:00,18.6,18.91,19.03,17.87,18.64,-5.89,0.0,0.856,0.376,0.488,0.318,0.0
2020-01-12 07:45:00,18.62,18.92,19.01,17.87,18.62,-5.97,0.0,0.851,0.346,0.484,0.316,0.0
2020-01-12 08:00:00,18.61,18.89,19.03,17.86,18.6,-5.98,0.0,0.841,0.338,0.494,0.317,0.0
2020-01-12 08:15:00,18.67,18.89,19.46,17.86,18.6,-5.99,3.5,0.847,0.357,1.0,0.32,0.0
2020-01-12 08:30:00,18.64,18.97,19.6,17.88,18.62,-5.99,28.8,0.813,0.353,1.0,0.318,0.0
2020-01-12 08:45:00,18.66,19.03,19.68,17.89,18.63,-6.0,54.1,0.83,0.316,1.0,0.312,0.0
2020-01-12 09:00:00,18.69,19.07,19.77,17.91,18.64,-5.93,79.3,0.82,0.287,1.0,0.306,0.0
2020-01-12 09:15:00,18.72,19.14,19.89,17.92,18.65,-5.86,104.6,0.803,0.264,1.0,0.295,0.0
2020-01-12 09:30:00,18.74,19.17,20.0,17.93,18.66,-5.79,123.9,0.792,0.231,1.0,0.292,0.0
2020-01-12 09:45:00,18.77,19.22,20.1,17.95,18.68,-5.72,143.1,0.778,0.213,0.948,0.284,0.0
2020-01-12 10:00:00,18.8,19.26,20.2,17.96,18.69,-5.66,162.4,0.764,0.192,0.9,0.277,0.0
2020-01-12 10:15:00,18.83,19.29,20.3,17.98,18.71,-5.59,181.6,0.75,0.172,0.85,0.269,0.0
2020-01-12 10:30:00,18.85,19.29,20.38,17.99,18.72,-5.53,188.7,0.735,0.156,0.799,0.262,0.0
2020-01-12 10:45:00,18.88,19.3,20.45,18.0,18.73,-5.47,195.7,0.723,0.153,0.76,0.256,0.0
2020-01-12 11:00:00,18.9,19.31,20.52,18.01,18.74,-5.41,202.8,0.711,0.15,0.726,0.251,0.0
2020-01-12 11:15:00,18.92,19.31,20.58,18.02,18.75,-5.35,209.8,0.699,0.147,0.692,0.245,0.0
2020-01-12 11:30:00,18.94,19.29,20.62,18.03,18.76,-5.29,210.5,0.688,0.147,0.661,0.24,0.0
2020-01-12 11:45:00,18.96,19.28,20.68,18.03,18.76,-5.23,211.3,0.678,0.154,0.64,0.236,0.0
2020-01-12 12:00:00,18.97,19.25,20.71,18.04,18.77,-5.19,212.0,0.669,0.16,0.612,0.233,0.0
2020-01-12 12:15:00,18.98,19.23,20.75,18.04,18.77,-5.16,212.7,0.666,0.173,0.593,0.232,0.0
2020-01-12 12:30:00,18.98,19.19,20.77,18.04,18.77,-5.12,207.2,0.661,0.186,0.575,0.23,0.0
2020-01-12 12:45:00,18.98,19.16,20.79,18.03,18.76,-5.09,201.7,0.66,0.204,0.564,0.232,0.0
2020-01-12 13:00:00,18.99,19.13,20.81,18.03,18.76,-5.08,196.2,0.658,0.221,0.554,0.233,0.0
2020-01-12 13:15:00,18.99,19.1,20.82,18.03,18.75,-5.08,190.7,0.657,0.236,0.547,0.234,0.0
2020-01-12 13:30:00,18.98,19.06,20.81,18.02,18.75,-5.08,178.3,0.657,0.251,0.541,0.236,0.0
2020-01-12 13:45:00,18.98,19.04,20.8,18.01,18.73,-5.07,165.9,0.659,0.268,0.545,0.24,0.0
2020-01-12 14:00:00,18.97,19.03,20.78,18.01,18.72,-5.11,153.4,0.662,0.279,0.551,0.244,0.0
2020-01-12 14:15:00,18.96,19.01,20.76,18.01,18.71,-5.15,141.0,0.666,0.286,0.559,0.243,0.0
2020-01-12 14:30:00,18.95,18.99,20.74,18.01,18.7,-5.19,127.7,0.67,0.295,0.569,0.243,0.0
2020-01-12 14:45:00,18.94,18.98,20.7,18.01,18.69,-5.22,114.4,0.676,0.303,0.582,0.243,0.0
2020-01-12 15:00:00,18.92,18.96,20.67,18.01,18.67,-5.28,101.0,0.682,0.312,0.598,0.244,0.0
2020-01-12 15:15:00,18.91,18.94,20.6,17.99,18.66,-5.34,87.7,0.689,0.319,0.614,0.246,0.0
2020-01-12 15:30:00,18.89,18.93,20.55,17.97,18.64,-5.39,66.9,0.697,0.328,0.649,0.255,0.0
2020-01-12 15:45:00,18.87,18.92,20.48,17.94,18.61,-5.45,46.2,0.706,0.336,0.677,0.264,0.0
2020-01-12 16:00:00,18.83,18.88,20.41,17.92,18.59,-5.53,25.5,0.717,0.339,0.711,0.282,0.0
2020-01-12 16:15:00,18.8,18.86,20.34,17.88,18.56,-5.6,4.7,0.733,0.362,0.746,0.29,0.0
2020-01-12 16:30:00,18.78,18.84,20.3,17.87,18.53,-5.68,3.5,0.748,0.372,0.78,0.311,0.0
2020-01-12 16:45:00,18.76,18.82,20.26,17.85,18.51,-5.76,0.0,0.759,0.378,0.798,0.315,0.0
2020-01-12 17:00:00,18.74,18.8,20.23,17.83,18.49,-5.82,0.0,0.771,0.39,0.818,0.325,0.0
2020-01-12 17:15:00,18.71,18.79,20.2,17.82,18.47,-5.89,0.0,0.782,0.399,0.834,0.334,0.0
2020-01-12 17:30:00,18.69,18.77,20.16,17.8,18.45,-5.95,0.0,0.793,0.407,0.852,0.341,0.0
2020-01-12 17:45:00,18.68,18.75,20.13,17.79,18.43,-6.02,0.0,0.803,0.416,0.868,0.349,0.0
2020-01-12 18:00:00,18.66,18.74,20.11,17.77,18.41,-6.05,0.0,0.812,0.423,0.883,0.357,0.0
2020-01-12 18:15:00,18.65,18.73,20.08,17.76,18.39,-6.08,0.0,0.82,0.43,0.897,0.363,0.0
2020-01-12 18:30:00,18.63,18.72,20.06,17.75,18.38,-6.11,0.0,0.827,0.436,0.91,0.369,0.0
2020-01-12 18:45:00,18.62,18.71,20.03,17.74,18.36,-6.14,0.0,0.835,0.442,0.922,0.375,0.0
2020-01-12 19:00:00,18.63,18.73,20.05,17.76,18.34,-6.19,0.0,0.841,0.447,0.933,0.38,0.0
2020-01-12 19:15:00,18.64,18.74,20.06,17.77,18.34,-6.24,0.0,0.834,0.436,0.923,0.368,0.0
2020-01-12 19:30:00,18.65,18.76,20.08,17.78,18.34,-6.29,0.0,0.832,0.429,0.92,0.367,0.0
2020-01-12 19:45:00,18.66,18.77,20.09,17.79,18.34,-6.34,0.0,0.825,0.421,0.911,0.36,0.0
2020-01-12 20:00:00,18.65,18.76,20.07,17.78,18.33,-6.4,0.0,0.819,0.415,0.907,0.353,0.0
2020-01-12 20:15:00,18.56,18.76,20.1,18.38,18.34,-6.46,0.0,0.676,0.422,0.913,1.0,0.0
2020-01-12 20:30:00,18.52,18.74,20.07,18.65,18.36,-6.52,0.0,0.719,0.42,0.901,0.812,0.0
2020-01-12 20:45:00,18.53,18.74,20.07,18.53,18.35,-6.58,0.0,0.739,0.431,0.916,0.675,0.0
2020-01-12 21:00:00,18.52,18.74,20.07,18.6,18.34,-6.62,0.0,0.735,0.429,0.914,0.736,0.0
2020-01-12 21:15:00,18.51,18.74,20.06,18.64,18.45,-6.66,0.0,0.739,0.428,0.915,0.702,0.83
2020-01-12 21:30:00,18.52,18.76,20.12,18.68,18.54,-6.7,0.0,0.744,0.43,0.919,0.678,0.773
2020-01-12 21:45:00,18.51,18.76,20.14,18.72,18.58,-6.74,0.0,0.741,0.421,0.888,0.658,0.73
2020-01-12 22:00:00,18.51,18.76,20.14,18.76,18.6,-6.79,0.0,0.744,0.42,0.882,0.638,0.712
2020-01-12 22:15:00,18.5,18.76,20.14,18.79,18.61,-6.85,0.0,0.747,0.422,0.881,0.622,0.701
2020-01-12 22:30:00,18.5,18.76,20.14,18.82,18.63,-6.9,0.0,0.749,0.422,0.879,0.605,0.693
2020-01-12 22:45:00,18.49,18.75,20.15,18.83,18.65,-6.95,0.0,0.752,0.422,0.878,0.588,0.685
2020-01-12 23:00:00,18.49,18.75,20.15,18.85,18.68,-6.97,0.0,0.754,0.423,0.877,0.583,0.674
2020-01-12 23:15:00,18.49,19.0,20.16,18.86,18.7,-6.99,0.0,0.753,0.623,0.874,0.576,0.662
2020-01-12 23:30:00,18.49,18.96,20.16,18.87,18.74,-7.01,0.0,0.753,0.501,0.872,0.569,0.648
2020-01-12 23:45:00,18.5,18.96,20.17,18.88,18.77,-7.03,0.0,0.753,0.519,0.87,0.563,0.629
2020-01-13 00:00:00,18.5,18.98,20.17,18.9,18.79,-7.0,0.0,0.752,0.521,0.864,0.558,0.617
2020-01-13 00:15:00,18.54,18.99,19.39,18.91,18.77,-6.97,0.0,0.75,0.511,0.0,0.552,0.604
2020-01-13 00:30:00,18.49,18.99,19.38,18.91,18.72,-6.94,0.0,0.732,0.505,0.304,0.545,0.613
2020-01-13 00:45:00,18.49,18.99,19.45,18.91,18.74,-6.91,0.0,0.757,0.506,0.308,0.547,0.642
2020-01-13 01:00:00,18.5,19.0,19.36,18.92,18.77,-6.87,0.0,0.754,0.503,0.276,0.545,0.629
2020-01-13 01:15:00,18.5,19.01,19.38,18.92,18.77,-6.83,0.0,0.75,0.498,0.318,0.54,0.617
2020-01-13 01:30:00,18.5,19.02,19.36,18.93,18.79,-6.79,0.0,0.75,0.494,0.308,0.538,0.613
2020-01-13 01:45:00,18.5,19.02,19.32,18.93,18.8,-6.75,0.0,0.75,0.491,0.32,0.536,0.605
2020-01-13 02:00:00,18.5,19.01,19.29,18.93,18.81,-6.72,0.0,0.749,0.49,0.338,0.534,0.6
2020-01-13 02:15:00,18.5,19.01,19.25,18.93,18.81,-6.69,0.0,0.75,0.493,0.356,0.534,0.596
2020-01-13 02:30:00,18.49,19.01,19.22,18.93,18.82,-6.66,0.0,0.751,0.494,0.373,0.533,0.593
2020-01-13 02:45:00,18.49,19.01,19.18,18.93,18.83,-6.62,0.0,0.753,0.495,0.391,0.534,0.59
2020-01-13 03:00:00,18.45,18.99,19.14,18.91,18.83,-6.6,0.0,0.755,0.497,0.408,0.534,0.587
2020-01-13 03:15:00,17.51,18.78,19.12,19.26,18.8,-6.58,0.0,0.0,0.307,0.428,1.0,0.584
2020-01-13 03:30:00,17.2,18.68,19.05,19.48,18.72,-6.56,0.0,0.0,0.41,0.438,1.0,0.602
2020-01-13 03:45:00,17.24,18.75,19.03,19.46,18.71,-6.53,0.0,0.101,0.461,0.474,0.959,0.64
2020-01-13 04:00:00,17.16,18.74,19.05,19.51,18.72,-6.51,0.0,0.078,0.426,0.487,0.971,0.645
2020-01-13 04:15:00,17.17,18.74,19.5,19.56,18.73,-6.49,0.0,0.118,0.432,1.0,0.946,0.641
2020-01-13 04:30:00,17.14,18.75,19.64,19.57,18.78,-6.47,0.0,0.113,0.43,1.0,0.92,0.635
2020-01-13 04:45:00,17.11,18.75,19.64,19.62,18.79,-6.45,0.0,0.129,0.427,0.931,0.913,0.611
2020-01-13 05:00:00,17.05,18.72,19.67,19.64,18.79,-6.42,0.0,0.147,0.427,0.928,0.889,0.605
2020-01-13 05:15:00,17.02,18.71,19.69,19.66,18.79,-6.39,0.0,0.173,0.438,0.915,0.88,0.603
2020-01-13 05:30:00,16.97,18.7,19.7,19.68,18.8,-6.37,0.0,0.19,0.443,0.905,0.869,0.603
2020-01-13 05:45:00,16.94,18.69,19.72,19.7,18.8,-6.34,0.0,0.213,0.449,0.898,0.858,0.602
2020-01-13 06:00:00,16.9,18.68,19.74,19.72,18.8,-6.32,0.0,0.23,0.455,0.889,0.848,0.602
2020-01-13 06:15:00,16.89,18.67,19.73,19.73,18.8,-6.31,0.0,0.251,0.461,0.882,0.839,0.601
2020-01-13 06:30:00,16.87,18.66,19.73,19.73,18.8,-6.29,0.0,0.253,0.465,0.883,0.836,0.601
2020-01-13 06:45:00,16.86,18.63,19.73,19.76,18.8,-6.28,0.0,0.266,0.469,0.883,0.834,0.6
2020-01-13 07:00:00,16.85,18.66,19.76,19.77,18.8,-6.26,0.0,0.272,0.484,0.883,0.821,0.601
2020-01-13 07:15:00,16.84,18.67,19.77,19.79,18.81,-6.25,0.0,0.274,0.47,0.871,0.813,0.6
2020-01-13 07:30:00,16.84,18.67,19.79,19.81,18.81,-6.24,0.0,0.279,0.467,0.864,0.803,0.597
2020-01-13 07:45:00,16.84,18.69,19.81,19.83,18.82,-6.22,0.0,0.279,0.463,0.854,0.793,0.594
2020-01-13 08:00:00,16.84,18.69,19.82,19.84,18.82,-6.16,0.0,0.28,0.457,0.846,0.785,0.591
2020-01-13 08:15:00,16.84,18.7,19.84,19.86,18.9,-6.1,4.2,0.281,0.455,0.839,0.778,0.988
2020-01-13 08:30:00,16.89,18.94,19.94,19.91,18.95,-6.05,64.0,0.278,0.449,0.83,0.768,0.948
2020-01-13 08:45:00,16.88,19.12,20.03,19.94,18.99,-5.99,123.9,0.256,0.329,0.778,0.747,0.927
2020-01-13 09:00:00,16.94,19.34,20.17,19.98,19.01,-5.61,183.7,0.259,0.238,0.735,0.732,0.907
2020-01-13 09:15:00,16.94,19.5,20.3,20.01,19.07,-5.24,243.5,0.231,0.131,0.666,0.712,0.893
2020-01-13 09:30:00,16.99,19.55,20.4,20.05,19.11,-4.86,262.1,0.23,0.049,0.602,0.694,0.866
2020-01-13 09:45:00,17.0,19.62,20.52,20.08,19.15,-4.49,280.6,0.205,0.026,0.548,0.676,0.845
2020-01-13 10:00:00,17.03,19.69,20.63,20.11,19.18,-4.17,299.2,0.202,0.0,0.491,0.66,0.825
2020-01-13 10:15:00,17.05,19.77,20.75,20.14,19.22,-3.84,317.7,0.184,0.0,0.434,0.644,0.808
2020-01-13 10:30:00,17.08,19.87,20.88,20.18,19.26,-3.52,343.4,0.177,0.0,0.377,0.629,0.788
2020-01-13 10:45:00,17.09,19.97,21.01,20.21,19.3,-3.19,369.1,0.159,0.0,0.31,0.611,0.769
2020-01-13 11:00:00,17.14,20.06,21.17,20.26,19.34,-2.83,394.8,0.153,0.0,0.245,0.594,0.748
2020-01-13 11:15:00,17.15,20.14,21.32,20.3,19.39,-2.47,420.6,0.129,0.0,0.165,0.57,0.729
2020-01-13 11:30:00,17.2,20.16,21.44,20.34,19.43,-2.12,425.7,0.123,0.0,0.088,0.549,0.704
2020-01-13 11:45:00,17.21,20.15,21.56,20.38,19.47,-1.76,430.8,0.101,0.0,0.032,0.53,0.684
2020-01-13 12:00:00,17.23,20.1,21.69,20.4,19.5,-1.49,435.9,0.097,0.0,0.0,0.511,0.667
2020-01-13 12:15:00,17.24,20.03,21.85,20.42,19.52,-1.23,441.0,0.087,0.0,0.0,0.5,0.652
2020-01-13 12:30:00,17.25,19.94,22.1,20.46,19.55,-0.97,476.4,0.082,0.0,0.0,0.488,0.639
2020-01-13 12:45:00,17.26,19.85,22.37,20.47,19.6,-0.7,511.8,0.074,0.0,0.0,0.471,0.625
2020-01-13 13:00:00,17.28,19.73,22.64,20.5,19.64,-0.44,547.2,0.069,0.0,0.0,0.463,0.602
2020-01-13 13:15:00,17.29,19.57,22.93,20.52,19.69,-0.17,582.6,0.058,0.0,0.0,0.451,0.58
2020-01-13 13:30:00,17.31,19.41,23.06,20.53,19.75,0.09,559.5,0.053,0.013,0.0,0.441,0.553
2020-01-13 13:45:00,17.32,19.39,23.18,20.54,19.77,0.36,536.4,0.046,0.093,0.0,0.436,0.525
2020-01-13 14:00:00,17.3,19.35,23.26,20.56,19.8,0.44,513.4,0.041,0.107,0.0,0.432,0.514
2020-01-13 14:15:00,17.32,19.31,23.33,20.61,19.81,0.52,490.3,0.051,0.125,0.0,0.42,0.5
2020-01-13 14:30:00,17.29,19.28,23.4,20.67,19.84,0.59,477.9,0.04,0.147,0.0,0.394,0.493
2020-01-13 14:45:00,17.32,19.26,23.46,20.73,19.85,0.67,465.4,0.056,0.162,0.0,0.364,0.482
2020-01-13 15:00:00,17.26,19.2,23.5,20.81,19.87,0.62,453.0,0.041,0.172,0.0,0.334,0.474
2020-01-13 15:15:00,17.3,19.2,23.52,20.89,19.88,0.56,440.6,0.069,0.199,0.0,0.293,0.463
2020-01-13 15:30:00,17.23,19.17,23.26,20.85,19.9,0.5,333.7,0.048,0.201,0.0,0.257,0.46
2020-01-13 15:45:00,17.26,19.15,22.97,20.8,19.83,0.45,226.7,0.087,0.214,0.0,0.276,0.45
2020-01-13 16:00:00,17.15,19.1,22.5,20.66,19.75,0.17,119.8,0.072,0.223,0.0,0.298,0.484
2020-01-13 16:15:00,17.12,19.05,21.97,20.47,19.64,-0.1,12.8,0.127,0.252,0.0,0.37,0.525
2020-01-13 16:30:00,17.07,19.02,21.69,20.46,19.56,-0.38,9.6,0.138,0.275,0.0,0.464,0.578
2020-01-13 16:45:00,17.06,18.99,21.44,20.43,19.52,-0.65,0.0,0.166,0.292,0.0,0.472,0.618
2020-01-13 17:00:00,17.04,18.97,21.23,20.39,19.48,-0.65,0.0,0.169,0.305,0.032,0.487,0.64
2020-01-13 17:15:00,17.03,18.95,21.12,20.37,19.44,-0.65,0.0,0.18,0.315,0.137,0.505,0.66
2020-01-13 17:30:00,17.02,18.94,20.99,20.34,19.42,-0.65,0.0,0.186,0.324,0.191,0.517,0.679
2020-01-13 17:45:00,17.01,18.93,20.89,20.32,19.4,-0.65,0.0,0.192,0.332,0.253,0.529,0.688
2020-01-13 18:00:00,16.98,18.89,20.77,20.28,19.39,-0.66,0.0,0.194,0.337,0.303,0.538,0.7
2020-01-13 18:15:00,16.99,18.88,20.71,20.26,19.36,-0.66,0.0,0.208,0.353,0.363,0.558,0.707
2020-01-13 18:30:00,16.96,18.86,20.63,20.23,19.35,-0.66,0.0,0.206,0.361,0.396,0.572,0.72
2020-01-13 18:45:00,16.97,18.85,20.57,20.2,19.33,-0.67,0.0,0.22,0.37,0.435,0.586,0.725
2020-01-13 19:00:00,16.96,18.84,20.55,20.23,19.33,-0.68,0.0,0.216,0.377,0.466,0.598,0.733
2020-01-13 19:15:00,17.71,19.05,20.53,19.61,19.36,-0.7,0.0,1.0,0.579,0.476,0.0,0.737
2020-01-13 19:30:00,18.05,19.11,20.52,19.36,19.43,-0.72,0.0,1.0,0.476,0.483,0.194,0.721
2020-01-13 19:45:00,18.12,19.08,20.52,19.57,19.47,-0.73,0.0,0.976,0.446,0.491,0.322,0.683
2020-01-13 20:00:00,18.23,19.12,20.51,19.47,19.49,-0.74,0.0,0.939,0.458,0.489,0.217,0.666
2020-01-13 20:15:00,18.33,19.14,19.96,19.43,19.49,-0.74,0.0,0.886,0.44,0.0,0.266,0.657
2020-01-13 20:30:00,18.35,19.15,19.77,19.4,19.46,-0.74,0.0,0.833,0.431,0.019,0.283,0.657
2020-01-13 20:45:00,18.42,19.17,19.83,19.38,19.45,-0.75,0.0,0.825,0.425,0.116,0.298,0.672
2020-01-13 21:00:00,18.48,19.17,19.75,19.34,19.47,-0.74,0.0,0.789,0.417,0.085,0.311,0.674
2020-01-13 21:15:00,18.51,19.18,19.71,19.34,19.47,-0.74,0.0,0.76,0.413,0.125,0.328,0.666
2020-01-13 21:30:00,18.54,19.17,19.67,19.34,19.48,-0.74,0.0,0.744,0.411,0.145,0.331,0.663
2020-01-13 21:45:00,18.57,19.18,19.62,19.32,19.48,-0.74,0.0,0.73,0.415,0.167,0.33,0.66
2020-01-13 22:00:00,18.57,19.16,19.56,19.29,19.49,-0.74,0.0,0.716,0.411,0.19,0.338,0.659
2020-01-13 22:15:00,18.59,19.16,19.5,19.28,19.48,-0.75,0.0,0.713,0.419,0.222,0.353,0.657
2020-01-13 22:30:00,18.6,19.15,19.45,19.25,19.49,-0.75,0.0,0.706,0.422,0.248,0.362,0.658
2020-01-13 22:45:00,18.6,19.14,19.42,19.24,19.49,-0.75,0.0,0.702,0.426,0.277,0.373,0.657
2020-01-13 23:00:00,18.63,19.16,19.44,19.25,19.49,-0.76,0.0,0.699,0.43,0.288,0.382,0.657
2020-01-13 23:15:00,18.64,19.17,19.43,19.25,19.49,-0.78,0.0,0.685,0.422,0.279,0.373,0.657
2020-01-13 23:30:00,18.67,19.18,19.43,19.26,19.5,-0.79,0.0,0.678,0.416,0.285,0.374,0.653
2020-01-13 23:45:00,18.7,19.19,19.41,19.27,19.51,-0.8,0.0,0.667,0.409,0.284,0.37,0.65
2020-01-14 00:00:00,18.68,19.19,19.42,19.26,19.51,-0.87,0.0,0.651,0.403,0.293,0.366,0.647
2020-01-14 00:15:00,18.7,19.19,19.39,19.25,19.43,-0.94,0.0,0.661,0.406,0.292,0.372,0.243
2020-01-14 00:30:00,18.67,19.18,19.38,19.24,19.39,-1.0,0.0,0.652,0.406,0.303,0.373,0.284
2020-01-14 00:45:00,18.67,19.16,19.37,19.25,19.38,-1.07,0.0,0.666,0.411,0.312,0.38,0.304
2020-01-14 01:00:00,18.67,19.17,19.36,19.24,19.37,-1.13,0.0,0.663,0.418,0.316,0.375,0.312
2020-01-14 01:15:00,18.68,19.17,19.35,19.24,19.36,-1.2,0.0,0.663,0.415,0.321,0.379,0.317
2020-01-14 01:30:00,18.68,19.17,19.34,19.24,19.36,-1.26,0.0,0.662,0.416,0.326,0.381,0.32
2020-01-14 01:45:00,18.68,19.17,19.33,19.23,19.35,-1.33,0.0,0.661,0.417,0.33,0.382,0.322
2020-01-14 02:00:00,18.68,19.17,19.33,19.24,19.34,-1.41,0.0,0.66,0.417,0.334,0.383,0.327
2020-01-14 02:15:00,18.68,19.17,19.32,19.23,19.33,-1.49,0.0,0.658,0.415,0.335,0.382,0.332
2020-01-14 02:30:00,18.69,19.18,19.32,19.23,19.31,-1.57,0.0,0.658,0.413,0.338,0.383,0.337
2020-01-14 02:45:00,18.69,19.18,19.31,19.23,19.3,-1.66,0.0,0.656,0.412,0.341,0.384,0.343
2020-01-14 03:00:00,18.69,19.18,19.31,19.23,19.29,-1.69,0.0,0.655,0.409,0.344,0.386,0.348
2020-01-14 03:15:00,18.69,19.18,19.3,19.23,19.28,-1.73,0.0,0.655,0.412,0.347,0.385,0.354
2020-01-14 03:30:00,18.69,19.18,19.29,19.22,19.28,-1.77,0.0,0.655,0.412,0.35,0.387,0.359
2020-01-14 03:45:00,18.69,19.17,19.28,19.22,19.27,-1.81,0.0,0.654,0.412,0.353,0.388,0.362
2020-01-14 04:00:00,18.69,19.17,19.28,19.22,19.26,-1.84,0.0,0.653,0.413,0.358,0.389,0.366
2020-01-14 04:15:00,18.69,19.17,19.28,19.22,19.25,-1.88,0.0,0.655,0.413,0.358,0.39,0.369
2020-01-14 04:30:00,18.69,19.17,19.27,19.22,19.25,-1.92,0.0,0.654,0.414,0.362,0.391,0.373
2020-01-14 04:45:00,18.69,19.17,19.27,19.21,19.24,-1.96,0.0,0.654,0.414,0.364,0.392,0.376
2020-01-14 05:00:00,18.69,19.17,19.26,19.21,19.24,-2.0,0.0,0.654,0.415,0.366,0.393,0.379
2020-01-14 05:15:00,18.69,19.17,19.26,19.21,19.18,-2.03,0.0,0.654,0.415,0.368,0.394,0.131
2020-01-14 05:30:00,18.68,19.17,19.25,19.21,19.14,-2.07,0.0,0.653,0.415,0.371,0.395,0.159
2020-01-14 05:45:00,18.68,19.17,19.24,19.2,19.13,-2.11,0.0,0.661,0.417,0.375,0.396,0.178
2020-01-14 06:00:00,18.68,19.17,19.24,19.2,19.11,-2.14,0.0,0.66,0.417,0.378,0.398,0.187
2020-01-14 06:15:00,18.68,19.17,19.23,19.2,19.1,-2.17,0.0,0.661,0.417,0.38,0.399,0.193
2020-01-14 06:30:00,18.68,19.16,19.23,19.2,19.09,-2.2,0.0,0.66,0.417,0.384,0.4,0.199
2020-01-14 06:45:00,18.68,19.16,19.22,19.2,19.08,-2.23,0.0,0.661,0.418,0.385,0.4,0.205
2020-01-14 07:00:00,18.68,19.16,19.22,19.2,19.06,-2.26,0.0,0.661,0.418,0.388,0.401,0.211
2020-01-14 07:15:00,19.0,19.17,19.22,19.69,19.08,-2.29,0.0,1.0,0.419,0.39,1.0,0.218
2020-01-14 07:30:00,19.17,19.16,19.22,20.03,19.13,-2.31,0.0,1.0,0.417,0.388,1.0,0.212
2020-01-14 07:45:00,19.18,19.16,19.22,20.11,19.15,-2.34,0.0,1.0,0.419,0.392,1.0,0.184
2020-01-14 08:00:00,19.23,19.16,19.21,20.21,19.16,-2.32,0.0,1.0,0.419,0.391,1.0,0.173
2020-01-14 08:15:00,19.33,18.67,18.66,20.31,19.16,-2.31,3.0,1.0,0.0,0.0,1.0,0.17
2020-01-14 08:30:00,19.34,18.3,18.38,20.41,19.1,-2.3,28.8,1.0,0.0,0.0,1.0,0.172
2020-01-14 08:45:00,19.35,18.33,18.38,20.49,19.07,-2.28,54.7,1.0,0.0,0.0,1.0,0.199
2020-01-14 09:00:00,19.41,18.4,18.38,20.58,19.07,-2.16,80.5,1.0,0.0,0.0,1.0,0.217
2020-01-14 09:15:00,19.47,18.45,18.39,20.66,19.09,-2.03,106.3,1.0,0.0,0.0,1.0,0.213
2020-01-14 09:30:00,19.53,18.46,18.38,20.75,19.11,-1.9,116.7,1.0,0.0,0.0,1.0,0.203
2020-01-14 09:45:00,19.58,18.45,18.38,20.83,19.13,-1.78,127.1,1.0,0.0,0.0,1.0,0.193
2020-01-14 10:00:00,19.65,18.44,18.4,20.9,19.14,-1.6,137.5,1.0,0.0,0.0,0.985,0.187
2020-01-14 10:15:00,19.7,18.43,18.43,20.96,19.15,-1.41,148.0,1.0,0.0,0.0,0.948,0.181
2020-01-14 10:30:00,19.77,18.41,18.45,21.01,19.16,-1.23,157.4,0.999,0.0,0.0,0.921,0.174
2020-01-14 10:45:00,19.8,18.41,18.5,21.05,19.18,-1.05,166.9,0.967,0.0,0.0,0.896,0.168
2020-01-14 11:00:00,19.84,18.41,18.56,21.09,19.19,-0.92,176.4,0.948,0.0,0.0,0.874,0.162
2020-01-14 11:15:00,19.87,18.41,18.62,21.13,19.2,-0.79,185.8,0.931,0.0,0.0,0.855,0.156
2020-01-14 11:30:00,19.91,18.38,18.67,21.16,19.21,-0.67,189.0,0.913,0.0,0.0,0.835,0.15
2020-01-14 11:45:00,19.94,18.35,18.72,21.2,19.22,-0.54,192.2,0.896,0.0,0.0,0.818,0.144
2020-01-14 12:00:00,19.97,18.31,18.77,21.23,19.23,-0.45,195.3,0.879,0.0,0.0,0.802,0.139
2020-01-14 12:15:00,20.0,18.27,18.83,21.25,19.23,-0.35,198.5,0.864,0.0,0.0,0.787,0.135
2020-01-14 12:30:00,20.02,18.24,18.9,21.27,19.24,-0.26,201.5,0.851,0.014,0.0,0.775,0.133
2020-01-14 12:45:00,20.04,18.22,18.97,21.29,19.24,-0.16,204.5,0.841,0.028,0.0,0.765,0.13
2020-01-14 13:00:00,20.05,18.19,19.04,21.3,19.25,-0.1,207.5,0.83,0.04,0.0,0.757,0.128
2020-01-14 13:15:00,20.07,18.16,19.11,21.31,19.25,-0.05,210.5,0.823,0.056,0.0,0.749,0.126
2020-01-14 13:30:00,20.08,18.13,19.16,21.32,19.25,0.01,204.5,0.816,0.07,0.0,0.743,0.125
2020-01-14 13:45:00,20.08,18.11,19.25,21.33,19.25,0.07,198.6,0.812,0.085,0.0,0.739,0.124
2020-01-14 14:00:00,20.08,18.1,19.31,21.34,19.25,0.07,192.6,0.808,0.093,0.0,0.735,0.126
2020-01-14 14:15:00,20.09,18.09,19.34,21.36,19.25,0.08,186.6,0.808,0.1,0.0,0.729,0.126
2020-01-14 14:30:00,20.08,18.07,19.36,21.38,19.25,0.08,177.7,0.807,0.107,0.0,0.72,0.126
2020-01-14 14:45:00,20.08,18.05,19.36,21.4,19.25,0.09,168.9,0.809,0.114,0.0,0.71,0.126
2020-01-14 15:00:00,20.07,18.04,19.34,21.42,19.25,0.05,160.1,0.81,0.123,0.0,0.7,0.126
2020-01-14 15:15:00,20.06,18.02,19.31,21.44,19.24,0.0,151.2,0.815,0.132,0.0,0.69,0.127
2020-01-14 15:30:00,20.05,18.0,19.16,21.42,19.24,-0.04,115.1,0.819,0.14,0.0,0.681,0.129
2020-01-14 15:45:00,20.03,17.98,18.97,21.4,19.23,-0.08,78.9,0.826,0.15,0.0,0.688,0.13
2020-01-14 16:00:00,20.01,17.96,18.74,21.35,19.21,-0.2,42.8,0.834,0.16,0.0,0.699,0.136
2020-01-14 16:15:00,19.98,17.93,18.52,21.29,19.18,-0.32,6.6,0.847,0.172,0.0,0.727,0.145
2020-01-14 16:30:00,19.95,17.91,18.41,21.28,19.14,-0.43,5.0,0.86,0.185,0.0,0.756,0.162
2020-01-14 16:45:00,19.93,17.89,18.28,21.25,19.12,-0.55,0.0,0.876,0.193,0.0,0.76,0.18
2020-01-14 17:00:00,19.91,17.88,18.17,21.24,19.09,-0.64,0.0,0.887,0.204,0.0,0.773,0.19
2020-01-14 17:15:00,19.89,17.87,18.07,21.22,19.07,-0.72,0.0,0.895,0.209,0.0,0.78,0.203
2020-01-14 17:30:00,19.88,17.86,17.97,21.21,19.06,-0.81,0.0,0.904,0.217,0.0,0.788,0.213
2020-01-14 17:45:00,19.86,17.84,17.88,21.2,19.04,-0.9,0.0,0.912,0.222,0.0,0.794,0.222
2020-01-14 18:00:00,19.86,17.84,17.82,21.19,19.02,-0.95,0.0,0.92,0.228,0.01,0.801,0.231
2020-01-14 18:15:00,19.85,17.83,17.81,21.19,19.01,-1.01,0.0,0.922,0.23,0.041,0.803,0.24
2020-01-14 18:30:00,19.84,17.83,17.77,21.19,19.01,-1.06,0.0,0.926,0.233,0.044,0.806,0.245
2020-01-14 18:45:00,19.84,17.83,17.75,21.18,19.0,-1.12,0.0,0.928,0.234,0.064,0.807,0.247
2020-01-14 19:00:00,19.82,17.81,17.71,21.17,19.0,-1.21,0.0,0.93,0.236,0.075,0.808,0.25
2020-01-14 19:15:00,19.81,17.81,17.69,21.16,18.99,-1.29,0.0,0.939,0.243,0.094,0.814,0.252
2020-01-14 19:30:00,19.8,17.8,17.66,21.15,18.98,-1.38,0.0,0.944,0.246,0.105,0.818,0.257
2020-01-14 19:45:00,19.79,17.79,17.64,21.14,18.97,-1.47,0.0,0.951,0.251,0.122,0.824,0.26
2020-01-14 20:00:00,19.77,17.78,17.62,21.13,18.96,-1.54,0.0,0.957,0.255,0.128,0.829,0.265
2020-01-14 20:15:00,19.76,17.77,17.6,21.11,18.96,-1.6,0.0,0.964,0.261,0.142,0.837,0.268
2020-01-14 20:30:00,19.74,17.76,17.58,21.1,18.95,-1.67,0.0,0.971,0.266,0.15,0.844,0.272
2020-01-14 20:45:00,19.73,17.75,17.56,21.08,18.94,-1.74,0.0,0.978,0.271,0.16,0.851,0.275
2020-01-14 21:00:00,19.74,17.76,17.57,21.1,18.93,-1.82,0.0,0.984,0.275,0.168,0.858,0.279
2020-01-14 21:15:00,19.73,17.76,17.56,21.1,18.98,-1.9,0.0,0.982,0.272,0.165,0.852,0.533
2020-01-14 21:30:00,19.75,17.77,17.59,21.13,19.0,-1.98,0.0,0.983,0.272,0.169,0.849,0.511
2020-01-14 21:45:00,19.75,17.77,17.58,21.14,19.01,-2.06,0.0,0.975,0.265,0.157,0.837,0.502
2020-01-14 22:00:00,19.75,17.77,17.58,21.13,19.02,-2.12,0.0,0.974,0.265,0.162,0.832,0.495
2020-01-14 22:15:00,19.75,17.77,17.57,21.14,19.02,-2.19,0.0,0.975,0.266,0.161,0.833,0.492
2020-01-14 22:30:00,19.75,17.77,17.57,21.14,19.02,-2.25,0.0,0.976,0.267,0.164,0.832,0.491
2020-01-14 22:45:00,19.74,17.76,17.56,21.14,19.03,-2.32,0.0,0.977,0.267,0.165,0.832,0.489
2020-01-14 23:00:00,19.74,17.76,17.56,21.14,19.03,-2.38,0.0,0.978,0.269,0.169,0.832,0.487
2020-01-14 23:15:00,18.92,17.76,17.55,20.44,18.98,-2.44,0.0,0.128,0.269,0.168,0.0,0.484
2020-01-14 23:30:00,19.1,17.73,17.51,19.93,18.84,-2.5,0.0,0.54,0.27,0.173,0.0,0.511
2020-01-14 23:45:00,19.1,17.73,17.5,19.81,18.81,-2.56,0.0,0.451,0.283,0.197,0.035,0.578
2020-01-15 00:00:00,19.01,17.73,17.49,19.81,18.81,-2.66,0.0,0.45,0.287,0.198,0.097,0.597
2020-01-15 00:15:00,19.03,18.34,18.17,19.74,18.85,-2.77,0.0,0.493,1.0,1.0,0.096,0.597
2020-01-15 00:30:00,18.97,18.66,18.47,19.66,18.99,-2.87,0.0,0.487,0.829,0.915,0.13,0.573
2020-01-15 00:45:00,18.93,18.55,18.41,19.62,19.03,-2.98,0.0,0.517,0.671,0.763,0.169,0.504
2020-01-15 01:00:00,18.9,18.61,18.48,19.55,19.01,-3.06,0.0,0.533,0.725,0.797,0.191,0.487
2020-01-15 01:15:00,18.86,18.62,18.49,19.5,19.02,-3.14,0.0,0.549,0.697,0.762,0.223,0.494
2020-01-15 01:30:00,18.83,18.63,18.51,19.44,19.02,-3.22,0.0,0.569,0.691,0.756,0.249,0.49
2020-01-15 01:45:00,18.82,18.67,18.56,19.42,19.02,-3.3,0.0,0.584,0.683,0.743,0.279,0.489
2020-01-15 02:00:00,18.8,18.7,18.59,19.4,19.03,-3.39,0.0,0.592,0.664,0.721,0.29,0.489
2020-01-15 02:15:00,18.78,18.74,18.63,19.36,19.04,-3.48,0.0,0.601,0.648,0.703,0.302,0.485
2020-01-15 02:30:00,18.77,18.77,18.67,19.35,19.04,-3.57,0.0,0.609,0.631,0.684,0.318,0.482
2020-01-15 02:45:00,18.75,18.8,18.7,19.32,19.05,-3.66,0.0,0.617,0.616,0.666,0.327,0.479
2020-01-15 03:00:00,18.73,18.81,18.73,19.29,19.05,-3.72,0.0,0.624,0.601,0.648,0.338,0.476
2020-01-15 03:15:00,18.75,18.46,17.99,19.84,19.03,-3.77,0.0,0.635,0.243,0.0,1.0,0.474
2020-01-15 03:30:00,18.68,18.42,17.84,20.22,18.99,-3.83,0.0,0.627,0.418,0.103,1.0,0.483
2020-01-15 03:45:00,18.68,18.5,17.96,20.22,19.02,-3.88,0.0,0.658,0.438,0.181,0.992,0.503
2020-01-15 04:00:00,18.68,18.46,17.84,20.26,19.04,-3.93,0.0,0.662,0.402,0.122,0.988,0.491
2020-01-15 04:15:00,17.82,18.46,17.88,20.3,19.01,-3.98,0.0,0.0,0.422,0.178,0.968,0.478
2020-01-15 04:30:00,17.51,18.45,17.86,20.28,18.93,-4.03,0.0,0.0,0.418,0.159,0.951,0.497
2020-01-15 04:45:00,17.34,18.43,17.8,20.31,18.91,-4.08,0.0,0.0,0.424,0.171,0.959,0.535
2020-01-15 05:00:00,17.19,18.43,17.79,20.35,18.88,-4.14,0.0,0.0,0.433,0.199,0.945,0.546
2020-01-15 05:15:00,17.05,18.42,17.75,20.37,18.86,-4.19,0.0,0.005,0.436,0.205,0.927,0.559
2020-01-15 05:30:00,17.04,18.41,17.72,20.4,18.84,-4.25,0.0,0.076,0.442,0.227,0.914,0.568
2020-01-15 05:45:00,16.94,18.39,17.69,20.43,18.84,-4.31,0.0,0.079,0.447,0.238,0.899,0.58
2020-01-15 06:00:00,16.93,18.39,17.67,20.47,18.82,-4.35,0.0,0.13,0.453,0.256,0.885,0.58
2020-01-15 06:15:00,16.88,18.39,17.66,20.47,18.83,-4.39,0.0,0.137,0.455,0.263,0.867,0.588
2020-01-15 06:30:00,16.87,18.39,17.66,20.49,18.82,-4.43,0.0,0.16,0.456,0.27,0.863,0.587
2020-01-15 06:45:00,16.84,18.41,17.64,20.48,18.82,-4.47,0.0,0.165,0.456,0.271,0.856,0.59
2020-01-15 07:00:00,16.82,18.37,17.63,20.51,18.82,-4.51,0.0,0.182,0.446,0.278,0.861,0.589
2020-01-15 07:15:00,16.79,18.37,17.62,20.51,18.73,-4.55,0.0,0.192,0.467,0.283,0.844,0.192
2020-01-15 07:30:00,16.74,18.35,17.58,20.49,18.7,-4.59,0.0,0.206,0.465,0.29,0.845,0.233
2020-01-15 07:45:00,16.74,18.34,17.59,20.5,18.68,-4.63,0.0,0.232,0.474,0.31,0.853,0.249
2020-01-15 08:00:00,16.73,18.37,17.59,20.51,18.67,-4.61,0.0,0.229,0.478,0.307,0.852,0.261
2020-01-15 08:15:00,16.74,18.39,17.6,20.54,18.66,-4.59,4.0,0.233,0.464,0.307,0.843,0.266
2020-01-15 08:30:00,16.76,18.48,17.62,20.57,18.66,-4.57,32.4,0.229,0.455,0.302,0.832,0.269
2020-01-15 08:45:00,16.77,18.61,17.69,20.61,18.66,-4.55,60.9,0.22,0.412,0.288,0.816,0.271
2020-01-15 09:00:00,16.79,18.68,17.73,20.64,18.67,-4.35,89.4,0.217,0.347,0.255,0.797,0.268
2020-01-15 09:15:00,16.8,18.78,17.79,20.67,18.68,-4.15,117.8,0.203,0.308,0.237,0.782,0.263
2020-01-15 09:30:00,16.83,18.82,17.82,20.7,18.69,-3.96,132.2,0.198,0.26,0.203,0.764,0.259
2020-01-15 09:45:00,16.84,18.87,17.89,20.74,18.7,-3.76,146.5,0.183,0.238,0.19,0.748,0.253
2020-01-15 10:00:00,16.87,18.92,17.93,20.77,18.71,-3.58,160.8,0.178,0.213,0.156,0.731,0.249
2020-01-15 10:15:00,16.88,18.97,18.01,20.81,18.72,-3.4,175.1,0.165,0.189,0.134,0.715,0.243
2020-01-15 10:30:00,16.91,18.99,18.04,20.84,18.74,-3.22,184.7,0.162,0.167,0.095,0.697,0.238
2020-01-15 10:45:00,16.91,19.01,18.1,20.87,18.75,-3.04,194.2,0.146,0.154,0.079,0.681,0.232
2020-01-15 11:00:00,16.93,19.02,18.13,20.88,18.75,-2.91,203.7,0.145,0.145,0.05,0.667,0.227
2020-01-15 11:15:00,16.93,19.02,18.18,20.91,18.76,-2.78,213.2,0.137,0.142,0.034,0.658,0.223
2020-01-15 11:30:00,16.94,19.0,18.19,20.93,18.76,-2.65,213.8,0.134,0.14,0.011,0.647,0.22
2020-01-15 11:45:00,16.95,18.99,18.22,20.94,18.76,-2.52,214.3,0.13,0.15,0.005,0.634,0.218
2020-01-15 12:00:00,16.95,18.97,18.25,20.96,18.77,-2.43,214.9,0.127,0.153,0.0,0.628,0.218
2020-01-15 12:15:00,16.95,18.96,18.29,20.97,18.76,-2.35,215.4,0.127,0.163,0.0,0.621,0.217
2020-01-15 12:30:00,16.95,18.94,18.35,20.98,18.77,-2.27,218.2,0.124,0.172,0.0,0.615,0.218
2020-01-15 12:45:00,16.95,18.91,18.41,20.99,18.77,-2.18,221.0,0.126,0.181,0.0,0.61,0.217
2020-01-15 13:00:00,16.95,18.88,18.46,20.99,18.77,-2.12,223.9,0.123,0.193,0.0,0.606,0.216
2020-01-15 13:15:00,16.95,18.86,18.52,21.0,18.77,-2.06,226.7,0.127,0.208,0.0,0.603,0.216
2020-01-15 13:30:00,16.94,18.83,18.56,21.0,18.77,-2.0,222.2,0.125,0.22,0.0,0.6,0.216
2020-01-15 13:45:00,16.94,18.8,18.6,21.0,18.76,-1.95,217.6,0.132,0.237,0.0,0.601,0.216
2020-01-15 14:00:00,16.91,18.78,18.62,20.99,18.76,-1.94,213.1,0.131,0.248,0.0,0.602,0.218
2020-01-15 14:15:00,16.91,18.76,18.63,20.99,18.75,-1.93,208.6,0.145,0.261,0.0,0.605,0.22
2020-01-15 14:30:00,16.88,18.73,18.6,20.99,18.75,-1.92,196.7,0.145,0.272,0.0,0.603,0.224
2020-01-15 14:45:00,16.88,18.71,18.55,20.99,18.74,-1.91,184.8,0.159,0.285,0.0,0.604,0.225
2020-01-15 15:00:00,16.83,18.66,18.47,20.97,18.73,-1.98,172.9,0.161,0.297,0.0,0.603,0.23
2020-01-15 15:15:00,16.83,18.62,18.38,20.97,18.71,-2.06,161.0,0.183,0.318,0.0,0.615,0.233
2020-01-15 15:30:00,16.78,18.58,18.18,20.93,18.7,-2.13,123.2,0.186,0.338,0.0,0.616,0.243
2020-01-15 15:45:00,16.77,18.55,17.99,20.88,18.67,-2.2,85.5,0.208,0.358,0.009,0.637,0.249
2020-01-15 16:00:00,16.74,18.55,17.96,20.84,18.64,-2.32,47.7,0.213,0.376,0.105,0.66,0.265
2020-01-15 16:15:00,16.72,18.52,17.83,20.77,18.62,-2.44,9.9,0.229,0.376,0.119,0.68,0.281
2020-01-15 16:30:00,16.7,18.52,17.84,20.76,18.59,-2.55,7.4,0.238,0.388,0.183,0.714,0.29
2020-01-15 16:45:00,16.69,18.51,17.78,20.74,18.58,-2.67,0.0,0.25,0.391,0.182,0.718,0.305
2020-01-15 17:00:00,16.67,18.48,17.76,20.72,18.57,-2.74,0.0,0.254,0.396,0.21,0.729,0.309
2020-01-15 17:15:00,16.66,18.47,17.74,20.7,18.56,-2.81,0.0,0.264,0.409,0.22,0.74,0.316
2020-01-15 17:30:00,16.65,18.46,17.7,20.69,18.55,-2.88,0.0,0.269,0.415,0.229,0.748,0.321
2020-01-15 17:45:00,16.64,18.44,17.69,20.67,18.54,-2.95,0.0,0.275,0.422,0.25,0.756,0.326
2020-01-15 18:00:00,16.61,18.41,17.64,20.64,18.53,-2.98,0.0,0.28,0.429,0.256,0.763,0.332
2020-01-15 18:15:00,16.6,18.38,17.63,20.62,18.51,-3.01,0.0,0.294,0.447,0.279,0.778,0.335
2020-01-15 18:30:00,16.58,18.36,17.6,20.6,18.5,-3.04,0.0,0.298,0.458,0.286,0.788,0.344
2020-01-15 18:45:00,16.57,18.34,17.58,20.58,18.49,-3.07,0.0,0.311,0.469,0.302,0.8,0.348
2020-01-15 19:00:00,16.57,18.34,17.57,20.58,18.48,-3.12,0.0,0.313,0.479,0.309,0.808,0.355
2020-01-15 19:15:00,16.57,18.66,18.15,19.85,18.46,-3.17,0.0,0.316,0.828,1.0,0.0,0.358
2020-01-15 19:30:00,16.54,18.81,18.39,19.39,18.41,-3.23,0.0,0.316,0.671,0.927,0.077,0.368
2020-01-15 19:45:00,16.54,18.72,18.33,19.55,18.38,-3.28,0.0,0.331,0.595,0.805,0.303,0.397
2020-01-15 20:00:00,16.54,18.77,18.41,19.43,18.39,-3.31,0.0,0.331,0.641,0.837,0.227,0.41
2020-01-15 20:15:00,17.2,18.8,18.49,19.39,18.42,-3.34,0.0,1.0,0.614,0.794,0.285,0.406
2020-01-15 20:30:00,17.51,18.82,18.52,19.34,18.5,-3.37,0.0,1.0,0.598,0.755,0.306,0.391
2020-01-15 20:45:00,17.55,18.85,18.58,19.3,18.53,-3.4,0.0,1.0,0.588,0.74,0.33,0.348
2020-01-15 21:00:00,17.61,18.87,18.62,19.24,18.53,-3.44,0.0,1.0,0.575,0.711,0.351,0.336
2020-01-15 21:15:00,17.67,18.87,18.63,19.23,18.54,-3.47,0.0,1.0,0.567,0.69,0.379,0.333
2020-01-15 21:30:00,17.74,18.88,18.65,19.22,18.54,-3.51,0.0,1.0,0.565,0.684,0.384,0.332
2020-01-15 21:45:00,17.81,18.88,18.66,19.2,18.55,-3.55,0.0,1.0,0.562,0.675,0.391,0.328
2020-01-15 22:00:00,17.88,18.89,18.68,19.2,18.56,-3.6,0.0,1.0,0.559,0.668,0.399,0.324
2020-01-15 22:15:00,17.95,18.89,18.69,19.19,18.57,-3.64,0.0,1.0,0.556,0.66,0.402,0.32
2020-01-15 22:30:00,18.02,18.9,18.71,19.18,18.57,-3.69,0.0,1.0,0.553,0.653,0.406,0.316
2020-01-15 22:45:00,18.06,18.91,18.72,19.18,18.58,-3.73,0.0,0.989,0.55,0.646,0.408,0.313
2020-01-15 23:00:00,18.11,18.92,18.74,19.2,18.59,-3.77,0.0,0.968,0.547,0.641,0.409,0.309
2020-01-15 23:15:00,18.15,18.94,18.76,19.21,18.67,-3.8,0.0,0.945,0.539,0.63,0.4,0.707
2020-01-15 23:30:00,18.22,18.96,18.79,19.24,18.72,-3.84,0.0,0.924,0.532,0.621,0.393,0.665
2020-01-15 23:45:00,18.27,18.98,18.81,19.26,18.75,-3.87,0.0,0.891,0.52,0.605,0.38,0.638
