time,T1,T2,T3,T4,T5,T6,T7,T8,T9,T10,T_amb,irrad,u1,u2,u3,u4,u5,u6,u7,u8,u9,u10
2020-01-03 00:00:00,19.79,19.85,19.87,19.83,19.79,19.84,19.85,19.87,19.84,19.83,1.88,0.0,0.513,0.535,0.249,0.345,0.373,0.378,0.333,0.252,0.35,0.332
2020-01-03 00:15:00,20.28,20.34,20.56,20.45,20.11,20.1,20.11,20.18,20.1,19.91,1.74,0.0,1.0,1.0,1.0,1.0,1.0,1.0,1.0,1.0,1.0,1.0
2020-01-03 00:30:00,20.6,20.65,21.03,20.86,20.47,20.52,20.56,20.71,20.56,20.06,1.6,0.0,1.0,1.0,1.0,1.0,1.0,1.0,1.0,1.0,1.0,1.0
2020-01-03 00:45:00,20.69,20.76,21.17,21.02,20.62,20.87,20.95,21.12,20.94,20.21,1.46,0.0,1.0,1.0,1.0,1.0,1.0,1.0,1.0,1.0,1.0,1.0
2020-01-03 01:00:00,20.68,20.77,21.23,21.09,20.7,21.1,21.23,21.4,21.21,20.35,1.4,0.0,1.0,1.0,1.0,1.0,1.0,1.0,1.0,1.0,1.0,1.0
2020-01-03 01:15:00,20.71,20.81,21.29,21.17,20.75,21.29,21.43,21.59,21.4,20.46,1.33,0.0,1.0,1.0,1.0,1.0,1.0,1.0,1.0,1.0,1.0,1.0
2020-01-03 01:30:00,20.75,20.86,21.36,21.24,20.82,21.44,21.6,21.75,21.56,20.57,1.27,0.0,1.0,1.0,1.0,1.0,1.0,1.0,1.0,1.0,1.0,1.0
2020-01-03 01:45:00,20.8,20.92,21.44,21.33,20.88,21.58,21.74,21.89,21.71,20.67,1.21,0.0,1.0,1.0,1.0,1.0,1.0,1.0,1.0,1.0,1.0,1.0
2020-01-03 02:00:00,20.86,20.98,21.53,21.42,20.97,21.7,21.87,22.01,21.84,20.77,1.15,0.0,1.0,1.0,1.0,1.0,1.0,1.0,1.0,1.0,1.0,1.0
2020-01-03 02:15:00,20.91,21.04,21.62,21.52,21.05,21.81,21.99,22.12,21.95,20.86,1.09,0.0,1.0,1.0,1.0,1.0,1.0,1.0,1.0,1.0,1.0,1.0
2020-01-03 02:30:00,20.97,21.11,21.7,21.61,21.13,21.91,22.1,22.22,22.06,20.95,1.04,0.0,1.0,1.0,1.0,1.0,1.0,1.0,1.0,1.0,1.0,1.0
2020-01-03 02:45:00,21.02,21.17,21.79,21.7,21.2,22.0,22.2,22.31,22.16,21.03,0.98,0.0,1.0,1.0,1.0,1.0,1.0,1.0,1.0,1.0,1.0,1.0
2020-01-03 03:00:00,21.08,21.23,21.87,21.79,21.28,22.08,22.29,22.39,22.25,21.11,0.95,0.0,1.0,1.0,1.0,1.0,1.0,1.0,1.0,1.0,1.0,1.0
2020-01-03 03:15:00,21.14,21.3,21.96,21.89,21.36,22.16,22.38,22.47,22.33,21.19,0.93,0.0,1.0,1.0,1.0,1.0,1.0,1.0,1.0,1.0,1.0,1.0
2020-01-03 03:30:00,21.19,21.35,22.03,21.96,21.44,22.24,22.46,22.54,22.41,21.27,0.9,0.0,1.0,1.0,1.0,1.0,1.0,1.0,1.0,1.0,1.0,1.0
2020-01-03 03:45:00,21.24,21.39,22.1,22.03,21.5,22.31,22.53,22.61,22.49,21.34,0.87,0.0,1.0,1.0,1.0,1.0,1.0,1.0,1.0,1.0,1.0,1.0
2020-01-03 04:00:00,21.28,21.43,22.15,22.1,21.57,22.37,22.6,22.67,22.56,21.42,0.85,0.0,1.0,1.0,1.0,1.0,1.0,1.0,1.0,1.0,1.0,1.0
2020-01-03 04:15:00,21.32,21.48,22.21,22.17,21.62,22.43,22.67,22.72,22.62,21.49,0.83,0.0,1.0,1.0,1.0,1.0,1.0,1.0,1.0,1.0,1.0,1.0
2020-01-03 04:30:00,21.36,21.52,22.27,22.23,21.68,22.49,22.73,22.78,22.68,21.56,0.81,0.0,1.0,1.0,1.0,1.0,1.0,1.0,1.0,1.0,1.0,1.0
2020-01-03 04:45:00,21.39,21.56,22.32,22.29,21.73,22.55,22.79,22.83,22.74,21.63,0.79,0.0,1.0,1.0,1.0,1.0,1.0,1.0,1.0,1.0,1.0,1.0
2020-01-03 05:00:00,21.43,21.59,22.37,22.35,21.79,22.6,22.84,22.87,22.8,21.69,0.76,0.0,1.0,1.0,1.0,1.0,1.0,1.0,1.0,1.0,1.0,1.0
2020-01-03 05:15:00,21.46,21.63,22.42,22.4,21.84,22.65,22.89,22.92,22.85,21.76,0.73,0.0,1.0,1.0,1.0,1.0,1.0,1.0,1.0,1.0,1.0,1.0
2020-01-03 05:30:00,21.5,21.66,22.46,22.45,21.89,22.69,22.94,22.96,22.9,21.82,0.71,0.0,1.0,1.0,1.0,1.0,1.0,1.0,1.0,1.0,1.0,1.0
2020-01-03 05:45:00,21.53,21.69,22.5,22.5,21.93,22.73,22.99,22.99,22.94,21.88,0.68,0.0,1.0,1.0,1.0,1.0,1.0,1.0,1.0,1.0,1.0,1.0
2020-01-03 06:00:00,21.55,21.72,22.54,22.55,21.97,22.77,23.03,23.03,22.99,21.94,0.66,0.0,1.0,1.0,1.0,1.0,1.0,1.0,1.0,1.0,1.0,1.0
2020-01-03 06:15:00,21.58,21.74,22.58,22.59,22.02,22.81,23.07,23.06,23.03,22.0,0.63,0.0,1.0,1.0,1.0,1.0,1.0,1.0,1.0,1.0,1.0,1.0
2020-01-03 06:30:00,21.61,21.77,22.62,22.63,22.06,22.85,23.11,23.1,23.07,22.06,0.61,0.0,1.0,1.0,1.0,1.0,1.0,1.0,1.0,1.0,1.0,1.0
2020-01-03 06:45:00,21.64,21.79,22.65,22.68,22.1,22.89,23.15,23.13,23.1,22.11,0.59,0.0,1.0,1.0,1.0,1.0,1.0,1.0,1.0,1.0,1.0,1.0
2020-01-03 07:00:00,21.66,21.82,22.69,22.72,22.13,22.92,23.18,23.15,23.14,22.17,0.58,0.0,1.0,1.0,1.0,1.0,1.0,1.0,1.0,1.0,1.0,1.0
2020-01-03 07:15:00,21.69,21.84,22.72,22.75,22.17,22.95,23.22,23.18,23.18,22.22,0.57,0.0,1.0,1.0,1.0,1.0,1.0,1.0,1.0,1.0,1.0,1.0
2020-01-03 07:30:00,21.71,21.87,22.75,22.79,22.2,22.98,23.25,23.21,23.21,22.27,0.56,0.0,1.0,1.0,1.0,1.0,1.0,1.0,1.0,1.0,1.0,1.0
2020-01-03 07:45:00,21.73,21.89,22.78,22.83,22.24,23.01,23.28,23.23,23.24,22.32,0.55,0.0,1.0,1.0,1.0,1.0,1.0,1.0,1.0,1.0,1.0,1.0
2020-01-03 08:00:00,21.77,21.92,22.81,22.86,22.27,23.04,23.31,23.26,23.27,22.37,0.64,0.0,1.0,1.0,1.0,1.0,1.0,1.0,1.0,1.0,1.0,1.0
2020-01-03 08:15:00,20.77,20.94,21.99,22.07,21.73,22.79,23.08,23.0,23.03,22.3,0.74,11.1,0.0,0.0,0.0,0.0,0.0,0.0,0.0,0.0,0.0,0.0
2020-01-03 08:30:00,20.29,20.44,21.4,21.44,21.12,22.38,22.74,22.7,22.59,22.12,0.84,114.4,0.0,0.0,0.0,0.0,0.0,0.0,0.0,0.0,0.0,0.0
2020-01-03 08:45:00,20.06,20.25,21.67,21.21,20.95,22.02,22.55,22.55,22.16,21.94,0.94,217.7,0.0,0.0,0.0,0.0,0.0,0.0,0.0,0.0,0.0,0.0
2020-01-03 09:00:00,19.97,20.57,21.93,21.09,20.97,21.78,22.56,22.51,21.83,21.79,1.37,320.9,0.0,0.0,0.0,0.0,0.0,0.0,0.0,0.0,0.0,0.0
2020-01-03 09:15:00,19.95,20.93,22.28,21.01,21.09,21.67,22.77,22.66,21.56,21.66,1.8,424.2,0.0,0.0,0.0,0.0,0.0,0.0,0.0,0.0,0.0,0.0
2020-01-03 09:30:00,19.94,21.23,22.54,20.94,21.19,21.63,23.1,22.83,21.38,21.53,2.23,448.4,0.0,0.0,0.0,0.0,0.0,0.0,0.0,0.0,0.0,0.0
2020-01-03 09:45:00,19.91,21.54,22.76,20.88,21.26,21.6,23.51,23.03,21.23,21.42,2.66,472.6,0.0,0.0,0.0,0.0,0.0,0.0,0.0,0.0,0.0,0.0
2020-01-03 10:00:00,19.88,21.78,22.97,20.83,21.32,21.6,23.92,23.23,21.12,21.32,3.03,496.8,0.0,0.0,0.0,0.0,0.0,0.0,0.0,0.0,0.0,0.0
2020-01-03 10:15:00,19.85,21.85,23.18,20.78,21.38,21.62,24.23,23.45,21.02,21.23,3.4,521.1,0.0,0.0,0.0,0.0,0.0,0.0,0.0,0.0,0.0,0.0
2020-01-03 10:30:00,19.84,21.96,23.47,20.74,21.45,21.66,24.46,23.71,20.95,21.13,3.77,558.0,0.0,0.0,0.0,0.0,0.0,0.0,0.0,0.0,0.0,0.0
2020-01-03 10:45:00,19.86,22.07,23.81,20.74,21.55,21.73,24.64,24.01,20.9,21.05,4.14,595.0,0.0,0.0,0.0,0.0,0.0,0.0,0.0,0.0,0.0,0.0
2020-01-03 11:00:00,19.9,22.16,24.19,20.76,21.67,21.85,24.78,24.37,20.89,20.96,4.5,632.0,0.0,0.0,0.0,0.0,0.0,0.0,0.0,0.0,0.0,0.0
2020-01-03 11:15:00,19.99,22.22,24.59,20.81,21.76,22.0,24.85,24.76,20.92,20.89,4.86,668.9,0.0,0.0,0.0,0.0,0.0,0.0,0.0,0.0,0.0,0.0
2020-01-03 11:30:00,19.94,22.14,24.76,20.8,21.98,22.12,24.81,25.1,20.95,20.79,5.23,652.4,0.0,0.0,0.0,0.0,0.0,0.0,0.0,0.0,0.0,0.0
2020-01-03 11:45:00,20.05,22.07,25.0,20.87,21.96,22.28,24.68,25.36,21.0,20.73,5.59,635.8,0.0,0.0,0.0,0.0,0.0,0.0,0.0,0.0,0.0,0.0
2020-01-03 12:00:00,20.09,21.9,25.19,20.89,22.04,22.4,24.43,25.63,21.05,20.65,5.81,619.3,0.0,0.0,0.0,0.0,0.0,0.0,0.0,0.0,0.0,0.0
2020-01-03 12:15:00,20.13,21.72,25.34,20.9,22.09,22.5,24.14,25.84,21.08,20.58,6.02,602.8,0.0,0.0,0.0,0.0,0.0,0.0,0.0,0.0,0.0,0.0
2020-01-03 12:30:00,20.15,21.53,25.45,20.9,22.11,22.57,23.82,26.0,21.1,20.51,6.24,576.6,0.0,0.0,0.0,0.0,0.0,0.0,0.0,0.0,0.0,0.0
2020-01-03 12:45:00,20.15,21.37,25.51,20.89,22.11,22.62,23.49,26.11,21.11,20.45,6.45,550.4,0.0,0.0,0.0,0.0,0.0,0.0,0.0,0.0,0.0,0.0
2020-01-03 13:00:00,20.25,21.26,25.66,20.94,21.98,22.6,23.14,26.24,21.13,20.37,6.52,524.2,0.0,0.0,0.0,0.0,0.0,0.0,0.0,0.0,0.0,0.0
2020-01-03 13:15:00,19.99,21.06,25.45,20.79,22.26,22.74,22.88,26.17,21.07,20.31,6.59,498.0,0.0,0.0,0.0,0.0,0.0,0.0,0.0,0.0,0.0,0.0
2020-01-03 13:30:00,20.1,21.03,25.58,20.89,22.07,22.69,22.69,26.26,21.15,20.26,6.66,471.9,0.0,0.0,0.0,0.0,0.0,0.0,0.0,0.0,0.0,0.0
2020-01-03 13:45:00,20.09,20.95,25.57,20.95,22.07,22.71,22.47,26.25,21.2,20.19,6.73,445.8,0.0,0.0,0.0,0.0,0.0,0.0,0.0,0.0,0.0,0.0
2020-01-03 14:00:00,20.06,20.86,25.52,21.01,22.05,22.72,22.27,26.22,21.25,20.13,6.69,419.7,0.0,0.0,0.0,0.0,0.0,0.0,0.0,0.0,0.0,0.0
2020-01-03 14:15:00,20.02,20.77,25.41,21.07,22.0,22.69,22.07,26.12,21.3,20.07,6.65,393.6,0.0,0.0,0.0,0.0,0.0,0.0,0.0,0.0,0.0,0.0
2020-01-03 14:30:00,20.08,20.72,25.35,21.19,21.84,22.68,21.86,25.99,21.36,20.0,6.61,369.1,0.0,0.0,0.0,0.0,0.0,0.0,0.0,0.0,0.0,0.0
2020-01-03 14:45:00,19.9,20.57,24.95,21.18,21.86,22.62,21.7,25.91,21.42,19.95,6.57,344.5,0.0,0.0,0.0,0.0,0.0,0.0,0.0,0.0,0.0,0.0
2020-01-03 15:00:00,19.73,20.4,24.42,21.1,21.7,22.56,21.52,25.77,21.46,19.9,6.41,320.0,0.0,0.0,0.0,0.0,0.0,0.0,0.0,0.0,0.0,0.024
2020-01-03 15:15:00,19.59,20.24,23.95,20.89,21.4,22.49,21.32,25.61,21.51,19.84,6.25,295.4,0.0,0.0,0.0,0.0,0.0,0.0,0.0,0.0,0.0,0.05
2020-01-03 15:30:00,19.43,20.05,23.59,20.56,21.22,22.44,21.11,25.34,21.47,19.79,6.08,222.9,0.0,0.0,0.0,0.0,0.0,0.0,0.0,0.0,0.0,0.078
2020-01-03 15:45:00,19.57,19.87,23.25,20.36,21.03,22.18,20.94,25.0,21.31,19.76,5.92,150.5,0.285,0.0,0.0,0.0,0.0,0.0,0.0,0.0,0.0,0.103
2020-01-03 16:00:00,19.11,19.79,22.92,20.16,20.78,21.88,20.73,24.46,21.01,19.73,5.68,78.0,0.0,0.063,0.0,0.0,0.0,0.0,0.0,0.0,0.0,0.118
2020-01-03 16:15:00,19.32,19.68,22.58,19.97,20.64,21.53,20.54,23.87,20.7,19.71,5.43,5.5,0.446,0.107,0.0,0.0,0.0,0.0,0.0,0.0,0.0,0.134
2020-01-03 16:30:00,19.44,19.65,22.34,19.85,20.55,21.18,20.32,23.38,20.39,19.68,5.19,0.0,0.34,0.16,0.0,0.013,0.0,0.0,0.0,0.0,0.0,0.146
2020-01-03 16:45:00,19.23,19.58,22.09,19.82,20.43,20.87,20.12,22.91,20.13,19.66,4.94,0.0,0.28,0.173,0.0,0.074,0.0,0.0,0.0,0.0,0.0,0.159
2020-01-03 17:00:00,19.26,19.52,21.83,19.74,20.32,20.59,19.93,22.49,19.88,19.64,4.83,0.0,0.385,0.209,0.0,0.092,0.0,0.0,0.0,0.0,0.0,0.17
2020-01-03 17:15:00,19.21,19.48,21.61,19.69,20.22,20.32,19.76,22.1,19.67,19.62,4.72,0.0,0.369,0.241,0.0,0.132,0.0,0.0,0.036,0.0,0.06,0.18
2020-01-03 17:30:00,19.19,19.45,21.4,19.64,20.14,20.07,19.65,21.74,19.52,19.61,4.61,0.0,0.396,0.258,0.0,0.155,0.0,0.0,0.12,0.0,0.166,0.189
2020-01-03 17:45:00,19.19,19.41,21.21,19.62,20.07,19.85,19.57,21.41,19.47,19.59,4.49,0.0,0.403,0.276,0.0,0.178,0.0,0.0,0.176,0.0,0.238,0.196
2020-01-03 18:00:00,19.16,19.4,21.03,19.57,20.05,19.74,19.6,21.11,19.44,19.58,4.39,0.0,0.407,0.294,0.0,0.192,0.0,0.075,0.215,0.0,0.266,0.203
2020-01-03 18:15:00,19.23,19.42,20.94,19.61,19.92,19.55,19.61,20.94,19.49,19.57,4.29,0.0,0.422,0.298,0.0,0.215,0.0,0.13,0.202,0.0,0.279,0.21
2020-01-03 18:30:00,19.13,19.35,20.76,19.53,19.97,19.55,19.61,20.68,19.49,19.56,4.18,0.0,0.386,0.292,0.0,0.196,0.04,0.223,0.194,0.0,0.253,0.215
2020-01-03 18:45:00,19.25,19.41,20.68,19.59,19.8,19.45,19.59,20.55,19.5,19.55,4.08,0.0,0.433,0.323,0.0,0.235,0.016,0.224,0.195,0.0,0.256,0.22
2020-01-03 19:00:00,19.13,19.32,20.5,19.5,19.91,19.47,19.58,20.36,19.51,19.54,3.98,0.0,0.374,0.296,0.0,0.206,0.098,0.274,0.203,0.0,0.248,0.225
2020-01-03 19:15:00,19.28,19.41,20.46,19.59,19.7,19.42,19.58,20.25,19.52,19.53,3.88,0.0,0.436,0.338,0.0,0.25,0.047,0.266,0.208,0.0,0.245,0.229
2020-01-03 19:30:00,19.1,19.3,20.28,19.49,19.87,19.44,19.58,20.1,19.52,19.53,3.78,0.0,0.36,0.297,0.0,0.207,0.148,0.289,0.211,0.0,0.238,0.233
2020-01-03 19:45:00,19.31,19.42,20.27,19.58,19.61,19.42,19.6,20.0,19.52,19.52,3.68,0.0,0.448,0.351,0.0,0.257,0.067,0.279,0.21,0.0,0.238,0.236
2020-01-03 20:00:00,19.07,19.26,20.07,19.45,19.85,19.41,19.58,19.88,19.5,19.52,3.58,0.0,0.345,0.29,0.0,0.211,0.195,0.29,0.201,0.0,0.239,0.24
2020-01-03 20:15:00,19.27,19.38,20.04,19.54,19.64,19.37,19.57,19.8,19.49,19.51,3.48,0.0,0.467,0.368,0.0,0.274,0.076,0.293,0.208,0.062,0.248,0.242
2020-01-03 20:30:00,19.17,19.31,19.95,19.5,19.65,19.38,19.55,19.72,19.48,19.5,3.37,0.0,0.363,0.308,0.0,0.231,0.182,0.315,0.217,0.099,0.253,0.245
2020-01-03 20:45:00,19.18,19.32,19.87,19.48,19.61,19.37,19.54,19.7,19.48,19.5,3.27,0.0,0.416,0.343,0.023,0.251,0.176,0.31,0.227,0.138,0.261,0.248
2020-01-03 21:00:00,19.18,19.31,19.85,19.48,19.6,19.38,19.53,19.67,19.47,19.5,3.17,0.0,0.408,0.342,0.066,0.259,0.194,0.315,0.231,0.149,0.259,0.25
2020-01-03 21:15:00,19.17,19.3,19.8,19.47,19.59,19.37,19.51,19.65,19.47,19.49,3.08,0.0,0.411,0.346,0.076,0.259,0.201,0.31,0.237,0.164,0.264,0.252
2020-01-03 21:30:00,19.17,19.29,19.77,19.46,19.56,19.37,19.5,19.63,19.46,19.49,2.99,0.0,0.414,0.352,0.101,0.265,0.206,0.313,0.243,0.173,0.267,0.254
2020-01-03 21:45:00,19.16,19.28,19.73,19.45,19.56,19.37,19.49,19.61,19.45,19.48,2.89,0.0,0.414,0.355,0.117,0.268,0.218,0.314,0.248,0.186,0.272,0.256
2020-01-03 22:00:00,19.17,19.28,19.71,19.46,19.54,19.37,19.49,19.6,19.45,19.48,2.79,0.0,0.42,0.361,0.137,0.273,0.221,0.317,0.254,0.197,0.276,0.258
2020-01-03 22:15:00,19.16,19.27,19.67,19.45,19.54,19.37,19.5,19.59,19.45,19.48,2.68,0.0,0.416,0.36,0.147,0.271,0.232,0.316,0.253,0.201,0.276,0.259
2020-01-03 22:30:00,19.17,19.27,19.66,19.45,19.52,19.37,19.5,19.58,19.45,19.48,2.57,0.0,0.421,0.365,0.164,0.275,0.231,0.314,0.251,0.205,0.275,0.261
2020-01-03 22:45:00,19.17,19.26,19.62,19.45,19.52,19.39,19.49,19.56,19.45,19.47,2.46,0.0,0.416,0.364,0.172,0.273,0.242,0.313,0.252,0.209,0.275,0.262
2020-01-03 23:00:00,19.16,19.26,19.62,19.44,19.5,19.37,19.48,19.55,19.44,19.47,2.35,0.0,0.417,0.37,0.19,0.277,0.24,0.307,0.254,0.219,0.276,0.263
2020-01-03 23:15:00,19.14,19.24,19.61,19.43,19.5,19.36,19.47,19.55,19.43,19.47,2.24,0.0,0.419,0.372,0.191,0.279,0.249,0.314,0.26,0.224,0.28,0.265
2020-01-03 23:30:00,19.15,19.24,19.59,19.43,19.48,19.35,19.46,19.53,19.42,19.47,2.13,0.0,0.43,0.378,0.197,0.283,0.249,0.322,0.266,0.225,0.285,0.266
2020-01-03 23:45:00,19.13,19.23,19.57,19.42,19.49,19.35,19.45,19.52,19.42,19.46,2.01,0.0,0.424,0.379,0.206,0.284,0.259,0.323,0.27,0.234,0.289,0.267
2020-01-04 00:00:00,19.14,19.23,19.57,19.43,19.47,19.35,19.45,19.51,19.42,19.46,1.91,0.0,0.434,0.386,0.213,0.288,0.257,0.326,0.273,0.239,0.291,0.268
2020-01-04 00:15:00,19.13,19.22,19.55,19.42,19.48,19.35,19.45,19.51,19.42,19.46,1.81,0.0,0.429,0.385,0.215,0.287,0.267,0.325,0.273,0.243,0.291,0.269
2020-01-04 00:30:00,19.14,19.22,19.55,19.42,19.45,19.35,19.45,19.51,19.42,19.46,1.72,0.0,0.436,0.391,0.224,0.29,0.262,0.325,0.273,0.245,0.291,0.27
2020-01-04 00:45:00,19.12,19.21,19.53,19.41,19.46,19.35,19.45,19.5,19.41,19.46,1.62,0.0,0.432,0.39,0.224,0.29,0.273,0.325,0.274,0.247,0.292,0.271
2020-01-04 01:00:00,19.12,19.2,19.53,19.41,19.44,19.34,19.44,19.49,19.41,19.46,1.48,0.0,0.44,0.396,0.233,0.293,0.269,0.325,0.276,0.25,0.293,0.271
2020-01-04 01:15:00,19.11,19.19,19.51,19.4,19.45,19.34,19.43,19.48,19.4,19.45,1.34,0.0,0.438,0.398,0.235,0.294,0.279,0.328,0.281,0.255,0.297,0.272
2020-01-04 01:30:00,19.11,19.19,19.51,19.4,19.43,19.33,19.42,19.47,19.39,19.45,1.21,0.0,0.447,0.404,0.243,0.298,0.277,0.332,0.285,0.261,0.301,0.273
2020-01-04 01:45:00,19.09,19.17,19.49,19.39,19.43,19.33,19.42,19.46,19.39,19.45,1.07,0.0,0.445,0.406,0.245,0.3,0.287,0.335,0.288,0.265,0.304,0.274
2020-01-04 02:00:00,19.09,19.17,19.49,19.39,19.41,19.32,19.41,19.45,19.38,19.45,0.94,0.0,0.453,0.413,0.253,0.303,0.285,0.337,0.291,0.269,0.306,0.274
2020-01-04 02:15:00,19.08,19.15,19.47,19.38,19.41,19.31,19.39,19.44,19.37,19.45,0.81,0.0,0.454,0.415,0.256,0.307,0.294,0.342,0.297,0.276,0.311,0.275
2020-01-04 02:30:00,19.08,19.15,19.46,19.37,19.4,19.3,19.38,19.42,19.36,19.45,0.68,0.0,0.462,0.423,0.264,0.311,0.293,0.347,0.303,0.282,0.316,0.276
2020-01-04 02:45:00,19.06,19.14,19.45,19.36,19.4,19.29,19.38,19.41,19.35,19.45,0.55,0.0,0.462,0.425,0.268,0.314,0.302,0.351,0.308,0.288,0.32,0.277
2020-01-04 03:00:00,19.06,19.14,19.44,19.36,19.38,19.29,19.37,19.41,19.35,19.44,0.49,0.0,0.47,0.432,0.276,0.319,0.301,0.354,0.312,0.294,0.324,0.277
2020-01-04 03:15:00,19.05,19.12,19.43,19.35,19.38,19.28,19.36,19.4,19.34,19.44,0.42,0.0,0.468,0.432,0.278,0.32,0.31,0.357,0.315,0.297,0.326,0.278
2020-01-04 03:30:00,19.06,19.12,19.41,19.35,19.37,19.29,19.36,19.38,19.34,19.44,0.35,0.0,0.475,0.439,0.285,0.324,0.308,0.358,0.318,0.301,0.328,0.278
2020-01-04 03:45:00,19.04,19.11,19.41,19.34,19.37,19.27,19.35,19.38,19.33,19.44,0.28,0.0,0.469,0.439,0.295,0.327,0.316,0.357,0.321,0.309,0.33,0.279
2020-01-04 04:00:00,19.04,19.1,19.39,19.33,19.36,19.26,19.33,19.36,19.32,19.44,0.21,0.0,0.479,0.445,0.295,0.329,0.314,0.363,0.325,0.311,0.333,0.28
2020-01-04 04:15:00,19.02,19.09,19.38,19.32,19.36,19.24,19.31,19.35,19.31,19.44,0.13,0.0,0.48,0.45,0.304,0.336,0.322,0.371,0.335,0.319,0.34,0.28
2020-01-04 04:30:00,19.02,19.08,19.37,19.31,19.34,19.23,19.3,19.33,19.3,19.44,0.06,0.0,0.489,0.457,0.31,0.339,0.322,0.379,0.345,0.327,0.347,0.281
2020-01-04 04:45:00,19.0,19.06,19.36,19.3,19.34,19.22,19.28,19.32,19.29,19.44,-0.02,0.0,0.492,0.461,0.314,0.344,0.33,0.386,0.352,0.333,0.352,0.282
2020-01-04 05:00:00,19.02,19.08,19.38,19.33,19.32,19.24,19.32,19.34,19.3,19.43,-0.09,0.0,0.5,0.469,0.322,0.349,0.331,0.392,0.358,0.338,0.356,0.282
2020-01-04 05:15:00,19.01,19.07,19.37,19.33,19.34,19.27,19.35,19.37,19.33,19.43,-0.16,0.0,0.489,0.461,0.312,0.337,0.338,0.378,0.338,0.328,0.349,0.283
2020-01-04 05:30:00,19.03,19.08,19.39,19.35,19.33,19.3,19.36,19.38,19.36,19.43,-0.24,0.0,0.493,0.465,0.315,0.334,0.328,0.364,0.326,0.316,0.333,0.283
2020-01-04 05:45:00,19.01,19.08,19.4,19.35,19.35,19.3,19.37,19.41,19.37,19.43,-0.31,0.0,0.483,0.458,0.307,0.327,0.336,0.352,0.32,0.309,0.321,0.284
2020-01-04 06:00:00,19.05,19.09,19.37,19.35,19.33,19.32,19.36,19.38,19.36,19.43,-0.36,0.0,0.493,0.46,0.298,0.323,0.326,0.352,0.316,0.295,0.314,0.285
2020-01-04 06:15:00,19.03,19.08,19.39,19.36,19.35,19.3,19.36,19.38,19.36,19.43,-0.41,0.0,0.475,0.456,0.313,0.323,0.333,0.342,0.318,0.31,0.318,0.285
2020-01-04 06:30:00,19.05,19.1,19.39,19.35,19.33,19.3,19.38,19.38,19.34,19.43,-0.46,0.0,0.486,0.459,0.304,0.322,0.326,0.349,0.319,0.31,0.319,0.286
2020-01-04 06:45:00,19.03,19.09,19.39,19.36,19.35,19.3,19.38,19.38,19.35,19.43,-0.51,0.0,0.477,0.449,0.305,0.327,0.333,0.348,0.31,0.31,0.328,0.287
2020-01-04 07:00:00,19.04,19.1,19.4,19.35,19.33,19.29,19.37,19.39,19.35,19.42,-0.56,0.0,0.483,0.456,0.306,0.322,0.326,0.349,0.309,0.308,0.325,0.287
2020-01-04 07:15:00,19.03,19.09,19.38,19.35,19.34,19.29,19.36,19.38,19.35,19.42,-0.61,0.0,0.482,0.452,0.299,0.324,0.333,0.356,0.314,0.304,0.325,0.288
2020-01-04 07:30:00,19.03,19.08,19.39,19.36,19.33,19.29,19.35,19.37,19.36,19.42,-0.66,0.0,0.485,0.456,0.308,0.325,0.329,0.354,0.319,0.311,0.327,0.289
2020-01-04 07:45:00,19.03,19.08,19.38,19.35,19.33,19.29,19.35,19.37,19.35,19.42,-0.71,0.0,0.483,0.459,0.305,0.319,0.335,0.356,0.327,0.313,0.321,0.289
2020-01-04 08:00:00,19.04,19.09,19.38,19.36,19.32,19.29,19.35,19.37,19.35,19.42,-0.64,0.0,0.487,0.46,0.31,0.325,0.333,0.355,0.327,0.315,0.323,0.29
2020-01-04 08:15:00,19.04,19.09,19.39,19.36,19.34,19.3,19.36,19.38,19.36,19.42,-0.58,8.1,0.48,0.455,0.308,0.321,0.338,0.355,0.324,0.314,0.324,0.291
2020-01-04 08:30:00,19.06,19.11,19.43,19.38,19.33,19.32,19.48,19.61,19.38,19.42,-0.51,116.3,0.48,0.454,0.305,0.319,0.332,0.349,0.319,0.308,0.319,0.291
2020-01-04 08:45:00,19.09,19.18,19.89,19.39,19.41,19.42,19.67,19.82,19.4,19.41,-0.45,224.5,0.468,0.446,0.283,0.312,0.334,0.339,0.258,0.194,0.309,0.292
2020-01-04 09:00:00,19.18,19.68,20.09,19.44,19.54,19.53,19.99,20.12,19.46,19.41,0.03,332.7,0.454,0.41,0.057,0.306,0.296,0.29,0.164,0.088,0.298,0.293
2020-01-04 09:15:00,19.23,19.86,20.46,19.48,19.67,19.65,20.36,20.45,19.51,19.41,0.51,440.9,0.408,0.158,0.0,0.282,0.229,0.234,0.006,0.0,0.271,0.293
2020-01-04 09:30:00,19.3,20.05,20.81,19.52,19.79,19.75,20.76,20.74,19.56,19.41,0.99,465.6,0.384,0.068,0.0,0.261,0.167,0.176,0.0,0.0,0.243,0.294
2020-01-04 09:45:00,19.36,20.33,21.14,19.56,19.92,19.84,21.21,21.02,19.6,19.41,1.47,490.3,0.352,0.0,0.0,0.242,0.105,0.125,0.0,0.0,0.22,0.295
2020-01-04 10:00:00,19.42,20.66,21.47,19.61,20.08,19.93,21.69,21.33,19.62,19.41,1.88,515.1,0.321,0.0,0.0,0.219,0.038,0.081,0.0,0.0,0.202,0.296
2020-01-04 10:15:00,19.49,20.87,21.81,19.66,20.23,20.03,22.09,21.67,19.66,19.41,2.29,539.8,0.292,0.0,0.0,0.196,0.0,0.034,0.0,0.0,0.188,0.296
2020-01-04 10:30:00,19.54,21.02,22.14,19.71,20.36,20.14,22.39,22.01,19.69,19.4,2.71,560.7,0.257,0.0,0.0,0.168,0.0,0.0,0.0,0.0,0.172,0.297
2020-01-04 10:45:00,19.59,21.13,22.47,19.75,20.49,20.28,22.62,22.37,19.73,19.4,3.12,581.6,0.231,0.0,0.0,0.146,0.0,0.0,0.0,0.0,0.154,0.298
2020-01-04 11:00:00,19.63,21.19,22.82,19.79,20.62,20.43,22.79,22.75,19.77,19.4,3.43,602.4,0.203,0.0,0.0,0.125,0.0,0.0,0.0,0.0,0.136,0.299
2020-01-04 11:15:00,19.68,21.22,23.19,19.83,20.75,20.61,22.89,23.16,19.82,19.4,3.74,623.3,0.184,0.0,0.0,0.107,0.0,0.0,0.0,0.0,0.115,0.299
2020-01-04 11:30:00,19.73,21.15,23.42,19.86,20.85,20.79,22.88,23.5,19.88,19.4,4.04,601.4,0.159,0.0,0.0,0.087,0.0,0.0,0.0,0.0,0.089,0.3
2020-01-04 11:45:00,19.74,21.03,23.6,19.88,20.91,20.94,22.77,23.79,19.92,19.4,4.35,579.5,0.137,0.0,0.0,0.068,0.0,0.0,0.0,0.0,0.061,0.301
2020-01-04 12:00:00,19.76,20.85,23.75,19.89,20.97,21.06,22.58,24.03,19.95,19.39,4.54,557.5,0.128,0.0,0.0,0.06,0.0,0.0,0.0,0.0,0.038,0.302
2020-01-04 12:15:00,19.78,20.68,23.87,19.91,21.02,21.16,22.34,24.22,19.96,19.39,4.73,535.6,0.12,0.0,0.0,0.053,0.0,0.0,0.0,0.0,0.026,0.303
2020-01-04 12:30:00,19.83,20.55,24.09,19.95,20.96,21.17,22.07,24.44,19.99,19.39,4.92,526.6,0.11,0.0,0.0,0.045,0.0,0.0,0.0,0.0,0.018,0.304
2020-01-04 12:45:00,19.68,20.34,24.05,19.83,21.17,21.37,21.79,24.45,19.9,19.39,5.11,517.6,0.087,0.0,0.0,0.026,0.0,0.0,0.0,0.0,0.003,0.304
2020-01-04 13:00:00,19.94,20.27,24.34,20.02,20.96,21.29,21.53,24.73,20.01,19.39,5.19,508.7,0.161,0.0,0.0,0.083,0.0,0.0,0.0,0.0,0.048,0.305
2020-01-04 13:15:00,19.7,20.16,24.33,19.91,21.12,21.47,21.34,24.78,20.0,19.39,5.27,499.7,0.032,0.0,0.0,0.0,0.0,0.0,0.0,0.0,0.0,0.306
2020-01-04 13:30:00,19.74,20.0,24.27,19.9,21.24,21.55,21.11,24.86,20.04,19.38,5.35,481.6,0.152,0.0,0.0,0.046,0.0,0.0,0.0,0.0,0.0,0.307
2020-01-04 13:45:00,19.93,20.04,24.55,20.15,21.0,21.53,20.94,24.99,20.15,19.38,5.43,463.4,0.13,0.002,0.0,0.048,0.0,0.0,0.0,0.0,0.0,0.308
2020-01-04 14:00:00,19.68,19.91,24.46,20.11,21.16,21.63,20.79,25.0,20.2,19.38,5.41,445.3,0.036,0.0,0.0,0.0,0.0,0.0,0.0,0.0,0.0,0.308
2020-01-04 14:15:00,19.79,19.88,24.45,20.17,21.17,21.67,20.62,25.03,20.29,19.38,5.39,427.2,0.159,0.045,0.0,0.0,0.0,0.0,0.0,0.0,0.0,0.309
2020-01-04 14:30:00,19.76,19.86,24.35,20.27,21.16,21.68,20.46,24.99,20.38,19.38,5.37,389.7,0.105,0.06,0.0,0.0,0.0,0.0,0.0,0.0,0.0,0.31
2020-01-04 14:45:00,19.73,19.81,24.01,20.33,21.08,21.67,20.3,24.91,20.45,19.38,5.36,352.3,0.121,0.068,0.0,0.0,0.0,0.0,0.0,0.0,0.0,0.311
2020-01-04 15:00:00,19.64,19.73,23.51,20.26,20.97,21.63,20.15,24.77,20.5,19.38,5.18,314.8,0.133,0.095,0.0,0.0,0.0,0.0,0.0,0.0,0.0,0.312
2020-01-04 15:15:00,19.63,19.69,23.07,20.07,20.73,21.56,19.98,24.6,20.54,19.37,5.0,277.3,0.178,0.135,0.0,0.0,0.0,0.0,0.0,0.0,0.0,0.312
2020-01-04 15:30:00,19.53,19.6,22.72,19.8,20.56,21.43,19.81,24.3,20.47,19.37,4.82,209.5,0.184,0.156,0.0,0.0,0.0,0.0,0.011,0.0,0.0,0.313
2020-01-04 15:45:00,19.49,19.54,22.44,19.7,20.42,21.24,19.69,23.92,20.28,19.37,4.65,141.7,0.235,0.202,0.0,0.1,0.0,0.0,0.096,0.0,0.0,0.314
2020-01-04 16:00:00,19.44,19.49,22.21,19.7,20.33,20.98,19.62,23.46,20.04,19.37,4.38,73.9,0.257,0.229,0.0,0.149,0.0,0.0,0.157,0.0,0.0,0.314
2020-01-04 16:15:00,19.4,19.45,21.98,19.64,20.25,20.67,19.59,22.93,19.77,19.37,4.1,6.1,0.279,0.255,0.0,0.15,0.0,0.0,0.192,0.0,0.0,0.315
2020-01-04 16:30:00,19.37,19.42,21.75,19.59,20.14,20.36,19.57,22.49,19.54,19.37,3.83,0.0,0.302,0.274,0.0,0.18,0.0,0.0,0.206,0.0,0.116,0.316
2020-01-04 16:45:00,19.33,19.38,21.52,19.56,20.05,20.11,19.56,22.08,19.42,19.37,3.56,0.0,0.315,0.291,0.0,0.203,0.0,0.0,0.215,0.0,0.232,0.316
2020-01-04 17:00:00,19.3,19.36,21.32,19.53,19.98,19.91,19.55,21.74,19.38,19.37,3.47,0.0,0.337,0.311,0.0,0.218,0.0,0.0,0.22,0.0,0.292,0.317
2020-01-04 17:15:00,19.28,19.34,21.13,19.51,19.91,19.74,19.54,21.43,19.39,19.36,3.38,0.0,0.348,0.318,0.0,0.234,0.012,0.047,0.223,0.0,0.31,0.317
2020-01-04 17:30:00,19.24,19.31,20.93,19.48,19.89,19.67,19.53,21.14,19.4,19.36,3.29,0.0,0.358,0.33,0.0,0.245,0.047,0.131,0.228,0.0,0.305,0.318
2020-01-04 17:45:00,19.28,19.33,20.81,19.5,19.76,19.49,19.51,20.98,19.43,19.36,3.2,0.0,0.379,0.345,0.0,0.262,0.055,0.165,0.237,0.0,0.301,0.318
2020-01-04 18:00:00,19.19,19.27,20.61,19.43,19.78,19.51,19.51,20.71,19.41,19.36,3.11,0.0,0.36,0.335,0.0,0.251,0.122,0.255,0.244,0.0,0.283,0.319
2020-01-04 18:15:00,19.26,19.31,20.52,19.48,19.64,19.41,19.51,20.59,19.42,19.36,3.01,0.0,0.404,0.366,0.0,0.283,0.11,0.244,0.247,0.0,0.296,0.319
2020-01-04 18:30:00,19.16,19.24,20.33,19.41,19.7,19.43,19.5,20.38,19.41,19.36,2.92,0.0,0.368,0.345,0.0,0.262,0.181,0.295,0.247,0.0,0.29,0.319
2020-01-04 18:45:00,19.25,19.29,20.26,19.46,19.54,19.37,19.49,20.26,19.42,19.36,2.83,0.0,0.42,0.38,0.0,0.294,0.15,0.285,0.25,0.0,0.293,0.32
2020-01-04 19:00:00,19.13,19.22,20.08,19.39,19.63,19.37,19.48,20.09,19.41,19.36,2.75,0.0,0.374,0.353,0.0,0.27,0.229,0.315,0.255,0.0,0.292,0.32
2020-01-04 19:15:00,19.24,19.28,20.01,19.45,19.46,19.33,19.46,19.97,19.4,19.36,2.68,0.0,0.433,0.391,0.0,0.303,0.187,0.315,0.262,0.0,0.296,0.32
2020-01-04 19:30:00,19.11,19.2,19.84,19.38,19.55,19.32,19.46,19.83,19.39,19.36,2.6,0.0,0.381,0.36,0.0,0.277,0.27,0.335,0.268,0.016,0.298,0.32
2020-01-04 19:45:00,19.22,19.26,19.9,19.43,19.39,19.3,19.45,19.74,19.39,19.36,2.53,0.0,0.443,0.399,0.082,0.308,0.223,0.339,0.272,0.086,0.303,0.32
2020-01-04 20:00:00,19.1,19.19,19.73,19.39,19.52,19.31,19.45,19.69,19.4,19.36,2.44,0.0,0.391,0.37,0.052,0.287,0.305,0.351,0.276,0.128,0.305,0.321
2020-01-04 20:15:00,19.21,19.25,19.82,19.42,19.36,19.32,19.46,19.67,19.4,19.36,2.35,0.0,0.449,0.405,0.134,0.307,0.238,0.345,0.273,0.153,0.302,0.321
2020-01-04 20:30:00,19.09,19.18,19.65,19.39,19.5,19.34,19.46,19.66,19.41,19.36,2.26,0.0,0.393,0.373,0.09,0.289,0.32,0.339,0.271,0.163,0.298,0.321
2020-01-04 20:45:00,19.21,19.25,19.75,19.42,19.34,19.34,19.46,19.64,19.41,19.36,2.17,0.0,0.453,0.409,0.175,0.307,0.25,0.332,0.271,0.171,0.296,0.321
2020-01-04 21:00:00,19.08,19.17,19.58,19.38,19.48,19.34,19.44,19.62,19.4,19.36,2.08,0.0,0.395,0.376,0.126,0.291,0.33,0.328,0.271,0.178,0.295,0.321
2020-01-04 21:15:00,19.19,19.23,19.67,19.41,19.32,19.33,19.43,19.59,19.39,19.36,1.99,0.0,0.459,0.415,0.209,0.311,0.261,0.33,0.279,0.191,0.3,0.321
2020-01-04 21:30:00,19.08,19.16,19.54,19.37,19.45,19.32,19.42,19.57,19.38,19.36,1.9,0.0,0.403,0.385,0.163,0.297,0.34,0.335,0.286,0.204,0.305,0.321
2020-01-04 21:45:00,19.18,19.22,19.63,19.4,19.31,19.32,19.41,19.55,19.38,19.36,1.81,0.0,0.462,0.42,0.23,0.314,0.276,0.338,0.291,0.215,0.308,0.321
2020-01-04 22:00:00,19.08,19.16,19.52,19.37,19.43,19.32,19.41,19.55,19.38,19.36,1.73,0.0,0.411,0.392,0.183,0.302,0.345,0.341,0.294,0.223,0.311,0.321
2020-01-04 22:15:00,19.17,19.21,19.6,19.39,19.31,19.32,19.41,19.54,19.38,19.36,1.65,0.0,0.461,0.422,0.242,0.314,0.287,0.339,0.293,0.227,0.31,0.32
2020-01-04 22:30:00,19.08,19.15,19.5,19.37,19.41,19.33,19.41,19.53,19.38,19.36,1.57,0.0,0.415,0.397,0.198,0.303,0.347,0.338,0.293,0.231,0.309,0.32
2020-01-04 22:45:00,19.16,19.2,19.58,19.39,19.3,19.32,19.41,19.52,19.38,19.36,1.49,0.0,0.459,0.423,0.25,0.315,0.295,0.337,0.295,0.235,0.31,0.32
2020-01-04 23:00:00,19.08,19.15,19.49,19.37,19.39,19.32,19.4,19.51,19.38,19.36,1.4,0.0,0.42,0.401,0.211,0.305,0.349,0.338,0.297,0.24,0.311,0.32
2020-01-04 23:15:00,19.15,19.19,19.55,19.38,19.3,19.32,19.4,19.5,19.37,19.36,1.31,0.0,0.458,0.425,0.256,0.315,0.303,0.339,0.299,0.245,0.312,0.32
2020-01-04 23:30:00,19.08,19.14,19.47,19.37,19.38,19.32,19.39,19.49,19.37,19.36,1.22,0.0,0.426,0.407,0.224,0.308,0.35,0.34,0.301,0.25,0.314,0.32
2020-01-04 23:45:00,19.13,19.17,19.53,19.38,19.3,19.32,19.39,19.49,19.37,19.36,1.13,0.0,0.462,0.429,0.265,0.317,0.31,0.341,0.303,0.253,0.315,0.32
2020-01-05 00:00:00,19.06,19.12,19.44,19.35,19.37,19.3,19.37,19.46,19.35,19.36,1.01,0.0,0.434,0.414,0.236,0.311,0.352,0.342,0.304,0.257,0.316,0.32
2020-01-05 00:15:00,19.1,19.14,19.48,19.35,19.28,19.28,19.34,19.43,19.33,19.36,0.9,0.0,0.472,0.441,0.279,0.326,0.316,0.352,0.317,0.27,0.326,0.32
2020-01-05 00:30:00,19.03,19.09,19.41,19.32,19.34,19.26,19.33,19.41,19.31,19.36,0.78,0.0,0.45,0.43,0.258,0.325,0.36,0.362,0.328,0.284,0.337,0.32
2020-01-05 00:45:00,19.07,19.11,19.44,19.32,19.27,19.24,19.32,19.39,19.29,19.36,0.67,0.0,0.485,0.454,0.296,0.338,0.328,0.371,0.336,0.296,0.346,0.319
2020-01-05 01:00:00,19.02,19.08,19.39,19.31,19.32,19.24,19.32,19.39,19.29,19.36,0.65,0.0,0.466,0.445,0.281,0.34,0.366,0.378,0.342,0.305,0.354,0.319
2020-01-05 01:15:00,19.06,19.11,19.42,19.3,19.27,19.25,19.32,19.38,19.29,19.36,0.63,0.0,0.488,0.458,0.304,0.344,0.341,0.378,0.341,0.307,0.353,0.319
2020-01-05 01:30:00,19.02,19.08,19.38,19.3,19.31,19.25,19.31,19.38,19.29,19.36,0.61,0.0,0.471,0.445,0.291,0.348,0.366,0.376,0.34,0.308,0.353,0.319
2020-01-05 01:45:00,19.05,19.1,19.4,19.3,19.26,19.24,19.31,19.37,19.29,19.36,0.59,0.0,0.49,0.46,0.311,0.35,0.346,0.377,0.343,0.31,0.353,0.319
2020-01-05 02:00:00,19.03,19.09,19.38,19.3,19.3,19.25,19.32,19.38,19.3,19.36,0.53,0.0,0.475,0.451,0.3,0.35,0.368,0.379,0.347,0.315,0.355,0.319
2020-01-05 02:15:00,19.06,19.1,19.4,19.31,19.27,19.27,19.34,19.39,19.31,19.36,0.47,0.0,0.484,0.457,0.311,0.348,0.35,0.375,0.339,0.308,0.35,0.319
2020-01-05 02:30:00,19.04,19.09,19.38,19.31,19.3,19.28,19.35,19.4,19.32,19.36,0.4,0.0,0.471,0.448,0.298,0.343,0.364,0.366,0.331,0.304,0.345,0.319
2020-01-05 02:45:00,19.06,19.11,19.4,19.32,19.28,19.29,19.36,19.4,19.33,19.36,0.34,0.0,0.479,0.453,0.308,0.343,0.35,0.36,0.325,0.301,0.34,0.319
2020-01-05 03:00:00,19.05,19.1,19.38,19.32,19.3,19.29,19.36,19.4,19.33,19.36,0.32,0.0,0.468,0.446,0.298,0.338,0.361,0.356,0.322,0.3,0.337,0.319
2020-01-05 03:15:00,19.1,19.13,20.04,19.34,19.46,19.29,19.36,19.4,19.33,19.36,0.3,0.0,0.475,0.45,1.0,0.34,0.899,0.355,0.322,0.301,0.336,0.319
2020-01-05 03:30:00,19.1,19.15,20.35,19.36,19.59,19.28,19.36,19.41,19.33,19.36,0.28,0.0,0.449,0.433,1.0,0.331,0.818,0.355,0.321,0.301,0.336,0.319
2020-01-05 03:45:00,19.11,19.15,20.34,19.36,19.62,19.29,19.36,19.41,19.33,19.36,0.25,0.0,0.45,0.427,0.924,0.318,0.755,0.361,0.32,0.293,0.334,0.319
2020-01-05 04:00:00,19.1,19.14,20.39,19.35,19.62,19.27,19.34,19.38,19.31,19.36,0.21,0.0,0.443,0.427,0.928,0.32,0.741,0.355,0.319,0.296,0.333,0.319
2020-01-05 04:15:00,19.09,19.13,20.4,19.34,19.63,19.25,19.31,19.35,19.29,19.36,0.17,0.0,0.45,0.431,0.904,0.325,0.742,0.366,0.331,0.309,0.343,0.319
2020-01-05 04:30:00,19.09,19.11,20.44,19.35,19.63,19.23,19.28,19.33,19.29,19.36,0.13,0.0,0.454,0.436,0.902,0.329,0.733,0.376,0.344,0.323,0.354,0.32
2020-01-05 04:45:00,19.08,19.11,20.45,19.33,19.66,19.22,19.28,19.32,19.27,19.36,0.09,0.0,0.454,0.443,0.881,0.324,0.734,0.385,0.358,0.334,0.356,0.32
2020-01-05 05:00:00,19.1,19.12,20.51,19.35,19.65,19.24,19.3,19.34,19.29,19.36,0.07,0.0,0.462,0.446,0.873,0.337,0.722,0.389,0.362,0.341,0.364,0.32
2020-01-05 05:15:00,19.09,19.11,20.52,19.34,19.7,19.26,19.32,19.35,19.11,19.36,0.04,0.0,0.451,0.439,0.843,0.323,0.726,0.382,0.351,0.33,0.0,0.32
2020-01-05 05:30:00,19.12,19.13,20.59,19.37,19.68,19.24,19.32,19.36,18.84,19.36,0.01,0.0,0.454,0.444,0.84,0.328,0.701,0.368,0.342,0.326,0.0,0.32
2020-01-05 05:45:00,19.09,19.13,20.59,19.34,19.74,19.17,19.34,19.35,18.61,19.36,-0.01,0.0,0.442,0.434,0.804,0.316,0.71,0.38,0.339,0.321,0.0,0.32
2020-01-05 06:00:00,19.12,19.14,20.66,19.37,19.71,19.11,19.33,19.32,18.45,19.36,-0.03,0.0,0.453,0.437,0.803,0.331,0.68,0.414,0.329,0.323,0.043,0.32
2020-01-05 06:15:00,19.09,19.11,20.63,19.33,19.77,19.08,19.31,19.3,18.37,19.36,-0.05,0.0,0.438,0.431,0.77,0.317,0.696,0.444,0.337,0.34,0.123,0.321
2020-01-05 06:30:00,19.12,19.14,20.7,19.36,19.71,19.06,19.3,19.3,18.34,19.36,-0.07,0.0,0.457,0.443,0.786,0.333,0.666,0.462,0.346,0.351,0.164,0.321
2020-01-05 06:45:00,19.07,19.1,20.64,19.32,19.79,19.07,19.29,19.3,18.33,19.36,-0.08,0.0,0.441,0.43,0.75,0.318,0.694,0.469,0.352,0.35,0.18,0.321
2020-01-05 07:00:00,19.14,19.15,20.74,19.38,19.7,19.09,19.31,19.32,18.35,19.36,-0.11,0.0,0.466,0.45,0.778,0.339,0.654,0.463,0.355,0.352,0.184,0.321
2020-01-05 07:15:00,19.12,19.14,20.72,19.99,19.83,18.98,19.57,19.3,18.34,19.36,-0.13,0.0,0.432,0.423,0.729,1.0,0.698,0.0,1.0,0.34,0.174,0.322
2020-01-05 07:30:00,19.16,19.17,20.79,20.37,19.91,18.76,20.05,19.25,18.28,19.36,-0.15,0.0,0.439,0.432,0.741,1.0,0.633,0.0,1.0,0.35,0.182,0.322
2020-01-05 07:45:00,19.17,19.18,20.82,20.48,19.95,18.57,20.44,19.19,18.21,19.36,-0.17,0.0,0.418,0.414,0.705,1.0,0.597,0.0,1.0,0.375,0.212,0.322
2020-01-05 08:00:00,19.17,19.17,20.81,20.58,19.96,18.39,20.66,19.18,18.22,19.35,-0.06,0.0,0.414,0.411,0.69,1.0,0.577,0.0,0.83,0.406,0.244,0.322
2020-01-05 08:15:00,18.56,18.56,20.82,20.68,19.81,18.39,20.75,19.31,18.21,19.32,0.04,12.0,0.0,0.0,0.695,1.0,0.571,0.0,0.721,1.0,0.241,0.0
2020-01-05 08:30:00,18.36,18.32,20.76,20.72,19.64,18.44,20.87,19.66,18.25,19.24,0.15,73.0,0.0,0.0,0.689,1.0,0.643,0.0,0.676,1.0,0.244,0.0
2020-01-05 08:45:00,18.32,18.27,20.99,20.8,19.66,18.55,21.06,20.03,18.31,19.16,0.26,134.1,0.022,0.0,0.722,1.0,0.728,0.0,0.614,0.969,0.224,0.031
2020-01-05 09:00:00,18.39,18.5,21.14,20.92,19.77,18.68,21.28,20.32,18.37,19.1,0.66,195.1,0.038,0.0,0.606,1.0,0.718,0.0,0.519,0.784,0.195,0.07
2020-01-05 09:15:00,18.41,18.75,21.35,21.08,19.9,18.79,21.54,20.56,18.42,19.05,1.06,256.2,0.006,0.0,0.528,1.0,0.664,0.0,0.408,0.64,0.164,0.101
2020-01-05 09:30:00,18.51,19.02,21.58,21.22,19.88,18.82,21.78,20.79,18.46,19.01,1.46,287.2,0.0,0.0,0.426,0.961,0.6,0.0,0.282,0.52,0.141,0.125
2020-01-05 09:45:00,18.48,19.2,21.61,21.25,20.12,18.97,21.99,20.87,18.46,18.98,1.86,318.2,0.0,0.0,0.311,0.891,0.61,0.0,0.159,0.407,0.12,0.147
2020-01-05 10:00:00,18.46,19.43,21.8,21.3,20.25,19.03,22.22,21.09,18.48,18.95,2.23,349.3,0.0,0.0,0.296,0.876,0.491,0.0,0.057,0.365,0.122,0.16
2020-01-05 10:15:00,18.61,19.62,22.09,21.45,20.2,19.12,22.35,21.28,18.51,18.93,2.6,380.3,0.0,0.0,0.199,0.848,0.425,0.0,0.0,0.256,0.108,0.176
2020-01-05 10:30:00,18.54,19.77,22.21,21.43,20.46,19.22,22.53,21.55,18.55,18.91,2.98,433.2,0.0,0.0,0.056,0.774,0.451,0.0,0.0,0.161,0.093,0.187
2020-01-05 10:45:00,18.68,19.95,22.59,21.6,20.53,19.41,22.68,21.82,18.6,18.89,3.35,486.2,0.0,0.0,0.0,0.784,0.322,0.0,0.0,0.023,0.075,0.197
2020-01-05 11:00:00,18.79,20.11,23.02,21.7,20.71,19.59,22.84,22.18,18.68,18.88,3.76,539.1,0.0,0.0,0.0,0.7,0.286,0.0,0.0,0.0,0.049,0.204
2020-01-05 11:15:00,18.92,20.22,23.45,21.79,20.85,19.77,22.96,22.57,18.75,18.86,4.17,592.0,0.0,0.0,0.0,0.652,0.194,0.0,0.0,0.0,0.009,0.212
2020-01-05 11:30:00,18.94,20.18,23.65,21.81,21.06,19.92,22.98,22.9,18.8,18.85,4.59,574.2,0.0,0.0,0.0,0.605,0.125,0.0,0.0,0.0,0.0,0.218
2020-01-05 11:45:00,19.08,20.17,23.9,21.91,21.08,20.11,22.9,23.17,18.85,18.84,5.0,556.3,0.0,0.0,0.0,0.595,0.022,0.0,0.0,0.0,0.0,0.226
2020-01-05 12:00:00,19.22,20.12,24.17,21.97,21.07,20.21,22.71,23.45,18.92,18.83,5.24,538.4,0.0,0.0,0.0,0.547,0.008,0.0,0.0,0.0,0.0,0.23
2020-01-05 12:15:00,19.1,19.96,24.16,21.92,21.3,20.37,22.5,23.61,18.93,18.82,5.47,520.5,0.0,0.0,0.0,0.515,0.016,0.0,0.0,0.0,0.0,0.236
2020-01-05 12:30:00,19.31,19.96,24.38,22.06,21.11,20.42,22.25,23.78,19.0,18.81,5.71,473.7,0.0,0.0,0.0,0.542,0.0,0.0,0.0,0.0,0.0,0.24
2020-01-05 12:45:00,19.12,19.76,24.15,21.94,21.38,20.55,21.98,23.76,19.01,18.8,5.95,426.9,0.0,0.0,0.0,0.47,0.0,0.0,0.0,0.0,0.0,0.244
2020-01-05 13:00:00,19.21,19.74,24.2,22.03,21.18,20.52,21.77,23.78,19.04,18.8,5.92,380.2,0.0,0.0,0.0,0.532,0.0,0.0,0.061,0.0,0.0,0.248
2020-01-05 13:15:00,19.3,19.69,24.18,22.06,21.03,20.52,21.57,23.69,19.03,18.79,5.9,333.4,0.0,0.0,0.0,0.486,0.0,0.0,0.166,0.0,0.0,0.251
2020-01-05 13:30:00,19.0,19.47,23.99,21.95,21.27,20.5,21.52,23.67,19.04,18.79,5.87,346.0,0.0,0.0,0.0,0.47,0.036,0.0,0.264,0.0,0.0,0.254
2020-01-05 13:45:00,19.09,19.46,24.12,22.1,21.09,20.5,21.53,23.67,19.05,18.78,5.85,358.6,0.0,0.0,0.0,0.525,0.0,0.0,0.29,0.0,0.0,0.257
2020-01-05 14:00:00,19.08,19.4,24.19,22.15,21.1,20.53,21.55,23.71,19.1,18.78,5.84,371.3,0.0,0.0,0.0,0.451,0.007,0.0,0.287,0.0,0.0,0.259
2020-01-05 14:15:00,19.08,19.35,24.25,22.23,21.12,20.57,21.56,23.77,19.19,18.77,5.83,383.9,0.0,0.0,0.0,0.424,0.001,0.0,0.277,0.0,0.0,0.262
2020-01-05 14:30:00,19.08,19.3,24.25,22.31,21.12,20.63,21.55,23.84,19.3,18.77,5.83,369.6,0.0,0.0,0.0,0.386,0.0,0.0,0.272,0.0,0.0,0.264
2020-01-05 14:45:00,19.06,19.24,24.01,22.36,21.07,20.68,21.52,23.88,19.42,18.76,5.82,355.4,0.0,0.0,0.0,0.343,0.0,0.0,0.277,0.0,0.0,0.266
2020-01-05 15:00:00,18.98,19.14,23.57,22.29,20.94,20.71,21.49,23.89,19.54,18.76,5.7,341.1,0.0,0.0,0.0,0.321,0.015,0.0,0.288,0.0,0.0,0.268
2020-01-05 15:15:00,18.84,19.0,23.1,22.13,20.75,20.73,21.46,23.87,19.66,18.76,5.58,326.8,0.0,0.0,0.0,0.354,0.082,0.0,0.304,0.0,0.0,0.27
2020-01-05 15:30:00,18.7,18.86,22.79,21.95,20.62,20.72,21.43,23.73,19.69,18.75,5.46,247.4,0.0,0.0,0.0,0.435,0.176,0.0,0.319,0.0,0.0,0.272
2020-01-05 15:45:00,18.59,18.74,22.56,21.89,20.49,20.65,21.4,23.46,19.55,18.75,5.33,167.9,0.0,0.0,0.0,0.524,0.24,0.0,0.336,0.0,0.0,0.273
2020-01-05 16:00:00,18.44,18.59,22.33,21.82,20.33,20.38,21.36,23.08,19.36,18.75,5.07,88.5,0.0,0.0,0.0,0.555,0.307,0.0,0.351,0.0,0.0,0.275
2020-01-05 16:15:00,18.28,18.43,22.09,21.73,20.18,20.08,21.32,22.55,19.08,18.75,4.8,9.0,0.0,0.0,0.0,0.591,0.386,0.0,0.369,0.0,0.0,0.276
2020-01-05 16:30:00,18.23,18.28,21.92,21.67,20.07,19.79,21.28,22.1,18.82,18.74,4.54,0.0,0.059,0.0,0.056,0.634,0.462,0.0,0.392,0.0,0.0,0.277
2020-01-05 16:45:00,18.21,18.16,21.81,21.63,20.0,19.53,21.26,21.71,18.58,18.74,4.27,0.0,0.084,0.0,0.14,0.664,0.514,0.0,0.41,0.0,0.0,0.279
2020-01-05 17:00:00,18.18,18.07,21.71,21.6,19.95,19.3,21.25,21.37,18.39,18.74,4.2,0.0,0.096,0.0,0.194,0.684,0.548,0.0,0.422,0.0,0.059,0.28
2020-01-05 17:15:00,18.15,17.99,21.62,21.57,19.9,19.1,21.24,21.09,18.28,18.74,4.13,0.0,0.111,0.0,0.244,0.698,0.576,0.0,0.426,0.117,0.154,0.281
2020-01-05 17:30:00,18.04,17.84,21.46,21.47,20.0,19.01,21.23,20.89,18.23,18.74,4.06,0.0,0.123,0.0,0.291,0.713,0.602,0.0,0.429,0.256,0.212,0.281
2020-01-05 17:45:00,18.2,17.85,21.5,21.55,19.82,18.86,21.23,20.82,18.26,18.73,3.99,0.0,0.181,0.0,0.372,0.765,0.552,0.0,0.434,0.356,0.234,0.282
2020-01-05 18:00:00,18.07,17.8,21.41,21.53,19.79,18.79,21.23,20.73,18.27,18.73,3.91,0.0,0.098,0.0,0.351,0.724,0.638,0.0,0.436,0.39,0.218,0.283
2020-01-05 18:15:00,18.21,17.77,21.39,21.54,19.63,18.73,21.22,20.68,18.28,18.73,3.82,0.0,0.165,0.0,0.393,0.734,0.657,0.0,0.437,0.435,0.217,0.284
2020-01-05 18:30:00,17.98,17.65,21.27,21.46,19.71,18.69,21.22,20.62,18.26,18.73,3.74,0.0,0.094,0.0,0.403,0.73,0.737,0.0,0.439,0.459,0.212,0.284
2020-01-05 18:45:00,18.0,17.48,21.13,21.36,19.8,18.64,21.22,20.57,18.25,18.73,3.65,0.0,0.21,0.0,0.467,0.769,0.696,0.0,0.44,0.491,0.219,0.285
2020-01-05 19:00:00,18.14,17.53,21.25,21.49,19.67,18.6,21.23,20.54,18.25,18.73,3.6,0.0,0.2,0.0,0.534,0.82,0.648,0.0,0.442,0.514,0.224,0.285
2020-01-05 19:15:00,18.03,17.5,20.76,21.47,19.55,18.57,21.24,20.51,18.26,18.73,3.54,0.0,0.131,0.0,0.0,0.755,0.167,0.0,0.436,0.531,0.223,0.286
2020-01-05 19:30:00,18.11,17.45,20.63,21.45,19.35,18.54,21.25,20.5,18.27,18.73,3.48,0.0,0.184,0.0,0.0,0.763,0.225,0.0,0.429,0.544,0.221,0.286
2020-01-05 19:45:00,17.85,17.25,20.41,21.3,19.55,18.53,21.26,20.47,18.27,18.73,3.43,0.0,0.147,0.0,0.0,0.776,0.325,0.0,0.424,0.551,0.216,0.287
2020-01-05 20:00:00,18.08,17.38,20.38,21.39,19.38,18.48,21.24,20.44,18.25,18.73,3.35,0.0,0.277,0.076,0.0,0.85,0.224,0.0,0.421,0.564,0.215,0.287
2020-01-05 20:15:00,17.97,17.29,20.3,21.39,19.35,18.43,21.22,20.4,18.23,18.73,3.28,0.0,0.158,0.008,0.0,0.803,0.31,0.0,0.431,0.578,0.224,0.287
2020-01-05 20:30:00,18.06,17.34,20.22,21.41,19.2,18.38,21.18,20.38,18.23,18.73,3.21,0.0,0.215,0.056,0.0,0.803,0.324,0.0,0.442,0.599,0.236,0.287
2020-01-05 20:45:00,17.8,17.12,19.98,21.23,19.44,18.35,21.17,20.34,18.21,18.73,3.14,0.0,0.168,0.028,0.0,0.797,0.401,0.0,0.459,0.612,0.237,0.287
2020-01-05 21:00:00,18.07,17.33,19.96,21.35,19.26,18.31,21.18,20.32,18.21,18.73,3.07,0.0,0.299,0.141,0.01,0.883,0.281,0.0,0.464,0.631,0.243,0.287
2020-01-05 21:15:00,17.95,17.22,19.91,21.37,19.25,18.29,21.19,20.29,18.51,18.73,3.01,0.0,0.167,0.034,0.022,0.823,0.37,0.0,0.46,0.642,0.893,0.287
2020-01-05 21:30:00,17.97,17.23,19.82,21.31,19.21,18.33,21.2,20.29,18.88,18.73,2.95,0.0,0.224,0.092,0.046,0.814,0.377,0.0,0.457,0.653,0.745,0.287
2020-01-05 21:45:00,18.05,17.29,19.84,21.37,19.1,18.34,21.2,20.33,19.08,18.73,2.88,0.0,0.216,0.083,0.088,0.843,0.393,0.0,0.451,0.654,0.559,0.287
2020-01-05 22:00:00,17.78,17.06,19.67,21.21,19.34,18.4,21.2,20.3,19.1,18.73,2.82,0.0,0.177,0.055,0.079,0.813,0.451,0.0,0.451,0.636,0.458,0.287
2020-01-05 22:15:00,18.06,17.29,19.76,21.33,19.19,18.38,21.2,20.32,19.12,18.73,2.76,0.0,0.309,0.168,0.167,0.896,0.329,0.0,0.451,0.652,0.451,0.287
2020-01-05 22:30:00,17.94,17.18,19.73,21.36,19.19,18.37,21.2,20.31,19.12,18.73,2.7,0.0,0.17,0.053,0.121,0.836,0.405,0.0,0.45,0.64,0.441,0.287
2020-01-05 22:45:00,18.04,17.26,19.7,21.35,19.05,18.36,21.2,20.29,19.14,18.73,2.63,0.0,0.232,0.109,0.137,0.82,0.404,0.0,0.45,0.646,0.438,0.287
2020-01-05 23:00:00,17.76,17.03,19.57,21.19,19.31,18.34,21.2,20.28,19.14,18.73,2.57,0.0,0.181,0.068,0.151,0.823,0.477,0.0,0.449,0.654,0.432,0.287
2020-01-05 23:15:00,18.02,17.25,19.65,20.61,18.99,18.48,21.02,20.31,19.17,18.73,2.5,0.0,0.322,0.187,0.214,0.0,0.346,0.828,0.0,0.658,0.431,0.287
2020-01-05 23:30:00,17.8,17.05,19.54,20.34,18.9,18.74,20.67,20.41,19.23,18.73,2.43,0.0,0.189,0.077,0.176,0.0,0.504,0.76,0.0,0.643,0.417,0.287
2020-01-05 23:45:00,17.85,17.09,19.5,20.16,18.84,19.03,20.31,20.52,19.31,18.73,2.37,0.0,0.299,0.175,0.232,0.0,0.548,0.631,0.0,0.597,0.383,0.287
2020-01-06 00:00:00,17.81,17.07,19.48,20.0,18.87,19.21,19.96,20.52,19.31,18.73,2.28,0.0,0.273,0.154,0.251,0.0,0.579,0.483,0.0,0.541,0.346,0.287
2020-01-06 00:15:00,18.56,17.95,19.52,19.95,19.03,19.16,19.76,20.43,19.31,18.77,2.19,0.0,1.0,1.0,0.258,0.0,0.565,0.397,0.022,0.0,0.343,0.637
2020-01-06 00:30:00,18.81,18.67,19.59,19.95,19.31,19.12,19.56,20.16,19.28,18.85,2.1,0.0,0.721,1.0,0.24,0.025,0.486,0.422,0.118,0.0,0.344,0.617
2020-01-06 00:45:00,18.68,18.43,19.55,19.89,19.3,19.06,19.47,19.91,19.24,18.93,2.01,0.0,0.594,0.666,0.207,0.024,0.344,0.44,0.221,0.0,0.362,0.574
2020-01-06 01:00:00,18.63,18.41,19.48,19.75,19.25,19.08,19.47,19.71,19.23,18.99,1.9,0.0,0.658,0.784,0.223,0.057,0.351,0.468,0.266,0.044,0.38,0.535
2020-01-06 01:15:00,18.7,18.5,19.52,19.76,19.16,19.03,19.49,19.66,19.24,19.03,1.78,0.0,0.687,0.795,0.261,0.123,0.377,0.462,0.266,0.144,0.387,0.503
2020-01-06 01:30:00,18.66,18.48,19.45,19.67,19.27,19.07,19.49,19.57,19.24,19.07,1.67,0.0,0.648,0.75,0.238,0.12,0.418,0.486,0.253,0.171,0.378,0.483
2020-01-06 01:45:00,18.77,18.61,19.52,19.7,19.15,19.07,19.47,19.56,19.25,19.1,1.56,0.0,0.671,0.759,0.275,0.164,0.365,0.463,0.254,0.214,0.382,0.466
2020-01-06 02:00:00,18.71,18.58,19.42,19.6,19.31,19.1,19.46,19.54,19.25,19.12,1.51,0.0,0.614,0.696,0.242,0.15,0.423,0.464,0.263,0.22,0.377,0.452
2020-01-06 02:15:00,18.85,18.73,19.53,19.66,19.15,19.12,19.45,19.53,19.26,19.14,1.46,0.0,0.647,0.709,0.289,0.199,0.347,0.448,0.271,0.23,0.374,0.44
2020-01-06 02:30:00,18.75,18.68,19.4,19.55,19.36,19.14,19.44,19.52,19.27,19.16,1.4,0.0,0.573,0.637,0.237,0.168,0.423,0.44,0.276,0.234,0.369,0.43
2020-01-06 02:45:00,18.93,18.85,19.54,19.63,19.16,19.15,19.44,19.51,19.27,19.18,1.35,0.0,0.624,0.662,0.301,0.227,0.322,0.431,0.279,0.241,0.367,0.421
2020-01-06 03:00:00,18.8,18.77,19.38,19.49,19.41,19.16,19.44,19.49,19.27,19.19,1.32,0.0,0.533,0.577,0.229,0.185,0.422,0.426,0.281,0.247,0.364,0.412
2020-01-06 03:15:00,18.99,18.92,19.54,19.61,19.16,19.17,19.44,19.49,19.28,19.2,1.28,0.0,0.602,0.614,0.311,0.253,0.296,0.42,0.282,0.253,0.364,0.405
2020-01-06 03:30:00,18.8,18.8,19.37,19.46,19.44,19.18,19.43,19.48,19.28,19.21,1.24,0.0,0.503,0.539,0.228,0.193,0.418,0.416,0.282,0.257,0.362,0.399
2020-01-06 03:45:00,19.04,18.97,19.53,19.59,19.15,19.18,19.43,19.47,19.28,19.22,1.21,0.0,0.601,0.601,0.317,0.269,0.279,0.412,0.284,0.262,0.361,0.393
2020-01-06 04:00:00,18.89,18.89,19.41,19.48,19.34,19.19,19.43,19.47,19.28,19.23,1.18,0.0,0.482,0.513,0.237,0.203,0.424,0.408,0.286,0.265,0.36,0.388
2020-01-06 04:15:00,18.96,18.94,18.94,19.5,19.22,19.2,19.42,19.46,19.29,19.24,1.14,0.0,0.553,0.556,0.0,0.261,0.0,0.405,0.287,0.267,0.358,0.384
2020-01-06 04:30:00,18.92,18.92,18.81,19.48,19.16,19.2,19.42,19.45,19.29,19.25,1.11,0.0,0.522,0.532,0.0,0.251,0.0,0.401,0.289,0.27,0.357,0.38
2020-01-06 04:45:00,18.93,18.93,18.74,19.45,19.13,19.21,19.41,19.45,19.29,19.26,1.08,0.0,0.541,0.54,0.0,0.261,0.0,0.398,0.291,0.274,0.357,0.375
2020-01-06 05:00:00,18.93,18.94,18.66,19.45,19.1,19.21,19.41,19.44,19.29,19.26,1.03,0.0,0.536,0.534,0.0,0.273,0.0,0.396,0.293,0.276,0.355,0.372
2020-01-06 05:15:00,18.1,18.96,18.58,19.43,18.93,19.21,19.41,19.44,19.29,19.27,0.99,0.0,0.0,0.53,0.0,0.273,0.0,0.395,0.295,0.279,0.356,0.369
2020-01-06 05:30:00,17.81,18.92,18.41,19.35,18.77,19.22,19.4,19.43,19.29,19.27,0.94,0.0,0.0,0.522,0.0,0.286,0.0,0.394,0.296,0.281,0.356,0.367
2020-01-06 05:45:00,17.91,18.95,18.33,19.39,18.68,19.22,19.4,19.43,19.29,19.28,0.89,0.0,0.097,0.538,0.0,0.324,0.0,0.392,0.299,0.285,0.356,0.364
2020-01-06 06:00:00,17.74,18.93,18.23,19.33,18.74,19.22,19.39,19.42,19.29,19.28,0.86,0.0,0.044,0.526,0.0,0.307,0.0,0.392,0.301,0.287,0.356,0.361
2020-01-06 06:15:00,17.84,18.97,18.17,19.73,18.7,19.23,19.68,19.41,19.53,19.24,0.84,0.0,0.129,0.534,0.0,0.735,0.0,0.392,1.0,0.29,1.0,0.0
2020-01-06 06:30:00,17.79,18.98,18.15,19.77,18.74,19.31,20.16,19.42,19.89,19.16,0.81,0.0,0.082,0.517,0.0,0.533,0.0,0.383,1.0,0.293,1.0,0.0
2020-01-06 06:45:00,17.74,18.95,18.08,19.7,18.7,19.36,20.53,19.44,20.18,19.06,0.78,0.0,0.105,0.51,0.0,0.517,0.0,0.344,0.871,0.289,1.0,0.0
2020-01-06 07:00:00,17.71,18.96,18.01,19.74,18.67,19.44,20.67,19.42,20.33,18.99,0.75,0.0,0.129,0.524,0.0,0.549,0.0,0.321,0.684,0.281,1.0,0.0
2020-01-06 07:15:00,17.67,19.15,17.95,19.73,18.66,19.34,20.7,19.26,20.48,18.91,0.72,0.0,0.146,0.668,0.0,0.532,0.0,0.0,0.617,0.038,0.984,0.0
2020-01-06 07:30:00,17.65,19.09,17.91,19.75,18.66,19.24,20.72,19.08,20.5,18.85,0.69,0.0,0.164,0.577,0.0,0.536,0.0,0.0,0.599,0.118,0.911,0.0
2020-01-06 07:45:00,17.63,19.12,17.87,19.76,18.62,19.11,20.74,19.01,20.52,18.78,0.66,0.0,0.173,0.605,0.0,0.527,0.0,0.0,0.59,0.21,0.898,0.0
2020-01-06 08:00:00,17.6,19.13,17.81,19.76,18.63,19.03,20.77,18.99,20.51,18.72,0.72,0.0,0.187,0.591,0.0,0.519,0.0,0.0,0.58,0.243,0.891,0.0
2020-01-06 08:15:00,17.59,19.14,17.79,19.79,18.59,18.96,20.8,19.01,20.53,18.66,0.78,5.5,0.202,0.586,0.0,0.52,0.0,0.0,0.566,0.254,0.895,0.0
2020-01-06 08:30:00,17.58,19.16,17.76,19.79,18.61,18.92,20.85,19.06,20.55,18.6,0.84,30.7,0.203,0.578,0.0,0.504,0.0,0.0,0.549,0.246,0.886,0.0
2020-01-06 08:45:00,17.61,19.2,17.83,19.82,18.58,18.9,20.92,19.12,20.58,18.54,0.9,56.0,0.21,0.571,0.0,0.507,0.0,0.0,0.524,0.219,0.876,0.0
2020-01-06 09:00:00,17.6,19.28,17.87,19.83,18.64,18.91,21.02,19.18,20.63,18.48,1.15,81.2,0.195,0.552,0.0,0.488,0.0,0.0,0.488,0.191,0.858,0.0
2020-01-06 09:15:00,17.67,19.38,18.0,19.89,18.64,18.93,21.15,19.28,20.68,18.42,1.39,106.5,0.201,0.508,0.0,0.486,0.0,0.0,0.441,0.16,0.836,0.011
2020-01-06 09:30:00,17.63,19.43,18.07,19.89,18.74,18.97,21.27,19.35,20.73,18.37,1.64,126.8,0.165,0.46,0.0,0.453,0.0,0.0,0.375,0.111,0.811,0.039
2020-01-06 09:45:00,17.75,19.56,18.22,19.98,18.71,19.01,21.38,19.42,20.79,18.33,1.89,147.1,0.186,0.434,0.0,0.455,0.0,0.0,0.316,0.077,0.786,0.064
2020-01-06 10:00:00,17.64,19.58,18.31,19.94,18.86,19.04,21.48,19.51,20.82,18.3,2.17,167.4,0.126,0.371,0.0,0.41,0.0,0.0,0.259,0.038,0.757,0.085
2020-01-06 10:15:00,17.84,19.7,18.52,20.07,18.77,19.08,21.54,19.58,20.86,18.27,2.45,187.7,0.181,0.358,0.0,0.429,0.0,0.0,0.21,0.0,0.739,0.102
2020-01-06 10:30:00,17.61,19.66,18.66,19.98,19.0,19.12,21.56,19.69,20.91,18.24,2.73,212.0,0.079,0.299,0.0,0.367,0.0,0.0,0.18,0.0,0.719,0.117
2020-01-06 10:45:00,17.89,19.79,18.9,20.11,18.94,19.18,21.59,19.81,20.95,18.22,3.01,236.3,0.194,0.321,0.0,0.409,0.0,0.0,0.168,0.0,0.694,0.13
2020-01-06 11:00:00,17.79,19.83,19.21,20.16,18.96,19.22,21.61,19.99,21.01,18.2,3.26,260.6,0.055,0.254,0.0,0.347,0.0,0.0,0.155,0.0,0.674,0.139
2020-01-06 11:15:00,17.8,19.78,19.44,20.07,19.04,19.3,21.62,20.15,21.03,18.18,3.52,284.9,0.107,0.237,0.0,0.32,0.0,0.0,0.143,0.0,0.647,0.151
2020-01-06 11:30:00,17.88,19.85,19.62,20.19,19.0,19.35,21.59,20.32,21.08,18.17,3.78,289.3,0.102,0.261,0.0,0.366,0.0,0.0,0.139,0.0,0.637,0.159
2020-01-06 11:45:00,17.77,19.77,19.71,20.12,19.14,19.43,21.54,20.47,21.11,18.15,4.03,293.7,0.058,0.227,0.0,0.306,0.0,0.0,0.155,0.0,0.61,0.167
2020-01-06 12:00:00,17.96,19.83,19.93,20.23,19.02,19.48,21.47,20.63,21.15,18.14,4.23,298.1,0.115,0.264,0.0,0.339,0.0,0.0,0.18,0.0,0.596,0.174
2020-01-06 12:15:00,17.69,19.72,19.97,20.11,19.24,19.56,21.43,20.76,21.16,18.13,4.42,302.5,0.018,0.235,0.0,0.286,0.0,0.0,0.213,0.0,0.574,0.18
2020-01-06 12:30:00,17.99,19.79,20.19,20.22,19.16,19.63,21.39,20.92,21.21,18.12,4.61,317.9,0.153,0.288,0.0,0.346,0.0,0.0,0.235,0.0,0.569,0.185
2020-01-06 12:45:00,17.84,19.75,20.42,20.24,19.22,19.72,21.34,21.12,21.25,18.11,4.8,333.4,0.007,0.256,0.0,0.289,0.0,0.0,0.256,0.0,0.547,0.189
2020-01-06 13:00:00,17.92,19.72,20.62,20.22,19.27,19.8,21.3,21.35,21.28,18.1,4.91,348.8,0.08,0.274,0.0,0.281,0.0,0.0,0.281,0.0,0.525,0.194
2020-01-06 13:15:00,17.92,19.74,20.84,20.27,19.33,19.9,21.28,21.57,21.33,18.1,5.02,364.2,0.039,0.289,0.0,0.291,0.0,0.0,0.302,0.0,0.508,0.198
2020-01-06 13:30:00,17.96,19.73,21.04,20.33,19.31,19.94,21.28,21.79,21.4,18.09,5.13,360.8,0.042,0.279,0.0,0.265,0.0,0.0,0.309,0.0,0.484,0.202
2020-01-06 13:45:00,17.82,19.69,21.06,20.29,19.48,20.07,21.28,21.87,21.4,18.08,5.23,357.4,0.02,0.285,0.0,0.235,0.0,0.0,0.31,0.0,0.448,0.206
2020-01-06 14:00:00,18.06,19.74,21.29,20.47,19.36,20.07,21.27,22.06,21.51,18.08,5.28,354.0,0.089,0.306,0.0,0.253,0.0,0.0,0.312,0.0,0.449,0.209
2020-01-06 14:15:00,17.76,19.66,21.26,20.38,19.63,20.2,21.25,22.12,21.54,18.07,5.33,350.6,0.0,0.278,0.0,0.166,0.0,0.0,0.316,0.0,0.393,0.212
2020-01-06 14:30:00,18.04,19.72,21.3,20.53,19.52,20.23,21.24,22.21,21.62,18.07,5.38,314.2,0.12,0.322,0.0,0.21,0.0,0.0,0.323,0.0,0.382,0.215
2020-01-06 14:45:00,17.95,19.69,21.15,20.57,19.47,20.24,21.22,22.22,21.67,18.06,5.43,277.8,0.0,0.289,0.0,0.135,0.0,0.0,0.33,0.0,0.34,0.217
2020-01-06 15:00:00,17.83,19.65,20.75,20.42,19.41,20.25,21.22,22.15,21.66,18.06,5.32,241.4,0.024,0.304,0.0,0.116,0.0,0.0,0.34,0.0,0.314,0.22
2020-01-06 15:15:00,17.83,19.62,20.39,20.32,19.28,20.21,21.21,22.05,21.66,18.05,5.21,205.0,0.083,0.324,0.0,0.188,0.0,0.0,0.34,0.0,0.319,0.222
2020-01-06 15:30:00,17.74,19.58,20.13,20.21,19.29,20.19,21.19,21.87,21.59,18.05,5.1,154.9,0.087,0.339,0.0,0.239,0.0,0.0,0.346,0.0,0.322,0.224
2020-01-06 15:45:00,17.89,19.62,20.07,20.27,19.06,20.06,21.17,21.71,21.51,18.04,4.99,104.9,0.132,0.36,0.0,0.297,0.0,0.0,0.356,0.0,0.357,0.227
2020-01-06 16:00:00,17.63,19.53,19.87,20.15,19.08,19.91,21.15,21.4,21.35,18.04,4.79,54.8,0.057,0.341,0.0,0.267,0.0,0.0,0.364,0.0,0.396,0.228
2020-01-06 16:15:00,17.71,19.52,19.67,20.11,19.02,19.72,21.13,21.03,21.2,18.04,4.59,4.7,0.184,0.383,0.0,0.327,0.0,0.0,0.374,0.0,0.473,0.23
2020-01-06 16:30:00,17.68,19.51,19.54,20.11,18.98,19.56,21.12,20.74,21.1,18.03,4.4,0.0,0.143,0.391,0.0,0.346,0.0,0.0,0.385,0.0,0.552,0.231
2020-01-06 16:45:00,17.62,19.47,19.39,20.06,18.99,19.49,21.11,20.49,21.05,18.03,4.2,0.0,0.161,0.393,0.0,0.344,0.0,0.0,0.391,0.0,0.6,0.233
2020-01-06 17:00:00,17.73,19.51,19.3,20.1,18.86,19.35,21.11,20.34,21.08,18.03,4.11,0.0,0.188,0.416,0.0,0.372,0.0,0.0,0.393,0.0,0.625,0.235
2020-01-06 17:15:00,17.53,19.44,19.14,20.0,18.96,19.33,21.11,20.11,21.01,18.03,4.03,0.0,0.137,0.397,0.0,0.349,0.0,0.0,0.393,0.0,0.61,0.236
2020-01-06 17:30:00,17.78,19.5,19.07,20.1,18.75,19.19,21.11,19.98,21.02,18.02,3.94,0.0,0.236,0.432,0.0,0.4,0.0,0.0,0.394,0.0,0.645,0.237
2020-01-06 17:45:00,17.51,19.44,18.94,20.0,18.83,19.14,21.11,19.8,20.96,18.02,3.86,0.0,0.112,0.399,0.0,0.352,0.0,0.0,0.395,0.0,0.638,0.239
2020-01-06 18:00:00,17.61,19.41,18.8,19.95,18.84,19.07,21.1,19.62,20.93,18.02,3.75,0.0,0.244,0.43,0.0,0.399,0.0,0.0,0.396,0.0,0.669,0.239
2020-01-06 18:15:00,17.67,19.48,18.71,20.06,18.74,18.99,21.09,19.49,20.93,18.02,3.65,0.0,0.196,0.447,0.0,0.424,0.0,0.0,0.401,0.0,0.686,0.241
2020-01-06 18:30:00,17.51,19.39,18.59,19.94,18.86,18.95,21.08,19.34,20.89,18.01,3.54,0.0,0.164,0.411,0.0,0.369,0.0,0.0,0.405,0.005,0.687,0.242
2020-01-06 18:45:00,17.74,19.47,18.54,20.05,18.66,18.87,21.08,19.25,20.88,18.01,3.44,0.0,0.246,0.455,0.0,0.43,0.0,0.0,0.408,0.079,0.705,0.243
2020-01-06 19:00:00,17.5,19.41,18.44,19.96,18.75,18.84,21.08,19.19,20.85,18.01,3.37,0.0,0.132,0.415,0.0,0.373,0.0,0.0,0.41,0.124,0.708,0.243
2020-01-06 19:15:00,17.59,19.38,18.31,19.92,18.77,18.8,21.08,19.16,20.84,18.01,3.31,0.0,0.252,0.447,0.0,0.42,0.0,0.0,0.41,0.154,0.725,0.244
2020-01-06 19:30:00,17.65,19.45,18.31,20.03,18.65,18.78,21.08,19.14,20.84,18.01,3.25,0.0,0.206,0.461,0.0,0.44,0.0,0.002,0.411,0.17,0.728,0.245
2020-01-06 19:45:00,17.49,19.36,18.19,19.9,18.78,18.75,21.08,19.13,20.83,18.01,3.18,0.0,0.175,0.424,0.0,0.385,0.0,0.011,0.411,0.179,0.732,0.246
2020-01-06 20:00:00,17.72,19.45,18.2,20.03,18.57,18.74,21.07,19.11,20.82,18.01,3.1,0.0,0.256,0.469,0.0,0.449,0.0,0.023,0.412,0.186,0.733,0.246
2020-01-06 20:15:00,17.5,19.39,18.92,19.95,18.78,18.72,21.06,19.1,20.82,18.01,3.01,0.0,0.14,0.425,0.898,0.385,0.713,0.03,0.415,0.195,0.738,0.247
2020-01-06 20:30:00,17.69,19.42,19.26,20.0,18.81,18.71,21.06,19.08,20.82,18.0,2.92,0.0,0.248,0.455,0.539,0.427,0.612,0.038,0.418,0.201,0.741,0.247
2020-01-06 20:45:00,17.55,19.41,19.0,19.98,18.93,18.71,21.05,19.06,20.81,18.0,2.84,0.0,0.157,0.439,0.368,0.399,0.594,0.044,0.421,0.209,0.742,0.248
2020-01-06 21:00:00,17.72,19.44,19.23,20.04,18.79,18.7,21.05,19.07,20.81,18.0,2.75,0.0,0.224,0.447,0.5,0.408,0.534,0.046,0.423,0.218,0.744,0.248
2020-01-06 21:15:00,18.52,19.42,19.17,20.01,19.06,18.7,21.05,19.06,20.81,18.0,2.67,0.0,1.0,0.43,0.384,0.38,0.605,0.052,0.423,0.217,0.744,0.249
2020-01-06 21:30:00,18.73,19.47,19.28,20.11,19.16,18.69,21.05,19.05,20.81,18.0,2.59,0.0,0.738,0.439,0.416,0.396,0.468,0.052,0.423,0.221,0.746,0.249
2020-01-06 21:45:00,18.59,19.43,19.26,20.05,19.22,18.69,21.05,19.04,20.81,18.0,2.51,0.0,0.633,0.417,0.361,0.347,0.418,0.054,0.424,0.225,0.746,0.249
2020-01-06 22:00:00,18.73,19.45,19.32,20.09,19.14,18.68,21.05,19.03,20.81,18.0,2.44,0.0,0.704,0.434,0.368,0.375,0.392,0.055,0.425,0.229,0.747,0.25
2020-01-06 22:15:00,18.72,19.44,19.33,19.6,19.17,18.63,20.87,19.03,20.6,18.1,2.36,0.0,0.636,0.424,0.341,0.0,0.43,0.058,0.0,0.233,0.0,1.0
2020-01-06 22:30:00,18.72,19.42,19.31,19.63,19.12,18.51,20.54,18.99,20.26,18.28,2.29,0.0,0.641,0.428,0.337,0.198,0.417,0.084,0.0,0.236,0.0,0.951
2020-01-06 22:45:00,18.78,19.44,19.33,19.65,19.14,18.38,20.2,18.93,19.96,18.45,2.21,0.0,0.641,0.439,0.347,0.184,0.442,0.145,0.0,0.257,0.0,0.859
2020-01-06 23:00:00,18.75,19.41,19.33,19.57,19.16,18.37,19.89,18.88,19.68,18.58,2.13,0.0,0.611,0.432,0.334,0.176,0.429,0.211,0.0,0.285,0.021,0.777
2020-01-06 23:15:00,18.82,19.19,19.33,19.57,19.13,18.41,19.69,19.05,19.62,18.66,2.04,0.0,0.623,0.293,0.337,0.214,0.418,0.817,0.057,0.558,0.159,0.712
2020-01-06 23:30:00,18.84,19.28,19.33,19.52,19.13,18.73,19.61,19.24,19.63,18.72,1.96,0.0,0.592,0.406,0.335,0.217,0.437,0.793,0.153,0.473,0.192,0.668
2020-01-06 23:45:00,18.84,19.24,19.33,19.49,19.15,19.0,19.56,19.37,19.64,18.79,1.87,0.0,0.578,0.359,0.337,0.24,0.434,0.634,0.195,0.381,0.184,0.639
2020-01-07 00:00:00,18.88,19.23,19.33,19.47,19.13,19.04,19.55,19.46,19.69,18.84,1.76,0.0,0.579,0.381,0.337,0.256,0.427,0.502,0.219,0.317,0.179,0.606
2020-01-07 00:15:00,18.87,19.22,19.32,19.46,19.15,19.12,19.55,19.41,19.62,18.88,1.65,0.0,0.56,0.387,0.336,0.267,0.435,0.48,0.223,0.269,0.157,0.581
2020-01-07 00:30:00,18.9,19.2,19.33,19.46,19.14,19.1,19.54,19.41,19.59,18.92,1.54,0.0,0.564,0.391,0.34,0.271,0.426,0.441,0.225,0.293,0.189,0.56
2020-01-07 00:45:00,18.89,19.19,19.32,19.45,19.16,19.12,19.52,19.38,19.54,18.95,1.43,0.0,0.552,0.399,0.336,0.27,0.429,0.451,0.232,0.295,0.203,0.541
2020-01-07 01:00:00,18.91,19.18,19.33,19.45,19.15,19.12,19.51,19.38,19.53,18.98,1.33,0.0,0.553,0.404,0.341,0.276,0.421,0.44,0.241,0.311,0.228,0.524
2020-01-07 01:15:00,18.91,19.17,19.32,19.44,19.17,19.14,19.5,19.38,19.51,19.01,1.24,0.0,0.544,0.409,0.336,0.273,0.424,0.44,0.247,0.308,0.236,0.509
2020-01-07 01:30:00,18.93,19.16,19.33,19.45,19.16,19.15,19.49,19.38,19.5,19.04,1.14,0.0,0.545,0.416,0.341,0.278,0.415,0.429,0.252,0.311,0.245,0.495
2020-01-07 01:45:00,18.92,19.15,19.32,19.44,19.18,19.17,19.48,19.38,19.49,19.06,1.04,0.0,0.537,0.42,0.337,0.275,0.418,0.423,0.257,0.308,0.249,0.482
2020-01-07 02:00:00,18.93,19.14,19.32,19.44,19.17,19.18,19.47,19.38,19.48,19.08,0.94,0.0,0.538,0.426,0.341,0.28,0.41,0.415,0.261,0.309,0.255,0.471
2020-01-07 02:15:00,18.93,19.13,19.31,19.43,19.19,19.18,19.46,19.38,19.47,19.09,0.85,0.0,0.533,0.428,0.338,0.28,0.413,0.412,0.266,0.309,0.259,0.461
2020-01-07 02:30:00,18.94,19.13,19.32,19.43,19.18,19.19,19.45,19.37,19.46,19.11,0.75,0.0,0.536,0.433,0.343,0.285,0.407,0.409,0.271,0.312,0.264,0.453
2020-01-07 02:45:00,18.93,19.12,19.31,19.42,19.19,19.19,19.44,19.37,19.45,19.13,0.65,0.0,0.531,0.436,0.341,0.284,0.411,0.407,0.275,0.314,0.269,0.445
2020-01-07 03:00:00,18.94,19.12,19.32,19.42,19.18,19.2,19.44,19.37,19.45,19.14,0.61,0.0,0.534,0.44,0.345,0.289,0.405,0.405,0.279,0.316,0.273,0.437
2020-01-07 03:15:00,18.94,19.11,19.31,19.42,19.19,19.2,19.43,19.36,19.44,19.15,0.57,0.0,0.528,0.44,0.342,0.288,0.409,0.402,0.281,0.317,0.276,0.43
2020-01-07 03:30:00,18.95,19.11,19.31,19.42,19.19,19.2,19.43,19.36,19.44,19.16,0.52,0.0,0.53,0.443,0.346,0.292,0.403,0.4,0.284,0.318,0.278,0.424
2020-01-07 03:45:00,18.95,19.11,19.31,19.41,19.2,19.21,19.42,19.36,19.43,19.17,0.48,0.0,0.525,0.444,0.344,0.291,0.406,0.398,0.287,0.319,0.281,0.419
2020-01-07 04:00:00,18.95,19.11,19.31,19.41,19.19,19.21,19.42,19.36,19.43,19.18,0.43,0.0,0.527,0.447,0.347,0.295,0.401,0.397,0.29,0.32,0.284,0.414
2020-01-07 04:15:00,18.96,18.37,18.77,19.39,19.01,19.21,19.41,19.35,19.42,19.19,0.39,0.0,0.523,0.0,0.0,0.294,0.0,0.396,0.292,0.322,0.287,0.409
2020-01-07 04:30:00,18.9,18.04,18.7,19.32,18.79,19.21,19.4,19.35,19.41,19.2,0.34,0.0,0.521,0.0,0.164,0.304,0.0,0.395,0.294,0.323,0.289,0.406
2020-01-07 04:45:00,18.91,17.92,18.8,19.33,18.73,19.21,19.4,19.36,19.41,19.21,0.3,0.0,0.55,0.0,0.201,0.341,0.0,0.394,0.298,0.325,0.293,0.401
2020-01-07 05:00:00,18.9,17.81,18.7,19.31,18.71,19.21,19.4,19.35,19.41,19.21,0.25,0.0,0.543,0.0,0.149,0.334,0.0,0.397,0.3,0.321,0.295,0.397
2020-01-07 05:15:00,18.93,17.74,18.73,19.86,18.75,19.21,19.67,19.35,19.41,19.22,0.21,0.0,0.548,0.0,0.202,1.0,0.0,0.394,1.0,0.324,0.297,0.394
2020-01-07 05:30:00,18.96,17.67,18.73,20.03,18.84,19.22,20.16,19.35,19.4,19.22,0.16,0.0,0.535,0.0,0.186,0.77,0.0,0.393,1.0,0.324,0.297,0.391
2020-01-07 05:45:00,18.94,17.57,18.69,19.99,18.8,19.22,20.58,19.34,19.4,19.23,0.12,0.0,0.52,0.0,0.187,0.683,0.0,0.39,1.0,0.327,0.299,0.388
2020-01-07 06:00:00,18.91,17.44,18.67,20.0,18.77,19.22,20.82,19.34,19.39,19.23,0.08,0.0,0.53,0.0,0.205,0.707,0.0,0.389,0.81,0.328,0.3,0.386
2020-01-07 06:15:00,18.87,17.35,18.67,20.06,18.7,19.22,20.9,19.34,19.39,19.24,0.04,0.0,0.493,0.0,0.216,0.7,0.0,0.389,0.692,0.328,0.303,0.383
2020-01-07 06:30:00,18.87,17.28,18.63,20.04,18.7,19.22,20.93,19.34,19.39,19.24,0.01,0.0,0.516,0.026,0.216,0.671,0.0,0.389,0.649,0.329,0.305,0.381
2020-01-07 06:45:00,18.88,17.27,18.64,20.1,18.65,19.22,20.95,19.34,19.38,19.25,-0.03,0.0,0.513,0.061,0.236,0.678,0.001,0.389,0.633,0.33,0.306,0.379
2020-01-07 07:00:00,18.86,17.18,18.6,20.1,18.69,19.22,20.97,19.34,19.38,19.25,-0.06,0.0,0.511,0.064,0.232,0.65,0.027,0.388,0.623,0.33,0.308,0.377
2020-01-07 07:15:00,18.88,17.24,18.62,20.14,18.61,19.42,20.99,19.63,19.21,19.34,-0.09,0.0,0.519,0.108,0.251,0.652,0.006,0.888,0.613,1.0,0.0,1.0
2020-01-07 07:30:00,18.88,17.14,18.59,20.12,18.64,19.62,21.01,19.99,19.04,19.47,-0.13,0.0,0.51,0.081,0.241,0.632,0.045,0.792,0.603,1.0,0.0,0.978
2020-01-07 07:45:00,18.84,17.15,18.58,20.09,18.64,19.73,21.03,20.29,18.87,19.62,-0.16,0.0,0.511,0.128,0.253,0.642,0.029,0.692,0.594,1.0,0.0,0.915
2020-01-07 08:00:00,18.88,17.15,18.59,20.14,18.59,19.75,21.05,20.46,18.79,19.71,-0.08,0.0,0.528,0.123,0.261,0.653,0.032,0.636,0.584,1.0,0.0,0.841
2020-01-07 08:15:00,18.86,17.11,18.58,20.11,18.63,19.79,21.08,20.58,18.71,19.79,0.01,9.0,0.509,0.124,0.253,0.629,0.054,0.626,0.573,1.0,0.0,0.794
2020-01-07 08:30:00,18.9,17.16,18.63,20.17,18.57,19.81,21.16,20.78,18.67,19.85,0.09,58.6,0.518,0.147,0.258,0.645,0.033,0.603,0.56,1.0,0.0,0.757
2020-01-07 08:45:00,18.89,17.1,18.88,20.13,18.65,19.89,21.3,20.97,18.62,19.9,0.18,108.3,0.499,0.121,0.236,0.616,0.065,0.595,0.522,0.912,0.0,0.727
2020-01-07 09:00:00,18.97,17.39,18.91,20.22,18.59,19.94,21.47,21.17,18.63,19.94,0.45,158.0,0.507,0.152,0.111,0.637,0.025,0.557,0.451,0.817,0.0,0.702
2020-01-07 09:15:00,18.95,17.25,19.06,20.18,18.79,20.03,21.66,21.35,18.63,19.98,0.73,207.6,0.466,0.006,0.096,0.589,0.054,0.529,0.366,0.714,0.0,0.68
2020-01-07 09:30:00,19.06,17.55,19.18,20.29,18.77,20.12,21.83,21.52,18.66,20.01,1.0,246.1,0.477,0.077,0.022,0.612,0.0,0.484,0.27,0.623,0.0,0.66
2020-01-07 09:45:00,19.08,17.73,19.47,20.37,18.8,20.17,22.07,21.74,18.7,20.05,1.28,284.6,0.421,0.0,0.0,0.554,0.0,0.44,0.185,0.538,0.0,0.644
2020-01-07 10:00:00,19.07,17.87,19.64,20.29,19.01,20.26,22.28,21.88,18.7,20.08,1.61,323.1,0.41,0.0,0.0,0.516,0.0,0.416,0.064,0.43,0.0,0.626
2020-01-07 10:15:00,19.19,18.07,19.96,20.45,19.08,20.33,22.39,22.06,18.76,20.1,1.93,361.6,0.413,0.0,0.0,0.556,0.0,0.368,0.0,0.362,0.0,0.611
2020-01-07 10:30:00,19.21,18.2,20.26,20.51,19.22,20.42,22.45,22.25,18.81,20.13,2.26,375.1,0.353,0.0,0.0,0.473,0.0,0.333,0.0,0.271,0.0,0.6
2020-01-07 10:45:00,19.24,18.3,20.54,20.55,19.25,20.44,22.48,22.45,18.88,20.15,2.59,388.5,0.347,0.0,0.0,0.444,0.0,0.29,0.0,0.174,0.0,0.587
2020-01-07 11:00:00,19.26,18.31,20.67,20.53,19.43,20.57,22.48,22.52,18.87,20.17,2.89,402.0,0.331,0.0,0.0,0.423,0.0,0.279,0.0,0.075,0.0,0.576
2020-01-07 11:15:00,19.33,18.39,20.95,20.64,19.48,20.61,22.45,22.7,18.94,20.18,3.19,415.5,0.32,0.0,0.0,0.435,0.0,0.215,0.0,0.039,0.0,0.566
2020-01-07 11:30:00,19.35,18.45,21.25,20.68,19.59,20.69,22.39,22.89,19.0,20.2,3.49,438.6,0.287,0.0,0.0,0.38,0.0,0.196,0.0,0.0,0.0,0.559
2020-01-07 11:45:00,19.39,18.48,21.53,20.71,19.69,20.76,22.3,23.09,19.04,20.21,3.79,461.7,0.277,0.0,0.0,0.362,0.0,0.157,0.0,0.0,0.0,0.55
2020-01-07 12:00:00,19.41,18.5,21.86,20.75,19.79,20.85,22.21,23.36,19.09,20.23,4.04,484.8,0.257,0.0,0.0,0.344,0.0,0.121,0.0,0.0,0.0,0.543
2020-01-07 12:15:00,19.45,18.5,22.18,20.79,19.9,20.94,22.07,23.63,19.15,20.24,4.29,507.9,0.244,0.0,0.0,0.324,0.0,0.077,0.0,0.0,0.0,0.536
2020-01-07 12:30:00,19.47,18.47,22.43,20.83,19.99,21.03,21.9,23.89,19.21,20.25,4.53,508.7,0.225,0.0,0.0,0.303,0.0,0.028,0.067,0.0,0.0,0.53
2020-01-07 12:45:00,19.49,18.42,22.66,20.85,20.06,21.11,21.76,24.11,19.26,20.26,4.78,509.4,0.215,0.0,0.0,0.287,0.0,0.0,0.149,0.0,0.0,0.524
2020-01-07 13:00:00,19.5,18.39,22.86,20.86,20.12,21.18,21.66,24.32,19.3,20.27,4.93,510.1,0.203,0.0,0.0,0.277,0.0,0.0,0.22,0.0,0.0,0.519
2020-01-07 13:15:00,19.52,18.37,23.05,20.89,20.18,21.26,21.63,24.5,19.35,20.28,5.08,510.9,0.199,0.0,0.0,0.269,0.0,0.0,0.269,0.0,0.0,0.514
2020-01-07 13:30:00,19.53,18.38,23.23,20.96,20.25,21.34,21.63,24.68,19.43,20.29,5.24,513.4,0.191,0.0,0.0,0.253,0.0,0.0,0.285,0.0,0.0,0.51
2020-01-07 13:45:00,19.54,18.38,23.41,21.05,20.33,21.43,21.64,24.86,19.53,20.3,5.39,516.0,0.185,0.0,0.0,0.219,0.0,0.0,0.283,0.0,0.0,0.506
2020-01-07 14:00:00,19.55,18.39,23.58,21.15,20.4,21.53,21.64,25.03,19.66,20.3,5.46,518.5,0.178,0.0,0.0,0.176,0.0,0.0,0.279,0.0,0.0,0.502
2020-01-07 14:15:00,19.56,18.4,23.73,21.26,20.47,21.62,21.63,25.18,19.81,20.31,5.54,521.0,0.174,0.0,0.0,0.126,0.0,0.0,0.278,0.0,0.0,0.498
2020-01-07 14:30:00,19.57,18.4,23.77,21.36,20.52,21.71,21.62,25.3,19.96,20.32,5.61,507.6,0.168,0.0,0.0,0.07,0.0,0.0,0.283,0.0,0.0,0.495
2020-01-07 14:45:00,19.59,18.43,23.51,21.46,20.47,21.66,21.6,25.47,20.2,20.32,5.68,494.1,0.166,0.0,0.0,0.02,0.0,0.0,0.291,0.0,0.0,0.492
2020-01-07 15:00:00,19.46,18.31,22.96,21.36,20.37,21.89,21.58,25.41,20.28,20.33,5.6,480.7,0.155,0.0,0.0,0.0,0.0,0.0,0.302,0.0,0.0,0.489
2020-01-07 15:15:00,19.45,18.18,22.4,21.12,20.13,21.92,21.56,25.48,20.51,20.33,5.51,467.2,0.218,0.0,0.0,0.022,0.0,0.0,0.309,0.0,0.0,0.487
2020-01-07 15:30:00,19.36,18.03,22.04,20.89,19.95,21.91,21.53,25.35,20.58,20.34,5.42,353.0,0.225,0.0,0.0,0.141,0.0,0.0,0.321,0.0,0.0,0.484
2020-01-07 15:45:00,19.32,17.9,21.81,20.8,19.81,21.78,21.51,25.04,20.44,20.34,5.34,238.8,0.271,0.0,0.0,0.254,0.0,0.0,0.333,0.0,0.0,0.482
2020-01-07 16:00:00,19.28,17.78,21.57,20.76,19.71,21.53,21.47,24.55,20.2,20.34,5.1,124.7,0.288,0.0,0.0,0.3,0.0,0.0,0.346,0.0,0.0,0.48
2020-01-07 16:15:00,19.24,17.66,21.33,20.69,19.61,21.2,21.44,23.92,19.91,20.35,4.86,10.5,0.309,0.0,0.0,0.322,0.0,0.0,0.365,0.0,0.0,0.478
2020-01-07 16:30:00,19.21,17.55,21.11,20.64,19.48,20.84,21.4,23.41,19.63,20.35,4.61,0.0,0.332,0.0,0.0,0.356,0.0,0.0,0.382,0.0,0.0,0.476
2020-01-07 16:45:00,19.18,17.44,20.88,20.59,19.37,20.56,21.38,22.94,19.39,20.36,4.37,0.0,0.346,0.0,0.0,0.38,0.0,0.081,0.398,0.0,0.0,0.474
2020-01-07 17:00:00,19.16,17.33,20.67,20.54,19.28,20.34,21.38,22.55,19.19,20.36,4.25,0.0,0.362,0.0,0.0,0.406,0.0,0.218,0.409,0.0,0.0,0.472
2020-01-07 17:15:00,19.14,17.3,20.47,20.5,19.2,20.2,21.37,22.23,19.02,20.36,4.12,0.0,0.372,0.033,0.0,0.43,0.0,0.328,0.412,0.025,0.0,0.47
2020-01-07 17:30:00,19.12,17.27,20.3,20.47,19.13,20.13,21.36,22.02,18.89,20.37,4.0,0.0,0.381,0.052,0.0,0.45,0.0,0.401,0.414,0.185,0.0,0.469
2020-01-07 17:45:00,19.1,17.22,20.13,20.43,19.12,20.21,21.35,21.82,18.73,20.37,3.88,0.0,0.391,0.067,0.0,0.465,0.0,0.437,0.418,0.29,0.0,0.467
2020-01-07 18:00:00,19.1,17.27,20.05,20.47,18.98,20.0,21.35,21.9,18.8,20.37,3.76,0.0,0.401,0.091,0.0,0.487,0.0,0.397,0.423,0.388,0.0,0.465
2020-01-07 18:15:00,19.07,17.12,19.86,20.37,19.05,20.19,21.34,21.68,18.59,20.38,3.64,0.0,0.398,0.064,0.0,0.466,0.0,0.498,0.427,0.348,0.0,0.464
2020-01-07 18:30:00,19.1,17.28,19.79,20.45,18.85,19.98,21.33,21.78,18.67,20.38,3.53,0.0,0.414,0.142,0.0,0.515,0.0,0.404,0.432,0.459,0.0,0.462
2020-01-07 18:45:00,19.03,17.0,19.58,20.3,19.02,20.16,21.32,21.57,18.47,20.38,3.41,0.0,0.402,0.061,0.0,0.475,0.0,0.51,0.436,0.41,0.0,0.461
2020-01-07 19:00:00,19.08,17.22,19.51,20.38,18.83,20.0,21.31,21.62,18.49,20.38,3.29,0.0,0.437,0.201,0.0,0.549,0.0,0.418,0.44,0.513,0.0,0.46
2020-01-07 19:15:00,19.06,17.12,19.44,20.41,18.76,19.99,21.3,21.58,18.43,20.39,3.17,0.0,0.411,0.091,0.0,0.509,0.0,0.498,0.444,0.491,0.0,0.458
2020-01-07 19:30:00,18.99,17.04,19.24,20.26,18.85,20.03,21.29,21.49,18.34,20.39,3.05,0.0,0.419,0.141,0.0,0.496,0.0,0.507,0.45,0.512,0.0,0.457
2020-01-07 19:45:00,19.06,17.19,19.2,20.39,18.65,19.95,21.28,21.51,18.32,20.39,2.93,0.0,0.455,0.18,0.0,0.572,0.0,0.486,0.454,0.553,0.0,0.455
2020-01-07 20:00:00,18.95,16.92,19.02,20.22,18.85,20.0,21.29,21.44,18.23,20.39,2.81,0.0,0.418,0.107,0.0,0.506,0.027,0.524,0.458,0.546,0.0,0.454
2020-01-07 20:15:00,19.06,17.88,19.48,20.36,18.91,19.94,21.29,21.44,18.22,20.4,2.68,0.0,0.476,1.0,0.488,0.592,0.574,0.501,0.457,0.58,0.0,0.453
2020-01-07 20:30:00,19.07,18.7,19.58,20.48,19.25,19.93,21.29,21.42,18.17,20.4,2.55,0.0,0.418,1.0,0.26,0.519,0.545,0.53,0.457,0.579,0.0,0.452
2020-01-07 20:45:00,19.07,18.45,19.48,20.49,19.27,19.93,21.28,21.4,18.13,20.4,2.43,0.0,0.414,0.652,0.208,0.462,0.375,0.533,0.457,0.591,0.0,0.45
2020-01-07 21:00:00,19.01,18.47,19.45,20.41,19.24,19.93,21.27,21.37,18.07,20.4,2.31,0.0,0.413,0.773,0.26,0.454,0.365,0.537,0.458,0.601,0.0,0.449
2020-01-07 21:15:00,19.06,18.61,19.47,19.9,19.16,19.89,21.08,21.36,18.04,20.41,2.18,0.0,0.443,0.766,0.274,0.0,0.379,0.534,0.0,0.617,0.0,0.448
2020-01-07 21:30:00,19.0,18.58,19.41,19.74,19.09,19.87,20.72,21.34,17.99,20.41,2.06,0.0,0.42,0.697,0.263,0.051,0.421,0.555,0.0,0.619,0.0,0.446
2020-01-07 21:45:00,19.02,18.64,19.42,19.78,19.1,19.86,20.36,21.31,17.95,20.41,1.94,0.0,0.449,0.711,0.294,0.13,0.455,0.563,0.0,0.632,0.0,0.445
2020-01-07 22:00:00,18.99,18.67,19.43,19.75,19.12,19.86,20.04,21.29,17.9,20.41,1.82,0.0,0.442,0.682,0.291,0.111,0.452,0.571,0.0,0.643,0.0,0.444
2020-01-07 22:15:00,19.07,18.72,19.42,19.72,19.12,19.83,19.81,21.3,17.88,20.42,1.71,0.0,0.503,0.665,0.286,0.127,0.439,0.569,0.0,0.654,0.0,0.443
2020-01-07 22:30:00,19.03,18.77,19.42,19.7,19.14,19.85,19.64,21.27,17.83,20.42,1.59,0.0,0.467,0.64,0.291,0.139,0.442,0.586,0.097,0.649,0.0,0.441
2020-01-07 22:45:00,19.04,18.82,19.43,19.69,19.14,19.8,19.57,21.28,17.82,20.42,1.47,0.0,0.486,0.617,0.291,0.149,0.429,0.576,0.178,0.665,0.0,0.44
2020-01-07 23:00:00,19.03,18.82,19.41,19.65,19.17,19.83,19.55,21.24,17.76,20.42,1.34,0.0,0.48,0.591,0.286,0.153,0.429,0.598,0.213,0.659,0.0,0.439
2020-01-07 23:15:00,19.03,18.85,19.42,19.64,19.14,19.65,19.54,21.06,18.0,20.36,1.21,0.0,0.484,0.591,0.296,0.174,0.417,0.087,0.224,0.0,1.0,0.0
2020-01-07 23:30:00,19.05,18.87,19.41,19.61,19.16,19.63,19.53,20.74,18.37,20.28,1.08,0.0,0.483,0.577,0.29,0.181,0.428,0.176,0.228,0.0,1.0,0.0
2020-01-07 23:45:00,19.04,18.88,19.41,19.58,19.16,19.59,19.52,20.52,18.78,20.18,0.95,0.0,0.477,0.564,0.297,0.197,0.419,0.187,0.233,0.0,0.815,0.0
2020-01-08 00:00:00,19.02,18.87,19.39,19.55,19.17,19.55,19.5,20.35,18.98,20.09,0.84,0.0,0.482,0.559,0.297,0.209,0.419,0.204,0.241,0.0,0.61,0.0
2020-01-08 00:15:00,19.03,18.9,19.4,19.53,19.15,19.54,19.49,20.15,19.01,20.0,0.72,0.0,0.492,0.563,0.303,0.223,0.417,0.227,0.25,0.0,0.51,0.0
2020-01-08 00:30:00,19.02,18.9,19.38,19.5,19.17,19.43,19.48,20.01,19.04,19.93,0.61,0.0,0.486,0.551,0.301,0.233,0.423,0.231,0.256,0.0,0.496,0.0
2020-01-08 00:45:00,19.02,18.91,19.39,19.51,19.16,19.4,19.47,19.83,19.04,19.86,0.49,0.0,0.491,0.549,0.308,0.248,0.415,0.287,0.262,0.0,0.481,0.037
2020-01-08 01:00:00,19.01,18.91,19.37,19.48,19.17,19.33,19.46,19.72,19.08,19.8,0.36,0.0,0.49,0.544,0.305,0.247,0.422,0.301,0.265,0.086,0.478,0.072
2020-01-08 01:15:00,19.01,18.92,19.38,19.48,19.16,19.33,19.44,19.65,19.09,19.75,0.23,0.0,0.497,0.547,0.315,0.26,0.413,0.334,0.271,0.138,0.461,0.101
2020-01-08 01:30:00,18.99,18.91,19.36,19.46,19.17,19.31,19.43,19.62,19.12,19.71,0.11,0.0,0.496,0.542,0.311,0.261,0.422,0.336,0.278,0.177,0.453,0.126
2020-01-08 01:45:00,18.99,18.92,19.36,19.45,19.16,19.32,19.42,19.59,19.14,19.67,-0.02,0.0,0.504,0.545,0.322,0.272,0.413,0.343,0.284,0.19,0.438,0.147
2020-01-08 02:00:00,18.98,18.91,19.34,19.43,19.17,19.31,19.41,19.58,19.16,19.64,-0.15,0.0,0.503,0.542,0.318,0.273,0.422,0.341,0.289,0.204,0.429,0.165
2020-01-08 02:15:00,18.98,18.91,19.35,19.43,19.15,19.3,19.4,19.55,19.17,19.61,-0.28,0.0,0.511,0.546,0.328,0.284,0.414,0.345,0.294,0.212,0.421,0.18
2020-01-08 02:30:00,18.96,18.9,19.33,19.41,19.17,19.29,19.39,19.53,19.17,19.59,-0.4,0.0,0.509,0.543,0.325,0.284,0.423,0.348,0.299,0.223,0.416,0.193
2020-01-08 02:45:00,18.97,18.91,19.34,19.42,19.15,19.28,19.38,19.51,19.18,19.57,-0.53,0.0,0.518,0.548,0.335,0.293,0.415,0.354,0.304,0.233,0.413,0.204
2020-01-08 03:00:00,18.96,18.91,19.33,19.4,19.17,19.28,19.39,19.5,19.19,19.55,-0.6,0.0,0.516,0.545,0.331,0.292,0.424,0.358,0.308,0.244,0.411,0.215
2020-01-08 03:15:00,19.03,18.92,19.33,19.41,19.16,19.29,19.39,19.5,19.2,19.54,-0.66,0.0,0.569,0.544,0.337,0.298,0.416,0.358,0.306,0.248,0.405,0.224
2020-01-08 03:30:00,19.0,18.92,19.32,19.4,19.18,19.29,19.39,19.49,19.21,19.52,-0.73,0.0,0.535,0.54,0.333,0.296,0.42,0.357,0.304,0.251,0.399,0.232
2020-01-08 03:45:00,19.02,18.93,19.33,19.4,19.17,19.29,19.39,19.48,19.22,19.51,-0.8,0.0,0.549,0.541,0.338,0.301,0.408,0.356,0.304,0.254,0.394,0.239
2020-01-08 04:00:00,19.01,18.92,19.32,19.39,19.19,19.28,19.38,19.47,19.22,19.5,-0.87,0.0,0.54,0.535,0.333,0.298,0.417,0.356,0.305,0.258,0.391,0.246
2020-01-08 04:15:00,19.02,18.93,19.33,19.4,19.17,19.28,19.38,19.46,19.22,19.49,-0.94,0.0,0.546,0.539,0.342,0.306,0.406,0.359,0.308,0.264,0.389,0.252
2020-01-08 04:30:00,19.01,18.92,19.31,19.38,19.19,19.27,19.38,19.45,19.23,19.48,-1.01,0.0,0.541,0.534,0.336,0.302,0.415,0.361,0.311,0.27,0.388,0.257
2020-01-08 04:45:00,19.02,18.93,19.32,19.39,19.17,19.27,19.37,19.45,19.23,19.47,-1.08,0.0,0.546,0.539,0.345,0.31,0.405,0.363,0.312,0.274,0.387,0.262
2020-01-08 05:00:00,19.01,18.92,19.3,19.37,19.19,19.27,19.37,19.44,19.23,19.46,-1.15,0.0,0.541,0.534,0.34,0.307,0.414,0.364,0.314,0.277,0.387,0.266
2020-01-08 05:15:00,19.04,18.95,19.32,19.99,19.27,19.27,19.37,19.43,19.23,19.42,-1.22,0.0,0.547,0.538,0.348,1.0,0.405,0.365,0.316,0.281,0.386,0.0
2020-01-08 05:30:00,19.04,18.95,19.33,20.32,19.39,19.26,19.36,19.42,19.23,19.34,-1.28,0.0,0.529,0.525,0.34,0.956,0.364,0.367,0.317,0.284,0.385,0.0
2020-01-08 05:45:00,19.04,18.95,19.31,20.22,19.43,19.26,19.36,19.42,19.23,19.27,-1.35,0.0,0.53,0.523,0.336,0.789,0.306,0.369,0.32,0.289,0.384,0.0
2020-01-08 06:00:00,19.05,18.96,19.33,20.32,19.37,19.26,19.35,19.41,19.23,19.2,-1.39,0.0,0.529,0.524,0.343,0.84,0.286,0.37,0.322,0.292,0.384,0.0
2020-01-08 06:15:00,19.02,18.94,19.3,20.32,19.54,19.26,19.35,19.41,19.38,19.13,-1.42,0.0,0.524,0.518,0.337,0.79,1.0,0.371,0.323,0.294,0.683,0.0
2020-01-08 06:30:00,19.1,19.0,19.36,20.44,19.51,19.27,19.35,19.4,19.54,19.07,-1.46,0.0,0.538,0.53,0.35,0.79,1.0,0.372,0.324,0.296,0.608,0.0
2020-01-08 06:45:00,19.03,18.95,19.3,20.42,19.63,19.31,19.35,19.41,19.61,19.01,-1.5,0.0,0.501,0.499,0.32,0.731,1.0,0.363,0.326,0.298,0.528,0.0
2020-01-08 07:00:00,19.11,19.01,19.37,20.51,19.55,19.31,19.34,19.41,19.64,18.95,-1.55,0.0,0.533,0.524,0.349,0.742,1.0,0.347,0.327,0.297,0.495,0.0
2020-01-08 07:15:00,19.03,18.95,19.22,20.48,19.67,19.14,19.34,19.4,19.64,18.89,-1.6,0.0,0.496,0.496,0.265,0.693,1.0,0.0,0.329,0.297,0.482,0.0
2020-01-08 07:30:00,19.12,19.02,19.35,20.59,19.56,18.97,19.33,19.34,19.6,18.83,-1.65,0.0,0.535,0.525,0.342,0.711,1.0,0.0,0.331,0.302,0.48,0.0
2020-01-08 07:45:00,19.02,18.94,19.21,20.51,19.73,18.82,19.33,19.28,19.56,18.77,-1.7,0.0,0.491,0.492,0.275,0.657,1.0,0.0,0.333,0.331,0.502,0.0
2020-01-08 08:00:00,19.15,19.05,19.36,20.64,19.57,18.7,19.33,19.25,19.53,18.72,-1.61,0.0,0.541,0.53,0.343,0.695,1.0,0.0,0.335,0.36,0.521,0.014
2020-01-08 08:15:00,19.08,18.31,19.27,20.59,19.58,18.63,19.59,19.16,19.52,18.68,-1.52,10.9,0.475,0.0,0.268,0.629,1.0,0.0,1.0,0.176,0.533,0.041
2020-01-08 08:30:00,19.08,18.02,19.28,20.56,19.44,18.57,20.17,19.21,19.53,18.63,-1.43,121.7,0.511,0.0,0.316,0.656,1.0,0.0,1.0,0.221,0.539,0.058
2020-01-08 08:45:00,19.11,18.0,19.82,20.6,19.47,18.59,20.78,19.42,19.58,18.6,-1.35,232.5,0.51,0.0,0.311,0.671,1.0,0.0,0.814,0.194,0.533,0.083
2020-01-08 09:00:00,19.19,18.44,19.97,20.67,19.62,18.66,21.25,19.68,19.65,18.56,-0.86,343.3,0.493,0.0,0.04,0.652,1.0,0.0,0.511,0.089,0.512,0.102
2020-01-08 09:15:00,19.28,18.91,20.39,20.78,19.83,18.78,21.67,19.99,19.73,18.54,-0.38,454.1,0.455,0.0,0.0,0.615,1.0,0.0,0.276,0.0,0.475,0.118
2020-01-08 09:30:00,19.36,19.26,20.77,20.87,20.03,18.89,21.99,20.25,19.81,18.51,0.1,455.1,0.412,0.0,0.0,0.56,1.0,0.0,0.063,0.0,0.433,0.131
2020-01-08 09:45:00,19.42,19.57,21.08,20.94,20.19,19.01,22.27,20.51,19.86,18.49,0.59,456.1,0.372,0.0,0.0,0.513,1.0,0.0,0.0,0.0,0.397,0.143
2020-01-08 10:00:00,19.47,19.81,21.35,20.99,20.34,19.11,22.52,20.76,19.9,18.48,0.86,457.1,0.339,0.0,0.0,0.482,1.0,0.0,0.0,0.0,0.37,0.153
2020-01-08 10:15:00,19.51,19.89,21.6,21.03,20.44,19.21,22.67,20.99,19.92,18.46,1.13,458.1,0.317,0.0,0.0,0.455,0.932,0.0,0.0,0.0,0.352,0.161
2020-01-08 10:30:00,19.55,20.01,21.94,21.07,20.56,19.33,22.84,21.29,19.95,18.45,1.41,506.0,0.293,0.0,0.0,0.433,0.878,0.0,0.0,0.0,0.338,0.169
2020-01-08 10:45:00,19.6,20.13,22.33,21.11,20.69,19.48,22.99,21.65,19.99,18.43,1.68,553.9,0.277,0.0,0.0,0.417,0.822,0.0,0.0,0.0,0.324,0.177
2020-01-08 11:00:00,19.67,20.22,22.75,21.17,20.85,19.67,23.13,22.07,20.05,18.42,2.03,601.8,0.248,0.0,0.0,0.393,0.753,0.0,0.0,0.0,0.304,0.183
2020-01-08 11:15:00,19.74,20.3,23.2,21.21,21.0,19.9,23.22,22.52,20.11,18.41,2.37,649.6,0.216,0.0,0.0,0.365,0.676,0.0,0.0,0.0,0.275,0.189
2020-01-08 11:30:00,19.76,20.33,23.64,21.25,21.18,20.17,23.26,23.0,20.16,18.4,2.72,686.8,0.181,0.0,0.0,0.343,0.602,0.0,0.0,0.0,0.243,0.194
2020-01-08 11:45:00,19.84,20.33,24.12,21.27,21.35,20.44,23.22,23.54,20.17,18.39,3.07,724.0,0.168,0.0,0.0,0.326,0.509,0.0,0.0,0.0,0.221,0.2
2020-01-08 12:00:00,19.9,20.31,24.56,21.29,21.48,20.7,23.09,24.07,20.22,18.38,3.37,761.2,0.131,0.0,0.0,0.313,0.427,0.0,0.0,0.0,0.215,0.204
2020-01-08 12:15:00,19.91,20.22,24.99,21.31,21.63,20.98,22.87,24.56,20.25,18.37,3.67,798.4,0.098,0.0,0.0,0.303,0.36,0.0,0.0,0.0,0.192,0.208
2020-01-08 12:30:00,19.97,20.12,25.31,21.34,21.74,21.23,22.59,25.05,20.32,18.37,3.98,799.5,0.096,0.0,0.0,0.293,0.283,0.0,0.0,0.0,0.173,0.213
2020-01-08 12:45:00,19.99,20.03,25.58,21.36,21.82,21.46,22.28,25.48,20.38,18.36,4.28,800.6,0.064,0.0,0.0,0.279,0.23,0.0,0.0,0.0,0.142,0.217
2020-01-08 13:00:00,20.0,19.94,25.83,21.37,21.89,21.67,21.95,25.86,20.44,18.35,4.46,801.7,0.055,0.0,0.0,0.268,0.19,0.0,0.0,0.0,0.109,0.22
2020-01-08 13:15:00,20.02,19.89,26.05,21.41,21.95,21.86,21.66,26.19,20.49,18.35,4.65,802.8,0.048,0.0,0.0,0.263,0.157,0.0,0.0,0.0,0.082,0.224
2020-01-08 13:30:00,20.04,19.86,26.09,21.5,21.99,22.01,21.43,26.39,20.58,18.34,4.83,735.3,0.039,0.0,0.0,0.243,0.123,0.0,0.072,0.0,0.053,0.227
2020-01-08 13:45:00,20.08,19.84,26.11,21.6,21.91,22.02,21.28,26.52,20.68,18.33,5.02,667.7,0.031,0.0,0.0,0.201,0.106,0.0,0.183,0.0,0.012,0.23
2020-01-08 14:00:00,19.86,19.68,25.9,21.61,22.08,22.24,21.27,26.37,20.65,18.33,4.99,600.2,0.009,0.0,0.0,0.152,0.145,0.0,0.258,0.0,0.0,0.233
2020-01-08 14:15:00,20.05,19.67,25.87,21.73,21.92,22.18,21.28,26.42,20.79,18.33,4.97,532.7,0.12,0.0,0.0,0.144,0.062,0.0,0.266,0.0,0.0,0.235
2020-01-08 14:30:00,20.01,19.67,25.86,21.84,21.8,22.18,21.3,26.37,20.91,18.32,4.94,495.5,0.026,0.0,0.0,0.085,0.139,0.0,0.258,0.0,0.0,0.237
2020-01-08 14:45:00,19.85,19.51,25.34,21.85,21.79,22.22,21.3,26.24,20.98,18.32,4.92,458.2,0.046,0.0,0.0,0.03,0.201,0.0,0.248,0.0,0.0,0.24
2020-01-08 15:00:00,19.84,19.38,24.73,21.78,21.52,22.2,21.27,26.12,21.09,18.31,4.73,421.0,0.127,0.0,0.0,0.023,0.204,0.0,0.25,0.0,0.0,0.242
2020-01-08 15:15:00,19.71,19.21,24.1,21.55,21.26,22.16,21.25,25.95,21.17,18.31,4.54,383.7,0.131,0.0,0.0,0.058,0.338,0.0,0.266,0.0,0.0,0.244
2020-01-08 15:30:00,19.61,19.01,23.68,21.35,21.05,22.06,21.22,25.67,21.14,18.3,4.35,289.7,0.196,0.0,0.0,0.174,0.468,0.0,0.277,0.0,0.0,0.246
2020-01-08 15:45:00,19.56,18.85,23.36,21.28,20.89,21.88,21.19,25.28,20.95,18.3,4.16,195.7,0.247,0.0,0.0,0.274,0.576,0.0,0.29,0.0,0.0,0.248
2020-01-08 16:00:00,19.46,18.69,23.06,21.22,20.79,21.59,21.15,24.7,20.65,18.3,3.87,101.7,0.27,0.0,0.0,0.311,0.655,0.0,0.304,0.0,0.0,0.25
2020-01-08 16:15:00,19.44,18.55,22.83,21.17,20.62,21.19,21.09,24.08,20.3,18.29,3.57,7.7,0.321,0.0,0.0,0.341,0.703,0.0,0.327,0.0,0.0,0.252
2020-01-08 16:30:00,19.38,18.4,22.55,21.12,20.49,20.84,21.02,23.48,20.03,18.29,3.28,5.8,0.33,0.0,0.0,0.367,0.791,0.0,0.357,0.0,0.151,0.253
2020-01-08 16:45:00,19.33,18.24,22.26,21.05,20.36,20.54,20.99,22.97,19.87,18.29,2.99,0.0,0.361,0.0,0.0,0.39,0.853,0.0,0.388,0.0,0.283,0.255
2020-01-08 17:00:00,19.3,18.12,22.01,21.01,20.26,20.28,20.99,22.54,19.82,18.28,2.89,0.0,0.387,0.0,0.0,0.423,0.918,0.0,0.406,0.0,0.363,0.257
2020-01-08 17:15:00,19.28,18.0,21.79,20.98,20.17,20.06,20.99,22.16,19.83,18.28,2.79,0.0,0.398,0.0,0.0,0.444,0.97,0.0,0.406,0.0,0.389,0.258
2020-01-08 17:30:00,19.26,17.91,21.57,20.93,20.09,19.85,21.0,21.82,19.83,18.28,2.68,0.0,0.409,0.0,0.0,0.46,1.0,0.0,0.403,0.0,0.385,0.259
2020-01-08 17:45:00,19.25,17.81,21.37,20.91,20.01,19.64,20.99,21.49,19.84,18.28,2.58,0.0,0.418,0.0,0.0,0.483,1.0,0.0,0.4,0.0,0.385,0.261
2020-01-08 18:00:00,19.24,17.72,21.17,20.88,19.94,19.46,20.98,21.19,19.82,18.27,2.48,0.0,0.427,0.0,0.0,0.496,1.0,0.0,0.404,0.0,0.38,0.262
2020-01-08 18:15:00,19.17,17.58,20.95,20.82,19.97,19.36,20.98,20.91,19.78,18.27,2.37,0.0,0.432,0.0,0.0,0.51,1.0,0.0,0.409,0.0,0.39,0.263
2020-01-08 18:30:00,19.29,17.63,20.92,20.92,19.73,19.16,20.98,20.75,19.8,18.27,2.27,0.0,0.465,0.0,0.0,0.542,1.0,0.0,0.411,0.0,0.408,0.264
2020-01-08 18:45:00,19.1,17.42,20.66,20.75,19.89,19.1,20.98,20.47,19.74,18.27,2.16,0.0,0.405,0.0,0.0,0.489,1.0,0.0,0.412,0.0,0.399,0.265
2020-01-08 19:00:00,19.26,17.48,20.58,20.85,19.7,18.91,20.97,20.29,19.72,18.27,2.06,0.0,0.499,0.04,0.0,0.576,1.0,0.0,0.412,0.0,0.43,0.266
2020-01-08 19:15:00,19.13,17.43,20.49,20.85,19.62,18.81,20.97,20.08,19.69,18.27,1.96,0.0,0.372,0.008,0.0,0.527,1.0,0.0,0.414,0.0,0.441,0.266
2020-01-08 19:30:00,19.1,17.3,20.27,20.74,19.69,18.71,20.96,19.91,19.68,18.26,1.86,0.0,0.435,0.033,0.0,0.523,1.0,0.0,0.417,0.0,0.456,0.267
2020-01-08 19:45:00,19.18,17.46,20.21,20.84,19.52,18.62,20.96,19.73,19.66,18.26,1.76,0.0,0.45,0.098,0.0,0.582,1.0,0.0,0.419,0.0,0.46,0.268
2020-01-08 20:00:00,19.04,17.18,20.02,20.7,19.68,18.53,20.95,19.57,19.63,18.26,1.66,0.0,0.411,0.021,0.0,0.528,1.0,0.0,0.42,0.0,0.471,0.269
2020-01-08 20:15:00,19.16,17.39,19.95,20.8,19.52,18.42,20.93,19.42,19.61,18.26,1.57,0.0,0.478,0.16,0.0,0.599,1.0,0.0,0.425,0.014,0.483,0.269
2020-01-08 20:30:00,19.12,17.32,19.88,20.82,19.47,18.34,20.92,19.29,19.58,18.26,1.47,0.0,0.422,0.054,0.0,0.552,1.0,0.0,0.436,0.092,0.497,0.27
2020-01-08 20:45:00,19.04,17.22,19.72,20.69,19.55,18.28,20.91,19.23,19.57,18.26,1.37,0.0,0.44,0.092,0.011,0.538,1.0,0.0,0.442,0.155,0.51,0.27
2020-01-08 21:00:00,19.12,17.37,19.76,20.8,19.39,18.23,20.89,19.17,19.54,18.26,1.27,0.0,0.479,0.141,0.088,0.603,1.0,0.0,0.444,0.186,0.514,0.271
2020-01-08 21:15:00,19.04,17.17,19.64,20.14,19.38,18.16,20.88,19.12,19.52,18.33,1.17,0.0,0.439,0.067,0.069,0.0,1.0,0.0,0.454,0.215,0.528,0.871
2020-01-08 21:30:00,19.01,17.22,19.57,19.84,19.2,18.1,20.85,19.08,19.5,18.5,1.07,0.0,0.478,0.165,0.132,0.0,1.0,0.0,0.462,0.24,0.542,0.835
2020-01-08 21:45:00,18.99,17.14,19.53,19.8,19.23,18.06,20.84,19.04,19.48,18.62,0.97,0.0,0.496,0.141,0.166,0.08,1.0,0.0,0.474,0.262,0.552,0.751
2020-01-08 22:00:00,19.01,17.22,19.53,19.76,19.16,18.02,20.84,19.03,19.48,18.71,0.87,0.0,0.503,0.178,0.187,0.102,1.0,0.0,0.481,0.28,0.562,0.69
2020-01-08 22:15:00,18.97,17.11,19.46,19.67,19.12,17.99,20.84,19.0,19.35,18.78,0.77,0.0,0.494,0.14,0.185,0.12,0.421,0.0,0.479,0.287,0.262,0.644
2020-01-08 22:30:00,18.99,17.18,19.45,19.64,19.0,17.9,20.84,18.99,19.24,18.84,0.67,0.0,0.514,0.197,0.221,0.167,0.439,0.0,0.478,0.298,0.325,0.609
2020-01-08 22:45:00,18.96,17.06,19.38,19.55,19.07,17.85,20.84,18.94,19.15,18.88,0.57,0.0,0.505,0.159,0.226,0.182,0.498,0.0,0.478,0.304,0.382,0.581
2020-01-08 23:00:00,18.97,17.19,19.41,19.55,18.93,17.77,20.82,18.91,19.11,18.92,0.46,0.0,0.522,0.219,0.259,0.226,0.466,0.0,0.48,0.33,0.427,0.558
2020-01-08 23:15:00,18.93,17.0,19.37,19.43,19.04,17.91,20.8,18.87,19.07,18.96,0.35,0.0,0.515,0.155,0.294,0.226,0.536,1.0,0.491,0.344,0.445,0.538
2020-01-08 23:30:00,18.96,17.15,19.4,19.47,18.92,18.24,20.79,19.01,19.19,18.98,0.25,0.0,0.535,0.251,0.316,0.285,0.482,1.0,0.501,0.365,0.465,0.521
2020-01-08 23:45:00,18.94,17.06,19.37,19.43,18.92,18.62,20.77,19.14,19.32,19.01,0.14,0.0,0.518,0.177,0.302,0.267,0.538,0.88,0.507,0.293,0.405,0.508
2020-01-09 00:00:00,18.93,17.08,19.35,19.41,18.88,18.83,20.81,19.16,19.35,19.04,0.06,0.0,0.531,0.222,0.315,0.284,0.542,0.689,0.515,0.232,0.342,0.493
2020-01-09 00:15:00,18.97,17.89,19.39,19.44,19.09,18.87,20.64,19.27,19.39,19.06,-0.03,0.0,0.536,1.0,0.323,0.295,0.559,0.585,0.0,0.419,0.323,0.479
2020-01-09 00:30:00,19.01,18.53,19.47,19.5,19.31,18.94,20.27,19.36,19.39,19.08,-0.11,0.0,0.514,1.0,0.306,0.282,0.454,0.567,0.0,0.364,0.303,0.471
2020-01-09 00:45:00,19.02,18.39,19.47,19.49,19.33,18.99,19.9,19.41,19.37,19.1,-0.19,0.0,0.495,0.737,0.267,0.25,0.345,0.529,0.0,0.321,0.307,0.46
2020-01-09 01:00:00,18.96,18.36,19.39,19.43,19.29,19.02,19.59,19.37,19.33,19.12,-0.28,0.0,0.49,0.806,0.264,0.256,0.334,0.506,0.048,0.295,0.314,0.451
2020-01-09 01:15:00,18.98,18.45,19.42,19.44,19.24,19.0,19.46,19.36,19.31,19.13,-0.36,0.0,0.518,0.822,0.304,0.283,0.355,0.492,0.203,0.314,0.335,0.442
2020-01-09 01:30:00,18.95,18.46,19.38,19.41,19.31,19.01,19.43,19.33,19.28,19.14,-0.44,0.0,0.509,0.774,0.288,0.279,0.379,0.5,0.269,0.32,0.346,0.435
2020-01-09 01:45:00,18.97,18.55,19.4,19.4,19.25,19.01,19.44,19.33,19.27,19.15,-0.53,0.0,0.525,0.772,0.312,0.296,0.347,0.493,0.283,0.333,0.358,0.428
2020-01-09 02:00:00,18.93,18.54,19.36,19.4,19.31,19.03,19.43,19.33,19.28,19.16,-0.61,0.0,0.514,0.726,0.302,0.298,0.377,0.493,0.282,0.334,0.364,0.423
2020-01-09 02:15:00,18.97,18.63,19.38,19.4,19.25,19.05,19.42,19.34,19.28,19.17,-0.7,0.0,0.533,0.731,0.321,0.301,0.346,0.483,0.283,0.335,0.362,0.418
2020-01-09 02:30:00,18.91,18.63,19.36,19.38,19.31,19.06,19.41,19.34,19.28,19.18,-0.78,0.0,0.516,0.686,0.309,0.299,0.375,0.475,0.288,0.332,0.36,0.413
2020-01-09 02:45:00,18.96,18.71,19.37,19.39,19.25,19.07,19.39,19.34,19.27,19.19,-0.87,0.0,0.543,0.686,0.322,0.312,0.343,0.469,0.297,0.33,0.361,0.409
2020-01-09 03:00:00,18.92,18.69,19.34,19.37,19.32,19.08,19.38,19.34,19.27,19.2,-0.9,0.0,0.521,0.646,0.315,0.304,0.374,0.463,0.306,0.332,0.364,0.405
2020-01-09 03:15:00,19.42,18.76,19.37,19.39,19.32,19.09,19.38,19.34,19.28,19.2,-0.93,0.0,1.0,0.657,0.328,0.315,0.341,0.46,0.308,0.331,0.363,0.401
2020-01-09 03:30:00,19.6,18.76,19.36,19.39,19.39,19.1,19.38,19.34,19.28,19.21,-0.97,0.0,1.0,0.619,0.315,0.306,0.341,0.455,0.309,0.33,0.362,0.398
2020-01-09 03:45:00,19.61,18.78,19.36,19.38,19.4,19.11,19.38,19.34,19.28,19.22,-1.0,0.0,1.0,0.618,0.319,0.307,0.304,0.45,0.31,0.33,0.361,0.395
2020-01-09 04:00:00,19.65,18.81,19.36,19.38,19.4,19.11,19.37,19.34,19.28,19.22,-1.05,0.0,1.0,0.608,0.321,0.31,0.3,0.447,0.312,0.33,0.361,0.392
2020-01-09 04:15:00,19.7,18.82,19.07,19.38,19.42,19.13,19.37,19.33,19.57,19.17,-1.09,0.0,1.0,0.597,0.169,0.308,0.301,0.443,0.315,0.329,1.0,0.0
2020-01-09 04:30:00,19.79,18.85,19.23,19.39,19.4,19.24,19.36,19.34,19.84,19.09,-1.14,0.0,1.0,0.592,0.316,0.309,0.291,0.434,0.317,0.336,0.916,0.0
2020-01-09 04:45:00,19.8,18.86,19.2,19.36,19.43,19.29,19.38,19.37,20.06,18.99,-1.18,0.0,1.0,0.574,0.237,0.307,0.3,0.381,0.318,0.329,0.778,0.0
2020-01-09 05:00:00,19.83,18.86,19.17,19.37,19.42,19.34,19.38,19.36,20.1,18.9,-1.22,0.0,1.0,0.57,0.252,0.318,0.284,0.356,0.309,0.313,0.671,0.0
2020-01-09 05:15:00,19.91,18.89,19.18,18.89,19.36,19.32,19.37,19.36,20.13,18.84,-1.25,0.0,1.0,0.57,0.263,0.0,0.0,0.332,0.312,0.32,0.649,0.0
2020-01-09 05:30:00,19.89,18.85,19.15,18.66,19.28,19.31,19.36,19.35,20.14,18.75,-1.29,0.0,1.0,0.557,0.26,0.0,0.0,0.339,0.315,0.322,0.636,0.0
2020-01-09 05:45:00,19.89,18.86,19.14,18.6,19.22,19.31,19.36,19.34,20.15,18.68,-1.32,0.0,1.0,0.573,0.276,0.0,0.0,0.346,0.319,0.327,0.628,0.0
2020-01-09 06:00:00,19.9,18.85,19.12,18.52,19.22,19.3,19.34,19.33,20.16,18.61,-1.35,0.0,1.0,0.568,0.278,0.001,0.0,0.346,0.32,0.329,0.624,0.0
2020-01-09 06:15:00,19.92,18.86,19.14,18.53,19.18,19.14,19.33,19.33,20.16,18.55,-1.39,0.0,1.0,0.573,0.291,0.04,0.0,0.0,0.328,0.336,0.62,0.0
2020-01-09 06:30:00,19.91,18.85,19.1,18.46,19.2,18.99,19.32,19.28,20.1,18.48,-1.42,0.0,1.0,0.569,0.28,0.034,0.0,0.0,0.335,0.333,0.619,0.0
2020-01-09 06:45:00,19.94,18.86,19.11,18.46,19.14,18.84,19.31,19.24,20.06,18.42,-1.45,0.0,1.0,0.574,0.301,0.07,0.0,0.0,0.341,0.359,0.649,0.0
2020-01-09 07:00:00,19.92,18.85,19.08,18.4,19.17,18.73,19.31,19.2,20.02,18.36,-1.48,0.0,1.0,0.569,0.295,0.069,0.0,0.0,0.346,0.382,0.671,0.0
2020-01-09 07:15:00,19.99,18.47,19.09,18.4,19.09,18.65,19.31,19.23,19.99,18.31,-1.51,0.0,1.0,0.275,0.308,0.101,0.0,0.0,0.344,0.551,0.691,0.021
2020-01-09 07:30:00,19.94,18.59,19.05,18.33,19.04,18.57,19.31,19.31,20.01,18.25,-1.53,0.0,1.0,0.466,0.303,0.1,0.0,0.0,0.343,0.537,0.706,0.045
2020-01-09 07:45:00,19.93,18.55,19.06,18.33,19.05,18.58,19.31,19.29,19.98,18.21,-1.56,0.0,1.0,0.406,0.327,0.135,0.0,0.0,0.344,0.497,0.696,0.076
2020-01-09 08:00:00,19.96,18.56,19.06,18.31,19.01,18.5,19.32,19.34,20.02,18.17,-1.5,0.0,1.0,0.426,0.32,0.137,0.0,0.0,0.345,0.504,0.712,0.097
2020-01-09 08:15:00,19.97,18.55,19.07,18.3,19.03,18.53,19.15,19.32,20.0,18.14,-1.44,7.8,1.0,0.422,0.319,0.143,0.0,0.0,0.0,0.479,0.69,0.115
2020-01-09 08:30:00,20.01,18.56,19.11,18.32,19.01,18.48,18.92,19.49,20.05,18.11,-1.38,90.1,1.0,0.425,0.316,0.15,0.0,0.0,0.0,0.488,0.699,0.13
2020-01-09 08:45:00,20.09,18.61,19.47,18.31,19.07,18.58,18.88,19.64,20.07,18.1,-1.32,172.4,1.0,0.419,0.294,0.14,0.0,0.0,0.0,0.404,0.673,0.143
2020-01-09 09:00:00,20.19,18.97,19.61,18.35,19.17,18.64,18.96,19.86,20.13,18.08,-0.94,254.7,1.0,0.394,0.113,0.145,0.0,0.0,0.0,0.329,0.666,0.152
2020-01-09 09:15:00,20.25,19.08,19.91,18.4,19.2,18.66,19.21,20.14,20.2,18.05,-0.57,337.1,1.0,0.213,0.044,0.123,0.0,0.0,0.0,0.222,0.634,0.162
2020-01-09 09:30:00,20.27,19.21,20.02,18.35,19.33,18.81,19.51,20.21,20.19,18.04,-0.19,358.9,1.0,0.159,0.0,0.102,0.0,0.0,0.0,0.079,0.598,0.173
2020-01-09 09:45:00,20.42,19.38,20.25,18.44,19.39,18.85,19.81,20.4,20.27,18.03,0.19,380.8,1.0,0.095,0.0,0.126,0.0,0.0,0.0,0.046,0.606,0.181
2020-01-09 10:00:00,20.51,19.49,20.54,18.46,19.5,18.94,20.21,20.59,20.33,18.01,0.51,402.6,0.938,0.011,0.0,0.082,0.0,0.0,0.0,0.0,0.565,0.187
2020-01-09 10:15:00,20.57,19.57,20.81,18.49,19.59,19.03,20.53,20.79,20.38,18.0,0.83,424.5,0.897,0.0,0.0,0.069,0.0,0.0,0.0,0.0,0.535,0.193
2020-01-09 10:30:00,20.64,19.67,21.11,18.52,19.69,19.14,20.81,21.05,20.43,17.99,1.14,455.6,0.866,0.0,0.0,0.056,0.0,0.0,0.0,0.0,0.511,0.199
2020-01-09 10:45:00,20.73,19.76,21.42,18.57,19.81,19.28,21.03,21.33,20.49,17.98,1.46,486.7,0.83,0.0,0.0,0.038,0.0,0.0,0.0,0.0,0.486,0.204
2020-01-09 11:00:00,20.8,19.83,21.76,18.61,19.93,19.44,21.2,21.66,20.56,17.97,1.83,517.8,0.786,0.0,0.0,0.017,0.0,0.0,0.0,0.0,0.455,0.209
2020-01-09 11:15:00,20.89,19.86,22.11,18.66,20.06,19.61,21.31,22.02,20.63,17.97,2.19,548.9,0.748,0.0,0.0,0.0,0.0,0.0,0.0,0.0,0.421,0.213
2020-01-09 11:30:00,20.96,19.83,22.4,18.73,20.18,19.79,21.34,22.37,20.7,17.96,2.55,556.7,0.707,0.0,0.0,0.0,0.0,0.0,0.0,0.0,0.384,0.217
2020-01-09 11:45:00,21.02,19.76,22.69,18.79,20.28,19.97,21.28,22.71,20.76,17.95,2.91,564.4,0.669,0.0,0.0,0.0,0.0,0.0,0.0,0.0,0.349,0.221
2020-01-09 12:00:00,21.07,19.67,22.97,18.85,20.38,20.15,21.17,23.05,20.82,17.94,3.16,572.2,0.64,0.0,0.0,0.0,0.0,0.0,0.0,0.0,0.32,0.225
2020-01-09 12:15:00,21.12,19.57,23.25,18.9,20.47,20.34,21.02,23.38,20.87,17.94,3.41,579.9,0.613,0.0,0.0,0.0,0.0,0.0,0.0,0.0,0.292,0.228
2020-01-09 12:30:00,21.17,19.49,23.66,18.96,20.59,20.56,20.83,23.79,20.91,17.93,3.66,637.8,0.588,0.0,0.0,0.0,0.0,0.0,0.0,0.0,0.266,0.231
2020-01-09 12:45:00,21.24,19.44,24.12,19.04,20.7,20.82,20.63,24.28,20.96,17.93,3.91,695.7,0.565,0.0,0.0,0.0,0.0,0.0,0.0,0.0,0.244,0.234
2020-01-09 13:00:00,21.26,19.37,24.57,19.1,20.9,21.13,20.39,24.79,20.98,17.92,4.19,753.6,0.528,0.0,0.0,0.0,0.0,0.0,0.0,0.0,0.22,0.236
2020-01-09 13:15:00,21.35,19.42,25.06,19.22,21.08,21.44,20.2,25.39,21.03,17.92,4.48,811.5,0.518,0.014,0.0,0.0,0.0,0.0,0.0,0.0,0.21,0.239
2020-01-09 13:30:00,21.38,19.43,25.39,19.38,21.25,21.74,20.02,25.85,21.16,17.91,4.76,797.3,0.477,0.0,0.0,0.0,0.0,0.0,0.0,0.0,0.183,0.241
2020-01-09 13:45:00,21.41,19.44,25.65,19.57,21.38,21.99,19.85,26.27,21.33,17.91,5.05,783.1,0.459,0.0,0.0,0.0,0.0,0.0,0.0,0.0,0.122,0.243
2020-01-09 14:00:00,21.4,19.45,25.87,19.79,21.52,22.22,19.69,26.61,21.49,17.91,5.14,769.0,0.445,0.0,0.0,0.0,0.0,0.0,0.0,0.0,0.037,0.245
2020-01-09 14:15:00,21.43,19.47,26.06,20.04,21.65,22.41,19.55,26.87,21.66,17.9,5.23,754.8,0.448,0.0,0.0,0.0,0.0,0.0,0.0,0.0,0.0,0.247
2020-01-09 14:30:00,21.44,19.48,26.13,20.31,21.74,22.58,19.4,27.08,21.86,17.9,5.32,731.2,0.436,0.0,0.0,0.0,0.0,0.0,0.0,0.0,0.0,0.249
2020-01-09 14:45:00,21.46,19.53,25.81,20.6,21.71,22.65,19.25,27.28,22.13,17.89,5.41,707.5,0.43,0.0,0.0,0.0,0.0,0.0,0.0,0.0,0.0,0.251
2020-01-09 15:00:00,21.39,19.38,25.07,20.55,21.58,22.9,19.15,27.32,22.33,17.89,5.35,683.9,0.42,0.0,0.0,0.0,0.0,0.0,0.0,0.0,0.0,0.253
2020-01-09 15:15:00,21.34,19.2,24.25,20.3,21.22,23.0,19.02,27.43,22.63,17.89,5.3,660.2,0.457,0.012,0.0,0.0,0.0,0.0,0.0,0.0,0.0,0.254
2020-01-09 15:30:00,21.3,19.15,23.74,19.91,20.97,23.02,18.87,27.26,22.72,17.89,5.24,498.2,0.48,0.098,0.0,0.0,0.0,0.0,0.0,0.0,0.0,0.256
2020-01-09 15:45:00,21.23,19.08,23.35,19.65,20.78,22.87,18.72,26.86,22.5,17.88,5.18,336.2,0.502,0.126,0.0,0.0,0.0,0.0,0.0,0.0,0.0,0.257
2020-01-09 16:00:00,21.15,18.99,23.01,19.49,20.64,22.58,18.58,26.22,22.14,17.88,4.89,174.2,0.536,0.158,0.0,0.0,0.0,0.0,0.0,0.0,0.0,0.259
2020-01-09 16:15:00,21.09,18.95,22.72,19.38,20.47,22.11,18.42,25.41,21.69,17.88,4.59,12.2,0.577,0.207,0.0,0.0,0.0,0.0,0.0,0.0,0.0,0.26
2020-01-09 16:30:00,21.04,18.9,22.46,19.29,20.37,21.74,18.26,24.77,21.32,17.88,4.3,9.1,0.605,0.227,0.0,0.0,0.0,0.0,0.0,0.0,0.0,0.261
2020-01-09 16:45:00,20.97,18.84,22.21,19.21,20.27,21.4,18.12,24.17,21.01,17.87,4.0,0.0,0.63,0.252,0.0,0.0,0.0,0.0,0.0,0.0,0.042,0.262
2020-01-09 17:00:00,20.95,18.83,21.98,19.11,20.16,21.06,17.96,23.67,20.76,17.87,3.89,0.0,0.663,0.281,0.0,0.0,0.0,0.0,0.0,0.0,0.194,0.263
2020-01-09 17:15:00,20.9,18.8,21.75,19.0,20.07,20.77,17.81,23.17,20.64,17.87,3.78,0.0,0.677,0.285,0.0,0.0,0.0,0.0,0.0,0.0,0.318,0.265
2020-01-09 17:30:00,20.86,18.77,21.53,18.89,19.97,20.5,17.66,22.74,20.61,17.87,3.67,0.0,0.698,0.301,0.0,0.0,0.0,0.0,0.0,0.0,0.379,0.266
2020-01-09 17:45:00,20.82,18.75,21.32,18.77,19.88,20.27,17.52,22.35,20.6,17.87,3.56,0.0,0.719,0.314,0.0,0.0,0.0,0.0,0.0,0.0,0.397,0.266
2020-01-09 18:00:00,20.79,18.74,21.12,18.66,19.8,20.07,17.4,22.01,20.57,17.86,3.45,0.0,0.738,0.325,0.0,0.0,0.0,0.0,0.0,0.0,0.4,0.267
2020-01-09 18:15:00,20.76,18.72,20.94,18.57,19.72,19.89,17.27,21.71,20.52,17.86,3.33,0.0,0.755,0.33,0.0,0.0,0.0,0.0,0.001,0.0,0.416,0.268
2020-01-09 18:30:00,20.73,18.71,20.75,18.49,19.64,19.72,17.18,21.42,20.47,17.86,3.22,0.0,0.77,0.34,0.0,0.017,0.0,0.0,0.063,0.0,0.439,0.269
2020-01-09 18:45:00,20.65,18.67,20.56,18.43,19.65,19.63,17.14,21.14,20.42,17.86,3.1,0.0,0.783,0.346,0.0,0.055,0.0,0.0,0.108,0.0,0.463,0.269
2020-01-09 19:00:00,20.72,18.73,20.5,18.5,19.47,19.43,17.15,20.97,20.45,17.86,2.99,0.0,0.825,0.366,0.0,0.084,0.0,0.0,0.129,0.0,0.488,0.27
2020-01-09 19:15:00,19.79,18.64,20.31,18.36,19.35,19.32,17.16,20.72,20.37,17.86,2.88,0.0,0.0,0.333,0.0,0.05,0.0,0.0,0.125,0.0,0.475,0.271
2020-01-09 19:30:00,19.62,18.61,20.08,18.27,19.17,19.21,17.16,20.49,20.33,17.86,2.77,0.0,0.104,0.379,0.0,0.119,0.0,0.0,0.12,0.0,0.513,0.271
2020-01-09 19:45:00,19.69,18.64,19.96,18.32,19.13,19.1,17.15,20.31,20.33,17.86,2.65,0.0,0.192,0.393,0.0,0.164,0.0,0.0,0.118,0.0,0.534,0.271
2020-01-09 20:00:00,19.57,18.62,19.84,18.25,19.13,19.02,17.14,20.13,20.3,17.86,2.55,0.0,0.157,0.381,0.0,0.142,0.0,0.0,0.124,0.0,0.534,0.272
2020-01-09 20:15:00,19.6,18.63,19.84,18.27,19.02,18.92,17.12,20.0,20.07,17.97,2.44,0.0,0.215,0.392,0.082,0.174,0.0,0.0,0.132,0.087,0.0,1.0
2020-01-09 20:30:00,19.5,18.61,19.75,18.23,19.03,18.72,17.12,19.87,19.78,18.13,2.34,0.0,0.201,0.383,0.079,0.164,0.0,0.0,0.139,0.152,0.0,1.0
2020-01-09 20:45:00,19.46,18.6,19.7,18.22,19.01,18.59,17.11,19.76,19.5,18.33,2.24,0.0,0.252,0.393,0.126,0.186,0.0,0.0,0.141,0.214,0.11,0.934
2020-01-09 21:00:00,19.44,18.62,19.69,18.24,18.95,18.45,17.11,19.72,19.42,18.45,2.13,0.0,0.27,0.4,0.15,0.191,0.0,0.0,0.143,0.27,0.251,0.837
2020-01-09 21:15:00,19.4,18.62,19.65,18.88,19.07,18.39,17.1,19.65,19.36,18.53,2.02,0.0,0.281,0.391,0.153,0.878,0.526,0.0,0.146,0.289,0.292,0.774
2020-01-09 21:30:00,19.38,18.64,19.67,19.02,19.18,18.32,17.09,19.63,19.34,18.62,1.91,0.0,0.302,0.391,0.175,0.558,0.464,0.006,0.148,0.326,0.321,0.735
2020-01-09 21:45:00,19.34,18.63,19.63,18.92,19.14,18.31,17.09,19.6,19.33,18.69,1.79,0.0,0.308,0.382,0.167,0.488,0.41,0.039,0.153,0.337,0.329,0.688
2020-01-09 22:00:00,19.3,18.62,19.59,19.01,19.12,18.28,17.09,19.6,19.33,18.74,1.68,0.0,0.329,0.383,0.185,0.539,0.43,0.046,0.155,0.349,0.336,0.657
2020-01-09 22:15:00,19.28,18.62,19.59,19.03,19.12,18.4,17.09,19.59,19.32,18.78,1.57,0.0,0.35,0.39,0.206,0.495,0.441,0.861,0.155,0.35,0.335,0.631
2020-01-09 22:30:00,19.28,18.63,19.57,19.07,19.13,18.7,17.09,19.71,19.41,18.82,1.45,0.0,0.361,0.389,0.204,0.484,0.439,0.799,0.155,0.355,0.342,0.608
2020-01-09 22:45:00,19.25,18.62,19.55,19.11,19.13,18.98,17.08,19.82,19.5,18.86,1.34,0.0,0.36,0.385,0.215,0.464,0.437,0.65,0.156,0.293,0.297,0.589
2020-01-09 23:00:00,19.22,18.6,19.53,19.13,19.13,19.12,17.07,19.81,19.5,18.9,1.22,0.0,0.374,0.389,0.223,0.444,0.437,0.508,0.158,0.241,0.249,0.569
2020-01-09 23:15:00,19.23,18.99,19.52,19.16,19.16,19.09,17.06,19.77,19.49,18.93,1.11,0.0,0.389,0.698,0.235,0.437,0.436,0.439,0.164,0.095,0.25,0.551
2020-01-09 23:30:00,19.19,18.89,19.53,19.19,19.23,19.11,17.05,19.63,19.43,18.96,1.0,0.0,0.387,0.507,0.238,0.419,0.419,0.455,0.169,0.113,0.254,0.537
2020-01-09 23:45:00,19.18,18.91,19.5,19.21,19.19,19.07,17.05,19.58,19.41,18.98,0.89,0.0,0.404,0.554,0.233,0.405,0.385,0.444,0.174,0.187,0.286,0.522
2020-01-10 00:00:00,19.16,18.92,19.49,19.22,19.2,19.09,17.05,19.53,19.39,19.0,0.77,0.0,0.411,0.546,0.248,0.394,0.405,0.466,0.176,0.212,0.296,0.509
2020-01-10 00:15:00,19.17,18.95,19.49,19.23,19.21,19.1,17.45,19.53,19.39,19.02,0.66,0.0,0.418,0.538,0.257,0.392,0.399,0.453,1.0,0.237,0.306,0.498
2020-01-10 00:30:00,19.16,18.95,19.48,19.24,19.21,19.12,18.09,19.52,19.4,19.04,0.54,0.0,0.414,0.526,0.254,0.385,0.397,0.449,1.0,0.236,0.303,0.49
2020-01-10 00:45:00,19.14,18.95,19.47,19.25,19.21,19.14,18.68,19.51,19.41,19.06,0.43,0.0,0.422,0.523,0.261,0.382,0.394,0.438,0.956,0.24,0.302,0.481
2020-01-10 01:00:00,19.11,18.95,19.44,19.22,19.21,19.15,18.98,19.48,19.36,19.07,0.3,0.0,0.428,0.525,0.267,0.373,0.395,0.429,0.661,0.246,0.297,0.472
2020-01-10 01:15:00,19.1,18.95,19.43,19.23,19.2,19.13,19.01,19.45,19.34,19.09,0.17,0.0,0.447,0.527,0.279,0.39,0.394,0.427,0.511,0.261,0.318,0.464
2020-01-10 01:30:00,19.08,18.94,19.41,19.22,19.2,19.12,18.99,19.42,19.32,19.1,0.04,0.0,0.449,0.526,0.284,0.385,0.402,0.437,0.497,0.273,0.329,0.457
2020-01-10 01:45:00,19.07,18.94,19.4,19.22,19.19,19.11,18.98,19.41,19.31,19.11,-0.09,0.0,0.461,0.529,0.296,0.389,0.398,0.44,0.507,0.288,0.339,0.45
2020-01-10 02:00:00,19.06,18.94,19.4,19.23,19.19,19.13,19.03,19.41,19.32,19.12,-0.22,0.0,0.466,0.532,0.3,0.392,0.405,0.444,0.508,0.297,0.344,0.445
2020-01-10 02:15:00,19.06,18.94,19.4,19.23,19.2,19.14,19.07,19.42,19.33,19.13,-0.35,0.0,0.469,0.529,0.3,0.385,0.404,0.437,0.486,0.293,0.339,0.44
2020-01-10 02:30:00,19.07,18.95,19.38,19.24,19.2,19.17,19.11,19.41,19.34,19.14,-0.47,0.0,0.472,0.528,0.301,0.384,0.402,0.428,0.463,0.288,0.333,0.435
2020-01-10 02:45:00,19.05,18.95,19.39,19.24,19.2,19.17,19.13,19.42,19.35,19.15,-0.6,0.0,0.467,0.527,0.31,0.381,0.402,0.414,0.445,0.293,0.33,0.43
2020-01-10 03:00:00,19.05,18.95,19.38,19.24,19.2,19.18,19.14,19.41,19.34,19.16,-0.68,0.0,0.474,0.526,0.304,0.378,0.401,0.413,0.433,0.289,0.327,0.426
2020-01-10 03:15:00,19.04,18.95,19.4,19.25,19.2,19.16,19.16,19.27,19.33,19.16,-0.75,0.0,0.473,0.525,0.31,0.378,0.4,0.41,0.428,0.0,0.331,0.422
2020-01-10 03:30:00,19.04,18.95,19.38,19.25,19.2,19.14,19.17,19.03,19.33,19.17,-0.83,0.0,0.482,0.525,0.302,0.376,0.4,0.418,0.422,0.0,0.333,0.419
2020-01-10 03:45:00,19.03,18.94,19.38,19.27,19.2,19.12,19.16,18.83,19.33,19.18,-0.9,0.0,0.48,0.525,0.311,0.375,0.398,0.432,0.417,0.0,0.337,0.416
2020-01-10 04:00:00,19.02,18.94,19.37,19.26,19.2,19.09,19.16,18.69,19.32,19.18,-0.96,0.0,0.484,0.529,0.309,0.366,0.399,0.439,0.42,0.0,0.333,0.412
2020-01-10 04:15:00,18.28,18.95,19.36,19.25,19.08,19.2,19.16,18.61,19.32,19.18,-1.02,0.0,0.0,0.529,0.315,0.372,0.399,1.0,0.419,0.0,0.339,0.41
2020-01-10 04:30:00,18.0,18.9,19.29,19.21,18.96,19.44,19.17,18.5,19.33,19.19,-1.08,0.0,0.0,0.526,0.321,0.373,0.462,1.0,0.418,0.0,0.338,0.408
2020-01-10 04:45:00,17.92,18.92,19.32,19.23,18.9,19.52,19.17,18.55,19.35,19.2,-1.14,0.0,0.0,0.55,0.354,0.395,0.519,1.0,0.416,0.0,0.337,0.405
2020-01-10 05:00:00,17.81,18.91,19.27,19.2,18.91,19.63,19.17,18.5,19.34,19.2,-1.21,0.0,0.0,0.54,0.338,0.384,0.551,1.0,0.415,0.0,0.326,0.402
2020-01-10 05:15:00,17.73,18.92,19.82,19.22,18.92,19.65,19.17,18.52,19.36,19.2,-1.27,0.0,0.0,0.547,1.0,0.398,0.546,1.0,0.415,0.0,0.328,0.4
2020-01-10 05:30:00,17.64,18.9,20.03,19.23,19.01,19.72,19.17,18.46,19.34,19.21,-1.34,0.0,0.0,0.538,1.0,0.392,0.54,1.0,0.416,0.0,0.322,0.398
2020-01-10 05:45:00,17.57,18.92,20.05,19.2,18.98,19.71,19.18,18.45,19.33,19.21,-1.4,0.0,0.0,0.551,1.0,0.385,0.495,1.0,0.417,0.0,0.329,0.396
2020-01-10 06:00:00,17.46,18.91,20.07,19.21,18.97,19.75,19.19,18.4,19.32,19.21,-1.46,0.0,0.0,0.541,1.0,0.398,0.508,1.0,0.41,0.0,0.336,0.394
2020-01-10 06:15:00,17.38,18.91,20.09,19.21,19.01,19.74,19.19,18.38,19.34,19.16,-1.51,0.0,0.0,0.546,1.0,0.393,1.0,1.0,0.405,0.002,0.338,0.0
2020-01-10 06:30:00,17.32,18.92,20.14,19.23,18.99,19.77,19.2,18.34,19.33,19.06,-1.57,0.0,0.0,0.545,1.0,0.394,1.0,1.0,0.403,0.009,0.332,0.0
2020-01-10 06:45:00,17.23,18.91,20.15,19.21,19.0,19.76,19.2,18.33,19.34,18.97,-1.62,0.0,0.0,0.542,1.0,0.387,1.0,1.0,0.401,0.032,0.334,0.0
2020-01-10 07:00:00,17.18,18.91,20.19,19.22,18.96,19.78,19.2,18.3,19.33,18.89,-1.66,0.0,0.0,0.545,1.0,0.393,1.0,1.0,0.4,0.034,0.331,0.0
2020-01-10 07:15:00,17.09,18.91,20.2,19.21,18.98,19.77,19.4,18.3,19.34,18.81,-1.7,0.0,0.0,0.543,1.0,0.388,1.0,1.0,0.799,0.051,0.335,0.0
2020-01-10 07:30:00,17.07,18.91,20.26,19.23,18.94,19.8,19.64,18.27,19.33,18.73,-1.74,0.0,0.003,0.546,1.0,0.394,1.0,1.0,0.7,0.05,0.332,0.0
2020-01-10 07:45:00,17.01,18.91,20.27,19.21,18.99,19.79,19.75,18.28,19.34,18.66,-1.78,0.0,0.016,0.543,1.0,0.386,1.0,1.0,0.582,0.063,0.335,0.0
2020-01-10 08:00:00,17.06,18.92,20.34,19.23,18.95,19.81,19.78,18.26,19.33,18.59,-1.75,0.0,0.045,0.546,1.0,0.395,1.0,1.0,0.524,0.059,0.332,0.0
2020-01-10 08:15:00,17.0,19.39,20.4,19.79,19.08,19.79,19.78,18.27,19.22,18.54,-1.72,7.6,0.02,1.0,1.0,1.0,1.0,1.0,0.509,0.071,0.0,0.0
2020-01-10 08:30:00,17.1,19.62,20.56,19.9,19.2,19.79,19.86,18.34,18.97,18.45,-1.69,83.1,0.05,1.0,1.0,0.755,1.0,1.0,0.512,0.067,0.0,0.0
2020-01-10 08:45:00,17.02,19.75,20.83,19.89,19.27,19.77,20.04,18.5,18.83,18.39,-1.65,158.6,0.002,1.0,0.97,0.698,1.0,1.0,0.472,0.028,0.0,0.0
2020-01-10 09:00:00,17.14,20.12,21.01,20.0,19.42,19.82,20.22,18.62,18.73,18.34,-1.37,234.1,0.042,1.0,0.834,0.707,1.0,1.0,0.381,0.0,0.0,0.0
2020-01-10 09:15:00,17.21,20.5,21.29,20.09,19.59,19.87,20.49,18.83,18.66,18.27,-1.09,309.6,0.0,1.0,0.747,0.651,1.0,1.0,0.288,0.0,0.0,0.0
2020-01-10 09:30:00,17.35,20.8,21.49,20.15,19.62,19.92,20.73,19.09,18.6,18.2,-0.8,339.4,0.0,1.0,0.605,0.605,0.953,1.0,0.157,0.0,0.0,0.0
2020-01-10 09:45:00,17.27,21.01,21.51,20.15,19.88,20.01,20.93,19.33,18.56,18.14,-0.52,369.2,0.0,1.0,0.504,0.575,0.938,1.0,0.037,0.0,0.0,0.0
2020-01-10 10:00:00,17.45,21.31,21.82,20.27,19.96,20.11,21.12,19.6,18.58,18.09,-0.19,399.1,0.0,0.894,0.495,0.576,0.812,0.993,0.0,0.0,0.0,0.0
2020-01-10 10:15:00,17.59,21.46,22.04,20.33,20.11,20.2,21.29,19.96,18.6,18.03,0.14,428.9,0.0,0.745,0.338,0.516,0.772,0.947,0.0,0.0,0.0,0.005
2020-01-10 10:30:00,17.67,21.54,22.21,20.35,20.21,20.27,21.4,20.35,18.61,17.98,0.47,443.1,0.0,0.672,0.228,0.484,0.694,0.899,0.0,0.0,0.0,0.035
2020-01-10 10:45:00,17.73,21.6,22.38,20.39,20.28,20.33,21.42,20.74,18.63,17.93,0.8,457.3,0.0,0.63,0.145,0.476,0.647,0.867,0.0,0.0,0.0,0.062
2020-01-10 11:00:00,17.8,21.68,22.57,20.42,20.37,20.43,21.48,21.11,18.65,17.89,1.01,471.6,0.0,0.6,0.061,0.456,0.608,0.837,0.0,0.0,0.0,0.085
2020-01-10 11:15:00,17.88,21.73,22.78,20.48,20.47,20.55,21.5,21.46,18.71,17.86,1.21,485.8,0.0,0.558,0.0,0.438,0.563,0.786,0.0,0.0,0.0,0.105
2020-01-10 11:30:00,17.96,21.74,22.98,20.52,20.56,20.68,21.45,21.81,18.78,17.83,1.41,481.3,0.0,0.536,0.0,0.412,0.515,0.726,0.0,0.0,0.0,0.121
2020-01-10 11:45:00,18.04,21.74,23.16,20.56,20.64,20.81,21.35,22.13,18.86,17.81,1.62,476.8,0.0,0.53,0.0,0.391,0.471,0.659,0.0,0.0,0.0,0.134
2020-01-10 12:00:00,18.08,21.71,23.32,20.56,20.71,20.9,21.17,22.39,18.9,17.79,1.71,472.3,0.0,0.528,0.0,0.371,0.428,0.593,0.0,0.0,0.0,0.146
2020-01-10 12:15:00,18.12,21.65,23.45,20.57,20.76,20.96,20.93,22.61,18.92,17.77,1.81,467.8,0.0,0.545,0.0,0.369,0.395,0.549,0.0,0.0,0.0,0.156
2020-01-10 12:30:00,18.15,21.61,23.66,20.58,20.82,21.03,20.68,22.87,18.94,17.75,1.9,498.3,0.0,0.573,0.0,0.365,0.37,0.519,0.0,0.0,0.0,0.165
2020-01-10 12:45:00,18.2,21.57,23.9,20.61,20.9,21.12,20.41,23.16,18.98,17.74,2.0,528.9,0.0,0.593,0.0,0.358,0.339,0.486,0.062,0.0,0.0,0.173
2020-01-10 13:00:00,18.26,21.56,24.16,20.62,21.0,21.22,20.27,23.47,19.01,17.73,2.2,559.4,0.0,0.615,0.0,0.347,0.298,0.442,0.194,0.0,0.0,0.18
2020-01-10 13:15:00,18.39,21.57,24.44,20.67,21.02,21.32,20.23,23.78,19.09,17.72,2.41,589.9,0.0,0.622,0.0,0.338,0.252,0.39,0.267,0.0,0.0,0.186
2020-01-10 13:30:00,18.38,21.56,24.62,20.72,21.2,21.46,20.24,24.07,19.16,17.71,2.62,609.8,0.0,0.614,0.0,0.314,0.241,0.34,0.284,0.0,0.0,0.191
2020-01-10 13:45:00,18.45,21.57,24.87,20.83,21.3,21.56,20.26,24.38,19.27,17.7,2.83,629.8,0.0,0.622,0.0,0.289,0.15,0.271,0.28,0.0,0.0,0.197
2020-01-10 14:00:00,18.52,21.57,25.12,20.96,21.42,21.67,20.25,24.67,19.41,17.69,2.94,649.8,0.0,0.615,0.0,0.233,0.098,0.218,0.272,0.0,0.0,0.202
2020-01-10 14:15:00,18.6,21.57,25.36,21.11,21.54,21.77,20.23,24.95,19.57,17.68,3.05,669.8,0.0,0.614,0.0,0.17,0.04,0.167,0.276,0.0,0.0,0.206
2020-01-10 14:30:00,18.67,21.57,25.48,21.24,21.63,21.86,20.2,25.16,19.74,17.67,3.16,648.1,0.0,0.613,0.0,0.095,0.0,0.113,0.287,0.0,0.0,0.21
2020-01-10 14:45:00,18.71,21.56,25.38,21.36,21.64,21.93,20.18,25.29,19.92,17.67,3.27,626.4,0.0,0.614,0.0,0.031,0.0,0.068,0.299,0.0,0.0,0.214
2020-01-10 15:00:00,18.66,21.55,24.88,21.44,21.55,21.97,20.17,25.39,20.11,17.66,3.26,604.7,0.0,0.619,0.0,0.0,0.0,0.036,0.309,0.0,0.0,0.217
2020-01-10 15:15:00,18.59,21.52,24.32,21.34,21.29,22.05,20.17,25.39,20.32,17.65,3.25,583.0,0.0,0.627,0.0,0.0,0.0,0.016,0.314,0.0,0.0,0.22
2020-01-10 15:30:00,18.39,21.46,23.66,20.93,21.03,22.01,20.15,25.26,20.41,17.65,3.24,441.5,0.0,0.64,0.0,0.0,0.106,0.0,0.317,0.0,0.0,0.224
2020-01-10 15:45:00,18.24,21.4,23.25,20.61,20.78,21.85,20.13,24.93,20.3,17.64,3.24,300.0,0.0,0.671,0.0,0.187,0.236,0.0,0.325,0.0,0.0,0.226
2020-01-10 16:00:00,18.1,21.34,22.91,20.64,20.63,21.58,20.1,24.42,20.04,17.64,3.0,158.4,0.0,0.699,0.0,0.346,0.358,0.075,0.336,0.0,0.0,0.229
2020-01-10 16:15:00,17.96,21.29,22.62,20.62,20.51,21.24,20.08,23.71,19.72,17.63,2.76,16.9,0.0,0.728,0.0,0.331,0.435,0.211,0.348,0.0,0.0,0.232
2020-01-10 16:30:00,17.87,21.26,22.36,20.55,20.38,20.92,20.06,23.16,19.45,17.63,2.52,12.7,0.0,0.755,0.0,0.342,0.494,0.38,0.359,0.0,0.0,0.234
2020-01-10 16:45:00,17.77,21.21,22.15,20.52,20.28,20.75,20.05,22.68,19.24,17.62,2.28,0.0,0.0,0.772,0.069,0.374,0.561,0.539,0.368,0.0,0.0,0.236
2020-01-10 17:00:00,17.66,21.16,21.99,20.43,20.19,20.6,20.0,22.26,19.03,17.62,2.18,0.0,0.0,0.795,0.174,0.391,0.611,0.624,0.375,0.0,0.0,0.238
2020-01-10 17:15:00,17.56,21.11,21.84,20.37,20.1,20.46,19.96,21.9,18.84,17.62,2.08,0.0,0.0,0.822,0.253,0.433,0.657,0.701,0.399,0.0,0.0,0.24
2020-01-10 17:30:00,17.46,21.07,21.73,20.33,20.02,20.33,19.93,21.57,18.67,17.61,1.97,0.0,0.0,0.845,0.328,0.466,0.701,0.771,0.422,0.0,0.0,0.241
2020-01-10 17:45:00,17.37,21.04,21.63,20.3,19.96,20.2,19.91,21.26,18.51,17.61,1.87,0.0,0.0,0.865,0.386,0.484,0.738,0.836,0.436,0.0,0.0,0.243
2020-01-10 18:00:00,17.31,21.02,21.55,20.3,19.92,20.11,19.92,21.0,18.38,17.61,1.76,0.0,0.0,0.882,0.437,0.502,0.769,0.899,0.445,0.0,0.0,0.245
2020-01-10 18:15:00,17.27,21.01,21.49,20.3,19.89,20.05,19.94,20.76,18.29,17.61,1.65,0.0,0.0,0.888,0.473,0.5,0.79,0.943,0.438,0.0,0.0,0.246
2020-01-10 18:30:00,17.11,20.93,21.36,20.25,20.0,20.08,19.95,20.51,18.15,17.6,1.54,0.0,0.0,0.893,0.503,0.5,0.803,0.976,0.43,0.0,0.0,0.247
2020-01-10 18:45:00,17.2,21.02,21.42,20.32,19.83,19.92,19.95,20.37,18.15,17.6,1.43,0.0,0.0,0.935,0.571,0.523,0.748,0.959,0.426,0.0,0.0,0.249
2020-01-10 19:00:00,17.18,21.01,21.36,20.32,19.83,19.9,19.95,20.16,18.07,17.6,1.33,0.0,0.0,0.889,0.539,0.488,0.833,1.0,0.425,0.0,0.0,0.25
2020-01-10 19:15:00,17.14,21.0,21.33,20.31,19.81,19.88,19.95,19.97,18.01,17.6,1.23,0.0,0.0,0.896,0.569,0.492,0.837,1.0,0.426,0.0,0.0,0.251
2020-01-10 19:30:00,17.25,21.01,21.37,20.36,19.66,19.88,19.95,19.78,17.94,17.59,1.12,0.0,0.0,0.902,0.586,0.494,0.845,1.0,0.425,0.015,0.0,0.252
2020-01-10 19:45:00,17.08,20.97,21.24,20.3,19.8,19.84,19.96,19.68,17.93,17.59,1.02,0.0,0.0,0.895,0.564,0.47,0.92,1.0,0.423,0.109,0.0,0.253
2020-01-10 20:00:00,16.92,20.9,21.15,20.27,19.91,19.85,19.96,19.61,17.87,17.59,0.91,0.0,0.011,0.913,0.628,0.499,0.852,1.0,0.42,0.159,0.0,0.254
2020-01-10 20:15:00,17.68,21.03,21.31,20.37,19.9,19.63,19.97,19.58,17.79,17.59,0.81,0.0,1.0,0.952,0.675,0.514,0.793,0.077,0.418,0.193,0.0,0.255
2020-01-10 20:30:00,18.57,21.1,21.39,20.45,20.23,19.34,19.98,19.52,17.64,17.59,0.7,0.0,1.0,0.887,0.597,0.465,0.8,0.187,0.415,0.211,0.0,0.255
2020-01-10 20:45:00,18.39,21.09,21.41,20.46,20.38,19.16,19.99,19.49,17.51,17.59,0.59,0.0,0.716,0.852,0.557,0.427,0.637,0.331,0.412,0.239,0.0,0.256
2020-01-10 21:00:00,18.62,21.1,21.42,20.45,20.18,19.11,19.99,19.45,17.4,17.59,0.48,0.0,0.804,0.855,0.546,0.421,0.559,0.422,0.407,0.256,0.0,0.257
2020-01-10 21:15:00,18.58,21.09,20.85,20.44,20.24,19.04,19.99,19.44,17.35,17.58,0.37,0.0,0.69,0.849,0.0,0.423,0.662,0.445,0.406,0.276,0.0,0.257
2020-01-10 21:30:00,18.65,21.06,20.66,20.43,20.13,19.02,19.99,19.43,17.28,17.58,0.26,0.0,0.712,0.857,0.0,0.432,0.629,0.479,0.406,0.282,0.0,0.258
2020-01-10 21:45:00,18.65,21.03,20.55,20.41,20.18,19.0,20.0,19.43,17.25,17.58,0.15,0.0,0.677,0.872,0.0,0.433,0.687,0.49,0.404,0.285,0.0,0.258
2020-01-10 22:00:00,18.75,21.05,20.5,20.43,20.12,18.97,19.99,19.43,17.2,17.58,0.04,0.0,0.675,0.885,0.0,0.443,0.659,0.501,0.401,0.283,0.0,0.259
2020-01-10 22:15:00,18.74,21.01,20.39,20.4,20.09,18.94,19.98,19.41,17.16,17.7,-0.06,0.0,0.623,0.873,0.0,0.433,0.0,0.513,0.406,0.286,0.0,1.0
2020-01-10 22:30:00,18.81,21.02,20.31,20.39,20.03,18.92,19.99,19.38,17.1,17.89,-0.16,0.0,0.63,0.893,0.0,0.45,0.0,0.528,0.411,0.297,0.021,1.0
2020-01-10 22:45:00,18.78,20.99,20.19,20.37,20.06,18.89,19.98,19.37,17.07,18.08,-0.27,0.0,0.597,0.89,0.0,0.457,0.0,0.542,0.405,0.308,0.048,1.0
2020-01-10 23:00:00,18.84,21.0,20.08,20.38,19.98,18.87,19.97,19.35,17.04,18.23,-0.37,0.0,0.61,0.904,0.0,0.463,0.0,0.557,0.408,0.315,0.063,0.961
2020-01-10 23:15:00,18.79,20.96,19.95,20.34,20.02,18.85,19.75,19.34,17.02,18.36,-0.47,0.0,0.581,0.899,0.0,0.46,0.008,0.564,0.014,0.325,0.079,0.884
2020-01-10 23:30:00,18.86,20.98,19.86,20.37,19.93,18.84,19.46,19.32,17.01,18.46,-0.58,0.0,0.605,0.918,0.027,0.478,0.0,0.575,0.127,0.33,0.088,0.821
2020-01-10 23:45:00,18.78,20.93,19.8,20.32,19.99,18.83,19.3,19.31,17.01,18.54,-0.68,0.0,0.57,0.91,0.07,0.467,0.034,0.58,0.27,0.338,0.095,0.771
2020-01-11 00:00:00,18.89,20.97,19.78,20.36,19.88,18.83,19.3,19.31,17.01,18.61,-0.76,0.0,0.608,0.933,0.098,0.49,0.004,0.587,0.348,0.343,0.096,0.731
2020-01-11 00:15:00,18.81,19.99,19.69,19.76,19.7,18.9,19.33,19.31,17.25,18.65,-0.84,0.0,0.553,0.0,0.108,0.0,0.06,0.586,0.35,0.344,1.0,0.697
2020-01-11 00:30:00,18.69,19.49,19.61,19.44,19.41,19.08,19.37,19.36,17.83,18.71,-0.92,0.0,0.594,0.007,0.157,0.122,0.148,0.55,0.333,0.343,1.0,0.675
2020-01-11 00:45:00,18.75,19.64,19.6,19.57,19.42,19.28,19.37,19.42,18.35,18.76,-1.0,0.0,0.653,0.254,0.195,0.281,0.293,0.458,0.315,0.321,1.0,0.647
2020-01-11 01:00:00,18.78,19.5,19.59,19.52,19.44,19.39,19.35,19.43,18.68,18.8,-1.06,0.0,0.624,0.179,0.201,0.213,0.292,0.361,0.315,0.291,0.827,0.622
2020-01-11 01:15:00,18.71,19.42,19.56,19.44,19.41,19.35,19.32,19.42,18.84,18.84,-1.11,0.0,0.608,0.252,0.205,0.24,0.278,0.305,0.327,0.284,0.661,0.6
2020-01-11 01:30:00,18.76,19.36,19.54,19.43,19.35,19.35,19.31,19.37,18.86,18.87,-1.17,0.0,0.643,0.292,0.221,0.281,0.294,0.325,0.34,0.292,0.581,0.58
2020-01-11 01:45:00,18.73,19.28,19.5,19.37,19.38,19.28,19.3,19.35,18.9,18.9,-1.23,0.0,0.62,0.319,0.232,0.286,0.324,0.325,0.345,0.316,0.571,0.563
2020-01-11 02:00:00,18.77,19.23,19.49,19.34,19.31,19.27,19.29,19.33,18.91,18.93,-1.29,0.0,0.637,0.361,0.25,0.314,0.312,0.358,0.348,0.325,0.551,0.549
2020-01-11 02:15:00,18.73,19.2,19.45,19.33,19.34,19.25,19.28,19.33,18.94,18.95,-1.35,0.0,0.617,0.386,0.253,0.332,0.344,0.363,0.353,0.334,0.545,0.536
2020-01-11 02:30:00,18.77,19.18,19.47,19.33,19.29,19.25,19.27,19.32,18.97,18.97,-1.42,0.0,0.637,0.402,0.273,0.334,0.331,0.373,0.359,0.337,0.528,0.524
2020-01-11 02:45:00,18.73,19.14,19.42,19.31,19.32,19.24,19.26,19.31,18.99,18.99,-1.48,0.0,0.615,0.41,0.267,0.336,0.357,0.375,0.364,0.342,0.516,0.514
2020-01-11 03:00:00,18.79,19.15,19.45,19.33,19.27,19.24,19.27,19.32,19.02,19.01,-1.5,0.0,0.634,0.428,0.288,0.344,0.339,0.38,0.369,0.346,0.505,0.504
2020-01-11 03:15:00,18.81,19.38,20.06,19.33,19.46,19.36,19.11,19.33,19.05,19.02,-1.53,0.0,0.607,0.624,0.974,0.336,0.667,0.678,0.0,0.342,0.492,0.495
2020-01-11 03:30:00,18.9,19.38,20.16,19.36,19.58,19.51,18.79,19.33,19.1,19.04,-1.55,0.0,0.594,0.508,0.669,0.335,0.571,0.622,0.0,0.337,0.475,0.489
2020-01-11 03:45:00,18.84,19.33,20.07,19.35,19.58,19.58,18.43,19.35,19.14,19.05,-1.58,0.0,0.548,0.512,0.62,0.319,0.511,0.546,0.0,0.333,0.449,0.481
2020-01-11 04:00:00,18.88,19.36,20.15,19.34,19.5,19.58,18.2,19.35,19.15,19.07,-1.61,0.0,0.58,0.535,0.663,0.327,0.512,0.509,0.033,0.325,0.431,0.473
2020-01-11 04:15:00,18.83,19.33,20.13,19.32,19.58,19.58,18.08,19.35,19.14,19.08,-1.64,0.0,0.562,0.522,0.627,0.329,0.548,0.51,0.15,0.324,0.426,0.467
2020-01-11 04:30:00,18.88,19.35,20.2,19.34,19.52,19.56,18.05,19.33,19.14,19.09,-1.66,0.0,0.584,0.535,0.637,0.341,0.508,0.509,0.211,0.325,0.431,0.461
2020-01-11 04:45:00,18.82,19.33,20.15,19.3,19.6,19.56,18.06,19.32,19.14,19.1,-1.69,0.0,0.559,0.523,0.6,0.328,0.542,0.519,0.226,0.333,0.431,0.456
2020-01-11 05:00:00,18.89,19.35,20.24,19.33,19.52,19.55,18.05,19.3,19.13,19.11,-1.72,0.0,0.588,0.537,0.624,0.349,0.498,0.519,0.222,0.341,0.432,0.452
2020-01-11 05:15:00,19.24,19.34,20.21,18.87,19.58,19.57,18.03,19.29,19.3,19.06,-1.75,0.0,1.0,0.526,0.582,0.0,0.542,0.524,0.226,0.348,0.933,0.0
2020-01-11 05:30:00,19.35,19.32,20.2,18.62,19.54,19.6,18.0,19.28,19.58,18.94,-1.78,0.0,1.0,0.529,0.596,0.0,0.511,0.514,0.234,0.353,0.851,0.0
2020-01-11 05:45:00,19.35,19.31,20.2,18.6,19.5,19.63,17.98,19.28,19.72,18.84,-1.81,0.0,1.0,0.541,0.6,0.042,0.531,0.5,0.25,0.358,0.711,0.0
2020-01-11 06:00:00,19.39,19.31,20.2,18.55,19.51,19.63,17.98,19.3,19.77,18.75,-1.82,0.0,1.0,0.545,0.601,0.048,0.551,0.484,0.261,0.36,0.642,0.0
2020-01-11 06:15:00,19.44,19.31,20.22,18.54,19.49,19.64,17.99,19.3,19.78,18.67,-1.84,0.0,1.0,0.545,0.598,0.077,0.544,0.487,0.258,0.349,0.616,0.0
2020-01-11 06:30:00,19.49,19.31,20.21,18.49,19.51,19.63,18.0,19.3,19.8,18.58,-1.85,0.0,1.0,0.543,0.589,0.079,0.555,0.481,0.254,0.351,0.608,0.0
2020-01-11 06:45:00,19.55,19.3,20.24,18.5,19.48,19.64,17.98,19.3,19.83,18.51,-1.87,0.0,1.0,0.546,0.594,0.103,0.543,0.484,0.252,0.349,0.598,0.0
2020-01-11 07:00:00,19.6,19.3,20.22,18.44,19.52,19.64,17.98,19.3,19.85,18.43,-1.89,0.0,1.0,0.548,0.578,0.098,0.559,0.481,0.259,0.351,0.585,0.0
2020-01-11 07:15:00,19.67,19.31,20.25,18.46,19.47,19.66,17.97,19.29,19.87,18.36,-1.92,0.0,1.0,0.55,0.59,0.132,0.541,0.48,0.262,0.35,0.576,0.0
2020-01-11 07:30:00,19.66,19.29,20.21,18.4,19.52,19.65,17.97,19.3,19.88,18.29,-1.94,0.0,0.966,0.546,0.577,0.121,0.566,0.472,0.263,0.355,0.567,0.0
2020-01-11 07:45:00,19.71,19.33,20.27,18.43,19.46,19.66,17.99,19.3,19.88,18.22,-1.97,0.0,0.969,0.553,0.593,0.15,0.538,0.474,0.263,0.351,0.559,0.0
2020-01-11 08:00:00,19.69,19.28,20.19,18.35,19.54,19.63,17.95,19.28,19.87,18.16,-1.9,0.0,0.946,0.537,0.565,0.133,0.571,0.47,0.255,0.352,0.561,0.0
2020-01-11 08:15:00,19.73,19.31,20.27,18.42,19.42,19.61,17.91,19.32,19.86,18.09,-1.84,6.8,0.957,0.558,0.605,0.177,0.53,0.485,0.275,0.512,0.565,0.0
2020-01-11 08:30:00,19.7,19.27,20.21,18.3,19.56,19.63,17.96,19.49,19.87,18.02,-1.77,67.7,0.934,0.546,0.563,0.139,0.588,0.494,0.293,0.489,0.568,0.0
2020-01-11 08:45:00,19.81,19.38,20.46,18.39,19.52,19.68,18.05,19.66,19.9,17.97,-1.71,128.6,0.948,0.563,0.595,0.201,0.521,0.487,0.272,0.405,0.563,0.0
2020-01-11 09:00:00,19.85,19.59,20.65,18.44,19.54,19.74,18.26,19.93,19.97,17.9,-1.33,189.5,0.896,0.512,0.469,0.155,0.541,0.46,0.227,0.321,0.551,0.0
2020-01-11 09:15:00,19.87,19.72,20.69,18.36,19.71,19.82,18.48,20.11,20.01,17.83,-0.95,250.4,0.873,0.404,0.377,0.13,0.531,0.428,0.122,0.185,0.516,0.0
2020-01-11 09:30:00,19.99,19.84,20.91,18.53,19.62,19.87,18.6,20.22,20.06,17.77,-0.57,260.8,0.866,0.342,0.355,0.169,0.446,0.391,0.011,0.096,0.495,0.0
2020-01-11 09:45:00,19.98,19.92,20.84,18.38,19.85,19.92,18.7,20.29,20.1,17.71,-0.18,271.2,0.803,0.281,0.246,0.085,0.491,0.363,0.0,0.042,0.469,0.0
2020-01-11 10:00:00,20.13,20.06,21.08,18.55,19.81,19.96,18.83,20.36,20.14,17.66,0.09,281.7,0.81,0.241,0.28,0.159,0.374,0.338,0.0,0.007,0.448,0.0
2020-01-11 10:15:00,20.16,20.08,21.23,18.58,19.82,19.98,18.95,20.47,20.18,17.59,0.37,292.1,0.737,0.17,0.158,0.076,0.397,0.321,0.0,0.0,0.431,0.0
2020-01-11 10:30:00,20.15,20.1,21.2,18.5,19.96,20.03,19.04,20.61,20.21,17.54,0.64,310.2,0.722,0.162,0.086,0.061,0.388,0.309,0.0,0.0,0.411,0.0
2020-01-11 10:45:00,20.27,20.17,21.49,18.66,19.86,20.09,19.12,20.79,20.25,17.48,0.92,328.4,0.724,0.152,0.099,0.102,0.318,0.284,0.0,0.0,0.396,0.0
2020-01-11 11:00:00,20.25,20.12,21.45,18.51,20.11,20.17,19.19,21.0,20.29,17.42,1.2,346.5,0.664,0.116,0.0,0.02,0.371,0.255,0.0,0.0,0.376,0.0
2020-01-11 11:15:00,20.4,20.18,21.71,18.69,20.05,20.28,19.23,21.21,20.34,17.38,1.49,364.7,0.674,0.142,0.0,0.095,0.244,0.214,0.0,0.0,0.353,0.0
2020-01-11 11:30:00,20.44,20.2,22.05,18.68,20.18,20.39,19.29,21.54,20.39,17.32,1.77,417.0,0.601,0.109,0.0,0.007,0.273,0.159,0.0,0.0,0.33,0.0
2020-01-11 11:45:00,20.5,20.19,22.4,18.74,20.31,20.51,19.33,21.9,20.42,17.27,2.06,469.2,0.579,0.101,0.0,0.008,0.21,0.106,0.0,0.0,0.307,0.0
2020-01-11 12:00:00,20.56,20.2,22.82,18.8,20.46,20.64,19.34,22.34,20.44,17.21,2.42,521.5,0.551,0.103,0.0,0.0,0.146,0.044,0.0,0.0,0.292,0.0
2020-01-11 12:15:00,20.61,20.19,23.24,18.9,20.6,20.79,19.31,22.77,20.46,17.16,2.77,573.8,0.521,0.1,0.0,0.0,0.069,0.0,0.0,0.0,0.282,0.0
2020-01-11 12:30:00,20.65,20.13,23.65,18.96,20.79,20.97,19.21,23.24,20.49,17.11,3.13,625.7,0.495,0.104,0.0,0.0,0.0,0.0,0.0,0.0,0.269,0.019
2020-01-11 12:45:00,20.69,20.13,24.14,19.05,20.95,21.16,19.06,23.78,20.54,17.07,3.49,677.5,0.475,0.134,0.0,0.0,0.0,0.0,0.0,0.0,0.255,0.046
2020-01-11 13:00:00,20.76,20.1,24.62,19.14,21.13,21.42,18.88,24.32,20.6,17.02,3.78,729.4,0.454,0.134,0.0,0.0,0.0,0.0,0.0,0.0,0.228,0.067
2020-01-11 13:15:00,20.82,20.16,25.13,19.27,21.3,21.68,18.74,24.92,20.7,17.0,4.08,781.3,0.422,0.148,0.0,0.0,0.0,0.0,0.0,0.0,0.201,0.088
2020-01-11 13:30:00,20.86,20.16,25.37,19.42,21.47,21.94,18.63,25.37,20.82,16.97,4.38,750.1,0.391,0.121,0.0,0.0,0.0,0.0,0.0,0.0,0.15,0.102
2020-01-11 13:45:00,20.9,20.18,25.55,19.56,21.57,22.14,18.53,25.75,20.97,16.95,4.68,718.9,0.369,0.118,0.0,0.0,0.0,0.0,0.0,0.0,0.09,0.116
2020-01-11 14:00:00,20.9,20.15,25.66,19.74,21.65,22.29,18.39,26.0,21.09,16.93,4.78,687.7,0.35,0.112,0.0,0.0,0.0,0.0,0.0,0.0,0.017,0.127
2020-01-11 14:15:00,20.91,20.15,25.73,19.93,21.67,22.29,18.28,26.22,21.22,16.91,4.89,656.6,0.348,0.124,0.0,0.0,0.0,0.0,0.054,0.0,0.0,0.137
2020-01-11 14:30:00,20.88,20.11,25.78,20.1,21.77,22.52,18.23,26.16,21.25,16.89,4.99,648.5,0.347,0.124,0.0,0.0,0.0,0.0,0.112,0.0,0.0,0.146
2020-01-11 14:45:00,20.92,20.15,25.69,20.35,21.79,22.42,18.22,26.41,21.48,16.88,5.1,640.4,0.36,0.144,0.0,0.0,0.0,0.0,0.133,0.0,0.0,0.153
2020-01-11 15:00:00,20.91,20.11,25.24,20.52,21.75,22.62,18.23,26.41,21.63,16.87,5.09,632.4,0.34,0.125,0.0,0.0,0.0,0.0,0.138,0.0,0.0,0.159
2020-01-11 15:15:00,20.82,20.03,24.64,20.48,21.6,22.71,18.23,26.5,21.86,16.86,5.08,624.3,0.347,0.144,0.0,0.0,0.0,0.0,0.136,0.0,0.0,0.164
2020-01-11 15:30:00,20.78,19.99,24.01,20.17,21.33,22.69,18.2,26.37,21.94,16.85,5.07,475.8,0.389,0.184,0.0,0.0,0.0,0.0,0.137,0.0,0.0,0.168
2020-01-11 15:45:00,20.67,19.88,23.62,19.78,21.11,22.54,18.15,26.01,21.77,16.84,5.06,327.3,0.409,0.204,0.0,0.0,0.0,0.0,0.15,0.0,0.0,0.174
2020-01-11 16:00:00,20.6,19.81,23.34,19.58,20.95,22.27,18.12,25.47,21.43,16.84,4.77,178.8,0.464,0.261,0.0,0.0,0.0,0.0,0.175,0.0,0.0,0.178
2020-01-11 16:15:00,20.56,19.78,23.06,19.43,20.79,21.81,18.09,24.69,20.99,16.83,4.49,30.3,0.499,0.294,0.0,0.0,0.0,0.0,0.189,0.0,0.0,0.182
2020-01-11 16:30:00,20.52,19.73,22.78,19.29,20.66,21.42,18.08,24.05,20.61,16.82,4.2,22.7,0.519,0.312,0.0,0.0,0.0,0.0,0.203,0.0,0.003,0.186
2020-01-11 16:45:00,20.47,19.67,22.5,19.15,20.53,21.06,18.06,23.44,20.34,16.82,3.91,0.0,0.542,0.336,0.0,0.0,0.0,0.0,0.212,0.0,0.194,0.19
2020-01-11 17:00:00,20.44,19.64,22.23,19.0,20.38,20.73,18.04,22.95,20.18,16.81,3.78,0.0,0.566,0.365,0.0,0.0,0.035,0.0,0.221,0.0,0.328,0.192
2020-01-11 17:15:00,20.41,19.6,21.96,18.87,20.26,20.47,18.03,22.5,20.12,16.8,3.64,0.0,0.58,0.379,0.0,0.0,0.109,0.0,0.229,0.0,0.408,0.195
2020-01-11 17:30:00,20.37,19.57,21.71,18.74,20.14,20.24,18.02,22.11,20.11,16.8,3.51,0.0,0.596,0.4,0.0,0.0,0.172,0.064,0.235,0.0,0.438,0.198
2020-01-11 17:45:00,20.33,19.54,21.47,18.61,20.03,20.04,18.01,21.76,20.12,16.79,3.38,0.0,0.615,0.417,0.0,0.0,0.232,0.178,0.241,0.0,0.445,0.201
2020-01-11 18:00:00,20.3,19.52,21.29,18.55,19.94,19.91,18.01,21.48,20.14,16.79,3.23,0.0,0.633,0.432,0.0,0.045,0.286,0.279,0.247,0.0,0.439,0.203
2020-01-11 18:15:00,20.3,19.52,21.18,18.53,19.9,19.87,18.01,21.24,20.15,16.79,3.08,0.0,0.652,0.438,0.054,0.075,0.328,0.346,0.246,0.0,0.428,0.205
2020-01-11 18:30:00,20.24,19.49,21.08,18.48,19.92,19.92,18.02,20.99,20.13,16.78,2.94,0.0,0.652,0.442,0.11,0.085,0.351,0.365,0.243,0.0,0.427,0.207
2020-01-11 18:45:00,20.29,19.52,21.08,18.54,19.79,19.81,18.02,20.89,20.18,16.78,2.79,0.0,0.678,0.455,0.158,0.11,0.342,0.338,0.242,0.0,0.434,0.209
2020-01-11 19:00:00,20.22,19.47,20.91,18.4,19.89,19.87,18.01,20.65,20.14,16.78,2.66,0.0,0.654,0.438,0.159,0.081,0.407,0.396,0.242,0.0,0.409,0.21
2020-01-11 19:15:00,20.28,19.23,20.67,18.46,19.68,19.69,18.35,20.52,20.14,16.77,2.52,0.0,0.69,0.266,0.0,0.151,0.057,0.066,0.995,0.0,0.43,0.212
2020-01-11 19:30:00,20.22,19.28,20.47,18.36,19.59,19.55,18.86,20.3,20.09,16.77,2.39,0.0,0.661,0.384,0.0,0.121,0.162,0.156,0.826,0.0,0.431,0.213
2020-01-11 19:45:00,20.19,19.25,20.33,18.37,19.55,19.49,19.15,20.11,20.07,16.77,2.25,0.0,0.69,0.359,0.0,0.168,0.206,0.223,0.568,0.002,0.453,0.214
2020-01-11 20:00:00,20.18,19.23,20.21,18.35,19.52,19.43,19.18,19.99,20.07,16.77,2.1,0.0,0.706,0.375,0.0,0.166,0.224,0.257,0.424,0.097,0.465,0.216
2020-01-11 20:15:00,20.17,19.22,20.1,18.34,19.48,19.42,19.16,19.92,20.06,16.76,1.95,0.0,0.709,0.387,0.0,0.174,0.238,0.285,0.408,0.153,0.464,0.217
2020-01-11 20:30:00,20.15,19.2,19.98,18.33,19.45,19.41,19.15,19.89,20.07,16.76,1.8,0.0,0.714,0.39,0.0,0.179,0.259,0.29,0.419,0.191,0.468,0.218
2020-01-11 20:45:00,20.14,19.19,19.9,18.32,19.41,19.42,19.16,19.87,20.08,16.76,1.66,0.0,0.723,0.402,0.008,0.187,0.273,0.294,0.424,0.206,0.464,0.219
2020-01-11 21:00:00,20.12,19.17,19.84,18.3,19.39,19.41,19.17,19.84,20.07,16.76,1.52,0.0,0.731,0.406,0.051,0.189,0.294,0.291,0.42,0.217,0.462,0.219
2020-01-11 21:15:00,19.2,19.17,19.79,18.82,19.35,19.37,19.17,19.81,19.9,16.85,1.39,0.0,0.0,0.417,0.079,0.851,0.303,0.294,0.415,0.232,0.0,1.0
2020-01-11 21:30:00,19.42,19.15,19.74,18.99,19.38,19.3,19.18,19.76,19.59,17.07,1.26,0.0,0.401,0.417,0.106,0.59,0.323,0.314,0.413,0.247,0.049,1.0
2020-01-11 21:45:00,19.36,19.14,19.73,18.93,19.4,19.26,19.18,19.72,19.36,17.31,1.13,0.0,0.288,0.425,0.129,0.503,0.309,0.35,0.411,0.269,0.205,1.0
2020-01-11 22:00:00,19.24,19.13,19.68,19.03,19.36,19.23,19.18,19.71,19.34,17.49,0.99,0.0,0.319,0.43,0.134,0.534,0.298,0.37,0.41,0.292,0.319,1.0
2020-01-11 22:15:00,19.24,19.11,19.64,19.05,19.37,19.26,19.19,19.69,19.36,17.65,0.85,0.0,0.381,0.436,0.162,0.486,0.318,0.386,0.408,0.293,0.33,1.0
2020-01-11 22:30:00,19.16,19.11,19.63,19.1,19.36,19.27,19.19,19.7,19.39,17.8,0.71,0.0,0.378,0.444,0.178,0.476,0.315,0.369,0.406,0.304,0.318,1.0
2020-01-11 22:45:00,19.12,19.1,19.59,19.13,19.35,19.28,19.2,19.69,19.38,17.93,0.57,0.0,0.419,0.445,0.187,0.448,0.321,0.365,0.405,0.299,0.304,1.0
2020-01-11 23:00:00,19.07,19.08,19.56,19.19,19.34,19.26,19.18,19.67,19.36,18.07,0.44,0.0,0.438,0.448,0.206,0.433,0.324,0.359,0.401,0.305,0.309,1.0
2020-01-11 23:15:00,19.06,19.07,19.54,19.17,19.32,19.25,19.17,19.65,19.33,18.19,0.3,0.0,0.466,0.461,0.219,0.407,0.331,0.368,0.408,0.313,0.321,0.967
2020-01-11 23:30:00,19.04,19.06,19.51,19.17,19.32,19.23,19.17,19.63,19.3,18.29,0.17,0.0,0.468,0.464,0.231,0.415,0.338,0.375,0.413,0.327,0.337,0.906
2020-01-11 23:45:00,19.02,19.05,19.5,19.17,19.3,19.22,19.16,19.6,19.29,18.38,0.03,0.0,0.48,0.472,0.243,0.413,0.342,0.385,0.416,0.336,0.349,0.853
2020-01-12 00:00:00,19.0,19.02,19.46,19.15,19.29,19.19,19.14,19.59,19.25,18.46,-0.12,0.0,0.488,0.477,0.25,0.413,0.35,0.388,0.419,0.348,0.357,0.809
2020-01-12 00:15:00,18.98,19.01,19.45,19.14,19.27,19.17,19.12,19.49,19.22,18.53,-0.28,0.0,0.5,0.49,0.27,0.425,0.353,0.405,0.429,0.207,0.373,0.77
2020-01-12 00:30:00,18.96,18.98,19.41,19.12,19.26,19.12,19.11,19.39,19.2,18.59,-0.43,0.0,0.509,0.497,0.277,0.43,0.366,0.416,0.438,0.257,0.39,0.737
2020-01-12 00:45:00,18.94,18.97,19.4,19.1,19.24,19.08,19.1,19.33,19.17,18.64,-0.58,0.0,0.521,0.508,0.294,0.441,0.369,0.442,0.445,0.304,0.402,0.707
2020-01-12 01:00:00,18.93,18.96,19.39,19.12,19.23,19.09,19.11,19.32,19.18,18.69,-0.77,0.0,0.528,0.515,0.302,0.448,0.381,0.458,0.451,0.336,0.415,0.681
2020-01-12 01:15:00,18.93,18.95,19.38,19.12,19.23,19.11,19.12,19.33,19.2,18.73,-0.95,0.0,0.533,0.52,0.306,0.441,0.384,0.454,0.445,0.341,0.408,0.657
2020-01-12 01:30:00,18.92,18.95,19.37,19.13,19.22,19.13,19.12,19.33,19.21,18.76,-1.14,0.0,0.536,0.523,0.311,0.44,0.385,0.443,0.44,0.337,0.4,0.636
2020-01-12 01:45:00,18.92,18.94,19.36,19.13,19.22,19.13,19.13,19.32,19.21,18.8,-1.32,0.0,0.539,0.527,0.314,0.437,0.388,0.436,0.438,0.335,0.395,0.618
2020-01-12 02:00:00,18.92,18.94,19.36,19.14,19.22,19.14,19.13,19.32,19.22,18.83,-1.52,0.0,0.542,0.531,0.318,0.435,0.39,0.433,0.437,0.338,0.394,0.6
2020-01-12 02:15:00,18.91,18.93,19.36,19.15,19.22,19.15,19.14,19.32,19.23,18.86,-1.71,0.0,0.542,0.532,0.319,0.429,0.392,0.428,0.433,0.339,0.391,0.585
2020-01-12 02:30:00,18.92,18.93,19.36,19.16,19.21,19.17,19.15,19.33,19.24,18.89,-1.91,0.0,0.543,0.535,0.32,0.424,0.392,0.423,0.429,0.339,0.386,0.57
2020-01-12 02:45:00,18.91,18.93,19.36,19.17,19.22,19.18,19.16,19.33,19.25,18.91,-2.1,0.0,0.542,0.535,0.319,0.419,0.393,0.417,0.424,0.337,0.38,0.557
2020-01-12 03:00:00,18.91,18.93,19.36,19.17,19.21,19.18,19.16,19.33,19.25,18.93,-2.2,0.0,0.543,0.537,0.32,0.413,0.392,0.41,0.419,0.334,0.374,0.545
2020-01-12 03:15:00,18.11,18.93,19.35,19.18,19.06,19.17,19.16,19.33,19.24,18.95,-2.3,0.0,0.0,0.537,0.322,0.413,0.394,0.41,0.419,0.336,0.376,0.535
2020-01-12 03:30:00,17.81,18.88,19.28,19.14,18.92,19.17,19.16,19.33,19.24,18.97,-2.39,0.0,0.0,0.534,0.323,0.411,0.471,0.416,0.419,0.333,0.378,0.527
2020-01-12 03:45:00,17.72,18.9,19.32,19.16,18.85,19.17,19.17,19.32,19.24,18.99,-2.49,0.0,0.0,0.56,0.362,0.428,0.541,0.416,0.418,0.336,0.379,0.516
2020-01-12 04:00:00,17.68,18.9,19.26,19.12,18.86,19.17,19.18,19.31,19.22,19.0,-2.59,0.0,0.04,0.548,0.342,0.418,0.575,0.415,0.416,0.338,0.378,0.507
2020-01-12 04:15:00,17.67,18.89,19.29,19.14,18.81,19.39,19.17,19.3,19.21,19.02,-2.69,0.0,0.06,0.549,0.37,0.441,0.57,1.0,0.409,0.344,0.391,0.5
2020-01-12 04:30:00,17.57,18.89,19.25,19.12,18.84,19.66,19.17,19.34,19.24,19.03,-2.79,0.0,0.065,0.554,0.354,0.428,0.595,1.0,0.413,0.349,0.394,0.492
2020-01-12 04:45:00,17.6,18.89,19.28,19.14,18.76,19.78,19.16,19.4,19.3,19.04,-2.9,0.0,0.117,0.557,0.377,0.44,0.578,1.0,0.417,0.332,0.379,0.486
2020-01-12 05:00:00,17.46,18.87,19.22,19.1,18.83,19.91,19.16,19.41,19.31,19.05,-3.0,0.0,0.098,0.557,0.359,0.429,0.62,1.0,0.42,0.3,0.348,0.48
2020-01-12 05:15:00,17.54,18.9,19.68,19.14,18.87,19.96,18.95,19.43,19.34,19.06,-3.1,0.0,0.172,0.566,0.842,0.448,1.0,1.0,0.0,0.296,0.343,0.475
2020-01-12 05:30:00,17.5,18.89,19.7,19.17,18.95,20.02,18.58,19.43,19.33,19.07,-3.2,0.0,0.131,0.551,0.61,0.429,1.0,1.0,0.0,0.283,0.332,0.47
2020-01-12 05:45:00,17.44,18.88,19.65,19.15,18.93,20.05,18.21,19.41,19.32,19.08,-3.3,0.0,0.149,0.555,0.6,0.415,1.0,1.0,0.0,0.287,0.335,0.465
2020-01-12 06:00:00,17.41,18.85,19.65,19.13,18.93,20.09,17.88,19.39,19.3,19.09,-3.38,0.0,0.178,0.56,0.625,0.426,1.0,1.0,0.0,0.293,0.339,0.461
2020-01-12 06:15:00,17.42,19.3,19.68,19.55,18.98,20.08,17.66,19.41,19.3,19.09,-3.46,0.0,0.196,1.0,0.627,0.837,1.0,1.0,0.012,0.357,0.351,0.456
2020-01-12 06:30:00,17.45,19.33,19.73,19.54,19.05,20.11,17.46,19.41,19.29,19.1,-3.54,0.0,0.191,0.85,0.609,0.625,1.0,1.0,0.122,0.346,0.35,0.453
2020-01-12 06:45:00,17.38,19.28,19.7,19.51,19.07,20.12,17.41,19.42,19.28,19.11,-3.62,0.0,0.177,0.837,0.586,0.63,1.0,1.0,0.22,0.343,0.357,0.449
2020-01-12 07:00:00,17.43,19.34,19.75,19.56,19.02,20.14,17.45,19.43,19.29,19.11,-3.69,0.0,0.21,0.859,0.598,0.647,1.0,1.0,0.244,0.341,0.359,0.446
2020-01-12 07:15:00,17.36,19.33,19.71,19.54,19.1,20.19,17.48,19.44,19.31,19.12,-3.76,0.0,0.187,0.832,0.575,0.619,1.0,1.0,0.225,0.333,0.353,0.443
2020-01-12 07:30:00,17.45,19.37,19.8,19.6,19.03,20.21,17.48,19.46,19.33,19.13,-3.83,0.0,0.221,0.835,0.595,0.628,1.0,1.0,0.21,0.332,0.345,0.44
2020-01-12 07:45:00,17.31,19.35,19.74,19.57,19.16,20.25,17.47,19.47,19.33,19.13,-3.91,0.0,0.174,0.816,0.549,0.6,1.0,1.0,0.208,0.32,0.336,0.437
2020-01-12 08:00:00,17.5,19.4,19.85,19.66,19.02,20.26,17.43,19.48,19.35,19.14,-3.85,0.0,0.245,0.823,0.582,0.616,1.0,1.0,0.215,0.316,0.333,0.435
2020-01-12 08:15:00,17.25,19.39,19.73,19.6,19.22,20.3,17.42,19.49,19.61,19.22,-3.8,12.0,0.152,0.798,0.527,0.569,1.0,1.0,0.236,0.312,1.0,1.0
2020-01-12 08:30:00,17.49,19.49,19.93,19.7,19.15,20.47,17.51,19.66,19.94,19.34,-3.75,105.2,0.276,0.805,0.583,0.601,1.0,1.0,0.238,0.307,1.0,1.0
2020-01-12 08:45:00,17.41,19.61,20.25,19.74,19.24,20.67,17.7,19.95,20.3,19.48,-3.69,198.5,0.157,0.757,0.485,0.552,1.0,1.0,0.194,0.219,1.0,1.0
2020-01-12 09:00:00,17.5,19.92,20.4,19.77,19.35,20.85,17.95,20.21,20.54,19.59,-3.41,291.8,0.194,0.695,0.327,0.531,1.0,0.913,0.098,0.075,0.85,1.0
2020-01-12 09:15:00,17.54,20.14,20.68,19.84,19.48,20.99,18.22,20.49,20.68,19.7,-3.13,385.1,0.151,0.541,0.248,0.513,1.0,0.823,0.0,0.0,0.731,1.0
2020-01-12 09:30:00,17.64,20.35,20.89,19.9,19.47,21.06,18.55,20.78,20.76,19.8,-2.84,415.9,0.132,0.431,0.109,0.48,1.0,0.755,0.0,0.0,0.662,1.0
2020-01-12 09:45:00,17.54,20.5,20.93,19.9,19.66,21.18,18.88,21.05,20.81,19.88,-2.56,446.8,0.082,0.326,0.003,0.448,1.0,0.722,0.0,0.0,0.621,1.0
2020-01-12 10:00:00,17.67,20.75,21.23,19.96,19.8,21.26,19.38,21.47,20.89,19.97,-2.3,477.7,0.128,0.251,0.0,0.451,1.0,0.658,0.0,0.0,0.594,1.0
2020-01-12 10:15:00,17.72,20.81,21.6,20.02,19.94,21.36,19.81,21.88,20.95,20.06,-2.04,508.5,0.064,0.124,0.0,0.42,1.0,0.62,0.0,0.0,0.555,1.0
2020-01-12 10:30:00,17.75,20.88,21.92,20.04,20.06,21.48,20.15,22.28,21.02,20.14,-1.77,536.2,0.041,0.096,0.0,0.391,1.0,0.569,0.0,0.0,0.525,1.0
2020-01-12 10:45:00,17.81,20.93,22.25,20.07,20.19,21.62,20.41,22.68,21.08,20.22,-1.51,563.9,0.023,0.06,0.0,0.38,1.0,0.508,0.0,0.0,0.492,1.0
2020-01-12 11:00:00,17.87,20.95,22.59,20.11,20.31,21.75,20.61,23.08,21.15,20.29,-1.27,591.6,0.0,0.037,0.0,0.364,0.956,0.442,0.0,0.0,0.459,0.991
2020-01-12 11:15:00,17.96,20.95,22.93,20.15,20.44,21.9,20.75,23.49,21.21,20.36,-1.02,619.3,0.0,0.027,0.0,0.343,0.894,0.373,0.0,0.0,0.427,0.954
2020-01-12 11:30:00,18.06,20.88,23.23,20.19,20.56,22.03,20.78,23.87,21.26,20.42,-0.78,616.8,0.0,0.026,0.0,0.323,0.83,0.301,0.0,0.0,0.395,0.92
2020-01-12 11:45:00,18.13,20.81,23.49,20.22,20.66,22.15,20.73,24.21,21.31,20.47,-0.53,614.3,0.0,0.062,0.0,0.305,0.771,0.234,0.0,0.0,0.368,0.891
2020-01-12 12:00:00,18.2,20.71,23.74,20.25,20.77,22.25,20.58,24.52,21.34,20.51,-0.38,611.8,0.0,0.094,0.0,0.289,0.719,0.175,0.0,0.0,0.345,0.865
2020-01-12 12:15:00,18.27,20.63,23.98,20.28,20.88,22.33,20.37,24.8,21.37,20.55,-0.23,609.3,0.0,0.145,0.0,0.275,0.667,0.126,0.0,0.0,0.329,0.843
2020-01-12 12:30:00,18.34,20.54,24.18,20.31,20.96,22.4,20.12,25.04,21.39,20.59,-0.07,599.8,0.0,0.187,0.0,0.261,0.61,0.085,0.0,0.0,0.316,0.823
2020-01-12 12:45:00,18.39,20.48,24.35,20.32,21.03,22.46,19.84,25.24,21.4,20.62,0.08,590.4,0.0,0.228,0.0,0.247,0.568,0.05,0.0,0.0,0.306,0.804
2020-01-12 13:00:00,18.42,20.43,24.51,20.34,21.09,22.5,19.56,25.41,21.41,20.66,0.14,580.9,0.0,0.261,0.0,0.239,0.533,0.021,0.0,0.0,0.299,0.788
2020-01-12 13:15:00,18.45,20.41,24.63,20.36,21.15,22.54,19.32,25.56,21.43,20.68,0.21,571.4,0.0,0.287,0.0,0.231,0.503,0.0,0.0,0.0,0.293,0.772
2020-01-12 13:30:00,18.51,20.4,24.72,20.42,21.08,22.56,19.13,25.65,21.48,20.7,0.27,541.7,0.0,0.295,0.0,0.218,0.476,0.0,0.0,0.0,0.283,0.759
2020-01-12 13:45:00,18.43,20.33,24.65,20.44,21.18,22.6,18.92,25.68,21.53,20.73,0.33,512.0,0.0,0.302,0.0,0.189,0.51,0.0,0.0,0.0,0.262,0.748
2020-01-12 14:00:00,18.41,20.31,24.64,20.52,21.17,22.59,18.72,25.69,21.59,20.75,0.27,482.3,0.0,0.337,0.0,0.178,0.461,0.0,0.0,0.0,0.236,0.735
2020-01-12 14:15:00,18.4,20.28,24.6,20.58,21.16,22.57,18.54,25.66,21.66,20.77,0.21,452.6,0.0,0.346,0.0,0.141,0.465,0.0,0.0,0.0,0.203,0.724
2020-01-12 14:30:00,18.38,20.25,24.54,20.63,21.15,22.53,18.37,25.59,21.71,20.79,0.14,420.3,0.0,0.361,0.0,0.111,0.468,0.0,0.0,0.0,0.172,0.714
2020-01-12 14:45:00,18.29,20.21,24.31,20.66,21.18,22.47,18.22,25.48,21.74,20.8,0.08,388.0,0.0,0.376,0.0,0.085,0.476,0.0,0.0,0.0,0.146,0.705
2020-01-12 15:00:00,18.29,20.19,23.94,20.68,20.95,22.39,18.04,25.32,21.77,20.82,-0.08,355.7,0.0,0.396,0.0,0.068,0.46,0.013,0.0,0.0,0.129,0.698
2020-01-12 15:15:00,18.16,20.11,23.41,20.52,20.75,22.29,17.87,25.13,21.79,20.84,-0.23,323.3,0.0,0.404,0.0,0.06,0.574,0.054,0.0,0.0,0.113,0.69
2020-01-12 15:30:00,17.98,20.05,22.89,20.3,20.53,22.16,17.7,24.85,21.71,20.85,-0.39,244.7,0.0,0.445,0.0,0.14,0.673,0.103,0.017,0.0,0.104,0.682
2020-01-12 15:45:00,17.79,19.99,22.55,20.14,20.33,21.97,17.59,24.47,21.5,20.86,-0.54,166.1,0.0,0.477,0.0,0.251,0.787,0.171,0.098,0.0,0.147,0.676
2020-01-12 16:00:00,17.63,19.93,22.26,20.12,20.18,21.72,17.53,23.97,21.24,20.87,-0.77,87.5,0.006,0.507,0.0,0.33,0.885,0.266,0.155,0.0,0.249,0.67
2020-01-12 16:15:00,17.58,19.89,22.01,20.09,20.1,21.48,17.5,23.41,21.05,20.88,-1.01,8.9,0.084,0.533,0.0,0.341,0.959,0.39,0.186,0.0,0.378,0.664
2020-01-12 16:30:00,17.59,19.86,21.81,20.05,19.99,21.3,17.49,22.98,20.97,20.89,-1.24,6.7,0.112,0.554,0.0,0.355,1.0,0.51,0.199,0.0,0.473,0.659
2020-01-12 16:45:00,17.52,19.82,21.59,20.03,19.91,21.23,17.48,22.59,20.96,20.9,-1.47,0.0,0.103,0.57,0.0,0.374,1.0,0.598,0.204,0.0,0.516,0.653
2020-01-12 17:00:00,17.49,19.81,21.37,19.99,19.83,21.18,17.46,22.28,20.96,20.91,-1.55,0.0,0.142,0.588,0.0,0.387,1.0,0.635,0.212,0.0,0.52,0.649
2020-01-12 17:15:00,17.47,19.79,21.17,19.97,19.76,21.13,17.45,22.0,20.95,20.92,-1.62,0.0,0.154,0.596,0.0,0.403,1.0,0.661,0.22,0.0,0.518,0.644
2020-01-12 17:30:00,17.44,19.78,20.97,19.94,19.69,21.07,17.43,21.74,20.93,20.93,-1.7,0.0,0.167,0.604,0.0,0.417,1.0,0.687,0.227,0.0,0.523,0.64
2020-01-12 17:45:00,17.38,19.73,20.76,19.9,19.7,21.07,17.42,21.46,20.9,20.94,-1.77,0.0,0.182,0.612,0.0,0.429,1.0,0.713,0.233,0.0,0.534,0.636
2020-01-12 18:00:00,17.49,19.74,20.73,19.92,19.54,20.99,17.41,21.25,20.9,20.94,-1.86,0.0,0.209,0.634,0.071,0.452,1.0,0.714,0.241,0.0,0.549,0.632
2020-01-12 18:15:00,17.26,19.7,20.52,19.85,19.65,20.98,17.4,20.98,20.87,20.95,-1.95,0.0,0.155,0.63,0.087,0.439,1.0,0.756,0.247,0.0,0.549,0.628
2020-01-12 18:30:00,17.55,19.72,20.59,19.9,19.4,20.95,17.39,20.71,20.86,20.96,-2.03,0.0,0.27,0.649,0.189,0.477,1.0,0.762,0.252,0.0,0.563,0.625
2020-01-12 18:45:00,17.24,19.7,20.41,19.84,19.49,20.92,17.38,20.54,20.85,20.96,-2.12,0.0,0.126,0.641,0.157,0.449,1.0,0.773,0.256,0.0,0.568,0.622
2020-01-12 19:00:00,17.28,19.66,20.31,19.79,19.53,20.93,17.41,20.36,20.86,20.97,-2.21,0.0,0.278,0.65,0.245,0.482,1.0,0.791,0.259,0.0,0.574,0.619
2020-01-12 19:15:00,18.14,19.74,20.43,19.89,19.65,20.89,17.42,20.26,20.88,20.97,-2.3,0.0,1.0,0.669,0.293,0.506,1.0,0.785,0.247,0.0,0.57,0.616
2020-01-12 19:30:00,18.46,19.73,20.42,19.94,19.85,20.9,17.44,20.11,20.89,20.98,-2.39,0.0,0.932,0.63,0.235,0.456,1.0,0.807,0.239,0.0,0.562,0.614
2020-01-12 19:45:00,18.37,19.73,20.37,19.91,19.88,20.87,17.44,20.03,20.91,20.98,-2.48,0.0,0.771,0.637,0.242,0.43,1.0,0.799,0.232,0.0,0.553,0.61
2020-01-12 20:00:00,18.47,19.72,20.34,19.92,19.81,20.86,17.41,19.92,20.89,20.99,-2.56,0.0,0.815,0.637,0.263,0.446,1.0,0.814,0.232,0.033,0.545,0.608
2020-01-12 20:15:00,18.45,19.7,20.29,19.9,19.88,20.56,17.39,19.87,20.88,20.99,-2.64,0.0,0.767,0.638,0.279,0.442,1.0,0.0,0.244,0.09,0.553,0.605
2020-01-12 20:30:00,18.56,19.7,20.31,19.93,19.83,20.28,17.37,19.66,20.84,21.0,-2.72,0.0,0.776,0.648,0.307,0.451,1.0,0.0,0.253,0.117,0.558,0.603
2020-01-12 20:45:00,18.53,19.69,20.24,19.9,19.91,19.99,17.37,19.56,20.76,21.0,-2.8,0.0,0.721,0.649,0.296,0.436,1.0,0.0,0.267,0.218,0.581,0.601
2020-01-12 21:00:00,18.65,19.7,20.28,19.92,19.84,19.81,17.37,19.48,20.69,21.01,-2.89,0.0,0.737,0.657,0.332,0.45,1.0,0.004,0.267,0.271,0.619,0.599
2020-01-12 21:15:00,18.61,19.7,19.78,19.91,19.73,19.69,17.73,19.46,20.64,21.01,-2.98,0.0,0.677,0.65,0.0,0.441,0.081,0.095,1.0,0.308,0.657,0.596
2020-01-12 21:30:00,18.6,19.68,19.71,19.88,19.64,19.62,18.33,19.47,20.63,21.02,-3.07,0.0,0.693,0.651,0.11,0.446,0.133,0.155,1.0,0.32,0.681,0.595
2020-01-12 21:45:00,18.65,19.68,19.74,19.88,19.64,19.62,18.75,19.48,20.64,21.02,-3.16,0.0,0.698,0.659,0.143,0.461,0.179,0.189,0.837,0.315,0.687,0.592
2020-01-12 22:00:00,18.64,19.66,19.66,19.88,19.63,19.6,18.92,19.49,20.66,21.02,-3.19,0.0,0.673,0.659,0.131,0.458,0.178,0.192,0.627,0.308,0.68,0.59
2020-01-12 22:15:00,18.66,19.03,19.64,19.35,19.52,19.59,18.95,19.47,20.66,21.03,-3.22,0.0,0.682,0.171,0.169,0.058,0.184,0.202,0.54,0.253,0.668,0.588
2020-01-12 22:30:00,18.58,19.18,19.57,19.35,19.39,19.56,18.96,19.42,20.66,21.03,-3.25,0.0,0.671,0.485,0.181,0.324,0.239,0.204,0.525,0.267,0.67,0.587
2020-01-12 22:45:00,18.62,19.16,19.55,19.49,19.47,19.55,18.98,19.4,20.65,21.03,-3.28,0.0,0.708,0.409,0.214,0.327,0.305,0.219,0.518,0.288,0.668,0.585
2020-01-12 23:00:00,18.67,19.13,19.55,19.38,19.43,19.52,19.0,19.39,20.65,21.04,-3.35,0.0,0.689,0.42,0.223,0.255,0.266,0.227,0.511,0.3,0.673,0.583
2020-01-12 23:15:00,18.64,19.12,19.49,19.4,19.43,19.52,19.02,19.37,20.65,21.04,-3.42,0.0,0.664,0.436,0.227,0.308,0.284,0.238,0.501,0.305,0.674,0.582
2020-01-12 23:30:00,18.68,19.1,19.48,19.4,19.39,19.5,19.03,19.37,20.65,21.04,-3.49,0.0,0.678,0.44,0.257,0.298,0.286,0.241,0.491,0.315,0.677,0.58
2020-01-12 23:45:00,18.66,19.07,19.45,19.37,19.39,19.5,19.05,19.36,20.64,21.05,-3.56,0.0,0.662,0.448,0.259,0.301,0.307,0.25,0.483,0.315,0.675,0.578
2020-01-13 00:00:00,18.69,19.06,19.45,19.36,19.35,19.48,19.05,19.36,20.64,21.05,-3.59,0.0,0.672,0.464,0.273,0.317,0.303,0.252,0.477,0.318,0.679,0.577
2020-01-13 00:15:00,18.66,19.03,19.42,19.34,19.36,19.48,19.06,19.35,20.38,20.97,-3.62,0.0,0.657,0.468,0.276,0.321,0.324,0.259,0.474,0.321,0.0,0.0
2020-01-13 00:30:00,18.72,19.03,19.42,19.33,19.34,19.29,19.06,19.33,20.06,20.87,-3.65,0.0,0.668,0.485,0.29,0.331,0.318,0.261,0.47,0.326,0.0,0.0
2020-01-13 00:45:00,18.71,19.01,19.4,19.31,19.33,19.16,19.07,19.29,19.69,20.75,-3.68,0.0,0.642,0.483,0.29,0.335,0.33,0.353,0.468,0.334,0.0,0.0
2020-01-13 01:00:00,18.68,18.97,19.38,19.29,19.32,19.14,19.07,19.26,19.46,20.63,-3.75,0.0,0.646,0.495,0.298,0.344,0.333,0.418,0.465,0.354,0.153,0.0
2020-01-13 01:15:00,18.69,18.96,19.38,19.28,19.28,19.11,19.07,19.28,19.41,20.53,-3.82,0.0,0.662,0.513,0.308,0.356,0.341,0.428,0.464,0.37,0.272,0.0
2020-01-13 01:30:00,18.68,18.94,19.36,19.27,19.29,19.16,19.07,19.27,19.39,20.43,-3.89,0.0,0.654,0.519,0.312,0.362,0.358,0.443,0.464,0.358,0.295,0.0
2020-01-13 01:45:00,18.69,18.94,19.35,19.26,19.26,19.17,19.07,19.28,19.39,20.34,-3.96,0.0,0.661,0.528,0.322,0.366,0.355,0.419,0.464,0.364,0.307,0.0
2020-01-13 02:00:00,18.69,18.93,19.34,19.26,19.27,19.18,19.07,19.28,19.38,20.25,-3.9,0.0,0.654,0.531,0.323,0.369,0.368,0.415,0.464,0.359,0.305,0.0
2020-01-13 02:15:00,18.7,18.93,19.34,19.25,19.25,19.18,19.07,19.27,19.36,20.16,-3.85,0.0,0.657,0.535,0.331,0.372,0.366,0.408,0.463,0.362,0.311,0.0
2020-01-13 02:30:00,18.7,18.92,19.32,19.24,19.26,19.17,19.07,19.26,19.34,20.08,-3.8,0.0,0.649,0.536,0.332,0.375,0.375,0.411,0.463,0.365,0.32,0.0
2020-01-13 02:45:00,18.71,18.92,19.32,19.24,19.24,19.17,19.07,19.25,19.32,20.0,-3.74,0.0,0.652,0.541,0.339,0.378,0.372,0.413,0.463,0.37,0.33,0.0
2020-01-13 03:00:00,18.69,18.9,19.29,19.22,19.24,19.15,19.06,19.23,19.29,19.92,-3.7,0.0,0.645,0.54,0.34,0.38,0.381,0.416,0.463,0.374,0.339,0.002
2020-01-13 03:15:00,18.72,18.92,19.89,19.22,19.3,19.11,19.04,19.22,19.26,19.86,-3.66,0.0,0.653,0.551,1.0,0.391,0.379,0.427,0.472,0.387,0.356,0.042
2020-01-13 03:30:00,18.72,18.9,20.11,19.21,19.39,19.1,19.03,19.19,19.22,19.78,-3.62,0.0,0.64,0.542,1.0,0.392,0.35,0.444,0.478,0.392,0.37,0.071
2020-01-13 03:45:00,18.72,18.9,20.12,19.19,19.38,19.08,19.02,19.17,19.21,19.72,-3.58,0.0,0.642,0.548,1.0,0.397,0.306,0.451,0.486,0.407,0.388,0.112
2020-01-13 04:00:00,18.73,18.9,20.17,19.21,19.38,19.1,19.04,19.2,19.23,19.68,-3.58,0.0,0.641,0.551,1.0,0.404,0.309,0.458,0.49,0.416,0.396,0.139
2020-01-13 04:15:00,18.73,18.9,20.2,19.21,19.35,19.34,19.31,19.22,19.26,19.64,-3.58,0.0,0.637,0.548,1.0,0.395,0.0,1.0,1.0,0.402,0.383,0.162
2020-01-13 04:30:00,18.76,18.92,20.26,19.22,19.37,19.6,19.62,19.29,19.31,19.61,-3.58,0.0,0.635,0.549,1.0,0.395,0.0,1.0,1.0,0.39,0.372,0.182
2020-01-13 04:45:00,18.74,18.92,20.29,19.21,19.37,19.81,19.95,19.34,19.33,19.57,-3.58,0.0,0.622,0.541,1.0,0.391,0.0,1.0,1.0,0.354,0.345,0.197
2020-01-13 05:00:00,18.73,18.89,20.3,19.22,19.36,19.87,20.12,19.37,19.36,19.54,-3.56,0.0,0.629,0.539,1.0,0.397,0.0,1.0,0.974,0.332,0.334,0.215
2020-01-13 05:15:00,18.76,19.32,20.36,18.69,19.35,19.92,20.22,19.24,19.35,19.52,-3.55,0.0,0.633,1.0,1.0,0.0,0.0,1.0,0.889,0.0,0.318,0.228
2020-01-13 05:30:00,18.71,19.51,20.36,18.39,19.31,19.95,20.29,18.99,19.31,19.5,-3.53,0.0,0.618,1.0,1.0,0.0,0.0,1.0,0.842,0.0,0.325,0.238
2020-01-13 05:45:00,18.72,19.53,20.37,18.34,19.24,19.87,20.32,18.87,19.3,19.48,-3.51,0.0,0.643,1.0,1.0,0.0,0.0,1.0,0.806,0.0,0.347,0.251
2020-01-13 06:00:00,18.7,19.55,20.36,18.25,19.25,19.87,20.34,18.69,19.26,19.46,-3.52,0.0,0.638,1.0,1.0,0.0,0.0,1.0,0.79,0.0,0.349,0.261
2020-01-13 06:15:00,18.71,19.58,20.4,18.2,19.2,19.79,20.36,18.6,19.07,19.44,-3.53,0.0,0.652,1.0,1.0,0.0,0.0,1.0,0.779,0.0,0.0,0.27
2020-01-13 06:30:00,18.68,19.59,20.4,18.13,19.22,19.73,20.38,18.46,18.81,19.43,-3.54,0.0,0.645,1.0,1.0,0.0,0.0,1.0,0.77,0.0,0.0,0.278
2020-01-13 06:45:00,18.7,19.63,20.43,18.08,19.17,19.59,20.38,18.35,18.6,19.42,-3.55,0.0,0.659,1.0,1.0,0.0,0.0,1.0,0.761,0.0,0.0,0.286
2020-01-13 07:00:00,18.68,19.67,20.42,17.99,19.19,19.51,20.42,18.22,18.39,19.4,-3.53,0.0,0.649,1.0,1.0,0.0,0.0,1.0,0.758,0.026,0.0,0.292
2020-01-13 07:15:00,18.71,19.72,20.46,17.95,19.14,19.41,20.45,18.17,18.25,19.39,-3.51,0.0,0.658,1.0,1.0,0.0,0.0,1.0,0.741,0.092,0.0,0.298
2020-01-13 07:30:00,18.7,19.75,20.44,17.87,19.17,19.39,20.48,18.11,18.11,19.38,-3.5,0.0,0.645,1.0,1.0,0.0,0.0,1.0,0.725,0.113,0.0,0.304
2020-01-13 07:45:00,18.73,19.81,20.49,17.84,19.12,19.33,20.5,18.12,18.02,19.37,-3.48,0.0,0.649,1.0,1.0,0.0,0.0,1.0,0.71,0.144,0.0,0.309
2020-01-13 08:00:00,18.71,19.84,20.47,17.75,19.16,19.33,20.52,18.09,17.92,19.36,-3.4,0.0,0.635,1.0,1.0,0.0,0.0,1.0,0.698,0.139,0.0,0.314
2020-01-13 08:15:00,18.57,19.91,20.55,17.77,19.1,19.28,20.55,18.12,17.87,19.45,-3.31,9.6,0.493,1.0,1.0,0.024,0.0,1.0,0.688,0.157,0.0,1.0
2020-01-13 08:30:00,18.63,19.93,20.58,17.7,19.14,19.31,20.66,18.22,17.8,19.61,-3.22,101.2,0.563,1.0,1.0,0.016,0.0,1.0,0.675,0.138,0.016,1.0
2020-01-13 08:45:00,18.67,20.1,20.9,17.74,19.21,19.36,20.85,18.39,17.81,19.73,-3.13,192.7,0.537,1.0,1.0,0.051,0.0,1.0,0.619,0.091,0.052,1.0
2020-01-13 09:00:00,18.74,20.49,21.21,17.79,19.37,19.45,21.13,18.62,17.84,19.86,-2.68,284.3,0.517,1.0,0.951,0.029,0.0,1.0,0.526,0.004,0.047,1.0
2020-01-13 09:15:00,18.81,20.8,21.48,17.84,19.52,19.56,21.45,18.9,17.89,19.97,-2.23,375.9,0.48,0.905,0.797,0.005,0.0,1.0,0.387,0.0,0.029,0.97
2020-01-13 09:30:00,18.86,20.99,21.66,17.9,19.64,19.68,21.73,19.2,17.93,20.06,-1.78,397.7,0.447,0.751,0.66,0.0,0.0,1.0,0.225,0.0,0.006,0.915
2020-01-13 09:45:00,18.91,21.21,21.84,17.95,19.74,19.8,21.98,19.52,17.98,20.13,-1.33,419.6,0.42,0.653,0.569,0.0,0.0,1.0,0.086,0.0,0.0,0.87
2020-01-13 10:00:00,18.95,21.43,22.04,18.0,19.85,19.92,22.24,19.9,18.03,20.19,-0.95,441.4,0.397,0.547,0.478,0.0,0.0,1.0,0.0,0.0,0.0,0.834
2020-01-13 10:15:00,19.01,21.51,22.25,18.06,19.95,20.03,22.41,20.34,18.09,20.24,-0.58,463.3,0.373,0.437,0.38,0.0,0.0,1.0,0.0,0.0,0.0,0.804
2020-01-13 10:30:00,19.04,21.57,22.43,18.11,20.03,20.16,22.51,20.72,18.16,20.29,-0.21,476.2,0.347,0.396,0.275,0.0,0.0,1.0,0.0,0.0,0.0,0.778
2020-01-13 10:45:00,19.08,21.62,22.61,18.16,20.11,20.3,22.57,21.09,18.23,20.33,0.16,489.1,0.328,0.363,0.187,0.0,0.0,1.0,0.0,0.0,0.0,0.755
2020-01-13 11:00:00,19.12,21.66,22.79,18.21,20.18,20.46,22.6,21.48,18.32,20.37,0.45,501.9,0.308,0.338,0.097,0.0,0.0,1.0,0.0,0.0,0.0,0.735
2020-01-13 11:15:00,19.16,21.67,22.98,18.26,20.26,20.64,22.59,21.85,18.42,20.4,0.74,514.8,0.289,0.322,0.003,0.0,0.0,1.0,0.0,0.0,0.0,0.717
2020-01-13 11:30:00,19.2,21.67,23.18,18.31,20.33,20.81,22.52,22.21,18.52,20.43,1.03,518.6,0.269,0.313,0.0,0.0,0.0,0.93,0.0,0.0,0.0,0.701
2020-01-13 11:45:00,19.24,21.66,23.39,18.37,20.41,20.98,22.4,22.56,18.62,20.45,1.32,522.4,0.251,0.316,0.0,0.0,0.0,0.843,0.0,0.0,0.0,0.687
2020-01-13 12:00:00,19.26,21.6,23.59,18.42,20.47,21.12,22.21,22.89,18.71,20.48,1.56,526.2,0.232,0.322,0.0,0.0,0.0,0.761,0.0,0.0,0.0,0.674
2020-01-13 12:15:00,19.29,21.55,23.77,18.46,20.54,21.26,21.97,23.21,18.8,20.5,1.79,530.0,0.22,0.349,0.0,0.0,0.0,0.688,0.0,0.0,0.0,0.662
2020-01-13 12:30:00,19.31,21.48,23.9,18.51,20.59,21.37,21.68,23.47,18.89,20.52,2.03,515.5,0.206,0.376,0.0,0.0,0.0,0.622,0.0,0.0,0.0,0.652
2020-01-13 12:45:00,19.32,21.43,24.01,18.55,20.63,21.46,21.44,23.69,18.95,20.53,2.26,500.9,0.195,0.411,0.0,0.0,0.0,0.565,0.108,0.0,0.0,0.642
2020-01-13 13:00:00,19.33,21.38,24.09,18.57,20.66,21.53,21.27,23.86,19.0,20.55,2.35,486.4,0.188,0.434,0.0,0.0,0.0,0.519,0.231,0.0,0.0,0.634
2020-01-13 13:15:00,19.42,21.39,24.26,18.69,20.54,21.47,21.21,24.08,19.1,20.56,2.43,471.8,0.186,0.46,0.0,0.0,0.0,0.484,0.314,0.0,0.0,0.626
2020-01-13 13:30:00,19.26,21.31,24.18,18.64,20.72,21.66,21.22,24.08,19.1,20.57,2.52,458.4,0.141,0.456,0.0,0.0,0.0,0.513,0.346,0.0,0.0,0.619
2020-01-13 13:45:00,19.35,21.32,24.22,18.7,20.75,21.7,21.23,24.19,19.19,20.59,2.6,445.1,0.221,0.494,0.0,0.0,0.0,0.422,0.341,0.0,0.0,0.613
2020-01-13 14:00:00,19.23,21.26,24.17,18.72,20.9,21.72,21.24,24.26,19.29,20.6,2.62,431.7,0.175,0.492,0.0,0.0,0.0,0.4,0.334,0.0,0.0,0.607
2020-01-13 14:15:00,19.5,21.34,24.4,18.99,20.64,21.74,21.23,24.32,19.39,20.61,2.64,418.4,0.236,0.521,0.0,0.0,0.0,0.39,0.332,0.0,0.0,0.601
2020-01-13 14:30:00,19.23,21.26,24.28,19.01,20.83,21.8,21.21,24.34,19.49,20.61,2.66,394.2,0.102,0.481,0.0,0.0,0.0,0.381,0.337,0.0,0.0,0.596
2020-01-13 14:45:00,19.35,21.26,24.12,19.1,20.82,21.82,21.18,24.33,19.6,20.62,2.68,370.1,0.237,0.521,0.0,0.0,0.0,0.351,0.345,0.0,0.0,0.593
2020-01-13 15:00:00,19.26,21.22,23.76,19.16,20.8,21.81,21.15,24.28,19.68,20.63,2.54,346.0,0.175,0.522,0.0,0.0,0.0,0.339,0.358,0.0,0.0,0.588
2020-01-13 15:15:00,19.32,21.19,23.43,19.16,20.6,21.8,21.11,24.19,19.77,20.64,2.4,321.8,0.219,0.54,0.0,0.0,0.0,0.343,0.374,0.0,0.0,0.585
2020-01-13 15:30:00,19.14,21.13,22.94,18.94,20.47,21.73,21.09,24.01,19.77,20.64,2.26,244.0,0.192,0.554,0.0,0.0,0.0,0.352,0.395,0.0,0.0,0.58
2020-01-13 15:45:00,19.1,21.05,22.58,18.69,20.28,21.6,21.06,23.7,19.66,20.65,2.12,166.3,0.282,0.585,0.0,0.0,0.0,0.385,0.407,0.0,0.0,0.578
2020-01-13 16:00:00,19.04,21.0,22.38,18.55,20.16,21.4,21.02,23.27,19.46,20.66,1.86,88.5,0.301,0.623,0.11,0.0,0.0,0.452,0.422,0.0,0.0,0.575
2020-01-13 16:15:00,18.99,20.95,22.23,18.45,20.1,21.17,20.99,22.75,19.23,20.66,1.61,10.7,0.331,0.65,0.208,0.0,0.0,0.551,0.439,0.0,0.0,0.572
2020-01-13 16:30:00,18.98,20.93,22.13,18.37,20.0,20.94,20.96,22.34,19.05,20.67,1.36,8.1,0.355,0.673,0.283,0.0,0.0,0.667,0.454,0.0,0.0,0.569
2020-01-13 16:45:00,18.93,20.88,21.99,18.29,19.93,20.8,20.94,21.96,18.9,20.67,1.11,0.0,0.358,0.687,0.336,0.0,0.0,0.779,0.468,0.0,0.0,0.567
2020-01-13 17:00:00,18.92,20.85,21.88,18.22,19.87,20.69,20.93,21.65,18.77,20.68,1.06,0.0,0.385,0.711,0.404,0.0,0.0,0.852,0.48,0.0,0.0,0.564
2020-01-13 17:15:00,18.9,20.84,21.81,18.16,19.83,20.61,20.92,21.37,18.66,20.68,1.01,0.0,0.392,0.723,0.458,0.0,0.0,0.904,0.486,0.0,0.0,0.562
2020-01-13 17:30:00,18.89,20.82,21.73,18.09,19.78,20.53,20.91,21.11,18.56,20.69,0.97,0.0,0.399,0.732,0.497,0.0,0.0,0.947,0.49,0.0,0.0,0.56
2020-01-13 17:45:00,18.86,20.77,21.65,18.01,19.77,20.53,20.9,20.84,18.43,20.69,0.92,0.0,0.406,0.742,0.534,0.0,0.0,0.987,0.494,0.0,0.0,0.557
2020-01-13 18:00:00,18.87,20.77,21.62,17.98,19.68,20.35,20.87,20.64,18.43,20.69,0.85,0.0,0.422,0.766,0.577,0.0,0.0,0.986,0.5,0.0,0.0,0.555
2020-01-13 18:15:00,18.8,20.72,21.5,17.87,19.7,20.37,20.84,20.36,18.24,20.7,0.79,0.0,0.413,0.765,0.592,0.0,0.0,1.0,0.514,0.0,0.0,0.554
2020-01-13 18:30:00,18.85,20.73,21.49,17.84,19.57,20.2,20.82,20.09,18.22,20.7,0.72,0.0,0.448,0.792,0.651,0.0,0.0,1.0,0.528,0.0,0.0,0.552
2020-01-13 18:45:00,18.76,20.66,21.36,17.72,19.62,20.2,20.81,19.85,18.05,20.7,0.66,0.0,0.424,0.787,0.655,0.0,0.0,1.0,0.538,0.0,0.0,0.55
2020-01-13 19:00:00,18.85,20.7,21.41,17.77,19.46,20.06,20.82,19.72,18.04,20.71,0.61,0.0,0.472,0.82,0.722,0.042,0.0,1.0,0.546,0.0,0.0,0.548
2020-01-13 19:15:00,18.76,20.67,20.78,17.66,19.44,20.03,20.83,19.56,17.94,20.71,0.56,0.0,0.426,0.798,0.0,0.016,0.0,1.0,0.539,0.0,0.0,0.546
2020-01-13 19:30:00,18.77,20.63,20.57,17.64,19.27,19.98,20.85,19.39,17.86,20.71,0.51,0.0,0.468,0.816,0.0,0.068,0.0,1.0,0.533,0.0,0.0,0.545
2020-01-13 19:45:00,18.73,20.6,20.42,17.57,19.3,19.93,20.86,19.28,17.82,20.72,0.45,0.0,0.466,0.836,0.0,0.08,0.0,1.0,0.527,0.0,0.02,0.543
2020-01-13 20:00:00,18.78,20.63,20.36,17.63,19.19,19.89,20.87,19.16,17.77,20.72,0.39,0.0,0.487,0.85,0.0,0.113,0.0,1.0,0.519,0.0,0.038,0.542
2020-01-13 20:15:00,18.71,20.57,20.22,17.52,19.27,19.64,20.63,19.06,17.75,20.72,0.33,0.0,0.462,0.835,0.0,0.087,0.407,0.053,0.0,0.0,0.064,0.54
2020-01-13 20:30:00,18.78,20.64,20.18,17.58,19.2,19.4,20.3,18.84,17.58,20.73,0.27,0.0,0.497,0.863,0.0,0.14,0.365,0.179,0.0,0.0,0.075,0.538
2020-01-13 20:45:00,18.75,20.63,20.1,17.57,19.19,19.16,19.91,18.65,17.45,20.73,0.2,0.0,0.459,0.831,0.0,0.11,0.401,0.298,0.0,0.0,0.162,0.537
2020-01-13 21:00:00,18.74,20.59,19.99,17.56,19.17,19.04,19.57,18.51,17.47,20.73,0.16,0.0,0.477,0.834,0.0,0.117,0.405,0.42,0.047,0.0,0.225,0.535
2020-01-13 21:15:00,18.75,19.72,19.89,18.15,19.11,19.07,19.47,18.64,17.48,20.73,0.11,0.0,0.48,0.0,0.005,1.0,0.414,0.481,0.217,0.745,0.215,0.534
2020-01-13 21:30:00,18.74,19.58,19.83,18.66,19.14,19.11,19.4,19.04,17.55,20.74,0.06,0.0,0.477,0.138,0.053,0.927,0.443,0.466,0.265,0.68,0.212,0.533
2020-01-13 21:45:00,18.76,19.67,19.83,18.5,19.18,19.13,19.41,19.37,17.62,20.74,0.01,0.0,0.482,0.212,0.086,0.672,0.431,0.443,0.298,0.48,0.176,0.531
2020-01-13 22:00:00,18.73,19.53,19.73,18.61,19.16,19.16,19.41,19.34,17.58,20.74,-0.06,0.0,0.47,0.164,0.085,0.751,0.41,0.434,0.293,0.317,0.141,0.529
2020-01-13 22:15:00,18.75,19.54,19.69,18.64,19.14,19.15,19.39,19.3,17.85,20.75,-0.13,0.0,0.486,0.237,0.136,0.695,0.422,0.419,0.295,0.328,1.0,0.528
2020-01-13 22:30:00,18.73,19.46,19.66,18.69,19.13,19.26,19.37,19.28,18.32,20.75,-0.19,0.0,0.477,0.231,0.154,0.68,0.432,0.426,0.303,0.349,1.0,0.527
2020-01-13 22:45:00,18.72,19.41,19.62,18.73,19.13,19.39,19.34,19.29,18.68,20.75,-0.26,0.0,0.484,0.269,0.171,0.655,0.433,0.37,0.317,0.359,0.838,0.525
2020-01-13 23:00:00,18.71,19.39,19.6,18.77,19.13,19.41,19.36,19.34,18.87,20.75,-0.31,0.0,0.489,0.293,0.192,0.634,0.437,0.303,0.33,0.357,0.66,0.524
2020-01-13 23:15:00,18.72,19.35,19.59,18.83,19.12,19.44,19.37,19.33,18.92,20.76,-0.36,0.0,0.494,0.305,0.199,0.616,0.436,0.297,0.322,0.332,0.564,0.523
2020-01-13 23:30:00,18.72,19.32,19.57,18.88,19.13,19.39,19.38,19.34,18.97,20.76,-0.42,0.0,0.488,0.325,0.206,0.585,0.438,0.282,0.314,0.335,0.542,0.521
2020-01-13 23:45:00,18.74,19.29,19.55,18.93,19.13,19.4,19.38,19.32,18.99,20.76,-0.47,0.0,0.489,0.34,0.216,0.561,0.433,0.306,0.311,0.328,0.516,0.52
2020-01-14 00:00:00,18.71,19.24,19.54,18.97,19.14,19.35,19.35,19.33,19.01,20.76,-0.55,0.0,0.478,0.356,0.227,0.534,0.435,0.3,0.311,0.34,0.506,0.519
2020-01-14 00:15:00,18.9,19.23,19.52,18.99,19.13,19.35,19.34,19.32,19.03,20.69,-0.64,0.0,0.646,0.378,0.23,0.515,0.429,0.324,0.323,0.333,0.493,0.0
2020-01-14 00:30:00,18.83,19.21,19.5,19.0,19.19,19.33,19.33,19.31,19.05,20.58,-0.72,0.0,0.55,0.383,0.24,0.506,0.437,0.326,0.332,0.341,0.487,0.0
2020-01-14 00:45:00,18.87,19.18,19.52,19.05,19.14,19.33,19.3,19.31,19.07,20.48,-0.81,0.0,0.587,0.396,0.249,0.499,0.406,0.334,0.337,0.343,0.477,0.0
2020-01-14 01:00:00,18.84,19.17,19.47,19.04,19.18,19.32,19.3,19.31,19.09,20.38,-0.9,0.0,0.565,0.409,0.241,0.477,0.432,0.337,0.35,0.345,0.463,0.0
2020-01-14 01:15:00,18.87,19.15,19.5,19.07,19.14,19.31,19.3,19.31,19.1,20.28,-0.99,0.0,0.581,0.417,0.267,0.481,0.408,0.338,0.351,0.346,0.456,0.0
2020-01-14 01:30:00,18.84,19.13,19.44,19.07,19.19,19.31,19.3,19.3,19.11,20.2,-1.08,0.0,0.565,0.424,0.25,0.465,0.43,0.343,0.35,0.347,0.45,0.0
2020-01-14 01:45:00,18.87,19.12,19.48,19.09,19.14,19.3,19.29,19.3,19.12,20.11,-1.17,0.0,0.58,0.435,0.278,0.465,0.407,0.347,0.352,0.348,0.445,0.0
2020-01-14 02:00:00,18.84,19.11,19.43,19.09,19.18,19.3,19.29,19.3,19.13,20.03,-1.25,0.0,0.566,0.439,0.261,0.453,0.429,0.351,0.354,0.35,0.441,0.0
2020-01-14 02:15:00,18.87,19.11,19.46,19.11,19.15,19.3,19.29,19.3,19.14,19.95,-1.33,0.0,0.578,0.446,0.284,0.454,0.408,0.352,0.354,0.349,0.436,0.0
2020-01-14 02:30:00,18.85,19.09,19.42,19.11,19.18,19.29,19.29,19.3,19.15,19.87,-1.42,0.0,0.563,0.446,0.268,0.444,0.427,0.352,0.353,0.349,0.431,0.026
2020-01-14 02:45:00,18.88,19.09,19.45,19.12,19.15,19.29,19.29,19.3,19.15,19.81,-1.5,0.0,0.574,0.455,0.29,0.445,0.408,0.353,0.353,0.349,0.427,0.063
2020-01-14 03:00:00,18.86,19.08,19.41,19.12,19.18,19.28,19.29,19.29,19.15,19.75,-1.57,0.0,0.56,0.454,0.275,0.438,0.426,0.355,0.354,0.351,0.424,0.096
2020-01-14 03:15:00,18.88,19.08,19.44,19.13,19.15,19.28,19.28,19.29,19.16,19.7,-1.63,0.0,0.572,0.462,0.296,0.439,0.408,0.358,0.357,0.353,0.423,0.124
2020-01-14 03:30:00,18.86,19.06,19.4,19.13,19.18,19.27,19.28,19.28,19.16,19.66,-1.7,0.0,0.558,0.461,0.282,0.433,0.426,0.362,0.36,0.356,0.422,0.148
2020-01-14 03:45:00,18.89,19.06,19.42,19.14,19.15,19.28,19.27,19.27,19.16,19.63,-1.76,0.0,0.57,0.469,0.301,0.434,0.409,0.364,0.362,0.358,0.421,0.168
2020-01-14 04:00:00,18.86,19.05,19.38,19.14,19.18,19.27,19.27,19.27,19.17,19.6,-1.78,0.0,0.556,0.468,0.292,0.43,0.426,0.362,0.364,0.364,0.42,0.185
2020-01-14 04:15:00,18.89,19.06,19.4,19.15,19.15,19.27,19.06,19.05,19.17,19.57,-1.8,0.0,0.568,0.474,0.308,0.43,0.411,0.365,0.0,0.0,0.417,0.2
2020-01-14 04:30:00,18.9,19.06,19.38,19.15,19.17,19.2,18.78,18.83,19.17,19.55,-1.82,0.0,0.556,0.472,0.298,0.426,0.425,0.367,0.0,0.0,0.416,0.214
2020-01-14 04:45:00,18.9,19.06,19.39,19.16,19.17,19.13,18.44,18.6,19.16,19.53,-1.84,0.0,0.551,0.469,0.309,0.423,0.415,0.398,0.0,0.0,0.416,0.224
2020-01-14 05:00:00,18.87,19.03,19.37,19.15,19.17,19.11,18.15,18.41,19.16,19.51,-1.89,0.0,0.551,0.472,0.307,0.421,0.415,0.433,0.0,0.0,0.419,0.235
2020-01-14 05:15:00,18.91,19.59,19.38,19.16,19.24,19.04,17.97,18.32,18.96,19.49,-1.93,0.0,0.565,1.0,0.315,0.424,0.615,0.445,0.0,0.0,0.0,0.247
2020-01-14 05:30:00,18.92,19.87,19.4,19.18,19.34,18.97,17.76,18.19,18.64,19.48,-1.98,0.0,0.545,1.0,0.312,0.418,0.582,0.479,0.0,0.0,0.0,0.254
2020-01-14 05:45:00,18.91,19.89,19.38,19.18,19.37,18.95,17.55,18.03,18.3,19.46,-2.02,0.0,0.538,1.0,0.299,0.411,0.531,0.513,0.0,0.0,0.0,0.262
2020-01-14 06:00:00,18.91,19.95,19.38,19.18,19.36,18.8,17.38,18.0,18.13,19.45,-2.05,0.0,0.547,1.0,0.309,0.411,0.517,0.527,0.0,0.034,0.0,0.27
2020-01-14 06:15:00,18.95,20.06,20.02,19.19,19.47,18.77,17.25,17.89,17.97,19.44,-2.07,0.0,0.543,1.0,1.0,0.411,0.52,0.598,0.0,0.052,0.0,0.277
2020-01-14 06:30:00,18.96,20.13,20.28,19.22,19.55,18.76,17.06,17.83,17.78,19.42,-2.1,0.0,0.525,1.0,1.0,0.404,0.467,0.613,0.0,0.106,0.0,0.281
2020-01-14 06:45:00,18.95,20.18,20.32,19.21,19.59,18.71,16.91,17.86,17.72,19.42,-2.12,0.0,0.522,1.0,1.0,0.392,0.424,0.62,0.0,0.136,0.06,0.288
2020-01-14 07:00:00,18.97,20.24,20.39,19.22,19.6,18.75,16.79,17.82,17.66,19.41,-2.15,0.0,0.523,1.0,1.0,0.396,0.404,0.643,0.045,0.119,0.09,0.292
2020-01-14 07:15:00,18.22,20.31,20.45,18.73,19.49,18.73,16.75,17.84,17.66,19.36,-2.18,0.0,0.0,1.0,1.0,0.0,0.4,0.626,0.103,0.138,0.122,0.0
2020-01-14 07:30:00,17.99,20.26,20.4,18.38,19.34,18.74,16.71,17.82,17.63,19.27,-2.21,0.0,0.0,1.0,0.975,0.0,0.453,0.637,0.127,0.132,0.118,0.0
2020-01-14 07:45:00,17.89,20.26,20.42,18.33,19.27,18.73,16.71,17.82,17.63,19.19,-2.25,0.0,0.0,1.0,0.998,0.0,0.53,0.628,0.144,0.14,0.133,0.0
2020-01-14 08:00:00,17.8,20.27,20.43,18.26,19.26,18.74,16.71,17.8,17.6,19.12,-2.18,0.0,0.007,1.0,0.99,0.0,0.564,0.635,0.145,0.14,0.137,0.0
2020-01-14 08:15:00,17.83,20.3,20.48,18.22,19.23,18.79,16.71,17.81,17.61,19.05,-2.12,8.4,0.048,1.0,0.984,0.0,0.569,0.88,0.145,0.149,0.148,0.0
2020-01-14 08:30:00,17.76,20.32,20.52,18.18,19.27,18.88,16.75,17.91,17.64,18.98,-2.05,58.9,0.033,1.0,0.962,0.0,0.586,0.853,0.145,0.143,0.145,0.0
2020-01-14 08:45:00,17.83,20.41,20.72,18.19,19.23,18.96,16.83,18.02,17.68,18.91,-1.98,109.4,0.069,1.0,0.941,0.0,0.566,0.812,0.124,0.095,0.13,0.0
2020-01-14 09:00:00,17.73,20.59,20.8,18.14,19.36,19.04,16.97,18.17,17.72,18.84,-1.64,159.9,0.036,1.0,0.84,0.0,0.584,0.769,0.084,0.04,0.112,0.0
2020-01-14 09:15:00,17.88,20.83,21.04,18.19,19.33,19.12,17.12,18.32,17.75,18.78,-1.3,210.3,0.084,1.0,0.799,0.0,0.518,0.732,0.015,0.0,0.091,0.028
2020-01-14 09:30:00,17.7,21.0,21.09,18.14,19.56,19.18,17.3,18.49,17.78,18.73,-0.96,251.1,0.009,1.0,0.679,0.0,0.533,0.69,0.0,0.0,0.075,0.059
2020-01-14 09:45:00,17.93,21.27,21.35,18.2,19.6,19.28,17.51,18.69,17.81,18.69,-0.62,291.9,0.101,0.95,0.657,0.0,0.42,0.659,0.0,0.0,0.058,0.085
2020-01-14 10:00:00,17.88,21.5,21.58,18.28,19.72,19.36,17.85,18.96,17.86,18.65,-0.23,332.6,0.0,0.817,0.524,0.0,0.401,0.612,0.0,0.0,0.043,0.103
2020-01-14 10:15:00,17.92,21.61,21.76,18.31,19.8,19.44,18.18,19.29,17.89,18.62,0.16,373.4,0.012,0.698,0.408,0.0,0.339,0.569,0.0,0.0,0.022,0.124
2020-01-14 10:30:00,18.02,21.66,21.91,18.4,19.72,19.49,18.4,19.6,17.92,18.59,0.56,348.4,0.0,0.646,0.318,0.0,0.298,0.528,0.0,0.0,0.004,0.14
2020-01-14 10:45:00,17.82,21.5,21.68,18.25,20.0,19.54,18.45,19.8,17.93,18.56,0.95,323.3,0.0,0.621,0.245,0.0,0.341,0.504,0.0,0.0,0.0,0.157
2020-01-14 11:00:00,18.0,21.61,21.89,18.34,19.85,19.58,18.44,19.89,17.95,18.54,1.14,298.3,0.038,0.699,0.36,0.0,0.198,0.481,0.0,0.0,0.0,0.169
2020-01-14 11:15:00,17.98,21.59,21.88,18.36,19.87,19.61,18.39,19.99,17.98,18.53,1.33,273.2,0.0,0.644,0.255,0.0,0.275,0.462,0.0,0.0,0.0,0.178
2020-01-14 11:30:00,18.07,21.63,22.02,18.43,19.72,19.63,18.33,20.1,17.99,18.51,1.53,268.8,0.0,0.653,0.259,0.0,0.265,0.445,0.0,0.0,0.0,0.187
2020-01-14 11:45:00,17.95,21.54,21.87,18.35,19.88,19.67,18.25,20.14,18.01,18.49,1.72,264.3,0.0,0.636,0.189,0.0,0.338,0.435,0.0,0.0,0.0,0.197
2020-01-14 12:00:00,17.92,21.54,21.93,18.33,19.87,19.69,18.16,20.21,18.04,18.48,1.84,259.8,0.0,0.678,0.263,0.0,0.259,0.415,0.0,0.0,0.0,0.204
2020-01-14 12:15:00,17.81,21.46,21.86,18.25,20.02,19.71,18.06,20.28,18.06,18.46,1.96,255.4,0.0,0.678,0.234,0.0,0.264,0.403,0.0,0.0,0.0,0.211
2020-01-14 12:30:00,18.01,21.55,22.04,18.34,19.88,19.74,17.97,20.34,18.06,18.45,2.08,259.7,0.047,0.718,0.268,0.0,0.19,0.396,0.0,0.0,0.0,0.219
2020-01-14 12:45:00,17.97,21.53,22.11,18.36,19.91,19.76,17.85,20.46,18.07,18.44,2.19,264.1,0.0,0.673,0.179,0.0,0.261,0.382,0.0,0.0,0.0,0.224
2020-01-14 13:00:00,17.94,21.5,22.13,18.35,19.9,19.78,17.73,20.56,18.07,18.43,2.27,268.5,0.0,0.684,0.144,0.0,0.247,0.372,0.0,0.0,0.0,0.229
2020-01-14 13:15:00,18.03,21.52,22.27,18.42,19.76,19.77,17.6,20.68,18.08,18.42,2.34,272.8,0.0,0.7,0.134,0.0,0.249,0.362,0.0,0.0,0.0,0.234
2020-01-14 13:30:00,17.9,21.45,22.12,18.34,19.91,19.81,17.51,20.73,18.08,18.41,2.41,267.3,0.0,0.688,0.067,0.0,0.321,0.365,0.0,0.0,0.0,0.239
2020-01-14 13:45:00,17.87,21.45,22.16,18.34,19.89,19.82,17.4,20.8,18.1,18.41,2.49,261.7,0.0,0.723,0.139,0.0,0.247,0.345,0.0,0.0,0.0,0.243
2020-01-14 14:00:00,17.87,21.44,22.16,18.36,19.89,19.83,17.3,20.85,18.13,18.4,2.45,256.1,0.016,0.724,0.122,0.0,0.254,0.34,0.0,0.0,0.0,0.247
2020-01-14 14:15:00,17.85,21.43,22.16,18.39,19.89,19.83,17.19,20.88,18.15,18.39,2.42,250.5,0.013,0.73,0.121,0.0,0.253,0.337,0.0,0.0,0.0,0.251
2020-01-14 14:30:00,17.85,21.42,22.18,18.44,19.9,19.84,17.09,20.93,18.18,18.39,2.39,240.6,0.023,0.735,0.122,0.0,0.253,0.336,0.0,0.0,0.0,0.254
2020-01-14 14:45:00,17.85,21.41,22.11,18.49,19.9,19.84,16.98,20.96,18.22,18.38,2.36,230.6,0.025,0.741,0.111,0.0,0.25,0.332,0.0,0.0,0.0,0.257
2020-01-14 15:00:00,17.81,21.39,21.93,18.52,19.86,19.84,16.87,20.95,18.25,18.37,2.26,220.6,0.027,0.745,0.146,0.0,0.252,0.328,0.011,0.0,0.0,0.26
2020-01-14 15:15:00,17.78,21.35,21.76,18.47,19.8,19.83,16.8,20.93,18.29,18.37,2.15,210.6,0.043,0.757,0.236,0.0,0.271,0.33,0.064,0.0,0.0,0.263
2020-01-14 15:30:00,17.74,21.32,21.58,18.34,19.73,19.79,16.76,20.82,18.27,18.36,2.05,161.0,0.061,0.774,0.319,0.0,0.3,0.336,0.102,0.0,0.0,0.266
2020-01-14 15:45:00,17.7,21.27,21.51,18.2,19.66,19.7,16.74,20.64,18.17,18.36,1.95,111.3,0.078,0.792,0.409,0.0,0.337,0.356,0.121,0.0,0.0,0.268
2020-01-14 16:00:00,17.67,21.23,21.42,18.11,19.61,19.57,16.73,20.35,18.01,18.35,1.74,61.6,0.1,0.814,0.446,0.0,0.371,0.4,0.129,0.0,0.0,0.271
2020-01-14 16:15:00,17.64,21.2,21.35,18.03,19.56,19.43,16.71,20.02,17.85,18.35,1.54,11.9,0.113,0.833,0.488,0.0,0.397,0.465,0.136,0.0,0.0,0.273
2020-01-14 16:30:00,17.61,21.17,21.29,17.96,19.52,19.32,16.69,19.76,17.72,18.35,1.33,9.0,0.129,0.851,0.527,0.0,0.421,0.536,0.146,0.0,0.027,0.275
2020-01-14 16:45:00,17.59,21.14,21.23,17.89,19.48,19.25,16.68,19.52,17.63,18.34,1.12,0.0,0.144,0.867,0.555,0.0,0.442,0.592,0.154,0.0,0.092,0.277
2020-01-14 17:00:00,17.57,21.11,21.18,17.82,19.44,19.22,16.67,19.31,17.6,18.34,1.0,0.0,0.154,0.882,0.587,0.0,0.462,0.626,0.161,0.0,0.133,0.278
2020-01-14 17:15:00,17.56,21.09,21.13,17.77,19.41,19.21,16.66,19.11,17.61,18.34,0.88,0.0,0.163,0.894,0.611,0.0,0.479,0.642,0.165,0.0,0.148,0.28
2020-01-14 17:30:00,17.52,21.06,21.07,17.7,19.47,19.21,16.66,18.95,17.62,18.33,0.75,0.0,0.17,0.904,0.633,0.0,0.494,0.644,0.168,0.0,0.146,0.282
2020-01-14 17:45:00,17.59,21.09,21.11,17.68,19.37,19.19,16.65,18.79,17.62,18.33,0.63,0.0,0.189,0.918,0.663,0.0,0.464,0.647,0.171,0.0,0.14,0.283
2020-01-14 18:00:00,17.53,21.07,21.07,17.64,19.35,19.17,16.65,18.66,17.61,18.33,0.56,0.0,0.157,0.905,0.644,0.0,0.516,0.655,0.175,0.0,0.141,0.285
2020-01-14 18:15:00,17.64,21.06,21.1,17.66,19.2,19.16,16.65,18.52,17.59,18.32,0.48,0.0,0.186,0.917,0.666,0.0,0.527,0.667,0.176,0.0,0.146,0.286
2020-01-14 18:30:00,17.43,21.02,20.98,17.54,19.3,19.12,16.65,18.44,17.6,18.32,0.41,0.0,0.128,0.918,0.65,0.0,0.598,0.669,0.176,0.0,0.153,0.288
2020-01-14 18:45:00,17.44,20.91,20.86,17.38,19.42,19.11,16.64,18.32,17.58,18.32,0.34,0.0,0.235,0.941,0.709,0.0,0.549,0.692,0.177,0.0,0.151,0.288
2020-01-14 19:00:00,17.58,21.03,21.0,17.45,19.27,19.07,16.63,18.25,17.58,18.32,0.23,0.0,0.232,0.995,0.77,0.0,0.49,0.694,0.181,0.0,0.158,0.29
2020-01-14 19:15:00,17.48,21.01,20.97,17.43,19.27,19.05,16.61,18.15,17.56,18.32,0.12,0.0,0.161,0.937,0.702,0.0,0.563,0.714,0.187,0.0,0.162,0.291
2020-01-14 19:30:00,17.62,20.99,20.98,17.45,19.12,19.05,16.6,18.03,17.54,18.31,0.02,0.0,0.212,0.946,0.715,0.0,0.567,0.727,0.194,0.0,0.171,0.292
2020-01-14 19:45:00,17.38,20.94,20.87,17.33,19.21,19.0,16.6,17.99,17.55,18.31,-0.09,0.0,0.142,0.956,0.711,0.0,0.641,0.726,0.2,0.033,0.179,0.293
2020-01-14 20:00:00,17.37,20.82,20.75,17.17,19.34,18.98,16.59,17.95,17.53,18.31,-0.19,0.0,0.26,0.978,0.763,0.0,0.593,0.749,0.202,0.053,0.177,0.293
2020-01-14 20:15:00,17.53,20.92,20.89,17.24,19.18,19.01,16.97,18.19,17.52,18.31,-0.29,0.0,0.265,1.0,0.824,0.0,0.532,0.758,1.0,1.0,0.184,0.294
2020-01-14 20:30:00,17.42,20.93,20.87,17.22,19.13,19.12,17.59,18.67,17.55,18.31,-0.39,0.0,0.187,0.989,0.754,0.0,0.611,0.744,1.0,0.903,0.19,0.295
2020-01-14 20:45:00,17.41,20.87,20.8,17.15,19.13,19.2,18.18,18.99,17.59,18.31,-0.49,0.0,0.239,0.987,0.765,0.0,0.636,0.692,1.0,0.667,0.173,0.295
2020-01-14 21:00:00,17.42,20.86,20.8,17.11,19.12,19.22,18.57,19.1,17.6,18.31,-0.62,0.0,0.246,1.0,0.8,0.0,0.633,0.649,0.909,0.504,0.155,0.296
2020-01-14 21:15:00,17.36,19.91,20.76,17.05,18.95,19.28,18.74,19.12,17.85,18.31,-0.75,0.0,0.241,0.0,0.798,0.0,0.439,0.639,0.714,0.449,1.0,0.297
2020-01-14 21:30:00,17.28,19.57,20.66,16.91,18.77,19.42,18.83,19.14,18.34,18.3,-0.88,0.0,0.269,0.044,0.822,0.0,0.525,0.608,0.631,0.441,1.0,0.297
2020-01-14 21:45:00,17.32,19.67,20.65,16.89,18.76,19.57,18.87,19.2,18.72,18.3,-1.01,0.0,0.31,0.213,0.87,0.043,0.615,0.54,0.586,0.431,0.829,0.298
2020-01-14 22:00:00,17.3,19.55,20.64,16.9,18.78,19.58,18.89,19.24,18.9,18.3,-1.2,0.0,0.29,0.165,0.874,0.057,0.618,0.467,0.564,0.402,0.639,0.298
2020-01-14 22:15:00,17.28,19.52,19.96,16.85,18.63,19.61,18.91,19.2,18.91,18.3,-1.38,0.0,0.3,0.225,0.0,0.051,0.608,0.459,0.554,0.381,0.552,0.299
2020-01-14 22:30:00,17.21,19.43,19.73,16.77,18.51,19.55,18.93,19.2,18.93,18.3,-1.57,0.0,0.309,0.242,0.022,0.075,0.687,0.446,0.546,0.398,0.546,0.299
2020-01-14 22:45:00,17.23,19.4,19.76,16.78,18.48,19.54,18.96,19.17,18.93,18.3,-1.75,0.0,0.343,0.286,0.135,0.114,0.746,0.474,0.533,0.402,0.534,0.3
2020-01-14 23:00:00,17.22,19.35,19.66,16.77,18.5,19.52,18.98,19.19,18.96,18.3,-1.79,0.0,0.334,0.3,0.119,0.111,0.761,0.48,0.522,0.413,0.535,0.3
2020-01-14 23:15:00,17.92,19.34,19.67,17.45,18.66,19.54,18.99,19.19,18.98,18.36,-1.83,0.0,1.0,0.325,0.17,1.0,0.749,0.489,0.511,0.406,0.519,0.851
2020-01-14 23:30:00,18.37,19.36,19.72,18.12,18.96,19.55,19.01,19.21,19.02,18.5,-1.87,0.0,1.0,0.328,0.163,1.0,0.671,0.48,0.503,0.403,0.508,0.818
2020-01-14 23:45:00,18.28,19.33,19.71,18.21,19.06,19.54,19.03,19.22,19.04,18.63,-1.91,0.0,0.813,0.32,0.14,0.942,0.52,0.477,0.494,0.396,0.492,0.751
2020-01-15 00:00:00,18.33,19.27,19.63,18.27,18.99,19.54,19.03,19.21,19.05,18.71,-2.03,0.0,0.86,0.337,0.143,0.893,0.47,0.479,0.486,0.392,0.479,0.685
2020-01-15 00:15:00,18.31,19.22,19.58,18.31,19.02,19.44,19.04,19.2,19.06,18.77,-2.14,0.0,0.836,0.367,0.183,0.863,0.506,0.229,0.484,0.397,0.475,0.644
2020-01-15 00:30:00,18.36,19.19,19.57,18.38,18.99,19.33,19.04,19.16,19.04,18.82,-2.26,0.0,0.844,0.39,0.21,0.846,0.489,0.282,0.482,0.398,0.471,0.613
2020-01-15 00:45:00,18.36,19.16,19.51,18.43,19.03,19.26,19.04,19.14,19.02,18.87,-2.38,0.0,0.821,0.406,0.216,0.81,0.507,0.333,0.481,0.418,0.482,0.588
2020-01-15 01:00:00,18.42,19.15,19.52,18.52,19.0,19.24,19.04,19.14,19.02,18.9,-2.46,0.0,0.821,0.422,0.245,0.784,0.483,0.368,0.479,0.428,0.488,0.567
2020-01-15 01:15:00,18.42,19.11,19.46,18.56,19.07,19.23,19.04,19.14,19.03,18.93,-2.54,0.0,0.788,0.427,0.238,0.741,0.498,0.381,0.479,0.432,0.489,0.549
2020-01-15 01:30:00,18.49,19.1,19.49,18.64,19.02,19.22,19.04,19.14,19.04,18.96,-2.62,0.0,0.791,0.445,0.27,0.72,0.464,0.385,0.479,0.43,0.485,0.533
2020-01-15 01:45:00,18.47,19.07,19.41,18.67,19.1,19.21,19.04,19.14,19.04,18.99,-2.7,0.0,0.755,0.449,0.256,0.678,0.489,0.389,0.479,0.429,0.481,0.519
2020-01-15 02:00:00,18.55,19.06,19.45,18.76,19.04,19.2,19.04,19.13,19.04,19.01,-2.82,0.0,0.766,0.465,0.293,0.664,0.448,0.394,0.479,0.43,0.479,0.506
2020-01-15 02:15:00,18.51,19.03,19.37,18.78,19.13,19.18,19.04,19.12,19.04,19.03,-2.94,0.0,0.726,0.472,0.274,0.621,0.479,0.401,0.48,0.434,0.48,0.495
2020-01-15 02:30:00,18.58,19.02,19.42,18.83,19.06,19.17,19.04,19.12,19.04,19.05,-3.06,0.0,0.744,0.487,0.315,0.61,0.433,0.408,0.481,0.438,0.481,0.486
2020-01-15 02:45:00,18.52,18.99,19.34,18.82,19.14,19.16,19.03,19.11,19.03,19.06,-3.18,0.0,0.709,0.488,0.289,0.585,0.472,0.415,0.482,0.441,0.482,0.477
2020-01-15 03:00:00,18.59,19.0,19.38,18.85,19.05,19.14,19.03,19.09,19.01,19.08,-3.26,0.0,0.74,0.505,0.332,0.592,0.428,0.42,0.484,0.444,0.483,0.469
2020-01-15 03:15:00,18.52,18.95,19.29,18.83,19.03,19.12,19.01,19.08,18.75,19.09,-3.34,0.0,0.703,0.498,0.309,0.574,0.0,0.429,0.485,0.454,0.0,0.462
2020-01-15 03:30:00,18.58,18.97,19.3,18.86,18.97,19.0,19.0,19.06,18.46,19.1,-3.41,0.0,0.74,0.523,0.355,0.583,0.0,0.44,0.493,0.462,0.0,0.456
2020-01-15 03:45:00,18.57,18.94,19.27,18.87,18.97,18.88,18.99,19.03,18.12,19.11,-3.49,0.0,0.709,0.517,0.35,0.569,0.0,0.499,0.5,0.47,0.0,0.451
2020-01-15 04:00:00,18.53,18.91,19.25,18.87,18.95,18.84,18.99,19.01,17.83,19.12,-3.57,0.0,0.716,0.531,0.364,0.566,0.0,0.558,0.507,0.486,0.0,0.446
2020-01-15 04:15:00,18.55,18.91,19.03,18.88,18.92,18.88,18.99,19.03,17.73,19.13,-3.65,0.0,0.735,0.544,0.225,0.566,0.0,1.0,0.506,0.497,0.085,0.44
2020-01-15 04:30:00,18.53,18.89,19.11,18.88,18.85,19.02,18.99,19.04,17.69,19.13,-3.72,0.0,0.726,0.546,0.336,0.56,0.0,1.0,0.504,0.484,0.137,0.436
2020-01-15 04:45:00,18.52,18.88,19.05,18.89,18.86,19.1,18.99,19.07,17.74,19.14,-3.8,0.0,0.733,0.554,0.296,0.558,0.0,1.0,0.504,0.479,0.156,0.433
2020-01-15 05:00:00,18.54,18.88,19.06,18.9,18.82,19.2,18.99,19.06,17.73,19.15,-3.84,0.0,0.74,0.56,0.326,0.556,0.0,1.0,0.506,0.466,0.128,0.429
2020-01-15 05:15:00,18.56,18.89,19.04,19.34,18.87,19.21,19.19,19.08,17.73,19.1,-3.89,0.0,0.729,0.561,0.319,1.0,0.0,0.999,1.0,0.468,0.137,0.0
2020-01-15 05:30:00,18.59,18.88,19.06,19.49,18.94,19.24,19.51,19.07,17.71,19.0,-3.93,0.0,0.718,0.555,0.33,0.931,0.0,0.993,1.0,0.462,0.133,0.0
2020-01-15 05:45:00,18.55,18.86,19.04,19.44,18.94,19.26,19.77,19.06,17.66,18.89,-3.97,0.0,0.703,0.559,0.319,0.856,0.0,0.979,1.0,0.463,0.147,0.0
2020-01-15 06:00:00,18.56,18.86,19.03,19.5,18.89,19.24,19.97,19.07,17.66,18.8,-4.03,0.0,0.723,0.57,0.33,0.879,0.0,0.971,1.0,0.469,0.168,0.0
2020-01-15 06:15:00,18.59,19.3,19.02,19.53,18.95,19.25,20.1,19.06,17.64,18.73,-4.09,0.0,0.718,1.0,0.336,0.852,0.0,0.982,1.0,0.466,0.172,0.0
2020-01-15 06:30:00,18.57,19.44,19.02,19.57,18.99,19.27,20.24,19.05,17.63,18.64,-4.15,0.0,0.704,1.0,0.34,0.833,0.0,0.974,1.0,0.469,0.18,0.0
2020-01-15 06:45:00,18.58,19.46,19.0,19.59,19.0,19.26,20.35,19.06,17.63,18.56,-4.21,0.0,0.715,1.0,0.338,0.816,0.0,0.965,1.0,0.475,0.187,0.0
2020-01-15 07:00:00,18.58,19.49,18.99,19.62,19.0,19.28,20.44,19.05,17.61,18.48,-4.27,0.0,0.712,1.0,0.348,0.805,0.0,0.969,1.0,0.47,0.183,0.0
2020-01-15 07:15:00,18.57,19.51,18.97,19.63,19.01,19.26,20.52,19.04,17.6,18.41,-4.32,0.0,0.711,1.0,0.355,0.792,0.0,0.961,1.0,0.477,0.196,0.0
2020-01-15 07:30:00,18.57,19.53,18.96,19.66,19.01,19.27,20.59,19.03,17.58,18.34,-4.37,0.0,0.714,1.0,0.363,0.783,0.0,0.97,1.0,0.479,0.198,0.0
2020-01-15 07:45:00,18.56,19.55,18.95,19.66,19.02,19.24,20.65,19.04,17.58,18.27,-4.42,0.0,0.713,1.0,0.371,0.772,0.0,0.966,1.0,0.487,0.21,0.0
2020-01-15 08:00:00,18.6,19.61,18.98,19.71,19.01,19.28,20.74,19.05,17.59,18.21,-4.34,0.0,0.718,1.0,0.373,0.769,0.0,0.98,1.0,0.479,0.21,0.0
2020-01-15 08:15:00,18.04,19.7,18.99,19.74,18.98,19.34,20.83,19.28,17.64,18.16,-4.25,11.6,0.199,1.0,0.362,0.747,0.0,0.96,1.0,1.0,0.207,0.0
2020-01-15 08:30:00,18.25,19.76,19.06,19.76,18.97,19.43,20.99,19.74,17.69,18.09,-4.17,85.2,0.479,1.0,0.353,0.728,0.0,0.932,0.986,1.0,0.181,0.0
2020-01-15 08:45:00,18.27,19.91,19.39,19.83,19.06,19.55,21.23,20.18,17.75,18.02,-4.09,158.8,0.376,1.0,0.322,0.722,0.0,0.885,0.903,1.0,0.153,0.0
2020-01-15 09:00:00,18.29,20.23,19.49,19.88,19.15,19.68,21.49,20.56,17.8,17.96,-3.71,232.5,0.367,1.0,0.157,0.685,0.0,0.824,0.783,1.0,0.126,0.0
2020-01-15 09:15:00,18.35,20.46,19.73,19.94,19.26,19.8,21.79,20.93,17.85,17.89,-3.34,306.1,0.356,0.884,0.104,0.661,0.0,0.762,0.655,0.869,0.098,0.0
2020-01-15 09:30:00,18.37,20.65,19.85,19.98,19.34,19.9,22.07,21.19,17.88,17.83,-2.97,327.2,0.325,0.768,0.0,0.632,0.0,0.7,0.507,0.687,0.073,0.004
2020-01-15 09:45:00,18.41,20.83,20.11,20.02,19.36,19.9,22.33,21.45,17.93,17.77,-2.6,348.4,0.313,0.674,0.0,0.612,0.0,0.65,0.364,0.553,0.058,0.034
2020-01-15 10:00:00,18.37,20.99,20.32,20.01,19.52,20.07,22.61,21.54,17.86,17.72,-2.28,369.5,0.297,0.584,0.0,0.591,0.0,0.648,0.233,0.427,0.037,0.067
2020-01-15 10:15:00,18.5,21.13,20.6,20.12,19.62,20.09,22.73,21.76,17.94,17.69,-1.97,390.7,0.317,0.504,0.0,0.593,0.0,0.567,0.093,0.379,0.069,0.091
2020-01-15 10:30:00,18.49,21.21,20.9,20.17,19.73,20.16,22.77,21.94,17.98,17.65,-1.66,400.3,0.252,0.436,0.0,0.541,0.0,0.556,0.034,0.27,0.032,0.107
2020-01-15 10:45:00,18.54,21.23,21.13,20.2,19.75,20.16,22.72,22.13,18.03,17.62,-1.35,410.0,0.254,0.397,0.0,0.516,0.0,0.518,0.013,0.178,0.011,0.124
2020-01-15 11:00:00,18.49,21.22,21.25,20.2,19.87,20.33,22.65,22.14,17.96,17.59,-1.1,419.7,0.229,0.383,0.0,0.502,0.0,0.52,0.038,0.085,0.0,0.141
2020-01-15 11:15:00,18.61,21.27,21.54,20.27,19.85,20.22,22.58,22.41,18.07,17.57,-0.86,429.4,0.255,0.389,0.0,0.499,0.0,0.437,0.073,0.08,0.018,0.153
2020-01-15 11:30:00,18.51,21.2,21.69,20.27,20.02,20.46,22.49,22.42,18.01,17.56,-0.62,441.6,0.195,0.366,0.0,0.466,0.0,0.491,0.11,0.0,0.0,0.163
2020-01-15 11:45:00,18.67,21.24,21.95,20.33,20.05,20.45,22.41,22.69,18.12,17.54,-0.37,453.9,0.243,0.402,0.0,0.467,0.0,0.368,0.157,0.0,0.0,0.172
2020-01-15 12:00:00,18.65,21.21,22.21,20.37,20.14,20.54,22.31,22.89,18.18,17.53,-0.18,466.2,0.165,0.378,0.0,0.433,0.0,0.376,0.195,0.0,0.0,0.179
2020-01-15 12:15:00,18.69,21.17,22.43,20.39,20.2,20.63,22.21,23.1,18.23,17.51,0.01,478.4,0.177,0.395,0.0,0.415,0.0,0.328,0.247,0.0,0.0,0.186
2020-01-15 12:30:00,18.71,21.15,22.75,20.41,20.29,20.72,22.11,23.36,18.28,17.5,0.2,518.2,0.156,0.414,0.0,0.406,0.0,0.284,0.296,0.0,0.0,0.194
2020-01-15 12:45:00,18.75,21.11,23.1,20.44,20.41,20.82,22.01,23.66,18.33,17.49,0.39,557.9,0.147,0.427,0.0,0.393,0.0,0.238,0.344,0.0,0.0,0.2
2020-01-15 13:00:00,18.78,21.08,23.47,20.45,20.54,20.93,21.91,23.98,18.39,17.48,0.53,597.7,0.127,0.443,0.0,0.382,0.0,0.188,0.394,0.0,0.0,0.206
2020-01-15 13:15:00,18.84,21.1,23.85,20.5,20.66,21.03,21.88,24.34,18.47,17.47,0.66,637.4,0.111,0.458,0.0,0.374,0.0,0.134,0.443,0.0,0.0,0.211
2020-01-15 13:30:00,18.77,21.06,24.03,20.57,20.83,21.17,21.87,24.58,18.52,17.46,0.79,629.5,0.079,0.451,0.0,0.352,0.0,0.086,0.462,0.0,0.0,0.216
2020-01-15 13:45:00,18.95,21.08,24.29,20.7,20.78,21.15,21.88,24.85,18.68,17.45,0.93,621.6,0.116,0.472,0.0,0.314,0.0,0.016,0.466,0.0,0.0,0.221
2020-01-15 14:00:00,18.7,21.02,24.33,20.78,21.03,21.32,21.85,24.95,18.75,17.44,0.95,613.8,0.026,0.458,0.0,0.251,0.0,0.023,0.462,0.0,0.0,0.225
2020-01-15 14:15:00,18.98,21.05,24.53,20.93,21.02,21.39,21.83,25.15,18.93,17.44,0.97,605.9,0.152,0.491,0.0,0.21,0.0,0.0,0.473,0.0,0.0,0.229
2020-01-15 14:30:00,18.92,21.01,24.76,21.09,21.01,21.37,21.8,25.35,19.16,17.43,0.99,595.6,0.011,0.476,0.0,0.136,0.0,0.0,0.485,0.0,0.0,0.232
2020-01-15 14:45:00,18.86,21.0,24.56,21.17,21.11,21.55,21.78,25.35,19.26,17.42,1.01,585.3,0.039,0.496,0.0,0.056,0.0,0.0,0.502,0.0,0.0,0.236
2020-01-15 15:00:00,18.81,20.96,24.06,21.23,21.01,21.62,21.74,25.43,19.44,17.42,0.93,575.0,0.068,0.502,0.0,0.014,0.0,0.0,0.512,0.0,0.0,0.238
2020-01-15 15:15:00,18.75,20.91,23.49,21.09,20.76,21.65,21.69,25.45,19.66,17.41,0.85,564.7,0.093,0.522,0.0,0.0,0.0,0.0,0.531,0.0,0.0,0.241
2020-01-15 15:30:00,18.57,20.84,22.8,20.71,20.49,21.61,21.65,25.29,19.73,17.41,0.77,452.8,0.127,0.546,0.0,0.055,0.0,0.0,0.553,0.0,0.0,0.244
2020-01-15 15:45:00,18.52,20.77,22.42,20.41,20.27,21.45,21.59,24.96,19.62,17.4,0.68,341.0,0.214,0.578,0.0,0.244,0.0,0.0,0.577,0.0,0.0,0.247
2020-01-15 16:00:00,18.46,20.72,22.17,20.44,20.16,21.2,21.56,24.52,19.37,17.4,0.43,229.2,0.241,0.616,0.0,0.395,0.0,0.0,0.606,0.0,0.0,0.249
2020-01-15 16:15:00,18.4,20.68,21.98,20.41,20.09,20.86,21.56,23.9,19.06,17.39,0.18,117.3,0.271,0.639,0.0,0.379,0.0,0.002,0.619,0.0,0.0,0.252
2020-01-15 16:30:00,18.39,20.64,21.75,20.35,20.0,20.47,21.54,23.31,18.76,17.39,-0.07,88.0,0.301,0.662,0.0,0.393,0.0,0.169,0.622,0.0,0.0,0.254
2020-01-15 16:45:00,18.34,20.6,21.5,20.32,19.91,20.17,21.52,22.72,18.47,17.38,-0.32,0.0,0.306,0.679,0.0,0.423,0.0,0.363,0.629,0.0,0.0,0.256
2020-01-15 17:00:00,18.31,20.57,21.27,20.27,19.83,19.99,21.49,22.26,18.24,17.38,-0.41,0.0,0.332,0.702,0.0,0.441,0.0,0.513,0.642,0.0,0.0,0.258
2020-01-15 17:15:00,18.29,20.54,21.05,20.24,19.75,19.87,21.47,21.89,18.06,17.38,-0.5,0.0,0.344,0.717,0.0,0.463,0.0,0.605,0.654,0.022,0.0,0.26
2020-01-15 17:30:00,18.26,20.51,20.84,20.2,19.68,19.8,21.46,21.64,17.93,17.37,-0.58,0.0,0.355,0.732,0.0,0.482,0.0,0.663,0.663,0.203,0.0,0.262
2020-01-15 17:45:00,18.24,20.48,20.64,20.17,19.61,19.75,21.43,21.47,17.83,17.37,-0.67,0.0,0.369,0.746,0.0,0.499,0.0,0.701,0.67,0.331,0.037,0.263
2020-01-15 18:00:00,18.17,20.41,20.4,20.09,19.61,19.84,21.41,21.27,17.65,17.37,-0.78,0.0,0.378,0.759,0.0,0.515,0.0,0.726,0.684,0.415,0.086,0.265
2020-01-15 18:15:00,18.21,20.43,20.26,20.09,19.47,19.62,21.39,21.29,17.73,17.36,-0.89,0.0,0.413,0.797,0.0,0.557,0.0,0.678,0.695,0.516,0.175,0.267
2020-01-15 18:30:00,18.16,20.37,20.08,20.04,19.41,19.59,21.36,21.22,17.71,17.36,-0.99,0.0,0.394,0.785,0.0,0.553,0.0,0.788,0.706,0.504,0.136,0.268
2020-01-15 18:45:00,18.1,20.32,19.89,19.99,19.39,19.67,21.33,21.06,17.6,17.36,-1.1,0.0,0.42,0.816,0.0,0.579,0.0,0.807,0.721,0.542,0.146,0.269
2020-01-15 19:00:00,18.15,20.33,19.75,20.01,19.29,19.54,21.34,21.1,17.68,17.36,-1.19,0.0,0.448,0.84,0.0,0.607,0.0,0.763,0.733,0.618,0.2,0.27
2020-01-15 19:15:00,18.07,20.28,19.58,19.95,19.34,19.67,21.34,20.97,17.88,17.36,-1.27,0.0,0.427,0.837,0.0,0.597,0.355,0.828,0.731,0.602,1.0,0.271
2020-01-15 19:30:00,18.14,20.32,19.54,19.99,19.28,19.79,21.34,21.03,18.33,17.35,-1.35,0.0,0.467,0.86,0.061,0.623,0.331,0.765,0.73,0.665,1.0,0.272
2020-01-15 19:45:00,18.11,20.28,19.46,20.01,19.28,19.95,21.27,21.09,18.72,17.35,-1.44,0.0,0.432,0.839,0.081,0.607,0.36,0.707,0.731,0.635,0.835,0.273
2020-01-15 20:00:00,18.1,20.27,19.41,19.94,19.27,19.99,21.34,21.12,18.86,17.35,-1.54,0.0,0.444,0.859,0.121,0.593,0.361,0.624,0.763,0.607,0.64,0.274
2020-01-15 20:15:00,18.1,20.26,19.57,19.98,19.25,19.88,21.34,21.04,18.88,17.35,-1.64,0.0,0.452,0.863,0.295,0.628,0.365,0.007,0.732,0.592,0.571,0.275
2020-01-15 20:30:00,18.09,20.26,19.45,19.97,19.29,19.66,21.34,20.97,18.87,17.35,-1.74,0.0,0.448,0.87,0.213,0.612,0.374,0.058,0.728,0.632,0.562,0.276
2020-01-15 20:45:00,18.13,20.27,19.47,19.99,19.25,19.56,21.34,20.84,18.83,17.34,-1.85,0.0,0.453,0.872,0.276,0.617,0.353,0.168,0.728,0.667,0.564,0.277
2020-01-15 21:00:00,18.08,20.24,19.4,19.96,19.3,19.45,21.34,20.81,18.85,17.34,-1.93,0.0,0.436,0.865,0.267,0.604,0.376,0.218,0.729,0.728,0.583,0.278
2020-01-15 21:15:00,18.12,20.28,19.39,19.29,19.2,19.44,21.08,20.76,18.85,17.43,-2.01,0.0,0.462,0.88,0.298,0.02,0.35,0.273,0.0,0.744,0.576,1.0
2020-01-15 21:30:00,18.07,20.25,19.34,19.31,19.15,19.42,20.6,20.75,18.88,17.62,-2.09,0.0,0.439,0.861,0.303,0.357,0.401,0.28,0.0,0.769,0.573,1.0
2020-01-15 21:45:00,18.09,20.24,19.34,19.44,19.17,19.41,20.09,20.75,18.9,17.81,-2.17,0.0,0.467,0.877,0.33,0.346,0.425,0.289,0.0,0.774,0.56,1.0
2020-01-15 22:00:00,18.09,20.25,19.34,19.33,19.17,19.41,19.7,20.74,18.92,17.98,-2.27,0.0,0.456,0.878,0.33,0.28,0.417,0.293,0.0,0.777,0.548,1.0
2020-01-15 22:15:00,18.05,19.26,19.3,19.3,19.0,19.4,19.48,20.73,18.93,18.1,-2.37,0.0,0.453,0.0,0.332,0.336,0.414,0.296,0.149,0.781,0.538,1.0
2020-01-15 22:30:00,17.99,19.35,19.24,19.25,18.9,19.39,19.35,20.72,18.95,18.24,-2.47,0.0,0.476,0.37,0.35,0.348,0.501,0.301,0.259,0.786,0.533,0.948
2020-01-15 22:45:00,18.03,19.38,19.28,19.26,18.92,19.38,19.32,20.71,18.96,18.36,-2.57,0.0,0.505,0.327,0.381,0.375,0.552,0.306,0.324,0.792,0.526,0.879
2020-01-15 23:00:00,18.01,19.27,19.26,19.25,18.96,19.39,19.34,20.71,18.98,18.44,-2.67,0.0,0.484,0.312,0.361,0.37,0.54,0.311,0.34,0.797,0.52,0.82
2020-01-15 23:15:00,18.05,19.3,19.28,19.26,18.9,19.4,19.35,20.72,19.01,18.51,-2.76,0.0,0.493,0.365,0.371,0.373,0.522,0.307,0.33,0.797,0.509,0.78
2020-01-15 23:30:00,18.01,19.23,19.25,19.24,18.96,19.41,19.35,20.72,19.03,18.57,-2.86,0.0,0.474,0.349,0.358,0.37,0.55,0.302,0.323,0.792,0.495,0.747
2020-01-15 23:45:00,18.08,19.23,19.3,19.28,18.89,19.42,19.35,20.74,19.06,18.62,-2.96,0.0,0.493,0.387,0.375,0.38,0.521,0.294,0.324,0.788,0.483,0.717
