time,T1,T2,T3,T4,T5,T6,T7,T8,T9,T10,T_amb,irrad,u1,u2,u3,u4,u5,u6,u7,u8,u9,u10
2020-01-03 00:00:00,19.73,19.71,20.06,20.14,19.85,19.81,19.8,19.89,19.86,19.84,3.31,0.0,0.71,0.388,0.0,0.0,0.304,0.378,0.412,0.23,0.279,0.31
2020-01-03 00:15:00,20.07,20.0,20.49,20.43,20.02,20.03,20.04,20.18,20.15,19.92,3.27,0.0,1.0,1.0,1.0,1.0,1.0,1.0,1.0,1.0,1.0,1.0
2020-01-03 00:30:00,20.26,20.2,20.74,20.66,20.23,20.4,20.39,20.65,20.6,20.07,3.23,0.0,1.0,1.0,1.0,1.0,1.0,1.0,1.0,1.0,1.0,1.0
2020-01-03 00:45:00,20.35,20.27,20.88,20.81,20.34,20.72,20.69,21.05,20.97,20.22,3.19,0.0,1.0,1.0,1.0,1.0,1.0,1.0,1.0,1.0,1.0,1.0
2020-01-03 01:00:00,20.44,20.35,21.01,20.92,20.42,20.94,20.89,21.32,21.21,20.36,3.15,0.0,1.0,1.0,1.0,1.0,1.0,1.0,1.0,1.0,1.0,1.0
2020-01-03 01:15:00,20.54,20.44,21.14,21.02,20.52,21.12,21.04,21.51,21.39,20.48,3.12,0.0,1.0,1.0,1.0,1.0,1.0,1.0,1.0,1.0,1.0,1.0
2020-01-03 01:30:00,20.64,20.54,21.28,21.14,20.61,21.27,21.16,21.68,21.54,20.59,3.08,0.0,1.0,1.0,1.0,1.0,1.0,1.0,1.0,1.0,1.0,1.0
2020-01-03 01:45:00,20.72,20.61,21.39,21.23,20.72,21.4,21.26,21.81,21.66,20.69,3.05,0.0,1.0,1.0,1.0,1.0,1.0,1.0,1.0,1.0,1.0,1.0
2020-01-03 02:00:00,20.79,20.67,21.49,21.32,20.8,21.51,21.35,21.93,21.76,20.78,3.03,0.0,1.0,1.0,1.0,1.0,1.0,1.0,1.0,1.0,1.0,1.0
2020-01-03 02:15:00,20.86,20.74,21.58,21.4,20.89,21.6,21.42,22.02,21.84,20.87,3.01,0.0,1.0,1.0,1.0,1.0,1.0,1.0,1.0,1.0,1.0,1.0
2020-01-03 02:30:00,20.92,20.79,21.66,21.48,20.96,21.68,21.49,22.11,21.92,20.96,2.98,0.0,1.0,1.0,1.0,1.0,1.0,1.0,1.0,1.0,1.0,1.0
2020-01-03 02:45:00,20.97,20.84,21.74,21.54,21.03,21.76,21.54,22.18,21.98,21.05,2.96,0.0,1.0,1.0,1.0,1.0,1.0,1.0,1.0,1.0,1.0,1.0
2020-01-03 03:00:00,21.02,20.89,21.81,21.61,21.1,21.83,21.6,22.25,22.04,21.13,2.94,0.0,1.0,1.0,1.0,1.0,1.0,1.0,1.0,1.0,1.0,1.0
2020-01-03 03:15:00,21.07,20.93,21.88,21.67,21.17,21.89,21.65,22.31,22.09,21.21,2.92,0.0,1.0,1.0,1.0,1.0,1.0,1.0,1.0,1.0,1.0,1.0
2020-01-03 03:30:00,21.11,20.98,21.94,21.73,21.23,21.95,21.7,22.37,22.15,21.28,2.9,0.0,1.0,1.0,1.0,1.0,1.0,1.0,1.0,1.0,1.0,1.0
2020-01-03 03:45:00,21.16,21.02,22.01,21.79,21.29,22.01,21.75,22.43,22.2,21.36,2.88,0.0,1.0,1.0,1.0,1.0,1.0,1.0,1.0,1.0,1.0,1.0
2020-01-03 04:00:00,21.2,21.06,22.07,21.84,21.35,22.07,21.79,22.49,22.25,21.43,2.88,0.0,1.0,1.0,1.0,1.0,1.0,1.0,1.0,1.0,1.0,1.0
2020-01-03 04:15:00,21.24,21.1,22.12,21.89,21.4,22.12,21.83,22.53,22.29,21.5,2.88,0.0,1.0,1.0,1.0,1.0,1.0,1.0,1.0,1.0,1.0,1.0
2020-01-03 04:30:00,21.28,21.14,22.18,21.94,21.46,22.17,21.87,22.58,22.33,21.57,2.88,0.0,1.0,1.0,1.0,1.0,1.0,1.0,1.0,1.0,1.0,1.0
2020-01-03 04:45:00,21.32,21.18,22.23,21.99,21.51,22.21,21.91,22.62,22.37,21.64,2.88,0.0,1.0,1.0,1.0,1.0,1.0,1.0,1.0,1.0,1.0,1.0
2020-01-03 05:00:00,21.35,21.22,22.28,22.03,21.56,22.26,21.95,22.67,22.41,21.7,2.88,0.0,1.0,1.0,1.0,1.0,1.0,1.0,1.0,1.0,1.0,1.0
2020-01-03 05:15:00,21.39,21.25,22.32,22.08,21.61,22.3,21.99,22.71,22.44,21.77,2.88,0.0,1.0,1.0,1.0,1.0,1.0,1.0,1.0,1.0,1.0,1.0
2020-01-03 05:30:00,21.42,21.29,22.37,22.12,21.66,22.34,22.02,22.75,22.48,21.83,2.87,0.0,1.0,1.0,1.0,1.0,1.0,1.0,1.0,1.0,1.0,1.0
2020-01-03 05:45:00,21.45,21.32,22.41,22.16,21.7,22.38,22.06,22.78,22.51,21.89,2.87,0.0,1.0,1.0,1.0,1.0,1.0,1.0,1.0,1.0,1.0,1.0
2020-01-03 06:00:00,21.48,21.35,22.45,22.2,21.75,22.42,22.09,22.82,22.54,21.95,2.86,0.0,1.0,1.0,1.0,1.0,1.0,1.0,1.0,1.0,1.0,1.0
2020-01-03 06:15:00,21.51,21.38,22.49,22.23,21.79,22.46,22.12,22.85,22.57,22.01,2.86,0.0,1.0,1.0,1.0,1.0,1.0,1.0,1.0,1.0,1.0,1.0
2020-01-03 06:30:00,21.54,21.41,22.53,22.27,21.83,22.49,22.15,22.88,22.6,22.07,2.85,0.0,1.0,1.0,1.0,1.0,1.0,1.0,1.0,1.0,1.0,1.0
2020-01-03 06:45:00,21.57,21.44,22.57,22.3,21.87,22.52,22.17,22.91,22.63,22.13,2.84,0.0,1.0,1.0,1.0,1.0,1.0,1.0,1.0,1.0,1.0,1.0
2020-01-03 07:00:00,21.59,21.47,22.6,22.34,21.91,22.56,22.2,22.94,22.65,22.18,2.84,0.0,1.0,1.0,1.0,1.0,1.0,1.0,1.0,1.0,1.0,1.0
2020-01-03 07:15:00,21.62,21.49,22.64,22.37,21.95,22.58,22.22,22.96,22.67,22.24,2.83,0.0,1.0,1.0,1.0,1.0,1.0,1.0,1.0,1.0,1.0,1.0
2020-01-03 07:30:00,21.64,21.52,22.67,22.4,21.98,22.61,22.25,22.99,22.7,22.29,2.83,0.0,1.0,1.0,1.0,1.0,1.0,1.0,1.0,1.0,1.0,1.0
2020-01-03 07:45:00,21.66,21.54,22.7,22.43,22.02,22.64,22.27,23.01,22.72,22.34,2.83,0.0,1.0,1.0,1.0,1.0,1.0,1.0,1.0,1.0,1.0,1.0
2020-01-03 08:00:00,21.69,21.57,22.73,22.46,22.05,22.67,22.29,23.03,22.74,22.39,2.86,0.0,1.0,1.0,1.0,1.0,1.0,1.0,1.0,1.0,1.0,1.0
2020-01-03 08:15:00,21.08,20.96,22.26,22.02,21.79,22.4,22.02,22.82,22.42,22.31,2.9,3.7,0.0,0.0,0.0,0.0,0.0,0.0,0.0,0.0,0.0,0.0
2020-01-03 08:30:00,20.71,20.56,21.93,21.65,21.42,22.03,21.68,22.72,21.95,22.15,2.93,80.6,0.0,0.0,0.0,0.0,0.0,0.0,0.0,0.0,0.0,0.0
2020-01-03 08:45:00,20.47,20.34,21.95,21.42,21.22,21.76,21.41,22.83,21.57,21.97,2.97,157.5,0.0,0.0,0.0,0.0,0.0,0.0,0.0,0.0,0.0,0.0
2020-01-03 09:00:00,20.3,20.2,22.22,21.25,21.15,21.64,21.19,23.07,21.3,21.82,3.3,234.4,0.0,0.0,0.0,0.0,0.0,0.0,0.0,0.0,0.0,0.0
2020-01-03 09:15:00,20.22,20.15,22.73,21.15,21.19,21.61,20.98,23.39,21.15,21.69,3.62,311.4,0.0,0.0,0.0,0.0,0.0,0.0,0.0,0.0,0.0,0.0
2020-01-03 09:30:00,20.16,20.16,23.1,21.09,21.28,21.61,20.73,23.74,21.03,21.54,3.95,327.7,0.0,0.0,0.0,0.0,0.0,0.0,0.0,0.0,0.0,0.0
2020-01-03 09:45:00,20.1,20.14,23.31,21.05,21.32,21.64,20.5,24.05,20.97,21.42,4.28,344.0,0.0,0.0,0.0,0.0,0.0,0.0,0.0,0.0,0.0,0.0
2020-01-03 10:00:00,20.05,20.11,23.54,21.02,21.35,21.68,20.31,24.32,20.93,21.3,4.57,360.3,0.0,0.0,0.0,0.0,0.0,0.0,0.0,0.0,0.0,0.0
2020-01-03 10:15:00,20.02,20.1,23.78,21.04,21.39,21.73,20.17,24.58,20.94,21.19,4.85,376.6,0.0,0.0,0.0,0.0,0.0,0.0,0.0,0.0,0.0,0.0
2020-01-03 10:30:00,20.0,20.11,24.03,21.1,21.45,21.8,20.06,24.83,21.0,21.08,5.14,396.1,0.0,0.0,0.0,0.0,0.0,0.0,0.0,0.0,0.0,0.0
2020-01-03 10:45:00,20.0,20.15,24.3,21.24,21.45,21.83,19.95,25.13,21.11,20.96,5.43,415.6,0.001,0.0,0.0,0.0,0.0,0.0,0.0,0.0,0.0,0.0
2020-01-03 11:00:00,19.95,20.09,24.46,21.35,21.61,21.99,19.9,25.29,21.17,20.86,5.69,435.2,0.001,0.0,0.0,0.0,0.0,0.0,0.024,0.0,0.0,0.0
2020-01-03 11:15:00,20.02,20.2,24.74,21.58,21.57,22.02,19.88,25.59,21.4,20.77,5.95,454.7,0.025,0.0,0.0,0.0,0.0,0.0,0.052,0.0,0.0,0.0
2020-01-03 11:30:00,19.97,20.15,24.83,21.84,21.78,22.2,19.88,25.73,21.56,20.69,6.21,456.9,0.0,0.0,0.0,0.0,0.0,0.0,0.061,0.0,0.0,0.0
2020-01-03 11:45:00,20.04,20.26,25.02,22.08,21.79,22.29,19.88,25.93,21.81,20.62,6.47,459.1,0.016,0.0,0.0,0.0,0.0,0.0,0.061,0.0,0.0,0.0
2020-01-03 12:00:00,20.05,20.3,25.16,22.34,21.87,22.41,19.89,26.09,22.11,20.54,6.65,461.2,0.0,0.0,0.0,0.0,0.0,0.0,0.058,0.0,0.0,0.0
2020-01-03 12:15:00,20.06,20.33,25.26,22.6,21.94,22.49,19.88,26.19,22.44,20.46,6.84,463.4,0.0,0.0,0.0,0.0,0.0,0.0,0.057,0.0,0.0,0.0
2020-01-03 12:30:00,20.07,20.37,25.28,22.8,21.99,22.55,19.87,26.22,22.79,20.38,7.03,439.5,0.0,0.0,0.0,0.0,0.0,0.0,0.06,0.0,0.0,0.0
2020-01-03 12:45:00,20.08,20.41,25.28,23.03,21.98,22.58,19.87,26.17,23.1,20.3,7.22,415.7,0.0,0.0,0.0,0.0,0.0,0.0,0.063,0.0,0.0,0.0
2020-01-03 13:00:00,20.03,20.34,25.17,23.12,22.08,22.6,19.87,26.08,23.31,20.23,7.29,391.8,0.0,0.0,0.0,0.0,0.0,0.0,0.065,0.0,0.0,0.0
2020-01-03 13:15:00,20.07,20.44,25.15,23.34,21.98,22.6,19.87,25.96,23.47,20.16,7.36,367.9,0.0,0.0,0.0,0.0,0.0,0.0,0.067,0.0,0.0,0.0
2020-01-03 13:30:00,19.99,20.32,25.08,23.5,22.1,22.59,19.86,25.88,23.73,20.1,7.42,395.7,0.0,0.0,0.0,0.0,0.0,0.0,0.067,0.0,0.0,0.0
2020-01-03 13:45:00,20.02,20.39,25.09,23.77,22.09,22.62,19.85,25.81,23.96,20.05,7.49,423.4,0.003,0.0,0.0,0.0,0.0,0.0,0.072,0.0,0.0,0.0
2020-01-03 14:00:00,20.02,20.41,25.07,24.07,22.14,22.66,19.84,25.74,24.29,19.99,7.55,451.1,0.0,0.0,0.0,0.0,0.0,0.0,0.076,0.0,0.0,0.0
2020-01-03 14:15:00,20.02,20.43,25.02,24.37,22.19,22.71,19.82,25.67,24.64,19.93,7.61,478.9,0.0,0.0,0.0,0.0,0.0,0.0,0.082,0.0,0.0,0.0
2020-01-03 14:30:00,20.01,20.45,24.91,24.59,22.22,22.75,19.8,25.53,24.92,19.87,7.68,460.5,0.0,0.0,0.0,0.0,0.0,0.0,0.089,0.0,0.0,0.0
2020-01-03 14:45:00,20.0,20.45,24.77,24.78,22.24,22.76,19.78,25.35,25.15,19.81,7.74,442.2,0.0,0.0,0.0,0.0,0.0,0.0,0.1,0.0,0.0,0.0
2020-01-03 15:00:00,19.98,20.47,24.6,24.99,22.18,22.73,19.74,25.12,25.35,19.74,7.67,423.8,0.001,0.0,0.0,0.0,0.0,0.0,0.11,0.0,0.0,0.0
2020-01-03 15:15:00,19.91,20.37,24.38,24.68,22.16,22.69,19.7,24.87,25.41,19.7,7.6,405.4,0.011,0.0,0.0,0.0,0.0,0.0,0.131,0.0,0.0,0.0
2020-01-03 15:30:00,19.81,20.22,24.08,24.07,21.98,22.58,19.67,24.57,25.31,19.65,7.54,306.1,0.044,0.0,0.0,0.0,0.0,0.0,0.148,0.0,0.0,0.0
2020-01-03 15:45:00,19.73,20.06,23.75,23.63,21.72,22.39,19.62,24.2,25.0,19.6,7.47,206.7,0.093,0.0,0.0,0.0,0.0,0.0,0.167,0.0,0.0,0.0
2020-01-03 16:00:00,19.63,19.86,23.41,23.27,21.52,22.1,19.58,23.84,24.38,19.55,7.27,107.3,0.137,0.0,0.0,0.0,0.0,0.0,0.191,0.0,0.0,0.0
2020-01-03 16:15:00,19.54,19.72,23.1,22.92,21.31,21.73,19.54,23.43,23.65,19.52,7.07,8.0,0.186,0.071,0.0,0.0,0.0,0.0,0.211,0.0,0.0,0.226
2020-01-03 16:30:00,19.49,19.64,22.83,22.62,21.15,21.42,19.51,23.08,23.08,19.52,6.87,0.0,0.228,0.142,0.0,0.0,0.0,0.0,0.232,0.0,0.0,0.241
2020-01-03 16:45:00,19.45,19.57,22.58,22.36,21.02,21.14,19.51,22.74,22.58,19.54,6.67,0.0,0.256,0.18,0.0,0.0,0.0,0.0,0.247,0.0,0.0,0.239
2020-01-03 17:00:00,19.42,19.52,22.36,22.14,20.89,20.88,19.5,22.43,22.16,19.55,6.57,0.0,0.277,0.215,0.0,0.0,0.0,0.0,0.247,0.0,0.0,0.231
2020-01-03 17:15:00,19.39,19.47,22.15,21.94,20.79,20.65,19.49,22.14,21.79,19.56,6.47,0.0,0.292,0.242,0.0,0.0,0.0,0.0,0.248,0.0,0.0,0.225
2020-01-03 17:30:00,19.37,19.44,21.96,21.77,20.69,20.43,19.48,21.88,21.46,19.53,6.37,0.0,0.303,0.264,0.0,0.0,0.0,0.0,0.253,0.0,0.0,0.0
2020-01-03 17:45:00,19.34,19.38,21.76,21.59,20.67,20.28,19.46,21.63,21.15,19.5,6.27,0.0,0.314,0.282,0.0,0.0,0.0,0.0,0.26,0.0,0.0,0.235
2020-01-03 18:00:00,19.39,19.47,21.65,21.54,20.48,20.07,19.46,21.45,20.97,19.5,6.15,0.0,0.328,0.309,0.0,0.0,0.0,0.0,0.268,0.0,0.0,0.249
2020-01-03 18:15:00,19.3,19.3,21.46,21.33,20.55,19.95,19.44,21.22,20.71,19.51,6.04,0.0,0.304,0.265,0.0,0.0,0.0,0.0,0.271,0.0,0.0,0.248
2020-01-03 18:30:00,19.38,19.46,21.37,21.29,20.31,19.77,19.43,21.05,20.53,19.52,5.92,0.0,0.348,0.352,0.0,0.0,0.0,0.025,0.281,0.0,0.0,0.244
2020-01-03 18:45:00,19.27,19.23,21.16,21.06,20.43,19.65,19.43,20.86,20.31,19.52,5.81,0.0,0.311,0.272,0.0,0.0,0.0,0.116,0.283,0.0,0.0,0.241
2020-01-03 19:00:00,19.36,19.44,21.1,21.05,20.14,19.56,19.43,20.7,20.15,19.52,5.7,0.0,0.366,0.385,0.0,0.0,0.0,0.174,0.285,0.0,0.0,0.24
2020-01-03 19:15:00,19.22,19.15,20.89,20.81,20.32,19.52,19.43,20.56,20.0,19.52,5.6,0.0,0.319,0.282,0.0,0.0,0.0,0.219,0.285,0.0,0.0,0.239
2020-01-03 19:30:00,19.3,19.32,20.83,20.77,20.09,19.47,19.42,20.45,19.88,19.52,5.49,0.0,0.388,0.426,0.0,0.0,0.0,0.24,0.286,0.0,0.0,0.239
2020-01-03 19:45:00,19.29,19.29,20.72,20.68,20.03,19.48,19.42,20.32,19.76,19.52,5.39,0.0,0.351,0.341,0.0,0.0,0.0,0.265,0.288,0.0,0.059,0.24
2020-01-03 20:00:00,19.25,19.22,20.58,20.53,20.06,19.45,19.41,20.23,19.73,19.52,5.28,0.0,0.357,0.353,0.0,0.0,0.0,0.261,0.289,0.0,0.119,0.24
2020-01-03 20:15:00,19.29,19.31,20.5,20.47,19.92,19.45,19.4,20.12,19.68,19.52,5.17,0.0,0.377,0.389,0.0,0.0,0.0,0.276,0.294,0.0,0.137,0.241
2020-01-03 20:30:00,19.23,19.2,20.37,20.33,19.97,19.43,19.4,20.03,19.65,19.51,5.05,0.0,0.356,0.346,0.0,0.0,0.038,0.275,0.298,0.0,0.16,0.242
2020-01-03 20:45:00,19.27,19.28,20.29,20.28,19.82,19.43,19.4,19.94,19.63,19.51,4.94,0.0,0.385,0.4,0.0,0.0,0.016,0.283,0.298,0.0,0.174,0.243
2020-01-03 21:00:00,19.21,19.17,20.16,20.13,19.87,19.41,19.39,19.86,19.6,19.51,4.8,0.0,0.366,0.359,0.0,0.0,0.091,0.287,0.301,0.032,0.187,0.244
2020-01-03 21:15:00,19.24,19.25,20.09,20.08,19.72,19.4,19.38,19.79,19.58,19.51,4.66,0.0,0.397,0.417,0.0,0.0,0.063,0.295,0.306,0.072,0.199,0.245
2020-01-03 21:30:00,19.18,19.13,19.97,19.95,19.78,19.4,19.37,19.75,19.57,19.51,4.52,0.0,0.38,0.377,0.0,0.0,0.138,0.3,0.311,0.103,0.209,0.246
2020-01-03 21:45:00,19.21,19.21,19.91,19.91,19.64,19.39,19.36,19.73,19.55,19.51,4.38,0.0,0.411,0.437,0.014,0.027,0.109,0.302,0.315,0.123,0.216,0.246
2020-01-03 22:00:00,19.17,19.11,19.83,19.82,19.7,19.39,19.36,19.71,19.55,19.5,4.29,0.0,0.395,0.397,0.046,0.043,0.179,0.304,0.318,0.136,0.223,0.247
2020-01-03 22:15:00,19.2,19.19,19.81,19.82,19.6,19.4,19.35,19.7,19.55,19.5,4.21,0.0,0.417,0.444,0.084,0.092,0.149,0.303,0.319,0.144,0.226,0.248
2020-01-03 22:30:00,19.17,19.12,19.74,19.74,19.65,19.4,19.35,19.69,19.54,19.5,4.12,0.0,0.399,0.405,0.096,0.088,0.202,0.302,0.325,0.15,0.226,0.249
2020-01-03 22:45:00,19.19,19.18,19.73,19.74,19.57,19.39,19.35,19.67,19.53,19.5,4.03,0.0,0.417,0.441,0.129,0.132,0.173,0.302,0.326,0.157,0.231,0.25
2020-01-03 23:00:00,19.15,19.1,19.68,19.68,19.61,19.38,19.34,19.65,19.51,19.5,3.86,0.0,0.404,0.412,0.135,0.129,0.217,0.304,0.326,0.164,0.236,0.251
2020-01-03 23:15:00,19.17,19.14,19.66,19.67,19.54,19.38,19.33,19.64,19.5,19.5,3.69,0.0,0.426,0.451,0.159,0.162,0.193,0.308,0.331,0.173,0.243,0.251
2020-01-03 23:30:00,19.13,19.09,19.63,19.62,19.57,19.37,19.32,19.62,19.49,19.49,3.52,0.0,0.417,0.428,0.168,0.165,0.231,0.312,0.335,0.182,0.25,0.252
2020-01-03 23:45:00,19.14,19.12,19.62,19.62,19.51,19.36,19.31,19.6,19.47,19.49,3.35,0.0,0.434,0.457,0.184,0.188,0.214,0.316,0.339,0.191,0.256,0.253
2020-01-04 00:00:00,19.13,19.09,19.6,19.59,19.54,19.36,19.31,19.59,19.47,19.49,3.28,0.0,0.428,0.439,0.19,0.189,0.243,0.319,0.343,0.198,0.263,0.253
2020-01-04 00:15:00,19.14,19.11,19.59,19.59,19.5,19.36,19.31,19.59,19.46,19.49,3.2,0.0,0.436,0.456,0.201,0.205,0.23,0.32,0.343,0.203,0.266,0.254
2020-01-04 00:30:00,19.12,19.09,19.57,19.56,19.52,19.36,19.32,19.58,19.45,19.49,3.13,0.0,0.43,0.443,0.205,0.206,0.249,0.321,0.343,0.206,0.268,0.254
2020-01-04 00:45:00,19.13,19.1,19.57,19.56,19.49,19.35,19.32,19.57,19.45,19.49,3.06,0.0,0.438,0.457,0.214,0.22,0.24,0.322,0.34,0.21,0.275,0.255
2020-01-04 01:00:00,19.11,19.08,19.55,19.54,19.5,19.35,19.31,19.56,19.44,19.49,2.91,0.0,0.434,0.448,0.217,0.221,0.255,0.323,0.342,0.214,0.277,0.256
2020-01-04 01:15:00,19.11,19.09,19.54,19.53,19.47,19.34,19.3,19.55,19.42,19.49,2.76,0.0,0.444,0.462,0.226,0.232,0.25,0.326,0.347,0.22,0.282,0.256
2020-01-04 01:30:00,19.1,19.06,19.52,19.51,19.48,19.33,19.29,19.54,19.42,19.49,2.61,0.0,0.444,0.457,0.231,0.235,0.263,0.329,0.352,0.226,0.288,0.257
2020-01-04 01:45:00,19.09,19.07,19.51,19.5,19.46,19.33,19.29,19.53,19.41,19.48,2.46,0.0,0.451,0.468,0.239,0.243,0.261,0.333,0.355,0.231,0.292,0.257
2020-01-04 02:00:00,19.08,19.04,19.5,19.48,19.46,19.32,19.28,19.51,19.39,19.48,2.3,0.0,0.453,0.467,0.243,0.248,0.271,0.335,0.357,0.236,0.297,0.258
2020-01-04 02:15:00,19.07,19.04,19.48,19.47,19.44,19.31,19.27,19.5,19.38,19.48,2.14,0.0,0.461,0.478,0.252,0.259,0.271,0.339,0.362,0.243,0.303,0.258
2020-01-04 02:30:00,19.06,19.02,19.47,19.45,19.44,19.31,19.26,19.49,19.37,19.48,1.98,0.0,0.464,0.479,0.258,0.265,0.281,0.343,0.366,0.249,0.309,0.259
2020-01-04 02:45:00,19.05,19.02,19.46,19.44,19.42,19.3,19.25,19.48,19.36,19.48,1.82,0.0,0.471,0.488,0.265,0.274,0.282,0.347,0.37,0.255,0.315,0.259
2020-01-04 03:00:00,19.05,19.01,19.45,19.43,19.41,19.3,19.23,19.47,19.37,19.48,1.74,0.0,0.474,0.489,0.271,0.281,0.291,0.35,0.374,0.261,0.32,0.26
2020-01-04 03:15:00,19.04,19.01,19.44,19.42,19.41,19.29,19.23,19.46,19.36,19.48,1.66,0.0,0.477,0.496,0.276,0.283,0.293,0.352,0.383,0.265,0.317,0.26
2020-01-04 03:30:00,19.04,19.0,19.43,19.41,19.4,19.29,19.23,19.46,19.35,19.48,1.58,0.0,0.478,0.496,0.28,0.288,0.297,0.353,0.384,0.268,0.32,0.261
2020-01-04 03:45:00,19.03,19.0,19.42,19.41,19.4,19.29,19.23,19.45,19.34,19.48,1.5,0.0,0.481,0.501,0.285,0.293,0.298,0.355,0.385,0.271,0.324,0.261
2020-01-04 04:00:00,19.03,18.99,19.41,19.4,19.39,19.28,19.22,19.44,19.33,19.48,1.42,0.0,0.483,0.502,0.289,0.296,0.302,0.357,0.387,0.274,0.328,0.262
2020-01-04 04:15:00,19.02,18.98,19.4,19.39,19.38,19.27,19.21,19.43,19.33,19.47,1.34,0.0,0.487,0.507,0.295,0.302,0.304,0.36,0.391,0.28,0.333,0.262
2020-01-04 04:30:00,19.01,18.97,19.39,19.38,19.38,19.27,19.2,19.42,19.32,19.47,1.25,0.0,0.489,0.51,0.3,0.307,0.308,0.363,0.396,0.285,0.337,0.263
2020-01-04 04:45:00,19.01,18.97,19.38,19.37,19.37,19.26,19.2,19.41,19.31,19.47,1.17,0.0,0.493,0.514,0.305,0.312,0.31,0.366,0.399,0.29,0.341,0.263
2020-01-04 05:00:00,19.01,18.96,19.38,19.37,19.37,19.26,19.2,19.41,19.31,19.47,1.09,0.0,0.495,0.517,0.309,0.316,0.314,0.369,0.402,0.295,0.345,0.264
2020-01-04 05:15:00,19.0,18.96,19.38,19.36,19.37,19.27,19.21,19.41,19.31,19.47,1.01,0.0,0.496,0.518,0.309,0.317,0.316,0.369,0.4,0.294,0.345,0.264
2020-01-04 05:30:00,19.0,18.96,19.39,19.36,19.36,19.25,19.21,19.43,19.31,19.47,0.92,0.0,0.498,0.518,0.309,0.319,0.317,0.367,0.397,0.293,0.345,0.265
2020-01-04 05:45:00,19.0,18.96,19.39,19.36,19.36,19.26,19.21,19.42,19.31,19.47,0.84,0.0,0.502,0.518,0.305,0.32,0.319,0.373,0.396,0.285,0.345,0.265
2020-01-04 06:00:00,19.0,18.96,19.38,19.35,19.36,19.26,19.21,19.42,19.31,19.47,0.78,0.0,0.5,0.518,0.307,0.321,0.32,0.37,0.394,0.289,0.347,0.266
2020-01-04 06:15:00,19.0,18.97,19.38,19.35,19.36,19.27,19.21,19.41,19.3,19.47,0.71,0.0,0.501,0.518,0.308,0.323,0.321,0.369,0.394,0.292,0.347,0.267
2020-01-04 06:30:00,19.0,18.97,19.38,19.35,19.36,19.27,19.22,19.41,19.31,19.46,0.65,0.0,0.5,0.517,0.31,0.323,0.321,0.365,0.393,0.297,0.348,0.267
2020-01-04 06:45:00,19.0,18.97,19.38,19.35,19.36,19.27,19.22,19.41,19.3,19.46,0.58,0.0,0.5,0.517,0.309,0.324,0.322,0.366,0.392,0.296,0.347,0.268
2020-01-04 07:00:00,19.0,18.96,19.38,19.35,19.36,19.27,19.22,19.41,19.3,19.46,0.52,0.0,0.5,0.516,0.309,0.324,0.322,0.366,0.39,0.295,0.348,0.268
2020-01-04 07:15:00,18.99,18.96,19.38,19.35,19.35,19.26,19.22,19.4,19.29,19.46,0.46,0.0,0.502,0.518,0.311,0.327,0.322,0.367,0.391,0.297,0.35,0.269
2020-01-04 07:30:00,18.99,18.96,19.37,19.34,19.35,19.26,19.21,19.4,19.29,19.46,0.4,0.0,0.503,0.519,0.312,0.326,0.325,0.368,0.392,0.299,0.353,0.27
2020-01-04 07:45:00,18.99,18.96,19.37,19.34,19.35,19.26,19.21,19.4,19.29,19.46,0.34,0.0,0.504,0.52,0.314,0.328,0.326,0.369,0.393,0.301,0.354,0.27
2020-01-04 08:00:00,18.99,18.96,19.37,19.34,19.34,19.26,19.21,19.39,19.29,19.46,0.37,0.0,0.505,0.521,0.315,0.33,0.327,0.37,0.394,0.302,0.355,0.271
2020-01-04 08:15:00,19.0,18.97,19.37,19.34,19.34,19.27,19.22,19.4,19.29,19.46,0.4,3.8,0.503,0.519,0.316,0.331,0.329,0.37,0.394,0.304,0.356,0.272
2020-01-04 08:30:00,19.02,18.99,19.47,19.36,19.36,19.31,19.36,19.75,19.32,19.45,0.43,104.9,0.499,0.516,0.314,0.329,0.328,0.367,0.39,0.302,0.353,0.272
2020-01-04 08:45:00,19.05,19.02,19.8,19.39,19.4,19.44,19.54,20.32,19.36,19.45,0.47,206.0,0.489,0.505,0.266,0.319,0.322,0.345,0.319,0.125,0.34,0.273
2020-01-04 09:00:00,19.11,19.1,20.28,19.44,19.52,19.63,19.62,20.89,19.44,19.45,0.74,307.0,0.475,0.49,0.099,0.306,0.299,0.28,0.231,0.0,0.318,0.274
2020-01-04 09:15:00,19.19,19.2,21.11,19.52,19.73,19.84,19.63,21.59,19.55,19.45,1.02,408.1,0.443,0.452,0.0,0.281,0.241,0.187,0.189,0.0,0.278,0.274
2020-01-04 09:30:00,19.27,19.32,21.72,19.6,19.93,20.01,19.57,22.21,19.64,19.45,1.29,434.7,0.404,0.402,0.0,0.242,0.0,0.081,0.184,0.0,0.225,0.275
2020-01-04 09:45:00,19.34,19.38,22.16,19.68,20.08,20.16,19.5,22.73,19.71,19.45,1.57,461.3,0.367,0.342,0.0,0.199,0.0,0.0,0.217,0.0,0.182,0.276
2020-01-04 10:00:00,19.39,19.44,22.56,19.75,20.23,20.31,19.5,23.19,19.77,19.44,1.85,487.9,0.331,0.308,0.0,0.16,0.0,0.0,0.248,0.0,0.147,0.277
2020-01-04 10:15:00,19.44,19.51,22.97,19.85,20.37,20.48,19.54,23.67,19.86,19.44,2.13,514.5,0.304,0.279,0.0,0.124,0.0,0.0,0.248,0.0,0.114,0.278
2020-01-04 10:30:00,19.51,19.58,23.36,20.0,20.52,20.68,19.6,24.12,20.01,19.44,2.42,532.3,0.279,0.247,0.0,0.073,0.0,0.0,0.23,0.0,0.068,0.278
2020-01-04 10:45:00,19.56,19.64,23.73,20.15,20.66,20.9,19.64,24.57,20.19,19.44,2.7,550.2,0.245,0.21,0.0,0.0,0.0,0.0,0.201,0.0,0.0,0.279
2020-01-04 11:00:00,19.61,19.71,24.09,20.37,20.81,21.11,19.66,24.98,20.42,19.44,2.93,568.0,0.221,0.178,0.0,0.0,0.0,0.0,0.181,0.0,0.0,0.28
2020-01-04 11:15:00,19.66,19.77,24.43,20.64,20.96,21.33,19.68,25.37,20.7,19.44,3.16,585.8,0.196,0.147,0.0,0.0,0.0,0.0,0.17,0.0,0.0,0.281
2020-01-04 11:30:00,19.7,19.83,24.7,20.96,21.1,21.54,19.69,25.71,21.04,19.43,3.38,588.3,0.171,0.115,0.0,0.0,0.0,0.0,0.162,0.0,0.0,0.282
2020-01-04 11:45:00,19.73,19.88,24.95,21.32,21.22,21.74,19.7,26.0,21.43,19.43,3.61,590.8,0.149,0.086,0.0,0.0,0.0,0.0,0.156,0.0,0.0,0.283
2020-01-04 12:00:00,19.75,19.9,25.12,21.67,21.32,21.9,19.68,26.2,21.85,19.43,3.78,593.4,0.133,0.062,0.0,0.0,0.0,0.0,0.152,0.0,0.0,0.284
2020-01-04 12:15:00,19.77,19.92,25.27,22.01,21.41,22.04,19.68,26.37,22.34,19.43,3.94,595.9,0.123,0.05,0.0,0.0,0.0,0.0,0.158,0.0,0.0,0.285
2020-01-04 12:30:00,19.79,19.95,25.38,22.33,21.5,22.17,19.69,26.49,22.78,19.43,4.1,591.4,0.114,0.038,0.0,0.0,0.0,0.0,0.159,0.0,0.0,0.286
2020-01-04 12:45:00,19.8,19.97,25.46,22.62,21.58,22.28,19.69,26.56,23.18,19.43,4.26,586.8,0.106,0.025,0.0,0.0,0.0,0.0,0.157,0.0,0.0,0.286
2020-01-04 13:00:00,19.81,19.98,25.5,22.92,21.65,22.39,19.7,26.6,23.58,19.42,4.34,582.3,0.1,0.016,0.0,0.0,0.0,0.0,0.155,0.0,0.0,0.287
2020-01-04 13:15:00,19.82,20.0,25.52,23.22,21.72,22.5,19.7,26.6,23.95,19.42,4.41,577.8,0.095,0.008,0.0,0.0,0.0,0.0,0.151,0.0,0.0,0.288
2020-01-04 13:30:00,19.82,20.01,25.49,23.48,21.77,22.57,19.61,26.54,24.27,19.42,4.49,553.4,0.09,0.0,0.0,0.0,0.0,0.0,0.0,0.0,0.0,0.289
2020-01-04 13:45:00,19.82,20.01,25.39,23.7,21.8,22.62,19.57,26.42,24.55,19.42,4.56,529.0,0.09,0.0,0.0,0.0,0.0,0.0,0.195,0.0,0.0,0.29
2020-01-04 14:00:00,19.81,20.01,25.27,23.92,21.8,22.65,19.61,26.23,24.8,19.42,4.56,504.6,0.091,0.0,0.0,0.0,0.0,0.0,0.217,0.0,0.0,0.291
2020-01-04 14:15:00,19.76,19.94,25.09,24.03,21.85,22.66,19.65,26.02,24.97,19.41,4.56,480.2,0.097,0.0,0.0,0.0,0.0,0.0,0.196,0.0,0.0,0.292
2020-01-04 14:30:00,19.79,19.99,24.92,24.19,21.78,22.63,19.65,25.76,25.12,19.41,4.56,452.1,0.118,0.029,0.0,0.0,0.0,0.0,0.174,0.0,0.0,0.293
2020-01-04 14:45:00,19.71,19.87,24.67,24.22,21.82,22.59,19.62,25.48,25.2,19.41,4.56,424.0,0.106,0.005,0.0,0.0,0.0,0.0,0.175,0.0,0.0,0.294
2020-01-04 15:00:00,19.71,19.88,24.47,24.29,21.72,22.49,19.59,25.18,25.23,19.41,4.45,395.9,0.144,0.065,0.0,0.0,0.0,0.0,0.189,0.0,0.0,0.295
2020-01-04 15:15:00,19.65,19.82,24.19,23.98,21.6,22.37,19.55,24.82,25.2,19.41,4.34,367.9,0.147,0.058,0.0,0.0,0.0,0.0,0.206,0.0,0.0,0.296
2020-01-04 15:30:00,19.56,19.68,23.86,23.35,21.41,22.2,19.51,24.45,24.98,19.4,4.23,277.2,0.173,0.09,0.0,0.0,0.0,0.0,0.225,0.0,0.0,0.297
2020-01-04 15:45:00,19.48,19.58,23.5,22.88,21.18,21.98,19.47,24.02,24.63,19.4,4.12,186.6,0.22,0.16,0.0,0.0,0.0,0.0,0.243,0.0,0.0,0.298
2020-01-04 16:00:00,19.4,19.46,23.15,22.52,20.99,21.67,19.44,23.59,23.99,19.4,3.91,96.0,0.259,0.208,0.0,0.0,0.0,0.0,0.264,0.0,0.0,0.299
2020-01-04 16:15:00,19.32,19.37,22.83,22.16,20.8,21.28,19.39,23.13,23.25,19.4,3.7,5.4,0.302,0.268,0.0,0.0,0.0,0.0,0.282,0.0,0.0,0.299
2020-01-04 16:30:00,19.27,19.32,22.55,21.85,20.65,20.96,19.35,22.72,22.68,19.4,3.49,0.0,0.339,0.313,0.0,0.0,0.0,0.0,0.307,0.0,0.0,0.3
2020-01-04 16:45:00,19.23,19.26,22.3,21.58,20.52,20.66,19.34,22.33,22.18,19.4,3.28,0.0,0.364,0.342,0.0,0.0,0.0,0.0,0.326,0.0,0.0,0.301
2020-01-04 17:00:00,19.2,19.22,22.07,21.34,20.4,20.4,19.34,22.0,21.77,19.4,3.19,0.0,0.385,0.37,0.0,0.0,0.0,0.0,0.332,0.0,0.0,0.302
2020-01-04 17:15:00,19.18,19.19,21.86,21.13,20.3,20.15,19.33,21.69,21.4,19.39,3.1,0.0,0.398,0.39,0.0,0.0,0.0,0.0,0.332,0.0,0.0,0.302
2020-01-04 17:30:00,19.15,19.15,21.65,20.91,20.26,19.99,19.32,21.39,21.08,19.39,3.02,0.0,0.409,0.405,0.0,0.0,0.0,0.0,0.334,0.0,0.0,0.303
2020-01-04 17:45:00,19.18,19.21,21.52,20.82,20.09,19.75,19.31,21.19,20.88,19.39,2.93,0.0,0.423,0.426,0.0,0.0,0.0,0.005,0.338,0.0,0.0,0.304
2020-01-04 18:00:00,19.12,19.09,21.32,20.61,20.11,19.64,19.31,20.94,20.59,19.39,2.82,0.0,0.409,0.397,0.0,0.0,0.0,0.125,0.343,0.0,0.0,0.304
2020-01-04 18:15:00,19.15,19.17,21.21,20.52,19.92,19.46,19.3,20.76,20.4,19.39,2.71,0.0,0.442,0.456,0.0,0.0,0.0,0.182,0.346,0.0,0.0,0.305
2020-01-04 18:30:00,19.08,19.03,21.02,20.32,19.96,19.43,19.3,20.55,20.17,19.39,2.6,0.0,0.424,0.416,0.0,0.0,0.0,0.268,0.349,0.0,0.0,0.305
2020-01-04 18:45:00,19.12,19.13,20.93,20.24,19.77,19.36,19.29,20.42,20.03,19.39,2.49,0.0,0.461,0.485,0.0,0.0,0.0,0.284,0.352,0.0,0.0,0.306
2020-01-04 19:00:00,19.05,18.99,20.75,20.05,19.83,19.35,19.28,20.26,19.86,19.39,2.4,0.0,0.438,0.435,0.0,0.0,0.0,0.32,0.355,0.0,0.0,0.306
2020-01-04 19:15:00,19.1,19.11,20.67,19.98,19.63,19.31,19.28,20.14,19.76,19.39,2.32,0.0,0.476,0.504,0.0,0.0,0.0,0.325,0.359,0.0,0.07,0.307
2020-01-04 19:30:00,19.03,18.97,20.49,19.8,19.7,19.31,19.27,20.0,19.68,19.39,2.23,0.0,0.449,0.447,0.0,0.0,0.0,0.344,0.362,0.0,0.12,0.307
2020-01-04 19:45:00,19.08,19.07,20.42,19.81,19.51,19.29,19.26,19.88,19.64,19.38,2.14,0.0,0.483,0.515,0.0,0.098,0.0,0.347,0.366,0.0,0.16,0.307
2020-01-04 20:00:00,19.01,18.94,20.25,19.68,19.6,19.28,19.26,19.79,19.61,19.38,2.05,0.0,0.461,0.465,0.0,0.094,0.246,0.357,0.369,0.06,0.18,0.308
2020-01-04 20:15:00,19.06,19.05,20.2,19.68,19.41,19.28,19.26,19.73,19.6,19.38,1.95,0.0,0.493,0.531,0.0,0.161,0.0,0.359,0.369,0.107,0.193,0.308
2020-01-04 20:30:00,19.0,18.93,20.05,19.58,19.51,19.29,19.26,19.69,19.58,19.38,1.85,0.0,0.469,0.477,0.0,0.162,0.293,0.359,0.369,0.136,0.201,0.308
2020-01-04 20:45:00,19.05,19.04,20.0,19.61,19.36,19.29,19.26,19.67,19.57,19.38,1.76,0.0,0.499,0.537,0.0,0.21,0.243,0.357,0.37,0.154,0.208,0.308
2020-01-04 21:00:00,19.0,18.93,19.86,19.52,19.45,19.29,19.25,19.64,19.55,19.38,1.66,0.0,0.473,0.482,0.002,0.194,0.318,0.354,0.371,0.165,0.214,0.309
2020-01-04 21:15:00,19.03,19.01,19.85,19.54,19.32,19.28,19.24,19.62,19.53,19.38,1.57,0.0,0.499,0.534,0.07,0.242,0.277,0.355,0.376,0.179,0.224,0.309
2020-01-04 21:30:00,18.99,18.92,19.74,19.46,19.4,19.28,19.23,19.6,19.51,19.38,1.47,0.0,0.484,0.496,0.077,0.23,0.342,0.359,0.38,0.19,0.235,0.309
2020-01-04 21:45:00,19.01,18.98,19.73,19.49,19.29,19.27,19.23,19.58,19.49,19.38,1.38,0.0,0.504,0.541,0.129,0.268,0.302,0.361,0.384,0.2,0.245,0.309
2020-01-04 22:00:00,18.98,18.92,19.66,19.44,19.35,19.27,19.22,19.57,19.48,19.38,1.28,0.0,0.493,0.509,0.137,0.257,0.353,0.364,0.387,0.209,0.253,0.309
2020-01-04 22:15:00,19.01,18.97,19.66,19.46,19.28,19.27,19.22,19.56,19.47,19.38,1.18,0.0,0.508,0.542,0.169,0.282,0.324,0.365,0.388,0.215,0.259,0.309
2020-01-04 22:30:00,18.98,18.92,19.61,19.42,19.33,19.27,19.22,19.55,19.46,19.38,1.08,0.0,0.497,0.515,0.171,0.27,0.359,0.365,0.389,0.221,0.264,0.309
2020-01-04 22:45:00,18.99,18.96,19.61,19.44,19.28,19.26,19.21,19.53,19.45,19.38,0.98,0.0,0.51,0.538,0.194,0.289,0.335,0.367,0.391,0.227,0.269,0.309
2020-01-04 23:00:00,18.97,18.92,19.57,19.4,19.31,19.26,19.21,19.52,19.44,19.38,0.89,0.0,0.503,0.521,0.197,0.282,0.362,0.368,0.393,0.233,0.275,0.31
2020-01-04 23:15:00,18.98,18.94,19.56,19.41,19.27,19.26,19.21,19.51,19.43,19.38,0.8,0.0,0.514,0.541,0.216,0.301,0.345,0.37,0.395,0.238,0.279,0.31
2020-01-04 23:30:00,18.97,18.92,19.53,19.38,19.29,19.26,19.2,19.5,19.42,19.38,0.7,0.0,0.51,0.529,0.219,0.296,0.365,0.371,0.396,0.243,0.284,0.31
2020-01-04 23:45:00,18.97,18.93,19.53,19.39,19.26,19.25,19.2,19.49,19.41,19.38,0.61,0.0,0.517,0.542,0.233,0.309,0.353,0.372,0.398,0.248,0.289,0.31
2020-01-05 00:00:00,18.96,18.91,19.5,19.36,19.28,19.24,19.19,19.47,19.39,19.38,0.55,0.0,0.514,0.533,0.235,0.306,0.368,0.374,0.399,0.253,0.295,0.31
2020-01-05 00:15:00,18.96,18.92,19.49,19.35,19.25,19.23,19.18,19.45,19.37,19.38,0.5,0.0,0.521,0.545,0.251,0.321,0.359,0.379,0.406,0.263,0.307,0.31
2020-01-05 00:30:00,18.95,18.9,19.46,19.33,19.26,19.22,19.17,19.44,19.35,19.38,0.44,0.0,0.521,0.54,0.257,0.325,0.373,0.385,0.411,0.273,0.316,0.31
2020-01-05 00:45:00,18.94,18.9,19.45,19.32,19.24,19.22,19.16,19.43,19.34,19.38,0.38,0.0,0.527,0.551,0.27,0.337,0.369,0.389,0.415,0.281,0.324,0.31
2020-01-05 01:00:00,18.94,18.89,19.43,19.3,19.25,19.21,19.16,19.42,19.33,19.38,0.31,0.0,0.528,0.549,0.277,0.341,0.379,0.392,0.419,0.287,0.33,0.31
2020-01-05 01:15:00,18.93,18.89,19.42,19.3,19.24,19.21,19.16,19.41,19.32,19.38,0.24,0.0,0.532,0.555,0.284,0.348,0.376,0.394,0.42,0.29,0.334,0.311
2020-01-05 01:30:00,18.93,18.88,19.41,19.29,19.24,19.21,19.15,19.41,19.32,19.38,0.17,0.0,0.533,0.554,0.289,0.351,0.382,0.395,0.422,0.293,0.338,0.311
2020-01-05 01:45:00,18.92,18.87,19.4,19.29,19.23,19.2,19.13,19.4,19.32,19.38,0.1,0.0,0.536,0.559,0.295,0.356,0.381,0.397,0.424,0.297,0.342,0.311
2020-01-05 02:00:00,18.92,18.87,19.4,19.28,19.23,19.2,19.13,19.4,19.32,19.38,0.05,0.0,0.538,0.563,0.3,0.354,0.385,0.399,0.436,0.301,0.338,0.311
2020-01-05 02:15:00,18.92,18.87,19.39,19.28,19.23,19.2,19.14,19.39,19.31,19.38,-0.01,0.0,0.539,0.563,0.302,0.358,0.385,0.398,0.434,0.302,0.342,0.311
2020-01-05 02:30:00,18.92,18.87,19.39,19.28,19.23,19.2,19.14,19.39,19.31,19.38,-0.07,0.0,0.54,0.564,0.304,0.359,0.386,0.399,0.431,0.303,0.344,0.312
2020-01-05 02:45:00,18.92,18.87,19.38,19.28,19.23,19.2,19.14,19.39,19.3,19.38,-0.13,0.0,0.54,0.564,0.307,0.36,0.386,0.399,0.43,0.305,0.347,0.312
2020-01-05 03:00:00,18.92,18.88,19.38,19.28,19.23,19.2,19.14,19.38,19.3,19.38,-0.15,0.0,0.541,0.564,0.309,0.362,0.387,0.399,0.429,0.307,0.349,0.312
2020-01-05 03:15:00,18.92,18.88,19.38,18.97,19.22,19.2,19.15,19.38,19.3,19.37,-0.18,0.0,0.54,0.562,0.31,0.0,0.387,0.399,0.429,0.308,0.35,0.312
2020-01-05 03:30:00,18.92,18.87,19.37,18.82,19.19,19.2,19.15,19.38,19.3,19.37,-0.2,0.0,0.538,0.56,0.311,0.0,0.392,0.399,0.427,0.309,0.351,0.313
2020-01-05 03:45:00,18.92,18.87,19.37,18.81,19.16,19.2,19.15,19.38,19.29,19.37,-0.23,0.0,0.541,0.565,0.315,0.0,0.406,0.398,0.427,0.31,0.352,0.313
2020-01-05 04:00:00,18.91,18.86,19.35,18.72,19.17,19.2,19.14,19.36,19.27,19.37,-0.27,0.0,0.541,0.564,0.316,0.0,0.418,0.398,0.423,0.311,0.356,0.313
2020-01-05 04:15:00,18.91,19.07,19.34,18.63,19.14,19.01,19.13,19.35,19.07,19.37,-0.3,0.0,0.546,0.871,0.325,0.0,0.414,0.0,0.429,0.319,0.0,0.314
2020-01-05 04:30:00,18.9,19.06,19.33,18.55,19.15,18.78,19.13,19.29,18.76,19.37,-0.33,0.0,0.546,0.765,0.329,0.0,0.432,0.0,0.434,0.327,0.0,0.314
2020-01-05 04:45:00,18.89,19.06,19.31,18.47,19.13,18.5,19.12,19.22,18.42,19.37,-0.37,0.0,0.55,0.772,0.336,0.0,0.427,0.0,0.437,0.357,0.0,0.314
2020-01-05 05:00:00,18.9,19.1,19.32,18.42,19.1,18.31,19.12,19.17,18.2,19.37,-0.4,0.0,0.554,0.771,0.343,0.0,0.434,0.0,0.441,0.388,0.0,0.315
2020-01-05 05:15:00,18.89,19.12,19.31,18.35,19.1,18.15,18.88,19.14,18.0,19.37,-0.43,0.0,0.552,0.751,0.342,0.0,0.45,0.0,0.0,0.415,0.0,0.315
2020-01-05 05:30:00,18.89,19.13,19.31,18.32,19.07,18.04,18.52,19.11,17.86,19.37,-0.46,0.0,0.555,0.742,0.346,0.0,0.45,0.0,0.0,0.431,0.0,0.316
2020-01-05 05:45:00,18.89,19.14,19.3,18.27,19.06,17.92,18.12,19.09,17.71,19.37,-0.49,0.0,0.554,0.735,0.346,0.0,0.463,0.0,0.0,0.447,0.0,0.316
2020-01-05 06:00:00,18.88,19.14,19.29,18.21,19.06,17.81,17.79,19.08,17.57,19.37,-0.51,0.0,0.555,0.728,0.348,0.0,0.469,0.0,0.0,0.457,0.0,0.316
2020-01-05 06:15:00,18.88,19.15,19.29,18.18,19.11,17.73,17.61,19.05,17.44,19.46,-0.53,0.0,0.559,0.729,0.354,0.0,1.0,0.0,0.107,0.46,0.0,1.0
2020-01-05 06:30:00,18.89,19.16,19.29,18.17,19.11,17.64,17.55,19.04,17.33,19.62,-0.55,0.0,0.559,0.726,0.355,0.0,1.0,0.0,0.196,0.473,0.0,1.0
2020-01-05 06:45:00,18.88,19.17,19.28,18.12,19.11,17.56,17.57,19.02,17.2,19.76,-0.57,0.0,0.556,0.72,0.353,0.0,1.0,0.0,0.224,0.479,0.0,1.0
2020-01-05 07:00:00,18.89,19.17,19.29,18.1,19.1,17.48,17.58,19.01,17.12,19.89,-0.6,0.0,0.559,0.714,0.358,0.0,1.0,0.0,0.213,0.492,0.0,1.0
2020-01-05 07:15:00,19.18,19.18,19.29,18.07,19.13,17.45,17.58,19.13,17.04,19.99,-0.63,0.0,1.0,0.715,0.356,0.0,1.0,0.0,0.212,1.0,0.041,1.0
2020-01-05 07:30:00,19.34,19.19,19.3,18.06,19.18,17.41,17.57,19.36,17.02,20.11,-0.65,0.0,1.0,0.708,0.355,0.0,1.0,0.0,0.211,0.987,0.079,1.0
2020-01-05 07:45:00,19.41,19.2,19.3,18.06,19.2,17.48,17.57,19.44,16.99,20.21,-0.68,0.0,1.0,0.706,0.351,0.0,1.0,0.0,0.214,0.87,0.09,0.994
2020-01-05 08:00:00,19.5,19.21,19.3,18.04,19.23,17.45,17.56,19.52,17.03,20.3,-0.65,0.0,1.0,0.701,0.348,0.0,1.0,0.0,0.217,0.83,0.103,0.945
2020-01-05 08:15:00,19.59,19.23,19.7,18.04,19.28,17.47,17.56,19.52,17.01,20.36,-0.63,3.0,1.0,0.696,1.0,0.0,1.0,0.0,0.222,0.79,0.084,0.901
2020-01-05 08:30:00,19.69,19.26,20.04,18.07,19.36,17.45,17.67,19.78,17.02,20.44,-0.6,68.9,1.0,0.686,1.0,0.0,1.0,0.0,0.22,0.791,0.094,0.869
2020-01-05 08:45:00,19.78,19.3,20.35,18.12,19.49,17.6,17.76,20.07,17.05,20.48,-0.57,134.9,1.0,0.67,1.0,0.0,1.0,0.0,0.164,0.659,0.089,0.832
2020-01-05 09:00:00,19.92,19.38,20.87,18.21,19.65,17.76,17.81,20.48,17.15,20.54,-0.31,200.9,1.0,0.65,0.976,0.0,1.0,0.0,0.119,0.515,0.076,0.808
2020-01-05 09:15:00,20.05,19.47,21.42,18.34,19.84,17.94,17.79,20.85,17.24,20.58,-0.04,266.8,0.991,0.609,0.717,0.0,1.0,0.0,0.097,0.312,0.024,0.782
2020-01-05 09:30:00,20.15,19.57,21.8,18.47,20.03,18.09,17.72,21.16,17.31,20.62,0.23,291.0,0.926,0.565,0.442,0.0,0.978,0.0,0.107,0.125,0.0,0.761
2020-01-05 09:45:00,20.24,19.63,22.11,18.58,20.16,18.22,17.66,21.41,17.37,20.66,0.49,315.1,0.873,0.514,0.25,0.0,0.884,0.0,0.141,0.0,0.0,0.74
2020-01-05 10:00:00,20.32,19.69,22.4,18.7,20.22,18.3,17.68,21.68,17.44,20.69,0.75,339.2,0.828,0.485,0.095,0.0,0.818,0.0,0.168,0.0,0.0,0.721
2020-01-05 10:15:00,20.38,19.7,22.58,18.73,20.39,18.46,17.73,21.91,17.49,20.72,1.0,363.4,0.791,0.456,0.0,0.0,0.789,0.0,0.161,0.0,0.0,0.703
2020-01-05 10:30:00,20.46,19.81,22.85,18.93,20.42,18.57,17.77,22.18,17.66,20.75,1.25,372.6,0.762,0.452,0.0,0.0,0.704,0.0,0.134,0.0,0.0,0.689
2020-01-05 10:45:00,20.52,19.81,23.02,19.01,20.63,18.75,17.8,22.41,17.81,20.77,1.51,381.9,0.722,0.396,0.0,0.0,0.688,0.0,0.113,0.0,0.0,0.675
2020-01-05 11:00:00,20.58,19.94,23.3,19.27,20.64,18.88,17.81,22.66,18.03,20.8,1.72,391.2,0.692,0.396,0.0,0.0,0.585,0.0,0.101,0.0,0.0,0.663
2020-01-05 11:15:00,20.63,19.91,23.43,19.37,20.88,19.06,17.82,22.87,18.25,20.82,1.93,400.4,0.661,0.332,0.0,0.0,0.578,0.0,0.096,0.0,0.0,0.652
2020-01-05 11:30:00,20.69,20.04,23.63,19.63,20.95,19.23,17.83,23.07,18.51,20.83,2.14,396.3,0.636,0.344,0.0,0.0,0.462,0.0,0.089,0.0,0.0,0.642
2020-01-05 11:45:00,20.75,20.09,23.81,19.91,21.01,19.36,17.83,23.24,18.83,20.85,2.35,392.2,0.604,0.28,0.0,0.0,0.424,0.0,0.086,0.0,0.0,0.634
2020-01-05 12:00:00,20.76,20.04,23.84,20.03,21.19,19.51,17.84,23.32,19.1,20.87,2.5,388.1,0.575,0.254,0.0,0.0,0.397,0.0,0.083,0.0,0.0,0.624
2020-01-05 12:15:00,20.82,20.16,23.97,20.29,21.23,19.62,17.84,23.43,19.4,20.88,2.66,384.0,0.571,0.28,0.0,0.0,0.304,0.0,0.082,0.0,0.0,0.616
2020-01-05 12:30:00,20.86,20.17,24.06,20.56,21.33,19.74,17.84,23.5,19.8,20.9,2.81,387.7,0.541,0.222,0.0,0.0,0.284,0.0,0.079,0.0,0.0,0.609
2020-01-05 12:45:00,20.88,20.2,24.13,20.82,21.41,19.83,17.84,23.55,20.2,20.91,2.97,391.4,0.521,0.214,0.0,0.0,0.235,0.0,0.079,0.0,0.0,0.602
2020-01-05 13:00:00,20.9,20.21,24.17,21.09,21.47,19.91,17.83,23.57,20.53,20.92,3.05,395.1,0.51,0.202,0.0,0.0,0.197,0.0,0.08,0.0,0.0,0.596
2020-01-05 13:15:00,20.91,20.22,24.19,21.38,21.52,19.98,17.82,23.57,20.84,20.93,3.12,398.8,0.502,0.194,0.0,0.0,0.165,0.0,0.085,0.0,0.0,0.59
2020-01-05 13:30:00,20.92,20.23,24.18,21.71,21.55,20.04,17.81,23.53,21.15,20.94,3.2,395.2,0.495,0.189,0.0,0.0,0.139,0.0,0.09,0.0,0.0,0.584
2020-01-05 13:45:00,20.92,20.22,24.13,21.97,21.57,20.1,17.8,23.48,21.34,20.95,3.28,391.7,0.492,0.186,0.0,0.0,0.127,0.0,0.096,0.0,0.0,0.579
2020-01-05 14:00:00,20.91,20.21,24.05,22.25,21.59,20.14,17.8,23.38,21.64,20.96,3.31,388.2,0.492,0.192,0.0,0.0,0.115,0.0,0.098,0.0,0.0,0.574
2020-01-05 14:15:00,20.92,20.21,23.98,22.45,21.6,20.18,17.79,23.28,21.86,20.97,3.35,384.6,0.493,0.196,0.0,0.0,0.105,0.0,0.101,0.0,0.0,0.569
2020-01-05 14:30:00,20.91,20.2,23.84,22.57,21.62,20.2,17.78,23.13,22.03,20.98,3.38,360.4,0.491,0.194,0.0,0.0,0.1,0.0,0.104,0.0,0.0,0.565
2020-01-05 14:45:00,20.91,20.2,23.7,22.7,21.59,20.19,17.75,22.95,22.15,20.98,3.41,336.2,0.495,0.202,0.0,0.0,0.092,0.0,0.112,0.0,0.0,0.561
2020-01-05 15:00:00,20.88,20.15,23.53,22.77,21.59,20.16,17.73,22.74,22.23,20.99,3.34,312.0,0.497,0.202,0.0,0.0,0.105,0.0,0.123,0.0,0.0,0.558
2020-01-05 15:15:00,20.86,20.14,23.34,22.49,21.53,20.11,17.71,22.51,22.26,21.0,3.27,287.8,0.512,0.227,0.0,0.0,0.107,0.0,0.135,0.0,0.0,0.554
2020-01-05 15:30:00,20.81,20.05,23.12,21.99,21.35,19.99,17.68,22.26,22.12,21.0,3.2,217.9,0.52,0.229,0.0,0.0,0.134,0.0,0.147,0.0,0.0,0.551
2020-01-05 15:45:00,20.74,19.93,22.81,21.57,21.18,19.81,17.64,21.92,21.8,21.01,3.14,148.1,0.544,0.273,0.0,0.0,0.223,0.0,0.16,0.0,0.0,0.548
2020-01-05 16:00:00,20.67,19.85,22.52,21.25,21.04,19.58,17.6,21.59,21.28,21.02,2.92,78.3,0.582,0.333,0.0,0.0,0.31,0.0,0.18,0.0,0.0,0.545
2020-01-05 16:15:00,20.62,19.77,22.28,20.98,20.91,19.29,17.56,21.25,20.74,21.02,2.71,8.5,0.614,0.374,0.0,0.0,0.382,0.0,0.202,0.0,0.0,0.542
2020-01-05 16:30:00,20.56,19.72,22.05,20.67,20.8,19.02,17.53,20.93,20.27,21.03,2.49,0.0,0.642,0.413,0.008,0.0,0.444,0.0,0.22,0.0,0.0,0.54
2020-01-05 16:45:00,20.52,19.67,21.91,20.42,20.72,18.78,17.54,20.65,19.86,21.03,2.27,0.0,0.67,0.441,0.124,0.0,0.498,0.0,0.234,0.087,0.0,0.537
2020-01-05 17:00:00,20.51,19.65,21.79,20.25,20.66,18.59,17.54,20.47,19.54,21.04,2.23,0.0,0.688,0.464,0.197,0.0,0.538,0.0,0.232,0.224,0.0,0.535
2020-01-05 17:15:00,20.49,19.63,21.67,20.07,20.64,18.46,17.53,20.37,19.25,21.04,2.19,0.0,0.695,0.473,0.254,0.0,0.569,0.0,0.23,0.314,0.0,0.532
2020-01-05 17:30:00,20.49,19.65,21.63,19.98,20.55,18.32,17.52,20.33,19.07,21.04,2.15,0.0,0.704,0.485,0.315,0.0,0.58,0.0,0.233,0.367,0.0,0.53
2020-01-05 17:45:00,20.47,19.59,21.55,19.83,20.56,18.25,17.52,20.26,18.85,21.05,2.1,0.0,0.705,0.475,0.335,0.0,0.623,0.0,0.238,0.385,0.0,0.528
2020-01-05 18:00:00,20.47,19.63,21.52,19.78,20.48,18.14,17.51,20.23,18.69,21.05,2.03,0.0,0.714,0.503,0.376,0.0,0.619,0.0,0.242,0.419,0.0,0.526
2020-01-05 18:15:00,20.46,19.56,21.45,19.66,20.5,18.07,17.49,20.18,18.52,21.06,1.96,0.0,0.714,0.485,0.389,0.0,0.662,0.0,0.245,0.433,0.0,0.524
2020-01-05 18:30:00,20.46,19.61,21.45,19.63,20.42,17.98,17.49,20.15,18.37,21.06,1.89,0.0,0.721,0.519,0.423,0.0,0.649,0.0,0.253,0.459,0.0,0.522
2020-01-05 18:45:00,20.45,19.54,21.38,19.5,20.46,17.92,17.49,20.11,18.21,21.06,1.81,0.0,0.722,0.495,0.427,0.0,0.692,0.0,0.255,0.474,0.0,0.52
2020-01-05 19:00:00,20.45,19.6,21.39,19.5,20.36,17.85,17.49,20.08,18.08,21.07,1.75,0.0,0.727,0.528,0.458,0.0,0.672,0.0,0.255,0.496,0.0,0.518
2020-01-05 19:15:00,20.44,19.52,21.33,19.53,20.42,17.79,17.5,20.05,17.95,21.07,1.68,0.0,0.727,0.5,0.453,0.251,0.719,0.0,0.253,0.508,0.0,0.516
2020-01-05 19:30:00,20.44,19.6,21.36,19.57,20.37,17.74,17.5,20.03,17.83,21.07,1.61,0.0,0.73,0.538,0.483,0.233,0.688,0.0,0.252,0.523,0.0,0.514
2020-01-05 19:45:00,20.44,19.54,21.32,19.5,20.44,17.69,17.5,20.01,17.71,21.08,1.54,0.0,0.729,0.502,0.47,0.217,0.715,0.0,0.252,0.533,0.0,0.513
2020-01-05 20:00:00,20.43,19.6,21.33,19.57,20.36,17.64,17.48,19.98,17.58,21.08,1.48,0.0,0.73,0.529,0.49,0.251,0.682,0.0,0.252,0.544,0.0,0.511
2020-01-05 20:15:00,20.43,19.33,21.3,19.51,20.37,17.77,17.47,19.98,17.86,21.08,1.41,0.0,0.733,0.201,0.484,0.216,0.72,1.0,0.26,0.559,1.0,0.509
2020-01-05 20:30:00,20.42,19.31,21.26,19.47,20.32,18.21,17.47,20.09,18.48,21.09,1.35,0.0,0.735,0.333,0.502,0.246,0.715,1.0,0.263,0.561,1.0,0.508
2020-01-05 20:45:00,20.41,19.28,21.24,19.46,20.3,18.64,17.46,20.23,18.99,21.09,1.29,0.0,0.741,0.346,0.52,0.264,0.739,0.894,0.266,0.507,0.758,0.506
2020-01-05 21:00:00,20.4,19.22,21.22,19.44,20.3,18.89,17.46,20.28,19.16,21.09,1.22,0.0,0.745,0.361,0.531,0.269,0.749,0.68,0.27,0.435,0.505,0.505
2020-01-05 21:15:00,20.4,19.22,21.21,19.44,20.28,18.95,17.8,20.32,19.21,21.1,1.15,0.0,0.75,0.391,0.54,0.278,0.749,0.555,1.0,0.41,0.422,0.503
2020-01-05 21:30:00,20.39,19.21,21.2,19.43,20.27,19.0,18.36,20.29,19.19,21.1,1.07,0.0,0.75,0.388,0.543,0.28,0.761,0.523,1.0,0.391,0.395,0.501
2020-01-05 21:45:00,20.38,19.19,21.19,19.42,20.27,19.03,18.71,20.25,19.17,21.1,1.0,0.0,0.754,0.396,0.549,0.284,0.763,0.498,0.821,0.404,0.403,0.5
2020-01-05 22:00:00,20.38,19.19,21.19,19.43,20.26,19.04,18.83,20.24,19.17,21.11,0.91,0.0,0.759,0.403,0.555,0.288,0.763,0.485,0.643,0.424,0.415,0.498
2020-01-05 22:15:00,20.37,19.18,21.18,19.42,20.18,19.06,18.85,20.23,19.18,21.04,0.82,0.0,0.761,0.404,0.555,0.287,0.0,0.482,0.584,0.428,0.413,0.0
2020-01-05 22:30:00,20.36,19.13,21.14,19.37,20.18,19.08,18.86,20.23,19.19,20.94,0.73,0.0,0.764,0.412,0.56,0.29,0.0,0.47,0.577,0.436,0.408,0.0
2020-01-05 22:45:00,20.36,19.15,21.15,19.39,20.12,19.09,18.87,20.22,19.19,20.84,0.64,0.0,0.771,0.435,0.579,0.314,0.0,0.462,0.572,0.437,0.405,0.0
2020-01-05 23:00:00,20.34,19.1,21.11,19.34,20.14,19.1,18.88,20.21,19.19,20.75,0.56,0.0,0.771,0.425,0.575,0.304,0.0,0.453,0.564,0.44,0.405,0.0
2020-01-05 23:15:00,19.75,19.1,21.11,19.35,20.05,19.09,18.89,20.07,19.19,20.69,0.48,0.0,0.0,0.452,0.594,0.328,0.0,0.449,0.559,0.0,0.406,0.0
2020-01-05 23:30:00,19.5,19.06,21.07,19.31,19.99,19.07,18.9,19.79,19.17,20.59,0.4,0.0,0.126,0.449,0.596,0.326,0.0,0.456,0.554,0.0,0.407,0.0
2020-01-05 23:45:00,19.45,19.06,21.06,19.3,19.93,19.01,18.92,19.64,19.16,20.51,0.33,0.0,0.249,0.471,0.616,0.346,0.007,0.464,0.55,0.105,0.414,0.0
2020-01-06 00:00:00,19.3,19.03,21.03,19.27,19.92,19.0,18.92,19.53,19.14,20.43,0.26,0.0,0.275,0.471,0.621,0.352,0.034,0.493,0.542,0.181,0.421,0.0
2020-01-06 00:15:00,19.28,19.02,20.64,19.26,19.82,19.0,18.92,19.49,19.13,20.37,0.19,0.0,0.348,0.487,0.0,0.365,0.04,0.499,0.542,0.234,0.432,0.0
2020-01-06 00:30:00,19.21,18.96,20.46,19.2,19.74,19.01,18.92,19.46,19.13,20.29,0.12,0.0,0.361,0.49,0.0,0.37,0.091,0.502,0.541,0.253,0.434,0.0
2020-01-06 00:45:00,19.17,18.96,20.4,19.2,19.66,19.01,18.92,19.45,19.13,20.22,0.05,0.0,0.397,0.521,0.0,0.401,0.132,0.495,0.54,0.269,0.437,0.0
2020-01-06 01:00:00,19.13,18.92,20.27,19.18,19.66,19.02,18.91,19.44,19.15,20.15,-0.04,0.0,0.415,0.518,0.0,0.399,0.169,0.493,0.538,0.275,0.436,0.0
2020-01-06 01:15:00,19.12,18.94,20.14,19.19,19.58,19.03,18.91,19.42,19.14,20.08,-0.14,0.0,0.433,0.542,0.0,0.409,0.17,0.489,0.547,0.282,0.427,0.0
2020-01-06 01:30:00,19.08,18.89,19.99,19.16,19.57,19.03,18.92,19.41,19.13,20.02,-0.23,0.0,0.441,0.532,0.0,0.403,0.208,0.486,0.544,0.289,0.43,0.0
2020-01-06 01:45:00,19.06,18.9,19.89,19.17,19.5,19.01,18.92,19.42,19.13,19.95,-0.33,0.0,0.46,0.555,0.006,0.422,0.214,0.486,0.541,0.295,0.433,0.0
2020-01-06 02:00:00,19.03,18.86,19.81,19.13,19.5,19.02,18.92,19.4,19.12,19.89,-0.42,0.0,0.471,0.549,0.053,0.415,0.252,0.494,0.54,0.292,0.436,0.024
2020-01-06 02:15:00,19.02,18.88,19.75,19.15,19.44,19.02,18.93,19.39,19.12,19.84,-0.51,0.0,0.485,0.571,0.097,0.434,0.252,0.49,0.538,0.301,0.44,0.054
2020-01-06 02:30:00,19.0,18.84,19.69,19.12,19.45,19.02,18.93,19.38,19.12,19.79,-0.6,0.0,0.489,0.562,0.126,0.425,0.281,0.49,0.536,0.306,0.44,0.081
2020-01-06 02:45:00,19.0,18.86,19.64,19.14,19.4,19.04,18.93,19.35,19.11,19.75,-0.69,0.0,0.502,0.579,0.154,0.438,0.277,0.489,0.535,0.311,0.441,0.104
2020-01-06 03:00:00,18.98,18.84,19.6,19.12,19.41,19.03,18.94,19.35,19.12,19.72,-0.75,0.0,0.498,0.57,0.179,0.429,0.3,0.481,0.534,0.326,0.443,0.124
2020-01-06 03:15:00,18.98,18.85,19.57,19.14,19.37,19.04,18.94,19.34,19.11,19.69,-0.81,0.0,0.51,0.582,0.201,0.439,0.295,0.483,0.531,0.326,0.442,0.14
2020-01-06 03:30:00,18.96,18.83,19.54,19.12,19.38,19.04,18.94,19.34,19.11,19.66,-0.86,0.0,0.51,0.575,0.213,0.432,0.314,0.482,0.53,0.328,0.444,0.155
2020-01-06 03:45:00,18.96,18.84,19.52,19.13,19.35,19.04,18.94,19.33,19.11,19.64,-0.92,0.0,0.518,0.586,0.23,0.442,0.309,0.481,0.529,0.33,0.445,0.168
2020-01-06 04:00:00,18.95,18.82,19.49,19.11,19.36,19.04,18.95,19.33,19.11,19.62,-0.96,0.0,0.518,0.579,0.24,0.435,0.325,0.481,0.528,0.333,0.446,0.179
2020-01-06 04:15:00,18.95,18.34,19.48,19.12,19.24,19.04,18.95,19.32,19.11,19.61,-1.0,0.0,0.525,0.0,0.253,0.443,0.0,0.48,0.527,0.337,0.446,0.189
2020-01-06 04:30:00,18.91,18.16,19.43,19.07,19.15,19.04,18.95,19.31,19.1,19.59,-1.04,0.0,0.526,0.0,0.261,0.441,0.0,0.48,0.526,0.339,0.447,0.196
2020-01-06 04:45:00,18.92,18.05,19.42,19.09,19.06,19.04,18.95,19.31,19.1,19.57,-1.08,0.0,0.544,0.0,0.287,0.464,0.0,0.479,0.526,0.343,0.448,0.206
2020-01-06 05:00:00,18.89,17.87,19.38,19.08,19.02,19.04,18.95,19.3,19.1,19.56,-1.14,0.0,0.542,0.0,0.29,0.455,0.0,0.479,0.525,0.345,0.449,0.214
2020-01-06 05:15:00,18.89,17.8,19.36,18.69,18.91,19.03,18.7,19.16,19.03,19.55,-1.2,0.0,0.554,0.064,0.308,0.0,0.0,0.479,0.0,0.0,0.3,0.221
2020-01-06 05:30:00,18.87,17.71,19.33,18.44,18.82,19.01,18.28,18.89,18.94,19.54,-1.26,0.0,0.557,0.101,0.318,0.0,0.044,0.483,0.0,0.0,0.333,0.226
2020-01-06 05:45:00,18.87,17.65,19.31,18.3,18.76,18.98,17.92,18.66,18.9,19.52,-1.32,0.0,0.563,0.144,0.335,0.0,0.088,0.497,0.111,0.0,0.38,0.232
2020-01-06 06:00:00,18.86,17.6,19.29,18.17,18.72,18.96,17.76,18.46,18.88,19.51,-1.36,0.0,0.565,0.174,0.346,0.0,0.121,0.511,0.29,0.0,0.402,0.238
2020-01-06 06:15:00,18.86,17.57,19.63,18.1,18.7,18.93,17.81,18.35,18.88,19.5,-1.4,0.0,0.568,0.202,1.0,0.016,0.142,0.519,0.37,0.0,0.411,0.244
2020-01-06 06:30:00,18.86,17.58,19.82,18.09,18.71,18.92,17.9,18.2,18.87,19.49,-1.44,0.0,0.57,0.216,1.0,0.049,0.15,0.535,0.347,0.0,0.41,0.248
2020-01-06 06:45:00,18.85,17.53,19.82,18.01,18.76,18.9,17.89,18.09,18.87,19.49,-1.47,0.0,0.571,0.21,1.0,0.057,0.143,0.539,0.3,0.0,0.414,0.253
2020-01-06 07:00:00,18.85,17.56,19.92,18.03,18.7,18.89,17.86,17.99,18.86,19.48,-1.52,0.0,0.573,0.236,1.0,0.093,0.12,0.551,0.303,0.0,0.414,0.257
2020-01-06 07:15:00,18.32,17.5,19.97,17.97,18.71,18.71,17.84,17.9,18.85,19.47,-1.56,0.0,0.0,0.221,1.0,0.083,0.152,0.057,0.32,0.0,0.418,0.261
2020-01-06 07:30:00,18.1,17.49,20.06,17.93,18.66,18.44,17.82,17.75,18.82,19.46,-1.61,0.0,0.0,0.249,1.0,0.115,0.145,0.146,0.329,0.0,0.426,0.264
2020-01-06 07:45:00,17.94,17.47,20.1,17.91,18.65,18.34,17.82,17.59,18.74,19.46,-1.65,0.0,0.0,0.255,1.0,0.135,0.172,0.278,0.338,0.0,0.442,0.268
2020-01-06 08:00:00,17.81,17.48,20.16,17.9,18.61,18.27,17.82,17.5,18.73,19.45,-1.62,0.0,0.031,0.266,1.0,0.146,0.173,0.332,0.341,0.003,0.479,0.272
2020-01-06 08:15:00,17.73,17.45,20.2,17.87,18.61,18.26,17.83,17.43,18.73,19.54,-1.6,4.8,0.095,0.262,1.0,0.149,0.194,0.367,0.34,0.052,0.485,1.0
2020-01-06 08:30:00,17.7,17.47,20.29,17.89,18.58,18.27,17.91,17.59,18.77,19.7,-1.57,53.8,0.137,0.276,1.0,0.165,0.194,0.369,0.336,0.083,0.484,0.978
2020-01-06 08:45:00,17.65,17.46,20.46,17.87,18.63,18.35,17.98,17.83,18.8,19.84,-1.54,102.7,0.149,0.263,1.0,0.155,0.209,0.365,0.296,0.007,0.466,0.898
2020-01-06 09:00:00,17.66,17.52,20.75,17.92,18.7,18.45,18.04,18.16,18.87,19.93,-1.36,151.7,0.174,0.272,0.971,0.165,0.186,0.324,0.258,0.0,0.451,0.83
2020-01-06 09:15:00,17.68,17.58,21.18,17.98,18.83,18.54,18.05,18.62,18.95,20.01,-1.17,200.6,0.17,0.241,0.825,0.141,0.152,0.274,0.231,0.0,0.414,0.787
2020-01-06 09:30:00,17.71,17.67,21.4,18.05,18.93,18.59,18.03,19.03,18.98,20.08,-0.99,213.8,0.158,0.208,0.612,0.109,0.087,0.23,0.223,0.0,0.376,0.745
2020-01-06 09:45:00,17.72,17.69,21.54,18.09,18.98,18.65,18.01,19.37,19.02,20.13,-0.8,227.0,0.143,0.165,0.502,0.075,0.037,0.204,0.236,0.0,0.358,0.712
2020-01-06 10:00:00,17.74,17.72,21.67,18.13,18.97,18.67,18.0,19.63,19.05,20.18,-0.62,240.1,0.138,0.154,0.428,0.057,0.009,0.175,0.247,0.0,0.342,0.684
2020-01-06 10:15:00,17.7,17.67,21.74,18.08,19.08,18.73,18.04,19.84,19.07,20.22,-0.45,253.3,0.132,0.138,0.363,0.037,0.016,0.163,0.25,0.0,0.325,0.659
2020-01-06 10:30:00,17.75,17.75,22.0,18.2,19.1,18.8,18.07,20.15,19.15,20.25,-0.27,288.6,0.149,0.167,0.332,0.058,0.0,0.136,0.231,0.0,0.315,0.64
2020-01-06 10:45:00,17.77,17.79,22.24,18.3,19.2,18.91,18.09,20.51,19.28,20.28,-0.09,323.8,0.125,0.123,0.199,0.001,0.0,0.098,0.217,0.0,0.273,0.625
2020-01-06 11:00:00,17.79,17.83,22.44,18.43,19.28,19.0,18.1,20.87,19.41,20.31,0.09,359.1,0.113,0.103,0.082,0.0,0.0,0.047,0.206,0.0,0.21,0.609
2020-01-06 11:15:00,17.82,17.87,22.65,18.61,19.37,19.1,18.11,21.22,19.56,20.33,0.28,394.3,0.104,0.086,0.0,0.0,0.0,0.0,0.199,0.0,0.144,0.596
2020-01-06 11:30:00,17.85,17.94,22.78,18.83,19.36,19.15,18.12,21.49,19.71,20.36,0.46,371.4,0.092,0.065,0.0,0.0,0.0,0.0,0.194,0.0,0.07,0.584
2020-01-06 11:45:00,17.79,17.81,22.72,18.88,19.55,19.25,18.13,21.55,19.72,20.38,0.65,348.5,0.073,0.029,0.0,0.0,0.0,0.0,0.189,0.0,0.0,0.572
2020-01-06 12:00:00,17.89,18.01,22.77,19.07,19.4,19.24,18.13,21.58,19.79,20.39,0.76,325.7,0.107,0.095,0.0,0.0,0.0,0.0,0.184,0.0,0.0,0.562
2020-01-06 12:15:00,17.77,17.78,22.6,19.08,19.6,19.26,18.13,21.53,19.81,20.41,0.87,302.8,0.055,0.0,0.0,0.0,0.0,0.0,0.186,0.0,0.0,0.554
2020-01-06 12:30:00,17.92,18.07,22.68,19.31,19.35,19.23,18.15,21.51,19.91,20.42,0.98,296.8,0.117,0.108,0.0,0.0,0.0,0.0,0.185,0.0,0.0,0.546
2020-01-06 12:45:00,17.8,17.88,22.55,19.37,19.5,19.25,18.16,21.46,19.98,20.43,1.09,290.7,0.041,0.0,0.0,0.0,0.0,0.0,0.177,0.0,0.0,0.539
2020-01-06 13:00:00,17.79,17.82,22.39,19.49,19.55,19.26,18.15,21.37,20.09,20.45,1.16,284.7,0.098,0.058,0.0,0.0,0.0,0.0,0.168,0.0,0.0,0.534
2020-01-06 13:15:00,17.88,18.01,22.43,19.69,19.33,19.24,18.16,21.29,20.17,20.46,1.24,278.7,0.104,0.091,0.004,0.0,0.0,0.0,0.175,0.0,0.0,0.527
2020-01-06 13:30:00,17.76,17.8,22.33,19.83,19.42,19.24,18.16,21.24,20.28,20.46,1.31,297.7,0.059,0.0,0.0,0.0,0.0,0.0,0.169,0.0,0.0,0.522
2020-01-06 13:45:00,17.76,17.8,22.28,20.07,19.46,19.23,18.16,21.22,20.52,20.47,1.39,316.7,0.119,0.098,0.037,0.0,0.0,0.0,0.169,0.0,0.0,0.518
2020-01-06 14:00:00,17.8,17.87,22.31,20.32,19.44,19.29,18.15,21.19,20.69,20.48,1.42,335.7,0.12,0.102,0.062,0.0,0.0,0.0,0.172,0.0,0.0,0.513
2020-01-06 14:15:00,17.77,17.84,22.26,20.57,19.47,19.33,18.13,21.16,20.95,20.49,1.44,354.7,0.102,0.063,0.046,0.0,0.0,0.0,0.177,0.0,0.0,0.51
2020-01-06 14:30:00,17.77,17.85,22.18,20.77,19.45,19.33,18.11,21.08,21.18,20.49,1.46,343.9,0.115,0.082,0.069,0.0,0.0,0.0,0.185,0.0,0.0,0.506
2020-01-06 14:45:00,17.73,17.78,22.06,20.85,19.5,19.37,18.08,20.93,21.28,20.5,1.49,333.0,0.116,0.075,0.111,0.0,0.0,0.0,0.197,0.0,0.0,0.503
2020-01-06 15:00:00,17.75,17.85,22.02,21.09,19.43,19.31,18.07,20.82,21.5,20.51,1.44,322.2,0.137,0.108,0.171,0.0,0.0,0.0,0.209,0.0,0.0,0.5
2020-01-06 15:15:00,17.68,17.73,21.87,20.8,19.53,19.34,18.05,20.63,21.58,20.51,1.4,311.3,0.126,0.077,0.188,0.0,0.0,0.0,0.215,0.0,0.0,0.497
2020-01-06 15:30:00,17.69,17.77,21.77,20.42,19.33,19.25,18.02,20.45,21.54,20.51,1.36,235.8,0.161,0.133,0.266,0.0,0.0,0.0,0.225,0.0,0.0,0.495
2020-01-06 15:45:00,17.61,17.68,21.58,20.07,19.23,19.16,17.98,20.15,21.28,20.52,1.31,160.3,0.156,0.113,0.316,0.0,0.0,0.0,0.238,0.0,0.0,0.493
2020-01-06 16:00:00,17.56,17.6,21.43,19.84,19.1,18.9,17.95,19.91,20.85,20.52,1.16,84.8,0.193,0.158,0.41,0.0,0.0,0.0,0.26,0.0,0.0,0.491
2020-01-06 16:15:00,17.5,17.54,21.3,19.58,18.98,18.62,17.92,19.59,20.27,20.53,1.0,9.3,0.222,0.2,0.483,0.0,0.0,0.051,0.273,0.0,0.0,0.489
2020-01-06 16:30:00,17.45,17.48,21.2,19.35,18.9,18.38,17.89,19.31,19.83,20.53,0.84,0.0,0.252,0.232,0.552,0.0,0.008,0.19,0.289,0.0,0.0,0.487
2020-01-06 16:45:00,17.43,17.46,21.13,19.17,18.84,18.25,17.88,19.08,19.5,20.53,0.69,0.0,0.273,0.258,0.602,0.0,0.049,0.312,0.304,0.0,0.0,0.485
2020-01-06 17:00:00,17.42,17.45,21.07,19.0,18.82,18.28,17.89,18.88,19.24,20.54,0.63,0.0,0.283,0.269,0.637,0.0,0.08,0.374,0.308,0.0,0.1,0.484
2020-01-06 17:15:00,17.44,17.48,21.06,18.87,18.76,18.22,17.89,18.77,19.23,20.54,0.58,0.0,0.288,0.275,0.666,0.0,0.088,0.358,0.306,0.0,0.228,0.482
2020-01-06 17:30:00,17.41,17.43,21.0,18.73,18.78,18.29,17.89,18.62,19.13,20.54,0.53,0.0,0.281,0.259,0.671,0.0,0.122,0.39,0.305,0.0,0.234,0.481
2020-01-06 17:45:00,17.44,17.49,21.01,18.62,18.7,18.28,17.89,18.51,19.16,20.54,0.48,0.0,0.297,0.287,0.7,0.0,0.112,0.355,0.305,0.0,0.286,0.479
2020-01-06 18:00:00,17.4,17.41,20.95,18.5,18.75,18.31,17.88,18.38,19.11,20.55,0.42,0.0,0.282,0.257,0.696,0.0,0.149,0.362,0.307,0.0,0.272,0.478
2020-01-06 18:15:00,17.43,17.49,20.97,18.43,18.66,18.3,17.87,18.26,19.11,20.55,0.37,0.0,0.301,0.293,0.725,0.0,0.124,0.345,0.311,0.0,0.294,0.477
2020-01-06 18:30:00,17.38,17.38,20.9,18.3,18.73,18.32,17.86,18.13,19.07,20.55,0.31,0.0,0.284,0.257,0.714,0.0,0.171,0.349,0.315,0.0,0.297,0.476
2020-01-06 18:45:00,17.43,17.49,20.94,18.27,18.6,18.3,17.86,18.02,19.06,20.55,0.25,0.0,0.31,0.309,0.752,0.0,0.137,0.342,0.318,0.0,0.315,0.475
2020-01-06 19:00:00,17.36,17.35,20.85,18.13,18.71,18.3,17.86,17.92,19.03,20.55,0.2,0.0,0.286,0.257,0.732,0.0,0.2,0.349,0.32,0.0,0.321,0.474
2020-01-06 19:15:00,17.44,17.51,20.92,18.16,18.54,18.29,17.86,17.83,19.02,20.56,0.14,0.0,0.32,0.324,0.775,0.034,0.147,0.351,0.32,0.0,0.334,0.473
2020-01-06 19:30:00,17.34,17.32,20.81,18.0,18.71,18.28,17.86,17.75,19.0,20.56,0.08,0.0,0.282,0.247,0.741,0.018,0.228,0.356,0.321,0.0,0.34,0.472
2020-01-06 19:45:00,17.44,17.53,20.91,18.13,18.49,18.27,17.85,17.67,18.99,20.56,0.03,0.0,0.329,0.338,0.796,0.099,0.145,0.359,0.322,0.0,0.348,0.471
2020-01-06 20:00:00,17.31,17.26,20.76,17.9,18.74,18.26,17.85,17.59,18.98,20.56,-0.02,0.0,0.278,0.236,0.744,0.036,0.256,0.364,0.323,0.0,0.354,0.47
2020-01-06 20:15:00,17.41,17.84,20.85,18.03,18.62,18.24,17.84,17.54,18.96,20.56,-0.06,0.0,0.347,1.0,0.822,0.149,0.631,0.369,0.326,0.003,0.362,0.47
2020-01-06 20:30:00,17.39,18.19,20.84,17.99,18.77,18.24,17.84,17.46,18.94,20.56,-0.11,0.0,0.297,1.0,0.775,0.087,0.69,0.378,0.328,0.032,0.37,0.469
2020-01-06 20:45:00,17.43,18.27,20.89,18.05,18.76,18.23,17.83,17.44,18.94,20.57,-0.15,0.0,0.307,0.906,0.779,0.103,0.616,0.38,0.331,0.068,0.381,0.468
2020-01-06 21:00:00,17.41,18.36,20.86,18.0,18.83,18.24,17.83,17.43,18.92,20.57,-0.2,0.0,0.284,0.866,0.756,0.077,0.621,0.386,0.333,0.08,0.382,0.467
2020-01-06 21:15:00,17.43,18.42,20.89,18.51,18.86,18.27,18.14,17.71,18.98,20.57,-0.26,0.0,0.296,0.822,0.769,1.0,0.583,0.382,1.0,1.0,0.538,0.466
2020-01-06 21:30:00,17.45,18.48,20.92,18.63,18.93,18.37,18.55,18.27,19.07,20.57,-0.32,0.0,0.285,0.792,0.756,0.745,0.568,0.366,0.93,1.0,0.512,0.466
2020-01-06 21:45:00,17.44,18.52,20.92,18.58,18.95,18.45,18.81,18.76,19.14,20.57,-0.37,0.0,0.277,0.761,0.741,0.686,0.534,0.313,0.726,0.867,0.464,0.465
2020-01-06 22:00:00,17.42,18.52,20.9,18.67,18.96,18.45,18.89,18.98,19.15,20.57,-0.43,0.0,0.282,0.741,0.742,0.708,0.523,0.277,0.594,0.619,0.428,0.464
2020-01-06 22:15:00,17.43,18.55,20.54,18.74,18.92,18.46,18.89,19.01,19.13,20.57,-0.5,0.0,0.288,0.74,0.0,0.666,0.518,0.273,0.555,0.51,0.423,0.464
2020-01-06 22:30:00,17.38,18.52,20.37,18.79,18.89,18.43,18.88,19.02,19.12,20.58,-0.56,0.0,0.286,0.723,0.0,0.629,0.54,0.272,0.557,0.496,0.435,0.463
2020-01-06 22:45:00,17.41,18.57,20.27,18.84,18.82,18.41,18.88,19.02,19.09,20.58,-0.63,0.0,0.311,0.738,0.0,0.603,0.556,0.287,0.561,0.489,0.442,0.462
2020-01-06 23:00:00,17.36,18.55,20.12,18.88,18.84,18.4,18.89,19.03,19.09,20.58,-0.68,0.0,0.297,0.717,0.0,0.578,0.588,0.293,0.559,0.488,0.453,0.462
2020-01-06 23:15:00,17.87,18.57,20.01,18.91,18.85,18.54,18.9,19.06,19.12,20.58,-0.74,0.0,1.0,0.727,0.0,0.561,0.578,0.799,0.553,0.483,0.455,0.461
2020-01-06 23:30:00,18.21,18.62,19.93,18.96,18.94,18.75,18.91,19.11,19.19,20.58,-0.8,0.0,1.0,0.714,0.0,0.543,0.577,0.728,0.548,0.471,0.442,0.461
2020-01-06 23:45:00,18.3,18.63,19.87,18.97,18.98,18.89,18.92,19.14,19.22,20.58,-0.85,0.0,0.896,0.692,0.035,0.522,0.528,0.624,0.543,0.445,0.405,0.46
2020-01-07 00:00:00,18.4,18.64,19.79,18.99,18.99,18.93,18.92,19.16,19.25,20.58,-0.87,0.0,0.852,0.684,0.067,0.513,0.508,0.553,0.54,0.429,0.388,0.46
2020-01-07 00:15:00,18.44,18.65,19.75,19.01,19.01,18.96,18.93,19.16,19.23,20.52,-0.88,0.0,0.798,0.679,0.103,0.504,0.504,0.533,0.538,0.421,0.375,0.0
2020-01-07 00:30:00,18.49,18.66,19.7,19.02,19.01,18.97,18.94,19.16,19.22,20.42,-0.9,0.0,0.778,0.674,0.126,0.497,0.497,0.518,0.535,0.422,0.386,0.0
2020-01-07 00:45:00,18.54,18.67,19.66,19.03,19.02,18.98,18.94,19.16,19.21,20.32,-0.91,0.0,0.754,0.668,0.148,0.491,0.496,0.513,0.532,0.422,0.391,0.0
2020-01-07 01:00:00,18.56,18.68,19.63,19.04,19.02,19.0,18.95,19.16,19.2,20.23,-0.94,0.0,0.731,0.666,0.172,0.485,0.491,0.508,0.529,0.422,0.397,0.0
2020-01-07 01:15:00,18.59,18.68,19.6,19.05,19.03,19.01,18.96,19.17,19.2,20.15,-0.97,0.0,0.718,0.661,0.186,0.48,0.491,0.502,0.526,0.42,0.398,0.0
2020-01-07 01:30:00,18.62,18.69,19.57,19.06,19.03,19.02,18.96,19.17,19.2,20.07,-0.99,0.0,0.705,0.659,0.201,0.476,0.487,0.496,0.522,0.417,0.399,0.0
2020-01-07 01:45:00,18.63,18.69,19.55,19.06,19.04,19.02,18.97,19.17,19.2,19.99,-1.02,0.0,0.692,0.655,0.214,0.471,0.485,0.492,0.52,0.415,0.399,0.0
2020-01-07 02:00:00,18.65,18.7,19.53,19.07,19.04,19.03,18.97,19.17,19.19,19.91,-1.06,0.0,0.683,0.653,0.224,0.468,0.482,0.488,0.517,0.413,0.4,0.005
2020-01-07 02:15:00,18.66,18.7,19.51,19.07,19.04,19.03,18.97,19.17,19.19,19.85,-1.09,0.0,0.675,0.651,0.234,0.466,0.481,0.485,0.516,0.413,0.403,0.043
2020-01-07 02:30:00,18.67,18.71,19.5,19.08,19.04,19.04,18.97,19.17,19.19,19.79,-1.12,0.0,0.668,0.649,0.244,0.463,0.479,0.484,0.515,0.413,0.405,0.076
2020-01-07 02:45:00,18.69,18.71,19.48,19.08,19.05,19.04,18.97,19.18,19.18,19.74,-1.16,0.0,0.663,0.647,0.252,0.462,0.478,0.482,0.514,0.413,0.407,0.105
2020-01-07 03:00:00,18.7,18.71,19.47,19.08,19.05,19.04,18.98,19.18,19.18,19.7,-1.18,0.0,0.657,0.646,0.26,0.46,0.476,0.481,0.513,0.412,0.409,0.13
2020-01-07 03:15:00,18.7,18.71,19.45,19.08,19.05,19.04,18.98,19.18,19.17,19.66,-1.21,0.0,0.652,0.645,0.267,0.459,0.475,0.48,0.512,0.412,0.411,0.151
2020-01-07 03:30:00,18.71,18.72,19.44,19.08,19.05,19.04,18.99,19.17,19.16,19.63,-1.23,0.0,0.649,0.644,0.273,0.458,0.474,0.479,0.511,0.412,0.413,0.168
2020-01-07 03:45:00,18.72,18.72,19.43,19.08,19.06,19.04,18.99,19.17,19.16,19.61,-1.26,0.0,0.645,0.639,0.279,0.462,0.473,0.478,0.506,0.413,0.419,0.184
2020-01-07 04:00:00,18.73,18.72,19.42,19.09,19.06,19.05,18.98,19.17,19.17,19.58,-1.25,0.0,0.642,0.64,0.284,0.46,0.471,0.478,0.507,0.413,0.42,0.197
2020-01-07 04:15:00,18.73,18.72,19.41,19.09,19.06,19.05,19.19,19.17,19.16,19.56,-1.24,0.0,0.637,0.641,0.288,0.454,0.47,0.477,1.0,0.413,0.416,0.209
2020-01-07 04:30:00,18.74,18.73,19.41,19.09,19.07,19.05,19.47,19.18,19.16,19.54,-1.24,0.0,0.634,0.638,0.293,0.455,0.468,0.475,1.0,0.413,0.418,0.22
2020-01-07 04:45:00,18.75,18.73,19.4,19.1,19.07,19.05,19.67,19.18,19.16,19.52,-1.23,0.0,0.63,0.636,0.297,0.453,0.467,0.474,1.0,0.412,0.419,0.229
2020-01-07 05:00:00,18.75,18.73,19.39,19.1,19.07,19.06,19.83,19.18,19.16,19.51,-1.23,0.0,0.627,0.635,0.301,0.452,0.465,0.474,1.0,0.412,0.42,0.238
2020-01-07 05:15:00,18.76,18.74,19.39,19.1,19.07,19.24,19.95,19.18,19.16,19.49,-1.23,0.0,0.623,0.633,0.304,0.45,0.464,1.0,1.0,0.411,0.42,0.246
2020-01-07 05:30:00,18.77,18.74,19.38,19.11,19.08,19.49,20.05,19.2,19.19,19.48,-1.23,0.0,0.62,0.631,0.307,0.449,0.463,1.0,1.0,0.41,0.42,0.253
2020-01-07 05:45:00,18.77,18.74,19.37,19.11,19.08,19.63,20.14,19.24,19.26,19.47,-1.23,0.0,0.617,0.629,0.31,0.447,0.462,1.0,1.0,0.402,0.405,0.26
2020-01-07 06:00:00,18.78,18.75,19.37,19.11,19.08,19.76,20.21,19.25,19.29,19.46,-1.23,0.0,0.615,0.628,0.313,0.446,0.46,1.0,1.0,0.382,0.371,0.266
2020-01-07 06:15:00,18.78,18.75,19.36,19.11,19.08,19.85,20.28,19.27,19.16,19.45,-1.23,0.0,0.612,0.626,0.315,0.445,0.459,1.0,1.0,0.373,0.0,0.272
2020-01-07 06:30:00,18.78,18.75,19.36,19.11,19.09,19.88,20.34,19.28,19.01,19.44,-1.23,0.0,0.61,0.624,0.318,0.444,0.458,1.0,1.0,0.364,0.0,0.277
2020-01-07 06:45:00,18.79,18.76,19.36,19.12,19.09,19.91,20.4,19.28,18.91,19.43,-1.23,0.0,0.608,0.623,0.32,0.443,0.457,1.0,1.0,0.36,0.044,0.282
2020-01-07 07:00:00,18.79,18.76,19.35,19.11,19.09,19.93,20.46,19.27,18.86,19.42,-1.24,0.0,0.606,0.622,0.322,0.442,0.456,1.0,1.0,0.362,0.094,0.286
2020-01-07 07:15:00,18.27,18.76,19.7,19.01,19.08,19.94,20.5,19.27,18.84,19.41,-1.25,0.0,0.0,0.622,1.0,0.293,0.605,1.0,1.0,0.365,0.122,0.29
2020-01-07 07:30:00,18.07,18.74,19.84,18.98,19.06,19.98,20.55,19.27,18.8,19.4,-1.25,0.0,0.0,0.62,0.898,0.347,0.611,1.0,1.0,0.365,0.13,0.293
2020-01-07 07:45:00,17.93,18.75,19.86,18.98,19.04,19.99,20.59,19.27,18.81,19.4,-1.26,0.0,0.0,0.628,0.83,0.361,0.621,1.0,1.0,0.367,0.148,0.298
2020-01-07 08:00:00,17.76,18.75,19.94,18.96,19.01,20.02,20.63,19.27,18.8,19.39,-1.24,0.0,0.0,0.624,0.818,0.359,0.63,1.0,1.0,0.364,0.145,0.301
2020-01-07 08:15:00,17.61,19.0,20.0,18.94,18.99,20.04,20.67,19.49,18.81,19.43,-1.21,2.1,0.0,1.0,0.781,0.372,0.643,1.0,1.0,1.0,0.152,0.655
2020-01-07 08:30:00,17.51,19.15,20.04,18.96,18.99,20.14,20.74,19.79,18.84,19.5,-1.19,23.5,0.0,1.0,0.751,0.378,0.654,1.0,1.0,1.0,0.147,0.633
2020-01-07 08:45:00,17.41,19.23,20.12,18.98,18.99,20.25,20.84,20.15,18.91,19.56,-1.17,44.8,0.0,0.973,0.729,0.371,0.656,1.0,1.0,1.0,0.13,0.602
2020-01-07 09:00:00,17.35,19.31,20.23,19.01,19.0,20.35,20.94,20.49,18.97,19.61,-0.98,66.2,0.0,0.936,0.69,0.361,0.655,1.0,0.98,1.0,0.095,0.569
2020-01-07 09:15:00,17.3,19.37,20.39,19.04,19.02,20.45,21.03,20.78,19.0,19.65,-0.8,87.6,0.0,0.895,0.634,0.347,0.648,1.0,0.93,0.857,0.065,0.544
2020-01-07 09:30:00,17.25,19.43,20.47,19.07,19.07,20.53,21.09,20.97,19.05,19.68,-0.61,103.4,0.0,0.865,0.555,0.329,0.64,0.976,0.887,0.71,0.051,0.523
2020-01-07 09:45:00,17.23,19.5,20.58,19.11,19.08,20.62,21.14,21.12,19.09,19.7,-0.42,119.1,0.0,0.833,0.514,0.314,0.616,0.933,0.855,0.616,0.027,0.51
2020-01-07 10:00:00,17.21,19.55,20.66,19.14,19.12,20.69,21.2,21.26,19.13,19.72,-0.22,134.9,0.0,0.798,0.458,0.295,0.612,0.891,0.828,0.538,0.007,0.499
2020-01-07 10:15:00,17.21,19.61,20.75,19.19,19.13,20.75,21.26,21.39,19.18,19.74,-0.02,150.7,0.0,0.777,0.419,0.28,0.589,0.857,0.8,0.468,0.0,0.489
2020-01-07 10:30:00,17.19,19.65,20.89,19.24,19.18,20.82,21.32,21.57,19.24,19.75,0.18,166.4,0.0,0.743,0.373,0.254,0.583,0.823,0.77,0.405,0.0,0.481
2020-01-07 10:45:00,17.2,19.71,20.99,19.31,19.22,20.9,21.37,21.7,19.32,19.76,0.38,182.1,0.006,0.723,0.307,0.229,0.559,0.791,0.741,0.315,0.0,0.475
2020-01-07 11:00:00,17.2,19.75,21.08,19.37,19.27,20.96,21.41,21.82,19.41,19.77,0.54,197.8,0.0,0.693,0.256,0.197,0.541,0.752,0.716,0.25,0.0,0.469
2020-01-07 11:15:00,17.2,19.8,21.19,19.45,19.29,21.03,21.46,21.92,19.5,19.78,0.7,213.5,0.002,0.674,0.208,0.166,0.517,0.722,0.693,0.192,0.0,0.464
2020-01-07 11:30:00,17.2,19.83,21.21,19.49,19.34,21.08,21.5,21.95,19.6,19.79,0.85,209.5,0.0,0.649,0.156,0.126,0.504,0.687,0.671,0.142,0.0,0.459
2020-01-07 11:45:00,17.22,19.88,21.25,19.56,19.34,21.12,21.53,21.95,19.69,19.8,1.01,205.5,0.0,0.633,0.147,0.103,0.48,0.659,0.652,0.124,0.0,0.455
2020-01-07 12:00:00,17.21,19.9,21.25,19.59,19.38,21.16,21.57,21.94,19.78,19.8,1.13,201.4,0.0,0.61,0.125,0.071,0.481,0.638,0.634,0.123,0.0,0.452
2020-01-07 12:15:00,17.22,19.94,21.23,19.6,19.37,21.19,21.6,21.89,19.84,19.81,1.25,197.4,0.0,0.602,0.123,0.054,0.461,0.62,0.616,0.128,0.0,0.449
2020-01-07 12:30:00,17.21,19.95,21.3,19.72,19.38,21.2,21.63,21.96,19.97,19.81,1.37,208.6,0.0,0.581,0.135,0.049,0.466,0.604,0.601,0.157,0.0,0.446
2020-01-07 12:45:00,17.21,19.97,21.32,19.79,19.41,21.28,21.65,22.0,20.09,19.82,1.49,219.8,0.0,0.577,0.1,0.0,0.46,0.598,0.586,0.12,0.0,0.444
2020-01-07 13:00:00,17.21,20.0,21.36,19.91,19.42,21.31,21.67,22.05,20.25,19.82,1.61,231.1,0.0,0.563,0.088,0.0,0.444,0.561,0.573,0.1,0.0,0.442
2020-01-07 13:15:00,17.21,20.01,21.37,20.02,19.46,21.37,21.68,22.07,20.4,19.82,1.73,242.3,0.0,0.552,0.071,0.0,0.438,0.545,0.567,0.077,0.0,0.44
2020-01-07 13:30:00,17.2,20.02,21.34,20.08,19.47,21.39,21.67,22.03,20.53,19.83,1.85,228.4,0.0,0.546,0.063,0.0,0.422,0.517,0.562,0.067,0.0,0.439
2020-01-07 13:45:00,17.19,20.02,21.3,20.13,19.47,21.39,21.66,21.97,20.61,19.83,1.96,214.6,0.0,0.538,0.078,0.0,0.415,0.505,0.565,0.083,0.0,0.437
2020-01-07 14:00:00,17.17,20.01,21.25,20.16,19.46,21.38,21.65,21.9,20.68,19.83,1.99,200.7,0.006,0.538,0.099,0.0,0.417,0.504,0.57,0.114,0.0,0.436
2020-01-07 14:15:00,17.15,20.0,21.19,20.18,19.44,21.37,21.63,21.82,20.72,19.83,2.02,186.8,0.017,0.544,0.126,0.0,0.421,0.509,0.576,0.151,0.0,0.435
2020-01-07 14:30:00,17.12,19.98,21.11,20.15,19.42,21.34,21.61,21.74,20.72,19.83,2.05,166.7,0.027,0.549,0.156,0.0,0.43,0.517,0.583,0.189,0.0,0.434
2020-01-07 14:45:00,17.1,19.97,21.04,20.12,19.39,21.31,21.59,21.65,20.7,19.84,2.08,146.5,0.039,0.558,0.193,0.0,0.438,0.528,0.593,0.232,0.0,0.433
2020-01-07 15:00:00,17.06,19.93,20.96,20.06,19.36,21.28,21.56,21.57,20.65,19.84,2.02,126.4,0.05,0.567,0.23,0.0,0.455,0.544,0.605,0.274,0.0,0.432
2020-01-07 15:15:00,17.04,19.91,20.89,19.88,19.31,21.24,21.54,21.5,20.58,19.84,1.96,106.2,0.069,0.584,0.27,0.0,0.469,0.56,0.618,0.314,0.0,0.432
2020-01-07 15:30:00,17.0,19.86,20.8,19.63,19.26,21.2,21.5,21.42,20.46,19.84,1.9,80.6,0.079,0.597,0.306,0.0,0.493,0.58,0.632,0.352,0.0,0.431
2020-01-07 15:45:00,16.97,19.83,20.72,19.47,19.19,21.14,21.46,21.35,20.32,19.84,1.84,54.9,0.1,0.618,0.349,0.036,0.519,0.601,0.65,0.391,0.0,0.431
2020-01-07 16:00:00,16.92,19.76,20.63,19.36,19.15,21.07,21.41,21.28,20.07,19.84,1.7,29.3,0.116,0.637,0.388,0.117,0.557,0.629,0.669,0.425,0.0,0.43
2020-01-07 16:15:00,16.9,19.73,20.58,19.27,19.08,20.98,21.36,21.22,19.89,19.84,1.56,3.6,0.142,0.668,0.434,0.169,0.576,0.663,0.695,0.462,0.0,0.43
2020-01-07 16:30:00,16.85,19.68,20.52,19.17,19.07,20.92,21.33,21.17,19.73,19.84,1.42,0.0,0.152,0.687,0.461,0.217,0.608,0.711,0.721,0.488,0.0,0.429
2020-01-07 16:45:00,16.86,19.67,20.49,19.15,19.01,20.88,21.31,21.15,19.61,19.84,1.28,0.0,0.173,0.711,0.491,0.263,0.617,0.738,0.737,0.513,0.0,0.429
2020-01-07 17:00:00,16.83,19.63,20.45,19.11,19.03,20.85,21.3,21.13,19.5,19.84,1.22,0.0,0.172,0.717,0.503,0.277,0.643,0.762,0.745,0.526,0.0,0.429
2020-01-07 17:15:00,16.85,19.64,20.45,19.1,18.98,20.82,21.29,21.12,19.43,19.84,1.17,0.0,0.186,0.733,0.524,0.296,0.637,0.774,0.75,0.536,0.0,0.428
2020-01-07 17:30:00,16.81,19.61,20.42,19.08,19.01,20.81,21.29,21.1,19.35,19.84,1.11,0.0,0.176,0.73,0.525,0.302,0.658,0.788,0.753,0.542,0.0,0.428
2020-01-07 17:45:00,16.85,19.63,20.43,19.08,18.96,20.79,21.28,21.09,19.29,19.85,1.05,0.0,0.193,0.745,0.542,0.311,0.643,0.796,0.757,0.549,0.0,0.428
2020-01-07 18:00:00,16.81,19.59,20.39,19.05,19.01,20.78,21.28,21.08,19.24,19.85,1.0,0.0,0.176,0.736,0.536,0.31,0.668,0.806,0.759,0.554,0.0,0.427
2020-01-07 18:15:00,16.85,19.62,20.41,19.06,18.95,20.76,21.27,21.07,19.19,19.85,0.94,0.0,0.197,0.754,0.554,0.323,0.643,0.812,0.762,0.559,0.0,0.427
2020-01-07 18:30:00,16.78,19.57,20.37,19.02,19.02,20.74,21.26,21.06,19.13,19.85,0.88,0.0,0.176,0.74,0.543,0.322,0.675,0.82,0.766,0.565,0.0,0.427
2020-01-07 18:45:00,16.85,19.61,20.4,19.03,18.93,20.73,21.26,21.05,19.08,19.85,0.82,0.0,0.208,0.764,0.567,0.338,0.642,0.828,0.769,0.57,0.0,0.426
2020-01-07 19:00:00,16.77,19.55,20.34,19.0,19.02,20.71,21.25,21.04,19.04,19.85,0.77,0.0,0.176,0.744,0.549,0.335,0.687,0.836,0.772,0.575,0.008,0.426
2020-01-07 19:15:00,16.86,19.61,20.4,19.01,18.91,20.7,21.25,21.03,19.0,19.85,0.73,0.0,0.216,0.775,0.58,0.35,0.639,0.844,0.775,0.58,0.031,0.426
2020-01-07 19:30:00,16.75,19.53,20.32,18.98,19.03,20.69,21.24,21.02,18.97,19.85,0.68,0.0,0.169,0.744,0.552,0.344,0.697,0.851,0.777,0.584,0.05,0.425
2020-01-07 19:45:00,16.87,19.61,20.39,19.0,18.88,20.68,21.24,21.02,18.95,19.85,0.63,0.0,0.224,0.784,0.59,0.361,0.633,0.857,0.78,0.588,0.066,0.425
2020-01-07 20:00:00,16.71,19.51,20.29,18.96,19.05,20.67,21.23,21.01,18.93,19.85,0.56,0.0,0.166,0.744,0.553,0.352,0.709,0.861,0.782,0.591,0.077,0.424
2020-01-07 20:15:00,16.82,19.57,20.35,18.98,18.93,20.67,20.95,21.01,18.92,19.85,0.49,0.0,0.244,0.797,0.603,0.372,0.626,0.864,0.0,0.594,0.086,0.424
2020-01-07 20:30:00,16.79,19.56,20.35,18.97,18.96,20.67,20.48,21.01,18.9,19.85,0.42,0.0,0.191,0.764,0.575,0.362,0.683,0.866,0.0,0.595,0.091,0.424
2020-01-07 20:45:00,16.79,19.55,20.34,18.96,18.95,20.66,20.04,21.0,18.9,19.85,0.35,0.0,0.203,0.768,0.576,0.365,0.672,0.867,0.0,0.597,0.098,0.423
2020-01-07 21:00:00,16.8,19.55,20.34,18.96,18.96,20.66,19.61,21.0,18.89,19.86,0.3,0.0,0.204,0.773,0.581,0.369,0.673,0.868,0.0,0.599,0.1,0.423
2020-01-07 21:15:00,16.79,19.55,20.33,18.95,18.96,20.43,19.33,20.99,18.89,19.86,0.24,0.0,0.199,0.773,0.582,0.371,0.672,0.0,0.196,0.601,0.103,0.422
2020-01-07 21:30:00,16.79,19.54,20.32,18.94,18.95,20.14,19.3,20.93,18.72,19.86,0.18,0.0,0.204,0.777,0.585,0.375,0.671,0.0,0.335,0.605,0.107,0.422
2020-01-07 21:45:00,16.78,19.54,20.32,18.94,18.95,19.85,19.34,20.85,18.59,19.86,0.13,0.0,0.206,0.779,0.588,0.379,0.673,0.0,0.351,0.635,0.188,0.421
2020-01-07 22:00:00,16.78,19.53,20.31,18.93,18.95,19.67,19.37,20.78,18.49,19.86,0.06,0.0,0.209,0.782,0.591,0.382,0.674,0.073,0.331,0.673,0.255,0.421
2020-01-07 22:15:00,16.77,19.53,20.31,18.93,18.95,19.55,19.37,20.75,18.6,19.86,-0.0,0.0,0.211,0.784,0.593,0.383,0.676,0.166,0.314,0.708,0.756,0.421
2020-01-07 22:30:00,16.77,19.52,20.31,18.93,18.94,19.55,19.33,20.73,18.78,19.86,-0.06,0.0,0.213,0.787,0.595,0.385,0.676,0.226,0.316,0.726,0.7,0.42
2020-01-07 22:45:00,16.77,19.52,20.3,18.92,18.94,19.58,19.3,20.76,18.93,19.86,-0.13,0.0,0.215,0.788,0.596,0.387,0.678,0.224,0.333,0.735,0.608,0.42
2020-01-07 23:00:00,16.76,19.52,20.3,18.92,18.94,19.59,19.28,20.78,19.01,19.86,-0.19,0.0,0.217,0.791,0.598,0.389,0.678,0.208,0.349,0.722,0.533,0.419
2020-01-07 23:15:00,17.33,19.52,19.97,19.03,18.99,19.58,19.27,20.78,19.03,19.86,-0.25,0.0,1.0,0.792,0.0,0.54,0.53,0.204,0.359,0.712,0.496,0.419
2020-01-07 23:30:00,17.77,19.55,19.8,19.08,19.09,19.54,19.26,20.77,19.04,19.86,-0.31,0.0,1.0,0.789,0.015,0.487,0.504,0.212,0.364,0.712,0.485,0.419
2020-01-07 23:45:00,17.98,19.57,19.76,19.09,19.14,19.51,19.25,20.76,19.05,19.86,-0.37,0.0,1.0,0.776,0.099,0.46,0.453,0.229,0.37,0.716,0.48,0.418
2020-01-08 00:00:00,18.15,19.55,19.67,19.11,19.2,19.5,19.24,20.75,19.05,19.87,-0.45,0.0,1.0,0.765,0.12,0.454,0.43,0.246,0.377,0.72,0.476,0.418
2020-01-08 00:15:00,18.24,19.17,19.65,19.13,19.2,19.46,19.23,20.55,19.05,19.82,-0.52,0.0,0.923,0.223,0.166,0.443,0.4,0.252,0.382,0.0,0.477,0.067
2020-01-08 00:30:00,18.29,19.19,19.6,19.12,19.19,19.37,19.22,20.21,19.04,19.75,-0.59,0.0,0.882,0.413,0.175,0.437,0.402,0.272,0.384,0.0,0.473,0.088
2020-01-08 00:45:00,18.36,19.2,19.56,19.13,19.19,19.28,19.22,19.88,19.02,19.68,-0.66,0.0,0.853,0.407,0.201,0.44,0.407,0.316,0.388,0.0,0.479,0.125
2020-01-08 01:00:00,18.38,19.11,19.53,19.12,19.19,19.23,19.2,19.62,19.01,19.62,-0.74,0.0,0.819,0.401,0.222,0.437,0.404,0.362,0.392,0.06,0.489,0.16
2020-01-08 01:15:00,18.41,19.07,19.5,19.12,19.18,19.2,19.19,19.51,19.02,19.58,-0.81,0.0,0.808,0.445,0.237,0.439,0.403,0.383,0.398,0.189,0.494,0.191
2020-01-08 01:30:00,18.44,19.02,19.47,19.11,19.18,19.21,19.19,19.46,19.03,19.54,-0.89,0.0,0.793,0.463,0.249,0.44,0.409,0.398,0.403,0.245,0.488,0.212
2020-01-08 01:45:00,18.46,19.0,19.46,19.11,19.17,19.22,19.18,19.44,19.04,19.52,-0.96,0.0,0.778,0.49,0.263,0.443,0.409,0.394,0.407,0.271,0.487,0.228
2020-01-08 02:00:00,18.48,18.97,19.44,19.11,19.17,19.22,19.17,19.43,19.04,19.49,-1.05,0.0,0.768,0.499,0.271,0.443,0.413,0.391,0.411,0.279,0.482,0.242
2020-01-08 02:15:00,18.5,18.95,19.42,19.11,19.17,19.22,19.16,19.42,19.04,19.47,-1.13,0.0,0.76,0.514,0.28,0.446,0.413,0.389,0.415,0.285,0.48,0.254
2020-01-08 02:30:00,18.52,18.93,19.4,19.1,19.16,19.21,19.15,19.4,19.04,19.46,-1.21,0.0,0.749,0.526,0.29,0.447,0.417,0.391,0.419,0.291,0.48,0.264
2020-01-08 02:45:00,18.53,18.92,19.39,19.1,19.16,19.2,19.14,19.39,19.04,19.44,-1.3,0.0,0.742,0.534,0.301,0.45,0.418,0.394,0.424,0.298,0.48,0.272
2020-01-08 03:00:00,18.55,18.91,19.38,19.1,19.16,19.2,19.14,19.38,19.04,19.43,-1.36,0.0,0.735,0.541,0.307,0.451,0.421,0.398,0.428,0.303,0.481,0.28
2020-01-08 03:15:00,18.56,18.9,19.1,19.1,19.16,19.2,19.14,19.38,19.05,19.41,-1.42,0.0,0.726,0.546,0.0,0.449,0.422,0.398,0.428,0.308,0.479,0.287
2020-01-08 03:30:00,18.57,18.89,18.96,19.11,19.12,19.2,19.14,19.37,19.05,19.4,-1.48,0.0,0.722,0.55,0.0,0.448,0.422,0.4,0.428,0.311,0.475,0.293
2020-01-08 03:45:00,18.57,18.87,18.92,19.11,19.11,19.2,19.14,19.36,19.06,19.39,-1.54,0.0,0.714,0.554,0.0,0.447,0.441,0.4,0.428,0.315,0.473,0.298
2020-01-08 04:00:00,18.59,18.88,18.83,19.11,19.1,19.2,19.14,19.36,19.06,19.38,-1.55,0.0,0.713,0.564,0.0,0.447,0.444,0.401,0.429,0.319,0.471,0.303
2020-01-08 04:15:00,18.6,18.87,18.74,19.11,19.02,19.2,18.89,19.35,19.07,19.38,-1.57,0.0,0.704,0.562,0.0,0.445,0.0,0.401,0.0,0.322,0.469,0.308
2020-01-08 04:30:00,18.61,18.85,18.64,19.1,18.99,19.2,18.56,19.34,19.07,19.37,-1.58,0.0,0.7,0.567,0.0,0.444,0.0,0.402,0.0,0.326,0.467,0.311
2020-01-08 04:45:00,18.61,18.84,18.57,19.1,18.95,19.2,18.17,19.33,19.08,19.36,-1.59,0.0,0.697,0.577,0.031,0.45,0.0,0.399,0.0,0.332,0.464,0.315
2020-01-08 05:00:00,18.62,18.83,18.52,19.09,18.92,19.2,17.84,19.32,19.08,19.36,-1.64,0.0,0.693,0.579,0.065,0.452,0.0,0.399,0.0,0.335,0.462,0.318
2020-01-08 05:15:00,18.62,18.82,18.48,19.39,18.92,19.34,17.63,19.32,19.09,19.35,-1.68,0.0,0.692,0.585,0.089,1.0,0.0,0.851,0.0,0.338,0.462,0.322
2020-01-08 05:30:00,18.64,18.83,18.46,19.56,18.93,19.55,17.39,19.33,19.12,19.35,-1.73,0.0,0.689,0.588,0.109,1.0,0.0,0.781,0.0,0.338,0.454,0.324
2020-01-08 05:45:00,18.64,18.82,18.44,19.61,18.96,19.62,17.2,19.35,19.19,19.34,-1.78,0.0,0.682,0.587,0.118,1.0,0.0,0.675,0.0,0.337,0.439,0.327
2020-01-08 06:00:00,18.65,18.82,18.43,19.71,18.94,19.67,17.03,19.35,19.19,19.34,-1.81,0.0,0.682,0.592,0.13,1.0,0.0,0.64,0.0,0.326,0.406,0.329
2020-01-08 06:15:00,18.65,18.81,18.41,19.74,18.96,19.68,16.89,19.34,19.19,19.33,-1.84,0.0,0.674,0.588,0.133,1.0,0.0,0.616,0.036,0.326,0.406,0.332
2020-01-08 06:30:00,18.66,18.82,18.4,19.8,18.94,19.69,16.82,19.34,19.18,19.33,-1.87,0.0,0.675,0.594,0.147,1.0,0.0,0.61,0.106,0.328,0.404,0.334
2020-01-08 06:45:00,18.66,18.81,18.38,19.83,18.96,19.7,16.81,19.33,19.18,19.33,-1.9,0.0,0.669,0.59,0.148,1.0,0.0,0.604,0.141,0.332,0.409,0.336
2020-01-08 07:00:00,18.67,18.81,18.37,19.88,18.94,19.7,16.81,19.32,19.18,19.32,-1.92,0.0,0.67,0.597,0.161,1.0,0.0,0.601,0.147,0.335,0.41,0.337
2020-01-08 07:15:00,18.1,18.91,18.35,19.89,18.89,19.71,16.81,19.32,19.18,19.32,-1.95,0.0,0.0,0.745,0.163,1.0,0.0,0.598,0.146,0.339,0.411,0.339
2020-01-08 07:30:00,17.86,18.9,18.31,19.88,18.79,19.71,16.79,19.31,19.17,19.32,-1.97,0.0,0.0,0.697,0.174,1.0,0.0,0.596,0.147,0.341,0.411,0.34
2020-01-08 07:45:00,17.7,18.89,18.3,19.88,18.74,19.72,16.77,19.31,19.18,19.31,-1.99,0.0,0.0,0.701,0.197,1.0,0.0,0.593,0.155,0.344,0.413,0.342
2020-01-08 08:00:00,17.57,18.9,18.28,19.87,18.69,19.72,16.76,19.3,19.17,19.31,-1.99,0.0,0.051,0.703,0.201,1.0,0.0,0.592,0.163,0.346,0.412,0.344
2020-01-08 08:15:00,17.48,18.9,18.26,19.87,18.65,19.72,16.76,19.24,19.36,19.3,-1.99,2.3,0.113,0.699,0.212,1.0,0.0,0.591,0.169,0.199,1.0,0.295
2020-01-08 08:30:00,17.45,18.92,18.28,19.88,18.62,19.77,16.8,19.25,19.6,19.29,-1.98,30.0,0.159,0.698,0.219,1.0,0.0,0.588,0.171,0.231,0.918,0.3
2020-01-08 08:45:00,17.4,18.93,18.35,19.89,18.62,19.82,16.85,19.36,19.76,19.27,-1.98,57.6,0.176,0.692,0.209,1.0,0.0,0.566,0.151,0.223,0.801,0.307
2020-01-08 09:00:00,17.39,18.97,18.52,19.92,18.61,19.88,16.88,19.55,19.86,19.26,-1.81,85.3,0.198,0.685,0.174,1.0,0.0,0.538,0.127,0.169,0.72,0.313
2020-01-08 09:15:00,17.39,19.0,18.75,19.95,18.64,19.95,16.87,19.71,19.94,19.25,-1.65,112.9,0.203,0.665,0.089,1.0,0.0,0.509,0.111,0.074,0.668,0.319
2020-01-08 09:30:00,17.4,19.05,18.79,20.01,18.65,19.99,16.84,19.75,20.0,19.25,-1.48,126.0,0.205,0.652,0.0,1.0,0.0,0.477,0.114,0.0,0.631,0.323
2020-01-08 09:45:00,17.4,19.07,18.9,20.04,18.68,20.0,16.83,19.8,20.05,19.24,-1.32,139.0,0.199,0.626,0.0,1.0,0.0,0.457,0.132,0.0,0.602,0.326
2020-01-08 10:00:00,17.41,19.11,19.01,20.09,18.68,20.02,16.85,19.87,20.08,19.24,-1.14,152.1,0.2,0.614,0.0,1.0,0.0,0.448,0.134,0.0,0.577,0.329
2020-01-08 10:15:00,17.42,19.13,19.11,20.14,18.72,20.05,16.87,19.95,20.14,19.23,-0.97,165.1,0.193,0.597,0.0,1.0,0.0,0.438,0.127,0.0,0.558,0.332
2020-01-08 10:30:00,17.43,19.17,19.19,20.2,18.73,20.07,16.88,20.03,20.19,19.23,-0.79,171.3,0.192,0.584,0.0,1.0,0.0,0.425,0.115,0.0,0.531,0.335
2020-01-08 10:45:00,17.43,19.19,19.26,20.25,18.77,20.1,16.88,20.1,20.25,19.22,-0.62,177.5,0.184,0.566,0.0,1.0,0.0,0.413,0.11,0.0,0.504,0.337
2020-01-08 11:00:00,17.45,19.22,19.35,20.34,18.78,20.12,16.89,20.18,20.31,19.22,-0.49,183.7,0.183,0.556,0.0,1.0,0.0,0.402,0.109,0.0,0.476,0.339
2020-01-08 11:15:00,17.45,19.24,19.43,20.4,18.83,20.14,16.89,20.26,20.38,19.21,-0.35,189.9,0.176,0.54,0.0,1.0,0.0,0.392,0.106,0.0,0.444,0.341
2020-01-08 11:30:00,17.46,19.27,19.49,20.5,18.85,20.16,16.9,20.31,20.45,19.21,-0.22,192.4,0.177,0.531,0.0,1.0,0.0,0.381,0.103,0.0,0.41,0.343
2020-01-08 11:45:00,17.46,19.28,19.54,20.55,18.89,20.18,16.9,20.36,20.51,19.21,-0.09,194.9,0.168,0.516,0.0,0.952,0.0,0.37,0.101,0.0,0.377,0.345
2020-01-08 12:00:00,17.47,19.3,19.59,20.64,18.9,20.2,16.9,20.38,20.57,19.2,0.0,197.4,0.169,0.51,0.0,0.925,0.0,0.36,0.101,0.0,0.344,0.347
2020-01-08 12:15:00,17.47,19.31,19.62,20.68,18.94,20.21,16.9,20.4,20.63,19.2,0.09,199.9,0.163,0.498,0.0,0.881,0.0,0.352,0.102,0.0,0.314,0.348
2020-01-08 12:30:00,17.49,19.34,19.7,20.8,18.94,20.22,16.9,20.46,20.72,19.2,0.19,218.0,0.167,0.496,0.0,0.858,0.0,0.346,0.102,0.0,0.284,0.35
2020-01-08 12:45:00,17.48,19.34,19.81,20.91,19.01,20.25,16.91,20.58,20.87,19.19,0.28,236.0,0.157,0.482,0.0,0.798,0.0,0.338,0.099,0.0,0.238,0.351
2020-01-08 13:00:00,17.51,19.38,19.92,21.06,19.04,20.31,16.92,20.67,21.0,19.19,0.38,254.0,0.162,0.481,0.0,0.747,0.0,0.323,0.095,0.0,0.164,0.353
2020-01-08 13:15:00,17.5,19.38,20.0,21.17,19.12,20.34,16.92,20.77,21.13,19.19,0.48,272.1,0.146,0.462,0.0,0.67,0.0,0.297,0.092,0.0,0.101,0.354
2020-01-08 13:30:00,17.52,19.39,20.03,21.31,19.14,20.37,16.88,20.8,21.22,19.19,0.59,267.8,0.15,0.459,0.0,0.615,0.0,0.279,0.089,0.0,0.034,0.355
2020-01-08 13:45:00,17.51,19.39,20.03,21.37,19.2,20.37,16.87,20.79,21.28,19.18,0.69,263.5,0.138,0.453,0.0,0.546,0.0,0.265,0.108,0.0,0.0,0.357
2020-01-08 14:00:00,17.52,19.4,20.03,21.49,19.19,20.36,16.87,20.76,21.34,19.18,0.73,259.3,0.147,0.456,0.0,0.516,0.0,0.266,0.116,0.0,0.0,0.358
2020-01-08 14:15:00,17.49,19.38,19.99,21.52,19.25,20.35,16.86,20.7,21.41,19.18,0.76,255.0,0.139,0.45,0.0,0.457,0.0,0.269,0.117,0.0,0.0,0.359
2020-01-08 14:30:00,17.51,19.39,19.95,21.61,19.22,20.35,16.85,20.61,21.46,19.18,0.79,243.8,0.154,0.459,0.0,0.438,0.0,0.273,0.119,0.0,0.0,0.36
2020-01-08 14:45:00,17.47,19.37,19.86,21.61,19.26,20.33,16.84,20.49,21.51,19.17,0.82,232.6,0.145,0.454,0.0,0.394,0.0,0.277,0.124,0.0,0.0,0.361
2020-01-08 15:00:00,17.48,19.37,19.78,21.68,19.21,20.31,16.83,20.34,21.54,19.17,0.79,221.4,0.166,0.465,0.0,0.396,0.0,0.285,0.13,0.0,0.0,0.363
2020-01-08 15:15:00,17.43,19.34,19.66,21.46,19.25,20.3,16.81,20.17,21.57,19.17,0.75,210.2,0.159,0.465,0.0,0.359,0.0,0.293,0.137,0.0,0.0,0.364
2020-01-08 15:30:00,17.45,19.33,19.52,21.24,19.11,20.27,16.79,19.95,21.46,19.17,0.72,159.3,0.184,0.48,0.0,0.471,0.0,0.302,0.144,0.0,0.0,0.365
2020-01-08 15:45:00,17.35,19.27,19.34,21.02,19.06,20.19,16.76,19.76,21.29,19.17,0.68,108.5,0.175,0.483,0.0,0.582,0.0,0.313,0.155,0.0,0.0,0.366
2020-01-08 16:00:00,17.33,19.22,19.17,20.91,18.92,20.04,16.72,19.55,20.92,19.17,0.56,57.6,0.224,0.517,0.0,0.692,0.0,0.355,0.17,0.0,0.0,0.367
2020-01-08 16:15:00,17.26,19.15,18.97,20.76,18.84,19.89,16.67,19.33,20.51,19.16,0.44,6.7,0.237,0.541,0.0,0.746,0.0,0.428,0.19,0.073,0.139,0.367
2020-01-08 16:30:00,17.22,19.11,18.8,20.64,18.8,19.83,16.66,19.19,20.28,19.16,0.31,5.0,0.27,0.574,0.0,0.819,0.0,0.506,0.213,0.186,0.346,0.368
2020-01-08 16:45:00,17.22,19.09,18.64,20.61,18.72,19.78,16.66,19.18,20.24,19.16,0.19,0.0,0.288,0.596,0.0,0.88,0.0,0.537,0.221,0.254,0.459,0.369
2020-01-08 17:00:00,17.18,19.05,18.53,20.51,18.72,19.81,16.66,19.17,20.21,19.16,0.1,0.0,0.289,0.605,0.03,0.897,0.0,0.56,0.219,0.261,0.481,0.37
2020-01-08 17:15:00,17.2,19.05,18.48,20.51,18.64,19.82,16.65,19.19,20.22,19.16,0.01,0.0,0.308,0.625,0.083,0.943,0.0,0.545,0.219,0.263,0.496,0.371
2020-01-08 17:30:00,17.16,19.01,18.42,20.43,18.66,19.83,16.64,19.2,20.22,19.16,-0.08,0.0,0.3,0.624,0.111,0.946,0.0,0.542,0.223,0.253,0.489,0.372
2020-01-08 17:45:00,17.18,19.02,18.39,20.45,18.59,19.83,16.63,19.19,20.22,19.15,-0.17,0.0,0.321,0.644,0.14,0.985,0.0,0.534,0.229,0.249,0.492,0.372
2020-01-08 18:00:00,17.15,18.99,18.34,20.38,18.62,19.83,16.63,19.18,20.21,19.15,-0.24,0.0,0.308,0.638,0.154,0.975,0.0,0.535,0.233,0.256,0.49,0.373
2020-01-08 18:15:00,17.18,19.01,18.34,20.41,18.54,19.82,16.63,19.16,20.19,19.15,-0.31,0.0,0.327,0.656,0.178,1.0,0.0,0.536,0.234,0.262,0.497,0.373
2020-01-08 18:30:00,17.13,18.96,18.29,20.33,18.59,19.81,16.62,19.15,20.18,19.15,-0.38,0.0,0.312,0.645,0.182,0.995,0.0,0.539,0.236,0.269,0.506,0.374
2020-01-08 18:45:00,17.17,18.99,18.3,20.37,18.51,19.81,16.61,19.14,20.16,19.15,-0.45,0.0,0.336,0.669,0.203,1.0,0.0,0.543,0.242,0.276,0.51,0.375
2020-01-08 19:00:00,17.11,18.94,18.26,20.29,18.57,19.81,16.61,19.13,20.15,19.15,-0.54,0.0,0.315,0.653,0.202,1.0,0.0,0.544,0.244,0.282,0.519,0.375
2020-01-08 19:15:00,17.15,18.97,18.71,20.31,18.52,19.8,16.61,19.12,20.14,19.15,-0.63,0.0,0.343,0.679,0.871,1.0,0.0,0.547,0.244,0.286,0.525,0.376
2020-01-08 19:30:00,17.15,18.97,18.82,20.32,18.53,19.8,16.61,19.11,20.12,19.15,-0.72,0.0,0.326,0.666,0.647,1.0,0.0,0.549,0.245,0.29,0.53,0.376
2020-01-08 19:45:00,17.12,18.94,18.8,20.28,18.56,19.79,16.6,19.1,20.12,19.15,-0.81,0.0,0.326,0.666,0.592,1.0,0.0,0.55,0.245,0.295,0.538,0.376
2020-01-08 20:00:00,17.14,18.96,18.89,20.29,18.51,19.79,16.6,19.09,20.11,19.15,-0.89,0.0,0.338,0.678,0.601,1.0,0.0,0.553,0.248,0.298,0.541,0.377
2020-01-08 20:15:00,17.13,18.94,18.92,20.27,18.56,19.78,16.97,19.09,20.1,19.15,-0.96,0.0,0.328,0.671,0.557,1.0,0.747,0.554,1.0,0.303,0.547,0.377
2020-01-08 20:30:00,17.14,18.95,18.96,20.28,18.59,19.78,17.56,19.08,20.08,19.14,-1.03,0.0,0.337,0.678,0.538,1.0,0.719,0.558,1.0,0.307,0.552,0.377
2020-01-08 20:45:00,17.14,18.95,18.98,20.29,18.62,19.77,18.02,19.07,20.07,19.14,-1.1,0.0,0.332,0.675,0.522,1.0,0.703,0.561,1.0,0.312,0.558,0.378
2020-01-08 21:00:00,17.12,18.93,19.0,20.26,18.65,19.76,18.32,19.05,20.05,19.14,-1.19,0.0,0.332,0.675,0.509,1.0,0.692,0.563,0.992,0.317,0.563,0.378
2020-01-08 21:15:00,17.13,18.94,19.01,19.85,18.58,19.62,18.48,19.02,20.02,19.14,-1.28,0.0,0.34,0.684,0.502,0.0,0.674,0.118,0.838,0.325,0.573,0.378
2020-01-08 21:30:00,17.07,18.88,18.98,19.71,18.57,19.42,18.56,18.98,19.97,19.14,-1.36,0.0,0.333,0.679,0.495,0.073,0.71,0.189,0.762,0.338,0.59,0.379
2020-01-08 21:45:00,17.11,18.91,19.01,19.77,18.5,19.33,18.6,18.93,19.88,19.14,-1.45,0.0,0.364,0.71,0.51,0.146,0.714,0.292,0.718,0.358,0.614,0.379
2020-01-08 22:00:00,17.06,18.87,18.99,19.6,18.59,19.26,18.63,18.92,19.87,19.14,-1.52,0.0,0.343,0.696,0.495,0.117,0.75,0.337,0.7,0.386,0.66,0.379
2020-01-08 22:15:00,17.12,18.9,19.03,19.62,18.49,19.25,18.64,18.92,19.87,19.14,-1.59,0.0,0.368,0.717,0.504,0.201,0.705,0.371,0.686,0.388,0.665,0.379
2020-01-08 22:30:00,17.05,18.85,19.0,19.44,18.59,19.24,18.66,18.93,19.88,19.14,-1.66,0.0,0.339,0.701,0.484,0.19,0.755,0.375,0.682,0.388,0.665,0.379
2020-01-08 22:45:00,17.12,18.89,19.04,19.5,18.47,19.24,18.68,18.93,19.87,19.14,-1.74,0.0,0.374,0.727,0.5,0.278,0.706,0.379,0.671,0.384,0.661,0.379
2020-01-08 23:00:00,17.03,18.82,18.99,19.34,18.59,19.22,18.69,18.92,19.87,19.14,-1.84,0.0,0.341,0.704,0.479,0.25,0.765,0.382,0.66,0.384,0.663,0.38
2020-01-08 23:15:00,17.52,18.76,19.02,19.37,18.55,19.21,18.7,18.91,19.85,19.14,-1.95,0.0,1.0,0.591,0.504,0.331,0.705,0.389,0.655,0.388,0.666,0.38
2020-01-08 23:30:00,17.83,18.75,19.05,19.38,18.63,19.19,18.7,18.9,19.84,19.14,-2.06,0.0,1.0,0.622,0.489,0.316,0.723,0.396,0.651,0.393,0.673,0.38
2020-01-08 23:45:00,17.93,18.71,19.03,19.32,18.75,19.18,18.71,18.89,19.83,19.14,-2.16,0.0,1.0,0.626,0.477,0.308,0.687,0.404,0.648,0.398,0.678,0.38
2020-01-09 00:00:00,18.11,18.72,19.08,19.38,18.73,19.18,18.73,18.9,19.83,19.14,-2.22,0.0,1.0,0.644,0.486,0.341,0.624,0.41,0.645,0.403,0.684,0.38
2020-01-09 00:15:00,18.15,18.7,19.06,19.31,18.83,19.18,18.74,18.96,19.63,19.15,-2.28,0.0,0.945,0.641,0.462,0.308,0.637,0.411,0.637,0.551,0.084,0.43
2020-01-09 00:30:00,18.23,18.72,19.11,19.37,18.79,19.12,18.75,19.06,19.4,19.16,-2.34,0.0,0.926,0.649,0.471,0.344,0.583,0.412,0.629,0.519,0.186,0.426
2020-01-09 00:45:00,18.26,18.7,19.09,19.3,18.86,19.09,18.77,19.09,19.26,19.17,-2.4,0.0,0.886,0.641,0.447,0.315,0.606,0.441,0.623,0.472,0.298,0.421
2020-01-09 01:00:00,18.31,18.7,19.1,19.33,18.83,19.07,18.76,19.09,19.2,19.18,-2.49,0.0,0.869,0.652,0.457,0.351,0.568,0.454,0.617,0.457,0.372,0.416
2020-01-09 01:15:00,18.32,18.67,19.07,19.27,18.88,19.09,18.76,19.07,19.19,19.18,-2.58,0.0,0.847,0.649,0.45,0.335,0.584,0.464,0.619,0.455,0.398,0.412
2020-01-09 01:30:00,18.36,18.68,19.08,19.28,18.85,19.08,18.76,19.06,19.18,19.19,-2.67,0.0,0.839,0.663,0.466,0.366,0.561,0.457,0.62,0.467,0.407,0.41
2020-01-09 01:45:00,18.36,18.65,19.06,19.24,18.88,19.08,18.76,19.06,19.16,19.19,-2.75,0.0,0.822,0.661,0.462,0.36,0.575,0.458,0.62,0.47,0.41,0.407
2020-01-09 02:00:00,18.39,18.66,19.07,19.25,18.86,19.07,18.76,19.06,19.15,19.19,-2.84,0.0,0.82,0.673,0.469,0.382,0.559,0.46,0.62,0.47,0.418,0.405
2020-01-09 02:15:00,18.39,18.64,19.06,19.21,18.89,19.07,18.77,19.06,19.14,19.19,-2.92,0.0,0.806,0.669,0.465,0.375,0.569,0.463,0.618,0.469,0.424,0.404
2020-01-09 02:30:00,18.41,18.65,19.07,19.22,18.88,19.06,18.77,19.06,19.13,19.2,-3.01,0.0,0.804,0.678,0.469,0.393,0.555,0.465,0.616,0.469,0.431,0.403
2020-01-09 02:45:00,18.41,18.63,19.06,19.19,18.9,19.06,18.77,19.06,19.12,19.2,-3.1,0.0,0.795,0.676,0.467,0.391,0.562,0.468,0.615,0.47,0.436,0.401
2020-01-09 03:00:00,18.43,18.64,19.06,19.19,18.89,19.06,18.78,19.06,19.11,19.2,-3.15,0.0,0.794,0.684,0.471,0.405,0.552,0.471,0.614,0.471,0.441,0.4
2020-01-09 03:15:00,18.44,18.63,19.06,18.86,18.88,19.05,18.78,19.06,19.11,19.2,-3.21,0.0,0.785,0.681,0.469,0.0,0.557,0.472,0.612,0.472,0.444,0.4
2020-01-09 03:30:00,18.44,18.62,19.05,18.65,18.87,19.05,18.78,19.06,19.1,19.2,-3.26,0.0,0.78,0.683,0.469,0.0,0.559,0.473,0.61,0.471,0.447,0.399
2020-01-09 03:45:00,18.45,18.62,19.06,18.63,18.84,19.05,18.78,19.06,19.09,19.2,-3.32,0.0,0.781,0.692,0.473,0.0,0.567,0.475,0.609,0.472,0.452,0.398
2020-01-09 04:00:00,18.45,18.61,19.05,18.53,18.86,19.05,18.79,19.06,19.08,19.21,-3.36,0.0,0.775,0.69,0.471,0.0,0.579,0.477,0.608,0.472,0.456,0.398
2020-01-09 04:15:00,18.47,18.62,19.34,18.43,18.83,19.04,18.79,19.06,19.3,19.21,-3.39,0.0,0.774,0.694,0.873,0.0,0.572,0.477,0.605,0.472,1.0,0.397
2020-01-09 04:30:00,18.47,18.61,19.31,18.33,18.89,19.08,18.8,19.06,19.52,19.21,-3.43,0.0,0.767,0.691,0.729,0.0,0.584,0.478,0.603,0.471,1.0,0.397
2020-01-09 04:45:00,18.49,18.63,19.36,18.29,18.84,19.11,18.8,19.06,19.67,19.21,-3.47,0.0,0.767,0.697,0.744,0.0,0.553,0.462,0.601,0.47,1.0,0.396
2020-01-09 05:00:00,18.47,18.6,19.38,18.19,18.88,19.13,18.81,19.06,19.77,19.21,-3.51,0.0,0.756,0.686,0.719,0.0,0.581,0.444,0.599,0.469,1.0,0.396
2020-01-09 05:15:00,18.49,18.62,19.43,18.17,18.83,19.14,18.81,18.85,19.84,19.21,-3.56,0.0,0.763,0.701,0.708,0.0,0.562,0.435,0.597,0.0,1.0,0.396
2020-01-09 05:30:00,18.49,18.6,19.44,18.08,18.87,19.11,18.81,18.56,19.89,19.21,-3.6,0.0,0.753,0.69,0.683,0.0,0.583,0.43,0.595,0.0,1.0,0.396
2020-01-09 05:45:00,18.5,18.62,19.48,18.06,18.83,19.07,18.82,18.32,19.91,19.21,-3.65,0.0,0.757,0.701,0.68,0.0,0.567,0.444,0.593,0.0,1.0,0.396
2020-01-09 06:00:00,18.49,18.59,19.47,17.97,18.85,19.02,18.81,18.11,19.91,19.21,-3.69,0.0,0.749,0.692,0.662,0.0,0.587,0.467,0.591,0.0,1.0,0.395
2020-01-09 06:15:00,17.87,18.21,19.47,17.91,18.66,18.97,18.81,17.98,19.9,19.21,-3.73,0.0,0.0,0.205,0.664,0.0,0.0,0.489,0.594,0.0,1.0,0.395
2020-01-09 06:30:00,17.59,18.19,19.42,17.73,18.5,18.95,18.82,17.79,19.88,19.21,-3.77,0.0,0.0,0.394,0.665,0.0,0.0,0.514,0.597,0.0,1.0,0.395
2020-01-09 06:45:00,17.51,18.18,19.42,17.65,18.44,18.91,18.82,17.68,19.9,19.21,-3.81,0.0,0.0,0.407,0.691,0.0,0.0,0.524,0.591,0.0,1.0,0.395
2020-01-09 07:00:00,17.33,18.11,19.41,17.6,18.4,18.91,18.82,17.57,19.89,19.21,-3.83,0.0,0.0,0.411,0.692,0.025,0.0,0.543,0.592,0.0,1.0,0.395
2020-01-09 07:15:00,17.13,18.06,19.41,17.56,18.31,18.85,18.8,17.48,19.91,19.21,-3.86,0.0,0.0,0.446,0.693,0.05,0.0,0.446,0.592,0.0,1.0,0.395
2020-01-09 07:30:00,17.02,18.0,19.39,17.49,18.24,18.82,18.8,17.39,19.89,19.21,-3.89,0.0,0.084,0.47,0.695,0.069,0.0,0.473,0.602,0.008,1.0,0.395
2020-01-09 07:45:00,16.96,17.98,19.38,17.46,18.17,18.78,18.8,17.33,19.88,19.21,-3.92,0.0,0.138,0.498,0.704,0.106,0.0,0.488,0.601,0.056,1.0,0.396
2020-01-09 08:00:00,16.89,17.96,19.38,17.42,18.14,18.77,18.81,17.29,19.87,19.21,-3.91,0.0,0.169,0.51,0.709,0.12,0.0,0.51,0.599,0.085,1.0,0.396
2020-01-09 08:15:00,16.85,17.95,19.39,17.41,18.1,18.77,19.0,17.29,19.88,19.15,-3.89,3.2,0.203,0.52,0.711,0.138,0.0,0.513,1.0,0.103,1.0,0.0
2020-01-09 08:30:00,16.83,17.96,19.42,17.4,18.09,18.81,19.28,17.41,19.91,19.07,-3.87,47.3,0.227,0.524,0.706,0.143,0.001,0.515,1.0,0.104,1.0,0.0
2020-01-09 08:45:00,16.82,17.97,19.58,17.42,18.07,18.86,19.58,17.65,19.97,18.96,-3.86,91.3,0.235,0.521,0.689,0.15,0.006,0.495,1.0,0.044,1.0,0.0
2020-01-09 09:00:00,16.82,17.99,19.81,17.41,18.13,18.96,19.8,17.92,20.02,18.87,-3.68,135.4,0.238,0.513,0.612,0.141,0.015,0.471,1.0,0.0,1.0,0.0
2020-01-09 09:15:00,16.85,18.03,20.11,17.47,18.23,19.06,19.96,18.2,20.12,18.8,-3.51,179.5,0.24,0.503,0.497,0.145,0.0,0.422,1.0,0.0,1.0,0.0
2020-01-09 09:30:00,16.89,18.1,20.33,17.53,18.28,19.12,20.09,18.54,20.22,18.71,-3.34,196.6,0.223,0.483,0.344,0.117,0.0,0.368,1.0,0.0,1.0,0.0
2020-01-09 09:45:00,16.87,18.09,20.37,17.49,18.37,19.2,20.2,18.81,20.24,18.63,-3.16,213.7,0.206,0.452,0.235,0.084,0.0,0.341,1.0,0.0,1.0,0.0
2020-01-09 10:00:00,16.9,18.12,20.54,17.56,18.37,19.25,20.27,19.09,20.33,18.57,-2.99,230.7,0.217,0.455,0.215,0.106,0.0,0.301,1.0,0.0,1.0,0.0
2020-01-09 10:15:00,16.91,18.15,20.68,17.59,18.42,19.29,20.38,19.43,20.42,18.5,-2.82,247.8,0.198,0.44,0.131,0.072,0.0,0.275,1.0,0.0,1.0,0.0
2020-01-09 10:30:00,16.93,18.17,20.8,17.64,18.46,19.34,20.48,19.77,20.52,18.43,-2.65,264.9,0.193,0.425,0.061,0.053,0.0,0.253,1.0,0.0,1.0,0.0
2020-01-09 10:45:00,16.95,18.21,20.94,17.73,18.46,19.37,20.59,20.1,20.66,18.35,-2.49,282.0,0.187,0.414,0.0,0.028,0.0,0.23,1.0,0.0,1.0,0.0
2020-01-09 11:00:00,16.93,18.2,21.04,17.76,18.57,19.47,20.7,20.35,20.76,18.28,-2.32,299.1,0.174,0.397,0.0,0.0,0.0,0.215,1.0,0.0,1.0,0.0
2020-01-09 11:15:00,17.0,18.27,21.23,17.94,18.56,19.53,20.81,20.61,20.97,18.21,-2.15,316.2,0.184,0.398,0.0,0.0,0.0,0.165,1.0,0.0,1.0,0.0
2020-01-09 11:30:00,16.96,18.25,21.27,18.02,18.7,19.62,20.88,20.76,21.09,18.14,-1.98,312.6,0.151,0.366,0.0,0.0,0.0,0.137,0.947,0.0,0.917,0.0
2020-01-09 11:45:00,17.04,18.32,21.39,18.22,18.65,19.64,20.93,20.91,21.24,18.08,-1.81,308.9,0.17,0.375,0.0,0.0,0.0,0.091,0.91,0.0,0.855,0.0
2020-01-09 12:00:00,16.97,18.28,21.39,18.31,18.8,19.69,20.97,21.0,21.33,18.02,-1.7,305.2,0.131,0.339,0.0,0.0,0.0,0.081,0.886,0.0,0.778,0.0
2020-01-09 12:15:00,17.06,18.36,21.49,18.54,18.72,19.69,21.01,21.08,21.47,17.95,-1.6,301.5,0.165,0.361,0.0,0.0,0.0,0.054,0.865,0.0,0.737,0.0
2020-01-09 12:30:00,16.97,18.3,21.5,18.75,18.87,19.75,21.06,21.19,21.6,17.89,-1.49,323.8,0.122,0.321,0.0,0.0,0.0,0.053,0.846,0.0,0.667,0.0
2020-01-09 12:45:00,17.06,18.39,21.62,19.04,18.86,19.82,21.12,21.3,21.78,17.84,-1.38,346.0,0.163,0.349,0.0,0.0,0.0,0.027,0.819,0.0,0.602,0.0
2020-01-09 13:00:00,17.07,18.41,21.67,19.35,18.92,19.89,21.18,21.39,21.95,17.78,-1.26,368.3,0.12,0.306,0.0,0.0,0.0,0.0,0.79,0.0,0.512,0.0
2020-01-09 13:15:00,17.09,18.44,21.73,19.63,18.98,19.96,21.24,21.49,22.15,17.71,-1.14,390.6,0.116,0.295,0.0,0.0,0.0,0.0,0.758,0.0,0.424,0.0
2020-01-09 13:30:00,17.11,18.46,21.79,19.93,19.04,20.04,21.27,21.58,22.37,17.65,-1.02,393.9,0.105,0.281,0.0,0.0,0.0,0.0,0.732,0.0,0.327,0.0
2020-01-09 13:45:00,17.12,18.48,21.81,20.21,19.1,20.12,21.29,21.63,22.57,17.59,-0.9,397.1,0.095,0.268,0.0,0.0,0.0,0.0,0.715,0.0,0.216,0.0
2020-01-09 14:00:00,17.11,18.48,21.8,20.47,19.15,20.17,21.29,21.63,22.73,17.54,-0.85,400.4,0.091,0.261,0.0,0.0,0.0,0.0,0.707,0.0,0.116,0.0
2020-01-09 14:15:00,17.11,18.48,21.76,20.75,19.15,20.16,21.28,21.59,22.91,17.47,-0.8,403.6,0.094,0.261,0.0,0.0,0.0,0.0,0.707,0.0,0.034,0.0
2020-01-09 14:30:00,17.07,18.44,21.63,20.86,19.23,20.23,21.28,21.46,22.95,17.41,-0.75,390.5,0.095,0.259,0.0,0.0,0.0,0.0,0.708,0.0,0.0,0.0
2020-01-09 14:45:00,17.1,18.48,21.55,21.09,19.17,20.16,21.27,21.34,23.1,17.35,-0.7,377.4,0.116,0.279,0.0,0.0,0.0,0.0,0.712,0.0,0.0,0.0
2020-01-09 15:00:00,17.02,18.4,21.38,21.15,19.25,20.18,21.26,21.15,23.11,17.29,-0.72,364.3,0.098,0.26,0.0,0.0,0.0,0.0,0.717,0.0,0.0,0.0
2020-01-09 15:15:00,17.07,18.45,21.26,20.99,19.14,20.1,21.24,20.96,23.21,17.24,-0.74,351.2,0.141,0.302,0.0,0.0,0.0,0.0,0.722,0.0,0.0,0.0
2020-01-09 15:30:00,16.96,18.34,21.03,20.46,19.01,20.03,21.21,20.71,23.03,17.19,-0.76,265.6,0.113,0.274,0.0,0.0,0.0,0.0,0.73,0.0,0.0,0.0
2020-01-09 15:45:00,16.88,18.24,20.73,20.04,18.83,19.85,21.16,20.39,22.73,17.13,-0.78,180.0,0.168,0.33,0.0,0.0,0.0,0.0,0.746,0.0,0.0,0.005
2020-01-09 16:00:00,16.82,18.17,20.48,19.75,18.68,19.57,21.11,20.07,22.15,17.09,-0.94,94.4,0.211,0.379,0.034,0.0,0.0,0.0,0.768,0.0,0.034,0.033
2020-01-09 16:15:00,16.77,18.11,20.31,19.48,18.54,19.26,21.05,19.7,21.57,17.04,-1.09,8.8,0.242,0.415,0.162,0.0,0.0,0.113,0.794,0.0,0.325,0.057
2020-01-09 16:30:00,16.72,18.06,20.17,19.23,18.44,19.02,21.02,19.37,21.18,17.0,-1.24,6.6,0.266,0.443,0.247,0.0,0.0,0.269,0.825,0.0,0.616,0.081
2020-01-09 16:45:00,16.69,18.02,20.05,19.0,18.4,19.02,20.99,19.07,20.95,16.97,-1.4,0.0,0.288,0.469,0.316,0.0,0.0,0.39,0.842,0.0,0.808,0.1
2020-01-09 17:00:00,16.71,18.03,20.01,18.86,18.27,18.95,20.97,18.85,20.97,16.94,-1.46,0.0,0.307,0.492,0.374,0.0,0.0,0.39,0.857,0.0,0.924,0.117
2020-01-09 17:15:00,16.65,17.97,19.9,18.66,18.27,19.05,20.95,18.63,20.85,16.92,-1.51,0.0,0.296,0.486,0.396,0.0,0.0,0.423,0.867,0.0,0.914,0.129
2020-01-09 17:30:00,16.68,17.99,19.88,18.54,18.15,19.0,20.94,18.49,20.89,16.9,-1.57,0.0,0.327,0.515,0.452,0.0,0.0,0.376,0.873,0.0,0.973,0.139
2020-01-09 17:45:00,16.61,17.93,19.79,18.37,18.17,19.03,20.93,18.32,20.8,16.89,-1.63,0.0,0.311,0.507,0.46,0.0,0.0,0.4,0.879,0.0,0.954,0.148
2020-01-09 18:00:00,16.66,17.96,19.8,18.27,18.05,18.99,20.93,18.21,20.82,16.87,-1.69,0.0,0.344,0.534,0.506,0.0,0.0,0.383,0.884,0.0,0.998,0.156
2020-01-09 18:15:00,16.59,17.9,19.71,18.13,18.1,19.0,20.9,18.08,20.76,16.86,-1.75,0.0,0.32,0.52,0.502,0.0,0.024,0.407,0.886,0.0,0.99,0.164
2020-01-09 18:30:00,16.65,17.94,19.74,18.01,17.98,18.96,20.89,17.98,20.75,16.85,-1.81,0.0,0.353,0.548,0.543,0.0,0.0,0.4,0.9,0.0,1.0,0.171
2020-01-09 18:45:00,16.59,17.89,19.66,17.86,18.05,18.96,20.89,17.86,20.69,16.83,-1.87,0.0,0.324,0.532,0.531,0.0,0.059,0.42,0.904,0.0,1.0,0.177
2020-01-09 19:00:00,16.64,17.92,19.69,17.78,17.94,18.92,20.89,17.78,20.67,16.82,-1.94,0.0,0.357,0.553,0.571,0.0,0.025,0.421,0.907,0.0,1.0,0.183
2020-01-09 19:15:00,16.59,17.89,19.64,18.29,17.99,18.9,20.89,17.7,20.63,16.82,-2.02,0.0,0.329,0.54,0.553,1.0,0.082,0.438,0.907,0.0,1.0,0.188
2020-01-09 19:30:00,16.61,17.89,19.64,18.56,17.99,18.9,20.88,17.6,20.59,16.81,-2.1,0.0,0.355,0.553,0.58,0.854,0.056,0.448,0.907,0.0,1.0,0.192
2020-01-09 19:45:00,16.6,17.89,19.63,18.49,18.03,18.88,20.88,17.54,20.58,16.8,-2.18,0.0,0.344,0.553,0.578,0.72,0.053,0.45,0.909,0.0,1.0,0.197
2020-01-09 20:00:00,16.62,17.9,19.64,18.63,17.98,18.87,20.88,17.47,20.54,16.79,-2.2,0.0,0.35,0.555,0.586,0.755,0.034,0.462,0.91,0.0,1.0,0.202
2020-01-09 20:15:00,16.6,17.89,19.35,18.65,18.04,18.85,20.88,17.42,20.29,16.78,-2.21,0.0,0.338,0.549,0.18,0.684,0.059,0.463,0.909,0.015,0.0,0.206
2020-01-09 20:30:00,16.61,17.9,19.35,18.68,17.94,18.75,20.88,17.37,20.0,16.78,-2.23,0.0,0.35,0.557,0.323,0.673,0.029,0.473,0.909,0.04,0.0,0.209
2020-01-09 20:45:00,16.6,17.89,19.29,18.68,17.93,18.67,20.89,17.29,19.69,16.77,-2.24,0.0,0.343,0.551,0.323,0.66,0.079,0.527,0.908,0.066,0.0,0.212
2020-01-09 21:00:00,16.59,17.88,19.22,18.7,17.91,18.66,20.89,17.24,19.48,16.76,-2.3,0.0,0.351,0.557,0.355,0.658,0.086,0.565,0.907,0.103,0.155,0.215
2020-01-09 21:15:00,16.59,17.88,19.2,18.7,17.9,18.65,20.89,17.51,19.43,16.76,-2.35,0.0,0.354,0.561,0.39,0.651,0.093,0.57,0.907,1.0,0.261,0.219
2020-01-09 21:30:00,16.59,17.88,19.18,18.71,17.89,18.77,20.89,18.03,19.41,16.75,-2.4,0.0,0.356,0.56,0.398,0.65,0.1,0.577,0.907,1.0,0.285,0.222
2020-01-09 21:45:00,16.58,17.87,19.16,18.72,17.88,18.89,20.89,18.45,19.43,16.75,-2.46,0.0,0.357,0.562,0.41,0.645,0.105,0.517,0.907,0.984,0.297,0.224
2020-01-09 22:00:00,16.58,17.87,19.14,18.72,17.88,18.92,20.89,18.72,19.42,16.74,-2.51,0.0,0.358,0.563,0.421,0.64,0.109,0.457,0.906,0.777,0.286,0.227
2020-01-09 22:15:00,17.07,18.19,19.14,18.74,17.99,18.93,20.89,18.8,19.38,16.74,-2.57,0.0,1.0,1.0,0.428,0.638,1.0,0.44,0.905,0.641,0.289,0.23
2020-01-09 22:30:00,17.35,18.27,19.19,18.84,18.12,18.91,20.9,18.85,19.35,16.73,-2.63,0.0,1.0,0.905,0.429,0.628,1.0,0.435,0.903,0.6,0.308,0.232
2020-01-09 22:45:00,17.46,18.29,19.18,18.84,18.23,18.89,20.91,18.88,19.31,16.73,-2.68,0.0,1.0,0.863,0.403,0.58,0.938,0.447,0.901,0.574,0.325,0.234
2020-01-09 23:00:00,17.63,18.36,19.21,18.89,18.25,18.87,20.91,18.89,19.29,16.72,-2.73,0.0,1.0,0.854,0.408,0.582,0.886,0.455,0.894,0.562,0.345,0.236
2020-01-09 23:15:00,17.76,18.39,19.19,18.88,18.36,18.9,20.9,18.9,19.27,16.72,-2.78,0.0,1.0,0.818,0.396,0.553,0.873,0.563,0.896,0.554,0.357,0.238
2020-01-09 23:30:00,17.88,18.43,19.22,18.93,18.38,18.94,20.9,18.91,19.27,16.72,-2.83,0.0,1.0,0.803,0.404,0.559,0.822,0.548,0.898,0.548,0.367,0.24
2020-01-09 23:45:00,17.97,18.43,19.2,18.92,18.45,18.96,20.9,18.92,19.27,16.71,-2.87,0.0,1.0,0.787,0.392,0.533,0.808,0.529,0.899,0.543,0.365,0.242
2020-01-10 00:00:00,18.07,18.46,19.21,18.95,18.48,18.97,20.9,18.93,19.26,16.71,-2.9,0.0,1.0,0.783,0.401,0.542,0.773,0.518,0.9,0.539,0.364,0.244
2020-01-10 00:15:00,18.12,18.47,19.21,18.96,18.53,18.98,20.59,18.94,19.26,16.81,-2.93,0.0,0.966,0.771,0.393,0.523,0.762,0.513,0.0,0.535,0.368,1.0
2020-01-10 00:30:00,18.17,18.49,19.21,18.97,18.56,18.98,20.07,18.95,19.24,17.01,-2.96,0.0,0.939,0.763,0.395,0.521,0.735,0.512,0.0,0.53,0.372,1.0
2020-01-10 00:45:00,18.22,18.5,19.21,18.98,18.59,18.98,19.57,18.96,19.23,17.2,-2.98,0.0,0.913,0.757,0.394,0.515,0.72,0.511,0.0,0.525,0.379,1.0
2020-01-10 01:00:00,18.24,18.5,19.2,18.97,18.61,18.97,19.2,18.96,19.21,17.37,-3.02,0.0,0.89,0.751,0.396,0.511,0.706,0.51,0.216,0.52,0.385,1.0
2020-01-10 01:15:00,18.26,18.49,19.18,18.96,18.63,18.97,19.1,18.95,19.19,17.53,-3.07,0.0,0.878,0.75,0.402,0.514,0.695,0.513,0.398,0.522,0.395,1.0
2020-01-10 01:30:00,18.29,18.5,19.17,18.96,18.64,18.96,19.15,18.95,19.17,17.67,-3.11,0.0,0.869,0.753,0.411,0.52,0.685,0.516,0.451,0.525,0.406,1.0
2020-01-10 01:45:00,18.3,18.5,19.16,18.95,18.66,18.96,19.22,18.95,19.16,17.8,-3.15,0.0,0.856,0.75,0.415,0.518,0.681,0.519,0.424,0.526,0.414,1.0
2020-01-10 02:00:00,18.33,18.51,19.16,18.97,18.67,18.96,19.21,18.96,19.16,17.92,-3.15,0.0,0.85,0.751,0.422,0.524,0.67,0.521,0.39,0.527,0.421,1.0
2020-01-10 02:15:00,18.35,18.51,19.16,18.98,18.7,18.97,19.17,18.97,19.18,18.03,-3.15,0.0,0.836,0.743,0.418,0.515,0.667,0.518,0.393,0.52,0.42,1.0
2020-01-10 02:30:00,18.37,18.53,19.17,18.99,18.71,18.98,19.15,18.98,19.17,18.14,-3.16,0.0,0.826,0.744,0.42,0.512,0.652,0.515,0.416,0.514,0.41,0.984
2020-01-10 02:45:00,18.39,18.53,19.17,18.99,18.73,18.98,19.15,18.99,19.17,18.23,-3.16,0.0,0.815,0.735,0.417,0.507,0.647,0.51,0.424,0.509,0.413,0.93
2020-01-10 03:00:00,18.4,18.54,19.17,19.0,18.74,18.98,19.14,19.0,19.16,18.31,-3.17,0.0,0.807,0.733,0.417,0.506,0.636,0.509,0.425,0.504,0.415,0.883
2020-01-10 03:15:00,18.42,18.73,19.17,19.0,18.76,18.98,19.14,19.0,19.15,18.38,-3.17,0.0,0.798,1.0,0.416,0.502,0.63,0.509,0.428,0.502,0.419,0.843
2020-01-10 03:30:00,18.43,18.8,19.17,19.0,18.79,18.98,19.13,19.0,19.15,18.44,-3.18,0.0,0.792,1.0,0.417,0.502,0.622,0.508,0.428,0.5,0.425,0.809
2020-01-10 03:45:00,18.45,18.83,19.17,19.02,18.8,18.99,19.12,19.01,19.15,18.5,-3.18,0.0,0.785,1.0,0.416,0.498,0.605,0.508,0.434,0.498,0.425,0.779
2020-01-10 04:00:00,18.45,18.87,19.16,19.01,18.82,18.98,19.11,19.0,19.14,18.54,-3.2,0.0,0.776,1.0,0.413,0.492,0.6,0.507,0.439,0.496,0.426,0.752
2020-01-10 04:15:00,18.46,18.91,19.16,19.01,18.82,18.98,19.09,19.0,19.13,18.58,-3.21,0.0,0.774,1.0,0.418,0.496,0.592,0.508,0.447,0.498,0.431,0.729
2020-01-10 04:30:00,18.47,18.95,19.16,19.01,18.84,18.98,19.08,19.0,19.12,18.62,-3.23,0.0,0.77,1.0,0.419,0.495,0.589,0.51,0.453,0.499,0.436,0.708
2020-01-10 04:45:00,18.47,18.98,19.15,19.01,18.85,18.98,19.07,19.0,19.11,18.66,-3.25,0.0,0.767,1.0,0.422,0.497,0.581,0.511,0.458,0.5,0.44,0.689
2020-01-10 05:00:00,18.48,19.01,19.15,19.0,18.86,18.97,19.06,19.0,19.1,18.69,-3.25,0.0,0.764,1.0,0.424,0.497,0.577,0.512,0.463,0.501,0.444,0.672
2020-01-10 05:15:00,18.48,19.03,19.14,19.0,18.87,18.97,19.06,18.99,19.1,18.72,-3.25,0.0,0.761,1.0,0.427,0.499,0.571,0.513,0.468,0.502,0.448,0.656
2020-01-10 05:30:00,18.49,19.05,19.14,19.0,18.87,18.97,19.05,18.99,19.09,18.74,-3.25,0.0,0.758,1.0,0.429,0.5,0.567,0.514,0.472,0.503,0.451,0.642
2020-01-10 05:45:00,18.5,19.07,19.13,18.99,18.88,18.97,19.04,18.99,19.08,18.77,-3.25,0.0,0.755,1.0,0.432,0.502,0.563,0.515,0.476,0.504,0.455,0.629
2020-01-10 06:00:00,18.5,19.09,19.13,19.0,18.89,18.97,19.04,19.0,19.08,18.79,-3.26,0.0,0.752,1.0,0.434,0.503,0.559,0.516,0.48,0.504,0.459,0.617
2020-01-10 06:15:00,18.51,19.11,19.45,18.99,18.86,18.97,19.04,19.0,19.08,18.8,-3.26,0.0,0.748,1.0,1.0,0.501,0.0,0.515,0.482,0.502,0.459,0.606
2020-01-10 06:30:00,18.52,19.13,19.6,19.0,18.89,18.97,19.03,19.0,19.08,18.83,-3.26,0.0,0.746,1.0,1.0,0.503,0.0,0.514,0.482,0.5,0.458,0.598
2020-01-10 06:45:00,18.52,19.14,19.62,19.0,18.93,18.98,19.03,19.01,19.08,18.84,-3.26,0.0,0.742,1.0,1.0,0.498,0.0,0.513,0.483,0.499,0.459,0.587
2020-01-10 07:00:00,18.53,19.17,19.71,19.01,18.91,18.98,19.03,19.01,19.08,18.86,-3.27,0.0,0.741,1.0,1.0,0.499,0.0,0.512,0.485,0.497,0.459,0.579
2020-01-10 07:15:00,18.53,19.18,19.79,18.61,18.92,18.98,18.78,19.17,19.08,18.87,-3.27,0.0,0.734,1.0,1.0,0.0,0.0,0.512,0.0,1.0,0.46,0.571
2020-01-10 07:30:00,18.54,19.19,19.87,18.45,18.9,19.01,18.36,19.41,19.08,18.88,-3.27,0.0,0.733,1.0,1.0,0.0,0.0,0.509,0.0,1.0,0.461,0.565
2020-01-10 07:45:00,18.54,19.2,19.93,18.36,18.89,19.05,17.94,19.57,19.08,18.9,-3.28,0.0,0.732,1.0,1.0,0.0,0.0,0.494,0.0,0.946,0.46,0.558
2020-01-10 08:00:00,18.54,19.21,19.98,18.25,18.87,19.06,17.58,19.66,19.08,18.91,-3.25,0.0,0.731,1.0,1.0,0.0,0.0,0.477,0.0,0.866,0.458,0.551
2020-01-10 08:15:00,18.24,19.22,20.03,18.16,18.84,18.91,17.35,19.68,19.11,18.85,-3.23,2.4,0.33,1.0,1.0,0.0,0.0,0.0,0.0,0.821,0.559,0.045
2020-01-10 08:30:00,18.22,19.22,20.07,18.06,18.8,18.67,17.15,19.8,19.15,18.74,-3.2,33.1,0.48,1.0,1.0,0.0,0.0,0.0,0.0,0.811,0.547,0.073
2020-01-10 08:45:00,18.2,19.24,20.19,18.01,18.78,18.59,17.07,19.9,19.09,18.65,-3.17,63.7,0.489,1.0,1.0,0.0,0.0,0.013,0.074,0.749,0.527,0.129
2020-01-10 09:00:00,18.16,19.27,20.35,17.95,18.8,18.52,17.05,20.05,19.1,18.58,-3.02,94.4,0.501,1.0,0.954,0.0,0.0,0.053,0.114,0.699,0.555,0.174
2020-01-10 09:15:00,18.19,19.32,20.59,17.93,18.82,18.52,17.05,20.19,19.1,18.53,-2.87,125.1,0.521,1.0,0.877,0.0,0.0,0.092,0.123,0.626,0.55,0.208
2020-01-10 09:30:00,18.2,19.38,20.71,17.9,18.9,18.53,17.04,20.32,19.14,18.49,-2.73,140.3,0.507,1.0,0.757,0.0,0.0,0.089,0.124,0.556,0.551,0.234
2020-01-10 09:45:00,18.23,19.44,20.85,17.92,18.91,18.56,17.02,20.42,19.17,18.46,-2.58,155.5,0.5,1.0,0.696,0.0,0.0,0.085,0.13,0.491,0.53,0.255
2020-01-10 10:00:00,18.25,19.48,20.95,17.9,18.98,18.57,17.02,20.52,19.2,18.43,-2.38,170.6,0.483,1.0,0.623,0.0,0.0,0.072,0.138,0.439,0.517,0.271
2020-01-10 10:15:00,18.29,19.54,21.07,17.96,18.99,18.59,17.01,20.6,19.26,18.41,-2.19,185.8,0.475,1.0,0.575,0.0,0.0,0.065,0.139,0.389,0.499,0.285
2020-01-10 10:30:00,18.3,19.58,21.13,17.96,19.06,18.61,17.01,20.67,19.3,18.39,-2.0,193.3,0.455,1.0,0.517,0.0,0.0,0.053,0.146,0.35,0.468,0.296
2020-01-10 10:45:00,18.33,19.65,21.23,18.03,19.06,18.62,17.02,20.72,19.35,18.37,-1.81,200.7,0.45,1.0,0.484,0.0,0.0,0.045,0.143,0.317,0.449,0.306
2020-01-10 11:00:00,18.34,19.69,21.29,18.06,19.13,18.63,17.03,20.77,19.4,18.36,-1.66,208.1,0.433,1.0,0.433,0.0,0.0,0.04,0.14,0.29,0.427,0.314
2020-01-10 11:15:00,18.38,19.76,21.39,18.16,19.13,18.65,17.04,20.83,19.46,18.34,-1.52,215.6,0.431,1.0,0.406,0.0,0.0,0.033,0.134,0.263,0.4,0.321
2020-01-10 11:30:00,18.38,19.8,21.41,18.2,19.22,18.67,17.04,20.86,19.52,18.33,-1.38,216.3,0.412,1.0,0.353,0.0,0.0,0.025,0.131,0.236,0.369,0.328
2020-01-10 11:45:00,18.42,19.88,21.49,18.33,19.21,18.68,17.04,20.88,19.59,18.32,-1.24,217.1,0.411,1.0,0.344,0.0,0.0,0.015,0.13,0.221,0.338,0.333
2020-01-10 12:00:00,18.41,19.9,21.48,18.37,19.29,18.69,17.03,20.88,19.64,18.32,-1.13,217.8,0.391,1.0,0.304,0.0,0.0,0.01,0.129,0.21,0.306,0.338
2020-01-10 12:15:00,18.44,19.97,21.54,18.51,19.27,18.68,17.03,20.87,19.71,18.31,-1.02,218.6,0.397,1.0,0.309,0.0,0.0,0.007,0.134,0.212,0.278,0.342
2020-01-10 12:30:00,18.44,19.99,21.68,18.7,19.36,18.7,17.05,21.01,19.88,18.3,-0.91,287.9,0.378,1.0,0.28,0.0,0.0,0.008,0.135,0.215,0.247,0.346
2020-01-10 12:45:00,18.49,20.09,21.86,19.0,19.47,18.84,17.08,21.17,20.1,18.3,-0.81,357.3,0.381,1.0,0.21,0.0,0.0,0.0,0.124,0.147,0.158,0.35
2020-01-10 13:00:00,18.56,20.21,22.12,19.54,19.61,19.01,17.11,21.46,20.49,18.29,-0.56,426.6,0.354,1.0,0.121,0.0,0.0,0.0,0.112,0.063,0.05,0.352
2020-01-10 13:15:00,18.61,20.33,22.32,20.12,19.75,19.21,17.14,21.72,20.9,18.29,-0.32,496.0,0.322,1.0,0.0,0.0,0.0,0.0,0.093,0.0,0.0,0.355
2020-01-10 13:30:00,18.64,20.42,22.41,20.55,19.88,19.39,17.13,21.88,21.27,18.28,-0.08,486.5,0.293,1.0,0.0,0.0,0.0,0.0,0.081,0.0,0.0,0.357
2020-01-10 13:45:00,18.66,20.49,22.45,20.87,19.96,19.51,17.1,21.95,21.59,18.28,0.16,477.0,0.278,1.0,0.0,0.0,0.0,0.0,0.085,0.0,0.0,0.36
2020-01-10 14:00:00,18.66,20.54,22.43,21.13,20.02,19.59,17.07,21.95,21.87,18.27,0.28,467.4,0.268,1.0,0.0,0.0,0.0,0.0,0.1,0.0,0.0,0.362
2020-01-10 14:15:00,18.66,20.57,22.38,21.42,20.04,19.62,17.04,21.89,22.15,18.27,0.4,457.9,0.268,1.0,0.0,0.0,0.0,0.0,0.117,0.0,0.0,0.364
2020-01-10 14:30:00,18.62,20.58,22.29,21.56,20.11,19.69,17.02,21.78,22.25,18.27,0.52,437.8,0.27,1.0,0.0,0.0,0.0,0.0,0.131,0.0,0.0,0.366
2020-01-10 14:45:00,18.64,20.62,22.18,21.77,20.1,19.66,17.01,21.64,22.45,18.26,0.63,417.7,0.29,1.0,0.0,0.0,0.0,0.0,0.139,0.0,0.0,0.367
2020-01-10 15:00:00,18.59,20.6,22.01,21.87,20.14,19.68,16.99,21.43,22.5,18.26,0.63,397.6,0.279,1.0,0.0,0.0,0.0,0.0,0.146,0.0,0.0,0.368
2020-01-10 15:15:00,18.6,20.62,21.88,21.8,20.1,19.61,16.97,21.22,22.61,18.26,0.62,377.5,0.305,1.0,0.044,0.0,0.0,0.0,0.155,0.0,0.0,0.37
2020-01-10 15:30:00,18.53,20.57,21.69,21.15,19.96,19.52,16.94,20.98,22.43,18.26,0.62,285.1,0.299,1.0,0.11,0.0,0.0,0.0,0.166,0.039,0.0,0.371
2020-01-10 15:45:00,18.46,20.49,21.46,20.71,19.79,19.35,16.9,20.7,22.15,18.26,0.61,192.8,0.333,1.0,0.204,0.0,0.0,0.0,0.179,0.162,0.0,0.371
2020-01-10 16:00:00,18.4,20.39,21.28,20.4,19.67,19.13,16.86,20.46,21.64,18.25,0.45,100.4,0.37,1.0,0.318,0.0,0.0,0.0,0.199,0.301,0.0,0.372
2020-01-10 16:15:00,18.35,20.31,21.15,20.13,19.57,18.85,16.83,20.27,21.01,18.25,0.29,8.1,0.399,1.0,0.408,0.0,0.0,0.0,0.22,0.42,0.0,0.373
2020-01-10 16:30:00,18.31,20.24,21.04,19.86,19.48,18.59,16.82,20.14,20.5,18.25,0.12,6.1,0.426,1.0,0.476,0.0,0.0,0.0,0.237,0.514,0.0,0.374
2020-01-10 16:45:00,18.28,20.18,20.96,19.63,19.41,18.4,16.82,20.05,20.07,18.25,-0.04,0.0,0.445,1.0,0.531,0.0,0.0,0.055,0.242,0.58,0.0,0.375
2020-01-10 17:00:00,18.25,20.12,20.89,19.41,19.35,18.25,16.8,19.99,19.74,18.25,-0.1,0.0,0.462,1.0,0.572,0.0,0.0,0.151,0.24,0.623,0.065,0.376
2020-01-10 17:15:00,18.23,20.06,20.82,19.17,19.32,18.19,16.78,19.95,19.52,18.25,-0.17,0.0,0.475,1.0,0.606,0.0,0.0,0.223,0.25,0.655,0.228,0.376
2020-01-10 17:30:00,18.23,20.03,20.8,19.01,19.25,18.16,16.77,19.95,19.46,18.25,-0.23,0.0,0.486,1.0,0.638,0.0,0.0,0.253,0.261,0.677,0.339,0.377
2020-01-10 17:45:00,18.2,20.0,20.75,18.83,19.24,18.2,16.8,19.93,19.37,18.24,-0.29,0.0,0.487,1.0,0.649,0.0,0.0,0.272,0.267,0.673,0.368,0.377
2020-01-10 18:00:00,18.21,19.96,20.74,18.77,19.18,18.2,16.75,19.96,19.42,18.24,-0.35,0.0,0.502,1.0,0.675,0.0,0.0,0.25,0.252,0.683,0.413,0.378
2020-01-10 18:15:00,18.18,19.92,20.7,18.64,19.17,18.25,16.75,19.95,19.37,18.24,-0.41,0.0,0.497,1.0,0.679,0.0,0.0,0.252,0.273,0.67,0.391,0.378
2020-01-10 18:30:00,18.19,19.91,20.7,18.55,19.11,18.23,16.75,19.96,19.37,18.24,-0.46,0.0,0.509,1.0,0.7,0.0,0.0,0.227,0.276,0.677,0.416,0.378
2020-01-10 18:45:00,18.17,19.87,20.66,18.44,19.11,18.25,16.75,19.94,19.32,18.24,-0.52,0.0,0.505,1.0,0.702,0.0,0.0,0.236,0.275,0.669,0.415,0.379
2020-01-10 19:00:00,18.17,19.86,20.66,18.38,19.05,18.23,16.75,19.94,19.32,18.24,-0.6,0.0,0.515,1.0,0.72,0.0,0.0,0.226,0.275,0.68,0.438,0.379
2020-01-10 19:15:00,18.15,19.29,20.62,18.29,18.98,18.23,16.74,19.93,19.29,18.24,-0.67,0.0,0.513,0.071,0.721,0.0,0.0,0.236,0.277,0.679,0.442,0.379
2020-01-10 19:30:00,18.13,19.29,20.57,18.16,18.9,18.23,16.73,19.92,19.26,18.24,-0.75,0.0,0.524,0.356,0.739,0.0,0.0,0.235,0.279,0.686,0.456,0.379
2020-01-10 19:45:00,18.13,19.22,20.57,18.09,18.88,18.22,16.73,19.91,19.25,18.24,-0.82,0.0,0.536,0.355,0.763,0.0,0.0,0.236,0.283,0.692,0.469,0.379
2020-01-10 20:00:00,18.13,19.14,20.56,18.04,18.85,18.23,16.73,19.91,19.23,18.24,-0.87,0.0,0.536,0.388,0.767,0.0,0.0,0.238,0.284,0.693,0.475,0.379
2020-01-10 20:15:00,18.12,19.07,20.54,17.96,18.82,18.22,16.73,19.91,19.23,18.24,-0.91,0.0,0.535,0.431,0.771,0.0,0.0,0.237,0.284,0.696,0.483,0.379
2020-01-10 20:30:00,18.12,19.03,20.53,17.91,18.78,18.23,16.73,19.9,19.21,18.24,-0.96,0.0,0.539,0.466,0.78,0.0,0.0,0.238,0.284,0.696,0.487,0.379
2020-01-10 20:45:00,18.12,18.99,20.52,17.84,18.77,18.23,16.73,19.9,19.21,18.24,-1.01,0.0,0.539,0.483,0.783,0.0,0.0,0.237,0.284,0.698,0.493,0.379
2020-01-10 21:00:00,18.12,18.95,20.52,17.79,18.73,18.23,16.73,19.9,19.19,18.24,-1.08,0.0,0.541,0.505,0.791,0.0,0.0,0.237,0.284,0.698,0.497,0.379
2020-01-10 21:15:00,18.12,18.93,20.49,17.73,18.72,18.24,16.73,19.88,19.19,18.24,-1.15,0.0,0.541,0.523,0.792,0.0,0.0,0.237,0.285,0.7,0.503,0.379
2020-01-10 21:30:00,18.12,18.91,20.49,17.69,18.69,18.23,16.73,19.89,19.19,18.24,-1.23,0.0,0.539,0.536,0.806,0.0,0.0,0.232,0.285,0.71,0.506,0.379
2020-01-10 21:45:00,18.11,18.89,20.48,17.64,18.68,18.24,16.73,19.89,19.18,18.24,-1.3,0.0,0.541,0.545,0.803,0.006,0.0,0.236,0.285,0.704,0.505,0.378
2020-01-10 22:00:00,18.11,18.87,20.48,17.62,18.65,18.23,16.73,19.89,19.18,18.24,-1.35,0.0,0.543,0.557,0.808,0.032,0.0,0.232,0.283,0.705,0.51,0.378
2020-01-10 22:15:00,18.11,18.85,20.05,17.59,18.6,18.23,16.72,19.88,19.16,18.24,-1.4,0.0,0.544,0.566,0.0,0.042,0.676,0.235,0.287,0.706,0.512,0.378
2020-01-10 22:30:00,18.08,18.8,19.85,17.46,18.56,18.22,16.73,19.87,19.14,18.25,-1.45,0.0,0.544,0.573,0.0,0.057,0.701,0.237,0.29,0.709,0.518,0.378
2020-01-10 22:45:00,18.1,18.82,19.81,17.54,18.46,18.21,16.72,19.87,19.14,18.25,-1.51,0.0,0.562,0.599,0.073,0.119,0.719,0.239,0.286,0.713,0.53,0.377
2020-01-10 23:00:00,18.06,18.76,19.65,17.41,18.54,18.21,16.71,19.86,19.12,18.25,-1.57,0.0,0.55,0.59,0.095,0.082,0.77,0.243,0.289,0.715,0.531,0.377
2020-01-10 23:15:00,18.08,18.78,19.6,17.89,18.5,18.18,17.05,19.66,19.12,18.25,-1.64,0.0,0.568,0.619,0.174,1.0,0.731,0.244,1.0,0.071,0.538,0.377
2020-01-10 23:30:00,18.09,18.77,19.56,18.24,18.58,18.11,17.58,19.39,19.09,18.25,-1.71,0.0,0.559,0.611,0.2,1.0,0.751,0.26,1.0,0.171,0.542,0.376
2020-01-10 23:45:00,18.09,18.77,19.52,18.34,18.63,18.06,17.98,19.23,19.05,18.25,-1.77,0.0,0.555,0.613,0.22,0.879,0.708,0.294,1.0,0.306,0.556,0.376
2020-01-11 00:00:00,18.09,18.76,19.47,18.48,18.65,18.06,18.27,19.15,19.03,18.25,-1.86,0.0,0.553,0.614,0.238,0.831,0.687,0.32,1.0,0.387,0.576,0.376
2020-01-11 00:15:00,18.38,18.75,19.45,18.54,18.66,18.23,18.43,19.15,19.01,18.33,-1.94,0.0,0.956,0.622,0.265,0.759,0.677,0.972,0.865,0.424,0.487,0.875
2020-01-11 00:30:00,18.37,18.74,19.42,18.61,18.75,18.47,18.51,19.2,19.09,18.44,-2.03,0.0,0.809,0.625,0.277,0.728,0.671,0.883,0.784,0.427,0.493,0.837
2020-01-11 00:45:00,18.38,18.74,19.41,18.69,18.73,18.63,18.55,19.26,19.17,18.54,-2.12,0.0,0.816,0.63,0.292,0.697,0.626,0.765,0.746,0.398,0.455,0.779
2020-01-11 01:00:00,18.41,18.72,19.37,18.71,18.76,18.72,18.58,19.28,19.19,18.61,-2.2,0.0,0.812,0.632,0.293,0.657,0.635,0.683,0.726,0.368,0.413,0.729
2020-01-11 01:15:00,18.44,18.72,19.37,18.75,18.76,18.76,18.6,19.26,19.18,18.67,-2.27,0.0,0.796,0.64,0.314,0.647,0.618,0.638,0.712,0.359,0.405,0.693
2020-01-11 01:30:00,18.47,18.71,19.34,18.77,18.79,18.77,18.64,19.23,19.14,18.72,-2.35,0.0,0.778,0.641,0.317,0.627,0.618,0.62,0.7,0.369,0.412,0.664
2020-01-11 01:45:00,18.48,18.71,19.33,18.79,18.79,18.78,18.65,19.21,19.12,18.76,-2.43,0.0,0.765,0.643,0.33,0.617,0.606,0.613,0.682,0.384,0.432,0.641
2020-01-11 02:00:00,18.49,18.7,19.31,18.8,18.81,18.79,18.67,19.19,19.1,18.79,-2.51,0.0,0.758,0.647,0.335,0.606,0.603,0.61,0.673,0.396,0.44,0.621
2020-01-11 02:15:00,18.5,18.69,19.3,18.81,18.81,18.8,18.68,19.17,19.09,18.82,-2.59,0.0,0.754,0.652,0.345,0.6,0.596,0.605,0.667,0.406,0.448,0.605
2020-01-11 02:30:00,18.51,18.68,19.28,18.82,18.82,18.8,18.68,19.16,19.08,18.85,-2.68,0.0,0.748,0.655,0.352,0.593,0.594,0.602,0.662,0.413,0.453,0.59
2020-01-11 02:45:00,18.51,18.67,19.27,18.83,18.83,18.81,18.69,19.15,19.08,18.87,-2.76,0.0,0.747,0.66,0.36,0.589,0.589,0.598,0.658,0.419,0.458,0.577
2020-01-11 03:00:00,18.52,18.67,19.26,18.84,18.83,18.82,18.7,19.15,19.07,18.89,-2.8,0.0,0.745,0.664,0.367,0.585,0.587,0.596,0.654,0.424,0.462,0.565
2020-01-11 03:15:00,18.53,18.66,19.25,18.42,18.82,18.84,18.7,19.31,19.09,18.9,-2.85,0.0,0.741,0.665,0.371,0.0,0.584,0.592,0.648,0.926,0.464,0.505
2020-01-11 03:30:00,18.52,18.65,19.23,18.25,18.79,18.87,18.71,19.55,19.09,18.91,-2.89,0.0,0.736,0.669,0.373,0.0,0.592,0.582,0.651,0.847,0.456,0.5
2020-01-11 03:45:00,18.53,18.65,19.23,18.25,18.76,18.92,18.72,19.63,19.09,18.91,-2.94,0.0,0.74,0.677,0.385,0.0,0.605,0.565,0.646,0.727,0.455,0.496
2020-01-11 04:00:00,18.52,18.63,19.21,18.13,18.78,18.93,18.72,19.67,19.09,18.92,-2.97,0.0,0.736,0.676,0.386,0.0,0.622,0.54,0.641,0.683,0.456,0.493
2020-01-11 04:15:00,18.53,18.64,19.21,18.04,18.74,18.93,18.46,19.68,19.08,18.93,-3.0,0.0,0.738,0.684,0.397,0.0,0.61,0.536,0.089,0.663,0.454,0.49
2020-01-11 04:30:00,18.53,18.62,19.19,17.94,18.72,18.93,18.17,19.69,19.07,18.93,-3.04,0.0,0.733,0.681,0.396,0.0,0.632,0.534,0.222,0.659,0.459,0.486
2020-01-11 04:45:00,18.52,18.61,19.17,17.83,18.71,18.93,17.98,19.69,19.06,18.94,-3.07,0.0,0.734,0.688,0.406,0.0,0.64,0.535,0.363,0.656,0.463,0.483
2020-01-11 05:00:00,18.53,18.61,19.16,17.78,18.67,18.93,17.96,19.69,19.05,18.95,-3.12,0.0,0.738,0.695,0.416,0.0,0.645,0.536,0.462,0.655,0.468,0.479
2020-01-11 05:15:00,18.52,18.8,19.14,17.69,18.72,18.93,17.99,19.69,19.05,18.95,-3.16,0.0,0.736,1.0,0.418,0.0,1.0,0.536,0.47,0.655,0.473,0.476
2020-01-11 05:30:00,18.53,18.89,19.15,17.67,18.71,18.93,18.0,19.69,19.04,18.96,-3.2,0.0,0.74,1.0,0.429,0.0,1.0,0.537,0.456,0.656,0.477,0.473
2020-01-11 05:45:00,18.52,18.92,19.13,17.61,18.74,18.93,17.99,19.69,19.03,18.97,-3.25,0.0,0.736,1.0,0.425,0.0,1.0,0.537,0.451,0.656,0.48,0.47
2020-01-11 06:00:00,18.53,18.97,19.14,17.59,18.73,18.93,17.98,19.69,19.03,18.97,-3.27,0.0,0.739,1.0,0.434,0.0,1.0,0.537,0.455,0.657,0.483,0.467
2020-01-11 06:15:00,18.7,19.0,19.45,17.55,18.78,18.82,17.98,19.68,18.82,18.97,-3.3,0.0,1.0,1.0,1.0,0.0,1.0,0.185,0.458,0.656,0.0,0.465
2020-01-11 06:30:00,18.79,19.05,19.62,17.56,18.86,18.66,17.98,19.64,18.45,18.98,-3.32,0.0,1.0,1.0,1.0,0.0,1.0,0.24,0.46,0.66,0.0,0.463
2020-01-11 06:45:00,18.81,19.08,19.66,17.54,18.91,18.55,17.97,19.61,18.12,18.98,-3.34,0.0,1.0,1.0,1.0,0.0,1.0,0.321,0.462,0.679,0.0,0.46
2020-01-11 07:00:00,18.86,19.1,19.74,17.52,18.91,18.49,17.97,19.6,17.93,18.99,-3.37,0.0,1.0,1.0,1.0,0.0,1.0,0.375,0.465,0.693,0.0,0.458
2020-01-11 07:15:00,18.91,19.12,19.83,17.49,18.95,18.46,17.97,19.59,17.79,18.99,-3.4,0.0,1.0,1.0,1.0,0.0,1.0,0.405,0.466,0.702,0.033,0.456
2020-01-11 07:30:00,18.96,19.15,19.92,17.49,18.97,18.44,17.97,19.59,17.73,19.0,-3.43,0.0,1.0,1.0,1.0,0.0,1.0,0.421,0.466,0.704,0.103,0.454
2020-01-11 07:45:00,19.0,19.17,19.99,17.47,19.02,18.44,17.97,19.6,17.7,19.0,-3.46,0.0,1.0,1.0,1.0,0.0,1.0,0.43,0.467,0.703,0.136,0.452
2020-01-11 08:00:00,19.03,19.19,20.05,17.47,19.04,18.44,17.95,19.59,17.7,19.0,-3.41,0.0,1.0,1.0,1.0,0.0,1.0,0.431,0.467,0.702,0.149,0.451
2020-01-11 08:15:00,19.08,19.21,20.1,17.45,19.07,18.44,17.96,19.6,17.68,19.0,-3.36,5.6,1.0,1.0,1.0,0.0,1.0,0.432,0.473,0.703,0.152,0.449
2020-01-11 08:30:00,19.14,19.26,20.19,17.47,19.09,18.46,18.05,19.78,17.7,19.01,-3.31,61.7,1.0,1.0,1.0,0.0,1.0,0.43,0.472,0.701,0.158,0.448
2020-01-11 08:45:00,19.2,19.31,20.37,17.49,19.16,18.57,18.17,20.06,17.74,19.01,-3.27,117.9,1.0,1.0,1.0,0.0,1.0,0.421,0.423,0.609,0.151,0.446
2020-01-11 09:00:00,19.32,19.42,20.72,17.56,19.28,18.7,18.26,20.4,17.83,19.01,-2.96,174.1,1.0,1.0,1.0,0.0,1.0,0.366,0.367,0.47,0.132,0.445
2020-01-11 09:15:00,19.44,19.58,21.23,17.65,19.45,18.81,18.33,20.72,17.88,19.01,-2.65,230.2,0.991,1.0,0.94,0.0,1.0,0.302,0.321,0.3,0.086,0.444
2020-01-11 09:30:00,19.52,19.75,21.53,17.79,19.62,18.89,18.32,20.92,17.93,19.02,-2.34,252.8,0.932,1.0,0.687,0.0,1.0,0.243,0.284,0.141,0.06,0.443
2020-01-11 09:45:00,19.61,19.87,21.8,17.93,19.69,18.92,18.28,21.07,17.95,19.02,-2.03,275.4,0.888,1.0,0.534,0.0,1.0,0.203,0.291,0.04,0.037,0.442
2020-01-11 10:00:00,19.67,19.94,21.94,17.92,19.89,18.97,18.29,21.2,17.94,19.02,-1.77,298.1,0.844,1.0,0.4,0.0,1.0,0.19,0.308,0.0,0.025,0.441
2020-01-11 10:15:00,19.76,20.09,22.21,18.13,19.9,19.0,18.33,21.39,18.0,19.02,-1.51,320.7,0.816,1.0,0.328,0.0,1.0,0.163,0.307,0.0,0.032,0.44
2020-01-11 10:30:00,19.81,20.15,22.44,18.18,20.12,19.08,18.34,21.65,18.07,19.02,-1.24,372.4,0.771,1.0,0.197,0.0,1.0,0.149,0.287,0.0,0.001,0.439
2020-01-11 10:45:00,19.9,20.3,22.77,18.41,20.26,19.23,18.37,21.96,18.2,19.03,-0.98,424.2,0.745,1.0,0.078,0.0,1.0,0.108,0.282,0.0,0.0,0.438
2020-01-11 11:00:00,19.99,20.45,23.19,18.67,20.48,19.39,18.42,22.42,18.42,19.03,-0.68,476.0,0.701,1.0,0.0,0.0,1.0,0.037,0.265,0.0,0.0,0.437
2020-01-11 11:15:00,20.08,20.6,23.61,18.95,20.7,19.57,18.47,22.89,18.7,19.03,-0.39,527.7,0.654,1.0,0.0,0.0,0.909,0.0,0.239,0.0,0.0,0.437
2020-01-11 11:30:00,20.16,20.74,23.94,19.25,20.9,19.77,18.48,23.28,19.01,19.03,-0.09,537.4,0.611,1.0,0.0,0.0,0.801,0.0,0.217,0.0,0.0,0.436
2020-01-11 11:45:00,20.22,20.87,24.24,19.56,21.09,19.96,18.49,23.64,19.37,19.03,0.21,547.0,0.571,1.0,0.0,0.0,0.701,0.0,0.208,0.0,0.0,0.435
2020-01-11 12:00:00,20.29,20.98,24.48,19.89,21.26,20.16,18.49,23.91,19.77,19.03,0.42,556.6,0.54,0.963,0.0,0.0,0.607,0.0,0.203,0.0,0.0,0.435
2020-01-11 12:15:00,20.34,21.06,24.7,20.24,21.42,20.33,18.49,24.15,20.24,19.03,0.63,566.2,0.503,0.911,0.0,0.0,0.52,0.0,0.204,0.0,0.0,0.434
2020-01-11 12:30:00,20.39,21.14,24.86,20.6,21.57,20.47,18.49,24.33,20.76,19.03,0.83,561.2,0.479,0.869,0.0,0.0,0.438,0.0,0.205,0.0,0.0,0.434
2020-01-11 12:45:00,20.43,21.21,24.98,20.96,21.7,20.59,18.49,24.43,21.23,19.03,1.04,556.2,0.455,0.829,0.0,0.0,0.365,0.0,0.205,0.0,0.0,0.433
2020-01-11 13:00:00,20.46,21.27,25.06,21.34,21.81,20.7,18.5,24.51,21.65,19.04,1.17,551.2,0.435,0.793,0.0,0.0,0.302,0.0,0.205,0.0,0.0,0.433
2020-01-11 13:15:00,20.49,21.32,25.11,21.74,21.9,20.81,18.51,24.55,22.03,19.04,1.29,546.2,0.42,0.765,0.0,0.0,0.246,0.0,0.202,0.0,0.0,0.432
2020-01-11 13:30:00,20.5,21.37,25.1,22.13,21.96,20.89,18.51,24.53,22.35,19.04,1.41,523.1,0.407,0.739,0.0,0.0,0.201,0.0,0.197,0.0,0.0,0.432
2020-01-11 13:45:00,20.51,21.39,25.04,22.48,21.99,20.95,18.52,24.45,22.63,19.04,1.54,500.1,0.398,0.717,0.0,0.0,0.172,0.0,0.194,0.0,0.0,0.432
2020-01-11 14:00:00,20.49,21.37,24.9,22.73,22.02,20.97,18.47,24.28,22.88,19.04,1.56,477.0,0.394,0.704,0.0,0.0,0.153,0.0,0.191,0.0,0.0,0.431
2020-01-11 14:15:00,20.49,21.38,24.77,22.89,22.0,20.97,18.46,24.08,23.0,19.04,1.59,453.9,0.405,0.715,0.0,0.0,0.139,0.0,0.215,0.0,0.0,0.431
2020-01-11 14:30:00,20.46,21.36,24.59,23.0,22.01,20.92,18.44,23.86,23.14,19.04,1.61,432.6,0.407,0.708,0.0,0.0,0.148,0.0,0.221,0.0,0.0,0.431
2020-01-11 14:45:00,20.44,21.35,24.4,23.13,21.96,20.89,18.41,23.59,23.2,19.04,1.64,411.3,0.422,0.722,0.0,0.0,0.146,0.0,0.232,0.0,0.0,0.43
2020-01-11 15:00:00,20.4,21.3,24.19,23.22,21.95,20.8,18.4,23.33,23.27,19.04,1.56,390.0,0.428,0.725,0.0,0.0,0.17,0.0,0.243,0.0,0.0,0.43
2020-01-11 15:15:00,20.38,21.27,23.98,23.11,21.86,20.71,18.35,23.05,23.28,19.04,1.48,368.7,0.451,0.748,0.0,0.0,0.174,0.0,0.252,0.0,0.0,0.43
2020-01-11 15:30:00,20.3,21.19,23.69,22.39,21.69,20.55,18.31,22.72,23.1,19.04,1.41,279.6,0.462,0.765,0.0,0.0,0.221,0.0,0.274,0.0,0.0,0.43
2020-01-11 15:45:00,20.21,21.09,23.35,21.88,21.49,20.35,18.27,22.33,22.79,19.04,1.33,190.4,0.5,0.806,0.0,0.0,0.306,0.0,0.294,0.0,0.0,0.429
2020-01-11 16:00:00,20.13,21.0,23.02,21.49,21.33,20.07,18.22,21.91,22.25,19.04,1.11,101.3,0.544,0.854,0.0,0.0,0.407,0.0,0.314,0.0,0.0,0.429
2020-01-11 16:15:00,20.06,20.93,22.74,21.12,21.19,19.72,18.2,21.51,21.54,19.04,0.9,12.2,0.585,0.902,0.0,0.0,0.486,0.0,0.339,0.0,0.0,0.429
2020-01-11 16:30:00,20.0,20.87,22.47,20.78,21.07,19.37,18.17,21.12,20.96,19.04,0.68,9.2,0.622,0.935,0.0,0.0,0.554,0.0,0.35,0.0,0.0,0.428
2020-01-11 16:45:00,19.93,20.81,22.27,20.51,20.96,19.05,18.14,20.76,20.45,19.04,0.47,0.0,0.648,0.965,0.066,0.0,0.616,0.0,0.364,0.0,0.0,0.428
2020-01-11 17:00:00,19.92,20.77,22.09,20.29,20.88,18.81,18.12,20.46,20.03,19.05,0.34,0.0,0.684,0.997,0.165,0.0,0.668,0.123,0.381,0.118,0.0,0.428
2020-01-11 17:15:00,19.88,20.73,21.96,20.11,20.8,18.63,18.11,20.28,19.7,19.05,0.2,0.0,0.692,1.0,0.254,0.0,0.711,0.246,0.39,0.27,0.0,0.427
2020-01-11 17:30:00,19.85,20.67,21.84,19.93,20.78,18.63,18.1,20.17,19.4,19.05,0.07,0.0,0.709,1.0,0.321,0.0,0.749,0.335,0.395,0.361,0.0,0.427
2020-01-11 17:45:00,19.85,20.65,21.79,19.85,20.68,18.56,18.09,20.18,19.25,19.05,-0.06,0.0,0.727,1.0,0.378,0.0,0.762,0.337,0.4,0.415,0.0,0.427
2020-01-11 18:00:00,19.79,20.61,21.72,19.7,20.68,18.6,18.09,20.16,19.04,19.05,-0.2,0.0,0.724,1.0,0.405,0.0,0.812,0.368,0.405,0.411,0.0,0.426
2020-01-11 18:15:00,19.8,20.59,21.68,19.65,20.59,18.58,18.08,20.15,18.89,19.05,-0.33,0.0,0.756,1.0,0.44,0.0,0.811,0.352,0.407,0.422,0.0,0.426
2020-01-11 18:30:00,19.76,20.55,21.61,19.5,20.61,18.59,18.08,20.11,18.71,19.05,-0.47,0.0,0.749,1.0,0.46,0.0,0.854,0.358,0.409,0.427,0.0,0.425
2020-01-11 18:45:00,19.77,20.51,21.59,19.49,20.52,18.58,18.04,20.09,18.57,19.05,-0.61,0.0,0.769,1.0,0.497,0.0,0.847,0.355,0.412,0.444,0.0,0.425
2020-01-11 19:00:00,19.74,20.47,21.52,19.34,20.55,18.58,18.04,20.06,18.37,19.05,-0.74,0.0,0.764,1.0,0.507,0.0,0.89,0.361,0.431,0.454,0.0,0.424
2020-01-11 19:15:00,19.75,20.48,21.51,19.5,20.46,18.57,18.07,19.89,18.23,19.06,-0.87,0.0,0.782,1.0,0.541,0.328,0.877,0.359,0.432,0.0,0.0,0.474
2020-01-11 19:30:00,19.71,20.44,21.45,19.37,20.56,18.5,18.06,19.67,18.11,19.07,-1.01,0.0,0.775,1.0,0.543,0.248,0.921,0.367,0.415,0.057,0.0,0.469
2020-01-11 19:45:00,19.75,20.44,21.48,19.47,20.44,18.44,18.05,19.52,17.97,19.08,-1.14,0.0,0.793,1.0,0.575,0.317,0.872,0.401,0.418,0.164,0.0,0.463
2020-01-11 20:00:00,19.71,20.39,21.37,19.33,20.55,18.42,18.04,19.41,17.86,19.09,-1.27,0.0,0.776,1.0,0.562,0.265,0.93,0.431,0.424,0.242,0.014,0.458
2020-01-11 20:15:00,19.74,20.4,21.42,19.45,20.41,18.39,18.3,19.37,17.8,19.1,-1.4,0.0,0.796,1.0,0.613,0.336,0.876,0.441,0.979,0.295,0.071,0.453
2020-01-11 20:30:00,19.68,20.33,21.33,19.31,20.54,18.4,18.57,19.34,17.78,19.11,-1.53,0.0,0.778,1.0,0.59,0.273,0.944,0.453,0.848,0.313,0.101,0.45
2020-01-11 20:45:00,19.73,20.34,21.39,19.45,20.39,18.4,18.7,19.33,17.76,19.11,-1.66,0.0,0.808,1.0,0.633,0.344,0.879,0.45,0.716,0.328,0.111,0.447
2020-01-11 21:00:00,19.66,20.28,21.3,19.28,20.54,18.4,18.72,19.31,17.75,19.12,-1.79,0.0,0.783,1.0,0.605,0.274,0.955,0.448,0.652,0.336,0.119,0.444
2020-01-11 21:15:00,19.68,19.65,21.31,19.34,20.3,18.4,18.73,19.29,17.74,19.12,-1.92,0.0,0.818,0.0,0.652,0.358,0.0,0.448,0.638,0.346,0.126,0.442
2020-01-11 21:30:00,19.63,19.54,21.23,19.24,20.21,18.4,18.73,19.27,17.72,19.12,-2.05,0.0,0.808,0.174,0.645,0.328,0.0,0.45,0.637,0.353,0.132,0.44
2020-01-11 21:45:00,19.6,19.54,21.24,19.23,20.17,18.37,18.73,19.28,17.7,19.13,-2.18,0.0,0.837,0.229,0.685,0.382,0.0,0.45,0.636,0.366,0.141,0.438
2020-01-11 22:00:00,19.61,19.41,21.19,19.21,20.16,18.4,18.74,19.23,17.67,19.13,-2.32,0.0,0.848,0.23,0.682,0.383,0.0,0.463,0.633,0.362,0.148,0.436
2020-01-11 22:15:00,19.14,19.34,20.78,19.2,20.0,18.5,18.75,19.23,17.96,19.14,-2.45,0.0,0.194,0.296,0.0,0.393,0.0,0.801,0.629,0.387,1.0,0.434
2020-01-11 22:30:00,19.12,19.15,20.56,19.08,19.82,18.7,18.75,19.27,18.45,19.14,-2.59,0.0,0.428,0.332,0.0,0.4,0.001,0.752,0.627,0.383,1.0,0.432
2020-01-11 22:45:00,19.07,19.11,20.4,19.07,19.77,18.82,18.75,19.3,18.78,19.14,-2.73,0.0,0.442,0.425,0.0,0.458,0.088,0.652,0.625,0.366,0.775,0.431
2020-01-11 23:00:00,19.0,19.06,20.24,19.07,19.7,18.87,18.75,19.29,18.89,19.14,-2.85,0.0,0.464,0.444,0.0,0.463,0.117,0.589,0.624,0.351,0.612,0.429
2020-01-11 23:15:00,18.91,18.99,20.09,19.03,19.63,18.84,18.75,19.29,18.9,19.15,-2.98,0.0,0.502,0.469,0.0,0.466,0.152,0.567,0.626,0.357,0.556,0.428
2020-01-11 23:30:00,18.88,18.95,19.94,19.01,19.55,18.84,18.74,19.25,18.89,19.15,-3.11,0.0,0.544,0.506,0.0,0.485,0.186,0.581,0.627,0.354,0.549,0.426
2020-01-11 23:45:00,18.83,18.9,19.82,18.98,19.51,18.83,18.74,19.23,18.89,19.15,-3.24,0.0,0.562,0.524,0.029,0.494,0.225,0.58,0.629,0.374,0.556,0.425
2020-01-12 00:00:00,18.8,18.87,19.71,18.97,19.45,18.85,18.73,19.17,18.88,19.15,-3.38,0.0,0.587,0.548,0.091,0.508,0.247,0.586,0.63,0.386,0.557,0.424
2020-01-12 00:15:00,18.76,18.83,19.64,18.95,19.41,18.83,18.72,19.17,18.89,19.16,-3.53,0.0,0.598,0.564,0.147,0.513,0.277,0.576,0.635,0.413,0.56,0.423
2020-01-12 00:30:00,18.74,18.8,19.57,18.94,19.37,18.83,18.71,19.15,18.88,19.16,-3.67,0.0,0.619,0.586,0.181,0.525,0.293,0.583,0.64,0.416,0.557,0.422
2020-01-12 00:45:00,18.71,18.77,19.5,18.93,19.35,18.83,18.71,19.14,18.88,19.16,-3.82,0.0,0.63,0.598,0.215,0.528,0.314,0.583,0.644,0.423,0.559,0.421
2020-01-12 01:00:00,18.69,18.75,19.46,18.92,19.31,18.83,18.7,19.14,18.88,19.16,-4.01,0.0,0.646,0.616,0.25,0.537,0.327,0.585,0.647,0.428,0.559,0.42
2020-01-12 01:15:00,18.66,18.72,19.42,18.91,19.29,18.83,18.7,19.13,18.88,19.16,-4.2,0.0,0.656,0.626,0.268,0.538,0.346,0.584,0.648,0.432,0.559,0.419
2020-01-12 01:30:00,18.62,18.7,19.42,18.91,19.26,18.8,18.7,19.16,18.88,19.17,-4.38,0.0,0.669,0.642,0.288,0.545,0.354,0.584,0.648,0.436,0.558,0.418
2020-01-12 01:45:00,18.61,18.67,19.38,18.9,19.25,18.81,18.7,19.13,18.87,19.17,-4.57,0.0,0.689,0.649,0.289,0.545,0.37,0.599,0.649,0.422,0.559,0.417
2020-01-12 02:00:00,18.59,18.66,19.36,18.9,19.22,18.81,18.7,19.12,18.88,19.17,-4.75,0.0,0.696,0.664,0.309,0.552,0.377,0.594,0.651,0.434,0.563,0.416
2020-01-12 02:15:00,18.57,18.64,19.34,18.89,19.21,18.81,18.7,19.12,18.88,19.17,-4.93,0.0,0.704,0.669,0.319,0.551,0.39,0.595,0.65,0.438,0.561,0.415
2020-01-12 02:30:00,18.56,18.63,19.32,18.89,19.19,18.81,18.7,19.11,18.88,19.17,-5.11,0.0,0.713,0.68,0.329,0.555,0.396,0.594,0.649,0.442,0.561,0.415
2020-01-12 02:45:00,18.55,18.63,19.3,18.86,19.18,18.82,18.74,19.11,18.84,19.17,-5.29,0.0,0.718,0.686,0.339,0.555,0.407,0.593,0.649,0.445,0.561,0.414
2020-01-12 03:00:00,18.54,18.6,19.29,18.89,19.16,18.82,18.7,19.1,18.88,19.17,-5.4,0.0,0.726,0.687,0.348,0.569,0.411,0.592,0.631,0.447,0.578,0.413
2020-01-12 03:15:00,18.53,18.59,19.28,18.88,19.15,18.82,18.7,19.09,18.88,19.18,-5.51,0.0,0.728,0.702,0.355,0.553,0.421,0.592,0.648,0.45,0.558,0.413
2020-01-12 03:30:00,18.53,18.58,19.27,18.89,19.14,18.82,18.71,19.09,18.88,19.18,-5.63,0.0,0.733,0.704,0.362,0.561,0.424,0.59,0.648,0.453,0.559,0.412
2020-01-12 03:45:00,18.52,18.57,19.25,18.88,19.13,18.82,18.71,19.09,18.88,19.18,-5.74,0.0,0.736,0.709,0.366,0.557,0.431,0.589,0.645,0.454,0.56,0.411
2020-01-12 04:00:00,18.52,18.56,19.23,18.88,19.12,18.84,18.71,19.06,18.87,19.18,-5.85,0.0,0.739,0.714,0.373,0.558,0.434,0.588,0.643,0.456,0.561,0.411
2020-01-12 04:15:00,17.93,18.54,19.21,18.49,18.99,18.82,18.71,19.06,18.65,19.18,-5.96,0.0,0.0,0.719,0.387,0.0,0.44,0.581,0.645,0.471,0.0,0.411
2020-01-12 04:30:00,17.8,18.47,19.16,18.26,18.84,18.78,18.7,19.05,18.31,19.18,-6.07,0.0,0.134,0.73,0.393,0.0,0.505,0.589,0.646,0.472,0.0,0.41
2020-01-12 04:45:00,17.74,18.46,19.15,18.18,18.81,18.75,18.7,19.03,18.01,19.18,-6.18,0.0,0.2,0.765,0.418,0.072,0.579,0.608,0.648,0.477,0.0,0.41
2020-01-12 05:00:00,17.63,18.45,19.14,18.11,18.78,18.69,18.7,19.02,17.85,19.18,-6.3,0.0,0.232,0.772,0.427,0.108,0.593,0.625,0.651,0.485,0.0,0.409
2020-01-12 05:15:00,17.54,18.56,18.8,18.03,18.71,18.65,18.7,18.9,17.71,19.18,-6.41,0.0,0.286,1.0,0.0,0.144,0.611,0.654,0.652,0.188,0.0,0.409
2020-01-12 05:30:00,17.48,18.58,18.52,17.96,18.66,18.64,18.69,18.71,17.55,19.18,-6.53,0.0,0.329,1.0,0.0,0.186,0.646,0.673,0.652,0.251,0.0,0.409
2020-01-12 05:45:00,17.44,18.61,18.38,17.93,18.61,18.58,18.71,18.61,17.46,19.18,-6.64,0.0,0.362,1.0,0.0,0.222,0.669,0.682,0.654,0.347,0.0,0.409
2020-01-12 06:00:00,17.39,18.63,18.23,17.87,18.59,18.57,18.7,18.58,17.34,19.18,-6.73,0.0,0.378,1.0,0.0,0.233,0.693,0.71,0.644,0.393,0.0,0.409
2020-01-12 06:15:00,17.36,18.62,18.12,17.87,18.53,18.28,18.67,18.58,17.29,19.14,-6.83,0.0,0.407,1.0,0.0,0.265,0.704,0.0,0.648,0.409,0.0,0.108
2020-01-12 06:30:00,17.33,18.62,18.01,17.82,18.51,17.97,18.66,18.51,16.98,19.08,-6.92,0.0,0.418,1.0,0.0,0.265,0.734,0.0,0.667,0.41,0.0,0.131
2020-01-12 06:45:00,17.29,18.62,17.89,17.79,18.47,17.62,18.65,18.41,16.72,19.02,-7.02,0.0,0.437,1.0,0.0,0.29,0.747,0.063,0.671,0.445,0.009,0.16
2020-01-12 07:00:00,17.28,18.61,17.79,17.78,18.45,17.45,18.67,18.36,16.59,18.96,-7.09,0.0,0.453,1.0,0.0,0.305,0.766,0.239,0.673,0.497,0.142,0.191
2020-01-12 07:15:00,17.27,18.62,17.72,17.78,18.45,17.44,18.68,18.35,16.56,18.92,-7.16,0.0,0.461,1.0,0.005,0.312,1.0,0.327,0.667,0.52,0.207,0.219
2020-01-12 07:30:00,17.26,18.63,17.68,17.77,18.44,17.45,18.69,18.39,16.63,18.9,-7.24,0.0,0.465,1.0,0.04,0.312,1.0,0.328,0.661,0.523,0.22,0.238
2020-01-12 07:45:00,17.25,18.64,17.65,17.76,18.43,17.49,18.7,18.42,16.64,18.87,-7.31,0.0,0.471,1.0,0.061,0.317,1.0,0.327,0.657,0.503,0.186,0.252
2020-01-12 08:00:00,17.24,18.64,17.61,17.75,18.43,17.49,18.69,18.43,16.67,18.85,-7.35,0.0,0.476,1.0,0.077,0.32,1.0,0.304,0.652,0.491,0.178,0.265
2020-01-12 08:15:00,17.24,18.66,17.59,17.75,18.42,17.48,18.4,18.43,16.66,18.84,-7.38,4.3,0.481,1.0,0.097,0.325,1.0,0.307,0.0,0.483,0.166,0.275
2020-01-12 08:30:00,17.25,18.69,17.61,17.76,18.43,17.52,18.07,18.73,16.66,18.82,-7.42,88.0,0.481,1.0,0.107,0.324,1.0,0.308,0.0,0.485,0.172,0.282
2020-01-12 08:45:00,17.26,18.72,17.81,17.78,18.46,17.63,17.82,19.16,16.72,18.8,-7.45,171.7,0.477,1.0,0.096,0.32,1.0,0.291,0.063,0.335,0.172,0.291
2020-01-12 09:00:00,17.3,18.79,18.2,17.83,18.54,17.78,17.7,19.59,16.8,18.79,-7.36,255.3,0.469,1.0,0.0,0.308,1.0,0.233,0.19,0.119,0.142,0.298
2020-01-12 09:15:00,17.34,18.87,18.95,17.88,18.64,17.9,17.71,20.0,16.87,18.78,-7.27,339.0,0.45,1.0,0.0,0.287,1.0,0.162,0.249,0.0,0.102,0.305
2020-01-12 09:30:00,17.39,19.0,19.62,17.94,18.78,18.0,17.7,20.37,16.91,18.77,-7.18,368.6,0.428,1.0,0.0,0.258,1.0,0.098,0.247,0.0,0.065,0.31
2020-01-12 09:45:00,17.44,19.08,20.06,18.01,18.91,18.08,17.67,20.75,16.93,18.76,-7.09,398.2,0.405,1.0,0.0,0.229,1.0,0.049,0.248,0.0,0.047,0.315
2020-01-12 10:00:00,17.49,19.15,20.49,18.08,19.04,18.17,17.65,21.12,16.97,18.75,-7.02,427.9,0.378,1.0,0.0,0.193,1.0,0.011,0.264,0.0,0.035,0.32
2020-01-12 10:15:00,17.53,19.25,20.91,18.18,19.19,18.27,17.68,21.5,17.03,18.74,-6.95,457.5,0.357,1.0,0.0,0.161,1.0,0.0,0.274,0.0,0.017,0.325
2020-01-12 10:30:00,17.59,19.33,21.31,18.3,19.35,18.4,17.71,21.87,17.14,18.74,-6.88,477.6,0.333,1.0,0.0,0.112,1.0,0.0,0.262,0.0,0.0,0.329
2020-01-12 10:45:00,17.63,19.42,21.68,18.43,19.5,18.55,17.73,22.22,17.29,18.73,-6.8,497.7,0.307,1.0,0.0,0.051,1.0,0.0,0.247,0.0,0.0,0.332
2020-01-12 11:00:00,17.67,19.51,22.03,18.59,19.65,18.72,17.74,22.57,17.49,18.72,-6.73,517.7,0.286,1.0,0.0,0.0,1.0,0.0,0.237,0.0,0.0,0.336
2020-01-12 11:15:00,17.72,19.6,22.37,18.82,19.81,18.9,17.75,22.9,17.74,18.72,-6.66,537.8,0.263,1.0,0.0,0.0,1.0,0.0,0.23,0.0,0.0,0.339
2020-01-12 11:30:00,17.76,19.7,22.64,19.08,19.95,19.08,17.76,23.18,18.03,18.71,-6.59,538.9,0.241,1.0,0.0,0.0,0.996,0.0,0.224,0.0,0.0,0.342
2020-01-12 11:45:00,17.79,19.79,22.87,19.35,20.08,19.24,17.77,23.4,18.36,18.7,-6.52,539.9,0.219,1.0,0.0,0.0,0.923,0.0,0.22,0.0,0.0,0.345
2020-01-12 12:00:00,17.81,19.86,23.07,19.62,20.2,19.38,17.76,23.57,18.69,18.7,-6.49,541.0,0.204,1.0,0.0,0.0,0.858,0.0,0.217,0.0,0.0,0.348
2020-01-12 12:15:00,17.83,19.93,23.22,19.93,20.3,19.51,17.76,23.7,19.07,18.69,-6.45,542.0,0.194,1.0,0.0,0.0,0.8,0.0,0.22,0.0,0.0,0.35
2020-01-12 12:30:00,17.84,19.99,23.33,20.27,20.39,19.61,17.75,23.79,19.49,18.69,-6.41,538.2,0.185,1.0,0.0,0.0,0.75,0.0,0.222,0.0,0.0,0.353
2020-01-12 12:45:00,17.85,20.04,23.41,20.64,20.45,19.69,17.74,23.83,19.96,18.69,-6.38,534.3,0.179,1.0,0.0,0.0,0.707,0.0,0.225,0.0,0.0,0.355
2020-01-12 13:00:00,17.84,20.08,23.45,21.0,20.51,19.75,17.74,23.82,20.4,18.68,-6.37,530.4,0.177,1.0,0.0,0.0,0.675,0.0,0.228,0.0,0.0,0.357
2020-01-12 13:15:00,17.85,20.12,23.45,21.31,20.56,19.81,17.74,23.78,20.77,18.68,-6.37,526.6,0.178,1.0,0.0,0.0,0.646,0.0,0.23,0.0,0.0,0.36
2020-01-12 13:30:00,17.84,20.15,23.43,21.55,20.6,19.86,17.73,23.7,21.08,18.67,-6.36,514.3,0.177,1.0,0.0,0.0,0.62,0.0,0.231,0.0,0.0,0.362
2020-01-12 13:45:00,17.83,20.17,23.35,21.81,20.61,19.87,17.71,23.56,21.38,18.67,-6.35,502.1,0.179,1.0,0.0,0.0,0.6,0.0,0.237,0.0,0.0,0.364
2020-01-12 14:00:00,17.81,20.17,23.23,22.0,20.65,19.89,17.7,23.39,21.61,18.66,-6.38,489.9,0.183,1.0,0.0,0.0,0.594,0.0,0.245,0.0,0.0,0.366
2020-01-12 14:15:00,17.82,20.19,23.12,22.22,20.64,19.88,17.68,23.2,21.84,18.66,-6.4,477.6,0.196,1.0,0.0,0.0,0.574,0.0,0.252,0.0,0.0,0.368
2020-01-12 14:30:00,17.78,20.17,22.93,22.34,20.67,19.86,17.66,22.96,22.0,18.66,-6.43,456.6,0.192,1.0,0.0,0.0,0.582,0.0,0.258,0.0,0.0,0.37
2020-01-12 14:45:00,17.79,20.18,22.75,22.5,20.62,19.81,17.64,22.71,22.14,18.65,-6.45,435.6,0.212,1.0,0.0,0.0,0.563,0.0,0.269,0.0,0.0,0.372
2020-01-12 15:00:00,17.72,20.14,22.52,22.56,20.64,19.75,17.61,22.41,22.21,18.65,-6.52,414.6,0.207,1.0,0.0,0.0,0.59,0.0,0.282,0.0,0.0,0.373
2020-01-12 15:15:00,17.71,20.12,22.31,22.43,20.53,19.63,17.59,22.12,22.23,18.65,-6.59,393.5,0.24,1.0,0.0,0.0,0.579,0.0,0.295,0.0,0.0,0.375
2020-01-12 15:30:00,17.62,20.04,21.99,21.67,20.34,19.47,17.55,21.75,22.04,18.64,-6.66,297.9,0.243,1.0,0.0,0.0,0.634,0.0,0.307,0.0,0.0,0.376
2020-01-12 15:45:00,17.52,19.93,21.63,21.15,20.1,19.25,17.51,21.33,21.7,18.64,-6.73,202.3,0.291,1.0,0.0,0.0,0.732,0.0,0.323,0.0,0.0,0.378
2020-01-12 16:00:00,17.45,19.81,21.27,20.77,19.92,18.95,17.46,20.9,21.12,18.64,-6.86,106.8,0.338,1.0,0.0,0.0,0.852,0.0,0.345,0.0,0.0,0.38
2020-01-12 16:15:00,17.37,19.71,20.98,20.43,19.75,18.58,17.43,20.48,20.37,18.63,-6.98,11.2,0.377,1.0,0.0,0.0,0.942,0.0,0.368,0.0,0.0,0.381
2020-01-12 16:30:00,17.33,19.63,20.69,20.1,19.6,18.21,17.4,20.07,19.77,18.63,-7.11,8.4,0.416,1.0,0.0,0.0,1.0,0.0,0.386,0.0,0.0,0.383
2020-01-12 16:45:00,17.28,19.54,20.43,19.79,19.49,17.88,17.37,19.69,19.24,18.63,-7.24,0.0,0.437,1.0,0.0,0.0,1.0,0.0,0.399,0.0,0.0,0.385
2020-01-12 17:00:00,17.26,19.48,20.21,19.53,19.4,17.61,17.36,19.35,18.81,18.63,-7.21,0.0,0.462,1.0,0.0,0.0,1.0,0.108,0.413,0.0,0.0,0.386
2020-01-12 17:15:00,17.24,19.43,20.0,19.29,19.33,17.41,17.36,19.06,18.45,18.62,-7.18,0.0,0.472,1.0,0.0,0.0,1.0,0.245,0.419,0.023,0.0,0.387
2020-01-12 17:30:00,17.23,19.39,19.82,19.06,19.26,17.33,17.35,18.88,18.17,18.62,-7.15,0.0,0.478,1.0,0.0,0.0,1.0,0.343,0.421,0.17,0.0,0.389
2020-01-12 17:45:00,17.22,19.35,19.63,18.87,19.23,17.38,17.34,18.77,17.92,18.62,-7.13,0.0,0.484,1.0,0.0,0.0,1.0,0.383,0.425,0.262,0.0,0.39
2020-01-12 18:00:00,17.23,19.31,19.47,18.74,19.15,17.33,17.33,18.78,17.79,18.61,-7.17,0.0,0.49,1.0,0.0,0.0,1.0,0.362,0.43,0.316,0.0,0.392
2020-01-12 18:15:00,17.19,19.26,19.3,18.58,19.12,17.38,17.32,18.72,17.58,18.61,-7.22,0.0,0.486,1.0,0.0,0.0,1.0,0.387,0.436,0.31,0.0,0.393
2020-01-12 18:30:00,17.2,19.23,19.14,18.45,19.04,17.35,17.31,18.71,17.41,18.61,-7.27,0.0,0.504,1.0,0.0,0.0,1.0,0.361,0.441,0.341,0.0,0.394
2020-01-12 18:45:00,17.17,19.18,18.96,18.3,19.01,17.36,17.3,18.66,17.19,18.61,-7.32,0.0,0.502,1.0,0.0,0.0,1.0,0.376,0.446,0.346,0.0,0.395
2020-01-12 19:00:00,17.17,19.16,18.81,18.25,18.95,17.35,17.31,18.65,17.03,18.6,-7.37,0.0,0.517,1.0,0.0,0.048,1.0,0.37,0.45,0.37,0.0,0.397
2020-01-12 19:15:00,17.15,19.13,18.68,18.17,18.94,17.35,17.31,18.63,16.91,18.6,-7.41,0.0,0.513,1.0,0.0,0.074,1.0,0.374,0.447,0.374,0.0,0.398
2020-01-12 19:30:00,17.17,19.11,18.57,18.14,18.88,17.34,17.31,18.62,16.82,18.6,-7.46,0.0,0.524,1.0,0.0,0.115,1.0,0.375,0.445,0.383,0.045,0.399
2020-01-12 19:45:00,17.15,19.09,18.46,18.09,18.87,17.34,17.31,18.61,16.78,18.6,-7.5,0.0,0.517,1.0,0.0,0.13,1.0,0.38,0.444,0.389,0.088,0.4
2020-01-12 20:00:00,17.15,19.07,18.35,18.07,18.83,17.33,17.3,18.59,16.74,18.6,-7.55,0.0,0.526,1.0,0.0,0.156,1.0,0.38,0.446,0.395,0.109,0.401
2020-01-12 20:15:00,17.44,19.05,18.25,18.47,18.88,17.35,17.3,18.57,17.02,18.59,-7.61,0.0,1.0,1.0,0.0,0.966,1.0,0.383,0.448,0.406,1.0,0.402
2020-01-12 20:30:00,17.63,19.06,18.2,18.64,18.98,17.4,17.29,18.57,17.57,18.59,-7.66,0.0,1.0,1.0,0.0,0.767,1.0,0.377,0.451,0.416,1.0,0.403
2020-01-12 20:45:00,17.73,19.05,18.13,18.68,19.01,17.45,17.28,18.57,17.97,18.59,-7.71,0.0,1.0,1.0,0.0,0.679,1.0,0.35,0.455,0.417,1.0,0.404
2020-01-12 21:00:00,17.82,19.03,18.04,18.78,19.01,17.46,17.28,18.56,18.23,18.59,-7.72,0.0,1.0,1.0,0.0,0.658,1.0,0.325,0.458,0.417,1.0,0.405
2020-01-12 21:15:00,17.88,18.7,18.53,18.79,19.07,17.51,17.29,18.65,18.3,18.59,-7.72,0.0,1.0,0.484,0.978,0.608,1.0,0.32,0.458,0.718,0.887,0.406
2020-01-12 21:30:00,17.97,18.75,18.72,18.84,19.12,17.51,17.29,18.79,18.39,18.58,-7.72,0.0,1.0,0.649,0.734,0.605,1.0,0.296,0.457,0.677,0.849,0.407
2020-01-12 21:45:00,18.02,18.73,18.59,18.84,19.2,17.55,17.29,18.83,18.4,18.58,-7.73,0.0,1.0,0.625,0.639,0.581,1.0,0.295,0.457,0.604,0.805,0.408
2020-01-12 22:00:00,18.08,18.71,18.71,18.88,19.15,17.54,17.29,18.86,18.45,18.58,-7.72,0.0,0.99,0.634,0.707,0.579,1.0,0.273,0.457,0.584,0.799,0.409
2020-01-12 22:15:00,18.09,18.65,18.75,18.85,19.22,17.76,17.29,18.85,18.45,18.62,-7.72,0.0,0.958,0.644,0.646,0.561,1.0,1.0,0.457,0.569,0.775,0.71
2020-01-12 22:30:00,18.15,18.66,18.84,18.9,19.19,18.0,17.29,18.95,18.59,18.69,-7.72,0.0,0.956,0.674,0.624,0.573,1.0,1.0,0.457,0.575,0.777,0.688
2020-01-12 22:45:00,18.15,18.61,18.84,18.88,19.25,18.26,17.29,19.02,18.68,18.75,-7.72,0.0,0.926,0.672,0.582,0.55,1.0,0.998,0.457,0.527,0.707,0.655
2020-01-12 23:00:00,18.2,18.64,18.9,18.92,19.22,18.4,17.29,19.08,18.77,18.79,-7.67,0.0,0.923,0.693,0.578,0.562,1.0,0.871,0.457,0.489,0.658,0.626
2020-01-12 23:15:00,18.2,18.6,18.92,18.9,19.2,18.49,17.29,19.08,18.79,18.82,-7.63,0.0,0.899,0.681,0.551,0.541,0.391,0.798,0.456,0.462,0.614,0.605
2020-01-12 23:30:00,18.22,18.59,18.93,18.9,19.16,18.53,17.29,19.07,18.8,18.85,-7.59,0.0,0.898,0.701,0.541,0.551,0.401,0.755,0.454,0.46,0.603,0.589
2020-01-12 23:45:00,18.23,18.57,18.94,18.89,19.16,18.56,17.3,19.06,18.8,18.87,-7.55,0.0,0.89,0.704,0.536,0.55,0.42,0.735,0.453,0.464,0.599,0.576
2020-01-13 00:00:00,18.24,18.56,18.95,18.89,19.13,18.57,17.29,19.05,18.79,18.89,-7.54,0.0,0.887,0.714,0.532,0.555,0.421,0.721,0.452,0.47,0.601,0.565
2020-01-13 00:15:00,18.24,18.54,18.95,18.88,19.12,18.59,17.57,19.04,18.79,18.9,-7.53,0.0,0.882,0.718,0.527,0.555,0.435,0.714,1.0,0.477,0.604,0.556
2020-01-13 00:30:00,18.25,18.54,18.95,18.88,19.11,18.6,17.88,19.03,18.79,18.91,-7.53,0.0,0.881,0.729,0.527,0.56,0.438,0.706,1.0,0.482,0.607,0.548
2020-01-13 00:45:00,18.25,18.53,18.96,18.88,19.09,18.62,18.17,19.02,18.78,18.93,-7.52,0.0,0.875,0.73,0.524,0.56,0.445,0.7,1.0,0.484,0.606,0.543
2020-01-13 01:00:00,18.25,18.51,18.96,18.87,19.08,18.63,18.33,19.02,18.79,18.94,-7.53,0.0,0.874,0.737,0.521,0.562,0.453,0.692,0.913,0.488,0.608,0.536
2020-01-13 01:15:00,18.26,18.5,18.96,18.87,19.07,18.63,18.4,19.01,18.78,18.95,-7.53,0.0,0.874,0.744,0.521,0.566,0.458,0.687,0.837,0.491,0.607,0.53
2020-01-13 01:30:00,18.26,18.49,18.96,18.86,19.06,18.64,18.43,19.01,18.78,18.96,-7.54,0.0,0.871,0.748,0.52,0.566,0.466,0.683,0.802,0.494,0.608,0.526
2020-01-13 01:45:00,18.26,18.48,18.96,18.86,19.05,18.65,18.44,19.0,18.78,18.96,-7.55,0.0,0.871,0.755,0.519,0.57,0.47,0.679,0.787,0.496,0.609,0.522
2020-01-13 02:00:00,18.26,18.47,18.96,18.85,19.04,18.65,18.46,18.99,18.78,18.97,-7.53,0.0,0.869,0.758,0.519,0.571,0.477,0.676,0.778,0.499,0.61,0.518
2020-01-13 02:15:00,18.27,18.47,18.96,18.85,19.03,18.65,18.47,18.99,18.77,18.98,-7.5,0.0,0.868,0.763,0.52,0.575,0.48,0.674,0.772,0.503,0.612,0.515
2020-01-13 02:30:00,18.27,18.46,18.96,18.84,19.02,18.66,18.48,18.98,18.77,18.98,-7.48,0.0,0.867,0.766,0.52,0.576,0.487,0.673,0.767,0.506,0.615,0.512
2020-01-13 02:45:00,18.27,18.45,18.96,18.84,19.01,18.66,18.48,18.98,18.76,18.98,-7.46,0.0,0.867,0.771,0.521,0.58,0.49,0.672,0.762,0.509,0.617,0.51
2020-01-13 03:00:00,18.26,18.44,18.95,18.82,19.0,18.65,18.48,18.96,18.75,18.99,-7.46,0.0,0.865,0.773,0.522,0.582,0.496,0.67,0.759,0.512,0.619,0.508
2020-01-13 03:15:00,17.61,18.53,18.94,18.81,18.89,18.52,18.48,18.94,18.72,18.99,-7.46,0.0,0.0,1.0,0.526,0.589,0.499,0.223,0.759,0.518,0.626,0.506
2020-01-13 03:30:00,17.48,18.51,18.92,18.76,18.76,18.31,18.49,18.91,18.68,19.0,-7.46,0.0,0.145,1.0,0.528,0.596,0.557,0.292,0.758,0.529,0.639,0.504
2020-01-13 03:45:00,17.51,18.49,18.9,18.76,18.75,18.24,18.49,18.84,18.62,19.0,-7.47,0.0,0.211,1.0,0.541,0.622,0.62,0.397,0.757,0.546,0.658,0.502
2020-01-13 04:00:00,17.38,18.51,18.91,18.77,18.76,18.18,18.5,18.84,18.62,19.0,-7.46,0.0,0.195,1.0,0.548,0.621,0.623,0.43,0.755,0.58,0.692,0.501
2020-01-13 04:15:00,17.32,18.54,18.92,19.07,18.7,18.19,18.51,18.85,18.62,19.0,-7.45,0.0,0.258,1.0,0.543,1.0,0.62,0.458,0.749,0.578,0.689,0.5
2020-01-13 04:30:00,17.22,18.54,18.91,19.06,18.74,18.18,18.52,18.86,18.64,19.0,-7.45,0.0,0.288,1.0,0.541,1.0,0.65,0.457,0.743,0.577,0.691,0.499
2020-01-13 04:45:00,17.22,18.57,18.93,19.14,18.68,18.18,18.53,18.86,18.64,19.01,-7.44,0.0,0.338,1.0,0.545,1.0,0.629,0.461,0.739,0.571,0.682,0.498
2020-01-13 05:00:00,17.14,18.56,18.9,19.16,18.72,18.17,18.53,18.85,18.63,19.01,-7.42,0.0,0.339,1.0,0.536,1.0,0.661,0.459,0.734,0.569,0.681,0.497
2020-01-13 05:15:00,17.14,18.58,18.91,19.23,18.67,18.16,18.28,18.99,18.72,19.01,-7.41,0.0,0.378,1.0,0.548,1.0,0.639,0.464,0.184,1.0,1.0,0.496
2020-01-13 05:30:00,17.1,18.58,18.9,19.24,18.69,18.23,18.01,19.14,18.82,19.01,-7.39,0.0,0.38,1.0,0.543,1.0,0.667,0.469,0.312,1.0,1.0,0.496
2020-01-13 05:45:00,17.09,18.58,18.9,19.26,18.68,18.25,17.82,19.3,18.93,19.01,-7.38,0.0,0.399,1.0,0.549,1.0,0.656,0.437,0.447,1.0,1.0,0.495
2020-01-13 06:00:00,17.07,18.58,18.9,19.29,18.67,18.29,17.81,19.37,18.97,19.01,-7.37,0.0,0.406,1.0,0.551,1.0,0.661,0.426,0.539,1.0,1.0,0.495
2020-01-13 06:15:00,17.05,18.58,18.89,19.3,18.67,18.28,17.83,19.44,19.02,19.08,-7.36,0.0,0.414,1.0,0.552,1.0,0.665,0.405,0.547,1.0,1.0,1.0
2020-01-13 06:30:00,17.04,18.59,18.89,19.32,18.66,18.3,17.83,19.48,19.04,19.2,-7.35,0.0,0.423,1.0,0.555,1.0,0.665,0.408,0.537,1.0,1.0,1.0
2020-01-13 06:45:00,17.03,18.59,18.88,19.33,18.66,18.29,17.82,19.52,19.07,19.31,-7.35,0.0,0.429,1.0,0.556,1.0,0.669,0.401,0.535,1.0,1.0,1.0
2020-01-13 07:00:00,17.02,18.59,18.89,19.35,18.65,18.3,17.81,19.55,19.08,19.4,-7.33,0.0,0.437,1.0,0.559,1.0,0.67,0.405,0.54,1.0,1.0,0.997
2020-01-13 07:15:00,17.01,18.58,18.89,19.38,18.66,18.3,17.78,19.59,19.12,19.48,-7.32,0.0,0.439,1.0,0.557,1.0,0.674,0.401,0.543,1.0,1.0,0.951
2020-01-13 07:30:00,17.01,18.59,18.89,19.4,18.65,18.31,17.78,19.62,19.14,19.54,-7.31,0.0,0.445,1.0,0.556,1.0,0.671,0.401,0.559,1.0,1.0,0.912
2020-01-13 07:45:00,17.0,18.59,18.89,19.42,18.66,18.31,17.79,19.64,19.16,19.59,-7.3,0.0,0.447,1.0,0.554,1.0,0.673,0.395,0.558,1.0,1.0,0.88
2020-01-13 08:00:00,17.0,18.6,18.9,19.43,18.66,18.32,17.79,19.67,19.17,19.64,-7.28,0.0,0.451,1.0,0.553,1.0,0.671,0.395,0.556,1.0,1.0,0.854
2020-01-13 08:15:00,17.0,18.62,18.53,19.45,18.65,18.33,17.8,19.69,19.19,19.67,-7.25,3.4,0.451,1.0,0.052,1.0,0.672,0.391,0.556,1.0,1.0,0.831
2020-01-13 08:30:00,17.0,18.65,18.43,19.47,18.62,18.34,17.84,19.77,19.23,19.71,-7.22,27.2,0.451,1.0,0.236,1.0,0.676,0.387,0.552,1.0,1.0,0.814
2020-01-13 08:45:00,17.01,18.69,18.47,19.5,18.63,18.39,17.91,19.88,19.26,19.74,-7.19,50.9,0.45,1.0,0.287,1.0,0.688,0.378,0.532,1.0,1.0,0.795
2020-01-13 09:00:00,17.05,18.76,18.47,19.54,18.65,18.44,17.96,20.03,19.33,19.77,-6.97,74.6,0.444,1.0,0.265,1.0,0.684,0.356,0.493,1.0,1.0,0.779
2020-01-13 09:15:00,17.07,18.83,18.62,19.59,18.68,18.51,17.99,20.2,19.4,19.79,-6.75,98.4,0.427,1.0,0.263,1.0,0.677,0.33,0.469,1.0,1.0,0.765
2020-01-13 09:30:00,17.11,18.91,18.79,19.65,18.72,18.58,18.03,20.42,19.48,19.82,-6.54,120.2,0.413,1.0,0.188,1.0,0.662,0.295,0.453,0.949,1.0,0.753
2020-01-13 09:45:00,17.15,18.98,18.89,19.7,18.76,18.66,18.04,20.58,19.56,19.84,-6.32,142.0,0.395,1.0,0.105,0.975,0.642,0.261,0.437,0.84,1.0,0.742
2020-01-13 10:00:00,17.18,19.05,18.99,19.75,18.79,18.71,18.06,20.74,19.65,19.85,-6.12,163.8,0.377,1.0,0.057,0.948,0.622,0.221,0.429,0.759,1.0,0.732
2020-01-13 10:15:00,17.21,19.12,19.09,19.81,18.83,18.77,18.09,20.87,19.73,19.87,-5.92,185.6,0.362,1.0,0.005,0.924,0.604,0.194,0.421,0.68,1.0,0.723
2020-01-13 10:30:00,17.24,19.19,19.2,19.88,18.87,18.82,18.13,20.98,19.84,19.89,-5.73,201.1,0.347,1.0,0.0,0.895,0.585,0.164,0.405,0.614,1.0,0.714
2020-01-13 10:45:00,17.27,19.26,19.33,19.97,18.91,18.87,18.13,21.08,19.97,19.9,-5.53,216.6,0.33,1.0,0.0,0.86,0.566,0.14,0.387,0.56,1.0,0.707
2020-01-13 11:00:00,17.31,19.34,19.48,20.04,18.96,18.93,18.21,21.19,20.07,19.91,-5.33,232.1,0.315,0.971,0.0,0.817,0.543,0.116,0.383,0.509,1.0,0.7
2020-01-13 11:15:00,17.34,19.4,19.62,20.15,19.02,18.98,18.25,21.3,20.23,19.93,-5.13,247.6,0.296,0.928,0.0,0.778,0.518,0.087,0.346,0.455,1.0,0.693
2020-01-13 11:30:00,17.38,19.47,19.75,20.25,19.08,19.04,18.28,21.39,20.37,19.94,-4.93,256.2,0.279,0.898,0.0,0.724,0.49,0.061,0.325,0.4,1.0,0.687
2020-01-13 11:45:00,17.41,19.53,19.88,20.36,19.13,19.09,18.31,21.47,20.53,19.95,-4.73,264.9,0.262,0.866,0.0,0.673,0.462,0.029,0.311,0.356,1.0,0.682
2020-01-13 12:00:00,17.44,19.59,19.99,20.46,19.19,19.15,18.33,21.53,20.68,19.96,-4.52,273.6,0.245,0.835,0.0,0.619,0.435,0.005,0.297,0.314,1.0,0.677
2020-01-13 12:15:00,17.47,19.64,20.1,20.58,19.23,19.19,18.35,21.59,20.83,19.96,-4.31,282.2,0.231,0.807,0.0,0.571,0.406,0.0,0.287,0.285,1.0,0.672
2020-01-13 12:30:00,17.48,19.68,20.28,20.74,19.29,19.25,18.36,21.7,21.03,19.97,-4.11,320.3,0.216,0.779,0.0,0.511,0.384,0.0,0.276,0.254,0.983,0.668
2020-01-13 12:45:00,17.51,19.73,20.47,20.92,19.37,19.34,18.37,21.82,21.24,19.98,-3.9,358.3,0.208,0.759,0.0,0.429,0.355,0.0,0.27,0.199,0.885,0.664
2020-01-13 13:00:00,17.54,19.78,20.71,21.17,19.45,19.44,18.38,22.0,21.54,19.99,-3.7,396.4,0.194,0.736,0.0,0.339,0.317,0.0,0.266,0.138,0.778,0.66
2020-01-13 13:15:00,17.56,19.82,20.9,21.39,19.56,19.58,18.39,22.12,21.8,19.99,-3.51,434.5,0.181,0.712,0.0,0.214,0.277,0.0,0.26,0.049,0.631,0.656
2020-01-13 13:30:00,17.58,19.85,20.99,21.57,19.64,19.67,18.37,22.18,22.04,20.0,-3.31,432.0,0.17,0.691,0.0,0.103,0.219,0.0,0.256,0.0,0.5,0.653
2020-01-13 13:45:00,17.58,19.86,21.03,21.72,19.7,19.74,18.34,22.17,22.21,20.01,-3.11,429.5,0.159,0.674,0.0,0.015,0.179,0.0,0.266,0.0,0.38,0.65
2020-01-13 14:00:00,17.57,19.86,21.08,21.94,19.74,19.76,18.32,22.15,22.42,20.01,-3.04,427.0,0.159,0.668,0.0,0.0,0.151,0.0,0.279,0.0,0.295,0.647
2020-01-13 14:15:00,17.56,19.85,21.06,22.11,19.8,19.81,18.3,22.06,22.55,20.02,-2.97,424.5,0.163,0.67,0.0,0.0,0.132,0.0,0.29,0.0,0.189,0.645
2020-01-13 14:30:00,17.57,19.85,21.01,22.27,19.82,19.8,18.28,21.96,22.69,20.02,-2.89,410.2,0.171,0.676,0.0,0.0,0.1,0.0,0.302,0.018,0.125,0.642
2020-01-13 14:45:00,17.54,19.84,20.91,22.37,19.86,19.8,18.28,21.81,22.74,20.03,-2.82,395.9,0.166,0.675,0.0,0.0,0.09,0.0,0.308,0.071,0.057,0.64
2020-01-13 15:00:00,17.53,19.81,20.8,22.49,19.85,19.76,18.26,21.67,22.81,20.03,-2.85,381.6,0.179,0.682,0.0,0.0,0.072,0.0,0.312,0.146,0.029,0.637
2020-01-13 15:15:00,17.5,19.79,20.64,22.35,19.87,19.73,18.24,21.51,22.82,20.03,-2.87,367.3,0.183,0.694,0.0,0.0,0.077,0.0,0.321,0.215,0.0,0.635
2020-01-13 15:30:00,17.45,19.75,20.44,21.75,19.64,19.62,18.2,21.35,22.69,20.04,-2.9,292.7,0.199,0.706,0.0,0.0,0.067,0.0,0.332,0.296,0.0,0.633
2020-01-13 15:45:00,17.35,19.68,20.15,21.26,19.43,19.48,18.15,21.14,22.44,20.04,-2.93,218.1,0.225,0.724,0.0,0.0,0.179,0.0,0.349,0.375,0.055,0.631
2020-01-13 16:00:00,17.27,19.59,19.87,20.98,19.28,19.29,18.09,20.95,22.09,20.05,-3.1,143.6,0.275,0.761,0.0,0.169,0.285,0.0,0.374,0.478,0.179,0.629
2020-01-13 16:15:00,17.21,19.52,19.62,20.76,19.17,19.04,18.05,20.76,21.51,20.05,-3.26,69.0,0.313,0.806,0.0,0.311,0.358,0.0,0.404,0.576,0.354,0.627
2020-01-13 16:30:00,17.17,19.46,19.39,20.57,19.05,18.8,18.02,20.62,21.06,20.05,-3.43,51.8,0.345,0.842,0.0,0.421,0.416,0.03,0.427,0.668,0.644,0.626
2020-01-13 16:45:00,17.12,19.39,19.16,20.42,19.02,18.68,17.98,20.51,20.77,20.06,-3.6,0.0,0.366,0.869,0.0,0.517,0.473,0.152,0.442,0.742,0.868,0.624
2020-01-13 17:00:00,17.14,19.39,18.99,20.37,18.91,18.55,17.97,20.49,20.67,20.06,-3.65,0.0,0.39,0.905,0.0,0.592,0.491,0.21,0.46,0.797,1.0,0.622
2020-01-13 17:15:00,17.08,19.33,18.81,20.24,18.93,18.56,17.97,20.42,20.52,20.06,-3.71,0.0,0.38,0.905,0.007,0.613,0.544,0.276,0.465,0.806,1.0,0.62
2020-01-13 17:30:00,17.12,19.34,18.73,20.25,18.83,18.52,17.96,20.43,20.48,20.07,-3.76,0.0,0.409,0.934,0.097,0.68,0.533,0.27,0.467,0.838,1.0,0.619
2020-01-13 17:45:00,17.05,19.29,18.65,20.14,18.89,18.56,17.95,20.41,20.4,20.07,-3.81,0.0,0.392,0.929,0.133,0.677,0.585,0.288,0.471,0.834,1.0,0.617
2020-01-13 18:00:00,17.1,19.31,18.58,20.17,18.78,18.55,17.93,20.41,20.38,20.07,-3.89,0.0,0.423,0.957,0.177,0.731,0.556,0.269,0.475,0.844,1.0,0.616
2020-01-13 18:15:00,17.03,19.24,18.51,20.05,18.86,18.56,17.92,20.38,20.31,20.07,-3.96,0.0,0.399,0.945,0.209,0.713,0.61,0.276,0.483,0.847,1.0,0.614
2020-01-13 18:30:00,17.09,19.28,18.5,20.11,18.73,18.54,17.91,20.37,20.28,20.08,-4.03,0.0,0.435,0.979,0.244,0.775,0.572,0.269,0.49,0.862,1.0,0.613
2020-01-13 18:45:00,17.01,19.2,18.42,19.97,18.84,18.54,17.9,20.34,20.21,20.08,-4.11,0.0,0.403,0.961,0.25,0.746,0.636,0.281,0.496,0.867,1.0,0.612
2020-01-13 19:00:00,17.1,19.27,18.45,20.07,18.68,18.52,17.9,20.34,20.19,20.08,-4.11,0.0,0.446,0.999,0.288,0.815,0.582,0.281,0.5,0.882,1.0,0.61
2020-01-13 19:15:00,17.45,18.84,18.41,19.98,18.81,18.63,17.89,20.35,20.2,20.08,-4.11,0.0,1.0,0.367,0.274,0.766,0.658,0.739,0.498,0.882,1.0,0.609
2020-01-13 19:30:00,17.63,18.89,18.41,20.01,18.85,18.82,17.89,20.37,20.19,20.09,-4.11,0.0,1.0,0.581,0.294,0.808,0.594,0.686,0.507,0.876,1.0,0.608
2020-01-13 19:45:00,17.73,18.86,18.41,20.02,18.88,18.88,17.89,20.45,20.3,20.09,-4.11,0.0,1.0,0.554,0.293,0.797,0.575,0.592,0.507,0.866,1.0,0.606
2020-01-13 20:00:00,17.85,18.79,18.4,20.02,18.91,18.98,17.89,20.46,20.29,20.09,-4.15,0.0,1.0,0.572,0.294,0.788,0.561,0.562,0.504,0.823,1.0,0.605
2020-01-13 20:15:00,17.96,18.77,18.4,19.62,18.88,19.0,17.9,20.49,20.35,20.1,-4.18,0.0,1.0,0.605,0.299,0.0,0.547,0.508,0.503,0.821,1.0,0.603
2020-01-13 20:30:00,18.01,18.72,18.37,19.5,18.85,19.04,17.89,20.48,20.34,20.1,-4.22,0.0,1.0,0.614,0.298,0.192,0.559,0.499,0.502,0.806,1.0,0.602
2020-01-13 20:45:00,18.08,18.71,18.37,19.45,18.82,19.04,17.9,20.48,20.35,20.1,-4.26,0.0,0.993,0.639,0.317,0.248,0.573,0.482,0.503,0.81,1.0,0.6
2020-01-13 21:00:00,18.11,18.68,18.35,19.32,18.84,19.05,17.9,20.47,20.32,20.1,-4.28,0.0,0.959,0.644,0.315,0.273,0.588,0.48,0.502,0.811,1.0,0.599
2020-01-13 21:15:00,18.15,18.67,18.35,19.32,18.8,19.05,18.13,20.2,20.05,20.11,-4.3,0.0,0.943,0.659,0.327,0.339,0.578,0.475,1.0,0.0,0.0,0.598
2020-01-13 21:30:00,18.18,18.66,18.33,19.27,18.82,18.86,18.38,19.85,19.73,20.11,-4.33,0.0,0.923,0.663,0.326,0.339,0.599,0.475,0.933,0.0,0.0,0.596
2020-01-13 21:45:00,18.21,18.64,18.33,19.25,18.82,18.74,18.54,19.5,19.4,20.11,-4.35,0.0,0.912,0.672,0.334,0.363,0.59,0.569,0.809,0.076,0.134,0.595
2020-01-13 22:00:00,18.22,18.62,18.31,19.21,18.82,18.71,18.58,19.3,19.22,20.12,-4.39,0.0,0.896,0.678,0.336,0.377,0.592,0.631,0.728,0.249,0.298,0.594
2020-01-13 22:15:00,18.23,18.61,18.3,19.19,18.8,18.67,18.58,19.26,19.21,20.03,-4.43,0.0,0.892,0.69,0.346,0.394,0.592,0.646,0.709,0.352,0.388,0.0
2020-01-13 22:30:00,18.24,18.59,18.28,19.16,18.8,18.71,18.58,19.22,19.17,19.91,-4.48,0.0,0.884,0.696,0.351,0.404,0.6,0.663,0.709,0.372,0.395,0.0
2020-01-13 22:45:00,18.25,18.58,18.27,19.14,18.79,18.72,18.58,19.22,19.17,19.79,-4.52,0.0,0.879,0.706,0.359,0.422,0.599,0.644,0.711,0.388,0.416,0.046
2020-01-13 23:00:00,18.27,18.57,18.27,19.12,18.79,18.74,18.6,19.22,19.16,19.69,-4.55,0.0,0.874,0.711,0.364,0.432,0.605,0.64,0.71,0.39,0.416,0.105
2020-01-13 23:15:00,18.28,18.56,18.27,19.12,18.79,18.76,18.59,19.22,19.18,19.62,-4.57,0.0,0.867,0.714,0.364,0.439,0.605,0.628,0.702,0.391,0.419,0.153
2020-01-13 23:30:00,18.29,18.56,18.27,19.11,18.79,18.77,18.61,19.22,19.17,19.56,-4.6,0.0,0.859,0.72,0.363,0.438,0.605,0.621,0.703,0.39,0.409,0.191
2020-01-13 23:45:00,18.31,18.56,18.28,19.1,18.79,18.78,18.63,19.21,19.16,19.51,-4.63,0.0,0.853,0.719,0.363,0.445,0.604,0.613,0.695,0.39,0.414,0.222
2020-01-14 00:00:00,18.31,18.55,18.27,19.09,18.8,18.78,18.63,19.19,19.14,19.46,-4.68,0.0,0.846,0.719,0.361,0.448,0.603,0.609,0.687,0.394,0.419,0.247
2020-01-14 00:15:00,18.32,18.55,18.58,19.08,18.82,18.78,18.63,19.18,19.13,19.43,-4.73,0.0,0.843,0.724,0.865,0.455,0.601,0.609,0.687,0.403,0.428,0.269
2020-01-14 00:30:00,18.33,18.56,18.64,19.08,18.86,18.78,18.64,19.16,19.1,19.39,-4.78,0.0,0.838,0.724,0.71,0.459,0.59,0.611,0.686,0.411,0.436,0.284
2020-01-14 00:45:00,18.34,18.55,18.61,19.07,18.86,18.78,18.64,19.15,19.09,19.37,-4.84,0.0,0.833,0.722,0.68,0.458,0.571,0.61,0.679,0.421,0.451,0.303
2020-01-14 01:00:00,18.34,18.54,18.67,19.06,18.85,18.78,18.65,19.14,19.08,19.34,-4.9,0.0,0.831,0.726,0.693,0.465,0.57,0.612,0.678,0.426,0.456,0.317
2020-01-14 01:15:00,18.34,18.53,18.72,19.05,18.86,18.78,18.65,19.13,19.07,19.32,-4.97,0.0,0.83,0.73,0.663,0.469,0.575,0.611,0.677,0.432,0.461,0.329
2020-01-14 01:30:00,18.34,18.53,18.76,19.05,18.86,18.78,18.65,19.12,19.06,19.3,-5.04,0.0,0.83,0.734,0.642,0.476,0.569,0.611,0.676,0.435,0.465,0.339
2020-01-14 01:45:00,18.34,18.52,18.78,19.04,18.87,18.78,18.65,19.11,19.05,19.29,-5.11,0.0,0.828,0.735,0.619,0.477,0.57,0.61,0.675,0.44,0.47,0.349
2020-01-14 02:00:00,18.35,18.53,18.81,19.04,18.86,18.78,18.66,19.11,19.05,19.27,-5.16,0.0,0.828,0.739,0.608,0.482,0.566,0.61,0.674,0.445,0.476,0.357
2020-01-14 02:15:00,18.36,18.52,18.84,19.04,18.87,18.79,18.67,19.11,19.05,19.26,-5.2,0.0,0.823,0.737,0.593,0.48,0.568,0.608,0.669,0.446,0.477,0.364
2020-01-14 02:30:00,18.37,18.52,18.86,19.04,18.87,18.8,18.68,19.11,19.05,19.25,-5.25,0.0,0.821,0.74,0.579,0.482,0.563,0.605,0.665,0.446,0.477,0.371
2020-01-14 02:45:00,18.37,18.52,18.88,19.04,18.88,18.8,18.69,19.11,19.04,19.23,-5.29,0.0,0.817,0.738,0.569,0.481,0.564,0.602,0.661,0.446,0.477,0.377
2020-01-14 03:00:00,18.37,18.52,18.89,19.03,18.88,18.8,18.69,19.1,19.03,19.22,-5.33,0.0,0.815,0.74,0.56,0.482,0.56,0.599,0.656,0.446,0.478,0.383
2020-01-14 03:15:00,18.02,18.52,19.15,19.03,18.85,18.81,18.69,19.11,19.03,19.22,-5.36,0.0,0.313,0.74,1.0,0.484,0.561,0.598,0.656,0.5,0.483,0.388
2020-01-14 03:30:00,18.04,18.49,19.22,19.0,18.82,18.81,18.69,19.13,19.02,19.21,-5.39,0.0,0.491,0.739,0.925,0.485,0.575,0.596,0.655,0.497,0.485,0.392
2020-01-14 03:45:00,18.04,18.5,19.22,19.01,18.84,18.81,18.69,19.13,19.02,19.2,-5.42,0.0,0.482,0.754,0.891,0.498,0.589,0.595,0.654,0.487,0.489,0.396
2020-01-14 04:00:00,17.99,18.5,19.28,19.01,18.84,18.81,18.69,19.13,19.01,19.19,-5.46,0.0,0.478,0.749,0.889,0.495,0.581,0.593,0.653,0.483,0.491,0.4
2020-01-14 04:15:00,17.97,18.51,19.33,19.01,18.88,18.81,18.4,19.13,19.01,19.19,-5.49,0.0,0.506,0.749,0.86,0.496,1.0,0.593,0.0,0.484,0.494,0.404
2020-01-14 04:30:00,17.93,18.51,19.38,19.01,18.9,18.81,17.91,19.12,19.0,19.18,-5.52,0.0,0.517,0.746,0.836,0.495,1.0,0.593,0.0,0.485,0.497,0.406
2020-01-14 04:45:00,17.92,18.51,19.41,19.01,18.91,18.81,17.43,19.12,18.99,19.18,-5.55,0.0,0.534,0.743,0.809,0.493,1.0,0.593,0.0,0.488,0.5,0.409
2020-01-14 05:00:00,17.9,18.51,19.44,19.01,18.93,18.82,17.1,19.12,18.99,19.17,-5.55,0.0,0.541,0.744,0.795,0.495,1.0,0.593,0.236,0.49,0.503,0.412
2020-01-14 05:15:00,17.89,18.52,19.47,19.01,18.94,18.82,17.13,19.12,18.99,19.17,-5.55,0.0,0.55,0.746,0.781,0.497,1.0,0.592,0.398,0.491,0.505,0.415
2020-01-14 05:30:00,17.89,18.52,19.49,19.0,18.96,18.82,17.25,19.11,18.98,19.16,-5.55,0.0,0.553,0.741,0.765,0.496,1.0,0.592,0.386,0.492,0.507,0.417
2020-01-14 05:45:00,17.88,18.52,19.51,19.0,18.97,18.82,17.28,19.11,18.98,19.16,-5.55,0.0,0.557,0.742,0.757,0.498,1.0,0.591,0.327,0.493,0.508,0.42
2020-01-14 06:00:00,17.88,18.52,19.52,19.0,18.98,18.82,17.24,19.11,18.98,19.15,-5.57,0.0,0.558,0.739,0.747,0.498,1.0,0.59,0.311,0.494,0.51,0.422
2020-01-14 06:15:00,17.87,18.52,19.54,19.0,18.99,18.77,17.21,19.11,18.74,19.15,-5.6,0.0,0.562,0.741,0.74,0.5,1.0,0.439,0.328,0.495,0.0,0.424
2020-01-14 06:30:00,17.87,18.53,19.55,19.0,19.0,18.69,17.19,19.09,18.41,19.15,-5.62,0.0,0.563,0.738,0.731,0.5,1.0,0.464,0.347,0.496,0.0,0.425
2020-01-14 06:45:00,17.86,18.52,19.56,19.0,19.02,18.63,17.18,19.07,18.1,19.14,-5.65,0.0,0.564,0.736,0.725,0.5,1.0,0.505,0.356,0.505,0.0,0.427
2020-01-14 07:00:00,17.86,18.53,19.57,18.99,19.02,18.57,17.17,19.06,17.94,19.14,-5.66,0.0,0.568,0.739,0.719,0.502,1.0,0.536,0.362,0.515,0.052,0.429
2020-01-14 07:15:00,17.86,18.67,19.58,18.67,19.03,18.55,17.16,19.05,17.86,19.08,-5.67,0.0,0.568,1.0,0.714,0.105,1.0,0.565,0.365,0.519,0.129,0.0
2020-01-14 07:30:00,17.85,18.71,19.59,18.7,19.03,18.54,17.15,19.05,17.82,18.97,-5.68,0.0,0.569,1.0,0.709,0.263,1.0,0.577,0.369,0.525,0.169,0.0
2020-01-14 07:45:00,17.85,18.73,19.59,18.67,19.05,18.54,17.14,19.05,17.81,18.86,-5.69,0.0,0.574,1.0,0.707,0.252,1.0,0.578,0.374,0.527,0.192,0.0
2020-01-14 08:00:00,17.85,18.77,19.6,18.63,19.05,18.55,17.14,19.05,17.8,18.77,-5.67,0.0,0.575,1.0,0.703,0.264,1.0,0.579,0.378,0.525,0.194,0.019
2020-01-14 08:15:00,17.85,18.81,19.61,18.61,19.06,18.55,17.14,19.06,17.79,18.69,-5.64,3.5,0.573,1.0,0.699,0.284,1.0,0.576,0.382,0.525,0.202,0.066
2020-01-14 08:30:00,17.87,18.85,19.65,18.61,19.07,18.57,17.22,19.23,17.8,18.62,-5.61,45.0,0.573,1.0,0.694,0.296,1.0,0.575,0.381,0.522,0.204,0.106
2020-01-14 08:45:00,17.88,18.9,19.77,18.6,19.09,18.62,17.29,19.45,17.81,18.57,-5.59,86.6,0.566,1.0,0.676,0.296,1.0,0.567,0.338,0.436,0.202,0.139
2020-01-14 09:00:00,17.91,18.96,19.98,18.62,19.13,18.69,17.33,19.67,17.85,18.52,-5.45,128.1,0.56,1.0,0.614,0.299,1.0,0.539,0.303,0.327,0.195,0.166
2020-01-14 09:15:00,17.95,19.05,20.27,18.65,19.24,18.77,17.33,19.86,17.9,18.49,-5.31,169.6,0.543,1.0,0.511,0.292,1.0,0.507,0.287,0.217,0.174,0.189
2020-01-14 09:30:00,18.0,19.15,20.45,18.7,19.3,18.81,17.3,20.01,17.93,18.45,-5.17,177.2,0.524,1.0,0.364,0.275,1.0,0.465,0.287,0.118,0.152,0.205
2020-01-14 09:45:00,18.02,19.21,20.54,18.7,19.38,18.85,17.28,20.06,17.93,18.42,-5.03,184.7,0.498,1.0,0.273,0.248,1.0,0.443,0.302,0.044,0.134,0.224
2020-01-14 10:00:00,18.07,19.28,20.65,18.75,19.39,18.86,17.29,20.1,17.95,18.4,-4.88,192.3,0.492,1.0,0.232,0.251,1.0,0.425,0.312,0.02,0.137,0.239
2020-01-14 10:15:00,18.07,19.35,20.72,18.76,19.48,18.88,17.32,20.12,17.96,18.38,-4.74,199.8,0.467,1.0,0.173,0.223,1.0,0.421,0.307,0.0,0.127,0.251
2020-01-14 10:30:00,18.13,19.43,20.82,18.84,19.48,18.9,17.35,20.19,18.01,18.36,-4.6,212.3,0.463,1.0,0.142,0.22,1.0,0.408,0.29,0.0,0.119,0.262
2020-01-14 10:45:00,18.13,19.5,20.87,18.86,19.58,18.94,17.37,20.27,18.05,18.34,-4.46,224.8,0.437,1.0,0.088,0.178,1.0,0.4,0.275,0.0,0.097,0.271
2020-01-14 11:00:00,18.18,19.58,20.99,18.97,19.58,18.98,17.38,20.37,18.12,18.32,-4.34,237.3,0.435,1.0,0.065,0.168,1.0,0.379,0.266,0.0,0.075,0.28
2020-01-14 11:15:00,18.18,19.66,21.03,19.01,19.68,19.03,17.39,20.47,18.18,18.31,-4.21,249.7,0.408,1.0,0.005,0.113,1.0,0.361,0.26,0.0,0.042,0.288
2020-01-14 11:30:00,18.24,19.73,21.12,19.13,19.68,19.07,17.4,20.56,18.26,18.3,-4.09,255.0,0.409,1.0,0.0,0.096,1.0,0.337,0.253,0.0,0.008,0.295
2020-01-14 11:45:00,18.22,19.79,21.15,19.16,19.77,19.1,17.41,20.64,18.34,18.28,-3.97,260.3,0.382,1.0,0.0,0.034,1.0,0.317,0.248,0.0,0.0,0.302
2020-01-14 12:00:00,18.27,19.86,21.23,19.29,19.76,19.13,17.42,20.71,18.45,18.27,-3.88,265.6,0.389,1.0,0.0,0.019,1.0,0.299,0.244,0.0,0.0,0.308
2020-01-14 12:15:00,18.26,19.91,21.25,19.38,19.86,19.17,17.43,20.76,18.57,18.26,-3.79,270.9,0.363,1.0,0.0,0.0,1.0,0.283,0.24,0.0,0.0,0.313
2020-01-14 12:30:00,18.31,19.98,21.29,19.52,19.86,19.2,17.43,20.78,18.7,18.25,-3.7,264.8,0.371,1.0,0.0,0.0,1.0,0.267,0.235,0.0,0.0,0.318
2020-01-14 12:45:00,18.29,20.02,21.27,19.6,19.93,19.21,17.43,20.78,18.84,18.25,-3.61,258.8,0.346,1.0,0.0,0.0,1.0,0.252,0.234,0.0,0.0,0.323
2020-01-14 13:00:00,18.32,20.07,21.27,19.74,19.92,19.21,17.43,20.75,18.97,18.24,-3.56,252.7,0.356,1.0,0.0,0.0,1.0,0.246,0.236,0.0,0.0,0.327
2020-01-14 13:15:00,18.29,20.1,21.21,19.83,19.97,19.21,17.42,20.7,19.11,18.23,-3.51,246.6,0.339,1.0,0.0,0.0,1.0,0.244,0.237,0.0,0.0,0.331
2020-01-14 13:30:00,18.32,20.14,21.2,19.99,19.95,19.19,17.42,20.64,19.28,18.22,-3.46,248.0,0.353,1.0,0.0,0.0,1.0,0.247,0.238,0.0,0.0,0.335
2020-01-14 13:45:00,18.29,20.15,21.13,20.16,19.99,19.17,17.41,20.57,19.48,18.22,-3.41,249.3,0.341,1.0,0.0,0.0,1.0,0.255,0.242,0.0,0.0,0.339
2020-01-14 14:00:00,18.31,20.17,21.07,20.3,19.97,19.16,17.39,20.47,19.62,18.21,-3.38,250.6,0.355,1.0,0.0,0.0,1.0,0.266,0.246,0.0,0.0,0.342
2020-01-14 14:15:00,18.28,20.17,20.98,20.41,20.0,19.14,17.37,20.37,19.76,18.2,-3.36,251.9,0.346,1.0,0.0,0.0,1.0,0.27,0.255,0.0,0.0,0.345
2020-01-14 14:30:00,18.29,20.18,20.88,20.49,19.97,19.13,17.36,20.23,19.84,18.2,-3.33,240.2,0.361,1.0,0.011,0.0,1.0,0.279,0.264,0.0,0.0,0.348
2020-01-14 14:45:00,18.26,20.17,20.78,20.53,19.98,19.1,17.35,20.07,19.91,18.19,-3.3,228.4,0.356,1.0,0.06,0.0,1.0,0.285,0.271,0.0,0.0,0.351
2020-01-14 15:00:00,18.25,20.17,20.69,20.59,19.96,19.07,17.33,19.9,19.95,18.19,-3.32,216.6,0.371,1.0,0.112,0.0,1.0,0.301,0.277,0.013,0.0,0.353
2020-01-14 15:15:00,18.23,20.16,20.59,20.47,19.96,19.03,17.32,19.76,19.99,18.18,-3.35,204.9,0.373,1.0,0.154,0.0,1.0,0.315,0.284,0.098,0.0,0.356
2020-01-14 15:30:00,18.21,20.14,20.5,20.05,19.87,19.0,17.29,19.65,19.97,18.18,-3.37,187.0,0.386,1.0,0.205,0.0,1.0,0.334,0.292,0.17,0.0,0.358
2020-01-14 15:45:00,18.16,20.09,20.39,19.67,19.79,18.97,17.27,19.56,20.0,18.18,-3.39,169.1,0.393,1.0,0.248,0.0,1.0,0.352,0.303,0.225,0.0,0.36
2020-01-14 16:00:00,18.13,20.04,20.29,19.39,19.76,18.95,17.24,19.47,19.99,18.17,-3.48,151.2,0.42,1.0,0.306,0.0,1.0,0.365,0.315,0.271,0.0,0.362
2020-01-14 16:15:00,18.1,20.0,20.2,19.24,19.67,18.88,17.21,19.41,19.64,18.17,-3.57,133.3,0.437,1.0,0.357,0.0,1.0,0.374,0.332,0.313,0.0,0.365
2020-01-14 16:30:00,18.06,19.95,20.13,19.05,19.61,18.77,17.19,19.33,19.18,18.16,-3.65,100.0,0.448,1.0,0.399,0.0,1.0,0.409,0.344,0.347,0.0,0.366
2020-01-14 16:45:00,18.02,19.89,20.07,18.94,19.56,18.68,17.15,19.27,18.81,18.16,-3.74,0.0,0.471,1.0,0.436,0.076,1.0,0.465,0.356,0.384,0.0,0.368
2020-01-14 17:00:00,18.01,19.85,20.03,18.87,19.53,18.65,17.14,19.24,18.48,18.16,-3.83,0.0,0.489,1.0,0.466,0.129,1.0,0.511,0.374,0.416,0.0,0.37
2020-01-14 17:15:00,17.99,19.8,20.0,18.8,19.52,18.65,17.13,19.24,18.19,18.15,-3.91,0.0,0.497,1.0,0.483,0.163,1.0,0.527,0.382,0.43,0.0,0.371
2020-01-14 17:30:00,17.99,19.78,20.0,18.81,19.48,18.62,17.13,19.24,18.04,18.15,-4.0,0.0,0.507,1.0,0.498,0.2,1.0,0.524,0.384,0.432,0.004,0.373
2020-01-14 17:45:00,17.96,19.74,19.96,18.73,19.49,18.61,17.12,19.23,17.92,18.15,-4.08,0.0,0.507,1.0,0.502,0.197,1.0,0.538,0.386,0.429,0.081,0.374
2020-01-14 18:00:00,17.97,19.73,19.96,18.74,19.44,18.6,17.12,19.22,17.88,18.15,-4.13,0.0,0.52,1.0,0.519,0.233,1.0,0.545,0.389,0.435,0.139,0.376
2020-01-14 18:15:00,17.95,19.7,19.93,18.69,19.47,18.6,17.12,19.2,17.85,18.14,-4.18,0.0,0.513,1.0,0.52,0.228,1.0,0.552,0.39,0.441,0.16,0.377
2020-01-14 18:30:00,17.96,19.69,19.93,18.7,19.42,18.6,17.11,19.2,17.84,18.14,-4.22,0.0,0.527,1.0,0.534,0.257,1.0,0.551,0.392,0.448,0.174,0.378
2020-01-14 18:45:00,17.94,19.66,19.91,18.65,19.45,18.6,17.11,19.19,17.83,18.14,-4.27,0.0,0.518,1.0,0.534,0.249,1.0,0.552,0.394,0.451,0.178,0.379
2020-01-14 19:00:00,17.95,19.65,19.9,18.66,19.4,18.59,17.1,19.18,17.81,18.14,-4.36,0.0,0.531,1.0,0.547,0.277,1.0,0.551,0.396,0.455,0.183,0.38
2020-01-14 19:15:00,18.23,19.63,19.55,18.62,19.43,18.58,17.09,19.14,17.79,18.14,-4.44,0.0,1.0,1.0,0.048,0.269,1.0,0.554,0.402,0.412,0.196,0.381
2020-01-14 19:30:00,18.26,19.6,19.47,18.62,19.44,18.57,17.08,19.1,17.75,18.13,-4.53,0.0,0.887,1.0,0.227,0.291,1.0,0.561,0.405,0.428,0.207,0.382
2020-01-14 19:45:00,18.27,19.58,19.47,18.6,19.44,18.55,17.07,19.08,17.74,18.13,-4.62,0.0,0.868,1.0,0.265,0.289,1.0,0.566,0.41,0.45,0.223,0.383
2020-01-14 20:00:00,18.32,19.57,19.38,18.59,19.43,18.54,17.07,19.06,17.72,18.13,-4.64,0.0,0.864,1.0,0.264,0.3,1.0,0.575,0.413,0.461,0.23,0.384
2020-01-14 20:15:00,18.36,19.55,19.32,18.57,19.35,18.53,17.37,19.05,17.71,18.13,-4.66,0.0,0.838,1.0,0.309,0.305,0.283,0.578,1.0,0.469,0.241,0.385
2020-01-14 20:30:00,18.35,19.53,19.29,18.52,19.33,18.53,17.72,19.04,17.69,18.13,-4.68,0.0,0.822,1.0,0.34,0.313,0.324,0.583,1.0,0.474,0.247,0.385
2020-01-14 20:45:00,18.36,19.5,19.24,18.51,19.29,18.53,18.03,19.02,17.68,18.13,-4.7,0.0,0.827,1.0,0.356,0.339,0.335,0.586,1.0,0.479,0.254,0.386
2020-01-14 21:00:00,18.37,19.48,19.22,18.49,19.27,18.52,18.23,19.02,17.68,18.13,-4.75,0.0,0.82,1.0,0.379,0.345,0.355,0.586,0.983,0.489,0.262,0.387
2020-01-14 21:15:00,18.38,19.46,19.2,18.48,19.25,18.53,18.35,19.02,17.67,18.12,-4.8,0.0,0.815,1.0,0.392,0.355,0.366,0.588,0.883,0.489,0.262,0.387
2020-01-14 21:30:00,18.38,19.45,19.18,18.47,19.23,18.53,18.41,19.02,17.67,18.12,-4.84,0.0,0.811,1.0,0.4,0.359,0.377,0.586,0.825,0.49,0.265,0.388
2020-01-14 21:45:00,18.39,19.43,19.17,18.47,19.21,18.53,18.44,19.01,17.66,18.12,-4.89,0.0,0.808,1.0,0.409,0.364,0.386,0.587,0.797,0.491,0.265,0.388
2020-01-14 22:00:00,18.39,19.42,19.15,18.45,19.2,18.52,18.46,19.01,17.66,18.12,-4.95,0.0,0.804,1.0,0.416,0.367,0.395,0.586,0.781,0.493,0.268,0.389
2020-01-14 22:15:00,18.4,19.4,19.14,18.45,19.18,18.56,18.48,19.0,17.9,18.12,-5.01,0.0,0.804,1.0,0.424,0.373,0.402,0.738,0.771,0.496,1.0,0.389
2020-01-14 22:30:00,18.4,19.39,19.13,18.44,19.16,18.69,18.49,19.01,18.21,18.12,-5.07,0.0,0.802,1.0,0.431,0.376,0.412,0.718,0.761,0.5,1.0,0.39
2020-01-14 22:45:00,18.4,19.37,19.11,18.43,19.15,18.76,18.51,19.04,18.5,18.12,-5.12,0.0,0.801,1.0,0.437,0.382,0.418,0.654,0.754,0.493,0.893,0.39
2020-01-14 23:00:00,18.4,19.36,19.1,18.42,19.13,18.81,18.52,19.03,18.6,18.12,-5.14,0.0,0.802,1.0,0.445,0.385,0.426,0.62,0.746,0.482,0.749,0.391
2020-01-14 23:15:00,18.41,18.91,19.1,18.64,19.13,18.81,18.53,19.03,18.64,18.19,-5.16,0.0,0.8,0.32,0.448,0.789,0.433,0.597,0.739,0.485,0.701,0.941
2020-01-14 23:30:00,18.41,18.87,19.09,18.7,19.11,18.8,18.55,19.02,18.66,18.33,-5.17,0.0,0.796,0.544,0.451,0.681,0.434,0.597,0.733,0.486,0.68,0.906
2020-01-14 23:45:00,18.41,18.8,19.08,18.71,19.13,18.79,18.55,19.01,18.67,18.44,-5.19,0.0,0.794,0.566,0.455,0.65,0.443,0.601,0.727,0.491,0.67,0.835
2020-01-15 00:00:00,18.41,18.72,19.08,18.78,19.1,18.79,18.56,19.0,18.68,18.51,-5.28,0.0,0.796,0.599,0.459,0.643,0.436,0.603,0.723,0.495,0.664,0.782
2020-01-15 00:15:00,18.4,18.7,19.06,18.77,19.1,18.79,18.56,18.99,18.69,18.57,-5.37,0.0,0.794,0.639,0.462,0.611,0.45,0.605,0.72,0.5,0.66,0.743
2020-01-15 00:30:00,18.4,18.68,19.06,18.79,19.08,18.79,18.57,18.99,18.7,18.62,-5.46,0.0,0.8,0.65,0.468,0.615,0.451,0.606,0.718,0.503,0.655,0.713
2020-01-15 00:45:00,18.39,18.65,19.05,18.79,19.08,18.79,18.57,18.98,18.71,18.66,-5.55,0.0,0.799,0.661,0.471,0.605,0.461,0.606,0.717,0.506,0.65,0.688
2020-01-15 01:00:00,18.4,18.64,19.04,18.8,19.06,18.79,18.57,18.98,18.71,18.7,-5.53,0.0,0.804,0.675,0.475,0.603,0.462,0.607,0.715,0.508,0.647,0.668
2020-01-15 01:15:00,18.4,18.62,19.04,18.8,19.06,18.79,18.58,18.97,18.72,18.73,-5.51,0.0,0.8,0.678,0.478,0.599,0.471,0.607,0.713,0.511,0.644,0.65
2020-01-15 01:30:00,18.4,18.62,19.03,18.81,19.05,18.79,18.58,18.97,18.72,18.76,-5.49,0.0,0.801,0.688,0.482,0.599,0.47,0.607,0.711,0.513,0.642,0.635
2020-01-15 01:45:00,18.4,18.6,19.02,18.81,19.05,18.79,18.59,18.96,18.72,18.78,-5.47,0.0,0.798,0.69,0.485,0.595,0.477,0.607,0.709,0.516,0.64,0.621
2020-01-15 02:00:00,18.4,18.6,19.02,18.81,19.03,18.78,18.59,18.96,18.72,18.8,-5.5,0.0,0.798,0.698,0.488,0.596,0.477,0.607,0.707,0.518,0.638,0.609
2020-01-15 02:15:00,18.4,18.58,19.01,18.81,19.03,18.78,18.59,18.95,18.73,18.82,-5.53,0.0,0.798,0.702,0.491,0.593,0.483,0.608,0.706,0.521,0.638,0.598
2020-01-15 02:30:00,18.4,18.57,19.0,18.81,19.02,18.78,18.59,18.95,18.73,18.84,-5.56,0.0,0.8,0.709,0.495,0.594,0.485,0.609,0.705,0.524,0.637,0.589
2020-01-15 02:45:00,18.4,18.56,19.0,18.81,19.02,18.78,18.59,18.94,18.73,18.86,-5.59,0.0,0.8,0.714,0.498,0.593,0.49,0.61,0.705,0.526,0.637,0.58
2020-01-15 03:00:00,18.39,18.55,18.99,18.81,19.01,18.77,18.59,18.93,18.72,18.87,-5.62,0.0,0.802,0.72,0.501,0.595,0.492,0.611,0.704,0.529,0.637,0.572
2020-01-15 03:15:00,18.39,18.19,18.98,18.8,18.95,18.75,18.59,18.71,18.47,18.88,-5.65,0.0,0.804,0.226,0.507,0.597,0.497,0.614,0.705,0.0,0.0,0.565
2020-01-15 03:30:00,18.37,18.19,18.96,18.77,18.9,18.67,18.58,18.34,18.12,18.89,-5.67,0.0,0.804,0.406,0.511,0.599,0.525,0.625,0.706,0.0,0.0,0.56
2020-01-15 03:45:00,18.37,18.19,18.95,18.77,18.89,18.56,18.58,18.01,17.82,18.9,-5.7,0.0,0.817,0.405,0.519,0.615,0.552,0.665,0.708,0.0,0.0,0.554
2020-01-15 04:00:00,18.37,18.12,18.95,18.79,18.89,18.51,18.56,17.71,17.58,18.91,-5.72,0.0,0.815,0.404,0.523,0.613,0.554,0.719,0.709,0.0,0.0,0.548
2020-01-15 04:15:00,18.37,18.09,18.61,18.79,18.85,18.41,18.56,17.56,17.45,18.92,-5.73,0.0,0.817,0.441,0.075,0.605,0.554,0.744,0.722,0.0,0.0,0.543
2020-01-15 04:30:00,18.36,18.02,18.54,18.78,18.81,18.39,18.56,17.35,17.26,18.93,-5.75,0.0,0.815,0.454,0.247,0.607,0.574,0.796,0.721,0.0,0.0,0.539
2020-01-15 04:45:00,18.35,18.01,18.55,18.78,18.8,18.32,18.56,17.24,17.22,18.94,-5.77,0.0,0.822,0.488,0.279,0.611,0.593,0.803,0.72,0.027,0.072,0.534
2020-01-15 05:00:00,18.35,17.98,18.48,18.78,18.8,18.32,18.56,17.13,17.12,18.95,-5.8,0.0,0.823,0.496,0.276,0.611,0.602,0.841,0.719,0.08,0.091,0.531
2020-01-15 05:15:00,18.35,17.96,18.44,18.78,18.77,18.29,18.24,17.11,17.11,18.88,-5.84,0.0,0.826,0.511,0.312,0.612,0.602,0.839,0.0,0.133,0.141,0.0
2020-01-15 05:30:00,18.35,17.94,18.41,18.78,18.75,18.29,17.71,17.09,17.09,18.77,-5.87,0.0,0.825,0.519,0.329,0.611,0.617,0.857,0.0,0.145,0.144,0.0
2020-01-15 05:45:00,18.34,17.93,18.39,18.78,18.74,18.3,17.18,17.09,17.08,18.65,-5.9,0.0,0.827,0.53,0.344,0.612,0.624,0.855,0.0,0.154,0.156,0.0
2020-01-15 06:00:00,18.32,17.91,18.38,18.77,18.74,18.29,16.85,17.09,17.07,18.53,-5.94,0.0,0.828,0.537,0.356,0.612,0.629,0.851,0.259,0.156,0.159,0.0
2020-01-15 06:15:00,18.33,17.9,18.36,18.3,18.7,18.08,16.87,17.04,17.01,18.44,-5.98,0.0,0.84,0.545,0.36,0.0,0.631,0.056,0.426,0.154,0.164,0.0
2020-01-15 06:30:00,18.31,17.87,18.34,18.12,18.64,17.75,16.96,16.93,16.87,18.34,-6.02,0.0,0.836,0.548,0.368,0.0,0.65,0.162,0.417,0.18,0.197,0.0
2020-01-15 06:45:00,18.3,17.84,18.31,18.07,18.63,17.52,17.02,16.86,16.8,18.24,-6.06,0.0,0.843,0.567,0.382,0.0,0.678,0.326,0.37,0.235,0.266,0.0
2020-01-15 07:00:00,18.31,17.85,18.31,17.96,18.6,17.5,16.98,16.82,16.72,18.15,-6.05,0.0,0.85,0.578,0.393,0.0,0.687,0.441,0.339,0.27,0.301,0.0
2020-01-15 07:15:00,18.3,17.83,18.29,17.83,18.58,17.46,16.93,16.86,16.79,18.06,-6.04,0.0,0.847,0.576,0.395,0.0,0.698,0.448,0.361,0.289,0.338,0.0
2020-01-15 07:30:00,18.3,17.82,18.28,17.72,18.55,17.5,16.9,16.87,16.79,17.98,-6.03,0.0,0.85,0.586,0.403,0.0,0.708,0.468,0.385,0.269,0.305,0.0
2020-01-15 07:45:00,18.29,17.8,18.27,17.62,18.52,17.49,16.89,16.88,16.82,17.9,-6.02,0.0,0.851,0.59,0.408,0.0,0.727,0.45,0.398,0.266,0.305,0.0
2020-01-15 08:00:00,18.32,17.8,18.25,17.55,18.49,17.52,16.9,16.85,16.81,17.82,-6.01,0.0,0.853,0.6,0.415,0.0,0.739,0.457,0.403,0.258,0.289,0.0
2020-01-15 08:15:00,18.42,17.79,18.25,17.47,18.48,17.49,16.9,16.87,16.84,17.74,-6.0,2.4,1.0,0.6,0.427,0.0,0.754,0.44,0.401,0.274,0.294,0.0
2020-01-15 08:30:00,18.49,17.81,18.27,17.42,18.47,17.51,16.93,16.9,16.83,17.66,-5.98,21.2,1.0,0.604,0.424,0.0,0.761,0.453,0.398,0.265,0.282,0.0
2020-01-15 08:45:00,18.55,17.82,18.33,17.38,18.47,17.53,16.98,17.0,16.86,17.59,-5.97,40.1,1.0,0.597,0.415,0.0,0.767,0.443,0.383,0.248,0.286,0.02
2020-01-15 09:00:00,18.6,17.84,18.41,17.35,18.47,17.57,17.01,17.09,16.88,17.52,-5.85,58.9,0.976,0.591,0.387,0.0,0.767,0.437,0.36,0.198,0.27,0.056
2020-01-15 09:15:00,18.65,17.87,18.56,17.33,18.48,17.59,17.03,17.18,16.92,17.47,-5.73,77.8,0.948,0.579,0.343,0.0,0.767,0.415,0.345,0.157,0.261,0.088
2020-01-15 09:30:00,18.69,17.9,18.6,17.32,18.49,17.63,17.03,17.2,16.94,17.42,-5.62,81.4,0.927,0.567,0.272,0.0,0.761,0.403,0.337,0.112,0.241,0.116
2020-01-15 09:45:00,18.73,17.91,18.58,17.31,18.5,17.63,17.03,17.17,16.96,17.39,-5.5,85.1,0.905,0.55,0.251,0.0,0.757,0.387,0.335,0.099,0.232,0.138
2020-01-15 10:00:00,18.77,17.94,18.61,17.3,18.5,17.63,17.05,17.16,16.97,17.35,-5.39,88.8,0.884,0.543,0.259,0.0,0.751,0.385,0.335,0.117,0.222,0.157
2020-01-15 10:15:00,18.81,17.96,18.63,17.29,18.51,17.64,17.08,17.17,16.98,17.33,-5.27,92.5,0.864,0.529,0.243,0.0,0.752,0.385,0.325,0.12,0.217,0.173
2020-01-15 10:30:00,18.85,17.99,18.69,17.31,18.52,17.66,17.1,17.22,17.01,17.3,-5.15,105.1,0.846,0.519,0.234,0.0,0.744,0.379,0.311,0.116,0.209,0.187
2020-01-15 10:45:00,18.88,18.01,18.75,17.32,18.54,17.69,17.13,17.27,17.03,17.28,-5.04,117.8,0.827,0.504,0.203,0.0,0.742,0.37,0.298,0.092,0.197,0.199
2020-01-15 11:00:00,18.91,18.04,18.86,17.36,18.55,17.71,17.14,17.38,17.09,17.26,-4.94,130.5,0.812,0.496,0.174,0.0,0.73,0.355,0.286,0.063,0.183,0.21
2020-01-15 11:15:00,18.94,18.05,18.91,17.39,18.59,17.75,17.15,17.43,17.13,17.24,-4.84,143.2,0.794,0.481,0.12,0.0,0.724,0.343,0.28,0.012,0.156,0.219
2020-01-15 11:30:00,18.97,18.08,18.97,17.45,18.6,17.77,17.16,17.47,17.18,17.23,-4.74,154.1,0.78,0.473,0.096,0.0,0.703,0.323,0.275,0.0,0.134,0.228
2020-01-15 11:45:00,18.99,18.09,19.01,17.5,18.65,17.78,17.17,17.52,17.23,17.21,-4.64,165.0,0.764,0.459,0.067,0.0,0.698,0.317,0.271,0.0,0.108,0.236
2020-01-15 12:00:00,19.02,18.12,19.05,17.58,18.66,17.79,17.17,17.58,17.27,17.2,-4.53,175.9,0.753,0.455,0.047,0.0,0.676,0.309,0.266,0.0,0.087,0.243
2020-01-15 12:15:00,19.04,18.13,19.09,17.65,18.7,17.81,17.18,17.65,17.33,17.19,-4.42,186.8,0.739,0.44,0.027,0.0,0.67,0.303,0.263,0.0,0.063,0.25
2020-01-15 12:30:00,19.07,18.15,19.1,17.74,18.72,17.83,17.19,17.7,17.38,17.18,-4.32,190.4,0.729,0.437,0.007,0.0,0.648,0.294,0.26,0.0,0.035,0.256
2020-01-15 12:45:00,19.09,18.16,19.1,17.82,18.76,17.84,17.19,17.73,17.43,17.17,-4.21,193.9,0.716,0.423,0.0,0.0,0.638,0.285,0.257,0.0,0.01,0.261
2020-01-15 13:00:00,19.1,18.18,19.11,17.91,18.78,17.85,17.19,17.76,17.48,17.16,-4.14,197.4,0.704,0.42,0.0,0.0,0.618,0.278,0.254,0.0,0.0,0.266
2020-01-15 13:15:00,19.12,18.18,19.1,18.0,18.81,17.85,17.19,17.76,17.53,17.15,-4.07,200.9,0.698,0.411,0.0,0.0,0.61,0.277,0.255,0.0,0.0,0.271
2020-01-15 13:30:00,19.12,18.19,19.04,18.05,18.83,17.84,17.18,17.72,17.54,17.14,-4.0,186.1,0.692,0.41,0.001,0.0,0.593,0.276,0.255,0.0,0.0,0.275
2020-01-15 13:45:00,19.12,18.18,18.98,18.07,18.83,17.82,17.16,17.64,17.54,17.13,-3.94,171.3,0.689,0.407,0.03,0.0,0.587,0.279,0.261,0.0,0.0,0.28
2020-01-15 14:00:00,19.11,18.17,18.91,18.07,18.82,17.79,17.14,17.53,17.51,17.13,-3.92,156.5,0.688,0.41,0.059,0.0,0.586,0.29,0.268,0.0,0.0,0.284
2020-01-15 14:15:00,19.1,18.15,18.84,18.05,18.8,17.76,17.13,17.4,17.47,17.12,-3.9,141.7,0.695,0.416,0.094,0.0,0.59,0.306,0.278,0.0,0.0,0.287
2020-01-15 14:30:00,19.09,18.13,18.79,18.06,18.79,17.72,17.11,17.29,17.44,17.11,-3.88,139.2,0.7,0.424,0.13,0.0,0.598,0.322,0.286,0.0,0.0,0.291
2020-01-15 14:45:00,19.07,18.12,18.73,18.07,18.79,17.69,17.09,17.19,17.42,17.11,-3.86,136.7,0.707,0.433,0.156,0.0,0.605,0.342,0.295,0.056,0.0,0.294
2020-01-15 15:00:00,19.05,18.09,18.67,18.08,18.77,17.66,17.07,17.12,17.4,17.1,-3.89,134.2,0.714,0.442,0.185,0.0,0.607,0.356,0.303,0.104,0.0,0.297
2020-01-15 15:15:00,19.03,18.07,18.63,18.05,18.76,17.64,17.05,17.09,17.45,17.09,-3.92,131.7,0.725,0.453,0.217,0.0,0.613,0.371,0.316,0.138,0.0,0.3
2020-01-15 15:30:00,19.0,18.05,18.56,17.76,18.74,17.63,17.02,17.04,17.42,17.09,-3.95,115.6,0.735,0.464,0.236,0.0,0.62,0.381,0.327,0.155,0.0,0.303
2020-01-15 15:45:00,18.98,18.02,18.5,17.65,18.62,17.6,16.99,16.99,17.37,17.08,-3.97,99.5,0.748,0.477,0.271,0.0,0.629,0.383,0.34,0.18,0.0,0.305
2020-01-15 16:00:00,18.93,17.93,18.43,17.51,18.61,17.57,16.94,16.95,17.32,17.08,-4.06,83.4,0.762,0.491,0.301,0.0,0.689,0.401,0.354,0.203,0.015,0.308
2020-01-15 16:15:00,18.91,17.94,18.39,17.44,18.52,17.54,16.92,16.91,17.04,17.08,-4.15,67.3,0.784,0.534,0.333,0.0,0.696,0.416,0.38,0.224,0.038,0.31
2020-01-15 16:30:00,18.87,17.87,18.36,17.3,18.52,17.47,16.91,16.9,16.91,17.07,-4.24,50.4,0.794,0.531,0.355,0.0,0.739,0.43,0.39,0.244,0.179,0.312
2020-01-15 16:45:00,18.85,17.87,18.34,17.25,18.45,17.44,16.89,16.87,16.85,17.07,-4.33,0.0,0.813,0.563,0.372,0.0,0.738,0.465,0.393,0.252,0.246,0.314
2020-01-15 17:00:00,18.82,17.82,18.3,17.13,18.45,17.43,16.87,16.85,16.85,17.06,-4.4,0.0,0.824,0.564,0.381,0.0,0.777,0.48,0.405,0.267,0.277,0.316
2020-01-15 17:15:00,18.81,17.83,18.29,17.1,18.38,17.44,16.86,16.84,16.87,17.06,-4.48,0.0,0.839,0.591,0.398,0.0,0.773,0.485,0.413,0.275,0.274,0.318
2020-01-15 17:30:00,18.79,17.78,18.27,16.99,18.4,17.44,16.86,16.84,16.85,17.06,-4.56,0.0,0.843,0.585,0.403,0.0,0.809,0.482,0.418,0.279,0.267,0.32
2020-01-15 17:45:00,18.78,17.8,18.26,17.02,18.33,17.43,16.85,16.83,16.84,17.05,-4.64,0.0,0.857,0.61,0.417,0.053,0.799,0.482,0.422,0.282,0.273,0.322
2020-01-15 18:00:00,18.77,17.76,18.24,16.91,18.37,17.42,16.84,16.81,16.83,17.05,-4.61,0.0,0.858,0.599,0.42,0.041,0.834,0.486,0.425,0.286,0.279,0.323
2020-01-15 18:15:00,18.78,17.79,18.24,16.96,18.3,17.41,16.83,16.8,16.81,17.05,-4.58,0.0,0.867,0.621,0.432,0.096,0.813,0.49,0.429,0.293,0.287,0.325
2020-01-15 18:30:00,18.73,17.74,18.24,16.85,18.36,17.38,16.83,16.82,16.8,17.04,-4.56,0.0,0.862,0.605,0.432,0.07,0.85,0.494,0.433,0.298,0.293,0.327
2020-01-15 18:45:00,18.75,17.78,18.24,16.92,18.27,17.39,16.82,16.8,16.78,17.04,-4.53,0.0,0.885,0.631,0.43,0.126,0.82,0.51,0.436,0.289,0.298,0.328
2020-01-15 19:00:00,18.72,17.72,18.22,16.8,18.35,17.38,16.82,16.8,16.79,17.04,-4.54,0.0,0.874,0.609,0.431,0.091,0.864,0.506,0.438,0.298,0.309,0.329
2020-01-15 19:15:00,18.74,18.0,18.23,16.91,18.25,17.38,16.82,17.08,17.04,17.04,-4.56,0.0,0.89,1.0,0.442,0.15,0.824,0.512,0.44,1.0,1.0,0.331
2020-01-15 19:30:00,18.73,18.05,18.22,16.83,18.35,17.53,16.81,17.44,17.38,17.03,-4.57,0.0,0.879,0.998,0.436,0.097,0.876,0.511,0.442,1.0,1.0,0.332
2020-01-15 19:45:00,18.73,18.09,18.21,16.85,18.35,17.61,16.81,17.82,17.73,17.03,-4.58,0.0,0.886,0.975,0.442,0.135,0.823,0.433,0.443,1.0,1.0,0.333
2020-01-15 20:00:00,18.73,18.13,18.21,16.83,18.36,17.61,16.81,18.06,17.96,17.03,-4.54,0.0,0.884,0.957,0.443,0.127,0.824,0.397,0.446,1.0,1.0,0.334
2020-01-15 20:15:00,18.74,18.18,18.52,16.83,18.36,17.65,16.81,18.2,18.06,17.03,-4.5,0.0,0.885,0.936,0.893,0.133,0.822,0.396,0.445,0.968,1.0,0.335
2020-01-15 20:30:00,18.74,18.2,18.62,16.84,18.39,17.65,16.82,18.32,18.18,17.03,-4.45,0.0,0.88,0.911,0.739,0.133,0.818,0.373,0.443,0.901,0.968,0.336
2020-01-15 20:45:00,18.75,18.22,18.65,16.84,18.4,17.67,16.82,18.37,18.21,17.02,-4.41,0.0,0.879,0.902,0.69,0.129,0.806,0.376,0.442,0.84,0.908,0.337
2020-01-15 21:00:00,18.75,18.24,18.72,16.84,18.4,17.66,16.81,18.41,18.26,17.02,-4.38,0.0,0.876,0.891,0.675,0.131,0.802,0.364,0.442,0.817,0.893,0.338
2020-01-15 21:15:00,18.75,18.25,18.73,16.83,18.41,17.66,17.1,18.43,18.27,17.13,-4.35,0.0,0.875,0.882,0.641,0.132,0.8,0.372,1.0,0.797,0.872,1.0
2020-01-15 21:30:00,18.76,18.26,18.75,16.83,18.41,17.66,17.43,18.45,18.29,17.27,-4.32,0.0,0.875,0.877,0.635,0.134,0.793,0.371,1.0,0.786,0.865,1.0
2020-01-15 21:45:00,18.75,18.27,18.76,16.83,18.42,17.65,17.74,18.48,18.31,17.46,-4.29,0.0,0.871,0.868,0.626,0.133,0.793,0.372,1.0,0.774,0.855,1.0
2020-01-15 22:00:00,18.76,18.28,18.77,16.83,18.42,17.65,17.93,18.49,18.32,17.6,-4.27,0.0,0.873,0.866,0.618,0.135,0.791,0.375,1.0,0.762,0.844,1.0
2020-01-15 22:15:00,18.76,18.29,18.78,17.21,18.49,17.83,18.08,18.53,18.37,17.71,-4.25,0.0,0.872,0.861,0.613,1.0,0.791,1.0,1.0,0.754,0.839,1.0
2020-01-15 22:30:00,18.78,18.33,18.82,17.51,18.54,18.11,18.2,18.57,18.42,17.84,-4.23,0.0,0.869,0.854,0.608,1.0,0.755,1.0,0.962,0.736,0.815,1.0
2020-01-15 22:45:00,18.77,18.32,18.81,17.56,18.68,18.28,18.26,18.65,18.54,17.95,-4.21,0.0,0.858,0.835,0.589,1.0,0.73,0.945,0.901,0.713,0.788,1.0
2020-01-15 23:00:00,18.8,18.38,18.85,17.79,18.64,18.42,18.3,18.68,18.58,18.05,-4.2,0.0,0.863,0.842,0.593,1.0,0.661,0.858,0.869,0.674,0.73,1.0
2020-01-15 23:15:00,18.8,18.35,18.85,17.89,18.77,18.48,18.33,18.7,18.6,18.15,-4.18,0.0,0.849,0.811,0.573,1.0,0.679,0.792,0.849,0.658,0.712,0.973
2020-01-15 23:30:00,18.82,18.42,18.88,18.07,18.76,18.52,18.36,18.71,18.61,18.23,-4.17,0.0,0.852,0.824,0.577,1.0,0.614,0.762,0.835,0.648,0.7,0.926
2020-01-15 23:45:00,18.82,18.4,18.87,18.13,18.85,18.54,18.38,18.72,18.61,18.3,-4.15,0.0,0.842,0.792,0.562,0.967,0.621,0.742,0.822,0.644,0.697,0.885
