Program Version:,EnergyPlus, Version 9.5.0-de239b2e5f, YMD=2025.10.08 11:01
Tabular Output Report in Format: ,Comma

Building:,Building
Environment:,DEFAULTRUNPERIOD ** ClimateZone0 ZH CHE ISD-TMYx WMO#=066700

----------------------------------------------------------------------------------------------------
REPORT:,Annual Building Utility Performance Summary
FOR:,Entire Facility
Values gathered over       312.00 hours
WARNING: THE REPORT DOES NOT REPRESENT A FULL ANNUAL SIMULATION.

Site and Source Energy

,,Total Energy [kWh],Energy Per Total Building Area [kWh/m2],Energy Per Conditioned Building Area [kWh/m2]
,Total Site Energy,1511.28,4.21,4.21
,Net Site Energy,1511.28,4.21,4.21
,Total Source Energy,5445.35,15.18,15.18
,Net Source Energy,5445.35,15.18,15.18


Site to Source Energy Conversion Factors

,,Site=>Source Conversion Factor
,Electricity,3.167
,Natural Gas,1.084
,District Cooling,1.056
,District Heating,3.613
,Steam,1.200
,Gasoline,1.050
,Diesel,1.050
,Coal,1.050
,Fuel Oil No 1,1.050
,Fuel Oil No 2,1.050
,Propane,1.050
,Other Fuel 1,1.000
,Other Fuel 2,1.000


Building Area

,,Area [m2]
,Total Building Area,358.73
,Net Conditioned Building Area,358.73
,Unconditioned Building Area,0.00


End Uses

,,Electricity [kWh],Natural Gas [kWh],Gasoline [kWh],Diesel [kWh],Coal [kWh],Fuel Oil No 1 [kWh],Fuel Oil No 2 [kWh],Propane [kWh],Other Fuel 1 [kWh],Other Fuel 2 [kWh],District Cooling [kWh],District Heating [kWh],Water [m3]
,Heating,0.00,0.00,0.00,0.00,0.00,0.00,0.00,0.00,0.00,0.00,0.00,1504.37,0.00
,Cooling,0.00,0.00,0.00,0.00,0.00,0.00,0.00,0.00,0.00,0.00,5.83,0.00,0.00
,Interior Lighting,0.00,0.00,0.00,0.00,0.00,0.00,0.00,0.00,0.00,0.00,0.00,0.00,0.00
,Exterior Lighting,0.00,0.00,0.00,0.00,0.00,0.00,0.00,0.00,0.00,0.00,0.00,0.00,0.00
,Interior Equipment,0.00,0.00,0.00,0.00,0.00,0.00,0.00,0.00,0.00,0.00,0.00,0.00,0.00
,Exterior Equipment,0.00,0.00,0.00,0.00,0.00,0.00,0.00,0.00,0.00,0.00,0.00,0.00,0.00
,Fans,0.00,0.00,0.00,0.00,0.00,0.00,0.00,0.00,0.00,0.00,0.00,0.00,0.00
,Pumps,1.08,0.00,0.00,0.00,0.00,0.00,0.00,0.00,0.00,0.00,0.00,0.00,0.00
,Heat Rejection,0.00,0.00,0.00,0.00,0.00,0.00,0.00,0.00,0.00,0.00,0.00,0.00,0.00
,Humidification,0.00,0.00,0.00,0.00,0.00,0.00,0.00,0.00,0.00,0.00,0.00,0.00,0.00
,Heat Recovery,0.00,0.00,0.00,0.00,0.00,0.00,0.00,0.00,0.00,0.00,0.00,0.00,0.00
,Water Systems,0.00,0.00,0.00,0.00,0.00,0.00,0.00,0.00,0.00,0.00,0.00,0.00,0.00
,Refrigeration,0.00,0.00,0.00,0.00,0.00,0.00,0.00,0.00,0.00,0.00,0.00,0.00,0.00
,Generators,0.00,0.00,0.00,0.00,0.00,0.00,0.00,0.00,0.00,0.00,0.00,0.00,0.00
,,,,,,,,,,,,,,
,Total End Uses,1.08,0.00,0.00,0.00,0.00,0.00,0.00,0.00,0.00,0.00,5.83,1504.37,0.00
Note: District heat appears to be the principal heating source based on energy usage.


End Uses By Subcategory

,,Subcategory,Electricity [kWh],Natural Gas [kWh],Gasoline [kWh],Diesel [kWh],Coal [kWh],Fuel Oil No 1 [kWh],Fuel Oil No 2 [kWh],Propane [kWh],Other Fuel 1 [kWh],Other Fuel 2 [kWh],District Cooling [kWh],District Heating [kWh],Water [m3]
,Heating,General,0.00,0.00,0.00,0.00,0.00,0.00,0.00,0.00,0.00,0.00,0.00,1504.37,0.00
,Cooling,General,0.00,0.00,0.00,0.00,0.00,0.00,0.00,0.00,0.00,0.00,5.83,0.00,0.00
,Interior Lighting,General,0.00,0.00,0.00,0.00,0.00,0.00,0.00,0.00,0.00,0.00,0.00,0.00,0.00
,Exterior Lighting,General,0.00,0.00,0.00,0.00,0.00,0.00,0.00,0.00,0.00,0.00,0.00,0.00,0.00
,Interior Equipment,General,0.00,0.00,0.00,0.00,0.00,0.00,0.00,0.00,0.00,0.00,0.00,0.00,0.00
,Exterior Equipment,General,0.00,0.00,0.00,0.00,0.00,0.00,0.00,0.00,0.00,0.00,0.00,0.00,0.00
,Fans,General,0.00,0.00,0.00,0.00,0.00,0.00,0.00,0.00,0.00,0.00,0.00,0.00,0.00
,Pumps,General,1.08,0.00,0.00,0.00,0.00,0.00,0.00,0.00,0.00,0.00,0.00,0.00,0.00
,Heat Rejection,General,0.00,0.00,0.00,0.00,0.00,0.00,0.00,0.00,0.00,0.00,0.00,0.00,0.00
,Humidification,General,0.00,0.00,0.00,0.00,0.00,0.00,0.00,0.00,0.00,0.00,0.00,0.00,0.00
,Heat Recovery,General,0.00,0.00,0.00,0.00,0.00,0.00,0.00,0.00,0.00,0.00,0.00,0.00,0.00
,Water Systems,General,0.00,0.00,0.00,0.00,0.00,0.00,0.00,0.00,0.00,0.00,0.00,0.00,0.00
,Refrigeration,General,0.00,0.00,0.00,0.00,0.00,0.00,0.00,0.00,0.00,0.00,0.00,0.00,0.00
,Generators,General,0.00,0.00,0.00,0.00,0.00,0.00,0.00,0.00,0.00,0.00,0.00,0.00,0.00


Normalized Metrics
Utility Use Per Conditioned Floor Area

,,Electricity Intensity [kWh/m2],Natural Gas Intensity [kWh/m2],Gasoline Intensity [kWh/m2],Diesel Intensity [kWh/m2],Coal Intensity [kWh/m2],Fuel Oil No 1 Intensity [kWh/m2],Fuel Oil No 2 Intensity [kWh/m2],Propane Intensity [kWh/m2],Other Fuel 1 Intensity [kWh/m2],Other Fuel 2 Intensity [kWh/m2],District Cooling Intensity [kWh/m2],District Heating Intensity [kWh/m2],Water Intensity [m3/m2]
,Lighting,0.00,0.00,0.00,0.00,0.00,0.00,0.00,0.00,0.00,0.00,0.00,0.00,0.00
,HVAC,0.00,0.00,0.00,0.00,0.00,0.00,0.00,0.00,0.00,0.00,0.02,4.19,0.00
,Other,0.00,0.00,0.00,0.00,0.00,0.00,0.00,0.00,0.00,0.00,0.00,0.00,0.00
,Total,0.00,0.00,0.00,0.00,0.00,0.00,0.00,0.00,0.00,0.00,0.02,4.19,0.00


Utility Use Per Total Floor Area

,,Electricity Intensity [kWh/m2],Natural Gas Intensity [kWh/m2],Gasoline Intensity [kWh/m2],Diesel Intensity [kWh/m2],Coal Intensity [kWh/m2],Fuel Oil No 1 Intensity [kWh/m2],Fuel Oil No 2 Intensity [kWh/m2],Propane Intensity [kWh/m2],Other Fuel 1 Intensity [kWh/m2],Other Fuel 2 Intensity [kWh/m2],District Cooling Intensity [kWh/m2],District Heating Intensity [kWh/m2],Water Intensity [m3/m2]
,Lighting,0.00,0.00,0.00,0.00,0.00,0.00,0.00,0.00,0.00,0.00,0.00,0.00,0.00
,HVAC,0.00,0.00,0.00,0.00,0.00,0.00,0.00,0.00,0.00,0.00,0.02,4.19,0.00
,Other,0.00,0.00,0.00,0.00,0.00,0.00,0.00,0.00,0.00,0.00,0.00,0.00,0.00
,Total,0.00,0.00,0.00,0.00,0.00,0.00,0.00,0.00,0.00,0.00,0.02,4.19,0.00


Electric Loads Satisfied

,,Electricity [kWh],Percent Electricity [%]
,Fuel-Fired Power Generation,0.000,0.00
,High Temperature Geothermal*,0.000,0.00
,Photovoltaic Power,0.000,0.00
,Wind Power,0.000,0.00
,Power Conversion,0.000,0.00
,Net Decrease in On-Site Storage,0.000,0.00
,Total On-Site Electric Sources,0.000,0.00
,,,
,Electricity Coming From Utility,1.082,100.00
,Surplus Electricity Going To Utility,0.000,0.00
,Net Electricity From Utility,1.082,100.00
,,,
,Total On-Site and Utility Electric Sources,1.082,100.00
,Total Electricity End Uses,1.082,100.00


On-Site Thermal Sources

,,Heat [kWh],Percent Heat [%]
,Water-Side Heat Recovery,0.00,
,Air to Air Heat Recovery for Cooling,0.00,
,Air to Air Heat Recovery for Heating,0.00,
,High-Temperature Geothermal*,0.00,
,Solar Water Thermal,0.00,
,Solar Air Thermal,0.00,
,Total On-Site Thermal Sources,0.00,


Water Source Summary

,,Water [m3],Percent Water [%]
,Rainwater Collection,0.00,-
,Condensate Collection,0.00,-
,Groundwater Well,0.00,-
,Total On Site Water Sources,0.00,-
,-,-,-
,Initial Storage,0.00,-
,Final Storage,0.00,-
,Change in Storage,0.00,-
,-,-,-
,Water Supplied by Utility,0.00,-
,-,-,-
,Total On Site, Change in Storage, and Utility Water Sources,0.00,-
,Total Water End Uses,0.00,-


Setpoint Not Met Criteria

,,Degrees [deltaC]
,Tolerance for Zone Heating Setpoint Not Met Time,0.20
,Tolerance for Zone Cooling Setpoint Not Met Time,0.20


Comfort and Setpoint Not Met Summary

,,Facility [Hours]
,Time Setpoint Not Met During Occupied Heating,0.00
,Time Setpoint Not Met During Occupied Cooling,0.00
,Time Not Comfortable Based on Simple ASHRAE 55-2004,0.00


Note 1: An asterisk (*) indicates that the feature is not yet implemented.
----------------------------------------------------------------------------------------------------
REPORT:,Input Verification and Results Summary
FOR:,Entire Facility
General

,,Value
,Program Version and Build,EnergyPlus, Version 9.5.0-de239b2e5f, YMD=2025.10.08 11:01
,RunPeriod,DEFAULTRUNPERIOD
,Weather File,ClimateZone0 ZH CHE ISD-TMYx WMO#=066700
,Latitude [deg],47.48
,Longitude [deg],8.54
,Elevation [m],427.00
,Time Zone,1.00
,North Axis Angle [deg],0.00
,Rotation for Appendix G [deg],0.00
,Hours Simulated [hrs],312.00


ENVELOPE
Window-Wall Ratio

,,Total,North (315 to 45 deg),East (45 to 135 deg),South (135 to 225 deg),West (225 to 315 deg)
,Gross Wall Area [m2],956.27,224.40,253.75,224.40,253.72
,Above Ground Wall Area [m2],956.27,224.40,253.75,224.40,253.72
,Window Opening Area [m2],40.72,9.50,10.86,9.51,10.85
,Gross Window-Wall Ratio [%],4.26,4.23,4.28,4.24,4.28
,Above Ground Window-Wall Ratio [%],4.26,4.23,4.28,4.24,4.28


Conditioned Window-Wall Ratio

,,Total,North (315 to 45 deg),East (45 to 135 deg),South (135 to 225 deg),West (225 to 315 deg)
,Gross Wall Area [m2],956.27,224.40,253.75,224.40,253.72
,Above Ground Wall Area [m2],956.27,224.40,253.75,224.40,253.72
,Window Opening Area [m2],40.72,9.50,10.86,9.51,10.85
,Gross Window-Wall Ratio [%],4.26,4.23,4.28,4.24,4.28
,Above Ground Window-Wall Ratio [%],4.26,4.23,4.28,4.24,4.28


Skylight-Roof Ratio

,,Total
,Gross Roof Area [m2],179.36
,Skylight Area [m2],0.00
,Skylight-Roof Ratio [%],0.00


PERFORMANCE
Zone Summary

,,Area [m2],Conditioned (Y/N),Part of Total Floor Area (Y/N),Volume [m3],Multipliers,Above Ground Gross Wall Area [m2],Underground Gross Wall Area [m2],Window Glass Area [m2],Opening Area [m2],Lighting [W/m2],People [m2 per person],Plug and Process [W/m2]
,ZONEFLOOR0,33.24,Yes,Yes,89.74,1.00,103.84,0.00,5.03,5.43,2.7416,50.00,15.7333
,ZONEFLOOR1,25.72,Yes,Yes,69.44,1.00,92.45,0.00,4.39,4.75,2.7416,50.00,15.7333
,ZONEFLOOR2,33.20,Yes,Yes,89.65,1.00,103.85,0.00,5.03,5.43,0.0000,,0.0000
,ZONEFLOOR3,25.70,Yes,Yes,69.39,1.00,92.40,0.00,4.39,4.75,0.0000,,0.0000
,ZONEFLOOR4,61.50,Yes,Yes,166.06,1.00,85.60,0.00,0.00,0.00,0.0000,,0.0000
,ZONEFLOOR5,33.24,Yes,Yes,89.74,1.00,103.84,0.00,5.03,5.43,0.0000,,0.0000
,ZONEFLOOR6,25.72,Yes,Yes,69.44,1.00,92.45,0.00,4.39,4.75,0.0000,,0.0000
,ZONEFLOOR7,33.20,Yes,Yes,89.65,1.00,103.85,0.00,5.03,5.43,0.0000,,0.0000
,ZONEFLOOR8,25.70,Yes,Yes,69.39,1.00,92.40,0.00,4.39,4.75,0.0000,,0.0000
,ZONEFLOOR9,61.50,Yes,Yes,166.06,1.00,85.60,0.00,0.00,0.00,0.0000,,0.0000
,Total,358.73,,,968.57,,956.27,0.00,37.69,40.72,0.4506,304.23,2.5857
,Conditioned Total,358.73,,,968.57,,956.27,0.00,37.69,40.72,0.4506,304.23,2.5857
,Unconditioned Total,0.00,,,0.00,,0.00,0.00,0.00,0.00,,,
,Not Part of Total,0.00,,,0.00,,0.00,0.00,0.00,0.00,,,


----------------------------------------------------------------------------------------------------
REPORT:,Demand End Use Components Summary
FOR:,Entire Facility
End Uses

,,Electricity [W],Natural Gas [W],Gasoline [W],Diesel [W],Coal [W],Fuel Oil No 1 [W],Fuel Oil No 2 [W],Propane [W],Other Fuel 1 [W],Other Fuel 2 [W],District Cooling [W],District Heating [W],Water [m3/s]
,Time of Peak,03-JAN-00:30,-,-,-,-,-,-,-,-,-,03-JAN-13:15,05-JAN-00:30,-
,Heating,0.00,0.00,0.00,0.00,0.00,0.00,0.00,0.00,0.00,0.00,0.00,11638.75,0.00
,Cooling,0.00,0.00,0.00,0.00,0.00,0.00,0.00,0.00,0.00,0.00,826.71,0.00,0.00
,Interior Lighting,0.00,0.00,0.00,0.00,0.00,0.00,0.00,0.00,0.00,0.00,0.00,0.00,0.00
,Exterior Lighting,0.00,0.00,0.00,0.00,0.00,0.00,0.00,0.00,0.00,0.00,0.00,0.00,0.00
,Interior Equipment,0.00,0.00,0.00,0.00,0.00,0.00,0.00,0.00,0.00,0.00,0.00,0.00,0.00
,Exterior Equipment,0.00,0.00,0.00,0.00,0.00,0.00,0.00,0.00,0.00,0.00,0.00,0.00,0.00
,Fans,0.00,0.00,0.00,0.00,0.00,0.00,0.00,0.00,0.00,0.00,0.00,0.00,0.00
,Pumps,7.88,0.00,0.00,0.00,0.00,0.00,0.00,0.00,0.00,0.00,0.00,0.00,0.00
,Heat Rejection,0.00,0.00,0.00,0.00,0.00,0.00,0.00,0.00,0.00,0.00,0.00,0.00,0.00
,Humidification,0.00,0.00,0.00,0.00,0.00,0.00,0.00,0.00,0.00,0.00,0.00,0.00,0.00
,Heat Recovery,0.00,0.00,0.00,0.00,0.00,0.00,0.00,0.00,0.00,0.00,0.00,0.00,0.00
,Water Systems,0.00,0.00,0.00,0.00,0.00,0.00,0.00,0.00,0.00,0.00,0.00,0.00,0.00
,Refrigeration,0.00,0.00,0.00,0.00,0.00,0.00,0.00,0.00,0.00,0.00,0.00,0.00,0.00
,Generators,0.00,0.00,0.00,0.00,0.00,0.00,0.00,0.00,0.00,0.00,0.00,0.00,0.00
,,,,,,,,,,,,,,
,Total End Uses,7.88,0.00,0.00,0.00,0.00,0.00,0.00,0.00,0.00,0.00,826.71,11638.75,0.00


End Uses By Subcategory

,,Subcategory,Electricity [W],Natural Gas [W],Gasoline [W],Diesel [W],Coal [W],Fuel Oil No 1 [W],Fuel Oil No 2 [W],Propane [W],Other Fuel 1 [W],Other Fuel 2 [W],District Cooling [W],District Heating [W],Water [m3/s]
,Heating,General,0.00,0.00,0.00,0.00,0.00,0.00,0.00,0.00,0.00,0.00,0.00,11638.75,0.00
,Cooling,General,0.00,0.00,0.00,0.00,0.00,0.00,0.00,0.00,0.00,0.00,826.71,0.00,0.00
,Interior Lighting,General,0.00,0.00,0.00,0.00,0.00,0.00,0.00,0.00,0.00,0.00,0.00,0.00,0.00
,Exterior Lighting,General,0.00,0.00,0.00,0.00,0.00,0.00,0.00,0.00,0.00,0.00,0.00,0.00,0.00
,Interior Equipment,General,0.00,0.00,0.00,0.00,0.00,0.00,0.00,0.00,0.00,0.00,0.00,0.00,0.00
,Exterior Equipment,General,0.00,0.00,0.00,0.00,0.00,0.00,0.00,0.00,0.00,0.00,0.00,0.00,0.00
,Fans,General,0.00,0.00,0.00,0.00,0.00,0.00,0.00,0.00,0.00,0.00,0.00,0.00,0.00
,Pumps,General,7.88,0.00,0.00,0.00,0.00,0.00,0.00,0.00,0.00,0.00,0.00,0.00,0.00
,Heat Rejection,General,0.00,0.00,0.00,0.00,0.00,0.00,0.00,0.00,0.00,0.00,0.00,0.00,0.00
,Humidification,General,0.00,0.00,0.00,0.00,0.00,0.00,0.00,0.00,0.00,0.00,0.00,0.00,0.00
,Heat Recovery,General,0.00,0.00,0.00,0.00,0.00,0.00,0.00,0.00,0.00,0.00,0.00,0.00,0.00
,Water Systems,General,0.00,0.00,0.00,0.00,0.00,0.00,0.00,0.00,0.00,0.00,0.00,0.00,0.00
,Refrigeration,General,0.00,0.00,0.00,0.00,0.00,0.00,0.00,0.00,0.00,0.00,0.00,0.00,0.00
,Generators,General,0.00,0.00,0.00,0.00,0.00,0.00,0.00,0.00,0.00,0.00,0.00,0.00,0.00


----------------------------------------------------------------------------------------------------
REPORT:,Source Energy End Use Components Summary
FOR:,Entire Facility
Values gathered over       312.00 hours
WARNING: THE REPORT DOES NOT REPRESENT A FULL ANNUAL SIMULATION.

Source Energy End Use Components Summary

,,Source Electricity [kWh],Source Natural Gas [kWh],Source Gasoline [kWh],Source Diesel [kWh],Source Coal [kWh],Source Fuel Oil No 1 [kWh],Source Fuel Oil No 2 [kWh],Source Propane [kWh],Source Other Fuel 1 [kWh],Source Other Fuel 2 [kWh],Source District Cooling [kWh],Source District Heating [kWh]
,Heating,0.00,0.00,0.00,0.00,0.00,0.00,0.00,0.00,0.00,0.00,0.00,5435.78
,Cooling,0.00,0.00,0.00,0.00,0.00,0.00,0.00,0.00,0.00,0.00,6.15,0.00
,Interior Lighting,0.00,0.00,0.00,0.00,0.00,0.00,0.00,0.00,0.00,0.00,0.00,0.00
,Exterior Lighting,0.00,0.00,0.00,0.00,0.00,0.00,0.00,0.00,0.00,0.00,0.00,0.00
,Interior Equipment,0.00,0.00,0.00,0.00,0.00,0.00,0.00,0.00,0.00,0.00,0.00,0.00
,Exterior Equipment,0.00,0.00,0.00,0.00,0.00,0.00,0.00,0.00,0.00,0.00,0.00,0.00
,Fans,0.00,0.00,0.00,0.00,0.00,0.00,0.00,0.00,0.00,0.00,0.00,0.00
,Pumps,3.43,0.00,0.00,0.00,0.00,0.00,0.00,0.00,0.00,0.00,0.00,0.00
,Heat Rejection,0.00,0.00,0.00,0.00,0.00,0.00,0.00,0.00,0.00,0.00,0.00,0.00
,Humidification,0.00,0.00,0.00,0.00,0.00,0.00,0.00,0.00,0.00,0.00,0.00,0.00
,Heat Recovery,0.00,0.00,0.00,0.00,0.00,0.00,0.00,0.00,0.00,0.00,0.00,0.00
,Water Systems,0.00,0.00,0.00,0.00,0.00,0.00,0.00,0.00,0.00,0.00,0.00,0.00
,Refrigeration,0.00,0.00,0.00,0.00,0.00,0.00,0.00,0.00,0.00,0.00,0.00,0.00
,Generators,0.00,0.00,0.00,0.00,0.00,0.00,0.00,0.00,0.00,0.00,0.00,0.00
,,,,,,,,,,,,,
,Total Source Energy End Use Components,3.43,0.00,0.00,0.00,0.00,0.00,0.00,0.00,0.00,0.00,6.15,5435.78


Normalized Metrics
Source Energy End Use Components Per Conditioned Floor Area

,,Source Electricity [kWh/m2],Source Natural Gas [kWh/m2],Source Gasoline [kWh/m2],Source Diesel [kWh/m2],Source Coal [kWh/m2],Source Fuel Oil No 1 [kWh/m2],Source Fuel Oil No 2 [kWh/m2],Source Propane [kWh/m2],Source Other Fuel 1 [kWh/m2],Source Other Fuel 2 [kWh/m2],Source District Cooling [kWh/m2],Source District Heating [kWh/m2]
,Heating,0.00,0.00,0.00,0.00,0.00,0.00,0.00,0.00,0.00,0.00,0.00,15.15
,Cooling,0.00,0.00,0.00,0.00,0.00,0.00,0.00,0.00,0.00,0.00,0.02,0.00
,Interior Lighting,0.00,0.00,0.00,0.00,0.00,0.00,0.00,0.00,0.00,0.00,0.00,0.00
,Exterior Lighting,0.00,0.00,0.00,0.00,0.00,0.00,0.00,0.00,0.00,0.00,0.00,0.00
,Interior Equipment,0.00,0.00,0.00,0.00,0.00,0.00,0.00,0.00,0.00,0.00,0.00,0.00
,Exterior Equipment,0.00,0.00,0.00,0.00,0.00,0.00,0.00,0.00,0.00,0.00,0.00,0.00
,Fans,0.00,0.00,0.00,0.00,0.00,0.00,0.00,0.00,0.00,0.00,0.00,0.00
,Pumps,0.01,0.00,0.00,0.00,0.00,0.00,0.00,0.00,0.00,0.00,0.00,0.00
,Heat Rejection,0.00,0.00,0.00,0.00,0.00,0.00,0.00,0.00,0.00,0.00,0.00,0.00
,Humidification,0.00,0.00,0.00,0.00,0.00,0.00,0.00,0.00,0.00,0.00,0.00,0.00
,Heat Recovery,0.00,0.00,0.00,0.00,0.00,0.00,0.00,0.00,0.00,0.00,0.00,0.00
,Water Systems,0.00,0.00,0.00,0.00,0.00,0.00,0.00,0.00,0.00,0.00,0.00,0.00
,Refrigeration,0.00,0.00,0.00,0.00,0.00,0.00,0.00,0.00,0.00,0.00,0.00,0.00
,Generators,0.00,0.00,0.00,0.00,0.00,0.00,0.00,0.00,0.00,0.00,0.00,0.00
,,,,,,,,,,,,,
,Total Source Energy End Use Components,0.01,0.00,0.00,0.00,0.00,0.00,0.00,0.00,0.00,0.00,0.02,15.15


Source Energy End Use Components Per Total Floor Area

,,Source Electricity [kWh/m2],Source Natural Gas [kWh/m2],Source Gasoline [kWh/m2],Source Diesel [kWh/m2],Source Coal [kWh/m2],Source Fuel Oil No 1 [kWh/m2],Source Fuel Oil No 2 [kWh/m2],Source Propane [kWh/m2],Source Other Fuel 1 [kWh/m2],Source Other Fuel 2 [kWh/m2],Source District Cooling [kWh/m2],Source District Heating [kWh/m2]
,Heating,0.00,0.00,0.00,0.00,0.00,0.00,0.00,0.00,0.00,0.00,0.00,15.15
,Cooling,0.00,0.00,0.00,0.00,0.00,0.00,0.00,0.00,0.00,0.00,0.02,0.00
,Interior Lighting,0.00,0.00,0.00,0.00,0.00,0.00,0.00,0.00,0.00,0.00,0.00,0.00
,Exterior Lighting,0.00,0.00,0.00,0.00,0.00,0.00,0.00,0.00,0.00,0.00,0.00,0.00
,Interior Equipment,0.00,0.00,0.00,0.00,0.00,0.00,0.00,0.00,0.00,0.00,0.00,0.00
,Exterior Equipment,0.00,0.00,0.00,0.00,0.00,0.00,0.00,0.00,0.00,0.00,0.00,0.00
,Fans,0.00,0.00,0.00,0.00,0.00,0.00,0.00,0.00,0.00,0.00,0.00,0.00
,Pumps,0.01,0.00,0.00,0.00,0.00,0.00,0.00,0.00,0.00,0.00,0.00,0.00
,Heat Rejection,0.00,0.00,0.00,0.00,0.00,0.00,0.00,0.00,0.00,0.00,0.00,0.00
,Humidification,0.00,0.00,0.00,0.00,0.00,0.00,0.00,0.00,0.00,0.00,0.00,0.00
,Heat Recovery,0.00,0.00,0.00,0.00,0.00,0.00,0.00,0.00,0.00,0.00,0.00,0.00
,Water Systems,0.00,0.00,0.00,0.00,0.00,0.00,0.00,0.00,0.00,0.00,0.00,0.00
,Refrigeration,0.00,0.00,0.00,0.00,0.00,0.00,0.00,0.00,0.00,0.00,0.00,0.00
,Generators,0.00,0.00,0.00,0.00,0.00,0.00,0.00,0.00,0.00,0.00,0.00,0.00
,,,,,,,,,,,,,
,Total Source Energy End Use Components,0.01,0.00,0.00,0.00,0.00,0.00,0.00,0.00,0.00,0.00,0.02,15.15


----------------------------------------------------------------------------------------------------
REPORT:,Component Sizing Summary
FOR:,Entire Facility
ZoneHVAC:LowTemperatureRadiant:VariableFlow

,,Design Size Heating Design Capacity [W],Design Size Maximum Hot Water Flow [m3/s],User-Specified Cooling Design Capacity [W],Design Size Hydronic Tubing Length [m],User-Specified Heating Design Capacity [W],Design Size Cooling Design Capacity [W],Design Size Maximum Cold Water Flow [m3/s],User-Specified Maximum Cold Water Flow [m3/s]
,ZONEFLOOR0 RADIANT H SURFACE,1903.99,0.000046,0.000000,332.38,,,,
,ZONEFLOOR0 RADIANT C SURFACE,,,,110.96,0.000000,1198.04,0.000029,0.000250
,ZONEFLOOR1 RADIANT H SURFACE,1556.07,0.000038,0.000000,257.18,,,,
,ZONEFLOOR1 RADIANT C SURFACE,,,,96.78,0.000000,1030.05,0.000025,0.000250
,ZONEFLOOR2 RADIANT H SURFACE,1225.95,0.000030,0.000000,332.03,,,,
,ZONEFLOOR2 RADIANT C SURFACE,,,,110.94,0.000000,2011.71,0.000048,0.000250
,ZONEFLOOR3 RADIANT H SURFACE,1125.27,0.000027,0.000000,257.01,,,,
,ZONEFLOOR3 RADIANT C SURFACE,,,,96.72,0.000000,660.21,0.000016,0.000250
,ZONEFLOOR4 RADIANT H SURFACE,319.84,0.000008,0.000000,615.04,,,,
,ZONEFLOOR4 RADIANT C SURFACE,,,,76.73,0.000000,0.000000,,
,ZONEFLOOR5 RADIANT H SURFACE,1337.85,0.000033,0.000000,332.38,,,,
,ZONEFLOOR5 RADIANT C SURFACE,,,,110.96,0.000000,1686.64,0.000040,0.000250
,ZONEFLOOR6 RADIANT H SURFACE,1112.88,0.000027,0.000000,257.18,,,,
,ZONEFLOOR6 RADIANT C SURFACE,,,,96.78,0.000000,1319.48,0.000031,0.000250
,ZONEFLOOR7 RADIANT H SURFACE,1270.59,0.000031,0.000000,332.03,,,,
,ZONEFLOOR7 RADIANT C SURFACE,,,,110.94,0.000000,2244.75,0.000053,0.000250
,ZONEFLOOR8 RADIANT H SURFACE,1170.55,0.000028,0.000000,257.01,,,,
,ZONEFLOOR8 RADIANT C SURFACE,,,,96.72,0.000000,843.48,0.000020,0.000250
,ZONEFLOOR9 RADIANT H SURFACE,350.62,0.000009,0.000000,615.04,,,,
,ZONEFLOOR9 RADIANT C SURFACE,,,,76.73,0.000000,0.000000,,
User-Specified values were used. Design Size values were used if no User-Specified values were provided.


PlantLoop

,,Maximum Loop Flow Rate [m3/s],Plant Loop Volume [m3]
,HW-PLNT,0.000276,0.033170
,CW-PLNT,0.002500,0.300000
User-Specified values were used. Design Size values were used if no User-Specified values were provided.


Pump:VariableSpeed

,,Design Flow Rate [m3/s],Design Power Consumption [W]
,HW-PLNT SUPPLY PUMP,0.000276,7.88
,CW-PLNT SUPPLY PUMP,0.002500,71.23
User-Specified values were used. Design Size values were used if no User-Specified values were provided.


DistrictHeating

,,Design Size Nominal Capacity [W]
,DISTRICT HEATING,11602.50
User-Specified values were used. Design Size values were used if no User-Specified values were provided.


DistrictCooling

,,Design Size Nominal Capacity [W]
,DISTRICT COOLING,104937.55
User-Specified values were used. Design Size values were used if no User-Specified values were provided.


----------------------------------------------------------------------------------------------------
REPORT:,Surface Shadowing Summary
FOR:,Entire Facility
Surfaces (Walls, Roofs, etc) that may be Shadowed by Other Surfaces

,,None


Subsurfaces (Windows and Doors) that may be Shadowed by Surfaces

,,Possible Shadow Receivers
,ZONEFLOOR0_WALL_0,ZONEFLOOR0_WALL_0_WIN |
,ZONEFLOOR1_WALL_0,ZONEFLOOR1_WALL_0_WIN |
,ZONEFLOOR2_WALL_0,ZONEFLOOR2_WALL_0_WIN |
,ZONEFLOOR3_WALL_0,ZONEFLOOR3_WALL_0_WIN |
,ZONEFLOOR5_WALL_0,ZONEFLOOR5_WALL_0_WIN |
,ZONEFLOOR6_WALL_0,ZONEFLOOR6_WALL_0_WIN |
,ZONEFLOOR7_WALL_0,ZONEFLOOR7_WALL_0_WIN |
,ZONEFLOOR8_WALL_0,ZONEFLOOR8_WALL_0_WIN |


----------------------------------------------------------------------------------------------------
REPORT:,Adaptive Comfort Summary
FOR:,Entire Facility
Time Not Meeting the Adaptive Comfort Models during Occupied Hours

,,ASHRAE55 90% Acceptability Limits [Hours],ASHRAE55 80% Acceptability Limits  [Hours],CEN15251 Category I Acceptability Limits [Hours],CEN15251 Category II Acceptability Limits [Hours],CEN15251 Category III Acceptability Limits [Hours]


----------------------------------------------------------------------------------------------------
REPORT:,Initialization Summary
FOR:,Entire Facility
Version

,,Version ID
,1,9.5.0


Timesteps per Hour

,,#TimeSteps,Minutes per TimeStep {minutes}
,1,4,15


System Convergence Limits

,,Minimum System TimeStep {minutes},Max HVAC Iterations,Minimum Plant Iterations,Maximum Plant Iterations
,1,2,25,2,8


Simulation Control

,,Do Zone Sizing,Do System Sizing,Do Plant Sizing,Do Design Days,Do Weather Simulation,Do HVAC Sizing Simulation
,1,Yes,Yes,Yes,No,Yes,No


Performance Precision Tradeoffs

,,Use Coil Direct Simulation,Zone Radiant Exchange Algorithm,Override Mode,Number of Timestep In Hour,Force Euler Method,Minimum Number of Warmup Days,Force Suppress All Begin Environment Resets,Minimum System Timestep,MaxZoneTempDiff,MaxAllowedDelTemp
,1,No,ScriptF,Normal,4,No,1,No,2.0,0.300,2.0000E-003


Output Reporting Tolerances

,,Tolerance for Time Heating Setpoint Not Met,Tolerance for Zone Cooling Setpoint Not Met Time
,1,0.200,0.200


Site:GroundTemperature:BuildingSurface

,,Jan{C},Feb{C},Mar{C},Apr{C},May{C},Jun{C},Jul{C},Aug{C},Sep{C},Oct{C},Nov{C},Dec{C}
,1,18.00,18.00,18.00,18.00,18.00,18.00,18.00,18.00,18.00,18.00,18.00,18.00


Site:GroundTemperature:FCfactorMethod

,,Jan{C},Feb{C},Mar{C},Apr{C},May{C},Jun{C},Jul{C},Aug{C},Sep{C},Oct{C},Nov{C},Dec{C}
,1,1.60,0.70,2.30,4.80,11.20,16.20,19.60,20.60,18.90,15.00,9.80,5.00


Site:GroundTemperature:Shallow

,,Jan{C},Feb{C},Mar{C},Apr{C},May{C},Jun{C},Jul{C},Aug{C},Sep{C},Oct{C},Nov{C},Dec{C}
,1,14.00,14.00,14.00,14.00,14.00,14.00,14.00,14.00,14.00,14.00,14.00,14.00


Site:GroundTemperature:Deep

,,Jan{C},Feb{C},Mar{C},Apr{C},May{C},Jun{C},Jul{C},Aug{C},Sep{C},Oct{C},Nov{C},Dec{C}
,1,14.00,14.00,14.00,14.00,14.00,14.00,14.00,14.00,14.00,14.00,14.00,14.00


Site:GroundReflectance

,,Jan{dimensionless},Feb{dimensionless},Mar{dimensionless},Apr{dimensionless},May{dimensionless},Jun{dimensionless},Jul{dimensionless},Aug{dimensionless},Sep{dimensionless},Oct{dimensionless},Nov{dimensionless},Dec{dimensionless}
,1,0.20,0.20,0.20,0.20,0.20,0.20,0.20,0.20,0.20,0.20,0.20,0.20


Site:GroundReflectance:SnowModifier

,,Normal,Daylighting {dimensionless}
,1,1.000,1.000


Site:GroundReflectance:Snow

,,Jan{dimensionless},Feb{dimensionless},Mar{dimensionless},Apr{dimensionless},May{dimensionless},Jun{dimensionless},Jul{dimensionless},Aug{dimensionless},Sep{dimensionless},Oct{dimensionless},Nov{dimensionless},Dec{dimensionless}
,1,0.20,0.20,0.20,0.20,0.20,0.20,0.20,0.20,0.20,0.20,0.20,0.20


Site:GroundReflectance:Snow:Daylighting

,,Jan{dimensionless},Feb{dimensionless},Mar{dimensionless},Apr{dimensionless},May{dimensionless},Jun{dimensionless},Jul{dimensionless},Aug{dimensionless},Sep{dimensionless},Oct{dimensionless},Nov{dimensionless},Dec{dimensionless}
,1,0.20,0.20,0.20,0.20,0.20,0.20,0.20,0.20,0.20,0.20,0.20,0.20


Environment:Weather Station

,,Wind Sensor Height Above Ground {m},Wind Speed Profile Exponent {},Wind Speed Profile Boundary Layer Thickness {m},Air Temperature Sensor Height Above Ground {m},Wind Speed Modifier Coefficient-Internal,Temperature Modifier Coefficient-Internal
,1,10.000,0.140,270.000,1.500,1.586,9.750E-003


Site:Location

,,Location Name,Latitude {N+/S- Deg},Longitude {E+/W- Deg},Time Zone Number {GMT+/-},Elevation {m},Standard Pressure at Elevation {Pa},Standard RhoAir at Elevation
,1,ClimateZone0 ZH CHE ISD-TMYx WMO#=066700,47.48,8.54,1.00,427.00,96299,1.1446


Site Water Mains Temperature Information

,,Calculation Method{},Water Mains Temperature Schedule Name{},Annual Average Outdoor Air Temperature{C},Maximum Difference In Monthly Average Outdoor Air Temperatures{deltaC},Fixed Default Water Mains Temperature{C}
,1,FixedDefault,NA,NA,NA,10.0


Building Information

,,Building Name,North Axis {deg},Terrain,Loads Convergence Tolerance Value,Temperature Convergence Tolerance Value,Solar Distribution,Maximum Number of Warmup Days,Minimum Number of Warmup Days
,1,Building,0.000,Suburbs,4.00000E-002,0.40000,FullExterior,25,1


Inside Convection Algorithm

,,Algorithm {Simple
,,TARP
,,CeilingDiffuser
,,AdaptiveConvectionAlgorithm}
,1,TARP


Outside Convection Algorithm

,,Algorithm {SimpleCombined
,,TARP
,,MoWitt
,,DOE-2
,,AdaptiveConvectionAlgorithm}
,1,DOE-2


Sky Radiance Distribution

,,Value {Anisotropic}
,1,Anisotropic


Zone Air Solution Algorithm

,,Value {ThirdOrderBackwardDifference
,,AnalyticalSolution
,,EulerMethod}
,1,AnalyticalSolution


Zone Air Carbon Dioxide Balance Simulation

,,Simulation {Yes/No},Carbon Dioxide Concentration
,1,No,N/A


Zone Air Generic Contaminant Balance Simulation

,,Simulation {Yes/No},Generic Contaminant Concentration
,1,No,N/A


Zone Air Mass Flow Balance Simulation

,,Enforce Mass Balance,Adjust Zone Mixing and Return {AdjustMixingOnly,Adjust Zone Infiltration {AddInfiltration,Infiltration Zones {MixingSourceZonesOnly
,,,AdjustReturnOnly,AdjustInfiltration,AllZones}
,,,AdjustMixingThenReturn,None},
,,,AdjustReturnThenMixing,,
,,,None},,
,1,No,N/A,N/A,N/A


HVACSystemRootFindingAlgorithm

,,Value {RegulaFalsi
,,Bisection
,,BisectionThenRegulaFalsi
,,RegulaFalsiThenBisection}
,1,RegulaFalsi


Environment:Site Atmospheric Variation

,,Wind Speed Profile Exponent {},Wind Speed Profile Boundary Layer Thickness {m},Air Temperature Gradient Coefficient {K/m}
,1,0.220,370.000,6.500000E-003


Surface Geometry

,,Starting Corner,Vertex Input Direction,Coordinate System,Daylight Reference Point Coordinate System,Rectangular (Simple) Surface Coordinate System
,1,LowerLeftCorner,Counterclockwise,RelativeCoordinateSystem,RelativeCoordinateSystem,RelativeToZoneOrigin


Surface Heat Transfer Algorithm

,,Value {CTF - ConductionTransferFunction,Inside Surface Max Temperature Limit{C},Surface Convection Coefficient Lower Limit {W/m2-K},Surface Convection Coefficient Upper Limit {W/m2-K}
,,EMPD - MoisturePenetrationDepthConductionTransferFunction,,,
,,CondFD - ConductionFiniteDifference,,,
,,HAMT - CombinedHeatAndMoistureFiniteElement} - Description,,,
,1,CTF - ConductionTransferFunction,200,0.10,1000.0


Shading Summary

,,Number of Fixed Detached Shades,Number of Building Detached Shades,Number of Attached Shades
,1,0,0,0


Zone Summary

,,Number of Zones,Number of Zone Surfaces,Number of SubSurfaces
,1,10,68,8


Zone Information

,,Zone Name,North Axis {deg},Origin X-Coordinate {m},Origin Y-Coordinate {m},Origin Z-Coordinate {m},Centroid X-Coordinate {m},Centroid Y-Coordinate {m},Centroid Z-Coordinate {m},Type,Zone Multiplier,Zone List Multiplier,Minimum X {m},Maximum X {m},Minimum Y {m},Maximum Y {m},Minimum Z {m},Maximum Z {m},Ceiling Height {m},Volume {m3},Zone Inside Convection Algorithm {Simple-Detailed-CeilingDiffuser-TrombeWall},Zone Outside Convection Algorithm {Simple-Detailed-Tarp-MoWitt-DOE-2-BLAST},Floor Area {m2},Exterior Gross Wall Area {m2},Exterior Net Wall Area {m2},Exterior Window Area {m2},Number of Surfaces,Number of SubSurfaces,Number of Shading SubSurfaces,Part of Total Building Area
,1,ZONEFLOOR0,0.0,0.00,0.00,0.00,2.50,-9.92,1.35,1,1,1,-0.17,6.56,-14.93,0.00,0.00,2.70,2.70,89.74,TARP,DOE-2,33.24,103.84,98.42,5.03,6,1,0,Yes
,2,ZONEFLOOR1,0.0,0.00,0.00,0.00,-2.41,-14.73,1.35,1,1,1,-6.76,6.56,-18.45,-11.72,0.00,2.70,2.70,69.44,TARP,DOE-2,25.72,92.45,87.70,4.39,6,1,0,Yes
,3,ZONEFLOOR2,0.0,0.00,0.00,0.00,-7.07,-8.52,1.35,1,1,1,-11.13,-4.41,-18.45,-3.52,0.00,2.70,2.70,89.65,TARP,DOE-2,33.20,103.85,98.42,5.03,6,1,0,Yes
,4,ZONEFLOOR3,0.0,0.00,0.00,0.00,-2.17,-3.71,1.35,1,1,1,-11.13,2.17,-6.73,0.00,0.00,2.70,2.70,69.39,TARP,DOE-2,25.70,92.40,87.65,4.39,6,1,0,Yes
,5,ZONEFLOOR4,0.0,0.00,0.00,0.00,-2.29,-9.22,1.35,1,1,1,-6.76,2.17,-14.93,-3.52,0.00,2.70,2.70,166.06,TARP,DOE-2,61.50,85.60,85.60,0.00,6,0,0,Yes
,6,ZONEFLOOR5,0.0,0.00,0.00,0.00,2.50,-9.92,4.05,1,1,1,-0.17,6.56,-14.93,0.00,2.70,5.40,2.70,89.74,TARP,DOE-2,33.24,103.84,98.42,5.03,6,1,0,Yes
,7,ZONEFLOOR6,0.0,0.00,0.00,0.00,-2.41,-14.73,4.05,1,1,1,-6.76,6.56,-18.45,-11.72,2.70,5.40,2.70,69.44,TARP,DOE-2,25.72,92.45,87.70,4.39,6,1,0,Yes
,8,ZONEFLOOR7,0.0,0.00,0.00,0.00,-7.07,-8.52,4.05,1,1,1,-11.13,-4.41,-18.45,-3.52,2.70,5.40,2.70,89.65,TARP,DOE-2,33.20,103.85,98.42,5.03,6,1,0,Yes
,9,ZONEFLOOR8,0.0,0.00,0.00,0.00,-2.17,-3.71,4.05,1,1,1,-11.13,2.17,-6.73,0.00,2.70,5.40,2.70,69.39,TARP,DOE-2,25.70,92.40,87.65,4.39,6,1,0,Yes
,10,ZONEFLOOR9,0.0,0.00,0.00,0.00,-2.29,-9.22,4.05,1,1,1,-6.76,2.17,-14.93,-3.52,2.70,5.40,2.70,166.06,TARP,DOE-2,61.50,85.60,85.60,0.00,6,0,0,Yes


Zone Internal Gains Nominal

,,Zone Name,Floor Area {m2},# Occupants,Area per Occupant {m2/person},Occupant per Area {person/m2},Interior Lighting {W/m2},Electric Load {W/m2},Gas Load {W/m2},Other Load {W/m2},Hot Water Eq {W/m2},Steam Equipment {W/m2},Sum Loads per Area {W/m2},Outdoor Controlled Baseboard Heat
,1,ZONEFLOOR0,33.24,0.7,50.000,2.000E-002,2.742,8.000,0.000,0.000,7.733,0.000,18.475,No
,2,ZONEFLOOR1,25.72,0.5,50.000,2.000E-002,2.742,8.000,0.000,0.000,7.733,0.000,18.475,No
,3,ZONEFLOOR2,33.20,0.0,N/A,0.000,0.000,0.000,0.000,0.000,0.000,0.000,0.000,No
,4,ZONEFLOOR3,25.70,0.0,N/A,0.000,0.000,0.000,0.000,0.000,0.000,0.000,0.000,No
,5,ZONEFLOOR4,61.50,0.0,N/A,0.000,0.000,0.000,0.000,0.000,0.000,0.000,0.000,No
,6,ZONEFLOOR5,33.24,0.0,N/A,0.000,0.000,0.000,0.000,0.000,0.000,0.000,0.000,No
,7,ZONEFLOOR6,25.72,0.0,N/A,0.000,0.000,0.000,0.000,0.000,0.000,0.000,0.000,No
,8,ZONEFLOOR7,33.20,0.0,N/A,0.000,0.000,0.000,0.000,0.000,0.000,0.000,0.000,No
,9,ZONEFLOOR8,25.70,0.0,N/A,0.000,0.000,0.000,0.000,0.000,0.000,0.000,0.000,No
,10,ZONEFLOOR9,61.50,0.0,N/A,0.000,0.000,0.000,0.000,0.000,0.000,0.000,0.000,No


People Internal Gains Nominal

,,Name,Schedule Name,Zone Name,Zone Floor Area {m2},# Zone Occupants,Number of People {},People/Floor Area {person/m2},Floor Area per person {m2/person},Fraction Radiant,Fraction Convected,Sensible Fraction Calculation,Activity level,ASHRAE 55 Warnings,Carbon Dioxide Generation Rate,Nominal Minimum Number of People,Nominal Maximum Number of People
,1,ZONEFLOOR0_PEOPLE,SFH_NOMINAL_OCCUPANCY_FRACTION_SCHEDULE,ZONEFLOOR0,33.24,0.7,0.7,2.000E-002,50.000,0.300,0.700,AutoCalculate,SFH_NOMINAL_ACTIVITY_SCHEDULE,No,3.8200E-008,0,0
,2,ZONEFLOOR1_PEOPLE,SFH_NOMINAL_OCCUPANCY_FRACTION_SCHEDULE,ZONEFLOOR1,25.72,0.5,0.5,2.000E-002,50.000,0.300,0.700,AutoCalculate,SFH_NOMINAL_ACTIVITY_SCHEDULE,No,3.8200E-008,0,0


Lights Internal Gains Nominal

,,Name,Schedule Name,Zone Name,Zone Floor Area {m2},# Zone Occupants,Lighting Level {W},Lights/Floor Area {W/m2},Lights per person {W/person},Fraction Return Air,Fraction Radiant,Fraction Short Wave,Fraction Convected,Fraction Replaceable,End-Use Category,Nominal Minimum Lighting Level {W},Nominal Maximum Lighting Level {W}
,1,ZONEFLOOR0_LIGHTS,SFH_NOMINAL_LIGHTING_FRACTION_SCHEDULE,ZONEFLOOR0,33.24,0.7,91.123,2.742,137.078,0.000,0.400,0.200,0.400,1.000,General,0.000,0.000
,2,ZONEFLOOR1_LIGHTS,SFH_NOMINAL_LIGHTING_FRACTION_SCHEDULE,ZONEFLOOR1,25.72,0.5,70.509,2.742,137.078,0.000,0.400,0.200,0.400,1.000,General,0.000,0.000


ElectricEquipment Internal Gains Nominal

,,Name,Schedule Name,Zone Name,Zone Floor Area {m2},# Zone Occupants,Equipment Level {W},Equipment/Floor Area {W/m2},Equipment per person {W/person},Fraction Latent,Fraction Radiant,Fraction Lost,Fraction Convected,End-Use SubCategory,Nominal Minimum Equipment Level {W},Nominal Maximum Equipment Level {W}
,1,ZONEFLOOR0_APPLIANCES,SFH_NOMINAL_ELECTRIC_APPLIANCES_FRACTION_SCHEDULE,ZONEFLOOR0,33.24,0.7,265.901,8.000,400.000,0.000,0.750,0.000,0.250,General,0.000,0.000
,2,ZONEFLOOR1_APPLIANCES,SFH_NOMINAL_ELECTRIC_APPLIANCES_FRACTION_SCHEDULE,ZONEFLOOR1,25.72,0.5,205.747,8.000,400.000,0.000,0.750,0.000,0.250,General,0.000,0.000


HotWaterEquipment Internal Gains Nominal

,,Name,Schedule Name,Zone Name,Zone Floor Area {m2},# Zone Occupants,Equipment Level {W},Equipment/Floor Area {W/m2},Equipment per person {W/person},Fraction Latent,Fraction Radiant,Fraction Lost,Fraction Convected,End-Use SubCategory,Nominal Minimum Equipment Level {W},Nominal Maximum Equipment Level {W}
,1,ZONEFLOOR0_DHW,SFH_NOMINAL_DHW_FRACTION_SCHEDULE,ZONEFLOOR0,33.24,0.7,257.038,7.733,386.667,0.000,0.000,1.000,0.000,General,0.000,0.000
,2,ZONEFLOOR1_DHW,SFH_NOMINAL_DHW_FRACTION_SCHEDULE,ZONEFLOOR1,25.72,0.5,198.889,7.733,386.667,0.000,0.000,1.000,0.000,General,0.000,0.000


Shadowing/Sun Position Calculations Annual Simulations

,,Shading Calculation Method,Shading Calculation Update Frequency Method,Shading Calculation Update Frequency {days},Maximum Figures in Shadow Overlap Calculations {},Polygon Clipping Algorithm,Pixel Counting Resolution,Sky Diffuse Modeling Algorithm,Output External Shading Calculation Results,Disable Self-Shading Within Shading Zone Groups,Disable Self-Shading From Shading Zone Groups to Other Zones
,1,PolygonClipping,Periodic,7,15000,SutherlandHodgman,512,SimpleSkyDiffuseModeling,No,No,No


ZoneInfiltration Airflow Stats Nominal

,,Name,Schedule Name,Zone Name,Zone Floor Area {m2},# Zone Occupants,Design Volume Flow Rate {m3/s},Volume Flow Rate/Floor Area {m3/s-m2},Volume Flow Rate/Exterior Surface Area {m3/s-m2},ACH - Air Changes per Hour,Equation A - Constant Term Coefficient {},Equation B - Temperature Term Coefficient {1/C},Equation C - Velocity Term Coefficient {s/m},Equation D - Velocity Squared Term Coefficient {s2/m2}
,1,ZONEFLOOR0_INFILTRATION,CONSTANT_1,ZONEFLOOR0,33.24,0.7,1.375E-002,4.138E-004,1.324E-004,0.552,1.000,0.000,0.000,0.000
,2,ZONEFLOOR1_INFILTRATION,CONSTANT_1,ZONEFLOOR1,25.72,0.5,1.064E-002,4.138E-004,1.151E-004,0.552,1.000,0.000,0.000,0.000


AirFlow Model

,,Simple
,1,Simple


RoomAir Model

,,Zone Name,Mixing/Mundt/UCSDDV/UCSDCV/UCSDUFI/UCSDUFE/User Defined
,1,ZONEFLOOR0,Mixing/Well-Stirred
,2,ZONEFLOOR1,Mixing/Well-Stirred
,3,ZONEFLOOR2,Mixing/Well-Stirred
,4,ZONEFLOOR3,Mixing/Well-Stirred
,5,ZONEFLOOR4,Mixing/Well-Stirred
,6,ZONEFLOOR5,Mixing/Well-Stirred
,7,ZONEFLOOR6,Mixing/Well-Stirred
,8,ZONEFLOOR7,Mixing/Well-Stirred
,9,ZONEFLOOR8,Mixing/Well-Stirred
,10,ZONEFLOOR9,Mixing/Well-Stirred


AirflowNetwork Model:Control

,,No Multizone or Distribution/Multizone with Distribution/Multizone without Distribution/Multizone with Distribution only during Fan Operation
,1,NoMultizoneOrDistribution


Zone Volume Capacitance Multiplier

,,Sensible Heat Capacity Multiplier,Moisture Capacity Multiplier,Carbon Dioxide Capacity Multiplier,Generic Contaminant Capacity Multiplier
,1,1.000,1.000,1.000,1.000


Load Timesteps in Zone Design Calculation Averaging Window

,,Value
,1,4


Heating Sizing Factor Information

,,Sizing Factor ID,Value
,1,Global,1.0000
,2,Zone ZONEFLOOR0,1.2500
,3,Zone ZONEFLOOR1,1.2500
,4,Zone ZONEFLOOR2,1.2500
,5,Zone ZONEFLOOR3,1.2500
,6,Zone ZONEFLOOR4,1.2500
,7,Zone ZONEFLOOR5,1.2500
,8,Zone ZONEFLOOR6,1.2500
,9,Zone ZONEFLOOR7,1.2500
,10,Zone ZONEFLOOR8,1.2500
,11,Zone ZONEFLOOR9,1.2500


Cooling Sizing Factor Information

,,Sizing Factor ID,Value
,1,Global,1.0000
,2,Zone ZONEFLOOR0,1.1500
,3,Zone ZONEFLOOR1,1.1500
,4,Zone ZONEFLOOR2,1.1500
,5,Zone ZONEFLOOR3,1.1500
,6,Zone ZONEFLOOR4,1.1500
,7,Zone ZONEFLOOR5,1.1500
,8,Zone ZONEFLOOR6,1.1500
,9,Zone ZONEFLOOR7,1.1500
,10,Zone ZONEFLOOR8,1.1500
,11,Zone ZONEFLOOR9,1.1500


Zone Sizing Information

,,Zone Name,Load Type,Calc Des Load {W},User Des Load {W},Calc Des Air Flow Rate {m3/s},User Des Air Flow Rate {m3/s},Design Day Name,Date/Time of Peak,Temperature at Peak {C},Humidity Ratio at Peak {kgWater/kgDryAir},Floor Area {m2},# Occupants,Calc Outdoor Air Flow Rate {m3/s},Calc DOAS Heat Addition Rate {W}
,1,ZONEFLOOR0,Cooling,1041.77261,1198.03850,5.56852E-002,6.40380E-002,SUMMER DESIGN DAY JUL,7/15 09:45:00,25.12425,1.14607E-002,33.23765,0.66475,1.01560E-002,0.00000
,2,ZONEFLOOR0,Heating,1523.18928,1903.98659,8.76433E-002,0.10955,WINTER DESIGN DAY DEC,1/13 24:00:00,-8.40000,1.94415E-003,33.23765,0.66475,1.01560E-002,0.00000
,3,ZONEFLOOR1,Cooling,895.69861,1030.05341,4.78772E-002,5.50588E-002,SUMMER DESIGN DAY JUL,7/15 12:30:00,28.01700,1.14656E-002,25.71841,0.51437,7.85841E-003,0.00000
,4,ZONEFLOOR1,Heating,1244.85234,1556.06542,7.16280E-002,8.95350E-002,WINTER DESIGN DAY DEC,1/13 24:00:00,-8.40000,1.94415E-003,25.71841,0.51437,7.85841E-003,0.00000
,5,ZONEFLOOR2,Cooling,1749.31404,2011.71114,9.35049E-002,0.10753,SUMMER DESIGN DAY JUL,7/15 17:45:00,26.92950,1.14637E-002,33.20313,0.00000,1.01454E-002,0.00000
,6,ZONEFLOOR2,Heating,980.75838,1225.94797,5.64322E-002,7.05403E-002,WINTER DESIGN DAY DEC,1/13 24:00:00,-8.40000,1.94415E-003,33.20313,0.00000,1.01454E-002,0.00000
,7,ZONEFLOOR3,Cooling,574.09708,660.21164,3.06868E-002,3.52899E-002,SUMMER DESIGN DAY JUL,7/15 19:00:00,25.40700,1.14612E-002,25.70104,0.00000,7.85310E-003,0.00000
,8,ZONEFLOOR3,Heating,900.21270,1125.26587,5.17977E-002,6.47471E-002,WINTER DESIGN DAY DEC,1/13 24:00:00,-8.40000,1.94415E-003,25.70104,0.00000,7.85310E-003,0.00000
,9,ZONEFLOOR4,Cooling,0.00000,0.00000,0.00000,1.87929E-002,SUMMER DESIGN DAY JUL,,28.80000,1.14669E-002,61.50416,0.00000,1.87929E-002,0.00000
,10,ZONEFLOOR4,Heating,255.87207,319.84009,1.47227E-002,1.87929E-002,WINTER DESIGN DAY DEC,1/13 24:00:00,-8.40000,1.94415E-003,61.50416,0.00000,1.87929E-002,0.00000
,11,ZONEFLOOR5,Cooling,1466.64323,1686.63971,7.83955E-002,9.01549E-002,SUMMER DESIGN DAY JUL,7/15 09:30:00,24.75450,1.14600E-002,33.23765,0.00000,1.01560E-002,0.00000
,12,ZONEFLOOR5,Heating,1070.28343,1337.85429,6.15834E-002,7.69793E-002,WINTER DESIGN DAY DEC,1/13 24:00:00,-8.40000,1.94415E-003,33.23765,0.00000,1.01560E-002,0.00000
,13,ZONEFLOOR6,Cooling,1147.37421,1319.48034,6.13298E-002,7.05293E-002,SUMMER DESIGN DAY JUL,7/15 12:15:00,27.84300,1.14653E-002,25.71841,0.00000,7.85841E-003,0.00000
,14,ZONEFLOOR6,Heating,890.30325,1112.87906,5.12275E-002,6.40343E-002,WINTER DESIGN DAY DEC,1/13 24:00:00,-8.40000,1.94415E-003,25.71841,0.00000,7.85841E-003,0.00000
,15,ZONEFLOOR7,Cooling,1951.95582,2244.74920,0.10434,0.11999,SUMMER DESIGN DAY JUL,7/15 17:45:00,26.92950,1.14637E-002,33.20313,0.00000,1.01454E-002,0.00000
,16,ZONEFLOOR7,Heating,1016.47483,1270.59354,5.84873E-002,7.31091E-002,WINTER DESIGN DAY DEC,1/13 24:00:00,-8.40000,1.94415E-003,33.20313,0.00000,1.01454E-002,0.00000
,17,ZONEFLOOR8,Cooling,733.46391,843.48349,3.92054E-002,4.50862E-002,SUMMER DESIGN DAY JUL,7/15 19:15:00,25.16775,1.14607E-002,25.70104,0.00000,7.85310E-003,0.00000
,18,ZONEFLOOR8,Heating,936.44058,1170.55073,5.38822E-002,6.73527E-002,WINTER DESIGN DAY DEC,1/13 24:00:00,-8.40000,1.94415E-003,25.70104,0.00000,7.85310E-003,0.00000
,19,ZONEFLOOR9,Cooling,0.00000,0.00000,0.00000,1.87929E-002,SUMMER DESIGN DAY JUL,,28.80000,1.14669E-002,61.50416,0.00000,1.87929E-002,0.00000
,20,ZONEFLOOR9,Heating,280.49358,350.61698,1.61394E-002,2.01743E-002,WINTER DESIGN DAY DEC,1/13 24:00:00,-8.40000,1.94415E-003,61.50416,0.00000,1.87929E-002,0.00000


Component Sizing Information

,,Component Type,Component Name,Input Field Description,Value
,1,ZoneHVAC:LowTemperatureRadiant:VariableFlow,ZONEFLOOR0 RADIANT H SURFACE,Design Size Heating Design Capacity [W],1903.98659
,2,ZoneHVAC:LowTemperatureRadiant:VariableFlow,ZONEFLOOR0 RADIANT H SURFACE,Design Size Maximum Hot Water Flow [m3/s],0.00005
,3,ZoneHVAC:LowTemperatureRadiant:VariableFlow,ZONEFLOOR0 RADIANT H SURFACE,User-Specified Cooling Design Capacity [W],0.00000
,4,ZoneHVAC:LowTemperatureRadiant:VariableFlow,ZONEFLOOR0 RADIANT H SURFACE,Design Size Hydronic Tubing Length [m],332.37651
,5,ZoneHVAC:LowTemperatureRadiant:VariableFlow,ZONEFLOOR0 RADIANT C SURFACE,User-Specified Heating Design Capacity [W],0.00000
,6,ZoneHVAC:LowTemperatureRadiant:VariableFlow,ZONEFLOOR0 RADIANT C SURFACE,Design Size Cooling Design Capacity [W],1198.03850
,7,ZoneHVAC:LowTemperatureRadiant:VariableFlow,ZONEFLOOR0 RADIANT C SURFACE,Design Size Maximum Cold Water Flow [m3/s],0.00003
,8,ZoneHVAC:LowTemperatureRadiant:VariableFlow,ZONEFLOOR0 RADIANT C SURFACE,User-Specified Maximum Cold Water Flow [m3/s],0.00025
,9,ZoneHVAC:LowTemperatureRadiant:VariableFlow,ZONEFLOOR0 RADIANT C SURFACE,Design Size Hydronic Tubing Length [m],110.96403
,10,ZoneHVAC:LowTemperatureRadiant:VariableFlow,ZONEFLOOR1 RADIANT H SURFACE,Design Size Heating Design Capacity [W],1556.06542
,11,ZoneHVAC:LowTemperatureRadiant:VariableFlow,ZONEFLOOR1 RADIANT H SURFACE,Design Size Maximum Hot Water Flow [m3/s],0.00004
,12,ZoneHVAC:LowTemperatureRadiant:VariableFlow,ZONEFLOOR1 RADIANT H SURFACE,User-Specified Cooling Design Capacity [W],0.00000
,13,ZoneHVAC:LowTemperatureRadiant:VariableFlow,ZONEFLOOR1 RADIANT H SURFACE,Design Size Hydronic Tubing Length [m],257.18413
,14,ZoneHVAC:LowTemperatureRadiant:VariableFlow,ZONEFLOOR1 RADIANT C SURFACE,User-Specified Heating Design Capacity [W],0.00000
,15,ZoneHVAC:LowTemperatureRadiant:VariableFlow,ZONEFLOOR1 RADIANT C SURFACE,Design Size Cooling Design Capacity [W],1030.05341
,16,ZoneHVAC:LowTemperatureRadiant:VariableFlow,ZONEFLOOR1 RADIANT C SURFACE,Design Size Maximum Cold Water Flow [m3/s],0.00002
,17,ZoneHVAC:LowTemperatureRadiant:VariableFlow,ZONEFLOOR1 RADIANT C SURFACE,User-Specified Maximum Cold Water Flow [m3/s],0.00025
,18,ZoneHVAC:LowTemperatureRadiant:VariableFlow,ZONEFLOOR1 RADIANT C SURFACE,Design Size Hydronic Tubing Length [m],96.77643
,19,ZoneHVAC:LowTemperatureRadiant:VariableFlow,ZONEFLOOR2 RADIANT H SURFACE,Design Size Heating Design Capacity [W],1225.94797
,20,ZoneHVAC:LowTemperatureRadiant:VariableFlow,ZONEFLOOR2 RADIANT H SURFACE,Design Size Maximum Hot Water Flow [m3/s],0.00003
,21,ZoneHVAC:LowTemperatureRadiant:VariableFlow,ZONEFLOOR2 RADIANT H SURFACE,User-Specified Cooling Design Capacity [W],0.00000
,22,ZoneHVAC:LowTemperatureRadiant:VariableFlow,ZONEFLOOR2 RADIANT H SURFACE,Design Size Hydronic Tubing Length [m],332.03127
,23,ZoneHVAC:LowTemperatureRadiant:VariableFlow,ZONEFLOOR2 RADIANT C SURFACE,User-Specified Heating Design Capacity [W],0.00000
,24,ZoneHVAC:LowTemperatureRadiant:VariableFlow,ZONEFLOOR2 RADIANT C SURFACE,Design Size Cooling Design Capacity [W],2011.71114
,25,ZoneHVAC:LowTemperatureRadiant:VariableFlow,ZONEFLOOR2 RADIANT C SURFACE,Design Size Maximum Cold Water Flow [m3/s],0.00005
,26,ZoneHVAC:LowTemperatureRadiant:VariableFlow,ZONEFLOOR2 RADIANT C SURFACE,User-Specified Maximum Cold Water Flow [m3/s],0.00025
,27,ZoneHVAC:LowTemperatureRadiant:VariableFlow,ZONEFLOOR2 RADIANT C SURFACE,Design Size Hydronic Tubing Length [m],110.93619
,28,ZoneHVAC:LowTemperatureRadiant:VariableFlow,ZONEFLOOR3 RADIANT H SURFACE,Design Size Heating Design Capacity [W],1125.26587
,29,ZoneHVAC:LowTemperatureRadiant:VariableFlow,ZONEFLOOR3 RADIANT H SURFACE,Design Size Maximum Hot Water Flow [m3/s],0.00003
,30,ZoneHVAC:LowTemperatureRadiant:VariableFlow,ZONEFLOOR3 RADIANT H SURFACE,User-Specified Cooling Design Capacity [W],0.00000
,31,ZoneHVAC:LowTemperatureRadiant:VariableFlow,ZONEFLOOR3 RADIANT H SURFACE,Design Size Hydronic Tubing Length [m],257.01037
,32,ZoneHVAC:LowTemperatureRadiant:VariableFlow,ZONEFLOOR3 RADIANT C SURFACE,User-Specified Heating Design Capacity [W],0.00000
,33,ZoneHVAC:LowTemperatureRadiant:VariableFlow,ZONEFLOOR3 RADIANT C SURFACE,Design Size Cooling Design Capacity [W],660.21164
,34,ZoneHVAC:LowTemperatureRadiant:VariableFlow,ZONEFLOOR3 RADIANT C SURFACE,Design Size Maximum Cold Water Flow [m3/s],0.00002
,35,ZoneHVAC:LowTemperatureRadiant:VariableFlow,ZONEFLOOR3 RADIANT C SURFACE,User-Specified Maximum Cold Water Flow [m3/s],0.00025
,36,ZoneHVAC:LowTemperatureRadiant:VariableFlow,ZONEFLOOR3 RADIANT C SURFACE,Design Size Hydronic Tubing Length [m],96.72316
,37,ZoneHVAC:LowTemperatureRadiant:VariableFlow,ZONEFLOOR4 RADIANT H SURFACE,Design Size Heating Design Capacity [W],319.84009
,38,ZoneHVAC:LowTemperatureRadiant:VariableFlow,ZONEFLOOR4 RADIANT H SURFACE,Design Size Maximum Hot Water Flow [m3/s],0.00001
,39,ZoneHVAC:LowTemperatureRadiant:VariableFlow,ZONEFLOOR4 RADIANT H SURFACE,User-Specified Cooling Design Capacity [W],0.00000
,40,ZoneHVAC:LowTemperatureRadiant:VariableFlow,ZONEFLOOR4 RADIANT H SURFACE,Design Size Hydronic Tubing Length [m],615.04158
,41,ZoneHVAC:LowTemperatureRadiant:VariableFlow,ZONEFLOOR4 RADIANT C SURFACE,User-Specified Heating Design Capacity [W],0.00000
,42,ZoneHVAC:LowTemperatureRadiant:VariableFlow,ZONEFLOOR4 RADIANT C SURFACE,Design Size Cooling Design Capacity [W],0.00000
,43,ZoneHVAC:LowTemperatureRadiant:VariableFlow,ZONEFLOOR4 RADIANT C SURFACE,Design Size Hydronic Tubing Length [m],76.72597
,44,ZoneHVAC:LowTemperatureRadiant:VariableFlow,ZONEFLOOR5 RADIANT H SURFACE,Design Size Heating Design Capacity [W],1337.85429
,45,ZoneHVAC:LowTemperatureRadiant:VariableFlow,ZONEFLOOR5 RADIANT H SURFACE,Design Size Maximum Hot Water Flow [m3/s],0.00003
,46,ZoneHVAC:LowTemperatureRadiant:VariableFlow,ZONEFLOOR5 RADIANT H SURFACE,User-Specified Cooling Design Capacity [W],0.00000
,47,ZoneHVAC:LowTemperatureRadiant:VariableFlow,ZONEFLOOR5 RADIANT H SURFACE,Design Size Hydronic Tubing Length [m],332.37651
,48,ZoneHVAC:LowTemperatureRadiant:VariableFlow,ZONEFLOOR5 RADIANT C SURFACE,User-Specified Heating Design Capacity [W],0.00000
,49,ZoneHVAC:LowTemperatureRadiant:VariableFlow,ZONEFLOOR5 RADIANT C SURFACE,Design Size Cooling Design Capacity [W],1686.63971
,50,ZoneHVAC:LowTemperatureRadiant:VariableFlow,ZONEFLOOR5 RADIANT C SURFACE,Design Size Maximum Cold Water Flow [m3/s],0.00004
,51,ZoneHVAC:LowTemperatureRadiant:VariableFlow,ZONEFLOOR5 RADIANT C SURFACE,User-Specified Maximum Cold Water Flow [m3/s],0.00025
,52,ZoneHVAC:LowTemperatureRadiant:VariableFlow,ZONEFLOOR5 RADIANT C SURFACE,Design Size Hydronic Tubing Length [m],110.96403
,53,ZoneHVAC:LowTemperatureRadiant:VariableFlow,ZONEFLOOR6 RADIANT H SURFACE,Design Size Heating Design Capacity [W],1112.87906
,54,ZoneHVAC:LowTemperatureRadiant:VariableFlow,ZONEFLOOR6 RADIANT H SURFACE,Design Size Maximum Hot Water Flow [m3/s],0.00003
,55,ZoneHVAC:LowTemperatureRadiant:VariableFlow,ZONEFLOOR6 RADIANT H SURFACE,User-Specified Cooling Design Capacity [W],0.00000
,56,ZoneHVAC:LowTemperatureRadiant:VariableFlow,ZONEFLOOR6 RADIANT H SURFACE,Design Size Hydronic Tubing Length [m],257.18413
,57,ZoneHVAC:LowTemperatureRadiant:VariableFlow,ZONEFLOOR6 RADIANT C SURFACE,User-Specified Heating Design Capacity [W],0.00000
,58,ZoneHVAC:LowTemperatureRadiant:VariableFlow,ZONEFLOOR6 RADIANT C SURFACE,Design Size Cooling Design Capacity [W],1319.48034
,59,ZoneHVAC:LowTemperatureRadiant:VariableFlow,ZONEFLOOR6 RADIANT C SURFACE,Design Size Maximum Cold Water Flow [m3/s],0.00003
,60,ZoneHVAC:LowTemperatureRadiant:VariableFlow,ZONEFLOOR6 RADIANT C SURFACE,User-Specified Maximum Cold Water Flow [m3/s],0.00025
,61,ZoneHVAC:LowTemperatureRadiant:VariableFlow,ZONEFLOOR6 RADIANT C SURFACE,Design Size Hydronic Tubing Length [m],96.77643
,62,ZoneHVAC:LowTemperatureRadiant:VariableFlow,ZONEFLOOR7 RADIANT H SURFACE,Design Size Heating Design Capacity [W],1270.59354
,63,ZoneHVAC:LowTemperatureRadiant:VariableFlow,ZONEFLOOR7 RADIANT H SURFACE,Design Size Maximum Hot Water Flow [m3/s],0.00003
,64,ZoneHVAC:LowTemperatureRadiant:VariableFlow,ZONEFLOOR7 RADIANT H SURFACE,User-Specified Cooling Design Capacity [W],0.00000
,65,ZoneHVAC:LowTemperatureRadiant:VariableFlow,ZONEFLOOR7 RADIANT H SURFACE,Design Size Hydronic Tubing Length [m],332.03127
,66,ZoneHVAC:LowTemperatureRadiant:VariableFlow,ZONEFLOOR7 RADIANT C SURFACE,User-Specified Heating Design Capacity [W],0.00000
,67,ZoneHVAC:LowTemperatureRadiant:VariableFlow,ZONEFLOOR7 RADIANT C SURFACE,Design Size Cooling Design Capacity [W],2244.74920
,68,ZoneHVAC:LowTemperatureRadiant:VariableFlow,ZONEFLOOR7 RADIANT C SURFACE,Design Size Maximum Cold Water Flow [m3/s],0.00005
,69,ZoneHVAC:LowTemperatureRadiant:VariableFlow,ZONEFLOOR7 RADIANT C SURFACE,User-Specified Maximum Cold Water Flow [m3/s],0.00025
,70,ZoneHVAC:LowTemperatureRadiant:VariableFlow,ZONEFLOOR7 RADIANT C SURFACE,Design Size Hydronic Tubing Length [m],110.93619
,71,ZoneHVAC:LowTemperatureRadiant:VariableFlow,ZONEFLOOR8 RADIANT H SURFACE,Design Size Heating Design Capacity [W],1170.55073
,72,ZoneHVAC:LowTemperatureRadiant:VariableFlow,ZONEFLOOR8 RADIANT H SURFACE,Design Size Maximum Hot Water Flow [m3/s],0.00003
,73,ZoneHVAC:LowTemperatureRadiant:VariableFlow,ZONEFLOOR8 RADIANT H SURFACE,User-Specified Cooling Design Capacity [W],0.00000
,74,ZoneHVAC:LowTemperatureRadiant:VariableFlow,ZONEFLOOR8 RADIANT H SURFACE,Design Size Hydronic Tubing Length [m],257.01037
,75,ZoneHVAC:LowTemperatureRadiant:VariableFlow,ZONEFLOOR8 RADIANT C SURFACE,User-Specified Heating Design Capacity [W],0.00000
,76,ZoneHVAC:LowTemperatureRadiant:VariableFlow,ZONEFLOOR8 RADIANT C SURFACE,Design Size Cooling Design Capacity [W],843.48349
,77,ZoneHVAC:LowTemperatureRadiant:VariableFlow,ZONEFLOOR8 RADIANT C SURFACE,Design Size Maximum Cold Water Flow [m3/s],0.00002
,78,ZoneHVAC:LowTemperatureRadiant:VariableFlow,ZONEFLOOR8 RADIANT C SURFACE,User-Specified Maximum Cold Water Flow [m3/s],0.00025
,79,ZoneHVAC:LowTemperatureRadiant:VariableFlow,ZONEFLOOR8 RADIANT C SURFACE,Design Size Hydronic Tubing Length [m],96.72316
,80,ZoneHVAC:LowTemperatureRadiant:VariableFlow,ZONEFLOOR9 RADIANT H SURFACE,Design Size Heating Design Capacity [W],350.61698
,81,ZoneHVAC:LowTemperatureRadiant:VariableFlow,ZONEFLOOR9 RADIANT H SURFACE,Design Size Maximum Hot Water Flow [m3/s],0.00001
,82,ZoneHVAC:LowTemperatureRadiant:VariableFlow,ZONEFLOOR9 RADIANT H SURFACE,User-Specified Cooling Design Capacity [W],0.00000
,83,ZoneHVAC:LowTemperatureRadiant:VariableFlow,ZONEFLOOR9 RADIANT H SURFACE,Design Size Hydronic Tubing Length [m],615.04158
,84,ZoneHVAC:LowTemperatureRadiant:VariableFlow,ZONEFLOOR9 RADIANT C SURFACE,User-Specified Heating Design Capacity [W],0.00000
,85,ZoneHVAC:LowTemperatureRadiant:VariableFlow,ZONEFLOOR9 RADIANT C SURFACE,Design Size Cooling Design Capacity [W],0.00000
,86,ZoneHVAC:LowTemperatureRadiant:VariableFlow,ZONEFLOOR9 RADIANT C SURFACE,Design Size Hydronic Tubing Length [m],76.72597
,87,PlantLoop,HW-PLNT,Maximum Loop Flow Rate [m3/s],0.00028
,88,PlantLoop,HW-PLNT,Plant Loop Volume [m3],0.03317
,89,Pump:VariableSpeed,HW-PLNT SUPPLY PUMP,Design Flow Rate [m3/s],0.00028
,90,Pump:VariableSpeed,HW-PLNT SUPPLY PUMP,Design Power Consumption [W],7.87505
,91,DistrictHeating,DISTRICT HEATING,Design Size Nominal Capacity [W],11602.49878
,92,PlantLoop,CW-PLNT,Maximum Loop Flow Rate [m3/s],0.00250
,93,PlantLoop,CW-PLNT,Plant Loop Volume [m3],0.30000
,94,Pump:VariableSpeed,CW-PLNT SUPPLY PUMP,Design Flow Rate [m3/s],0.00250
,95,Pump:VariableSpeed,CW-PLNT SUPPLY PUMP,Design Power Consumption [W],71.22507
,96,DistrictCooling,DISTRICT COOLING,Design Size Nominal Capacity [W],0.104938E+06


Environment

,,Environment Name,Environment Type,Start Date,End Date,Start DayOfWeek,Duration {#days},Source:Start DayOfWeek,Use Daylight Saving,Use Holidays,Apply Weekend Holiday Rule,Use Rain Values,Use Snow Values,Sky Temperature Model
,1,DEFAULTRUNPERIOD,WeatherFileRunPeriod,01/03/2010,01/15/2010,Sunday,13,Use RunPeriod Specified Day,No,No,No,Yes,Yes,Clark and Allen


Environment:Daylight Saving

,,Daylight Saving Indicator,Source,Start Date,End Date
,1,No,RunPeriod Object,,


Environment:WarmupDays

,,NumberofWarmupDays
,1,3


Warmup Convergence Information

,,Zone Name,Environment Type/Name,Average Warmup Temperature Difference {deltaC},Std Dev Warmup Temperature Difference {deltaC},Max Temperature Pass/Fail Convergence,Min Temperature Pass/Fail Convergence,Average Warmup Load Difference {W},Std Dev Warmup Load Difference {W},Heating Load Pass/Fail Convergence,Cooling Load Pass/Fail Convergence
,1,ZONEFLOOR0,RunPeriod: DEFAULTRUNPERIOD,5.3598595254E-002,0.1094571799,Pass,Pass,0.0000000000,0.0000000000,Pass,Pass
,2,ZONEFLOOR1,RunPeriod: DEFAULTRUNPERIOD,0.1226084432,0.1392332434,Pass,Pass,0.0000000000,0.0000000000,Pass,Pass
,3,ZONEFLOOR2,RunPeriod: DEFAULTRUNPERIOD,0.1189412004,0.1098431601,Pass,Pass,0.0000000000,0.0000000000,Pass,Pass
,4,ZONEFLOOR3,RunPeriod: DEFAULTRUNPERIOD,5.9944383011E-002,9.9685456441E-002,Pass,Pass,0.0000000000,0.0000000000,Pass,Pass
,5,ZONEFLOOR4,RunPeriod: DEFAULTRUNPERIOD,5.3366999764E-002,5.4333786792E-002,Pass,Pass,0.0000000000,0.0000000000,Pass,Pass
,6,ZONEFLOOR5,RunPeriod: DEFAULTRUNPERIOD,8.0466907723E-002,8.0069707650E-002,Pass,Pass,0.0000000000,0.0000000000,Pass,Pass
,7,ZONEFLOOR6,RunPeriod: DEFAULTRUNPERIOD,0.2005267580,0.1547001422,Pass,Pass,0.0000000000,0.0000000000,Pass,Pass
,8,ZONEFLOOR7,RunPeriod: DEFAULTRUNPERIOD,0.1259981331,0.1033590663,Pass,Pass,0.0000000000,0.0000000000,Pass,Pass
,9,ZONEFLOOR8,RunPeriod: DEFAULTRUNPERIOD,7.1784020520E-002,8.2875986102E-002,Pass,Pass,0.0000000000,0.0000000000,Pass,Pass
,10,ZONEFLOOR9,RunPeriod: DEFAULTRUNPERIOD,3.7213025284E-002,2.2625541590E-002,Pass,Pass,0.0000000000,0.0000000000,Pass,Pass


----------------------------------------------------------------------------------------------------
REPORT:,Facility Component Load Summary
FOR:,Facility
Estimated Cooling Peak Load Components

,,Sensible - Instant [W],Sensible - Delayed [W],Sensible - Return Air [W],Latent [W],Total [W],%Grand Total,Related Area [m2],Total per Area [W/m2]
,People,0.00,0.00,,0.00,0.00,0.00,358.73,0.00
,Lights,0.00,0.00,0.00,,0.00,0.00,358.73,0.00
,Equipment,0.00,0.00,,0.00,0.00,0.00,358.73,0.00
,Refrigeration,0.00,,0.00,0.00,0.00,0.00,358.73,0.00
,Water Use Equipment,0.00,,,0.00,0.00,0.00,358.73,0.00
,HVAC Equipment Losses,0.00,0.00,,,0.00,0.00,,
,Power Generation Equipment,0.00,0.00,,,0.00,0.00,,
,DOAS Direct to Zone,0.00,,,0.00,0.00,0.00,,
,Infiltration,-69.4,,,0.19,-69.2,-1.2,956.27,-0.1
,Zone Ventilation,0.00,,,0.00,0.00,0.00,,
,Interzone Mixing,-0.0,,,-0.0,-0.0,-0.0,,
,Roof,,159.82,,,159.82,2.87,179.36,0.89
,Interzone Ceiling,,141.70,,,141.70,2.55,179.36,0.79
,Other Roof,,0.00,,,0.00,0.00,179.36,0.00
,Exterior Wall,,-633.6,,,-633.6,-11.4,956.27,-0.7
,Interzone Wall,,0.00,,,0.00,0.00,0.00,
,Ground Contact Wall,,0.00,,,0.00,0.00,0.00,
,Other Wall,,0.00,,,0.00,0.00,956.27,0.00
,Exterior Floor,,0.00,,,0.00,0.00,0.00,
,Interzone Floor,,663.48,,,663.48,11.93,179.36,3.70
,Ground Contact Floor,,-369.2,,,-369.2,-6.6,179.36,-2.1
,Other Floor,,0.00,,,0.00,0.00,179.36,0.00
,Fenestration Conduction,6.43,,,,6.43,0.12,37.69,0.17
,Fenestration Solar,,5663.48,,,5663.48,101.81,37.69,150.25
,Opaque Door,,0.00,,,0.00,0.00,0.00,
,Grand Total,-63.0,5625.65,0.00,0.19,5562.85,,,


Cooling Peak Conditions

,,Value
,Time of Peak Load,7/15 17:30:00
,Outside Dry Bulb Temperature [C],0.00
,Outside Wet Bulb Temperature [C],0.00
,Outside Humidity Ratio at Peak [kgWater/kgDryAir],0.00000
,Zone Dry Bulb Temperature [C],0.00
,Zone Relative Humidity [%],0.27
,Zone Humidity Ratio at Peak [kgWater/kgDryAir],0.00000
,Supply Air Temperature [C],14.00
,Mixed Air Temperature [C],
,Main Fan Air Flow [m3/s],0.51
,Outside Air Flow [m3/s],0.11
,Peak Sensible Load with Sizing Factor [W],10994.37
,Difference Due to Sizing Factor [W],1434.05
,Peak Sensible Load [W],9560.32
,Estimated Instant + Delayed Sensible Load [W],5562.66
,Difference Between Peak and Estimated Sensible Load [W],3997.66


Engineering Checks for Cooling

,,Value
,Outside Air Fraction [fraction],0.2145
,Airflow per Floor Area [m3/s-m2],1.425E-03
,Airflow per Total Capacity [m3/s-W],4.648E-05
,Floor Area per Total Capacity [m2/W],3.263E-02
,Total Capacity per Floor Area [W/m2],3.065E+01
,Number of People,1.2


Estimated Heating Peak Load Components

,,Sensible - Instant [W],Sensible - Delayed [W],Sensible - Return Air [W],Latent [W],Total [W],%Grand Total,Related Area [m2],Total per Area [W/m2]
,People,0.00,0.00,,0.00,0.00,-0.00,358.73,0.00
,Lights,0.00,0.00,0.00,,0.00,-0.00,358.73,0.00
,Equipment,0.00,0.00,,0.00,0.00,-0.00,358.73,0.00
,Refrigeration,0.00,,0.00,0.00,0.00,-0.00,358.73,0.00
,Water Use Equipment,0.00,,,0.00,0.00,-0.00,358.73,0.00
,HVAC Equipment Losses,0.00,0.00,,,0.00,-0.00,,
,Power Generation Equipment,0.00,0.00,,,0.00,-0.00,,
,DOAS Direct to Zone,0.00,,,0.00,0.00,-0.00,,
,Infiltration,-880.4,,,0.00,-880.4,9.68,956.27,-0.9
,Zone Ventilation,0.00,,,0.00,0.00,-0.00,,
,Interzone Mixing,0.00,,,0.00,0.00,-0.00,,
,Roof,,-61.9,,,-61.9,0.68,179.36,-0.3
,Interzone Ceiling,,-1.4,,,-1.4,0.02,179.36,-0.0
,Other Roof,,0.00,,,0.00,-0.00,179.36,0.00
,Exterior Wall,,-2989.3,,,-2989.3,32.85,956.27,-3.1
,Interzone Wall,,0.00,,,0.00,-0.00,0.00,
,Ground Contact Wall,,0.00,,,0.00,-0.00,0.00,
,Other Wall,,0.00,,,0.00,-0.00,956.27,0.00
,Exterior Floor,,0.00,,,0.00,-0.00,0.00,
,Interzone Floor,,3.12,,,3.12,-0.0,179.36,0.02
,Ground Contact Floor,,32.06,,,32.06,-0.4,179.36,0.18
,Other Floor,,0.00,,,0.00,-0.00,179.36,0.00
,Fenestration Conduction,-5201.0,,,,-5201.0,57.16,37.69,-138.0
,Fenestration Solar,,0.00,,,0.00,-0.00,37.69,0.00
,Opaque Door,,0.00,,,0.00,-0.00,0.00,
,Grand Total,-6081.4,-3017.4,0.00,0.00,-9098.9,,,


Heating Peak Conditions

,,Value
,Time of Peak Load,1/13 24:00:00
,Outside Dry Bulb Temperature [C],-8.4
,Outside Wet Bulb Temperature [C],-8.4
,Outside Humidity Ratio at Peak [kgWater/kgDryAir],0.00194
,Zone Dry Bulb Temperature [C],20.00
,Zone Relative Humidity [%],13.50
,Zone Humidity Ratio at Peak [kgWater/kgDryAir],0.00194
,Supply Air Temperature [C],35.00
,Mixed Air Temperature [C],
,Main Fan Air Flow [m3/s],0.52
,Outside Air Flow [m3/s],0.11
,Peak Sensible Load with Sizing Factor [W],-11373.6
,Difference Due to Sizing Factor [W],-2274.7
,Peak Sensible Load [W],-9098.9
,Estimated Instant + Delayed Sensible Load [W],-9098.9
,Difference Between Peak and Estimated Sensible Load [W],0.00


Engineering Checks for Heating

,,Value
,Outside Air Fraction [fraction],0.2094
,Airflow per Floor Area [m3/s-m2],1.459E-03
,Airflow per Total Capacity [m3/s-W],-4.603E-05
,Floor Area per Total Capacity [m2/W],-3.154E-02
,Total Capacity per Floor Area [W/m2],-3.171E+01
,Number of People,1.2


----------------------------------------------------------------------------------------------------
REPORT:,Zone Component Load Summary
FOR:,ZONEFLOOR0
Estimated Cooling Peak Load Components

,,Sensible - Instant [W],Sensible - Delayed [W],Sensible - Return Air [W],Latent [W],Total [W],%Grand Total,Related Area [m2],Total per Area [W/m2]
,People,0.00,0.00,,0.00,0.00,0.00,33.24,0.00
,Lights,0.00,0.00,0.00,,0.00,0.00,33.24,0.00
,Equipment,0.00,0.00,,0.00,0.00,0.00,33.24,0.00
,Refrigeration,0.00,,0.00,0.00,0.00,0.00,33.24,0.00
,Water Use Equipment,0.00,,,0.00,0.00,0.00,33.24,0.00
,HVAC Equipment Losses,0.00,0.00,,,0.00,0.00,,
,Power Generation Equipment,0.00,0.00,,,0.00,0.00,,
,DOAS Direct to Zone,0.00,,,0.00,0.00,0.00,,
,Infiltration,-84.6,,,0.12,-84.5,-8.1,103.84,-0.8
,Zone Ventilation,0.00,,,0.00,0.00,0.00,,
,Interzone Mixing,-70.9,,,-0.1,-71.0,-6.8,,
,Roof,,0.00,,,0.00,0.00,0.00,
,Interzone Ceiling,,-4.8,,,-4.8,-0.5,33.24,-0.1
,Other Roof,,0.00,,,0.00,0.00,0.00,
,Exterior Wall,,-307.7,,,-307.7,-29.5,103.84,-3.0
,Interzone Wall,,0.00,,,0.00,0.00,0.00,
,Ground Contact Wall,,0.00,,,0.00,0.00,0.00,
,Other Wall,,0.00,,,0.00,0.00,103.84,0.00
,Exterior Floor,,0.00,,,0.00,0.00,0.00,
,Interzone Floor,,0.00,,,0.00,0.00,0.00,
,Ground Contact Floor,,-883.8,,,-883.8,-84.7,33.24,-26.6
,Other Floor,,0.00,,,0.00,0.00,0.00,
,Fenestration Conduction,32.66,,,,32.66,3.13,5.03,6.49
,Fenestration Solar,,2362.84,,,2362.84,226.36,5.03,469.45
,Opaque Door,,0.00,,,0.00,0.00,0.00,
,Grand Total,-122.8,1166.57,0.00,0.05,1043.82,,,


Cooling Peak Conditions

,,Value
,Time of Peak Load,7/15 09:45:00
,Outside Dry Bulb Temperature [C],25.12
,Outside Wet Bulb Temperature [C],19.18
,Outside Humidity Ratio at Peak [kgWater/kgDryAir],0.01146
,Zone Dry Bulb Temperature [C],30.00
,Zone Relative Humidity [%],43.16
,Zone Humidity Ratio at Peak [kgWater/kgDryAir],0.01146
,Supply Air Temperature [C],14.00
,Mixed Air Temperature [C],
,Main Fan Air Flow [m3/s],0.06
,Outside Air Flow [m3/s],0.01
,Peak Sensible Load with Sizing Factor [W],1198.04
,Difference Due to Sizing Factor [W],156.27
,Peak Sensible Load [W],1041.77
,Estimated Instant + Delayed Sensible Load [W],1043.77
,Difference Between Peak and Estimated Sensible Load [W],-2.0


Engineering Checks for Cooling

,,Value
,Outside Air Fraction [fraction],0.1824
,Airflow per Floor Area [m3/s-m2],1.675E-03
,Airflow per Total Capacity [m3/s-W],4.648E-05
,Floor Area per Total Capacity [m2/W],2.774E-02
,Total Capacity per Floor Area [W/m2],3.604E+01
,Number of People,0.7


Estimated Heating Peak Load Components

,,Sensible - Instant [W],Sensible - Delayed [W],Sensible - Return Air [W],Latent [W],Total [W],%Grand Total,Related Area [m2],Total per Area [W/m2]
,People,0.00,0.00,,0.00,0.00,-0.00,33.24,0.00
,Lights,0.00,0.00,0.00,,0.00,-0.00,33.24,0.00
,Equipment,0.00,0.00,,0.00,0.00,-0.00,33.24,0.00
,Refrigeration,0.00,,0.00,0.00,0.00,-0.00,33.24,0.00
,Water Use Equipment,0.00,,,0.00,0.00,-0.00,33.24,0.00
,HVAC Equipment Losses,0.00,0.00,,,0.00,-0.00,,
,Power Generation Equipment,0.00,0.00,,,0.00,-0.00,,
,DOAS Direct to Zone,0.00,,,0.00,0.00,-0.00,,
,Infiltration,-496.3,,,0.00,-496.3,32.59,103.84,-4.8
,Zone Ventilation,0.00,,,0.00,0.00,-0.00,,
,Interzone Mixing,0.00,,,0.00,0.00,-0.00,,
,Roof,,0.00,,,0.00,-0.00,0.00,
,Interzone Ceiling,,-0.4,,,-0.4,0.02,33.24,-0.0
,Other Roof,,0.00,,,0.00,-0.00,0.00,
,Exterior Wall,,-327.2,,,-327.2,21.48,103.84,-3.2
,Interzone Wall,,0.00,,,0.00,-0.00,0.00,
,Ground Contact Wall,,0.00,,,0.00,-0.00,0.00,
,Other Wall,,0.00,,,0.00,-0.00,103.84,0.00
,Exterior Floor,,0.00,,,0.00,-0.00,0.00,
,Interzone Floor,,0.00,,,0.00,-0.00,0.00,
,Ground Contact Floor,,8.29,,,8.29,-0.5,33.24,0.25
,Other Floor,,0.00,,,0.00,-0.00,0.00,
,Fenestration Conduction,-707.5,,,,-707.5,46.45,5.03,-140.6
,Fenestration Solar,,0.00,,,0.00,-0.00,5.03,0.00
,Opaque Door,,0.00,,,0.00,-0.00,0.00,
,Grand Total,-1203.9,-319.3,0.00,0.00,-1523.2,,,


Heating Peak Conditions

,,Value
,Time of Peak Load,1/13 24:00:00
,Outside Dry Bulb Temperature [C],-8.4
,Outside Wet Bulb Temperature [C],-8.4
,Outside Humidity Ratio at Peak [kgWater/kgDryAir],0.00194
,Zone Dry Bulb Temperature [C],20.00
,Zone Relative Humidity [%],13.50
,Zone Humidity Ratio at Peak [kgWater/kgDryAir],0.00194
,Supply Air Temperature [C],35.00
,Mixed Air Temperature [C],
,Main Fan Air Flow [m3/s],0.09
,Outside Air Flow [m3/s],0.01
,Peak Sensible Load with Sizing Factor [W],-1904.0
,Difference Due to Sizing Factor [W],-380.8
,Peak Sensible Load [W],-1523.2
,Estimated Instant + Delayed Sensible Load [W],-1523.2
,Difference Between Peak and Estimated Sensible Load [W],-0.0


Engineering Checks for Heating

,,Value
,Outside Air Fraction [fraction],0.1159
,Airflow per Floor Area [m3/s-m2],2.637E-03
,Airflow per Total Capacity [m3/s-W],-4.603E-05
,Floor Area per Total Capacity [m2/W],-1.746E-02
,Total Capacity per Floor Area [W/m2],-5.728E+01
,Number of People,0.7


----------------------------------------------------------------------------------------------------
REPORT:,Zone Component Load Summary
FOR:,ZONEFLOOR1
Estimated Cooling Peak Load Components

,,Sensible - Instant [W],Sensible - Delayed [W],Sensible - Return Air [W],Latent [W],Total [W],%Grand Total,Related Area [m2],Total per Area [W/m2]
,People,0.00,0.00,,0.00,0.00,0.00,25.72,0.00
,Lights,0.00,0.00,0.00,,0.00,0.00,25.72,0.00
,Equipment,0.00,0.00,,0.00,0.00,0.00,25.72,0.00
,Refrigeration,0.00,,0.00,0.00,0.00,0.00,25.72,0.00
,Water Use Equipment,0.00,,,0.00,0.00,0.00,25.72,0.00
,HVAC Equipment Losses,0.00,0.00,,,0.00,0.00,,
,Power Generation Equipment,0.00,0.00,,,0.00,0.00,,
,DOAS Direct to Zone,0.00,,,0.00,0.00,0.00,,
,Infiltration,-26.9,,,0.19,-26.7,-3.0,92.45,-0.3
,Zone Ventilation,0.00,,,0.00,0.00,0.00,,
,Interzone Mixing,-55.8,,,-0.1,-56.0,-6.2,,
,Roof,,0.00,,,0.00,0.00,0.00,
,Interzone Ceiling,,8.61,,,8.61,0.96,25.72,0.33
,Other Roof,,0.00,,,0.00,0.00,0.00,
,Exterior Wall,,-247.0,,,-247.0,-27.5,92.45,-2.7
,Interzone Wall,,0.00,,,0.00,0.00,0.00,
,Ground Contact Wall,,0.00,,,0.00,0.00,0.00,
,Other Wall,,0.00,,,0.00,0.00,92.45,0.00
,Exterior Floor,,0.00,,,0.00,0.00,0.00,
,Interzone Floor,,0.00,,,0.00,0.00,0.00,
,Ground Contact Floor,,-718.7,,,-718.7,-80.1,25.72,-27.9
,Other Floor,,0.00,,,0.00,0.00,0.00,
,Fenestration Conduction,69.28,,,,69.28,7.72,4.39,15.77
,Fenestration Solar,,1867.47,,,1867.47,208.19,4.39,425.18
,Opaque Door,,0.00,,,0.00,0.00,0.00,
,Grand Total,-13.4,910.39,0.00,0.06,897.02,,,


Cooling Peak Conditions

,,Value
,Time of Peak Load,7/15 12:30:00
,Outside Dry Bulb Temperature [C],28.02
,Outside Wet Bulb Temperature [C],20.09
,Outside Humidity Ratio at Peak [kgWater/kgDryAir],0.01147
,Zone Dry Bulb Temperature [C],30.00
,Zone Relative Humidity [%],43.17
,Zone Humidity Ratio at Peak [kgWater/kgDryAir],0.01146
,Supply Air Temperature [C],14.00
,Mixed Air Temperature [C],
,Main Fan Air Flow [m3/s],0.05
,Outside Air Flow [m3/s],0.01
,Peak Sensible Load with Sizing Factor [W],1030.05
,Difference Due to Sizing Factor [W],134.35
,Peak Sensible Load [W],895.70
,Estimated Instant + Delayed Sensible Load [W],896.96
,Difference Between Peak and Estimated Sensible Load [W],-1.3


Engineering Checks for Cooling

,,Value
,Outside Air Fraction [fraction],0.1641
,Airflow per Floor Area [m3/s-m2],1.862E-03
,Airflow per Total Capacity [m3/s-W],4.648E-05
,Floor Area per Total Capacity [m2/W],2.497E-02
,Total Capacity per Floor Area [W/m2],4.005E+01
,Number of People,0.5


Estimated Heating Peak Load Components

,,Sensible - Instant [W],Sensible - Delayed [W],Sensible - Return Air [W],Latent [W],Total [W],%Grand Total,Related Area [m2],Total per Area [W/m2]
,People,0.00,0.00,,0.00,0.00,-0.00,25.72,0.00
,Lights,0.00,0.00,0.00,,0.00,-0.00,25.72,0.00
,Equipment,0.00,0.00,,0.00,0.00,-0.00,25.72,0.00
,Refrigeration,0.00,,0.00,0.00,0.00,-0.00,25.72,0.00
,Water Use Equipment,0.00,,,0.00,0.00,-0.00,25.72,0.00
,HVAC Equipment Losses,0.00,0.00,,,0.00,-0.00,,
,Power Generation Equipment,0.00,0.00,,,0.00,-0.00,,
,DOAS Direct to Zone,0.00,,,0.00,0.00,-0.00,,
,Infiltration,-384.1,,,0.00,-384.1,30.85,92.45,-4.2
,Zone Ventilation,0.00,,,0.00,0.00,-0.00,,
,Interzone Mixing,0.00,,,0.00,0.00,-0.00,,
,Roof,,0.00,,,0.00,-0.00,0.00,
,Interzone Ceiling,,-0.3,,,-0.3,0.02,25.72,-0.0
,Other Roof,,0.00,,,0.00,-0.00,0.00,
,Exterior Wall,,-291.4,,,-291.4,23.41,92.45,-3.2
,Interzone Wall,,0.00,,,0.00,-0.00,0.00,
,Ground Contact Wall,,0.00,,,0.00,-0.00,0.00,
,Other Wall,,0.00,,,0.00,-0.00,92.45,0.00
,Exterior Floor,,0.00,,,0.00,-0.00,0.00,
,Interzone Floor,,0.00,,,0.00,-0.00,0.00,
,Ground Contact Floor,,6.39,,,6.39,-0.5,25.72,0.25
,Other Floor,,0.00,,,0.00,-0.00,0.00,
,Fenestration Conduction,-575.6,,,,-575.6,46.23,4.39,-131.0
,Fenestration Solar,,0.00,,,0.00,-0.00,4.39,0.00
,Opaque Door,,0.00,,,0.00,-0.00,0.00,
,Grand Total,-959.6,-285.2,0.00,0.00,-1244.9,,,


Heating Peak Conditions

,,Value
,Time of Peak Load,1/13 24:00:00
,Outside Dry Bulb Temperature [C],-8.4
,Outside Wet Bulb Temperature [C],-8.4
,Outside Humidity Ratio at Peak [kgWater/kgDryAir],0.00194
,Zone Dry Bulb Temperature [C],20.00
,Zone Relative Humidity [%],13.50
,Zone Humidity Ratio at Peak [kgWater/kgDryAir],0.00194
,Supply Air Temperature [C],35.00
,Mixed Air Temperature [C],
,Main Fan Air Flow [m3/s],0.07
,Outside Air Flow [m3/s],0.01
,Peak Sensible Load with Sizing Factor [W],-1556.1
,Difference Due to Sizing Factor [W],-311.2
,Peak Sensible Load [W],-1244.9
,Estimated Instant + Delayed Sensible Load [W],-1244.9
,Difference Between Peak and Estimated Sensible Load [W],0.00


Engineering Checks for Heating

,,Value
,Outside Air Fraction [fraction],0.1097
,Airflow per Floor Area [m3/s-m2],2.785E-03
,Airflow per Total Capacity [m3/s-W],-4.603E-05
,Floor Area per Total Capacity [m2/W],-1.653E-02
,Total Capacity per Floor Area [W/m2],-6.050E+01
,Number of People,0.5


----------------------------------------------------------------------------------------------------
REPORT:,Zone Component Load Summary
FOR:,ZONEFLOOR2
Estimated Cooling Peak Load Components

,,Sensible - Instant [W],Sensible - Delayed [W],Sensible - Return Air [W],Latent [W],Total [W],%Grand Total,Related Area [m2],Total per Area [W/m2]
,People,0.00,0.00,,0.00,0.00,0.00,33.20,0.00
,Lights,0.00,0.00,0.00,,0.00,0.00,33.20,0.00
,Equipment,0.00,0.00,,0.00,0.00,0.00,33.20,0.00
,Refrigeration,0.00,,0.00,0.00,0.00,0.00,33.20,0.00
,Water Use Equipment,0.00,,,0.00,0.00,0.00,33.20,0.00
,HVAC Equipment Losses,0.00,0.00,,,0.00,0.00,,
,Power Generation Equipment,0.00,0.00,,,0.00,0.00,,
,DOAS Direct to Zone,0.00,,,0.00,0.00,0.00,,
,Infiltration,0.00,,,0.00,0.00,0.00,103.85,0.00
,Zone Ventilation,0.00,,,0.00,0.00,0.00,,
,Interzone Mixing,-45.9,,,0.04,-45.9,-2.6,,
,Roof,,0.00,,,0.00,0.00,0.00,
,Interzone Ceiling,,79.92,,,79.92,4.57,33.20,2.41
,Other Roof,,0.00,,,0.00,0.00,0.00,
,Exterior Wall,,-84.5,,,-84.5,-4.8,103.85,-0.8
,Interzone Wall,,0.00,,,0.00,0.00,0.00,
,Ground Contact Wall,,0.00,,,0.00,0.00,0.00,
,Other Wall,,0.00,,,0.00,0.00,103.85,0.00
,Exterior Floor,,0.00,,,0.00,0.00,0.00,
,Interzone Floor,,0.00,,,0.00,0.00,0.00,
,Ground Contact Floor,,-92.8,,,-92.8,-5.3,33.20,-2.8
,Other Floor,,0.00,,,0.00,0.00,0.00,
,Fenestration Conduction,100.85,,,,100.85,5.76,5.03,20.04
,Fenestration Solar,,1792.40,,,1792.40,102.42,5.03,356.20
,Opaque Door,,0.00,,,0.00,0.00,0.00,
,Grand Total,54.93,1695.05,0.00,0.04,1750.02,,,


Cooling Peak Conditions

,,Value
,Time of Peak Load,7/15 17:45:00
,Outside Dry Bulb Temperature [C],26.93
,Outside Wet Bulb Temperature [C],19.75
,Outside Humidity Ratio at Peak [kgWater/kgDryAir],0.01146
,Zone Dry Bulb Temperature [C],30.00
,Zone Relative Humidity [%],43.18
,Zone Humidity Ratio at Peak [kgWater/kgDryAir],0.01146
,Supply Air Temperature [C],14.00
,Mixed Air Temperature [C],
,Main Fan Air Flow [m3/s],0.09
,Outside Air Flow [m3/s],0.01
,Peak Sensible Load with Sizing Factor [W],2011.71
,Difference Due to Sizing Factor [W],262.40
,Peak Sensible Load [W],1749.31
,Estimated Instant + Delayed Sensible Load [W],1749.98
,Difference Between Peak and Estimated Sensible Load [W],-0.7


Engineering Checks for Cooling

,,Value
,Outside Air Fraction [fraction],0.1085
,Airflow per Floor Area [m3/s-m2],2.816E-03
,Airflow per Total Capacity [m3/s-W],4.648E-05
,Floor Area per Total Capacity [m2/W],1.650E-02
,Total Capacity per Floor Area [W/m2],6.059E+01
,Number of People,0.0


Estimated Heating Peak Load Components

,,Sensible - Instant [W],Sensible - Delayed [W],Sensible - Return Air [W],Latent [W],Total [W],%Grand Total,Related Area [m2],Total per Area [W/m2]
,People,0.00,0.00,,0.00,0.00,-0.00,33.20,0.00
,Lights,0.00,0.00,0.00,,0.00,-0.00,33.20,0.00
,Equipment,0.00,0.00,,0.00,0.00,-0.00,33.20,0.00
,Refrigeration,0.00,,0.00,0.00,0.00,-0.00,33.20,0.00
,Water Use Equipment,0.00,,,0.00,0.00,-0.00,33.20,0.00
,HVAC Equipment Losses,0.00,0.00,,,0.00,-0.00,,
,Power Generation Equipment,0.00,0.00,,,0.00,-0.00,,
,DOAS Direct to Zone,0.00,,,0.00,0.00,-0.00,,
,Infiltration,0.00,,,0.00,0.00,-0.00,103.85,0.00
,Zone Ventilation,0.00,,,0.00,0.00,-0.00,,
,Interzone Mixing,0.00,,,0.00,0.00,-0.00,,
,Roof,,0.00,,,0.00,-0.00,0.00,
,Interzone Ceiling,,-0.3,,,-0.3,0.03,33.20,-0.0
,Other Roof,,0.00,,,0.00,-0.00,0.00,
,Exterior Wall,,-328.7,,,-328.7,33.51,103.85,-3.2
,Interzone Wall,,0.00,,,0.00,-0.00,0.00,
,Ground Contact Wall,,0.00,,,0.00,-0.00,0.00,
,Other Wall,,0.00,,,0.00,-0.00,103.85,0.00
,Exterior Floor,,0.00,,,0.00,-0.00,0.00,
,Interzone Floor,,0.00,,,0.00,-0.00,0.00,
,Ground Contact Floor,,8.03,,,8.03,-0.8,33.20,0.24
,Other Floor,,0.00,,,0.00,-0.00,0.00,
,Fenestration Conduction,-659.8,,,,-659.8,67.27,5.03,-131.1
,Fenestration Solar,,0.00,,,0.00,-0.00,5.03,0.00
,Opaque Door,,0.00,,,0.00,-0.00,0.00,
,Grand Total,-659.8,-321.0,0.00,0.00,-980.8,,,


Heating Peak Conditions

,,Value
,Time of Peak Load,1/13 24:00:00
,Outside Dry Bulb Temperature [C],-8.4
,Outside Wet Bulb Temperature [C],-8.4
,Outside Humidity Ratio at Peak [kgWater/kgDryAir],0.00194
,Zone Dry Bulb Temperature [C],20.00
,Zone Relative Humidity [%],13.50
,Zone Humidity Ratio at Peak [kgWater/kgDryAir],0.00194
,Supply Air Temperature [C],35.00
,Mixed Air Temperature [C],
,Main Fan Air Flow [m3/s],0.06
,Outside Air Flow [m3/s],0.01
,Peak Sensible Load with Sizing Factor [W],-1225.9
,Difference Due to Sizing Factor [W],-245.2
,Peak Sensible Load [W],-980.8
,Estimated Instant + Delayed Sensible Load [W],-980.8
,Difference Between Peak and Estimated Sensible Load [W],0.00


Engineering Checks for Heating

,,Value
,Outside Air Fraction [fraction],0.1798
,Airflow per Floor Area [m3/s-m2],1.700E-03
,Airflow per Total Capacity [m3/s-W],-4.603E-05
,Floor Area per Total Capacity [m2/W],-2.708E-02
,Total Capacity per Floor Area [W/m2],-3.692E+01
,Number of People,0.0


----------------------------------------------------------------------------------------------------
REPORT:,Zone Component Load Summary
FOR:,ZONEFLOOR3
Estimated Cooling Peak Load Components

,,Sensible - Instant [W],Sensible - Delayed [W],Sensible - Return Air [W],Latent [W],Total [W],%Grand Total,Related Area [m2],Total per Area [W/m2]
,People,0.00,0.00,,0.00,0.00,0.00,25.70,0.00
,Lights,0.00,0.00,0.00,,0.00,0.00,25.70,0.00
,Equipment,0.00,0.00,,0.00,0.00,0.00,25.70,0.00
,Refrigeration,0.00,,0.00,0.00,0.00,0.00,25.70,0.00
,Water Use Equipment,0.00,,,0.00,0.00,0.00,25.70,0.00
,HVAC Equipment Losses,0.00,0.00,,,0.00,0.00,,
,Power Generation Equipment,0.00,0.00,,,0.00,0.00,,
,DOAS Direct to Zone,0.00,,,0.00,0.00,0.00,,
,Infiltration,0.00,,,0.00,0.00,0.00,92.40,0.00
,Zone Ventilation,0.00,,,0.00,0.00,0.00,,
,Interzone Mixing,-44.9,,,0.01,-44.9,-7.8,,
,Roof,,0.00,,,0.00,0.00,0.00,
,Interzone Ceiling,,30.04,,,30.04,5.23,25.70,1.17
,Other Roof,,0.00,,,0.00,0.00,0.00,
,Exterior Wall,,-63.3,,,-63.3,-11.0,92.40,-0.7
,Interzone Wall,,0.00,,,0.00,0.00,0.00,
,Ground Contact Wall,,0.00,,,0.00,0.00,0.00,
,Other Wall,,0.00,,,0.00,0.00,92.40,0.00
,Exterior Floor,,0.00,,,0.00,0.00,0.00,
,Interzone Floor,,0.00,,,0.00,0.00,0.00,
,Ground Contact Floor,,280.73,,,280.73,48.84,25.70,10.92
,Other Floor,,0.00,,,0.00,0.00,0.00,
,Fenestration Conduction,8.04,,,,8.04,1.40,4.39,1.83
,Fenestration Solar,,364.21,,,364.21,63.37,4.39,82.97
,Opaque Door,,0.00,,,0.00,0.00,0.00,
,Grand Total,-36.9,611.64,0.00,0.01,574.75,,,


Cooling Peak Conditions

,,Value
,Time of Peak Load,7/15 19:00:00
,Outside Dry Bulb Temperature [C],25.41
,Outside Wet Bulb Temperature [C],19.27
,Outside Humidity Ratio at Peak [kgWater/kgDryAir],0.01146
,Zone Dry Bulb Temperature [C],30.00
,Zone Relative Humidity [%],43.18
,Zone Humidity Ratio at Peak [kgWater/kgDryAir],0.01146
,Supply Air Temperature [C],14.00
,Mixed Air Temperature [C],
,Main Fan Air Flow [m3/s],0.03
,Outside Air Flow [m3/s],0.01
,Peak Sensible Load with Sizing Factor [W],660.21
,Difference Due to Sizing Factor [W],86.11
,Peak Sensible Load [W],574.10
,Estimated Instant + Delayed Sensible Load [W],574.74
,Difference Between Peak and Estimated Sensible Load [W],-0.6


Engineering Checks for Cooling

,,Value
,Outside Air Fraction [fraction],0.2559
,Airflow per Floor Area [m3/s-m2],1.194E-03
,Airflow per Total Capacity [m3/s-W],4.648E-05
,Floor Area per Total Capacity [m2/W],3.893E-02
,Total Capacity per Floor Area [W/m2],2.569E+01
,Number of People,0.0


Estimated Heating Peak Load Components

,,Sensible - Instant [W],Sensible - Delayed [W],Sensible - Return Air [W],Latent [W],Total [W],%Grand Total,Related Area [m2],Total per Area [W/m2]
,People,0.00,0.00,,0.00,0.00,-0.00,25.70,0.00
,Lights,0.00,0.00,0.00,,0.00,-0.00,25.70,0.00
,Equipment,0.00,0.00,,0.00,0.00,-0.00,25.70,0.00
,Refrigeration,0.00,,0.00,0.00,0.00,-0.00,25.70,0.00
,Water Use Equipment,0.00,,,0.00,0.00,-0.00,25.70,0.00
,HVAC Equipment Losses,0.00,0.00,,,0.00,-0.00,,
,Power Generation Equipment,0.00,0.00,,,0.00,-0.00,,
,DOAS Direct to Zone,0.00,,,0.00,0.00,-0.00,,
,Infiltration,0.00,,,0.00,0.00,-0.00,92.40,0.00
,Zone Ventilation,0.00,,,0.00,0.00,-0.00,,
,Interzone Mixing,0.00,,,0.00,0.00,-0.00,,
,Roof,,0.00,,,0.00,-0.00,0.00,
,Interzone Ceiling,,-0.3,,,-0.3,0.03,25.70,-0.0
,Other Roof,,0.00,,,0.00,-0.00,0.00,
,Exterior Wall,,-289.8,,,-289.8,32.20,92.40,-3.1
,Interzone Wall,,0.00,,,0.00,-0.00,0.00,
,Ground Contact Wall,,0.00,,,0.00,-0.00,0.00,
,Other Wall,,0.00,,,0.00,-0.00,92.40,0.00
,Exterior Floor,,0.00,,,0.00,-0.00,0.00,
,Interzone Floor,,0.00,,,0.00,-0.00,0.00,
,Ground Contact Floor,,6.60,,,6.60,-0.7,25.70,0.26
,Other Floor,,0.00,,,0.00,-0.00,0.00,
,Fenestration Conduction,-616.7,,,,-616.7,68.50,4.39,-140.5
,Fenestration Solar,,0.00,,,0.00,-0.00,4.39,0.00
,Opaque Door,,0.00,,,0.00,-0.00,0.00,
,Grand Total,-616.7,-283.5,0.00,0.00,-900.2,,,


Heating Peak Conditions

,,Value
,Time of Peak Load,1/13 24:00:00
,Outside Dry Bulb Temperature [C],-8.4
,Outside Wet Bulb Temperature [C],-8.4
,Outside Humidity Ratio at Peak [kgWater/kgDryAir],0.00194
,Zone Dry Bulb Temperature [C],20.00
,Zone Relative Humidity [%],13.50
,Zone Humidity Ratio at Peak [kgWater/kgDryAir],0.00194
,Supply Air Temperature [C],35.00
,Mixed Air Temperature [C],
,Main Fan Air Flow [m3/s],0.05
,Outside Air Flow [m3/s],0.01
,Peak Sensible Load with Sizing Factor [W],-1125.3
,Difference Due to Sizing Factor [W],-225.1
,Peak Sensible Load [W],-900.2
,Estimated Instant + Delayed Sensible Load [W],-900.2
,Difference Between Peak and Estimated Sensible Load [W],0.00


Engineering Checks for Heating

,,Value
,Outside Air Fraction [fraction],0.1516
,Airflow per Floor Area [m3/s-m2],2.015E-03
,Airflow per Total Capacity [m3/s-W],-4.603E-05
,Floor Area per Total Capacity [m2/W],-2.284E-02
,Total Capacity per Floor Area [W/m2],-4.378E+01
,Number of People,0.0


----------------------------------------------------------------------------------------------------
REPORT:,Zone Component Load Summary
FOR:,ZONEFLOOR4
Estimated Cooling Peak Load Components

,,Sensible - Instant [W],Sensible - Delayed [W],Sensible - Return Air [W],Latent [W],Total [W],%Grand Total,Related Area [m2],Total per Area [W/m2]
,People,,,,,0.00,,61.50,0.00
,Lights,,,,,0.00,,61.50,0.00
,Equipment,,,,,0.00,,61.50,0.00
,Refrigeration,,,,,0.00,,61.50,0.00
,Water Use Equipment,,,,,0.00,,61.50,0.00
,HVAC Equipment Losses,,,,,0.00,,,
,Power Generation Equipment,,,,,0.00,,,
,DOAS Direct to Zone,,,,,0.00,,,
,Infiltration,,,,,0.00,,85.60,0.00
,Zone Ventilation,,,,,0.00,,,
,Interzone Mixing,,,,,0.00,,,
,Roof,,,,,0.00,,0.00,
,Interzone Ceiling,,,,,0.00,,61.50,0.00
,Other Roof,,,,,0.00,,0.00,
,Exterior Wall,,,,,0.00,,85.60,0.00
,Interzone Wall,,,,,0.00,,0.00,
,Ground Contact Wall,,,,,0.00,,0.00,
,Other Wall,,,,,0.00,,85.60,0.00
,Exterior Floor,,,,,0.00,,0.00,
,Interzone Floor,,,,,0.00,,0.00,
,Ground Contact Floor,,,,,0.00,,61.50,0.00
,Other Floor,,,,,0.00,,0.00,
,Fenestration Conduction,,,,,0.00,,0.00,
,Fenestration Solar,,,,,0.00,,0.00,
,Opaque Door,,,,,0.00,,0.00,
,Grand Total,0.00,0.00,0.00,0.00,0.00,,,


Cooling Peak Conditions

,,Value
,Time of Peak Load,
,Outside Dry Bulb Temperature [C],
,Outside Wet Bulb Temperature [C],
,Outside Humidity Ratio at Peak [kgWater/kgDryAir],
,Zone Dry Bulb Temperature [C],
,Zone Relative Humidity [%],
,Zone Humidity Ratio at Peak [kgWater/kgDryAir],
,Supply Air Temperature [C],0.00
,Mixed Air Temperature [C],
,Main Fan Air Flow [m3/s],0.00
,Outside Air Flow [m3/s],0.00
,Peak Sensible Load with Sizing Factor [W],0.00
,Difference Due to Sizing Factor [W],0.00
,Peak Sensible Load [W],0.00
,Estimated Instant + Delayed Sensible Load [W],0.00
,Difference Between Peak and Estimated Sensible Load [W],0.00


Engineering Checks for Cooling

,,Value
,Outside Air Fraction [fraction],0.0000
,Airflow per Floor Area [m3/s-m2],0.000E+00
,Airflow per Total Capacity [m3/s-W],0.000E+00
,Floor Area per Total Capacity [m2/W],0.000E+00
,Total Capacity per Floor Area [W/m2],0.000E+00
,Number of People,0.0


Estimated Heating Peak Load Components

,,Sensible - Instant [W],Sensible - Delayed [W],Sensible - Return Air [W],Latent [W],Total [W],%Grand Total,Related Area [m2],Total per Area [W/m2]
,People,0.00,0.00,,0.00,0.00,-0.00,61.50,0.00
,Lights,0.00,0.00,0.00,,0.00,-0.00,61.50,0.00
,Equipment,0.00,0.00,,0.00,0.00,-0.00,61.50,0.00
,Refrigeration,0.00,,0.00,0.00,0.00,-0.00,61.50,0.00
,Water Use Equipment,0.00,,,0.00,0.00,-0.00,61.50,0.00
,HVAC Equipment Losses,0.00,0.00,,,0.00,-0.00,,
,Power Generation Equipment,0.00,0.00,,,0.00,-0.00,,
,DOAS Direct to Zone,0.00,,,0.00,0.00,-0.00,,
,Infiltration,0.00,,,0.00,0.00,-0.00,85.60,0.00
,Zone Ventilation,0.00,,,0.00,0.00,-0.00,,
,Interzone Mixing,0.00,,,0.00,0.00,-0.00,,
,Roof,,0.00,,,0.00,-0.00,0.00,
,Interzone Ceiling,,-0.1,,,-0.1,0.05,61.50,-0.0
,Other Roof,,0.00,,,0.00,-0.00,0.00,
,Exterior Wall,,-258.5,,,-258.5,101.03,85.60,-3.0
,Interzone Wall,,0.00,,,0.00,-0.00,0.00,
,Ground Contact Wall,,0.00,,,0.00,-0.00,0.00,
,Other Wall,,0.00,,,0.00,-0.00,85.60,0.00
,Exterior Floor,,0.00,,,0.00,-0.00,0.00,
,Interzone Floor,,0.00,,,0.00,-0.00,0.00,
,Ground Contact Floor,,2.77,,,2.77,-1.1,61.50,0.04
,Other Floor,,0.00,,,0.00,-0.00,0.00,
,Fenestration Conduction,0.00,,,,0.00,-0.00,0.00,
,Fenestration Solar,,0.00,,,0.00,-0.00,0.00,
,Opaque Door,,0.00,,,0.00,-0.00,0.00,
,Grand Total,0.00,-255.9,0.00,0.00,-255.9,,,


Heating Peak Conditions

,,Value
,Time of Peak Load,1/13 24:00:00
,Outside Dry Bulb Temperature [C],-8.4
,Outside Wet Bulb Temperature [C],-8.4
,Outside Humidity Ratio at Peak [kgWater/kgDryAir],0.00194
,Zone Dry Bulb Temperature [C],20.00
,Zone Relative Humidity [%],13.50
,Zone Humidity Ratio at Peak [kgWater/kgDryAir],0.00194
,Supply Air Temperature [C],35.00
,Mixed Air Temperature [C],
,Main Fan Air Flow [m3/s],0.01
,Outside Air Flow [m3/s],0.02
,Peak Sensible Load with Sizing Factor [W],-319.8
,Difference Due to Sizing Factor [W],-64.0
,Peak Sensible Load [W],-255.9
,Estimated Instant + Delayed Sensible Load [W],-255.9
,Difference Between Peak and Estimated Sensible Load [W],0.00


Engineering Checks for Heating

,,Value
,Outside Air Fraction [fraction],1.2765
,Airflow per Floor Area [m3/s-m2],2.394E-04
,Airflow per Total Capacity [m3/s-W],-4.603E-05
,Floor Area per Total Capacity [m2/W],-1.923E-01
,Total Capacity per Floor Area [W/m2],-5.200E+00
,Number of People,0.0


----------------------------------------------------------------------------------------------------
REPORT:,Zone Component Load Summary
FOR:,ZONEFLOOR5
Estimated Cooling Peak Load Components

,,Sensible - Instant [W],Sensible - Delayed [W],Sensible - Return Air [W],Latent [W],Total [W],%Grand Total,Related Area [m2],Total per Area [W/m2]
,People,0.00,0.00,,0.00,0.00,0.00,33.24,0.00
,Lights,0.00,0.00,0.00,,0.00,0.00,33.24,0.00
,Equipment,0.00,0.00,,0.00,0.00,0.00,33.24,0.00
,Refrigeration,0.00,,0.00,0.00,0.00,0.00,33.24,0.00
,Water Use Equipment,0.00,,,0.00,0.00,0.00,33.24,0.00
,HVAC Equipment Losses,0.00,0.00,,,0.00,0.00,,
,Power Generation Equipment,0.00,0.00,,,0.00,0.00,,
,DOAS Direct to Zone,0.00,,,0.00,0.00,0.00,,
,Infiltration,0.00,,,0.00,0.00,0.00,103.84,0.00
,Zone Ventilation,0.00,,,0.00,0.00,0.00,,
,Interzone Mixing,-7.2,,,0.00,-7.2,-0.5,,
,Roof,,-40.0,,,-40.0,-2.7,33.24,-1.2
,Interzone Ceiling,,0.00,,,0.00,0.00,0.00,
,Other Roof,,0.00,,,0.00,0.00,33.24,0.00
,Exterior Wall,,-214.9,,,-214.9,-14.6,103.84,-2.1
,Interzone Wall,,0.00,,,0.00,0.00,0.00,
,Ground Contact Wall,,0.00,,,0.00,0.00,0.00,
,Other Wall,,0.00,,,0.00,0.00,103.84,0.00
,Exterior Floor,,0.00,,,0.00,0.00,0.00,
,Interzone Floor,,78.58,,,78.58,5.35,33.24,2.36
,Ground Contact Floor,,0.00,,,0.00,0.00,0.00,
,Other Floor,,0.00,,,0.00,0.00,33.24,0.00
,Fenestration Conduction,30.41,,,,30.41,2.07,5.03,6.04
,Fenestration Solar,,1621.88,,,1621.88,110.42,5.03,322.23
,Opaque Door,,0.00,,,0.00,0.00,0.00,
,Grand Total,23.19,1445.60,0.00,0.00,1468.79,,,


Cooling Peak Conditions

,,Value
,Time of Peak Load,7/15 09:30:00
,Outside Dry Bulb Temperature [C],24.75
,Outside Wet Bulb Temperature [C],19.06
,Outside Humidity Ratio at Peak [kgWater/kgDryAir],0.01146
,Zone Dry Bulb Temperature [C],30.00
,Zone Relative Humidity [%],43.15
,Zone Humidity Ratio at Peak [kgWater/kgDryAir],0.01145
,Supply Air Temperature [C],14.00
,Mixed Air Temperature [C],
,Main Fan Air Flow [m3/s],0.08
,Outside Air Flow [m3/s],0.01
,Peak Sensible Load with Sizing Factor [W],1686.64
,Difference Due to Sizing Factor [W],220.00
,Peak Sensible Load [W],1466.64
,Estimated Instant + Delayed Sensible Load [W],1468.79
,Difference Between Peak and Estimated Sensible Load [W],-2.1


Engineering Checks for Cooling

,,Value
,Outside Air Fraction [fraction],0.1295
,Airflow per Floor Area [m3/s-m2],2.359E-03
,Airflow per Total Capacity [m3/s-W],4.648E-05
,Floor Area per Total Capacity [m2/W],1.971E-02
,Total Capacity per Floor Area [W/m2],5.074E+01
,Number of People,0.0


Estimated Heating Peak Load Components

,,Sensible - Instant [W],Sensible - Delayed [W],Sensible - Return Air [W],Latent [W],Total [W],%Grand Total,Related Area [m2],Total per Area [W/m2]
,People,0.00,0.00,,0.00,0.00,-0.00,33.24,0.00
,Lights,0.00,0.00,0.00,,0.00,-0.00,33.24,0.00
,Equipment,0.00,0.00,,0.00,0.00,-0.00,33.24,0.00
,Refrigeration,0.00,,0.00,0.00,0.00,-0.00,33.24,0.00
,Water Use Equipment,0.00,,,0.00,0.00,-0.00,33.24,0.00
,HVAC Equipment Losses,0.00,0.00,,,0.00,-0.00,,
,Power Generation Equipment,0.00,0.00,,,0.00,-0.00,,
,DOAS Direct to Zone,0.00,,,0.00,0.00,-0.00,,
,Infiltration,0.00,,,0.00,0.00,-0.00,103.84,0.00
,Zone Ventilation,0.00,,,0.00,0.00,-0.00,,
,Interzone Mixing,0.00,,,0.00,0.00,-0.00,,
,Roof,,-11.1,,,-11.1,1.04,33.24,-0.3
,Interzone Ceiling,,0.00,,,0.00,-0.00,0.00,
,Other Roof,,0.00,,,0.00,-0.00,33.24,0.00
,Exterior Wall,,-326.7,,,-326.7,30.52,103.84,-3.1
,Interzone Wall,,0.00,,,0.00,-0.00,0.00,
,Ground Contact Wall,,0.00,,,0.00,-0.00,0.00,
,Other Wall,,0.00,,,0.00,-0.00,103.84,0.00
,Exterior Floor,,0.00,,,0.00,-0.00,0.00,
,Interzone Floor,,0.76,,,0.76,-0.1,33.24,0.02
,Ground Contact Floor,,0.00,,,0.00,-0.00,0.00,
,Other Floor,,0.00,,,0.00,-0.00,33.24,0.00
,Fenestration Conduction,-733.3,,,,-733.3,68.51,5.03,-145.7
,Fenestration Solar,,0.00,,,0.00,-0.00,5.03,0.00
,Opaque Door,,0.00,,,0.00,-0.00,0.00,
,Grand Total,-733.3,-337.0,0.00,0.00,-1070.3,,,


Heating Peak Conditions

,,Value
,Time of Peak Load,1/13 24:00:00
,Outside Dry Bulb Temperature [C],-8.4
,Outside Wet Bulb Temperature [C],-8.4
,Outside Humidity Ratio at Peak [kgWater/kgDryAir],0.00194
,Zone Dry Bulb Temperature [C],20.00
,Zone Relative Humidity [%],13.50
,Zone Humidity Ratio at Peak [kgWater/kgDryAir],0.00194
,Supply Air Temperature [C],35.00
,Mixed Air Temperature [C],
,Main Fan Air Flow [m3/s],0.06
,Outside Air Flow [m3/s],0.01
,Peak Sensible Load with Sizing Factor [W],-1337.9
,Difference Due to Sizing Factor [W],-267.6
,Peak Sensible Load [W],-1070.3
,Estimated Instant + Delayed Sensible Load [W],-1070.3
,Difference Between Peak and Estimated Sensible Load [W],0.00


Engineering Checks for Heating

,,Value
,Outside Air Fraction [fraction],0.1649
,Airflow per Floor Area [m3/s-m2],1.853E-03
,Airflow per Total Capacity [m3/s-W],-4.603E-05
,Floor Area per Total Capacity [m2/W],-2.484E-02
,Total Capacity per Floor Area [W/m2],-4.025E+01
,Number of People,0.0


----------------------------------------------------------------------------------------------------
REPORT:,Zone Component Load Summary
FOR:,ZONEFLOOR6
Estimated Cooling Peak Load Components

,,Sensible - Instant [W],Sensible - Delayed [W],Sensible - Return Air [W],Latent [W],Total [W],%Grand Total,Related Area [m2],Total per Area [W/m2]
,People,0.00,0.00,,0.00,0.00,0.00,25.72,0.00
,Lights,0.00,0.00,0.00,,0.00,0.00,25.72,0.00
,Equipment,0.00,0.00,,0.00,0.00,0.00,25.72,0.00
,Refrigeration,0.00,,0.00,0.00,0.00,0.00,25.72,0.00
,Water Use Equipment,0.00,,,0.00,0.00,0.00,25.72,0.00
,HVAC Equipment Losses,0.00,0.00,,,0.00,0.00,,
,Power Generation Equipment,0.00,0.00,,,0.00,0.00,,
,DOAS Direct to Zone,0.00,,,0.00,0.00,0.00,,
,Infiltration,0.00,,,0.00,0.00,0.00,92.45,0.00
,Zone Ventilation,0.00,,,0.00,0.00,0.00,,
,Interzone Mixing,0.00,,,0.00,0.00,0.00,,
,Roof,,-8.4,,,-8.4,-0.7,25.72,-0.3
,Interzone Ceiling,,0.00,,,0.00,0.00,0.00,
,Other Roof,,0.00,,,0.00,0.00,25.72,0.00
,Exterior Wall,,-150.9,,,-150.9,-13.2,92.45,-1.6
,Interzone Wall,,0.00,,,0.00,0.00,0.00,
,Ground Contact Wall,,0.00,,,0.00,0.00,0.00,
,Other Wall,,0.00,,,0.00,0.00,92.45,0.00
,Exterior Floor,,0.00,,,0.00,0.00,0.00,
,Interzone Floor,,32.19,,,32.19,2.81,25.72,1.25
,Ground Contact Floor,,0.00,,,0.00,0.00,0.00,
,Other Floor,,0.00,,,0.00,0.00,25.72,0.00
,Fenestration Conduction,67.72,,,,67.72,5.90,4.39,15.42
,Fenestration Solar,,1206.78,,,1206.78,105.18,4.39,274.76
,Opaque Door,,0.00,,,0.00,0.00,0.00,
,Grand Total,67.72,1079.66,0.00,0.00,1147.37,,,


Cooling Peak Conditions

,,Value
,Time of Peak Load,7/15 12:15:00
,Outside Dry Bulb Temperature [C],27.84
,Outside Wet Bulb Temperature [C],20.04
,Outside Humidity Ratio at Peak [kgWater/kgDryAir],0.01147
,Zone Dry Bulb Temperature [C],30.00
,Zone Relative Humidity [%],43.15
,Zone Humidity Ratio at Peak [kgWater/kgDryAir],0.01145
,Supply Air Temperature [C],14.00
,Mixed Air Temperature [C],
,Main Fan Air Flow [m3/s],0.06
,Outside Air Flow [m3/s],0.01
,Peak Sensible Load with Sizing Factor [W],1319.48
,Difference Due to Sizing Factor [W],172.11
,Peak Sensible Load [W],1147.37
,Estimated Instant + Delayed Sensible Load [W],1147.37
,Difference Between Peak and Estimated Sensible Load [W],0.00


Engineering Checks for Cooling

,,Value
,Outside Air Fraction [fraction],0.1281
,Airflow per Floor Area [m3/s-m2],2.385E-03
,Airflow per Total Capacity [m3/s-W],4.648E-05
,Floor Area per Total Capacity [m2/W],1.949E-02
,Total Capacity per Floor Area [W/m2],5.130E+01
,Number of People,0.0


Estimated Heating Peak Load Components

,,Sensible - Instant [W],Sensible - Delayed [W],Sensible - Return Air [W],Latent [W],Total [W],%Grand Total,Related Area [m2],Total per Area [W/m2]
,People,0.00,0.00,,0.00,0.00,-0.00,25.72,0.00
,Lights,0.00,0.00,0.00,,0.00,-0.00,25.72,0.00
,Equipment,0.00,0.00,,0.00,0.00,-0.00,25.72,0.00
,Refrigeration,0.00,,0.00,0.00,0.00,-0.00,25.72,0.00
,Water Use Equipment,0.00,,,0.00,0.00,-0.00,25.72,0.00
,HVAC Equipment Losses,0.00,0.00,,,0.00,-0.00,,
,Power Generation Equipment,0.00,0.00,,,0.00,-0.00,,
,DOAS Direct to Zone,0.00,,,0.00,0.00,-0.00,,
,Infiltration,0.00,,,0.00,0.00,-0.00,92.45,0.00
,Zone Ventilation,0.00,,,0.00,0.00,-0.00,,
,Interzone Mixing,0.00,,,0.00,0.00,-0.00,,
,Roof,,-8.6,,,-8.6,0.96,25.72,-0.3
,Interzone Ceiling,,0.00,,,0.00,-0.00,0.00,
,Other Roof,,0.00,,,0.00,-0.00,25.72,0.00
,Exterior Wall,,-291.0,,,-291.0,32.68,92.45,-3.1
,Interzone Wall,,0.00,,,0.00,-0.00,0.00,
,Ground Contact Wall,,0.00,,,0.00,-0.00,0.00,
,Other Wall,,0.00,,,0.00,-0.00,92.45,0.00
,Exterior Floor,,0.00,,,0.00,-0.00,0.00,
,Interzone Floor,,0.58,,,0.58,-0.1,25.72,0.02
,Ground Contact Floor,,0.00,,,0.00,-0.00,0.00,
,Other Floor,,0.00,,,0.00,-0.00,25.72,0.00
,Fenestration Conduction,-591.3,,,,-591.3,66.42,4.39,-134.6
,Fenestration Solar,,0.00,,,0.00,-0.00,4.39,0.00
,Opaque Door,,0.00,,,0.00,-0.00,0.00,
,Grand Total,-591.3,-299.0,0.00,0.00,-890.3,,,


Heating Peak Conditions

,,Value
,Time of Peak Load,1/13 24:00:00
,Outside Dry Bulb Temperature [C],-8.4
,Outside Wet Bulb Temperature [C],-8.4
,Outside Humidity Ratio at Peak [kgWater/kgDryAir],0.00194
,Zone Dry Bulb Temperature [C],20.00
,Zone Relative Humidity [%],13.50
,Zone Humidity Ratio at Peak [kgWater/kgDryAir],0.00194
,Supply Air Temperature [C],35.00
,Mixed Air Temperature [C],
,Main Fan Air Flow [m3/s],0.05
,Outside Air Flow [m3/s],0.01
,Peak Sensible Load with Sizing Factor [W],-1112.9
,Difference Due to Sizing Factor [W],-222.6
,Peak Sensible Load [W],-890.3
,Estimated Instant + Delayed Sensible Load [W],-890.3
,Difference Between Peak and Estimated Sensible Load [W],0.00


Engineering Checks for Heating

,,Value
,Outside Air Fraction [fraction],0.1534
,Airflow per Floor Area [m3/s-m2],1.992E-03
,Airflow per Total Capacity [m3/s-W],-4.603E-05
,Floor Area per Total Capacity [m2/W],-2.311E-02
,Total Capacity per Floor Area [W/m2],-4.327E+01
,Number of People,0.0


----------------------------------------------------------------------------------------------------
REPORT:,Zone Component Load Summary
FOR:,ZONEFLOOR7
Estimated Cooling Peak Load Components

,,Sensible - Instant [W],Sensible - Delayed [W],Sensible - Return Air [W],Latent [W],Total [W],%Grand Total,Related Area [m2],Total per Area [W/m2]
,People,0.00,0.00,,0.00,0.00,0.00,33.20,0.00
,Lights,0.00,0.00,0.00,,0.00,0.00,33.20,0.00
,Equipment,0.00,0.00,,0.00,0.00,0.00,33.20,0.00
,Refrigeration,0.00,,0.00,0.00,0.00,0.00,33.20,0.00
,Water Use Equipment,0.00,,,0.00,0.00,0.00,33.20,0.00
,HVAC Equipment Losses,0.00,0.00,,,0.00,0.00,,
,Power Generation Equipment,0.00,0.00,,,0.00,0.00,,
,DOAS Direct to Zone,0.00,,,0.00,0.00,0.00,,
,Infiltration,0.00,,,0.00,0.00,0.00,103.85,0.00
,Zone Ventilation,0.00,,,0.00,0.00,0.00,,
,Interzone Mixing,0.00,,,0.00,0.00,0.00,,
,Roof,,15.18,,,15.18,0.78,33.20,0.46
,Interzone Ceiling,,0.00,,,0.00,0.00,0.00,
,Other Roof,,0.00,,,0.00,0.00,33.20,0.00
,Exterior Wall,,-92.3,,,-92.3,-4.7,103.85,-0.9
,Interzone Wall,,0.00,,,0.00,0.00,0.00,
,Ground Contact Wall,,0.00,,,0.00,0.00,0.00,
,Other Wall,,0.00,,,0.00,0.00,103.85,0.00
,Exterior Floor,,0.00,,,0.00,0.00,0.00,
,Interzone Floor,,420.42,,,420.42,21.54,33.20,12.66
,Ground Contact Floor,,0.00,,,0.00,0.00,0.00,
,Other Floor,,0.00,,,0.00,0.00,33.20,0.00
,Fenestration Conduction,96.69,,,,96.69,4.95,5.03,19.22
,Fenestration Solar,,1511.93,,,1511.93,77.46,5.03,300.46
,Opaque Door,,0.00,,,0.00,0.00,0.00,
,Grand Total,96.69,1855.26,0.00,0.00,1951.96,,,


Cooling Peak Conditions

,,Value
,Time of Peak Load,7/15 17:45:00
,Outside Dry Bulb Temperature [C],26.93
,Outside Wet Bulb Temperature [C],19.75
,Outside Humidity Ratio at Peak [kgWater/kgDryAir],0.01146
,Zone Dry Bulb Temperature [C],30.00
,Zone Relative Humidity [%],43.15
,Zone Humidity Ratio at Peak [kgWater/kgDryAir],0.01145
,Supply Air Temperature [C],14.00
,Mixed Air Temperature [C],
,Main Fan Air Flow [m3/s],0.10
,Outside Air Flow [m3/s],0.01
,Peak Sensible Load with Sizing Factor [W],2244.75
,Difference Due to Sizing Factor [W],292.79
,Peak Sensible Load [W],1951.96
,Estimated Instant + Delayed Sensible Load [W],1951.96
,Difference Between Peak and Estimated Sensible Load [W],0.00


Engineering Checks for Cooling

,,Value
,Outside Air Fraction [fraction],0.0972
,Airflow per Floor Area [m3/s-m2],3.142E-03
,Airflow per Total Capacity [m3/s-W],4.648E-05
,Floor Area per Total Capacity [m2/W],1.479E-02
,Total Capacity per Floor Area [W/m2],6.761E+01
,Number of People,0.0


Estimated Heating Peak Load Components

,,Sensible - Instant [W],Sensible - Delayed [W],Sensible - Return Air [W],Latent [W],Total [W],%Grand Total,Related Area [m2],Total per Area [W/m2]
,People,0.00,0.00,,0.00,0.00,-0.00,33.20,0.00
,Lights,0.00,0.00,0.00,,0.00,-0.00,33.20,0.00
,Equipment,0.00,0.00,,0.00,0.00,-0.00,33.20,0.00
,Refrigeration,0.00,,0.00,0.00,0.00,-0.00,33.20,0.00
,Water Use Equipment,0.00,,,0.00,0.00,-0.00,33.20,0.00
,HVAC Equipment Losses,0.00,0.00,,,0.00,-0.00,,
,Power Generation Equipment,0.00,0.00,,,0.00,-0.00,,
,DOAS Direct to Zone,0.00,,,0.00,0.00,-0.00,,
,Infiltration,0.00,,,0.00,0.00,-0.00,103.85,0.00
,Zone Ventilation,0.00,,,0.00,0.00,-0.00,,
,Interzone Mixing,0.00,,,0.00,0.00,-0.00,,
,Roof,,-11.1,,,-11.1,1.09,33.20,-0.3
,Interzone Ceiling,,0.00,,,0.00,-0.00,0.00,
,Other Roof,,0.00,,,0.00,-0.00,33.20,0.00
,Exterior Wall,,-328.3,,,-328.3,32.30,103.85,-3.2
,Interzone Wall,,0.00,,,0.00,-0.00,0.00,
,Ground Contact Wall,,0.00,,,0.00,-0.00,0.00,
,Other Wall,,0.00,,,0.00,-0.00,103.85,0.00
,Exterior Floor,,0.00,,,0.00,-0.00,0.00,
,Interzone Floor,,0.73,,,0.73,-0.1,33.20,0.02
,Ground Contact Floor,,0.00,,,0.00,-0.00,0.00,
,Other Floor,,0.00,,,0.00,-0.00,33.20,0.00
,Fenestration Conduction,-677.8,,,,-677.8,66.68,5.03,-134.7
,Fenestration Solar,,0.00,,,0.00,-0.00,5.03,0.00
,Opaque Door,,0.00,,,0.00,-0.00,0.00,
,Grand Total,-677.8,-338.7,0.00,0.00,-1016.5,,,


Heating Peak Conditions

,,Value
,Time of Peak Load,1/13 24:00:00
,Outside Dry Bulb Temperature [C],-8.4
,Outside Wet Bulb Temperature [C],-8.4
,Outside Humidity Ratio at Peak [kgWater/kgDryAir],0.00194
,Zone Dry Bulb Temperature [C],20.00
,Zone Relative Humidity [%],13.50
,Zone Humidity Ratio at Peak [kgWater/kgDryAir],0.00194
,Supply Air Temperature [C],35.00
,Mixed Air Temperature [C],
,Main Fan Air Flow [m3/s],0.06
,Outside Air Flow [m3/s],0.01
,Peak Sensible Load with Sizing Factor [W],-1270.6
,Difference Due to Sizing Factor [W],-254.1
,Peak Sensible Load [W],-1016.5
,Estimated Instant + Delayed Sensible Load [W],-1016.5
,Difference Between Peak and Estimated Sensible Load [W],-0.0


Engineering Checks for Heating

,,Value
,Outside Air Fraction [fraction],0.1735
,Airflow per Floor Area [m3/s-m2],1.762E-03
,Airflow per Total Capacity [m3/s-W],-4.603E-05
,Floor Area per Total Capacity [m2/W],-2.613E-02
,Total Capacity per Floor Area [W/m2],-3.827E+01
,Number of People,0.0


----------------------------------------------------------------------------------------------------
REPORT:,Zone Component Load Summary
FOR:,ZONEFLOOR8
Estimated Cooling Peak Load Components

,,Sensible - Instant [W],Sensible - Delayed [W],Sensible - Return Air [W],Latent [W],Total [W],%Grand Total,Related Area [m2],Total per Area [W/m2]
,People,0.00,0.00,,0.00,0.00,0.00,25.70,0.00
,Lights,0.00,0.00,0.00,,0.00,0.00,25.70,0.00
,Equipment,0.00,0.00,,0.00,0.00,0.00,25.70,0.00
,Refrigeration,0.00,,0.00,0.00,0.00,0.00,25.70,0.00
,Water Use Equipment,0.00,,,0.00,0.00,0.00,25.70,0.00
,HVAC Equipment Losses,0.00,0.00,,,0.00,0.00,,
,Power Generation Equipment,0.00,0.00,,,0.00,0.00,,
,DOAS Direct to Zone,0.00,,,0.00,0.00,0.00,,
,Infiltration,0.00,,,0.00,0.00,0.00,92.40,0.00
,Zone Ventilation,0.00,,,0.00,0.00,0.00,,
,Interzone Mixing,0.00,,,0.00,0.00,0.00,,
,Roof,,9.00,,,9.00,1.23,25.70,0.35
,Interzone Ceiling,,0.00,,,0.00,0.00,0.00,
,Other Roof,,0.00,,,0.00,0.00,25.70,0.00
,Exterior Wall,,-81.3,,,-81.3,-11.1,92.40,-0.9
,Interzone Wall,,0.00,,,0.00,0.00,0.00,
,Ground Contact Wall,,0.00,,,0.00,0.00,0.00,
,Other Wall,,0.00,,,0.00,0.00,92.40,0.00
,Exterior Floor,,0.00,,,0.00,0.00,0.00,
,Interzone Floor,,363.26,,,363.26,49.53,25.70,14.13
,Ground Contact Floor,,0.00,,,0.00,0.00,0.00,
,Other Floor,,0.00,,,0.00,0.00,25.70,0.00
,Fenestration Conduction,-15.4,,,,-15.4,-2.1,4.39,-3.5
,Fenestration Solar,,457.89,,,457.89,62.43,4.39,104.31
,Opaque Door,,0.00,,,0.00,0.00,0.00,
,Grand Total,-15.4,748.88,0.00,0.00,733.46,,,


Cooling Peak Conditions

,,Value
,Time of Peak Load,7/15 19:15:00
,Outside Dry Bulb Temperature [C],25.17
,Outside Wet Bulb Temperature [C],19.19
,Outside Humidity Ratio at Peak [kgWater/kgDryAir],0.01146
,Zone Dry Bulb Temperature [C],30.00
,Zone Relative Humidity [%],43.15
,Zone Humidity Ratio at Peak [kgWater/kgDryAir],0.01145
,Supply Air Temperature [C],14.00
,Mixed Air Temperature [C],
,Main Fan Air Flow [m3/s],0.04
,Outside Air Flow [m3/s],0.01
,Peak Sensible Load with Sizing Factor [W],843.48
,Difference Due to Sizing Factor [W],110.02
,Peak Sensible Load [W],733.46
,Estimated Instant + Delayed Sensible Load [W],733.46
,Difference Between Peak and Estimated Sensible Load [W],0.00


Engineering Checks for Cooling

,,Value
,Outside Air Fraction [fraction],0.2003
,Airflow per Floor Area [m3/s-m2],1.525E-03
,Airflow per Total Capacity [m3/s-W],4.648E-05
,Floor Area per Total Capacity [m2/W],3.047E-02
,Total Capacity per Floor Area [W/m2],3.282E+01
,Number of People,0.0


Estimated Heating Peak Load Components

,,Sensible - Instant [W],Sensible - Delayed [W],Sensible - Return Air [W],Latent [W],Total [W],%Grand Total,Related Area [m2],Total per Area [W/m2]
,People,0.00,0.00,,0.00,0.00,-0.00,25.70,0.00
,Lights,0.00,0.00,0.00,,0.00,-0.00,25.70,0.00
,Equipment,0.00,0.00,,0.00,0.00,-0.00,25.70,0.00
,Refrigeration,0.00,,0.00,0.00,0.00,-0.00,25.70,0.00
,Water Use Equipment,0.00,,,0.00,0.00,-0.00,25.70,0.00
,HVAC Equipment Losses,0.00,0.00,,,0.00,-0.00,,
,Power Generation Equipment,0.00,0.00,,,0.00,-0.00,,
,DOAS Direct to Zone,0.00,,,0.00,0.00,-0.00,,
,Infiltration,0.00,,,0.00,0.00,-0.00,92.40,0.00
,Zone Ventilation,0.00,,,0.00,0.00,-0.00,,
,Interzone Mixing,0.00,,,0.00,0.00,-0.00,,
,Roof,,-8.6,,,-8.6,0.91,25.70,-0.3
,Interzone Ceiling,,0.00,,,0.00,-0.00,0.00,
,Other Roof,,0.00,,,0.00,-0.00,25.70,0.00
,Exterior Wall,,-289.3,,,-289.3,30.90,92.40,-3.1
,Interzone Wall,,0.00,,,0.00,-0.00,0.00,
,Ground Contact Wall,,0.00,,,0.00,-0.00,0.00,
,Other Wall,,0.00,,,0.00,-0.00,92.40,0.00
,Exterior Floor,,0.00,,,0.00,-0.00,0.00,
,Interzone Floor,,0.60,,,0.60,-0.1,25.70,0.02
,Ground Contact Floor,,0.00,,,0.00,-0.00,0.00,
,Other Floor,,0.00,,,0.00,-0.00,25.70,0.00
,Fenestration Conduction,-639.1,,,,-639.1,68.25,4.39,-145.6
,Fenestration Solar,,0.00,,,0.00,-0.00,4.39,0.00
,Opaque Door,,0.00,,,0.00,-0.00,0.00,
,Grand Total,-639.1,-297.3,0.00,0.00,-936.4,,,


Heating Peak Conditions

,,Value
,Time of Peak Load,1/13 24:00:00
,Outside Dry Bulb Temperature [C],-8.4
,Outside Wet Bulb Temperature [C],-8.4
,Outside Humidity Ratio at Peak [kgWater/kgDryAir],0.00194
,Zone Dry Bulb Temperature [C],20.00
,Zone Relative Humidity [%],13.50
,Zone Humidity Ratio at Peak [kgWater/kgDryAir],0.00194
,Supply Air Temperature [C],35.00
,Mixed Air Temperature [C],
,Main Fan Air Flow [m3/s],0.05
,Outside Air Flow [m3/s],0.01
,Peak Sensible Load with Sizing Factor [W],-1170.6
,Difference Due to Sizing Factor [W],-234.1
,Peak Sensible Load [W],-936.4
,Estimated Instant + Delayed Sensible Load [W],-936.4
,Difference Between Peak and Estimated Sensible Load [W],0.00


Engineering Checks for Heating

,,Value
,Outside Air Fraction [fraction],0.1457
,Airflow per Floor Area [m3/s-m2],2.096E-03
,Airflow per Total Capacity [m3/s-W],-4.603E-05
,Floor Area per Total Capacity [m2/W],-2.196E-02
,Total Capacity per Floor Area [W/m2],-4.554E+01
,Number of People,0.0


----------------------------------------------------------------------------------------------------
REPORT:,Zone Component Load Summary
FOR:,ZONEFLOOR9
Estimated Cooling Peak Load Components

,,Sensible - Instant [W],Sensible - Delayed [W],Sensible - Return Air [W],Latent [W],Total [W],%Grand Total,Related Area [m2],Total per Area [W/m2]
,People,,,,,0.00,,61.50,0.00
,Lights,,,,,0.00,,61.50,0.00
,Equipment,,,,,0.00,,61.50,0.00
,Refrigeration,,,,,0.00,,61.50,0.00
,Water Use Equipment,,,,,0.00,,61.50,0.00
,HVAC Equipment Losses,,,,,0.00,,,
,Power Generation Equipment,,,,,0.00,,,
,DOAS Direct to Zone,,,,,0.00,,,
,Infiltration,,,,,0.00,,85.60,0.00
,Zone Ventilation,,,,,0.00,,,
,Interzone Mixing,,,,,0.00,,,
,Roof,,,,,0.00,,61.50,0.00
,Interzone Ceiling,,,,,0.00,,0.00,
,Other Roof,,,,,0.00,,61.50,0.00
,Exterior Wall,,,,,0.00,,85.60,0.00
,Interzone Wall,,,,,0.00,,0.00,
,Ground Contact Wall,,,,,0.00,,0.00,
,Other Wall,,,,,0.00,,85.60,0.00
,Exterior Floor,,,,,0.00,,0.00,
,Interzone Floor,,,,,0.00,,61.50,0.00
,Ground Contact Floor,,,,,0.00,,0.00,
,Other Floor,,,,,0.00,,61.50,0.00
,Fenestration Conduction,,,,,0.00,,0.00,
,Fenestration Solar,,,,,0.00,,0.00,
,Opaque Door,,,,,0.00,,0.00,
,Grand Total,0.00,0.00,0.00,0.00,0.00,,,


Cooling Peak Conditions

,,Value
,Time of Peak Load,
,Outside Dry Bulb Temperature [C],
,Outside Wet Bulb Temperature [C],
,Outside Humidity Ratio at Peak [kgWater/kgDryAir],
,Zone Dry Bulb Temperature [C],
,Zone Relative Humidity [%],
,Zone Humidity Ratio at Peak [kgWater/kgDryAir],
,Supply Air Temperature [C],0.00
,Mixed Air Temperature [C],
,Main Fan Air Flow [m3/s],0.00
,Outside Air Flow [m3/s],0.00
,Peak Sensible Load with Sizing Factor [W],0.00
,Difference Due to Sizing Factor [W],0.00
,Peak Sensible Load [W],0.00
,Estimated Instant + Delayed Sensible Load [W],0.00
,Difference Between Peak and Estimated Sensible Load [W],0.00


Engineering Checks for Cooling

,,Value
,Outside Air Fraction [fraction],0.0000
,Airflow per Floor Area [m3/s-m2],0.000E+00
,Airflow per Total Capacity [m3/s-W],0.000E+00
,Floor Area per Total Capacity [m2/W],0.000E+00
,Total Capacity per Floor Area [W/m2],0.000E+00
,Number of People,0.0


Estimated Heating Peak Load Components

,,Sensible - Instant [W],Sensible - Delayed [W],Sensible - Return Air [W],Latent [W],Total [W],%Grand Total,Related Area [m2],Total per Area [W/m2]
,People,0.00,0.00,,0.00,0.00,-0.00,61.50,0.00
,Lights,0.00,0.00,0.00,,0.00,-0.00,61.50,0.00
,Equipment,0.00,0.00,,0.00,0.00,-0.00,61.50,0.00
,Refrigeration,0.00,,0.00,0.00,0.00,-0.00,61.50,0.00
,Water Use Equipment,0.00,,,0.00,0.00,-0.00,61.50,0.00
,HVAC Equipment Losses,0.00,0.00,,,0.00,-0.00,,
,Power Generation Equipment,0.00,0.00,,,0.00,-0.00,,
,DOAS Direct to Zone,0.00,,,0.00,0.00,-0.00,,
,Infiltration,0.00,,,0.00,0.00,-0.00,85.60,0.00
,Zone Ventilation,0.00,,,0.00,0.00,-0.00,,
,Interzone Mixing,0.00,,,0.00,0.00,-0.00,,
,Roof,,-22.5,,,-22.5,8.04,61.50,-0.4
,Interzone Ceiling,,0.00,,,0.00,-0.00,0.00,
,Other Roof,,0.00,,,0.00,-0.00,61.50,0.00
,Exterior Wall,,-258.4,,,-258.4,92.12,85.60,-3.0
,Interzone Wall,,0.00,,,0.00,-0.00,0.00,
,Ground Contact Wall,,0.00,,,0.00,-0.00,0.00,
,Other Wall,,0.00,,,0.00,-0.00,85.60,0.00
,Exterior Floor,,0.00,,,0.00,-0.00,0.00,
,Interzone Floor,,0.44,,,0.44,-0.2,61.50,0.01
,Ground Contact Floor,,0.00,,,0.00,-0.00,0.00,
,Other Floor,,0.00,,,0.00,-0.00,61.50,0.00
,Fenestration Conduction,0.00,,,,0.00,-0.00,0.00,
,Fenestration Solar,,0.00,,,0.00,-0.00,0.00,
,Opaque Door,,0.00,,,0.00,-0.00,0.00,
,Grand Total,0.00,-280.5,0.00,0.00,-280.5,,,


Heating Peak Conditions

,,Value
,Time of Peak Load,1/13 24:00:00
,Outside Dry Bulb Temperature [C],-8.4
,Outside Wet Bulb Temperature [C],-8.4
,Outside Humidity Ratio at Peak [kgWater/kgDryAir],0.00194
,Zone Dry Bulb Temperature [C],20.00
,Zone Relative Humidity [%],13.50
,Zone Humidity Ratio at Peak [kgWater/kgDryAir],0.00194
,Supply Air Temperature [C],35.00
,Mixed Air Temperature [C],
,Main Fan Air Flow [m3/s],0.02
,Outside Air Flow [m3/s],0.02
,Peak Sensible Load with Sizing Factor [W],-350.6
,Difference Due to Sizing Factor [W],-70.1
,Peak Sensible Load [W],-280.5
,Estimated Instant + Delayed Sensible Load [W],-280.5
,Difference Between Peak and Estimated Sensible Load [W],-0.0


Engineering Checks for Heating

,,Value
,Outside Air Fraction [fraction],1.1644
,Airflow per Floor Area [m3/s-m2],2.624E-04
,Airflow per Total Capacity [m3/s-W],-4.603E-05
,Floor Area per Total Capacity [m2/W],-1.754E-01
,Total Capacity per Floor Area [W/m2],-5.701E+00
,Number of People,0.0


----------------------------------------------------------------------------------------------------
REPORT:,Annual Heat Emissions Summary
FOR:,Entire Facility
Heat Emission by Components

,,Envelope Convection,Zone Exfiltration,Zone Exhaust Air,HVAC Relief Air,HVAC Reject Heat,Total
,Heat Emissions [kWh],-236.0,4601.52,0.00,0.00,0.00,4367.60


----------------------------------------------------------------------------------------------------
REPORT:,Climatic Data Summary
FOR:,Entire Facility
SizingPeriod:DesignDay

,,Maximum Dry Bulb [C],Daily Temperature Range [deltaC],Humidity Value,Humidity Type,Wind Speed [m/s],Wind Direction
,SUMMER DESIGN DAY JUL,28.80,8.70,19.70,Wetbulb [C],0.00,0.00
,WINTER DESIGN DAY DEC,-8.40,0.00,-8.40,Wetbulb [C],12.10,0.00


Weather Statistics File

,,Value
,None,


----------------------------------------------------------------------------------------------------
REPORT:,Envelope Summary
FOR:,Entire Facility
Opaque Exterior

,,Construction,Reflectance,U-Factor with Film [W/m2-K],U-Factor no Film [W/m2-K],Gross Area [m2],Net Area [m2],Azimuth [deg],Tilt [deg],Cardinal Direction
,ZONEFLOOR0_WALL_0,HTTP://UESL_DATA/SOURCES/ARCHETYPES/WALLS/WALL1918_BRICK_DL_MEDIUM,0.40,0.177,0.182,38.72,33.29,62.77,90.00,E
,ZONEFLOOR0_WALL_1,HTTP://UESL_DATA/SOURCES/ARCHETYPES/WALLS/WALL1918_BRICK_DL_MEDIUM_INTERNAL_WALL,0.40,0.098,0.100,19.09,19.09,162.09,90.00,S
,ZONEFLOOR0_WALL_2,HTTP://UESL_DATA/SOURCES/ARCHETYPES/WALLS/WALL1918_BRICK_DL_MEDIUM_INTERNAL_WALL,0.40,0.098,0.100,23.02,23.02,285.94,90.00,W
,ZONEFLOOR0_WALL_3,HTTP://UESL_DATA/SOURCES/ARCHETYPES/WALLS/WALL1918_BRICK_DL_MEDIUM_INTERNAL_WALL,0.40,0.098,0.100,23.02,23.02,285.94,90.00,W
,ZONEFLOOR0_GROUNDFLOOR,HTTP://UESL_DATA/SOURCES/ARCHETYPES/GROUNDS/GROUND1918_CONCRETE_MEDIUM,0.40,0.088,0.089,33.24,33.24,242.77,180.00,
,ZONEFLOOR1_WALL_0,HTTP://UESL_DATA/SOURCES/ARCHETYPES/WALLS/WALL1918_BRICK_DL_MEDIUM,0.40,0.177,0.182,33.79,29.03,152.93,90.00,S
,ZONEFLOOR1_WALL_1,HTTP://UESL_DATA/SOURCES/ARCHETYPES/WALLS/WALL1918_BRICK_DL_MEDIUM_INTERNAL_WALL,0.40,0.098,0.100,19.09,19.09,252.09,90.00,W
,ZONEFLOOR1_WALL_2,HTTP://UESL_DATA/SOURCES/ARCHETYPES/WALLS/WALL1918_BRICK_DL_MEDIUM_INTERNAL_WALL,0.40,0.098,0.100,19.79,19.79,25.96,90.00,N
,ZONEFLOOR1_WALL_3,HTTP://UESL_DATA/SOURCES/ARCHETYPES/WALLS/WALL1918_BRICK_DL_MEDIUM_INTERNAL_WALL,0.40,0.098,0.100,19.79,19.79,25.96,90.00,N
,ZONEFLOOR1_GROUNDFLOOR,HTTP://UESL_DATA/SOURCES/ARCHETYPES/GROUNDS/GROUND1918_CONCRETE_MEDIUM,0.40,0.088,0.089,25.72,25.72,332.93,180.00,
,ZONEFLOOR2_WALL_0,HTTP://UESL_DATA/SOURCES/ARCHETYPES/WALLS/WALL1918_BRICK_DL_MEDIUM,0.40,0.177,0.182,38.71,33.28,242.80,90.00,W
,ZONEFLOOR2_WALL_1,HTTP://UESL_DATA/SOURCES/ARCHETYPES/WALLS/WALL1918_BRICK_DL_MEDIUM_INTERNAL_WALL,0.40,0.098,0.100,19.09,19.09,342.09,90.00,N
,ZONEFLOOR2_WALL_2,HTTP://UESL_DATA/SOURCES/ARCHETYPES/WALLS/WALL1918_BRICK_DL_MEDIUM_INTERNAL_WALL,0.40,0.098,0.100,23.02,23.02,105.99,90.00,E
,ZONEFLOOR2_WALL_3,HTTP://UESL_DATA/SOURCES/ARCHETYPES/WALLS/WALL1918_BRICK_DL_MEDIUM_INTERNAL_WALL,0.40,0.098,0.100,23.02,23.02,105.99,90.00,E
,ZONEFLOOR2_GROUNDFLOOR,HTTP://UESL_DATA/SOURCES/ARCHETYPES/GROUNDS/GROUND1918_CONCRETE_MEDIUM,0.40,0.088,0.089,33.20,33.20,62.80,180.00,
,ZONEFLOOR3_WALL_0,HTTP://UESL_DATA/SOURCES/ARCHETYPES/WALLS/WALL1918_BRICK_DL_MEDIUM,0.40,0.177,0.182,33.77,29.02,332.91,90.00,N
,ZONEFLOOR3_WALL_1,HTTP://UESL_DATA/SOURCES/ARCHETYPES/WALLS/WALL1918_BRICK_DL_MEDIUM_INTERNAL_WALL,0.40,0.098,0.100,19.09,19.09,72.09,90.00,E
,ZONEFLOOR3_WALL_2,HTTP://UESL_DATA/SOURCES/ARCHETYPES/WALLS/WALL1918_BRICK_DL_MEDIUM_INTERNAL_WALL,0.40,0.098,0.100,19.77,19.77,205.99,90.00,S
,ZONEFLOOR3_WALL_3,HTTP://UESL_DATA/SOURCES/ARCHETYPES/WALLS/WALL1918_BRICK_DL_MEDIUM_INTERNAL_WALL,0.40,0.098,0.100,19.77,19.77,205.99,90.00,S
,ZONEFLOOR3_GROUNDFLOOR,HTTP://UESL_DATA/SOURCES/ARCHETYPES/GROUNDS/GROUND1918_CONCRETE_MEDIUM,0.40,0.088,0.089,25.70,25.70,152.91,180.00,
,ZONEFLOOR4_WALL_0,HTTP://UESL_DATA/SOURCES/ARCHETYPES/WALLS/WALL1918_BRICK_DL_MEDIUM_INTERNAL_WALL,0.40,0.098,0.100,23.02,23.02,105.94,90.00,E
,ZONEFLOOR4_WALL_1,HTTP://UESL_DATA/SOURCES/ARCHETYPES/WALLS/WALL1918_BRICK_DL_MEDIUM_INTERNAL_WALL,0.40,0.098,0.100,19.79,19.79,205.96,90.00,S
,ZONEFLOOR4_WALL_2,HTTP://UESL_DATA/SOURCES/ARCHETYPES/WALLS/WALL1918_BRICK_DL_MEDIUM_INTERNAL_WALL,0.40,0.098,0.100,23.02,23.02,285.99,90.00,W
,ZONEFLOOR4_WALL_3,HTTP://UESL_DATA/SOURCES/ARCHETYPES/WALLS/WALL1918_BRICK_DL_MEDIUM_INTERNAL_WALL,0.40,0.098,0.100,19.77,19.77,25.99,90.00,N
,ZONEFLOOR4_GROUNDFLOOR,HTTP://UESL_DATA/SOURCES/ARCHETYPES/GROUNDS/GROUND1918_CONCRETE_MEDIUM,0.40,0.088,0.089,61.50,61.50,285.94,180.00,
,ZONEFLOOR5_WALL_0,HTTP://UESL_DATA/SOURCES/ARCHETYPES/WALLS/WALL1918_BRICK_DL_MEDIUM,0.40,0.177,0.182,38.72,33.29,62.77,90.00,E
,ZONEFLOOR5_WALL_1,HTTP://UESL_DATA/SOURCES/ARCHETYPES/WALLS/WALL1918_BRICK_DL_MEDIUM_INTERNAL_WALL,0.40,0.098,0.100,19.09,19.09,162.09,90.00,S
,ZONEFLOOR5_WALL_2,HTTP://UESL_DATA/SOURCES/ARCHETYPES/WALLS/WALL1918_BRICK_DL_MEDIUM_INTERNAL_WALL,0.40,0.098,0.100,23.02,23.02,285.94,90.00,W
,ZONEFLOOR5_WALL_3,HTTP://UESL_DATA/SOURCES/ARCHETYPES/WALLS/WALL1918_BRICK_DL_MEDIUM_INTERNAL_WALL,0.40,0.098,0.100,23.02,23.02,285.94,90.00,W
,ZONEFLOOR5_ROOF,HTTP://UESL_DATA/SOURCES/ARCHETYPES/ROOFS/ROOF1918_PEATFIBER_MEDIUM,0.40,0.014,0.014,33.24,33.24,285.94,0.00,
,ZONEFLOOR6_WALL_0,HTTP://UESL_DATA/SOURCES/ARCHETYPES/WALLS/WALL1918_BRICK_DL_MEDIUM,0.40,0.177,0.182,33.79,29.03,152.93,90.00,S
,ZONEFLOOR6_WALL_1,HTTP://UESL_DATA/SOURCES/ARCHETYPES/WALLS/WALL1918_BRICK_DL_MEDIUM_INTERNAL_WALL,0.40,0.098,0.100,19.09,19.09,252.09,90.00,W
,ZONEFLOOR6_WALL_2,HTTP://UESL_DATA/SOURCES/ARCHETYPES/WALLS/WALL1918_BRICK_DL_MEDIUM_INTERNAL_WALL,0.40,0.098,0.100,19.79,19.79,25.96,90.00,N
,ZONEFLOOR6_WALL_3,HTTP://UESL_DATA/SOURCES/ARCHETYPES/WALLS/WALL1918_BRICK_DL_MEDIUM_INTERNAL_WALL,0.40,0.098,0.100,19.79,19.79,25.96,90.00,N
,ZONEFLOOR6_ROOF,HTTP://UESL_DATA/SOURCES/ARCHETYPES/ROOFS/ROOF1918_PEATFIBER_MEDIUM,0.40,0.014,0.014,25.72,25.72,25.96,0.00,
,ZONEFLOOR7_WALL_0,HTTP://UESL_DATA/SOURCES/ARCHETYPES/WALLS/WALL1918_BRICK_DL_MEDIUM,0.40,0.177,0.182,38.71,33.28,242.80,90.00,W
,ZONEFLOOR7_WALL_1,HTTP://UESL_DATA/SOURCES/ARCHETYPES/WALLS/WALL1918_BRICK_DL_MEDIUM_INTERNAL_WALL,0.40,0.098,0.100,19.09,19.09,342.09,90.00,N
,ZONEFLOOR7_WALL_2,HTTP://UESL_DATA/SOURCES/ARCHETYPES/WALLS/WALL1918_BRICK_DL_MEDIUM_INTERNAL_WALL,0.40,0.098,0.100,23.02,23.02,105.99,90.00,E
,ZONEFLOOR7_WALL_3,HTTP://UESL_DATA/SOURCES/ARCHETYPES/WALLS/WALL1918_BRICK_DL_MEDIUM_INTERNAL_WALL,0.40,0.098,0.100,23.02,23.02,105.99,90.00,E
,ZONEFLOOR7_ROOF,HTTP://UESL_DATA/SOURCES/ARCHETYPES/ROOFS/ROOF1918_PEATFIBER_MEDIUM,0.40,0.014,0.014,33.20,33.20,105.99,0.00,
,ZONEFLOOR8_WALL_0,HTTP://UESL_DATA/SOURCES/ARCHETYPES/WALLS/WALL1918_BRICK_DL_MEDIUM,0.40,0.177,0.182,33.77,29.02,332.91,90.00,N
,ZONEFLOOR8_WALL_1,HTTP://UESL_DATA/SOURCES/ARCHETYPES/WALLS/WALL1918_BRICK_DL_MEDIUM_INTERNAL_WALL,0.40,0.098,0.100,19.09,19.09,72.09,90.00,E
,ZONEFLOOR8_WALL_2,HTTP://UESL_DATA/SOURCES/ARCHETYPES/WALLS/WALL1918_BRICK_DL_MEDIUM_INTERNAL_WALL,0.40,0.098,0.100,19.77,19.77,205.99,90.00,S
,ZONEFLOOR8_WALL_3,HTTP://UESL_DATA/SOURCES/ARCHETYPES/WALLS/WALL1918_BRICK_DL_MEDIUM_INTERNAL_WALL,0.40,0.098,0.100,19.77,19.77,205.99,90.00,S
,ZONEFLOOR8_ROOF,HTTP://UESL_DATA/SOURCES/ARCHETYPES/ROOFS/ROOF1918_PEATFIBER_MEDIUM,0.40,0.014,0.014,25.70,25.70,205.99,0.00,
,ZONEFLOOR9_WALL_0,HTTP://UESL_DATA/SOURCES/ARCHETYPES/WALLS/WALL1918_BRICK_DL_MEDIUM_INTERNAL_WALL,0.40,0.098,0.100,23.02,23.02,105.94,90.00,E
,ZONEFLOOR9_WALL_1,HTTP://UESL_DATA/SOURCES/ARCHETYPES/WALLS/WALL1918_BRICK_DL_MEDIUM_INTERNAL_WALL,0.40,0.098,0.100,19.79,19.79,205.96,90.00,S
,ZONEFLOOR9_WALL_2,HTTP://UESL_DATA/SOURCES/ARCHETYPES/WALLS/WALL1918_BRICK_DL_MEDIUM_INTERNAL_WALL,0.40,0.098,0.100,23.02,23.02,285.99,90.00,W
,ZONEFLOOR9_WALL_3,HTTP://UESL_DATA/SOURCES/ARCHETYPES/WALLS/WALL1918_BRICK_DL_MEDIUM_INTERNAL_WALL,0.40,0.098,0.100,19.77,19.77,25.99,90.00,N
,ZONEFLOOR9_ROOF,HTTP://UESL_DATA/SOURCES/ARCHETYPES/ROOFS/ROOF1918_PEATFIBER_MEDIUM,0.40,0.014,0.014,61.50,61.50,285.99,0.00,


Opaque Interior

,,Construction,Reflectance,U-Factor with Film [W/m2-K],U-Factor no Film [W/m2-K],Gross Area [m2],Net Area [m2],Azimuth [deg],Tilt [deg],Cardinal Direction
,ZONEFLOOR0_CEILING,HTTP://UESL_DATA/SOURCES/ARCHETYPES/FLOORS/CESAR_DEFAULT_INTERNAL_CEILING,0.40,0.045,0.045,33.24,33.24,285.94,0.00,
,ZONEFLOOR1_CEILING,HTTP://UESL_DATA/SOURCES/ARCHETYPES/FLOORS/CESAR_DEFAULT_INTERNAL_CEILING,0.40,0.045,0.045,25.72,25.72,25.96,0.00,
,ZONEFLOOR2_CEILING,HTTP://UESL_DATA/SOURCES/ARCHETYPES/FLOORS/CESAR_DEFAULT_INTERNAL_CEILING,0.40,0.045,0.045,33.20,33.20,105.99,0.00,
,ZONEFLOOR3_CEILING,HTTP://UESL_DATA/SOURCES/ARCHETYPES/FLOORS/CESAR_DEFAULT_INTERNAL_CEILING,0.40,0.045,0.045,25.70,25.70,205.99,0.00,
,ZONEFLOOR4_CEILING,HTTP://UESL_DATA/SOURCES/ARCHETYPES/FLOORS/CESAR_DEFAULT_INTERNAL_CEILING,0.40,0.045,0.045,61.50,61.50,285.99,0.00,
,ZONEFLOOR5_FLOOR,HTTP://UESL_DATA/SOURCES/ARCHETYPES/FLOORS/CESAR_DEFAULT_INTERNAL_CEILING_MIRRORED,0.40,0.045,0.045,33.24,33.24,242.77,180.00,
,ZONEFLOOR6_FLOOR,HTTP://UESL_DATA/SOURCES/ARCHETYPES/FLOORS/CESAR_DEFAULT_INTERNAL_CEILING_MIRRORED,0.40,0.045,0.045,25.72,25.72,332.93,180.00,
,ZONEFLOOR7_FLOOR,HTTP://UESL_DATA/SOURCES/ARCHETYPES/FLOORS/CESAR_DEFAULT_INTERNAL_CEILING_MIRRORED,0.40,0.045,0.045,33.20,33.20,62.80,180.00,
,ZONEFLOOR8_FLOOR,HTTP://UESL_DATA/SOURCES/ARCHETYPES/FLOORS/CESAR_DEFAULT_INTERNAL_CEILING_MIRRORED,0.40,0.045,0.045,25.70,25.70,152.91,180.00,
,ZONEFLOOR9_FLOOR,HTTP://UESL_DATA/SOURCES/ARCHETYPES/FLOORS/CESAR_DEFAULT_INTERNAL_CEILING_MIRRORED,0.40,0.045,0.045,61.50,61.50,285.94,180.00,


Exterior Fenestration

,,Construction,Glass Area [m2],Frame Area [m2],Divider Area [m2],Area of One Opening [m2],Area of Multiplied Openings [m2],Glass U-Factor [W/m2-K],Glass SHGC,Glass Visible Transmittance,Frame Conductance [W/m2-K],Divider Conductance [W/m2-K],Shade Control,Parent Surface,Azimuth [deg],Tilt [deg],Cardinal Direction
,ZONEFLOOR0_WALL_0_WIN,HTTP://UESL_DATA/SOURCES/ARCHETYPES/WINDOWS/WINDOW1918_STANDARD,5.03,0.39,0.00,5.43,5.43,5.778,0.819,0.881,9.500,0.000,No,ZONEFLOOR0_WALL_0,62.77,90.00,E
,ZONEFLOOR1_WALL_0_WIN,HTTP://UESL_DATA/SOURCES/ARCHETYPES/WINDOWS/WINDOW1918_STANDARD,4.39,0.36,0.00,4.75,4.75,5.778,0.819,0.881,9.500,0.000,No,ZONEFLOOR1_WALL_0,152.93,90.00,S
,ZONEFLOOR2_WALL_0_WIN,HTTP://UESL_DATA/SOURCES/ARCHETYPES/WINDOWS/WINDOW1918_STANDARD,5.03,0.39,0.00,5.43,5.43,5.778,0.819,0.881,9.500,0.000,No,ZONEFLOOR2_WALL_0,242.80,90.00,W
,ZONEFLOOR3_WALL_0_WIN,HTTP://UESL_DATA/SOURCES/ARCHETYPES/WINDOWS/WINDOW1918_STANDARD,4.39,0.36,0.00,4.75,4.75,5.778,0.819,0.881,9.500,0.000,No,ZONEFLOOR3_WALL_0,332.91,90.00,N
,ZONEFLOOR5_WALL_0_WIN,HTTP://UESL_DATA/SOURCES/ARCHETYPES/WINDOWS/WINDOW1918_STANDARD,5.03,0.39,0.00,5.43,5.43,5.778,0.819,0.881,9.500,0.000,No,ZONEFLOOR5_WALL_0,62.77,90.00,E
,ZONEFLOOR6_WALL_0_WIN,HTTP://UESL_DATA/SOURCES/ARCHETYPES/WINDOWS/WINDOW1918_STANDARD,4.39,0.36,0.00,4.75,4.75,5.778,0.819,0.881,9.500,0.000,No,ZONEFLOOR6_WALL_0,152.93,90.00,S
,ZONEFLOOR7_WALL_0_WIN,HTTP://UESL_DATA/SOURCES/ARCHETYPES/WINDOWS/WINDOW1918_STANDARD,5.03,0.39,0.00,5.43,5.43,5.778,0.819,0.881,9.500,0.000,No,ZONEFLOOR7_WALL_0,242.80,90.00,W
,ZONEFLOOR8_WALL_0_WIN,HTTP://UESL_DATA/SOURCES/ARCHETYPES/WINDOWS/WINDOW1918_STANDARD,4.39,0.36,0.00,4.75,4.75,5.778,0.819,0.881,9.500,0.000,No,ZONEFLOOR8_WALL_0,332.91,90.00,N
,Total or Average,,,,,,40.72,5.778,0.819,0.881,,,,,,,
,North Total or Average,,,,,,9.50,5.778,0.819,0.881,,,,,,,
,Non-North Total or Average,,,,,,31.22,5.778,0.819,0.881,,,,,,,


Interior Fenestration

,,Construction,Area of One Opening [m2],Area of Openings [m2],Glass U-Factor [W/m2-K],Glass SHGC,Glass Visible Transmittance,Parent Surface
,Total or Average,,,0.00,-,-,-,


Exterior Door

,,Construction,U-Factor with Film [W/m2-K],U-Factor no Film [W/m2-K],Gross Area [m2],Parent Surface
,None,,,,,


Interior Door

,,Construction,U-Factor with Film [W/m2-K],U-Factor no Film [W/m2-K],Gross Area [m2],Parent Surface
,None,,,,,


----------------------------------------------------------------------------------------------------
REPORT:,Shading Summary
FOR:,Entire Facility
Sunlit Fraction

,,March 21 9am,March 21 noon,March 21 3pm,June 21 9am,June 21 noon,June 21 3pm,December 21 9am,December 21 noon,December 21 3pm
,None,,,,,,,,,


Window Control

,,Name,Type,Shaded Construction,Control,Glare Control
,None,,,,,


----------------------------------------------------------------------------------------------------
REPORT:,Lighting Summary
FOR:,Entire Facility
Interior Lighting

,,Zone,Lighting Power Density [W/m2],Zone Area [m2],Total Power [W],End Use Subcategory,Schedule Name,Scheduled Hours/Week [hr],Hours/Week > 1% [hr],Full Load Hours/Week [hr],Return Air Fraction,Conditioned (Y/N),Consumption [kWh]
,ZONEFLOOR0_LIGHTS,ZONEFLOOR0,2.7416,33.24,91.12,General,SFH_NOMINAL_LIGHTING_FRACTION_SCHEDULE,0.00,0.00,0.00,0.0000,Y,0.00
,ZONEFLOOR1_LIGHTS,ZONEFLOOR1,2.7416,25.72,70.51,General,SFH_NOMINAL_LIGHTING_FRACTION_SCHEDULE,0.00,0.00,0.00,0.0000,Y,0.00
,Interior Lighting Total,,2.7416,58.96,161.63,,,,,,,,0.00


Daylighting

,,Zone,Control Name,Daylighting Method,Control Type,Fraction Controlled,Lighting Installed in Zone [W],Lighting Controlled [W]
,None,,,,,,,


Exterior Lighting

,,Total Watts,Astronomical Clock/Schedule,Schedule Name,Scheduled Hours/Week [hr],Hours/Week > 1% [hr],Full Load Hours/Week [hr],Consumption [kWh]
,Exterior Lighting Total,0.00,,,,,,0.00


----------------------------------------------------------------------------------------------------
REPORT:,Equipment Summary
FOR:,Entire Facility
Central Plant

,,Type,Nominal Capacity [W],Nominal Efficiency [W/W],IPLV in SI Units [W/W],IPLV in IP Units [Btu/W-h]
,None,,,,,


Cooling Coils

,,Type,Design Coil Load [W],Nominal Total Capacity [W],Nominal Sensible Capacity [W],Nominal Latent Capacity [W],Nominal Sensible Heat Ratio,Nominal Efficiency [W/W],Nominal Coil UA Value [W/C],Nominal Coil Surface Area [m2]
,None,,,,,,,,,


DX Cooling Coils

,,DX Cooling Coil Type,Standard Rated Net Cooling Capacity [W],Standard Rated Net COP [W/W],EER [Btu/W-h],SEER User [Btu/W-h],SEER Standard [Btu/W-h],IEER [Btu/W-h]
,None,,,,,,,


DX Cooling Coil ASHRAE 127 Standard Ratings Report

,,DX Cooling Coil Type,Rated Net Cooling Capacity Test A [W],Rated Electric Power Test A [W],Rated Net Cooling Capacity Test B [W],Rated Electric Power Test B [W],Rated Net Cooling Capacity Test C [W],Rated Electric Power Test C [W],Rated Net Cooling Capacity Test D [W],Rated Electric Power Test D [W]
,None,,,,,,,,,


DX Heating Coils

,,DX Heating Coil Type,High Temperature Heating (net) Rating Capacity [W],Low Temperature Heating (net) Rating Capacity [W],HSPF [Btu/W-h],Region Number
,None,,,,,


Heating Coils

,,Type,Design Coil Load [W],Nominal Total Capacity [W],Nominal Efficiency [W/W]
,None,,,,


Fans

,,Type,Total Efficiency [W/W],Delta Pressure [pa],Max Air Flow Rate [m3/s],Rated Electricity Rate [W],Rated Power Per Max Air Flow Rate [W-s/m3],Motor Heat In Air Fraction,Fan Energy Index,End Use Subcategory,Design Day Name for Fan Sizing Peak,Date/Time for Fan Sizing Peak
,None,,,,,,,,,,,


Pumps

,,Type,Control,Head [pa],Water Flow [m3/s],Electricity Rate [W],Power Per Water Flow Rate [W-s/m3],Motor Efficiency [W/W],End Use Subcategory
,HW-PLNT SUPPLY PUMP,Pump:VariableSpeed,Intermittent,20000.00,0.000276,7.88,28490.03,0.90,General
,CW-PLNT SUPPLY PUMP,Pump:VariableSpeed,Intermittent,20000.00,0.002500,71.23,28490.03,0.90,General


Service Water Heating

,,Type,Storage Volume [m3],Input [W],Thermal Efficiency [W/W],Recovery Efficiency [W/W],Energy Factor
,None,,,,,,


----------------------------------------------------------------------------------------------------
REPORT:,HVAC Sizing Summary
FOR:,Entire Facility
Zone Sensible Cooling

,,Calculated Design Load [W],User Design Load [W],User Design Load per Area [W/m2],Calculated Design Air Flow [m3/s],User Design Air Flow [m3/s],Design Day Name,Date/Time Of Peak {TIMESTAMP},Thermostat Setpoint Temperature at Peak Load [C],Indoor Temperature at Peak Load [C],Indoor Humidity Ratio at Peak Load [kgWater/kgDryAir],Outdoor Temperature at Peak Load [C],Outdoor Humidity Ratio at Peak Load [kgWater/kgDryAir],Minimum Outdoor Air Flow Rate [m3/s],Heat Gain Rate from DOAS [W]
,ZONEFLOOR0,1041.77,1198.04,36.04,0.056,0.064,SUMMER DESIGN DAY JUL,7/15 09:45:00,30.00,30.00,0.01146,25.12,0.01146,0.010,0.00
,ZONEFLOOR1,895.70,1030.05,40.05,0.048,0.055,SUMMER DESIGN DAY JUL,7/15 12:30:00,30.00,30.00,0.01146,28.02,0.01147,0.008,0.00
,ZONEFLOOR2,1749.31,2011.71,60.59,0.094,0.108,SUMMER DESIGN DAY JUL,7/15 17:45:00,30.00,30.00,0.01146,26.93,0.01146,0.010,0.00
,ZONEFLOOR3,574.10,660.21,25.69,0.031,0.035,SUMMER DESIGN DAY JUL,7/15 19:00:00,30.00,30.00,0.01146,25.41,0.01146,0.008,0.00
,ZONEFLOOR4,0.00,0.00,0.00,0.000,0.019,SUMMER DESIGN DAY JUL,,29.19,30.00,0.01146,28.80,0.01147,0.019,0.00
,ZONEFLOOR5,1466.64,1686.64,50.74,0.078,0.090,SUMMER DESIGN DAY JUL,7/15 09:30:00,30.00,30.00,0.01145,24.75,0.01146,0.010,0.00
,ZONEFLOOR6,1147.37,1319.48,51.30,0.061,0.071,SUMMER DESIGN DAY JUL,7/15 12:15:00,30.00,30.00,0.01145,27.84,0.01147,0.008,0.00
,ZONEFLOOR7,1951.96,2244.75,67.61,0.104,0.120,SUMMER DESIGN DAY JUL,7/15 17:45:00,30.00,30.00,0.01145,26.93,0.01146,0.010,0.00
,ZONEFLOOR8,733.46,843.48,32.82,0.039,0.045,SUMMER DESIGN DAY JUL,7/15 19:15:00,30.00,30.00,0.01145,25.17,0.01146,0.008,0.00
,ZONEFLOOR9,0.00,0.00,0.00,0.000,0.019,SUMMER DESIGN DAY JUL,,22.92,30.00,0.01145,28.80,0.01147,0.019,0.00
The Design Load is the zone sensible load only. It does not include any system effects or ventilation loads.


Zone Sensible Heating

,,Calculated Design Load [W],User Design Load [W],User Design Load per Area [W/m2],Calculated Design Air Flow [m3/s],User Design Air Flow [m3/s],Design Day Name,Date/Time Of Peak {TIMESTAMP},Thermostat Setpoint Temperature at Peak Load [C],Indoor Temperature at Peak Load [C],Indoor Humidity Ratio at Peak Load [kgWater/kgDryAir],Outdoor Temperature at Peak Load [C],Outdoor Humidity Ratio at Peak Load [kgWater/kgDryAir],Minimum Outdoor Air Flow Rate [m3/s],Heat Gain Rate from DOAS [W]
,ZONEFLOOR0,1523.19,1903.99,57.28,0.088,0.110,WINTER DESIGN DAY DEC,1/13 24:00:00,20.00,20.00,0.00194,-8.40,0.00194,0.010,0.00
,ZONEFLOOR1,1244.85,1556.07,60.50,0.072,0.090,WINTER DESIGN DAY DEC,1/13 24:00:00,20.00,20.00,0.00194,-8.40,0.00194,0.008,0.00
,ZONEFLOOR2,980.76,1225.95,36.92,0.056,0.071,WINTER DESIGN DAY DEC,1/13 24:00:00,20.00,20.00,0.00194,-8.40,0.00194,0.010,0.00
,ZONEFLOOR3,900.21,1125.27,43.78,0.052,0.065,WINTER DESIGN DAY DEC,1/13 24:00:00,20.00,20.00,0.00194,-8.40,0.00194,0.008,0.00
,ZONEFLOOR4,255.87,319.84,5.20,0.015,0.019,WINTER DESIGN DAY DEC,1/13 24:00:00,20.00,20.00,0.00194,-8.40,0.00194,0.019,0.00
,ZONEFLOOR5,1070.28,1337.85,40.25,0.062,0.077,WINTER DESIGN DAY DEC,1/13 24:00:00,20.00,20.00,0.00194,-8.40,0.00194,0.010,0.00
,ZONEFLOOR6,890.30,1112.88,43.27,0.051,0.064,WINTER DESIGN DAY DEC,1/13 24:00:00,20.00,20.00,0.00194,-8.40,0.00194,0.008,0.00
,ZONEFLOOR7,1016.47,1270.59,38.27,0.058,0.073,WINTER DESIGN DAY DEC,1/13 24:00:00,20.00,20.00,0.00194,-8.40,0.00194,0.010,0.00
,ZONEFLOOR8,936.44,1170.55,45.54,0.054,0.067,WINTER DESIGN DAY DEC,1/13 24:00:00,20.00,20.00,0.00194,-8.40,0.00194,0.008,0.00
,ZONEFLOOR9,280.49,350.62,5.70,0.016,0.020,WINTER DESIGN DAY DEC,1/13 24:00:00,20.00,20.00,0.00194,-8.40,0.00194,0.019,0.00
The Design Load is the zone sensible load only. It does not include any system effects or ventilation loads.


System Design Air Flow Rates

,,Calculated cooling [m3/s],User cooling [m3/s],Calculated heating [m3/s],User heating [m3/s],Adjusted cooling [m3/s],Adjusted heating [m3/s],Adjusted main [m3/s],Calculated Heating Air Flow Ratio [],User Heating Air Flow Ratio []
,None,,,,,,,,,


Plant Loop Coincident Design Fluid Flow Rate Adjustments

,,Previous Design Volume Flow Rate [m3/s],Algorithm Volume Flow Rate [m3/s],Coincident Design Volume Flow Rate [m3/s],Coincident Size Adjusted,Peak Sizing Period Name,Peak Day into Period {TIMESTAMP}[day],Peak Hour Of Day {TIMESTAMP}[hr],Peak Step Start Minute {TIMESTAMP}[min]
,None,,,,,,,,


Coil Sizing Summary

,,Coil Type,HVAC Type,HVAC Name,Coil Final Gross Total Capacity [W],Coil Final Gross Sensible Capacity [W],Coil Final Reference Air Volume Flow Rate [m3/s],Coil Final Reference Plant Fluid Volume Flow Rate [m3/s],Coil U-value Times Area Value [W/K],Design Day Name at Sensible Ideal Loads Peak,Date/Time at Sensible Ideal Loads Peak,Design Day Name at Air Flow Ideal Loads Peak,Date/Time at Air Flow Ideal Loads Peak,Coil Total Capacity at Ideal Loads Peak [W],Coil Sensible Capacity at Ideal Loads Peak [W],Coil Air Volume Flow Rate at Ideal Loads Peak [m3/s],Coil Entering Air Drybulb at Ideal Loads Peak [C],Coil Entering Air Wetbulb at Ideal Loads Peak [C],Coil Entering Air Humidity Ratio at Ideal Loads Peak [kgWater/kgDryAir],Coil Leaving Air Drybulb at Ideal Loads Peak [C],Coil Leaving Air Wetbulb at Ideal Loads Peak [C],Coil Leaving Air Humidity Ratio at Ideal Loads Peak [kgWater/kgDryAir],Outdoor Air Drybulb at Ideal Loads Peak [C],Outdoor Air Humidity Ratio at Ideal Loads Peak [kgWater/kgDryAir],Outdoor Air Wetbulb at Ideal Loads Peak [C],Outdoor Air Flow Percentage at Ideal Loads Peak [%],Zone Air Drybulb at Ideal Loads Peak [C],Zone Air Humidity Ratio at Ideal Loads Peak [kgWater/kgDryAir],Zone Air Relative Humidity at Ideal Loads Peak [%],Zone Sensible Heat Gain at Ideal Loads Peak [W],Zone Latent Heat Gain at Ideal Loads Peak [W],Coil Total Capacity at Rating Conditions [W],Coil Sensible Capacity at Rating Conditions [W]
,None,,,,,,,,,,,,,,,,,,,,,,,,,,,,,,,,


----------------------------------------------------------------------------------------------------
REPORT:,Coil Sizing Details
FOR:,Entire Facility
Coils

,,Coil Type,Coil Location,HVAC Type,HVAC Name,Zone Name(s),System Sizing Method Concurrence,System Sizing Method Capacity,System Sizing Method Air Flow,Autosized Coil Capacity?,Autosized Coil Airflow?,Autosized Coil Water Flow?,OA Pretreated prior to coil inlet?,Coil Final Gross Total Capacity [W],Coil Final Gross Sensible Capacity [W],Coil Final Reference Air Volume Flow Rate [m3/s],Coil Final Reference Plant Fluid Volume Flow Rate [m3/s],Coil U-value Times Area Value [W/K],Terminal Unit Reheat Coil Multiplier,DX Coil Capacity Increase Ratio from Too Low Flow/Capacity Ratio,DX Coil Capacity Decrease Ratio from Too High Flow/Capacity Ratio,Moist Air Heat Capacity [J/kg-K],Dry Air Heat Capacity [J/kg-K],Standard Air Density Adjusted for Elevation [kg/m3],Supply Fan Name for Coil,Supply Fan Type for Coil,Supply Fan Maximum Air Volume Flow Rate [m3/s],Supply Fan Maximum Air Mass Flow Rate [kg/s],Plant Name for Coil,Plant Fluid Specific Heat Capacity [J/kg-K],Plant Fluid Density [kg/m3],Plant Maximum Fluid Mass Flow Rate [kg/s],Plant Design Fluid Return Temperature [C],Plant Design Fluid Supply Temperature [C],Plant Design Fluid Temperature Difference [deltaC],Plant Design Capacity [W],Coil Capacity Percentage of Plant Design Capacity [%],Coil Fluid Flow Rate Percentage of Plant Design Flow Rate [%],Design Day Name at Sensible Ideal Loads Peak,Date/Time at Sensible Ideal Loads Peak,Design Day Name at Total Ideal Loads Peak,Date/Time at Total Ideal Loads Peak,Design Day Name at Air Flow Ideal Loads Peak,Date/Time at Air Flow Ideal Loads Peak,Peak Load Type to Size On,Coil Total Capacity at Ideal Loads Peak [W],Coil Sensible Capacity at Ideal Loads Peak [W],Coil Off-Rating Capacity Modifier at Ideal Loads Peak [ ],Coil Air Mass Flow Rate at Ideal Loads Peak [kg/s],Coil Air Volume Flow Rate at Ideal Loads Peak [m3/s],Coil Entering Air Drybulb at Ideal Loads Peak [C],Coil Entering Air Wetbulb at Ideal Loads Peak [C],Coil Entering Air Humidity Ratio at Ideal Loads Peak [kgWater/kgDryAir],Coil Entering Air Enthalpy at Ideal Loads Peak [J/KG-K],Coil Leaving Air Drybulb at Ideal Loads Peak [C],Coil Leaving Air Wetbulb at Ideal Loads Peak [C],Coil Leaving Air Humidity Ratio at Ideal Loads Peak [kgWater/kgDryAir],Coil Leaving Air Enthalpy at Ideal Loads Peak [J/KG-K],Coil Plant Fluid Mass Flow Rate at Ideal Loads Peak [kg/s],Coil Entering Plant Fluid Temperature at Ideal Loads Peak [C],Coil Leaving Plant Fluid Temperature at Ideal Loads Peak [C],Coil Plant Fluid Temperature Difference at Ideal Loads Peak [deltaC],Supply Fan Air Heat Gain at Ideal Loads Peak [W],Coil and Fan Net Total Capacity at Ideal Loads Peak [W],Outdoor Air Drybulb at Ideal Loads Peak [C],Outdoor Air Humidity Ratio at Ideal Loads Peak [kgWater/kgDryAir],Outdoor Air Wetbulb at Ideal Loads Peak [C],Outdoor Air Volume Flow Rate at Ideal Loads Peak [m3/s],Outdoor Air Flow Percentage at Ideal Loads Peak [%],System Return Air Drybulb at Ideal Loads Peak [C],System Return Air Humidity Ratio at Ideal Loads Peak [kgWater/kgDryAir],Zone Air Drybulb at Ideal Loads Peak [C],Zone Air Humidity Ratio at Ideal Loads Peak [kgWater/kgDryAir],Zone Air Relative Humidity at Ideal Loads Peak [%],Zone Sensible Heat Gain at Ideal Loads Peak [W],Zone Latent Heat Gain at Ideal Loads Peak [W],Coil Total Capacity at Rating Conditions [W],Coil Sensible Capacity at Rating Conditions [W],Coil Air Mass Flow Rate at Rating Conditions [kg/s],Coil Entering Air Drybulb at Rating Conditions [C],Coil Entering Air Wetbulb at Rating Conditions [C],Coil Entering Air Humidity Ratio at Rating Conditions [kgWater/kgDryAir],Coil Entering Air Enthalpy at Rating Conditions [J/KG-K],Coil Leaving Air Drybulb at Rating Conditions [C],Coil Leaving Air Wetbulb at Rating Conditions [C],Coil Leaving Air Humidity Ratio at Rating Conditions [kgWater/kgDryAir],Coil Leaving Air Enthalpy at Rating Conditions [J/KG-K]
,None,,,,,,,,,,,,,,,,,,,,,,,,,,,,,,,,,,,,,,,,,,,,,,,,,,,,,,,,,,,,,,,,,,,,,,,,,,,,,,,,,,,,,,


----------------------------------------------------------------------------------------------------
REPORT:,System Summary
FOR:,Entire Facility
Economizer

,,High Limit Shutoff Control,Minimum Outdoor Air [m3/s],Maximum Outdoor Air [m3/s],Return Air Temp Limit,Return Air Enthalpy Limit,Outdoor Air Temperature Limit [C],Outdoor Air Enthalpy Limit [C]
,None,,,,,,,


Demand Controlled Ventilation using Controller:MechanicalVentilation

,,Controller:MechanicalVentilation Name,Outdoor Air Per Person [m3/s-person],Outdoor Air Per Area [m3/s-m2],Outdoor Air Per Zone [m3/s],Outdoor Air ACH [ach],Outdoor Air Method,Outdoor Air Schedule Name,Air Distribution Effectiveness in Cooling Mode,Air Distribution Effectiveness in Heating Mode,Air Distribution Effectiveness Schedule Name
,None,,,,,,,,,,


Time Not Comfortable Based on Simple ASHRAE 55-2004

,,Winter Clothes [hr],Summer Clothes [hr],Summer or Winter Clothes [hr]
,ZONEFLOOR0,0.00,0.00,0.00
,ZONEFLOOR1,0.00,0.00,0.00
,ZONEFLOOR2,0.00,0.00,0.00
,ZONEFLOOR3,0.00,0.00,0.00
,ZONEFLOOR4,0.00,0.00,0.00
,ZONEFLOOR5,0.00,0.00,0.00
,ZONEFLOOR6,0.00,0.00,0.00
,ZONEFLOOR7,0.00,0.00,0.00
,ZONEFLOOR8,0.00,0.00,0.00
,ZONEFLOOR9,0.00,0.00,0.00
,Facility,0.00,0.00,0.00
Aggregated over the RunPeriods for Weather


Time Setpoint Not Met

,,During Heating [hr],During Cooling [hr],During Occupied Heating [hr],During Occupied Cooling [hr]
,ZONEFLOOR0,311.75,0.25,0.00,0.00
,ZONEFLOOR1,301.75,10.25,0.00,0.00
,ZONEFLOOR2,305.75,6.00,0.00,0.00
,ZONEFLOOR3,311.25,0.50,0.00,0.00
,ZONEFLOOR4,309.75,2.00,0.00,0.00
,ZONEFLOOR5,309.75,2.00,0.00,0.00
,ZONEFLOOR6,292.50,19.25,0.00,0.00
,ZONEFLOOR7,305.50,6.25,0.00,0.00
,ZONEFLOOR8,310.50,1.25,0.00,0.00
,ZONEFLOOR9,311.75,0.00,0.00,0.00
,Facility,312.00,19.25,0.00,0.00
Aggregated over the RunPeriods for Weather


----------------------------------------------------------------------------------------------------
REPORT:,Outdoor Air Summary
FOR:,Entire Facility
Average Outdoor Air During Occupied Hours

,,Average Number of Occupants,Nominal Number of Occupants,Zone Volume [m3],Mechanical Ventilation [ach],Infiltration [ach],AFN Infiltration [ach],Simple Ventilation [ach]
,ZONEFLOOR0,,0.66,89.74,,,,
,ZONEFLOOR1,,0.51,69.44,,,,
,ZONEFLOOR2,,,89.65,,,,
,ZONEFLOOR3,,,69.39,,,,
,ZONEFLOOR4,,,166.06,,,,
,ZONEFLOOR5,,,89.74,,,,
,ZONEFLOOR6,,,69.44,,,,
,ZONEFLOOR7,,,89.65,,,,
,ZONEFLOOR8,,,69.39,,,,
,ZONEFLOOR9,,,166.06,,,,
Values shown for a single zone without multipliers


Minimum Outdoor Air During Occupied Hours

,,Average Number of Occupants,Nominal Number of Occupants,Zone Volume [m3],Mechanical Ventilation [ach],Infiltration [ach],AFN Infiltration [ach],Simple Ventilation [ach]
,ZONEFLOOR0,,0.66,89.74,,,,
,ZONEFLOOR1,,0.51,69.44,,,,
,ZONEFLOOR2,,,89.65,,,,
,ZONEFLOOR3,,,69.39,,,,
,ZONEFLOOR4,,,166.06,,,,
,ZONEFLOOR5,,,89.74,,,,
,ZONEFLOOR6,,,69.44,,,,
,ZONEFLOOR7,,,89.65,,,,
,ZONEFLOOR8,,,69.39,,,,
,ZONEFLOOR9,,,166.06,,,,
Values shown for a single zone without multipliers


----------------------------------------------------------------------------------------------------
REPORT:,Outdoor Air Details
FOR:,Entire Facility
Mechanical Ventilation Parameters by Zone

,,AirLoop Name,Average Number of Occupants,Nominal Number of Occupants,Zone Volume [m3],Zone Area [m2],Design Zone Outdoor Airflow - Voz [m3/s],Minimum Dynamic Target Ventilation - Voz-dyn-min [m3/s]
,ZONEFLOOR0,,,0.66,89.74,33.24,,0.010
,ZONEFLOOR1,,,0.51,69.44,25.72,,0.008
,ZONEFLOOR2,,,0.00,89.65,33.20,,0.010
,ZONEFLOOR3,,,0.00,69.39,25.70,,0.008
,ZONEFLOOR4,,,0.00,166.06,61.50,,0.019
,ZONEFLOOR5,,,0.00,89.74,33.24,,0.010
,ZONEFLOOR6,,,0.00,69.44,25.72,,0.008
,ZONEFLOOR7,,,0.00,89.65,33.20,,0.010
,ZONEFLOOR8,,,0.00,69.39,25.70,,0.008
,ZONEFLOOR9,,,0.00,166.06,61.50,,0.019
,Total Facility,,0.00,1.18,968.57,358.73,0.0000,0.110


Total Outdoor Air by Zone

,,Mechanical Ventilation [m3],Natural Ventilation [m3],Total Ventilation [m3],Infiltration [m3],Total Ventilation and Infiltration [m3],Dynamic Target Ventilation - Voz-dyn [m3],Time Below Voz-dyn [hr],Time At Voz-dyn [hr],Time Above Voz-dyn [hr],Time Above Zero When Unoccupied [hr]
,ZONEFLOOR0,0.00,0.00,0.00,15984.93,15984.93,0.00,0.00,0.00,0.00,0.00
,ZONEFLOOR1,0.00,0.00,0.00,12368.72,12368.72,0.00,0.00,0.00,0.00,0.00
,ZONEFLOOR2,0.00,0.00,0.00,0.00,0.00,0.00,0.00,0.00,0.00,0.00
,ZONEFLOOR3,0.00,0.00,0.00,0.00,0.00,0.00,0.00,0.00,0.00,0.00
,ZONEFLOOR4,0.00,0.00,0.00,0.00,0.00,0.00,0.00,0.00,0.00,0.00
,ZONEFLOOR5,0.00,0.00,0.00,0.00,0.00,0.00,0.00,0.00,0.00,0.00
,ZONEFLOOR6,0.00,0.00,0.00,0.00,0.00,0.00,0.00,0.00,0.00,0.00
,ZONEFLOOR7,0.00,0.00,0.00,0.00,0.00,0.00,0.00,0.00,0.00,0.00
,ZONEFLOOR8,0.00,0.00,0.00,0.00,0.00,0.00,0.00,0.00,0.00,0.00
,ZONEFLOOR9,0.00,0.00,0.00,0.00,0.00,0.00,0.00,0.00,0.00,0.00
,Total Facility,0.00,0.00,0.00,28353.65,28353.65,0.00,0.00,0.00,0.00,0.00


Average Outdoor Air During Occupancy by Zone - Flow Rates

,,Mechanical Ventilation [m3/s],Natural Ventilation [m3/s],Total Ventilation [m3/s],Infiltration [m3/s],Total Ventilation and Infiltration [m3/s],Dynamic Target Ventilation - Voz-dyn [m3/s],Time Below Voz-dyn [hr],Time At Voz-dyn [hr],Time Above Voz-dyn [hr]
,Total Facility,0.0000,0.0000,0.0000,0.0000,0.0000,0.0000,0.00,0.00,0.00


Total Outdoor Air by AirLoop

,,Mechanical Ventilation [m3],Natural Ventilation [m3/s],Total Ventilation [m3/s],Sum Zone Dynamic Target Ventilation - Voz-sum-dyn [m3],Time Below Voz-sum-dyn [hr],Time At Voz-sum-dyn [hr],Time Above Voz-sum-dyn [hr],Time Above Zero When Unoccupied [hr]
,None,,,,,,,,


Average Outdoor Air During Occupancy by AirLoop

,,Mechanical Ventilation [m3/s],Natural Ventilation [m3/s],Total Ventilation [m3/s],Sum Zone Dynamic Target Ventilation - Voz-sum-dyn [m3/s],Time Below Voz-sum-dyn [hr],Time At Voz-sum-dyn [hr],Time Above Voz-sum-dyn [hr]
,None,,,,,,,


Outdoor Air Controller Limiting Factors by AirLoop

,,No Limiting Factor [hr],Limits and Scheduled Limits [hr],Economizer [hr],Exhaust Flow [hr],Mixed Air Flow [hr],High Humidity [hr],Demand Controlled Ventilation [hr],Night Ventilation [hr],Demand Limiting [hr],Energy Management System [hr]
,None,,,,,,,,,,


Average Outdoor Air for Limiting Factors During Occupancy

,,No Limiting Factor [m3/s],Limits and Scheduled Limits [m3/s],Economizer [m3/s],Exhaust Flow [m3/s],Mixed Air Flow [m3/s],High Humidity [m3/s],Demand Controlled Ventilation [m3/s],Night Ventilation [m3/s],Demand Limiting [m3/s],Energy Management System [m3/s]
,None,,,,,,,,,,


----------------------------------------------------------------------------------------------------
REPORT:,Object Count Summary
FOR:,Entire Facility
Surfaces by Class

,,Total,Outdoors
,Wall,40,40
,Floor,10,5
,Roof,10,5
,Internal Mass,0,0
,Building Detached Shading,0,0
,Fixed Detached Shading,0,0
,Window,8,8
,Door,0,0
,Glass Door,0,0
,Shading,0,0
,Overhang,0,0
,Fin,0,0
,Tubular Daylighting Device Dome,0,0
,Tubular Daylighting Device Diffuser,0,0


HVAC

,,Count
,HVAC Air Loops,0
,Conditioned Zones,10
,Unconditioned Zones,0
,Supply Plenums,0
,Return Plenums,0


Input Fields

,,Count
,IDF Objects,427
,Defaulted Fields,45
,Fields with Defaults,1483
,Autosized Fields,108
,Autosizable Fields,150
,Autocalculated Fields,60
,Autocalculatable Fields,170


----------------------------------------------------------------------------------------------------
REPORT:,Energy Meters
FOR:,Entire Facility
Annual and Peak Values - Electricity

,,Electricity Annual Value [kWh],Electricity Minimum Value [W],Timestamp of Minimum {TIMESTAMP},Electricity Maximum Value [W],Timestamp of Maximum {TIMESTAMP}
,Electricity:Facility,1.08,0.00,07-JAN-10:30,7.88,03-JAN-00:30
,Electricity:Building,0.00,0.00,03-JAN-00:15,0.00,03-JAN-00:15
,Electricity:Zone:ZONEFLOOR0,0.00,0.00,03-JAN-00:15,0.00,03-JAN-00:15
,InteriorLights:Electricity,0.00,0.00,03-JAN-00:15,0.00,03-JAN-00:15
,InteriorLights:Electricity:Zone:ZONEFLOOR0,0.00,0.00,03-JAN-00:15,0.00,03-JAN-00:15
,General:InteriorLights:Electricity,0.00,0.00,03-JAN-00:15,0.00,03-JAN-00:15
,Electricity:Zone:ZONEFLOOR1,0.00,0.00,03-JAN-00:15,0.00,03-JAN-00:15
,InteriorLights:Electricity:Zone:ZONEFLOOR1,0.00,0.00,03-JAN-00:15,0.00,03-JAN-00:15
,InteriorEquipment:Electricity,0.00,0.00,03-JAN-00:15,0.00,03-JAN-00:15
,InteriorEquipment:Electricity:Zone:ZONEFLOOR0,0.00,0.00,03-JAN-00:15,0.00,03-JAN-00:15
,General:InteriorEquipment:Electricity,0.00,0.00,03-JAN-00:15,0.00,03-JAN-00:15
,InteriorEquipment:Electricity:Zone:ZONEFLOOR1,0.00,0.00,03-JAN-00:15,0.00,03-JAN-00:15
,ElectricityPurchased:Facility,1.08,0.00,07-JAN-10:30,7.88,03-JAN-00:30
,ElectricityPurchased:Plant,1.08,0.00,07-JAN-10:30,7.88,03-JAN-00:30
,Cogeneration:ElectricityPurchased,1.08,0.00,07-JAN-10:30,7.88,03-JAN-00:30
,General:Cogeneration:ElectricityPurchased,1.08,0.00,07-JAN-10:30,7.88,03-JAN-00:30
,ElectricitySurplusSold:Facility,0.00,0.00,03-JAN-00:15,0.00,03-JAN-00:15
,ElectricitySurplusSold:Plant,0.00,0.00,03-JAN-00:15,0.00,03-JAN-00:15
,Cogeneration:ElectricitySurplusSold,0.00,0.00,03-JAN-00:15,0.00,03-JAN-00:15
,General:Cogeneration:ElectricitySurplusSold,0.00,0.00,03-JAN-00:15,0.00,03-JAN-00:15
,ElectricityNet:Facility,1.08,0.00,07-JAN-10:30,7.88,03-JAN-00:30
,ElectricityNet:Plant,1.08,0.00,07-JAN-10:30,7.88,03-JAN-00:30
,Cogeneration:ElectricityNet,1.08,0.00,07-JAN-10:30,7.88,03-JAN-00:30
,General:Cogeneration:ElectricityNet,1.08,0.00,07-JAN-10:30,7.88,03-JAN-00:30
,Electricity:Plant,1.08,0.00,07-JAN-10:30,7.88,03-JAN-00:30
,Pumps:Electricity,1.08,0.00,07-JAN-10:30,7.88,03-JAN-00:30
,General:Pumps:Electricity,1.08,0.00,07-JAN-10:30,7.88,03-JAN-00:30


Annual and Peak Values - Natural Gas

,,Natural Gas Annual Value [kWh],Natural Gas Minimum Value [W],Timestamp of Minimum {TIMESTAMP},Natural Gas Maximum Value [W],Timestamp of Maximum {TIMESTAMP}
,None,,,,,


Annual and Peak Values - Cooling

,,Cooling Annual Value [kWh],Cooling Minimum Value [W],Timestamp of Minimum {TIMESTAMP},Cooling Maximum Value [W],Timestamp of Maximum {TIMESTAMP}
,PlantLoopCoolingDemand:Facility,6.39,0.00,03-JAN-00:15,864.28,03-JAN-12:45
,PlantLoopCoolingDemand:HVAC,6.39,0.00,03-JAN-00:15,864.28,03-JAN-12:45
,CoolingCoils:PlantLoopCoolingDemand,6.39,0.00,03-JAN-00:15,864.28,03-JAN-12:45
,DistrictCooling:Facility,5.83,0.00,03-JAN-00:15,826.71,03-JAN-13:15
,DistrictCooling:Plant,5.83,0.00,03-JAN-00:15,826.71,03-JAN-13:15
,Cooling:DistrictCooling,5.83,0.00,03-JAN-00:15,826.71,03-JAN-13:15
,General:Cooling:DistrictCooling,5.83,0.00,03-JAN-00:15,826.71,03-JAN-13:15


Annual and Peak Values - Water

,,Annual Value [m3],Minimum Value [m3/s],Timestamp of Minimum {TIMESTAMP},Maximum Value [m3/s],Timestamp of Maximum {TIMESTAMP}
,None,,,,,


Annual and Peak Values - Other by Weight/Mass

,,Annual Value [kg],Minimum Value [kg/s],Timestamp of Minimum {TIMESTAMP},Maximum Value [kg/s],Timestamp of Maximum {TIMESTAMP}
,Carbon Equivalent:Facility,0.00,0.000,03-JAN-00:15,0.000,03-JAN-00:15
,CarbonEquivalentEmissions:Carbon Equivalent,0.00,0.000,03-JAN-00:15,0.000,03-JAN-00:15


Annual and Peak Values - Other Volumetric

,,Annual Value [m3],Minimum Value [m3/s],Timestamp of Minimum {TIMESTAMP},Maximum Value [m3/s],Timestamp of Maximum {TIMESTAMP}
,None,,,,,


Annual and Peak Values - Other Liquid/Gas

,,Annual Value [L],Minimum Value [L],Timestamp of Minimum {TIMESTAMP},Maximum Value [L],Timestamp of Maximum {TIMESTAMP}
,None,,,,,


Annual and Peak Values - Other

,,Annual Value [kWh],Minimum Value [W],Timestamp of Minimum {TIMESTAMP},Maximum Value [W],Timestamp of Maximum {TIMESTAMP}
,DistrictHeating:Facility,1504.37,0.00,03-JAN-08:30,11638.75,05-JAN-00:30
,DistrictHeating:Building,0.00,0.00,03-JAN-00:15,0.00,03-JAN-00:15
,DistrictHeating:Zone:ZONEFLOOR0,0.00,0.00,03-JAN-00:15,0.00,03-JAN-00:15
,InteriorEquipment:DistrictHeating,0.00,0.00,03-JAN-00:15,0.00,03-JAN-00:15
,InteriorEquipment:DistrictHeating:Zone:ZONEFLOOR0,0.00,0.00,03-JAN-00:15,0.00,03-JAN-00:15
,General:InteriorEquipment:DistrictHeating,0.00,0.00,03-JAN-00:15,0.00,03-JAN-00:15
,DistrictHeating:Zone:ZONEFLOOR1,0.00,0.00,03-JAN-00:15,0.00,03-JAN-00:15
,InteriorEquipment:DistrictHeating:Zone:ZONEFLOOR1,0.00,0.00,03-JAN-00:15,0.00,03-JAN-00:15
,EnergyTransfer:Facility,1512.45,0.00,07-JAN-10:30,12059.05,05-JAN-01:15
,EnergyTransfer:Building,0.00,0.00,03-JAN-00:15,0.00,03-JAN-00:15
,EnergyTransfer:Zone:ZONEFLOOR0,0.00,0.00,03-JAN-00:15,0.00,03-JAN-00:15
,Heating:EnergyTransfer,0.00,0.00,03-JAN-00:15,0.00,03-JAN-00:15
,Heating:EnergyTransfer:Zone:ZONEFLOOR0,0.00,0.00,03-JAN-00:15,0.00,03-JAN-00:15
,General:Heating:EnergyTransfer,0.00,0.00,03-JAN-00:15,0.00,03-JAN-00:15
,Cooling:EnergyTransfer,0.00,0.00,03-JAN-00:15,0.00,03-JAN-00:15
,Cooling:EnergyTransfer:Zone:ZONEFLOOR0,0.00,0.00,03-JAN-00:15,0.00,03-JAN-00:15
,General:Cooling:EnergyTransfer,0.00,0.00,03-JAN-00:15,0.00,03-JAN-00:15
,EnergyTransfer:Zone:ZONEFLOOR1,0.00,0.00,03-JAN-00:15,0.00,03-JAN-00:15
,Heating:EnergyTransfer:Zone:ZONEFLOOR1,0.00,0.00,03-JAN-00:15,0.00,03-JAN-00:15
,Cooling:EnergyTransfer:Zone:ZONEFLOOR1,0.00,0.00,03-JAN-00:15,0.00,03-JAN-00:15
,EnergyTransfer:Zone:ZONEFLOOR2,0.00,0.00,03-JAN-00:15,0.00,03-JAN-00:15
,Heating:EnergyTransfer:Zone:ZONEFLOOR2,0.00,0.00,03-JAN-00:15,0.00,03-JAN-00:15
,Cooling:EnergyTransfer:Zone:ZONEFLOOR2,0.00,0.00,03-JAN-00:15,0.00,03-JAN-00:15
,EnergyTransfer:Zone:ZONEFLOOR3,0.00,0.00,03-JAN-00:15,0.00,03-JAN-00:15
,Heating:EnergyTransfer:Zone:ZONEFLOOR3,0.00,0.00,03-JAN-00:15,0.00,03-JAN-00:15
,Cooling:EnergyTransfer:Zone:ZONEFLOOR3,0.00,0.00,03-JAN-00:15,0.00,03-JAN-00:15
,EnergyTransfer:Zone:ZONEFLOOR4,0.00,0.00,03-JAN-00:15,0.00,03-JAN-00:15
,Heating:EnergyTransfer:Zone:ZONEFLOOR4,0.00,0.00,03-JAN-00:15,0.00,03-JAN-00:15
,Cooling:EnergyTransfer:Zone:ZONEFLOOR4,0.00,0.00,03-JAN-00:15,0.00,03-JAN-00:15
,EnergyTransfer:Zone:ZONEFLOOR5,0.00,0.00,03-JAN-00:15,0.00,03-JAN-00:15
,Heating:EnergyTransfer:Zone:ZONEFLOOR5,0.00,0.00,03-JAN-00:15,0.00,03-JAN-00:15
,Cooling:EnergyTransfer:Zone:ZONEFLOOR5,0.00,0.00,03-JAN-00:15,0.00,03-JAN-00:15
,EnergyTransfer:Zone:ZONEFLOOR6,0.00,0.00,03-JAN-00:15,0.00,03-JAN-00:15
,Heating:EnergyTransfer:Zone:ZONEFLOOR6,0.00,0.00,03-JAN-00:15,0.00,03-JAN-00:15
,Cooling:EnergyTransfer:Zone:ZONEFLOOR6,0.00,0.00,03-JAN-00:15,0.00,03-JAN-00:15
,EnergyTransfer:Zone:ZONEFLOOR7,0.00,0.00,03-JAN-00:15,0.00,03-JAN-00:15
,Heating:EnergyTransfer:Zone:ZONEFLOOR7,0.00,0.00,03-JAN-00:15,0.00,03-JAN-00:15
,Cooling:EnergyTransfer:Zone:ZONEFLOOR7,0.00,0.00,03-JAN-00:15,0.00,03-JAN-00:15
,EnergyTransfer:Zone:ZONEFLOOR8,0.00,0.00,03-JAN-00:15,0.00,03-JAN-00:15
,Heating:EnergyTransfer:Zone:ZONEFLOOR8,0.00,0.00,03-JAN-00:15,0.00,03-JAN-00:15
,Cooling:EnergyTransfer:Zone:ZONEFLOOR8,0.00,0.00,03-JAN-00:15,0.00,03-JAN-00:15
,EnergyTransfer:Zone:ZONEFLOOR9,0.00,0.00,03-JAN-00:15,0.00,03-JAN-00:15
,Heating:EnergyTransfer:Zone:ZONEFLOOR9,0.00,0.00,03-JAN-00:15,0.00,03-JAN-00:15
,Cooling:EnergyTransfer:Zone:ZONEFLOOR9,0.00,0.00,03-JAN-00:15,0.00,03-JAN-00:15
,EnergyTransfer:HVAC,1512.45,0.00,07-JAN-10:30,12059.05,05-JAN-01:15
,HeatingCoils:EnergyTransfer,1506.06,0.00,03-JAN-08:30,12059.05,05-JAN-01:15
,PlantLoopHeatingDemand:Facility,1506.06,0.00,03-JAN-08:30,12059.05,05-JAN-01:15
,PlantLoopHeatingDemand:HVAC,1506.06,0.00,03-JAN-08:30,12059.05,05-JAN-01:15
,HeatingCoils:PlantLoopHeatingDemand,1506.06,0.00,03-JAN-08:30,12059.05,05-JAN-01:15
,CoolingCoils:EnergyTransfer,6.39,0.00,03-JAN-00:15,864.28,03-JAN-12:45
,DistrictHeating:Plant,1504.37,0.00,03-JAN-08:30,11638.75,05-JAN-00:30
,Heating:DistrictHeating,1504.37,0.00,03-JAN-08:30,11638.75,05-JAN-00:30
,General:Heating:DistrictHeating,1504.37,0.00,03-JAN-08:30,11638.75,05-JAN-00:30


----------------------------------------------------------------------------------------------------
REPORT:,Sensible Heat Gain Summary
FOR:,Entire Facility
Annual Building Sensible Heat Gain Components

,,HVAC Zone Eq & Other Sensible Air Heating [kWh],HVAC Zone Eq & Other Sensible Air Cooling [kWh],HVAC Terminal Unit Sensible Air Heating [kWh],HVAC Terminal Unit Sensible Air Cooling [kWh],HVAC Input Heated Surface Heating [kWh],HVAC Input Cooled Surface Cooling [kWh],People Sensible Heat Addition [kWh],Lights Sensible Heat Addition [kWh],Equipment Sensible Heat Addition [kWh],Window Heat Addition [kWh],Interzone Air Transfer Heat Addition [kWh],Infiltration Heat Addition [kWh],Opaque Surface Conduction and Other Heat Addition [kWh],Equipment Sensible Heat Removal [kWh],Window Heat Removal [kWh],Interzone Air Transfer Heat Removal [kWh],Infiltration Heat Removal [kWh],Opaque Surface Conduction and Other Heat Removal [kWh]
,ZONEFLOOR0,0.000,0.000,0.000,0.000,326.546,0.000,0.000,0.000,0.000,0.027,6.619,0.000,0.000,0.000,-121.41,-7.65,-112.89,-91.24
,ZONEFLOOR1,0.000,0.000,0.000,0.000,182.242,-1.51,0.000,0.000,0.000,95.837,1.879,0.000,0.000,0.000,-89.82,-20.49,-89.61,-78.53
,ZONEFLOOR2,0.000,0.000,0.000,0.000,138.476,-0.17,0.000,0.000,0.000,69.290,1.135,0.000,0.000,0.000,-109.04,-14.99,0.000,-84.70
,ZONEFLOOR3,0.000,0.000,0.000,0.000,176.100,0.000,0.000,0.000,0.000,0.000,5.281,0.000,0.000,0.000,-104.38,-4.16,0.000,-72.84
,ZONEFLOOR4,0.000,0.000,0.000,0.000,28.181,0.000,0.000,0.000,0.000,0.000,35.817,0.000,0.000,0.000,0.000,-3.15,0.000,-60.85
,ZONEFLOOR5,0.000,0.000,0.000,0.000,172.470,-0.00,0.000,0.000,0.000,0.018,25.171,0.000,0.000,0.000,-116.25,-0.60,0.000,-80.81
,ZONEFLOOR6,0.000,0.000,0.000,0.000,77.539,-4.59,0.000,0.000,0.000,93.420,0.000,0.000,0.021,0.000,-91.03,0.000,0.000,-75.34
,ZONEFLOOR7,0.000,0.000,0.000,0.000,138.094,-0.12,0.000,0.000,0.000,69.104,1.409,0.000,0.000,0.000,-110.18,-15.07,0.000,-83.24
,ZONEFLOOR8,0.000,0.000,0.000,0.000,198.035,0.000,0.000,0.000,0.000,0.000,1.118,0.000,0.000,0.000,-109.50,-11.72,0.000,-77.93
,ZONEFLOOR9,0.000,0.000,0.000,0.000,68.377,0.000,0.000,0.000,0.000,0.000,0.000,0.000,0.000,0.000,0.000,0.000,0.000,-68.38
,Total Facility,0.000,0.000,0.000,0.000,1506.060,-6.39,0.000,0.000,0.000,327.697,78.429,0.000,0.021,0.000,-851.62,-77.83,-202.50,-773.85


Peak Cooling Sensible Heat Gain Components

,,Time of Peak {TIMESTAMP},HVAC Zone Eq & Other Sensible Air Heating [W],HVAC Zone Eq & Other Sensible Air Cooling [W],HVAC Terminal Unit Sensible Air Heating [W],HVAC Terminal Unit Sensible Air Cooling [W],HVAC Input Heated Surface Heating [W],HVAC Input Cooled Surface Cooling [W],People Sensible Heat Addition [W],Lights Sensible Heat Addition [W],Equipment Sensible Heat Addition [W],Window Heat Addition [W],Interzone Air Transfer Heat Addition [W],Infiltration Heat Addition [W],Opaque Surface Conduction and Other Heat Addition [W],Equipment Sensible Heat Removal [W],Window Heat Removal [W],Interzone Air Transfer Heat Removal [W],Infiltration Heat Removal [W],Opaque Surface Conduction and Other Heat Removal [W]
,ZONEFLOOR0,-,0.00,0.00,0.00,0.00,0.00,0.00,0.00,0.00,0.00,0.00,0.00,0.00,0.00,0.00,0.00,0.00,0.00,0.00
,ZONEFLOOR1,03-JAN-12:30,0.00,0.00,0.00,0.00,0.00,-414.51,0.00,0.00,0.00,1711.55,0.00,0.00,0.00,0.00,-0.00,-337.89,-266.84,-692.30
,ZONEFLOOR2,03-JAN-15:45,0.00,0.00,0.00,0.00,0.00,-141.29,0.00,0.00,0.00,1189.86,0.00,0.00,0.00,0.00,-0.00,-212.99,0.00,-835.58
,ZONEFLOOR3,-,0.00,0.00,0.00,0.00,0.00,0.00,0.00,0.00,0.00,0.00,0.00,0.00,0.00,0.00,0.00,0.00,0.00,0.00
,ZONEFLOOR4,-,0.00,0.00,0.00,0.00,0.00,0.00,0.00,0.00,0.00,0.00,0.00,0.00,0.00,0.00,0.00,0.00,0.00,0.00
,ZONEFLOOR5,03-JAN-08:19,0.00,0.00,0.00,0.00,0.00,-2.83,0.00,0.00,0.00,0.00,4.98,0.00,468.93,0.00,-471.08,0.00,0.00,0.00
,ZONEFLOOR6,03-JAN-14:30,0.00,0.00,0.00,0.00,0.00,-474.06,0.00,0.00,0.00,748.77,0.00,0.00,0.00,0.00,-0.00,0.00,0.00,-274.71
,ZONEFLOOR7,03-JAN-15:45,0.00,0.00,0.00,0.00,0.00,-111.16,0.00,0.00,0.00,1183.93,0.00,0.00,0.00,0.00,-0.00,-288.63,0.00,-784.14
,ZONEFLOOR8,-,0.00,0.00,0.00,0.00,0.00,0.00,0.00,0.00,0.00,0.00,0.00,0.00,0.00,0.00,0.00,0.00,0.00,0.00
,ZONEFLOOR9,-,0.00,0.00,0.00,0.00,0.00,0.00,0.00,0.00,0.00,0.00,0.00,0.00,0.00,0.00,0.00,0.00,0.00,0.00
,Total Facility,03-JAN-12:45,0.00,0.00,0.00,0.00,69.23,-864.28,0.00,0.00,0.00,5014.55,419.69,0.00,0.00,0.00,-306.14,-427.53,-532.64,-3372.87


Peak Heating Sensible Heat Gain Components

,,Time of Peak {TIMESTAMP},HVAC Zone Eq & Other Sensible Air Heating [W],HVAC Zone Eq & Other Sensible Air Cooling [W],HVAC Terminal Unit Sensible Air Heating [W],HVAC Terminal Unit Sensible Air Cooling [W],HVAC Input Heated Surface Heating [W],HVAC Input Cooled Surface Cooling [W],People Sensible Heat Addition [W],Lights Sensible Heat Addition [W],Equipment Sensible Heat Addition [W],Window Heat Addition [W],Interzone Air Transfer Heat Addition [W],Infiltration Heat Addition [W],Opaque Surface Conduction and Other Heat Addition [W],Equipment Sensible Heat Removal [W],Window Heat Removal [W],Interzone Air Transfer Heat Removal [W],Infiltration Heat Removal [W],Opaque Surface Conduction and Other Heat Removal [W]
,ZONEFLOOR0,15-JAN-22:35,0.00,0.00,0.00,0.00,2098.39,0.00,0.00,0.00,0.00,0.00,16.23,0.00,0.00,0.00,-428.33,0.00,-302.22,-1384.07
,ZONEFLOOR1,08-JAN-02:38,0.00,0.00,0.00,0.00,1470.51,0.00,0.00,0.00,0.00,0.00,19.35,0.00,0.00,0.00,-400.32,0.00,-284.98,-804.57
,ZONEFLOOR2,05-JAN-01:30,0.00,0.00,0.00,0.00,1389.14,0.00,0.00,0.00,0.00,0.00,0.00,0.00,0.00,0.00,-481.23,-27.36,0.00,-880.55
,ZONEFLOOR3,05-JAN-23:38,0.00,0.00,0.00,0.00,1225.78,0.00,0.00,0.00,0.00,0.00,0.00,0.00,0.00,0.00,-363.85,-2.01,0.00,-859.92
,ZONEFLOOR4,05-JAN-01:30,0.00,0.00,0.00,0.00,494.81,0.00,0.00,0.00,0.00,0.00,41.56,0.00,0.00,0.00,-0.00,0.00,0.00,-536.36
,ZONEFLOOR5,13-JAN-17:23,0.00,0.00,0.00,0.00,1821.54,0.00,0.00,0.00,0.00,0.00,202.12,0.00,0.00,0.00,-414.84,0.00,0.00,-1608.83
,ZONEFLOOR6,12-JAN-22:23,0.00,0.00,0.00,0.00,1371.40,0.00,0.00,0.00,0.00,0.00,0.00,0.00,0.00,0.00,-431.14,0.00,0.00,-940.27
,ZONEFLOOR7,06-JAN-07:20,0.00,0.00,0.00,0.00,1590.54,0.00,0.00,0.00,0.00,0.00,48.97,0.00,0.00,0.00,-464.46,0.00,0.00,-1175.05
,ZONEFLOOR8,15-JAN-20:23,0.00,0.00,0.00,0.00,1926.32,0.00,0.00,0.00,0.00,0.00,8.85,0.00,0.00,0.00,-366.51,0.00,0.00,-1568.65
,ZONEFLOOR9,05-JAN-01:30,0.00,0.00,0.00,0.00,539.29,0.00,0.00,0.00,0.00,0.00,0.00,0.00,0.00,0.00,-0.00,0.00,0.00,-539.29
,Total Facility,05-JAN-01:15,0.00,0.00,0.00,0.00,12059.05,0.00,0.00,0.00,0.00,0.00,35.21,0.00,0.00,0.00,-3606.43,-72.88,-634.12,-7780.83


----------------------------------------------------------------------------------------------------
REPORT:,Standard 62.1 Summary
FOR:,Entire Facility
System Ventilation Requirements for Cooling

,,Sum of Zone Primary Air Flow - Vpz-sum [m3/s],System Population - Ps,Sum of Zone Population - Pz-sum,Occupant Diversity - D,Uncorrected Outdoor Air Intake Airflow - Vou [m3/s],System Primary Airflow - Vps [m3/s],Average Outdoor Air Fraction - Xs,System Ventilation Efficiency - Ev,Outdoor Air Intake Flow - Vot [m3/s],Percent Outdoor Air - %OA,Environment Name of Peak System Population - Ps,Date and Time of Last Peak System Population - Ps
,None,,,,,,,,,,,,


System Ventilation Requirements for Heating

,,Sum of Zone Primary Air Flow - Vpz-sum [m3/s],System Population - Ps,Sum of Zone Population - Pz-sum,Occupant Diversity - D,Uncorrected Outdoor Air Intake Airflow - Vou [m3/s],System Primary Airflow - Vps [m3/s],Average Outdoor Air Fraction - Xs,System Ventilation Efficiency - Ev,Outdoor Air Intake Flow Vot [m3/s],Percent Outdoor Air - %OA,Environment Name of Peak System Population - Ps,Date and Time of Last Peak System Population - Ps
,None,,,,,,,,,,,,


Zone Ventilation Parameters

,,AirLoop Name,People Outdoor Air Rate - Rp [m3/s-person],Zone Population - Pz,Area Outdoor Air Rate - Ra [m3/s-m2],Zone Floor Area - Az [m2],Breathing Zone Outdoor Airflow - Vbz [m3/s],Cooling Zone Air Distribution Effectiveness - Ez-clg,Cooling Zone Outdoor Airflow - Voz-clg [m3/s],Heating Zone Air Distribution Effectiveness - Ez-htg,Heating Zone Outdoor Airflow - Voz-htg [m3/s]
,None,,,,,,,,,,


System Ventilation Parameters

,,People Outdoor Air Rate - Rp [m3/s-person],Sum of Zone Population - Pz-sum,Area Outdoor Air Rate - Ra [m3/s-m2],Sum of Zone Floor Area - Az-sum [m2],Breathing Zone Outdoor Airflow - Vbz [m3/s],Cooling Zone Outdoor Airflow - Voz-clg [m3/s],Heating Zone Outdoor Airflow - Voz-htg [m3/s]
,None,,,,,,,


Zone Ventilation Calculations for Cooling Design

,,AirLoop Name,Box Type,Zone Primary Airflow - Vpz [m3/s],Zone Discharge Airflow - Vdz [m3/s],Minimum Zone Primary Airflow - Vpz-min [m3/s],Zone Outdoor Airflow Cooling - Voz-clg [m3/s],Primary Outdoor Air Fraction - Zpz,Primary Air Fraction - Ep,Secondary Recirculation Fraction- Er,Supply Air Fraction- Fa,Mixed Air Fraction - Fb,Outdoor Air Fraction - Fc,Zone Ventilation Efficiency - Evz
,None,,,,,,,,,,,,,


System Ventilation Calculations for Cooling Design

,,Sum of Zone Primary Airflow - Vpz-sum [m3/s],System Primary Airflow - Vps [m3/s],Sum of Zone Discharge Airflow - Vdz-sum [m3/s],Sum of Min Zone Primary Airflow - Vpz-min [m3/s],Zone Outdoor Airflow Cooling - Voz-clg [m3/s],Zone Ventilation Efficiency - Evz-min
,None,,,,,,


Zone Ventilation Calculations for Heating Design

,,AirLoop Name,Box Type,Zone Primary Airflow - Vpz [m3/s],Zone Discharge Airflow - Vdz [m3/s],Minimum Zone Primary Airflow - Vpz-min [m3/s],Zone Outdoor Airflow Heating - Voz-htg [m3/s],Primary Outdoor Air Fraction - Zpz,Primary Air Fraction - Ep,Secondary Recirculation Fraction- Er,Supply Air Fraction- Fa,Mixed Air Fraction - Fb,Outdoor Air Fraction - Fc,Zone Ventilation Efficiency - Evz
,None,,,,,,,,,,,,,


System Ventilation Calculations for Heating Design

,,Sum of Zone Primary Airflow - Vpz-sum [m3/s],System Primary Airflow - Vps [m3/s],Sum of Zone Discharge Airflow - Vdz-sum [m3/s],Sum of Min Zone Primary Airflow - Vpz-min [m3/s],Zone Outdoor Airflow Heating - Voz-htg [m3/s],Zone Ventilation Efficiency - Evz-min
,None,,,,,,


----------------------------------------------------------------------------------------------------
REPORT:,LEED Summary
FOR:,Entire Facility
Sec1.1A-General Information

,,Data
,Weather File,DEFAULTRUNPERIOD ** ClimateZone0 ZH CHE ISD-TMYx WMO#=066700
,Total gross floor area [m2],358.73
,Principal Heating Source,District Heat


EAp2-1. Space Usage Type

,,Space Area [m2],Regularly Occupied Area [m2],Unconditioned Area [m2],Typical Hours/Week in Operation [hr/wk]
,ZONEFLOOR0,33.24,33.24,0.00,0.00
,ZONEFLOOR1,25.72,25.72,0.00,0.00
,ZONEFLOOR2,33.20,33.20,0.00,0.00
,ZONEFLOOR3,25.70,25.70,0.00,0.00
,ZONEFLOOR4,61.50,61.50,0.00,0.00
,ZONEFLOOR5,33.24,33.24,0.00,0.00
,ZONEFLOOR6,25.72,25.72,0.00,0.00
,ZONEFLOOR7,33.20,33.20,0.00,0.00
,ZONEFLOOR8,25.70,25.70,0.00,0.00
,ZONEFLOOR9,61.50,61.50,0.00,0.00
,Totals,358.73,358.73,0.00,


EAp2-2. Advisory Messages

,,Data
,Number of hours heating loads not met,0.00
,Number of hours cooling loads not met,0.00
,Number of hours not met,0.00


EAp2-3. Energy Type Summary

,,Utility Rate,Virtual Rate [$/unit energy],Units of Energy,Units of Demand
,None,,,,


EAp2-4/5. Performance Rating Method Compliance

,,Electricity Energy Use [kWh],Electricity Demand [W],Natural Gas Energy Use [kWh],Natural Gas Demand [W],Gasoline Use [kWh],Gasoline Demand [W],Diesel Use [kWh],Diesel Demand [W],Coal Use [kWh],Coal Demand [W],Fuel Oil No 1 Use [kWh],Fuel Oil No 1 Demand [W],Fuel Oil No 2 Use [kWh],Fuel Oil No 2 Demand [W],Propane Use [kWh],Propane Demand [W],Other Fuel 1 Use [kWh],Other Fuel 1 Demand [W],Other Fuel 2 Use [kWh],Other Fuel 2 Demand [W],District Cooling Use [kWh],District Cooling Demand [W],District Heating Use [kWh],District Heating Demand [W]
,Heating -- General,0.00,0.00,0.00,0.00,0.00,0.00,0.00,0.00,0.00,0.00,0.00,0.00,0.00,0.00,0.00,0.00,0.00,0.00,0.00,0.00,0.00,0.00,1504.37,11638.75
,Cooling -- General,0.00,0.00,0.00,0.00,0.00,0.00,0.00,0.00,0.00,0.00,0.00,0.00,0.00,0.00,0.00,0.00,0.00,0.00,0.00,0.00,5.83,826.71,0.00,0.00
,Interior Lighting -- General,0.00,0.00,0.00,0.00,0.00,0.00,0.00,0.00,0.00,0.00,0.00,0.00,0.00,0.00,0.00,0.00,0.00,0.00,0.00,0.00,0.00,0.00,0.00,0.00
,Exterior Lighting -- Not Subdivided,0.00,0.00,0.00,0.00,0.00,0.00,0.00,0.00,0.00,0.00,0.00,0.00,0.00,0.00,0.00,0.00,0.00,0.00,0.00,0.00,0.00,0.00,0.00,0.00
,Interior Equipment -- General,0.00,0.00,0.00,0.00,0.00,0.00,0.00,0.00,0.00,0.00,0.00,0.00,0.00,0.00,0.00,0.00,0.00,0.00,0.00,0.00,0.00,0.00,0.00,0.00
,Exterior Equipment -- Not Subdivided,0.00,0.00,0.00,0.00,0.00,0.00,0.00,0.00,0.00,0.00,0.00,0.00,0.00,0.00,0.00,0.00,0.00,0.00,0.00,0.00,0.00,0.00,0.00,0.00
,Fans -- Not Subdivided,0.00,0.00,0.00,0.00,0.00,0.00,0.00,0.00,0.00,0.00,0.00,0.00,0.00,0.00,0.00,0.00,0.00,0.00,0.00,0.00,0.00,0.00,0.00,0.00
,Pumps -- General,1.08,7.88,0.00,0.00,0.00,0.00,0.00,0.00,0.00,0.00,0.00,0.00,0.00,0.00,0.00,0.00,0.00,0.00,0.00,0.00,0.00,0.00,0.00,0.00
,Heat Rejection -- Not Subdivided,0.00,0.00,0.00,0.00,0.00,0.00,0.00,0.00,0.00,0.00,0.00,0.00,0.00,0.00,0.00,0.00,0.00,0.00,0.00,0.00,0.00,0.00,0.00,0.00
,Humidification -- Not Subdivided,0.00,0.00,0.00,0.00,0.00,0.00,0.00,0.00,0.00,0.00,0.00,0.00,0.00,0.00,0.00,0.00,0.00,0.00,0.00,0.00,0.00,0.00,0.00,0.00
,Heat Recovery -- Not Subdivided,0.00,0.00,0.00,0.00,0.00,0.00,0.00,0.00,0.00,0.00,0.00,0.00,0.00,0.00,0.00,0.00,0.00,0.00,0.00,0.00,0.00,0.00,0.00,0.00
,Water Systems -- Not Subdivided,0.00,0.00,0.00,0.00,0.00,0.00,0.00,0.00,0.00,0.00,0.00,0.00,0.00,0.00,0.00,0.00,0.00,0.00,0.00,0.00,0.00,0.00,0.00,0.00
,Refrigeration -- Not Subdivided,0.00,0.00,0.00,0.00,0.00,0.00,0.00,0.00,0.00,0.00,0.00,0.00,0.00,0.00,0.00,0.00,0.00,0.00,0.00,0.00,0.00,0.00,0.00,0.00
,Generators -- General,0.00,0.00,0.00,0.00,0.00,0.00,0.00,0.00,0.00,0.00,0.00,0.00,0.00,0.00,0.00,0.00,0.00,0.00,0.00,0.00,0.00,0.00,0.00,0.00


EAp2-6. Energy Use Summary

,,Process Subtotal [kWh],Total Energy Use [kWh]
,Electricity,0.00,1.08
,Natural Gas,0.00,0.00
,Additional,0.00,1510.20
,Total,0.00,1511.28


EAp2-7. Energy Cost Summary

,,Process Subtotal [$],Total Energy Cost [$]
,Electricity,0.00,
,Natural Gas,0.00,
,Additional,0.00,
,Total,0.00,
Process energy cost based on ratio of process to total energy.


L-1. Renewable Energy Source Summary

,,Rated Capacity [kW],Annual Energy Generated [kWh]
,Photovoltaic,0.00,0.00
,Wind,0.00,0.00


EAp2-17a. Energy Use Intensity - Electricity

,,Electricty [kWh/m2]
,Interior Lighting (All),0.00
,Space Heating,0.00
,Space Cooling,0.00
,Fans (All),0.00
,Service Water Heating,0.00
,Receptacle Equipment,0.00
,Miscellaneous (All),0.00
,Subtotal,0.00


EAp2-17b. Energy Use Intensity - Natural Gas

,,Natural Gas [kWh/m2]
,Space Heating,0.00
,Service Water Heating,0.00
,Miscellaneous (All),0.00
,Subtotal,0.00


EAp2-17c. Energy Use Intensity - Additional

,,Additional [kWh/m2]
,Subtotal,0.00
,Miscellaneous,0.00


EAp2-18. End Use Percentage

,,Percent [%]
,Interior Lighting (All),0.00
,Space Heating,99.54
,Space Cooling,0.39
,Fans (All),0.00
,Service Water Heating,0.00
,Receptacle Equipment,0.00
,Miscellaneous,0.07


Schedules-Equivalent Full Load Hours (Schedule Type=Fraction)

,,Equivalent Full Load Hours of Operation Per Year [hr],Hours > 1% [hr]
,ON_24_7,8760.,8760.
,OFF_24_7,0.,0.
,SFH_NOMINAL_OCCUPANCY_FRACTION_SCHEDULE,0.,0.
,SFH_NOMINAL_LIGHTING_FRACTION_SCHEDULE,0.,0.
,SFH_NOMINAL_ELECTRIC_APPLIANCES_FRACTION_SCHEDULE,0.,0.
,SFH_NOMINAL_DHW_FRACTION_SCHEDULE,0.,0.
,SFH_NOMINAL_VENTILATION_FRACTION_SCHEDULE,0.,0.
,CONSTANT_1,8760.,8760.


Schedules-SetPoints (Schedule Type=Temperature)

,,First Object Used,Month Assumed,11am First Wednesday [C],Days with Same 11am Value,11pm First Wednesday [C],Days with Same 11pm Value
,ZONEFLOOR0 HEATING SETPOINT SCHEDULE,ZONEFLOOR0 DUAL SP,January,20.00,365,20.00,365
,ZONEFLOOR0 COOLING SETPOINT SCHEDULE,ZONEFLOOR0 DUAL SP,July,30.00,365,30.00,365
,ZONEFLOOR1 HEATING SETPOINT SCHEDULE,ZONEFLOOR1 DUAL SP,January,20.00,365,20.00,365
,ZONEFLOOR1 COOLING SETPOINT SCHEDULE,ZONEFLOOR1 DUAL SP,July,30.00,365,30.00,365
,ZONEFLOOR2 HEATING SETPOINT SCHEDULE,ZONEFLOOR2 DUAL SP,January,20.00,365,20.00,365
,ZONEFLOOR2 COOLING SETPOINT SCHEDULE,ZONEFLOOR2 DUAL SP,July,30.00,365,30.00,365
,ZONEFLOOR3 HEATING SETPOINT SCHEDULE,ZONEFLOOR3 DUAL SP,January,20.00,365,20.00,365
,ZONEFLOOR3 COOLING SETPOINT SCHEDULE,ZONEFLOOR3 DUAL SP,July,30.00,365,30.00,365
,ZONEFLOOR4 HEATING SETPOINT SCHEDULE,ZONEFLOOR4 DUAL SP,January,20.00,365,20.00,365
,ZONEFLOOR4 COOLING SETPOINT SCHEDULE,ZONEFLOOR4 DUAL SP,July,30.00,365,30.00,365
,ZONEFLOOR5 HEATING SETPOINT SCHEDULE,ZONEFLOOR5 DUAL SP,January,20.00,365,20.00,365
,ZONEFLOOR5 COOLING SETPOINT SCHEDULE,ZONEFLOOR5 DUAL SP,July,30.00,365,30.00,365
,ZONEFLOOR6 HEATING SETPOINT SCHEDULE,ZONEFLOOR6 DUAL SP,January,20.00,365,20.00,365
,ZONEFLOOR6 COOLING SETPOINT SCHEDULE,ZONEFLOOR6 DUAL SP,July,30.00,365,30.00,365
,ZONEFLOOR7 HEATING SETPOINT SCHEDULE,ZONEFLOOR7 DUAL SP,January,20.00,365,20.00,365
,ZONEFLOOR7 COOLING SETPOINT SCHEDULE,ZONEFLOOR7 DUAL SP,July,30.00,365,30.00,365
,ZONEFLOOR8 HEATING SETPOINT SCHEDULE,ZONEFLOOR8 DUAL SP,January,20.00,365,20.00,365
,ZONEFLOOR8 COOLING SETPOINT SCHEDULE,ZONEFLOOR8 DUAL SP,July,30.00,365,30.00,365
,ZONEFLOOR9 HEATING SETPOINT SCHEDULE,ZONEFLOOR9 DUAL SP,January,20.00,365,20.00,365
,ZONEFLOOR9 COOLING SETPOINT SCHEDULE,ZONEFLOOR9 DUAL SP,July,30.00,365,30.00,365


----------------------------------------------------------------------------------------------------
REPORT:,Annual Thermal Resilience Summary
FOR:,Entire Facility
Heat Index Hours

,,Safe (≤ 26.7°C) [hr],Caution (> 26.7, ≤ 32.2°C) [hr],Extreme Caution (> 32.2, ≤ 39.4°C) [hr],Danger (> 39.4, ≤ 51.7°C) [hr],Extreme Danger (> 51.7°C) [hr]
,ZONEFLOOR0,312.00,0.00,0.00,0.00,0.00
,ZONEFLOOR1,312.00,0.00,0.00,0.00,0.00
,ZONEFLOOR2,312.00,0.00,0.00,0.00,0.00
,ZONEFLOOR3,312.00,0.00,0.00,0.00,0.00
,ZONEFLOOR4,312.00,0.00,0.00,0.00,0.00
,ZONEFLOOR5,312.00,0.00,0.00,0.00,0.00
,ZONEFLOOR6,306.50,5.50,0.00,0.00,0.00
,ZONEFLOOR7,312.00,0.00,0.00,0.00,0.00
,ZONEFLOOR8,312.00,0.00,0.00,0.00,0.00
,ZONEFLOOR9,312.00,0.00,0.00,0.00,0.00
,Min,306.50,0.00,0.00,0.00,0.00
,Max,312.00,5.50,0.00,0.00,0.00
,Average,311.45,0.55,0.00,0.00,0.00
,Sum,3114.50,5.50,0.00,0.00,0.00


Heat Index OccupantHours

,,Safe (≤ 26.7°C) [hr],Caution (> 26.7, ≤ 32.2°C) [hr],Extreme Caution (> 32.2, ≤ 39.4°C) [hr],Danger (> 39.4, ≤ 51.7°C) [hr],Extreme Danger (> 51.7°C) [hr]
,ZONEFLOOR0,0.00,0.00,0.00,0.00,0.00
,ZONEFLOOR1,0.00,0.00,0.00,0.00,0.00
,ZONEFLOOR2,0.00,0.00,0.00,0.00,0.00
,ZONEFLOOR3,0.00,0.00,0.00,0.00,0.00
,ZONEFLOOR4,0.00,0.00,0.00,0.00,0.00
,ZONEFLOOR5,0.00,0.00,0.00,0.00,0.00
,ZONEFLOOR6,0.00,0.00,0.00,0.00,0.00
,ZONEFLOOR7,0.00,0.00,0.00,0.00,0.00
,ZONEFLOOR8,0.00,0.00,0.00,0.00,0.00
,ZONEFLOOR9,0.00,0.00,0.00,0.00,0.00
,Min,0.00,0.00,0.00,0.00,0.00
,Max,0.00,0.00,0.00,0.00,0.00
,Average,0.00,0.00,0.00,0.00,0.00
,Sum,0.00,0.00,0.00,0.00,0.00


Humidex Hours

,,Little to no Discomfort (≤ 29) [hr],Some Discomfort (> 29, ≤ 40) [hr],Great Discomfort; Avoid Exertion (> 40, ≤ 45) [hr],Dangerous (> 45, ≤ 50) [hr],Heat Stroke Quite Possible (> 50) [hr]
,ZONEFLOOR0,312.00,0.00,0.00,0.00,0.00
,ZONEFLOOR1,312.00,0.00,0.00,0.00,0.00
,ZONEFLOOR2,312.00,0.00,0.00,0.00,0.00
,ZONEFLOOR3,312.00,0.00,0.00,0.00,0.00
,ZONEFLOOR4,312.00,0.00,0.00,0.00,0.00
,ZONEFLOOR5,312.00,0.00,0.00,0.00,0.00
,ZONEFLOOR6,312.00,0.00,0.00,0.00,0.00
,ZONEFLOOR7,312.00,0.00,0.00,0.00,0.00
,ZONEFLOOR8,312.00,0.00,0.00,0.00,0.00
,ZONEFLOOR9,312.00,0.00,0.00,0.00,0.00
,Min,312.00,0.00,0.00,0.00,0.00
,Max,312.00,0.00,0.00,0.00,0.00
,Average,312.00,0.00,0.00,0.00,0.00
,Sum,3120.00,0.00,0.00,0.00,0.00


Humidex OccupantHours

,,Little to no Discomfort (≤ 29) [hr],Some Discomfort (> 29, ≤ 40) [hr],Great Discomfort; Avoid Exertion (> 40, ≤ 45) [hr],Dangerous (> 45, ≤ 50) [hr],Heat Stroke Quite Possible (> 50) [hr]
,ZONEFLOOR0,0.00,0.00,0.00,0.00,0.00
,ZONEFLOOR1,0.00,0.00,0.00,0.00,0.00
,ZONEFLOOR2,0.00,0.00,0.00,0.00,0.00
,ZONEFLOOR3,0.00,0.00,0.00,0.00,0.00
,ZONEFLOOR4,0.00,0.00,0.00,0.00,0.00
,ZONEFLOOR5,0.00,0.00,0.00,0.00,0.00
,ZONEFLOOR6,0.00,0.00,0.00,0.00,0.00
,ZONEFLOOR7,0.00,0.00,0.00,0.00,0.00
,ZONEFLOOR8,0.00,0.00,0.00,0.00,0.00
,ZONEFLOOR9,0.00,0.00,0.00,0.00,0.00
,Min,0.00,0.00,0.00,0.00,0.00
,Max,0.00,0.00,0.00,0.00,0.00
,Average,0.00,0.00,0.00,0.00,0.00
,Sum,0.00,0.00,0.00,0.00,0.00


Heating SET Hours

,,SET ≤ 12.2°C Hours (°C),SET ≤ 12.2°C OccupantHours (°C),Longest SET ≤ 12.2°C Duration [hr],Start Time of the Longest SET ≤ 12.2°C Duration
,None,,,,


Cooling SET Hours

,,SET > 30°C Hours (°C),SET > 30°C OccupantHours (°C),Longest SET > 30°C Duration [hr],Start Time of the Longest SET > 30°C Duration
,None,,,,


----------------------------------------------------------------------------------------------------
REPORT:,Annual CO2 Resilience Summary
FOR:,Entire Facility
CO2 Level Hours

,,Safe (<= 1000 ppm) [hr],Caution (> 1000, <= 5000 ppm) [hr],Hazard (> 5000 ppm) [hr]
,None,,,


CO2 Level OccupantHours

,,Safe (<= 1000 ppm) [hr],Caution (> 1000, <= 5000 ppm) [hr],Hazard (> 5000 ppm) [hr]
,None,,,


----------------------------------------------------------------------------------------------------
REPORT:,Annual Visual Resilience Summary
FOR:,Entire Facility
Illuminance Level Hours

,,A Bit Dark (<= 100 lux) [hr],Dim (> 100, <= 300 lux) [hr],Adequate (> 300, <= 500 lux) [hr],Bright (>500 lux) [hr]
,None,,,,


Illuminance Level OccupantHours

,,A Bit Dark (<= 100 lux) [hr],Dim (> 100, <= 300 lux) [hr],Adequate (> 300, <= 500 lux) [hr],Bright (>500 lux) [hr]
,None,,,,


