time,T1,T2,T3,T4,T5,T6,T7,T8,T9,T10,T11,T12,T13,T14,T15,T16,T17,T18,T19,T20,T_amb,irrad,u1,u2,u3,u4,u5,u6,u7,u8,u9,u10,u11,u12,u13,u14,u15,u16,u17,u18,u19,u20,T_sup,T_lb,T_ub,E1,E2,E3,E4,E5,E6,E7,E8,E9,E10,E11,E12,E13,E14,E15,E16,E17,E18,E19,E20,Tret1,Tret2,Tret3,Tret4,Tret5,Tret6,Tret7,Tret8,Tret9,Tret10,Tret11,Tret12,Tret13,Tret14,Tret15,Tret16,Tret17,Tret18,Tret19,Tret20,F1,F2,F3,F4,F5,F6,F7,F8,F9,F10,F11,F12,F13,F14,F15,F16,F17,F18,F19,F20
2020-01-03 00:00:00,19.87,19.86,19.86,19.83,19.97,19.83,19.86,19.88,19.85,19.85,19.83,19.86,19.88,19.85,19.85,19.83,19.86,19.87,19.85,19.85,3.31,0.0,0.604,0.099,0.093,0.746,0.049,0.339,0.284,0.233,0.302,0.294,0.331,0.281,0.243,0.294,0.296,0.338,0.285,0.251,0.307,0.297,36.0,23.0,23.0,548.75,165.23,109.66,919.35,10.67,298.89,343.56,208.78,347.27,62.58,295.94,344.34,216.83,345.22,63.02,312.71,364.01,231.18,374.64,77.76,26.59,23.24,23.38,26.18,20.28,23.45,22.94,22.57,22.82,20.64,23.45,23.01,22.8,22.79,20.63,23.6,23.15,22.98,22.96,20.8,0.013956,0.003098,0.002079,0.022392,0.000162,0.005698,0.006296,0.00372,0.006302,0.000974,0.005642,0.00634,0.003929,0.006253,0.000981,0.006032,0.006777,0.004247,0.006875,0.001224
2020-01-03 00:15:00,20.61,20.59,20.64,20.43,20.19,20.09,20.12,20.16,20.11,19.91,20.11,20.12,20.16,20.13,19.91,20.12,20.14,20.19,20.15,19.92,3.27,0.0,1.0,1.0,1.0,1.0,1.0,1.0,1.0,1.0,1.0,1.0,1.0,1.0,1.0,1.0,1.0,1.0,1.0,1.0,1.0,1.0,35.51,23.0,23.0,729.0,1011.11,715.29,1051.41,188.41,752.92,1036.59,754.51,992.11,199.7,760.89,1046.99,750.8,1007.55,199.97,785.39,1085.56,773.96,1045.28,243.88,27.95,27.77,27.86,27.11,21.82,24.78,24.32,24.21,24.13,21.07,24.81,24.39,24.37,24.15,21.06,24.98,24.57,24.57,24.35,21.33,0.023114,0.031288,0.022413,0.030001,0.003296,0.0168,0.022187,0.015987,0.020884,0.00331,0.017031,0.022553,0.016137,0.021246,0.003314,0.017867,0.023767,0.016941,0.022431,0.004117
2020-01-03 00:30:00,21.16,21.23,21.18,21.02,20.48,20.57,20.6,20.68,20.61,20.03,20.62,20.61,20.69,20.64,20.02,20.66,20.66,20.74,20.69,20.08,3.23,0.0,1.0,1.0,1.0,1.0,1.0,1.0,1.0,1.0,1.0,1.0,1.0,1.0,1.0,1.0,1.0,1.0,1.0,1.0,1.0,1.0,36.0,23.0,23.0,764.28,1060.95,754.52,1085.39,195.16,719.89,989.57,708.7,949.89,201.62,725.8,998.95,707.88,961.75,201.9,746.93,1032.19,727.82,994.92,244.95,28.09,27.89,27.95,27.34,21.83,25.75,25.33,25.39,25.12,21.43,25.8,25.4,25.51,25.17,21.43,26.0,25.61,25.72,25.39,21.77,0.023114,0.031288,0.022413,0.030001,0.003296,0.0168,0.022187,0.015987,0.020884,0.00331,0.017031,0.022553,0.016137,0.021246,0.003314,0.017867,0.023767,0.016941,0.022431,0.004117
2020-01-03 00:45:00,21.38,21.46,21.39,21.29,20.66,20.96,21.0,21.05,20.99,20.15,21.01,21.01,21.12,21.05,20.14,21.1,21.11,21.21,21.14,20.24,3.19,0.0,1.0,1.0,1.0,1.0,1.0,1.0,1.0,1.0,1.0,1.0,1.0,1.0,1.0,1.0,1.0,1.0,1.0,1.0,1.0,1.0,36.0,23.0,23.0,757.5,1049.02,752.62,1061.66,194.49,677.69,930.94,660.31,895.26,198.0,682.12,939.4,660.62,904.54,198.28,699.85,967.39,677.48,932.92,239.51,28.16,27.98,27.97,27.53,21.88,26.35,25.96,26.12,25.74,21.69,26.42,26.04,26.21,25.81,21.69,26.63,26.26,26.43,26.05,22.08,0.023114,0.031288,0.022413,0.030001,0.003296,0.0168,0.022187,0.015987,0.020884,0.00331,0.017031,0.022553,0.016137,0.021246,0.003314,0.017867,0.023767,0.016941,0.022431,0.004117
2020-01-03 01:00:00,21.4,21.5,21.39,21.36,20.76,21.22,21.28,21.3,21.27,20.26,21.28,21.29,21.41,21.33,20.26,21.38,21.4,21.52,21.44,20.39,3.15,0.0,1.0,1.0,1.0,1.0,1.0,1.0,1.0,1.0,1.0,1.0,1.0,1.0,1.0,1.0,1.0,1.0,1.0,1.0,1.0,1.0,36.0,23.0,23.0,726.82,1007.69,727.29,1009.26,193.03,650.41,892.38,629.78,859.33,195.26,654.26,900.62,630.18,866.94,195.54,669.92,925.38,645.16,892.29,235.41,28.48,28.29,28.24,27.95,21.99,26.74,26.38,26.58,26.16,21.89,26.81,26.45,26.66,26.24,21.89,27.03,26.69,26.89,26.48,22.32,0.023114,0.031288,0.022413,0.030001,0.003296,0.0168,0.022187,0.015987,0.020884,0.00331,0.017031,0.022553,0.016137,0.021246,0.003314,0.017867,0.023767,0.016941,0.022431,0.004117
2020-01-03 01:15:00,21.43,21.54,21.42,21.42,20.91,21.44,21.51,21.42,21.48,20.36,21.49,21.51,21.64,21.55,20.35,21.6,21.63,21.74,21.67,20.51,3.12,0.0,1.0,1.0,1.0,1.0,1.0,1.0,1.0,1.0,1.0,1.0,1.0,1.0,1.0,1.0,1.0,1.0,1.0,1.0,1.0,1.0,36.0,23.0,23.0,726.16,1005.2,731.34,994.1,192.74,631.15,864.73,608.17,833.12,193.03,634.37,872.59,608.79,839.67,193.31,648.71,895.19,622.59,862.94,232.08,28.48,28.31,28.19,28.07,22.01,27.01,26.68,26.9,26.46,22.05,27.09,26.74,26.97,26.55,22.05,27.31,26.99,27.21,26.8,22.51,0.023114,0.031288,0.022413,0.030001,0.003296,0.0168,0.022187,0.015987,0.020884,0.00331,0.017031,0.022553,0.016137,0.021246,0.003314,0.017867,0.023767,0.016941,0.022431,0.004117
2020-01-03 01:30:00,21.48,21.6,21.45,21.51,20.98,21.62,21.7,21.61,21.66,20.45,21.66,21.69,21.83,21.73,20.44,21.77,21.81,21.93,21.85,20.62,3.08,0.0,1.0,1.0,1.0,1.0,1.0,1.0,1.0,1.0,1.0,1.0,1.0,1.0,1.0,1.0,1.0,1.0,1.0,1.0,1.0,1.0,36.0,23.0,23.0,725.92,1003.44,735.8,980.08,192.16,616.61,843.69,593.08,813.27,191.18,619.55,851.43,592.95,819.07,191.46,633.14,872.68,606.05,840.99,229.32,28.49,28.33,28.15,28.18,22.05,27.22,26.9,27.12,26.68,22.18,27.3,26.97,27.21,26.78,22.18,27.52,27.22,27.44,27.03,22.67,0.023114,0.031288,0.022413,0.030001,0.003296,0.0168,0.022187,0.015987,0.020884,0.00331,0.017031,0.022553,0.016137,0.021246,0.003314,0.017867,0.023767,0.016941,0.022431,0.004117
2020-01-03 01:45:00,21.54,21.67,21.52,21.57,21.11,21.78,21.86,21.7,21.82,20.53,21.81,21.85,21.99,21.89,20.53,21.91,21.97,22.09,22.01,20.72,3.05,0.0,1.0,1.0,1.0,1.0,1.0,1.0,1.0,1.0,1.0,1.0,1.0,1.0,1.0,1.0,1.0,1.0,1.0,1.0,1.0,1.0,36.0,23.0,23.0,719.44,994.24,726.32,972.52,190.73,605.13,826.99,581.08,797.56,189.57,607.97,834.73,580.63,802.81,189.85,621.16,855.17,593.3,823.91,226.94,28.55,28.4,28.25,28.24,22.15,27.38,27.08,27.3,26.86,22.3,27.46,27.15,27.39,26.96,22.3,27.68,27.39,27.62,27.21,22.81,0.023114,0.031288,0.022413,0.030001,0.003296,0.0168,0.022187,0.015987,0.020884,0.00331,0.017031,0.022553,0.016137,0.021246,0.003314,0.017867,0.023767,0.016941,0.022431,0.004117
2020-01-03 02:00:00,21.61,21.74,21.59,21.64,21.19,21.92,22.01,21.85,21.96,20.61,21.95,22.0,22.13,22.04,20.61,22.05,22.12,22.24,22.16,20.83,3.03,0.0,1.0,1.0,1.0,1.0,1.0,1.0,1.0,1.0,1.0,1.0,1.0,1.0,1.0,1.0,1.0,1.0,1.0,1.0,1.0,1.0,36.0,23.0,23.0,713.12,985.09,717.0,965.49,189.17,595.63,813.13,571.86,784.53,188.14,598.45,820.9,570.59,789.37,188.43,611.41,840.8,582.98,809.89,224.84,28.62,28.47,28.35,28.3,22.27,27.52,27.23,27.44,27.01,22.4,27.59,27.29,27.54,27.11,22.4,27.81,27.54,27.77,27.36,22.93,0.023114,0.031288,0.022413,0.030001,0.003296,0.0168,0.022187,0.015987,0.020884,0.00331,0.017031,0.022553,0.016137,0.021246,0.003314,0.017867,0.023767,0.016941,0.022431,0.004117
2020-01-03 02:15:00,21.68,21.81,21.67,21.71,21.3,22.05,22.15,21.93,22.1,20.69,22.08,22.14,22.26,22.17,20.69,22.17,22.25,22.37,22.29,20.92,3.01,0.0,1.0,1.0,1.0,1.0,1.0,1.0,1.0,1.0,1.0,1.0,1.0,1.0,1.0,1.0,1.0,1.0,1.0,1.0,1.0,1.0,36.0,23.0,23.0,706.84,976.29,707.55,958.37,187.76,587.47,801.23,563.78,773.34,186.85,590.3,809.04,562.13,777.86,187.13,603.16,828.61,574.34,798.0,222.93,28.68,28.53,28.45,28.36,22.37,27.63,27.36,27.56,27.14,22.5,27.71,27.42,27.67,27.24,22.49,27.92,27.66,27.89,27.49,23.05,0.023114,0.031288,0.022413,0.030001,0.003296,0.0168,0.022187,0.015987,0.020884,0.00331,0.017031,0.022553,0.016137,0.021246,0.003314,0.017867,0.023767,0.016941,0.022431,0.004117
2020-01-03 02:30:00,21.74,21.88,21.74,21.78,21.37,22.17,22.28,22.05,22.22,20.77,22.19,22.26,22.38,22.3,20.77,22.27,22.36,22.48,22.4,21.02,2.98,0.0,1.0,1.0,1.0,1.0,1.0,1.0,1.0,1.0,1.0,1.0,1.0,1.0,1.0,1.0,1.0,1.0,1.0,1.0,1.0,1.0,36.0,23.0,23.0,700.67,967.59,698.15,951.52,186.21,580.3,790.76,557.19,763.49,185.65,583.17,798.61,554.8,767.77,185.93,596.02,818.03,566.91,787.69,221.17,28.75,28.6,28.55,28.41,22.48,27.74,27.47,27.66,27.25,22.58,27.81,27.53,27.77,27.35,22.58,28.02,27.77,27.99,27.6,23.15,0.023114,0.031288,0.022413,0.030001,0.003296,0.0168,0.022187,0.015987,0.020884,0.00331,0.017031,0.022553,0.016137,0.021246,0.003314,0.017867,0.023767,0.016941,0.022431,0.004117
2020-01-03 02:45:00,21.8,21.94,21.82,21.84,21.48,22.28,22.39,22.12,22.33,20.85,22.3,22.37,22.49,22.41,20.84,22.37,22.47,22.59,22.51,21.11,2.96,0.0,1.0,1.0,1.0,1.0,1.0,1.0,1.0,1.0,1.0,1.0,1.0,1.0,1.0,1.0,1.0,1.0,1.0,1.0,1.0,1.0,36.0,23.0,23.0,694.6,959.08,688.81,944.83,184.8,573.89,781.41,551.1,754.7,184.52,576.81,789.3,548.34,758.78,184.81,589.73,808.68,560.42,778.6,219.53,28.81,28.67,28.65,28.47,22.59,27.83,27.57,27.75,27.35,22.67,27.9,27.63,27.87,27.46,22.66,28.1,27.86,28.09,27.7,23.24,0.023114,0.031288,0.022413,0.030001,0.003296,0.0168,0.022187,0.015987,0.020884,0.00331,0.017031,0.022553,0.016137,0.021246,0.003314,0.017867,0.023767,0.016941,0.022431,0.004117
2020-01-03 03:00:00,21.86,22.01,21.9,21.9,21.55,22.39,22.51,22.23,22.44,20.92,22.4,22.49,22.59,22.52,20.92,22.47,22.58,22.69,22.61,21.19,2.94,0.0,1.0,1.0,1.0,1.0,1.0,1.0,1.0,1.0,1.0,1.0,1.0,1.0,1.0,1.0,1.0,1.0,1.0,1.0,1.0,1.0,36.0,23.0,23.0,688.57,950.63,679.45,938.26,183.26,568.08,772.93,545.95,746.73,183.45,571.05,780.85,542.56,750.65,183.74,584.08,800.26,554.63,770.45,217.99,28.87,28.73,28.75,28.52,22.7,27.91,27.67,27.83,27.45,22.74,27.98,27.72,27.96,27.55,22.74,28.18,27.94,28.17,27.78,23.33,0.023114,0.031288,0.022413,0.030001,0.003296,0.0168,0.022187,0.015987,0.020884,0.00331,0.017031,0.022553,0.016137,0.021246,0.003314,0.017867,0.023767,0.016941,0.022431,0.004117
2020-01-03 03:15:00,21.92,22.07,21.98,21.96,21.65,22.49,22.61,22.3,22.54,20.99,22.5,22.59,22.69,22.62,20.99,22.56,22.68,22.79,22.71,21.28,2.92,0.0,1.0,1.0,1.0,1.0,1.0,1.0,1.0,1.0,1.0,1.0,1.0,1.0,1.0,1.0,1.0,1.0,1.0,1.0,1.0,1.0,36.0,23.0,23.0,682.59,942.23,670.02,931.82,181.84,562.74,765.11,541.0,739.39,182.44,565.76,773.03,537.28,743.17,182.72,578.91,792.53,549.37,763.02,216.53,28.93,28.8,28.85,28.57,22.8,27.99,27.75,27.9,27.53,22.82,28.05,27.8,28.03,27.63,22.81,28.25,28.02,28.24,27.86,23.42,0.023114,0.031288,0.022413,0.030001,0.003296,0.0168,0.022187,0.015987,0.020884,0.00331,0.017031,0.022553,0.016137,0.021246,0.003314,0.017867,0.023767,0.016941,0.022431,0.004117
2020-01-03 03:30:00,21.97,22.13,22.03,22.01,21.72,22.58,22.71,22.4,22.64,21.06,22.59,22.69,22.78,22.72,21.06,22.64,22.77,22.87,22.8,21.36,2.9,0.0,1.0,1.0,1.0,1.0,1.0,1.0,1.0,1.0,1.0,1.0,1.0,1.0,1.0,1.0,1.0,1.0,1.0,1.0,1.0,1.0,36.0,23.0,23.0,679.16,937.09,665.82,926.94,180.78,557.81,757.87,536.7,732.62,181.46,560.88,765.78,532.44,736.28,181.74,574.2,785.45,544.57,756.23,215.14,28.97,28.83,28.89,28.61,22.88,28.06,27.83,27.97,27.61,22.89,28.12,27.88,28.11,27.71,22.88,28.31,28.09,28.31,27.93,23.5,0.023114,0.031288,0.022413,0.030001,0.003296,0.0168,0.022187,0.015987,0.020884,0.00331,0.017031,0.022553,0.016137,0.021246,0.003314,0.017867,0.023767,0.016941,0.022431,0.004117
2020-01-03 03:45:00,22.01,22.18,22.08,22.06,21.81,22.67,22.8,22.46,22.73,21.13,22.67,22.79,22.87,22.81,21.13,22.72,22.85,22.96,22.88,21.44,2.88,0.0,1.0,1.0,1.0,1.0,1.0,1.0,1.0,1.0,1.0,1.0,1.0,1.0,1.0,1.0,1.0,1.0,1.0,1.0,1.0,1.0,36.0,23.0,23.0,675.84,932.09,661.81,922.25,179.8,553.23,751.13,532.53,726.32,180.52,556.35,759.03,527.97,729.89,180.8,569.88,778.91,540.19,750.01,213.81,29.0,28.87,28.94,28.65,22.95,28.12,27.9,28.03,27.68,22.95,28.18,27.95,28.17,27.78,22.95,28.37,28.16,28.37,28.0,23.58,0.023114,0.031288,0.022413,0.030001,0.003296,0.0168,0.022187,0.015987,0.020884,0.00331,0.017031,0.022553,0.016137,0.021246,0.003314,0.017867,0.023767,0.016941,0.022431,0.004117
2020-01-03 04:00:00,22.05,22.22,22.13,22.11,21.87,22.75,22.89,22.54,22.82,21.2,22.75,22.87,22.95,22.89,21.2,22.79,22.93,23.03,22.96,21.52,2.88,0.0,1.0,1.0,1.0,1.0,1.0,1.0,1.0,1.0,1.0,1.0,1.0,1.0,1.0,1.0,1.0,1.0,1.0,1.0,1.0,1.0,36.0,23.0,23.0,672.67,927.34,658.02,917.77,178.76,548.97,744.84,528.87,720.45,179.6,552.13,752.72,523.85,723.94,179.89,565.9,772.87,536.15,744.28,212.54,29.04,28.91,28.98,28.68,23.02,28.18,27.97,28.09,27.75,23.02,28.24,28.02,28.23,27.85,23.02,28.42,28.22,28.43,28.06,23.65,0.023114,0.031288,0.022413,0.030001,0.003296,0.0168,0.022187,0.015987,0.020884,0.00331,0.017031,0.022553,0.016137,0.021246,0.003314,0.017867,0.023767,0.016941,0.022431,0.004117
2020-01-03 04:15:00,22.1,22.27,22.17,22.15,21.95,22.83,22.97,22.6,22.9,21.27,22.83,22.96,23.02,22.97,21.27,22.85,23.0,23.1,23.03,21.59,2.88,0.0,1.0,1.0,1.0,1.0,1.0,1.0,1.0,1.0,1.0,1.0,1.0,1.0,1.0,1.0,1.0,1.0,1.0,1.0,1.0,1.0,36.0,23.0,23.0,669.57,922.73,654.32,913.4,177.8,544.98,738.98,525.33,714.97,178.72,548.2,746.85,520.04,718.39,179.0,562.22,767.3,532.46,738.98,211.3,29.07,28.94,29.02,28.72,23.09,28.24,28.03,28.14,27.81,23.08,28.3,28.08,28.29,27.91,23.08,28.47,28.28,28.48,28.12,23.72,0.023114,0.031288,0.022413,0.030001,0.003296,0.0168,0.022187,0.015987,0.020884,0.00331,0.017031,0.022553,0.016137,0.021246,0.003314,0.017867,0.023767,0.016941,0.022431,0.004117
2020-01-03 04:30:00,22.14,22.31,22.21,22.2,22.02,22.9,23.05,22.67,22.97,21.33,22.9,23.03,23.09,23.05,21.33,22.91,23.07,23.17,23.09,21.67,2.88,0.0,1.0,1.0,1.0,1.0,1.0,1.0,1.0,1.0,1.0,1.0,1.0,1.0,1.0,1.0,1.0,1.0,1.0,1.0,1.0,1.0,36.0,23.0,23.0,666.56,918.26,650.72,909.17,176.79,541.25,733.51,522.18,709.83,177.86,544.53,741.35,516.52,713.2,178.14,558.81,762.14,529.07,734.08,210.12,29.1,28.98,29.05,28.75,23.17,28.29,28.09,28.19,27.87,23.15,28.35,28.14,28.34,27.97,23.14,28.52,28.33,28.53,28.17,23.79,0.023114,0.031288,0.022413,0.030001,0.003296,0.0168,0.022187,0.015987,0.020884,0.00331,0.017031,0.022553,0.016137,0.021246,0.003314,0.017867,0.023767,0.016941,0.022431,0.004117
2020-01-03 04:45:00,22.17,22.35,22.26,22.24,22.09,22.97,23.12,22.73,23.05,21.4,22.97,23.11,23.15,23.12,21.4,22.97,23.14,23.23,23.16,21.74,2.88,0.0,1.0,1.0,1.0,1.0,1.0,1.0,1.0,1.0,1.0,1.0,1.0,1.0,1.0,1.0,1.0,1.0,1.0,1.0,1.0,1.0,36.0,23.0,23.0,663.61,913.9,647.19,905.05,175.84,537.76,728.38,519.13,705.01,177.02,541.09,736.2,513.24,708.34,177.3,555.65,757.34,525.93,729.52,208.97,29.13,29.01,29.09,28.78,23.24,28.34,28.15,28.23,27.92,23.21,28.4,28.19,28.39,28.02,23.2,28.56,28.38,28.57,28.22,23.86,0.023114,0.031288,0.022413,0.030001,0.003296,0.0168,0.022187,0.015987,0.020884,0.00331,0.017031,0.022553,0.016137,0.021246,0.003314,0.017867,0.023767,0.016941,0.022431,0.004117
2020-01-03 05:00:00,22.21,22.39,22.3,22.28,22.15,23.03,23.19,22.79,23.12,21.46,23.03,23.18,23.22,23.19,21.46,23.03,23.2,23.29,23.22,21.81,2.88,0.0,1.0,1.0,1.0,1.0,1.0,1.0,1.0,1.0,1.0,1.0,1.0,1.0,1.0,1.0,1.0,1.0,1.0,1.0,1.0,1.0,36.0,23.0,23.0,660.72,909.6,643.71,901.01,174.87,534.47,723.55,516.37,700.46,176.2,537.85,731.34,510.18,703.77,176.48,552.68,752.83,523.01,725.25,207.85,29.16,29.04,29.13,28.82,23.31,28.39,28.2,28.27,27.98,23.27,28.44,28.24,28.44,28.08,23.26,28.6,28.42,28.61,28.26,23.92,0.023114,0.031288,0.022413,0.030001,0.003296,0.0168,0.022187,0.015987,0.020884,0.00331,0.017031,0.022553,0.016137,0.021246,0.003314,0.017867,0.023767,0.016941,0.022431,0.004117
2020-01-03 05:15:00,22.25,22.43,22.33,22.32,22.22,23.1,23.26,22.85,23.18,21.52,23.09,23.25,23.28,23.26,21.52,23.08,23.26,23.35,23.28,21.87,2.88,0.0,1.0,1.0,1.0,1.0,1.0,1.0,1.0,1.0,1.0,1.0,1.0,1.0,1.0,1.0,1.0,1.0,1.0,1.0,1.0,1.0,36.0,23.0,23.0,658.45,906.14,641.29,897.61,174.07,531.35,718.93,513.64,696.12,175.4,534.77,726.68,507.26,699.41,175.68,549.86,748.53,520.23,721.21,206.77,29.18,29.07,29.15,28.84,23.36,28.43,28.25,28.31,28.03,23.32,28.49,28.29,28.48,28.12,23.32,28.64,28.47,28.65,28.31,23.98,0.023114,0.031288,0.022413,0.030001,0.003296,0.0168,0.022187,0.015987,0.020884,0.00331,0.017031,0.022553,0.016137,0.021246,0.003314,0.017867,0.023767,0.016941,0.022431,0.004117
2020-01-03 05:30:00,22.28,22.47,22.37,22.35,22.28,23.16,23.33,22.91,23.25,21.59,23.15,23.32,23.34,23.32,21.58,23.14,23.32,23.4,23.33,21.94,2.87,0.0,1.0,1.0,1.0,1.0,1.0,1.0,1.0,1.0,1.0,1.0,1.0,1.0,1.0,1.0,1.0,1.0,1.0,1.0,1.0,1.0,36.0,23.0,23.0,656.23,902.77,638.93,894.28,173.25,528.37,714.53,511.13,692.0,174.61,531.83,722.23,504.5,695.27,174.9,547.2,744.45,517.61,717.39,205.72,29.21,29.1,29.18,28.87,23.42,28.48,28.3,28.35,28.07,23.38,28.53,28.34,28.52,28.17,23.38,28.67,28.51,28.69,28.35,24.05,0.023114,0.031288,0.022413,0.030001,0.003296,0.0168,0.022187,0.015987,0.020884,0.00331,0.017031,0.022553,0.016137,0.021246,0.003314,0.017867,0.023767,0.016941,0.022431,0.004117
2020-01-03 05:45:00,22.31,22.5,22.4,22.39,22.34,23.21,23.39,22.96,23.31,21.65,23.21,23.38,23.39,23.38,21.64,23.18,23.38,23.45,23.39,22.01,2.87,0.0,1.0,1.0,1.0,1.0,1.0,1.0,1.0,1.0,1.0,1.0,1.0,1.0,1.0,1.0,1.0,1.0,1.0,1.0,1.0,1.0,36.0,23.0,23.0,654.1,899.51,636.67,891.08,172.46,525.54,710.34,508.67,688.07,173.84,529.04,717.98,501.88,691.32,174.13,544.69,740.58,515.14,713.8,204.7,29.23,29.12,29.2,28.89,23.48,28.52,28.34,28.39,28.12,23.44,28.57,28.38,28.56,28.22,23.43,28.71,28.55,28.73,28.39,24.1,0.023114,0.031288,0.022413,0.030001,0.003296,0.0168,0.022187,0.015987,0.020884,0.00331,0.017031,0.022553,0.016137,0.021246,0.003314,0.017867,0.023767,0.016941,0.022431,0.004117
2020-01-03 06:00:00,22.34,22.53,22.43,22.42,22.39,23.27,23.45,23.01,23.37,21.71,23.26,23.44,23.44,23.44,21.7,23.23,23.43,23.5,23.43,22.07,2.86,0.0,1.0,1.0,1.0,1.0,1.0,1.0,1.0,1.0,1.0,1.0,1.0,1.0,1.0,1.0,1.0,1.0,1.0,1.0,1.0,1.0,36.0,23.0,23.0,652.03,896.37,634.49,887.97,171.67,522.86,706.35,506.4,684.35,173.09,526.39,713.95,499.41,687.59,173.37,542.32,736.93,512.82,710.41,203.7,29.25,29.15,29.23,28.92,23.54,28.55,28.38,28.42,28.16,23.49,28.61,28.43,28.6,28.26,23.49,28.74,28.58,28.76,28.42,24.16,0.023114,0.031288,0.022413,0.030001,0.003296,0.0168,0.022187,0.015987,0.020884,0.00331,0.017031,0.022553,0.016137,0.021246,0.003314,0.017867,0.023767,0.016941,0.022431,0.004117
2020-01-03 06:15:00,22.37,22.56,22.46,22.45,22.45,23.32,23.5,23.06,23.42,21.76,23.31,23.5,23.49,23.49,21.76,23.27,23.47,23.54,23.48,22.13,2.86,0.0,1.0,1.0,1.0,1.0,1.0,1.0,1.0,1.0,1.0,1.0,1.0,1.0,1.0,1.0,1.0,1.0,1.0,1.0,1.0,1.0,36.0,23.0,23.0,650.03,893.36,632.4,884.96,170.9,520.32,702.59,504.2,680.81,172.35,523.89,710.14,497.1,684.05,172.63,540.1,733.52,510.67,707.23,202.73,29.27,29.17,29.25,28.94,23.59,28.59,28.42,28.45,28.2,23.54,28.64,28.47,28.63,28.3,23.54,28.77,28.62,28.79,28.46,24.22,0.023114,0.031288,0.022413,0.030001,0.003296,0.0168,0.022187,0.015987,0.020884,0.00331,0.017031,0.022553,0.016137,0.021246,0.003314,0.017867,0.023767,0.016941,0.022431,0.004117
2020-01-03 06:30:00,22.39,22.59,22.48,22.48,22.51,23.37,23.56,23.11,23.47,21.82,23.36,23.55,23.54,23.55,21.82,23.31,23.52,23.59,23.52,22.19,2.85,0.0,1.0,1.0,1.0,1.0,1.0,1.0,1.0,1.0,1.0,1.0,1.0,1.0,1.0,1.0,1.0,1.0,1.0,1.0,1.0,1.0,36.0,23.0,23.0,648.07,890.42,630.36,882.01,170.13,517.9,699.01,502.16,677.44,171.63,521.51,706.52,494.91,680.68,171.91,538.0,730.29,508.65,704.21,201.79,29.29,29.19,29.27,28.97,23.65,28.62,28.46,28.49,28.24,23.6,28.67,28.51,28.66,28.34,23.59,28.8,28.65,28.82,28.49,24.27,0.023114,0.031288,0.022413,0.030001,0.003296,0.0168,0.022187,0.015987,0.020884,0.00331,0.017031,0.022553,0.016137,0.021246,0.003314,0.017867,0.023767,0.016941,0.022431,0.004117
2020-01-03 06:45:00,22.42,22.62,22.51,22.51,22.56,23.42,23.61,23.15,23.53,21.88,23.41,23.6,23.58,23.6,21.87,23.35,23.56,23.63,23.57,22.25,2.84,0.0,1.0,1.0,1.0,1.0,1.0,1.0,1.0,1.0,1.0,1.0,1.0,1.0,1.0,1.0,1.0,1.0,1.0,1.0,1.0,1.0,36.0,23.0,23.0,646.14,887.54,628.37,879.13,169.38,515.6,695.61,500.19,674.23,170.91,519.24,703.08,492.85,677.48,171.19,536.0,727.23,506.75,701.36,200.87,29.31,29.21,29.29,28.99,23.7,28.66,28.5,28.52,28.28,23.65,28.71,28.54,28.69,28.37,23.64,28.82,28.68,28.84,28.52,24.33,0.023114,0.031288,0.022413,0.030001,0.003296,0.0168,0.022187,0.015987,0.020884,0.00331,0.017031,0.022553,0.016137,0.021246,0.003314,0.017867,0.023767,0.016941,0.022431,0.004117
2020-01-03 07:00:00,22.44,22.65,22.53,22.53,22.61,23.46,23.66,23.19,23.57,21.93,23.45,23.65,23.62,23.64,21.93,23.39,23.6,23.66,23.61,22.31,2.84,0.0,1.0,1.0,1.0,1.0,1.0,1.0,1.0,1.0,1.0,1.0,1.0,1.0,1.0,1.0,1.0,1.0,1.0,1.0,1.0,1.0,36.0,23.0,23.0,644.53,885.11,626.79,876.66,168.7,513.42,692.37,498.33,671.17,170.21,517.09,699.8,490.9,674.42,170.49,534.1,724.34,504.96,698.65,199.97,29.33,29.23,29.31,29.01,23.75,28.69,28.53,28.54,28.31,23.7,28.74,28.58,28.72,28.41,23.69,28.85,28.71,28.87,28.55,24.38,0.023114,0.031288,0.022413,0.030001,0.003296,0.0168,0.022187,0.015987,0.020884,0.00331,0.017031,0.022553,0.016137,0.021246,0.003314,0.017867,0.023767,0.016941,0.022431,0.004117
2020-01-03 07:15:00,22.47,22.67,22.55,22.56,22.66,23.5,23.7,23.23,23.62,21.99,23.49,23.7,23.66,23.69,21.99,23.42,23.64,23.69,23.64,22.37,2.83,0.0,1.0,1.0,1.0,1.0,1.0,1.0,1.0,1.0,1.0,1.0,1.0,1.0,1.0,1.0,1.0,1.0,1.0,1.0,1.0,1.0,36.0,23.0,23.0,642.95,882.75,625.28,874.25,168.03,511.34,689.29,496.55,668.25,169.53,515.04,696.69,489.06,671.53,169.8,532.33,721.63,503.31,696.12,199.09,29.35,29.25,29.33,29.03,23.8,28.72,28.57,28.57,28.34,23.75,28.77,28.61,28.75,28.44,23.74,28.87,28.74,28.89,28.58,24.43,0.023114,0.031288,0.022413,0.030001,0.003296,0.0168,0.022187,0.015987,0.020884,0.00331,0.017031,0.022553,0.016137,0.021246,0.003314,0.017867,0.023767,0.016941,0.022431,0.004117
2020-01-03 07:30:00,22.49,22.69,22.57,22.58,22.71,23.54,23.75,23.27,23.66,22.04,23.53,23.74,23.7,23.73,22.04,23.45,23.68,23.72,23.68,22.42,2.83,0.0,1.0,1.0,1.0,1.0,1.0,1.0,1.0,1.0,1.0,1.0,1.0,1.0,1.0,1.0,1.0,1.0,1.0,1.0,1.0,1.0,36.0,23.0,23.0,641.43,880.46,623.81,871.92,167.36,509.36,686.34,494.86,665.47,168.85,513.09,693.72,487.32,668.76,169.12,530.66,719.07,501.75,693.72,198.23,29.36,29.27,29.34,29.05,23.85,28.75,28.6,28.59,28.38,23.8,28.79,28.64,28.78,28.47,23.79,28.89,28.76,28.91,28.6,24.48,0.023114,0.031288,0.022413,0.030001,0.003296,0.0168,0.022187,0.015987,0.020884,0.00331,0.017031,0.022553,0.016137,0.021246,0.003314,0.017867,0.023767,0.016941,0.022431,0.004117
2020-01-03 07:45:00,22.51,22.72,22.59,22.6,22.76,23.58,23.79,23.31,23.7,22.1,23.57,23.78,23.73,23.77,22.09,23.48,23.71,23.75,23.71,22.48,2.83,0.0,1.0,1.0,1.0,1.0,1.0,1.0,1.0,1.0,1.0,1.0,1.0,1.0,1.0,1.0,1.0,1.0,1.0,1.0,1.0,1.0,36.0,23.0,23.0,639.93,878.23,622.38,869.63,166.71,507.47,683.54,493.24,662.8,168.18,511.23,690.89,485.67,666.12,168.46,529.06,716.64,500.31,691.45,197.4,29.38,29.28,29.36,29.07,23.9,28.77,28.63,28.62,28.41,23.85,28.82,28.67,28.8,28.5,23.84,28.92,28.79,28.93,28.63,24.53,0.023114,0.031288,0.022413,0.030001,0.003296,0.0168,0.022187,0.015987,0.020884,0.00331,0.017031,0.022553,0.016137,0.021246,0.003314,0.017867,0.023767,0.016941,0.022431,0.004117
2020-01-03 08:00:00,22.53,22.74,22.62,22.63,22.8,23.62,23.83,23.35,23.75,22.15,23.61,23.82,23.77,23.81,22.15,23.51,23.74,23.78,23.74,22.53,2.86,0.0,1.0,1.0,1.0,1.0,1.0,1.0,1.0,1.0,1.0,1.0,1.0,1.0,1.0,1.0,1.0,1.0,1.0,1.0,1.0,1.0,36.0,23.0,23.0,638.45,876.04,620.97,867.37,166.07,505.66,680.87,491.69,660.24,167.52,509.45,688.18,484.1,663.59,167.8,527.54,714.31,498.94,689.27,196.58,29.39,29.3,29.37,29.08,23.95,28.8,28.66,28.64,28.44,23.89,28.84,28.7,28.82,28.53,23.89,28.94,28.81,28.95,28.65,24.58,0.023114,0.031288,0.022413,0.030001,0.003296,0.0168,0.022187,0.015987,0.020884,0.00331,0.017031,0.022553,0.016137,0.021246,0.003314,0.017867,0.023767,0.016941,0.022431,0.004117
2020-01-03 08:15:00,21.37,21.62,21.47,21.54,22.62,23.39,23.6,23.14,23.53,22.12,23.36,23.6,23.54,23.59,22.11,23.23,23.48,23.51,23.49,22.48,2.9,3.7,0.0,0.0,0.0,0.0,0.0,0.0,0.0,0.0,0.0,0.0,0.0,0.0,0.0,0.0,0.0,0.0,0.0,0.0,0.0,0.0,28.83,23.0,23.0,0.0,0.0,0.0,0.0,0.0,0.0,0.0,0.0,0.0,0.0,0.0,0.0,0.0,0.0,0.0,0.0,0.0,0.0,0.0,0.0,36.0,36.0,36.0,36.0,36.0,36.0,36.0,36.0,36.0,36.0,36.0,36.0,36.0,36.0,36.0,36.0,36.0,36.0,36.0,36.0,0.0,0.0,0.0,0.0,0.0,0.0,0.0,0.0,0.0,0.0,0.0,0.0,0.0,0.0,0.0,0.0,0.0,0.0,0.0,0.0
2020-01-03 08:30:00,20.85,21.31,21.28,21.04,22.49,22.99,23.35,22.91,23.13,22.03,22.89,23.34,23.28,23.19,22.03,22.71,23.2,23.3,23.03,22.35,2.93,80.6,0.0,0.0,0.0,0.0,0.0,0.0,0.0,0.0,0.0,0.0,0.0,0.0,0.0,0.0,0.0,0.0,0.0,0.0,0.0,0.0,28.83,23.0,23.0,0.0,0.0,0.0,0.0,0.0,0.0,0.0,0.0,0.0,0.0,0.0,0.0,0.0,0.0,0.0,0.0,0.0,0.0,0.0,0.0,36.0,36.0,36.0,36.0,36.0,36.0,36.0,36.0,36.0,36.0,36.0,36.0,36.0,36.0,36.0,36.0,36.0,36.0,36.0,36.0,0.0,0.0,0.0,0.0,0.0,0.0,0.0,0.0,0.0,0.0,0.0,0.0,0.0,0.0,0.0,0.0,0.0,0.0,0.0,0.0
2020-01-03 08:45:00,20.65,21.35,21.48,20.94,22.42,22.68,23.21,22.89,22.74,21.95,22.43,23.19,23.14,22.8,21.94,22.22,23.05,23.29,22.61,22.22,2.97,157.5,0.0,0.0,0.0,0.0,0.0,0.0,0.0,0.0,0.0,0.0,0.0,0.0,0.0,0.0,0.0,0.0,0.0,0.0,0.0,0.0,28.83,23.0,23.0,0.0,0.0,0.0,0.0,0.0,0.0,0.0,0.0,0.0,0.0,0.0,0.0,0.0,0.0,0.0,0.0,0.0,0.0,0.0,0.0,36.0,36.0,36.0,36.0,36.0,36.0,36.0,36.0,36.0,36.0,36.0,36.0,36.0,36.0,36.0,36.0,36.0,36.0,36.0,36.0,0.0,0.0,0.0,0.0,0.0,0.0,0.0,0.0,0.0,0.0,0.0,0.0,0.0,0.0,0.0,0.0,0.0,0.0,0.0,0.0
2020-01-03 09:00:00,20.54,21.41,21.72,20.91,22.43,22.5,23.2,23.02,22.44,21.87,22.1,23.15,23.17,22.5,21.87,21.85,23.01,23.42,22.28,22.1,3.3,234.4,0.0,0.0,0.0,0.0,0.0,0.0,0.0,0.0,0.0,0.0,0.0,0.0,0.0,0.0,0.0,0.0,0.0,0.0,0.0,0.0,28.83,23.0,23.0,0.0,0.0,0.0,0.0,0.0,0.0,0.0,0.0,0.0,0.0,0.0,0.0,0.0,0.0,0.0,0.0,0.0,0.0,0.0,0.0,36.0,36.0,36.0,36.0,36.0,36.0,36.0,36.0,36.0,36.0,36.0,36.0,36.0,36.0,36.0,36.0,36.0,36.0,36.0,36.0,0.0,0.0,0.0,0.0,0.0,0.0,0.0,0.0,0.0,0.0,0.0,0.0,0.0,0.0,0.0,0.0,0.0,0.0,0.0,0.0
2020-01-03 09:15:00,20.46,21.46,22.0,20.92,22.52,22.47,23.29,23.27,22.2,21.8,21.87,23.18,23.34,22.27,21.8,21.57,23.02,23.72,22.02,22.0,3.62,311.4,0.0,0.0,0.0,0.0,0.0,0.0,0.0,0.0,0.0,0.0,0.0,0.0,0.0,0.0,0.0,0.0,0.0,0.0,0.0,0.0,28.83,23.0,23.0,0.0,0.0,0.0,0.0,0.0,0.0,0.0,0.0,0.0,0.0,0.0,0.0,0.0,0.0,0.0,0.0,0.0,0.0,0.0,0.0,36.0,36.0,36.0,36.0,36.0,36.0,36.0,36.0,36.0,36.0,36.0,36.0,36.0,36.0,36.0,36.0,36.0,36.0,36.0,36.0,0.0,0.0,0.0,0.0,0.0,0.0,0.0,0.0,0.0,0.0,0.0,0.0,0.0,0.0,0.0,0.0,0.0,0.0,0.0,0.0
2020-01-03 09:30:00,20.39,21.42,22.14,20.91,22.63,22.49,23.38,23.51,22.01,21.73,21.66,23.17,23.52,22.09,21.73,21.34,22.99,23.97,21.8,21.91,3.95,327.7,0.0,0.0,0.0,0.0,0.0,0.0,0.0,0.0,0.0,0.0,0.0,0.0,0.0,0.0,0.0,0.0,0.0,0.0,0.0,0.0,28.83,23.0,23.0,0.0,0.0,0.0,0.0,0.0,0.0,0.0,0.0,0.0,0.0,0.0,0.0,0.0,0.0,0.0,0.0,0.0,0.0,0.0,0.0,36.0,36.0,36.0,36.0,36.0,36.0,36.0,36.0,36.0,36.0,36.0,36.0,36.0,36.0,36.0,36.0,36.0,36.0,36.0,36.0,0.0,0.0,0.0,0.0,0.0,0.0,0.0,0.0,0.0,0.0,0.0,0.0,0.0,0.0,0.0,0.0,0.0,0.0,0.0,0.0
2020-01-03 09:45:00,20.3,21.32,22.24,20.88,22.75,22.54,23.45,23.74,21.84,21.67,21.49,23.12,23.7,21.93,21.66,21.15,22.93,24.2,21.62,21.82,4.28,344.0,0.0,0.0,0.0,0.0,0.0,0.0,0.0,0.0,0.0,0.0,0.0,0.0,0.0,0.0,0.0,0.0,0.0,0.0,0.0,0.0,28.83,23.0,23.0,0.0,0.0,0.0,0.0,0.0,0.0,0.0,0.0,0.0,0.0,0.0,0.0,0.0,0.0,0.0,0.0,0.0,0.0,0.0,0.0,36.0,36.0,36.0,36.0,36.0,36.0,36.0,36.0,36.0,36.0,36.0,36.0,36.0,36.0,36.0,36.0,36.0,36.0,36.0,36.0,0.0,0.0,0.0,0.0,0.0,0.0,0.0,0.0,0.0,0.0,0.0,0.0,0.0,0.0,0.0,0.0,0.0,0.0,0.0,0.0
2020-01-03 10:00:00,20.21,21.2,22.32,20.83,22.87,22.6,23.5,23.97,21.68,21.61,21.33,23.04,23.89,21.79,21.6,20.96,22.81,24.4,21.45,21.73,4.57,360.3,0.0,0.0,0.0,0.0,0.0,0.0,0.0,0.0,0.0,0.0,0.0,0.0,0.0,0.0,0.0,0.0,0.0,0.0,0.0,0.0,28.83,23.0,23.0,0.0,0.0,0.0,0.0,0.0,0.0,0.0,0.0,0.0,0.0,0.0,0.0,0.0,0.0,0.0,0.0,0.0,0.0,0.0,0.0,36.0,36.0,36.0,36.0,36.0,36.0,36.0,36.0,36.0,36.0,36.0,36.0,36.0,36.0,36.0,36.0,36.0,36.0,36.0,36.0,0.0,0.0,0.0,0.0,0.0,0.0,0.0,0.0,0.0,0.0,0.0,0.0,0.0,0.0,0.0,0.0,0.0,0.0,0.0,0.0
2020-01-03 10:15:00,20.12,21.05,22.39,20.77,22.99,22.66,23.52,24.2,21.54,21.55,21.18,22.93,24.07,21.65,21.54,20.8,22.67,24.58,21.3,21.65,4.85,376.6,0.0,0.0,0.0,0.0,0.0,0.0,0.0,0.0,0.0,0.0,0.0,0.0,0.0,0.0,0.0,0.0,0.0,0.0,0.0,0.0,28.83,23.0,23.0,0.0,0.0,0.0,0.0,0.0,0.0,0.0,0.0,0.0,0.0,0.0,0.0,0.0,0.0,0.0,0.0,0.0,0.0,0.0,0.0,36.0,36.0,36.0,36.0,36.0,36.0,36.0,36.0,36.0,36.0,36.0,36.0,36.0,36.0,36.0,36.0,36.0,36.0,36.0,36.0,0.0,0.0,0.0,0.0,0.0,0.0,0.0,0.0,0.0,0.0,0.0,0.0,0.0,0.0,0.0,0.0,0.0,0.0,0.0,0.0
2020-01-03 10:30:00,20.05,20.92,22.51,20.75,23.12,22.74,23.54,24.43,21.41,21.49,21.04,22.79,24.27,21.53,21.48,20.65,22.49,24.76,21.17,21.57,5.14,396.1,0.0,0.0,0.0,0.0,0.0,0.0,0.0,0.0,0.0,0.0,0.0,0.0,0.0,0.0,0.0,0.0,0.0,0.0,0.0,0.0,28.83,23.0,23.0,0.0,0.0,0.0,0.0,0.0,0.0,0.0,0.0,0.0,0.0,0.0,0.0,0.0,0.0,0.0,0.0,0.0,0.0,0.0,0.0,36.0,36.0,36.0,36.0,36.0,36.0,36.0,36.0,36.0,36.0,36.0,36.0,36.0,36.0,36.0,36.0,36.0,36.0,36.0,36.0,0.0,0.0,0.0,0.0,0.0,0.0,0.0,0.0,0.0,0.0,0.0,0.0,0.0,0.0,0.0,0.0,0.0,0.0,0.0,0.0
2020-01-03 10:45:00,20.01,20.77,22.66,20.75,23.25,22.84,23.56,24.68,21.29,21.43,20.92,22.63,24.47,21.42,21.43,20.52,22.29,24.93,21.04,21.5,5.43,415.6,0.0,0.0,0.0,0.0,0.0,0.0,0.0,0.0,0.0,0.0,0.0,0.0,0.0,0.0,0.0,0.0,0.0,0.0,0.0,0.0,28.83,23.0,23.0,0.0,0.0,0.0,0.0,0.0,0.0,0.0,0.0,0.0,0.0,0.0,0.0,0.0,0.0,0.0,0.0,0.0,0.0,0.0,0.0,36.0,36.0,36.0,36.0,36.0,36.0,36.0,36.0,36.0,36.0,36.0,36.0,36.0,36.0,36.0,36.0,36.0,36.0,36.0,36.0,0.0,0.0,0.0,0.0,0.0,0.0,0.0,0.0,0.0,0.0,0.0,0.0,0.0,0.0,0.0,0.0,0.0,0.0,0.0,0.0
2020-01-03 11:00:00,19.98,20.62,22.82,20.78,23.4,22.96,23.57,24.93,21.19,21.38,20.82,22.45,24.7,21.33,21.37,20.41,22.08,25.11,20.94,21.42,5.69,435.2,0.0,0.0,0.0,0.0,0.0,0.0,0.0,0.0,0.0,0.0,0.0,0.0,0.0,0.0,0.0,0.0,0.0,0.0,0.0,0.0,28.83,23.0,23.0,0.0,0.0,0.0,0.0,0.0,0.0,0.0,0.0,0.0,0.0,0.0,0.0,0.0,0.0,0.0,0.0,0.0,0.0,0.0,0.0,36.0,36.0,36.0,36.0,36.0,36.0,36.0,36.0,36.0,36.0,36.0,36.0,36.0,36.0,36.0,36.0,36.0,36.0,36.0,36.0,0.0,0.0,0.0,0.0,0.0,0.0,0.0,0.0,0.0,0.0,0.0,0.0,0.0,0.0,0.0,0.0,0.0,0.0,0.0,0.0
2020-01-03 11:15:00,19.98,20.52,23.0,20.81,23.55,23.09,23.59,25.19,21.09,21.33,20.72,22.28,24.94,21.25,21.32,20.31,21.88,25.29,20.84,21.35,5.95,454.7,0.008,0.0,0.0,0.0,0.0,0.0,0.0,0.0,0.0,0.0,0.0,0.0,0.0,0.0,0.0,0.0,0.0,0.0,0.0,0.0,36.0,23.0,23.0,11.29,0.0,0.0,0.0,0.0,0.0,0.0,0.0,0.0,0.0,0.0,0.0,0.0,0.0,0.0,0.0,0.0,0.0,0.0,0.0,22.0,36.0,36.0,36.0,36.0,36.0,36.0,36.0,36.0,36.0,36.0,36.0,36.0,36.0,36.0,36.0,36.0,36.0,36.0,36.0,0.000193,0.0,0.0,0.0,0.0,0.0,0.0,0.0,0.0,0.0,0.0,0.0,0.0,0.0,0.0,0.0,0.0,0.0,0.0,0.0
2020-01-03 11:30:00,19.98,20.45,23.13,20.85,23.7,23.21,23.63,25.43,21.02,21.27,20.64,22.14,25.15,21.19,21.27,20.21,21.72,25.45,20.78,21.27,6.21,456.9,0.01,0.0,0.0,0.0,0.0,0.0,0.0,0.0,0.0,0.0,0.0,0.0,0.0,0.0,0.0,0.0,0.0,0.0,0.0,0.0,36.0,23.0,23.0,14.28,0.0,0.0,0.0,0.0,0.0,0.0,0.0,0.0,0.0,0.0,0.0,0.0,0.0,0.0,0.0,0.0,0.0,0.0,0.0,21.92,36.0,36.0,36.0,36.0,36.0,36.0,36.0,36.0,36.0,36.0,36.0,36.0,36.0,36.0,36.0,36.0,36.0,36.0,36.0,0.000243,0.0,0.0,0.0,0.0,0.0,0.0,0.0,0.0,0.0,0.0,0.0,0.0,0.0,0.0,0.0,0.0,0.0,0.0,0.0
2020-01-03 11:45:00,19.98,20.41,23.24,20.89,23.84,23.32,23.67,25.64,20.99,21.22,20.55,22.02,25.33,21.17,21.22,20.13,21.58,25.58,20.75,21.2,6.47,459.1,0.01,0.0,0.0,0.0,0.0,0.0,0.0,0.0,0.0,0.0,0.0,0.0,0.0,0.0,0.0,0.0,0.0,0.0,0.0,0.0,36.0,23.0,23.0,13.77,0.0,0.0,0.0,0.0,0.0,0.0,0.0,0.0,0.0,0.0,0.0,0.0,0.0,0.0,0.0,0.0,0.0,0.0,0.0,21.81,36.0,36.0,36.0,36.0,36.0,36.0,36.0,36.0,36.0,36.0,36.0,36.0,36.0,36.0,36.0,36.0,36.0,36.0,36.0,0.000232,0.0,0.0,0.0,0.0,0.0,0.0,0.0,0.0,0.0,0.0,0.0,0.0,0.0,0.0,0.0,0.0,0.0,0.0,0.0
2020-01-03 12:00:00,19.98,20.37,23.34,20.95,23.97,23.42,23.71,25.83,21.0,21.17,20.47,21.9,25.49,21.18,21.17,20.04,21.45,25.69,20.78,21.14,6.65,461.2,0.012,0.0,0.0,0.0,0.0,0.0,0.0,0.0,0.0,0.0,0.0,0.0,0.0,0.0,0.0,0.0,0.0,0.0,0.0,0.0,36.0,23.0,23.0,16.05,0.0,0.0,0.0,0.0,0.0,0.0,0.0,0.0,0.0,0.0,0.0,0.0,0.0,0.0,0.0,0.0,0.0,0.0,0.0,21.73,36.0,36.0,36.0,36.0,36.0,36.0,36.0,36.0,36.0,36.0,36.0,36.0,36.0,36.0,36.0,36.0,36.0,36.0,36.0,0.000269,0.0,0.0,0.0,0.0,0.0,0.0,0.0,0.0,0.0,0.0,0.0,0.0,0.0,0.0,0.0,0.0,0.0,0.0,0.0
2020-01-03 12:15:00,19.99,20.34,23.44,21.02,24.08,23.5,23.74,26.0,21.05,21.12,20.39,21.79,25.63,21.24,21.12,19.95,21.33,25.79,20.85,21.07,6.84,463.4,0.011,0.0,0.0,0.0,0.0,0.0,0.0,0.0,0.0,0.0,0.0,0.0,0.0,0.0,0.0,0.0,0.0,0.0,0.0,0.0,36.0,23.0,23.0,14.77,0.0,0.0,0.0,0.0,0.0,0.0,0.0,0.0,0.0,0.0,0.0,0.0,0.0,0.0,0.0,0.0,0.0,0.0,0.0,21.67,36.0,36.0,36.0,36.0,36.0,36.0,36.0,36.0,36.0,36.0,36.0,36.0,36.0,36.0,36.0,36.0,36.0,36.0,36.0,0.000247,0.0,0.0,0.0,0.0,0.0,0.0,0.0,0.0,0.0,0.0,0.0,0.0,0.0,0.0,0.0,0.0,0.0,0.0,0.0
2020-01-03 12:30:00,20.01,20.32,23.48,21.06,24.09,23.46,23.69,26.17,21.14,21.07,20.31,21.68,25.8,21.35,21.06,19.88,21.2,25.87,20.96,20.99,7.03,439.5,0.003,0.0,0.0,0.0,0.0,0.0,0.0,0.0,0.0,0.0,0.0,0.0,0.0,0.0,0.0,0.023,0.0,0.0,0.0,0.0,36.0,23.0,23.0,4.46,0.0,0.0,0.0,0.0,0.0,0.0,0.0,0.0,0.0,0.0,0.0,0.0,0.0,0.0,25.88,0.0,0.0,0.0,0.0,21.54,36.0,36.0,36.0,36.0,36.0,36.0,36.0,36.0,36.0,36.0,36.0,36.0,36.0,36.0,21.13,36.0,36.0,36.0,36.0,7.4e-05,0.0,0.0,0.0,0.0,0.0,0.0,0.0,0.0,0.0,0.0,0.0,0.0,0.0,0.0,0.000416,0.0,0.0,0.0,0.0
2020-01-03 12:45:00,19.97,20.27,23.43,21.16,24.32,23.7,23.78,26.06,21.26,21.02,20.24,21.58,25.62,21.47,21.01,19.85,21.1,25.74,21.1,20.93,7.22,415.7,0.0,0.0,0.0,0.0,0.0,0.0,0.0,0.0,0.0,0.0,0.0,0.0,0.0,0.0,0.0,0.058,0.0,0.0,0.0,0.0,36.0,23.0,23.0,0.0,0.0,0.0,0.0,0.0,0.0,0.0,0.0,0.0,0.0,0.0,0.0,0.0,0.0,0.0,64.59,0.0,0.0,0.0,0.0,36.0,36.0,36.0,36.0,36.0,36.0,36.0,36.0,36.0,36.0,36.0,36.0,36.0,36.0,36.0,21.2,36.0,36.0,36.0,36.0,0.0,0.0,0.0,0.0,0.0,0.0,0.0,0.0,0.0,0.0,0.0,0.0,0.0,0.0,0.0,0.001044,0.0,0.0,0.0,0.0
2020-01-03 13:00:00,20.05,20.27,23.47,21.13,24.18,23.49,23.64,26.27,21.4,20.97,20.17,21.49,25.86,21.62,20.97,19.85,21.0,25.82,21.26,20.86,7.29,391.8,0.013,0.0,0.0,0.0,0.0,0.0,0.0,0.0,0.0,0.0,0.0,0.0,0.0,0.0,0.0,0.074,0.0,0.0,0.0,0.0,36.0,23.0,23.0,17.93,0.0,0.0,0.0,0.0,0.0,0.0,0.0,0.0,0.0,0.0,0.0,0.0,0.0,0.0,80.81,0.0,0.0,0.0,0.0,21.54,36.0,36.0,36.0,36.0,36.0,36.0,36.0,36.0,36.0,36.0,36.0,36.0,36.0,36.0,21.3,36.0,36.0,36.0,36.0,0.000297,0.0,0.0,0.0,0.0,0.0,0.0,0.0,0.0,0.0,0.0,0.0,0.0,0.0,0.0,0.001315,0.0,0.0,0.0,0.0
2020-01-03 13:15:00,19.98,20.21,23.38,21.23,24.4,23.74,23.71,26.07,21.57,20.92,20.11,21.41,25.59,21.8,20.92,19.85,20.91,25.63,21.45,20.8,7.36,367.9,0.0,0.0,0.0,0.0,0.0,0.0,0.0,0.0,0.0,0.0,0.0,0.0,0.0,0.0,0.0,0.076,0.0,0.0,0.0,0.0,36.0,23.0,23.0,0.0,0.0,0.0,0.0,0.0,0.0,0.0,0.0,0.0,0.0,0.0,0.0,0.0,0.0,0.0,83.33,0.0,0.0,0.0,0.0,36.0,36.0,36.0,36.0,36.0,36.0,36.0,36.0,36.0,36.0,36.0,36.0,36.0,36.0,36.0,21.36,36.0,36.0,36.0,36.0,0.0,0.0,0.0,0.0,0.0,0.0,0.0,0.0,0.0,0.0,0.0,0.0,0.0,0.0,0.0,0.001362,0.0,0.0,0.0,0.0
2020-01-03 13:30:00,20.06,20.22,23.53,21.13,24.2,23.45,23.54,26.32,21.81,20.88,20.04,21.33,25.88,22.05,20.87,19.84,20.82,25.73,21.72,20.74,7.42,395.7,0.012,0.0,0.0,0.0,0.0,0.0,0.0,0.0,0.0,0.0,0.0,0.0,0.0,0.0,0.0,0.075,0.0,0.0,0.0,0.0,36.0,23.0,23.0,16.26,0.0,0.0,0.0,0.0,0.0,0.0,0.0,0.0,0.0,0.0,0.0,0.0,0.0,0.0,82.02,0.0,0.0,0.0,0.0,21.42,36.0,36.0,36.0,36.0,36.0,36.0,36.0,36.0,36.0,36.0,36.0,36.0,36.0,36.0,21.4,36.0,36.0,36.0,36.0,0.000267,0.0,0.0,0.0,0.0,0.0,0.0,0.0,0.0,0.0,0.0,0.0,0.0,0.0,0.0,0.001344,0.0,0.0,0.0,0.0
2020-01-03 13:45:00,19.96,20.14,23.51,21.11,24.38,23.63,23.58,26.24,22.08,20.84,19.98,21.26,25.73,22.32,20.83,19.83,20.74,25.63,22.01,20.69,7.49,423.4,0.0,0.0,0.0,0.0,0.0,0.0,0.0,0.0,0.0,0.0,0.0,0.0,0.0,0.0,0.0,0.079,0.0,0.0,0.0,0.0,36.0,23.0,23.0,0.0,0.0,0.0,0.0,0.0,0.0,0.0,0.0,0.0,0.0,0.0,0.0,0.0,0.0,0.0,85.62,0.0,0.0,0.0,0.0,36.0,36.0,36.0,36.0,36.0,36.0,36.0,36.0,36.0,36.0,36.0,36.0,36.0,36.0,36.0,21.42,36.0,36.0,36.0,36.0,0.0,0.0,0.0,0.0,0.0,0.0,0.0,0.0,0.0,0.0,0.0,0.0,0.0,0.0,0.0,0.001405,0.0,0.0,0.0,0.0
2020-01-03 14:00:00,19.91,20.06,23.5,20.99,24.42,23.64,23.55,26.32,22.47,20.79,19.92,21.18,25.79,22.72,20.79,19.82,20.65,25.65,22.43,20.63,7.55,451.1,0.02,0.0,0.0,0.0,0.0,0.0,0.0,0.0,0.0,0.0,0.009,0.0,0.0,0.0,0.0,0.084,0.0,0.0,0.0,0.0,36.0,23.0,23.0,28.61,0.0,0.0,0.0,0.0,0.0,0.0,0.0,0.0,0.0,9.52,0.0,0.0,0.0,0.0,91.24,0.0,0.0,0.0,0.0,21.41,36.0,36.0,36.0,36.0,36.0,36.0,36.0,36.0,36.0,20.95,36.0,36.0,36.0,36.0,21.44,36.0,36.0,36.0,36.0,0.000469,0.0,0.0,0.0,0.0,0.0,0.0,0.0,0.0,0.0,0.000151,0.0,0.0,0.0,0.0,0.001499,0.0,0.0,0.0,0.0
2020-01-03 14:15:00,19.9,20.0,23.5,20.94,24.47,23.66,23.54,26.41,22.92,20.75,19.88,21.1,25.85,23.17,20.74,19.81,20.56,25.68,22.92,20.57,7.61,478.9,0.044,0.0,0.0,0.0,0.0,0.0,0.0,0.0,0.0,0.0,0.041,0.0,0.0,0.0,0.0,0.09,0.0,0.0,0.0,0.0,36.0,23.0,23.0,60.81,0.0,0.0,0.0,0.0,0.0,0.0,0.0,0.0,0.0,43.6,0.0,0.0,0.0,0.0,98.06,0.0,0.0,0.0,0.0,21.59,36.0,36.0,36.0,36.0,36.0,36.0,36.0,36.0,36.0,20.99,36.0,36.0,36.0,36.0,21.47,36.0,36.0,36.0,36.0,0.00101,0.0,0.0,0.0,0.0,0.0,0.0,0.0,0.0,0.0,0.000695,0.0,0.0,0.0,0.0,0.001615,0.0,0.0,0.0,0.0
2020-01-03 14:30:00,19.88,19.95,23.42,20.89,24.51,23.66,23.51,26.44,23.35,20.71,19.85,21.02,25.86,23.6,20.7,19.79,20.47,25.65,23.37,20.51,7.68,460.5,0.05,0.001,0.0,0.0,0.0,0.0,0.0,0.0,0.0,0.0,0.062,0.0,0.0,0.0,0.0,0.096,0.0,0.0,0.0,0.0,36.0,23.0,23.0,69.41,2.55,0.0,0.0,0.0,0.0,0.0,0.0,0.0,0.0,66.36,0.0,0.0,0.0,0.0,103.99,0.0,0.0,0.0,0.0,21.58,21.46,36.0,36.0,36.0,36.0,36.0,36.0,36.0,36.0,21.07,36.0,36.0,36.0,36.0,21.5,36.0,36.0,36.0,36.0,0.001151,4.2e-05,0.0,0.0,0.0,0.0,0.0,0.0,0.0,0.0,0.001063,0.0,0.0,0.0,0.0,0.001715,0.0,0.0,0.0,0.0
2020-01-03 14:45:00,19.85,19.92,23.32,20.83,24.52,23.64,23.46,26.43,23.67,20.66,19.83,20.93,25.83,24.01,20.66,19.78,20.38,25.58,23.8,20.45,7.74,442.2,0.059,0.026,0.0,0.0,0.0,0.0,0.0,0.0,0.0,0.0,0.077,0.0,0.0,0.0,0.0,0.105,0.0,0.0,0.0,0.0,36.0,23.0,23.0,82.55,48.41,0.0,0.0,0.0,0.0,0.0,0.0,0.0,0.0,81.47,0.0,0.0,0.0,0.0,113.23,0.0,0.0,0.0,0.0,21.62,21.62,36.0,36.0,36.0,36.0,36.0,36.0,36.0,36.0,21.16,36.0,36.0,36.0,36.0,21.53,36.0,36.0,36.0,36.0,0.001373,0.000805,0.0,0.0,0.0,0.0,0.0,0.0,0.0,0.0,0.001313,0.0,0.0,0.0,0.0,0.001872,0.0,0.0,0.0,0.0
2020-01-03 15:00:00,19.81,19.87,23.19,20.75,24.51,23.58,23.37,26.37,23.77,20.62,19.8,20.83,25.74,24.36,20.61,19.74,20.27,25.45,24.16,20.39,7.67,423.8,0.076,0.038,0.0,0.0,0.0,0.0,0.0,0.0,0.0,0.0,0.085,0.0,0.0,0.0,0.0,0.111,0.0,0.0,0.0,0.0,36.0,23.0,23.0,105.26,71.03,0.0,0.0,0.0,0.0,0.0,0.0,0.0,0.0,89.09,0.0,0.0,0.0,0.0,119.21,0.0,0.0,0.0,0.0,21.71,21.63,36.0,36.0,36.0,36.0,36.0,36.0,36.0,36.0,21.23,36.0,36.0,36.0,36.0,21.56,36.0,36.0,36.0,36.0,0.001762,0.001183,0.0,0.0,0.0,0.0,0.0,0.0,0.0,0.0,0.001443,0.0,0.0,0.0,0.0,0.001975,0.0,0.0,0.0,0.0
2020-01-03 15:15:00,19.77,19.83,23.03,20.69,24.53,23.56,23.3,26.22,23.71,20.57,19.76,20.7,25.57,24.7,20.56,19.71,20.13,25.26,24.51,20.33,7.6,405.4,0.097,0.065,0.0,0.0,0.0,0.0,0.0,0.0,0.0,0.0,0.102,0.0,0.0,0.0,0.0,0.128,0.0,0.0,0.0,0.0,36.0,23.0,23.0,133.0,120.28,0.0,0.0,0.0,0.0,0.0,0.0,0.0,0.0,106.32,0.0,0.0,0.0,0.0,137.81,0.0,0.0,0.0,0.0,21.86,21.81,36.0,36.0,36.0,36.0,36.0,36.0,36.0,36.0,21.31,36.0,36.0,36.0,36.0,21.61,36.0,36.0,36.0,36.0,0.002251,0.002028,0.0,0.0,0.0,0.0,0.0,0.0,0.0,0.0,0.001731,0.0,0.0,0.0,0.0,0.002292,0.0,0.0,0.0,0.0
2020-01-03 15:30:00,19.72,19.79,22.68,20.53,24.37,23.36,23.11,26.06,23.47,20.53,19.73,20.59,25.39,24.79,20.53,19.68,20.01,25.02,24.56,20.29,7.54,306.1,0.113,0.083,0.0,0.0,0.0,0.0,0.0,0.0,0.0,0.0,0.118,0.0,0.0,0.0,0.0,0.146,0.0,0.0,0.0,0.0,36.0,23.0,23.0,153.79,153.92,0.0,0.0,0.0,0.0,0.0,0.0,0.0,0.0,123.05,0.0,0.0,0.0,0.0,155.59,0.0,0.0,0.0,0.0,21.9,21.87,36.0,36.0,36.0,36.0,36.0,36.0,36.0,36.0,21.39,36.0,36.0,36.0,36.0,21.69,36.0,36.0,36.0,36.0,0.00261,0.002606,0.0,0.0,0.0,0.0,0.0,0.0,0.0,0.0,0.002015,0.0,0.0,0.0,0.0,0.002601,0.0,0.0,0.0,0.0
2020-01-03 15:45:00,19.63,19.7,22.13,20.31,24.2,23.15,22.89,25.67,23.09,20.49,19.69,20.45,25.05,24.7,20.48,19.64,19.86,24.62,24.41,20.23,7.47,206.7,0.141,0.107,0.0,0.0,0.0,0.0,0.0,0.0,0.0,0.0,0.135,0.0,0.0,0.0,0.0,0.161,0.0,0.0,0.0,0.0,36.0,23.0,23.0,188.98,196.26,0.0,0.0,0.0,0.0,0.0,0.0,0.0,0.0,139.09,0.0,0.0,0.0,0.0,171.03,0.0,0.0,0.0,0.0,22.12,22.02,36.0,36.0,36.0,36.0,36.0,36.0,36.0,36.0,21.48,36.0,36.0,36.0,36.0,21.77,36.0,36.0,36.0,36.0,0.003256,0.003359,0.0,0.0,0.0,0.0,0.0,0.0,0.0,0.0,0.002292,0.0,0.0,0.0,0.0,0.002874,0.0,0.0,0.0,0.0
2020-01-03 16:00:00,19.53,19.62,21.74,20.09,23.99,22.9,22.62,25.23,22.72,20.45,19.64,20.3,24.64,24.36,20.44,19.59,19.73,24.17,23.99,20.18,7.27,107.3,0.187,0.15,0.0,0.0,0.0,0.0,0.0,0.0,0.0,0.0,0.154,0.0,0.0,0.0,0.0,0.18,0.07,0.0,0.0,0.0,36.0,23.0,23.0,243.99,268.0,0.0,0.0,0.0,0.0,0.0,0.0,0.0,0.0,158.44,0.0,0.0,0.0,0.0,190.06,105.29,0.0,0.0,0.0,22.47,22.32,36.0,36.0,36.0,36.0,36.0,36.0,36.0,36.0,21.58,36.0,36.0,36.0,36.0,21.86,20.89,36.0,36.0,36.0,0.004314,0.004688,0.0,0.0,0.0,0.0,0.0,0.0,0.0,0.0,0.002629,0.0,0.0,0.0,0.0,0.003215,0.001667,0.0,0.0,0.0
2020-01-03 16:15:00,19.48,19.58,21.46,19.92,23.76,22.6,22.31,24.83,22.43,20.41,19.6,20.16,24.16,23.85,20.4,19.56,19.67,23.67,23.4,20.13,7.07,8.0,0.234,0.189,0.0,0.0,0.0,0.0,0.0,0.0,0.0,0.0,0.179,0.0,0.0,0.0,0.0,0.203,0.133,0.0,0.0,0.0,36.0,23.0,23.0,297.98,331.9,0.0,0.0,0.0,0.0,0.0,0.0,0.0,0.0,181.81,0.0,0.0,0.0,0.0,212.99,197.28,0.0,0.0,0.0,22.82,22.59,36.0,36.0,36.0,36.0,36.0,36.0,36.0,36.0,21.7,36.0,36.0,36.0,36.0,21.97,21.1,36.0,36.0,36.0,0.00541,0.00592,0.0,0.0,0.0,0.0,0.0,0.0,0.0,0.0,0.003042,0.0,0.0,0.0,0.0,0.003631,0.003168,0.0,0.0,0.0
2020-01-03 16:30:00,19.45,19.54,21.24,19.8,23.53,22.27,21.98,24.48,22.11,20.37,19.57,19.99,23.77,23.39,20.36,19.52,19.63,23.24,22.89,20.07,6.87,0.0,0.259,0.211,0.0,0.038,0.0,0.0,0.0,0.0,0.0,0.0,0.199,0.0,0.0,0.0,0.0,0.222,0.167,0.0,0.0,0.0,36.0,23.0,23.0,326.23,367.29,0.0,69.9,0.0,0.0,0.0,0.0,0.0,0.0,200.51,0.0,0.0,0.0,0.0,230.85,243.05,0.0,0.0,0.0,22.99,22.71,36.0,21.37,36.0,36.0,36.0,36.0,36.0,36.0,21.82,36.0,36.0,36.0,36.0,22.09,21.33,36.0,36.0,36.0,0.005998,0.006611,0.0,0.001143,0.0,0.0,0.0,0.0,0.0,0.0,0.003384,0.0,0.0,0.0,0.0,0.003969,0.003964,0.0,0.0,0.0
2020-01-03 16:45:00,19.42,19.51,21.04,19.74,23.35,22.0,21.7,24.14,21.83,20.32,19.54,19.83,23.38,23.02,20.32,19.51,19.62,22.85,22.48,20.02,6.67,0.0,0.273,0.229,0.0,0.101,0.0,0.0,0.0,0.0,0.0,0.0,0.217,0.006,0.0,0.0,0.0,0.239,0.185,0.0,0.0,0.0,36.0,23.0,23.0,340.71,394.46,0.0,179.21,0.0,0.0,0.0,0.0,0.0,0.0,217.32,8.56,0.0,0.0,0.0,245.68,265.31,0.0,0.0,0.0,23.08,22.81,36.0,21.84,36.0,36.0,36.0,36.0,36.0,36.0,21.95,20.81,36.0,36.0,36.0,22.21,21.53,36.0,36.0,36.0,0.006307,0.007155,0.0,0.003028,0.0,0.0,0.0,0.0,0.0,0.0,0.003702,0.000135,0.0,0.0,0.0,0.004261,0.004386,0.0,0.0,0.0
2020-01-03 17:00:00,19.41,19.49,20.86,19.68,23.16,21.74,21.43,23.82,21.58,20.28,19.55,19.72,23.02,22.69,20.28,19.52,19.62,22.48,22.1,19.97,6.57,0.0,0.292,0.246,0.0,0.129,0.0,0.0,0.0,0.0,0.0,0.0,0.228,0.084,0.0,0.0,0.0,0.246,0.188,0.0,0.0,0.0,36.0,23.0,23.0,360.65,420.93,0.0,226.6,0.0,0.0,0.0,0.0,0.0,0.0,226.33,119.38,0.0,0.0,0.0,251.39,268.26,0.0,0.0,0.0,23.23,22.92,36.0,21.97,36.0,36.0,36.0,36.0,36.0,36.0,22.07,20.9,36.0,36.0,36.0,22.31,21.67,36.0,36.0,36.0,0.006754,0.007698,0.0,0.003865,0.0,0.0,0.0,0.0,0.0,0.0,0.003887,0.001892,0.0,0.0,0.0,0.004393,0.004478,0.0,0.0,0.0
2020-01-03 17:15:00,19.38,19.46,20.69,19.62,22.99,21.49,21.18,23.53,21.35,20.24,19.54,19.67,22.7,22.38,20.24,19.52,19.61,22.16,21.78,19.92,6.47,0.0,0.297,0.254,0.0,0.158,0.0,0.0,0.0,0.0,0.0,0.0,0.226,0.138,0.0,0.0,0.0,0.239,0.189,0.0,0.0,0.016,36.0,23.0,23.0,365.76,433.6,0.0,274.48,0.0,0.0,0.0,0.0,0.0,0.0,222.73,193.06,0.0,0.0,0.0,243.09,267.48,0.0,0.0,4.34,23.26,22.96,36.0,22.13,36.0,36.0,36.0,36.0,36.0,36.0,22.14,21.11,36.0,36.0,36.0,22.36,21.76,36.0,36.0,20.16,0.006867,0.007953,0.0,0.004734,0.0,0.0,0.0,0.0,0.0,0.0,0.003844,0.003103,0.0,0.0,0.0,0.004262,0.004493,0.0,0.0,6.6e-05
2020-01-03 17:30:00,19.37,19.46,20.52,19.57,22.82,21.25,20.95,23.26,21.13,20.2,19.53,19.65,22.4,22.09,20.2,19.5,19.6,21.86,21.48,19.88,6.37,0.0,0.31,0.268,0.0,0.189,0.0,0.0,0.0,0.0,0.0,0.0,0.229,0.165,0.0,0.0,0.0,0.24,0.194,0.0,0.0,0.04,36.0,23.0,23.0,377.87,452.28,0.0,324.14,0.0,0.0,0.0,0.0,0.0,0.0,225.26,227.93,0.0,0.0,0.0,244.24,272.57,0.0,0.0,11.0,23.39,23.07,36.0,22.36,36.0,36.0,36.0,36.0,36.0,36.0,22.19,21.32,36.0,36.0,36.0,22.39,21.82,36.0,36.0,20.14,0.007167,0.008371,0.0,0.005685,0.0,0.0,0.0,0.0,0.0,0.0,0.003902,0.003715,0.0,0.0,0.0,0.004292,0.004599,0.0,0.0,0.000166
2020-01-03 17:45:00,19.36,19.44,20.36,19.53,22.67,21.02,20.71,22.99,20.93,20.16,19.51,19.64,22.11,21.83,20.16,19.49,19.58,21.57,21.2,19.84,6.27,0.0,0.314,0.272,0.0,0.213,0.0,0.0,0.0,0.0,0.0,0.0,0.236,0.175,0.0,0.0,0.0,0.248,0.201,0.0,0.0,0.062,36.0,23.0,23.0,380.69,457.9,0.0,360.14,0.0,0.0,0.0,0.0,0.0,0.0,231.36,240.07,0.0,0.0,0.0,251.22,282.39,0.0,0.0,16.99,23.44,23.12,36.0,22.52,36.0,36.0,36.0,36.0,36.0,36.0,22.24,21.48,36.0,36.0,36.0,22.42,21.88,36.0,36.0,20.13,0.007253,0.008508,0.0,0.006391,0.0,0.0,0.0,0.0,0.0,0.0,0.004022,0.003956,0.0,0.0,0.0,0.004427,0.004786,0.0,0.0,0.000256
2020-01-03 18:00:00,19.34,19.41,20.2,19.53,22.56,20.89,20.52,22.74,20.76,20.12,19.5,19.59,21.83,21.62,20.11,19.48,19.53,21.32,20.99,19.8,6.15,0.0,0.32,0.279,0.0,0.235,0.0,0.0,0.0,0.0,0.0,0.0,0.244,0.181,0.0,0.0,0.0,0.256,0.21,0.0,0.0,0.081,36.0,23.0,23.0,381.17,463.49,0.0,391.03,0.0,0.0,0.0,0.0,0.0,0.0,237.94,246.25,0.0,0.0,0.0,258.61,293.44,0.0,0.0,22.17,23.66,23.3,36.0,22.75,36.0,36.0,36.0,36.0,36.0,36.0,22.29,21.6,36.0,36.0,36.0,22.47,21.95,36.0,36.0,20.14,0.007387,0.008729,0.0,0.007061,0.0,0.0,0.0,0.0,0.0,0.0,0.004153,0.00409,0.0,0.0,0.0,0.004574,0.004995,0.0,0.0,0.000334
2020-01-03 18:15:00,19.37,19.44,20.09,19.44,22.39,20.61,20.31,22.55,20.61,20.09,19.5,19.59,21.65,21.43,20.08,19.48,19.53,21.1,20.8,19.78,6.04,0.0,0.329,0.294,0.0,0.233,0.0,0.0,0.0,0.0,0.0,0.0,0.248,0.203,0.0,0.0,0.0,0.259,0.236,0.0,0.0,0.1,36.0,23.0,23.0,392.77,487.17,0.0,389.96,0.0,0.0,0.0,0.0,0.0,0.0,240.72,273.17,0.0,0.0,0.0,260.71,326.62,0.0,0.0,27.25,23.63,23.32,36.0,22.65,36.0,36.0,36.0,36.0,36.0,36.0,22.34,21.72,36.0,36.0,36.0,22.51,22.05,36.0,36.0,20.15,0.007594,0.009195,0.0,0.006988,0.0,0.0,0.0,0.0,0.0,0.0,0.004215,0.004577,0.0,0.0,0.0,0.004625,0.005601,0.0,0.0,0.000411
2020-01-03 18:30:00,19.32,19.4,19.93,19.47,22.27,20.43,20.15,22.3,20.43,20.04,19.5,19.59,21.39,21.21,20.03,19.48,19.54,20.86,20.56,19.75,5.92,0.0,0.316,0.281,0.0,0.28,0.0,0.0,0.0,0.0,0.0,0.0,0.248,0.204,0.0,0.0,0.0,0.258,0.234,0.0,0.0,0.111,36.0,23.0,23.0,375.22,464.32,0.0,453.01,0.0,0.0,0.0,0.0,0.0,0.0,240.98,272.38,0.0,0.0,0.0,259.81,322.37,0.0,0.0,30.25,23.7,23.36,36.0,23.09,36.0,36.0,36.0,36.0,36.0,36.0,22.37,21.81,36.0,36.0,36.0,22.54,22.12,36.0,36.0,20.16,0.007295,0.008785,0.0,0.008394,0.0,0.0,0.0,0.0,0.0,0.0,0.00423,0.004591,0.0,0.0,0.0,0.004617,0.005555,0.0,0.0,0.000457
2020-01-03 18:45:00,19.35,19.42,19.89,19.39,22.13,20.24,19.98,22.11,20.27,20.0,19.46,19.58,21.21,21.02,20.0,19.43,19.54,20.7,20.37,19.73,5.81,0.0,0.339,0.3,0.036,0.267,0.0,0.0,0.0,0.0,0.0,0.0,0.251,0.205,0.0,0.0,0.0,0.26,0.23,0.0,0.0,0.125,36.0,23.0,23.0,395.78,490.05,44.7,435.01,0.0,0.0,0.0,0.0,0.0,0.0,243.18,273.66,0.0,0.0,0.0,261.11,316.08,0.0,0.0,34.07,23.9,23.53,22.71,22.99,36.0,36.0,36.0,36.0,36.0,36.0,22.4,21.87,36.0,36.0,36.0,22.56,22.15,36.0,36.0,20.17,0.007827,0.009401,0.000804,0.007998,0.0,0.0,0.0,0.0,0.0,0.0,0.004277,0.004632,0.0,0.0,0.0,0.004646,0.00546,0.0,0.0,0.000515
2020-01-03 19:00:00,19.32,19.41,19.78,19.43,22.03,20.09,19.86,21.9,20.12,19.97,19.47,19.58,20.99,20.85,19.96,19.44,19.54,20.5,20.19,19.71,5.7,0.0,0.323,0.288,0.054,0.306,0.0,0.0,0.011,0.0,0.0,0.0,0.271,0.209,0.0,0.0,0.002,0.283,0.23,0.0,0.0,0.135,36.0,23.0,23.0,379.8,472.41,67.43,488.33,0.0,0.0,15.76,0.0,0.0,0.0,261.46,277.53,0.0,0.0,0.52,283.11,316.13,0.0,0.0,36.86,23.82,23.47,22.66,23.28,36.0,36.0,20.56,36.0,36.0,36.0,22.46,21.91,36.0,36.0,20.15,22.62,22.17,36.0,36.0,20.18,0.007461,0.009017,0.001209,0.009187,0.0,0.0,0.000244,0.0,0.0,0.0,0.00462,0.004713,0.0,0.0,8e-06,0.005064,0.00547,0.0,0.0,0.000557
2020-01-03 19:15:00,19.36,19.42,19.81,19.37,21.94,19.91,19.73,21.76,19.98,19.93,19.48,19.58,20.82,20.68,19.92,19.47,19.54,20.34,20.02,19.69,5.6,0.0,0.338,0.297,0.111,0.283,0.0,0.0,0.069,0.0,0.0,0.017,0.267,0.209,0.0,0.0,0.021,0.278,0.229,0.0,0.0,0.145,36.0,23.0,23.0,393.97,484.24,134.64,455.9,0.0,0.0,97.86,0.0,0.0,3.84,256.29,277.27,0.0,0.0,4.67,276.71,314.18,0.0,0.0,39.33,23.95,23.54,23.04,23.14,36.0,36.0,20.62,36.0,36.0,20.13,22.5,21.94,36.0,36.0,20.13,22.66,22.19,36.0,36.0,20.19,0.007821,0.009301,0.002485,0.008479,0.0,0.0,0.001522,0.0,0.0,5.8e-05,0.004541,0.004719,0.0,0.0,7e-05,0.004964,0.005441,0.0,0.0,0.000595
2020-01-03 19:30:00,19.32,19.4,19.69,19.43,21.84,19.79,19.67,21.6,19.85,19.9,19.49,19.58,20.62,20.52,19.89,19.47,19.55,20.18,19.86,19.68,5.49,0.0,0.322,0.292,0.096,0.316,0.0,0.045,0.135,0.0,0.008,0.035,0.26,0.21,0.0,0.0,0.039,0.267,0.228,0.0,0.0,0.153,36.0,23.0,23.0,377.88,476.38,118.58,499.17,0.0,49.36,190.01,0.0,9.87,7.79,249.98,277.6,0.0,0.0,8.59,266.43,312.73,0.0,0.0,41.5,23.84,23.51,22.79,23.41,36.0,20.24,20.84,36.0,20.93,20.12,22.51,21.96,36.0,36.0,20.11,22.66,22.19,36.0,36.0,20.2,0.007434,0.009127,0.002148,0.009484,0.0,0.000749,0.002999,0.0,0.000157,0.000117,0.004432,0.004732,0.0,0.0,0.000129,0.004778,0.005418,0.0,0.0,0.000628
2020-01-03 19:45:00,19.36,19.42,19.74,19.35,21.74,19.67,19.62,21.45,19.76,19.87,19.51,19.58,20.46,20.37,19.86,19.49,19.55,20.04,19.75,19.67,5.39,0.0,0.341,0.298,0.155,0.285,0.0,0.105,0.165,0.0,0.073,0.052,0.257,0.21,0.0,0.0,0.055,0.263,0.226,0.0,0.069,0.16,36.0,23.0,23.0,395.08,484.66,185.62,456.45,0.0,114.63,228.32,0.0,95.23,11.39,246.75,277.67,0.0,0.0,12.15,262.74,310.58,0.0,96.55,43.43,23.99,23.57,23.2,23.21,36.0,20.44,21.08,36.0,20.97,20.11,22.5,21.98,36.0,36.0,20.11,22.65,22.19,36.0,21.08,20.21,0.007872,0.00933,0.003468,0.008539,0.0,0.001762,0.003661,0.0,0.001515,0.000171,0.004374,0.004738,0.0,0.0,0.000183,0.004708,0.00538,0.0,0.001549,0.000658
2020-01-03 20:00:00,19.31,19.39,19.61,19.42,21.63,19.6,19.58,21.3,19.7,19.84,19.49,19.56,20.3,20.22,19.83,19.47,19.54,19.91,19.68,19.66,5.28,0.0,0.318,0.291,0.131,0.323,0.0,0.166,0.191,0.0,0.119,0.066,0.247,0.21,0.0,0.0,0.07,0.253,0.225,0.0,0.126,0.166,36.0,23.0,23.0,373.64,475.2,161.36,506.13,0.0,177.97,260.99,0.0,154.42,14.62,238.01,277.34,0.0,0.0,15.35,253.07,308.51,0.0,174.68,45.17,23.84,23.53,22.9,23.52,36.0,20.76,21.3,36.0,21.1,20.11,22.48,21.99,36.0,36.0,20.1,22.61,22.18,36.0,21.23,20.22,0.007351,0.009119,0.002946,0.0097,0.0,0.002794,0.004248,0.0,0.002479,0.00022,0.00421,0.004735,0.0,0.0,0.000231,0.004523,0.005342,0.0,0.00283,0.000685
2020-01-03 20:15:00,19.35,19.41,19.67,19.34,21.52,19.53,19.56,21.16,19.67,19.82,19.47,19.55,20.17,20.07,19.81,19.45,19.52,19.81,19.66,19.64,5.17,0.0,0.345,0.305,0.194,0.289,0.0,0.202,0.208,0.0,0.148,0.08,0.256,0.218,0.0,0.0,0.083,0.264,0.232,0.044,0.158,0.172,36.0,23.0,23.0,398.78,492.63,230.62,459.92,0.0,211.24,279.34,0.0,190.34,17.53,246.43,287.13,0.0,0.0,18.23,263.87,318.74,45.81,216.71,46.76,24.05,23.64,23.33,23.3,36.0,21.09,21.49,36.0,21.25,20.11,22.48,22.01,36.0,36.0,20.1,22.61,22.2,21.33,21.41,20.23,0.007984,0.009533,0.004354,0.008664,0.0,0.00339,0.004606,0.0,0.003087,0.000264,0.004359,0.00491,0.0,0.0,0.000274,0.004715,0.005525,0.000747,0.003553,0.000709
2020-01-03 20:30:00,19.3,19.38,19.54,19.41,21.42,19.51,19.54,21.02,19.65,19.8,19.46,19.54,20.04,19.93,19.79,19.44,19.51,19.74,19.64,19.63,5.05,0.0,0.323,0.296,0.166,0.332,0.0,0.233,0.221,0.0,0.163,0.092,0.265,0.225,0.0,0.0,0.095,0.274,0.24,0.094,0.171,0.178,36.0,23.0,23.0,377.37,481.19,202.64,514.42,0.0,238.7,294.19,0.0,208.52,20.15,254.88,295.62,0.0,0.0,20.82,273.06,327.85,97.03,232.31,48.23,23.89,23.58,23.0,23.63,36.0,21.4,21.65,36.0,21.38,20.11,22.5,22.04,36.0,36.0,20.1,22.64,22.22,21.41,21.55,20.24,0.007458,0.009272,0.003731,0.00995,0.0,0.003912,0.004905,0.0,0.003412,0.000303,0.004517,0.005066,0.0,0.0,0.000313,0.00489,0.005693,0.001591,0.003846,0.000732
2020-01-03 20:45:00,19.34,19.4,19.6,19.33,21.33,19.48,19.55,20.89,19.63,19.78,19.46,19.55,19.94,19.79,19.77,19.44,19.53,19.71,19.61,19.62,4.94,0.0,0.348,0.31,0.229,0.294,0.0,0.246,0.228,0.0,0.173,0.102,0.27,0.229,0.0,0.037,0.105,0.278,0.244,0.128,0.179,0.183,36.0,23.0,23.0,400.78,499.31,269.56,464.9,0.0,247.85,300.18,0.0,219.79,22.51,258.8,301.24,0.0,49.27,23.17,276.63,332.68,130.68,240.44,49.58,24.09,23.69,23.43,23.4,36.0,21.65,21.78,36.0,21.48,20.11,22.53,22.07,36.0,20.96,20.11,22.67,22.25,21.54,21.65,20.24,0.008052,0.009706,0.00513,0.008825,0.0,0.004133,0.005049,0.0,0.003622,0.000339,0.004596,0.005174,0.0,0.000784,0.000349,0.004964,0.005789,0.002162,0.004008,0.000753
2020-01-03 21:00:00,19.29,19.36,19.5,19.39,21.23,19.46,19.55,20.76,19.6,19.76,19.45,19.54,19.83,19.7,19.75,19.43,19.52,19.68,19.59,19.62,4.8,0.0,0.328,0.3,0.199,0.336,0.0,0.262,0.224,0.0,0.187,0.112,0.271,0.224,0.032,0.107,0.115,0.279,0.234,0.146,0.195,0.188,36.0,23.0,23.0,381.79,486.27,238.81,519.31,0.0,259.63,293.51,0.0,235.64,24.66,259.88,293.7,31.68,141.86,25.31,277.22,320.1,148.41,261.01,50.83,23.95,23.62,23.17,23.69,36.0,21.86,21.85,36.0,21.58,20.12,22.55,22.08,21.31,21.08,20.11,22.69,22.25,21.67,21.75,20.25,0.007579,0.0094,0.004454,0.010093,0.0,0.004394,0.004964,0.0,0.003908,0.000371,0.004623,0.005047,0.000516,0.002275,0.000381,0.004982,0.005568,0.002478,0.004382,0.000772
2020-01-03 21:15:00,19.32,19.38,19.55,19.31,21.13,19.43,19.54,20.63,19.58,19.74,19.44,19.52,19.76,19.65,19.74,19.42,19.5,19.65,19.57,19.61,4.66,0.0,0.356,0.319,0.252,0.306,0.0,0.272,0.227,0.0,0.198,0.121,0.276,0.231,0.084,0.151,0.124,0.284,0.242,0.159,0.205,0.192,36.0,23.0,23.0,406.96,510.1,293.39,480.86,0.0,266.39,296.42,0.0,248.01,26.63,264.06,302.95,83.27,197.63,27.27,281.34,330.16,159.9,272.84,51.93,24.15,23.76,23.59,23.48,36.0,22.04,21.91,36.0,21.66,20.12,22.58,22.1,21.36,21.26,20.11,22.71,22.26,21.78,21.84,20.25,0.008218,0.009967,0.005656,0.009186,0.0,0.004564,0.005034,0.0,0.004137,0.000401,0.004706,0.005213,0.001361,0.003208,0.000411,0.005065,0.005748,0.00269,0.004609,0.000789
2020-01-03 21:30:00,19.28,19.34,19.46,19.37,21.04,19.43,19.51,20.5,19.58,19.73,19.43,19.48,19.7,19.65,19.72,19.41,19.45,19.63,19.58,19.6,4.52,0.0,0.338,0.311,0.224,0.347,0.0,0.284,0.231,0.0,0.209,0.129,0.282,0.24,0.121,0.175,0.132,0.289,0.251,0.173,0.214,0.195,36.0,23.0,23.0,391.11,500.78,265.24,532.74,0.0,275.34,300.71,0.0,259.75,28.42,268.48,313.63,118.05,225.79,29.05,285.79,342.46,172.56,283.14,52.92,24.03,23.7,23.35,23.76,36.0,22.19,21.96,36.0,21.74,20.12,22.6,22.13,21.49,21.43,20.12,22.74,22.29,21.87,21.91,20.26,0.007818,0.009743,0.005018,0.010411,0.0,0.004769,0.005124,0.0,0.004356,0.000428,0.004795,0.005409,0.001946,0.003708,0.000438,0.005156,0.005974,0.002923,0.004809,0.000804
2020-01-03 21:45:00,19.3,19.35,19.51,19.29,20.95,19.42,19.5,20.38,19.56,19.71,19.42,19.47,19.67,19.63,19.71,19.41,19.45,19.6,19.56,19.6,4.38,0.0,0.362,0.33,0.272,0.317,0.0,0.287,0.246,0.0,0.209,0.137,0.286,0.26,0.148,0.176,0.14,0.293,0.274,0.185,0.209,0.199,36.0,23.0,23.0,412.58,524.8,312.5,494.88,0.0,276.24,318.35,0.0,259.24,30.06,272.25,337.86,143.6,226.2,30.7,289.53,371.12,184.25,275.28,53.84,24.21,23.83,23.72,23.55,36.0,22.3,22.03,36.0,21.79,20.13,22.63,22.19,21.62,21.55,20.12,22.77,22.36,21.96,21.95,20.27,0.008369,0.01032,0.006087,0.009508,0.0,0.004825,0.00545,0.0,0.004363,0.000453,0.004872,0.005854,0.00239,0.003744,0.000463,0.005235,0.006508,0.003141,0.004688,0.000819
2020-01-03 22:00:00,19.27,19.34,19.44,19.35,20.86,19.43,19.5,20.27,19.55,19.7,19.42,19.48,19.65,19.61,19.69,19.41,19.46,19.59,19.55,19.59,4.29,0.0,0.348,0.323,0.246,0.355,0.0,0.29,0.251,0.0,0.218,0.144,0.29,0.264,0.165,0.187,0.146,0.297,0.277,0.201,0.219,0.202,36.0,23.0,23.0,399.95,516.11,288.08,542.53,0.0,277.32,323.36,0.0,270.02,31.58,275.47,341.96,158.7,239.03,32.21,292.69,373.55,198.41,287.55,54.69,24.11,23.79,23.52,23.81,36.0,22.39,22.09,36.0,21.84,20.13,22.66,22.25,21.75,21.64,20.13,22.8,22.42,22.06,21.99,20.27,0.008049,0.010111,0.005523,0.010645,0.0,0.004875,0.005559,0.0,0.00456,0.000476,0.004941,0.005949,0.002664,0.003981,0.000485,0.005303,0.006579,0.003405,0.004911,0.000832
2020-01-03 22:15:00,19.3,19.35,19.48,19.29,20.77,19.43,19.5,20.16,19.55,19.69,19.42,19.49,19.64,19.6,19.68,19.41,19.47,19.59,19.54,19.58,4.21,0.0,0.364,0.332,0.282,0.327,0.0,0.286,0.25,0.0,0.223,0.15,0.288,0.258,0.174,0.194,0.153,0.295,0.268,0.204,0.225,0.205,36.0,23.0,23.0,413.82,527.15,322.82,507.32,0.0,272.62,321.56,0.0,274.47,32.97,273.6,334.05,166.47,246.0,33.61,290.58,361.1,200.8,294.06,55.49,24.23,23.86,23.8,23.61,36.0,22.45,22.12,36.0,21.88,20.14,22.68,22.27,21.85,21.71,20.13,22.81,22.43,22.13,22.03,20.27,0.008413,0.010384,0.006329,0.009799,0.0,0.004812,0.005544,0.0,0.00465,0.000497,0.004913,0.005821,0.002814,0.004118,0.000507,0.005271,0.006368,0.003464,0.005037,0.000844
2020-01-03 22:30:00,19.27,19.33,19.42,19.33,20.69,19.43,19.5,20.06,19.54,19.68,19.42,19.49,19.62,19.59,19.67,19.41,19.47,19.58,19.53,19.58,4.12,0.0,0.352,0.327,0.258,0.355,0.0,0.284,0.248,0.0,0.226,0.156,0.288,0.255,0.181,0.201,0.159,0.294,0.264,0.207,0.229,0.208,36.0,23.0,23.0,402.81,520.01,299.58,543.22,0.0,269.3,318.07,0.0,278.18,34.26,273.03,329.41,171.62,253.44,34.9,289.73,355.23,202.94,298.85,56.23,24.15,23.82,23.62,23.81,36.0,22.48,22.15,36.0,21.91,20.14,22.69,22.28,21.92,21.77,20.13,22.82,22.43,22.18,22.07,20.28,0.008135,0.010216,0.005788,0.010663,0.0,0.004765,0.005492,0.0,0.004724,0.000517,0.004906,0.005743,0.002916,0.004261,0.000526,0.005258,0.006263,0.003513,0.005132,0.000856
2020-01-03 22:45:00,19.29,19.34,19.46,19.29,20.61,19.43,19.5,19.96,19.53,19.67,19.42,19.48,19.61,19.57,19.66,19.41,19.46,19.57,19.53,19.57,4.03,0.0,0.366,0.335,0.291,0.334,0.0,0.283,0.248,0.0,0.23,0.162,0.289,0.255,0.188,0.207,0.164,0.296,0.265,0.212,0.233,0.211,36.0,23.0,23.0,415.45,530.87,330.73,516.19,0.0,267.98,317.77,0.0,282.19,35.45,274.09,330.14,177.92,261.06,36.09,290.77,356.78,206.63,303.44,56.94,24.26,23.88,23.85,23.68,36.0,22.5,22.16,36.0,21.94,20.14,22.69,22.28,21.98,21.82,20.14,22.83,22.43,22.22,22.1,20.28,0.008462,0.010482,0.006512,0.010022,0.0,0.00475,0.005493,0.0,0.004802,0.000535,0.004928,0.005757,0.003036,0.004405,0.000544,0.00528,0.006291,0.003587,0.005223,0.000867
2020-01-03 23:00:00,19.25,19.31,19.39,19.31,20.52,19.42,19.49,19.86,19.52,19.66,19.4,19.47,19.58,19.55,19.65,19.39,19.45,19.55,19.51,19.57,3.86,0.0,0.357,0.33,0.272,0.357,0.0,0.284,0.249,0.021,0.234,0.167,0.291,0.258,0.196,0.214,0.169,0.297,0.268,0.217,0.236,0.213,36.0,23.0,23.0,407.15,524.55,313.46,544.66,0.0,268.86,319.72,21.1,286.52,36.55,275.72,333.14,184.58,268.47,37.2,292.41,360.41,210.88,307.23,57.56,24.19,23.85,23.7,23.85,36.0,22.52,22.17,20.68,21.97,20.15,22.7,22.29,22.03,21.87,20.14,22.83,22.44,22.25,22.13,20.29,0.008246,0.010328,0.006095,0.010721,0.0,0.004773,0.005532,0.00033,0.004885,0.000552,0.004961,0.005813,0.003162,0.004544,0.000561,0.005313,0.006358,0.00367,0.005298,0.000876
2020-01-03 23:15:00,19.26,19.32,19.42,19.27,20.45,19.41,19.47,19.78,19.5,19.65,19.39,19.46,19.56,19.54,19.64,19.38,19.44,19.53,19.5,19.57,3.69,0.0,0.376,0.345,0.305,0.343,0.0,0.29,0.256,0.069,0.242,0.171,0.298,0.266,0.208,0.224,0.174,0.304,0.275,0.227,0.244,0.215,36.0,23.0,23.0,424.18,543.27,344.52,526.79,0.0,273.38,328.26,70.67,295.78,37.57,281.36,342.96,195.43,280.33,38.23,298.27,370.54,219.84,316.58,58.13,24.32,23.95,23.93,23.76,36.0,22.55,22.2,20.76,22.0,20.15,22.72,22.31,22.09,21.92,20.14,22.85,22.46,22.3,22.16,20.29,0.008686,0.010784,0.006826,0.010295,0.0,0.004864,0.005689,0.001109,0.005055,0.000567,0.00507,0.005994,0.003362,0.004762,0.000577,0.005428,0.006547,0.003839,0.005473,0.000885
2020-01-03 23:30:00,19.23,19.29,19.36,19.29,20.38,19.4,19.46,19.73,19.49,19.64,19.39,19.45,19.54,19.52,19.63,19.38,19.43,19.51,19.49,19.56,3.52,0.0,0.368,0.342,0.292,0.367,0.0,0.296,0.263,0.108,0.249,0.176,0.303,0.272,0.219,0.232,0.178,0.309,0.281,0.236,0.251,0.217,36.0,23.0,23.0,417.23,540.08,333.72,555.36,0.0,278.37,336.15,108.74,303.42,38.53,285.71,350.4,204.53,289.62,39.19,302.7,377.75,227.69,324.45,58.67,24.26,23.93,23.82,23.92,36.0,22.59,22.23,20.9,22.04,20.15,22.75,22.34,22.15,21.97,20.15,22.88,22.49,22.35,22.2,20.29,0.0085,0.010702,0.006556,0.011002,0.0,0.004966,0.00584,0.001723,0.0052,0.000582,0.005158,0.006137,0.003534,0.004938,0.000591,0.00552,0.006689,0.003991,0.005624,0.000894
2020-01-03 23:45:00,19.24,19.29,19.38,19.25,20.32,19.39,19.46,19.69,19.48,19.63,19.38,19.44,19.53,19.51,19.63,19.37,19.42,19.5,19.48,19.56,3.35,0.0,0.385,0.353,0.318,0.353,0.0,0.3,0.268,0.137,0.255,0.18,0.306,0.276,0.228,0.239,0.183,0.312,0.285,0.243,0.256,0.219,36.0,23.0,23.0,432.45,554.24,357.57,537.91,0.0,281.48,341.58,136.76,309.45,39.41,288.57,354.92,212.24,297.06,40.09,305.42,381.92,233.84,330.58,59.18,24.37,24.0,23.99,23.84,36.0,22.63,22.26,21.08,22.08,20.16,22.77,22.37,22.21,22.02,20.15,22.91,22.52,22.4,22.23,20.3,0.008898,0.011051,0.007125,0.010582,0.0,0.005035,0.005948,0.002193,0.005317,0.000595,0.00522,0.006229,0.003683,0.005082,0.000605,0.00558,0.006777,0.004113,0.005745,0.000901
2020-01-04 00:00:00,19.22,19.29,19.35,19.28,20.28,19.39,19.46,19.66,19.48,19.63,19.38,19.44,19.52,19.5,19.62,19.37,19.43,19.5,19.48,19.55,3.28,0.0,0.378,0.353,0.311,0.374,0.0,0.303,0.272,0.157,0.26,0.184,0.31,0.28,0.236,0.245,0.186,0.315,0.288,0.249,0.261,0.221,36.0,23.0,23.0,426.89,554.55,351.27,563.4,0.0,283.95,345.71,154.59,314.81,40.24,290.92,358.62,218.61,303.87,40.92,307.65,385.24,239.06,336.07,59.66,24.33,24.0,23.93,23.99,36.0,22.66,22.29,21.25,22.11,20.16,22.8,22.4,22.27,22.06,20.15,22.93,22.54,22.45,22.27,20.3,0.008748,0.011058,0.006963,0.011223,0.0,0.005092,0.006033,0.002507,0.005422,0.000608,0.005272,0.006307,0.003809,0.005215,0.000618,0.005631,0.006849,0.00422,0.005855,0.000909
2020-01-04 00:15:00,19.24,19.29,19.36,19.26,20.24,19.4,19.46,19.64,19.48,19.62,19.38,19.45,19.51,19.5,19.61,19.37,19.43,19.5,19.47,19.55,3.2,0.0,0.388,0.356,0.326,0.358,0.0,0.303,0.271,0.169,0.26,0.187,0.308,0.278,0.24,0.248,0.19,0.314,0.286,0.25,0.262,0.223,36.0,23.0,23.0,435.24,557.72,365.67,543.34,0.0,283.0,344.04,165.11,315.28,41.01,289.31,356.04,221.13,305.77,41.71,305.75,382.02,239.77,336.2,60.12,24.39,24.02,24.03,23.9,36.0,22.68,22.31,21.39,22.13,20.16,22.81,22.41,22.31,22.09,20.15,22.94,22.56,22.48,22.29,20.3,0.00897,0.011139,0.007311,0.010739,0.0,0.005084,0.006012,0.002703,0.005439,0.000619,0.005248,0.006267,0.003866,0.005261,0.00063,0.005601,0.006798,0.004243,0.005868,0.000916
2020-01-04 00:30:00,19.22,19.28,19.34,19.27,20.2,19.4,19.46,19.63,19.47,19.61,19.38,19.44,19.51,19.49,19.61,19.37,19.43,19.49,19.47,19.55,3.13,0.0,0.382,0.356,0.32,0.372,0.0,0.302,0.27,0.178,0.262,0.19,0.308,0.277,0.243,0.25,0.193,0.313,0.285,0.252,0.263,0.224,36.0,23.0,23.0,429.79,557.24,359.56,560.67,0.0,282.1,342.89,172.68,316.48,41.74,288.88,354.69,223.44,308.36,42.44,305.17,380.66,241.08,337.34,60.56,24.36,24.02,23.99,23.99,36.0,22.7,22.32,21.5,22.15,20.16,22.82,22.42,22.35,22.12,20.16,22.95,22.56,22.5,22.31,20.3,0.008831,0.011132,0.007162,0.01117,0.0,0.005073,0.005997,0.00285,0.005467,0.00063,0.005243,0.006246,0.003916,0.005315,0.000641,0.005593,0.006776,0.004273,0.005895,0.000923
2020-01-04 00:45:00,19.23,19.28,19.35,19.25,20.17,19.39,19.46,19.61,19.47,19.61,19.38,19.44,19.5,19.49,19.6,19.37,19.43,19.49,19.47,19.55,3.06,0.0,0.391,0.359,0.332,0.364,0.0,0.302,0.271,0.185,0.264,0.194,0.309,0.278,0.246,0.253,0.196,0.314,0.286,0.254,0.265,0.226,36.0,23.0,23.0,437.14,561.56,370.95,550.46,0.0,282.32,343.51,178.42,318.49,42.41,289.74,355.8,225.85,311.32,43.13,306.05,381.54,242.72,339.24,60.96,24.42,24.05,24.08,23.94,36.0,22.71,22.33,21.6,22.17,20.16,22.82,22.42,22.38,22.14,20.16,22.95,22.56,22.52,22.32,20.3,0.009032,0.011245,0.007447,0.010917,0.0,0.005081,0.006011,0.002964,0.005508,0.000641,0.005261,0.006268,0.003966,0.005375,0.000651,0.005612,0.006794,0.004309,0.005934,0.000929
2020-01-04 01:00:00,19.21,19.27,19.32,19.25,20.14,19.38,19.44,19.6,19.46,19.6,19.37,19.43,19.49,19.48,19.6,19.36,19.41,19.47,19.45,19.54,2.91,0.0,0.385,0.358,0.327,0.374,0.0,0.304,0.272,0.193,0.266,0.196,0.31,0.28,0.249,0.256,0.199,0.316,0.287,0.257,0.267,0.227,36.0,23.0,23.0,432.29,559.91,365.99,562.87,0.0,283.13,344.98,184.27,321.01,43.05,291.06,357.74,228.85,314.61,43.77,307.41,383.27,245.05,341.74,61.33,24.39,24.05,24.05,24.01,36.0,22.72,22.34,21.68,22.18,20.17,22.83,22.43,22.4,22.16,20.16,22.96,22.57,22.54,22.34,20.31,0.008907,0.011208,0.007325,0.011226,0.0,0.0051,0.00604,0.003078,0.005557,0.000651,0.005288,0.006306,0.004026,0.00544,0.000661,0.00564,0.006827,0.004356,0.005984,0.000935
2020-01-04 01:15:00,19.21,19.27,19.32,19.23,20.1,19.38,19.45,19.58,19.43,19.6,19.36,19.44,19.47,19.44,19.59,19.35,19.43,19.46,19.42,19.54,2.76,0.0,0.397,0.367,0.342,0.373,0.0,0.308,0.278,0.202,0.272,0.199,0.315,0.285,0.256,0.262,0.202,0.321,0.293,0.264,0.273,0.228,36.0,23.0,23.0,442.57,570.82,379.18,561.13,0.0,286.79,351.3,192.25,327.39,43.65,295.37,364.3,234.69,321.76,44.38,311.94,389.98,250.95,348.75,61.69,24.47,24.11,24.15,23.99,36.0,22.74,22.35,21.75,22.2,20.17,22.85,22.45,22.43,22.19,20.16,22.98,22.59,22.57,22.36,20.31,0.009186,0.011485,0.007656,0.01118,0.0,0.005173,0.006159,0.003228,0.005676,0.00066,0.005373,0.00643,0.004138,0.005573,0.00067,0.00573,0.006956,0.00447,0.006115,0.00094
2020-01-04 01:30:00,19.19,19.25,19.3,19.24,20.07,19.37,19.44,19.56,19.42,19.59,19.35,19.43,19.46,19.44,19.59,19.34,19.42,19.45,19.41,19.54,2.61,0.0,0.395,0.366,0.34,0.385,0.0,0.312,0.275,0.211,0.285,0.202,0.32,0.279,0.263,0.279,0.205,0.325,0.284,0.27,0.291,0.23,36.0,23.0,23.0,440.24,569.47,377.86,575.53,0.0,290.54,347.76,199.73,342.18,44.22,298.78,356.05,240.42,340.5,44.96,315.42,378.1,256.53,371.41,62.03,24.46,24.1,24.14,24.07,36.0,22.76,22.36,21.83,22.24,20.17,22.87,22.44,22.47,22.24,20.16,23.0,22.58,22.6,22.41,20.31,0.009125,0.011453,0.007623,0.011539,0.0,0.005249,0.006099,0.003371,0.005949,0.000668,0.005443,0.006283,0.00425,0.00592,0.000679,0.005804,0.00674,0.00458,0.006538,0.000946
2020-01-04 01:45:00,19.19,19.25,19.3,19.22,20.04,19.36,19.43,19.54,19.42,19.59,19.35,19.42,19.45,19.43,19.58,19.34,19.41,19.44,19.41,19.54,2.46,0.0,0.404,0.374,0.351,0.382,0.0,0.316,0.28,0.22,0.288,0.204,0.323,0.284,0.269,0.282,0.207,0.328,0.289,0.275,0.294,0.231,36.0,23.0,23.0,447.8,578.93,387.42,572.0,0.0,293.39,354.18,207.7,345.21,44.75,301.1,362.24,245.25,343.64,45.5,317.66,384.92,260.15,373.2,62.36,24.52,24.16,24.22,24.05,36.0,22.78,22.37,21.9,22.27,20.17,22.89,22.45,22.5,22.28,20.16,23.02,22.58,22.63,22.45,20.31,0.009333,0.011696,0.007867,0.011448,0.0,0.00531,0.006218,0.003523,0.006017,0.000676,0.005494,0.006395,0.004346,0.005993,0.000687,0.005854,0.006862,0.004655,0.006591,0.000951
2020-01-04 02:00:00,19.17,19.23,19.27,19.21,20.01,19.35,19.42,19.52,19.41,19.58,19.34,19.41,19.43,19.42,19.58,19.33,19.39,19.42,19.4,19.53,2.3,0.0,0.403,0.375,0.351,0.392,0.0,0.319,0.285,0.228,0.29,0.207,0.325,0.289,0.274,0.284,0.21,0.33,0.295,0.28,0.293,0.232,36.0,23.0,23.0,447.38,580.33,387.71,584.86,0.0,295.56,359.44,213.94,346.4,45.26,303.02,369.31,249.17,344.78,46.02,319.5,393.39,264.04,371.71,62.68,24.52,24.17,24.22,24.11,36.0,22.81,22.39,21.96,22.3,20.17,22.91,22.47,22.53,22.31,20.17,23.04,22.6,22.66,22.48,20.31,0.009324,0.011732,0.007874,0.01177,0.0,0.005359,0.006319,0.003647,0.006048,0.000684,0.005537,0.006528,0.004426,0.006025,0.000695,0.005896,0.007022,0.004735,0.006577,0.000956
2020-01-04 02:15:00,19.17,19.22,19.27,19.2,19.98,19.34,19.38,19.5,19.41,19.58,19.33,19.37,19.42,19.43,19.57,19.32,19.35,19.41,19.42,19.53,2.14,0.0,0.413,0.383,0.364,0.394,0.0,0.324,0.292,0.239,0.297,0.209,0.331,0.297,0.283,0.291,0.212,0.336,0.303,0.288,0.3,0.233,36.0,23.0,23.0,455.92,590.86,398.68,587.08,0.0,299.82,367.26,223.09,353.97,45.74,307.93,378.23,255.92,352.71,46.51,324.64,403.2,271.7,379.05,62.99,24.58,24.22,24.3,24.13,36.0,22.83,22.42,22.04,22.33,20.17,22.93,22.49,22.57,22.34,20.17,23.06,22.62,22.7,22.51,20.31,0.009555,0.011998,0.008151,0.011828,0.0,0.005447,0.006469,0.003822,0.006194,0.000691,0.005637,0.006699,0.004559,0.006179,0.000703,0.006003,0.007212,0.004887,0.006721,0.000961
2020-01-04 02:30:00,19.15,19.21,19.25,19.19,19.95,19.33,19.38,19.48,19.4,19.57,19.32,19.36,19.4,19.42,19.57,19.31,19.34,19.39,19.4,19.53,1.98,0.0,0.415,0.39,0.367,0.401,0.012,0.33,0.308,0.248,0.293,0.211,0.337,0.317,0.291,0.285,0.214,0.341,0.326,0.297,0.29,0.234,36.0,23.0,23.0,457.77,598.83,402.05,595.43,2.54,304.46,387.05,230.16,349.46,46.19,312.37,402.14,262.38,345.23,46.97,329.22,431.16,278.4,367.25,63.28,24.6,24.26,24.32,24.17,20.58,22.86,22.47,22.1,22.34,20.18,22.96,22.55,22.61,22.36,20.17,23.09,22.69,22.74,22.51,20.31,0.009603,0.012199,0.008232,0.012043,3.9e-05,0.005544,0.006844,0.003962,0.006121,0.000698,0.005731,0.007154,0.004689,0.006053,0.00071,0.006101,0.007752,0.005024,0.006512,0.000965
2020-01-04 02:45:00,19.14,19.2,19.23,19.18,19.92,19.32,19.37,19.47,19.39,19.57,19.31,19.36,19.39,19.4,19.56,19.3,19.34,19.38,19.38,19.53,1.82,0.0,0.423,0.395,0.377,0.405,0.025,0.335,0.312,0.258,0.3,0.213,0.341,0.321,0.298,0.292,0.216,0.346,0.329,0.304,0.298,0.235,36.0,23.0,23.0,464.43,605.28,410.65,600.05,5.33,308.34,390.65,238.43,356.68,46.62,315.9,405.89,268.28,353.94,47.41,332.73,433.27,284.64,376.31,63.56,24.64,24.29,24.37,24.2,20.56,22.89,22.52,22.17,22.36,20.18,22.99,22.6,22.66,22.37,20.17,23.12,22.75,22.79,22.52,20.32,0.009785,0.012364,0.008451,0.012163,8.3e-05,0.005628,0.006931,0.004126,0.006256,0.000705,0.005809,0.007249,0.00481,0.006214,0.000716,0.00618,0.007822,0.005154,0.006679,0.000969
2020-01-04 03:00:00,19.14,19.19,19.23,19.17,19.9,19.32,19.37,19.46,19.38,19.57,19.31,19.36,19.38,19.39,19.56,19.3,19.34,19.38,19.38,19.53,1.74,0.0,0.428,0.402,0.383,0.412,0.039,0.34,0.315,0.265,0.307,0.215,0.345,0.322,0.305,0.301,0.218,0.35,0.329,0.31,0.308,0.236,36.0,23.0,23.0,467.97,613.37,415.97,608.12,8.28,311.72,393.29,243.99,364.99,47.04,319.02,406.12,273.56,363.35,47.83,335.78,431.62,289.0,388.11,63.82,24.67,24.33,24.41,24.24,20.55,22.93,22.55,22.24,22.39,20.18,23.02,22.64,22.7,22.41,20.17,23.15,22.78,22.83,22.55,20.32,0.009881,0.012573,0.008585,0.012373,0.000128,0.005704,0.006996,0.004242,0.006415,0.000711,0.005879,0.007272,0.00492,0.006394,0.000723,0.006251,0.007813,0.00525,0.006904,0.000974
2020-01-04 03:15:00,19.13,19.18,19.22,19.17,19.88,19.32,19.36,19.45,19.37,19.56,19.31,19.35,19.38,19.38,19.56,19.3,19.34,19.37,19.37,19.52,1.66,0.0,0.429,0.403,0.387,0.413,0.05,0.341,0.316,0.271,0.31,0.217,0.346,0.322,0.309,0.305,0.22,0.35,0.328,0.312,0.312,0.237,36.0,23.0,23.0,469.57,614.68,419.15,608.35,10.64,312.48,393.63,248.28,368.2,47.43,319.23,405.0,276.09,367.27,48.23,335.82,429.85,290.52,392.41,64.09,24.68,24.34,24.43,24.25,20.53,22.95,22.58,22.3,22.41,20.18,23.04,22.66,22.73,22.43,20.17,23.17,22.8,22.86,22.58,20.32,0.009926,0.012607,0.008666,0.012383,0.000165,0.005729,0.007015,0.004334,0.006484,0.000717,0.005892,0.007264,0.004979,0.006477,0.000729,0.006262,0.007792,0.005291,0.006996,0.000978
2020-01-04 03:30:00,19.13,19.18,19.21,19.16,19.86,19.31,19.36,19.44,19.37,19.56,19.3,19.34,19.37,19.38,19.55,19.29,19.33,19.36,19.37,19.52,1.58,0.0,0.433,0.408,0.392,0.417,0.06,0.342,0.318,0.276,0.313,0.218,0.347,0.324,0.312,0.308,0.222,0.352,0.33,0.315,0.314,0.238,36.0,23.0,23.0,472.46,620.69,423.54,613.01,12.9,313.32,395.77,251.85,370.43,47.81,320.21,407.25,278.63,370.01,48.61,336.76,432.55,292.88,394.21,64.34,24.71,24.37,24.46,24.28,20.51,22.97,22.6,22.34,22.44,20.18,23.05,22.68,22.76,22.46,20.17,23.19,22.82,22.89,22.6,20.32,0.010008,0.012765,0.008779,0.012509,0.000199,0.005752,0.007064,0.004412,0.006534,0.000723,0.005917,0.007314,0.005036,0.006537,0.000735,0.006287,0.007851,0.005345,0.00704,0.000982
2020-01-04 03:45:00,19.12,19.17,19.2,19.15,19.84,19.3,19.35,19.43,19.36,19.56,19.29,19.34,19.36,19.37,19.55,19.29,19.32,19.35,19.36,19.52,1.5,0.0,0.436,0.411,0.397,0.42,0.07,0.345,0.322,0.281,0.316,0.22,0.35,0.328,0.316,0.311,0.223,0.354,0.335,0.32,0.316,0.239,36.0,23.0,23.0,475.13,624.48,427.81,616.17,14.99,315.01,399.55,255.98,373.2,48.17,322.19,411.67,281.8,373.18,48.98,338.82,437.33,296.35,396.61,64.6,24.73,24.39,24.49,24.3,20.5,22.99,22.62,22.39,22.46,20.18,23.07,22.7,22.79,22.48,20.17,23.2,22.84,22.92,22.62,20.32,0.010083,0.012864,0.00889,0.012595,0.000231,0.005791,0.007143,0.0045,0.006592,0.000728,0.005961,0.007405,0.005104,0.006603,0.00074,0.006333,0.00795,0.005419,0.007093,0.000986
2020-01-04 04:00:00,19.11,19.16,19.18,19.14,19.82,19.29,19.33,19.41,19.35,19.55,19.28,19.32,19.34,19.36,19.55,19.27,19.31,19.33,19.35,19.52,1.42,0.0,0.439,0.415,0.401,0.423,0.08,0.348,0.326,0.287,0.319,0.222,0.353,0.332,0.321,0.314,0.225,0.357,0.339,0.325,0.32,0.24,36.0,23.0,23.0,477.44,628.89,431.58,619.52,17.13,317.26,403.85,260.0,376.65,48.51,324.52,416.22,285.44,376.92,49.33,341.23,441.93,300.24,400.18,64.85,24.75,24.41,24.51,24.32,20.49,23.01,22.64,22.43,22.47,20.18,23.09,22.72,22.82,22.5,20.17,23.22,22.86,22.94,22.64,20.32,0.01015,0.012983,0.00899,0.012685,0.000264,0.005841,0.007231,0.004585,0.006662,0.000734,0.006012,0.007499,0.005181,0.00668,0.000746,0.006387,0.008048,0.005502,0.007167,0.00099
2020-01-04 04:15:00,19.1,19.15,19.17,19.14,19.8,19.28,19.32,19.4,19.34,19.55,19.27,19.3,19.33,19.35,19.54,19.26,19.29,19.32,19.34,19.52,1.34,0.0,0.444,0.422,0.408,0.428,0.089,0.353,0.334,0.295,0.325,0.223,0.359,0.341,0.329,0.321,0.227,0.363,0.347,0.333,0.326,0.241,36.0,23.0,23.0,481.36,636.59,437.7,625.36,19.02,321.66,413.09,266.88,383.52,48.86,329.18,425.64,292.06,384.03,49.68,346.05,451.49,307.44,407.72,65.09,24.78,24.45,24.56,24.35,20.48,23.03,22.67,22.48,22.5,20.18,23.11,22.75,22.85,22.53,20.17,23.24,22.89,22.98,22.67,20.32,0.010262,0.013188,0.009153,0.01284,0.000293,0.005933,0.007414,0.004722,0.006795,0.000739,0.00611,0.007687,0.005315,0.006819,0.000751,0.006489,0.008242,0.00565,0.007316,0.000993
2020-01-04 04:30:00,19.1,19.14,19.16,19.13,19.78,19.27,19.31,19.38,19.33,19.55,19.27,19.29,19.31,19.34,19.54,19.26,19.28,19.31,19.33,19.51,1.25,0.0,0.448,0.426,0.414,0.432,0.1,0.359,0.341,0.302,0.331,0.225,0.364,0.348,0.337,0.327,0.228,0.368,0.354,0.341,0.332,0.242,36.0,23.0,23.0,484.23,641.48,442.09,629.99,21.32,325.95,420.71,271.79,389.42,49.19,332.94,433.15,297.82,390.13,50.02,349.83,459.01,313.3,414.08,65.32,24.8,24.48,24.59,24.37,20.47,23.06,22.71,22.53,22.53,20.18,23.14,22.79,22.89,22.56,20.17,23.27,22.93,23.02,22.7,20.32,0.010345,0.013318,0.009269,0.012963,0.000328,0.006025,0.007571,0.004826,0.006914,0.000744,0.006192,0.007844,0.005436,0.006942,0.000756,0.006574,0.008403,0.005775,0.007447,0.000997
2020-01-04 04:45:00,19.09,19.13,19.15,19.12,19.77,19.27,19.3,19.37,19.32,19.54,19.26,19.28,19.3,19.33,19.54,19.25,19.27,19.3,19.32,19.51,1.17,0.0,0.452,0.431,0.42,0.436,0.108,0.363,0.347,0.309,0.336,0.226,0.367,0.353,0.343,0.332,0.23,0.372,0.359,0.347,0.337,0.243,36.0,23.0,23.0,487.45,647.87,447.13,634.48,23.1,329.09,426.27,277.66,394.1,49.52,335.73,438.51,302.65,395.06,50.34,352.53,464.31,317.8,418.83,65.55,24.83,24.51,24.63,24.4,20.46,23.09,22.74,22.57,22.55,20.18,23.16,22.82,22.93,22.58,20.18,23.3,22.97,23.06,22.73,20.32,0.010439,0.013491,0.009405,0.013083,0.000356,0.006096,0.007691,0.004948,0.007011,0.000749,0.006256,0.007961,0.00554,0.007045,0.000761,0.006638,0.008522,0.005876,0.007548,0.001
2020-01-04 05:00:00,19.07,19.14,19.18,19.12,19.75,19.23,19.32,19.41,19.33,19.54,19.21,19.31,19.37,19.34,19.53,19.2,19.3,19.38,19.33,19.51,1.09,0.0,0.456,0.436,0.425,0.441,0.117,0.366,0.351,0.315,0.34,0.228,0.371,0.358,0.349,0.336,0.231,0.375,0.363,0.352,0.34,0.244,36.0,23.0,23.0,490.65,653.29,451.38,639.36,25.12,331.67,430.9,281.69,398.18,49.83,338.22,443.04,306.74,399.44,50.66,355.0,468.74,321.64,422.87,65.78,24.85,24.55,24.67,24.43,20.46,23.11,22.77,22.62,22.58,20.18,23.18,22.86,22.97,22.61,20.18,23.32,23.0,23.1,22.75,20.32,0.010529,0.013644,0.00953,0.013218,0.000387,0.006156,0.007795,0.005038,0.007098,0.000754,0.006313,0.008064,0.005633,0.007138,0.000766,0.006696,0.008626,0.005967,0.007637,0.001004
2020-01-04 05:15:00,19.09,19.14,19.16,19.12,19.77,19.28,19.35,19.4,19.34,19.54,19.24,19.33,19.34,19.35,19.53,19.23,19.32,19.37,19.35,19.51,1.01,0.0,0.465,0.43,0.409,0.438,0.125,0.385,0.34,0.294,0.334,0.229,0.395,0.346,0.317,0.33,0.233,0.402,0.351,0.312,0.334,0.245,36.0,23.0,23.0,498.12,645.43,437.64,635.95,26.74,346.67,417.22,262.94,390.7,50.14,358.32,428.87,279.67,392.45,50.97,378.1,453.19,286.3,414.16,66.01,24.91,24.51,24.57,24.42,20.45,23.17,22.78,22.61,22.59,20.18,23.25,22.86,22.93,22.62,20.18,23.39,23.0,23.05,22.76,20.33,0.010749,0.013444,0.009164,0.013136,0.000411,0.006463,0.007548,0.004698,0.006968,0.000758,0.006724,0.007806,0.005121,0.007018,0.000771,0.007174,0.008339,0.005287,0.007483,0.001007
2020-01-04 05:30:00,19.08,19.14,19.17,19.12,19.74,19.28,19.35,19.42,19.35,19.54,19.27,19.34,19.36,19.36,19.53,19.26,19.33,19.36,19.35,19.51,0.92,0.0,0.455,0.431,0.422,0.438,0.115,0.361,0.327,0.3,0.328,0.23,0.381,0.336,0.328,0.325,0.234,0.386,0.341,0.316,0.327,0.246,36.0,23.0,23.0,489.4,646.64,447.99,635.5,24.75,325.71,402.03,268.09,384.68,50.44,344.9,417.35,289.44,386.84,51.27,362.83,441.47,291.13,406.89,66.23,24.86,24.53,24.66,24.43,20.41,23.16,22.75,22.61,22.58,20.18,23.27,22.83,22.92,22.62,20.18,23.41,22.97,23.0,22.75,20.33,0.010507,0.013492,0.009455,0.013135,0.00038,0.006068,0.007258,0.00479,0.006857,0.000763,0.006483,0.007584,0.005295,0.006915,0.000775,0.006896,0.008108,0.00536,0.007345,0.001011
2020-01-04 05:45:00,19.09,19.15,19.16,19.13,19.75,19.3,19.36,19.4,19.35,19.53,19.29,19.35,19.36,19.36,19.53,19.28,19.34,19.36,19.35,19.51,0.84,0.0,0.458,0.428,0.415,0.438,0.129,0.358,0.324,0.292,0.325,0.232,0.365,0.331,0.321,0.322,0.235,0.37,0.336,0.319,0.325,0.246,36.0,23.0,23.0,492.13,642.19,442.33,635.27,27.6,323.42,399.47,261.62,381.12,50.74,331.43,411.66,283.38,383.62,51.57,348.3,435.4,294.18,404.19,66.46,24.89,24.52,24.62,24.43,20.42,23.14,22.72,22.6,22.57,20.19,23.25,22.81,22.91,22.61,20.18,23.39,22.95,22.99,22.73,20.33,0.010596,0.013382,0.009302,0.013137,0.000424,0.006017,0.007198,0.00467,0.006788,0.000767,0.006217,0.007466,0.005177,0.006852,0.00078,0.006606,0.00798,0.005409,0.007289,0.001014
2020-01-04 06:00:00,19.09,19.15,19.17,19.13,19.73,19.3,19.36,19.41,19.35,19.53,19.29,19.35,19.36,19.36,19.52,19.28,19.34,19.36,19.35,19.5,0.78,0.0,0.454,0.426,0.418,0.436,0.126,0.352,0.322,0.3,0.323,0.233,0.357,0.327,0.322,0.321,0.237,0.362,0.332,0.321,0.324,0.247,36.0,23.0,23.0,488.35,639.79,444.74,632.84,27.03,318.26,396.81,268.79,379.34,51.02,325.37,407.59,284.48,381.68,51.86,341.77,431.02,296.23,402.73,66.68,24.87,24.52,24.65,24.43,20.4,23.12,22.7,22.61,22.56,20.19,23.21,22.78,22.89,22.6,20.18,23.35,22.92,22.98,22.72,20.33,0.010495,0.01333,0.009374,0.013081,0.000415,0.00591,0.007139,0.004801,0.00675,0.000772,0.006087,0.007378,0.005193,0.006812,0.000784,0.006463,0.007883,0.005445,0.007256,0.001018
2020-01-04 06:15:00,19.1,19.16,19.16,19.13,19.73,19.32,19.37,19.39,19.36,19.53,19.31,19.36,19.34,19.36,19.52,19.31,19.35,19.33,19.36,19.5,0.71,0.0,0.454,0.424,0.417,0.436,0.137,0.351,0.32,0.296,0.323,0.234,0.357,0.325,0.321,0.32,0.238,0.361,0.33,0.322,0.323,0.248,36.0,23.0,23.0,487.56,637.45,443.67,632.53,29.48,318.12,395.29,264.85,379.14,51.3,325.3,406.05,284.15,381.39,52.14,341.92,429.45,296.52,402.64,66.9,24.87,24.52,24.65,24.43,20.4,23.1,22.69,22.6,22.55,20.19,23.19,22.76,22.88,22.59,20.18,23.33,22.9,22.98,22.71,20.33,0.010482,0.013279,0.009349,0.013082,0.000452,0.0059,0.007103,0.00473,0.006743,0.000776,0.006075,0.00734,0.005183,0.006803,0.000788,0.006454,0.007842,0.005448,0.00725,0.001021
2020-01-04 06:30:00,19.1,19.16,19.17,19.13,19.7,19.31,19.37,19.4,19.36,19.53,19.31,19.36,19.35,19.37,19.52,19.3,19.35,19.35,19.36,19.5,0.65,0.0,0.45,0.422,0.419,0.435,0.136,0.341,0.317,0.307,0.322,0.236,0.343,0.322,0.331,0.319,0.239,0.345,0.327,0.334,0.322,0.249,36.0,23.0,23.0,484.69,634.3,444.62,630.49,29.28,310.01,391.99,274.8,378.09,51.58,314.12,402.94,292.74,380.3,52.41,327.93,426.09,307.65,401.39,67.11,24.86,24.51,24.66,24.43,20.38,23.07,22.67,22.63,22.54,20.19,23.15,22.75,22.9,22.58,20.18,23.28,22.88,23.0,22.71,20.33,0.010408,0.013207,0.009381,0.013037,0.000449,0.005736,0.007035,0.004916,0.00672,0.00078,0.005847,0.007273,0.005345,0.00678,0.000793,0.006166,0.007769,0.005663,0.007223,0.001025
2020-01-04 06:45:00,19.1,19.17,19.17,19.14,19.71,19.31,19.38,19.4,19.37,19.52,19.31,19.37,19.36,19.37,19.52,19.3,19.37,19.37,19.37,19.5,0.58,0.0,0.451,0.42,0.415,0.433,0.149,0.345,0.315,0.299,0.32,0.237,0.346,0.318,0.323,0.317,0.24,0.348,0.323,0.325,0.32,0.25,36.0,23.0,23.0,484.79,631.19,441.69,628.93,32.0,313.67,389.77,266.9,376.05,51.85,316.81,398.3,285.61,378.16,52.68,331.38,421.1,299.23,399.0,67.33,24.87,24.5,24.65,24.43,20.39,23.06,22.65,22.63,22.53,20.19,23.12,22.73,22.89,22.57,20.18,23.25,22.86,23.0,22.7,20.33,0.010419,0.013136,0.009308,0.013005,0.00049,0.005798,0.006987,0.004774,0.00668,0.000784,0.005885,0.007178,0.005213,0.006737,0.000797,0.006216,0.007665,0.005508,0.007175,0.001028
2020-01-04 07:00:00,19.1,19.16,19.17,19.13,19.7,19.31,19.38,19.4,19.36,19.52,19.3,19.37,19.36,19.37,19.51,19.29,19.36,19.36,19.36,19.5,0.52,0.0,0.449,0.417,0.415,0.432,0.144,0.343,0.309,0.301,0.317,0.238,0.347,0.313,0.319,0.314,0.242,0.351,0.317,0.317,0.317,0.251,36.0,23.0,23.0,482.83,627.85,441.03,626.82,30.99,311.71,383.22,269.08,373.39,52.12,318.52,392.94,282.27,375.26,52.94,334.24,415.35,292.21,395.98,67.55,24.86,24.5,24.65,24.43,20.37,23.04,22.63,22.63,22.52,20.19,23.11,22.7,22.88,22.56,20.18,23.23,22.83,22.98,22.68,20.33,0.010369,0.013057,0.009296,0.012957,0.000474,0.005756,0.006858,0.004814,0.006627,0.000789,0.005911,0.007068,0.005146,0.006679,0.000801,0.006264,0.007545,0.005369,0.007114,0.001031
2020-01-04 07:15:00,19.1,19.16,19.17,19.13,19.7,19.31,19.37,19.39,19.36,19.52,19.3,19.36,19.35,19.36,19.51,19.29,19.35,19.36,19.36,19.5,0.46,0.0,0.451,0.419,0.417,0.433,0.151,0.344,0.311,0.298,0.32,0.239,0.351,0.316,0.321,0.317,0.243,0.355,0.321,0.319,0.32,0.251,36.0,23.0,23.0,484.26,629.66,442.43,628.07,32.53,313.41,385.78,266.13,376.39,52.38,321.83,396.99,284.14,378.66,53.2,338.18,420.01,294.11,399.55,67.77,24.88,24.51,24.67,24.44,20.36,23.04,22.62,22.62,22.52,20.19,23.11,22.69,22.87,22.55,20.18,23.24,22.82,22.97,22.68,20.33,0.010416,0.013114,0.009338,0.012998,0.000498,0.005785,0.006897,0.004759,0.006678,0.000793,0.005973,0.007135,0.005176,0.006738,0.000805,0.006339,0.007623,0.005399,0.007176,0.001035
2020-01-04 07:30:00,19.1,19.15,19.16,19.14,19.68,19.31,19.37,19.4,19.36,19.52,19.3,19.36,19.35,19.36,19.51,19.29,19.36,19.35,19.35,19.49,0.4,0.0,0.45,0.418,0.416,0.433,0.151,0.346,0.313,0.303,0.322,0.241,0.352,0.318,0.323,0.319,0.244,0.356,0.323,0.322,0.322,0.252,36.0,23.0,23.0,483.91,628.16,442.31,628.14,32.54,315.14,388.67,270.33,378.67,52.64,322.8,399.65,286.1,381.33,53.46,339.05,422.99,297.12,402.39,67.99,24.88,24.5,24.66,24.44,20.35,23.04,22.61,22.63,22.52,20.19,23.11,22.69,22.87,22.56,20.18,23.24,22.82,22.97,22.68,20.33,0.010407,0.013072,0.009334,0.013004,0.000497,0.005817,0.006947,0.004837,0.00672,0.000796,0.005993,0.007181,0.005212,0.006786,0.000809,0.006357,0.007676,0.005454,0.007228,0.001038
2020-01-04 07:45:00,19.1,19.16,19.16,19.13,19.68,19.31,19.37,19.39,19.36,19.51,19.3,19.36,19.35,19.36,19.51,19.29,19.36,19.35,19.35,19.49,0.34,0.0,0.451,0.423,0.418,0.43,0.158,0.347,0.315,0.301,0.321,0.242,0.352,0.318,0.324,0.321,0.245,0.355,0.32,0.323,0.326,0.253,36.0,23.0,23.0,484.7,634.53,443.7,623.95,33.97,315.86,391.47,269.12,377.73,52.9,322.51,398.65,287.02,383.47,53.71,338.37,419.41,298.34,406.82,68.21,24.88,24.54,24.67,24.43,20.35,23.04,22.62,22.63,22.52,20.19,23.11,22.68,22.87,22.56,20.18,23.24,22.81,22.97,22.69,20.33,0.010432,0.013243,0.009371,0.012896,0.000519,0.005832,0.006998,0.004816,0.006703,0.0008,0.005988,0.007162,0.00523,0.006827,0.000812,0.006345,0.007607,0.005477,0.007312,0.001042
2020-01-04 08:00:00,19.1,19.16,19.16,19.14,19.67,19.31,19.37,19.39,19.36,19.51,19.3,19.36,19.35,19.36,19.51,19.29,19.35,19.35,19.35,19.49,0.37,0.0,0.451,0.42,0.418,0.434,0.158,0.347,0.316,0.304,0.32,0.243,0.351,0.318,0.324,0.32,0.246,0.354,0.321,0.323,0.324,0.254,36.0,23.0,23.0,484.48,630.95,443.92,628.3,34.13,315.82,391.79,271.85,376.91,53.15,322.09,399.33,287.14,381.94,53.96,337.74,420.52,298.41,404.43,68.43,24.88,24.52,24.67,24.45,20.34,23.04,22.62,22.64,22.52,20.19,23.11,22.68,22.87,22.56,20.18,23.24,22.8,22.97,22.69,20.33,0.010427,0.013146,0.009376,0.013015,0.000521,0.005831,0.007004,0.004868,0.006687,0.000804,0.005979,0.007172,0.005232,0.0068,0.000816,0.006332,0.007624,0.005479,0.00727,0.001045
2020-01-04 08:15:00,19.11,19.17,19.17,19.14,19.67,19.31,19.37,19.39,19.36,19.51,19.3,19.36,19.35,19.36,19.5,19.29,19.36,19.35,19.35,19.49,0.4,3.8,0.45,0.42,0.418,0.429,0.164,0.347,0.316,0.304,0.322,0.244,0.351,0.319,0.326,0.321,0.247,0.355,0.323,0.325,0.325,0.255,36.0,23.0,23.0,483.25,630.97,443.49,623.1,35.3,315.8,392.05,271.65,378.64,53.4,322.34,400.68,288.39,383.11,54.21,338.16,422.78,299.75,404.97,68.65,24.89,24.53,24.68,24.43,20.34,23.05,22.62,22.65,22.52,20.19,23.11,22.68,22.88,22.57,20.18,23.24,22.81,22.97,22.69,20.33,0.010402,0.013156,0.009371,0.012884,0.000539,0.005832,0.007011,0.004867,0.006719,0.000808,0.005985,0.007198,0.005257,0.006822,0.00082,0.00634,0.007666,0.005505,0.007282,0.001048
2020-01-04 08:30:00,19.14,19.44,19.54,19.21,19.7,19.35,19.57,19.62,19.37,19.51,19.32,19.57,19.6,19.37,19.5,19.31,19.59,19.67,19.37,19.49,0.43,104.9,0.446,0.417,0.415,0.429,0.166,0.346,0.314,0.306,0.321,0.245,0.349,0.318,0.325,0.32,0.249,0.353,0.321,0.324,0.323,0.256,36.0,23.0,23.0,486.36,603.22,412.72,629.77,35.78,314.24,384.97,267.01,377.79,53.66,320.39,393.44,281.57,381.84,54.46,335.81,414.56,291.83,402.92,68.88,24.72,24.94,25.38,24.3,20.33,23.05,22.8,22.93,22.52,20.19,23.12,22.86,23.15,22.57,20.18,23.25,23.0,23.26,22.7,20.34,0.010311,0.013042,0.009297,0.012874,0.000546,0.005806,0.006978,0.004887,0.006707,0.000812,0.005951,0.007165,0.005242,0.006804,0.000824,0.0063,0.007627,0.005482,0.00725,0.001052
2020-01-04 08:45:00,19.16,19.55,19.77,19.28,19.81,19.47,19.87,20.01,19.38,19.51,19.34,19.85,19.93,19.39,19.5,19.34,19.9,20.12,19.4,19.49,0.47,206.0,0.43,0.282,0.229,0.395,0.148,0.324,0.214,0.191,0.316,0.246,0.341,0.215,0.201,0.313,0.249,0.343,0.204,0.164,0.315,0.256,36.0,23.0,23.0,471.73,419.61,230.98,588.36,32.11,294.83,259.33,162.72,371.99,53.87,312.76,263.71,170.59,373.3,54.66,326.63,261.41,145.32,392.24,69.07,24.65,24.61,25.21,24.14,20.3,23.02,22.92,23.25,22.53,20.19,23.12,22.98,23.45,22.58,20.18,23.24,23.08,23.5,22.7,20.34,0.009944,0.008813,0.005123,0.011864,0.000489,0.005435,0.004744,0.003054,0.006605,0.000815,0.005807,0.004845,0.003251,0.006653,0.000827,0.006125,0.004842,0.00278,0.007057,0.001055
2020-01-04 09:00:00,19.21,19.7,20.07,19.36,19.95,19.64,20.17,20.39,19.42,19.5,19.39,20.1,20.28,19.45,19.5,19.4,20.15,20.59,19.45,19.48,0.74,307.0,0.418,0.224,0.116,0.362,0.095,0.263,0.063,0.0,0.308,0.247,0.329,0.073,0.037,0.303,0.251,0.329,0.051,0.0,0.302,0.257,36.0,23.0,23.0,459.49,332.4,112.82,545.23,20.66,242.23,76.71,0.0,362.79,54.12,302.34,89.78,30.92,360.77,54.92,313.91,66.83,0.0,377.05,69.3,24.63,24.68,25.61,23.98,20.21,22.87,22.82,36.0,22.52,20.19,23.1,22.89,23.67,22.57,20.18,23.22,22.94,36.0,22.69,20.34,0.009668,0.007023,0.002597,0.01085,0.000313,0.004415,0.001393,0.0,0.00644,0.000819,0.005608,0.001638,0.0006,0.006427,0.000831,0.005877,0.001224,0.0,0.006778,0.001058
2020-01-04 09:15:00,19.26,19.81,20.43,19.46,20.13,19.82,20.46,20.82,19.47,19.5,19.44,20.29,20.69,19.5,19.49,19.45,20.33,21.1,19.51,19.48,1.02,408.1,0.393,0.15,0.0,0.322,0.023,0.18,0.0,0.0,0.288,0.249,0.304,0.0,0.0,0.277,0.252,0.302,0.0,0.0,0.275,0.258,36.0,23.0,23.0,435.41,225.08,0.0,493.53,5.0,169.94,0.0,0.0,339.1,54.38,280.6,0.0,0.0,331.56,55.16,289.26,0.0,0.0,343.94,69.54,24.52,24.5,36.0,23.78,20.09,22.58,36.0,36.0,22.49,20.19,23.05,36.0,36.0,22.53,20.19,23.16,36.0,36.0,22.64,20.34,0.009075,0.004682,0.0,0.00966,7.5e-05,0.00303,0.0,0.0,0.006005,0.000823,0.005185,0.0,0.0,0.005889,0.000834,0.00539,0.0,0.0,0.00616,0.001062
2020-01-04 09:30:00,19.31,19.79,20.73,19.54,20.35,19.98,20.7,21.22,19.5,19.5,19.47,20.39,21.06,19.54,19.49,19.48,20.43,21.56,19.54,19.48,1.29,434.7,0.37,0.093,0.0,0.27,0.0,0.092,0.0,0.0,0.265,0.25,0.28,0.0,0.0,0.251,0.253,0.276,0.0,0.0,0.247,0.259,36.0,23.0,23.0,413.28,146.18,0.0,424.55,0.0,89.57,0.0,0.0,314.43,54.63,259.61,0.0,0.0,301.96,55.41,266.22,0.0,0.0,311.32,69.77,24.42,24.03,36.0,23.48,36.0,22.16,36.0,36.0,22.43,20.19,22.97,36.0,36.0,22.46,20.19,23.07,36.0,36.0,22.56,20.34,0.008541,0.002921,0.0,0.008115,0.0,0.001548,0.0,0.0,0.005543,0.000827,0.004767,0.0,0.0,0.005334,0.000838,0.004925,0.0,0.0,0.00554,0.001066
2020-01-04 09:45:00,19.34,19.83,21.02,19.62,20.57,20.12,20.92,21.62,19.53,19.5,19.5,20.43,21.42,19.57,19.49,19.51,20.47,21.97,19.57,19.48,1.57,461.3,0.346,0.103,0.0,0.231,0.0,0.01,0.0,0.0,0.249,0.251,0.263,0.0,0.0,0.232,0.254,0.259,0.0,0.0,0.228,0.26,36.0,23.0,23.0,390.75,161.08,0.0,369.83,0.0,10.25,0.0,0.0,296.14,54.88,245.06,0.0,0.0,280.4,55.65,251.61,0.0,0.0,289.16,70.0,24.32,24.0,36.0,23.26,36.0,21.63,36.0,36.0,22.36,20.19,22.89,36.0,36.0,22.38,20.19,22.97,36.0,36.0,22.47,20.34,0.008002,0.00321,0.0,0.006944,0.0,0.000171,0.0,0.0,0.005194,0.000831,0.004471,0.0,0.0,0.004924,0.000842,0.004621,0.0,0.0,0.005111,0.001069
2020-01-04 10:00:00,19.39,19.81,21.3,19.7,20.8,20.28,21.12,22.03,19.54,19.49,19.51,20.41,21.77,19.58,19.49,19.52,20.43,22.38,19.58,19.48,1.85,487.9,0.328,0.084,0.0,0.192,0.0,0.0,0.0,0.0,0.236,0.252,0.249,0.0,0.0,0.217,0.255,0.246,0.0,0.0,0.214,0.261,36.0,23.0,23.0,372.27,134.85,0.0,312.65,0.0,0.0,0.0,0.0,281.96,55.13,233.98,0.0,0.0,264.17,55.89,241.21,0.0,0.0,273.39,70.23,24.24,23.68,36.0,23.01,36.0,36.0,36.0,36.0,22.29,20.19,22.81,36.0,36.0,22.3,20.19,22.89,36.0,36.0,22.38,20.34,0.007573,0.002618,0.0,0.005759,0.0,0.0,0.0,0.0,0.004922,0.000834,0.004244,0.0,0.0,0.004613,0.000846,0.004403,0.0,0.0,0.004803,0.001073
2020-01-04 10:15:00,19.42,19.78,21.56,19.77,21.03,20.45,21.29,22.43,19.55,19.49,19.53,20.36,22.12,19.59,19.49,19.52,20.35,22.75,19.58,19.48,2.13,514.5,0.305,0.097,0.0,0.152,0.0,0.0,0.0,0.0,0.23,0.253,0.243,0.0,0.0,0.211,0.256,0.24,0.0,0.0,0.21,0.262,36.0,23.0,23.0,350.41,157.71,0.0,252.3,0.0,0.0,0.0,0.0,275.95,55.38,228.81,0.0,0.0,257.3,56.14,236.22,0.0,0.0,268.74,70.47,24.12,23.57,36.0,22.75,36.0,36.0,36.0,36.0,22.24,20.19,22.75,36.0,36.0,22.24,20.19,22.83,36.0,36.0,22.32,20.34,0.007059,0.003036,0.0,0.004554,0.0,0.0,0.0,0.0,0.004799,0.000838,0.004131,0.0,0.0,0.004474,0.000849,0.00429,0.0,0.0,0.0047,0.001077
2020-01-04 10:30:00,19.47,19.75,21.81,19.85,21.28,20.65,21.45,22.85,19.56,19.49,19.55,20.28,22.5,19.61,19.48,19.55,20.24,23.12,19.6,19.47,2.42,532.3,0.289,0.108,0.0,0.115,0.0,0.0,0.0,0.0,0.225,0.254,0.236,0.0,0.0,0.206,0.257,0.238,0.0,0.0,0.208,0.262,36.0,23.0,23.0,333.35,178.24,0.0,194.16,0.0,0.0,0.0,0.0,271.17,55.63,223.08,0.0,0.0,252.15,56.38,234.74,0.0,0.0,267.93,70.7,24.05,23.43,36.0,22.52,36.0,36.0,36.0,36.0,22.21,20.19,22.71,36.0,36.0,22.2,20.19,22.79,36.0,36.0,22.29,20.34,0.006673,0.003393,0.0,0.003446,0.0,0.0,0.0,0.0,0.004703,0.000842,0.004014,0.0,0.0,0.004372,0.000853,0.004252,0.0,0.0,0.004675,0.00108
2020-01-04 10:45:00,19.5,19.71,22.03,19.93,21.55,20.92,21.6,23.23,19.58,19.49,19.59,20.16,22.84,19.64,19.48,19.58,20.09,23.44,19.63,19.47,2.7,550.2,0.263,0.123,0.0,0.075,0.0,0.0,0.0,0.0,0.218,0.255,0.223,0.0,0.0,0.195,0.258,0.225,0.0,0.0,0.199,0.263,36.0,23.0,23.0,307.23,204.49,0.0,129.06,0.0,0.0,0.0,0.0,263.51,55.86,211.82,0.0,0.0,239.33,56.6,223.03,0.0,0.0,255.84,70.92,23.91,23.33,36.0,22.19,36.0,36.0,36.0,36.0,22.17,20.19,22.65,36.0,36.0,22.16,20.19,22.75,36.0,36.0,22.25,20.34,0.006078,0.003862,0.0,0.002236,0.0,0.0,0.0,0.0,0.00456,0.000845,0.003797,0.0,0.0,0.004137,0.000856,0.004027,0.0,0.0,0.004452,0.001084
2020-01-04 11:00:00,19.52,19.67,22.29,19.99,21.8,21.15,21.73,23.65,19.61,19.48,19.61,20.02,23.25,19.67,19.48,19.61,19.91,23.79,19.66,19.47,2.93,568.0,0.251,0.146,0.0,0.034,0.0,0.0,0.0,0.0,0.209,0.257,0.207,0.0,0.0,0.181,0.26,0.21,0.0,0.0,0.185,0.264,36.0,23.0,23.0,295.51,243.54,0.0,60.9,0.0,0.0,0.0,0.0,252.32,56.12,197.63,0.0,0.0,223.34,56.85,208.72,0.0,0.0,239.1,71.17,23.84,23.27,36.0,21.79,36.0,36.0,36.0,36.0,22.14,20.19,22.59,36.0,36.0,22.11,20.19,22.68,36.0,36.0,22.2,20.34,0.005812,0.004578,0.0,0.001025,0.0,0.0,0.0,0.0,0.004354,0.000849,0.003525,0.0,0.0,0.003847,0.00086,0.00375,0.0,0.0,0.004146,0.001088
2020-01-04 11:15:00,19.56,19.66,22.53,20.06,22.06,21.39,21.87,24.06,19.63,19.48,19.63,19.88,23.64,19.69,19.48,19.63,19.77,24.12,19.68,19.47,3.16,585.8,0.238,0.164,0.0,0.006,0.0,0.0,0.0,0.0,0.196,0.258,0.195,0.0,0.0,0.166,0.261,0.197,0.045,0.0,0.17,0.265,36.0,23.0,23.0,281.79,272.67,0.0,11.63,0.0,0.0,0.0,0.0,238.43,56.38,187.24,0.0,0.0,206.07,57.1,196.64,64.86,0.0,220.8,71.42,23.75,23.25,36.0,21.48,36.0,36.0,36.0,36.0,22.09,20.19,22.52,36.0,36.0,22.05,20.19,22.61,21.46,36.0,22.14,20.34,0.005503,0.005116,0.0,0.000192,0.0,0.0,0.0,0.0,0.004101,0.000853,0.003323,0.0,0.0,0.003533,0.000864,0.003514,0.001067,0.0,0.003812,0.001091
2020-01-04 11:30:00,19.6,19.68,22.74,20.15,22.32,21.62,22.04,24.44,19.66,19.48,19.65,19.81,23.99,19.73,19.47,19.64,19.72,24.43,19.72,19.47,3.38,588.3,0.218,0.168,0.0,0.0,0.0,0.0,0.0,0.0,0.185,0.259,0.184,0.06,0.0,0.154,0.262,0.186,0.116,0.0,0.158,0.266,36.0,23.0,23.0,260.71,280.57,0.0,0.0,0.0,0.0,0.0,0.0,225.28,56.63,177.73,83.32,0.0,190.99,57.34,187.3,166.82,0.0,205.61,71.66,23.6,23.22,36.0,36.0,36.0,36.0,36.0,36.0,22.05,20.19,22.45,21.34,36.0,21.99,20.19,22.54,21.54,36.0,22.08,20.34,0.00503,0.005251,0.0,0.0,0.0,0.0,0.0,0.0,0.003863,0.000857,0.003138,0.00136,0.0,0.003261,0.000868,0.003329,0.002759,0.0,0.003535,0.001095
2020-01-04 11:45:00,19.64,19.7,22.94,20.27,22.56,21.84,22.19,24.79,19.75,19.48,19.66,19.79,24.32,19.81,19.47,19.65,19.74,24.7,19.81,19.46,3.61,590.8,0.2,0.158,0.0,0.0,0.0,0.0,0.0,0.0,0.168,0.26,0.176,0.097,0.0,0.135,0.263,0.179,0.139,0.0,0.139,0.267,36.0,23.0,23.0,242.54,266.34,0.0,0.0,0.0,0.0,0.0,0.0,204.32,56.88,170.15,132.79,0.0,168.59,57.58,181.05,197.99,0.0,182.12,71.9,23.47,23.09,36.0,36.0,36.0,36.0,36.0,36.0,22.03,20.19,22.38,21.41,36.0,21.96,20.19,22.48,21.66,36.0,22.05,20.35,0.004632,0.004936,0.0,0.0,0.0,0.0,0.0,0.0,0.003498,0.000861,0.00299,0.002178,0.0,0.002872,0.000871,0.003203,0.003304,0.0,0.003123,0.001099
2020-01-04 12:00:00,19.67,19.71,23.11,20.39,22.79,22.03,22.31,25.09,19.84,19.48,19.66,19.77,24.59,19.9,19.47,19.64,19.74,24.91,19.9,19.46,3.78,593.4,0.179,0.152,0.0,0.0,0.0,0.0,0.0,0.0,0.127,0.261,0.168,0.105,0.0,0.094,0.264,0.173,0.131,0.0,0.096,0.268,36.0,23.0,23.0,219.9,258.24,0.0,0.0,0.0,0.0,0.0,0.0,155.21,57.13,163.32,144.46,0.0,118.05,57.82,175.46,186.11,0.0,126.01,72.15,23.29,22.99,36.0,36.0,36.0,36.0,36.0,36.0,22.0,20.2,22.32,21.47,36.0,21.91,20.19,22.41,21.72,36.0,22.0,20.35,0.00414,0.004749,0.0,0.0,0.0,0.0,0.0,0.0,0.002652,0.000865,0.002856,0.002379,0.0,0.002005,0.000875,0.003089,0.003118,0.0,0.002153,0.001103
2020-01-04 12:15:00,19.7,19.72,23.27,20.51,23.0,22.2,22.41,25.35,19.96,19.47,19.65,19.77,24.83,20.01,19.47,19.63,19.74,25.08,20.01,19.46,3.94,595.9,0.166,0.147,0.0,0.0,0.0,0.0,0.0,0.0,0.08,0.262,0.172,0.113,0.0,0.052,0.265,0.181,0.131,0.0,0.052,0.269,36.0,23.0,23.0,205.65,251.71,0.0,0.0,0.0,0.0,0.0,0.0,97.69,57.38,168.38,154.61,0.0,64.65,58.06,183.75,185.06,0.0,68.82,72.39,23.18,22.9,36.0,36.0,36.0,36.0,36.0,36.0,21.98,20.2,22.28,21.53,36.0,21.89,20.19,22.39,21.75,36.0,21.96,20.35,0.003839,0.004597,0.0,0.0,0.0,0.0,0.0,0.0,0.001667,0.000869,0.002937,0.002556,0.0,0.001096,0.000879,0.00323,0.003106,0.0,0.001172,0.001106
2020-01-04 12:30:00,19.74,19.74,23.41,20.63,23.2,22.36,22.5,25.59,20.08,19.47,19.65,19.76,25.03,20.13,19.47,19.63,19.73,25.22,20.14,19.46,4.1,591.4,0.148,0.139,0.0,0.0,0.0,0.0,0.0,0.0,0.022,0.264,0.174,0.116,0.0,0.0,0.266,0.184,0.132,0.0,0.0,0.27,36.0,23.0,23.0,186.07,240.96,0.0,0.0,0.0,0.0,0.0,0.0,27.44,57.63,170.4,158.1,0.0,0.0,58.3,187.0,186.27,0.0,0.0,72.64,23.02,22.79,36.0,36.0,36.0,36.0,36.0,36.0,21.96,20.2,22.27,21.57,36.0,36.0,20.19,22.38,21.76,36.0,36.0,20.35,0.003431,0.004362,0.0,0.0,0.0,0.0,0.0,0.0,0.000467,0.000872,0.002968,0.002621,0.0,0.0,0.000882,0.003286,0.00313,0.0,0.0,0.00111
2020-01-04 12:45:00,19.77,19.76,23.52,20.75,23.37,22.49,22.57,25.8,20.24,19.47,19.66,19.76,25.21,20.3,19.46,19.64,19.72,25.33,20.31,19.46,4.26,586.8,0.132,0.131,0.0,0.0,0.0,0.0,0.0,0.0,0.0,0.265,0.174,0.119,0.0,0.0,0.267,0.183,0.135,0.0,0.0,0.271,36.0,23.0,23.0,167.01,228.21,0.0,0.0,0.0,0.0,0.0,0.0,0.0,57.88,169.96,160.92,0.0,0.0,58.54,186.33,190.42,0.0,0.0,72.88,22.86,22.69,36.0,36.0,36.0,36.0,36.0,36.0,36.0,20.2,22.25,21.6,36.0,36.0,20.19,22.38,21.78,36.0,36.0,20.35,0.00304,0.004102,0.0,0.0,0.0,0.0,0.0,0.0,0.0,0.000876,0.002958,0.002673,0.0,0.0,0.000886,0.003272,0.003204,0.0,0.0,0.001114
2020-01-04 13:00:00,19.81,19.78,23.63,20.88,23.54,22.62,22.64,25.98,20.47,19.47,19.67,19.76,25.36,20.56,19.46,19.65,19.73,25.43,20.57,19.46,4.34,582.3,0.115,0.12,0.0,0.0,0.0,0.0,0.0,0.0,0.0,0.266,0.172,0.121,0.0,0.0,0.268,0.182,0.139,0.0,0.0,0.272,36.0,23.0,23.0,148.21,210.16,0.0,0.0,0.0,0.0,0.0,0.0,0.0,58.13,168.63,164.34,0.0,0.0,58.78,184.88,196.09,0.0,0.0,73.13,22.69,22.57,36.0,36.0,36.0,36.0,36.0,36.0,36.0,20.2,22.24,21.62,36.0,36.0,20.19,22.37,21.8,36.0,36.0,20.35,0.002664,0.003744,0.0,0.0,0.0,0.0,0.0,0.0,0.0,0.00088,0.002932,0.002734,0.0,0.0,0.00089,0.003244,0.003304,0.0,0.0,0.001118
2020-01-04 13:15:00,19.84,19.81,23.73,21.01,23.69,22.74,22.71,26.15,20.78,19.46,19.68,19.77,25.5,20.88,19.46,19.66,19.74,25.51,20.91,19.45,4.41,577.8,0.097,0.108,0.0,0.0,0.0,0.0,0.0,0.0,0.0,0.267,0.166,0.118,0.0,0.0,0.27,0.175,0.136,0.0,0.0,0.272,36.0,23.0,23.0,126.88,190.71,0.0,0.0,0.0,0.0,0.0,0.0,0.0,58.38,162.69,160.06,0.0,0.0,59.02,178.66,191.55,0.0,0.0,73.37,22.5,22.45,36.0,36.0,36.0,36.0,36.0,36.0,36.0,20.2,22.21,21.62,36.0,36.0,20.19,22.34,21.8,36.0,36.0,20.35,0.002249,0.003366,0.0,0.0,0.0,0.0,0.0,0.0,0.0,0.000884,0.002823,0.002664,0.0,0.0,0.000893,0.003129,0.003228,0.0,0.0,0.001122
2020-01-04 13:30:00,19.84,19.81,23.73,21.02,23.82,22.84,22.75,26.27,21.14,19.46,19.68,19.77,25.59,21.24,19.46,19.66,19.74,25.54,21.29,19.45,4.49,553.4,0.079,0.094,0.0,0.0,0.0,0.0,0.0,0.0,0.0,0.268,0.16,0.115,0.0,0.0,0.271,0.17,0.132,0.0,0.0,0.273,36.0,23.0,23.0,104.59,168.86,0.0,0.0,0.0,0.0,0.0,0.0,0.0,58.63,157.89,155.85,0.0,0.0,59.26,173.93,185.97,0.0,0.0,73.62,22.29,22.3,36.0,36.0,36.0,36.0,36.0,36.0,36.0,20.2,22.18,21.61,36.0,36.0,20.19,22.3,21.79,36.0,36.0,20.35,0.001826,0.002949,0.0,0.0,0.0,0.0,0.0,0.0,0.0,0.000888,0.002732,0.002592,0.0,0.0,0.000897,0.003038,0.003131,0.0,0.0,0.001126
2020-01-04 13:45:00,19.77,19.75,23.62,20.85,23.91,22.9,22.76,26.33,21.5,19.46,19.68,19.76,25.63,21.62,19.45,19.65,19.73,25.53,21.68,19.45,4.56,529.0,0.082,0.097,0.0,0.0,0.0,0.0,0.0,0.0,0.0,0.269,0.159,0.115,0.0,0.0,0.272,0.17,0.132,0.0,0.0,0.274,36.0,23.0,23.0,108.65,174.84,0.0,0.0,0.0,0.0,0.0,0.0,0.0,58.88,157.34,156.56,0.0,0.0,59.5,174.59,186.75,0.0,0.0,73.86,22.27,22.29,36.0,36.0,36.0,36.0,36.0,36.0,36.0,20.2,22.14,21.6,36.0,36.0,20.19,22.27,21.78,36.0,36.0,20.35,0.001893,0.00305,0.0,0.0,0.0,0.0,0.0,0.0,0.0,0.000891,0.002716,0.002601,0.0,0.0,0.000901,0.003043,0.003141,0.0,0.0,0.001129
2020-01-04 14:00:00,19.7,19.69,23.46,20.65,23.98,22.93,22.75,26.35,21.84,19.46,19.66,19.75,25.62,21.98,19.45,19.64,19.71,25.46,22.04,19.45,4.56,504.6,0.117,0.126,0.0,0.0,0.0,0.0,0.0,0.0,0.0,0.27,0.161,0.118,0.0,0.0,0.273,0.173,0.135,0.0,0.0,0.275,36.0,23.0,23.0,151.8,222.61,0.0,0.0,0.0,0.0,0.0,0.0,0.0,59.12,158.9,160.12,0.0,0.0,59.74,177.4,191.21,0.0,0.0,74.11,22.52,22.47,36.0,36.0,36.0,36.0,36.0,36.0,36.0,20.2,22.12,21.59,36.0,36.0,20.19,22.25,21.77,36.0,36.0,20.35,0.002694,0.003938,0.0,0.0,0.0,0.0,0.0,0.0,0.0,0.000895,0.002738,0.002659,0.0,0.0,0.000904,0.003087,0.003214,0.0,0.0,0.001133
2020-01-04 14:15:00,19.67,19.67,23.31,20.54,24.01,22.93,22.71,26.33,22.17,19.45,19.65,19.73,25.57,22.33,19.45,19.62,19.7,25.36,22.39,19.45,4.56,480.2,0.15,0.154,0.0,0.0,0.0,0.0,0.0,0.0,0.0,0.272,0.168,0.126,0.0,0.0,0.274,0.181,0.144,0.0,0.0,0.276,36.0,23.0,23.0,191.7,269.58,0.0,0.0,0.0,0.0,0.0,0.0,0.0,59.37,165.78,171.03,0.0,0.0,59.97,185.42,203.56,0.0,0.0,74.35,22.73,22.65,36.0,36.0,36.0,36.0,36.0,36.0,36.0,20.2,22.11,21.6,36.0,36.0,20.2,22.25,21.77,36.0,36.0,20.36,0.003456,0.00483,0.0,0.0,0.0,0.0,0.0,0.0,0.0,0.000899,0.002855,0.002841,0.0,0.0,0.000908,0.003227,0.003423,0.0,0.0,0.001137
2020-01-04 14:30:00,19.64,19.64,23.15,20.45,24.02,22.9,22.64,26.26,22.49,19.45,19.64,19.72,25.47,22.66,19.45,19.61,19.68,25.22,22.73,19.44,4.56,452.1,0.165,0.167,0.0,0.0,0.0,0.0,0.0,0.0,0.0,0.273,0.174,0.134,0.0,0.0,0.275,0.188,0.152,0.0,0.0,0.277,36.0,23.0,23.0,210.13,290.84,0.0,0.0,0.0,0.0,0.0,0.0,0.0,59.61,172.37,181.61,0.0,0.0,60.21,192.49,214.91,0.0,0.0,74.59,22.81,22.71,36.0,36.0,36.0,36.0,36.0,36.0,36.0,20.2,22.11,21.62,36.0,36.0,20.2,22.26,21.79,36.0,36.0,20.36,0.00381,0.005235,0.0,0.0,0.0,0.0,0.0,0.0,0.0,0.000903,0.00297,0.003021,0.0,0.0,0.000911,0.003353,0.003619,0.0,0.0,0.001141
2020-01-04 14:45:00,19.63,19.63,23.0,20.36,24.09,22.9,22.63,26.1,22.73,19.45,19.62,19.7,25.31,22.99,19.45,19.59,19.66,25.0,23.06,19.44,4.56,424.0,0.18,0.18,0.0,0.0,0.0,0.0,0.0,0.0,0.0,0.274,0.181,0.142,0.0,0.0,0.276,0.195,0.16,0.0,0.0,0.278,36.0,23.0,23.0,227.05,310.72,0.0,0.0,0.0,0.0,0.0,0.0,0.0,59.86,179.09,192.19,0.0,0.0,60.44,199.88,225.8,0.0,0.0,74.83,22.93,22.82,36.0,36.0,36.0,36.0,36.0,36.0,36.0,20.2,22.13,21.64,36.0,36.0,20.2,22.28,21.82,36.0,36.0,20.36,0.004157,0.005641,0.0,0.0,0.0,0.0,0.0,0.0,0.0,0.000906,0.003089,0.003202,0.0,0.0,0.000915,0.003486,0.00381,0.0,0.0,0.001144
2020-01-04 15:00:00,19.54,19.56,22.78,20.32,23.94,22.77,22.44,26.09,22.76,19.45,19.6,19.67,25.24,23.26,19.44,19.57,19.64,24.91,23.32,19.44,4.45,395.9,0.186,0.187,0.0,0.0,0.0,0.0,0.0,0.0,0.0,0.275,0.189,0.151,0.0,0.0,0.277,0.204,0.169,0.0,0.0,0.279,36.0,23.0,23.0,234.69,322.24,0.0,0.0,0.0,0.0,0.0,0.0,0.0,60.13,186.6,203.89,0.0,0.0,60.7,208.13,237.49,0.0,0.0,75.1,22.95,22.85,36.0,36.0,36.0,36.0,36.0,36.0,36.0,20.2,22.15,21.67,36.0,36.0,20.2,22.31,21.85,36.0,36.0,20.36,0.004303,0.005863,0.0,0.0,0.0,0.0,0.0,0.0,0.0,0.000911,0.003223,0.003404,0.0,0.0,0.000919,0.003636,0.004015,0.0,0.0,0.001149
2020-01-04 15:15:00,19.54,19.54,22.56,20.14,23.92,22.66,22.33,25.87,22.65,19.45,19.59,19.65,25.0,23.47,19.44,19.56,19.62,24.61,23.51,19.44,4.34,367.9,0.23,0.222,0.0,0.0,0.0,0.0,0.0,0.0,0.0,0.276,0.201,0.164,0.0,0.0,0.278,0.216,0.182,0.0,0.0,0.28,36.0,23.0,23.0,284.11,376.89,0.0,0.0,0.0,0.0,0.0,0.0,0.0,60.36,198.04,220.48,0.0,0.0,60.93,220.27,254.43,0.0,0.0,75.33,23.19,23.01,36.0,36.0,36.0,36.0,36.0,36.0,36.0,20.2,22.18,21.71,36.0,36.0,20.2,22.35,21.89,36.0,36.0,20.36,0.005306,0.006944,0.0,0.0,0.0,0.0,0.0,0.0,0.0,0.000914,0.003429,0.003691,0.0,0.0,0.000922,0.00386,0.004315,0.0,0.0,0.001152
2020-01-04 15:30:00,19.45,19.47,22.14,19.94,23.8,22.49,22.13,25.59,22.35,19.44,19.56,19.62,24.7,23.54,19.44,19.53,19.59,24.26,23.54,19.44,4.23,277.2,0.231,0.228,0.0,0.0,0.0,0.0,0.0,0.0,0.0,0.277,0.206,0.174,0.0,0.0,0.279,0.22,0.191,0.0,0.0,0.281,36.0,23.0,23.0,287.45,387.59,0.0,0.0,0.0,0.0,0.0,0.0,0.0,60.55,201.92,233.62,0.0,0.0,61.11,224.35,267.5,0.0,0.0,75.51,23.11,22.99,36.0,36.0,36.0,36.0,36.0,36.0,36.0,20.2,22.2,21.75,36.0,36.0,20.2,22.37,21.93,36.0,36.0,20.36,0.005336,0.007127,0.0,0.0,0.0,0.0,0.0,0.0,0.0,0.000917,0.003501,0.003922,0.0,0.0,0.000925,0.003938,0.004549,0.0,0.0,0.001155
2020-01-04 15:45:00,19.38,19.42,21.62,19.73,23.62,22.28,21.91,25.19,21.99,19.44,19.52,19.59,24.35,23.43,19.44,19.49,19.55,23.87,23.38,19.44,4.12,186.6,0.277,0.265,0.0,0.031,0.0,0.0,0.0,0.0,0.0,0.278,0.221,0.189,0.0,0.0,0.28,0.236,0.207,0.0,0.0,0.281,36.0,23.0,23.0,337.09,442.59,0.0,57.95,0.0,0.0,0.0,0.0,0.0,60.79,216.1,253.36,0.0,0.0,61.33,239.65,288.27,0.0,0.0,75.75,23.4,23.21,36.0,21.01,36.0,36.0,36.0,36.0,36.0,20.2,22.24,21.8,36.0,36.0,20.2,22.41,21.98,36.0,36.0,20.36,0.0064,0.008276,0.0,0.000925,0.0,0.0,0.0,0.0,0.0,0.000921,0.003757,0.004269,0.0,0.0,0.000929,0.004219,0.004921,0.0,0.0,0.001159
2020-01-04 16:00:00,19.32,19.36,21.29,19.63,23.4,22.02,21.64,24.75,21.66,19.44,19.49,19.56,23.92,23.15,19.44,19.46,19.52,23.43,23.04,19.43,3.91,96.0,0.31,0.292,0.0,0.134,0.0,0.0,0.0,0.0,0.0,0.279,0.238,0.205,0.0,0.0,0.281,0.254,0.223,0.0,0.0,0.282,36.0,23.0,23.0,372.3,483.09,0.0,239.26,0.0,0.0,0.0,0.0,0.0,61.01,232.13,273.67,0.0,0.0,61.55,256.77,309.26,0.0,0.0,75.97,23.57,23.34,36.0,21.81,36.0,36.0,36.0,36.0,36.0,20.2,22.29,21.86,36.0,36.0,20.2,22.47,22.05,36.0,36.0,20.36,0.007165,0.009131,0.0,0.004034,0.0,0.0,0.0,0.0,0.0,0.000924,0.004052,0.00463,0.0,0.0,0.000932,0.00454,0.005302,0.0,0.0,0.001162
2020-01-04 16:15:00,19.31,19.36,21.06,19.54,23.14,21.7,21.33,24.37,21.32,19.44,19.45,19.52,23.5,22.63,19.43,19.42,19.48,22.96,22.42,19.43,3.7,5.4,0.342,0.318,0.0,0.187,0.0,0.0,0.0,0.0,0.0,0.28,0.256,0.222,0.0,0.0,0.282,0.272,0.239,0.0,0.0,0.283,36.0,23.0,23.0,404.56,519.53,0.0,323.32,0.0,0.0,0.0,0.0,0.0,61.21,248.27,294.85,0.0,0.0,61.75,273.24,330.3,0.0,0.0,76.17,23.77,23.5,36.0,22.18,36.0,36.0,36.0,36.0,36.0,20.2,22.36,21.93,36.0,36.0,20.2,22.54,22.11,36.0,36.0,20.36,0.007916,0.009945,0.0,0.005596,0.0,0.0,0.0,0.0,0.0,0.000927,0.004355,0.005012,0.0,0.0,0.000935,0.004857,0.00569,0.0,0.0,0.001165
2020-01-04 16:30:00,19.27,19.32,20.82,19.49,22.95,21.43,21.05,23.99,21.03,19.44,19.42,19.49,23.08,22.23,19.43,19.4,19.46,22.51,21.93,19.43,3.49,0.0,0.344,0.322,0.0,0.228,0.0,0.0,0.0,0.0,0.0,0.281,0.276,0.242,0.0,0.0,0.283,0.292,0.259,0.0,0.0,0.284,36.0,23.0,23.0,405.97,526.12,0.0,386.73,0.0,0.0,0.0,0.0,0.0,61.44,265.99,319.46,0.0,0.0,61.97,291.39,354.82,0.0,0.0,76.39,23.77,23.52,36.0,22.46,36.0,36.0,36.0,36.0,36.0,20.2,22.45,22.01,36.0,36.0,20.2,22.63,22.2,36.0,36.0,20.36,0.007941,0.010087,0.0,0.006834,0.0,0.0,0.0,0.0,0.0,0.000931,0.004695,0.005463,0.0,0.0,0.000938,0.005214,0.00615,0.0,0.0,0.001169
2020-01-04 16:45:00,19.25,19.3,20.6,19.42,22.76,21.16,20.78,23.66,20.78,19.43,19.41,19.48,22.71,21.88,19.43,19.39,19.45,22.13,21.53,19.43,3.28,0.0,0.366,0.34,0.0,0.257,0.0,0.0,0.0,0.0,0.0,0.282,0.288,0.255,0.0,0.0,0.284,0.302,0.27,0.0,0.0,0.285,36.0,23.0,23.0,426.36,549.63,0.0,430.32,0.0,0.0,0.0,0.0,0.0,61.65,276.03,334.71,0.0,0.0,62.18,299.83,367.8,0.0,0.0,76.61,23.93,23.65,36.0,22.65,36.0,36.0,36.0,36.0,36.0,20.2,22.53,22.1,36.0,36.0,20.2,22.71,22.28,36.0,36.0,20.36,0.008451,0.010645,0.0,0.007711,0.0,0.0,0.0,0.0,0.0,0.000934,0.004902,0.005759,0.0,0.0,0.000941,0.005399,0.006414,0.0,0.0,0.001172
2020-01-04 17:00:00,19.24,19.3,20.4,19.37,22.59,20.91,20.52,23.36,20.55,19.43,19.41,19.47,22.37,21.57,19.43,19.39,19.46,21.79,21.18,19.43,3.19,0.0,0.374,0.348,0.0,0.29,0.0,0.0,0.0,0.0,0.0,0.283,0.293,0.261,0.0,0.0,0.285,0.304,0.273,0.0,0.0,0.285,36.0,23.0,23.0,433.64,559.86,0.0,477.42,0.0,0.0,0.0,0.0,0.0,61.85,279.58,340.98,0.0,0.0,62.37,300.36,369.89,0.0,0.0,76.81,23.99,23.71,36.0,22.86,36.0,36.0,36.0,36.0,36.0,20.21,22.6,22.16,36.0,36.0,20.2,22.77,22.34,36.0,36.0,20.37,0.008641,0.010896,0.0,0.008695,0.0,0.0,0.0,0.0,0.0,0.000937,0.00499,0.005896,0.0,0.0,0.000945,0.005433,0.006479,0.0,0.0,0.001175
2020-01-04 17:15:00,19.23,19.28,20.21,19.32,22.41,20.67,20.28,23.08,20.34,19.43,19.4,19.47,22.05,21.3,19.43,19.39,19.46,21.47,20.87,19.43,3.1,0.0,0.379,0.352,0.0,0.315,0.0,0.0,0.0,0.0,0.0,0.284,0.295,0.264,0.0,0.0,0.286,0.304,0.272,0.0,0.0,0.286,36.0,23.0,23.0,437.75,564.24,0.0,512.12,0.0,0.0,0.0,0.0,0.0,62.05,280.69,342.68,0.0,0.0,62.56,299.07,367.56,0.0,0.0,77.0,24.04,23.74,36.0,23.02,36.0,36.0,36.0,36.0,36.0,20.21,22.64,22.21,36.0,36.0,20.2,22.81,22.38,36.0,36.0,20.37,0.008757,0.011012,0.0,0.009436,0.0,0.0,0.0,0.0,0.0,0.00094,0.005027,0.005947,0.0,0.0,0.000947,0.005423,0.006454,0.0,0.0,0.001178
2020-01-04 17:30:00,19.21,19.28,20.03,19.28,22.25,20.44,20.05,22.82,20.14,19.43,19.39,19.46,21.76,21.05,19.42,19.38,19.44,21.18,20.6,19.42,3.02,0.0,0.386,0.359,0.0,0.339,0.0,0.0,0.0,0.0,0.0,0.285,0.298,0.266,0.0,0.0,0.287,0.305,0.272,0.0,0.0,0.287,36.0,23.0,23.0,443.75,572.19,0.0,545.29,0.0,0.0,0.0,0.0,0.0,62.24,283.02,345.11,0.0,0.0,62.75,299.92,367.82,0.0,0.0,77.18,24.1,23.8,36.0,23.17,36.0,36.0,36.0,36.0,36.0,20.21,22.68,22.25,36.0,36.0,20.2,22.83,22.4,36.0,36.0,20.37,0.00892,0.011218,0.0,0.010164,0.0,0.0,0.0,0.0,0.0,0.000943,0.005082,0.006004,0.0,0.0,0.00095,0.005448,0.006469,0.0,0.0,0.001181
2020-01-04 17:45:00,19.21,19.27,19.85,19.23,22.1,20.22,19.83,22.57,19.95,19.43,19.38,19.45,21.48,20.81,19.42,19.36,19.43,20.91,20.35,19.42,2.93,0.0,0.395,0.362,0.0,0.362,0.0,0.0,0.0,0.0,0.0,0.286,0.306,0.27,0.0,0.0,0.288,0.312,0.278,0.0,0.0,0.288,36.0,23.0,23.0,450.96,575.59,0.0,575.97,0.0,0.0,0.0,0.0,0.0,62.42,288.92,349.28,0.0,0.0,62.93,306.51,374.38,0.0,0.0,77.36,24.17,23.83,36.0,23.3,36.0,36.0,36.0,36.0,36.0,20.21,22.72,22.28,36.0,36.0,20.2,22.86,22.42,36.0,36.0,20.37,0.009121,0.011314,0.0,0.010853,0.0,0.0,0.0,0.0,0.0,0.000945,0.005203,0.006091,0.0,0.0,0.000953,0.005581,0.006597,0.0,0.0,0.001184
2020-01-04 18:00:00,19.18,19.25,19.8,19.23,22.0,20.11,19.71,22.32,19.76,19.43,19.38,19.44,21.19,20.58,19.42,19.36,19.43,20.65,20.1,19.42,2.82,0.0,0.395,0.366,0.074,0.383,0.0,0.0,0.084,0.0,0.027,0.286,0.31,0.275,0.0,0.0,0.288,0.318,0.284,0.0,0.0,0.288,36.0,23.0,23.0,444.7,573.88,88.12,594.81,0.0,0.0,122.54,0.0,35.81,62.59,292.21,354.45,0.0,0.0,63.1,311.18,382.14,0.0,0.0,77.53,24.35,24.0,23.22,23.61,36.0,36.0,20.21,36.0,21.08,20.21,22.75,22.31,36.0,36.0,20.2,22.9,22.46,36.0,36.0,20.37,0.00913,0.011442,0.001649,0.011484,0.0,0.0,0.001857,0.0,0.000574,0.000948,0.005277,0.006195,0.0,0.0,0.000956,0.005681,0.00675,0.0,0.0,0.001187
2020-01-04 18:15:00,19.21,19.27,19.75,19.21,21.82,19.82,19.53,22.13,19.67,19.42,19.38,19.44,21.02,20.4,19.42,19.36,19.42,20.47,19.9,19.42,2.71,0.0,0.408,0.376,0.1,0.384,0.0,0.0,0.147,0.0,0.119,0.287,0.311,0.278,0.0,0.0,0.289,0.32,0.287,0.0,0.0,0.289,36.0,23.0,23.0,461.67,592.44,120.22,601.45,0.0,0.0,211.22,0.0,153.72,62.78,292.77,357.49,0.0,0.0,63.29,312.38,385.91,0.0,0.0,77.72,24.29,23.94,23.2,23.52,36.0,36.0,20.48,36.0,21.18,20.21,22.78,22.34,36.0,36.0,20.2,22.93,22.49,36.0,36.0,20.37,0.00943,0.011753,0.002247,0.011529,0.0,0.0,0.003256,0.0,0.002481,0.000951,0.005297,0.00626,0.0,0.0,0.000959,0.005716,0.006832,0.0,0.0,0.00119
2020-01-04 18:30:00,19.17,19.24,19.66,19.22,21.71,19.66,19.5,21.89,19.6,19.42,19.37,19.43,20.77,20.18,19.42,19.35,19.42,20.24,19.7,19.42,2.6,0.0,0.395,0.366,0.123,0.393,0.0,0.091,0.234,0.0,0.166,0.288,0.312,0.28,0.0,0.0,0.29,0.32,0.288,0.0,0.048,0.289,36.0,23.0,23.0,443.68,573.72,146.43,603.19,0.0,102.67,327.63,0.0,212.77,62.9,293.23,359.62,0.0,0.0,63.42,312.33,386.46,0.0,66.08,77.84,24.38,24.03,23.24,23.76,36.0,19.87,20.9,36.0,21.35,20.21,22.8,22.36,36.0,36.0,20.2,22.94,22.51,36.0,21.21,20.37,0.009131,0.011463,0.002746,0.01179,0.0,0.001523,0.005192,0.0,0.003475,0.000953,0.005313,0.006308,0.0,0.0,0.000961,0.005723,0.006853,0.0,0.001069,0.001191
2020-01-04 18:45:00,19.19,19.25,19.64,19.18,21.56,19.53,19.43,21.7,19.57,19.42,19.36,19.43,20.56,19.99,19.42,19.35,19.41,20.13,19.6,19.42,2.49,0.0,0.414,0.382,0.168,0.391,0.0,0.17,0.25,0.0,0.201,0.289,0.315,0.283,0.0,0.0,0.291,0.323,0.291,0.0,0.151,0.29,36.0,23.0,23.0,459.35,592.7,197.59,598.98,0.0,187.84,341.39,0.0,253.53,63.08,296.01,363.71,0.0,0.0,63.59,314.27,388.93,0.0,207.44,78.02,24.52,24.14,23.45,23.79,36.0,20.28,21.25,36.0,21.54,20.21,22.82,22.38,36.0,36.0,20.21,22.96,22.53,36.0,21.38,20.37,0.009572,0.01196,0.003766,0.01174,0.0,0.002858,0.005536,0.0,0.004194,0.000956,0.005371,0.00639,0.0,0.0,0.000963,0.005766,0.006906,0.0,0.003394,0.001194
2020-01-04 19:00:00,19.17,19.23,19.55,19.21,21.44,19.45,19.44,21.48,19.55,19.42,19.35,19.42,20.38,19.81,19.42,19.34,19.4,19.95,19.56,19.42,2.4,0.0,0.406,0.377,0.182,0.408,0.0,0.233,0.284,0.0,0.214,0.289,0.319,0.286,0.0,0.003,0.291,0.326,0.293,0.0,0.201,0.291,36.0,23.0,23.0,451.79,585.56,214.53,617.05,0.0,249.15,380.31,0.0,267.06,63.21,298.63,367.1,0.0,3.98,63.74,316.59,391.86,0.0,271.18,78.16,24.48,24.12,23.4,23.94,36.0,20.75,21.56,36.0,21.68,20.21,22.84,22.4,36.0,21.09,20.21,22.98,22.54,36.0,21.61,20.37,0.009379,0.011788,0.004072,0.012242,0.0,0.003909,0.0063,0.0,0.004462,0.000958,0.005427,0.00646,0.0,6.4e-05,0.000965,0.005817,0.006967,0.0,0.004509,0.001196
2020-01-04 19:15:00,19.17,19.23,19.54,19.17,21.31,19.39,19.39,21.27,19.53,19.42,19.34,19.41,20.22,19.68,19.42,19.33,19.39,19.85,19.54,19.42,2.32,0.0,0.415,0.385,0.224,0.397,0.0,0.274,0.28,0.0,0.225,0.29,0.324,0.292,0.0,0.095,0.292,0.331,0.299,0.023,0.221,0.291,36.0,23.0,23.0,458.73,595.52,260.77,601.47,0.0,284.96,369.53,0.0,278.57,63.34,302.97,373.21,0.0,124.88,63.87,321.13,398.38,23.41,293.95,78.29,24.55,24.19,23.58,23.91,36.0,21.2,21.77,36.0,21.79,20.21,22.86,22.43,36.0,21.14,20.21,23.0,22.57,21.61,21.8,20.37,0.009585,0.012058,0.005024,0.011902,0.0,0.004606,0.006211,0.0,0.004691,0.00096,0.005516,0.006579,0.0,0.002011,0.000967,0.005911,0.007096,0.000389,0.004954,0.001198
2020-01-04 19:30:00,19.16,19.22,19.46,19.2,21.21,19.36,19.39,21.06,19.51,19.42,19.34,19.4,20.07,19.61,19.41,19.32,19.39,19.73,19.53,19.42,2.23,0.0,0.413,0.383,0.232,0.415,0.0,0.304,0.303,0.0,0.235,0.29,0.328,0.296,0.0,0.161,0.292,0.335,0.303,0.077,0.228,0.292,36.0,23.0,23.0,456.42,592.05,271.33,621.24,0.0,307.42,394.4,0.0,289.09,63.47,306.37,378.34,0.0,210.28,64.0,324.65,403.87,78.75,301.02,78.41,24.55,24.18,23.5,24.07,36.0,21.59,21.96,36.0,21.88,20.21,22.89,22.46,36.0,21.34,20.21,23.03,22.59,21.59,21.94,20.37,0.009537,0.011983,0.005191,0.012457,0.0,0.005103,0.006719,0.0,0.004898,0.000962,0.005589,0.006683,0.0,0.00343,0.000969,0.005988,0.007208,0.001308,0.005121,0.0012
2020-01-04 19:45:00,19.16,19.22,19.47,19.16,21.11,19.33,19.37,20.9,19.49,19.42,19.33,19.39,19.93,19.57,19.41,19.32,19.38,19.68,19.51,19.42,2.14,0.0,0.418,0.39,0.272,0.402,0.0,0.32,0.304,0.0,0.245,0.291,0.332,0.3,0.0,0.197,0.293,0.338,0.307,0.135,0.236,0.292,36.0,23.0,23.0,461.03,601.01,311.25,605.01,0.0,317.39,391.89,0.0,299.97,63.58,308.99,382.4,0.0,253.56,64.12,327.17,407.93,136.77,309.33,78.53,24.59,24.23,23.78,24.0,36.0,21.9,22.1,36.0,21.96,20.21,22.91,22.48,36.0,21.54,20.21,23.05,22.62,21.72,22.03,20.37,0.009665,0.012216,0.006092,0.012064,0.0,0.005384,0.006744,0.0,0.00511,0.000963,0.005648,0.006768,0.0,0.004195,0.000971,0.006046,0.007294,0.002291,0.005299,0.001202
2020-01-04 20:00:00,19.16,19.21,19.41,19.19,21.0,19.31,19.39,20.75,19.49,19.42,19.34,19.4,19.83,19.56,19.41,19.33,19.39,19.65,19.51,19.41,2.05,0.0,0.419,0.389,0.265,0.422,0.0,0.336,0.313,0.0,0.255,0.292,0.335,0.303,0.033,0.215,0.294,0.341,0.31,0.161,0.246,0.292,36.0,23.0,23.0,461.54,599.49,305.41,627.42,0.0,326.97,399.98,0.0,310.85,63.69,311.37,386.02,32.08,273.31,64.24,329.3,411.2,161.62,320.56,78.64,24.6,24.23,23.7,24.15,36.0,22.15,22.22,36.0,22.02,20.21,22.94,22.51,21.54,21.71,20.21,23.08,22.65,21.86,22.12,20.37,0.009683,0.012181,0.005942,0.012666,0.0,0.005648,0.006943,0.0,0.005321,0.000965,0.005702,0.006844,0.000531,0.004575,0.000973,0.006096,0.007366,0.002735,0.005523,0.001204
2020-01-04 20:15:00,19.16,19.22,19.43,19.16,20.9,19.3,19.4,20.61,19.49,19.42,19.34,19.41,19.75,19.56,19.41,19.33,19.39,19.64,19.5,19.41,1.95,0.0,0.421,0.394,0.293,0.404,0.0,0.344,0.304,0.0,0.255,0.292,0.331,0.3,0.087,0.218,0.294,0.337,0.306,0.177,0.247,0.293,36.0,23.0,23.0,463.49,604.74,332.63,605.32,0.0,329.97,386.59,0.0,310.48,63.79,307.9,381.32,84.61,274.47,64.35,325.01,405.38,175.67,320.49,78.75,24.62,24.26,23.9,24.06,36.0,22.35,22.28,36.0,22.07,20.21,22.94,22.52,21.57,21.82,20.21,23.08,22.65,21.98,22.17,20.37,0.009742,0.012324,0.006577,0.012126,0.0,0.005782,0.006743,0.0,0.005332,0.000967,0.005642,0.006766,0.001403,0.004629,0.000975,0.00602,0.007266,0.002998,0.005543,0.001206
2020-01-04 20:30:00,19.15,19.21,19.38,19.19,20.8,19.31,19.42,20.47,19.49,19.41,19.34,19.41,19.7,19.55,19.41,19.33,19.4,19.63,19.5,19.41,1.85,0.0,0.42,0.39,0.285,0.419,0.0,0.348,0.298,0.0,0.256,0.292,0.329,0.297,0.124,0.221,0.295,0.334,0.303,0.182,0.249,0.293,36.0,23.0,23.0,461.79,600.25,325.39,621.8,0.0,330.41,378.21,0.0,310.74,63.88,305.68,378.02,119.89,276.96,64.45,322.46,401.46,179.17,322.0,78.84,24.61,24.24,23.83,24.18,36.0,22.5,22.32,36.0,22.1,20.21,22.94,22.52,21.67,21.89,20.21,23.08,22.65,22.06,22.2,20.38,0.009702,0.012215,0.006397,0.012581,0.0,0.005855,0.006614,0.0,0.005348,0.000968,0.005601,0.006708,0.002001,0.004695,0.000976,0.005971,0.007195,0.003075,0.005584,0.001207
2020-01-04 20:45:00,19.16,19.22,19.4,19.17,20.69,19.32,19.42,20.33,19.48,19.41,19.34,19.41,19.68,19.54,19.41,19.33,19.4,19.61,19.5,19.41,1.76,0.0,0.424,0.396,0.309,0.404,0.0,0.345,0.292,0.0,0.257,0.293,0.328,0.296,0.148,0.225,0.295,0.333,0.302,0.187,0.25,0.294,36.0,23.0,23.0,465.22,606.59,347.48,603.35,0.0,324.96,370.1,0.0,311.37,63.97,304.97,376.74,141.99,280.65,64.55,321.75,400.05,184.22,323.16,78.94,24.65,24.28,23.99,24.1,36.0,22.6,22.33,36.0,22.12,20.21,22.94,22.52,21.77,21.94,20.21,23.08,22.65,22.12,22.23,20.38,0.009802,0.012387,0.006924,0.012134,0.0,0.005802,0.006479,0.0,0.005366,0.000969,0.005587,0.006684,0.002388,0.004775,0.000978,0.005956,0.007167,0.003175,0.005613,0.001209
2020-01-04 21:00:00,19.14,19.2,19.35,19.18,20.6,19.32,19.41,20.19,19.46,19.41,19.33,19.39,19.64,19.51,19.41,19.32,19.38,19.58,19.47,19.41,1.66,0.0,0.421,0.392,0.301,0.417,0.0,0.34,0.29,0.0,0.258,0.293,0.328,0.296,0.162,0.229,0.295,0.333,0.301,0.193,0.252,0.294,36.0,23.0,23.0,462.22,601.22,340.1,616.55,0.0,318.5,367.07,0.0,312.65,64.05,304.74,376.26,154.11,285.42,64.64,321.55,399.57,189.41,324.89,79.02,24.63,24.26,23.93,24.2,36.0,22.66,22.34,36.0,22.13,20.21,22.94,22.51,21.87,21.98,20.21,23.07,22.64,22.16,22.24,20.38,0.009723,0.012252,0.006739,0.012502,0.0,0.005713,0.006429,0.0,0.005393,0.000971,0.005582,0.006674,0.002608,0.004869,0.000979,0.00595,0.007156,0.003274,0.00565,0.00121
2020-01-04 21:15:00,19.14,19.2,19.36,19.15,20.49,19.31,19.39,20.06,19.44,19.41,19.31,19.38,19.6,19.48,19.41,19.3,19.37,19.54,19.44,19.41,1.57,0.0,0.431,0.402,0.326,0.409,0.0,0.34,0.296,0.0,0.271,0.294,0.336,0.304,0.18,0.245,0.296,0.342,0.31,0.21,0.267,0.294,36.0,23.0,23.0,470.75,613.43,363.23,606.25,0.0,317.43,374.14,0.0,327.06,64.12,312.27,386.69,170.56,304.11,64.73,329.75,410.94,205.36,343.52,79.11,24.7,24.33,24.1,24.17,36.0,22.71,22.36,36.0,22.16,20.22,22.95,22.53,21.95,22.03,20.21,23.09,22.66,22.22,22.28,20.38,0.009963,0.012574,0.0073,0.012259,0.0,0.005714,0.006563,0.0,0.005655,0.000972,0.005727,0.006866,0.002905,0.005209,0.000981,0.00611,0.007368,0.003565,0.005991,0.001211
2020-01-04 21:30:00,19.13,19.18,19.32,19.17,20.4,19.3,19.38,19.92,19.42,19.41,19.31,19.37,19.57,19.46,19.41,19.29,19.36,19.52,19.42,19.41,1.47,0.0,0.428,0.4,0.322,0.423,0.0,0.345,0.304,0.0,0.282,0.294,0.343,0.311,0.198,0.259,0.296,0.349,0.317,0.228,0.281,0.295,36.0,23.0,23.0,468.19,611.39,360.01,622.48,0.0,320.73,383.68,0.0,339.55,64.19,317.81,394.8,185.9,320.08,64.81,335.63,419.57,220.87,359.61,79.19,24.68,24.32,24.06,24.26,36.0,22.76,22.4,36.0,22.21,20.22,22.98,22.55,22.05,22.1,20.21,23.12,22.69,22.3,22.34,20.38,0.009892,0.01252,0.007215,0.012682,0.0,0.005795,0.006748,0.0,0.00589,0.000973,0.00584,0.007024,0.003187,0.005508,0.000982,0.006233,0.007539,0.003856,0.006297,0.001213
2020-01-04 21:45:00,19.13,19.18,19.32,19.14,20.3,19.29,19.37,19.81,19.41,19.41,19.3,19.36,19.54,19.44,19.41,19.29,19.35,19.5,19.41,19.41,1.38,0.0,0.437,0.408,0.341,0.416,0.0,0.349,0.31,0.04,0.29,0.294,0.347,0.316,0.215,0.27,0.297,0.353,0.321,0.241,0.289,0.295,36.0,23.0,23.0,475.89,620.07,377.57,614.72,0.0,323.38,390.06,40.55,348.33,64.26,320.83,399.54,200.71,331.98,64.89,338.47,424.11,232.39,368.94,79.26,24.74,24.37,24.2,24.22,36.0,22.81,22.44,20.95,22.25,20.22,23.01,22.58,22.14,22.16,20.21,23.14,22.71,22.38,22.39,20.38,0.010109,0.012751,0.007652,0.012482,0.0,0.005864,0.00688,0.000645,0.006062,0.000974,0.005908,0.007123,0.003464,0.00574,0.000983,0.006299,0.007636,0.004081,0.006487,0.001214
2020-01-04 22:00:00,19.12,19.18,19.29,19.16,20.21,19.3,19.37,19.72,19.41,19.41,19.3,19.36,19.53,19.44,19.41,19.29,19.35,19.5,19.41,19.41,1.28,0.0,0.436,0.408,0.34,0.43,0.0,0.353,0.314,0.097,0.296,0.294,0.35,0.319,0.228,0.278,0.297,0.355,0.324,0.25,0.295,0.295,36.0,23.0,23.0,474.67,620.86,375.97,630.31,0.0,325.86,393.34,96.45,354.38,64.32,322.86,402.71,211.42,340.25,64.96,340.26,426.94,239.54,374.56,79.33,24.73,24.37,24.18,24.31,36.0,22.85,22.47,21.06,22.3,20.22,23.03,22.6,22.23,22.22,20.21,23.17,22.74,22.45,22.44,20.38,0.010076,0.012773,0.00761,0.012894,0.0,0.00593,0.006956,0.001544,0.006186,0.000975,0.005956,0.007192,0.003672,0.005908,0.000984,0.006344,0.007701,0.004229,0.006609,0.001215
2020-01-04 22:15:00,19.12,19.17,19.3,19.14,20.15,19.3,19.38,19.67,19.41,19.41,19.3,19.36,19.52,19.44,19.4,19.29,19.35,19.49,19.41,19.41,1.18,0.0,0.442,0.412,0.353,0.422,0.0,0.352,0.313,0.139,0.296,0.295,0.349,0.318,0.235,0.28,0.297,0.354,0.323,0.252,0.294,0.295,36.0,23.0,23.0,479.54,625.55,388.06,621.76,0.0,324.43,391.58,137.09,353.78,64.38,321.88,401.44,217.51,341.39,65.03,338.93,425.15,241.4,372.9,79.4,24.77,24.4,24.28,24.26,36.0,22.89,22.5,21.24,22.32,20.22,23.05,22.62,22.3,22.26,20.21,23.18,22.75,22.5,22.47,20.38,0.010217,0.012901,0.007918,0.012673,0.0,0.005919,0.006937,0.002221,0.006188,0.000976,0.005945,0.007178,0.003797,0.005946,0.000985,0.006326,0.007677,0.004277,0.006594,0.001216
2020-01-04 22:30:00,19.11,19.17,19.27,19.14,20.09,19.3,19.37,19.63,19.4,19.41,19.3,19.36,19.5,19.43,19.4,19.29,19.35,19.48,19.4,19.41,1.08,0.0,0.441,0.413,0.351,0.432,0.0,0.351,0.312,0.166,0.297,0.295,0.349,0.319,0.242,0.282,0.298,0.354,0.323,0.256,0.295,0.296,36.0,23.0,23.0,478.53,626.01,386.39,632.92,0.0,322.84,390.06,161.91,354.42,64.43,322.02,401.5,222.39,343.78,65.1,338.98,425.04,244.08,373.42,79.47,24.77,24.41,24.26,24.33,36.0,22.91,22.51,21.42,22.34,20.22,23.06,22.63,22.35,22.29,20.21,23.19,22.76,22.54,22.49,20.38,0.010191,0.012917,0.007877,0.012973,0.0,0.005901,0.006918,0.002657,0.006208,0.000977,0.005952,0.007184,0.003898,0.006001,0.000986,0.006331,0.00768,0.004337,0.006612,0.001217
2020-01-04 22:45:00,19.11,19.16,19.27,19.13,20.05,19.3,19.37,19.6,19.39,19.41,19.29,19.36,19.49,19.42,19.4,19.28,19.35,19.47,19.4,19.41,0.98,0.0,0.447,0.417,0.364,0.428,0.0,0.351,0.313,0.185,0.3,0.295,0.351,0.32,0.248,0.286,0.298,0.356,0.325,0.261,0.298,0.296,36.0,23.0,23.0,483.17,631.06,397.01,628.0,0.0,322.28,390.76,178.48,357.04,64.48,323.25,403.06,227.66,347.89,65.16,340.3,426.68,248.19,376.73,79.53,24.81,24.44,24.35,24.31,36.0,22.93,22.52,21.58,22.36,20.22,23.07,22.64,22.4,22.32,20.21,23.2,22.77,22.57,22.51,20.38,0.010326,0.013055,0.008153,0.012847,0.0,0.005899,0.006936,0.002962,0.006261,0.000977,0.005979,0.007217,0.004005,0.006085,0.000987,0.00636,0.007715,0.004421,0.006679,0.001218
2020-01-04 23:00:00,19.1,19.16,19.26,19.13,20.01,19.29,19.37,19.58,19.39,19.41,19.29,19.35,19.48,19.41,19.4,19.28,19.35,19.46,19.39,19.41,0.89,0.0,0.446,0.418,0.363,0.436,0.0,0.352,0.315,0.198,0.303,0.295,0.353,0.322,0.255,0.291,0.298,0.358,0.327,0.267,0.302,0.296,36.0,23.0,23.0,482.54,631.46,396.19,636.59,0.0,322.79,392.75,189.17,360.68,64.53,324.79,405.16,233.39,352.68,65.23,341.92,428.89,253.31,381.14,79.59,24.8,24.44,24.35,24.36,36.0,22.95,22.54,21.72,22.37,20.22,23.08,22.65,22.44,22.35,20.21,23.21,22.78,22.61,22.53,20.38,0.010311,0.01307,0.008134,0.01308,0.0,0.005916,0.006979,0.003169,0.006333,0.000978,0.006012,0.00726,0.004119,0.00618,0.000988,0.006396,0.007761,0.004524,0.006767,0.001219
2020-01-04 23:15:00,19.1,19.16,19.26,19.12,19.97,19.29,19.37,19.57,19.39,19.41,19.29,19.35,19.47,19.41,19.4,19.28,19.34,19.45,19.39,19.41,0.8,0.0,0.45,0.421,0.372,0.433,0.0,0.353,0.316,0.208,0.305,0.296,0.354,0.323,0.261,0.293,0.298,0.359,0.327,0.271,0.304,0.296,36.0,23.0,23.0,485.95,635.23,403.75,632.64,0.0,323.17,394.1,197.03,362.58,64.58,325.35,406.04,237.63,355.24,65.28,342.42,429.7,256.82,383.4,79.65,24.83,24.46,24.4,24.34,36.0,22.96,22.55,21.83,22.39,20.22,23.09,22.66,22.48,22.37,20.21,23.22,22.79,22.64,22.54,20.38,0.01041,0.013173,0.008328,0.012983,0.0,0.00593,0.007009,0.003327,0.006373,0.000979,0.006027,0.007281,0.004206,0.006236,0.000989,0.00641,0.007781,0.004598,0.006816,0.00122
2020-01-04 23:30:00,19.09,19.15,19.24,19.13,19.94,19.29,19.36,19.55,19.38,19.41,19.29,19.35,19.46,19.4,19.4,19.28,19.34,19.44,19.39,19.41,0.7,0.0,0.45,0.422,0.372,0.438,0.013,0.353,0.317,0.217,0.307,0.296,0.355,0.324,0.266,0.296,0.299,0.359,0.328,0.275,0.305,0.297,36.0,23.0,23.0,485.91,636.11,404.61,638.58,2.86,323.18,394.89,203.82,364.16,64.62,325.91,406.86,241.54,357.66,65.34,342.86,430.37,259.36,384.61,79.71,24.83,24.47,24.4,24.38,20.49,22.98,22.56,21.93,22.4,20.22,23.09,22.67,22.52,22.39,20.21,23.23,22.8,22.66,22.56,20.38,0.010411,0.0132,0.008347,0.01315,4.4e-05,0.005936,0.007029,0.003464,0.006407,0.00098,0.006041,0.0073,0.004286,0.006287,0.00099,0.006422,0.007798,0.004653,0.006845,0.001221
2020-01-04 23:45:00,19.09,19.15,19.24,19.12,19.92,19.29,19.36,19.53,19.38,19.41,19.29,19.35,19.45,19.4,19.4,19.28,19.34,19.44,19.38,19.41,0.61,0.0,0.454,0.425,0.38,0.437,0.028,0.354,0.318,0.225,0.309,0.296,0.356,0.325,0.27,0.298,0.299,0.36,0.329,0.278,0.307,0.297,36.0,23.0,23.0,488.96,639.66,411.23,636.49,6.07,323.42,395.61,210.68,366.29,64.67,326.65,407.89,245.12,360.31,65.4,343.54,431.29,261.86,386.3,79.77,24.86,24.49,24.45,24.38,20.47,22.99,22.57,22.01,22.41,20.22,23.1,22.67,22.55,22.41,20.21,23.23,22.8,22.69,22.57,20.38,0.010501,0.013298,0.008519,0.013102,9.3e-05,0.005946,0.007047,0.003601,0.00645,0.00098,0.006058,0.007322,0.004359,0.006341,0.000991,0.006438,0.007818,0.004706,0.006881,0.001222
2020-01-05 00:00:00,19.07,19.13,19.21,19.11,19.89,19.27,19.34,19.5,19.34,19.41,19.26,19.32,19.42,19.36,19.4,19.25,19.31,19.4,19.34,19.41,0.55,0.0,0.455,0.426,0.382,0.441,0.042,0.355,0.319,0.233,0.311,0.296,0.357,0.326,0.275,0.301,0.299,0.361,0.33,0.281,0.309,0.297,36.0,21.0,23.0,489.38,640.92,412.7,641.18,9.08,323.79,396.62,216.61,368.62,64.71,327.53,409.09,248.89,363.11,65.45,344.41,432.45,264.74,388.88,79.82,24.86,24.5,24.45,24.41,20.46,23.0,22.58,22.07,22.42,20.22,23.11,22.68,22.57,22.42,20.21,23.24,22.81,22.71,22.58,20.38,0.010511,0.013331,0.008552,0.01323,0.00014,0.005957,0.00707,0.003721,0.006496,0.000981,0.006077,0.007347,0.004435,0.006398,0.000992,0.006457,0.007843,0.004764,0.006931,0.001223
2020-01-05 00:15:00,19.62,19.7,19.79,19.63,20.08,19.48,19.56,19.71,19.55,19.46,19.49,19.55,19.62,19.57,19.45,19.5,19.56,19.64,19.58,19.48,0.5,0.0,1.0,1.0,1.0,1.0,1.0,1.0,1.0,1.0,1.0,1.0,1.0,1.0,1.0,1.0,1.0,1.0,1.0,1.0,1.0,1.0,34.9,21.0,23.0,777.83,1079.76,751.88,1060.03,179.1,746.16,1021.86,747.8,978.23,197.13,749.13,1030.26,732.63,991.84,197.5,773.88,1069.24,757.74,1029.98,240.81,26.83,26.63,26.86,26.43,21.88,24.26,23.86,23.69,23.68,20.64,24.36,23.95,24.02,23.71,20.63,24.52,24.12,24.18,23.9,20.89,0.023114,0.031288,0.022413,0.030001,0.003296,0.0168,0.022187,0.015987,0.020884,0.00331,0.017031,0.022553,0.016137,0.021246,0.003314,0.017867,0.023767,0.016941,0.022431,0.004117
2020-01-05 00:30:00,20.0,20.09,20.18,20.01,20.38,19.87,19.97,20.13,19.95,19.58,19.91,19.97,20.04,19.99,19.57,19.93,20.0,20.1,20.02,19.63,0.44,0.0,1.0,1.0,1.0,1.0,1.0,1.0,1.0,1.0,1.0,1.0,1.0,1.0,1.0,1.0,1.0,1.0,1.0,1.0,1.0,1.0,35.69,21.0,23.0,819.31,1137.42,793.86,1115.95,188.77,728.94,996.8,715.32,956.55,202.31,731.93,1005.5,707.74,967.39,202.69,754.12,1040.28,729.81,1002.01,245.89,27.14,26.92,27.15,26.72,21.92,25.24,24.87,24.92,24.66,21.0,25.34,24.95,25.13,24.73,20.99,25.52,25.15,25.31,24.93,21.33,0.023114,0.031288,0.022413,0.030001,0.003296,0.0168,0.022187,0.015987,0.020884,0.00331,0.017031,0.022553,0.016137,0.021246,0.003314,0.017867,0.023767,0.016941,0.022431,0.004117
2020-01-05 00:45:00,20.15,20.25,20.33,20.18,20.58,20.23,20.33,20.5,20.29,19.7,20.25,20.32,20.42,20.33,19.69,20.31,20.39,20.49,20.39,19.79,0.38,0.0,1.0,1.0,1.0,1.0,1.0,1.0,1.0,1.0,1.0,1.0,1.0,1.0,1.0,1.0,1.0,1.0,1.0,1.0,1.0,1.0,36.0,21.0,23.0,836.36,1160.4,810.3,1138.21,192.9,709.97,969.73,688.29,932.22,203.74,712.97,978.6,684.87,941.24,204.14,732.97,1009.84,704.5,972.92,246.66,27.34,27.13,27.35,26.92,22.0,25.89,25.54,25.7,25.32,21.28,25.98,25.62,25.85,25.4,21.26,26.19,25.84,26.05,25.62,21.67,0.023114,0.031288,0.022413,0.030001,0.003296,0.0168,0.022187,0.015987,0.020884,0.00331,0.017031,0.022553,0.016137,0.021246,0.003314,0.017867,0.023767,0.016941,0.022431,0.004117
2020-01-05 01:00:00,20.17,20.29,20.37,20.22,20.71,20.48,20.59,20.76,20.55,19.81,20.51,20.58,20.68,20.61,19.81,20.58,20.67,20.77,20.68,19.94,0.31,0.0,1.0,1.0,1.0,1.0,1.0,1.0,1.0,1.0,1.0,1.0,1.0,1.0,1.0,1.0,1.0,1.0,1.0,1.0,1.0,1.0,36.0,21.0,23.0,797.15,1107.94,772.11,1088.68,190.7,680.82,929.41,655.24,894.95,200.86,683.93,938.31,654.05,902.6,201.26,701.82,966.21,671.61,931.28,242.32,27.75,27.53,27.76,27.32,22.16,26.3,25.98,26.19,25.75,21.48,26.39,26.05,26.3,25.84,21.47,26.6,26.27,26.52,26.07,21.92,0.023114,0.031288,0.022413,0.030001,0.003296,0.0168,0.022187,0.015987,0.020884,0.00331,0.017031,0.022553,0.016137,0.021246,0.003314,0.017867,0.023767,0.016941,0.022431,0.004117
2020-01-05 01:15:00,20.22,20.35,20.42,20.26,20.81,20.67,20.8,20.95,20.74,19.91,20.69,20.78,20.87,20.79,19.9,20.78,20.88,20.97,20.88,20.07,0.24,0.0,1.0,1.0,1.0,1.0,1.0,1.0,1.0,1.0,1.0,1.0,1.0,1.0,1.0,1.0,1.0,1.0,1.0,0.97,1.0,1.0,36.0,21.0,23.0,788.8,1095.51,763.15,1077.02,189.5,660.83,901.19,632.67,868.57,198.52,663.84,909.95,633.14,875.29,198.93,680.32,935.51,632.78,901.86,238.81,27.84,27.62,27.85,27.41,22.24,26.59,26.28,26.53,26.05,21.65,26.67,26.35,26.61,26.14,21.64,26.89,26.58,26.78,26.38,22.12,0.023114,0.031288,0.022413,0.030001,0.003296,0.0168,0.022187,0.015987,0.020884,0.00331,0.017031,0.022553,0.016137,0.021246,0.003314,0.017867,0.023767,0.016427,0.022431,0.004117
2020-01-05 01:30:00,20.29,20.4,20.48,20.34,20.9,20.83,20.94,21.08,20.92,20.0,20.85,20.9,21.03,20.99,19.99,20.93,21.0,21.13,21.08,20.18,0.17,0.0,1.0,1.0,1.0,1.0,1.0,1.0,1.0,1.0,1.0,1.0,1.0,1.0,1.0,1.0,1.0,1.0,1.0,0.97,1.0,1.0,36.0,21.0,23.0,780.59,1083.61,754.43,1065.55,188.22,646.22,880.52,616.54,849.12,196.59,649.36,889.42,618.14,855.25,197.0,664.92,913.47,619.45,880.27,235.9,27.92,27.71,27.95,27.5,22.34,26.8,26.51,26.77,26.27,21.79,26.88,26.57,26.84,26.37,21.78,27.1,26.81,26.98,26.61,22.29,0.023114,0.031288,0.022413,0.030001,0.003296,0.0168,0.022187,0.015987,0.020884,0.00331,0.017031,0.022553,0.016137,0.021246,0.003314,0.017867,0.023767,0.016427,0.022431,0.004117
2020-01-05 01:45:00,20.36,20.48,20.56,20.41,20.99,20.98,21.08,21.2,21.06,20.09,20.98,21.04,21.17,21.12,20.08,21.06,21.13,21.24,21.23,20.29,0.1,0.0,1.0,1.0,1.0,1.0,1.0,1.0,1.0,1.0,1.0,1.0,1.0,1.0,1.0,1.0,1.0,1.0,1.0,0.97,1.0,1.0,36.0,21.0,23.0,772.04,1071.55,745.42,1053.42,186.96,634.96,864.94,604.63,833.62,194.93,638.29,874.16,606.74,839.24,195.34,653.28,897.41,608.92,863.05,233.41,28.01,27.81,28.04,27.6,22.43,26.96,26.67,26.95,26.45,21.91,27.03,26.73,27.0,26.55,21.9,27.25,26.97,27.13,26.8,22.44,0.023114,0.031288,0.022413,0.030001,0.003296,0.0168,0.022187,0.015987,0.020884,0.00331,0.017031,0.022553,0.016137,0.021246,0.003314,0.017867,0.023767,0.016427,0.022431,0.004117
2020-01-05 02:00:00,20.43,20.57,20.64,20.49,21.07,21.11,21.21,21.32,21.2,20.17,21.1,21.17,21.3,21.26,20.16,21.19,21.26,21.38,21.36,20.4,0.05,0.0,1.0,1.0,1.0,1.0,1.0,1.0,1.0,1.0,1.0,1.0,1.0,1.0,1.0,1.0,1.0,1.0,1.0,0.97,1.0,1.0,36.0,21.0,23.0,763.34,1058.79,736.1,1041.47,185.71,625.8,852.06,595.2,821.18,193.46,629.34,861.54,597.65,826.48,193.88,644.01,884.26,600.53,849.51,231.22,28.1,27.9,28.14,27.7,22.52,27.09,26.81,27.09,26.59,22.02,27.16,26.86,27.14,26.69,22.01,27.38,27.1,27.25,26.94,22.56,0.023114,0.031288,0.022413,0.030001,0.003296,0.0168,0.022187,0.015987,0.020884,0.00331,0.017031,0.022553,0.016137,0.021246,0.003314,0.017867,0.023767,0.016427,0.022431,0.004117
2020-01-05 02:15:00,20.51,20.65,20.72,20.58,20.89,21.23,21.34,21.42,21.32,20.25,21.22,21.29,21.42,21.02,20.24,21.3,21.38,21.14,21.44,20.49,-0.01,0.0,1.0,1.0,1.0,1.0,0.0,1.0,1.0,1.0,1.0,1.0,1.0,1.0,1.0,0.0,1.0,1.0,1.0,0.0,0.876,1.0,36.0,21.0,23.0,754.55,1045.84,726.69,1029.25,0.0,618.0,841.03,587.31,810.53,192.13,621.71,850.63,589.92,0.0,192.55,636.21,873.01,0.0,748.82,229.25,28.19,28.0,28.24,27.79,36.0,27.2,26.93,27.21,26.71,22.12,27.27,26.98,27.25,36.0,22.1,27.48,27.21,36.0,26.88,22.68,0.023114,0.031288,0.022413,0.030001,0.0,0.0168,0.022187,0.015987,0.020884,0.00331,0.017031,0.022553,0.016137,0.0,0.003314,0.017867,0.023767,0.0,0.019643,0.004117
2020-01-05 02:30:00,20.66,20.79,20.86,20.72,20.96,21.34,21.35,21.41,21.42,20.32,21.32,21.4,21.54,20.64,20.31,21.39,21.49,20.82,21.49,20.58,-0.07,0.0,1.0,1.0,1.0,1.0,0.0,1.0,1.0,1.0,1.0,1.0,1.0,1.0,1.0,0.0,1.0,1.0,1.0,0.0,0.876,1.0,36.0,21.0,23.0,773.31,1068.43,743.07,1050.73,0.0,610.86,831.12,580.76,800.89,190.87,614.8,840.63,582.99,0.0,191.29,629.22,862.78,0.0,750.56,227.39,28.0,27.83,28.07,27.62,36.0,27.3,27.04,27.31,26.83,22.21,27.36,27.08,27.36,36.0,22.19,27.57,27.32,36.0,26.86,22.79,0.023114,0.031288,0.022413,0.030001,0.0,0.0168,0.022187,0.015987,0.020884,0.00331,0.017031,0.022553,0.016137,0.0,0.003314,0.017867,0.023767,0.0,0.019643,0.004117
2020-01-05 02:45:00,20.74,20.89,20.97,20.82,20.97,21.44,21.34,21.5,21.54,20.4,21.39,21.52,21.67,20.16,20.39,21.45,21.6,20.6,21.54,20.67,-0.13,0.0,1.0,1.0,1.0,1.0,0.0,1.0,1.0,1.0,1.0,1.0,1.0,1.0,1.0,0.0,1.0,1.0,1.0,0.0,0.876,1.0,36.0,21.0,23.0,768.55,1060.91,737.72,1043.36,0.0,604.76,824.16,575.22,792.57,189.72,609.05,831.91,576.7,0.0,190.15,623.56,853.92,0.0,749.33,225.71,28.05,27.89,28.13,27.68,36.0,27.39,27.11,27.39,26.92,22.29,27.44,27.18,27.45,36.0,22.28,27.65,27.4,36.0,26.87,22.88,0.023114,0.031288,0.022413,0.030001,0.0,0.0168,0.022187,0.015987,0.020884,0.00331,0.017031,0.022553,0.016137,0.0,0.003314,0.017867,0.023767,0.0,0.019643,0.004117
2020-01-05 03:00:00,20.82,20.97,21.03,20.89,20.99,21.56,21.33,21.54,21.64,20.47,21.52,21.62,21.75,19.8,20.46,21.57,21.7,20.41,21.61,20.76,-0.15,0.0,1.0,1.0,1.0,1.0,0.0,1.0,1.0,1.0,1.0,1.0,1.0,1.0,1.0,0.0,1.0,1.0,1.0,0.0,0.876,1.0,36.0,21.0,23.0,763.48,1053.59,732.94,1036.35,0.0,599.14,818.53,570.54,785.07,188.64,603.78,824.0,571.29,0.0,189.06,618.39,845.97,0.0,746.78,224.13,28.1,27.94,28.18,27.74,36.0,27.47,27.17,27.46,27.01,22.37,27.52,27.26,27.53,36.0,22.35,27.72,27.48,36.0,26.91,22.98,0.023114,0.031288,0.022413,0.030001,0.0,0.0168,0.022187,0.015987,0.020884,0.00331,0.017031,0.022553,0.016137,0.0,0.003314,0.017867,0.023767,0.0,0.019643,0.004117
2020-01-05 03:15:00,20.88,20.85,20.89,20.94,21.02,21.32,21.27,21.58,21.74,20.55,21.61,21.73,21.52,19.96,20.54,21.66,21.8,20.55,21.32,20.85,-0.18,0.0,1.0,0.819,0.776,1.0,0.29,0.0,0.53,0.904,1.0,1.0,1.0,1.0,0.0,1.0,1.0,1.0,1.0,1.0,0.0,1.0,36.0,21.0,23.0,758.85,924.9,622.65,1029.77,58.14,0.0,465.79,520.13,778.16,187.6,598.72,816.65,0.0,1067.85,188.03,613.36,838.65,813.05,0.0,222.64,28.15,27.36,27.44,27.79,21.46,36.0,26.52,27.39,27.09,22.44,27.59,27.34,36.0,23.98,22.43,27.79,27.56,24.52,36.0,23.06,0.023114,0.025624,0.017398,0.030001,0.000957,0.0,0.01175,0.014448,0.020884,0.00331,0.017031,0.022553,0.0,0.021246,0.003314,0.017867,0.023767,0.016941,0.0,0.004117
2020-01-05 03:30:00,20.93,20.86,20.89,20.97,21.06,20.88,21.25,21.62,21.83,20.62,21.7,21.83,21.05,20.42,20.61,21.74,21.89,20.86,20.86,20.93,-0.2,0.0,1.0,0.819,0.776,1.0,0.29,0.0,0.53,0.904,1.0,1.0,1.0,1.0,0.0,1.0,1.0,1.0,1.0,1.0,0.0,1.0,36.0,21.0,23.0,754.43,919.19,618.8,1024.28,58.37,0.0,488.26,522.24,771.76,186.61,594.08,809.77,0.0,964.35,187.05,608.81,831.83,722.17,0.0,221.22,28.19,27.42,27.49,27.83,21.41,36.0,26.06,27.35,27.16,22.51,27.65,27.41,36.0,25.14,22.5,27.85,27.63,25.8,36.0,23.14,0.023114,0.025624,0.017398,0.030001,0.000957,0.0,0.01175,0.014448,0.020884,0.00331,0.017031,0.022553,0.0,0.021246,0.003314,0.017867,0.023767,0.016941,0.0,0.004117
2020-01-05 03:45:00,20.99,20.91,20.93,21.02,21.08,20.39,21.28,21.65,21.92,20.69,21.78,21.92,20.58,20.85,20.68,21.82,21.98,21.13,20.37,21.01,-0.23,0.0,1.0,0.819,0.776,1.0,0.29,0.0,0.53,0.904,1.0,1.0,1.0,1.0,0.0,1.0,1.0,1.0,1.0,1.0,0.0,1.0,36.0,21.0,23.0,750.1,914.65,616.06,1018.4,58.49,0.0,500.82,522.17,765.76,185.66,589.75,803.28,0.0,904.55,186.1,604.59,825.42,672.47,0.0,219.86,28.24,27.46,27.53,27.88,21.38,36.0,25.8,27.35,27.23,22.58,27.72,27.48,36.0,25.81,22.57,27.9,27.69,26.5,36.0,23.22,0.023114,0.025624,0.017398,0.030001,0.000957,0.0,0.01175,0.014448,0.020884,0.00331,0.017031,0.022553,0.0,0.021246,0.003314,0.017867,0.023767,0.016941,0.0,0.004117
2020-01-05 04:00:00,21.02,20.93,20.94,21.06,21.09,19.96,21.28,21.66,21.97,20.76,21.84,22.0,20.19,21.07,20.75,21.87,22.05,21.31,19.94,21.09,-0.27,0.0,1.0,0.819,0.776,1.0,0.29,0.0,0.53,0.904,1.0,1.0,1.0,1.0,0.0,1.0,1.0,1.0,1.0,1.0,0.0,1.0,36.0,21.0,23.0,746.41,910.75,613.79,1013.2,58.62,0.0,508.63,521.46,760.52,184.74,585.89,797.29,0.0,866.41,185.18,600.91,819.53,642.06,0.0,218.56,28.27,27.5,27.56,27.92,21.34,36.0,25.64,27.37,27.29,22.65,27.77,27.54,36.0,26.24,22.63,27.95,27.75,26.93,36.0,23.3,0.023114,0.025624,0.017398,0.030001,0.000957,0.0,0.01175,0.014448,0.020884,0.00331,0.017031,0.022553,0.0,0.021246,0.003314,0.017867,0.023767,0.016941,0.0,0.004117
2020-01-05 04:15:00,20.99,21.07,20.95,21.04,21.04,20.04,21.01,21.4,22.01,20.83,21.89,22.06,20.23,20.91,20.82,21.91,22.11,21.04,20.08,21.04,-0.3,0.0,1.0,1.0,0.809,1.0,0.0,1.0,0.0,0.0,1.0,1.0,1.0,1.0,1.0,0.142,1.0,1.0,1.0,0.0,1.0,0.0,36.0,21.0,23.0,715.28,992.93,609.72,974.79,0.0,808.88,0.0,0.0,756.18,183.88,582.61,792.12,765.15,137.09,184.32,597.87,814.54,0.0,1100.65,0.0,28.6,28.41,27.96,28.23,36.0,24.48,36.0,36.0,27.34,22.71,27.82,27.6,24.66,25.1,22.7,27.99,27.8,36.0,24.26,36.0,0.023114,0.031288,0.018133,0.030001,0.0,0.0168,0.0,0.0,0.020884,0.00331,0.017031,0.022553,0.016137,0.003008,0.003314,0.017867,0.023767,0.0,0.022431,0.0
2020-01-05 04:30:00,21.05,21.18,20.98,21.1,20.83,20.42,20.61,21.02,22.05,20.89,21.93,22.11,20.59,20.6,20.88,21.94,22.15,20.54,20.49,20.93,-0.33,0.0,1.0,1.0,0.809,1.0,0.0,1.0,0.0,0.0,1.0,1.0,1.0,1.0,1.0,0.142,1.0,1.0,1.0,0.0,1.0,0.0,36.0,21.0,23.0,741.3,1024.91,628.93,1006.07,0.0,722.96,0.0,0.0,752.24,182.99,579.62,787.33,687.24,148.94,183.43,595.19,810.08,0.0,989.7,0.0,28.33,28.16,27.7,27.98,36.0,25.7,36.0,36.0,27.38,22.78,27.86,27.65,25.81,24.15,22.76,28.03,27.85,36.0,25.44,36.0,0.023114,0.031288,0.018133,0.030001,0.0,0.0168,0.0,0.0,0.020884,0.00331,0.017031,0.022553,0.016137,0.003008,0.003314,0.017867,0.023767,0.0,0.022431,0.0
2020-01-05 04:45:00,21.09,21.22,20.99,21.13,20.61,20.85,20.17,20.62,22.09,20.96,21.97,22.16,20.98,20.22,20.94,21.97,22.19,20.02,20.91,20.8,-0.37,0.0,1.0,1.0,0.809,1.0,0.0,1.0,0.0,0.0,1.0,1.0,1.0,1.0,1.0,0.142,1.0,1.0,1.0,0.0,1.0,0.0,36.0,21.0,23.0,739.82,1021.44,629.55,1003.82,0.0,675.65,0.0,0.0,748.81,182.14,576.94,783.06,644.09,157.01,182.58,592.82,806.17,0.0,926.89,0.0,28.34,28.19,27.69,28.0,36.0,26.38,36.0,36.0,27.42,22.84,27.9,27.69,26.45,23.51,22.82,28.06,27.89,36.0,26.11,36.0,0.023114,0.031288,0.018133,0.030001,0.0,0.0168,0.0,0.0,0.020884,0.00331,0.017031,0.022553,0.016137,0.003008,0.003314,0.017867,0.023767,0.0,0.022431,0.0
2020-01-05 05:00:00,21.06,21.21,20.97,21.12,20.45,21.1,19.85,20.3,22.15,21.02,22.03,22.23,21.26,19.93,21.01,22.02,22.25,19.68,21.19,20.68,-0.4,0.0,1.0,1.0,0.809,1.0,0.0,1.0,0.0,0.0,1.0,1.0,1.0,1.0,1.0,0.142,1.0,1.0,1.0,0.0,1.0,0.0,36.0,21.0,23.0,710.14,982.48,610.77,967.18,0.0,646.96,0.0,0.0,745.65,181.35,574.49,779.21,617.76,162.94,181.79,590.67,802.69,0.0,888.07,0.0,28.65,28.49,27.94,28.29,36.0,26.79,36.0,36.0,27.46,22.89,27.93,27.73,26.84,23.04,22.88,28.09,27.92,36.0,26.53,36.0,0.023114,0.031288,0.018133,0.030001,0.0,0.0168,0.0,0.0,0.020884,0.00331,0.017031,0.022553,0.016137,0.003008,0.003314,0.017867,0.023767,0.0,0.022431,0.0
2020-01-05 05:15:00,21.07,21.21,21.12,21.14,20.57,21.28,19.97,20.46,22.24,21.09,22.08,22.25,21.09,20.18,21.07,22.07,22.25,19.83,21.0,20.72,-0.43,0.0,1.0,1.0,1.0,1.0,1.0,1.0,1.0,1.0,1.0,1.0,1.0,1.0,0.0,1.0,1.0,1.0,1.0,1.0,0.0,1.0,36.0,21.0,23.0,708.67,979.99,692.58,964.31,188.09,628.15,1110.78,754.45,742.15,180.55,571.99,775.52,0.0,1028.36,180.99,588.45,799.43,831.28,0.0,239.28,28.67,28.51,28.61,28.31,22.35,27.05,24.02,24.71,27.5,22.95,27.97,27.77,36.0,24.42,22.94,28.12,27.95,24.26,36.0,22.1,0.023114,0.031288,0.022413,0.030001,0.003296,0.0168,0.022187,0.015987,0.020884,0.00331,0.017031,0.022553,0.0,0.021246,0.003314,0.017867,0.023767,0.016941,0.0,0.004117
2020-01-05 05:30:00,21.16,21.3,21.24,21.23,20.82,21.29,20.4,20.83,22.29,21.14,22.13,22.3,20.82,20.58,21.13,22.11,22.3,20.29,20.57,20.84,-0.46,0.0,1.0,1.0,1.0,1.0,1.0,1.0,1.0,1.0,1.0,1.0,1.0,1.0,0.0,1.0,1.0,1.0,1.0,1.0,0.0,1.0,36.0,21.0,23.0,734.22,1012.42,717.78,994.62,190.39,614.84,995.42,676.68,738.16,179.74,569.48,772.33,0.0,939.75,180.18,586.19,796.81,738.63,0.0,231.86,28.4,28.26,28.34,28.07,22.18,27.24,25.27,25.87,27.54,23.01,28.0,27.81,36.0,25.42,22.99,28.15,27.98,25.57,36.0,22.53,0.023114,0.031288,0.022413,0.030001,0.003296,0.0168,0.022187,0.015987,0.020884,0.00331,0.017031,0.022553,0.0,0.021246,0.003314,0.017867,0.023767,0.016941,0.0,0.004117
2020-01-05 05:45:00,21.21,21.36,21.29,21.29,20.95,21.26,20.88,21.2,22.35,21.2,22.18,22.36,20.59,20.94,21.19,22.16,22.35,20.79,20.06,20.97,-0.49,0.0,1.0,1.0,1.0,1.0,1.0,1.0,1.0,1.0,1.0,1.0,1.0,1.0,0.0,1.0,1.0,1.0,1.0,1.0,0.0,1.0,36.0,21.0,23.0,732.17,1008.86,716.48,991.17,189.76,606.76,929.47,633.44,734.62,178.97,567.07,768.9,0.0,888.18,179.41,583.98,793.77,686.28,0.0,226.9,28.42,28.29,28.35,28.1,22.23,27.36,25.98,26.52,27.58,23.07,28.03,27.84,36.0,26.0,23.05,28.18,28.01,26.31,36.0,22.81,0.023114,0.031288,0.022413,0.030001,0.003296,0.0168,0.022187,0.015987,0.020884,0.00331,0.017031,0.022553,0.0,0.021246,0.003314,0.017867,0.023767,0.016941,0.0,0.004117
2020-01-05 06:00:00,21.24,21.39,21.31,21.32,21.05,21.2,21.15,21.36,22.39,21.26,22.22,22.4,20.4,21.15,21.25,22.19,22.38,21.09,19.68,21.08,-0.51,0.0,1.0,1.0,1.0,1.0,1.0,1.0,1.0,1.0,1.0,1.0,1.0,1.0,0.0,1.0,1.0,1.0,1.0,1.0,0.0,1.0,36.0,21.0,23.0,730.33,1005.93,716.14,988.32,189.39,601.47,887.67,607.46,731.39,178.22,564.87,765.76,0.0,855.23,178.66,582.01,790.99,653.47,0.0,223.26,28.44,28.31,28.36,28.12,22.25,27.43,26.43,26.91,27.62,23.12,28.07,27.88,36.0,26.37,23.1,28.21,28.04,26.77,36.0,23.03,0.023114,0.031288,0.022413,0.030001,0.003296,0.0168,0.022187,0.015987,0.020884,0.00331,0.017031,0.022553,0.0,0.021246,0.003314,0.017867,0.023767,0.016941,0.0,0.004117
2020-01-05 06:15:00,21.25,20.55,20.56,21.15,20.86,21.22,21.0,21.16,22.42,21.31,22.25,22.43,20.52,20.97,21.3,22.21,22.4,20.93,19.82,21.11,-0.53,0.0,1.0,0.184,0.221,1.0,0.0,1.0,0.013,0.0,1.0,1.0,1.0,1.0,1.0,0.0,1.0,1.0,1.0,0.087,1.0,0.46,36.0,21.0,23.0,728.21,275.11,232.14,989.99,0.0,597.72,12.8,0.0,728.45,177.48,562.88,762.95,780.52,0.0,177.92,580.27,788.59,65.22,1125.08,104.21,28.46,24.54,24.79,28.11,36.0,27.49,24.99,36.0,27.66,23.17,28.09,27.91,24.43,36.0,23.16,28.23,28.06,25.39,24.0,22.82,0.023114,0.005743,0.004954,0.030001,0.0,0.0168,0.000278,0.0,0.020884,0.00331,0.017031,0.022553,0.016137,0.0,0.003314,0.017867,0.023767,0.00147,0.022431,0.001892
2020-01-05 06:30:00,21.21,20.24,20.3,20.98,20.7,21.36,20.58,20.71,22.46,21.38,22.28,22.46,20.85,20.53,21.36,22.24,22.42,20.49,20.32,21.09,-0.55,0.0,1.0,0.184,0.221,1.0,0.0,1.0,0.013,0.0,1.0,1.0,1.0,1.0,1.0,0.0,1.0,1.0,1.0,0.087,1.0,0.46,36.0,21.0,23.0,727.13,274.27,230.98,991.0,0.0,593.82,14.18,0.0,725.83,176.76,561.1,760.44,696.68,0.0,177.2,578.75,786.52,72.16,1009.24,105.51,28.47,24.58,24.85,28.1,36.0,27.54,23.81,36.0,27.69,23.23,28.12,27.93,25.67,36.0,23.21,28.25,28.08,24.26,25.24,22.66,0.023114,0.005743,0.004954,0.030001,0.0,0.0168,0.000278,0.0,0.020884,0.00331,0.017031,0.022553,0.016137,0.0,0.003314,0.017867,0.023767,0.00147,0.022431,0.001892
2020-01-05 06:45:00,21.2,20.13,20.21,20.92,20.51,21.52,20.09,20.32,22.5,21.43,22.31,22.49,21.14,20.04,21.42,22.26,22.44,20.02,20.79,21.07,-0.57,0.0,1.0,0.184,0.221,1.0,0.0,1.0,0.013,0.0,1.0,1.0,1.0,1.0,1.0,0.0,1.0,1.0,1.0,0.087,1.0,0.46,36.0,21.0,23.0,726.17,276.05,232.0,991.64,0.0,589.17,15.16,0.0,723.38,176.05,559.44,758.14,650.55,0.0,176.49,577.37,784.68,77.05,942.34,106.31,28.48,24.5,24.8,28.09,36.0,27.61,22.96,36.0,27.71,23.28,28.14,27.96,26.36,36.0,23.26,28.27,28.1,23.46,25.95,22.56,0.023114,0.005743,0.004954,0.030001,0.0,0.0168,0.000278,0.0,0.020884,0.00331,0.017031,0.022553,0.016137,0.0,0.003314,0.017867,0.023767,0.00147,0.022431,0.001892
2020-01-05 07:00:00,21.16,20.05,20.15,20.89,20.41,21.63,19.75,20.06,22.54,21.49,22.35,22.54,21.35,19.69,21.48,22.29,22.48,19.7,21.09,21.06,-0.6,0.0,1.0,0.184,0.221,1.0,0.0,1.0,0.013,0.0,1.0,1.0,1.0,1.0,1.0,0.0,1.0,1.0,1.0,0.087,1.0,0.46,36.0,21.0,23.0,697.19,275.52,230.76,957.89,0.0,584.74,15.9,0.0,721.06,175.37,557.83,755.89,622.76,0.0,175.82,576.02,782.82,80.68,900.73,106.85,28.78,24.52,24.86,28.36,36.0,27.67,22.32,36.0,27.74,23.33,28.16,27.98,26.77,36.0,23.31,28.29,28.12,22.87,26.39,22.49,0.023114,0.005743,0.004954,0.030001,0.0,0.0168,0.000278,0.0,0.020884,0.00331,0.017031,0.022553,0.016137,0.0,0.003314,0.017867,0.023767,0.00147,0.022431,0.001892
2020-01-05 07:15:00,21.23,20.76,20.78,21.07,20.54,21.45,19.91,20.24,22.59,21.49,22.39,22.59,21.18,19.87,21.53,22.33,22.53,19.89,21.11,21.11,-0.63,0.0,1.0,1.0,1.0,1.0,1.0,0.0,1.0,1.0,1.0,0.42,1.0,1.0,0.0,1.0,1.0,1.0,1.0,1.0,0.551,1.0,36.0,21.0,23.0,722.29,1009.85,712.46,984.85,186.1,0.0,1108.9,775.42,718.46,75.13,556.05,753.19,0.0,1075.83,175.11,574.44,780.41,810.02,517.35,226.81,28.52,28.28,28.4,28.15,22.49,36.0,24.04,24.4,27.77,23.07,28.19,28.01,36.0,23.89,23.36,28.31,28.14,24.56,25.98,22.82,0.023114,0.031288,0.022413,0.030001,0.003296,0.0,0.022187,0.015987,0.020884,0.00139,0.017031,0.022553,0.0,0.021246,0.003314,0.017867,0.023767,0.016941,0.012351,0.004117
2020-01-05 07:30:00,21.34,21.17,21.15,21.3,20.82,20.99,20.4,20.65,22.64,21.47,22.44,22.64,20.76,20.34,21.58,22.37,22.58,20.4,21.03,21.21,-0.65,0.0,1.0,1.0,1.0,1.0,1.0,0.0,1.0,1.0,1.0,0.42,1.0,1.0,0.0,1.0,1.0,1.0,1.0,1.0,0.551,1.0,36.0,21.0,23.0,719.35,1017.6,716.95,978.96,185.98,0.0,996.52,693.28,715.92,76.32,554.25,750.41,0.0,970.2,174.44,572.82,777.88,726.45,533.8,222.22,28.55,28.22,28.35,28.19,22.5,36.0,25.25,25.63,27.8,22.86,28.21,28.04,36.0,25.08,23.41,28.33,28.17,25.74,25.66,23.09,0.023114,0.031288,0.022413,0.030001,0.003296,0.0,0.022187,0.015987,0.020884,0.00139,0.017031,0.022553,0.0,0.021246,0.003314,0.017867,0.023767,0.016941,0.012351,0.004117
2020-01-05 07:45:00,21.39,21.26,21.24,21.4,21.01,20.47,20.89,21.06,22.69,21.44,22.49,22.71,20.28,20.8,21.64,22.42,22.64,20.89,20.96,21.31,-0.68,0.0,1.0,1.0,1.0,1.0,1.0,0.0,1.0,1.0,1.0,0.42,1.0,1.0,0.0,1.0,1.0,1.0,1.0,1.0,0.551,1.0,36.0,21.0,23.0,716.24,1006.55,708.8,972.02,184.21,0.0,931.4,647.08,713.31,77.1,552.39,747.46,0.0,908.79,173.77,571.09,775.09,678.15,543.03,218.97,28.59,28.3,28.43,28.25,22.63,36.0,25.96,26.32,27.83,22.73,28.24,28.07,36.0,25.77,23.46,28.35,28.2,26.42,25.48,23.28,0.023114,0.031288,0.022413,0.030001,0.003296,0.0,0.022187,0.015987,0.020884,0.00139,0.017031,0.022553,0.0,0.021246,0.003314,0.017867,0.023767,0.016941,0.012351,0.004117
2020-01-05 08:00:00,21.36,21.28,21.25,21.4,21.13,20.1,21.17,21.32,22.73,21.42,22.53,22.75,19.95,21.08,21.69,22.45,22.68,21.2,20.92,21.41,-0.65,0.0,1.0,1.0,1.0,1.0,1.0,0.0,1.0,1.0,1.0,0.42,1.0,1.0,0.0,1.0,1.0,1.0,1.0,1.0,0.551,1.0,36.0,21.0,23.0,687.52,967.69,680.35,936.43,182.6,0.0,890.39,618.66,710.85,77.66,550.62,744.67,0.0,870.02,173.15,569.47,772.48,648.16,548.5,216.51,28.88,28.6,28.74,28.53,22.74,36.0,26.4,26.74,27.86,22.63,28.27,28.1,36.0,26.2,23.5,28.37,28.22,26.85,25.38,23.42,0.023114,0.031288,0.022413,0.030001,0.003296,0.0,0.022187,0.015987,0.020884,0.00139,0.017031,0.022553,0.0,0.021246,0.003314,0.017867,0.023767,0.016941,0.012351,0.004117
2020-01-05 08:15:00,20.65,20.59,20.63,21.21,20.95,20.21,21.03,21.13,22.49,21.37,22.26,22.53,20.05,20.93,21.66,22.14,22.42,21.05,20.9,21.37,-0.63,3.0,0.216,0.236,0.258,1.0,0.0,1.0,0.0,0.0,0.0,0.0,0.0,0.0,1.0,0.033,0.0,0.0,0.0,0.106,0.577,0.0,36.0,21.0,23.0,229.61,340.95,260.59,972.04,0.0,792.97,0.0,0.0,0.0,0.0,0.0,0.0,790.25,33.09,0.0,0.0,0.0,78.36,576.22,0.0,25.02,24.96,25.2,28.25,36.0,24.71,36.0,36.0,36.0,36.0,36.0,36.0,24.28,24.85,36.0,36.0,36.0,25.52,25.36,36.0,0.005003,0.007387,0.005775,0.030001,0.0,0.0168,0.0,0.0,0.0,0.0,0.0,0.0,0.016137,0.00071,0.0,0.0,0.0,0.001788,0.012953,0.0
2020-01-05 08:30:00,20.39,20.48,20.61,21.05,20.82,20.65,20.78,20.9,22.04,21.29,21.72,22.21,20.67,20.55,21.57,21.58,22.08,20.88,20.93,21.25,-0.6,68.9,0.216,0.236,0.258,1.0,0.0,1.0,0.0,0.0,0.0,0.0,0.0,0.0,1.0,0.033,0.0,0.0,0.0,0.106,0.577,0.0,36.0,21.0,23.0,228.43,326.42,244.05,973.85,0.0,708.54,0.0,0.0,0.0,0.0,0.0,0.0,695.02,36.37,0.0,0.0,0.0,84.94,575.98,0.0,25.08,25.43,25.89,28.23,36.0,25.91,36.0,36.0,36.0,36.0,36.0,36.0,25.7,23.75,36.0,36.0,36.0,24.64,25.36,36.0,0.005003,0.007387,0.005775,0.030001,0.0,0.0168,0.0,0.0,0.0,0.0,0.0,0.0,0.016137,0.00071,0.0,0.0,0.0,0.001788,0.012953,0.0
2020-01-05 08:45:00,20.38,20.62,20.88,21.11,20.75,21.15,20.62,20.84,21.62,21.22,21.25,21.99,21.38,20.19,21.48,21.06,21.86,20.85,20.97,21.14,-0.57,134.9,0.216,0.236,0.258,1.0,0.0,1.0,0.0,0.0,0.0,0.0,0.0,0.0,1.0,0.033,0.0,0.0,0.0,0.106,0.577,0.0,36.0,21.0,23.0,229.0,316.87,228.92,970.82,0.0,660.25,0.0,0.0,0.0,0.0,0.0,0.0,624.26,38.64,0.0,0.0,0.0,87.22,574.93,0.0,25.05,25.74,26.52,28.26,36.0,26.6,36.0,36.0,36.0,36.0,36.0,36.0,26.75,22.99,36.0,36.0,36.0,24.33,25.38,36.0,0.005003,0.007387,0.005775,0.030001,0.0,0.0168,0.0,0.0,0.0,0.0,0.0,0.0,0.016137,0.00071,0.0,0.0,0.0,0.001788,0.012953,0.0
2020-01-05 09:00:00,20.4,20.79,21.26,21.21,20.75,21.56,20.58,20.96,21.27,21.14,20.89,21.85,22.0,19.9,21.4,20.64,21.69,20.97,21.04,21.03,-0.31,200.9,0.216,0.236,0.258,1.0,0.0,1.0,0.0,0.0,0.0,0.0,0.0,0.0,1.0,0.033,0.0,0.0,0.0,0.106,0.577,0.0,36.0,21.0,23.0,228.8,309.25,213.25,966.52,0.0,629.45,0.0,0.0,0.0,0.0,0.0,0.0,564.65,40.32,0.0,0.0,0.0,86.79,573.19,0.0,25.06,25.99,27.17,28.29,36.0,27.04,36.0,36.0,36.0,36.0,36.0,36.0,27.63,22.42,36.0,36.0,36.0,24.39,25.41,36.0,0.005003,0.007387,0.005775,0.030001,0.0,0.0168,0.0,0.0,0.0,0.0,0.0,0.0,0.016137,0.00071,0.0,0.0,0.0,0.001788,0.012953,0.0
2020-01-05 09:15:00,21.04,21.39,21.29,20.99,20.82,21.62,20.9,21.17,21.04,21.08,20.97,21.81,22.28,20.09,21.32,20.81,21.64,21.23,21.01,20.99,-0.04,266.8,1.0,0.735,0.0,0.371,0.0,0.0,0.792,0.0,0.0,0.0,0.816,0.0,0.0,1.0,0.0,1.0,0.0,0.0,0.288,0.537,36.0,21.0,23.0,707.54,730.21,0.0,470.81,0.0,0.0,840.66,0.0,0.0,0.0,636.42,0.0,0.0,1058.96,0.0,795.3,0.0,0.0,300.15,129.17,28.68,28.4,36.0,25.89,36.0,36.0,24.55,36.0,36.0,36.0,25.04,36.0,36.0,24.08,36.0,25.35,36.0,36.0,24.9,22.03,0.023114,0.022997,0.0,0.011142,0.0,0.0,0.017562,0.0,0.0,0.0,0.013895,0.0,0.0,0.021246,0.0,0.017867,0.0,0.0,0.00647,0.002212
2020-01-05 09:30:00,21.37,21.66,21.47,21.07,20.91,21.48,21.45,21.41,20.82,21.0,21.32,21.77,22.31,20.62,21.25,21.34,21.58,21.6,20.89,21.01,0.23,291.0,1.0,0.735,0.0,0.371,0.0,0.0,0.792,0.0,0.0,0.0,0.816,0.0,0.0,1.0,0.0,1.0,0.0,0.0,0.288,0.537,36.0,21.0,23.0,712.66,734.74,0.0,466.29,0.0,0.0,757.2,0.0,0.0,0.0,581.47,0.0,0.0,954.07,0.0,704.32,0.0,0.0,310.61,127.62,28.62,28.36,36.0,25.99,36.0,36.0,25.69,36.0,36.0,36.0,25.99,36.0,36.0,25.26,36.0,26.57,36.0,36.0,24.52,22.19,0.023114,0.022997,0.0,0.011142,0.0,0.0,0.017562,0.0,0.0,0.0,0.013895,0.0,0.0,0.021246,0.0,0.017867,0.0,0.0,0.00647,0.002212
2020-01-05 09:45:00,21.46,21.76,21.72,21.17,21.02,21.32,21.86,21.66,20.63,20.94,21.69,21.71,22.29,21.12,21.18,21.88,21.49,22.03,20.79,21.04,0.49,315.1,1.0,0.735,0.0,0.371,0.0,0.0,0.792,0.0,0.0,0.0,0.816,0.0,0.0,1.0,0.0,1.0,0.0,0.0,0.288,0.537,36.0,21.0,23.0,705.34,733.44,0.0,468.69,0.0,0.0,707.39,0.0,0.0,0.0,549.82,0.0,0.0,891.38,0.0,652.88,0.0,0.0,317.4,126.64,28.7,28.37,36.0,25.94,36.0,36.0,26.36,36.0,36.0,36.0,26.53,36.0,36.0,25.96,36.0,27.26,36.0,36.0,24.26,22.3,0.023114,0.022997,0.0,0.011142,0.0,0.0,0.017562,0.0,0.0,0.0,0.013895,0.0,0.0,0.021246,0.0,0.017867,0.0,0.0,0.00647,0.002212
2020-01-05 10:00:00,21.56,21.84,21.94,21.25,21.14,21.24,22.17,21.91,20.48,20.88,21.96,21.63,22.35,21.43,21.11,22.19,21.39,22.41,20.73,21.07,0.75,339.2,1.0,0.735,0.0,0.371,0.0,0.0,0.792,0.0,0.0,0.0,0.816,0.0,0.0,1.0,0.0,1.0,0.0,0.0,0.288,0.537,36.0,21.0,23.0,700.44,736.63,0.0,470.81,0.0,0.0,676.2,0.0,0.0,0.0,529.24,0.0,0.0,849.77,0.0,620.23,0.0,0.0,322.04,125.97,28.75,28.34,36.0,25.89,36.0,36.0,26.79,36.0,36.0,36.0,26.89,36.0,36.0,26.43,36.0,27.7,36.0,36.0,24.09,22.37,0.023114,0.022997,0.0,0.011142,0.0,0.0,0.017562,0.0,0.0,0.0,0.013895,0.0,0.0,0.021246,0.0,0.017867,0.0,0.0,0.00647,0.002212
2020-01-05 10:15:00,20.45,21.0,21.99,20.79,21.29,21.24,22.21,22.18,20.68,20.89,21.84,21.55,22.48,21.36,21.05,22.04,21.28,22.71,20.95,21.03,1.0,363.4,0.0,0.0,0.0,0.0,0.0,0.0,0.0,0.0,1.0,1.0,0.0,0.0,0.0,0.0,0.0,0.0,0.0,0.0,0.921,0.005,36.0,21.0,23.0,0.0,0.0,0.0,0.0,0.0,0.0,0.0,0.0,1038.61,196.51,0.0,0.0,0.0,0.0,0.0,0.0,0.0,0.0,930.45,1.27,36.0,36.0,36.0,36.0,36.0,36.0,36.0,36.0,24.1,21.8,36.0,36.0,36.0,36.0,36.0,36.0,36.0,36.0,25.22,22.03,0.0,0.0,0.0,0.0,0.0,0.0,0.0,0.0,0.020884,0.00331,0.0,0.0,0.0,0.0,0.0,0.0,0.0,0.0,0.020657,2.2e-05
2020-01-05 10:30:00,20.1,20.63,21.94,20.52,21.44,21.27,22.11,22.45,21.21,21.0,21.45,21.41,22.63,21.06,20.98,21.61,21.12,22.92,21.4,20.93,1.25,372.6,0.0,0.0,0.0,0.0,0.0,0.0,0.0,0.0,1.0,1.0,0.0,0.0,0.0,0.0,0.0,0.0,0.0,0.0,0.921,0.005,36.0,21.0,23.0,0.0,0.0,0.0,0.0,0.0,0.0,0.0,0.0,923.95,190.67,0.0,0.0,0.0,0.0,0.0,0.0,0.0,0.0,860.02,1.3,36.0,36.0,36.0,36.0,36.0,36.0,36.0,36.0,25.42,22.22,36.0,36.0,36.0,36.0,36.0,36.0,36.0,36.0,26.04,21.74,0.0,0.0,0.0,0.0,0.0,0.0,0.0,0.0,0.020884,0.00331,0.0,0.0,0.0,0.0,0.0,0.0,0.0,0.0,0.020657,2.2e-05
2020-01-05 10:45:00,20.02,20.47,22.01,20.47,21.58,21.33,22.03,22.72,21.75,21.11,21.09,21.26,22.82,20.74,20.92,21.15,20.94,23.08,21.77,20.83,1.51,381.9,0.0,0.0,0.0,0.0,0.0,0.0,0.0,0.0,1.0,1.0,0.0,0.0,0.0,0.0,0.0,0.0,0.0,0.0,0.921,0.005,36.0,21.0,23.0,0.0,0.0,0.0,0.0,0.0,0.0,0.0,0.0,855.8,186.71,0.0,0.0,0.0,0.0,0.0,0.0,0.0,0.0,815.66,1.32,36.0,36.0,36.0,36.0,36.0,36.0,36.0,36.0,26.2,22.51,36.0,36.0,36.0,36.0,36.0,36.0,36.0,36.0,26.55,21.53,0.0,0.0,0.0,0.0,0.0,0.0,0.0,0.0,0.020884,0.00331,0.0,0.0,0.0,0.0,0.0,0.0,0.0,0.0,0.020657,2.2e-05
2020-01-05 11:00:00,19.99,20.35,22.1,20.45,21.72,21.41,21.98,22.97,22.09,21.2,20.86,21.1,23.0,20.47,20.86,20.84,20.75,23.22,22.03,20.74,1.72,391.2,0.0,0.0,0.0,0.0,0.0,0.0,0.0,0.0,1.0,1.0,0.0,0.0,0.0,0.0,0.0,0.0,0.0,0.0,0.921,0.005,36.0,21.0,23.0,0.0,0.0,0.0,0.0,0.0,0.0,0.0,0.0,810.87,183.81,0.0,0.0,0.0,0.0,0.0,0.0,0.0,0.0,785.09,1.33,36.0,36.0,36.0,36.0,36.0,36.0,36.0,36.0,26.71,22.72,36.0,36.0,36.0,36.0,36.0,36.0,36.0,36.0,26.91,21.35,0.0,0.0,0.0,0.0,0.0,0.0,0.0,0.0,0.020884,0.00331,0.0,0.0,0.0,0.0,0.0,0.0,0.0,0.0,0.020657,2.2e-05
2020-01-05 11:15:00,21.04,21.36,22.45,21.26,21.87,21.51,21.97,23.21,22.02,21.19,20.99,21.04,23.19,20.68,20.88,20.99,20.95,23.35,21.92,20.77,1.93,400.4,1.0,1.0,0.0,1.0,0.0,0.0,0.0,0.0,0.0,0.0,0.725,0.198,0.0,1.0,1.0,0.768,0.899,0.0,0.0,1.0,36.0,21.0,23.0,688.56,943.78,0.0,982.94,0.0,0.0,0.0,0.0,0.0,0.0,589.24,241.12,0.0,1029.67,197.47,637.85,1036.48,0.0,0.0,241.6,28.87,28.78,36.0,28.16,36.0,36.0,36.0,36.0,36.0,36.0,24.59,23.06,36.0,24.41,21.75,24.88,24.4,36.0,36.0,21.96,0.023114,0.031288,0.0,0.030001,0.0,0.0,0.0,0.0,0.0,0.0,0.012355,0.004456,0.0,0.021246,0.003314,0.013717,0.021378,0.0,0.0,0.004117
2020-01-05 11:30:00,21.81,22.07,22.9,21.98,22.01,21.61,21.96,23.42,21.73,21.12,21.36,21.03,23.35,21.26,20.99,21.42,21.5,23.47,21.59,20.9,2.14,396.3,1.0,1.0,0.0,1.0,0.0,0.0,0.0,0.0,0.0,0.0,0.725,0.198,0.0,1.0,1.0,0.768,0.899,0.0,0.0,1.0,36.0,21.0,23.0,696.02,953.9,0.0,988.71,0.0,0.0,0.0,0.0,0.0,0.0,539.61,237.84,0.0,921.58,191.47,579.74,920.42,0.0,0.0,233.26,28.8,28.71,36.0,28.12,36.0,36.0,36.0,36.0,36.0,36.0,25.55,23.23,36.0,25.62,22.18,25.89,25.7,36.0,36.0,22.45,0.023114,0.031288,0.0,0.030001,0.0,0.0,0.0,0.0,0.0,0.0,0.012355,0.004456,0.0,0.021246,0.003314,0.013717,0.021378,0.0,0.0,0.004117
2020-01-05 11:45:00,22.04,22.27,23.21,22.28,22.13,21.69,21.96,23.61,21.45,21.04,21.74,21.05,23.5,21.81,21.1,21.86,22.07,23.58,21.3,21.04,2.35,392.2,1.0,1.0,0.0,1.0,0.0,0.0,0.0,0.0,0.0,0.0,0.725,0.198,0.0,1.0,1.0,0.768,0.899,0.0,0.0,1.0,36.0,21.0,23.0,681.89,936.13,0.0,957.71,0.0,0.0,0.0,0.0,0.0,0.0,509.91,236.05,0.0,854.44,187.39,545.11,850.89,0.0,0.0,227.63,28.94,28.84,36.0,28.36,36.0,36.0,36.0,36.0,36.0,36.0,26.13,23.33,36.0,26.38,22.47,26.49,26.48,36.0,36.0,22.77,0.023114,0.031288,0.0,0.030001,0.0,0.0,0.0,0.0,0.0,0.0,0.012355,0.004456,0.0,0.021246,0.003314,0.013717,0.021378,0.0,0.0,0.004117
2020-01-05 12:00:00,22.21,22.41,23.39,22.48,22.24,21.76,21.97,23.78,21.26,20.96,22.02,21.06,23.63,22.19,21.2,22.15,22.4,23.68,21.09,21.16,2.5,388.1,1.0,1.0,0.0,1.0,0.0,0.0,0.0,0.0,0.0,0.0,0.725,0.198,0.0,1.0,1.0,0.768,0.899,0.0,0.0,1.0,36.0,21.0,23.0,674.44,926.81,0.0,929.99,0.0,0.0,0.0,0.0,0.0,0.0,490.12,235.0,0.0,806.12,184.4,522.2,804.71,0.0,0.0,223.49,29.02,28.91,36.0,28.58,36.0,36.0,36.0,36.0,36.0,36.0,26.51,23.38,36.0,26.92,22.69,26.89,26.99,36.0,36.0,23.01,0.023114,0.031288,0.0,0.030001,0.0,0.0,0.0,0.0,0.0,0.0,0.012355,0.004456,0.0,0.021246,0.003314,0.013717,0.021378,0.0,0.0,0.004117
2020-01-05 12:15:00,21.14,21.31,23.23,21.71,22.36,21.83,21.99,23.94,21.2,20.97,21.93,21.04,23.75,22.22,21.19,22.03,22.31,23.75,21.0,21.14,2.66,384.0,0.0,0.0,0.0,0.0,0.0,0.0,0.0,0.0,0.0,1.0,0.0,0.155,0.0,0.0,0.0,0.0,0.0,0.0,0.0,0.0,36.0,21.0,23.0,0.0,0.0,0.0,0.0,0.0,0.0,0.0,0.0,0.0,193.62,0.0,185.85,0.0,0.0,0.0,0.0,0.0,0.0,0.0,0.0,36.0,36.0,36.0,36.0,36.0,36.0,36.0,36.0,36.0,22.01,36.0,23.32,36.0,36.0,36.0,36.0,36.0,36.0,36.0,36.0,0.0,0.0,0.0,0.0,0.0,0.0,0.0,0.0,0.0,0.00331,0.0,0.003505,0.0,0.0,0.0,0.0,0.0,0.0,0.0,0.0
2020-01-05 12:30:00,20.75,20.91,23.04,21.4,22.46,21.9,22.0,24.08,21.19,21.07,21.57,21.01,23.84,22.1,21.11,21.63,21.95,23.82,20.99,21.03,2.81,387.7,0.0,0.0,0.0,0.0,0.0,0.0,0.0,0.0,0.0,1.0,0.0,0.155,0.0,0.0,0.0,0.0,0.0,0.0,0.0,0.0,36.0,21.0,23.0,0.0,0.0,0.0,0.0,0.0,0.0,0.0,0.0,0.0,188.46,0.0,186.79,0.0,0.0,0.0,0.0,0.0,0.0,0.0,0.0,36.0,36.0,36.0,36.0,36.0,36.0,36.0,36.0,36.0,22.38,36.0,23.25,36.0,36.0,36.0,36.0,36.0,36.0,36.0,36.0,0.0,0.0,0.0,0.0,0.0,0.0,0.0,0.0,0.0,0.00331,0.0,0.003505,0.0,0.0,0.0,0.0,0.0,0.0,0.0,0.0
2020-01-05 12:45:00,20.7,20.84,23.1,21.44,22.55,21.95,22.02,24.21,21.24,21.17,21.22,20.97,23.94,22.01,21.03,21.2,21.56,23.9,21.04,20.91,2.97,391.4,0.0,0.0,0.0,0.0,0.0,0.0,0.0,0.0,0.0,1.0,0.0,0.155,0.0,0.0,0.0,0.0,0.0,0.0,0.0,0.0,36.0,21.0,23.0,0.0,0.0,0.0,0.0,0.0,0.0,0.0,0.0,0.0,184.97,0.0,187.56,0.0,0.0,0.0,0.0,0.0,0.0,0.0,0.0,36.0,36.0,36.0,36.0,36.0,36.0,36.0,36.0,36.0,22.63,36.0,23.2,36.0,36.0,36.0,36.0,36.0,36.0,36.0,36.0,0.0,0.0,0.0,0.0,0.0,0.0,0.0,0.0,0.0,0.00331,0.0,0.003505,0.0,0.0,0.0,0.0,0.0,0.0,0.0,0.0
2020-01-05 13:00:00,20.66,20.78,23.13,21.54,22.6,21.94,21.99,24.35,21.33,21.27,20.96,20.92,24.05,21.96,20.95,20.86,21.2,23.97,21.14,20.8,3.05,395.1,0.0,0.0,0.0,0.0,0.0,0.0,0.0,0.0,0.0,1.0,0.0,0.155,0.0,0.0,0.0,0.0,0.0,0.0,0.0,0.0,36.0,21.0,23.0,0.0,0.0,0.0,0.0,0.0,0.0,0.0,0.0,0.0,182.42,0.0,188.24,0.0,0.0,0.0,0.0,0.0,0.0,0.0,0.0,36.0,36.0,36.0,36.0,36.0,36.0,36.0,36.0,36.0,22.82,36.0,23.15,36.0,36.0,36.0,36.0,36.0,36.0,36.0,36.0,0.0,0.0,0.0,0.0,0.0,0.0,0.0,0.0,0.0,0.00331,0.0,0.003505,0.0,0.0,0.0,0.0,0.0,0.0,0.0,0.0
2020-01-05 13:15:00,21.42,21.43,23.25,21.73,22.72,22.02,22.02,24.42,21.43,21.24,21.0,21.01,24.06,22.0,20.97,20.99,21.01,23.96,21.25,20.83,3.12,398.8,0.82,0.643,0.0,0.0,0.0,0.0,0.0,0.0,0.0,0.0,0.495,0.473,0.0,0.0,1.0,0.703,0.0,0.0,0.0,1.0,36.0,21.0,23.0,604.1,706.66,0.0,0.0,0.0,0.0,0.0,0.0,0.0,0.0,420.66,542.08,0.0,0.0,194.05,597.52,0.0,0.0,0.0,239.07,28.37,27.59,36.0,36.0,36.0,36.0,36.0,36.0,36.0,36.0,24.07,23.83,36.0,36.0,21.99,24.62,36.0,36.0,36.0,22.11,0.018948,0.020113,0.0,0.0,0.0,0.0,0.0,0.0,0.0,0.0,0.008437,0.010658,0.0,0.0,0.003314,0.012564,0.0,0.0,0.0,0.004117
2020-01-05 13:30:00,21.82,21.75,23.37,21.91,22.79,22.04,22.0,24.51,21.59,21.17,21.19,21.19,24.12,22.09,21.07,21.34,20.79,23.98,21.41,20.96,3.2,395.2,0.82,0.643,0.0,0.0,0.0,0.0,0.0,0.0,0.0,0.0,0.495,0.473,0.0,0.0,1.0,0.703,0.0,0.0,0.0,1.0,36.0,21.0,23.0,622.35,725.15,0.0,0.0,0.0,0.0,0.0,0.0,0.0,0.0,398.28,519.38,0.0,0.0,188.85,547.34,0.0,0.0,0.0,231.27,28.14,27.37,36.0,36.0,36.0,36.0,36.0,36.0,36.0,36.0,24.71,24.34,36.0,36.0,22.37,25.58,36.0,36.0,36.0,22.56,0.018948,0.020113,0.0,0.0,0.0,0.0,0.0,0.0,0.0,0.0,0.008437,0.010658,0.0,0.0,0.003314,0.012564,0.0,0.0,0.0,0.004117
2020-01-05 13:45:00,21.82,21.74,23.35,21.76,22.85,22.04,21.97,24.57,21.77,21.09,21.37,21.37,24.13,22.24,21.17,21.71,20.59,23.96,21.6,21.09,3.28,391.7,0.82,0.643,0.0,0.0,0.0,0.0,0.0,0.0,0.0,0.0,0.495,0.473,0.0,0.0,1.0,0.703,0.0,0.0,0.0,1.0,36.0,21.0,23.0,627.37,732.42,0.0,0.0,0.0,0.0,0.0,0.0,0.0,0.0,384.8,504.7,0.0,0.0,185.32,517.54,0.0,0.0,0.0,226.01,28.08,27.29,36.0,36.0,36.0,36.0,36.0,36.0,36.0,36.0,25.09,24.67,36.0,36.0,22.62,26.15,36.0,36.0,36.0,22.87,0.018948,0.020113,0.0,0.0,0.0,0.0,0.0,0.0,0.0,0.0,0.008437,0.010658,0.0,0.0,0.003314,0.012564,0.0,0.0,0.0,0.004117
2020-01-05 14:00:00,21.77,21.69,23.3,21.49,22.89,22.03,21.93,24.62,22.02,21.0,21.53,21.54,24.15,22.45,21.26,21.99,20.41,23.95,21.86,21.21,3.31,388.2,0.82,0.643,0.0,0.0,0.0,0.0,0.0,0.0,0.0,0.0,0.495,0.473,0.0,0.0,1.0,0.703,0.0,0.0,0.0,1.0,36.0,21.0,23.0,615.83,726.03,0.0,0.0,0.0,0.0,0.0,0.0,0.0,0.0,376.05,494.59,0.0,0.0,182.75,498.42,0.0,0.0,0.0,222.21,28.22,27.36,36.0,36.0,36.0,36.0,36.0,36.0,36.0,36.0,25.34,24.9,36.0,36.0,22.81,26.51,36.0,36.0,36.0,23.09,0.018948,0.020113,0.0,0.0,0.0,0.0,0.0,0.0,0.0,0.0,0.008437,0.010658,0.0,0.0,0.003314,0.012564,0.0,0.0,0.0,0.004117
2020-01-05 14:15:00,20.72,20.78,23.06,21.27,22.94,22.04,21.9,24.65,22.21,21.0,21.4,21.44,24.12,22.62,21.24,21.83,20.67,23.89,22.05,21.18,3.35,384.6,0.0,0.0,0.0,0.0,0.0,0.0,0.0,0.0,0.0,0.641,0.0,0.0,0.0,0.0,0.0,0.0,1.0,0.0,0.0,0.0,36.0,21.0,23.0,0.0,0.0,0.0,0.0,0.0,0.0,0.0,0.0,0.0,125.48,0.0,0.0,0.0,0.0,0.0,0.0,1170.27,0.0,0.0,0.0,36.0,36.0,36.0,36.0,36.0,36.0,36.0,36.0,36.0,21.86,36.0,36.0,36.0,36.0,36.0,36.0,24.22,36.0,36.0,36.0,0.0,0.0,0.0,0.0,0.0,0.0,0.0,0.0,0.0,0.002123,0.0,0.0,0.0,0.0,0.0,0.0,0.023767,0.0,0.0,0.0
2020-01-05 14:30:00,20.32,20.39,22.81,20.95,22.96,22.0,21.84,24.64,22.46,21.03,21.11,21.16,24.08,22.83,21.17,21.44,21.28,23.81,22.3,21.07,3.38,360.4,0.0,0.0,0.0,0.0,0.0,0.0,0.0,0.0,0.0,0.641,0.0,0.0,0.0,0.0,0.0,0.0,1.0,0.0,0.0,0.0,36.0,21.0,23.0,0.0,0.0,0.0,0.0,0.0,0.0,0.0,0.0,0.0,123.7,0.0,0.0,0.0,0.0,0.0,0.0,1021.46,0.0,0.0,0.0,36.0,36.0,36.0,36.0,36.0,36.0,36.0,36.0,36.0,22.06,36.0,36.0,36.0,36.0,36.0,36.0,25.72,36.0,36.0,36.0,0.0,0.0,0.0,0.0,0.0,0.0,0.0,0.0,0.0,0.002123,0.0,0.0,0.0,0.0,0.0,0.0,0.023767,0.0,0.0,0.0
2020-01-05 14:45:00,20.12,20.18,22.62,20.77,22.96,21.95,21.76,24.59,22.62,21.08,20.83,20.9,23.99,23.03,21.09,21.0,21.93,23.7,22.51,20.96,3.41,336.2,0.0,0.0,0.0,0.0,0.0,0.0,0.0,0.0,0.0,0.641,0.0,0.0,0.0,0.0,0.0,0.0,1.0,0.0,0.0,0.0,36.0,21.0,23.0,0.0,0.0,0.0,0.0,0.0,0.0,0.0,0.0,0.0,122.52,0.0,0.0,0.0,0.0,0.0,0.0,935.62,0.0,0.0,0.0,36.0,36.0,36.0,36.0,36.0,36.0,36.0,36.0,36.0,22.19,36.0,36.0,36.0,36.0,36.0,36.0,26.58,36.0,36.0,36.0,0.0,0.0,0.0,0.0,0.0,0.0,0.0,0.0,0.0,0.002123,0.0,0.0,0.0,0.0,0.0,0.0,0.023767,0.0,0.0,0.0
2020-01-05 15:00:00,19.94,20.0,22.41,20.65,22.98,21.91,21.69,24.48,22.6,21.12,20.57,20.67,23.86,23.2,21.0,20.64,22.27,23.54,22.7,20.84,3.34,312.0,0.0,0.0,0.0,0.0,0.0,0.0,0.0,0.0,0.0,0.641,0.0,0.0,0.0,0.0,0.0,0.0,1.0,0.0,0.0,0.0,36.0,21.0,23.0,0.0,0.0,0.0,0.0,0.0,0.0,0.0,0.0,0.0,121.68,0.0,0.0,0.0,0.0,0.0,0.0,881.1,0.0,0.0,0.0,36.0,36.0,36.0,36.0,36.0,36.0,36.0,36.0,36.0,22.29,36.0,36.0,36.0,36.0,36.0,36.0,27.13,36.0,36.0,36.0,0.0,0.0,0.0,0.0,0.0,0.0,0.0,0.0,0.0,0.002123,0.0,0.0,0.0,0.0,0.0,0.0,0.023767,0.0,0.0,0.0
2020-01-05 15:15:00,20.82,20.91,22.42,21.2,22.89,21.77,21.54,24.41,22.49,21.09,20.79,20.88,23.73,23.3,21.02,20.85,22.12,23.37,22.8,20.87,3.27,287.8,1.0,1.0,0.0,1.0,0.0,0.0,0.0,0.0,0.0,0.0,1.0,1.0,0.0,0.0,1.0,1.0,0.0,0.0,0.0,1.0,36.0,21.0,23.0,771.38,1066.15,0.0,1013.61,0.0,0.0,0.0,0.0,0.0,0.0,807.78,1094.06,0.0,0.0,193.06,822.48,0.0,0.0,0.0,238.22,28.02,27.85,36.0,27.92,36.0,36.0,36.0,36.0,36.0,36.0,24.65,24.39,36.0,36.0,22.06,24.99,36.0,36.0,36.0,22.16,0.023114,0.031288,0.0,0.030001,0.0,0.0,0.0,0.0,0.0,0.0,0.017031,0.022553,0.0,0.0,0.003314,0.017867,0.0,0.0,0.0,0.004117
2020-01-05 15:30:00,21.46,21.55,22.4,21.72,22.82,21.63,21.37,24.21,22.24,21.02,21.3,21.39,23.5,23.32,21.12,21.39,21.71,23.1,22.81,20.99,3.2,217.9,1.0,1.0,0.0,1.0,0.0,0.0,0.0,0.0,0.0,0.0,1.0,1.0,0.0,0.0,1.0,1.0,0.0,0.0,0.0,1.0,36.0,21.0,23.0,793.62,1093.65,0.0,1044.24,0.0,0.0,0.0,0.0,0.0,0.0,710.06,969.35,0.0,0.0,187.96,722.47,0.0,0.0,0.0,230.5,27.79,27.64,36.0,27.67,36.0,36.0,36.0,36.0,36.0,36.0,26.03,25.72,36.0,36.0,22.43,26.33,36.0,36.0,36.0,22.61,0.023114,0.031288,0.0,0.030001,0.0,0.0,0.0,0.0,0.0,0.0,0.017031,0.022553,0.0,0.0,0.003314,0.017867,0.0,0.0,0.0,0.004117
2020-01-05 15:45:00,21.53,21.62,22.08,21.75,22.69,21.45,21.17,23.9,21.91,20.94,21.79,21.89,23.21,23.15,21.22,21.91,21.26,22.77,22.61,21.13,3.14,148.1,1.0,1.0,0.0,1.0,0.0,0.0,0.0,0.0,0.0,0.0,1.0,1.0,0.0,0.0,1.0,1.0,0.0,0.0,0.0,1.0,36.0,21.0,23.0,791.09,1089.48,0.0,1043.35,0.0,0.0,0.0,0.0,0.0,0.0,655.52,897.74,0.0,0.0,184.51,666.96,0.0,0.0,0.0,225.31,27.81,27.67,36.0,27.68,36.0,36.0,36.0,36.0,36.0,36.0,26.79,26.48,36.0,36.0,22.68,27.07,36.0,36.0,36.0,22.91,0.023114,0.031288,0.0,0.030001,0.0,0.0,0.0,0.0,0.0,0.0,0.017031,0.022553,0.0,0.0,0.003314,0.017867,0.0,0.0,0.0,0.004117
2020-01-05 16:00:00,21.47,21.58,21.76,21.64,22.52,21.22,20.93,23.55,21.57,20.87,22.04,22.12,22.87,22.85,21.3,22.12,20.84,22.39,22.25,21.24,2.92,78.3,1.0,1.0,0.0,1.0,0.0,0.0,0.0,0.0,0.0,0.0,1.0,1.0,0.0,0.0,1.0,1.0,0.0,0.0,0.0,1.0,36.0,21.0,23.0,796.58,1096.1,0.0,1053.68,0.0,0.0,0.0,0.0,0.0,0.0,622.17,852.83,0.0,0.0,181.96,633.41,0.0,0.0,0.0,221.49,27.76,27.62,36.0,27.6,36.0,36.0,36.0,36.0,36.0,36.0,27.26,26.95,36.0,36.0,22.87,27.52,36.0,36.0,36.0,23.13,0.023114,0.031288,0.0,0.030001,0.0,0.0,0.0,0.0,0.0,0.0,0.017031,0.022553,0.0,0.0,0.003314,0.017867,0.0,0.0,0.0,0.004117
2020-01-05 16:15:00,20.46,20.34,21.49,21.23,22.32,20.93,20.74,23.25,21.41,20.89,21.85,21.96,22.48,22.46,21.36,21.88,20.94,22.02,21.8,21.22,2.71,8.5,0.123,0.0,0.0,1.0,0.0,0.0,1.0,0.0,0.27,1.0,0.0,0.0,0.0,0.0,1.0,0.0,1.0,0.0,0.0,0.0,36.0,21.0,23.0,157.46,0.0,0.0,1074.27,0.0,0.0,1192.99,0.0,292.51,195.46,0.0,0.0,0.0,0.0,180.0,0.0,1103.77,0.0,0.0,0.0,22.8,36.0,36.0,27.43,36.0,36.0,23.14,36.0,23.57,21.87,36.0,36.0,36.0,36.0,23.01,36.0,24.89,36.0,36.0,36.0,0.002854,0.0,0.0,0.030001,0.0,0.0,0.022187,0.0,0.005632,0.00331,0.0,0.0,0.0,0.0,0.003314,0.0,0.023767,0.0,0.0,0.0
2020-01-05 16:30:00,20.01,19.84,21.14,20.88,22.15,20.66,21.0,22.95,21.28,20.99,21.33,21.51,22.13,22.01,21.44,21.3,21.42,21.8,21.29,21.1,2.49,0.0,0.123,0.0,0.0,1.0,0.0,0.0,1.0,0.0,0.27,1.0,0.0,0.0,0.0,0.0,1.0,0.0,1.0,0.0,0.0,0.0,36.0,21.0,23.0,158.63,0.0,0.0,1087.32,0.0,0.0,1044.52,0.0,289.3,190.02,0.0,0.0,0.0,0.0,178.43,0.0,984.32,0.0,0.0,0.0,22.7,36.0,36.0,27.33,36.0,36.0,24.74,36.0,23.71,22.27,36.0,36.0,36.0,36.0,23.12,36.0,26.09,36.0,36.0,36.0,0.002854,0.0,0.0,0.030001,0.0,0.0,0.022187,0.0,0.005632,0.00331,0.0,0.0,0.0,0.0,0.003314,0.0,0.023767,0.0,0.0,0.0
2020-01-05 16:45:00,19.82,19.6,20.86,20.74,22.0,20.42,21.22,22.67,21.18,21.1,20.79,21.05,21.8,21.65,21.51,20.71,21.86,21.68,20.9,20.99,2.27,0.0,0.123,0.0,0.0,1.0,0.0,0.0,1.0,0.0,0.27,1.0,0.0,0.0,0.0,0.0,1.0,0.0,1.0,0.0,0.0,0.0,36.0,21.0,23.0,160.1,0.0,0.0,1078.89,0.0,0.0,961.11,0.0,288.34,186.32,0.0,0.0,0.0,0.0,177.1,0.0,916.24,0.0,0.0,0.0,22.58,36.0,36.0,27.4,36.0,36.0,25.64,36.0,23.75,22.54,36.0,36.0,36.0,36.0,23.22,36.0,26.78,36.0,36.0,36.0,0.002854,0.0,0.0,0.030001,0.0,0.0,0.022187,0.0,0.005632,0.00331,0.0,0.0,0.0,0.0,0.003314,0.0,0.023767,0.0,0.0,0.0
2020-01-05 17:00:00,19.68,19.43,20.61,20.65,21.84,20.18,21.38,22.41,21.1,21.19,20.44,20.68,21.5,21.36,21.57,20.29,22.09,21.55,20.58,20.89,2.23,0.0,0.123,0.0,0.0,1.0,0.0,0.0,1.0,0.0,0.27,1.0,0.0,0.0,0.0,0.0,1.0,0.0,1.0,0.0,0.0,0.0,36.0,21.0,23.0,161.24,0.0,0.0,1069.77,0.0,0.0,909.31,0.0,288.4,183.6,0.0,0.0,0.0,0.0,175.96,0.0,873.53,0.0,0.0,0.0,22.48,36.0,36.0,27.47,36.0,36.0,26.2,36.0,23.75,22.73,36.0,36.0,36.0,36.0,23.3,36.0,27.21,36.0,36.0,36.0,0.002854,0.0,0.0,0.030001,0.0,0.0,0.022187,0.0,0.005632,0.00331,0.0,0.0,0.0,0.0,0.003314,0.0,0.023767,0.0,0.0,0.0
2020-01-05 17:15:00,20.38,20.23,21.39,20.93,21.69,20.15,21.49,22.19,21.25,21.25,20.57,20.79,21.46,21.12,21.62,20.44,22.23,21.41,20.69,20.91,2.19,0.0,1.0,1.0,1.0,1.0,0.0,1.0,1.0,0.0,1.0,1.0,1.0,1.0,1.0,0.0,1.0,1.0,1.0,0.0,1.0,1.0,36.0,21.0,23.0,820.38,1139.96,692.89,1051.68,0.0,937.12,875.16,0.0,952.88,181.5,798.78,1069.42,687.07,0.0,174.93,833.29,845.65,0.0,1097.62,237.58,27.51,27.28,28.6,27.61,36.0,22.65,26.56,36.0,25.08,22.88,24.78,24.66,25.81,36.0,23.37,24.84,27.49,36.0,24.29,22.19,0.023114,0.031288,0.022413,0.030001,0.0,0.0168,0.022187,0.0,0.020884,0.00331,0.017031,0.022553,0.016137,0.0,0.003314,0.017867,0.023767,0.0,0.022431,0.004117
2020-01-05 17:30:00,20.91,20.89,21.8,21.29,21.55,20.55,21.59,21.95,21.61,21.33,21.04,21.25,21.71,20.85,21.68,20.96,22.36,21.22,21.15,21.03,2.15,0.0,1.0,1.0,1.0,1.0,0.0,1.0,1.0,0.0,1.0,1.0,1.0,1.0,1.0,0.0,1.0,1.0,1.0,0.0,1.0,1.0,36.0,21.0,23.0,834.38,1171.52,716.61,1033.62,0.0,808.95,851.24,0.0,872.7,179.82,709.73,958.39,614.88,0.0,174.0,736.75,826.73,0.0,975.47,229.88,27.36,27.04,28.35,27.76,36.0,24.48,26.82,36.0,26.0,23.0,26.03,25.83,26.88,36.0,23.44,26.13,27.68,36.0,25.6,22.64,0.023114,0.031288,0.022413,0.030001,0.0,0.0168,0.022187,0.0,0.020884,0.00331,0.017031,0.022553,0.016137,0.0,0.003314,0.017867,0.023767,0.0,0.022431,0.004117
2020-01-05 17:45:00,21.02,20.99,21.86,21.45,21.42,20.96,21.65,21.73,21.94,21.4,21.49,21.68,22.02,20.6,21.74,21.45,22.47,21.09,21.63,21.17,2.1,0.0,1.0,1.0,1.0,1.0,0.0,1.0,1.0,0.0,1.0,1.0,1.0,1.0,1.0,0.0,1.0,1.0,1.0,0.0,1.0,1.0,36.0,21.0,23.0,826.96,1162.82,719.98,1012.8,0.0,736.48,833.94,0.0,825.07,178.41,659.99,894.81,575.62,0.0,173.14,682.67,812.77,0.0,905.15,224.7,27.44,27.11,28.31,27.92,36.0,25.51,27.01,36.0,26.55,23.11,26.73,26.51,27.47,36.0,23.5,26.86,27.82,36.0,26.35,22.94,0.023114,0.031288,0.022413,0.030001,0.0,0.0168,0.022187,0.0,0.020884,0.00331,0.017031,0.022553,0.016137,0.0,0.003314,0.017867,0.023767,0.0,0.022431,0.004117
2020-01-05 18:00:00,21.0,20.96,21.81,21.48,21.32,21.26,21.7,21.52,22.2,21.47,21.77,21.89,22.17,20.4,21.8,21.74,22.51,20.95,21.96,21.28,2.03,0.0,1.0,1.0,1.0,1.0,0.0,1.0,1.0,0.0,1.0,1.0,1.0,1.0,1.0,0.0,1.0,1.0,1.0,0.0,1.0,1.0,36.0,21.0,23.0,792.94,1121.51,699.72,963.33,0.0,691.94,821.45,0.0,794.47,177.23,629.71,855.37,552.13,0.0,172.35,649.92,802.69,0.0,860.88,220.95,27.79,27.42,28.53,28.32,36.0,26.15,27.14,36.0,26.9,23.19,27.15,26.93,27.81,36.0,23.56,27.3,27.92,36.0,26.82,23.16,0.023114,0.031288,0.022413,0.030001,0.0,0.0168,0.022187,0.0,0.020884,0.00331,0.017031,0.022553,0.016137,0.0,0.003314,0.017867,0.023767,0.0,0.022431,0.004117
2020-01-05 18:15:00,21.05,20.72,20.75,21.36,21.18,21.16,21.71,21.35,22.02,21.52,21.9,22.03,22.12,20.56,21.84,21.52,22.57,20.99,21.77,21.36,1.96,0.0,1.0,0.648,0.0,1.0,0.0,0.0,1.0,0.0,0.0,1.0,1.0,1.0,0.0,1.0,1.0,0.0,1.0,0.278,0.0,1.0,36.0,21.0,23.0,822.56,880.03,0.0,986.29,0.0,0.0,810.99,0.0,0.0,176.12,609.04,828.76,0.0,1077.76,171.55,0.0,794.78,258.48,0.0,217.95,27.49,25.61,36.0,28.14,36.0,36.0,27.26,36.0,36.0,23.27,27.44,27.21,36.0,23.86,23.62,36.0,28.0,22.89,36.0,23.33,0.023114,0.020272,0.0,0.030001,0.0,0.0,0.022187,0.0,0.0,0.00331,0.017031,0.022553,0.0,0.021246,0.003314,0.0,0.023767,0.004718,0.0,0.004117
2020-01-05 18:30:00,21.06,20.61,20.4,21.25,21.04,20.87,21.78,21.14,21.59,21.59,22.05,22.17,21.78,21.02,21.9,20.98,22.64,21.03,21.3,21.45,1.89,0.0,1.0,0.648,0.0,1.0,0.0,0.0,1.0,0.0,0.0,1.0,1.0,1.0,0.0,1.0,1.0,0.0,1.0,0.278,0.0,1.0,36.0,21.0,23.0,811.34,868.41,0.0,985.33,0.0,0.0,802.64,0.0,0.0,175.14,595.47,810.65,0.0,957.21,170.82,0.0,788.16,250.79,0.0,215.61,27.6,25.75,36.0,28.14,36.0,36.0,27.35,36.0,36.0,23.34,27.64,27.4,36.0,25.22,23.67,36.0,28.07,23.28,36.0,23.47,0.023114,0.020272,0.0,0.030001,0.0,0.0,0.022187,0.0,0.0,0.00331,0.017031,0.022553,0.0,0.021246,0.003314,0.0,0.023767,0.004718,0.0,0.004117
2020-01-05 18:45:00,21.1,20.62,20.25,21.22,20.92,20.52,21.85,20.93,21.14,21.65,22.16,22.28,21.41,21.48,21.95,20.42,22.7,21.08,20.8,21.54,1.81,0.0,1.0,0.648,0.0,1.0,0.0,0.0,1.0,0.0,0.0,1.0,1.0,1.0,0.0,1.0,1.0,0.0,1.0,0.278,0.0,1.0,36.0,21.0,23.0,799.27,859.97,0.0,982.9,0.0,0.0,795.28,0.0,0.0,174.23,585.5,797.11,0.0,887.3,170.11,0.0,782.3,246.31,0.0,213.64,27.73,25.85,36.0,28.16,36.0,36.0,27.42,36.0,36.0,23.41,27.78,27.54,36.0,26.01,23.72,36.0,28.13,23.51,36.0,23.59,0.023114,0.020272,0.0,0.030001,0.0,0.0,0.022187,0.0,0.0,0.00331,0.017031,0.022553,0.0,0.021246,0.003314,0.0,0.023767,0.004718,0.0,0.004117
2020-01-05 19:00:00,21.16,20.65,20.14,21.21,20.82,20.22,21.92,20.76,20.83,21.7,22.26,22.4,21.1,21.79,22.0,20.03,22.77,21.14,20.44,21.62,1.75,0.0,1.0,0.648,0.0,1.0,0.0,0.0,1.0,0.0,0.0,1.0,1.0,1.0,0.0,1.0,1.0,0.0,1.0,0.278,0.0,1.0,36.0,21.0,23.0,786.71,850.38,0.0,979.64,0.0,0.0,788.62,0.0,0.0,173.38,577.75,786.38,0.0,842.39,169.43,0.0,776.96,243.5,0.0,211.93,27.86,25.96,36.0,28.19,36.0,36.0,27.5,36.0,36.0,23.47,27.88,27.66,36.0,26.51,23.77,36.0,28.18,23.65,36.0,23.68,0.023114,0.020272,0.0,0.030001,0.0,0.0,0.022187,0.0,0.0,0.00331,0.017031,0.022553,0.0,0.021246,0.003314,0.0,0.023767,0.004718,0.0,0.004117
2020-01-05 19:15:00,21.25,20.92,20.87,21.38,20.96,20.3,21.98,20.94,20.95,21.75,22.35,22.49,21.14,21.67,22.05,20.22,22.83,21.11,20.58,21.69,1.68,0.0,1.0,0.9,1.0,1.0,1.0,1.0,1.0,1.0,1.0,1.0,1.0,1.0,1.0,0.0,1.0,1.0,0.977,0.0,1.0,1.0,36.0,21.0,23.0,773.67,1042.53,760.77,972.71,185.15,846.9,782.51,779.42,992.43,172.58,571.27,777.2,710.67,0.0,168.77,847.3,756.85,0.0,1079.35,210.41,27.99,27.14,27.88,28.24,22.56,23.94,27.56,24.34,24.63,23.53,27.98,27.76,25.46,36.0,23.82,24.65,28.2,36.0,24.49,23.77,0.023114,0.028147,0.022413,0.030001,0.003296,0.0168,0.022187,0.015987,0.020884,0.00331,0.017031,0.022553,0.016137,0.0,0.003314,0.017867,0.023214,0.0,0.022431,0.004117
2020-01-05 19:30:00,21.37,21.13,21.38,21.58,21.22,20.7,22.0,21.38,21.37,21.81,22.44,22.6,21.46,21.27,22.1,20.78,22.9,21.03,21.08,21.76,1.61,0.0,1.0,0.9,1.0,1.0,1.0,1.0,1.0,1.0,1.0,1.0,1.0,1.0,1.0,0.0,1.0,1.0,0.977,0.0,1.0,1.0,36.0,21.0,23.0,760.18,1029.98,783.83,965.13,186.15,749.19,776.99,684.0,896.65,171.82,565.73,769.17,637.35,0.0,168.13,748.04,754.11,0.0,966.96,209.05,28.13,27.25,27.63,28.3,22.49,25.33,27.62,25.76,25.73,23.58,28.05,27.84,26.55,36.0,23.86,25.98,28.23,36.0,25.69,23.85,0.023114,0.028147,0.022413,0.030001,0.003296,0.0168,0.022187,0.015987,0.020884,0.00331,0.017031,0.022553,0.016137,0.0,0.003314,0.017867,0.023214,0.0,0.022431,0.004117
2020-01-05 19:45:00,21.48,21.24,21.41,21.69,21.37,21.09,22.02,21.75,21.78,21.86,22.53,22.7,21.81,20.86,22.15,21.31,22.97,20.95,21.57,21.83,1.54,0.0,1.0,0.9,1.0,1.0,1.0,1.0,1.0,1.0,1.0,1.0,1.0,1.0,1.0,0.0,1.0,1.0,0.977,0.0,1.0,1.0,36.0,21.0,23.0,746.27,1013.19,781.48,956.8,185.6,694.12,772.38,629.99,840.99,171.08,560.73,761.78,596.6,0.0,167.5,692.04,750.54,0.0,901.42,207.78,28.28,27.39,27.66,28.37,22.53,26.12,27.67,26.57,26.37,23.64,28.12,27.92,27.16,36.0,23.91,26.73,28.27,36.0,26.39,23.93,0.023114,0.028147,0.022413,0.030001,0.003296,0.0168,0.022187,0.015987,0.020884,0.00331,0.017031,0.022553,0.016137,0.0,0.003314,0.017867,0.023214,0.0,0.022431,0.004117
2020-01-05 20:00:00,21.49,21.26,21.37,21.69,21.46,21.34,22.03,21.96,22.02,21.92,22.58,22.76,22.01,20.52,22.2,21.6,22.99,20.82,21.83,21.9,1.48,0.0,1.0,0.9,1.0,1.0,1.0,1.0,1.0,1.0,1.0,1.0,1.0,1.0,1.0,0.0,1.0,1.0,0.977,0.0,1.0,1.0,36.0,21.0,23.0,706.02,967.3,755.11,919.35,184.32,660.17,768.81,597.62,805.92,170.4,556.53,755.58,571.94,0.0,166.91,657.99,747.27,0.0,860.27,206.64,28.69,27.78,27.94,28.67,22.62,26.6,27.71,27.06,26.77,23.69,28.18,27.99,27.52,36.0,23.95,27.19,28.3,36.0,26.82,23.99,0.023114,0.028147,0.022413,0.030001,0.003296,0.0168,0.022187,0.015987,0.020884,0.00331,0.017031,0.022553,0.016137,0.0,0.003314,0.017867,0.023214,0.0,0.022431,0.004117
2020-01-05 20:15:00,20.59,20.55,20.35,21.33,21.32,21.22,22.0,21.77,21.86,21.96,22.47,22.8,21.89,20.66,22.24,21.75,22.87,20.91,21.64,21.95,1.41,0.0,0.086,0.199,0.0,1.0,0.0,0.0,1.0,0.0,0.0,1.0,0.442,1.0,0.0,1.0,1.0,1.0,0.504,0.529,0.0,1.0,36.0,21.0,23.0,102.09,312.5,0.0,960.28,0.0,0.0,765.54,0.0,0.0,169.68,270.65,750.3,0.0,1031.4,166.29,634.87,418.07,488.12,0.0,205.49,23.72,24.0,36.0,28.34,36.0,36.0,27.75,36.0,36.0,23.74,27.4,28.04,36.0,24.39,24.0,27.5,27.65,22.98,36.0,24.06,0.001989,0.006231,0.0,0.030001,0.0,0.0,0.022187,0.0,0.0,0.00331,0.007527,0.022553,0.0,0.021246,0.003314,0.017867,0.011983,0.008969,0.0,0.004117
2020-01-05 20:30:00,20.21,20.21,19.98,21.03,21.18,20.88,22.06,21.39,21.42,22.02,22.24,22.86,21.52,21.05,22.29,21.9,22.68,21.05,21.15,22.01,1.35,0.0,0.086,0.199,0.0,1.0,0.0,0.0,1.0,0.0,0.0,1.0,0.442,1.0,0.0,1.0,1.0,1.0,0.504,0.529,0.0,1.0,36.0,21.0,23.0,101.62,310.2,0.0,965.14,0.0,0.0,762.78,0.0,0.0,169.02,288.88,745.68,0.0,929.18,165.72,619.77,441.94,454.93,0.0,204.45,23.78,24.09,36.0,28.3,36.0,36.0,27.78,36.0,36.0,23.79,26.82,28.09,36.0,25.54,24.04,27.7,27.18,23.87,36.0,24.12,0.001989,0.006231,0.0,0.030001,0.0,0.0,0.022187,0.0,0.0,0.00331,0.007527,0.022553,0.0,0.021246,0.003314,0.017867,0.011983,0.008969,0.0,0.004117
2020-01-05 20:45:00,20.09,20.12,19.86,20.94,21.0,20.49,22.14,21.07,20.94,22.07,22.02,22.91,21.13,21.44,22.33,22.02,22.5,21.2,20.62,22.08,1.29,0.0,0.086,0.199,0.0,1.0,0.0,0.0,1.0,0.0,0.0,1.0,0.442,1.0,0.0,1.0,1.0,1.0,0.504,0.529,0.0,1.0,36.0,21.0,23.0,102.13,310.32,0.0,968.48,0.0,0.0,759.49,0.0,0.0,168.38,300.57,741.42,0.0,870.53,165.14,608.74,457.41,434.78,0.0,203.44,23.71,24.09,36.0,28.28,36.0,36.0,27.81,36.0,36.0,23.83,26.45,28.14,36.0,26.2,24.08,27.85,26.87,24.4,36.0,24.18,0.001989,0.006231,0.0,0.030001,0.0,0.0,0.022187,0.0,0.0,0.00331,0.007527,0.022553,0.0,0.021246,0.003314,0.017867,0.011983,0.008969,0.0,0.004117
2020-01-05 21:00:00,20.01,20.07,19.8,20.88,20.87,20.13,22.22,20.81,20.62,22.12,21.86,22.96,20.8,21.69,22.38,22.11,22.38,21.31,20.24,22.14,1.22,0.0,0.086,0.199,0.0,1.0,0.0,0.0,1.0,0.0,0.0,1.0,0.442,1.0,0.0,1.0,1.0,1.0,0.504,0.529,0.0,1.0,36.0,21.0,23.0,102.36,309.72,0.0,969.83,0.0,0.0,756.07,0.0,0.0,167.74,308.73,737.64,0.0,833.24,164.58,600.46,468.26,421.55,0.0,202.48,23.69,24.11,36.0,28.27,36.0,36.0,27.85,36.0,36.0,23.88,26.19,28.18,36.0,26.62,24.12,27.96,26.65,24.76,36.0,24.23,0.001989,0.006231,0.0,0.030001,0.0,0.0,0.022187,0.0,0.0,0.00331,0.007527,0.022553,0.0,0.021246,0.003314,0.017867,0.011983,0.008969,0.0,0.004117
2020-01-05 21:15:00,20.77,20.79,20.62,21.17,21.03,20.21,22.24,20.94,20.73,22.16,21.94,22.91,20.84,21.52,22.42,22.18,22.45,21.25,20.39,22.19,1.15,0.0,1.0,1.0,1.0,1.0,1.0,1.0,1.0,1.0,1.0,1.0,1.0,0.644,1.0,0.0,1.0,1.0,1.0,0.0,1.0,1.0,36.0,21.0,23.0,729.85,1044.08,737.63,963.52,181.84,830.96,752.9,744.05,1003.69,167.13,642.79,501.58,732.43,0.0,164.03,593.86,865.02,0.0,1087.34,201.55,28.45,28.02,28.13,28.32,22.8,24.17,27.88,24.87,24.5,23.92,26.97,27.74,25.14,36.0,24.16,28.05,27.29,36.0,24.4,24.29,0.023114,0.031288,0.022413,0.030001,0.003296,0.0168,0.022187,0.015987,0.020884,0.00331,0.017031,0.014524,0.016137,0.0,0.003314,0.017867,0.023767,0.0,0.022431,0.004117
2020-01-05 21:30:00,21.29,21.26,21.25,21.53,21.28,20.62,22.21,21.34,21.13,22.21,22.18,22.8,21.18,21.08,22.46,22.25,22.64,21.08,20.86,22.24,1.07,0.0,1.0,1.0,1.0,1.0,1.0,1.0,1.0,1.0,1.0,1.0,1.0,0.644,1.0,0.0,1.0,1.0,1.0,0.0,1.0,1.0,36.0,21.0,23.0,737.6,1046.1,742.37,956.29,181.68,737.64,750.59,664.17,907.19,166.52,604.72,520.47,656.22,0.0,163.48,588.49,821.0,0.0,975.05,200.66,28.37,28.0,28.08,28.37,22.81,25.5,27.91,26.06,25.61,23.97,27.51,27.43,26.27,36.0,24.2,28.12,27.74,36.0,25.6,24.34,0.023114,0.031288,0.022413,0.030001,0.003296,0.0168,0.022187,0.015987,0.020884,0.00331,0.017031,0.014524,0.016137,0.0,0.003314,0.017867,0.023767,0.0,0.022431,0.004117
2020-01-05 21:45:00,21.41,21.38,21.4,21.69,21.43,21.01,22.12,21.68,21.55,22.26,22.36,22.68,21.53,20.66,22.51,22.32,22.74,20.91,21.36,22.3,1.0,0.0,1.0,1.0,1.0,1.0,1.0,1.0,1.0,1.0,1.0,1.0,1.0,0.644,1.0,0.0,1.0,1.0,1.0,0.0,1.0,1.0,36.0,21.0,23.0,727.45,1030.02,722.53,947.17,180.11,685.52,749.7,619.24,851.29,165.93,583.36,532.15,613.89,0.0,162.95,583.89,796.35,0.0,909.69,199.79,28.47,28.12,28.29,28.45,22.93,26.24,27.92,26.73,26.25,24.01,27.81,27.23,26.9,36.0,24.24,28.18,27.98,36.0,26.3,24.39,0.023114,0.031288,0.022413,0.030001,0.003296,0.0168,0.022187,0.015987,0.020884,0.00331,0.017031,0.014524,0.016137,0.0,0.003314,0.017867,0.023767,0.0,0.022431,0.004117
2020-01-05 22:00:00,21.41,21.4,21.43,21.69,21.53,21.26,22.1,21.88,21.82,22.31,22.48,22.61,21.78,20.33,22.55,22.38,22.84,20.75,21.66,22.36,0.91,0.0,1.0,1.0,1.0,1.0,1.0,1.0,1.0,1.0,1.0,1.0,1.0,0.644,1.0,0.0,1.0,1.0,1.0,0.0,1.0,1.0,36.0,21.0,23.0,696.56,987.01,691.03,911.71,178.5,653.62,749.45,592.15,816.01,165.37,570.4,539.82,588.17,0.0,162.44,580.06,781.64,0.0,868.48,198.98,28.79,28.45,28.62,28.73,23.04,26.69,27.92,27.14,26.65,24.05,27.99,27.11,27.28,36.0,24.28,28.23,28.13,36.0,26.74,24.44,0.023114,0.031288,0.022413,0.030001,0.003296,0.0168,0.022187,0.015987,0.020884,0.00331,0.017031,0.014524,0.016137,0.0,0.003314,0.017867,0.023767,0.0,0.022431,0.004117
2020-01-05 22:15:00,20.53,20.34,20.44,21.31,21.38,21.15,22.07,21.7,21.9,22.27,22.24,22.67,21.65,20.48,22.59,22.08,22.86,20.87,21.48,22.3,0.82,0.0,0.09,0.0,0.0,1.0,0.0,0.0,1.0,0.0,0.812,0.0,0.0,1.0,0.0,1.0,1.0,0.0,0.855,0.692,0.0,0.0,36.0,21.0,23.0,104.95,0.0,0.0,952.94,0.0,0.0,748.56,0.0,661.62,0.0,0.0,798.06,0.0,1037.48,161.9,0.0,676.0,616.71,0.0,0.0,23.93,36.0,36.0,28.4,36.0,36.0,27.93,36.0,26.67,36.0,36.0,27.53,36.0,24.32,24.31,36.0,28.04,23.41,36.0,36.0,0.00208,0.0,0.0,0.030001,0.0,0.0,0.022187,0.0,0.016964,0.0,0.0,0.022553,0.0,0.021246,0.003314,0.0,0.020321,0.01172,0.0,0.0
2020-01-05 22:30:00,20.15,19.94,20.05,20.98,21.22,20.78,22.15,21.3,21.97,22.18,21.7,22.81,21.26,20.92,22.63,21.51,22.86,21.08,21.01,22.17,0.73,0.0,0.09,0.0,0.0,1.0,0.0,0.0,1.0,0.0,0.812,0.0,0.0,1.0,0.0,1.0,1.0,0.0,0.855,0.692,0.0,0.0,36.0,21.0,23.0,104.52,0.0,0.0,958.05,0.0,0.0,747.49,0.0,661.22,0.0,0.0,769.85,0.0,935.12,161.39,0.0,681.48,563.64,0.0,0.0,23.98,36.0,36.0,28.36,36.0,36.0,27.94,36.0,26.67,36.0,36.0,27.83,36.0,25.47,24.35,36.0,27.98,24.49,36.0,36.0,0.00208,0.0,0.0,0.030001,0.0,0.0,0.022187,0.0,0.016964,0.0,0.0,0.022553,0.0,0.021246,0.003314,0.0,0.020321,0.01172,0.0,0.0
2020-01-05 22:45:00,20.04,19.81,19.94,20.88,21.08,20.37,22.27,20.95,22.02,22.09,21.17,22.92,20.87,21.35,22.67,20.91,22.86,21.31,20.52,22.04,0.64,0.0,0.09,0.0,0.0,1.0,0.0,0.0,1.0,0.0,0.812,0.0,0.0,1.0,0.0,1.0,1.0,0.0,0.855,0.692,0.0,0.0,36.0,21.0,23.0,105.17,0.0,0.0,961.19,0.0,0.0,745.04,0.0,658.92,0.0,0.0,753.33,0.0,875.76,160.89,0.0,683.83,532.07,0.0,0.0,23.9,36.0,36.0,28.34,36.0,36.0,27.97,36.0,26.71,36.0,36.0,28.01,36.0,26.14,24.39,36.0,27.95,25.14,36.0,36.0,0.00208,0.0,0.0,0.030001,0.0,0.0,0.022187,0.0,0.016964,0.0,0.0,0.022553,0.0,0.021246,0.003314,0.0,0.020321,0.01172,0.0,0.0
2020-01-05 23:00:00,19.94,19.7,19.84,20.81,20.95,19.99,22.37,20.7,22.06,22.0,20.8,22.98,20.52,21.6,22.71,20.47,22.85,21.47,20.13,21.92,0.56,0.0,0.09,0.0,0.0,1.0,0.0,0.0,1.0,0.0,0.812,0.0,0.0,1.0,0.0,1.0,1.0,0.0,0.855,0.692,0.0,0.0,36.0,21.0,23.0,105.62,0.0,0.0,962.98,0.0,0.0,742.13,0.0,656.16,0.0,0.0,742.77,0.0,837.78,160.39,0.0,684.89,511.54,0.0,0.0,23.85,36.0,36.0,28.32,36.0,36.0,28.0,36.0,26.75,36.0,36.0,28.12,36.0,26.57,24.42,36.0,27.94,25.56,36.0,36.0,0.00208,0.0,0.0,0.030001,0.0,0.0,0.022187,0.0,0.016964,0.0,0.0,0.022553,0.0,0.021246,0.003314,0.0,0.020321,0.01172,0.0,0.0
2020-01-05 23:15:00,20.69,20.57,20.65,21.11,21.07,20.06,22.39,20.82,22.14,22.01,20.91,22.92,20.57,21.44,22.75,20.59,22.85,21.39,20.27,21.93,0.48,0.0,1.0,1.0,1.0,1.0,0.756,1.0,1.0,1.0,1.0,1.0,1.0,0.6,1.0,0.0,1.0,1.0,0.872,0.0,1.0,1.0,36.0,21.0,23.0,724.37,1015.47,708.79,957.0,138.47,829.17,739.55,748.06,781.44,178.64,766.16,472.15,750.18,0.0,159.9,809.4,696.69,0.0,1095.9,219.29,28.5,28.24,28.43,28.37,22.71,24.19,28.03,24.81,27.05,23.09,25.24,27.66,24.88,36.0,24.46,25.16,27.95,36.0,24.31,23.26,0.023114,0.031288,0.022413,0.030001,0.002493,0.0168,0.022187,0.015987,0.020884,0.00331,0.017031,0.013541,0.016137,0.0,0.003314,0.017867,0.020715,0.0,0.022431,0.004117
2020-01-05 23:30:00,21.2,21.17,21.22,21.49,21.26,20.5,22.33,21.19,22.26,22.08,21.31,22.79,20.93,21.02,22.79,21.07,22.85,21.19,20.76,22.03,0.4,0.0,1.0,1.0,1.0,1.0,0.756,1.0,1.0,1.0,1.0,1.0,1.0,0.6,1.0,0.0,1.0,1.0,0.872,0.0,1.0,1.0,36.0,21.0,23.0,732.97,1029.13,719.15,949.51,138.51,737.04,738.1,668.73,762.26,174.31,684.02,491.35,671.68,0.0,159.42,719.11,695.5,0.0,982.64,212.76,28.41,28.13,28.32,28.43,22.71,25.5,28.04,25.99,27.27,23.4,26.39,27.32,26.04,36.0,24.49,26.37,27.97,36.0,25.52,23.64,0.023114,0.031288,0.022413,0.030001,0.002493,0.0168,0.022187,0.015987,0.020884,0.00331,0.017031,0.013541,0.016137,0.0,0.003314,0.017867,0.020715,0.0,0.022431,0.004117
2020-01-05 23:45:00,21.3,21.28,21.33,21.63,21.4,20.91,22.24,21.54,22.36,22.16,21.71,22.67,21.31,20.55,22.83,21.52,22.85,21.0,21.22,22.13,0.33,0.0,1.0,1.0,1.0,1.0,0.756,1.0,1.0,1.0,1.0,1.0,1.0,0.6,1.0,0.0,1.0,1.0,0.872,0.0,1.0,1.0,36.0,21.0,23.0,725.21,1016.19,710.32,941.21,138.04,685.53,738.07,624.43,749.58,171.44,638.97,503.3,627.78,0.0,158.94,669.28,694.73,0.0,917.01,208.47,28.49,28.23,28.42,28.49,22.75,26.24,28.04,26.66,27.41,23.61,27.02,27.11,26.69,36.0,24.53,27.04,27.98,36.0,26.22,23.89,0.023114,0.031288,0.022413,0.030001,0.002493,0.0168,0.022187,0.015987,0.020884,0.00331,0.017031,0.013541,0.016137,0.0,0.003314,0.017867,0.020715,0.0,0.022431,0.004117
2020-01-06 00:00:00,21.29,21.28,21.33,21.62,21.48,21.15,22.18,21.73,22.43,22.23,21.96,22.54,21.56,20.19,22.87,21.78,22.83,20.79,21.5,22.22,0.26,0.0,1.0,1.0,1.0,1.0,0.756,1.0,1.0,1.0,1.0,1.0,1.0,0.6,1.0,0.0,1.0,1.0,0.872,0.0,1.0,1.0,36.0,21.0,23.0,695.32,976.1,681.28,907.2,137.4,654.01,738.79,597.52,740.64,169.39,611.95,511.31,601.07,0.0,158.48,639.43,694.2,0.0,875.99,205.43,28.8,28.54,28.73,28.77,22.82,26.69,28.03,27.06,27.52,23.76,27.4,26.97,27.09,36.0,24.56,27.44,27.98,36.0,26.66,24.06,0.023114,0.031288,0.022413,0.030001,0.002493,0.0168,0.022187,0.015987,0.020884,0.00331,0.017031,0.013541,0.016137,0.0,0.003314,0.017867,0.020715,0.0,0.022431,0.004117
2020-01-06 00:15:00,20.81,20.58,20.57,21.38,21.34,21.02,22.09,21.53,22.21,22.21,21.72,22.58,21.41,20.33,22.9,21.67,22.83,20.85,21.3,22.18,0.19,0.0,0.404,0.233,0.147,1.0,0.0,0.0,1.0,0.0,0.027,0.0,0.0,1.0,0.0,1.0,1.0,0.339,0.918,0.669,0.0,0.0,36.0,21.0,23.0,387.44,340.56,159.14,944.72,0.0,0.0,739.45,0.0,23.31,0.0,0.0,806.77,0.0,1044.15,158.0,238.99,725.64,591.83,0.0,0.0,26.07,24.84,24.42,28.47,36.0,36.0,28.03,36.0,26.14,36.0,36.0,27.44,36.0,24.24,24.6,26.57,28.04,23.51,36.0,36.0,0.009333,0.007298,0.003287,0.030001,0.0,0.0,0.022187,0.0,0.000566,0.0,0.0,0.022553,0.0,0.021246,0.003314,0.006062,0.021821,0.011334,0.0,0.0
2020-01-06 00:30:00,20.58,20.3,20.28,21.15,21.19,20.61,22.12,21.1,21.76,22.12,21.17,22.69,20.96,20.74,22.94,21.38,22.82,21.0,20.81,22.06,0.12,0.0,0.404,0.233,0.147,1.0,0.0,0.0,1.0,0.0,0.027,0.0,0.0,1.0,0.0,1.0,1.0,0.339,0.918,0.669,0.0,0.0,36.0,21.0,23.0,386.29,339.25,158.45,949.33,0.0,0.0,740.16,0.0,25.96,0.0,0.0,775.8,0.0,942.24,157.54,256.29,721.86,545.44,0.0,0.0,26.1,24.88,24.47,28.43,36.0,36.0,28.02,36.0,25.03,36.0,36.0,27.77,36.0,25.39,24.63,25.89,28.09,24.49,36.0,36.0,0.009333,0.007298,0.003287,0.030001,0.0,0.0,0.022187,0.0,0.000566,0.0,0.0,0.022553,0.0,0.021246,0.003314,0.006062,0.021821,0.011334,0.0,0.0
2020-01-06 00:45:00,20.52,20.21,20.19,21.08,21.03,20.13,22.18,20.74,21.26,22.04,20.67,22.78,20.54,21.14,22.98,21.09,22.81,21.16,20.28,21.94,0.05,0.0,0.404,0.233,0.147,1.0,0.0,0.0,1.0,0.0,0.027,0.0,0.0,1.0,0.0,1.0,1.0,0.339,0.918,0.669,0.0,0.0,36.0,21.0,23.0,387.75,340.86,159.31,952.46,0.0,0.0,739.74,0.0,27.87,0.0,0.0,758.5,0.0,883.74,157.08,267.67,719.91,518.29,0.0,0.0,26.06,24.83,24.41,28.4,36.0,36.0,28.02,36.0,24.22,36.0,36.0,27.95,36.0,26.05,24.66,25.44,28.11,25.06,36.0,36.0,0.009333,0.007298,0.003287,0.030001,0.0,0.0,0.022187,0.0,0.000566,0.0,0.0,0.022553,0.0,0.021246,0.003314,0.006062,0.021821,0.011334,0.0,0.0
2020-01-06 01:00:00,20.48,20.16,20.13,21.03,20.87,19.76,22.25,20.49,20.93,21.96,20.32,22.84,20.18,21.38,23.02,20.87,22.81,21.28,19.91,21.83,-0.04,0.0,0.404,0.233,0.147,1.0,0.0,0.0,1.0,0.0,0.027,0.0,0.0,1.0,0.0,1.0,1.0,0.339,0.918,0.669,0.0,0.0,36.0,21.0,23.0,388.39,341.67,159.77,953.84,0.0,0.0,738.73,0.0,29.38,0.0,0.0,747.87,0.0,846.59,156.63,275.86,718.77,500.91,0.0,0.0,26.04,24.8,24.37,28.39,36.0,36.0,28.03,36.0,23.58,36.0,36.0,28.07,36.0,26.47,24.69,25.11,28.12,25.43,36.0,36.0,0.009333,0.007298,0.003287,0.030001,0.0,0.0,0.022187,0.0,0.000566,0.0,0.0,0.022553,0.0,0.021246,0.003314,0.006062,0.021821,0.011334,0.0,0.0
2020-01-06 01:15:00,20.95,20.8,20.79,21.24,21.01,19.84,22.25,20.61,21.01,21.96,20.45,22.85,20.24,21.22,23.0,20.99,22.82,21.19,20.04,21.74,-0.14,0.0,1.0,1.0,1.0,1.0,1.0,1.0,1.0,1.0,1.0,1.0,1.0,0.918,1.0,0.0,0.363,1.0,0.948,0.0,1.0,0.0,36.0,21.0,23.0,722.56,1011.24,706.33,949.76,178.81,833.49,737.71,758.05,961.79,180.08,795.79,689.31,767.17,0.0,58.16,731.27,737.71,0.0,1108.51,0.0,28.52,28.27,28.46,28.43,23.02,24.13,28.05,24.66,24.98,22.99,24.82,28.04,24.63,36.0,24.42,26.21,28.17,36.0,24.18,36.0,0.023114,0.031288,0.022413,0.030001,0.003296,0.0168,0.022187,0.015987,0.020884,0.00331,0.017031,0.020705,0.016137,0.0,0.001202,0.017867,0.022534,0.0,0.022431,0.0
2020-01-06 01:30:00,21.19,21.17,21.21,21.49,21.25,20.23,22.18,21.0,21.34,22.04,20.81,22.85,20.64,20.76,22.96,21.27,22.83,21.02,20.51,21.64,-0.23,0.0,1.0,1.0,1.0,1.0,1.0,1.0,1.0,1.0,1.0,1.0,1.0,0.918,1.0,0.0,0.363,1.0,0.948,0.0,1.0,0.0,36.0,21.0,23.0,725.94,1018.12,713.23,945.15,179.08,741.93,737.58,677.79,876.02,175.49,709.14,691.21,686.64,0.0,59.26,676.11,734.6,0.0,994.63,0.0,28.49,28.22,28.39,28.46,23.0,25.43,28.05,25.86,25.96,23.32,26.04,28.01,25.82,36.0,24.2,26.95,28.2,36.0,25.39,36.0,0.023114,0.031288,0.022413,0.030001,0.003296,0.0168,0.022187,0.015987,0.020884,0.00331,0.017031,0.020705,0.016137,0.0,0.001202,0.017867,0.022534,0.0,0.022431,0.0
2020-01-06 01:45:00,21.26,21.23,21.27,21.57,21.44,20.66,22.09,21.35,21.68,22.13,21.2,22.85,21.02,20.3,22.92,21.51,22.83,20.82,20.97,21.55,-0.33,0.0,1.0,1.0,1.0,1.0,1.0,1.0,1.0,1.0,1.0,1.0,1.0,0.918,1.0,0.0,0.363,1.0,0.948,0.0,1.0,0.0,36.0,21.0,23.0,721.55,1009.57,706.71,940.61,177.99,691.18,738.45,633.01,827.43,172.43,661.98,691.77,641.68,0.0,60.01,645.51,732.73,0.0,929.09,0.0,28.53,28.28,28.46,28.5,23.08,26.16,28.04,26.53,26.52,23.54,26.7,28.01,26.49,36.0,24.05,27.36,28.22,36.0,26.09,36.0,0.023114,0.031288,0.022413,0.030001,0.003296,0.0168,0.022187,0.015987,0.020884,0.00331,0.017031,0.020705,0.016137,0.0,0.001202,0.017867,0.022534,0.0,0.022431,0.0
2020-01-06 02:00:00,21.23,21.22,21.26,21.55,21.56,20.92,22.06,21.57,21.91,22.2,21.45,22.85,21.29,19.97,22.87,21.68,22.84,20.64,21.26,21.46,-0.42,0.0,1.0,1.0,1.0,1.0,1.0,1.0,1.0,1.0,1.0,1.0,1.0,0.918,1.0,0.0,0.363,1.0,0.948,0.0,1.0,0.0,36.0,21.0,23.0,692.62,970.91,678.63,907.56,176.45,660.32,739.8,605.88,797.43,170.23,633.6,691.7,614.24,0.0,60.56,627.08,731.39,0.0,888.32,0.0,28.83,28.58,28.76,28.76,23.19,26.6,28.02,26.93,26.86,23.7,27.1,28.01,26.89,36.0,23.94,27.6,28.24,36.0,26.53,36.0,0.023114,0.031288,0.022413,0.030001,0.003296,0.0168,0.022187,0.015987,0.020884,0.00331,0.017031,0.020705,0.016137,0.0,0.001202,0.017867,0.022534,0.0,0.022431,0.0
2020-01-06 02:15:00,20.8,20.67,20.71,21.38,21.34,20.97,22.01,21.37,22.01,22.25,21.58,22.85,21.17,20.12,22.89,21.76,22.83,20.81,21.04,21.39,-0.51,0.0,0.446,0.359,0.321,1.0,0.0,0.682,1.0,0.0,1.0,1.0,1.0,0.898,0.0,1.0,1.0,1.0,0.881,1.0,0.0,0.0,36.0,21.0,23.0,416.13,484.87,312.03,942.88,0.0,461.64,740.41,0.0,776.93,168.5,614.91,678.57,0.0,1057.18,163.8,614.49,686.42,841.22,0.0,0.0,26.34,25.67,25.62,28.48,36.0,26.36,28.02,36.0,27.1,23.82,27.36,27.98,36.0,24.1,24.18,27.77,28.15,24.12,36.0,36.0,0.010306,0.011225,0.007192,0.030001,0.0,0.011461,0.022187,0.0,0.020884,0.00331,0.017031,0.020251,0.0,0.021246,0.003314,0.017867,0.020929,0.016941,0.0,0.0
2020-01-06 02:30:00,20.61,20.47,20.5,21.2,21.18,20.9,22.11,20.94,22.12,22.32,21.7,22.84,20.81,20.54,22.94,21.85,22.8,21.11,20.54,21.31,-0.6,0.0,0.446,0.359,0.321,1.0,0.0,0.682,1.0,0.0,1.0,1.0,1.0,0.898,0.0,1.0,1.0,1.0,0.881,1.0,0.0,0.0,36.0,21.0,23.0,415.38,483.55,311.06,947.43,0.0,469.88,740.72,0.0,763.3,167.15,602.65,679.71,0.0,953.59,161.16,606.14,691.3,739.52,0.0,0.0,26.36,25.69,25.65,28.44,36.0,26.19,28.01,36.0,27.26,23.92,27.53,27.97,36.0,25.26,24.37,27.88,28.1,25.56,36.0,36.0,0.010306,0.011225,0.007192,0.030001,0.0,0.011461,0.022187,0.0,0.020884,0.00331,0.017031,0.020251,0.0,0.021246,0.003314,0.017867,0.020929,0.016941,0.0,0.0
2020-01-06 02:45:00,20.55,20.4,20.44,21.14,21.01,20.79,22.25,20.62,22.21,22.37,21.8,22.84,20.47,20.96,23.0,21.91,22.78,21.41,20.02,21.23,-0.69,0.0,0.446,0.359,0.321,1.0,0.0,0.682,1.0,0.0,1.0,1.0,1.0,0.898,0.0,1.0,1.0,1.0,0.881,1.0,0.0,0.0,36.0,21.0,23.0,416.97,485.42,312.34,950.33,0.0,473.99,739.11,0.0,753.23,166.02,593.74,680.21,0.0,894.0,159.38,599.96,694.18,683.04,0.0,0.0,26.32,25.65,25.61,28.42,36.0,26.11,28.03,36.0,27.37,24.0,27.66,27.96,36.0,25.93,24.5,27.97,28.06,26.35,36.0,36.0,0.010306,0.011225,0.007192,0.030001,0.0,0.011461,0.022187,0.0,0.020884,0.00331,0.017031,0.020251,0.0,0.021246,0.003314,0.017867,0.020929,0.016941,0.0,0.0
2020-01-06 03:00:00,20.51,20.36,20.39,21.11,20.85,20.68,22.38,20.37,22.28,22.42,21.88,22.85,20.25,21.21,23.05,21.97,22.77,21.63,19.65,21.15,-0.75,0.0,0.446,0.359,0.321,1.0,0.0,0.682,1.0,0.0,1.0,1.0,1.0,0.898,0.0,1.0,1.0,1.0,0.881,1.0,0.0,0.0,36.0,21.0,23.0,417.63,486.2,312.89,951.48,0.0,476.42,736.72,0.0,745.48,165.05,586.99,680.34,0.0,856.04,158.06,595.23,695.96,648.26,0.0,0.0,26.31,25.64,25.59,28.41,36.0,26.06,28.06,36.0,27.46,24.07,27.75,27.96,36.0,26.36,24.59,28.03,28.04,26.85,36.0,36.0,0.010306,0.011225,0.007192,0.030001,0.0,0.011461,0.022187,0.0,0.020884,0.00331,0.017031,0.020251,0.0,0.021246,0.003314,0.017867,0.020929,0.016941,0.0,0.0
2020-01-06 03:15:00,20.93,20.9,20.92,21.26,20.99,20.75,22.42,20.5,22.03,22.44,21.95,22.86,20.38,21.03,23.02,22.02,22.8,21.53,19.83,21.18,-0.81,0.0,1.0,1.0,1.0,1.0,1.0,1.0,1.0,1.0,0.0,0.536,1.0,0.907,1.0,0.0,0.072,1.0,1.0,0.0,1.0,1.0,36.0,21.0,23.0,725.8,1014.03,710.14,952.49,178.2,662.33,734.32,766.92,0.0,89.71,581.56,685.92,776.77,0.0,11.77,591.35,775.63,0.0,1125.44,237.4,28.49,28.25,28.42,28.4,23.06,26.57,28.08,24.52,36.0,23.9,27.83,27.98,24.48,36.0,24.21,28.08,28.19,36.0,24.0,22.2,0.023114,0.031288,0.022413,0.030001,0.003296,0.0168,0.022187,0.015987,0.0,0.001774,0.017031,0.02045,0.016137,0.0,0.000239,0.017867,0.023767,0.0,0.022431,0.004117
2020-01-06 03:30:00,21.15,21.15,21.18,21.45,21.22,20.97,22.34,20.89,21.56,22.42,22.01,22.87,20.76,20.59,22.94,22.07,22.85,21.26,20.33,21.32,-0.86,0.0,1.0,1.0,1.0,1.0,1.0,1.0,1.0,1.0,0.0,0.536,1.0,0.907,1.0,0.0,0.072,1.0,1.0,0.0,1.0,1.0,36.0,21.0,23.0,733.13,1026.17,720.33,944.87,179.27,636.77,733.53,685.24,0.0,90.69,577.05,684.98,693.44,0.0,12.08,588.04,765.36,0.0,1008.98,228.48,28.41,28.15,28.31,28.47,22.99,26.93,28.09,25.75,36.0,23.77,27.89,27.99,25.72,36.0,23.9,28.13,28.3,36.0,25.24,22.72,0.023114,0.031288,0.022413,0.030001,0.003296,0.0168,0.022187,0.015987,0.0,0.001774,0.017031,0.02045,0.016137,0.0,0.000239,0.017867,0.023767,0.0,0.022431,0.004117
2020-01-06 03:45:00,21.18,21.17,21.2,21.51,21.4,21.21,22.22,21.24,21.08,22.41,22.07,22.88,21.13,20.14,22.87,22.11,22.89,21.03,20.79,21.46,-0.92,0.0,1.0,1.0,1.0,1.0,1.0,1.0,1.0,1.0,0.0,0.536,1.0,0.907,1.0,0.0,0.072,1.0,1.0,0.0,1.0,1.0,36.0,21.0,23.0,735.2,1029.46,723.22,941.37,179.14,620.54,734.23,639.81,0.0,91.31,573.19,684.23,647.07,0.0,12.31,585.17,759.24,0.0,941.86,222.45,28.39,28.13,28.28,28.49,23.0,27.16,28.08,26.43,36.0,23.69,27.95,28.0,26.41,36.0,23.67,28.16,28.36,36.0,25.95,23.07,0.023114,0.031288,0.022413,0.030001,0.003296,0.0168,0.022187,0.015987,0.0,0.001774,0.017031,0.02045,0.016137,0.0,0.000239,0.017867,0.023767,0.0,0.022431,0.004117
2020-01-06 04:00:00,21.14,21.14,21.16,21.49,21.5,21.37,22.18,21.45,20.72,22.4,22.12,22.89,21.37,19.8,22.78,22.15,22.92,20.8,21.08,21.59,-0.96,0.0,1.0,1.0,1.0,1.0,1.0,1.0,1.0,1.0,0.0,0.536,1.0,0.907,1.0,0.0,0.072,1.0,1.0,0.0,1.0,1.0,36.0,21.0,23.0,711.06,999.01,701.34,908.77,178.5,609.41,735.56,612.14,0.0,91.72,569.87,683.52,618.63,0.0,12.48,582.67,755.19,0.0,899.68,218.11,28.64,28.36,28.51,28.75,23.04,27.32,28.07,26.84,36.0,23.63,28.0,28.0,26.83,36.0,23.5,28.2,28.4,36.0,26.4,23.33,0.023114,0.031288,0.022413,0.030001,0.003296,0.0168,0.022187,0.015987,0.0,0.001774,0.017031,0.02045,0.016137,0.0,0.000239,0.017867,0.023767,0.0,0.022431,0.004117
2020-01-06 04:15:00,20.91,20.67,20.77,21.38,21.27,21.12,22.09,21.25,20.84,22.35,22.17,22.87,21.17,19.97,22.8,22.18,22.85,20.9,20.87,21.56,-1.0,0.0,0.665,0.453,0.49,1.0,0.0,0.0,1.0,0.0,1.0,0.0,1.0,0.828,0.0,1.0,1.0,1.0,0.707,0.694,0.004,0.0,36.0,21.0,23.0,573.6,604.01,453.62,940.32,0.0,0.0,736.34,0.0,978.69,0.0,566.86,632.14,0.0,1068.51,168.33,580.43,559.29,598.1,4.65,0.0,27.07,25.8,26.12,28.5,36.0,36.0,28.06,36.0,24.79,36.0,28.04,27.91,36.0,23.97,23.85,28.23,28.03,23.84,24.94,36.0,0.015371,0.014161,0.010981,0.030001,0.0,0.0,0.022187,0.0,0.020884,0.0,0.017031,0.018684,0.0,0.021246,0.003314,0.017867,0.016793,0.011765,0.000101,0.0
2020-01-06 04:30:00,20.76,20.49,20.59,21.25,21.08,20.62,22.15,20.81,21.2,22.27,22.21,22.85,20.71,20.41,22.86,22.22,22.74,21.07,20.38,21.45,-1.04,0.0,0.665,0.453,0.49,1.0,0.0,0.0,1.0,0.0,1.0,0.0,1.0,0.828,0.0,1.0,1.0,1.0,0.707,0.694,0.004,0.0,36.0,21.0,23.0,577.84,608.96,457.5,946.39,0.0,0.0,736.55,0.0,888.46,0.0,564.16,637.41,0.0,963.46,164.46,578.36,577.92,552.29,5.17,0.0,27.01,25.71,26.03,28.45,36.0,36.0,28.06,36.0,25.82,36.0,28.08,27.84,36.0,25.15,24.13,28.26,27.77,24.77,23.71,36.0,0.015371,0.014161,0.010981,0.030001,0.0,0.0,0.022187,0.0,0.020884,0.0,0.017031,0.018684,0.0,0.021246,0.003314,0.017867,0.016793,0.011765,0.000101,0.0
2020-01-06 04:45:00,20.72,20.42,20.53,21.19,20.88,20.12,22.23,20.49,21.56,22.19,22.25,22.82,20.26,20.82,22.93,22.25,22.64,21.24,19.89,21.35,-1.08,0.0,0.665,0.453,0.49,1.0,0.0,0.0,1.0,0.0,1.0,0.0,1.0,0.828,0.0,1.0,1.0,1.0,0.707,0.694,0.004,0.0,36.0,21.0,23.0,582.93,616.01,462.94,948.92,0.0,0.0,735.66,0.0,837.36,0.0,561.73,640.49,0.0,903.11,161.9,576.5,589.41,525.58,5.55,0.0,26.93,25.59,25.91,28.43,36.0,36.0,28.07,36.0,26.41,36.0,28.11,27.8,36.0,25.83,24.31,28.28,27.6,25.31,22.82,36.0,0.015371,0.014161,0.010981,0.030001,0.0,0.0,0.022187,0.0,0.020884,0.0,0.017031,0.018684,0.0,0.021246,0.003314,0.017867,0.016793,0.011765,0.000101,0.0
2020-01-06 05:00:00,20.69,20.37,20.49,21.15,20.68,19.76,22.31,20.23,21.78,22.12,22.29,22.81,19.92,21.09,22.98,22.27,22.57,21.38,19.52,21.25,-1.14,0.0,0.665,0.453,0.49,1.0,0.0,0.0,1.0,0.0,1.0,0.0,1.0,0.828,0.0,1.0,1.0,1.0,0.707,0.694,0.004,0.0,36.0,21.0,23.0,582.59,617.71,463.55,950.07,0.0,0.0,734.3,0.0,804.93,0.0,559.54,642.49,0.0,864.34,160.05,574.83,597.26,508.36,5.84,0.0,26.93,25.56,25.9,28.42,36.0,36.0,28.08,36.0,26.78,36.0,28.14,27.77,36.0,26.27,24.45,28.3,27.49,25.66,22.13,36.0,0.015371,0.014161,0.010981,0.030001,0.0,0.0,0.022187,0.0,0.020884,0.0,0.017031,0.018684,0.0,0.021246,0.003314,0.017867,0.016793,0.011765,0.000101,0.0
2020-01-06 05:15:00,20.95,20.82,20.88,21.26,20.79,19.86,22.32,20.35,21.94,22.07,22.32,22.85,20.03,20.91,23.01,22.3,22.62,21.28,19.69,21.28,-1.2,0.0,1.0,1.0,1.0,1.0,1.0,1.0,1.0,1.0,1.0,0.218,1.0,1.0,1.0,0.0,0.696,1.0,1.0,0.0,1.0,1.0,36.0,21.0,23.0,752.89,1064.9,748.14,950.96,183.56,814.79,732.87,773.91,783.6,40.26,557.54,755.67,785.96,0.0,111.9,573.32,810.89,0.0,1134.79,232.41,28.21,27.86,28.01,28.42,22.68,24.4,28.1,24.42,27.02,22.67,28.17,27.98,24.35,36.0,24.4,28.32,27.84,36.0,23.9,22.49,0.023114,0.031288,0.022413,0.030001,0.003296,0.0168,0.022187,0.015987,0.020884,0.000722,0.017031,0.022553,0.016137,0.0,0.002308,0.017867,0.023767,0.0,0.022431,0.004117
2020-01-06 05:30:00,21.09,21.03,21.07,21.4,21.05,20.28,22.25,20.73,22.05,22.03,22.36,22.92,20.44,20.47,23.02,22.32,22.71,21.07,20.19,21.4,-1.26,0.0,1.0,1.0,1.0,1.0,1.0,1.0,1.0,1.0,1.0,0.218,1.0,1.0,1.0,0.0,0.696,1.0,1.0,0.0,1.0,1.0,36.0,21.0,23.0,752.47,1069.56,750.57,945.32,184.39,727.7,732.64,691.79,768.84,40.28,555.72,741.87,702.65,0.0,112.26,571.95,787.21,0.0,1017.9,224.75,28.21,27.82,27.99,28.46,22.61,25.64,28.1,25.65,27.19,22.66,28.19,28.13,25.58,36.0,24.37,28.34,28.08,36.0,25.14,22.94,0.023114,0.031288,0.022413,0.030001,0.003296,0.0168,0.022187,0.015987,0.020884,0.000722,0.017031,0.022553,0.016137,0.0,0.002308,0.017867,0.023767,0.0,0.022431,0.004117
2020-01-06 05:45:00,21.12,21.05,21.09,21.45,21.22,20.7,22.16,21.08,22.14,22.0,22.38,22.97,20.86,20.03,23.03,22.34,22.79,20.87,20.65,21.52,-1.32,0.0,1.0,1.0,1.0,1.0,1.0,1.0,1.0,1.0,1.0,0.218,1.0,1.0,1.0,0.0,0.696,1.0,1.0,0.0,1.0,1.0,36.0,21.0,23.0,749.44,1066.37,747.82,942.59,183.88,679.76,733.55,646.1,758.07,40.35,554.05,733.74,656.06,0.0,112.42,570.7,773.85,0.0,950.56,219.58,28.24,27.85,28.02,28.48,22.65,26.32,28.09,26.33,27.32,22.64,28.22,28.22,26.27,36.0,24.35,28.36,28.21,36.0,25.86,23.24,0.023114,0.031288,0.022413,0.030001,0.003296,0.0168,0.022187,0.015987,0.020884,0.000722,0.017031,0.022553,0.016137,0.0,0.002308,0.017867,0.023767,0.0,0.022431,0.004117
2020-01-06 06:00:00,21.11,21.02,21.05,21.43,21.33,21.01,22.12,21.26,22.22,21.96,22.47,23.0,21.07,19.69,23.03,22.42,22.84,20.63,20.94,21.64,-1.36,0.0,1.0,1.0,1.0,1.0,1.0,1.0,1.0,1.0,1.0,0.218,1.0,1.0,1.0,0.0,0.696,1.0,1.0,0.0,1.0,1.0,36.0,21.0,23.0,718.99,1027.82,719.34,909.94,182.8,650.43,734.94,618.48,750.0,40.42,552.28,728.46,627.46,0.0,112.49,569.25,765.65,0.0,908.35,215.84,28.56,28.14,28.32,28.74,22.73,26.74,28.08,26.74,27.41,22.61,28.24,28.27,26.7,36.0,24.34,28.38,28.29,36.0,26.31,23.46,0.023114,0.031288,0.022413,0.030001,0.003296,0.0168,0.022187,0.015987,0.020884,0.000722,0.017031,0.022553,0.016137,0.0,0.002308,0.017867,0.023767,0.0,0.022431,0.004117
2020-01-06 06:15:00,20.94,20.73,20.85,21.37,21.09,20.98,22.04,21.05,22.27,21.92,22.49,22.91,20.97,19.86,22.99,22.44,22.83,20.8,20.86,21.61,-1.4,0.0,0.736,0.614,0.686,1.0,0.0,0.439,1.0,0.0,1.0,0.0,1.0,0.586,0.123,1.0,0.0,1.0,0.887,1.0,0.316,0.0,36.0,21.0,23.0,615.61,772.58,586.52,941.48,0.0,306.54,736.04,0.0,743.26,0.0,550.17,455.17,87.57,1076.48,0.0,567.29,687.28,836.53,312.42,0.0,27.35,26.37,26.87,28.49,36.0,26.07,28.06,36.0,27.49,36.0,28.27,27.76,25.44,23.88,36.0,28.4,28.2,24.19,25.47,36.0,0.017018,0.019201,0.015375,0.030001,0.0,0.007383,0.022187,0.0,0.020884,0.0,0.017031,0.013218,0.001984,0.021246,0.0,0.017867,0.021074,0.016941,0.007095,0.0
2020-01-06 06:30:00,20.87,20.62,20.76,21.29,20.89,20.79,22.13,20.61,22.33,21.86,22.52,22.74,20.62,20.29,22.91,22.47,22.81,21.09,20.62,21.5,-1.44,0.0,0.736,0.614,0.686,1.0,0.0,0.439,1.0,0.0,1.0,0.0,1.0,0.586,0.123,1.0,0.0,1.0,0.887,1.0,0.316,0.0,36.0,21.0,23.0,614.63,772.77,586.05,945.31,0.0,322.39,736.16,0.0,737.73,0.0,548.47,476.09,95.97,970.57,0.0,565.85,693.25,737.52,332.37,0.0,27.36,26.37,26.88,28.46,36.0,25.55,28.06,36.0,27.55,36.0,28.3,27.38,24.43,25.07,36.0,28.42,28.13,25.59,24.79,36.0,0.017018,0.019201,0.015375,0.030001,0.0,0.007383,0.022187,0.0,0.020884,0.0,0.017031,0.013218,0.001984,0.021246,0.0,0.017867,0.021074,0.016941,0.007095,0.0
2020-01-06 06:45:00,20.85,20.61,20.74,21.26,20.68,20.58,22.26,20.29,22.39,21.79,22.54,22.59,20.33,20.7,22.82,22.48,22.78,21.36,20.39,21.39,-1.47,0.0,0.736,0.614,0.686,1.0,0.0,0.439,1.0,0.0,1.0,0.0,1.0,0.586,0.123,1.0,0.0,1.0,0.887,1.0,0.316,0.0,36.0,21.0,23.0,614.55,772.5,585.23,946.51,0.0,332.15,734.75,0.0,733.04,0.0,547.0,489.45,101.66,909.88,0.0,564.65,696.49,682.95,345.26,0.0,27.36,26.37,26.89,28.45,36.0,25.24,28.08,36.0,27.6,36.0,28.32,27.14,23.74,25.75,36.0,28.44,28.09,26.36,24.36,36.0,0.017018,0.019201,0.015375,0.030001,0.0,0.007383,0.022187,0.0,0.020884,0.0,0.017031,0.013218,0.001984,0.021246,0.0,0.017867,0.021074,0.016941,0.007095,0.0
2020-01-06 07:00:00,20.82,20.57,20.71,21.23,20.53,20.43,22.33,20.01,22.44,21.72,22.57,22.46,20.1,20.98,22.73,22.5,22.77,21.57,20.2,21.29,-1.52,0.0,0.736,0.614,0.686,1.0,0.0,0.439,1.0,0.0,1.0,0.0,1.0,0.586,0.123,1.0,0.0,1.0,0.887,1.0,0.316,0.0,36.0,21.0,23.0,596.63,754.83,569.0,914.95,0.0,338.72,732.64,0.0,729.02,0.0,545.63,498.53,105.78,871.78,0.0,563.55,698.29,650.19,354.17,0.0,27.61,26.6,27.15,28.7,36.0,25.02,28.1,36.0,27.65,36.0,28.34,26.98,23.24,26.18,36.0,28.45,28.07,26.82,24.06,36.0,0.017018,0.019201,0.015375,0.030001,0.0,0.007383,0.022187,0.0,0.020884,0.0,0.017031,0.013218,0.001984,0.021246,0.0,0.017867,0.021074,0.016941,0.007095,0.0
2020-01-06 07:15:00,20.99,20.87,20.93,21.2,20.56,20.5,22.46,20.18,22.14,21.66,22.59,22.53,20.25,20.86,22.66,22.52,22.8,21.36,20.42,21.2,-1.56,0.0,1.0,1.0,1.0,1.0,1.0,1.0,1.0,1.0,0.0,0.0,1.0,1.0,1.0,0.234,0.0,1.0,1.0,0.0,1.0,0.017,36.0,21.0,23.0,715.28,1025.93,714.55,914.76,185.07,706.53,731.95,783.44,0.0,0.0,544.4,805.3,757.66,224.18,0.0,562.59,773.89,0.0,1016.0,4.08,28.6,28.16,28.37,28.71,22.57,25.94,28.11,24.28,36.0,36.0,28.35,27.46,24.77,25.22,36.0,28.47,28.21,36.0,25.16,21.85,0.023114,0.031288,0.022413,0.030001,0.003296,0.0168,0.022187,0.015987,0.0,0.0,0.017031,0.022553,0.016137,0.004975,0.0,0.017867,0.023767,0.0,0.022431,6.9e-05
2020-01-06 07:30:00,21.1,21.01,21.05,21.4,20.84,20.8,22.31,20.51,21.7,21.62,22.61,22.66,20.59,20.61,22.6,22.53,22.85,21.2,20.74,21.13,-1.61,0.0,1.0,1.0,1.0,1.0,1.0,1.0,1.0,1.0,0.0,0.0,1.0,1.0,1.0,0.234,0.0,1.0,1.0,0.0,1.0,0.017,36.0,21.0,23.0,741.91,1060.36,739.59,944.57,187.15,662.4,730.47,700.12,0.0,0.0,543.28,773.44,686.25,240.4,0.0,561.73,764.21,0.0,941.17,4.12,28.32,27.89,28.11,28.47,22.41,26.57,28.12,25.52,36.0,36.0,28.37,27.8,25.83,24.44,36.0,28.48,28.31,36.0,25.96,21.71,0.023114,0.031288,0.022413,0.030001,0.003296,0.0168,0.022187,0.015987,0.0,0.0,0.017031,0.022553,0.016137,0.004975,0.0,0.017867,0.023767,0.0,0.022431,6.9e-05
2020-01-06 07:45:00,21.17,21.08,21.12,21.45,21.04,21.08,22.2,20.89,21.2,21.56,22.63,22.78,20.94,20.33,22.53,22.55,22.88,20.93,21.03,21.05,-1.65,0.0,1.0,1.0,1.0,1.0,1.0,1.0,1.0,1.0,0.0,0.0,1.0,1.0,1.0,0.234,0.0,1.0,1.0,0.0,1.0,0.017,36.0,21.0,23.0,738.83,1054.1,735.12,942.02,186.44,636.41,731.27,653.71,0.0,0.0,542.16,755.49,646.03,251.08,0.0,560.85,758.39,0.0,897.28,4.16,28.35,27.94,28.15,28.49,22.47,26.94,28.11,26.22,36.0,36.0,28.38,27.99,26.42,23.93,36.0,28.49,28.37,36.0,26.43,21.58,0.023114,0.031288,0.022413,0.030001,0.003296,0.0168,0.022187,0.015987,0.0,0.0,0.017031,0.022553,0.016137,0.004975,0.0,0.017867,0.023767,0.0,0.022431,6.9e-05
2020-01-06 08:00:00,21.15,21.08,21.11,21.44,21.16,21.27,22.16,21.13,20.84,21.49,22.66,22.87,21.17,20.1,22.46,22.57,22.92,20.71,21.25,20.97,-1.62,0.0,1.0,1.0,1.0,1.0,1.0,1.0,1.0,1.0,0.0,0.0,1.0,1.0,1.0,0.234,0.0,1.0,1.0,0.0,1.0,0.017,36.0,21.0,23.0,708.95,1012.77,704.93,909.03,185.19,619.87,732.88,625.56,0.0,0.0,541.06,744.43,621.27,258.65,0.0,559.98,754.5,0.0,869.47,4.19,28.66,28.26,28.48,28.75,22.56,27.17,28.1,26.64,36.0,36.0,28.4,28.1,26.79,23.56,36.0,28.5,28.41,36.0,26.73,21.47,0.023114,0.031288,0.022413,0.030001,0.003296,0.0168,0.022187,0.015987,0.0,0.0,0.017031,0.022553,0.016137,0.004975,0.0,0.017867,0.023767,0.0,0.022431,6.9e-05
2020-01-06 08:15:00,20.8,20.65,20.72,20.58,20.94,21.08,21.88,20.93,20.96,21.45,22.37,22.62,20.99,20.27,22.41,22.24,22.63,20.8,21.03,21.01,-1.6,4.8,0.634,0.559,0.589,0.053,0.0,0.0,0.0,0.0,1.0,0.0,0.0,0.0,0.0,1.0,0.0,0.0,0.0,0.966,0.0,0.961,36.0,21.0,23.0,550.05,711.25,516.87,79.94,0.0,0.0,0.0,0.0,966.14,0.0,0.0,0.0,0.0,996.53,0.0,0.0,0.0,798.04,0.0,230.14,27.02,26.27,26.64,24.08,36.0,36.0,36.0,36.0,24.93,36.0,36.0,36.0,36.0,24.78,36.0,36.0,36.0,24.34,36.0,22.08,0.014646,0.017488,0.013211,0.001604,0.0,0.0,0.0,0.0,0.020884,0.0,0.0,0.0,0.0,0.021246,0.0,0.0,0.0,0.016368,0.0,0.003957
2020-01-06 08:30:00,20.56,20.52,20.61,20.22,20.77,20.6,21.71,20.62,21.31,21.4,21.81,22.21,20.64,20.67,22.35,21.65,22.2,21.03,20.56,21.14,-1.57,53.8,0.634,0.559,0.589,0.053,0.0,0.0,0.0,0.0,1.0,0.0,0.0,0.0,0.0,1.0,0.0,0.0,0.0,0.966,0.0,0.961,36.0,21.0,23.0,551.64,694.48,498.38,81.14,0.0,0.0,0.0,0.0,877.13,0.0,0.0,0.0,0.0,918.75,0.0,0.0,0.0,702.53,0.0,222.11,26.99,26.5,26.97,23.9,36.0,36.0,36.0,36.0,25.95,36.0,36.0,36.0,36.0,25.65,36.0,36.0,36.0,25.73,36.0,22.57,0.014646,0.017488,0.013211,0.001604,0.0,0.0,0.0,0.0,0.020884,0.0,0.0,0.0,0.0,0.021246,0.0,0.0,0.0,0.016368,0.0,0.003957
2020-01-06 08:45:00,20.5,20.59,20.74,20.14,20.64,20.13,21.65,20.48,21.69,21.34,21.28,21.9,20.42,21.01,22.28,21.05,21.83,21.42,20.07,21.28,-1.54,102.7,0.634,0.559,0.589,0.053,0.0,0.0,0.0,0.0,1.0,0.0,0.0,0.0,0.0,1.0,0.0,0.0,0.0,0.966,0.0,0.961,36.0,21.0,23.0,553.03,681.86,479.16,82.96,0.0,0.0,0.0,0.0,826.55,0.0,0.0,0.0,0.0,872.55,0.0,0.0,0.0,638.01,0.0,216.69,26.97,26.67,27.32,23.63,36.0,36.0,36.0,36.0,26.53,36.0,36.0,36.0,36.0,26.18,36.0,36.0,36.0,26.67,36.0,22.9,0.014646,0.017488,0.013211,0.001604,0.0,0.0,0.0,0.0,0.020884,0.0,0.0,0.0,0.0,0.021246,0.0,0.0,0.0,0.016368,0.0,0.003957
2020-01-06 09:00:00,20.5,20.71,20.95,20.12,20.59,19.91,21.68,20.53,21.96,21.29,20.94,21.78,20.37,21.28,22.22,20.65,21.67,21.91,19.72,21.39,-1.36,151.7,0.634,0.559,0.589,0.053,0.0,0.0,0.0,0.0,1.0,0.0,0.0,0.0,0.0,1.0,0.0,0.0,0.0,0.966,0.0,0.961,36.0,21.0,23.0,553.25,667.69,453.96,84.49,0.0,0.0,0.0,0.0,793.45,0.0,0.0,0.0,0.0,841.16,0.0,0.0,0.0,584.72,0.0,212.7,26.96,26.87,27.78,23.4,36.0,36.0,36.0,36.0,26.91,36.0,36.0,36.0,36.0,26.53,36.0,36.0,36.0,27.45,36.0,23.14,0.014646,0.017488,0.013211,0.001604,0.0,0.0,0.0,0.0,0.020884,0.0,0.0,0.0,0.0,0.021246,0.0,0.0,0.0,0.016368,0.0,0.003957
2020-01-06 09:15:00,20.95,21.28,21.57,20.86,20.82,20.18,21.71,20.98,22.13,21.23,21.14,21.72,20.75,21.14,22.16,20.89,22.01,22.05,19.95,21.37,-1.17,200.6,1.0,1.0,1.0,1.0,1.0,1.0,0.0,0.852,0.901,0.0,1.0,0.0,1.0,0.0,0.0,1.0,1.0,0.0,1.0,0.0,36.0,21.0,23.0,738.42,969.71,609.42,1000.87,187.14,811.52,0.0,617.84,705.07,0.0,746.5,0.0,712.13,0.0,0.0,787.61,971.48,0.0,1114.5,0.0,28.36,28.59,29.5,28.02,22.42,24.44,36.0,25.15,27.04,36.0,25.51,36.0,25.44,36.0,36.0,25.45,26.22,36.0,24.11,36.0,0.023114,0.031288,0.022413,0.030001,0.003296,0.0168,0.0,0.013621,0.018815,0.0,0.017031,0.0,0.016137,0.0,0.0,0.017867,0.023767,0.0,0.022431,0.0
2020-01-06 09:30:00,21.24,21.63,22.05,21.38,21.15,20.77,21.67,21.57,22.24,21.19,21.54,21.65,21.41,20.82,22.11,21.35,22.53,22.01,20.46,21.28,-0.99,213.8,1.0,1.0,1.0,1.0,1.0,1.0,0.0,0.852,0.901,0.0,1.0,0.0,1.0,0.0,0.0,1.0,1.0,0.0,1.0,0.0,36.0,21.0,23.0,734.04,967.73,592.15,1023.28,187.5,719.31,0.0,536.9,697.41,0.0,665.3,0.0,607.9,0.0,0.0,697.57,854.65,0.0,996.39,0.0,28.4,28.6,29.68,27.84,22.39,25.76,36.0,26.57,27.13,36.0,26.65,36.0,26.99,36.0,36.0,26.66,27.4,36.0,25.37,36.0,0.023114,0.031288,0.022413,0.030001,0.003296,0.0168,0.0,0.013621,0.018815,0.0,0.017031,0.0,0.016137,0.0,0.0,0.017867,0.023767,0.0,0.022431,0.0
2020-01-06 09:45:00,21.37,21.78,22.32,21.52,21.41,21.34,21.61,22.11,22.36,21.13,22.0,21.57,22.09,20.41,22.05,21.87,23.1,21.98,21.03,21.17,-0.8,227.0,1.0,1.0,1.0,1.0,1.0,1.0,0.0,0.852,0.901,0.0,1.0,0.0,1.0,0.0,0.0,1.0,1.0,0.0,1.0,0.0,36.0,21.0,23.0,729.47,965.97,575.28,1027.58,186.82,666.88,0.0,484.57,690.09,0.0,620.26,0.0,542.62,0.0,0.0,647.34,789.24,0.0,926.99,0.0,28.45,28.61,29.86,27.81,22.44,26.5,36.0,27.49,27.23,36.0,27.29,36.0,27.96,36.0,36.0,27.33,28.06,36.0,26.11,36.0,0.023114,0.031288,0.022413,0.030001,0.003296,0.0168,0.0,0.013621,0.018815,0.0,0.017031,0.0,0.016137,0.0,0.0,0.017867,0.023767,0.0,0.022431,0.0
2020-01-06 10:00:00,21.46,21.85,22.46,21.61,21.62,21.74,21.5,22.46,22.46,21.08,22.3,21.44,22.58,20.12,21.99,22.21,23.36,21.9,21.4,21.07,-0.62,240.1,1.0,1.0,1.0,1.0,1.0,1.0,0.0,0.852,0.901,0.0,1.0,0.0,1.0,0.0,0.0,1.0,1.0,0.0,1.0,0.0,36.0,21.0,23.0,726.01,970.98,566.97,1035.0,186.03,632.4,0.0,448.65,683.09,0.0,591.49,0.0,497.98,0.0,0.0,615.12,750.04,0.0,880.53,0.0,28.49,28.58,29.95,27.75,22.5,26.99,36.0,28.12,27.31,36.0,27.69,36.0,28.62,36.0,36.0,27.76,28.45,36.0,26.61,36.0,0.023114,0.031288,0.022413,0.030001,0.003296,0.0168,0.0,0.013621,0.018815,0.0,0.017031,0.0,0.016137,0.0,0.0,0.017867,0.023767,0.0,0.022431,0.0
2020-01-06 10:15:00,20.33,20.66,21.6,20.54,21.61,21.79,21.4,22.53,22.3,21.04,22.16,21.31,22.7,20.28,21.94,22.06,23.22,21.88,21.29,21.02,-0.45,253.3,0.054,0.0,0.0,0.0,0.0,0.0,0.0,0.0,0.0,0.0,0.0,0.0,0.0,1.0,0.0,0.0,0.0,0.0,0.0,0.181,36.0,21.0,23.0,64.97,0.0,0.0,0.0,0.0,0.0,0.0,0.0,0.0,0.0,0.0,0.0,0.0,1044.69,0.0,0.0,0.0,0.0,0.0,44.37,23.58,36.0,36.0,36.0,36.0,36.0,36.0,36.0,36.0,36.0,36.0,36.0,36.0,24.24,36.0,36.0,36.0,36.0,36.0,21.73,0.001252,0.0,0.0,0.0,0.0,0.0,0.0,0.0,0.0,0.0,0.0,0.0,0.0,0.021246,0.0,0.0,0.0,0.0,0.0,0.000744
2020-01-06 10:30:00,19.86,20.18,21.35,20.09,21.64,21.62,21.34,22.53,21.88,20.98,21.69,21.2,22.65,20.77,21.88,21.56,22.86,22.01,20.88,20.96,-0.27,288.6,0.054,0.0,0.0,0.0,0.0,0.0,0.0,0.0,0.0,0.0,0.0,0.0,0.0,1.0,0.0,0.0,0.0,0.0,0.0,0.181,36.0,21.0,23.0,64.43,0.0,0.0,0.0,0.0,0.0,0.0,0.0,0.0,0.0,0.0,0.0,0.0,939.13,0.0,0.0,0.0,0.0,0.0,44.46,23.69,36.0,36.0,36.0,36.0,36.0,36.0,36.0,36.0,36.0,36.0,36.0,36.0,25.43,36.0,36.0,36.0,36.0,36.0,21.7,0.001252,0.0,0.0,0.0,0.0,0.0,0.0,0.0,0.0,0.0,0.0,0.0,0.0,0.021246,0.0,0.0,0.0,0.0,0.0,0.000744
2020-01-06 10:45:00,19.78,20.02,21.51,20.07,21.68,21.46,21.32,22.65,21.46,20.93,21.29,21.05,22.63,21.26,21.83,21.09,22.41,22.16,20.43,20.92,-0.09,323.8,0.054,0.0,0.0,0.0,0.0,0.0,0.0,0.0,0.0,0.0,0.0,0.0,0.0,1.0,0.0,0.0,0.0,0.0,0.0,0.181,36.0,21.0,23.0,64.52,0.0,0.0,0.0,0.0,0.0,0.0,0.0,0.0,0.0,0.0,0.0,0.0,876.84,0.0,0.0,0.0,0.0,0.0,44.57,23.67,36.0,36.0,36.0,36.0,36.0,36.0,36.0,36.0,36.0,36.0,36.0,36.0,26.13,36.0,36.0,36.0,36.0,36.0,21.66,0.001252,0.0,0.0,0.0,0.0,0.0,0.0,0.0,0.0,0.0,0.0,0.0,0.0,0.021246,0.0,0.0,0.0,0.0,0.0,0.000744
2020-01-06 11:00:00,19.75,19.92,21.7,20.1,21.76,21.39,21.3,22.82,21.19,20.88,21.02,20.89,22.7,21.56,21.77,20.78,22.05,22.34,20.12,20.89,0.09,359.1,0.054,0.0,0.0,0.0,0.0,0.0,0.0,0.0,0.0,0.0,0.0,0.0,0.0,1.0,0.0,0.0,0.0,0.0,0.0,0.181,36.0,21.0,23.0,64.4,0.0,0.0,0.0,0.0,0.0,0.0,0.0,0.0,0.0,0.0,0.0,0.0,835.87,0.0,0.0,0.0,0.0,0.0,44.7,23.69,36.0,36.0,36.0,36.0,36.0,36.0,36.0,36.0,36.0,36.0,36.0,36.0,26.59,36.0,36.0,36.0,36.0,36.0,21.62,0.001252,0.0,0.0,0.0,0.0,0.0,0.0,0.0,0.0,0.0,0.0,0.0,0.0,0.021246,0.0,0.0,0.0,0.0,0.0,0.000744
2020-01-06 11:15:00,20.76,20.94,22.17,20.97,21.89,21.4,21.32,23.04,21.2,20.9,21.11,20.97,22.83,21.47,21.72,20.96,21.78,22.52,20.32,20.93,0.28,394.3,1.0,1.0,0.0,1.0,0.0,0.0,0.0,0.0,0.609,1.0,0.752,0.626,0.0,0.0,0.0,0.959,0.0,0.0,1.0,1.0,36.0,21.0,23.0,707.8,973.78,0.0,975.39,0.0,0.0,0.0,0.0,615.66,198.05,592.62,716.73,0.0,0.0,0.0,766.72,0.0,0.0,1089.25,237.63,28.67,28.55,36.0,28.22,36.0,36.0,36.0,36.0,24.42,21.69,24.93,23.85,36.0,36.0,36.0,25.29,36.0,36.0,24.38,22.19,0.023114,0.031288,0.0,0.030001,0.0,0.0,0.0,0.0,0.012717,0.00331,0.012802,0.01411,0.0,0.0,0.0,0.017126,0.0,0.0,0.022431,0.004117
2020-01-06 11:30:00,21.46,21.66,22.59,21.68,22.01,21.41,21.34,23.21,21.39,21.01,21.43,21.25,22.92,21.13,21.66,21.48,21.5,22.64,20.88,21.07,0.46,371.4,1.0,1.0,0.0,1.0,0.0,0.0,0.0,0.0,0.609,1.0,0.752,0.626,0.0,0.0,0.0,0.959,0.0,0.0,1.0,1.0,36.0,21.0,23.0,712.41,980.25,0.0,978.61,0.0,0.0,0.0,0.0,583.11,191.78,543.5,663.85,0.0,0.0,0.0,679.2,0.0,0.0,971.68,229.92,28.63,28.5,36.0,28.2,36.0,36.0,36.0,36.0,25.03,22.14,25.84,24.74,36.0,36.0,36.0,26.51,36.0,36.0,25.64,22.64,0.023114,0.031288,0.0,0.030001,0.0,0.0,0.0,0.0,0.012717,0.00331,0.012802,0.01411,0.0,0.0,0.0,0.017126,0.0,0.0,0.022431,0.004117
2020-01-06 11:45:00,21.66,21.83,22.81,21.92,22.1,21.41,21.35,23.33,21.61,21.14,21.74,21.53,22.98,20.76,21.61,21.98,21.28,22.71,21.46,21.21,0.65,348.5,1.0,1.0,0.0,1.0,0.0,0.0,0.0,0.0,0.609,1.0,0.752,0.626,0.0,0.0,0.0,0.959,0.0,0.0,1.0,1.0,36.0,21.0,23.0,697.49,957.73,0.0,946.03,0.0,0.0,0.0,0.0,562.36,187.47,514.75,631.29,0.0,0.0,0.0,629.12,0.0,0.0,899.79,224.62,28.78,28.68,36.0,28.46,36.0,36.0,36.0,36.0,25.42,22.45,26.38,25.3,36.0,36.0,36.0,27.21,36.0,36.0,26.4,22.95,0.023114,0.031288,0.0,0.030001,0.0,0.0,0.0,0.0,0.012717,0.00331,0.012802,0.01411,0.0,0.0,0.0,0.017126,0.0,0.0,0.022431,0.004117
2020-01-06 12:00:00,21.77,21.93,22.79,22.03,22.14,21.37,21.31,23.36,21.81,21.24,21.97,21.73,22.96,20.55,21.56,22.3,21.08,22.68,21.84,21.33,0.76,325.7,1.0,1.0,0.0,1.0,0.0,0.0,0.0,0.0,0.609,1.0,0.752,0.626,0.0,0.0,0.0,0.959,0.0,0.0,1.0,1.0,36.0,21.0,23.0,691.59,951.03,0.0,929.16,0.0,0.0,0.0,0.0,546.66,184.28,496.17,609.41,0.0,0.0,0.0,597.46,0.0,0.0,849.77,220.67,28.84,28.73,36.0,28.59,36.0,36.0,36.0,36.0,25.72,22.68,26.73,25.67,36.0,36.0,36.0,27.65,36.0,36.0,26.94,23.18,0.023114,0.031288,0.0,0.030001,0.0,0.0,0.0,0.0,0.012717,0.00331,0.012802,0.01411,0.0,0.0,0.0,0.017126,0.0,0.0,0.022431,0.004117
2020-01-06 12:15:00,20.62,20.78,22.45,21.12,22.16,21.32,21.25,23.35,21.76,21.24,21.84,21.65,22.9,20.77,21.51,22.14,21.0,22.6,21.78,21.31,0.87,302.8,0.0,0.0,0.0,0.0,0.0,0.0,0.0,0.0,0.0,0.0,0.0,0.0,0.0,1.0,0.0,0.0,0.173,0.0,0.0,0.0,36.0,21.0,23.0,0.0,0.0,0.0,0.0,0.0,0.0,0.0,0.0,0.0,0.0,0.0,0.0,0.0,1006.22,0.0,0.0,220.31,0.0,0.0,0.0,36.0,36.0,36.0,36.0,36.0,36.0,36.0,36.0,36.0,36.0,36.0,36.0,36.0,24.67,36.0,36.0,23.17,36.0,36.0,36.0,0.0,0.0,0.0,0.0,0.0,0.0,0.0,0.0,0.0,0.0,0.0,0.0,0.0,0.021246,0.0,0.0,0.004109,0.0,0.0,0.0
2020-01-06 12:30:00,20.19,20.33,22.14,20.75,22.16,21.26,21.17,23.34,21.52,21.17,21.43,21.35,22.84,21.36,21.45,21.65,20.96,22.54,21.49,21.21,0.98,296.8,0.0,0.0,0.0,0.0,0.0,0.0,0.0,0.0,0.0,0.0,0.0,0.0,0.0,1.0,0.0,0.0,0.173,0.0,0.0,0.0,36.0,21.0,23.0,0.0,0.0,0.0,0.0,0.0,0.0,0.0,0.0,0.0,0.0,0.0,0.0,0.0,894.52,0.0,0.0,218.12,0.0,0.0,0.0,36.0,36.0,36.0,36.0,36.0,36.0,36.0,36.0,36.0,36.0,36.0,36.0,36.0,25.93,36.0,36.0,23.3,36.0,36.0,36.0,0.0,0.0,0.0,0.0,0.0,0.0,0.0,0.0,0.0,0.0,0.0,0.0,0.0,0.021246,0.0,0.0,0.004109,0.0,0.0,0.0
2020-01-06 12:45:00,20.09,20.22,22.04,20.69,22.17,21.2,21.1,23.32,21.37,21.09,21.12,21.1,22.78,21.94,21.4,21.19,20.94,22.47,21.18,21.1,1.09,290.7,0.0,0.0,0.0,0.0,0.0,0.0,0.0,0.0,0.0,0.0,0.0,0.0,0.0,1.0,0.0,0.0,0.173,0.0,0.0,0.0,36.0,21.0,23.0,0.0,0.0,0.0,0.0,0.0,0.0,0.0,0.0,0.0,0.0,0.0,0.0,0.0,823.63,0.0,0.0,217.16,0.0,0.0,0.0,36.0,36.0,36.0,36.0,36.0,36.0,36.0,36.0,36.0,36.0,36.0,36.0,36.0,26.73,36.0,36.0,23.36,36.0,36.0,36.0,0.0,0.0,0.0,0.0,0.0,0.0,0.0,0.0,0.0,0.0,0.0,0.0,0.0,0.021246,0.0,0.0,0.004109,0.0,0.0,0.0
2020-01-06 13:00:00,20.03,20.12,21.94,20.66,22.15,21.14,20.99,23.28,21.33,21.02,20.89,20.86,22.7,22.39,21.35,20.89,20.84,22.36,21.06,21.0,1.16,284.7,0.0,0.0,0.0,0.0,0.0,0.0,0.0,0.0,0.0,0.0,0.0,0.0,0.0,1.0,0.0,0.0,0.173,0.0,0.0,0.0,36.0,21.0,23.0,0.0,0.0,0.0,0.0,0.0,0.0,0.0,0.0,0.0,0.0,0.0,0.0,0.0,773.15,0.0,0.0,216.95,0.0,0.0,0.0,36.0,36.0,36.0,36.0,36.0,36.0,36.0,36.0,36.0,36.0,36.0,36.0,36.0,27.29,36.0,36.0,23.37,36.0,36.0,36.0,0.0,0.0,0.0,0.0,0.0,0.0,0.0,0.0,0.0,0.0,0.0,0.0,0.0,0.021246,0.0,0.0,0.004109,0.0,0.0,0.0
2020-01-06 13:15:00,21.02,21.1,22.1,21.45,22.13,21.07,20.91,23.23,21.3,21.0,21.09,20.97,22.61,22.42,21.31,21.01,21.11,22.26,21.0,21.0,1.24,278.7,1.0,1.0,0.0,1.0,0.0,0.0,0.082,0.0,0.0,0.434,1.0,0.713,0.0,0.0,0.0,0.75,1.0,0.0,0.0,0.745,36.0,21.0,23.0,684.21,949.87,0.0,867.48,0.0,0.0,108.89,0.0,0.0,85.81,769.18,791.79,0.0,0.0,0.0,619.56,1079.4,0.0,0.0,178.18,28.92,28.74,36.0,29.08,36.0,36.0,21.61,36.0,36.0,21.7,25.2,24.23,36.0,36.0,36.0,24.93,25.13,36.0,36.0,22.1,0.023114,0.031288,0.0,0.030001,0.0,0.0,0.00181,0.0,0.0,0.001435,0.017031,0.01609,0.0,0.0,0.0,0.013393,0.023767,0.0,0.0,0.003067
2020-01-06 13:30:00,21.71,21.78,22.39,22.05,22.11,21.01,20.86,23.21,21.32,21.0,21.6,21.29,22.56,22.27,21.25,21.38,21.64,22.21,20.98,21.08,1.31,297.7,1.0,1.0,0.0,1.0,0.0,0.0,0.082,0.0,0.0,0.434,1.0,0.713,0.0,0.0,0.0,0.75,1.0,0.0,0.0,0.745,36.0,21.0,23.0,693.87,962.44,0.0,876.34,0.0,0.0,108.18,0.0,0.0,85.13,678.09,728.65,0.0,0.0,0.0,565.03,959.83,0.0,0.0,174.21,28.82,28.64,36.0,29.01,36.0,36.0,21.7,36.0,36.0,21.81,26.47,25.17,36.0,36.0,36.0,25.91,26.34,36.0,36.0,22.41,0.023114,0.031288,0.0,0.030001,0.0,0.0,0.00181,0.0,0.0,0.001435,0.017031,0.01609,0.0,0.0,0.0,0.013393,0.023767,0.0,0.0,0.003067
2020-01-06 13:45:00,21.84,21.93,22.63,22.18,22.13,20.97,20.86,23.28,21.41,21.02,21.99,21.59,22.59,22.16,21.2,21.65,22.14,22.27,21.07,21.16,1.39,316.7,1.0,1.0,0.0,1.0,0.0,0.0,0.082,0.0,0.0,0.434,1.0,0.713,0.0,0.0,0.0,0.75,1.0,0.0,0.0,0.745,36.0,21.0,23.0,683.51,947.88,0.0,889.75,0.0,0.0,107.86,0.0,0.0,84.71,627.18,690.52,0.0,0.0,0.0,533.55,889.09,0.0,0.0,171.54,28.93,28.75,36.0,28.9,36.0,36.0,21.74,36.0,36.0,21.88,27.19,25.73,36.0,36.0,36.0,26.47,27.05,36.0,36.0,22.62,0.023114,0.031288,0.0,0.030001,0.0,0.0,0.00181,0.0,0.0,0.001435,0.017031,0.01609,0.0,0.0,0.0,0.013393,0.023767,0.0,0.0,0.003067
2020-01-06 14:00:00,21.89,21.97,22.69,22.13,22.14,20.91,20.86,23.34,21.55,21.03,22.32,21.84,22.62,22.15,21.14,21.89,22.49,22.31,21.2,21.23,1.42,335.7,1.0,1.0,0.0,1.0,0.0,0.0,0.082,0.0,0.0,0.434,1.0,0.713,0.0,0.0,0.0,0.75,1.0,0.0,0.0,0.745,36.0,21.0,23.0,654.4,909.7,0.0,876.86,0.0,0.0,107.71,0.0,0.0,84.41,596.41,665.81,0.0,0.0,0.0,514.31,844.28,0.0,0.0,169.61,29.23,29.04,36.0,29.01,36.0,36.0,21.76,36.0,36.0,21.93,27.62,26.1,36.0,36.0,36.0,26.81,27.5,36.0,36.0,22.77,0.023114,0.031288,0.0,0.030001,0.0,0.0,0.00181,0.0,0.0,0.001435,0.017031,0.01609,0.0,0.0,0.0,0.013393,0.023767,0.0,0.0,0.003067
2020-01-06 14:15:00,20.76,20.85,22.43,21.27,22.19,20.97,20.94,23.37,21.69,21.02,22.14,21.72,22.61,22.23,21.1,21.7,22.35,22.34,21.34,21.2,1.44,354.7,0.0,0.0,0.0,0.0,0.0,0.291,0.375,0.0,0.0,0.18,0.0,0.0,0.0,0.0,0.0,0.0,0.065,0.0,0.0,0.0,36.0,21.0,23.0,0.0,0.0,0.0,0.0,0.0,294.46,469.19,0.0,0.0,35.29,0.0,0.0,0.0,0.0,0.0,0.0,63.06,0.0,0.0,0.0,36.0,36.0,36.0,36.0,36.0,21.61,22.51,36.0,36.0,21.81,36.0,36.0,36.0,36.0,36.0,36.0,26.28,36.0,36.0,36.0,0.0,0.0,0.0,0.0,0.0,0.004895,0.008319,0.0,0.0,0.000595,0.0,0.0,0.0,0.0,0.0,0.0,0.001553,0.0,0.0,0.0
2020-01-06 14:30:00,20.32,20.41,22.11,20.85,22.21,21.01,21.06,23.39,21.88,20.99,21.64,21.35,22.62,22.36,21.05,21.22,21.94,22.37,21.53,21.1,1.46,343.9,0.0,0.0,0.0,0.0,0.0,0.291,0.375,0.0,0.0,0.18,0.0,0.0,0.0,0.0,0.0,0.0,0.065,0.0,0.0,0.0,36.0,21.0,23.0,0.0,0.0,0.0,0.0,0.0,281.86,449.62,0.0,0.0,35.54,0.0,0.0,0.0,0.0,0.0,0.0,69.61,0.0,0.0,0.0,36.0,36.0,36.0,36.0,36.0,22.22,23.07,36.0,36.0,21.71,36.0,36.0,36.0,36.0,36.0,36.0,25.28,36.0,36.0,36.0,0.0,0.0,0.0,0.0,0.0,0.004895,0.008319,0.0,0.0,0.000595,0.0,0.0,0.0,0.0,0.0,0.0,0.001553,0.0,0.0,0.0
2020-01-06 14:45:00,20.17,20.25,21.94,20.7,22.2,21.07,21.14,23.37,21.99,20.95,21.23,21.04,22.62,22.48,21.0,20.81,21.5,22.38,21.69,21.0,1.49,333.0,0.0,0.0,0.0,0.0,0.0,0.291,0.375,0.0,0.0,0.18,0.0,0.0,0.0,0.0,0.0,0.0,0.065,0.0,0.0,0.0,36.0,21.0,23.0,0.0,0.0,0.0,0.0,0.0,273.77,437.07,0.0,0.0,35.73,0.0,0.0,0.0,0.0,0.0,0.0,74.26,0.0,0.0,0.0,36.0,36.0,36.0,36.0,36.0,22.62,23.43,36.0,36.0,21.63,36.0,36.0,36.0,36.0,36.0,36.0,24.56,36.0,36.0,36.0,0.0,0.0,0.0,0.0,0.0,0.004895,0.008319,0.0,0.0,0.000595,0.0,0.0,0.0,0.0,0.0,0.0,0.001553,0.0,0.0,0.0
2020-01-06 15:00:00,20.04,20.12,21.82,20.6,22.2,21.14,21.23,23.34,22.02,20.91,20.9,20.78,22.58,22.68,20.94,20.47,21.19,22.36,21.92,20.9,1.44,322.2,0.0,0.0,0.0,0.0,0.0,0.291,0.375,0.0,0.0,0.18,0.0,0.0,0.0,0.0,0.0,0.0,0.065,0.0,0.0,0.0,36.0,21.0,23.0,0.0,0.0,0.0,0.0,0.0,268.38,428.68,0.0,0.0,35.88,0.0,0.0,0.0,0.0,0.0,0.0,77.77,0.0,0.0,0.0,36.0,36.0,36.0,36.0,36.0,22.88,23.67,36.0,36.0,21.58,36.0,36.0,36.0,36.0,36.0,36.0,24.02,36.0,36.0,36.0,0.0,0.0,0.0,0.0,0.0,0.004895,0.008319,0.0,0.0,0.000595,0.0,0.0,0.0,0.0,0.0,0.0,0.001553,0.0,0.0,0.0
2020-01-06 15:15:00,21.0,21.07,22.51,21.38,22.15,21.05,21.35,23.26,21.95,20.95,21.12,20.95,22.53,22.82,20.97,20.72,21.0,22.36,22.08,20.93,1.4,311.3,1.0,1.0,1.0,1.0,0.0,0.001,1.0,0.0,0.0,1.0,1.0,1.0,0.0,0.0,1.0,1.0,0.086,0.0,0.0,1.0,36.0,21.0,23.0,686.43,954.35,540.57,907.02,0.0,1.25,1014.58,0.0,0.0,193.47,760.74,1059.22,0.0,0.0,197.4,818.71,105.87,0.0,0.0,238.3,28.9,28.7,30.23,28.77,36.0,22.29,25.06,36.0,36.0,22.02,25.31,24.76,36.0,36.0,21.75,25.04,23.62,36.0,36.0,22.15,0.023114,0.031288,0.022413,0.030001,0.0,2.2e-05,0.022187,0.0,0.0,0.00331,0.017031,0.022553,0.0,0.0,0.003314,0.017867,0.002046,0.0,0.0,0.004117
2020-01-06 15:30:00,21.66,21.72,22.86,21.98,22.08,20.91,21.6,23.1,21.73,21.06,21.55,21.4,22.35,22.88,21.08,21.24,20.77,22.31,22.14,21.07,1.36,235.8,1.0,1.0,1.0,1.0,0.0,0.001,1.0,0.0,0.0,1.0,1.0,1.0,0.0,0.0,1.0,1.0,0.086,0.0,0.0,1.0,36.0,21.0,23.0,698.86,969.77,586.71,923.2,0.0,1.29,927.52,0.0,0.0,188.57,676.1,944.67,0.0,0.0,191.12,720.42,108.64,0.0,0.0,230.21,28.77,28.58,29.74,28.64,36.0,21.78,26.0,36.0,36.0,22.37,26.5,25.98,36.0,36.0,22.2,26.35,23.29,36.0,36.0,22.62,0.023114,0.031288,0.022413,0.030001,0.0,2.2e-05,0.022187,0.0,0.0,0.00331,0.017031,0.022553,0.0,0.0,0.003314,0.017867,0.002046,0.0,0.0,0.004117
2020-01-06 15:45:00,21.78,21.84,22.77,22.1,21.96,20.72,21.77,22.82,21.43,21.16,21.97,21.84,22.09,22.74,21.21,21.73,20.56,22.17,21.97,21.2,1.31,160.3,1.0,1.0,1.0,1.0,0.0,0.001,1.0,0.0,0.0,1.0,1.0,1.0,0.0,0.0,1.0,1.0,0.086,0.0,0.0,1.0,36.0,21.0,23.0,691.13,958.56,625.74,913.24,0.0,1.33,876.81,0.0,0.0,185.17,629.8,879.87,0.0,0.0,186.82,666.3,111.14,0.0,0.0,224.74,28.85,28.67,29.32,28.72,36.0,21.4,26.55,36.0,36.0,22.62,27.15,26.67,36.0,36.0,22.52,27.08,23.0,36.0,36.0,22.94,0.023114,0.031288,0.022413,0.030001,0.0,2.2e-05,0.022187,0.0,0.0,0.00331,0.017031,0.022553,0.0,0.0,0.003314,0.017867,0.002046,0.0,0.0,0.004117
2020-01-06 16:00:00,21.79,21.87,22.68,22.09,21.8,20.49,21.87,22.51,21.13,21.24,22.21,22.11,21.79,22.46,21.31,22.0,20.38,21.96,21.65,21.32,1.16,84.8,1.0,1.0,1.0,1.0,0.0,0.001,1.0,0.0,0.0,1.0,1.0,1.0,0.0,0.0,1.0,1.0,0.086,0.0,0.0,1.0,36.0,21.0,23.0,690.2,956.31,630.09,913.09,0.0,1.36,844.88,0.0,0.0,182.63,601.8,839.38,0.0,0.0,183.63,633.64,113.4,0.0,0.0,220.73,28.86,28.69,29.27,28.72,36.0,21.08,26.89,36.0,36.0,22.8,27.55,27.1,36.0,36.0,22.75,27.52,22.74,36.0,36.0,23.17,0.023114,0.031288,0.022413,0.030001,0.0,2.2e-05,0.022187,0.0,0.0,0.00331,0.017031,0.022553,0.0,0.0,0.003314,0.017867,0.002046,0.0,0.0,0.004117
2020-01-06 16:15:00,21.39,20.82,21.7,21.7,21.62,20.5,21.83,22.23,20.99,21.24,22.01,21.96,21.72,22.08,21.38,22.14,20.57,21.68,21.22,21.3,1.0,9.3,0.534,0.0,0.0,0.856,0.0,1.0,0.629,0.0,0.26,0.0,0.0,0.015,1.0,0.0,1.0,1.0,1.0,0.0,0.0,0.0,36.0,21.0,23.0,457.96,0.0,0.0,836.09,0.0,882.56,550.74,0.0,290.48,0.0,0.0,14.85,652.37,0.0,181.17,613.39,1133.18,0.0,0.0,0.0,27.12,36.0,36.0,28.22,36.0,23.43,26.56,36.0,23.22,36.0,36.0,25.74,26.33,36.0,22.92,27.79,24.59,36.0,36.0,36.0,0.012334,0.0,0.0,0.025694,0.0,0.0168,0.013958,0.0,0.005439,0.0,0.0,0.000346,0.016137,0.0,0.003314,0.017867,0.023767,0.0,0.0,0.0
2020-01-06 16:30:00,21.13,20.42,21.23,21.42,21.47,20.82,21.75,21.98,20.9,21.16,21.44,21.52,21.92,21.66,21.47,22.22,21.09,21.41,20.77,21.19,0.84,0.0,0.534,0.0,0.0,0.856,0.0,1.0,0.629,0.0,0.26,0.0,0.0,0.015,1.0,0.0,1.0,1.0,1.0,0.0,0.0,0.0,36.0,21.0,23.0,457.63,0.0,0.0,838.91,0.0,771.01,564.38,0.0,287.31,0.0,0.0,16.47,594.15,0.0,179.22,600.77,1007.86,0.0,0.0,0.0,27.12,36.0,36.0,28.19,36.0,25.02,26.33,36.0,23.36,36.0,36.0,24.62,27.19,36.0,23.06,27.96,25.85,36.0,36.0,36.0,0.012334,0.0,0.0,0.025694,0.0,0.0168,0.013958,0.0,0.005439,0.0,0.0,0.000346,0.016137,0.0,0.003314,0.017867,0.023767,0.0,0.0,0.0
2020-01-06 16:45:00,21.09,20.3,21.06,21.34,21.34,21.17,21.67,21.73,20.83,21.08,20.97,21.08,22.16,21.35,21.55,22.33,21.59,21.19,20.44,21.08,0.69,0.0,0.534,0.0,0.0,0.856,0.0,1.0,0.629,0.0,0.26,0.0,0.0,0.015,1.0,0.0,1.0,1.0,1.0,0.0,0.0,0.0,36.0,21.0,23.0,458.88,0.0,0.0,841.97,0.0,708.57,571.44,0.0,286.21,0.0,0.0,17.62,562.94,0.0,177.59,591.81,935.31,0.0,0.0,0.0,27.1,36.0,36.0,28.16,36.0,25.91,26.21,36.0,23.41,36.0,36.0,23.82,27.65,36.0,23.18,28.08,26.59,36.0,36.0,36.0,0.012334,0.0,0.0,0.025694,0.0,0.0168,0.013958,0.0,0.005439,0.0,0.0,0.000346,0.016137,0.0,0.003314,0.017867,0.023767,0.0,0.0,0.0
2020-01-06 17:00:00,21.05,20.21,20.95,21.3,21.24,21.44,21.63,21.5,20.77,21.0,20.64,20.77,22.28,21.06,21.62,22.44,21.92,20.99,20.15,20.97,0.63,0.0,0.534,0.0,0.0,0.856,0.0,1.0,0.629,0.0,0.26,0.0,0.0,0.015,1.0,0.0,1.0,1.0,1.0,0.0,0.0,0.0,36.0,21.0,23.0,449.93,0.0,0.0,819.28,0.0,670.38,575.31,0.0,285.97,0.0,0.0,18.49,544.2,0.0,176.23,584.88,889.93,0.0,0.0,0.0,27.27,36.0,36.0,28.37,36.0,26.45,26.14,36.0,23.42,36.0,36.0,23.22,27.93,36.0,23.28,28.17,27.04,36.0,36.0,36.0,0.012334,0.0,0.0,0.025694,0.0,0.0168,0.013958,0.0,0.005439,0.0,0.0,0.000346,0.016137,0.0,0.003314,0.017867,0.023767,0.0,0.0,0.0
2020-01-06 17:15:00,21.46,21.05,21.49,21.56,21.15,21.31,21.65,21.59,20.97,21.02,20.81,20.95,22.2,21.03,21.67,22.51,22.1,20.99,20.35,21.0,0.58,0.0,1.0,1.0,0.582,1.0,0.0,0.0,1.0,1.0,1.0,1.0,1.0,1.0,0.0,0.424,1.0,1.0,1.0,0.288,1.0,1.0,36.0,21.0,23.0,696.5,980.38,448.68,928.06,0.0,0.0,863.49,718.74,975.87,192.91,781.68,1050.87,0.0,470.45,174.97,578.52,857.85,262.94,1129.1,236.22,28.79,28.5,27.77,28.6,36.0,36.0,26.69,25.24,24.82,22.06,25.02,24.85,36.0,23.52,23.37,28.25,27.36,23.12,23.96,22.27,0.023114,0.031288,0.013048,0.030001,0.0,0.0,0.022187,0.015987,0.020884,0.00331,0.017031,0.022553,0.0,0.009015,0.003314,0.017867,0.023767,0.004883,0.022431,0.004117
2020-01-06 17:30:00,21.68,21.55,21.71,21.84,21.2,21.01,21.8,21.82,21.39,21.12,21.27,21.4,21.85,21.07,21.74,22.59,22.29,21.06,20.86,21.12,0.53,0.0,1.0,1.0,0.582,1.0,0.0,0.0,1.0,1.0,1.0,1.0,1.0,1.0,0.0,0.424,1.0,1.0,1.0,0.288,1.0,1.0,36.0,21.0,23.0,701.74,1011.54,462.99,926.04,0.0,0.0,827.67,637.58,891.16,187.79,695.03,943.01,0.0,453.1,173.87,573.4,835.77,255.81,1000.57,228.51,28.74,28.27,27.51,28.62,36.0,36.0,27.08,26.46,25.79,22.43,26.24,26.0,36.0,23.98,23.45,28.32,27.59,23.47,25.33,22.72,0.023114,0.031288,0.013048,0.030001,0.0,0.0,0.022187,0.015987,0.020884,0.00331,0.017031,0.022553,0.0,0.009015,0.003314,0.017867,0.023767,0.004883,0.022431,0.004117
2020-01-06 17:45:00,21.74,21.59,21.69,21.92,21.3,20.66,21.93,22.04,21.77,21.22,21.71,21.84,21.49,21.14,21.8,22.67,22.45,21.16,21.4,21.26,0.48,0.0,1.0,1.0,0.582,1.0,0.0,0.0,1.0,1.0,1.0,1.0,1.0,1.0,0.0,0.424,1.0,1.0,1.0,0.288,1.0,1.0,36.0,21.0,23.0,702.09,1017.52,470.66,922.22,0.0,0.0,805.8,593.5,840.11,184.32,646.74,880.99,0.0,443.14,172.87,568.82,818.73,251.62,925.71,223.33,28.73,28.22,27.37,28.65,36.0,36.0,27.31,27.12,26.38,22.68,26.92,26.65,36.0,24.24,23.52,28.38,27.76,23.67,26.13,23.02,0.023114,0.031288,0.013048,0.030001,0.0,0.0,0.022187,0.015987,0.020884,0.00331,0.017031,0.022553,0.0,0.009015,0.003314,0.017867,0.023767,0.004883,0.022431,0.004117
2020-01-06 18:00:00,21.7,21.55,21.61,21.9,21.32,20.38,22.04,22.2,22.02,21.31,21.99,22.1,21.19,21.17,21.87,22.72,22.56,21.21,21.72,21.37,0.42,0.0,1.0,1.0,0.582,1.0,0.0,0.0,1.0,1.0,1.0,1.0,1.0,1.0,0.0,0.424,1.0,1.0,1.0,0.288,1.0,1.0,36.0,21.0,23.0,677.97,994.04,469.42,891.74,0.0,0.0,791.24,567.81,807.24,181.79,617.42,842.33,0.0,437.06,171.96,565.01,805.92,249.05,878.66,219.58,28.98,28.4,27.39,28.89,36.0,36.0,27.47,27.5,26.75,22.86,27.33,27.06,36.0,24.4,23.59,28.43,27.89,23.8,26.63,23.24,0.023114,0.031288,0.013048,0.030001,0.0,0.0,0.022187,0.015987,0.020884,0.00331,0.017031,0.022553,0.0,0.009015,0.003314,0.017867,0.023767,0.004883,0.022431,0.004117
2020-01-06 18:15:00,21.71,20.46,20.86,21.6,21.34,20.42,22.07,22.01,22.14,21.37,22.11,22.23,21.21,21.02,21.91,22.76,22.64,21.18,21.53,21.44,0.37,0.0,1.0,0.0,0.0,1.0,0.0,1.0,1.0,0.0,1.0,1.0,1.0,1.0,1.0,0.0,1.0,1.0,1.0,0.0,0.0,1.0,36.0,21.0,23.0,708.64,0.0,0.0,933.19,0.0,832.03,780.38,0.0,783.68,179.77,597.59,815.56,708.2,0.0,171.06,561.59,794.91,0.0,0.0,216.59,28.67,36.0,36.0,28.56,36.0,24.15,27.59,36.0,27.02,23.01,27.61,27.35,25.5,36.0,23.65,28.48,28.0,36.0,36.0,23.41,0.023114,0.0,0.0,0.030001,0.0,0.0168,0.022187,0.0,0.020884,0.00331,0.017031,0.022553,0.016137,0.0,0.003314,0.017867,0.023767,0.0,0.0,0.004117
2020-01-06 18:30:00,21.64,20.05,20.47,21.34,21.21,20.8,22.09,21.71,22.28,21.45,22.25,22.38,21.49,20.7,21.97,22.8,22.73,21.07,21.05,21.54,0.31,0.0,1.0,0.0,0.0,1.0,0.0,1.0,1.0,0.0,1.0,1.0,1.0,1.0,1.0,0.0,1.0,1.0,1.0,0.0,0.0,1.0,36.0,21.0,23.0,713.81,0.0,0.0,939.82,0.0,737.49,772.66,0.0,767.42,178.18,584.7,797.61,635.92,0.0,170.24,558.71,786.27,0.0,0.0,214.26,28.61,36.0,36.0,28.51,36.0,25.5,27.67,36.0,27.21,23.12,27.79,27.54,26.57,36.0,23.71,28.52,28.09,36.0,36.0,23.55,0.023114,0.0,0.0,0.030001,0.0,0.0168,0.022187,0.0,0.020884,0.00331,0.017031,0.022553,0.016137,0.0,0.003314,0.017867,0.023767,0.0,0.0,0.004117
2020-01-06 18:45:00,21.59,19.84,20.27,21.22,21.05,21.16,22.07,21.41,22.39,21.52,22.35,22.5,21.83,20.42,22.03,22.84,22.81,20.95,20.54,21.62,0.25,0.0,1.0,0.0,0.0,1.0,0.0,1.0,1.0,0.0,1.0,1.0,1.0,1.0,1.0,0.0,1.0,1.0,1.0,0.0,0.0,1.0,36.0,21.0,23.0,718.67,0.0,0.0,945.92,0.0,684.55,767.25,0.0,754.91,176.84,575.23,784.08,596.0,0.0,169.46,556.12,778.84,0.0,0.0,212.31,28.56,36.0,36.0,28.46,36.0,26.25,27.73,36.0,27.35,23.22,27.92,27.68,27.16,36.0,23.77,28.55,28.16,36.0,36.0,23.66,0.023114,0.0,0.0,0.030001,0.0,0.0168,0.022187,0.0,0.020884,0.00331,0.017031,0.022553,0.016137,0.0,0.003314,0.017867,0.023767,0.0,0.0,0.004117
2020-01-06 19:00:00,21.57,19.68,20.11,21.14,20.89,21.42,22.05,21.16,22.49,21.58,22.45,22.6,22.07,20.19,22.08,22.88,22.88,20.86,20.17,21.7,0.2,0.0,1.0,0.0,0.0,1.0,0.0,1.0,1.0,0.0,1.0,1.0,1.0,1.0,1.0,0.0,1.0,1.0,1.0,0.0,0.0,1.0,36.0,21.0,23.0,715.31,0.0,0.0,947.54,0.0,651.41,763.25,0.0,744.88,175.68,567.92,773.41,571.46,0.0,168.71,553.79,772.4,0.0,0.0,210.62,28.6,36.0,36.0,28.44,36.0,26.72,27.77,36.0,27.47,23.3,28.02,27.8,27.53,36.0,23.82,28.58,28.23,36.0,36.0,23.76,0.023114,0.0,0.0,0.030001,0.0,0.0168,0.022187,0.0,0.020884,0.00331,0.017031,0.022553,0.016137,0.0,0.003314,0.017867,0.023767,0.0,0.0,0.004117
2020-01-06 19:15:00,21.59,20.46,20.84,21.35,20.91,21.32,22.07,21.25,22.57,21.63,22.52,22.69,21.94,20.36,22.13,22.91,22.88,20.91,20.32,21.77,0.14,0.0,1.0,1.0,1.0,1.0,1.0,0.0,1.0,1.0,1.0,1.0,1.0,1.0,0.0,1.0,1.0,0.954,0.757,0.501,1.0,1.0,36.0,21.0,23.0,711.62,1104.07,746.79,943.65,186.42,0.0,760.01,718.92,736.4,174.64,561.92,764.51,0.0,1076.88,167.99,530.69,605.19,463.95,1099.24,209.12,28.63,27.56,28.03,28.48,22.47,36.0,27.8,25.24,27.56,23.38,28.11,27.89,36.0,23.87,23.87,28.55,27.95,22.92,24.28,23.85,0.023114,0.031288,0.022413,0.030001,0.003296,0.0,0.022187,0.015987,0.020884,0.00331,0.017031,0.022553,0.0,0.021246,0.003314,0.017046,0.017992,0.008483,0.022431,0.004117
2020-01-06 19:30:00,21.72,21.03,21.34,21.63,21.17,20.97,22.14,21.56,22.66,21.7,22.6,22.78,21.57,20.83,22.18,22.93,22.84,21.07,20.83,21.84,0.08,0.0,1.0,1.0,1.0,1.0,1.0,0.0,1.0,1.0,1.0,1.0,1.0,1.0,0.0,1.0,1.0,0.954,0.757,0.501,1.0,1.0,36.0,21.0,23.0,705.75,1134.81,769.18,937.28,188.08,0.0,756.49,643.53,729.16,173.7,556.87,756.94,0.0,961.14,167.3,531.75,618.96,434.49,984.5,207.77,28.7,27.32,27.79,28.53,22.35,36.0,27.84,26.37,27.65,23.45,28.18,27.97,36.0,25.18,23.92,28.54,27.77,23.75,25.5,23.93,0.023114,0.031288,0.022413,0.030001,0.003296,0.0,0.022187,0.015987,0.020884,0.00331,0.017031,0.022553,0.0,0.021246,0.003314,0.017046,0.017992,0.008483,0.022431,0.004117
2020-01-06 19:45:00,21.8,21.1,21.4,21.76,21.31,20.59,22.25,21.85,22.74,21.75,22.68,22.86,21.19,21.31,22.23,22.95,22.81,21.24,21.31,21.91,0.03,0.0,1.0,1.0,1.0,1.0,1.0,0.0,1.0,1.0,1.0,1.0,1.0,1.0,0.0,1.0,1.0,0.954,0.757,0.501,1.0,1.0,36.0,21.0,23.0,700.25,1130.14,767.81,929.15,187.41,0.0,752.4,601.69,722.68,172.82,552.42,750.18,0.0,893.56,166.64,531.66,626.29,416.37,917.48,206.51,28.75,27.36,27.8,28.59,22.4,36.0,27.89,27.0,27.72,23.51,28.24,28.04,36.0,25.94,23.97,28.54,27.67,24.26,26.21,24.0,0.023114,0.031288,0.022413,0.030001,0.003296,0.0,0.022187,0.015987,0.020884,0.00331,0.017031,0.022553,0.0,0.021246,0.003314,0.017046,0.017992,0.008483,0.022431,0.004117
2020-01-06 20:00:00,21.77,21.08,21.36,21.75,21.39,20.25,22.31,22.05,22.81,21.81,22.74,22.93,20.89,21.63,22.29,22.96,22.79,21.36,21.6,21.98,-0.02,0.0,1.0,1.0,1.0,1.0,1.0,0.0,1.0,1.0,1.0,1.0,1.0,1.0,0.0,1.0,1.0,0.954,0.757,0.501,1.0,1.0,36.0,21.0,23.0,669.29,1092.45,742.31,895.19,186.07,0.0,748.32,576.87,717.16,172.02,548.66,744.45,0.0,850.81,166.01,531.12,630.36,404.49,875.4,205.38,29.07,27.65,28.08,28.86,22.49,36.0,27.93,27.37,27.78,23.57,28.29,28.1,36.0,26.42,24.02,28.55,27.62,24.59,26.66,24.06,0.023114,0.031288,0.022413,0.030001,0.003296,0.0,0.022187,0.015987,0.020884,0.00331,0.017031,0.022553,0.0,0.021246,0.003314,0.017046,0.017992,0.008483,0.022431,0.004117
2020-01-06 20:15:00,20.74,20.57,20.37,21.42,21.26,20.32,22.35,21.84,22.6,21.86,22.79,22.82,20.91,21.48,22.32,22.94,22.85,21.29,21.42,22.03,-0.06,0.0,0.0,0.439,0.031,1.0,0.0,1.0,1.0,0.0,0.0,1.0,1.0,0.376,1.0,0.0,1.0,0.803,1.0,0.0,0.0,1.0,36.0,21.0,23.0,0.0,647.14,40.55,934.24,0.0,822.74,745.09,0.0,0.0,171.22,545.12,309.01,731.25,0.0,165.36,459.19,801.63,0.0,0.0,204.24,36.0,24.74,22.18,28.55,36.0,24.28,27.97,36.0,36.0,23.63,28.34,27.28,25.16,36.0,24.06,28.34,27.93,36.0,36.0,24.13,0.0,0.01375,0.000702,0.030001,0.0,0.0168,0.022187,0.0,0.0,0.00331,0.017031,0.008479,0.016137,0.0,0.003314,0.014348,0.023767,0.0,0.0,0.004117
2020-01-06 20:30:00,20.36,20.28,19.99,21.14,21.11,20.72,22.32,21.48,22.16,21.91,22.84,22.6,21.23,21.06,22.37,22.88,22.96,21.14,20.96,22.09,-0.11,0.0,0.0,0.439,0.031,1.0,0.0,1.0,1.0,0.0,0.0,1.0,1.0,0.376,1.0,0.0,1.0,0.803,1.0,0.0,0.0,1.0,36.0,21.0,23.0,0.0,649.65,40.86,938.24,0.0,730.95,742.34,0.0,0.0,170.48,542.06,330.93,655.38,0.0,164.75,467.41,779.7,0.0,0.0,203.21,36.0,24.7,22.08,28.52,36.0,25.59,28.0,36.0,36.0,23.68,28.39,26.66,26.28,36.0,24.11,28.21,28.15,36.0,36.0,24.19,0.0,0.01375,0.000702,0.030001,0.0,0.0168,0.022187,0.0,0.0,0.00331,0.017031,0.008479,0.016137,0.0,0.003314,0.014348,0.023767,0.0,0.0,0.004117
2020-01-06 20:45:00,20.18,20.22,19.84,21.04,20.93,21.1,22.26,21.17,21.7,21.97,22.88,22.39,21.6,20.63,22.42,22.84,23.05,20.99,20.48,22.15,-0.15,0.0,0.0,0.439,0.031,1.0,0.0,1.0,1.0,0.0,0.0,1.0,1.0,0.376,1.0,0.0,1.0,0.803,1.0,0.0,0.0,1.0,36.0,21.0,23.0,0.0,647.6,41.3,942.14,0.0,679.7,740.84,0.0,0.0,169.77,539.31,345.26,613.16,0.0,164.15,472.24,766.36,0.0,0.0,202.21,36.0,24.73,21.93,28.49,36.0,26.32,28.01,36.0,36.0,23.73,28.42,26.26,26.91,36.0,24.15,28.13,28.29,36.0,36.0,24.25,0.0,0.01375,0.000702,0.030001,0.0,0.0168,0.022187,0.0,0.0,0.00331,0.017031,0.008479,0.016137,0.0,0.003314,0.014348,0.023767,0.0,0.0,0.004117
2020-01-06 21:00:00,20.02,20.18,19.72,20.96,20.77,21.37,22.21,20.91,21.34,22.02,22.93,22.23,21.87,20.32,22.47,22.82,23.13,20.88,20.1,22.21,-0.2,0.0,0.0,0.439,0.031,1.0,0.0,1.0,1.0,0.0,0.0,1.0,1.0,0.376,1.0,0.0,1.0,0.803,1.0,0.0,0.0,1.0,36.0,21.0,23.0,0.0,644.58,41.67,944.55,0.0,647.73,740.01,0.0,0.0,169.08,536.79,355.41,586.95,0.0,163.57,475.22,757.37,0.0,0.0,201.26,36.0,24.78,21.8,28.47,36.0,26.78,28.02,36.0,36.0,23.78,28.46,25.97,27.3,36.0,24.19,28.08,28.38,36.0,36.0,24.3,0.0,0.01375,0.000702,0.030001,0.0,0.0168,0.022187,0.0,0.0,0.00331,0.017031,0.008479,0.016137,0.0,0.003314,0.014348,0.023767,0.0,0.0,0.004117
2020-01-06 21:15:00,20.79,20.67,20.44,21.21,20.76,21.26,22.2,21.01,21.42,22.06,22.94,22.32,21.74,20.46,22.51,22.87,22.97,20.9,20.25,22.26,-0.26,0.0,1.0,1.0,1.0,1.0,1.0,0.0,1.0,1.0,1.0,1.0,0.841,1.0,0.0,1.0,1.0,1.0,0.285,0.485,1.0,1.0,36.0,21.0,23.0,733.44,1126.48,793.06,940.58,187.4,0.0,739.42,732.47,943.88,168.42,462.26,867.9,0.0,1045.01,163.01,572.8,243.46,450.6,1101.55,200.35,28.41,27.39,27.53,28.5,22.4,36.0,28.03,25.04,25.19,23.83,28.28,26.79,36.0,24.23,24.23,28.33,27.4,22.89,24.25,24.36,0.023114,0.031288,0.022413,0.030001,0.003296,0.0,0.022187,0.015987,0.020884,0.00331,0.014326,0.022553,0.0,0.021246,0.003314,0.017867,0.006774,0.008224,0.022431,0.004117
2020-01-06 21:30:00,21.27,21.0,20.98,21.52,21.06,20.9,22.25,21.35,21.79,22.11,22.92,22.57,21.34,20.91,22.55,22.96,22.67,21.04,20.77,22.32,-0.32,0.0,1.0,1.0,1.0,1.0,1.0,0.0,1.0,1.0,1.0,1.0,0.841,1.0,0.0,1.0,1.0,1.0,0.285,0.485,1.0,1.0,36.0,21.0,23.0,759.45,1122.38,812.7,934.97,189.22,0.0,738.09,655.57,856.97,167.78,469.22,814.06,0.0,940.78,162.45,559.78,264.93,424.34,986.95,199.47,28.14,27.42,27.33,28.54,22.26,36.0,28.04,26.19,26.18,23.88,28.16,27.36,36.0,25.41,24.27,28.5,26.64,23.66,25.47,24.41,0.023114,0.031288,0.022413,0.030001,0.003296,0.0,0.022187,0.015987,0.020884,0.00331,0.014326,0.022553,0.0,0.021246,0.003314,0.017867,0.006774,0.008224,0.022431,0.004117
2020-01-06 21:45:00,21.31,21.12,21.06,21.63,21.2,20.48,22.34,21.66,22.15,22.16,22.91,22.76,20.96,21.35,22.6,23.04,22.38,21.19,21.24,22.37,-0.37,0.0,1.0,1.0,1.0,1.0,1.0,0.0,1.0,1.0,1.0,1.0,0.841,1.0,0.0,1.0,1.0,1.0,0.285,0.485,1.0,1.0,36.0,21.0,23.0,764.11,1107.07,807.45,928.18,188.47,0.0,735.9,612.7,807.35,167.15,472.71,783.14,0.0,880.15,161.91,552.1,279.57,408.18,920.15,198.62,28.09,27.53,27.38,28.6,22.32,36.0,28.06,26.83,26.75,23.92,28.11,27.69,36.0,26.09,24.31,28.61,26.13,24.13,26.19,24.46,0.023114,0.031288,0.022413,0.030001,0.003296,0.0,0.022187,0.015987,0.020884,0.00331,0.014326,0.022553,0.0,0.021246,0.003314,0.017867,0.006774,0.008224,0.022431,0.004117
2020-01-06 22:00:00,21.25,21.12,21.03,21.62,21.29,20.13,22.39,21.85,22.37,22.21,22.9,22.88,20.65,21.62,22.64,23.08,22.13,21.31,21.53,22.43,-0.43,0.0,1.0,1.0,1.0,1.0,1.0,0.0,1.0,1.0,1.0,1.0,0.841,1.0,0.0,1.0,1.0,1.0,0.285,0.485,1.0,1.0,36.0,21.0,23.0,744.51,1057.61,777.71,895.17,187.08,0.0,733.34,587.28,776.54,166.56,474.48,764.04,0.0,841.98,161.39,547.24,290.08,397.58,878.48,197.83,28.29,27.91,27.7,28.86,22.42,36.0,28.09,27.21,27.1,23.96,28.08,27.9,36.0,26.52,24.35,28.67,25.76,24.43,26.63,24.5,0.023114,0.031288,0.022413,0.030001,0.003296,0.0,0.022187,0.015987,0.020884,0.00331,0.014326,0.022553,0.0,0.021246,0.003314,0.017867,0.006774,0.008224,0.022431,0.004117
2020-01-06 22:15:00,21.26,20.61,20.76,21.53,21.14,20.24,22.43,21.64,22.49,22.25,22.93,22.92,20.7,21.44,22.68,22.97,22.25,21.23,21.32,22.37,-0.5,0.0,1.0,0.405,0.628,1.0,0.0,1.0,1.0,0.0,1.0,1.0,0.938,0.828,1.0,0.0,1.0,0.562,1.0,0.0,0.0,0.0,36.0,21.0,23.0,784.87,578.63,599.01,925.83,0.0,821.02,731.37,0.0,755.62,165.95,521.11,639.31,746.95,0.0,160.85,331.9,920.71,0.0,0.0,0.0,27.88,25.08,25.81,28.62,36.0,24.31,28.11,36.0,27.34,24.01,28.19,27.81,24.93,36.0,24.39,28.09,26.73,36.0,36.0,36.0,0.023114,0.012682,0.014069,0.030001,0.0,0.0168,0.022187,0.0,0.020884,0.00331,0.015971,0.018672,0.016137,0.0,0.003314,0.010038,0.023767,0.0,0.0,0.0
2020-01-06 22:30:00,21.23,20.46,20.66,21.43,21.0,20.67,22.39,21.27,22.6,22.3,22.98,22.93,21.07,21.04,22.72,22.78,22.55,21.09,20.87,22.23,-0.56,0.0,1.0,0.405,0.628,1.0,0.0,1.0,1.0,0.0,1.0,1.0,0.938,0.828,1.0,0.0,1.0,0.562,1.0,0.0,0.0,0.0,36.0,21.0,23.0,775.97,577.57,592.44,930.26,0.0,729.52,729.96,0.0,741.39,165.37,515.38,644.03,668.22,0.0,160.34,349.98,852.65,0.0,0.0,0.0,27.97,25.1,25.93,28.58,36.0,25.61,28.13,36.0,27.51,24.05,28.28,27.75,26.09,36.0,24.43,27.66,27.42,36.0,36.0,36.0,0.023114,0.012682,0.014069,0.030001,0.0,0.0168,0.022187,0.0,0.020884,0.00331,0.015971,0.018672,0.016137,0.0,0.003314,0.010038,0.023767,0.0,0.0,0.0
2020-01-06 22:45:00,21.26,20.42,20.66,21.41,20.8,21.08,22.32,20.95,22.69,22.35,23.02,22.94,21.47,20.61,22.76,22.63,22.77,20.95,20.41,22.11,-0.63,0.0,1.0,0.405,0.628,1.0,0.0,1.0,1.0,0.0,1.0,1.0,0.938,0.828,1.0,0.0,1.0,0.562,1.0,0.0,0.0,0.0,36.0,21.0,23.0,766.27,578.78,587.25,931.3,0.0,678.41,729.53,0.0,730.92,164.8,511.88,645.63,624.19,0.0,159.83,361.38,814.28,0.0,0.0,0.0,28.07,25.08,26.01,28.57,36.0,26.34,28.13,36.0,27.63,24.09,28.33,27.73,26.75,36.0,24.46,27.39,27.8,36.0,36.0,36.0,0.023114,0.012682,0.014069,0.030001,0.0,0.0168,0.022187,0.0,0.020884,0.00331,0.015971,0.018672,0.016137,0.0,0.003314,0.010038,0.023767,0.0,0.0,0.0
2020-01-06 23:00:00,21.31,20.4,20.68,21.41,20.63,21.35,22.27,20.68,22.77,22.39,23.05,22.95,21.75,20.28,22.8,22.51,22.91,20.84,20.02,21.99,-0.68,0.0,1.0,0.405,0.628,1.0,0.0,1.0,1.0,0.0,1.0,1.0,0.938,0.828,1.0,0.0,1.0,0.562,1.0,0.0,0.0,0.0,36.0,21.0,23.0,756.08,579.16,581.38,931.04,0.0,646.4,729.54,0.0,722.72,164.24,509.41,645.86,596.59,0.0,159.34,369.24,790.45,0.0,0.0,0.0,28.17,25.07,26.11,28.58,36.0,26.79,28.13,36.0,27.72,24.13,28.37,27.72,27.16,36.0,24.5,27.2,28.04,36.0,36.0,36.0,0.023114,0.012682,0.014069,0.030001,0.0,0.0168,0.022187,0.0,0.020884,0.00331,0.015971,0.018672,0.016137,0.0,0.003314,0.010038,0.023767,0.0,0.0,0.0
2020-01-06 23:15:00,21.36,20.91,20.99,21.52,20.68,21.23,22.26,20.82,22.54,22.35,22.98,22.94,21.61,20.44,22.84,22.6,22.93,20.88,20.21,21.89,-0.74,0.0,1.0,1.0,0.985,1.0,1.0,0.0,1.0,1.0,0.0,0.0,0.614,0.706,0.0,1.0,1.0,1.0,0.736,0.556,1.0,0.0,36.0,21.0,23.0,745.78,1083.94,769.11,930.59,188.6,0.0,729.68,744.98,0.0,0.0,352.09,561.73,0.0,1044.3,158.85,614.13,597.21,513.82,1106.4,0.0,28.28,27.71,27.67,28.58,22.31,36.0,28.13,24.85,36.0,36.0,27.94,27.56,36.0,24.24,24.53,27.78,27.84,22.94,24.2,36.0,0.023114,0.031288,0.022083,0.030001,0.003296,0.0,0.022187,0.015987,0.0,0.0,0.010449,0.015924,0.0,0.021246,0.003314,0.017867,0.017501,0.009412,0.022431,0.0
2020-01-06 23:30:00,21.46,21.16,21.18,21.66,20.97,20.84,22.32,21.19,22.13,22.26,22.86,22.91,21.2,20.9,22.88,22.77,22.89,21.05,20.74,21.79,-0.8,0.0,1.0,1.0,0.985,1.0,1.0,0.0,1.0,1.0,0.0,0.0,0.614,0.706,0.0,1.0,1.0,1.0,0.736,0.556,1.0,0.0,36.0,21.0,23.0,734.56,1087.27,761.67,924.72,189.89,0.0,728.96,666.1,0.0,0.0,365.67,569.21,0.0,940.6,158.37,584.69,608.26,478.41,990.66,0.0,28.4,27.69,27.75,28.63,22.22,36.0,28.14,26.03,36.0,36.0,27.63,27.45,36.0,25.41,24.57,28.17,27.68,23.84,25.43,36.0,0.023114,0.031288,0.022083,0.030001,0.003296,0.0,0.022187,0.015987,0.0,0.0,0.010449,0.015924,0.0,0.021246,0.003314,0.017867,0.017501,0.009412,0.022431,0.0
2020-01-06 23:45:00,21.53,21.2,21.25,21.73,21.11,20.4,22.41,21.52,21.68,22.17,22.75,22.89,20.78,21.32,22.91,22.91,22.85,21.22,21.2,21.7,-0.85,0.0,1.0,1.0,0.985,1.0,1.0,0.0,1.0,1.0,0.0,0.0,0.614,0.706,0.0,1.0,1.0,1.0,0.736,0.556,1.0,0.0,36.0,21.0,23.0,723.7,1080.92,750.8,921.13,189.16,0.0,727.19,622.07,0.0,0.0,374.05,573.49,0.0,880.49,157.9,568.25,614.12,456.8,923.28,0.0,28.51,27.73,27.87,28.65,22.27,36.0,28.16,26.69,36.0,36.0,27.44,27.38,36.0,26.09,24.6,28.39,27.6,24.39,26.15,36.0,0.023114,0.031288,0.022083,0.030001,0.003296,0.0,0.022187,0.015987,0.0,0.0,0.010449,0.015924,0.0,0.021246,0.003314,0.017867,0.017501,0.009412,0.022431,0.0
2020-01-07 00:00:00,21.59,21.25,21.31,21.77,21.23,20.02,22.49,21.7,21.32,22.09,22.67,22.87,20.44,21.57,22.95,22.99,22.84,21.35,21.49,21.61,-0.87,0.0,1.0,1.0,0.985,1.0,1.0,0.0,1.0,1.0,0.0,0.0,0.614,0.706,0.0,1.0,1.0,1.0,0.736,0.556,1.0,0.0,36.0,21.0,23.0,713.13,1076.63,740.84,919.21,188.62,0.0,725.0,595.14,0.0,0.0,379.74,576.15,0.0,841.78,157.44,558.04,617.52,442.36,879.91,0.0,28.62,27.77,27.97,28.67,22.31,36.0,28.18,27.09,36.0,36.0,27.31,27.34,36.0,26.52,24.64,28.53,27.56,24.76,26.62,36.0,0.023114,0.031288,0.022083,0.030001,0.003296,0.0,0.022187,0.015987,0.0,0.0,0.010449,0.015924,0.0,0.021246,0.003314,0.017867,0.017501,0.009412,0.022431,0.0
2020-01-07 00:15:00,20.6,20.54,20.62,21.44,21.06,20.11,22.52,21.53,21.32,22.02,22.73,22.91,20.51,21.44,22.98,22.98,22.89,21.3,21.33,21.53,-0.88,0.0,0.015,0.238,0.211,1.0,0.0,1.0,1.0,0.0,0.718,0.0,1.0,0.898,1.0,0.0,1.0,0.765,0.963,0.0,0.0,0.0,36.0,21.0,23.0,18.54,366.66,232.15,926.93,0.0,822.16,722.91,0.0,709.68,0.0,583.46,712.04,758.54,0.0,156.98,440.4,778.9,0.0,0.0,0.0,23.47,24.21,24.28,28.61,36.0,24.29,28.21,36.0,24.68,36.0,27.8,27.59,24.75,36.0,24.67,28.29,27.86,36.0,36.0,36.0,0.000354,0.007442,0.004739,0.030001,0.0,0.0168,0.022187,0.0,0.014998,0.0,0.017031,0.020263,0.016137,0.0,0.003314,0.01366,0.022889,0.0,0.0,0.0
2020-01-07 00:30:00,20.22,20.23,20.31,21.17,20.91,20.59,22.48,21.15,21.52,21.93,22.89,23.0,20.91,21.03,23.02,22.92,23.0,21.15,20.88,21.44,-0.9,0.0,0.015,0.238,0.211,1.0,0.0,1.0,1.0,0.0,0.718,0.0,1.0,0.898,1.0,0.0,1.0,0.765,0.963,0.0,0.0,0.0,36.0,21.0,23.0,18.45,362.46,229.74,930.99,0.0,730.87,721.72,0.0,666.34,0.0,559.37,697.07,678.41,0.0,156.53,450.09,758.59,0.0,0.0,0.0,23.53,24.35,24.4,28.58,36.0,25.59,28.22,36.0,25.37,36.0,28.14,27.77,25.94,36.0,24.7,28.12,28.07,36.0,36.0,36.0,0.000354,0.007442,0.004739,0.030001,0.0,0.0168,0.022187,0.0,0.014998,0.0,0.017031,0.020263,0.016137,0.0,0.003314,0.01366,0.022889,0.0,0.0,0.0
2020-01-07 00:45:00,20.1,20.16,20.24,21.09,20.73,21.02,22.41,20.81,21.76,21.86,23.01,23.06,21.34,20.6,23.06,22.87,23.09,21.0,20.41,21.36,-0.91,0.0,0.015,0.238,0.211,1.0,0.0,1.0,1.0,0.0,0.718,0.0,1.0,0.898,1.0,0.0,1.0,0.765,0.963,0.0,0.0,0.0,36.0,21.0,23.0,18.56,361.42,229.44,934.43,0.0,679.6,721.62,0.0,641.11,0.0,545.71,687.91,633.15,0.0,156.09,455.58,746.12,0.0,0.0,0.0,23.46,24.38,24.42,28.55,36.0,26.32,28.22,36.0,25.77,36.0,28.33,27.88,26.61,36.0,24.73,28.02,28.2,36.0,36.0,36.0,0.000354,0.007442,0.004739,0.030001,0.0,0.0168,0.022187,0.0,0.014998,0.0,0.017031,0.020263,0.016137,0.0,0.003314,0.01366,0.022889,0.0,0.0,0.0
2020-01-07 01:00:00,20.01,20.12,20.19,21.05,20.59,21.3,22.35,20.54,21.9,21.79,23.09,23.12,21.63,20.26,23.09,22.84,23.15,20.88,20.03,21.27,-0.94,0.0,0.015,0.238,0.211,1.0,0.0,1.0,1.0,0.0,0.718,0.0,1.0,0.898,1.0,0.0,1.0,0.765,0.963,0.0,0.0,0.0,36.0,21.0,23.0,18.64,359.66,228.7,936.04,0.0,647.48,722.0,0.0,624.81,0.0,537.17,681.69,604.68,0.0,155.65,458.94,737.66,0.0,0.0,0.0,23.41,24.44,24.46,28.54,36.0,26.78,28.21,36.0,26.03,36.0,28.45,27.95,27.04,36.0,24.77,27.96,28.29,36.0,36.0,36.0,0.000354,0.007442,0.004739,0.030001,0.0,0.0168,0.022187,0.0,0.014998,0.0,0.017031,0.020263,0.016137,0.0,0.003314,0.01366,0.022889,0.0,0.0,0.0
2020-01-07 01:15:00,20.8,20.79,20.83,21.31,20.76,21.25,22.34,20.68,22.08,21.8,23.01,23.02,21.52,20.4,23.06,22.9,22.98,20.91,20.18,21.3,-0.97,0.0,1.0,1.0,1.0,1.0,1.0,0.21,1.0,1.0,1.0,1.0,0.52,0.377,0.0,1.0,0.0,1.0,0.226,0.476,1.0,1.0,36.0,21.0,23.0,710.62,1037.16,725.06,930.75,185.06,152.5,722.49,753.58,818.39,183.82,301.29,310.53,0.0,1045.13,0.0,577.23,195.98,445.29,1106.71,234.99,28.64,28.07,28.26,28.58,22.57,25.68,28.21,24.72,26.62,22.72,27.85,27.26,36.0,24.23,36.0,28.27,27.26,22.8,24.2,22.34,0.023114,0.031288,0.022413,0.030001,0.003296,0.003536,0.022187,0.015987,0.020884,0.00331,0.008849,0.008497,0.0,0.021246,0.0,0.017867,0.005362,0.008069,0.022431,0.004117
2020-01-07 01:30:00,21.32,21.22,21.25,21.63,21.01,20.97,22.38,21.1,22.29,21.89,22.84,22.81,21.14,20.86,22.96,23.0,22.65,21.03,20.72,21.43,-0.99,0.0,1.0,1.0,1.0,1.0,1.0,0.21,1.0,1.0,1.0,1.0,0.52,0.377,0.0,1.0,0.0,1.0,0.226,0.476,1.0,1.0,36.0,21.0,23.0,721.56,1035.6,726.23,924.61,184.86,165.2,722.14,673.51,782.75,178.6,317.6,329.34,0.0,941.78,0.0,561.41,214.28,420.22,991.25,226.29,28.53,28.08,28.25,28.63,22.58,24.82,28.21,25.92,27.03,23.09,27.41,26.73,36.0,25.4,36.0,28.48,26.44,23.54,25.43,22.85,0.023114,0.031288,0.022413,0.030001,0.003296,0.003536,0.022187,0.015987,0.020884,0.00331,0.008849,0.008497,0.0,0.021246,0.0,0.017867,0.005362,0.008069,0.022431,0.004117
2020-01-07 01:45:00,21.42,21.35,21.37,21.76,21.17,20.65,22.45,21.46,22.46,21.99,22.68,22.62,20.74,21.29,22.87,23.09,22.33,21.17,21.2,21.57,-1.02,0.0,1.0,1.0,1.0,1.0,1.0,0.21,1.0,1.0,1.0,1.0,0.52,0.377,0.0,1.0,0.0,1.0,0.226,0.476,1.0,1.0,36.0,21.0,23.0,711.91,1017.16,714.51,917.51,183.21,173.6,720.92,628.43,760.17,175.1,327.83,341.81,0.0,881.7,0.0,552.11,227.0,404.73,923.72,220.44,28.63,28.22,28.37,28.68,22.7,24.25,28.23,26.6,27.29,23.35,27.14,26.38,36.0,26.07,36.0,28.61,25.87,24.0,26.15,23.19,0.023114,0.031288,0.022413,0.030001,0.003296,0.003536,0.022187,0.015987,0.020884,0.00331,0.008849,0.008497,0.0,0.021246,0.0,0.017867,0.005362,0.008069,0.022431,0.004117
2020-01-07 02:00:00,21.42,21.36,21.37,21.76,21.28,20.37,22.48,21.66,22.58,22.07,22.54,22.44,20.44,21.55,22.77,23.14,22.01,21.28,21.49,21.69,-1.06,0.0,1.0,1.0,1.0,1.0,1.0,0.21,1.0,1.0,1.0,1.0,0.52,0.377,0.0,1.0,0.0,1.0,0.226,0.476,1.0,1.0,36.0,21.0,23.0,683.1,976.47,685.13,884.36,181.55,179.57,719.22,601.32,745.03,172.59,334.7,350.63,0.0,843.87,0.0,546.26,236.32,394.53,881.48,216.23,28.93,28.53,28.69,28.95,22.82,23.85,28.24,27.0,27.47,23.53,26.95,26.13,36.0,26.5,36.0,28.69,25.46,24.3,26.6,23.43,0.023114,0.031288,0.022413,0.030001,0.003296,0.003536,0.022187,0.015987,0.020884,0.00331,0.008849,0.008497,0.0,0.021246,0.0,0.017867,0.005362,0.008069,0.022431,0.004117
2020-01-07 02:15:00,20.54,20.53,20.53,21.43,21.13,20.5,22.52,21.48,22.38,22.05,22.27,22.53,20.57,21.4,22.78,23.02,22.13,21.21,21.31,21.66,-1.09,0.0,0.069,0.141,0.086,1.0,0.0,1.0,1.0,0.0,0.0,0.0,0.0,1.0,1.0,0.0,1.0,0.485,1.0,0.0,0.0,0.0,36.0,21.0,23.0,79.44,217.47,97.91,923.15,0.0,756.43,718.36,0.0,0.0,0.0,0.0,853.69,764.11,0.0,168.68,290.33,939.82,0.0,0.0,0.0,24.0,24.21,23.9,28.64,36.0,25.23,28.25,36.0,36.0,36.0,36.0,26.94,24.67,36.0,23.82,27.99,26.54,36.0,36.0,36.0,0.001584,0.004412,0.001936,0.030001,0.0,0.0168,0.022187,0.0,0.0,0.0,0.0,0.022553,0.016137,0.0,0.003314,0.008673,0.023767,0.0,0.0,0.0
2020-01-07 02:30:00,20.2,20.2,20.2,21.13,20.97,20.9,22.48,21.09,21.96,21.97,21.79,22.78,20.98,21.0,22.84,22.79,22.47,21.08,20.87,21.56,-1.12,0.0,0.069,0.141,0.086,1.0,0.0,1.0,1.0,0.0,0.0,0.0,0.0,1.0,1.0,0.0,1.0,0.485,1.0,0.0,0.0,0.0,36.0,21.0,23.0,79.2,216.47,97.47,929.37,0.0,689.74,717.51,0.0,0.0,0.0,0.0,800.19,682.48,0.0,164.69,309.05,864.67,0.0,0.0,0.0,24.04,24.26,23.95,28.59,36.0,26.18,28.26,36.0,36.0,36.0,36.0,27.51,25.88,36.0,24.11,27.48,27.3,36.0,36.0,36.0,0.001584,0.004412,0.001936,0.030001,0.0,0.0168,0.022187,0.0,0.0,0.0,0.0,0.022553,0.016137,0.0,0.003314,0.008673,0.023767,0.0,0.0,0.0
2020-01-07 02:45:00,20.09,20.11,20.09,21.05,20.82,21.25,22.42,20.73,21.5,21.88,21.41,22.97,21.39,20.56,22.91,22.59,22.73,20.94,20.4,21.45,-1.16,0.0,0.069,0.141,0.086,1.0,0.0,1.0,1.0,0.0,0.0,0.0,0.0,1.0,1.0,0.0,1.0,0.485,1.0,0.0,0.0,0.0,36.0,21.0,23.0,79.74,217.42,97.95,933.53,0.0,651.63,717.64,0.0,0.0,0.0,0.0,769.62,636.53,0.0,162.08,321.2,821.97,0.0,0.0,0.0,23.96,24.21,23.89,28.56,36.0,26.72,28.26,36.0,36.0,36.0,36.0,27.84,26.56,36.0,24.3,27.14,27.73,36.0,36.0,36.0,0.001584,0.004412,0.001936,0.030001,0.0,0.0168,0.022187,0.0,0.0,0.0,0.0,0.022553,0.016137,0.0,0.003314,0.008673,0.023767,0.0,0.0,0.0
2020-01-07 03:00:00,20.01,20.04,20.03,20.99,20.7,21.47,22.36,20.47,21.16,21.8,21.1,23.08,21.63,20.23,22.96,22.43,22.87,20.83,20.01,21.35,-1.18,0.0,0.069,0.141,0.086,1.0,0.0,1.0,1.0,0.0,0.0,0.0,0.0,1.0,1.0,0.0,1.0,0.485,1.0,0.0,0.0,0.0,36.0,21.0,23.0,80.08,217.84,98.19,935.7,0.0,627.52,718.25,0.0,0.0,0.0,0.0,750.52,607.93,0.0,160.21,329.73,795.77,0.0,0.0,0.0,23.91,24.19,23.86,28.54,36.0,27.06,28.26,36.0,36.0,36.0,36.0,28.04,26.99,36.0,24.44,26.91,27.99,36.0,36.0,36.0,0.001584,0.004412,0.001936,0.030001,0.0,0.0168,0.022187,0.0,0.0,0.0,0.0,0.022553,0.016137,0.0,0.003314,0.008673,0.023767,0.0,0.0,0.0
2020-01-07 03:15:00,20.78,20.79,20.77,21.27,20.87,21.49,22.35,20.62,21.26,21.81,21.23,23.0,21.49,20.36,23.0,22.51,22.92,20.88,20.17,21.37,-1.21,0.0,1.0,1.0,1.0,1.0,1.0,0.615,1.0,1.0,1.0,1.0,1.0,0.427,0.0,1.0,0.921,1.0,0.82,0.623,1.0,1.0,36.0,21.0,23.0,710.66,1005.34,706.34,930.37,181.33,402.73,718.97,759.29,959.84,182.47,760.24,347.53,0.0,1047.11,146.82,627.4,658.46,573.1,1107.5,230.7,28.64,28.31,28.46,28.58,22.84,26.68,28.25,24.64,25.0,22.81,25.32,27.37,36.0,24.21,24.5,27.6,27.91,23.01,24.19,22.59,0.023114,0.031288,0.022413,0.030001,0.003296,0.010333,0.022187,0.015987,0.020884,0.00331,0.017031,0.009639,0.0,0.021246,0.003054,0.017867,0.019479,0.010552,0.022431,0.004117
2020-01-07 03:30:00,21.28,21.27,21.26,21.61,21.11,21.38,22.41,21.03,21.63,21.89,21.65,22.81,21.1,20.82,23.04,22.72,22.92,21.06,20.7,21.49,-1.23,0.0,1.0,1.0,1.0,1.0,1.0,0.615,1.0,1.0,1.0,1.0,1.0,0.427,0.0,1.0,0.921,1.0,0.82,0.623,1.0,1.0,36.0,21.0,23.0,719.95,1012.38,713.83,924.18,181.49,414.78,718.88,678.28,869.79,177.72,674.61,367.85,0.0,943.53,146.19,592.23,663.02,528.16,991.95,223.14,28.55,28.26,28.38,28.63,22.83,26.4,28.25,25.85,26.04,23.16,26.52,26.87,36.0,25.38,24.55,28.07,27.86,24.03,25.42,23.03,0.023114,0.031288,0.022413,0.030001,0.003296,0.010333,0.022187,0.015987,0.020884,0.00331,0.017031,0.009639,0.0,0.021246,0.003054,0.017867,0.019479,0.010552,0.022431,0.004117
2020-01-07 03:45:00,21.39,21.38,21.37,21.74,21.27,21.24,22.5,21.4,22.0,21.98,22.06,22.63,20.8,21.24,23.07,22.88,22.92,21.25,21.16,21.61,-1.26,0.0,1.0,1.0,1.0,1.0,1.0,0.615,1.0,1.0,1.0,1.0,1.0,0.427,0.0,1.0,0.921,1.0,0.82,0.623,1.0,1.0,36.0,21.0,23.0,711.82,1000.97,705.66,917.09,180.48,421.61,717.65,632.8,818.18,174.54,627.48,380.91,0.0,883.45,145.63,572.64,664.54,501.05,924.63,218.05,28.63,28.35,28.47,28.69,22.9,26.24,28.26,26.53,26.63,23.39,27.19,26.55,36.0,26.05,24.59,28.33,27.84,24.64,26.14,23.33,0.023114,0.031288,0.022413,0.030001,0.003296,0.010333,0.022187,0.015987,0.020884,0.00331,0.017031,0.009639,0.0,0.021246,0.003054,0.017867,0.019479,0.010552,0.022431,0.004117
2020-01-07 04:00:00,21.4,21.4,21.38,21.75,21.37,21.14,22.53,21.62,22.24,22.06,22.32,22.47,20.55,21.51,23.11,22.98,22.93,21.41,21.45,21.73,-1.25,0.0,1.0,1.0,1.0,1.0,1.0,0.615,1.0,1.0,1.0,1.0,1.0,0.427,0.0,1.0,0.921,1.0,0.82,0.623,1.0,1.0,36.0,21.0,23.0,682.57,961.54,676.96,884.04,179.06,425.91,715.78,605.08,786.07,172.24,599.2,389.92,0.0,845.75,145.14,560.96,664.78,483.62,882.7,214.38,28.94,28.65,28.77,28.95,23.0,26.14,28.28,26.95,27.0,23.55,27.58,26.32,36.0,26.48,24.63,28.49,27.84,25.04,26.59,23.54,0.023114,0.031288,0.022413,0.030001,0.003296,0.010333,0.022187,0.015987,0.020884,0.00331,0.017031,0.009639,0.0,0.021246,0.003054,0.017867,0.019479,0.010552,0.022431,0.004117
2020-01-07 04:15:00,20.88,20.54,20.61,21.48,21.19,21.02,22.59,21.44,22.07,22.04,22.11,22.57,20.67,21.35,23.07,22.69,22.92,21.32,21.27,21.7,-1.24,0.0,0.352,0.1,0.126,1.0,0.0,0.399,1.0,0.0,0.0,0.0,0.0,1.0,1.0,0.0,0.0,0.0,0.723,0.0,0.0,0.0,36.0,21.0,23.0,341.48,156.57,137.91,921.26,0.0,289.3,714.93,0.0,0.0,0.0,0.0,842.67,767.49,0.0,0.0,0.0,596.02,0.0,0.0,0.0,25.97,24.08,24.35,28.65,36.0,25.66,28.29,36.0,36.0,36.0,36.0,27.06,24.62,36.0,36.0,36.0,27.7,36.0,36.0,36.0,0.008147,0.003143,0.002832,0.030001,0.0,0.006696,0.022187,0.0,0.0,0.0,0.0,0.022553,0.016137,0.0,0.0,0.0,0.017179,0.0,0.0,0.0
2020-01-07 04:30:00,20.63,20.22,20.32,21.24,21.04,20.96,22.54,21.02,21.65,21.96,21.6,22.79,20.99,20.94,22.98,22.12,22.88,21.17,20.81,21.59,-1.24,0.0,0.352,0.1,0.126,1.0,0.0,0.399,1.0,0.0,0.0,0.0,0.0,1.0,1.0,0.0,0.0,0.0,0.723,0.0,0.0,0.0,36.0,21.0,23.0,340.44,156.0,137.35,926.46,0.0,299.01,714.02,0.0,0.0,0.0,0.0,794.0,685.21,0.0,0.0,0.0,602.65,0.0,0.0,0.0,26.0,24.13,24.4,28.61,36.0,25.32,28.3,36.0,36.0,36.0,36.0,27.58,25.84,36.0,36.0,36.0,27.61,36.0,36.0,36.0,0.008147,0.003143,0.002832,0.030001,0.0,0.006696,0.022187,0.0,0.0,0.0,0.0,0.022553,0.016137,0.0,0.0,0.0,0.017179,0.0,0.0,0.0
2020-01-07 04:45:00,20.57,20.12,20.23,21.16,20.88,20.98,22.47,20.64,21.2,21.87,21.12,22.97,21.29,20.49,22.89,21.54,22.86,21.0,20.32,21.47,-1.23,0.0,0.352,0.1,0.126,1.0,0.0,0.399,1.0,0.0,0.0,0.0,0.0,1.0,1.0,0.0,0.0,0.0,0.723,0.0,0.0,0.0,36.0,21.0,23.0,341.97,157.0,138.17,929.94,0.0,305.04,714.28,0.0,0.0,0.0,0.0,765.95,639.43,0.0,0.0,0.0,606.52,0.0,0.0,0.0,25.96,24.05,24.33,28.58,36.0,25.1,28.3,36.0,36.0,36.0,36.0,27.88,26.52,36.0,36.0,36.0,27.55,36.0,36.0,36.0,0.008147,0.003143,0.002832,0.030001,0.0,0.006696,0.022187,0.0,0.0,0.0,0.0,0.022553,0.016137,0.0,0.0,0.0,0.017179,0.0,0.0,0.0
2020-01-07 05:00:00,20.53,20.05,20.16,21.12,20.75,21.01,22.41,20.41,20.88,21.79,20.79,23.09,21.45,20.15,22.8,21.13,22.85,20.88,19.93,21.37,-1.23,0.0,0.352,0.1,0.126,1.0,0.0,0.399,1.0,0.0,0.0,0.0,0.0,1.0,1.0,0.0,0.0,0.0,0.723,0.0,0.0,0.0,36.0,21.0,23.0,342.76,157.62,138.67,931.64,0.0,308.97,715.07,0.0,0.0,0.0,0.0,748.14,611.63,0.0,0.0,0.0,608.89,0.0,0.0,0.0,25.93,24.0,24.28,28.57,36.0,24.96,28.29,36.0,36.0,36.0,36.0,28.06,26.93,36.0,36.0,36.0,27.52,36.0,36.0,36.0,0.008147,0.003143,0.002832,0.030001,0.0,0.006696,0.022187,0.0,0.0,0.0,0.0,0.022553,0.016137,0.0,0.0,0.0,0.017179,0.0,0.0,0.0
2020-01-07 05:15:00,21.05,20.81,20.85,21.36,20.91,21.15,22.39,20.56,21.0,21.73,20.93,23.01,21.33,20.29,22.8,21.26,22.91,20.9,20.09,21.39,-1.23,0.0,1.0,1.0,1.0,1.0,1.0,1.0,1.0,1.0,1.0,0.101,1.0,0.425,0.0,1.0,1.0,1.0,0.946,0.512,1.0,1.0,36.0,21.0,23.0,709.35,996.86,701.99,926.96,179.71,701.14,715.97,764.48,983.62,19.2,774.16,344.6,0.0,1051.1,168.92,772.82,768.5,475.05,1112.13,229.87,28.66,28.38,28.51,28.61,22.95,26.02,28.28,24.56,24.73,22.3,25.13,27.39,36.0,24.16,23.81,25.65,27.83,22.9,24.14,22.64,0.023114,0.031288,0.022413,0.030001,0.003296,0.0168,0.022187,0.015987,0.020884,0.000335,0.017031,0.009577,0.0,0.021246,0.003314,0.017867,0.02249,0.008675,0.022431,0.004117
2020-01-07 05:30:00,21.38,21.29,21.29,21.66,21.16,21.33,22.43,20.97,21.4,21.68,21.37,22.83,21.02,20.76,22.86,21.7,23.01,21.04,20.62,21.51,-1.23,0.0,1.0,1.0,1.0,1.0,1.0,1.0,1.0,1.0,1.0,0.101,1.0,0.425,0.0,1.0,1.0,1.0,0.946,0.512,1.0,1.0,36.0,21.0,23.0,711.97,1007.24,709.4,921.47,180.03,651.52,715.97,682.86,889.39,19.3,688.54,364.95,0.0,947.24,164.79,686.51,748.35,446.53,996.44,222.45,28.63,28.3,28.43,28.65,22.93,26.72,28.28,25.78,25.81,22.23,26.33,26.88,36.0,25.33,24.11,26.81,28.04,23.69,25.37,23.07,0.023114,0.031288,0.022413,0.030001,0.003296,0.0168,0.022187,0.015987,0.020884,0.000335,0.017031,0.009577,0.0,0.021246,0.003314,0.017867,0.02249,0.008675,0.022431,0.004117
2020-01-07 05:45:00,21.47,21.39,21.38,21.77,21.33,21.39,22.5,21.35,21.8,21.63,21.8,22.65,20.81,21.2,22.94,22.15,23.1,21.18,21.1,21.63,-1.23,0.0,1.0,1.0,1.0,1.0,1.0,1.0,1.0,1.0,1.0,0.101,1.0,0.425,0.0,1.0,1.0,1.0,0.946,0.512,1.0,1.0,36.0,21.0,23.0,706.17,996.09,702.07,915.4,179.01,624.15,715.03,637.01,834.89,19.4,640.87,378.01,0.0,886.81,162.07,638.89,736.02,429.06,928.85,217.47,28.69,28.38,28.51,28.7,23.01,27.11,28.29,26.47,26.44,22.16,27.0,26.56,36.0,26.01,24.3,27.45,28.17,24.17,26.09,23.36,0.023114,0.031288,0.022413,0.030001,0.003296,0.0168,0.022187,0.015987,0.020884,0.000335,0.017031,0.009577,0.0,0.021246,0.003314,0.017867,0.02249,0.008675,0.022431,0.004117
2020-01-07 06:00:00,21.48,21.41,21.4,21.77,21.44,21.48,22.53,21.6,22.06,21.57,22.09,22.5,20.59,21.47,23.0,22.41,23.17,21.3,21.4,21.74,-1.23,0.0,1.0,1.0,1.0,1.0,1.0,1.0,1.0,1.0,1.0,0.101,1.0,0.425,0.0,1.0,1.0,1.0,0.946,0.512,1.0,1.0,36.0,21.0,23.0,677.11,956.67,673.4,882.58,177.59,608.39,713.52,608.81,800.62,19.49,611.88,387.0,0.0,848.66,160.14,610.3,727.94,417.61,886.51,213.88,28.99,28.69,28.81,28.96,23.11,27.34,28.31,26.89,26.83,22.1,27.4,26.33,36.0,26.44,24.44,27.83,28.26,24.48,26.54,23.57,0.023114,0.031288,0.022413,0.030001,0.003296,0.0168,0.022187,0.015987,0.020884,0.000335,0.017031,0.009577,0.0,0.021246,0.003314,0.017867,0.02249,0.008675,0.022431,0.004117
2020-01-07 06:15:00,20.7,20.58,20.55,21.47,21.25,21.23,22.58,21.42,21.91,21.53,22.01,22.27,20.76,21.32,22.97,22.25,22.92,21.23,21.23,21.71,-1.23,0.0,0.138,0.122,0.069,1.0,0.0,0.0,1.0,0.0,0.0,0.0,0.306,0.0,1.0,0.0,0.0,0.153,0.0,0.0,0.0,0.0,36.0,21.0,23.0,151.67,186.9,78.18,920.75,0.0,0.0,712.79,0.0,0.0,0.0,206.16,0.0,770.09,0.0,0.0,106.82,0.0,0.0,0.0,0.0,24.65,24.31,23.97,28.66,36.0,36.0,28.31,36.0,36.0,36.0,26.54,36.0,24.58,36.0,36.0,26.64,36.0,36.0,36.0,36.0,0.003198,0.003825,0.001555,0.030001,0.0,0.0,0.022187,0.0,0.0,0.0,0.005214,0.0,0.016137,0.0,0.0,0.002731,0.0,0.0,0.0,0.0
2020-01-07 06:30:00,20.38,20.26,20.23,21.19,21.1,20.9,22.54,21.0,21.51,21.47,21.77,21.86,21.02,20.93,22.88,21.84,22.43,21.1,20.78,21.6,-1.23,0.0,0.138,0.122,0.069,1.0,0.0,0.0,1.0,0.0,0.0,0.0,0.306,0.0,1.0,0.0,0.0,0.153,0.0,0.0,0.0,0.0,36.0,21.0,23.0,151.17,186.16,77.86,926.67,0.0,0.0,712.0,0.0,0.0,0.0,220.84,0.0,687.05,0.0,0.0,117.81,0.0,0.0,0.0,0.0,24.69,24.36,24.02,28.61,36.0,36.0,28.32,36.0,36.0,36.0,25.87,36.0,25.81,36.0,36.0,25.68,36.0,36.0,36.0,36.0,0.003198,0.003825,0.001555,0.030001,0.0,0.0,0.022187,0.0,0.0,0.0,0.005214,0.0,0.016137,0.0,0.0,0.002731,0.0,0.0,0.0,0.0
2020-01-07 06:45:00,20.29,20.17,20.14,21.11,20.95,20.68,22.48,20.66,21.08,21.4,21.53,21.53,21.18,20.5,22.8,21.44,21.91,20.96,20.32,21.48,-1.23,0.0,0.138,0.122,0.069,1.0,0.0,0.0,1.0,0.0,0.0,0.0,0.306,0.0,1.0,0.0,0.0,0.153,0.0,0.0,0.0,0.0,36.0,21.0,23.0,152.1,187.18,78.32,930.6,0.0,0.0,712.16,0.0,0.0,0.0,230.28,0.0,641.62,0.0,0.0,125.47,0.0,0.0,0.0,0.0,24.62,24.29,23.95,28.58,36.0,36.0,28.32,36.0,36.0,36.0,25.43,36.0,26.49,36.0,36.0,25.01,36.0,36.0,36.0,36.0,0.003198,0.003825,0.001555,0.030001,0.0,0.0,0.022187,0.0,0.0,0.0,0.005214,0.0,0.016137,0.0,0.0,0.002731,0.0,0.0,0.0,0.0
2020-01-07 07:00:00,20.22,20.11,20.07,21.06,20.81,20.54,22.42,20.42,20.76,21.34,21.34,21.25,21.24,20.16,22.71,21.14,21.52,20.85,19.93,21.38,-1.24,0.0,0.138,0.122,0.069,1.0,0.0,0.0,1.0,0.0,0.0,0.0,0.306,0.0,1.0,0.0,0.0,0.153,0.0,0.0,0.0,0.0,36.0,21.0,23.0,152.65,187.76,78.58,932.68,0.0,0.0,712.82,0.0,0.0,0.0,236.95,0.0,614.89,0.0,0.0,131.27,0.0,0.0,0.0,0.0,24.58,24.26,23.91,28.56,36.0,36.0,28.31,36.0,36.0,36.0,25.13,36.0,26.88,36.0,36.0,24.5,36.0,36.0,36.0,36.0,0.003198,0.003825,0.001555,0.030001,0.0,0.0,0.022187,0.0,0.0,0.0,0.005214,0.0,0.016137,0.0,0.0,0.002731,0.0,0.0,0.0,0.0
2020-01-07 07:15:00,20.89,20.83,20.79,21.32,20.95,20.71,22.41,20.56,20.87,21.36,21.48,21.38,21.34,20.3,22.71,21.28,21.61,20.89,20.07,21.4,-1.25,0.0,1.0,1.0,1.0,1.0,1.0,1.0,1.0,1.0,1.0,1.0,1.0,1.0,1.0,1.0,1.0,1.0,1.0,0.606,1.0,1.0,36.0,21.0,23.0,715.25,1004.58,708.68,928.28,179.35,793.83,713.67,766.6,994.89,190.8,694.47,1026.83,598.24,1051.99,170.48,751.26,1027.72,558.85,1114.26,229.63,28.6,28.32,28.44,28.6,22.98,24.7,28.3,24.53,24.6,22.21,26.24,25.11,27.13,24.15,23.69,25.94,25.66,22.98,24.12,22.66,0.023114,0.031288,0.022413,0.030001,0.003296,0.0168,0.022187,0.015987,0.020884,0.00331,0.017031,0.022553,0.016137,0.021246,0.003314,0.017867,0.023767,0.010269,0.022431,0.004117
2020-01-07 07:30:00,21.29,21.26,21.22,21.63,21.18,21.09,22.46,20.96,21.28,21.46,21.82,21.79,21.54,20.76,22.78,21.7,22.02,21.06,20.6,21.51,-1.25,0.0,1.0,1.0,1.0,1.0,1.0,1.0,1.0,1.0,1.0,1.0,1.0,1.0,1.0,1.0,1.0,1.0,1.0,0.606,1.0,1.0,36.0,21.0,23.0,732.53,1027.88,728.65,922.94,180.5,706.16,713.73,684.66,898.97,185.07,640.09,917.42,586.07,947.98,166.2,678.05,921.17,516.89,998.47,222.25,28.42,28.14,28.22,28.64,22.9,25.94,28.3,25.75,25.7,22.63,27.01,26.27,27.31,25.33,24.0,26.92,26.73,23.96,25.35,23.08,0.023114,0.031288,0.022413,0.030001,0.003296,0.0168,0.022187,0.015987,0.020884,0.00331,0.017031,0.022553,0.016137,0.021246,0.003314,0.017867,0.023767,0.010269,0.022431,0.004117
2020-01-07 07:45:00,21.34,21.31,21.27,21.73,21.34,21.42,22.54,21.31,21.68,21.57,22.1,22.19,21.75,21.18,22.86,22.06,22.42,21.23,21.05,21.63,-1.26,0.0,1.0,1.0,1.0,1.0,1.0,1.0,1.0,1.0,1.0,1.0,1.0,1.0,1.0,1.0,1.0,1.0,1.0,0.606,1.0,1.0,36.0,21.0,23.0,736.15,1032.3,732.72,917.43,180.4,658.15,712.72,638.83,843.51,181.19,609.08,855.57,575.97,887.65,163.36,637.0,861.45,491.59,931.12,217.32,28.38,28.11,28.18,28.68,22.9,26.63,28.31,26.44,26.34,22.91,27.44,26.92,27.46,26.0,24.21,27.47,27.33,24.55,26.07,23.37,0.023114,0.031288,0.022413,0.030001,0.003296,0.0168,0.022187,0.015987,0.020884,0.00331,0.017031,0.022553,0.016137,0.021246,0.003314,0.017867,0.023767,0.010269,0.022431,0.004117
2020-01-07 08:00:00,21.29,21.27,21.23,21.71,21.43,21.62,22.57,21.55,21.94,21.67,22.28,22.47,21.9,21.45,22.92,22.29,22.65,21.38,21.34,21.74,-1.24,0.0,1.0,1.0,1.0,1.0,1.0,1.0,1.0,1.0,1.0,1.0,1.0,1.0,1.0,1.0,1.0,1.0,1.0,0.606,1.0,1.0,36.0,21.0,23.0,715.71,1005.88,713.9,885.69,179.82,629.38,711.06,610.88,808.74,178.37,589.99,817.56,567.93,849.76,161.34,612.35,825.22,475.32,889.32,213.77,28.59,28.31,28.38,28.94,22.95,27.04,28.33,26.86,26.74,23.11,27.71,27.33,27.58,26.43,24.35,27.8,27.69,24.93,26.51,23.58,0.023114,0.031288,0.022413,0.030001,0.003296,0.0168,0.022187,0.015987,0.020884,0.00331,0.017031,0.022553,0.016137,0.021246,0.003314,0.017867,0.023767,0.010269,0.022431,0.004117
2020-01-07 08:15:00,20.86,20.62,20.7,21.51,21.2,21.45,22.51,21.36,21.77,21.65,22.05,22.29,21.73,21.28,22.96,22.03,22.43,21.25,21.15,21.7,-1.21,2.1,0.465,0.307,0.378,1.0,0.0,0.0,0.374,0.0,0.0,0.0,0.0,0.0,0.0,0.0,1.0,0.0,0.0,0.0,0.0,0.0,36.0,21.0,23.0,450.37,449.42,380.61,920.77,0.0,0.0,295.04,0.0,0.0,0.0,0.0,0.0,0.0,0.0,159.78,0.0,0.0,0.0,0.0,0.0,25.98,24.82,25.25,28.66,36.0,36.0,27.5,36.0,36.0,36.0,36.0,36.0,36.0,36.0,24.47,36.0,36.0,36.0,36.0,36.0,0.010757,0.009617,0.008472,0.030001,0.0,0.0,0.008302,0.0,0.0,0.0,0.0,0.0,0.0,0.0,0.003314,0.0,0.0,0.0,0.0,0.0
2020-01-07 08:30:00,20.64,20.39,20.5,21.32,21.03,21.06,22.29,20.97,21.39,21.57,21.57,21.89,21.32,20.91,23.02,21.52,22.0,21.05,20.72,21.59,-1.19,23.5,0.465,0.307,0.378,1.0,0.0,0.0,0.374,0.0,0.0,0.0,0.0,0.0,0.0,0.0,1.0,0.0,0.0,0.0,0.0,0.0,36.0,21.0,23.0,454.82,451.72,381.86,924.76,0.0,0.0,316.16,0.0,0.0,0.0,0.0,0.0,0.0,0.0,158.57,0.0,0.0,0.0,0.0,0.0,25.88,24.76,25.22,28.63,36.0,36.0,26.89,36.0,36.0,36.0,36.0,36.0,36.0,36.0,24.55,36.0,36.0,36.0,36.0,36.0,0.010757,0.009617,0.008472,0.030001,0.0,0.0,0.008302,0.0,0.0,0.0,0.0,0.0,0.0,0.0,0.003314,0.0,0.0,0.0,0.0,0.0
2020-01-07 08:45:00,20.57,20.31,20.45,21.26,20.86,20.63,22.11,20.66,20.99,21.49,21.1,21.5,20.92,20.5,23.06,21.0,21.56,20.86,20.28,21.48,-1.17,44.8,0.465,0.307,0.378,1.0,0.0,0.0,0.374,0.0,0.0,0.0,0.0,0.0,0.0,0.0,1.0,0.0,0.0,0.0,0.0,0.0,36.0,21.0,23.0,461.51,456.85,384.42,926.67,0.0,0.0,329.23,0.0,0.0,0.0,0.0,0.0,0.0,0.0,157.58,0.0,0.0,0.0,0.0,0.0,25.74,24.64,25.15,28.61,36.0,36.0,26.51,36.0,36.0,36.0,36.0,36.0,36.0,36.0,24.63,36.0,36.0,36.0,36.0,36.0,0.010757,0.009617,0.008472,0.030001,0.0,0.0,0.008302,0.0,0.0,0.0,0.0,0.0,0.0,0.0,0.003314,0.0,0.0,0.0,0.0,0.0
2020-01-07 09:00:00,20.57,20.31,20.5,21.27,20.73,20.3,22.0,20.5,20.7,21.42,20.8,21.27,20.67,20.2,23.1,20.66,21.27,20.75,19.94,21.37,-0.98,66.2,0.465,0.307,0.378,1.0,0.0,0.0,0.374,0.0,0.0,0.0,0.0,0.0,0.0,0.0,1.0,0.0,0.0,0.0,0.0,0.0,36.0,21.0,23.0,459.7,454.82,378.72,925.78,0.0,0.0,337.71,0.0,0.0,0.0,0.0,0.0,0.0,0.0,156.73,0.0,0.0,0.0,0.0,0.0,25.78,24.69,25.31,28.62,36.0,36.0,26.27,36.0,36.0,36.0,36.0,36.0,36.0,36.0,24.69,36.0,36.0,36.0,36.0,36.0,0.010757,0.009617,0.008472,0.030001,0.0,0.0,0.008302,0.0,0.0,0.0,0.0,0.0,0.0,0.0,0.003314,0.0,0.0,0.0,0.0,0.0
2020-01-07 09:15:00,21.05,20.96,21.09,21.51,20.9,20.47,22.11,20.75,20.86,21.42,20.99,21.47,20.85,20.38,23.07,20.87,21.49,20.91,20.14,21.29,-0.8,87.6,1.0,1.0,1.0,1.0,1.0,1.0,1.0,1.0,1.0,0.892,1.0,1.0,1.0,1.0,0.0,1.0,1.0,0.627,1.0,0.0,36.0,21.0,23.0,762.41,1058.55,732.38,918.57,184.33,800.33,825.94,747.13,998.17,168.33,770.12,1009.8,729.43,1047.54,0.0,805.81,1045.84,557.18,1111.54,0.0,28.11,27.91,28.18,28.68,22.62,24.6,27.09,24.82,24.57,22.37,25.18,25.29,25.19,24.2,36.0,25.21,25.47,23.45,24.14,36.0,0.023114,0.031288,0.022413,0.030001,0.003296,0.0168,0.022187,0.015987,0.020884,0.002954,0.017031,0.022553,0.016137,0.021246,0.0,0.017867,0.023767,0.010618,0.022431,0.0
2020-01-07 09:30:00,21.38,21.36,21.5,21.82,21.18,21.0,22.4,21.31,21.33,21.49,21.48,21.98,21.37,20.9,22.99,21.43,22.05,21.28,20.73,21.2,-0.61,103.4,1.0,1.0,1.0,1.0,1.0,1.0,1.0,1.0,1.0,0.892,1.0,1.0,1.0,1.0,0.0,1.0,1.0,0.627,1.0,0.0,36.0,21.0,23.0,759.11,1058.95,723.76,908.68,184.98,708.85,771.56,656.82,898.22,164.45,682.44,898.02,643.5,940.05,0.0,709.29,925.33,507.43,991.28,0.0,28.14,27.9,28.27,28.75,22.57,25.91,27.68,26.17,25.71,22.68,26.41,26.47,26.46,25.41,36.0,26.5,26.69,24.57,25.43,36.0,0.023114,0.031288,0.022413,0.030001,0.003296,0.0168,0.022187,0.015987,0.020884,0.002954,0.017031,0.022553,0.016137,0.021246,0.0,0.017867,0.023767,0.010618,0.022431,0.0
2020-01-07 09:45:00,21.5,21.49,21.68,21.95,21.36,21.51,22.69,21.78,21.8,21.57,21.97,22.48,21.92,21.39,22.89,21.98,22.58,21.65,21.27,21.11,-0.42,119.1,1.0,1.0,1.0,1.0,1.0,1.0,1.0,1.0,1.0,0.892,1.0,1.0,1.0,1.0,0.0,1.0,1.0,0.627,1.0,0.0,36.0,21.0,23.0,750.72,1049.33,708.39,903.23,184.62,656.82,739.59,602.34,839.42,161.85,632.97,832.99,591.72,876.68,0.0,654.66,855.4,474.43,920.26,0.0,28.23,27.98,28.44,28.8,22.6,26.65,28.03,26.99,26.38,22.89,27.11,27.16,27.23,26.13,36.0,27.23,27.39,25.31,26.18,36.0,0.023114,0.031288,0.022413,0.030001,0.003296,0.0168,0.022187,0.015987,0.020884,0.002954,0.017031,0.022553,0.016137,0.021246,0.0,0.017867,0.023767,0.010618,0.022431,0.0
2020-01-07 10:00:00,21.62,21.61,21.86,22.05,21.52,21.87,22.95,22.09,22.11,21.64,22.32,22.81,22.33,21.72,22.81,22.35,22.92,21.99,21.64,21.03,-0.22,134.9,1.0,1.0,1.0,1.0,1.0,1.0,1.0,1.0,1.0,0.892,1.0,1.0,1.0,1.0,0.0,1.0,1.0,0.627,1.0,0.0,36.0,21.0,23.0,743.29,1042.6,693.53,898.1,184.22,622.75,717.71,565.04,799.92,159.92,600.68,789.95,555.35,834.08,0.0,618.94,809.25,449.7,872.52,0.0,28.31,28.03,28.6,28.84,22.63,27.13,28.26,27.54,26.84,23.05,27.56,27.62,27.77,26.61,36.0,27.71,27.85,25.87,26.69,36.0,0.023114,0.031288,0.022413,0.030001,0.003296,0.0168,0.022187,0.015987,0.020884,0.002954,0.017031,0.022553,0.016137,0.021246,0.0,0.017867,0.023767,0.010618,0.022431,0.0
2020-01-07 10:15:00,20.42,20.4,20.76,21.0,21.43,21.86,22.93,22.07,22.03,21.63,22.21,22.74,22.37,21.65,22.77,22.22,22.83,22.06,21.55,21.01,-0.02,150.7,0.0,0.0,0.0,0.0,0.0,0.0,0.0,0.0,0.0,0.0,0.0,0.0,0.0,0.0,0.506,0.0,0.0,0.0,0.0,0.544,36.0,21.0,23.0,0.0,0.0,0.0,0.0,0.0,0.0,0.0,0.0,0.0,0.0,0.0,0.0,0.0,0.0,87.23,0.0,0.0,0.0,0.0,132.64,36.0,36.0,36.0,36.0,36.0,36.0,36.0,36.0,36.0,36.0,36.0,36.0,36.0,36.0,23.56,36.0,36.0,36.0,36.0,21.82,0.0,0.0,0.0,0.0,0.0,0.0,0.0,0.0,0.0,0.0,0.0,0.0,0.0,0.0,0.001677,0.0,0.0,0.0,0.0,0.002238
2020-01-07 10:30:00,19.9,19.89,20.43,20.46,21.36,21.62,22.66,21.91,21.72,21.55,21.83,22.44,22.19,21.35,22.76,21.79,22.48,21.97,21.19,21.05,0.18,166.4,0.0,0.0,0.0,0.0,0.0,0.0,0.0,0.0,0.0,0.0,0.0,0.0,0.0,0.0,0.506,0.0,0.0,0.0,0.0,0.544,36.0,21.0,23.0,0.0,0.0,0.0,0.0,0.0,0.0,0.0,0.0,0.0,0.0,0.0,0.0,0.0,0.0,86.57,0.0,0.0,0.0,0.0,130.34,36.0,36.0,36.0,36.0,36.0,36.0,36.0,36.0,36.0,36.0,36.0,36.0,36.0,36.0,23.65,36.0,36.0,36.0,36.0,22.07,0.0,0.0,0.0,0.0,0.0,0.0,0.0,0.0,0.0,0.0,0.0,0.0,0.0,0.0,0.001677,0.0,0.0,0.0,0.0,0.002238
2020-01-07 10:45:00,19.74,19.71,20.43,20.28,21.28,21.36,22.41,21.79,21.37,21.47,21.4,22.09,21.98,21.01,22.77,21.32,22.09,21.83,20.82,21.1,0.38,182.1,0.0,0.0,0.0,0.0,0.0,0.0,0.0,0.0,0.0,0.0,0.0,0.0,0.0,0.0,0.506,0.0,0.0,0.0,0.0,0.544,36.0,21.0,23.0,0.0,0.0,0.0,0.0,0.0,0.0,0.0,0.0,0.0,0.0,0.0,0.0,0.0,0.0,86.2,0.0,0.0,0.0,0.0,128.83,36.0,36.0,36.0,36.0,36.0,36.0,36.0,36.0,36.0,36.0,36.0,36.0,36.0,36.0,23.71,36.0,36.0,36.0,36.0,22.23,0.0,0.0,0.0,0.0,0.0,0.0,0.0,0.0,0.0,0.0,0.0,0.0,0.0,0.0,0.001677,0.0,0.0,0.0,0.0,0.002238
2020-01-07 11:00:00,19.58,19.55,20.43,20.13,21.22,21.15,22.2,21.75,21.09,21.39,21.15,21.8,21.87,20.73,22.77,21.02,21.75,21.74,20.49,21.13,0.54,197.8,0.0,0.0,0.0,0.0,0.0,0.0,0.0,0.0,0.0,0.0,0.0,0.0,0.0,0.0,0.506,0.0,0.0,0.0,0.0,0.544,36.0,21.0,23.0,0.0,0.0,0.0,0.0,0.0,0.0,0.0,0.0,0.0,0.0,0.0,0.0,0.0,0.0,85.98,0.0,0.0,0.0,0.0,127.76,36.0,36.0,36.0,36.0,36.0,36.0,36.0,36.0,36.0,36.0,36.0,36.0,36.0,36.0,23.74,36.0,36.0,36.0,36.0,22.34,0.0,0.0,0.0,0.0,0.0,0.0,0.0,0.0,0.0,0.0,0.0,0.0,0.0,0.0,0.001677,0.0,0.0,0.0,0.0,0.002238
2020-01-07 11:15:00,20.59,20.54,21.47,21.01,21.19,21.02,22.29,21.76,21.25,21.4,21.34,21.62,21.8,20.91,22.8,21.24,21.53,21.73,20.69,21.21,0.7,213.5,1.0,1.0,1.0,1.0,0.0,0.0,1.0,0.0,1.0,1.0,1.0,0.0,0.0,1.0,1.0,1.0,0.0,0.0,1.0,1.0,36.0,21.0,23.0,759.94,1076.89,643.98,950.85,0.0,0.0,915.7,0.0,971.81,188.05,753.94,0.0,0.0,1010.49,166.15,787.31,0.0,0.0,1070.92,228.1,28.13,27.77,29.13,28.42,36.0,36.0,26.13,36.0,24.87,22.41,25.41,36.0,36.0,24.62,24.01,25.46,36.0,36.0,24.58,22.74,0.023114,0.031288,0.022413,0.030001,0.0,0.0,0.022187,0.0,0.020884,0.00331,0.017031,0.0,0.0,0.021246,0.003314,0.017867,0.0,0.0,0.022431,0.004117
2020-01-07 11:30:00,21.34,21.28,22.17,21.71,21.18,20.91,22.56,21.76,21.72,21.49,21.84,21.44,21.75,21.42,22.86,21.79,21.31,21.85,21.27,21.32,0.85,209.5,1.0,1.0,1.0,1.0,0.0,0.0,1.0,0.0,1.0,1.0,1.0,0.0,0.0,1.0,1.0,1.0,0.0,0.0,1.0,1.0,36.0,21.0,23.0,776.16,1097.47,654.97,972.11,0.0,0.0,824.02,0.0,873.14,183.03,666.1,0.0,0.0,905.23,163.21,691.32,0.0,0.0,953.61,222.66,27.97,27.61,29.01,28.25,36.0,36.0,27.11,36.0,26.0,22.77,26.64,36.0,36.0,25.81,24.22,26.74,36.0,36.0,25.83,23.06,0.023114,0.031288,0.022413,0.030001,0.0,0.0,0.022187,0.0,0.020884,0.00331,0.017031,0.0,0.0,0.021246,0.003314,0.017867,0.0,0.0,0.022431,0.004117
2020-01-07 11:45:00,21.5,21.45,22.36,21.9,21.16,20.83,22.83,21.76,22.23,21.59,22.36,21.29,21.7,21.95,22.92,22.36,21.13,22.01,21.83,21.44,1.01,205.5,1.0,1.0,1.0,1.0,0.0,0.0,1.0,0.0,1.0,1.0,1.0,0.0,0.0,1.0,1.0,1.0,0.0,0.0,1.0,1.0,36.0,21.0,23.0,774.27,1092.63,652.58,972.82,0.0,0.0,772.67,0.0,814.03,179.65,616.26,0.0,0.0,842.07,161.18,636.77,0.0,0.0,883.15,218.77,27.99,27.65,29.03,28.24,36.0,36.0,27.67,36.0,26.67,23.02,27.34,36.0,36.0,26.52,24.37,27.47,36.0,36.0,26.58,23.29,0.023114,0.031288,0.022413,0.030001,0.0,0.0,0.022187,0.0,0.020884,0.00331,0.017031,0.0,0.0,0.021246,0.003314,0.017867,0.0,0.0,0.022431,0.004117
2020-01-07 12:00:00,21.58,21.53,22.47,21.97,21.14,20.76,23.05,21.76,22.55,21.67,22.7,21.17,21.67,22.29,22.98,22.73,20.99,22.16,22.23,21.54,1.13,201.4,1.0,1.0,1.0,1.0,0.0,0.0,1.0,0.0,1.0,1.0,1.0,0.0,0.0,1.0,1.0,1.0,0.0,0.0,1.0,1.0,36.0,21.0,23.0,776.61,1093.42,653.88,977.57,0.0,0.0,740.23,0.0,773.02,177.16,583.78,0.0,0.0,798.3,159.64,601.22,0.0,0.0,834.42,215.77,27.96,27.64,29.02,28.2,36.0,36.0,28.02,36.0,27.14,23.2,27.8,36.0,36.0,27.01,24.48,27.95,36.0,36.0,27.1,23.46,0.023114,0.031288,0.022413,0.030001,0.0,0.0,0.022187,0.0,0.020884,0.00331,0.017031,0.0,0.0,0.021246,0.003314,0.017867,0.0,0.0,0.022431,0.004117
2020-01-07 12:15:00,20.27,20.23,21.32,20.82,21.11,20.9,22.98,21.72,22.52,21.68,22.61,21.22,21.66,22.26,22.97,22.61,21.07,22.17,22.17,21.51,1.25,197.4,0.0,0.0,0.0,0.0,0.0,0.875,0.0,0.0,0.0,0.234,0.0,0.421,0.0,0.0,0.18,0.0,0.483,0.0,0.0,0.0,36.0,21.0,23.0,0.0,0.0,0.0,0.0,0.0,742.73,0.0,0.0,0.0,42.37,0.0,491.96,0.0,0.0,29.46,0.0,591.05,0.0,0.0,0.0,36.0,36.0,36.0,36.0,36.0,23.92,36.0,36.0,36.0,22.92,36.0,23.59,36.0,36.0,24.16,36.0,23.69,36.0,36.0,36.0,0.0,0.0,0.0,0.0,0.0,0.014707,0.0,0.0,0.0,0.000775,0.0,0.009486,0.0,0.0,0.000595,0.0,0.011482,0.0,0.0,0.0
2020-01-07 12:30:00,19.71,19.68,20.89,20.27,21.09,21.29,22.71,21.73,22.3,21.64,22.25,21.41,21.8,22.05,22.9,22.22,21.35,22.12,21.92,21.4,1.37,208.6,0.0,0.0,0.0,0.0,0.0,0.875,0.0,0.0,0.0,0.234,0.0,0.421,0.0,0.0,0.18,0.0,0.483,0.0,0.0,0.0,36.0,21.0,23.0,0.0,0.0,0.0,0.0,0.0,656.6,0.0,0.0,0.0,43.11,0.0,467.66,0.0,0.0,30.11,0.0,555.12,0.0,0.0,0.0,36.0,36.0,36.0,36.0,36.0,25.32,36.0,36.0,36.0,22.69,36.0,24.21,36.0,36.0,23.9,36.0,24.43,36.0,36.0,36.0,0.0,0.0,0.0,0.0,0.0,0.014707,0.0,0.0,0.0,0.000775,0.0,0.009486,0.0,0.0,0.000595,0.0,0.011482,0.0,0.0,0.0
2020-01-07 12:45:00,19.56,19.52,20.83,20.15,21.09,21.65,22.49,21.77,22.07,21.59,21.85,21.6,21.99,21.83,22.84,21.77,21.61,22.03,21.69,21.28,1.49,219.8,0.0,0.0,0.0,0.0,0.0,0.875,0.0,0.0,0.0,0.234,0.0,0.421,0.0,0.0,0.18,0.0,0.483,0.0,0.0,0.0,36.0,21.0,23.0,0.0,0.0,0.0,0.0,0.0,606.77,0.0,0.0,0.0,43.61,0.0,452.19,0.0,0.0,30.56,0.0,532.21,0.0,0.0,0.0,36.0,36.0,36.0,36.0,36.0,26.13,36.0,36.0,36.0,22.54,36.0,24.6,36.0,36.0,23.72,36.0,24.91,36.0,36.0,36.0,0.0,0.0,0.0,0.0,0.0,0.014707,0.0,0.0,0.0,0.000775,0.0,0.009486,0.0,0.0,0.000595,0.0,0.011482,0.0,0.0,0.0
2020-01-07 13:00:00,19.45,19.4,20.81,20.1,21.08,21.9,22.29,21.81,21.87,21.54,21.57,21.76,22.12,21.64,22.78,21.44,21.83,22.02,21.46,21.17,1.61,231.1,0.0,0.0,0.0,0.0,0.0,0.875,0.0,0.0,0.0,0.234,0.0,0.421,0.0,0.0,0.18,0.0,0.483,0.0,0.0,0.0,36.0,21.0,23.0,0.0,0.0,0.0,0.0,0.0,575.48,0.0,0.0,0.0,43.98,0.0,441.72,0.0,0.0,30.89,0.0,516.77,0.0,0.0,0.0,36.0,36.0,36.0,36.0,36.0,26.64,36.0,36.0,36.0,22.42,36.0,24.86,36.0,36.0,23.58,36.0,25.23,36.0,36.0,36.0,0.0,0.0,0.0,0.0,0.0,0.014707,0.0,0.0,0.0,0.000775,0.0,0.009486,0.0,0.0,0.000595,0.0,0.011482,0.0,0.0,0.0
2020-01-07 13:15:00,20.5,20.44,21.79,21.04,21.11,21.84,22.44,21.84,22.14,21.57,21.77,22.03,22.23,21.6,22.79,21.66,22.12,22.01,21.77,21.2,1.73,242.3,1.0,1.0,1.0,1.0,0.0,0.0,1.0,0.0,1.0,1.0,1.0,1.0,0.0,0.0,1.0,1.0,1.0,0.0,1.0,1.0,36.0,21.0,23.0,794.15,1115.97,636.19,974.83,0.0,0.0,920.43,0.0,900.56,183.07,730.91,934.69,0.0,0.0,167.61,763.38,953.7,0.0,982.05,232.61,27.78,27.47,29.21,28.23,36.0,36.0,26.08,36.0,25.68,22.77,25.73,26.09,36.0,36.0,23.9,25.78,26.4,36.0,25.53,22.48,0.023114,0.031288,0.022413,0.030001,0.0,0.0,0.022187,0.0,0.020884,0.00331,0.017031,0.022553,0.0,0.0,0.003314,0.017867,0.023767,0.0,0.022431,0.004117
2020-01-07 13:30:00,21.32,21.26,22.47,21.8,21.11,21.65,22.72,21.85,22.72,21.65,22.23,22.47,22.19,21.54,22.85,22.17,22.56,22.12,22.42,21.31,1.85,228.4,1.0,1.0,1.0,1.0,0.0,0.0,1.0,0.0,1.0,1.0,1.0,1.0,0.0,0.0,1.0,1.0,1.0,0.0,1.0,1.0,36.0,21.0,23.0,809.16,1135.34,648.55,997.66,0.0,0.0,825.19,0.0,798.15,179.18,646.44,855.4,0.0,0.0,164.06,671.14,874.63,0.0,862.77,225.12,27.62,27.32,29.08,28.04,36.0,36.0,27.1,36.0,26.86,23.05,26.92,26.93,36.0,36.0,24.16,27.01,27.2,36.0,26.8,22.92,0.023114,0.031288,0.022413,0.030001,0.0,0.0,0.022187,0.0,0.020884,0.00331,0.017031,0.022553,0.0,0.0,0.003314,0.017867,0.023767,0.0,0.022431,0.004117
2020-01-07 13:45:00,21.51,21.45,22.64,21.96,21.1,21.43,22.98,21.83,23.21,21.73,22.71,22.82,22.09,21.5,22.92,22.69,22.88,22.24,22.95,21.44,1.96,214.6,1.0,1.0,1.0,1.0,0.0,0.0,1.0,0.0,1.0,1.0,1.0,1.0,0.0,0.0,1.0,1.0,1.0,0.0,1.0,1.0,36.0,21.0,23.0,803.44,1126.86,647.38,1015.21,0.0,0.0,772.16,0.0,735.34,176.52,599.34,807.09,0.0,0.0,161.7,619.7,826.41,0.0,790.14,220.12,27.68,27.38,29.09,27.9,36.0,36.0,27.67,36.0,27.58,23.24,27.58,27.44,36.0,36.0,24.33,27.7,27.68,36.0,27.57,23.21,0.023114,0.031288,0.022413,0.030001,0.0,0.0,0.022187,0.0,0.020884,0.00331,0.017031,0.022553,0.0,0.0,0.003314,0.017867,0.023767,0.0,0.022431,0.004117
2020-01-07 14:00:00,21.56,21.51,22.69,21.97,21.07,21.25,23.17,21.79,23.54,21.8,22.98,23.05,21.98,21.47,22.97,22.99,23.11,22.33,23.33,21.56,1.99,200.7,1.0,1.0,1.0,1.0,0.0,0.0,1.0,0.0,1.0,1.0,1.0,1.0,0.0,0.0,1.0,1.0,1.0,0.0,1.0,1.0,36.0,21.0,23.0,802.9,1125.42,650.78,1031.13,0.0,0.0,739.47,0.0,692.69,174.52,569.51,774.74,0.0,0.0,159.96,587.19,794.15,0.0,741.16,216.43,27.69,27.39,29.05,27.78,36.0,36.0,28.03,36.0,28.06,23.39,28.0,27.78,36.0,36.0,24.45,28.14,28.01,36.0,28.1,23.42,0.023114,0.031288,0.022413,0.030001,0.0,0.0,0.022187,0.0,0.020884,0.00331,0.017031,0.022553,0.0,0.0,0.003314,0.017867,0.023767,0.0,0.022431,0.004117
2020-01-07 14:15:00,20.5,20.41,21.77,21.54,21.03,21.09,23.06,21.73,23.53,21.79,22.84,22.93,21.85,21.44,22.95,22.81,22.95,22.31,23.29,21.64,2.02,186.8,0.0,0.0,0.0,1.0,0.0,0.0,0.0,0.0,0.0,0.0,0.0,0.0,0.0,0.0,0.0,0.0,0.0,0.0,0.0,1.0,36.0,21.0,23.0,0.0,0.0,0.0,1025.92,0.0,0.0,0.0,0.0,0.0,0.0,0.0,0.0,0.0,0.0,0.0,0.0,0.0,0.0,0.0,213.58,36.0,36.0,36.0,27.82,36.0,36.0,36.0,36.0,36.0,36.0,36.0,36.0,36.0,36.0,36.0,36.0,36.0,36.0,36.0,23.59,0.0,0.0,0.0,0.030001,0.0,0.0,0.0,0.0,0.0,0.0,0.0,0.0,0.0,0.0,0.0,0.0,0.0,0.0,0.0,0.004117
2020-01-07 14:30:00,20.13,20.02,21.36,21.22,20.98,20.92,22.72,21.65,23.31,21.7,22.4,22.56,21.71,21.39,22.86,22.33,22.53,22.13,23.01,21.73,2.05,166.7,0.0,0.0,0.0,1.0,0.0,0.0,0.0,0.0,0.0,0.0,0.0,0.0,0.0,0.0,0.0,0.0,0.0,0.0,0.0,1.0,36.0,21.0,23.0,0.0,0.0,0.0,1017.56,0.0,0.0,0.0,0.0,0.0,0.0,0.0,0.0,0.0,0.0,0.0,0.0,0.0,0.0,0.0,211.32,36.0,36.0,36.0,27.89,36.0,36.0,36.0,36.0,36.0,36.0,36.0,36.0,36.0,36.0,36.0,36.0,36.0,36.0,36.0,23.72,0.0,0.0,0.0,0.030001,0.0,0.0,0.0,0.0,0.0,0.0,0.0,0.0,0.0,0.0,0.0,0.0,0.0,0.0,0.0,0.004117
2020-01-07 14:45:00,20.05,19.94,21.21,21.17,20.92,20.76,22.41,21.54,23.02,21.62,21.94,22.16,21.55,21.33,22.78,21.81,22.08,21.88,22.7,21.81,2.08,146.5,0.0,0.0,0.0,1.0,0.0,0.0,0.0,0.0,0.0,0.0,0.0,0.0,0.0,0.0,0.0,0.0,0.0,0.0,0.0,1.0,36.0,21.0,23.0,0.0,0.0,0.0,1006.88,0.0,0.0,0.0,0.0,0.0,0.0,0.0,0.0,0.0,0.0,0.0,0.0,0.0,0.0,0.0,209.41,36.0,36.0,36.0,27.97,36.0,36.0,36.0,36.0,36.0,36.0,36.0,36.0,36.0,36.0,36.0,36.0,36.0,36.0,36.0,23.83,0.0,0.0,0.0,0.030001,0.0,0.0,0.0,0.0,0.0,0.0,0.0,0.0,0.0,0.0,0.0,0.0,0.0,0.0,0.0,0.004117
2020-01-07 15:00:00,20.01,19.89,21.08,21.15,20.85,20.6,22.14,21.42,22.73,21.54,21.62,21.83,21.38,21.25,22.69,21.44,21.71,21.65,22.42,21.88,2.02,126.4,0.0,0.0,0.0,1.0,0.0,0.0,0.0,0.0,0.0,0.0,0.0,0.0,0.0,0.0,0.0,0.0,0.0,0.0,0.0,1.0,36.0,21.0,23.0,0.0,0.0,0.0,994.66,0.0,0.0,0.0,0.0,0.0,0.0,0.0,0.0,0.0,0.0,0.0,0.0,0.0,0.0,0.0,207.77,36.0,36.0,36.0,28.07,36.0,36.0,36.0,36.0,36.0,36.0,36.0,36.0,36.0,36.0,36.0,36.0,36.0,36.0,36.0,23.93,0.0,0.0,0.0,0.030001,0.0,0.0,0.0,0.0,0.0,0.0,0.0,0.0,0.0,0.0,0.0,0.0,0.0,0.0,0.0,0.004117
2020-01-07 15:15:00,20.85,20.78,21.91,21.51,20.94,20.72,22.17,21.56,22.5,21.55,21.75,21.94,21.42,21.18,22.69,21.58,21.82,21.51,22.21,21.84,1.96,106.2,1.0,1.0,1.0,1.0,1.0,1.0,1.0,1.0,0.0,1.0,1.0,1.0,0.561,0.0,1.0,1.0,1.0,0.0,0.0,0.0,36.0,21.0,23.0,742.43,1042.8,638.99,972.81,189.37,840.37,933.63,708.27,0.0,185.55,730.18,978.38,429.06,0.0,170.67,765.61,1025.9,0.0,0.0,0.0,28.32,28.03,29.18,28.24,22.25,24.03,25.93,25.4,36.0,22.59,25.74,25.62,24.67,36.0,23.68,25.75,25.67,36.0,36.0,36.0,0.023114,0.031288,0.022413,0.030001,0.003296,0.0168,0.022187,0.015987,0.0,0.00331,0.017031,0.022553,0.009059,0.0,0.003314,0.017867,0.023767,0.0,0.0,0.0
2020-01-07 15:30:00,21.53,21.5,22.37,21.93,21.17,21.17,22.36,21.87,22.2,21.63,22.18,22.37,21.64,21.05,22.76,22.07,22.3,21.46,21.95,21.72,1.9,80.6,1.0,1.0,1.0,1.0,1.0,1.0,1.0,1.0,0.0,1.0,1.0,1.0,0.561,0.0,1.0,1.0,1.0,0.0,0.0,0.0,36.0,21.0,23.0,747.42,1047.26,651.6,953.34,190.24,733.31,841.37,626.76,0.0,180.78,649.6,877.77,402.49,0.0,166.4,677.35,915.79,0.0,0.0,0.0,28.26,27.99,29.04,28.4,22.19,25.56,26.93,26.62,36.0,22.94,26.88,26.69,25.37,36.0,23.99,26.93,26.78,36.0,36.0,36.0,0.023114,0.031288,0.022413,0.030001,0.003296,0.0168,0.022187,0.015987,0.0,0.00331,0.017031,0.022553,0.009059,0.0,0.003314,0.017867,0.023767,0.0,0.0,0.0
2020-01-07 15:45:00,21.71,21.7,22.46,22.13,21.32,21.55,22.53,22.11,21.93,21.72,22.58,22.77,21.9,20.89,22.83,22.52,22.73,21.47,21.68,21.6,1.84,54.9,1.0,1.0,1.0,1.0,1.0,1.0,1.0,1.0,0.0,1.0,1.0,1.0,0.561,0.0,1.0,1.0,1.0,0.0,0.0,0.0,36.0,21.0,23.0,726.24,1016.33,646.7,930.3,189.52,673.86,791.71,585.14,0.0,177.58,605.28,820.73,387.74,0.0,163.58,628.57,853.16,0.0,0.0,0.0,28.48,28.23,29.1,28.58,22.24,26.4,27.46,27.24,36.0,23.17,27.5,27.29,25.76,36.0,24.19,27.58,27.41,36.0,36.0,36.0,0.023114,0.031288,0.022413,0.030001,0.003296,0.0168,0.022187,0.015987,0.0,0.00331,0.017031,0.022553,0.009059,0.0,0.003314,0.017867,0.023767,0.0,0.0,0.0
2020-01-07 16:00:00,21.78,21.77,22.45,22.19,21.44,21.78,22.61,22.23,21.66,21.8,22.8,22.96,22.01,20.66,22.9,22.75,22.94,21.43,21.33,21.49,1.7,29.3,1.0,1.0,1.0,1.0,1.0,1.0,1.0,1.0,0.0,1.0,1.0,1.0,0.561,0.0,1.0,1.0,1.0,0.0,0.0,0.0,36.0,21.0,23.0,721.47,1009.04,649.14,925.64,187.94,637.52,762.6,562.76,0.0,175.25,578.43,785.41,379.89,0.0,161.54,599.04,814.55,0.0,0.0,0.0,28.53,28.28,29.07,28.62,22.36,26.92,27.78,27.58,36.0,23.34,27.87,27.67,25.97,36.0,24.34,27.98,27.8,36.0,36.0,36.0,0.023114,0.031288,0.022413,0.030001,0.003296,0.0168,0.022187,0.015987,0.0,0.00331,0.017031,0.022553,0.009059,0.0,0.003314,0.017867,0.023767,0.0,0.0,0.0
2020-01-07 16:15:00,20.72,20.67,21.39,21.77,21.29,21.62,22.61,22.04,21.44,21.78,22.61,22.96,21.86,20.76,22.94,22.52,22.93,21.36,21.04,21.4,1.56,3.6,0.0,0.0,0.0,1.0,0.0,0.0,1.0,0.0,0.0,0.0,0.0,0.582,0.0,1.0,1.0,0.0,0.583,0.0,0.0,0.0,36.0,21.0,23.0,0.0,0.0,0.0,934.33,0.0,0.0,745.76,0.0,0.0,0.0,0.0,476.62,0.0,1059.25,160.0,0.0,496.25,0.0,0.0,0.0,36.0,36.0,36.0,28.55,36.0,36.0,27.96,36.0,36.0,36.0,36.0,27.32,36.0,24.07,24.45,36.0,27.44,36.0,36.0,36.0,0.0,0.0,0.0,0.030001,0.0,0.0,0.022187,0.0,0.0,0.0,0.0,0.013134,0.0,0.021246,0.003314,0.0,0.013867,0.0,0.0,0.0
2020-01-07 16:30:00,20.31,20.25,20.9,21.39,21.15,21.22,22.6,21.69,21.18,21.7,22.09,22.88,21.49,21.2,23.0,21.98,22.83,21.27,20.7,21.3,1.42,0.0,0.0,0.0,0.0,1.0,0.0,0.0,1.0,0.0,0.0,0.0,0.0,0.582,0.0,1.0,1.0,0.0,0.583,0.0,0.0,0.0,36.0,21.0,23.0,0.0,0.0,0.0,937.87,0.0,0.0,734.99,0.0,0.0,0.0,0.0,491.14,0.0,944.99,158.8,0.0,512.25,0.0,0.0,0.0,36.0,36.0,36.0,28.52,36.0,36.0,28.07,36.0,36.0,36.0,36.0,27.05,36.0,25.36,24.54,36.0,27.16,36.0,36.0,36.0,0.0,0.0,0.0,0.030001,0.0,0.0,0.022187,0.0,0.0,0.0,0.0,0.013134,0.0,0.021246,0.003314,0.0,0.013867,0.0,0.0,0.0
2020-01-07 16:45:00,20.19,20.12,20.73,21.29,20.99,20.8,22.59,21.38,20.95,21.62,21.59,22.8,21.13,21.64,23.04,21.41,22.74,21.18,20.42,21.21,1.28,0.0,0.0,0.0,0.0,1.0,0.0,0.0,1.0,0.0,0.0,0.0,0.0,0.582,0.0,1.0,1.0,0.0,0.583,0.0,0.0,0.0,36.0,21.0,23.0,0.0,0.0,0.0,939.41,0.0,0.0,728.18,0.0,0.0,0.0,0.0,499.4,0.0,878.52,157.8,0.0,521.55,0.0,0.0,0.0,36.0,36.0,36.0,28.51,36.0,36.0,28.15,36.0,36.0,36.0,36.0,26.9,36.0,26.11,24.61,36.0,27.0,36.0,36.0,36.0,0.0,0.0,0.0,0.030001,0.0,0.0,0.022187,0.0,0.0,0.0,0.0,0.013134,0.0,0.021246,0.003314,0.0,0.013867,0.0,0.0,0.0
2020-01-07 17:00:00,20.11,20.04,20.61,21.23,20.83,20.45,22.56,21.12,20.75,21.54,21.24,22.75,20.81,21.92,23.08,21.01,22.68,21.11,20.18,21.12,1.22,0.0,0.0,0.0,0.0,1.0,0.0,0.0,1.0,0.0,0.0,0.0,0.0,0.582,0.0,1.0,1.0,0.0,0.583,0.0,0.0,0.0,36.0,21.0,23.0,0.0,0.0,0.0,939.19,0.0,0.0,723.73,0.0,0.0,0.0,0.0,504.56,0.0,835.76,156.96,0.0,527.45,0.0,0.0,0.0,36.0,36.0,36.0,28.51,36.0,36.0,28.2,36.0,36.0,36.0,36.0,26.81,36.0,26.59,24.67,36.0,26.9,36.0,36.0,36.0,0.0,0.0,0.0,0.030001,0.0,0.0,0.022187,0.0,0.0,0.0,0.0,0.013134,0.0,0.021246,0.003314,0.0,0.013867,0.0,0.0,0.0
2020-01-07 17:15:00,20.91,20.9,21.43,21.53,20.93,20.54,22.54,21.21,20.9,21.54,21.35,22.84,20.89,21.77,23.05,21.15,22.77,21.04,20.37,21.15,1.17,0.0,1.0,1.0,1.0,1.0,1.0,1.0,1.0,1.0,1.0,1.0,1.0,1.0,1.0,0.0,0.0,1.0,1.0,0.0,1.0,1.0,36.0,21.0,23.0,714.64,999.17,663.04,931.08,183.83,803.81,720.86,722.92,1038.73,185.72,752.83,813.27,757.62,0.0,0.0,792.04,846.41,0.0,1138.87,236.21,28.6,28.36,28.92,28.58,22.66,24.55,28.23,25.18,24.1,22.58,25.43,27.37,24.77,36.0,36.0,25.39,27.48,36.0,23.85,22.27,0.023114,0.031288,0.022413,0.030001,0.003296,0.0168,0.022187,0.015987,0.020884,0.00331,0.017031,0.022553,0.016137,0.0,0.0,0.017867,0.023767,0.0,0.022431,0.004117
2020-01-07 17:30:00,21.51,21.52,21.95,21.92,21.17,20.99,22.51,21.54,21.34,21.63,21.76,23.0,21.27,21.37,22.96,21.62,22.94,20.98,20.91,21.28,1.11,0.0,1.0,1.0,1.0,1.0,1.0,1.0,1.0,1.0,1.0,1.0,1.0,1.0,1.0,0.0,0.0,1.0,1.0,0.0,1.0,1.0,36.0,21.0,23.0,725.27,1011.54,674.3,921.43,183.77,714.1,718.47,647.47,924.41,180.91,670.34,776.18,673.57,0.0,0.0,701.08,806.33,0.0,1005.41,227.72,28.49,28.27,28.8,28.65,22.66,25.83,28.25,26.31,25.41,22.93,26.58,27.77,26.01,36.0,36.0,26.61,27.88,36.0,25.28,22.77,0.023114,0.031288,0.022413,0.030001,0.003296,0.0168,0.022187,0.015987,0.020884,0.00331,0.017031,0.022553,0.016137,0.0,0.0,0.017867,0.023767,0.0,0.022431,0.004117
2020-01-07 17:45:00,21.64,21.65,22.02,22.08,21.32,21.41,22.49,21.82,21.79,21.72,22.16,23.13,21.68,20.94,22.87,22.07,23.08,20.92,21.44,21.42,1.05,0.0,1.0,1.0,1.0,1.0,1.0,1.0,1.0,1.0,1.0,1.0,1.0,1.0,1.0,0.0,0.0,1.0,1.0,0.0,1.0,1.0,36.0,21.0,23.0,715.86,997.77,667.71,912.33,182.63,663.81,716.85,605.86,857.87,177.68,624.77,754.15,626.26,0.0,0.0,650.55,782.55,0.0,927.6,222.02,28.59,28.37,28.87,28.72,22.74,26.55,28.27,26.93,26.17,23.16,27.22,28.0,26.72,36.0,36.0,27.29,28.12,36.0,26.11,23.1,0.023114,0.031288,0.022413,0.030001,0.003296,0.0168,0.022187,0.015987,0.020884,0.00331,0.017031,0.022553,0.016137,0.0,0.0,0.017867,0.023767,0.0,0.022431,0.004117
2020-01-07 18:00:00,21.64,21.65,22.0,22.08,21.42,21.65,22.48,22.0,22.1,21.81,22.41,23.22,21.96,20.57,22.78,22.33,23.18,20.84,21.77,21.54,1.0,0.0,1.0,1.0,1.0,1.0,1.0,1.0,1.0,1.0,1.0,1.0,1.0,1.0,1.0,0.0,0.0,1.0,1.0,0.0,1.0,1.0,36.0,21.0,23.0,685.71,957.74,641.79,878.33,180.89,632.94,715.79,581.17,816.03,175.34,597.34,739.98,597.27,0.0,0.0,620.21,767.41,0.0,878.96,217.93,28.9,28.68,29.15,29.0,22.87,26.99,28.28,27.3,26.65,23.33,27.61,28.15,27.15,36.0,36.0,27.7,28.28,36.0,26.63,23.34,0.023114,0.031288,0.022413,0.030001,0.003296,0.0168,0.022187,0.015987,0.020884,0.00331,0.017031,0.022553,0.016137,0.0,0.0,0.017867,0.023767,0.0,0.022431,0.004117
2020-01-07 18:15:00,20.62,20.59,20.99,21.65,21.29,21.52,22.33,21.81,21.94,21.78,22.2,23.01,21.8,20.72,22.78,22.1,22.94,20.82,21.59,21.51,0.94,0.0,0.0,0.0,0.0,1.0,0.0,0.0,0.387,0.0,0.0,0.0,0.0,0.0,0.0,1.0,1.0,0.0,0.0,0.425,0.0,0.0,36.0,21.0,23.0,0.0,0.0,0.0,920.12,0.0,0.0,306.52,0.0,0.0,0.0,0.0,0.0,0.0,1028.21,169.05,0.0,0.0,428.54,0.0,0.0,36.0,36.0,36.0,28.66,36.0,36.0,27.46,36.0,36.0,36.0,36.0,36.0,36.0,24.42,23.8,36.0,36.0,21.77,36.0,36.0,0.0,0.0,0.0,0.030001,0.0,0.0,0.008588,0.0,0.0,0.0,0.0,0.0,0.0,0.021246,0.003314,0.0,0.0,0.007202,0.0,0.0
2020-01-07 18:30:00,20.2,20.17,20.57,21.29,21.13,21.11,22.17,21.43,21.53,21.7,21.68,22.56,21.39,21.16,22.85,21.55,22.43,20.82,21.14,21.4,0.88,0.0,0.0,0.0,0.0,1.0,0.0,0.0,0.387,0.0,0.0,0.0,0.0,0.0,0.0,1.0,1.0,0.0,0.0,0.425,0.0,0.0,36.0,21.0,23.0,0.0,0.0,0.0,926.24,0.0,0.0,328.8,0.0,0.0,0.0,0.0,0.0,0.0,926.09,164.94,0.0,0.0,402.03,0.0,0.0,36.0,36.0,36.0,28.61,36.0,36.0,26.84,36.0,36.0,36.0,36.0,36.0,36.0,25.57,24.09,36.0,36.0,22.65,36.0,36.0,0.0,0.0,0.0,0.030001,0.0,0.0,0.008588,0.0,0.0,0.0,0.0,0.0,0.0,0.021246,0.003314,0.0,0.0,0.007202,0.0,0.0
2020-01-07 18:45:00,20.07,20.04,20.42,21.19,20.97,20.65,22.05,21.11,21.1,21.62,21.18,22.08,20.95,21.56,22.92,20.98,21.91,20.85,20.65,21.29,0.82,0.0,0.0,0.0,0.0,1.0,0.0,0.0,0.387,0.0,0.0,0.0,0.0,0.0,0.0,1.0,1.0,0.0,0.0,0.425,0.0,0.0,36.0,21.0,23.0,0.0,0.0,0.0,930.15,0.0,0.0,343.17,0.0,0.0,0.0,0.0,0.0,0.0,866.93,162.23,0.0,0.0,385.5,0.0,0.0,36.0,36.0,36.0,28.58,36.0,36.0,26.44,36.0,36.0,36.0,36.0,36.0,36.0,26.24,24.29,36.0,36.0,23.19,36.0,36.0,0.0,0.0,0.0,0.030001,0.0,0.0,0.008588,0.0,0.0,0.0,0.0,0.0,0.0,0.021246,0.003314,0.0,0.0,0.007202,0.0,0.0
2020-01-07 19:00:00,19.96,19.93,20.3,21.11,20.84,20.27,21.96,20.83,20.78,21.54,20.84,21.71,20.6,21.8,22.98,20.59,21.5,20.86,20.26,21.19,0.77,0.0,0.0,0.0,0.0,1.0,0.0,0.0,0.387,0.0,0.0,0.0,0.0,0.0,0.0,1.0,1.0,0.0,0.0,0.425,0.0,0.0,36.0,21.0,23.0,0.0,0.0,0.0,932.54,0.0,0.0,353.23,0.0,0.0,0.0,0.0,0.0,0.0,829.2,160.28,0.0,0.0,374.62,0.0,0.0,36.0,36.0,36.0,28.56,36.0,36.0,26.16,36.0,36.0,36.0,36.0,36.0,36.0,26.66,24.43,36.0,36.0,23.56,36.0,36.0,0.0,0.0,0.0,0.030001,0.0,0.0,0.008588,0.0,0.0,0.0,0.0,0.0,0.0,0.021246,0.003314,0.0,0.0,0.007202,0.0,0.0
2020-01-07 19:15:00,20.76,20.79,21.1,21.41,21.02,20.37,22.02,20.97,20.9,21.55,20.97,21.8,20.67,21.64,23.01,20.74,21.59,20.89,20.4,21.21,0.73,0.0,1.0,1.0,1.0,1.0,1.0,1.0,1.0,1.0,1.0,1.0,1.0,1.0,1.0,0.0,0.735,1.0,1.0,0.4,1.0,1.0,36.0,21.0,23.0,715.43,996.48,677.96,926.82,180.54,806.65,840.96,739.04,999.8,185.73,773.03,977.02,755.48,0.0,118.04,814.39,1032.45,347.63,1094.36,232.9,28.6,28.38,28.76,28.61,22.89,24.51,26.93,24.94,24.55,22.58,25.14,25.64,24.8,36.0,24.41,25.1,25.61,23.74,24.33,22.47,0.023114,0.031288,0.022413,0.030001,0.003296,0.0168,0.022187,0.015987,0.020884,0.00331,0.017031,0.022553,0.016137,0.0,0.002437,0.017867,0.023767,0.006785,0.022431,0.004117
2020-01-07 19:30:00,21.35,21.39,21.64,21.8,21.23,20.81,22.16,21.35,21.32,21.63,21.41,22.16,21.06,21.23,23.03,21.25,22.02,20.97,20.9,21.33,0.68,0.0,1.0,1.0,1.0,1.0,1.0,1.0,1.0,1.0,1.0,1.0,1.0,1.0,1.0,0.0,0.735,1.0,1.0,0.4,1.0,1.0,36.0,21.0,23.0,727.5,1010.91,689.45,920.24,180.83,717.4,792.45,660.99,902.07,180.91,687.61,880.19,675.33,0.0,118.23,720.0,924.97,343.71,979.95,225.3,28.47,28.27,28.64,28.66,22.87,25.78,27.46,26.11,25.67,22.93,26.34,26.66,25.99,36.0,24.39,26.36,26.69,23.88,25.55,22.91,0.023114,0.031288,0.022413,0.030001,0.003296,0.0168,0.022187,0.015987,0.020884,0.00331,0.017031,0.022553,0.016137,0.0,0.002437,0.017867,0.023767,0.006785,0.022431,0.004117
2020-01-07 19:45:00,21.5,21.54,21.75,21.96,21.37,21.24,22.29,21.67,21.71,21.73,21.83,22.52,21.49,20.77,23.04,21.72,22.42,21.06,21.36,21.46,0.63,0.0,1.0,1.0,1.0,1.0,1.0,1.0,1.0,1.0,1.0,1.0,1.0,1.0,1.0,0.0,0.735,1.0,1.0,0.4,1.0,1.0,36.0,21.0,23.0,717.47,996.61,681.08,911.87,179.91,667.44,766.02,617.39,845.31,177.67,640.16,825.84,630.17,0.0,118.27,667.27,864.38,340.41,913.4,220.2,28.57,28.38,28.73,28.73,22.94,26.5,27.74,26.76,26.32,23.16,27.01,27.24,26.66,36.0,24.39,27.07,27.3,24.0,26.26,23.2,0.023114,0.031288,0.022413,0.030001,0.003296,0.0168,0.022187,0.015987,0.020884,0.00331,0.017031,0.022553,0.016137,0.0,0.002437,0.017867,0.023767,0.006785,0.022431,0.004117
2020-01-07 20:00:00,21.5,21.55,21.76,21.96,21.47,21.51,22.38,21.87,21.99,21.81,22.1,22.76,21.75,20.4,23.05,22.01,22.66,21.12,21.65,21.57,0.56,0.0,1.0,1.0,1.0,1.0,1.0,1.0,1.0,1.0,1.0,1.0,1.0,1.0,1.0,0.0,0.735,1.0,1.0,0.4,1.0,1.0,36.0,21.0,23.0,686.92,956.3,653.5,878.41,178.36,636.78,750.26,591.26,809.58,175.32,611.42,792.56,602.25,0.0,118.24,635.4,827.41,337.7,871.77,216.52,28.89,28.69,29.02,29.0,23.05,26.93,27.91,27.15,26.73,23.33,27.41,27.59,27.07,36.0,24.39,27.49,27.67,24.09,26.7,23.42,0.023114,0.031288,0.022413,0.030001,0.003296,0.0168,0.022187,0.015987,0.020884,0.00331,0.017031,0.022553,0.016137,0.0,0.002437,0.017867,0.023767,0.006785,0.022431,0.004117
2020-01-07 20:15:00,20.63,20.51,20.79,21.57,21.32,21.37,22.36,21.68,21.83,21.79,21.91,22.58,21.61,20.55,23.01,21.8,22.46,21.08,21.47,21.54,0.49,0.0,0.083,0.0,0.0,1.0,0.0,0.0,0.791,0.0,0.0,0.038,0.0,0.0,0.0,1.0,0.0,0.0,0.0,0.0,0.0,0.0,36.0,21.0,23.0,96.27,0.0,0.0,919.82,0.0,0.0,604.98,0.0,0.0,6.87,0.0,0.0,0.0,1032.87,0.0,0.0,0.0,0.0,0.0,0.0,24.05,36.0,36.0,28.67,36.0,36.0,27.75,36.0,36.0,22.94,36.0,36.0,36.0,24.37,36.0,36.0,36.0,36.0,36.0,36.0,0.001927,0.0,0.0,0.030001,0.0,0.0,0.01754,0.0,0.0,0.000126,0.0,0.0,0.0,0.021246,0.0,0.0,0.0,0.0,0.0,0.0
2020-01-07 20:30:00,20.26,20.12,20.39,21.24,21.16,20.97,22.29,21.3,21.43,21.72,21.4,22.13,21.2,20.99,22.92,21.25,21.98,20.93,21.01,21.43,0.42,0.0,0.083,0.0,0.0,1.0,0.0,0.0,0.791,0.0,0.0,0.038,0.0,0.0,0.0,1.0,0.0,0.0,0.0,0.0,0.0,0.0,36.0,21.0,23.0,95.84,0.0,0.0,926.09,0.0,0.0,613.83,0.0,0.0,7.05,0.0,0.0,0.0,931.39,0.0,0.0,0.0,0.0,0.0,0.0,24.1,36.0,36.0,28.62,36.0,36.0,27.63,36.0,36.0,22.62,36.0,36.0,36.0,25.51,36.0,36.0,36.0,36.0,36.0,36.0,0.001927,0.0,0.0,0.030001,0.0,0.0,0.01754,0.0,0.0,0.000126,0.0,0.0,0.0,0.021246,0.0,0.0,0.0,0.0,0.0,0.0
2020-01-07 20:45:00,20.17,20.0,20.27,21.15,21.01,20.5,22.19,20.93,21.0,21.64,20.92,21.67,20.76,21.41,22.84,20.71,21.46,20.77,20.53,21.31,0.35,0.0,0.083,0.0,0.0,1.0,0.0,0.0,0.791,0.0,0.0,0.038,0.0,0.0,0.0,1.0,0.0,0.0,0.0,0.0,0.0,0.0,36.0,21.0,23.0,96.36,0.0,0.0,930.18,0.0,0.0,619.27,0.0,0.0,7.17,0.0,0.0,0.0,872.55,0.0,0.0,0.0,0.0,0.0,0.0,24.04,36.0,36.0,28.58,36.0,36.0,27.55,36.0,36.0,22.39,36.0,36.0,36.0,26.17,36.0,36.0,36.0,36.0,36.0,36.0,0.001927,0.0,0.0,0.030001,0.0,0.0,0.01754,0.0,0.0,0.000126,0.0,0.0,0.0,0.021246,0.0,0.0,0.0,0.0,0.0,0.0
2020-01-07 21:00:00,20.08,19.91,20.17,21.08,20.89,20.13,22.11,20.66,20.67,21.57,20.58,21.34,20.41,21.66,22.76,20.31,21.07,20.64,20.13,21.21,0.3,0.0,0.083,0.0,0.0,1.0,0.0,0.0,0.791,0.0,0.0,0.038,0.0,0.0,0.0,1.0,0.0,0.0,0.0,0.0,0.0,0.0,36.0,21.0,23.0,96.77,0.0,0.0,932.94,0.0,0.0,623.14,0.0,0.0,7.26,0.0,0.0,0.0,834.9,0.0,0.0,0.0,0.0,0.0,0.0,23.99,36.0,36.0,28.56,36.0,36.0,27.5,36.0,36.0,22.21,36.0,36.0,36.0,26.6,36.0,36.0,36.0,36.0,36.0,36.0,0.001927,0.0,0.0,0.030001,0.0,0.0,0.01754,0.0,0.0,0.000126,0.0,0.0,0.0,0.021246,0.0,0.0,0.0,0.0,0.0,0.0
2020-01-07 21:15:00,20.8,20.73,20.94,21.36,21.04,20.22,22.14,20.79,20.78,21.58,20.71,21.44,20.49,21.5,22.76,20.47,21.19,20.76,20.26,21.23,0.24,0.0,1.0,1.0,1.0,1.0,1.0,1.0,1.0,1.0,1.0,1.0,1.0,1.0,1.0,0.0,1.0,1.0,1.0,1.0,1.0,1.0,36.0,21.0,23.0,725.25,1010.01,695.42,928.56,179.63,811.74,765.48,749.46,1003.18,184.97,787.43,1009.86,764.08,0.0,170.0,830.25,1070.82,869.1,1098.56,232.25,28.49,28.28,28.58,28.6,22.96,24.44,27.75,24.78,24.51,22.63,24.94,25.29,24.67,36.0,23.73,24.88,25.22,23.73,24.28,22.5,0.023114,0.031288,0.022413,0.030001,0.003296,0.0168,0.022187,0.015987,0.020884,0.00331,0.017031,0.022553,0.016137,0.0,0.003314,0.017867,0.023767,0.016941,0.022431,0.004117
2020-01-07 21:30:00,21.25,21.26,21.42,21.7,21.25,20.66,22.29,21.18,21.19,21.66,21.16,21.83,20.88,21.09,22.83,20.98,21.64,21.11,20.75,21.35,0.18,0.0,1.0,1.0,1.0,1.0,1.0,1.0,1.0,1.0,1.0,1.0,1.0,1.0,1.0,0.0,1.0,1.0,1.0,1.0,1.0,1.0,36.0,21.0,23.0,745.15,1042.05,719.03,922.86,180.78,722.22,749.28,670.21,906.22,180.31,700.14,907.37,683.28,0.0,165.68,733.93,956.76,759.38,985.12,224.76,28.29,28.03,28.33,28.64,22.88,25.72,27.92,25.97,25.62,22.97,26.17,26.38,25.87,36.0,24.04,26.17,26.37,25.28,25.49,22.94,0.023114,0.031288,0.022413,0.030001,0.003296,0.0168,0.022187,0.015987,0.020884,0.00331,0.017031,0.022553,0.016137,0.0,0.003314,0.017867,0.023767,0.016941,0.022431,0.004117
2020-01-07 21:45:00,21.32,21.32,21.46,21.81,21.37,21.1,22.48,21.53,21.58,21.75,21.58,22.21,21.3,20.64,22.9,21.46,22.07,21.45,21.2,21.48,0.13,0.0,1.0,1.0,1.0,1.0,1.0,1.0,1.0,1.0,1.0,1.0,1.0,1.0,1.0,0.0,1.0,1.0,1.0,1.0,1.0,1.0,36.0,21.0,23.0,748.91,1047.97,724.15,916.43,180.73,672.21,738.18,625.98,850.14,177.17,651.64,849.49,637.86,0.0,162.82,680.17,892.1,697.85,919.44,219.73,28.25,27.99,28.27,28.69,22.88,26.43,28.04,26.63,26.26,23.2,26.85,26.99,26.54,36.0,24.25,26.89,27.02,26.15,26.19,23.23,0.023114,0.031288,0.022413,0.030001,0.003296,0.0168,0.022187,0.015987,0.020884,0.00331,0.017031,0.022553,0.016137,0.0,0.003314,0.017867,0.023767,0.016941,0.022431,0.004117
2020-01-07 22:00:00,21.26,21.26,21.41,21.8,21.45,21.37,22.59,21.73,21.85,21.84,21.86,22.47,21.57,20.28,22.97,21.75,22.32,21.69,21.48,21.59,0.06,0.0,1.0,1.0,1.0,1.0,1.0,1.0,1.0,1.0,1.0,1.0,1.0,1.0,1.0,0.0,1.0,1.0,1.0,1.0,1.0,1.0,36.0,21.0,23.0,728.73,1023.79,706.99,884.56,180.2,641.59,729.82,599.16,814.95,174.89,622.26,813.88,609.85,0.0,160.79,647.67,852.49,660.56,878.6,216.11,28.46,28.17,28.45,28.95,22.92,26.86,28.13,27.03,26.66,23.36,27.26,27.37,26.96,36.0,24.39,27.33,27.42,26.67,26.63,23.44,0.023114,0.031288,0.022413,0.030001,0.003296,0.0168,0.022187,0.015987,0.020884,0.00331,0.017031,0.022553,0.016137,0.0,0.003314,0.017867,0.023767,0.016941,0.022431,0.004117
2020-01-07 22:15:00,20.78,20.56,20.4,21.46,21.26,21.23,22.68,21.54,21.98,21.81,22.0,22.58,21.43,20.43,23.0,21.72,22.45,21.6,21.3,21.55,-0.0,0.0,0.448,0.278,0.012,1.0,0.0,0.0,1.0,0.0,1.0,0.0,1.0,1.0,0.0,1.0,0.797,0.474,1.0,0.0,0.0,0.0,36.0,21.0,23.0,447.23,422.96,15.11,924.9,0.0,0.0,724.32,0.0,790.12,0.0,602.17,789.3,0.0,1039.83,127.93,328.1,825.2,0.0,0.0,0.0,25.66,24.36,22.57,28.62,36.0,36.0,28.19,36.0,26.95,36.0,27.54,27.63,36.0,24.29,24.41,26.74,27.69,36.0,36.0,36.0,0.010349,0.008693,0.000269,0.030001,0.0,0.0,0.022187,0.0,0.020884,0.0,0.017031,0.022553,0.0,0.021246,0.002641,0.008475,0.023767,0.0,0.0,0.0
2020-01-07 22:30:00,20.48,20.21,20.01,21.19,21.08,20.82,22.65,21.13,22.13,21.73,22.15,22.72,21.01,20.87,23.02,21.57,22.6,21.4,20.83,21.44,-0.06,0.0,0.448,0.278,0.012,1.0,0.0,0.0,1.0,0.0,1.0,0.0,1.0,1.0,0.0,1.0,0.797,0.474,1.0,0.0,0.0,0.0,36.0,21.0,23.0,452.64,428.72,15.35,930.39,0.0,0.0,720.19,0.0,773.19,0.0,588.88,772.92,0.0,937.77,127.82,344.0,807.2,0.0,0.0,0.0,25.54,24.2,22.35,28.58,36.0,36.0,28.23,36.0,27.14,36.0,27.73,27.8,36.0,25.44,24.42,26.29,27.87,36.0,36.0,36.0,0.010349,0.008693,0.000269,0.030001,0.0,0.0,0.022187,0.0,0.020884,0.0,0.017031,0.022553,0.0,0.021246,0.002641,0.008475,0.023767,0.0,0.0,0.0
2020-01-07 22:45:00,20.37,20.06,19.83,21.08,20.89,20.34,22.55,20.75,22.25,21.65,22.27,22.82,20.57,21.29,23.05,21.42,22.7,21.19,20.35,21.33,-0.13,0.0,0.448,0.278,0.012,1.0,0.0,0.0,1.0,0.0,1.0,0.0,1.0,1.0,0.0,1.0,0.797,0.474,1.0,0.0,0.0,0.0,36.0,21.0,23.0,460.97,437.94,15.73,934.97,0.0,0.0,718.42,0.0,760.31,0.0,579.03,760.72,0.0,878.78,127.63,353.52,793.91,0.0,0.0,0.0,25.34,23.95,22.02,28.54,36.0,36.0,28.25,36.0,27.29,36.0,27.87,27.93,36.0,26.1,24.44,26.02,28.01,36.0,36.0,36.0,0.010349,0.008693,0.000269,0.030001,0.0,0.0,0.022187,0.0,0.020884,0.0,0.017031,0.022553,0.0,0.021246,0.002641,0.008475,0.023767,0.0,0.0,0.0
2020-01-07 23:00:00,20.31,19.98,19.69,21.0,20.73,19.98,22.48,20.49,22.35,21.57,22.36,22.9,20.23,21.53,23.07,21.32,22.79,21.03,19.97,21.23,-0.19,0.0,0.448,0.278,0.012,1.0,0.0,0.0,1.0,0.0,1.0,0.0,1.0,1.0,0.0,1.0,0.797,0.474,1.0,0.0,0.0,0.0,36.0,21.0,23.0,460.47,438.85,15.91,938.18,0.0,0.0,717.94,0.0,750.24,0.0,571.48,751.36,0.0,841.17,127.42,359.78,783.82,0.0,0.0,0.0,25.36,23.92,21.85,28.52,36.0,36.0,28.26,36.0,27.41,36.0,27.97,28.03,36.0,26.53,24.46,25.84,28.11,36.0,36.0,36.0,0.010349,0.008693,0.000269,0.030001,0.0,0.0,0.022187,0.0,0.020884,0.0,0.017031,0.022553,0.0,0.021246,0.002641,0.008475,0.023767,0.0,0.0,0.0
2020-01-07 23:15:00,20.75,20.59,20.43,21.22,20.85,20.1,22.42,20.62,22.42,21.58,22.43,22.91,20.33,21.37,23.03,21.46,22.85,20.92,20.12,21.24,-0.25,0.0,1.0,1.0,1.0,1.0,1.0,1.0,1.0,1.0,1.0,1.0,1.0,0.765,1.0,0.0,0.0,1.0,0.981,0.062,1.0,1.0,36.0,21.0,23.0,788.38,1115.75,781.76,934.9,184.74,817.65,718.27,758.6,741.97,185.32,565.41,591.34,773.02,0.0,0.0,693.99,763.64,60.84,1108.6,231.98,27.84,27.47,27.66,28.54,22.59,24.36,28.26,24.65,27.5,22.61,28.06,27.8,24.54,36.0,36.0,26.71,28.17,22.15,24.18,22.52,0.023114,0.031288,0.022413,0.030001,0.003296,0.0168,0.022187,0.015987,0.020884,0.00331,0.017031,0.01725,0.016137,0.0,0.0,0.017867,0.023323,0.001051,0.022431,0.004117
2020-01-07 23:30:00,21.04,20.97,20.96,21.5,21.09,20.55,22.37,21.02,22.51,21.67,22.5,22.88,20.74,20.96,22.95,21.74,22.91,20.84,20.63,21.36,-0.31,0.0,1.0,1.0,1.0,1.0,1.0,1.0,1.0,1.0,1.0,1.0,1.0,0.765,1.0,0.0,0.0,1.0,0.981,0.062,1.0,1.0,36.0,21.0,23.0,788.72,1122.67,803.62,930.22,185.71,727.11,718.1,678.04,735.05,180.51,560.39,602.45,690.76,0.0,0.0,649.72,758.73,61.89,993.58,224.5,27.84,27.42,27.42,28.58,22.52,25.65,28.26,25.85,27.58,22.96,28.13,27.64,25.76,36.0,36.0,27.3,28.22,21.91,25.4,22.95,0.023114,0.031288,0.022413,0.030001,0.003296,0.0168,0.022187,0.015987,0.020884,0.00331,0.017031,0.01725,0.016137,0.0,0.0,0.017867,0.023323,0.001051,0.022431,0.004117
2020-01-07 23:45:00,21.14,21.06,21.03,21.61,21.22,21.0,22.34,21.39,22.58,21.76,22.57,22.86,21.18,20.5,22.86,21.97,22.96,20.77,21.09,21.49,-0.37,0.0,1.0,1.0,1.0,1.0,1.0,1.0,1.0,1.0,1.0,1.0,1.0,0.765,1.0,0.0,0.0,1.0,0.981,0.062,1.0,1.0,36.0,21.0,23.0,781.28,1112.91,800.26,924.55,185.23,676.43,718.22,632.88,728.97,177.27,556.02,608.1,644.38,0.0,0.0,623.97,754.02,62.79,926.81,219.49,27.91,27.49,27.46,28.63,22.55,26.37,28.26,26.53,27.65,23.19,28.19,27.57,26.45,36.0,36.0,27.65,28.27,21.7,26.12,23.24,0.023114,0.031288,0.022413,0.030001,0.003296,0.0168,0.022187,0.015987,0.020884,0.00331,0.017031,0.01725,0.016137,0.0,0.0,0.017867,0.023323,0.001051,0.022431,0.004117
2020-01-08 00:00:00,21.13,21.06,21.02,21.6,21.3,21.28,22.33,21.6,22.65,21.84,22.63,22.86,21.46,20.15,22.77,22.13,23.02,20.7,21.38,21.6,-0.45,0.0,1.0,1.0,1.0,1.0,1.0,1.0,1.0,1.0,1.0,1.0,1.0,0.765,1.0,0.0,0.0,1.0,0.981,0.062,1.0,1.0,36.0,21.0,23.0,747.5,1069.16,772.57,891.71,184.25,645.4,718.44,605.46,723.76,174.93,552.31,611.0,615.76,0.0,0.0,607.86,749.85,63.55,885.27,215.88,28.26,27.82,27.75,28.89,22.62,26.81,28.25,26.94,27.71,23.36,28.24,27.53,26.87,36.0,36.0,27.86,28.31,21.53,26.56,23.45,0.023114,0.031288,0.022413,0.030001,0.003296,0.0168,0.022187,0.015987,0.020884,0.00331,0.017031,0.01725,0.016137,0.0,0.0,0.017867,0.023323,0.001051,0.022431,0.004117
2020-01-08 00:15:00,20.94,20.69,20.79,21.53,21.11,21.13,22.33,21.4,22.42,21.82,22.35,22.9,21.31,20.33,22.78,21.84,22.91,20.84,21.18,21.56,-0.52,0.0,0.677,0.539,0.671,1.0,0.0,0.0,1.0,0.0,0.0,0.0,0.0,0.895,0.0,1.0,1.0,0.0,0.484,0.856,0.0,0.0,36.0,21.0,23.0,604.35,730.67,624.04,922.29,0.0,0.0,718.51,0.0,0.0,0.0,0.0,701.31,0.0,1048.28,169.66,0.0,401.8,759.93,0.0,0.0,26.77,25.64,26.08,28.65,36.0,36.0,28.25,36.0,36.0,36.0,36.0,27.69,36.0,24.2,23.75,36.0,27.65,23.46,36.0,36.0,0.015658,0.016874,0.015043,0.030001,0.0,0.0,0.022187,0.0,0.0,0.0,0.0,0.020182,0.0,0.021246,0.003314,0.0,0.011508,0.014503,0.0,0.0
2020-01-08 00:30:00,20.84,20.57,20.67,21.43,20.95,20.71,22.44,20.99,22.0,21.74,21.83,22.97,20.88,20.79,22.85,21.28,22.72,21.13,20.71,21.45,-0.59,0.0,0.677,0.539,0.671,1.0,0.0,0.0,1.0,0.0,0.0,0.0,0.0,0.895,0.0,1.0,1.0,0.0,0.484,0.856,0.0,0.0,36.0,21.0,23.0,601.93,729.0,626.99,926.8,0.0,0.0,717.57,0.0,0.0,0.0,0.0,691.1,0.0,944.63,165.37,0.0,425.53,678.21,0.0,0.0,26.8,25.66,26.03,28.61,36.0,36.0,28.26,36.0,36.0,36.0,36.0,27.81,36.0,25.36,24.06,36.0,27.15,24.81,36.0,36.0,0.015658,0.016874,0.015043,0.030001,0.0,0.0,0.022187,0.0,0.0,0.0,0.0,0.020182,0.0,0.021246,0.003314,0.0,0.011508,0.014503,0.0,0.0
2020-01-08 00:45:00,20.83,20.56,20.68,21.4,20.75,20.23,22.57,20.61,21.54,21.66,21.31,23.02,20.44,21.21,22.92,20.74,22.56,21.4,20.25,21.34,-0.66,0.0,0.677,0.539,0.671,1.0,0.0,0.0,1.0,0.0,0.0,0.0,0.0,0.895,0.0,1.0,1.0,0.0,0.484,0.856,0.0,0.0,36.0,21.0,23.0,600.03,726.93,620.7,928.06,0.0,0.0,715.18,0.0,0.0,0.0,0.0,684.53,0.0,884.7,162.53,0.0,440.69,630.74,0.0,0.0,26.83,25.69,26.13,28.6,36.0,36.0,28.29,36.0,36.0,36.0,36.0,27.89,36.0,26.04,24.27,36.0,26.84,25.6,36.0,36.0,0.015658,0.016874,0.015043,0.030001,0.0,0.0,0.022187,0.0,0.0,0.0,0.0,0.020182,0.0,0.021246,0.003314,0.0,0.011508,0.014503,0.0,0.0
2020-01-08 01:00:00,20.83,20.55,20.69,21.39,20.59,19.87,22.69,20.34,21.18,21.58,20.94,23.06,20.09,21.46,22.99,20.32,22.43,21.6,19.86,21.24,-0.74,0.0,0.677,0.539,0.671,1.0,0.0,0.0,1.0,0.0,0.0,0.0,0.0,0.895,0.0,1.0,1.0,0.0,0.484,0.856,0.0,0.0,36.0,21.0,23.0,597.67,724.23,614.26,928.25,0.0,0.0,712.4,0.0,0.0,0.0,0.0,679.83,0.0,846.21,160.49,0.0,451.34,600.36,0.0,0.0,26.87,25.73,26.23,28.6,36.0,36.0,28.32,36.0,36.0,36.0,36.0,27.94,36.0,26.47,24.42,36.0,26.62,26.1,36.0,36.0,0.015658,0.016874,0.015043,0.030001,0.0,0.0,0.022187,0.0,0.0,0.0,0.0,0.020182,0.0,0.021246,0.003314,0.0,0.011508,0.014503,0.0,0.0
2020-01-08 01:15:00,21.09,20.95,20.96,21.5,20.71,19.99,22.73,20.48,21.27,21.59,21.06,22.97,20.2,21.29,23.01,20.49,22.51,21.53,20.03,21.15,-0.81,0.0,1.0,1.0,1.0,1.0,1.0,1.0,1.0,1.0,1.0,1.0,1.0,0.482,1.0,0.0,0.682,1.0,1.0,0.0,1.0,0.0,36.0,21.0,23.0,760.05,1087.83,782.73,928.3,187.16,823.01,709.8,766.23,952.95,185.23,756.47,390.69,780.32,0.0,109.78,822.78,865.46,0.0,1116.44,0.0,28.13,27.68,27.65,28.6,22.41,24.28,28.35,24.53,25.08,22.61,25.37,27.4,24.43,36.0,24.37,24.98,27.29,36.0,24.09,36.0,0.023114,0.031288,0.022413,0.030001,0.003296,0.0168,0.022187,0.015987,0.020884,0.00331,0.017031,0.010868,0.016137,0.0,0.002259,0.017867,0.023767,0.0,0.022431,0.0
2020-01-08 01:30:00,21.24,21.14,21.14,21.62,20.95,20.44,22.66,20.88,21.62,21.68,21.46,22.81,20.62,20.88,23.02,20.99,22.71,21.31,20.54,21.07,-0.89,0.0,1.0,1.0,1.0,1.0,1.0,1.0,1.0,1.0,1.0,1.0,1.0,0.482,1.0,0.0,0.682,1.0,1.0,0.0,1.0,0.0,36.0,21.0,23.0,757.3,1085.08,774.82,923.21,188.03,732.0,708.82,684.9,865.34,180.41,675.92,409.13,697.27,0.0,110.12,728.93,819.23,0.0,1000.49,0.0,28.16,27.7,27.73,28.64,22.35,25.58,28.36,25.75,26.09,22.96,26.51,26.99,25.66,36.0,24.34,26.24,27.75,36.0,25.33,36.0,0.023114,0.031288,0.022413,0.030001,0.003296,0.0168,0.022187,0.015987,0.020884,0.00331,0.017031,0.010868,0.016137,0.0,0.002259,0.017867,0.023767,0.0,0.022431,0.0
2020-01-08 01:45:00,21.28,21.18,21.19,21.68,21.09,20.88,22.57,21.24,21.96,21.77,21.83,22.66,21.05,20.43,23.03,21.44,22.85,21.12,20.98,20.98,-0.96,0.0,1.0,1.0,1.0,1.0,1.0,1.0,1.0,1.0,1.0,1.0,1.0,0.482,1.0,0.0,0.682,1.0,1.0,0.0,1.0,0.0,36.0,21.0,23.0,751.9,1075.99,763.97,920.33,187.42,681.18,709.33,639.39,815.66,177.17,631.97,421.06,650.55,0.0,110.26,677.02,792.95,0.0,933.41,0.0,28.22,27.77,27.85,28.66,22.39,26.3,28.35,26.43,26.66,23.2,27.12,26.73,26.36,36.0,24.32,26.93,28.02,36.0,26.04,36.0,0.023114,0.031288,0.022413,0.030001,0.003296,0.0168,0.022187,0.015987,0.020884,0.00331,0.017031,0.010868,0.016137,0.0,0.002259,0.017867,0.023767,0.0,0.022431,0.0
2020-01-08 02:00:00,21.31,21.23,21.24,21.7,21.19,21.17,22.48,21.44,22.18,21.85,22.06,22.53,21.33,20.09,23.04,21.7,22.95,20.96,21.27,20.91,-1.05,0.0,1.0,1.0,1.0,1.0,1.0,1.0,1.0,1.0,1.0,1.0,1.0,0.482,1.0,0.0,0.682,1.0,1.0,0.0,1.0,0.0,36.0,21.0,23.0,747.31,1068.29,753.84,919.1,187.11,649.3,710.45,611.12,784.22,174.79,605.04,429.58,621.02,0.0,110.31,644.86,776.35,0.0,890.42,0.0,28.27,27.83,27.95,28.67,22.42,26.75,28.34,26.85,27.02,23.37,27.5,26.54,26.79,36.0,24.32,27.37,28.19,36.0,26.5,36.0,0.023114,0.031288,0.022413,0.030001,0.003296,0.0168,0.022187,0.015987,0.020884,0.00331,0.017031,0.010868,0.016137,0.0,0.002259,0.017867,0.023767,0.0,0.022431,0.0
2020-01-08 02:15:00,20.81,20.65,20.72,21.51,20.98,21.04,22.43,21.26,22.3,21.83,21.85,22.6,21.19,20.21,23.02,21.48,22.91,20.9,21.08,20.94,-1.13,0.0,0.406,0.36,0.356,1.0,0.0,0.042,1.0,0.0,1.0,0.0,0.0,1.0,0.0,1.0,0.265,0.0,0.642,0.259,0.0,1.0,36.0,21.0,23.0,400.59,515.07,359.75,922.37,0.0,31.26,711.99,0.0,763.59,0.0,0.0,828.9,0.0,1053.77,43.65,0.0,523.03,247.41,0.0,240.24,25.78,25.07,25.21,28.64,36.0,25.29,28.32,36.0,27.25,36.0,36.0,27.21,36.0,24.13,24.11,36.0,27.8,22.5,36.0,22.04,0.009376,0.011274,0.007978,0.030001,0.0,0.000698,0.022187,0.0,0.020884,0.0,0.0,0.022553,0.0,0.021246,0.000878,0.0,0.015258,0.004384,0.0,0.004117
2020-01-08 02:30:00,20.58,20.41,20.49,21.3,20.82,20.62,22.4,20.84,22.41,21.75,21.33,22.8,20.75,20.65,22.97,20.93,22.81,20.89,20.62,21.08,-1.21,0.0,0.406,0.36,0.356,1.0,0.0,0.042,1.0,0.0,1.0,0.0,0.0,1.0,0.0,1.0,0.265,0.0,0.642,0.259,0.0,1.0,36.0,21.0,23.0,401.39,515.29,360.09,926.83,0.0,34.75,712.74,0.0,749.49,0.0,0.0,785.73,0.0,950.41,44.27,0.0,541.05,243.18,0.0,231.42,25.76,25.07,25.2,28.61,36.0,24.09,28.31,36.0,27.41,36.0,36.0,27.67,36.0,25.3,23.94,36.0,27.52,22.73,36.0,22.55,0.009376,0.011274,0.007978,0.030001,0.0,0.000698,0.022187,0.0,0.020884,0.0,0.0,0.022553,0.0,0.021246,0.000878,0.0,0.015258,0.004384,0.0,0.004117
2020-01-08 02:45:00,20.49,20.32,20.39,21.22,20.61,20.15,22.4,20.44,22.5,21.67,20.84,22.95,20.29,21.06,22.93,20.37,22.71,20.9,20.12,21.22,-1.3,0.0,0.406,0.36,0.356,1.0,0.0,0.042,1.0,0.0,1.0,0.0,0.0,1.0,0.0,1.0,0.265,0.0,0.642,0.259,0.0,1.0,36.0,21.0,23.0,404.85,519.02,362.89,930.58,0.0,37.2,713.22,0.0,739.16,0.0,0.0,761.04,0.0,890.78,44.72,0.0,551.98,240.87,0.0,225.47,25.67,24.99,25.12,28.58,36.0,23.25,28.31,36.0,27.53,36.0,36.0,27.93,36.0,25.97,23.82,36.0,27.35,22.86,36.0,22.9,0.009376,0.011274,0.007978,0.030001,0.0,0.000698,0.022187,0.0,0.020884,0.0,0.0,0.022553,0.0,0.021246,0.000878,0.0,0.015258,0.004384,0.0,0.004117
2020-01-08 03:00:00,20.44,20.26,20.34,21.18,20.46,19.82,22.4,20.19,22.58,21.59,20.51,23.05,19.96,21.33,22.88,20.0,22.65,20.91,19.75,21.34,-1.36,0.0,0.406,0.36,0.356,1.0,0.0,0.042,1.0,0.0,1.0,0.0,0.0,1.0,0.0,1.0,0.265,0.0,0.642,0.259,0.0,1.0,36.0,21.0,23.0,407.24,521.45,364.75,932.09,0.0,39.07,713.46,0.0,731.17,0.0,0.0,745.42,0.0,852.62,45.06,0.0,559.14,239.47,0.0,221.1,25.61,24.93,25.06,28.57,36.0,22.61,28.31,36.0,27.62,36.0,36.0,28.09,36.0,26.4,23.73,36.0,27.23,22.93,36.0,23.15,0.009376,0.011274,0.007978,0.030001,0.0,0.000698,0.022187,0.0,0.020884,0.0,0.0,0.022553,0.0,0.021246,0.000878,0.0,0.015258,0.004384,0.0,0.004117
2020-01-08 03:15:00,20.89,20.8,20.83,21.34,20.58,19.96,22.42,20.34,22.66,21.6,20.67,22.99,20.1,21.17,22.9,20.2,22.74,20.94,19.94,21.45,-1.42,0.0,1.0,1.0,1.0,1.0,1.0,1.0,1.0,1.0,1.0,1.0,1.0,0.518,1.0,0.0,1.0,1.0,1.0,0.338,1.0,1.0,36.0,21.0,23.0,757.41,1075.56,755.26,933.25,188.77,814.3,713.47,773.54,724.5,185.09,786.57,412.72,787.01,0.0,165.84,844.96,825.2,306.95,1123.14,217.78,28.16,27.78,27.94,28.56,22.3,24.4,28.31,24.42,27.7,22.62,24.95,27.55,24.33,36.0,24.03,24.69,27.69,23.18,24.02,23.34,0.023114,0.031288,0.022413,0.030001,0.003296,0.0168,0.022187,0.015987,0.020884,0.00331,0.017031,0.011683,0.016137,0.0,0.003314,0.017867,0.023767,0.00573,0.022431,0.004117
2020-01-08 03:30:00,21.15,21.08,21.11,21.54,20.83,20.42,22.44,20.76,22.73,21.69,21.11,22.86,20.54,20.77,22.96,20.74,22.89,20.99,20.47,21.54,-1.48,0.0,1.0,1.0,1.0,1.0,1.0,1.0,1.0,1.0,1.0,1.0,1.0,0.518,1.0,0.0,1.0,1.0,1.0,0.338,1.0,1.0,36.0,21.0,23.0,763.13,1082.59,761.13,925.18,189.59,727.76,713.19,691.18,718.71,180.26,699.81,432.47,702.83,0.0,162.49,746.31,793.15,302.44,1005.92,215.13,28.1,27.72,27.88,28.62,22.24,25.64,28.31,25.66,27.77,22.97,26.17,27.14,25.58,36.0,24.27,26.01,28.02,23.37,25.27,23.5,0.023114,0.031288,0.022413,0.030001,0.003296,0.0168,0.022187,0.015987,0.020884,0.00331,0.017031,0.011683,0.016137,0.0,0.003314,0.017867,0.023767,0.00573,0.022431,0.004117
2020-01-08 03:45:00,21.19,21.13,21.16,21.62,20.98,20.86,22.47,21.14,22.8,21.78,21.53,22.73,20.99,20.36,23.03,21.23,23.02,21.03,20.94,21.62,-1.54,0.0,1.0,1.0,1.0,1.0,1.0,1.0,1.0,1.0,1.0,1.0,1.0,0.518,1.0,0.0,1.0,1.0,1.0,0.338,1.0,1.0,36.0,21.0,23.0,762.39,1079.51,759.53,920.74,188.91,679.18,712.68,644.96,713.56,177.02,651.91,444.68,655.35,0.0,160.23,691.31,774.29,299.42,937.82,212.95,28.11,27.75,27.89,28.66,22.29,26.33,28.32,26.35,27.83,23.21,26.84,26.89,26.28,36.0,24.43,26.74,28.21,23.5,26.0,23.63,0.023114,0.031288,0.022413,0.030001,0.003296,0.0168,0.022187,0.015987,0.020884,0.00331,0.017031,0.011683,0.016137,0.0,0.003314,0.017867,0.023767,0.00573,0.022431,0.004117
2020-01-08 04:00:00,21.16,21.11,21.14,21.61,21.06,21.15,22.48,21.36,22.87,21.87,21.81,22.63,21.27,20.01,23.09,21.55,23.11,21.07,21.26,21.7,-1.55,0.0,1.0,1.0,1.0,1.0,1.0,1.0,1.0,1.0,1.0,1.0,1.0,0.518,1.0,0.0,1.0,1.0,1.0,0.338,1.0,1.0,36.0,21.0,23.0,734.79,1041.34,732.09,888.19,187.72,649.17,711.95,616.67,709.06,174.68,622.78,452.82,625.9,0.0,158.58,657.78,762.17,297.31,894.99,211.14,28.39,28.04,28.19,28.92,22.37,26.76,28.32,26.77,27.88,23.38,27.25,26.73,26.72,36.0,24.55,27.19,28.33,23.59,26.45,23.73,0.023114,0.031288,0.022413,0.030001,0.003296,0.0168,0.022187,0.015987,0.020884,0.00331,0.017031,0.011683,0.016137,0.0,0.003314,0.017867,0.023767,0.00573,0.022431,0.004117
2020-01-08 04:15:00,20.9,20.74,20.78,21.52,20.89,21.03,22.49,21.17,22.88,21.93,21.97,22.74,21.12,20.21,23.05,21.73,22.97,21.0,21.06,21.66,-1.57,0.0,0.607,0.508,0.494,1.0,0.0,0.139,1.0,0.0,0.802,1.0,1.0,1.0,0.0,1.0,0.0,1.0,0.335,0.0,0.0,0.0,36.0,21.0,23.0,549.1,676.36,469.11,918.93,0.0,102.46,711.48,0.0,582.55,172.83,603.08,816.89,0.0,1058.92,0.0,634.89,284.53,0.0,0.0,0.0,26.63,25.82,25.87,28.67,36.0,25.49,28.33,36.0,27.68,23.51,27.53,27.33,36.0,24.08,36.0,27.5,27.46,36.0,36.0,36.0,0.014022,0.01589,0.011081,0.030001,0.0,0.002333,0.022187,0.0,0.016748,0.00331,0.017031,0.022553,0.0,0.021246,0.0,0.017867,0.007969,0.0,0.0,0.0
2020-01-08 04:30:00,20.78,20.61,20.64,21.4,20.74,20.7,22.45,20.76,22.86,21.99,22.12,22.94,20.71,20.69,22.97,21.9,22.7,20.88,20.62,21.54,-1.58,0.0,0.607,0.508,0.494,1.0,0.0,0.139,1.0,0.0,0.802,1.0,1.0,1.0,0.0,1.0,0.0,1.0,0.335,0.0,0.0,0.0,36.0,21.0,23.0,545.28,670.66,464.99,924.55,0.0,112.32,711.34,0.0,591.88,171.37,589.78,776.55,0.0,953.52,0.0,619.37,307.08,0.0,0.0,0.0,26.7,25.9,25.96,28.63,36.0,24.48,28.33,36.0,27.55,23.62,27.72,27.76,36.0,25.26,36.0,27.71,26.78,36.0,36.0,36.0,0.014022,0.01589,0.011081,0.030001,0.0,0.002333,0.022187,0.0,0.016748,0.00331,0.017031,0.022553,0.0,0.021246,0.0,0.017867,0.007969,0.0,0.0,0.0
2020-01-08 04:45:00,20.78,20.61,20.64,21.38,20.56,20.31,22.41,20.4,22.86,22.05,22.24,23.09,20.27,21.12,22.89,22.04,22.46,20.78,20.18,21.42,-1.59,0.0,0.607,0.508,0.494,1.0,0.0,0.139,1.0,0.0,0.802,1.0,1.0,1.0,0.0,1.0,0.0,1.0,0.335,0.0,0.0,0.0,36.0,21.0,23.0,542.57,666.88,462.44,926.48,0.0,119.01,711.73,0.0,596.67,170.15,579.99,753.12,0.0,892.46,0.0,607.96,322.1,0.0,0.0,0.0,26.74,25.96,26.02,28.61,36.0,23.8,28.33,36.0,27.48,23.7,27.85,28.01,36.0,25.95,36.0,27.86,26.33,36.0,36.0,36.0,0.014022,0.01589,0.011081,0.030001,0.0,0.002333,0.022187,0.0,0.016748,0.00331,0.017031,0.022553,0.0,0.021246,0.0,0.017867,0.007969,0.0,0.0,0.0
2020-01-08 05:00:00,20.8,20.61,20.63,21.37,20.43,20.04,22.36,20.14,22.86,22.11,22.36,23.19,19.96,21.38,22.81,22.17,22.27,20.68,19.8,21.32,-1.64,0.0,0.607,0.508,0.494,1.0,0.0,0.139,1.0,0.0,0.802,1.0,1.0,1.0,0.0,1.0,0.0,1.0,0.335,0.0,0.0,0.0,36.0,21.0,23.0,538.92,662.19,459.47,926.97,0.0,123.95,712.33,0.0,599.22,169.1,572.19,738.0,0.0,853.1,0.0,598.89,333.01,0.0,0.0,0.0,26.81,26.03,26.08,28.61,36.0,23.29,28.32,36.0,27.44,23.78,27.96,28.17,36.0,26.39,36.0,27.98,26.0,36.0,36.0,36.0,0.014022,0.01589,0.011081,0.030001,0.0,0.002333,0.022187,0.0,0.016748,0.00331,0.017031,0.022553,0.0,0.021246,0.0,0.017867,0.007969,0.0,0.0,0.0
2020-01-08 05:15:00,21.12,21.05,21.05,21.51,20.6,20.2,22.38,20.3,22.9,22.16,22.45,23.04,20.12,21.21,22.81,22.27,22.38,20.8,20.0,21.34,-1.68,0.0,1.0,1.0,1.0,1.0,1.0,1.0,1.0,1.0,0.929,1.0,1.0,0.248,1.0,0.0,1.0,1.0,1.0,0.964,1.0,1.0,36.0,21.0,23.0,737.24,1036.38,730.38,927.26,185.58,782.95,713.06,777.91,681.89,168.16,565.73,205.07,790.1,0.0,169.22,591.44,903.05,853.03,1123.0,229.74,28.37,28.08,28.2,28.61,22.53,24.85,28.31,24.36,27.59,23.85,28.05,27.22,24.29,36.0,23.79,28.08,26.91,23.5,24.02,22.65,0.023114,0.031288,0.022413,0.030001,0.003296,0.0168,0.022187,0.015987,0.019395,0.00331,0.017031,0.005585,0.016137,0.0,0.003314,0.017867,0.023767,0.016325,0.022431,0.004117
2020-01-08 05:30:00,21.32,21.29,21.28,21.67,20.87,20.68,22.49,20.74,22.96,22.21,22.53,22.77,20.6,20.83,22.88,22.36,22.67,21.15,20.56,21.46,-1.73,0.0,1.0,1.0,1.0,1.0,1.0,1.0,1.0,1.0,0.929,1.0,1.0,0.248,1.0,0.0,1.0,1.0,1.0,0.964,1.0,1.0,36.0,21.0,23.0,732.76,1029.63,726.36,921.14,185.28,707.43,712.44,694.49,672.89,167.32,560.31,222.58,704.85,0.0,164.98,585.27,840.18,746.93,1004.77,222.52,28.42,28.13,28.25,28.65,22.55,25.93,28.32,25.61,27.7,23.91,28.13,26.46,25.55,36.0,24.09,28.16,27.54,25.05,25.28,23.07,0.023114,0.031288,0.022413,0.030001,0.003296,0.0168,0.022187,0.015987,0.019395,0.00331,0.017031,0.005585,0.016137,0.0,0.003314,0.017867,0.023767,0.016325,0.022431,0.004117
2020-01-08 05:45:00,21.39,21.36,21.35,21.74,21.05,21.05,22.65,21.13,23.02,22.26,22.6,22.49,21.04,20.4,22.95,22.44,22.89,21.47,21.02,21.58,-1.78,0.0,1.0,1.0,1.0,1.0,1.0,1.0,1.0,1.0,0.929,1.0,1.0,0.248,1.0,0.0,1.0,1.0,1.0,0.964,1.0,1.0,36.0,21.0,23.0,724.77,1016.23,717.12,917.77,183.56,664.38,709.89,647.55,667.07,166.53,555.61,234.44,656.53,0.0,162.18,580.02,804.23,686.87,935.72,217.69,28.5,28.23,28.35,28.68,22.68,26.54,28.35,26.31,27.77,23.97,28.2,25.96,26.27,36.0,24.29,28.23,27.9,25.93,26.02,23.35,0.023114,0.031288,0.022413,0.030001,0.003296,0.0168,0.022187,0.015987,0.019395,0.00331,0.017031,0.005585,0.016137,0.0,0.003314,0.017867,0.023767,0.016325,0.022431,0.004117
2020-01-08 06:00:00,21.43,21.42,21.4,21.78,21.18,21.32,22.79,21.36,23.06,22.31,22.67,22.25,21.33,20.06,23.01,22.51,23.03,21.71,21.33,21.68,-1.81,0.0,1.0,1.0,1.0,1.0,1.0,1.0,1.0,1.0,0.929,1.0,1.0,0.248,1.0,0.0,1.0,1.0,1.0,0.964,1.0,1.0,36.0,21.0,23.0,721.22,1010.22,713.16,915.53,182.69,637.07,706.75,618.05,662.84,165.8,551.47,243.25,625.86,0.0,160.15,575.44,781.52,649.06,891.22,214.15,28.54,28.28,28.39,28.7,22.74,26.93,28.38,26.75,27.82,24.02,28.25,25.58,26.72,36.0,24.44,28.29,28.13,26.49,26.49,23.56,0.023114,0.031288,0.022413,0.030001,0.003296,0.0168,0.022187,0.015987,0.019395,0.00331,0.017031,0.005585,0.016137,0.0,0.003314,0.017867,0.023767,0.016325,0.022431,0.004117
2020-01-08 06:15:00,20.72,20.48,20.56,21.46,20.99,21.15,22.84,21.2,22.97,22.28,22.42,22.33,21.17,20.2,23.02,22.22,22.98,21.65,21.17,21.66,-1.84,0.0,0.219,0.071,0.104,1.0,0.0,0.0,1.0,0.0,0.415,0.0,0.0,1.0,0.0,1.0,0.443,0.0,0.496,0.0,0.0,0.0,36.0,21.0,23.0,233.9,114.79,117.29,922.33,0.0,0.0,703.79,0.0,319.62,0.0,0.0,886.84,0.0,1058.61,71.94,0.0,415.7,0.0,0.0,0.0,24.96,23.69,24.01,28.65,36.0,36.0,28.41,36.0,27.17,36.0,36.0,26.59,36.0,24.08,24.28,36.0,27.57,36.0,36.0,36.0,0.005068,0.002231,0.00234,0.030001,0.0,0.0,0.022187,0.0,0.008659,0.0,0.0,0.022553,0.0,0.021246,0.001469,0.0,0.011791,0.0,0.0,0.0
2020-01-08 06:30:00,20.4,20.12,20.22,21.16,20.84,20.7,22.79,20.79,22.78,22.19,21.91,22.65,20.74,20.68,23.0,21.66,22.83,21.44,20.73,21.55,-1.87,0.0,0.219,0.071,0.104,1.0,0.0,0.0,1.0,0.0,0.415,0.0,0.0,1.0,0.0,1.0,0.443,0.0,0.496,0.0,0.0,0.0,36.0,21.0,23.0,232.77,114.24,116.67,927.39,0.0,0.0,702.34,0.0,337.6,0.0,0.0,820.56,0.0,953.74,72.75,0.0,436.73,0.0,0.0,0.0,25.01,23.75,24.07,28.6,36.0,36.0,28.43,36.0,26.67,36.0,36.0,27.3,36.0,25.26,24.15,36.0,27.14,36.0,36.0,36.0,0.005068,0.002231,0.00234,0.030001,0.0,0.0,0.022187,0.0,0.008659,0.0,0.0,0.022553,0.0,0.021246,0.001469,0.0,0.011791,0.0,0.0,0.0
2020-01-08 06:45:00,20.31,20.01,20.12,21.07,20.68,20.21,22.7,20.42,22.59,22.1,21.37,22.91,20.28,21.12,22.98,21.08,22.68,21.25,20.26,21.43,-1.9,0.0,0.219,0.071,0.104,1.0,0.0,0.0,1.0,0.0,0.415,0.0,0.0,1.0,0.0,1.0,0.443,0.0,0.496,0.0,0.0,0.0,36.0,21.0,23.0,233.78,114.82,117.21,931.28,0.0,0.0,702.44,0.0,349.54,0.0,0.0,782.58,0.0,892.61,73.28,0.0,449.98,0.0,0.0,0.0,24.96,23.69,24.01,28.57,36.0,36.0,28.43,36.0,26.34,36.0,36.0,27.7,36.0,25.95,24.06,36.0,26.87,36.0,36.0,36.0,0.005068,0.002231,0.00234,0.030001,0.0,0.0,0.022187,0.0,0.008659,0.0,0.0,0.022553,0.0,0.021246,0.001469,0.0,0.011791,0.0,0.0,0.0
2020-01-08 07:00:00,20.24,19.92,20.04,21.02,20.54,19.84,22.62,20.18,22.45,22.02,21.0,23.05,19.94,21.37,22.96,20.65,22.57,21.09,19.86,21.33,-1.92,0.0,0.219,0.071,0.104,1.0,0.0,0.0,1.0,0.0,0.415,0.0,0.0,1.0,0.0,1.0,0.443,0.0,0.496,0.0,0.0,0.0,36.0,21.0,23.0,234.31,115.18,117.53,933.19,0.0,0.0,703.25,0.0,358.19,0.0,0.0,758.77,0.0,853.36,73.65,0.0,459.1,0.0,0.0,0.0,24.94,23.65,23.98,28.56,36.0,36.0,28.42,36.0,26.1,36.0,36.0,27.95,36.0,26.39,24.0,36.0,26.68,36.0,36.0,36.0,0.005068,0.002231,0.00234,0.030001,0.0,0.0,0.022187,0.0,0.008659,0.0,0.0,0.022553,0.0,0.021246,0.001469,0.0,0.011791,0.0,0.0,0.0
2020-01-08 07:15:00,20.86,20.7,20.75,21.27,20.71,19.98,22.55,20.32,22.51,22.02,21.11,23.02,20.07,21.23,22.98,20.78,22.66,20.97,20.02,21.35,-1.95,0.0,1.0,1.0,1.0,1.0,1.0,1.0,1.0,1.0,1.0,1.0,1.0,0.522,1.0,0.0,1.0,1.0,1.0,0.0,1.0,1.0,36.0,21.0,23.0,718.41,1004.88,708.52,928.2,182.02,820.25,704.63,778.66,801.63,178.67,754.15,420.43,790.7,0.0,163.0,800.74,858.53,0.0,1119.07,230.17,28.56,28.32,28.44,28.6,22.79,24.32,28.4,24.35,26.82,23.09,25.41,27.46,24.28,36.0,24.23,25.28,27.36,36.0,24.06,22.62,0.023114,0.031288,0.022413,0.030001,0.003296,0.0168,0.022187,0.015987,0.020884,0.00331,0.017031,0.011775,0.016137,0.0,0.003314,0.017867,0.023767,0.0,0.022431,0.004117
2020-01-08 07:30:00,21.25,21.21,21.2,21.59,20.96,20.45,22.49,20.75,22.72,22.1,21.52,22.9,20.52,20.84,23.04,21.27,22.86,20.87,20.56,21.47,-1.97,0.0,1.0,1.0,1.0,1.0,1.0,1.0,1.0,1.0,1.0,1.0,1.0,0.522,1.0,0.0,1.0,1.0,1.0,0.0,1.0,1.0,36.0,21.0,23.0,722.97,1015.39,715.84,922.03,182.2,729.95,705.38,695.31,758.05,174.29,673.76,438.56,706.03,0.0,160.39,711.02,812.22,0.0,1002.31,222.78,28.52,28.24,28.36,28.65,22.77,25.61,28.39,25.6,27.32,23.41,26.54,27.09,25.53,36.0,24.42,26.48,27.82,36.0,25.31,23.05,0.023114,0.031288,0.022413,0.030001,0.003296,0.0168,0.022187,0.015987,0.020884,0.00331,0.017031,0.011775,0.016137,0.0,0.003314,0.017867,0.023767,0.0,0.022431,0.004117
2020-01-08 07:45:00,21.34,21.3,21.29,21.71,21.15,20.92,22.45,21.12,22.89,22.18,21.92,22.78,20.98,20.4,23.09,21.73,23.02,20.78,21.03,21.59,-1.99,0.0,1.0,1.0,1.0,1.0,1.0,1.0,1.0,1.0,1.0,1.0,1.0,0.522,1.0,0.0,1.0,1.0,1.0,0.0,1.0,1.0,36.0,21.0,23.0,716.65,1004.38,708.69,915.63,181.13,679.27,706.37,648.51,732.87,171.38,629.59,449.65,658.02,0.0,158.58,661.31,785.38,0.0,934.11,217.84,28.58,28.32,28.44,28.7,22.85,26.33,28.38,26.3,27.6,23.62,27.16,26.86,26.24,36.0,24.55,27.15,28.09,36.0,26.04,23.34,0.023114,0.031288,0.022413,0.030001,0.003296,0.0168,0.022187,0.015987,0.020884,0.00331,0.017031,0.011775,0.016137,0.0,0.003314,0.017867,0.023767,0.0,0.022431,0.004117
2020-01-08 08:00:00,21.38,21.36,21.34,21.74,21.27,21.2,22.4,21.35,22.99,22.25,22.16,22.68,21.26,20.06,23.14,21.98,23.13,20.7,21.31,21.69,-1.99,0.0,1.0,1.0,1.0,1.0,1.0,1.0,1.0,1.0,1.0,1.0,1.0,0.522,1.0,0.0,1.0,1.0,1.0,0.0,1.0,1.0,36.0,21.0,23.0,714.11,999.98,705.92,913.92,180.31,647.62,707.47,619.37,716.93,169.27,602.58,457.15,627.77,0.0,157.21,630.84,768.35,0.0,890.56,214.22,28.61,28.35,28.46,28.71,22.91,26.78,28.37,26.73,27.79,23.77,27.54,26.71,26.69,36.0,24.65,27.55,28.27,36.0,26.5,23.55,0.023114,0.031288,0.022413,0.030001,0.003296,0.0168,0.022187,0.015987,0.020884,0.00331,0.017031,0.011775,0.016137,0.0,0.003314,0.017867,0.023767,0.0,0.022431,0.004117
2020-01-08 08:15:00,20.74,20.56,20.59,21.46,21.07,21.05,22.38,21.18,22.79,22.23,21.97,22.76,21.11,20.19,23.12,21.77,23.0,20.76,21.15,21.67,-1.99,2.3,0.262,0.167,0.164,1.0,0.0,0.002,0.818,0.0,0.0,0.0,0.0,1.0,0.0,1.0,0.0,0.0,0.297,0.919,0.0,0.0,36.0,21.0,23.0,269.7,250.98,175.87,919.84,0.0,1.14,596.89,0.0,0.0,0.0,0.0,817.25,0.0,1058.6,0.0,0.0,254.83,831.92,0.0,0.0,25.35,24.53,24.57,28.67,36.0,25.22,28.14,36.0,36.0,36.0,36.0,27.33,36.0,24.08,36.0,36.0,27.35,23.22,36.0,36.0,0.006057,0.005233,0.003681,0.030001,0.0,2.5e-05,0.018157,0.0,0.0,0.0,0.0,0.022553,0.0,0.021246,0.0,0.0,0.00705,0.015572,0.0,0.0
2020-01-08 08:30:00,20.47,20.31,20.36,21.22,20.92,20.63,22.47,20.82,22.35,22.14,21.46,23.01,20.74,20.68,23.03,21.25,22.76,21.12,20.72,21.56,-1.98,30.0,0.262,0.167,0.164,1.0,0.0,0.002,0.818,0.0,0.0,0.0,0.0,1.0,0.0,1.0,0.0,0.0,0.297,0.919,0.0,0.0,36.0,21.0,23.0,268.15,246.73,171.73,923.53,0.0,1.27,606.37,0.0,0.0,0.0,0.0,773.32,0.0,953.35,0.0,0.0,274.52,726.09,0.0,0.0,25.41,24.72,24.84,28.64,36.0,23.96,28.01,36.0,36.0,36.0,36.0,27.8,36.0,25.27,36.0,36.0,26.68,24.84,36.0,36.0,0.006057,0.005233,0.003681,0.030001,0.0,2.5e-05,0.018157,0.0,0.0,0.0,0.0,0.022553,0.0,0.021246,0.0,0.0,0.00705,0.015572,0.0,0.0
2020-01-08 08:45:00,20.42,20.3,20.39,21.19,20.8,20.2,22.65,20.56,21.91,22.06,21.01,23.23,20.39,21.13,22.94,20.71,22.59,21.52,20.27,21.44,-1.98,57.6,0.262,0.167,0.164,1.0,0.0,0.002,0.818,0.0,0.0,0.0,0.0,1.0,0.0,1.0,0.0,0.0,0.297,0.919,0.0,0.0,36.0,21.0,23.0,268.87,245.08,168.84,925.38,0.0,1.36,606.53,0.0,0.0,0.0,0.0,742.91,0.0,891.45,0.0,0.0,286.09,660.45,0.0,0.0,25.38,24.8,25.03,28.62,36.0,23.07,28.01,36.0,36.0,36.0,36.0,28.12,36.0,25.96,36.0,36.0,26.29,25.85,36.0,36.0,0.006057,0.005233,0.003681,0.030001,0.0,2.5e-05,0.018157,0.0,0.0,0.0,0.0,0.022553,0.0,0.021246,0.0,0.0,0.00705,0.015572,0.0,0.0
2020-01-08 09:00:00,20.42,20.35,20.5,21.22,20.71,19.91,22.87,20.47,21.61,21.98,20.7,23.44,20.22,21.41,22.86,20.36,22.51,21.9,19.91,21.34,-1.81,85.3,0.262,0.167,0.164,1.0,0.0,0.002,0.818,0.0,0.0,0.0,0.0,1.0,0.0,1.0,0.0,0.0,0.297,0.919,0.0,0.0,36.0,21.0,23.0,268.68,242.34,164.12,924.44,0.0,1.44,601.58,0.0,0.0,0.0,0.0,718.64,0.0,850.97,0.0,0.0,292.74,612.4,0.0,0.0,25.39,24.92,25.33,28.63,36.0,22.4,28.07,36.0,36.0,36.0,36.0,28.38,36.0,26.42,36.0,36.0,26.07,26.59,36.0,36.0,0.006057,0.005233,0.003681,0.030001,0.0,2.5e-05,0.018157,0.0,0.0,0.0,0.0,0.022553,0.0,0.021246,0.0,0.0,0.00705,0.015572,0.0,0.0
2020-01-08 09:15:00,21.07,21.15,21.34,21.54,20.95,20.12,23.04,20.8,21.72,21.98,20.89,23.34,20.49,21.29,22.86,20.58,22.72,22.01,20.11,21.26,-1.65,112.9,1.0,1.0,1.0,1.0,1.0,1.0,0.814,1.0,1.0,1.0,1.0,0.0,1.0,0.0,1.0,1.0,1.0,0.0,1.0,0.0,36.0,21.0,23.0,706.09,952.27,637.54,915.53,179.99,819.73,591.87,738.89,923.93,179.88,776.66,0.0,751.4,0.0,168.35,823.35,880.34,0.0,1112.98,0.0,28.69,28.72,29.19,28.7,22.93,24.33,28.16,24.94,25.42,23.0,25.09,36.0,24.86,36.0,23.85,24.98,27.14,36.0,24.13,36.0,0.023114,0.031288,0.022413,0.030001,0.003296,0.0168,0.018069,0.015987,0.020884,0.00331,0.017031,0.0,0.016137,0.0,0.003314,0.017867,0.023767,0.0,0.022431,0.0
2020-01-08 09:30:00,21.5,21.64,21.88,21.9,21.25,20.69,23.08,21.41,22.09,22.06,21.36,23.02,21.07,20.95,22.92,21.14,23.09,21.94,20.68,21.17,-1.48,126.0,1.0,1.0,1.0,1.0,1.0,1.0,0.814,1.0,1.0,1.0,1.0,0.0,1.0,0.0,1.0,1.0,1.0,0.0,1.0,0.0,36.0,21.0,23.0,705.87,955.88,633.35,903.95,179.89,725.75,587.77,644.69,835.96,175.29,688.31,0.0,655.98,0.0,164.18,724.79,806.36,0.0,993.19,0.0,28.69,28.69,29.24,28.79,22.94,25.66,28.22,26.35,26.42,23.33,26.33,36.0,26.27,36.0,24.15,26.3,27.88,36.0,25.41,36.0,0.023114,0.031288,0.022413,0.030001,0.003296,0.0168,0.018069,0.015987,0.020884,0.00331,0.017031,0.0,0.016137,0.0,0.003314,0.017867,0.023767,0.0,0.022431,0.0
2020-01-08 09:45:00,21.63,21.77,22.08,22.03,21.45,21.2,23.08,21.86,22.48,22.14,21.84,22.65,21.65,20.55,23.0,21.67,23.38,21.9,21.2,21.08,-1.32,139.0,1.0,1.0,1.0,1.0,1.0,1.0,0.814,1.0,1.0,1.0,1.0,0.0,1.0,0.0,1.0,1.0,1.0,0.0,1.0,0.0,36.0,21.0,23.0,698.14,945.73,616.67,898.31,178.97,672.39,585.53,588.32,785.41,172.24,638.8,0.0,598.79,0.0,161.43,669.35,764.1,0.0,922.95,0.0,28.77,28.77,29.42,28.84,23.01,26.42,28.25,27.2,27.0,23.55,27.03,36.0,27.12,36.0,24.35,27.04,28.31,36.0,26.16,36.0,0.023114,0.031288,0.022413,0.030001,0.003296,0.0168,0.018069,0.015987,0.020884,0.00331,0.017031,0.0,0.016137,0.0,0.003314,0.017867,0.023767,0.0,0.022431,0.0
2020-01-08 10:00:00,21.73,21.88,22.28,22.12,21.63,21.56,23.08,22.19,22.74,22.21,22.15,22.34,22.07,20.24,23.06,22.02,23.58,21.88,21.54,20.99,-1.14,152.1,1.0,1.0,1.0,1.0,1.0,1.0,0.814,1.0,1.0,1.0,1.0,0.0,1.0,0.0,1.0,1.0,1.0,0.0,1.0,0.0,36.0,21.0,23.0,692.41,939.74,601.45,893.95,178.03,637.66,584.49,550.04,752.26,170.01,606.92,0.0,559.02,0.0,159.44,633.6,737.05,0.0,876.29,0.0,28.83,28.81,29.58,28.87,23.08,26.92,28.26,27.77,27.38,23.71,27.47,36.0,27.71,36.0,24.49,27.52,28.58,36.0,26.65,36.0,0.023114,0.031288,0.022413,0.030001,0.003296,0.0168,0.018069,0.015987,0.020884,0.00331,0.017031,0.0,0.016137,0.0,0.003314,0.017867,0.023767,0.0,0.022431,0.0
2020-01-08 10:15:00,20.56,20.73,21.29,21.08,21.55,21.54,22.92,22.17,22.61,22.2,22.01,22.45,22.11,20.4,23.04,21.85,23.41,21.83,21.41,21.0,-0.97,165.1,0.0,0.0,0.0,0.0,0.0,0.0,0.0,0.0,0.0,0.0,0.0,1.0,0.0,1.0,0.009,0.0,0.0,0.0,0.0,0.812,36.0,21.0,23.0,0.0,0.0,0.0,0.0,0.0,0.0,0.0,0.0,0.0,0.0,0.0,913.27,0.0,1042.39,1.49,0.0,0.0,0.0,0.0,195.78,36.0,36.0,36.0,36.0,36.0,36.0,36.0,36.0,36.0,36.0,36.0,26.31,36.0,24.26,24.11,36.0,36.0,36.0,36.0,21.99,0.0,0.0,0.0,0.0,0.0,0.0,0.0,0.0,0.0,0.0,0.0,0.022553,0.0,0.021246,3e-05,0.0,0.0,0.0,0.0,0.003343
2020-01-08 10:30:00,20.06,20.24,20.92,20.55,21.47,21.26,22.64,21.96,22.2,22.12,21.54,22.84,21.87,20.91,22.96,21.35,22.96,21.73,20.99,21.1,-0.79,171.3,0.0,0.0,0.0,0.0,0.0,0.0,0.0,0.0,0.0,0.0,0.0,1.0,0.0,1.0,0.009,0.0,0.0,0.0,0.0,0.812,36.0,21.0,23.0,0.0,0.0,0.0,0.0,0.0,0.0,0.0,0.0,0.0,0.0,0.0,821.41,0.0,936.1,1.53,0.0,0.0,0.0,0.0,190.17,36.0,36.0,36.0,36.0,36.0,36.0,36.0,36.0,36.0,36.0,36.0,27.29,36.0,25.46,23.79,36.0,36.0,36.0,36.0,22.39,0.0,0.0,0.0,0.0,0.0,0.0,0.0,0.0,0.0,0.0,0.0,0.022553,0.0,0.021246,3e-05,0.0,0.0,0.0,0.0,0.003343
2020-01-08 10:45:00,19.91,20.07,20.86,20.4,21.37,20.95,22.38,21.79,21.79,22.03,21.09,23.2,21.59,21.38,22.87,20.81,22.47,21.59,20.54,21.2,-0.62,177.5,0.0,0.0,0.0,0.0,0.0,0.0,0.0,0.0,0.0,0.0,0.0,1.0,0.0,1.0,0.009,0.0,0.0,0.0,0.0,0.812,36.0,21.0,23.0,0.0,0.0,0.0,0.0,0.0,0.0,0.0,0.0,0.0,0.0,0.0,770.4,0.0,873.3,1.56,0.0,0.0,0.0,0.0,186.39,36.0,36.0,36.0,36.0,36.0,36.0,36.0,36.0,36.0,36.0,36.0,27.83,36.0,26.17,23.56,36.0,36.0,36.0,36.0,22.66,0.0,0.0,0.0,0.0,0.0,0.0,0.0,0.0,0.0,0.0,0.0,0.022553,0.0,0.021246,3e-05,0.0,0.0,0.0,0.0,0.003343
2020-01-08 11:00:00,19.79,19.95,20.84,20.29,21.3,20.68,22.15,21.71,21.51,21.95,20.8,23.42,21.41,21.68,22.79,20.47,22.1,21.46,20.18,21.29,-0.49,183.7,0.0,0.0,0.0,0.0,0.0,0.0,0.0,0.0,0.0,0.0,0.0,1.0,0.0,1.0,0.009,0.0,0.0,0.0,0.0,0.812,36.0,21.0,23.0,0.0,0.0,0.0,0.0,0.0,0.0,0.0,0.0,0.0,0.0,0.0,738.99,0.0,832.15,1.58,0.0,0.0,0.0,0.0,183.63,36.0,36.0,36.0,36.0,36.0,36.0,36.0,36.0,36.0,36.0,36.0,28.16,36.0,26.63,23.39,36.0,36.0,36.0,36.0,22.86,0.0,0.0,0.0,0.0,0.0,0.0,0.0,0.0,0.0,0.0,0.0,0.022553,0.0,0.021246,3e-05,0.0,0.0,0.0,0.0,0.003343
2020-01-08 11:15:00,20.77,20.91,21.74,21.16,21.26,20.76,22.2,21.66,21.63,21.95,20.97,23.27,21.35,21.57,22.79,20.67,22.19,21.41,20.35,21.27,-0.35,189.9,1.0,1.0,1.0,1.0,0.0,1.0,1.0,0.0,1.0,1.0,1.0,0.0,0.0,0.0,1.0,1.0,1.0,0.0,1.0,0.0,36.0,21.0,23.0,705.38,972.84,578.77,921.83,0.0,793.85,908.78,0.0,933.5,180.38,769.56,0.0,0.0,0.0,169.44,814.78,974.98,0.0,1087.97,0.0,28.7,28.56,29.82,28.65,36.0,24.7,26.2,36.0,25.31,22.96,25.19,36.0,36.0,36.0,23.77,25.09,26.19,36.0,24.4,36.0,0.023114,0.031288,0.022413,0.030001,0.0,0.0168,0.022187,0.0,0.020884,0.00331,0.017031,0.0,0.0,0.0,0.003314,0.017867,0.023767,0.0,0.022431,0.0
2020-01-08 11:30:00,21.42,21.53,22.34,21.76,21.22,21.12,22.42,21.62,22.03,22.03,21.47,22.86,21.41,21.22,22.86,21.24,22.6,21.5,20.9,21.17,-0.22,192.4,1.0,1.0,1.0,1.0,0.0,1.0,1.0,0.0,1.0,1.0,1.0,0.0,0.0,0.0,1.0,1.0,1.0,0.0,1.0,0.0,36.0,21.0,23.0,727.08,1001.83,590.83,948.45,0.0,703.41,820.32,0.0,842.55,175.75,681.75,0.0,0.0,0.0,165.19,717.52,873.29,0.0,971.98,0.0,28.47,28.34,29.69,28.44,36.0,25.98,27.15,36.0,26.35,23.3,26.42,36.0,36.0,36.0,24.08,26.39,27.21,36.0,25.63,36.0,0.023114,0.031288,0.022413,0.030001,0.0,0.0168,0.022187,0.0,0.020884,0.00331,0.017031,0.0,0.0,0.0,0.003314,0.017867,0.023767,0.0,0.022431,0.0
2020-01-08 11:45:00,21.54,21.64,22.51,21.92,21.19,21.46,22.64,21.59,22.44,22.12,21.94,22.45,21.52,20.82,22.94,21.78,23.03,21.65,21.44,21.07,-0.09,194.9,1.0,1.0,1.0,1.0,0.0,1.0,1.0,0.0,1.0,1.0,1.0,0.0,0.0,0.0,1.0,1.0,1.0,0.0,1.0,0.0,36.0,21.0,23.0,728.98,1005.14,587.79,947.83,0.0,653.12,771.88,0.0,788.78,172.65,632.0,0.0,0.0,0.0,162.38,662.19,815.37,0.0,902.57,0.0,28.45,28.31,29.73,28.44,36.0,26.7,27.68,36.0,26.96,23.52,27.12,36.0,36.0,36.0,24.28,27.13,27.79,36.0,26.37,36.0,0.023114,0.031288,0.022413,0.030001,0.0,0.0168,0.022187,0.0,0.020884,0.00331,0.017031,0.0,0.0,0.0,0.003314,0.017867,0.023767,0.0,0.022431,0.0
2020-01-08 12:00:00,21.53,21.62,22.55,21.93,21.16,21.7,22.82,21.56,22.75,22.2,22.28,22.14,21.57,20.54,23.01,22.12,23.28,21.71,21.79,20.96,0.0,197.4,1.0,1.0,1.0,1.0,0.0,1.0,1.0,0.0,1.0,1.0,1.0,0.0,0.0,0.0,1.0,1.0,1.0,0.0,1.0,0.0,36.0,21.0,23.0,709.15,980.56,569.59,921.28,0.0,622.19,742.89,0.0,753.21,170.42,601.13,0.0,0.0,0.0,160.36,628.03,779.16,0.0,856.75,0.0,28.66,28.5,29.92,28.65,36.0,27.14,27.99,36.0,27.37,23.68,27.56,36.0,36.0,36.0,24.43,27.59,28.16,36.0,26.86,36.0,0.023114,0.031288,0.022413,0.030001,0.0,0.0168,0.022187,0.0,0.020884,0.00331,0.017031,0.0,0.0,0.0,0.003314,0.017867,0.023767,0.0,0.022431,0.0
2020-01-08 12:15:00,20.27,20.37,21.54,20.83,21.12,21.55,22.67,21.53,22.64,22.17,22.11,21.96,21.58,20.74,23.0,21.93,23.1,21.75,21.67,21.0,0.09,199.9,0.0,0.0,0.0,0.0,0.0,0.0,0.0,0.0,0.0,0.0,0.0,0.0,0.0,1.0,0.31,0.0,0.0,0.0,0.0,1.0,36.0,21.0,23.0,0.0,0.0,0.0,0.0,0.0,0.0,0.0,0.0,0.0,0.0,0.0,0.0,0.0,1011.44,50.64,0.0,0.0,0.0,0.0,237.27,36.0,36.0,36.0,36.0,36.0,36.0,36.0,36.0,36.0,36.0,36.0,36.0,36.0,24.61,24.2,36.0,36.0,36.0,36.0,22.21,0.0,0.0,0.0,0.0,0.0,0.0,0.0,0.0,0.0,0.0,0.0,0.0,0.0,0.021246,0.001027,0.0,0.0,0.0,0.0,0.004117
2020-01-08 12:30:00,19.69,19.8,21.06,20.27,21.09,21.21,22.41,21.53,22.3,22.09,21.65,21.73,21.54,21.27,22.96,21.44,22.65,21.66,21.33,21.13,0.19,218.0,0.0,0.0,0.0,0.0,0.0,0.0,0.0,0.0,0.0,0.0,0.0,0.0,0.0,1.0,0.31,0.0,0.0,0.0,0.0,1.0,36.0,21.0,23.0,0.0,0.0,0.0,0.0,0.0,0.0,0.0,0.0,0.0,0.0,0.0,0.0,0.0,903.46,51.45,0.0,0.0,0.0,0.0,229.22,36.0,36.0,36.0,36.0,36.0,36.0,36.0,36.0,36.0,36.0,36.0,36.0,36.0,25.83,24.01,36.0,36.0,36.0,36.0,22.68,0.0,0.0,0.0,0.0,0.0,0.0,0.0,0.0,0.0,0.0,0.0,0.0,0.0,0.021246,0.001027,0.0,0.0,0.0,0.0,0.004117
2020-01-08 12:45:00,19.47,19.56,20.99,20.11,21.08,20.95,22.16,21.58,22.0,22.01,21.23,21.54,21.5,21.83,22.92,20.94,22.18,21.58,20.99,21.27,0.28,236.0,0.0,0.0,0.0,0.0,0.0,0.0,0.0,0.0,0.0,0.0,0.0,0.0,0.0,1.0,0.31,0.0,0.0,0.0,0.0,1.0,36.0,21.0,23.0,0.0,0.0,0.0,0.0,0.0,0.0,0.0,0.0,0.0,0.0,0.0,0.0,0.0,834.75,52.0,0.0,0.0,0.0,0.0,223.78,36.0,36.0,36.0,36.0,36.0,36.0,36.0,36.0,36.0,36.0,36.0,36.0,36.0,26.6,23.88,36.0,36.0,36.0,36.0,23.0,0.0,0.0,0.0,0.0,0.0,0.0,0.0,0.0,0.0,0.0,0.0,0.0,0.0,0.021246,0.001027,0.0,0.0,0.0,0.0,0.004117
2020-01-08 13:00:00,19.33,19.4,20.96,20.02,21.1,20.78,21.97,21.64,21.86,21.93,20.95,21.37,21.47,22.22,22.88,20.61,21.86,21.55,20.79,21.38,0.38,254.0,0.0,0.0,0.0,0.0,0.0,0.0,0.0,0.0,0.0,0.0,0.0,0.0,0.0,1.0,0.31,0.0,0.0,0.0,0.0,1.0,36.0,21.0,23.0,0.0,0.0,0.0,0.0,0.0,0.0,0.0,0.0,0.0,0.0,0.0,0.0,0.0,784.3,52.4,0.0,0.0,0.0,0.0,219.77,36.0,36.0,36.0,36.0,36.0,36.0,36.0,36.0,36.0,36.0,36.0,36.0,36.0,27.17,23.79,36.0,36.0,36.0,36.0,23.23,0.0,0.0,0.0,0.0,0.0,0.0,0.0,0.0,0.0,0.0,0.0,0.0,0.0,0.021246,0.001027,0.0,0.0,0.0,0.0,0.004117
2020-01-08 13:15:00,20.34,20.39,21.88,20.95,21.12,20.89,22.05,21.71,22.14,21.93,21.12,21.48,21.52,22.29,22.89,20.8,21.58,21.59,20.98,21.47,0.48,272.1,1.0,1.0,1.0,1.0,0.0,0.817,1.0,0.0,1.0,1.0,1.0,0.899,0.0,0.0,1.0,1.0,0.0,0.0,0.55,1.0,36.0,21.0,23.0,786.63,1089.87,580.58,960.03,0.0,657.75,935.25,0.0,882.52,180.72,760.12,945.39,0.0,0.0,165.29,805.82,0.0,0.0,599.73,216.68,27.86,27.67,29.8,28.34,36.0,24.53,25.92,36.0,25.89,22.94,25.32,24.85,36.0,36.0,24.07,25.21,36.0,36.0,24.36,23.41,0.023114,0.031288,0.022413,0.030001,0.0,0.013725,0.022187,0.0,0.020884,0.00331,0.017031,0.020285,0.0,0.0,0.003314,0.017867,0.0,0.0,0.012326,0.004117
2020-01-08 13:30:00,21.09,21.11,22.49,21.63,21.14,21.19,22.32,21.75,22.7,22.01,21.58,21.87,21.63,22.14,22.96,21.33,21.29,21.71,21.38,21.56,0.59,267.8,1.0,1.0,1.0,1.0,0.0,0.817,1.0,0.0,1.0,1.0,1.0,0.899,0.0,0.0,1.0,1.0,0.0,0.0,0.55,1.0,36.0,21.0,23.0,806.86,1116.39,591.28,987.14,0.0,597.45,841.02,0.0,780.0,176.07,673.77,845.93,0.0,0.0,162.19,710.16,0.0,0.0,558.13,214.23,27.65,27.46,29.69,28.13,36.0,25.59,26.93,36.0,27.06,23.28,26.54,26.02,36.0,36.0,24.29,26.49,36.0,36.0,25.17,23.55,0.023114,0.031288,0.022413,0.030001,0.0,0.013725,0.022187,0.0,0.020884,0.00331,0.017031,0.020285,0.0,0.0,0.003314,0.017867,0.0,0.0,0.012326,0.004117
2020-01-08 13:45:00,21.22,21.23,22.66,21.76,21.13,21.46,22.55,21.76,23.25,22.1,22.02,22.22,21.76,21.95,23.02,21.82,21.03,21.84,21.79,21.65,0.69,263.5,1.0,1.0,1.0,1.0,0.0,0.817,1.0,0.0,1.0,1.0,1.0,0.899,0.0,0.0,1.0,1.0,0.0,0.0,0.55,1.0,36.0,21.0,23.0,801.31,1109.65,585.7,1010.06,0.0,563.28,789.27,0.0,714.6,172.96,625.62,788.51,0.0,0.0,160.07,656.65,0.0,0.0,528.75,212.16,27.71,27.52,29.75,27.95,36.0,26.18,27.49,36.0,27.81,23.5,27.21,26.7,36.0,36.0,24.45,27.21,36.0,36.0,25.74,23.67,0.023114,0.031288,0.022413,0.030001,0.0,0.013725,0.022187,0.0,0.020884,0.00331,0.017031,0.020285,0.0,0.0,0.003314,0.017867,0.0,0.0,0.012326,0.004117
2020-01-08 14:00:00,21.25,21.27,22.71,21.74,21.13,21.64,22.72,21.78,23.64,22.17,22.31,22.51,21.87,21.84,23.07,22.13,20.83,21.96,22.14,21.73,0.73,259.3,1.0,1.0,1.0,1.0,0.0,0.817,1.0,0.0,1.0,1.0,1.0,0.899,0.0,0.0,1.0,1.0,0.0,0.0,0.55,1.0,36.0,21.0,23.0,803.5,1112.5,587.14,1033.59,0.0,541.82,757.77,0.0,667.56,170.69,595.65,752.02,0.0,0.0,158.5,623.47,0.0,0.0,505.55,210.4,27.68,27.49,29.73,27.76,36.0,26.56,27.83,36.0,28.35,23.66,27.63,27.13,36.0,36.0,24.56,27.65,36.0,36.0,26.19,23.77,0.023114,0.031288,0.022413,0.030001,0.0,0.013725,0.022187,0.0,0.020884,0.00331,0.017031,0.020285,0.0,0.0,0.003314,0.017867,0.0,0.0,0.012326,0.004117
2020-01-08 14:15:00,20.71,20.4,21.9,21.42,21.13,21.54,22.62,21.78,23.68,22.15,22.16,22.41,21.89,21.83,23.05,21.95,20.97,21.99,22.2,21.69,0.76,255.0,0.412,0.167,0.0,1.0,0.0,0.0,0.0,0.0,0.0,0.0,0.0,0.0,0.0,0.0,0.0,0.0,0.736,0.0,0.0,0.0,36.0,21.0,23.0,441.83,282.41,0.0,1043.6,0.0,0.0,0.0,0.0,0.0,0.0,0.0,0.0,0.0,0.0,0.0,0.0,859.73,0.0,0.0,0.0,24.91,23.1,36.0,27.68,36.0,36.0,36.0,36.0,36.0,36.0,36.0,36.0,36.0,36.0,36.0,36.0,24.24,36.0,36.0,36.0,0.009527,0.005238,0.0,0.030001,0.0,0.0,0.0,0.0,0.0,0.0,0.0,0.0,0.0,0.0,0.0,0.0,0.017493,0.0,0.0,0.0
2020-01-08 14:30:00,20.42,20.05,21.53,21.15,21.11,21.27,22.33,21.76,23.57,22.07,21.69,22.02,21.81,21.83,22.96,21.45,21.35,21.89,22.11,21.57,0.79,243.8,0.412,0.167,0.0,1.0,0.0,0.0,0.0,0.0,0.0,0.0,0.0,0.0,0.0,0.0,0.0,0.0,0.736,0.0,0.0,0.0,36.0,21.0,23.0,443.52,283.74,0.0,1052.37,0.0,0.0,0.0,0.0,0.0,0.0,0.0,0.0,0.0,0.0,0.0,0.0,782.28,0.0,0.0,0.0,24.86,23.04,36.0,27.61,36.0,36.0,36.0,36.0,36.0,36.0,36.0,36.0,36.0,36.0,36.0,36.0,25.3,36.0,36.0,36.0,0.009527,0.005238,0.0,0.030001,0.0,0.0,0.0,0.0,0.0,0.0,0.0,0.0,0.0,0.0,0.0,0.0,0.017493,0.0,0.0,0.0
2020-01-08 14:45:00,20.36,19.94,21.38,21.08,21.09,21.02,22.07,21.75,23.4,21.98,21.22,21.69,21.71,21.86,22.87,20.89,21.72,21.77,21.99,21.44,0.82,232.6,0.412,0.167,0.0,1.0,0.0,0.0,0.0,0.0,0.0,0.0,0.0,0.0,0.0,0.0,0.0,0.0,0.736,0.0,0.0,0.0,36.0,21.0,23.0,442.44,285.16,0.0,1042.46,0.0,0.0,0.0,0.0,0.0,0.0,0.0,0.0,0.0,0.0,0.0,0.0,735.92,0.0,0.0,0.0,24.89,22.97,36.0,27.69,36.0,36.0,36.0,36.0,36.0,36.0,36.0,36.0,36.0,36.0,36.0,36.0,25.94,36.0,36.0,36.0,0.009527,0.005238,0.0,0.030001,0.0,0.0,0.0,0.0,0.0,0.0,0.0,0.0,0.0,0.0,0.0,0.0,0.017493,0.0,0.0,0.0
2020-01-08 15:00:00,20.32,19.86,21.23,21.06,21.07,20.8,21.84,21.68,23.16,21.89,20.94,21.43,21.59,21.9,22.78,20.55,22.03,21.63,21.92,21.33,0.79,221.4,0.412,0.167,0.0,1.0,0.0,0.0,0.0,0.0,0.0,0.0,0.0,0.0,0.0,0.0,0.0,0.0,0.736,0.0,0.0,0.0,36.0,21.0,23.0,433.56,284.6,0.0,996.65,0.0,0.0,0.0,0.0,0.0,0.0,0.0,0.0,0.0,0.0,0.0,0.0,706.37,0.0,0.0,0.0,25.11,23.0,36.0,28.05,36.0,36.0,36.0,36.0,36.0,36.0,36.0,36.0,36.0,36.0,36.0,36.0,26.34,36.0,36.0,36.0,0.009527,0.005238,0.0,0.030001,0.0,0.0,0.0,0.0,0.0,0.0,0.0,0.0,0.0,0.0,0.0,0.0,0.017493,0.0,0.0,0.0
2020-01-08 15:15:00,20.85,20.6,21.99,21.3,21.08,20.94,21.95,21.86,22.98,21.91,21.12,21.61,21.5,21.93,22.79,20.76,22.28,21.54,21.91,21.35,0.75,210.2,1.0,1.0,1.0,1.0,0.0,1.0,1.0,1.0,0.0,1.0,1.0,1.0,0.0,0.0,1.0,1.0,1.0,0.0,0.0,1.0,36.0,21.0,23.0,799.29,1126.67,630.42,1012.62,0.0,790.39,954.67,659.49,0.0,181.01,762.82,1006.25,0.0,0.0,169.36,811.09,888.86,0.0,0.0,229.34,27.73,27.39,29.27,27.93,36.0,24.74,25.71,26.13,36.0,22.92,25.28,25.33,36.0,36.0,23.78,25.14,27.05,36.0,36.0,22.67,0.023114,0.031288,0.022413,0.030001,0.0,0.0168,0.022187,0.015987,0.0,0.00331,0.017031,0.022553,0.0,0.0,0.003314,0.017867,0.023767,0.0,0.0,0.004117
2020-01-08 15:30:00,21.19,21.08,22.26,21.63,21.19,21.26,22.2,22.1,22.69,21.99,21.58,22.06,21.48,21.89,22.86,21.29,22.58,21.51,21.81,21.46,0.72,159.3,1.0,1.0,1.0,1.0,0.0,1.0,1.0,1.0,0.0,1.0,1.0,1.0,0.0,0.0,1.0,1.0,1.0,0.0,0.0,1.0,36.0,21.0,23.0,797.97,1138.43,671.35,995.18,0.0,700.22,858.48,584.89,0.0,176.35,677.63,899.37,0.0,0.0,165.14,716.26,841.62,0.0,0.0,222.21,27.74,27.3,28.83,28.06,36.0,26.03,26.74,27.25,36.0,23.26,26.48,26.46,36.0,36.0,24.08,26.41,27.53,36.0,36.0,23.09,0.023114,0.031288,0.022413,0.030001,0.0,0.0168,0.022187,0.015987,0.0,0.00331,0.017031,0.022553,0.0,0.0,0.003314,0.017867,0.023767,0.0,0.0,0.004117
2020-01-08 15:45:00,21.31,21.19,22.19,21.75,21.28,21.56,22.4,22.25,22.38,22.08,22.03,22.5,21.43,21.77,22.93,21.81,22.8,21.5,21.62,21.58,0.68,108.5,1.0,1.0,1.0,1.0,0.0,1.0,1.0,1.0,0.0,1.0,1.0,1.0,0.0,0.0,1.0,1.0,1.0,0.0,0.0,1.0,36.0,21.0,23.0,787.6,1127.07,699.43,976.33,0.0,651.17,805.91,553.14,0.0,173.24,630.41,838.39,0.0,0.0,162.35,663.43,811.56,0.0,0.0,217.46,27.85,27.38,28.53,28.21,36.0,26.73,27.31,27.72,36.0,23.48,27.14,27.11,36.0,36.0,24.28,27.12,27.83,36.0,36.0,23.36,0.023114,0.031288,0.022413,0.030001,0.0,0.0168,0.022187,0.015987,0.0,0.00331,0.017031,0.022553,0.0,0.0,0.003314,0.017867,0.023767,0.0,0.0,0.004117
2020-01-08 16:00:00,21.33,21.21,22.12,21.77,21.32,21.67,22.47,22.27,22.05,22.15,22.26,22.72,21.27,21.51,22.99,22.04,22.9,21.42,21.29,21.68,0.56,57.6,1.0,1.0,1.0,1.0,0.0,1.0,1.0,1.0,0.0,1.0,1.0,1.0,0.0,0.0,1.0,1.0,1.0,0.0,0.0,1.0,36.0,21.0,23.0,781.33,1123.82,707.99,962.74,0.0,621.76,775.07,540.48,0.0,170.96,601.75,800.43,0.0,0.0,160.34,631.36,791.91,0.0,0.0,214.0,27.91,27.41,28.44,28.32,36.0,27.15,27.64,27.91,36.0,23.65,27.55,27.51,36.0,36.0,24.43,27.55,28.03,36.0,36.0,23.56,0.023114,0.031288,0.022413,0.030001,0.0,0.0168,0.022187,0.015987,0.0,0.00331,0.017031,0.022553,0.0,0.0,0.003314,0.017867,0.023767,0.0,0.0,0.004117
2020-01-08 16:15:00,20.75,20.54,20.98,21.48,21.24,21.41,22.22,22.06,21.78,22.13,22.04,22.83,21.04,21.18,22.97,21.79,22.64,21.19,20.89,21.65,0.44,6.7,0.356,0.314,0.0,1.0,0.0,0.0,0.0,0.0,0.0,0.0,0.0,1.0,0.0,0.0,0.0,0.0,0.0,0.0,0.0,0.0,36.0,21.0,23.0,379.07,487.9,0.0,958.73,0.0,0.0,0.0,0.0,0.0,0.0,0.0,776.6,0.0,0.0,0.0,0.0,0.0,0.0,0.0,0.0,24.99,24.11,36.0,28.35,36.0,36.0,36.0,36.0,36.0,36.0,36.0,27.76,36.0,36.0,36.0,36.0,36.0,36.0,36.0,36.0,0.008236,0.009817,0.0,0.030001,0.0,0.0,0.0,0.0,0.0,0.0,0.0,0.022553,0.0,0.0,0.0,0.0,0.0,0.0,0.0,0.0
2020-01-08 16:30:00,20.44,20.22,20.5,21.2,21.09,20.92,21.8,21.69,21.47,22.05,21.48,22.92,20.7,20.82,22.89,21.2,22.1,20.85,20.45,21.54,0.31,5.0,0.356,0.314,0.0,1.0,0.0,0.0,0.0,0.0,0.0,0.0,0.0,1.0,0.0,0.0,0.0,0.0,0.0,0.0,0.0,0.0,36.0,21.0,23.0,378.36,485.72,0.0,960.87,0.0,0.0,0.0,0.0,0.0,0.0,0.0,760.91,0.0,0.0,0.0,0.0,0.0,0.0,0.0,0.0,25.01,24.16,36.0,28.34,36.0,36.0,36.0,36.0,36.0,36.0,36.0,27.93,36.0,36.0,36.0,36.0,36.0,36.0,36.0,36.0,0.008236,0.009817,0.0,0.030001,0.0,0.0,0.0,0.0,0.0,0.0,0.0,0.022553,0.0,0.0,0.0,0.0,0.0,0.0,0.0,0.0
2020-01-08 16:45:00,20.33,20.11,20.26,21.09,20.91,20.46,21.41,21.34,21.19,21.96,20.97,22.99,20.35,20.52,22.8,20.61,21.54,20.51,20.1,21.42,0.19,0.0,0.356,0.314,0.0,1.0,0.0,0.0,0.0,0.0,0.0,0.0,0.0,1.0,0.0,0.0,0.0,0.0,0.0,0.0,0.0,0.0,36.0,21.0,23.0,380.92,487.72,0.0,963.42,0.0,0.0,0.0,0.0,0.0,0.0,0.0,749.89,0.0,0.0,0.0,0.0,0.0,0.0,0.0,0.0,24.94,24.11,36.0,28.32,36.0,36.0,36.0,36.0,36.0,36.0,36.0,28.05,36.0,36.0,36.0,36.0,36.0,36.0,36.0,36.0,0.008236,0.009817,0.0,0.030001,0.0,0.0,0.0,0.0,0.0,0.0,0.0,0.022553,0.0,0.0,0.0,0.0,0.0,0.0,0.0,0.0
2020-01-08 17:00:00,20.24,20.02,20.07,21.0,20.73,20.1,21.09,21.05,20.95,21.88,20.61,23.05,20.05,20.26,22.72,20.19,21.13,20.21,19.81,21.32,0.1,0.0,0.356,0.314,0.0,1.0,0.0,0.0,0.0,0.0,0.0,0.0,0.0,1.0,0.0,0.0,0.0,0.0,0.0,0.0,0.0,0.0,36.0,21.0,23.0,382.53,488.58,0.0,963.95,0.0,0.0,0.0,0.0,0.0,0.0,0.0,741.68,0.0,0.0,0.0,0.0,0.0,0.0,0.0,0.0,24.89,24.09,36.0,28.31,36.0,36.0,36.0,36.0,36.0,36.0,36.0,28.13,36.0,36.0,36.0,36.0,36.0,36.0,36.0,36.0,0.008236,0.009817,0.0,0.030001,0.0,0.0,0.0,0.0,0.0,0.0,0.0,0.022553,0.0,0.0,0.0,0.0,0.0,0.0,0.0,0.0
2020-01-08 17:15:00,20.73,20.58,20.77,21.2,20.72,20.22,21.13,21.1,21.06,21.89,20.72,22.96,20.17,20.38,22.72,20.34,21.23,20.28,19.97,21.28,0.01,0.0,1.0,1.0,1.0,1.0,1.0,1.0,1.0,1.0,1.0,1.0,1.0,0.49,1.0,1.0,1.0,1.0,1.0,1.0,1.0,0.482,36.0,21.0,23.0,784.99,1122.42,754.13,958.97,188.6,804.26,995.81,717.7,1011.01,181.29,783.15,392.83,818.84,1077.43,170.51,834.12,1060.4,872.56,1154.63,113.95,27.88,27.42,27.95,28.35,22.31,24.55,25.26,25.26,24.42,22.9,25.0,27.5,23.86,23.87,23.69,24.83,25.33,23.68,23.69,22.25,0.023114,0.031288,0.022413,0.030001,0.003296,0.0168,0.022187,0.015987,0.020884,0.00331,0.017031,0.011061,0.016137,0.021246,0.003314,0.017867,0.023767,0.016941,0.022431,0.001983
2020-01-08 17:30:00,21.02,20.93,21.24,21.45,20.97,20.64,21.45,21.36,21.44,21.97,21.14,22.78,20.62,20.8,22.79,20.83,21.64,20.73,20.46,21.29,-0.08,0.0,1.0,1.0,1.0,1.0,1.0,1.0,1.0,1.0,1.0,1.0,1.0,0.49,1.0,1.0,1.0,1.0,1.0,1.0,1.0,0.482,36.0,21.0,23.0,790.2,1127.75,778.53,951.93,190.26,716.66,898.23,645.44,903.46,176.62,697.51,414.24,720.96,960.71,166.2,738.33,949.65,761.46,1023.38,112.81,27.82,27.38,27.69,28.41,22.19,25.79,26.31,26.34,25.65,23.24,26.2,27.04,25.31,25.18,24.0,26.11,26.44,25.25,25.09,22.39,0.023114,0.031288,0.022413,0.030001,0.003296,0.0168,0.022187,0.015987,0.020884,0.00331,0.017031,0.011061,0.016137,0.021246,0.003314,0.017867,0.023767,0.016941,0.022431,0.001983
2020-01-08 17:45:00,21.09,21.0,21.24,21.54,21.09,21.08,21.82,21.61,21.82,22.05,21.54,22.61,21.05,21.23,22.86,21.3,22.06,21.17,20.97,21.31,-0.17,0.0,1.0,1.0,1.0,1.0,1.0,1.0,1.0,1.0,1.0,1.0,1.0,0.49,1.0,1.0,1.0,1.0,1.0,1.0,1.0,0.482,36.0,21.0,23.0,785.81,1117.94,779.17,944.49,189.6,667.96,843.31,606.1,841.87,173.5,650.29,427.77,665.77,893.65,163.34,685.06,887.18,698.89,947.62,112.11,27.87,27.45,27.68,28.47,22.24,26.49,26.91,26.93,26.36,23.46,26.87,26.75,26.13,25.94,24.21,26.83,27.07,26.13,25.89,22.47,0.023114,0.031288,0.022413,0.030001,0.003296,0.0168,0.022187,0.015987,0.020884,0.00331,0.017031,0.011061,0.016137,0.021246,0.003314,0.017867,0.023767,0.016941,0.022431,0.001983
2020-01-08 18:00:00,21.06,20.98,21.18,21.53,21.17,21.37,22.06,21.77,22.12,22.13,21.81,22.43,21.36,21.56,22.93,21.6,22.28,21.45,21.32,21.32,-0.24,0.0,1.0,1.0,1.0,1.0,1.0,1.0,1.0,1.0,1.0,1.0,1.0,0.49,1.0,1.0,1.0,1.0,1.0,1.0,1.0,0.482,36.0,21.0,23.0,754.51,1073.31,754.85,908.85,188.28,638.33,809.62,583.16,803.54,171.25,621.79,436.96,631.99,851.56,161.3,652.9,849.02,660.75,900.16,111.65,28.19,27.79,27.94,28.75,22.33,26.91,27.27,27.27,26.79,23.62,27.27,26.55,26.63,26.41,24.36,27.26,27.45,26.67,26.4,22.53,0.023114,0.031288,0.022413,0.030001,0.003296,0.0168,0.022187,0.015987,0.020884,0.00331,0.017031,0.011061,0.016137,0.021246,0.003314,0.017867,0.023767,0.016941,0.022431,0.001983
2020-01-08 18:15:00,20.95,20.77,20.7,21.44,21.03,21.16,22.2,21.56,21.94,22.19,21.58,22.52,21.17,21.38,22.97,21.34,22.43,21.39,21.13,21.39,-0.31,0.0,0.779,0.672,0.393,1.0,0.0,0.0,1.0,0.0,0.0,1.0,0.0,1.0,0.0,0.0,0.837,0.0,1.0,0.0,0.0,1.0,36.0,21.0,23.0,666.23,850.66,405.32,939.66,0.0,0.0,786.91,0.0,0.0,169.49,0.0,831.24,0.0,0.0,134.54,0.0,823.59,0.0,0.0,224.98,27.15,26.32,25.01,28.51,36.0,36.0,27.51,36.0,36.0,23.75,36.0,27.18,36.0,36.0,24.39,36.0,27.71,36.0,36.0,22.93,0.018016,0.021014,0.008819,0.030001,0.0,0.0,0.022187,0.0,0.0,0.00331,0.0,0.022553,0.0,0.0,0.002773,0.0,0.023767,0.0,0.0,0.004117
2020-01-08 18:30:00,20.89,20.7,20.56,21.36,20.88,20.67,22.21,21.19,21.52,22.25,21.06,22.72,20.72,20.93,22.99,20.8,22.56,21.18,20.65,21.5,-0.38,0.0,0.779,0.672,0.393,1.0,0.0,0.0,1.0,0.0,0.0,1.0,0.0,1.0,0.0,0.0,0.837,0.0,1.0,0.0,0.0,1.0,36.0,21.0,23.0,660.67,841.72,399.92,943.63,0.0,0.0,772.23,0.0,0.0,168.1,0.0,789.13,0.0,0.0,134.24,0.0,806.17,0.0,0.0,219.62,27.23,26.42,25.15,28.48,36.0,36.0,27.67,36.0,36.0,23.85,36.0,27.63,36.0,36.0,24.42,36.0,27.89,36.0,36.0,23.24,0.018016,0.021014,0.008819,0.030001,0.0,0.0,0.022187,0.0,0.0,0.00331,0.0,0.022553,0.0,0.0,0.002773,0.0,0.023767,0.0,0.0,0.004117
2020-01-08 18:45:00,20.9,20.72,20.55,21.34,20.7,20.22,22.16,20.88,21.12,22.3,20.61,22.88,20.31,20.51,23.02,20.27,22.66,20.99,20.17,21.6,-0.45,0.0,0.779,0.672,0.393,1.0,0.0,0.0,1.0,0.0,0.0,1.0,0.0,1.0,0.0,0.0,0.837,0.0,1.0,0.0,0.0,1.0,36.0,21.0,23.0,655.4,834.02,396.33,944.3,0.0,0.0,763.14,0.0,0.0,166.96,0.0,764.92,0.0,0.0,133.9,0.0,793.53,0.0,0.0,215.85,27.3,26.51,25.25,28.47,36.0,36.0,27.77,36.0,36.0,23.93,36.0,27.89,36.0,36.0,24.45,36.0,28.01,36.0,36.0,23.46,0.018016,0.021014,0.008819,0.030001,0.0,0.0,0.022187,0.0,0.0,0.00331,0.0,0.022553,0.0,0.0,0.002773,0.0,0.023767,0.0,0.0,0.004117
2020-01-08 19:00:00,20.93,20.75,20.55,21.35,20.56,19.88,22.11,20.61,20.83,22.35,20.27,22.98,19.99,20.21,23.05,19.89,22.74,20.83,19.82,21.69,-0.54,0.0,0.779,0.672,0.393,1.0,0.0,0.0,1.0,0.0,0.0,1.0,0.0,1.0,0.0,0.0,0.837,0.0,1.0,0.0,0.0,1.0,36.0,21.0,23.0,649.59,825.49,392.07,943.78,0.0,0.0,757.18,0.0,0.0,165.97,0.0,749.41,0.0,0.0,133.57,0.0,783.86,0.0,0.0,212.98,27.37,26.6,25.36,28.47,36.0,36.0,27.84,36.0,36.0,24.01,36.0,28.05,36.0,36.0,24.48,36.0,28.11,36.0,36.0,23.62,0.018016,0.021014,0.008819,0.030001,0.0,0.0,0.022187,0.0,0.0,0.00331,0.0,0.022553,0.0,0.0,0.002773,0.0,0.023767,0.0,0.0,0.004117
2020-01-08 19:15:00,21.13,21.07,21.06,21.46,20.72,20.03,22.11,20.75,20.96,22.4,20.45,22.94,20.13,20.36,23.02,20.11,22.81,20.87,20.01,21.77,-0.63,0.0,1.0,1.0,1.0,1.0,1.0,1.0,1.0,1.0,1.0,1.0,1.0,0.6,1.0,1.0,0.18,1.0,1.0,0.588,1.0,1.0,36.0,21.0,23.0,749.67,1054.7,738.02,943.04,185.66,817.6,753.07,745.9,990.8,165.1,801.9,473.7,790.25,1049.29,29.53,851.89,776.13,519.74,1121.92,210.71,28.24,27.94,28.12,28.48,22.52,24.36,27.88,24.84,24.65,24.07,24.74,27.62,24.28,24.18,24.18,24.59,28.19,23.51,24.03,23.76,0.023114,0.031288,0.022413,0.030001,0.003296,0.0168,0.022187,0.015987,0.020884,0.00331,0.017031,0.013524,0.016137,0.021246,0.000598,0.017867,0.023767,0.009959,0.022431,0.004117
2020-01-08 19:30:00,21.27,21.25,21.32,21.61,20.98,20.49,22.18,21.14,21.35,22.45,20.91,22.83,20.57,20.79,22.96,20.66,22.88,21.03,20.53,21.85,-0.72,0.0,1.0,1.0,1.0,1.0,1.0,1.0,1.0,1.0,1.0,1.0,1.0,0.6,1.0,1.0,0.18,1.0,1.0,0.588,1.0,1.0,36.0,21.0,23.0,742.47,1043.56,732.2,936.98,185.36,727.32,749.03,667.51,894.58,164.32,712.57,491.5,704.85,945.07,30.13,751.9,769.72,486.5,1003.94,208.82,28.32,28.02,28.18,28.53,22.54,25.64,27.92,26.01,25.75,24.13,25.99,27.31,25.55,25.36,23.94,25.93,28.25,24.31,25.29,23.87,0.023114,0.031288,0.022413,0.030001,0.003296,0.0168,0.022187,0.015987,0.020884,0.00331,0.017031,0.013524,0.016137,0.021246,0.000598,0.017867,0.023767,0.009959,0.022431,0.004117
2020-01-08 19:45:00,21.34,21.32,21.39,21.68,21.12,20.93,22.28,21.44,21.73,22.49,21.33,22.74,21.01,21.19,22.9,21.14,22.94,21.2,20.99,21.91,-0.81,0.0,1.0,1.0,1.0,1.0,1.0,1.0,1.0,1.0,1.0,1.0,1.0,0.6,1.0,1.0,0.18,1.0,1.0,0.588,1.0,1.0,36.0,21.0,23.0,733.78,1028.73,719.1,933.29,183.76,677.03,744.61,624.2,839.27,163.59,663.12,502.16,656.7,885.07,30.56,696.16,764.25,466.81,935.62,207.22,28.41,28.13,28.32,28.56,22.66,26.36,27.97,26.66,26.39,24.18,26.69,27.12,26.26,26.03,23.77,26.68,28.31,24.79,26.02,23.96,0.023114,0.031288,0.022413,0.030001,0.003296,0.0168,0.022187,0.015987,0.020884,0.00331,0.017031,0.013524,0.016137,0.021246,0.000598,0.017867,0.023767,0.009959,0.022431,0.004117
2020-01-08 20:00:00,21.32,21.32,21.39,21.67,21.22,21.21,22.33,21.62,21.97,22.54,21.6,22.66,21.28,21.45,22.84,21.44,23.0,21.31,21.28,21.99,-0.89,0.0,1.0,1.0,1.0,1.0,1.0,1.0,1.0,1.0,1.0,1.0,1.0,0.6,1.0,1.0,0.18,1.0,1.0,0.588,1.0,1.0,36.0,21.0,23.0,702.99,987.25,689.11,899.11,182.12,646.24,740.33,598.26,804.55,162.93,633.04,509.04,626.86,847.39,30.88,662.29,759.58,454.23,892.75,205.85,28.72,28.45,28.64,28.83,22.78,26.8,28.02,27.05,26.78,24.23,27.11,27.0,26.71,26.46,23.64,27.13,28.35,25.09,26.48,24.04,0.023114,0.031288,0.022413,0.030001,0.003296,0.0168,0.022187,0.015987,0.020884,0.00331,0.017031,0.013524,0.016137,0.021246,0.000598,0.017867,0.023767,0.009959,0.022431,0.004117
2020-01-08 20:15:00,21.34,20.63,20.57,21.47,21.06,21.34,22.37,21.42,22.09,22.58,21.73,22.73,21.14,21.27,22.85,21.6,22.9,21.22,21.07,22.04,-0.96,0.0,1.0,0.234,0.102,1.0,0.0,1.0,1.0,0.0,0.967,1.0,1.0,1.0,0.0,0.0,1.0,1.0,0.55,0.0,0.0,1.0,36.0,21.0,23.0,727.22,344.33,114.73,934.82,0.0,625.54,737.18,0.0,758.69,162.27,612.76,801.93,0.0,0.0,166.84,639.26,449.32,0.0,0.0,204.53,28.47,24.73,23.96,28.55,36.0,27.09,28.05,36.0,27.01,24.27,27.39,27.49,36.0,36.0,23.96,27.44,27.77,36.0,36.0,24.11,0.023114,0.007308,0.00228,0.030001,0.0,0.0168,0.022187,0.0,0.020197,0.00331,0.017031,0.022553,0.0,0.0,0.003314,0.017867,0.013062,0.0,0.0,0.004117
2020-01-08 20:30:00,21.31,20.36,20.3,21.28,20.89,21.36,22.31,21.0,22.2,22.62,21.87,22.89,20.84,20.8,22.92,21.75,22.73,21.04,20.58,22.1,-1.03,0.0,1.0,0.234,0.102,1.0,0.0,1.0,1.0,0.0,0.967,1.0,1.0,1.0,0.0,0.0,1.0,1.0,0.55,0.0,0.0,1.0,36.0,21.0,23.0,725.68,342.31,114.03,938.17,0.0,612.29,734.7,0.0,745.75,161.67,599.55,769.16,0.0,0.0,163.29,624.41,472.73,0.0,0.0,203.37,28.49,24.79,24.03,28.52,36.0,27.28,28.08,36.0,27.17,24.32,27.58,27.84,36.0,36.0,24.21,27.64,27.34,36.0,36.0,24.18,0.023114,0.007308,0.00228,0.030001,0.0,0.0168,0.022187,0.0,0.020197,0.00331,0.017031,0.022553,0.0,0.0,0.003314,0.017867,0.013062,0.0,0.0,0.004117
2020-01-08 20:45:00,21.31,20.28,20.2,21.21,20.74,21.31,22.23,20.63,22.29,22.67,21.98,23.0,20.59,20.34,22.98,21.86,22.57,20.85,20.04,22.17,-1.1,0.0,1.0,0.234,0.102,1.0,0.0,1.0,1.0,0.0,0.967,1.0,1.0,1.0,0.0,0.0,1.0,1.0,0.55,0.0,0.0,1.0,36.0,21.0,23.0,723.18,343.33,114.51,940.36,0.0,603.97,733.75,0.0,735.78,161.09,589.88,750.08,0.0,0.0,160.92,613.61,487.66,0.0,0.0,202.27,28.51,24.76,23.98,28.5,36.0,27.4,28.09,36.0,27.28,24.36,27.71,28.04,36.0,36.0,24.39,27.78,27.07,36.0,36.0,24.25,0.023114,0.007308,0.00228,0.030001,0.0,0.0168,0.022187,0.0,0.020197,0.00331,0.017031,0.022553,0.0,0.0,0.003314,0.017867,0.013062,0.0,0.0,0.004117
2020-01-08 21:00:00,21.31,20.21,20.11,21.16,20.61,21.23,22.15,20.34,22.34,22.71,22.05,23.06,20.39,19.99,23.04,21.93,22.43,20.69,19.64,22.22,-1.19,0.0,1.0,0.234,0.102,1.0,0.0,1.0,1.0,0.0,0.967,1.0,1.0,1.0,0.0,0.0,1.0,1.0,0.55,0.0,0.0,1.0,36.0,21.0,23.0,720.87,343.77,114.79,941.77,0.0,598.62,733.75,0.0,728.12,160.52,582.62,738.09,0.0,0.0,159.18,605.63,498.1,0.0,0.0,201.25,28.54,24.75,23.95,28.49,36.0,27.48,28.09,36.0,27.38,24.4,27.82,28.17,36.0,36.0,24.51,27.89,26.88,36.0,36.0,24.31,0.023114,0.007308,0.00228,0.030001,0.0,0.0168,0.022187,0.0,0.020197,0.00331,0.017031,0.022553,0.0,0.0,0.003314,0.017867,0.013062,0.0,0.0,0.004117
2020-01-08 21:15:00,21.31,20.82,20.77,21.32,20.76,21.23,22.13,20.45,22.38,22.75,22.1,22.96,20.47,20.09,23.03,21.98,22.47,20.76,19.76,22.27,-1.28,0.0,1.0,1.0,1.0,1.0,1.0,1.0,1.0,1.0,1.0,1.0,1.0,0.485,1.0,1.0,0.208,1.0,1.0,0.949,1.0,1.0,36.0,21.0,23.0,718.57,1014.49,709.18,938.79,182.03,595.11,734.24,762.19,743.0,159.98,576.98,386.21,786.55,1057.5,33.96,599.54,850.23,812.52,1127.96,200.28,28.56,28.24,28.43,28.51,22.79,27.53,28.08,24.59,27.49,24.44,27.9,27.55,24.34,24.09,24.22,27.97,27.44,23.9,23.97,24.36,0.023114,0.031288,0.022413,0.030001,0.003296,0.0168,0.022187,0.015987,0.020884,0.00331,0.017031,0.010936,0.016137,0.021246,0.00069,0.017867,0.023767,0.01607,0.022431,0.004117
2020-01-08 21:30:00,21.36,21.16,21.15,21.52,20.99,21.34,22.21,20.81,22.42,22.79,22.15,22.75,20.78,20.48,22.97,22.03,22.62,21.04,20.22,22.33,-1.36,0.0,1.0,1.0,1.0,1.0,1.0,1.0,1.0,1.0,1.0,1.0,1.0,0.485,1.0,1.0,0.208,1.0,1.0,0.949,1.0,1.0,36.0,21.0,23.0,715.44,1020.21,717.77,934.55,182.24,591.43,733.81,682.5,735.59,159.46,572.46,407.58,702.04,954.8,34.65,594.81,811.77,719.37,1012.3,199.36,28.59,28.2,28.34,28.55,22.77,27.58,28.09,25.79,27.57,24.48,27.96,27.08,25.59,25.25,23.98,28.04,27.83,25.29,25.2,24.41,0.023114,0.031288,0.022413,0.030001,0.003296,0.0168,0.022187,0.015987,0.020884,0.00331,0.017031,0.010936,0.016137,0.021246,0.00069,0.017867,0.023767,0.01607,0.022431,0.004117
2020-01-08 21:45:00,21.39,21.21,21.18,21.57,21.14,21.5,22.32,21.14,22.45,22.83,22.19,22.54,21.06,20.86,22.91,22.07,22.73,21.29,20.67,22.39,-1.45,0.0,1.0,1.0,1.0,1.0,1.0,1.0,1.0,1.0,1.0,1.0,1.0,0.485,1.0,1.0,0.208,1.0,1.0,0.949,1.0,1.0,36.0,21.0,23.0,713.91,1012.8,712.49,931.44,181.27,587.07,731.91,638.51,730.16,158.95,568.73,421.53,655.66,896.21,35.13,590.94,790.16,667.57,945.92,198.48,28.61,28.26,28.39,28.57,22.84,27.64,28.11,26.45,27.64,24.51,28.01,26.78,26.28,25.91,23.81,28.09,28.05,26.06,25.91,24.47,0.023114,0.031288,0.022413,0.030001,0.003296,0.0168,0.022187,0.015987,0.020884,0.00331,0.017031,0.010936,0.016137,0.021246,0.00069,0.017867,0.023767,0.01607,0.022431,0.004117
2020-01-08 22:00:00,21.34,21.17,21.17,21.56,21.25,21.59,22.33,21.37,22.54,22.87,22.24,22.3,21.25,21.18,22.85,22.11,22.74,21.49,21.02,22.44,-1.52,0.0,1.0,1.0,1.0,1.0,1.0,1.0,1.0,1.0,1.0,1.0,1.0,0.485,1.0,1.0,0.208,1.0,1.0,0.949,1.0,1.0,36.0,21.0,23.0,685.67,974.63,684.47,898.68,179.84,582.87,729.63,611.86,725.66,158.47,565.58,431.41,627.77,859.5,35.5,587.72,777.43,636.35,904.3,197.66,28.9,28.55,28.69,28.83,22.95,27.7,28.13,26.84,27.69,24.55,28.06,26.56,26.69,26.32,23.69,28.13,28.17,26.53,26.36,24.51,0.023114,0.031288,0.022413,0.030001,0.003296,0.0168,0.022187,0.015987,0.020884,0.00331,0.017031,0.010936,0.016137,0.021246,0.00069,0.017867,0.023767,0.01607,0.022431,0.004117
2020-01-08 22:15:00,20.77,20.63,20.77,21.39,21.04,21.39,22.4,21.15,22.29,22.83,21.94,22.36,21.05,20.99,22.87,21.78,22.78,21.33,20.87,22.38,-1.59,0.0,0.319,0.355,0.452,1.0,0.0,0.0,1.0,0.0,0.0,0.0,0.0,1.0,0.0,0.0,1.0,0.0,1.0,0.0,0.121,0.0,36.0,21.0,23.0,316.83,483.0,412.42,933.47,0.0,0.0,729.15,0.0,0.0,0.0,0.0,831.46,0.0,0.0,166.35,0.0,769.89,0.0,123.13,0.0,25.72,25.61,26.26,28.56,36.0,36.0,28.14,36.0,36.0,36.0,36.0,27.18,36.0,36.0,23.99,36.0,28.25,36.0,25.13,36.0,0.00737,0.011117,0.010133,0.030001,0.0,0.0,0.022187,0.0,0.0,0.0,0.0,0.022553,0.0,0.0,0.003314,0.0,0.023767,0.0,0.002711,0.0
2020-01-08 22:30:00,20.53,20.41,20.58,21.19,20.87,20.88,22.3,20.71,21.81,22.74,21.37,22.53,20.59,20.55,22.93,21.17,22.82,21.09,20.48,22.25,-1.66,0.0,0.319,0.355,0.452,1.0,0.0,0.0,1.0,0.0,0.0,0.0,0.0,1.0,0.0,0.0,1.0,0.0,1.0,0.0,0.121,0.0,36.0,21.0,23.0,316.52,482.1,411.76,939.66,0.0,0.0,728.84,0.0,0.0,0.0,0.0,790.55,0.0,0.0,162.91,0.0,764.55,0.0,134.58,0.0,25.73,25.63,26.28,28.51,36.0,36.0,28.14,36.0,36.0,36.0,36.0,27.61,36.0,36.0,24.24,36.0,28.3,36.0,24.12,36.0,0.00737,0.011117,0.010133,0.030001,0.0,0.0,0.022187,0.0,0.0,0.0,0.0,0.022553,0.0,0.0,0.003314,0.0,0.023767,0.0,0.002711,0.0
2020-01-08 22:45:00,20.46,20.36,20.54,21.14,20.71,20.38,22.2,20.36,21.33,22.64,20.85,22.68,20.1,20.09,23.0,20.58,22.84,20.86,20.09,22.12,-1.74,0.0,0.319,0.355,0.452,1.0,0.0,0.0,1.0,0.0,0.0,0.0,0.0,1.0,0.0,0.0,1.0,0.0,1.0,0.0,0.121,0.0,36.0,21.0,23.0,317.93,483.6,412.72,941.1,0.0,0.0,729.32,0.0,0.0,0.0,0.0,767.77,0.0,0.0,160.62,0.0,760.75,0.0,142.49,0.0,25.68,25.59,26.26,28.5,36.0,36.0,28.14,36.0,36.0,36.0,36.0,27.86,36.0,36.0,24.41,36.0,28.34,36.0,23.43,36.0,0.00737,0.011117,0.010133,0.030001,0.0,0.0,0.022187,0.0,0.0,0.0,0.0,0.022553,0.0,0.0,0.003314,0.0,0.023767,0.0,0.002711,0.0
2020-01-08 23:00:00,20.39,20.3,20.49,21.09,20.55,19.98,22.09,20.09,20.96,22.56,20.45,22.76,19.73,19.75,23.05,20.12,22.85,20.66,19.74,22.0,-1.84,0.0,0.319,0.355,0.452,1.0,0.0,0.0,1.0,0.0,0.0,0.0,0.0,1.0,0.0,0.0,1.0,0.0,1.0,0.0,0.121,0.0,36.0,21.0,23.0,318.95,484.7,413.42,942.71,0.0,0.0,730.88,0.0,0.0,0.0,0.0,753.66,0.0,0.0,158.92,0.0,758.05,0.0,148.56,0.0,25.65,25.57,26.24,28.48,36.0,36.0,28.12,36.0,36.0,36.0,36.0,28.01,36.0,36.0,24.53,36.0,28.37,36.0,22.89,36.0,0.00737,0.011117,0.010133,0.030001,0.0,0.0,0.022187,0.0,0.0,0.0,0.0,0.022553,0.0,0.0,0.003314,0.0,0.023767,0.0,0.002711,0.0
2020-01-08 23:15:00,20.9,20.82,20.89,21.23,20.7,20.04,22.06,20.2,21.04,22.55,20.56,22.8,19.8,19.88,23.03,20.26,22.82,20.73,19.9,22.01,-1.95,0.0,1.0,1.0,1.0,1.0,1.0,1.0,1.0,1.0,1.0,1.0,1.0,1.0,1.0,1.0,0.035,1.0,0.924,1.0,1.0,1.0,36.0,21.0,23.0,716.52,1010.49,709.66,944.42,180.98,794.64,732.96,778.04,960.28,171.51,777.95,744.8,800.1,1072.34,5.75,823.53,707.76,831.73,1088.35,217.87,28.58,28.27,28.43,28.47,22.86,24.68,28.1,24.36,25.0,23.61,25.07,28.1,24.14,23.93,24.15,24.97,28.29,24.25,24.39,23.34,0.023114,0.031288,0.022413,0.030001,0.003296,0.0168,0.022187,0.015987,0.020884,0.00331,0.017031,0.022553,0.016137,0.021246,0.000116,0.017867,0.021956,0.016941,0.022431,0.004117
2020-01-08 23:30:00,21.15,21.07,21.1,21.4,20.92,20.4,22.12,20.56,21.35,22.62,20.93,22.82,20.17,20.28,22.95,20.7,22.78,21.0,20.33,22.1,-2.06,0.0,1.0,1.0,1.0,1.0,1.0,1.0,1.0,1.0,1.0,1.0,1.0,1.0,1.0,1.0,0.035,1.0,0.924,1.0,1.0,1.0,36.0,21.0,23.0,721.71,1015.32,712.15,937.66,181.32,711.61,733.73,696.24,873.24,167.42,695.84,738.99,715.99,967.74,5.9,732.33,713.04,736.55,989.35,211.41,28.53,28.24,28.4,28.52,22.84,25.87,28.09,25.58,26.0,23.9,26.23,28.16,25.38,25.1,23.83,26.19,28.23,25.6,25.45,23.71,0.023114,0.031288,0.022413,0.030001,0.003296,0.0168,0.022187,0.015987,0.020884,0.00331,0.017031,0.022553,0.016137,0.021246,0.000116,0.017867,0.021956,0.016941,0.022431,0.004117
2020-01-08 23:45:00,21.15,21.08,21.11,21.44,21.1,20.77,22.21,20.88,21.66,22.69,21.28,22.84,20.55,20.67,22.87,21.1,22.74,21.24,20.7,22.2,-2.16,0.0,1.0,1.0,1.0,1.0,1.0,1.0,1.0,1.0,1.0,1.0,1.0,1.0,1.0,1.0,0.035,1.0,0.924,1.0,1.0,1.0,36.0,21.0,23.0,719.18,1011.0,709.65,935.01,180.38,666.61,732.93,651.34,824.68,164.74,651.58,735.06,669.4,908.19,6.01,682.95,716.19,684.74,932.3,207.19,28.56,28.27,28.43,28.54,22.91,26.51,28.1,26.25,26.55,24.1,26.85,28.2,26.08,25.77,23.61,26.86,28.2,26.33,26.06,23.96,0.023114,0.031288,0.022413,0.030001,0.003296,0.0168,0.022187,0.015987,0.020884,0.00331,0.017031,0.022553,0.016137,0.021246,0.000116,0.017867,0.021956,0.016941,0.022431,0.004117
2020-01-09 00:00:00,21.1,21.07,21.12,21.42,21.21,20.98,22.27,21.14,21.88,22.75,21.44,22.88,20.88,20.95,22.78,21.27,22.74,21.48,20.96,22.28,-2.22,0.0,1.0,1.0,1.0,1.0,1.0,1.0,1.0,1.0,1.0,1.0,1.0,1.0,1.0,1.0,0.035,1.0,0.924,1.0,1.0,1.0,36.0,21.0,23.0,691.81,973.52,682.01,902.93,178.94,639.81,731.33,624.07,794.78,162.84,625.43,732.05,640.63,870.99,6.1,653.88,717.95,653.61,896.68,204.21,28.84,28.56,28.72,28.8,23.01,26.89,28.11,26.66,26.9,24.23,27.21,28.23,26.5,26.19,23.43,27.24,28.18,26.77,26.44,24.13,0.023114,0.031288,0.022413,0.030001,0.003296,0.0168,0.022187,0.015987,0.020884,0.00331,0.017031,0.022553,0.016137,0.021246,0.000116,0.017867,0.021956,0.016941,0.022431,0.004117
2020-01-09 00:15:00,20.91,20.79,20.89,21.37,21.02,21.06,22.36,20.93,21.66,22.72,21.36,22.88,20.95,20.88,22.79,21.28,22.78,21.32,20.86,22.24,-2.28,0.0,0.682,0.599,0.648,1.0,0.0,0.612,1.0,0.0,0.0,0.0,0.415,0.869,0.721,0.334,1.0,0.648,1.0,0.0,0.323,0.0,36.0,21.0,23.0,563.88,717.69,533.7,934.03,0.0,408.16,730.25,0.0,0.0,0.0,281.67,647.61,469.32,314.07,169.01,440.09,768.05,0.0,316.2,0.0,27.44,26.85,27.21,28.55,36.0,26.5,28.13,36.0,36.0,36.0,26.48,28.1,26.35,25.4,23.8,26.91,28.27,36.0,25.57,36.0,0.015767,0.018757,0.014527,0.030001,0.0,0.010282,0.022187,0.0,0.0,0.0,0.007076,0.019607,0.011639,0.007089,0.003314,0.011579,0.023767,0.0,0.007251,0.0
2020-01-09 00:30:00,20.82,20.7,20.81,21.29,20.85,21.01,22.29,20.52,21.21,22.63,21.15,22.87,20.97,20.67,22.86,21.21,22.83,21.09,20.61,22.12,-2.34,0.0,0.682,0.599,0.648,1.0,0.0,0.612,1.0,0.0,0.0,0.0,0.415,0.869,0.721,0.334,1.0,0.648,1.0,0.0,0.323,0.0,36.0,21.0,23.0,563.32,716.45,532.91,937.84,0.0,420.1,729.57,0.0,0.0,0.0,298.32,654.96,474.7,332.52,164.91,452.15,761.13,0.0,337.04,0.0,27.45,26.86,27.22,28.52,36.0,26.23,28.13,36.0,36.0,36.0,25.91,28.01,26.24,24.78,24.1,26.66,28.34,36.0,24.88,36.0,0.015767,0.018757,0.014527,0.030001,0.0,0.010282,0.022187,0.0,0.0,0.0,0.007076,0.019607,0.011639,0.007089,0.003314,0.011579,0.023767,0.0,0.007251,0.0
2020-01-09 00:45:00,20.82,20.7,20.8,21.28,20.67,20.97,22.2,20.21,20.8,22.55,20.97,22.87,20.97,20.47,22.93,21.16,22.89,20.86,20.38,22.0,-2.4,0.0,0.682,0.599,0.648,1.0,0.0,0.612,1.0,0.0,0.0,0.0,0.415,0.869,0.721,0.334,1.0,0.648,1.0,0.0,0.323,0.0,36.0,21.0,23.0,563.65,716.8,533.16,938.8,0.0,426.54,730.11,0.0,0.0,0.0,308.71,658.63,476.59,344.27,162.19,458.64,756.54,0.0,350.56,0.0,27.45,26.86,27.22,28.51,36.0,26.08,28.13,36.0,36.0,36.0,25.56,27.96,26.2,24.38,24.29,26.52,28.38,36.0,24.43,36.0,0.015767,0.018757,0.014527,0.030001,0.0,0.010282,0.022187,0.0,0.0,0.0,0.007076,0.019607,0.011639,0.007089,0.003314,0.011579,0.023767,0.0,0.007251,0.0
2020-01-09 01:00:00,20.77,20.66,20.76,21.24,20.55,20.9,22.15,19.93,20.45,22.45,20.79,22.83,20.97,20.28,23.0,21.09,22.89,20.63,20.16,21.88,-2.49,0.0,0.682,0.599,0.648,1.0,0.0,0.612,1.0,0.0,0.0,0.0,0.415,0.869,0.721,0.334,1.0,0.648,1.0,0.0,0.323,0.0,36.0,21.0,23.0,549.28,702.16,520.56,907.71,0.0,430.35,731.43,0.0,0.0,0.0,315.72,660.58,477.03,352.35,160.24,462.47,753.35,0.0,360.0,0.0,27.67,27.04,27.43,28.76,36.0,25.99,28.11,36.0,36.0,36.0,25.33,27.94,26.19,24.11,24.43,26.44,28.42,36.0,24.12,36.0,0.015767,0.018757,0.014527,0.030001,0.0,0.010282,0.022187,0.0,0.0,0.0,0.007076,0.019607,0.011639,0.007089,0.003314,0.011579,0.023767,0.0,0.007251,0.0
2020-01-09 01:15:00,20.96,20.93,20.98,21.19,20.59,21.01,21.98,20.11,20.59,22.46,20.94,22.84,20.89,20.46,23.02,21.19,22.84,20.86,20.35,21.9,-2.58,0.0,1.0,1.0,1.0,1.0,1.0,1.0,1.0,1.0,1.0,1.0,1.0,0.985,0.538,1.0,0.59,1.0,0.857,1.0,1.0,1.0,36.0,21.0,23.0,695.93,977.84,684.08,908.67,180.28,660.67,731.61,789.3,1002.82,173.48,694.85,736.51,367.34,965.28,95.31,672.51,659.83,827.53,1013.14,220.87,28.8,28.52,28.7,28.75,22.91,26.59,28.11,24.19,24.51,23.46,26.24,28.07,25.88,25.13,24.34,27.0,28.25,24.31,25.19,23.16,0.023114,0.031288,0.022413,0.030001,0.003296,0.0168,0.022187,0.015987,0.020884,0.00331,0.017031,0.02222,0.008681,0.021246,0.001956,0.017867,0.020367,0.016941,0.022431,0.004117
2020-01-09 01:30:00,21.07,21.04,21.05,21.37,20.86,21.15,22.14,20.4,20.93,22.53,21.25,22.86,20.82,20.74,23.01,21.42,22.78,20.97,20.65,21.99,-2.67,0.0,1.0,1.0,1.0,1.0,1.0,1.0,1.0,1.0,1.0,1.0,1.0,0.985,0.538,1.0,0.59,1.0,0.857,1.0,1.0,1.0,36.0,21.0,23.0,725.51,1017.46,713.6,939.71,182.47,630.86,733.53,705.6,907.85,169.13,649.27,728.24,376.05,900.13,95.92,643.24,670.47,733.28,940.92,214.02,28.49,28.22,28.38,28.51,22.75,27.02,28.09,25.44,25.6,23.78,26.88,28.16,25.64,25.86,24.27,27.39,28.12,25.65,25.96,23.56,0.023114,0.031288,0.022413,0.030001,0.003296,0.0168,0.022187,0.015987,0.020884,0.00331,0.017031,0.02222,0.008681,0.021246,0.001956,0.017867,0.020367,0.016941,0.022431,0.004117
2020-01-09 01:45:00,21.1,21.07,21.09,21.39,21.02,21.22,22.21,20.75,21.3,22.61,21.47,22.88,20.8,20.99,23.0,21.57,22.71,21.23,20.92,22.1,-2.75,0.0,1.0,1.0,1.0,1.0,1.0,1.0,1.0,1.0,1.0,1.0,1.0,0.985,0.538,1.0,0.59,1.0,0.857,1.0,1.0,1.0,36.0,21.0,23.0,726.52,1019.25,714.91,938.95,182.38,614.25,733.14,659.38,853.98,166.25,623.14,723.55,381.19,862.05,96.27,625.83,676.98,682.16,898.91,209.51,28.48,28.21,28.37,28.51,22.76,27.25,28.09,26.13,26.22,23.99,27.25,28.21,25.5,26.29,24.23,27.62,28.05,26.37,26.41,23.83,0.023114,0.031288,0.022413,0.030001,0.003296,0.0168,0.022187,0.015987,0.020884,0.00331,0.017031,0.02222,0.008681,0.021246,0.001956,0.017867,0.020367,0.016941,0.022431,0.004117
2020-01-09 02:00:00,21.05,21.03,21.04,21.36,21.12,21.29,22.25,20.96,21.54,22.68,21.62,22.9,20.77,21.18,23.0,21.68,22.66,21.41,21.11,22.19,-2.84,0.0,1.0,1.0,1.0,1.0,1.0,1.0,1.0,1.0,1.0,1.0,1.0,0.985,0.538,1.0,0.59,1.0,0.857,1.0,1.0,1.0,36.0,21.0,23.0,701.09,986.54,690.67,907.61,181.76,604.09,731.63,631.68,820.53,164.2,607.29,720.56,384.39,837.93,96.5,614.96,681.17,652.07,872.6,206.29,28.74,28.46,28.63,28.76,22.81,27.4,28.11,26.55,26.6,24.13,27.47,28.24,25.41,26.56,24.2,27.77,28.0,26.79,26.69,24.01,0.023114,0.031288,0.022413,0.030001,0.003296,0.0168,0.022187,0.015987,0.020884,0.00331,0.017031,0.02222,0.008681,0.021246,0.001956,0.017867,0.020367,0.016941,0.022431,0.004117
2020-01-09 02:15:00,20.96,20.76,20.88,21.3,20.92,21.04,22.3,20.94,21.32,22.65,21.71,22.87,20.87,20.94,23.01,21.35,22.68,21.24,20.84,22.14,-2.92,0.0,0.836,0.654,0.756,1.0,0.0,0.0,1.0,0.632,0.0,0.0,1.0,0.854,1.0,0.0,0.693,0.037,1.0,0.0,0.01,0.0,36.0,21.0,23.0,655.23,778.88,603.56,940.11,0.0,0.0,730.97,412.45,0.0,0.0,596.31,636.59,663.76,0.0,113.04,27.29,779.47,0.0,10.11,0.0,27.89,26.9,27.48,28.5,36.0,36.0,28.12,26.24,36.0,36.0,27.62,28.1,26.16,36.0,24.23,26.15,28.15,36.0,25.17,36.0,0.019318,0.020471,0.01694,0.030001,0.0,0.0,0.022187,0.010105,0.0,0.0,0.017031,0.019268,0.016137,0.0,0.002298,0.000663,0.023767,0.0,0.000223,0.0
2020-01-09 02:30:00,20.89,20.66,20.8,21.23,20.81,20.64,22.2,20.85,20.86,22.56,21.8,22.82,20.93,20.44,23.02,20.75,22.73,20.97,20.31,22.02,-3.01,0.0,0.836,0.654,0.756,1.0,0.0,0.0,1.0,0.632,0.0,0.0,1.0,0.854,1.0,0.0,0.693,0.037,1.0,0.0,0.01,0.0,36.0,21.0,23.0,658.22,782.69,606.25,944.26,0.0,0.0,731.09,422.62,0.0,0.0,588.75,644.89,629.83,0.0,112.75,30.99,768.66,0.0,11.31,0.0,27.85,26.85,27.44,28.47,36.0,36.0,28.12,25.99,36.0,36.0,27.73,27.99,26.66,36.0,24.26,24.81,28.26,36.0,23.89,36.0,0.019318,0.020471,0.01694,0.030001,0.0,0.0,0.022187,0.010105,0.0,0.0,0.017031,0.019268,0.016137,0.0,0.002298,0.000663,0.023767,0.0,0.000223,0.0
2020-01-09 02:45:00,20.84,20.62,20.79,21.2,20.74,20.32,22.09,20.83,20.43,22.48,21.79,22.78,20.95,19.97,23.03,20.14,22.76,20.76,19.79,21.91,-3.1,0.0,0.836,0.654,0.756,1.0,0.0,0.0,1.0,0.632,0.0,0.0,1.0,0.854,1.0,0.0,0.693,0.037,1.0,0.0,0.01,0.0,36.0,21.0,23.0,662.13,787.89,608.91,946.27,0.0,0.0,732.63,427.8,0.0,0.0,583.67,649.82,610.86,0.0,112.54,33.7,762.62,0.0,12.18,0.0,27.8,26.79,27.4,28.45,36.0,36.0,28.1,25.87,36.0,36.0,27.8,27.93,26.94,36.0,24.28,23.83,28.32,36.0,22.96,36.0,0.019318,0.020471,0.01694,0.030001,0.0,0.0,0.022187,0.010105,0.0,0.0,0.017031,0.019268,0.016137,0.0,0.002298,0.000663,0.023767,0.0,0.000223,0.0
2020-01-09 03:00:00,20.83,20.59,20.77,21.18,20.69,20.12,21.99,20.79,20.11,22.4,21.84,22.75,20.9,19.63,23.04,19.73,22.78,20.56,19.4,21.8,-3.15,0.0,0.836,0.654,0.756,1.0,0.0,0.0,1.0,0.632,0.0,0.0,1.0,0.854,1.0,0.0,0.693,0.037,1.0,0.0,0.01,0.0,36.0,21.0,23.0,661.68,789.02,608.92,946.75,0.0,0.0,734.49,430.63,0.0,0.0,580.04,653.04,599.93,0.0,112.37,35.85,758.82,0.0,12.86,0.0,27.81,26.78,27.4,28.45,36.0,36.0,28.08,25.81,36.0,36.0,27.85,27.89,27.11,36.0,24.3,23.06,28.36,36.0,22.23,36.0,0.019318,0.020471,0.01694,0.030001,0.0,0.0,0.022187,0.010105,0.0,0.0,0.017031,0.019268,0.016137,0.0,0.002298,0.000663,0.023767,0.0,0.000223,0.0
2020-01-09 03:15:00,20.9,20.82,20.9,21.14,20.88,20.22,21.96,20.9,20.24,22.31,21.88,22.78,20.92,19.78,23.02,19.89,22.8,20.65,19.56,21.69,-3.21,0.0,1.0,1.0,1.0,1.0,1.0,1.0,1.0,1.0,1.0,0.0,1.0,1.0,1.0,1.0,0.277,1.0,1.0,1.0,1.0,0.0,36.0,21.0,23.0,710.35,1006.24,700.11,915.24,184.53,805.46,736.55,642.6,1028.86,0.0,576.9,748.94,593.54,1071.96,45.65,835.62,756.24,830.34,1131.44,0.0,28.65,28.31,28.53,28.7,22.61,24.53,28.06,26.38,24.21,36.0,27.9,28.06,27.2,23.93,24.11,24.81,28.39,24.27,23.93,36.0,0.023114,0.031288,0.022413,0.030001,0.003296,0.0168,0.022187,0.015987,0.020884,0.0,0.017031,0.022553,0.016137,0.021246,0.000919,0.017867,0.023767,0.016941,0.022431,0.0
2020-01-09 03:30:00,20.96,20.92,20.98,21.27,21.07,20.55,22.04,21.11,20.6,22.25,21.92,22.83,21.05,20.16,22.98,20.31,22.82,20.93,19.99,21.61,-3.26,0.0,1.0,1.0,1.0,1.0,1.0,1.0,1.0,1.0,1.0,0.0,1.0,1.0,1.0,1.0,0.277,1.0,1.0,1.0,1.0,0.0,36.0,21.0,23.0,736.77,1042.22,725.84,945.06,186.48,719.16,737.23,615.13,930.49,0.0,574.17,738.22,587.97,968.71,46.26,745.71,754.5,736.29,1018.0,0.0,28.37,28.03,28.25,28.46,22.46,25.76,28.05,26.79,25.34,36.0,27.93,28.17,27.28,25.09,23.95,26.02,28.41,25.6,25.14,36.0,0.023114,0.031288,0.022413,0.030001,0.003296,0.0168,0.022187,0.015987,0.020884,0.0,0.017031,0.022553,0.016137,0.021246,0.000919,0.017867,0.023767,0.016941,0.022431,0.0
2020-01-09 03:45:00,21.01,20.96,21.02,21.3,21.13,20.86,22.16,21.26,21.0,22.18,21.96,22.87,21.24,20.57,22.94,20.75,22.83,21.2,20.46,21.52,-3.32,0.0,1.0,1.0,1.0,1.0,1.0,1.0,1.0,1.0,1.0,0.0,1.0,1.0,1.0,1.0,0.277,1.0,1.0,1.0,1.0,0.0,36.0,21.0,23.0,734.88,1039.97,724.12,943.69,186.17,672.43,735.96,598.51,874.42,0.0,571.71,731.93,582.4,910.02,46.7,696.6,753.07,684.71,953.33,0.0,28.39,28.05,28.27,28.47,22.49,26.42,28.06,27.04,25.98,36.0,27.97,28.24,27.37,25.75,23.84,26.67,28.42,26.33,25.83,36.0,0.023114,0.031288,0.022413,0.030001,0.003296,0.0168,0.022187,0.015987,0.020884,0.0,0.017031,0.022553,0.016137,0.021246,0.000919,0.017867,0.023767,0.016941,0.022431,0.0
2020-01-09 04:00:00,20.97,20.94,20.99,21.28,21.18,21.08,22.22,21.36,21.26,22.11,22.01,22.92,21.35,20.84,22.89,21.01,22.85,21.4,20.73,21.42,-3.36,0.0,1.0,1.0,1.0,1.0,1.0,1.0,1.0,1.0,1.0,0.0,1.0,1.0,1.0,1.0,0.277,1.0,1.0,1.0,1.0,0.0,36.0,21.0,23.0,705.73,1002.36,696.45,911.12,185.3,644.76,733.93,587.91,839.39,0.0,569.5,727.81,577.5,873.46,47.03,667.19,751.86,654.08,913.05,0.0,28.7,28.34,28.57,28.73,22.55,26.82,28.09,27.2,26.38,36.0,28.0,28.28,27.44,26.16,23.75,27.07,28.43,26.76,26.26,36.0,0.023114,0.031288,0.022413,0.030001,0.003296,0.0168,0.022187,0.015987,0.020884,0.0,0.017031,0.022553,0.016137,0.021246,0.000919,0.017867,0.023767,0.016941,0.022431,0.0
2020-01-09 04:15:00,20.95,20.84,20.95,21.27,20.93,20.95,22.29,21.1,21.06,22.05,21.67,22.9,21.17,20.88,22.84,20.98,22.52,21.24,20.86,21.35,-3.39,0.0,0.912,0.818,0.892,1.0,0.0,0.267,1.0,0.0,0.0,0.0,0.0,0.822,0.0,0.624,0.0,0.54,0.0,0.0,0.844,0.0,36.0,21.0,23.0,692.34,915.0,673.33,942.26,0.0,191.24,732.77,0.0,0.0,0.0,0.0,613.32,0.0,561.39,0.0,381.77,0.0,0.0,766.11,0.0,28.14,27.45,27.95,28.49,36.0,25.8,28.1,36.0,36.0,36.0,36.0,28.08,36.0,25.87,36.0,26.54,36.0,36.0,26.31,36.0,0.021082,0.025593,0.020002,0.030001,0.0,0.004485,0.022187,0.0,0.0,0.0,0.0,0.018536,0.0,0.013252,0.0,0.009655,0.0,0.0,0.018922,0.0
2020-01-09 04:30:00,20.95,20.82,20.95,21.26,20.75,20.63,22.2,20.65,20.65,22.0,21.13,22.85,20.72,20.85,22.77,20.86,21.98,21.0,20.93,21.28,-3.43,0.0,0.912,0.818,0.892,1.0,0.0,0.267,1.0,0.0,0.0,0.0,0.0,0.822,0.0,0.624,0.0,0.54,0.0,0.0,0.844,0.0,36.0,21.0,23.0,691.15,914.35,672.53,943.27,0.0,206.43,732.79,0.0,0.0,0.0,0.0,623.95,0.0,573.93,0.0,397.86,0.0,0.0,763.36,0.0,28.16,27.45,27.96,28.48,36.0,24.99,28.1,36.0,36.0,36.0,36.0,27.95,36.0,25.64,36.0,26.14,36.0,36.0,26.35,36.0,0.021082,0.025593,0.020002,0.030001,0.0,0.004485,0.022187,0.0,0.0,0.0,0.0,0.018536,0.0,0.013252,0.0,0.009655,0.0,0.0,0.018922,0.0
2020-01-09 04:45:00,20.96,20.82,20.95,21.26,20.54,20.28,22.1,20.25,20.21,21.93,20.62,22.81,20.26,20.81,22.69,20.74,21.44,20.77,20.99,21.19,-3.47,0.0,0.912,0.818,0.892,1.0,0.0,0.267,1.0,0.0,0.0,0.0,0.0,0.822,0.0,0.624,0.0,0.54,0.0,0.0,0.844,0.0,36.0,21.0,23.0,690.17,912.57,671.24,942.99,0.0,216.42,733.13,0.0,0.0,0.0,0.0,630.06,0.0,580.43,0.0,407.23,0.0,0.0,759.46,0.0,28.17,27.47,27.97,28.48,36.0,24.46,28.09,36.0,36.0,36.0,36.0,27.87,36.0,25.52,36.0,25.91,36.0,36.0,26.4,36.0,0.021082,0.025593,0.020002,0.030001,0.0,0.004485,0.022187,0.0,0.0,0.0,0.0,0.018536,0.0,0.013252,0.0,0.009655,0.0,0.0,0.018922,0.0
2020-01-09 05:00:00,20.97,20.83,20.96,21.27,20.35,20.03,22.01,19.97,19.89,21.87,20.23,22.79,19.91,20.79,22.61,20.65,21.02,20.58,21.06,21.11,-3.51,0.0,0.912,0.818,0.892,1.0,0.0,0.267,1.0,0.0,0.0,0.0,0.0,0.822,0.0,0.624,0.0,0.54,0.0,0.0,0.844,0.0,36.0,21.0,23.0,689.2,910.59,669.98,942.84,0.0,223.72,734.39,0.0,0.0,0.0,0.0,633.94,0.0,584.09,0.0,413.32,0.0,0.0,755.33,0.0,28.18,27.49,27.99,28.48,36.0,24.07,28.08,36.0,36.0,36.0,36.0,27.82,36.0,25.46,36.0,25.76,36.0,36.0,26.45,36.0,0.021082,0.025593,0.020002,0.030001,0.0,0.004485,0.022187,0.0,0.0,0.0,0.0,0.018536,0.0,0.013252,0.0,0.009655,0.0,0.0,0.018922,0.0
2020-01-09 05:15:00,20.99,20.95,21.0,21.24,20.46,20.15,21.99,20.07,20.05,21.88,20.39,22.83,20.03,20.93,22.62,20.83,21.15,20.68,20.87,21.15,-3.56,0.0,1.0,1.0,1.0,1.0,1.0,1.0,1.0,1.0,1.0,1.0,1.0,1.0,1.0,0.991,1.0,1.0,1.0,1.0,0.27,1.0,36.0,21.0,23.0,700.27,995.26,690.85,910.85,187.84,750.47,735.96,775.67,1046.47,184.13,786.06,752.17,776.0,878.85,173.02,708.3,1046.07,830.49,265.55,237.9,28.75,28.39,28.63,28.74,22.36,25.31,28.06,24.39,24.01,22.69,24.96,28.02,24.5,26.01,23.51,26.52,25.47,24.27,25.52,22.18,0.023114,0.031288,0.022413,0.030001,0.003296,0.0168,0.022187,0.015987,0.020884,0.00331,0.017031,0.022553,0.016137,0.021051,0.003314,0.017867,0.023767,0.016941,0.006059,0.004117
2020-01-09 05:30:00,21.05,21.03,21.06,21.32,20.69,20.49,22.09,20.44,20.44,21.97,20.76,22.9,20.41,21.1,22.69,21.06,21.51,20.97,20.6,21.28,-3.6,0.0,1.0,1.0,1.0,1.0,1.0,1.0,1.0,1.0,1.0,1.0,1.0,1.0,1.0,0.991,1.0,1.0,1.0,1.0,0.27,1.0,36.0,21.0,23.0,725.82,1027.43,714.95,941.24,189.68,690.0,736.13,695.67,945.01,178.58,702.41,738.62,696.32,843.12,168.24,668.52,939.71,735.79,284.48,228.96,28.49,28.14,28.37,28.49,22.23,26.17,28.06,25.59,25.17,23.09,26.13,28.16,25.68,26.42,23.86,27.05,26.54,25.61,24.77,22.7,0.023114,0.031288,0.022413,0.030001,0.003296,0.0168,0.022187,0.015987,0.020884,0.00331,0.017031,0.022553,0.016137,0.021051,0.003314,0.017867,0.023767,0.016941,0.006059,0.004117
2020-01-09 05:45:00,21.1,21.08,21.1,21.35,20.86,20.86,22.23,20.79,20.86,22.07,21.19,22.98,20.79,21.27,22.78,21.31,21.91,21.23,20.31,21.42,-3.65,0.0,1.0,1.0,1.0,1.0,1.0,1.0,1.0,1.0,1.0,1.0,1.0,1.0,1.0,0.991,1.0,1.0,1.0,1.0,0.27,1.0,36.0,21.0,23.0,724.05,1023.4,713.01,940.33,188.99,655.49,734.27,651.44,886.81,174.85,656.83,730.53,652.44,821.25,165.06,645.26,880.98,683.9,297.28,222.93,28.51,28.17,28.39,28.5,22.28,26.67,28.08,26.25,25.84,23.36,26.77,28.25,26.33,26.67,24.09,27.36,27.13,26.34,24.26,23.05,0.023114,0.031288,0.022413,0.030001,0.003296,0.0168,0.022187,0.015987,0.020884,0.00331,0.017031,0.022553,0.016137,0.021051,0.003314,0.017867,0.023767,0.016941,0.006059,0.004117
2020-01-09 06:00:00,21.05,21.04,21.06,21.32,20.96,21.06,22.27,21.0,21.11,22.16,21.42,23.0,21.01,21.38,22.85,21.45,22.11,21.42,20.04,21.54,-3.69,0.0,1.0,1.0,1.0,1.0,1.0,1.0,1.0,1.0,1.0,1.0,1.0,1.0,1.0,0.991,1.0,1.0,1.0,1.0,0.27,1.0,36.0,21.0,23.0,695.56,984.56,685.33,908.07,187.8,634.08,731.99,624.95,850.38,172.15,629.47,725.32,626.08,806.73,162.78,630.51,845.57,653.21,306.53,218.59,28.8,28.47,28.68,28.76,22.37,26.97,28.11,26.65,26.26,23.56,27.16,28.31,26.72,26.83,24.25,27.56,27.49,26.78,23.9,23.3,0.023114,0.031288,0.022413,0.030001,0.003296,0.0168,0.022187,0.015987,0.020884,0.00331,0.017031,0.022553,0.016137,0.021051,0.003314,0.017867,0.023767,0.016941,0.006059,0.004117
2020-01-09 06:15:00,21.04,20.79,20.87,21.29,21.0,21.02,22.37,21.12,20.89,22.14,21.56,22.9,20.94,21.09,22.82,21.54,22.22,21.19,20.22,21.51,-3.73,0.0,1.0,0.717,0.77,1.0,0.933,0.507,1.0,1.0,0.044,0.0,1.0,0.691,0.425,0.0,0.0,1.0,1.0,0.0,1.0,0.0,36.0,21.0,23.0,694.79,800.01,585.22,908.17,176.3,342.85,731.42,607.79,42.88,0.0,612.13,524.88,285.98,0.0,0.0,620.48,823.4,0.0,1026.29,0.0,28.81,27.47,27.89,28.76,22.28,26.36,28.11,26.9,24.96,36.0,27.4,27.94,26.02,36.0,36.0,27.69,27.71,36.0,25.05,36.0,0.023114,0.022428,0.017269,0.030001,0.003074,0.008511,0.022187,0.015987,0.000929,0.0,0.017031,0.015582,0.006858,0.0,0.0,0.017867,0.023767,0.0,0.022431,0.0
2020-01-09 06:30:00,21.06,20.76,20.85,21.23,21.05,20.85,22.19,21.19,20.49,22.07,21.64,22.77,20.74,20.62,22.75,21.6,22.28,20.99,20.58,21.41,-3.77,0.0,1.0,0.717,0.77,1.0,0.933,0.507,1.0,1.0,0.044,0.0,1.0,0.691,0.425,0.0,0.0,1.0,1.0,0.0,1.0,0.0,36.0,21.0,23.0,721.49,823.64,604.38,942.55,176.01,359.14,730.6,596.25,47.15,0.0,600.56,542.86,301.59,0.0,0.0,613.27,808.86,0.0,948.64,0.0,28.53,27.21,27.63,28.48,22.3,25.9,28.12,27.08,23.86,36.0,27.56,27.67,25.48,36.0,36.0,27.79,27.86,36.0,25.88,36.0,0.023114,0.022428,0.017269,0.030001,0.003074,0.008511,0.022187,0.015987,0.000929,0.0,0.017031,0.015582,0.006858,0.0,0.0,0.017867,0.023767,0.0,0.022431,0.0
2020-01-09 06:45:00,21.06,20.74,20.81,21.2,21.11,20.67,22.09,21.26,20.01,21.98,21.72,22.69,20.54,20.05,22.66,21.66,22.4,20.7,20.79,21.3,-3.81,0.0,1.0,0.717,0.77,1.0,0.933,0.507,1.0,1.0,0.044,0.0,1.0,0.691,0.425,0.0,0.0,1.0,1.0,0.0,1.0,0.0,36.0,21.0,23.0,721.74,826.28,606.92,945.49,175.08,369.1,731.83,588.32,50.17,0.0,592.66,553.78,311.42,0.0,0.0,608.0,798.46,0.0,904.31,0.0,28.53,27.19,27.59,28.46,22.37,25.62,28.11,27.2,23.08,36.0,27.67,27.5,25.14,36.0,36.0,27.86,27.96,36.0,26.36,36.0,0.023114,0.022428,0.017269,0.030001,0.003074,0.008511,0.022187,0.015987,0.000929,0.0,0.017031,0.015582,0.006858,0.0,0.0,0.017867,0.023767,0.0,0.022431,0.0
2020-01-09 07:00:00,21.01,20.67,20.76,21.18,21.15,20.55,22.02,21.33,19.74,21.89,21.79,22.55,20.4,19.73,22.57,21.71,22.4,20.47,21.05,21.2,-3.83,0.0,1.0,0.717,0.77,1.0,0.933,0.507,1.0,1.0,0.044,0.0,1.0,0.691,0.425,0.0,0.0,1.0,1.0,0.0,1.0,0.0,36.0,21.0,23.0,694.05,807.29,590.99,914.0,173.47,375.64,734.03,582.42,52.46,0.0,586.87,560.98,318.06,0.0,0.0,603.93,790.82,0.0,877.24,0.0,28.82,27.39,27.81,28.71,22.5,25.44,28.09,27.28,22.49,36.0,27.76,27.39,24.9,36.0,36.0,27.91,28.04,36.0,26.64,36.0,0.023114,0.022428,0.017269,0.030001,0.003074,0.008511,0.022187,0.015987,0.000929,0.0,0.017031,0.015582,0.006858,0.0,0.0,0.017867,0.023767,0.0,0.022431,0.0
2020-01-09 07:15:00,21.04,20.9,20.93,21.21,20.98,20.65,21.93,21.35,19.9,21.84,21.47,22.59,20.51,19.87,22.59,21.76,22.44,20.61,20.87,21.12,-3.86,0.0,1.0,1.0,1.0,1.0,0.0,1.0,1.0,1.0,1.0,0.0,0.0,1.0,1.0,1.0,1.0,1.0,1.0,1.0,0.198,0.0,36.0,21.0,23.0,720.24,1027.06,717.34,946.31,0.0,687.3,736.01,577.53,1043.55,0.0,0.0,780.14,687.58,1058.42,172.44,600.37,785.92,833.51,194.79,0.0,28.55,28.15,28.34,28.45,36.0,26.21,28.06,27.36,24.05,36.0,36.0,27.72,25.81,24.08,23.55,27.96,28.09,24.23,25.5,36.0,0.023114,0.031288,0.022413,0.030001,0.0,0.0168,0.022187,0.015987,0.020884,0.0,0.0,0.022553,0.016137,0.021246,0.003314,0.017867,0.023767,0.016941,0.00444,0.0
2020-01-09 07:30:00,21.08,20.99,21.0,21.27,20.96,20.89,22.01,21.34,20.31,21.77,20.88,22.69,20.78,20.27,22.66,21.8,22.48,20.87,20.48,21.03,-3.89,0.0,1.0,1.0,1.0,1.0,0.0,1.0,1.0,1.0,1.0,0.0,0.0,1.0,1.0,1.0,1.0,1.0,1.0,1.0,0.198,0.0,36.0,21.0,23.0,719.72,1029.23,719.3,945.54,0.0,649.83,736.8,574.18,947.32,0.0,0.0,757.71,645.34,958.19,168.0,597.29,781.61,739.54,211.98,0.0,28.55,28.13,28.32,28.46,36.0,26.75,28.06,27.41,25.15,36.0,36.0,27.96,26.43,25.21,23.87,28.0,28.13,25.56,24.58,36.0,0.023114,0.031288,0.022413,0.030001,0.0,0.0168,0.022187,0.015987,0.020884,0.0,0.0,0.022553,0.016137,0.021246,0.003314,0.017867,0.023767,0.016941,0.00444,0.0
2020-01-09 07:45:00,21.09,20.99,21.0,21.28,20.95,21.1,22.12,21.37,20.69,21.7,20.39,22.77,20.99,20.65,22.74,21.84,22.52,21.12,20.13,20.95,-3.92,0.0,1.0,1.0,1.0,1.0,0.0,1.0,1.0,1.0,1.0,0.0,0.0,1.0,1.0,1.0,1.0,1.0,1.0,1.0,0.198,0.0,36.0,21.0,23.0,718.7,1028.57,719.4,945.12,0.0,628.22,735.91,571.28,891.91,0.0,0.0,745.19,621.12,901.42,165.06,594.64,778.07,688.09,223.85,0.0,28.56,28.14,28.32,28.46,36.0,27.05,28.06,27.45,25.78,36.0,36.0,28.1,26.79,25.85,24.09,28.04,28.17,26.28,23.94,36.0,0.023114,0.031288,0.022413,0.030001,0.0,0.0168,0.022187,0.015987,0.020884,0.0,0.0,0.022553,0.016137,0.021246,0.003314,0.017867,0.023767,0.016941,0.00444,0.0
2020-01-09 08:00:00,21.1,21.02,21.02,21.29,20.96,21.26,22.24,21.4,20.95,21.64,20.03,22.84,21.16,20.91,22.8,21.9,22.57,21.32,19.85,20.88,-3.91,0.0,1.0,1.0,1.0,1.0,0.0,1.0,1.0,1.0,1.0,0.0,0.0,1.0,1.0,1.0,1.0,1.0,1.0,1.0,0.198,0.0,36.0,21.0,23.0,717.6,1028.03,719.5,945.01,0.0,614.18,734.25,568.61,856.13,0.0,0.0,737.17,605.48,865.25,162.92,592.15,774.81,656.42,232.75,0.0,28.57,28.14,28.32,28.46,36.0,27.25,28.08,27.49,26.19,36.0,36.0,28.18,27.02,26.26,24.24,28.07,28.2,26.73,23.46,36.0,0.023114,0.031288,0.022413,0.030001,0.0,0.0168,0.022187,0.015987,0.020884,0.0,0.0,0.022553,0.016137,0.021246,0.003314,0.017867,0.023767,0.016941,0.00444,0.0
2020-01-09 08:15:00,21.08,20.86,20.9,21.28,21.1,21.02,22.04,21.3,20.94,21.57,20.19,22.56,20.94,20.93,22.78,21.96,22.63,21.21,20.03,20.92,-3.89,3.2,1.0,0.805,0.851,1.0,0.844,0.0,0.0,0.431,0.417,0.0,1.0,0.074,0.0,0.501,0.0,1.0,1.0,0.0,1.0,1.0,36.0,21.0,23.0,689.21,866.13,628.05,911.9,156.07,0.0,0.0,268.81,380.59,0.0,800.43,63.84,0.0,456.09,0.0,589.68,771.53,0.0,1054.17,241.09,28.87,27.78,28.13,28.73,22.58,36.0,36.0,26.66,25.55,36.0,24.76,26.89,36.0,25.74,36.0,28.1,28.23,36.0,24.76,21.99,0.023114,0.025194,0.019082,0.030001,0.002782,0.0,0.0,0.006887,0.008714,0.0,0.017031,0.001677,0.0,0.01064,0.0,0.017867,0.023767,0.0,0.022431,0.004117
2020-01-09 08:30:00,21.14,20.97,21.05,21.29,21.14,20.53,21.75,21.31,20.82,21.53,20.6,22.27,20.58,20.84,22.7,22.02,22.79,20.88,20.45,21.05,-3.87,47.3,1.0,0.805,0.851,1.0,0.844,0.0,0.0,0.431,0.417,0.0,1.0,0.074,0.0,0.501,0.0,1.0,1.0,0.0,1.0,1.0,36.0,21.0,23.0,713.1,867.67,623.56,942.27,157.8,0.0,0.0,283.42,398.34,0.0,713.75,70.78,0.0,473.08,0.0,586.59,760.97,0.0,966.48,232.16,28.62,27.76,28.18,28.49,22.43,36.0,36.0,26.15,25.06,36.0,25.97,25.9,36.0,25.36,36.0,28.15,28.34,36.0,25.69,22.51,0.023114,0.025194,0.019082,0.030001,0.002782,0.0,0.0,0.006887,0.008714,0.0,0.017031,0.001677,0.0,0.01064,0.0,0.017867,0.023767,0.0,0.022431,0.004117
2020-01-09 08:45:00,21.2,21.13,21.28,21.38,21.16,20.1,21.47,21.36,20.7,21.47,21.06,22.03,20.3,20.77,22.62,22.11,23.01,20.65,20.83,21.19,-3.86,91.3,1.0,0.805,0.851,1.0,0.844,0.0,0.0,0.431,0.417,0.0,1.0,0.074,0.0,0.501,0.0,1.0,1.0,0.0,1.0,1.0,36.0,21.0,23.0,710.52,846.71,597.16,939.67,157.99,0.0,0.0,287.54,408.86,0.0,665.67,74.96,0.0,482.63,0.0,583.04,744.15,0.0,914.57,226.14,28.65,27.96,28.51,28.51,22.42,36.0,36.0,26.01,24.78,36.0,26.65,25.31,36.0,25.15,36.0,28.19,28.51,36.0,26.25,22.86,0.023114,0.025194,0.019082,0.030001,0.002782,0.0,0.0,0.006887,0.008714,0.0,0.017031,0.001677,0.0,0.01064,0.0,0.017867,0.023767,0.0,0.022431,0.004117
2020-01-09 09:00:00,21.2,21.26,21.53,21.4,21.19,19.8,21.3,21.52,20.6,21.4,21.34,21.89,20.24,20.71,22.52,22.18,23.25,20.6,21.09,21.32,-3.68,135.4,1.0,0.805,0.851,1.0,0.844,0.0,0.0,0.431,0.417,0.0,1.0,0.074,0.0,0.501,0.0,1.0,1.0,0.0,1.0,1.0,36.0,21.0,23.0,681.2,804.02,549.64,904.56,157.69,0.0,0.0,285.11,415.56,0.0,636.05,77.49,0.0,488.27,0.0,579.47,725.13,0.0,881.47,221.79,28.95,28.37,29.11,28.79,22.44,36.0,36.0,26.1,24.59,36.0,27.07,24.95,36.0,25.02,36.0,28.24,28.7,36.0,26.6,23.11,0.023114,0.025194,0.019082,0.030001,0.002782,0.0,0.0,0.006887,0.008714,0.0,0.017031,0.001677,0.0,0.01064,0.0,0.017867,0.023767,0.0,0.022431,0.004117
2020-01-09 09:15:00,20.9,20.86,20.92,21.36,21.07,20.05,21.29,21.5,20.76,21.36,21.14,21.79,20.52,20.86,22.47,22.24,23.11,20.84,20.89,21.29,-3.51,179.5,0.534,0.277,0.0,1.0,0.0,1.0,0.0,0.0,1.0,0.0,0.0,0.0,1.0,1.0,0.0,1.0,0.0,0.943,0.028,0.0,36.0,21.0,23.0,466.02,363.03,0.0,934.95,0.0,810.48,0.0,0.0,917.99,0.0,0.0,0.0,719.39,906.62,0.0,575.55,0.0,723.36,28.49,0.0,26.96,25.99,36.0,28.54,36.0,24.46,36.0,36.0,25.48,36.0,36.0,36.0,25.33,25.79,36.0,28.29,36.0,25.16,25.16,36.0,0.012335,0.00868,0.0,0.030001,0.0,0.0168,0.0,0.0,0.020884,0.0,0.0,0.0,0.016137,0.021246,0.0,0.017867,0.0,0.015968,0.000629,0.0
2020-01-09 09:30:00,20.79,20.74,20.84,21.26,21.02,20.55,21.28,21.44,21.07,21.3,20.65,21.64,21.13,21.14,22.39,22.31,22.73,21.41,20.44,21.19,-3.34,196.6,0.534,0.277,0.0,1.0,0.0,1.0,0.0,0.0,1.0,0.0,0.0,0.0,1.0,1.0,0.0,1.0,0.0,0.943,0.028,0.0,36.0,21.0,23.0,464.19,361.61,0.0,936.51,0.0,720.98,0.0,0.0,862.17,0.0,0.0,0.0,618.91,857.53,0.0,571.95,0.0,620.84,31.6,0.0,27.0,26.03,36.0,28.53,36.0,25.73,36.0,36.0,26.12,36.0,36.0,36.0,26.82,26.34,36.0,28.34,36.0,26.7,23.98,36.0,0.012335,0.00868,0.0,0.030001,0.0,0.0168,0.0,0.0,0.020884,0.0,0.0,0.0,0.016137,0.021246,0.0,0.017867,0.0,0.015968,0.000629,0.0
2020-01-09 09:45:00,20.79,20.72,20.94,21.27,20.98,21.08,21.32,21.44,21.32,21.24,20.21,21.48,21.74,21.38,22.33,22.38,22.27,21.89,19.97,21.07,-3.16,213.7,0.534,0.277,0.0,1.0,0.0,1.0,0.0,0.0,1.0,0.0,0.0,0.0,1.0,1.0,0.0,1.0,0.0,0.943,0.028,0.0,36.0,21.0,23.0,464.4,363.16,0.0,936.05,0.0,670.21,0.0,0.0,828.07,0.0,0.0,0.0,555.9,827.1,0.0,568.45,0.0,556.22,33.83,0.0,26.99,25.99,36.0,28.54,36.0,26.46,36.0,36.0,26.51,36.0,36.0,36.0,27.76,26.69,36.0,28.39,36.0,27.67,23.13,36.0,0.012335,0.00868,0.0,0.030001,0.0,0.0168,0.0,0.0,0.020884,0.0,0.0,0.0,0.016137,0.021246,0.0,0.017867,0.0,0.015968,0.000629,0.0
2020-01-09 10:00:00,20.8,20.69,21.04,21.29,20.97,21.47,21.36,21.49,21.52,21.19,19.92,21.33,22.23,21.56,22.26,22.45,21.96,22.19,19.65,20.98,-2.99,230.7,0.534,0.277,0.0,1.0,0.0,1.0,0.0,0.0,1.0,0.0,0.0,0.0,1.0,1.0,0.0,1.0,0.0,0.943,0.028,0.0,36.0,21.0,23.0,466.53,368.82,0.0,934.06,0.0,637.68,0.0,0.0,805.0,0.0,0.0,0.0,510.69,806.21,0.0,565.03,0.0,511.33,35.53,0.0,26.95,25.84,36.0,28.55,36.0,26.92,36.0,36.0,26.78,36.0,36.0,36.0,28.43,26.92,36.0,28.43,36.0,28.34,22.48,36.0,0.012335,0.00868,0.0,0.030001,0.0,0.0168,0.0,0.0,0.020884,0.0,0.0,0.0,0.016137,0.021246,0.0,0.017867,0.0,0.015968,0.000629,0.0
2020-01-09 10:15:00,21.14,21.27,21.21,20.93,20.99,21.47,21.34,21.56,21.33,21.13,20.14,21.18,22.34,21.36,22.2,22.12,22.11,22.22,19.87,21.0,-2.82,247.8,1.0,1.0,0.075,0.334,0.0,0.0,0.0,0.0,0.0,0.0,1.0,0.0,0.0,0.0,0.0,0.0,1.0,0.0,1.0,1.0,36.0,21.0,23.0,706.53,955.97,65.56,420.19,0.0,0.0,0.0,0.0,0.0,0.0,812.41,0.0,0.0,0.0,0.0,0.0,947.45,0.0,1107.66,236.51,28.69,28.69,26.69,25.97,36.0,36.0,36.0,36.0,36.0,36.0,24.59,36.0,36.0,36.0,36.0,36.0,26.46,36.0,24.19,22.26,0.023114,0.031288,0.001685,0.010024,0.0,0.0,0.0,0.0,0.0,0.0,0.017031,0.0,0.0,0.0,0.0,0.0,0.023767,0.0,0.022431,0.004117
2020-01-09 10:30:00,21.24,21.43,21.32,20.94,21.02,21.25,21.24,21.67,20.92,21.08,20.65,21.01,22.19,20.95,22.14,21.56,22.49,22.09,20.39,21.13,-2.65,264.9,1.0,1.0,0.075,0.334,0.0,0.0,0.0,0.0,0.0,0.0,1.0,0.0,0.0,0.0,0.0,0.0,1.0,0.0,1.0,1.0,36.0,21.0,23.0,712.0,977.27,64.84,416.55,0.0,0.0,0.0,0.0,0.0,0.0,719.72,0.0,0.0,0.0,0.0,0.0,851.98,0.0,994.19,228.73,28.63,28.53,26.79,26.06,36.0,36.0,36.0,36.0,36.0,36.0,25.89,36.0,36.0,36.0,36.0,36.0,27.42,36.0,25.4,22.71,0.023114,0.031288,0.001685,0.010024,0.0,0.0,0.0,0.0,0.0,0.0,0.017031,0.0,0.0,0.0,0.0,0.0,0.023767,0.0,0.022431,0.004117
2020-01-09 10:45:00,21.27,21.43,21.43,20.98,21.06,21.03,21.12,21.79,20.5,21.02,21.13,20.84,22.1,20.52,22.08,21.05,22.83,22.03,20.89,21.25,-2.49,282.0,1.0,1.0,0.075,0.334,0.0,0.0,0.0,0.0,0.0,0.0,1.0,0.0,0.0,0.0,0.0,0.0,1.0,0.0,1.0,1.0,36.0,21.0,23.0,712.09,987.42,63.9,416.68,0.0,0.0,0.0,0.0,0.0,0.0,667.41,0.0,0.0,0.0,0.0,0.0,801.39,0.0,927.5,223.49,28.63,28.45,26.93,26.06,36.0,36.0,36.0,36.0,36.0,36.0,26.62,36.0,36.0,36.0,36.0,36.0,27.93,36.0,26.11,23.01,0.023114,0.031288,0.001685,0.010024,0.0,0.0,0.0,0.0,0.0,0.0,0.017031,0.0,0.0,0.0,0.0,0.0,0.023767,0.0,0.022431,0.004117
2020-01-09 11:00:00,21.31,21.44,21.54,20.99,21.12,20.9,21.01,21.93,20.22,20.97,21.45,20.66,22.07,20.24,22.02,20.69,23.03,22.03,21.22,21.36,-2.32,299.1,1.0,1.0,0.075,0.334,0.0,0.0,0.0,0.0,0.0,0.0,1.0,0.0,0.0,0.0,0.0,0.0,1.0,0.0,1.0,1.0,36.0,21.0,23.0,712.7,997.97,63.01,416.7,0.0,0.0,0.0,0.0,0.0,0.0,633.94,0.0,0.0,0.0,0.0,0.0,771.89,0.0,883.5,219.64,28.62,28.37,27.05,26.05,36.0,36.0,36.0,36.0,36.0,36.0,27.09,36.0,36.0,36.0,36.0,36.0,28.23,36.0,26.58,23.24,0.023114,0.031288,0.001685,0.010024,0.0,0.0,0.0,0.0,0.0,0.0,0.017031,0.0,0.0,0.0,0.0,0.0,0.023767,0.0,0.022431,0.004117
2020-01-09 11:15:00,21.35,20.49,21.55,20.97,21.19,20.9,20.95,22.07,20.38,20.98,21.31,20.85,22.11,20.4,21.96,20.87,22.97,22.04,21.08,21.34,-2.15,316.2,1.0,0.104,0.0,0.402,0.0,0.267,0.0,0.0,1.0,1.0,0.0,1.0,0.0,1.0,0.0,1.0,0.448,0.0,0.0,0.0,36.0,21.0,23.0,713.29,163.91,0.0,484.72,0.0,242.68,0.0,0.0,1015.3,196.67,0.0,1082.94,0.0,1023.63,0.0,783.16,372.49,0.0,0.0,0.0,28.62,23.92,36.0,26.39,36.0,23.06,36.0,36.0,24.37,21.79,36.0,24.51,36.0,24.47,36.0,25.51,27.62,36.0,36.0,36.0,0.023114,0.003246,0.0,0.012062,0.0,0.004488,0.0,0.0,0.020884,0.00331,0.0,0.022553,0.0,0.021246,0.0,0.017867,0.01064,0.0,0.0,0.0
2020-01-09 11:30:00,21.35,20.17,21.53,20.9,21.25,20.97,20.88,22.19,20.84,21.09,20.84,21.33,22.18,20.88,21.9,21.37,22.77,22.06,20.65,21.23,-1.98,312.6,1.0,0.104,0.0,0.402,0.0,0.267,0.0,0.0,1.0,1.0,0.0,1.0,0.0,1.0,0.0,1.0,0.448,0.0,0.0,0.0,36.0,21.0,23.0,715.85,164.83,0.0,485.69,0.0,238.41,0.0,0.0,915.89,190.5,0.0,956.52,0.0,921.87,0.0,693.73,393.34,0.0,0.0,0.0,28.59,23.85,36.0,26.37,36.0,23.29,36.0,36.0,25.51,22.23,36.0,25.85,36.0,25.62,36.0,26.71,27.16,36.0,36.0,36.0,0.023114,0.003246,0.0,0.012062,0.0,0.004488,0.0,0.0,0.020884,0.00331,0.0,0.022553,0.0,0.021246,0.0,0.017867,0.01064,0.0,0.0,0.0
2020-01-09 11:45:00,21.37,20.04,21.55,20.88,21.3,21.03,20.82,22.29,21.32,21.21,20.42,21.78,22.26,21.36,21.84,21.85,22.57,22.06,20.21,21.11,-1.81,308.9,1.0,0.104,0.0,0.402,0.0,0.267,0.0,0.0,1.0,1.0,0.0,1.0,0.0,1.0,0.0,1.0,0.448,0.0,0.0,0.0,36.0,21.0,23.0,711.14,167.46,0.0,487.09,0.0,236.02,0.0,0.0,856.04,186.29,0.0,883.68,0.0,860.8,0.0,643.91,406.73,0.0,0.0,0.0,28.64,23.66,36.0,26.34,36.0,23.42,36.0,36.0,26.19,22.54,36.0,26.63,36.0,26.31,36.0,27.38,26.86,36.0,36.0,36.0,0.023114,0.003246,0.0,0.012062,0.0,0.004488,0.0,0.0,0.020884,0.00331,0.0,0.022553,0.0,0.021246,0.0,0.017867,0.01064,0.0,0.0,0.0
2020-01-09 12:00:00,21.41,19.95,21.58,20.88,21.35,21.09,20.77,22.39,21.68,21.31,20.14,22.13,22.34,21.74,21.78,22.15,22.46,22.07,19.96,21.01,-1.7,305.2,1.0,0.104,0.0,0.402,0.0,0.267,0.0,0.0,1.0,1.0,0.0,1.0,0.0,1.0,0.0,1.0,0.448,0.0,0.0,0.0,36.0,21.0,23.0,706.3,169.65,0.0,486.15,0.0,234.5,0.0,0.0,813.94,183.18,0.0,836.9,0.0,817.89,0.0,612.95,416.0,0.0,0.0,0.0,28.69,23.5,36.0,26.36,36.0,23.5,36.0,36.0,26.68,22.76,36.0,27.12,36.0,26.79,36.0,27.79,26.65,36.0,36.0,36.0,0.023114,0.003246,0.0,0.012062,0.0,0.004488,0.0,0.0,0.020884,0.00331,0.0,0.022553,0.0,0.021246,0.0,0.017867,0.01064,0.0,0.0,0.0
2020-01-09 12:15:00,21.54,20.76,21.71,21.35,21.4,21.08,20.88,22.47,21.65,21.31,20.35,22.03,22.39,21.7,21.73,21.97,22.59,22.12,20.25,21.03,-1.6,301.5,1.0,1.0,0.0,1.0,0.0,0.0,0.573,0.0,0.0,0.0,1.0,0.0,0.0,0.0,0.0,0.0,1.0,0.0,1.0,1.0,36.0,21.0,23.0,699.98,1047.1,0.0,920.5,0.0,0.0,695.07,0.0,0.0,0.0,801.8,0.0,0.0,0.0,0.0,0.0,855.23,0.0,1086.7,235.46,28.75,27.99,36.0,28.66,36.0,36.0,22.93,36.0,36.0,36.0,24.74,36.0,36.0,36.0,36.0,36.0,27.39,36.0,24.41,22.32,0.023114,0.031288,0.0,0.030001,0.0,0.0,0.012718,0.0,0.0,0.0,0.017031,0.0,0.0,0.0,0.0,0.0,0.023767,0.0,0.022431,0.004117
2020-01-09 12:30:00,21.74,21.26,21.99,21.75,21.46,21.04,21.15,22.59,21.44,21.24,20.86,21.69,22.44,21.5,21.67,21.5,22.89,22.29,20.93,21.15,-1.49,323.8,1.0,1.0,0.0,1.0,0.0,0.0,0.573,0.0,0.0,0.0,1.0,0.0,0.0,0.0,0.0,0.0,1.0,0.0,1.0,1.0,36.0,21.0,23.0,690.57,1062.85,0.0,908.59,0.0,0.0,644.05,0.0,0.0,0.0,709.39,0.0,0.0,0.0,0.0,0.0,802.43,0.0,957.67,227.81,28.85,27.87,36.0,28.75,36.0,36.0,23.89,36.0,36.0,36.0,26.04,36.0,36.0,36.0,36.0,36.0,27.92,36.0,25.79,22.76,0.023114,0.031288,0.0,0.030001,0.0,0.0,0.012718,0.0,0.0,0.0,0.017031,0.0,0.0,0.0,0.0,0.0,0.023767,0.0,0.022431,0.004117
2020-01-09 12:45:00,21.86,21.37,22.21,21.95,21.53,21.03,21.43,22.73,21.25,21.16,21.37,21.36,22.52,21.3,21.62,21.05,23.17,22.53,21.65,21.28,-1.38,346.0,1.0,1.0,0.0,1.0,0.0,0.0,0.573,0.0,0.0,0.0,1.0,0.0,0.0,0.0,0.0,0.0,1.0,0.0,1.0,1.0,36.0,21.0,23.0,682.52,1060.1,0.0,886.68,0.0,0.0,611.63,0.0,0.0,0.0,656.75,0.0,0.0,0.0,0.0,0.0,770.11,0.0,872.59,222.69,28.94,27.89,36.0,28.93,36.0,36.0,24.49,36.0,36.0,36.0,26.77,36.0,36.0,36.0,36.0,36.0,28.25,36.0,26.69,23.06,0.023114,0.031288,0.0,0.030001,0.0,0.0,0.012718,0.0,0.0,0.0,0.017031,0.0,0.0,0.0,0.0,0.0,0.023767,0.0,0.022431,0.004117
2020-01-09 13:00:00,21.96,21.48,22.33,22.11,21.6,21.03,21.66,22.83,21.17,21.08,21.75,21.13,22.57,21.22,21.56,20.72,23.36,22.71,22.2,21.38,-1.26,368.3,1.0,1.0,0.0,1.0,0.0,0.0,0.573,0.0,0.0,0.0,1.0,0.0,0.0,0.0,0.0,0.0,1.0,0.0,1.0,1.0,36.0,21.0,23.0,675.33,1061.16,0.0,868.74,0.0,0.0,589.02,0.0,0.0,0.0,622.93,0.0,0.0,0.0,0.0,0.0,748.17,0.0,808.71,218.95,29.01,27.89,36.0,29.07,36.0,36.0,24.92,36.0,36.0,36.0,27.25,36.0,36.0,36.0,36.0,36.0,28.47,36.0,27.37,23.28,0.023114,0.031288,0.0,0.030001,0.0,0.0,0.012718,0.0,0.0,0.0,0.017031,0.0,0.0,0.0,0.0,0.0,0.023767,0.0,0.022431,0.004117
2020-01-09 13:15:00,20.9,20.33,22.25,21.33,21.67,21.05,21.72,22.96,21.19,21.02,21.66,21.05,22.65,21.24,21.51,20.91,23.23,22.86,22.33,21.37,-1.14,390.6,0.0,0.0,0.0,0.0,0.0,0.0,0.0,0.0,0.0,0.0,0.0,0.177,0.0,0.0,0.0,1.0,0.0,0.0,0.0,0.0,36.0,21.0,23.0,0.0,0.0,0.0,0.0,0.0,0.0,0.0,0.0,0.0,0.0,0.0,208.56,0.0,0.0,0.0,794.09,0.0,0.0,0.0,0.0,36.0,36.0,36.0,36.0,36.0,36.0,36.0,36.0,36.0,36.0,36.0,23.48,36.0,36.0,36.0,25.37,36.0,36.0,36.0,36.0,0.0,0.0,0.0,0.0,0.0,0.0,0.0,0.0,0.0,0.0,0.0,0.003986,0.0,0.0,0.0,0.017867,0.0,0.0,0.0,0.0
2020-01-09 13:30:00,20.43,19.87,22.12,20.95,21.75,21.08,21.66,23.11,21.32,20.95,21.22,21.02,22.75,21.37,21.45,21.47,22.81,22.97,22.32,21.26,-1.02,393.9,0.0,0.0,0.0,0.0,0.0,0.0,0.0,0.0,0.0,0.0,0.0,0.177,0.0,0.0,0.0,1.0,0.0,0.0,0.0,0.0,36.0,21.0,23.0,0.0,0.0,0.0,0.0,0.0,0.0,0.0,0.0,0.0,0.0,0.0,208.1,0.0,0.0,0.0,699.51,0.0,0.0,0.0,0.0,36.0,36.0,36.0,36.0,36.0,36.0,36.0,36.0,36.0,36.0,36.0,23.51,36.0,36.0,36.0,26.63,36.0,36.0,36.0,36.0,0.0,0.0,0.0,0.0,0.0,0.0,0.0,0.0,0.0,0.0,0.0,0.003986,0.0,0.0,0.0,0.017867,0.0,0.0,0.0,0.0
2020-01-09 13:45:00,20.21,19.68,22.06,20.7,21.83,21.11,21.6,23.24,21.5,20.89,20.82,20.99,22.84,21.55,21.39,21.99,22.35,23.01,22.33,21.14,-0.9,397.1,0.0,0.0,0.0,0.0,0.0,0.0,0.0,0.0,0.0,0.0,0.0,0.177,0.0,0.0,0.0,1.0,0.0,0.0,0.0,0.0,36.0,21.0,23.0,0.0,0.0,0.0,0.0,0.0,0.0,0.0,0.0,0.0,0.0,0.0,208.33,0.0,0.0,0.0,646.2,0.0,0.0,0.0,0.0,36.0,36.0,36.0,36.0,36.0,36.0,36.0,36.0,36.0,36.0,36.0,23.5,36.0,36.0,36.0,27.35,36.0,36.0,36.0,36.0,0.0,0.0,0.0,0.0,0.0,0.0,0.0,0.0,0.0,0.0,0.0,0.003986,0.0,0.0,0.0,0.017867,0.0,0.0,0.0,0.0
2020-01-09 14:00:00,20.04,19.53,22.03,20.43,21.86,21.08,21.5,23.34,21.7,20.82,20.52,20.94,22.93,21.76,21.33,22.32,21.99,23.06,22.39,21.03,-0.85,400.4,0.0,0.0,0.0,0.0,0.0,0.0,0.0,0.0,0.0,0.0,0.0,0.177,0.0,0.0,0.0,1.0,0.0,0.0,0.0,0.0,36.0,21.0,23.0,0.0,0.0,0.0,0.0,0.0,0.0,0.0,0.0,0.0,0.0,0.0,208.83,0.0,0.0,0.0,613.86,0.0,0.0,0.0,0.0,36.0,36.0,36.0,36.0,36.0,36.0,36.0,36.0,36.0,36.0,36.0,23.47,36.0,36.0,36.0,27.78,36.0,36.0,36.0,36.0,0.0,0.0,0.0,0.0,0.0,0.0,0.0,0.0,0.0,0.0,0.0,0.003986,0.0,0.0,0.0,0.017867,0.0,0.0,0.0,0.0
2020-01-09 14:15:00,20.88,20.39,22.62,21.18,21.95,21.14,21.63,23.38,22.21,20.85,20.73,21.04,22.9,21.94,21.3,22.48,22.04,23.02,22.53,21.06,-0.8,403.6,1.0,1.0,1.0,1.0,0.0,0.0,0.594,0.0,1.0,1.0,1.0,0.532,0.0,0.0,0.204,1.0,0.698,0.0,0.118,1.0,36.0,21.0,23.0,724.29,1101.1,479.07,972.4,0.0,0.0,679.02,0.0,867.28,197.44,782.72,591.35,0.0,0.0,40.47,591.75,721.38,0.0,115.09,234.96,28.5,27.58,30.89,28.25,36.0,36.0,23.67,36.0,26.06,21.73,25.01,24.2,36.0,36.0,21.66,28.08,25.59,36.0,25.6,22.35,0.023114,0.031288,0.022413,0.030001,0.0,0.0,0.013172,0.0,0.020884,0.00331,0.017031,0.011994,0.0,0.0,0.000675,0.017867,0.016584,0.0,0.002647,0.004117
2020-01-09 14:30:00,21.49,21.09,23.16,21.81,21.98,21.1,21.78,23.42,23.07,20.95,21.19,21.21,22.9,22.17,21.27,22.63,22.25,23.1,22.76,21.17,-0.75,390.5,1.0,1.0,1.0,1.0,0.0,0.0,0.594,0.0,1.0,1.0,1.0,0.532,0.0,0.0,0.204,1.0,0.698,0.0,0.118,1.0,36.0,21.0,23.0,745.42,1124.35,489.68,990.9,0.0,0.0,632.89,0.0,736.12,191.49,693.45,564.25,0.0,0.0,40.32,577.43,672.02,0.0,111.58,227.36,28.28,27.4,30.77,28.1,36.0,36.0,24.51,36.0,27.57,22.16,26.26,24.75,36.0,36.0,21.72,28.27,26.31,36.0,25.92,22.79,0.023114,0.031288,0.022413,0.030001,0.0,0.0,0.013172,0.0,0.020884,0.00331,0.017031,0.011994,0.0,0.0,0.000675,0.017867,0.016584,0.0,0.002647,0.004117
2020-01-09 14:45:00,21.55,21.2,23.28,21.94,22.0,21.06,21.93,23.41,23.66,21.07,21.65,21.37,22.85,22.4,21.25,22.73,22.46,23.13,23.02,21.3,-0.7,377.4,1.0,1.0,1.0,1.0,0.0,0.0,0.594,0.0,1.0,1.0,1.0,0.532,0.0,0.0,0.204,1.0,0.698,0.0,0.118,1.0,36.0,21.0,23.0,750.9,1121.23,493.58,988.6,0.0,0.0,604.72,0.0,656.47,187.46,644.18,547.55,0.0,0.0,40.25,567.56,644.04,0.0,108.32,222.3,28.23,27.43,30.73,28.12,36.0,36.0,25.02,36.0,28.48,22.45,26.95,25.08,36.0,36.0,21.74,28.4,26.71,36.0,26.21,23.08,0.023114,0.031288,0.022413,0.030001,0.0,0.0,0.013172,0.0,0.020884,0.00331,0.017031,0.011994,0.0,0.0,0.000675,0.017867,0.016584,0.0,0.002647,0.004117
2020-01-09 15:00:00,21.5,21.18,23.27,21.93,22.01,21.01,22.07,23.37,24.02,21.17,21.99,21.51,22.78,22.67,21.23,22.82,22.65,23.1,23.29,21.42,-0.72,364.3,1.0,1.0,1.0,1.0,0.0,0.0,0.594,0.0,1.0,1.0,1.0,0.532,0.0,0.0,0.204,1.0,0.698,0.0,0.118,1.0,36.0,21.0,23.0,731.58,1084.64,483.33,957.94,0.0,0.0,586.44,0.0,613.78,184.52,613.82,536.53,0.0,0.0,40.22,560.51,626.71,0.0,105.27,218.63,28.43,27.71,30.84,28.36,36.0,36.0,25.35,36.0,28.97,22.67,27.38,25.3,36.0,36.0,21.75,28.49,26.96,36.0,26.49,23.3,0.023114,0.031288,0.022413,0.030001,0.0,0.0,0.013172,0.0,0.020884,0.00331,0.017031,0.011994,0.0,0.0,0.000675,0.017867,0.016584,0.0,0.002647,0.004117
2020-01-09 15:15:00,20.5,20.58,22.59,21.59,21.97,20.94,21.95,23.33,23.91,21.24,21.79,21.37,22.69,22.84,21.26,22.54,22.47,23.08,23.43,21.38,-0.74,351.2,0.0,0.316,0.0,1.0,0.0,0.241,0.0,0.0,0.0,1.0,0.0,0.0,0.0,0.0,1.0,0.0,0.0,0.0,0.0,0.0,36.0,21.0,23.0,0.0,483.98,0.0,991.16,0.0,249.59,0.0,0.0,0.0,182.22,0.0,0.0,0.0,0.0,190.84,0.0,0.0,0.0,0.0,0.0,36.0,24.27,36.0,28.1,36.0,21.22,36.0,36.0,36.0,22.83,36.0,36.0,36.0,36.0,22.23,36.0,36.0,36.0,36.0,36.0,0.0,0.009871,0.0,0.030001,0.0,0.00404,0.0,0.0,0.0,0.00331,0.0,0.0,0.0,0.0,0.003314,0.0,0.0,0.0,0.0,0.0
2020-01-09 15:30:00,20.15,20.3,22.03,21.29,21.92,20.86,21.73,23.16,23.5,21.32,21.28,21.04,22.52,22.92,21.37,21.96,22.01,22.83,23.42,21.27,-0.76,265.6,0.0,0.316,0.0,1.0,0.0,0.241,0.0,0.0,0.0,1.0,0.0,0.0,0.0,0.0,1.0,0.0,0.0,0.0,0.0,0.0,36.0,21.0,23.0,0.0,477.31,0.0,989.27,0.0,240.99,0.0,0.0,0.0,180.41,0.0,0.0,0.0,0.0,185.67,0.0,0.0,0.0,0.0,0.0,36.0,24.43,36.0,28.11,36.0,21.73,36.0,36.0,36.0,22.96,36.0,36.0,36.0,36.0,22.6,36.0,36.0,36.0,36.0,36.0,0.0,0.009871,0.0,0.030001,0.0,0.00404,0.0,0.0,0.0,0.00331,0.0,0.0,0.0,0.0,0.003314,0.0,0.0,0.0,0.0,0.0
2020-01-09 15:45:00,19.99,20.22,21.52,21.15,21.79,20.79,21.45,22.86,22.94,21.39,20.79,20.74,22.3,22.83,21.48,21.37,21.6,22.49,23.2,21.16,-0.78,180.0,0.0,0.316,0.0,1.0,0.0,0.241,0.0,0.0,0.0,1.0,0.0,0.0,0.0,0.0,1.0,0.0,0.0,0.0,0.0,0.0,36.0,21.0,23.0,0.0,474.16,0.0,986.52,0.0,235.64,0.0,0.0,0.0,178.91,0.0,0.0,0.0,0.0,182.08,0.0,0.0,0.0,0.0,0.0,36.0,24.51,36.0,28.13,36.0,22.05,36.0,36.0,36.0,23.07,36.0,36.0,36.0,36.0,22.86,36.0,36.0,36.0,36.0,36.0,0.0,0.009871,0.0,0.030001,0.0,0.00404,0.0,0.0,0.0,0.00331,0.0,0.0,0.0,0.0,0.003314,0.0,0.0,0.0,0.0,0.0
2020-01-09 16:00:00,19.84,20.14,21.19,21.04,21.62,20.65,21.12,22.51,22.44,21.45,20.43,20.48,22.0,22.51,21.56,20.91,21.25,22.06,22.76,21.05,-0.94,94.4,0.0,0.316,0.0,1.0,0.0,0.241,0.0,0.0,0.0,1.0,0.0,0.0,0.0,0.0,1.0,0.0,0.0,0.0,0.0,0.0,36.0,21.0,23.0,0.0,470.29,0.0,983.3,0.0,232.45,0.0,0.0,0.0,177.63,0.0,0.0,0.0,0.0,179.41,0.0,0.0,0.0,0.0,0.0,36.0,24.6,36.0,28.16,36.0,22.24,36.0,36.0,36.0,23.16,36.0,36.0,36.0,36.0,23.05,36.0,36.0,36.0,36.0,36.0,0.0,0.009871,0.0,0.030001,0.0,0.00404,0.0,0.0,0.0,0.00331,0.0,0.0,0.0,0.0,0.003314,0.0,0.0,0.0,0.0,0.0
2020-01-09 16:15:00,20.6,20.71,21.84,21.25,21.5,20.7,21.04,22.4,22.37,21.51,20.54,20.62,21.91,22.04,21.63,21.0,21.35,21.66,22.55,21.07,-1.09,8.8,1.0,1.0,1.0,1.0,0.0,1.0,1.0,1.0,1.0,1.0,1.0,1.0,1.0,0.0,1.0,1.0,1.0,0.0,1.0,1.0,36.0,21.0,23.0,736.62,1065.74,622.9,973.57,0.0,833.74,1075.08,617.59,851.45,176.5,791.59,1096.2,628.53,0.0,177.33,782.28,1062.36,0.0,874.96,234.65,28.38,27.85,29.35,28.24,36.0,24.13,24.41,26.76,26.25,23.25,24.88,24.37,26.68,36.0,23.2,25.53,25.31,36.0,26.67,22.36,0.023114,0.031288,0.022413,0.030001,0.0,0.0168,0.022187,0.015987,0.020884,0.00331,0.017031,0.022553,0.016137,0.0,0.003314,0.017867,0.023767,0.0,0.022431,0.004117
2020-01-09 16:30:00,21.14,21.09,22.18,21.55,21.47,20.95,21.26,22.47,22.56,21.57,20.97,21.06,22.08,21.62,21.71,21.41,21.77,21.42,22.63,21.19,-1.24,6.6,1.0,1.0,1.0,1.0,0.0,1.0,1.0,1.0,1.0,1.0,1.0,1.0,1.0,0.0,1.0,1.0,1.0,0.0,1.0,1.0,36.0,21.0,23.0,745.23,1057.85,630.69,959.9,0.0,744.47,959.94,564.64,785.73,175.48,705.26,976.18,577.0,0.0,175.65,696.96,947.04,0.0,813.89,227.1,28.29,27.91,29.27,28.35,36.0,25.4,25.65,27.55,27.0,23.32,26.09,25.65,27.45,36.0,23.32,26.67,26.47,36.0,27.32,22.8,0.023114,0.031288,0.022413,0.030001,0.0,0.0168,0.022187,0.015987,0.020884,0.00331,0.017031,0.022553,0.016137,0.0,0.003314,0.017867,0.023767,0.0,0.022431,0.004117
2020-01-09 16:45:00,21.23,21.21,22.23,21.66,21.5,21.22,21.48,22.53,22.79,21.63,21.37,21.49,22.25,21.27,21.77,21.82,22.17,21.21,22.8,21.32,-1.4,0.0,1.0,1.0,1.0,1.0,0.0,1.0,1.0,1.0,1.0,1.0,1.0,1.0,1.0,0.0,1.0,1.0,1.0,0.0,1.0,1.0,36.0,21.0,23.0,729.86,1035.22,621.62,946.12,0.0,693.47,896.04,538.34,750.02,174.55,657.81,907.93,550.47,0.0,174.25,650.54,882.45,0.0,781.35,222.03,28.45,28.08,29.36,28.46,36.0,26.12,26.34,27.94,27.41,23.39,26.76,26.37,27.84,36.0,23.42,27.29,27.12,36.0,27.67,23.1,0.023114,0.031288,0.022413,0.030001,0.0,0.0168,0.022187,0.015987,0.020884,0.00331,0.017031,0.022553,0.016137,0.0,0.003314,0.017867,0.023767,0.0,0.022431,0.004117
2020-01-09 17:00:00,21.27,21.25,22.2,21.68,21.51,21.41,21.59,22.53,22.88,21.68,21.6,21.75,22.36,20.93,21.83,22.02,22.4,21.03,22.85,21.42,-1.46,0.0,1.0,1.0,1.0,1.0,0.0,1.0,1.0,1.0,1.0,1.0,1.0,1.0,1.0,0.0,1.0,1.0,1.0,0.0,1.0,1.0,36.0,21.0,23.0,726.45,1029.23,625.28,943.29,0.0,661.34,856.7,524.23,728.55,173.69,628.9,864.99,535.33,0.0,173.04,622.66,842.48,0.0,762.18,218.32,28.48,28.13,29.33,28.48,36.0,26.58,26.76,28.16,27.65,23.45,27.17,26.82,28.06,36.0,23.51,27.66,27.52,36.0,27.87,23.31,0.023114,0.031288,0.022413,0.030001,0.0,0.0168,0.022187,0.015987,0.020884,0.00331,0.017031,0.022553,0.016137,0.0,0.003314,0.017867,0.023767,0.0,0.022431,0.004117
2020-01-09 17:15:00,20.9,20.72,21.19,21.47,21.43,21.25,21.63,22.32,22.63,21.73,21.73,21.9,22.15,20.9,21.88,22.08,22.53,20.97,22.53,21.4,-1.51,0.0,0.529,0.391,0.0,1.0,0.0,0.0,1.0,0.0,0.0,1.0,1.0,1.0,0.0,0.746,1.0,0.845,1.0,0.251,0.0,0.0,36.0,21.0,23.0,476.5,530.65,0.0,946.67,0.0,0.0,832.2,0.0,0.0,172.88,610.56,836.74,0.0,788.14,171.97,526.4,816.85,225.91,0.0,0.0,26.67,25.62,36.0,28.45,36.0,36.0,27.03,36.0,36.0,23.51,27.42,27.12,36.0,24.1,23.59,27.66,27.78,23.28,36.0,36.0,0.012224,0.012229,0.0,0.030001,0.0,0.0,0.022187,0.0,0.0,0.00331,0.017031,0.022553,0.0,0.015849,0.003314,0.015093,0.023767,0.00425,0.0,0.0
2020-01-09 17:30:00,20.7,20.48,20.77,21.25,21.26,20.86,21.68,21.97,22.12,21.78,21.83,22.03,21.72,21.07,21.94,22.08,22.63,20.94,21.93,21.29,-1.57,0.0,0.529,0.391,0.0,1.0,0.0,0.0,1.0,0.0,0.0,1.0,1.0,1.0,0.0,0.746,1.0,0.845,1.0,0.251,0.0,0.0,36.0,21.0,23.0,474.84,527.88,0.0,950.62,0.0,0.0,815.59,0.0,0.0,172.12,598.41,817.42,0.0,730.24,171.0,527.29,799.95,222.36,0.0,0.0,26.71,25.67,36.0,28.42,36.0,36.0,27.21,36.0,36.0,23.56,27.59,27.33,36.0,24.98,23.66,27.64,27.95,23.48,36.0,36.0,0.012224,0.012229,0.0,0.030001,0.0,0.0,0.022187,0.0,0.0,0.00331,0.017031,0.022553,0.0,0.015849,0.003314,0.015093,0.023767,0.00425,0.0,0.0
2020-01-09 17:45:00,20.65,20.42,20.58,21.17,21.08,20.45,21.72,21.63,21.62,21.84,21.9,22.13,21.29,21.24,22.0,22.06,22.69,20.91,21.35,21.17,-1.63,0.0,0.529,0.391,0.0,1.0,0.0,0.0,1.0,0.0,0.0,1.0,1.0,1.0,0.0,0.746,1.0,0.845,1.0,0.251,0.0,0.0,36.0,21.0,23.0,475.32,528.26,0.0,950.99,0.0,0.0,803.86,0.0,0.0,171.39,589.93,803.55,0.0,697.38,170.12,527.11,788.38,220.94,0.0,0.0,26.7,25.67,36.0,28.42,36.0,36.0,27.33,36.0,36.0,23.61,27.71,27.48,36.0,25.47,23.72,27.65,28.06,23.56,36.0,36.0,0.012224,0.012229,0.0,0.030001,0.0,0.0,0.022187,0.0,0.0,0.00331,0.017031,0.022553,0.0,0.015849,0.003314,0.015093,0.023767,0.00425,0.0,0.0
2020-01-09 18:00:00,20.61,20.35,20.42,21.12,20.9,20.06,21.72,21.32,21.28,21.89,21.97,22.17,20.9,21.42,22.05,22.06,22.69,20.88,20.95,21.06,-1.69,0.0,0.529,0.391,0.0,1.0,0.0,0.0,1.0,0.0,0.0,1.0,1.0,1.0,0.0,0.746,1.0,0.845,1.0,0.251,0.0,0.0,36.0,21.0,23.0,475.51,528.55,0.0,950.91,0.0,0.0,795.61,0.0,0.0,170.7,583.57,793.36,0.0,676.5,169.3,526.7,780.6,220.56,0.0,0.0,26.69,25.66,36.0,28.42,36.0,36.0,27.42,36.0,36.0,23.66,27.8,27.58,36.0,25.79,23.78,27.65,28.14,23.58,36.0,36.0,0.012224,0.012229,0.0,0.030001,0.0,0.0,0.022187,0.0,0.0,0.00331,0.017031,0.022553,0.0,0.015849,0.003314,0.015093,0.023767,0.00425,0.0,0.0
2020-01-09 18:15:00,20.95,20.83,21.16,21.28,20.9,20.08,21.74,21.34,21.33,21.93,22.02,22.22,20.87,21.24,22.1,22.1,22.71,20.92,20.93,21.06,-1.75,0.0,1.0,1.0,1.0,1.0,1.0,1.0,1.0,1.0,1.0,1.0,1.0,1.0,1.0,0.0,1.0,1.0,1.0,0.564,0.791,0.817,36.0,21.0,23.0,721.81,1018.46,657.03,946.89,188.98,838.99,789.46,695.06,944.11,170.03,578.56,785.59,713.16,0.0,168.53,605.27,775.23,466.84,835.17,193.33,28.53,28.21,28.99,28.45,22.28,24.05,27.49,25.6,25.18,23.71,27.87,27.67,25.43,36.0,23.84,27.9,28.2,24.3,24.74,22.24,0.023114,0.031288,0.022413,0.030001,0.003296,0.0168,0.022187,0.015987,0.020884,0.00331,0.017031,0.022553,0.016137,0.0,0.003314,0.017867,0.023767,0.009549,0.017748,0.003362
2020-01-09 18:30:00,21.16,21.1,21.57,21.46,21.08,20.43,21.8,21.57,21.62,21.98,22.07,22.28,21.12,20.81,22.15,22.18,22.73,21.04,21.15,21.14,-1.81,0.0,1.0,1.0,1.0,1.0,1.0,1.0,1.0,1.0,1.0,1.0,1.0,1.0,1.0,0.0,1.0,1.0,1.0,0.564,0.791,0.817,36.0,21.0,23.0,722.38,1020.15,672.87,941.34,190.1,745.83,784.15,626.49,858.25,169.39,574.48,779.14,643.16,0.0,167.8,592.76,771.01,446.6,774.95,188.59,28.52,28.2,28.82,28.49,22.2,25.38,27.54,26.62,26.17,23.76,27.93,27.74,26.46,36.0,23.89,28.06,28.24,24.81,25.55,22.58,0.023114,0.031288,0.022413,0.030001,0.003296,0.0168,0.022187,0.015987,0.020884,0.00331,0.017031,0.022553,0.016137,0.0,0.003314,0.017867,0.023767,0.009549,0.017748,0.003362
2020-01-09 18:45:00,21.2,21.14,21.57,21.52,21.2,20.78,21.86,21.76,21.93,22.03,22.11,22.33,21.41,20.43,22.2,22.24,22.75,21.13,21.37,21.23,-1.87,0.0,1.0,1.0,1.0,1.0,1.0,1.0,1.0,1.0,1.0,1.0,1.0,1.0,1.0,0.0,1.0,1.0,1.0,0.564,0.791,0.817,36.0,21.0,23.0,719.0,1014.0,669.46,938.12,188.63,694.29,779.29,589.99,810.28,168.76,571.05,773.68,605.4,0.0,167.11,585.19,767.63,434.57,740.98,185.43,28.56,28.25,28.85,28.52,22.31,26.11,27.6,27.17,26.72,23.8,27.98,27.79,27.02,36.0,23.94,28.16,28.27,25.11,26.01,22.81,0.023114,0.031288,0.022413,0.030001,0.003296,0.0168,0.022187,0.015987,0.020884,0.00331,0.017031,0.022553,0.016137,0.0,0.003314,0.017867,0.023767,0.009549,0.017748,0.003362
2020-01-09 19:00:00,21.17,21.12,21.53,21.49,21.28,21.0,21.92,21.88,22.13,22.08,22.16,22.38,21.58,20.12,22.25,22.29,22.78,21.19,21.55,21.31,-1.94,0.0,1.0,1.0,1.0,1.0,1.0,1.0,1.0,1.0,1.0,1.0,1.0,1.0,1.0,0.0,1.0,1.0,1.0,0.564,0.791,0.817,36.0,21.0,23.0,690.5,975.71,645.58,905.38,186.46,663.06,774.95,569.1,781.02,168.18,568.12,769.01,583.08,0.0,166.47,580.2,764.74,427.0,720.32,183.17,28.85,28.54,29.11,28.78,22.46,26.56,27.64,27.48,27.05,23.85,28.02,27.84,27.36,36.0,23.98,28.23,28.3,25.3,26.29,22.97,0.023114,0.031288,0.022413,0.030001,0.003296,0.0168,0.022187,0.015987,0.020884,0.00331,0.017031,0.022553,0.016137,0.0,0.003314,0.017867,0.023767,0.009549,0.017748,0.003362
2020-01-09 19:15:00,20.93,20.76,20.56,21.31,21.12,20.98,21.92,21.68,22.24,22.11,21.88,22.42,21.47,20.25,22.29,21.97,22.8,21.08,21.33,21.27,-2.02,0.0,0.643,0.516,0.0,1.0,0.0,0.469,1.0,0.0,1.0,1.0,0.0,1.0,0.0,1.0,1.0,0.0,1.0,0.0,0.0,0.0,36.0,21.0,23.0,541.43,646.8,0.0,941.91,0.0,331.06,771.36,0.0,761.23,167.57,0.0,764.59,0.0,1055.62,165.81,0.0,762.1,0.0,0.0,0.0,27.29,26.42,36.0,28.49,36.0,25.94,27.68,36.0,27.28,23.89,36.0,27.89,36.0,24.11,24.03,36.0,28.33,36.0,36.0,36.0,0.014871,0.016157,0.0,0.030001,0.0,0.007872,0.022187,0.0,0.020884,0.00331,0.0,0.022553,0.0,0.021246,0.003314,0.0,0.023767,0.0,0.0,0.0
2020-01-09 19:30:00,20.78,20.58,20.23,21.14,20.96,20.81,21.87,21.32,22.34,22.16,21.29,22.47,21.14,20.63,22.33,21.36,22.82,20.86,20.84,21.17,-2.1,0.0,0.643,0.516,0.0,1.0,0.0,0.469,1.0,0.0,1.0,1.0,0.0,1.0,0.0,1.0,1.0,0.0,1.0,0.0,0.0,0.0,36.0,21.0,23.0,540.65,644.98,0.0,946.21,0.0,346.45,768.81,0.0,748.16,167.0,0.0,760.69,0.0,949.65,165.2,0.0,759.74,0.0,0.0,0.0,27.3,26.45,36.0,28.45,36.0,25.47,27.71,36.0,27.43,23.93,36.0,27.93,36.0,25.31,24.08,36.0,28.35,36.0,36.0,36.0,0.014871,0.016157,0.0,0.030001,0.0,0.007872,0.022187,0.0,0.020884,0.00331,0.0,0.022553,0.0,0.021246,0.003314,0.0,0.023767,0.0,0.0,0.0
2020-01-09 19:45:00,20.75,20.54,20.11,21.08,20.79,20.6,21.8,21.0,22.42,22.2,20.76,22.52,20.8,21.04,22.38,20.76,22.85,20.67,20.39,21.05,-2.18,0.0,0.643,0.516,0.0,1.0,0.0,0.469,1.0,0.0,1.0,1.0,0.0,1.0,0.0,1.0,1.0,0.0,1.0,0.0,0.0,0.0,36.0,21.0,23.0,541.3,645.93,0.0,947.04,0.0,355.56,767.04,0.0,738.84,166.44,0.0,757.12,0.0,889.5,164.61,0.0,757.62,0.0,0.0,0.0,27.29,26.44,36.0,28.45,36.0,25.19,27.73,36.0,27.54,23.97,36.0,27.97,36.0,25.98,24.12,36.0,28.37,36.0,36.0,36.0,0.014871,0.016157,0.0,0.030001,0.0,0.007872,0.022187,0.0,0.020884,0.00331,0.0,0.022553,0.0,0.021246,0.003314,0.0,0.023767,0.0,0.0,0.0
2020-01-09 20:00:00,20.73,20.51,20.02,21.05,20.65,20.42,21.73,20.71,22.48,22.25,20.37,22.56,20.5,21.3,22.42,20.32,22.87,20.5,20.02,20.95,-2.2,0.0,0.643,0.516,0.0,1.0,0.0,0.469,1.0,0.0,1.0,1.0,0.0,1.0,0.0,1.0,1.0,0.0,1.0,0.0,0.0,0.0,36.0,21.0,23.0,541.65,646.33,0.0,948.18,0.0,361.76,766.22,0.0,731.8,165.9,0.0,753.79,0.0,851.02,164.04,0.0,755.65,0.0,0.0,0.0,27.29,26.43,36.0,28.44,36.0,25.01,27.74,36.0,27.62,24.01,36.0,28.0,36.0,26.42,24.16,36.0,28.39,36.0,36.0,36.0,0.014871,0.016157,0.0,0.030001,0.0,0.007872,0.022187,0.0,0.020884,0.00331,0.0,0.022553,0.0,0.021246,0.003314,0.0,0.023767,0.0,0.0,0.0
2020-01-09 20:15:00,21.01,20.91,20.78,21.22,20.79,20.51,21.74,20.82,22.53,22.29,20.49,22.6,20.6,21.13,22.46,20.46,22.86,20.63,20.16,20.97,-2.21,0.0,1.0,1.0,1.0,1.0,1.0,1.0,1.0,1.0,1.0,1.0,1.0,1.0,1.0,0.0,1.0,1.0,0.884,1.0,1.0,1.0,36.0,21.0,23.0,716.32,1007.2,682.71,944.68,184.06,709.78,765.63,734.63,726.28,165.37,781.8,750.72,751.0,0.0,163.48,811.32,679.82,839.11,1100.1,237.01,28.59,28.3,28.71,28.47,22.64,25.89,27.74,25.01,27.68,24.05,25.02,28.04,24.87,36.0,24.2,25.14,28.26,24.15,24.27,22.23,0.023114,0.031288,0.022413,0.030001,0.003296,0.0168,0.022187,0.015987,0.020884,0.00331,0.017031,0.022553,0.016137,0.0,0.003314,0.017867,0.021013,0.016941,0.022431,0.004117
2020-01-09 20:30:00,21.18,21.13,21.23,21.42,21.03,20.8,21.86,21.17,22.58,22.33,20.89,22.64,20.95,20.66,22.51,20.91,22.83,20.97,20.62,21.09,-2.23,0.0,1.0,1.0,1.0,1.0,1.0,1.0,1.0,1.0,1.0,1.0,1.0,1.0,1.0,0.0,1.0,1.0,0.884,1.0,1.0,1.0,36.0,21.0,23.0,716.49,1008.42,695.87,940.68,184.39,666.8,763.91,658.67,721.79,164.85,698.88,747.86,672.61,0.0,162.95,721.21,687.71,738.3,985.72,229.18,28.58,28.29,28.57,28.5,22.61,26.5,27.76,26.14,27.73,24.09,26.18,28.07,26.03,36.0,24.24,26.34,28.17,25.57,25.49,22.68,0.023114,0.031288,0.022413,0.030001,0.003296,0.0168,0.022187,0.015987,0.020884,0.00331,0.017031,0.022553,0.016137,0.0,0.003314,0.017867,0.021013,0.016941,0.022431,0.004117
2020-01-09 20:45:00,21.23,21.2,21.28,21.49,21.15,21.05,22.02,21.44,22.62,22.37,21.29,22.68,21.27,20.21,22.55,21.35,22.81,21.27,21.08,21.22,-2.24,0.0,1.0,1.0,1.0,1.0,1.0,1.0,1.0,1.0,1.0,1.0,1.0,1.0,1.0,0.0,1.0,1.0,0.884,1.0,1.0,1.0,36.0,21.0,23.0,713.3,1002.37,689.51,936.81,183.38,641.54,760.45,617.01,717.94,164.34,653.62,745.15,629.51,0.0,162.42,671.88,692.07,682.59,920.14,223.94,28.62,28.34,28.64,28.53,22.69,26.86,27.8,26.77,27.78,24.12,26.82,28.1,26.67,36.0,24.28,27.0,28.12,26.36,26.19,22.99,0.023114,0.031288,0.022413,0.030001,0.003296,0.0168,0.022187,0.015987,0.020884,0.00331,0.017031,0.022553,0.016137,0.0,0.003314,0.017867,0.021013,0.016941,0.022431,0.004117
2020-01-09 21:00:00,21.21,21.19,21.28,21.47,21.24,21.21,22.11,21.62,22.66,22.41,21.53,22.71,21.48,19.87,22.59,21.6,22.79,21.5,21.35,21.33,-2.3,0.0,1.0,1.0,1.0,1.0,1.0,1.0,1.0,1.0,1.0,1.0,1.0,1.0,1.0,0.0,1.0,1.0,0.884,1.0,1.0,1.0,36.0,21.0,23.0,685.08,964.49,662.94,904.09,181.77,625.33,756.6,592.47,714.67,163.86,626.61,742.67,603.76,0.0,161.92,642.57,694.53,649.24,879.53,220.16,28.91,28.63,28.92,28.79,22.81,27.09,27.84,27.13,27.81,24.16,27.2,28.12,27.05,36.0,24.31,27.4,28.09,26.83,26.62,23.21,0.023114,0.031288,0.022413,0.030001,0.003296,0.0168,0.022187,0.015987,0.020884,0.00331,0.017031,0.022553,0.016137,0.0,0.003314,0.017867,0.021013,0.016941,0.022431,0.004117
2020-01-09 21:15:00,20.98,20.78,20.86,21.39,21.07,21.02,22.19,21.4,22.69,22.45,21.66,22.75,21.28,20.03,22.62,21.73,22.82,21.35,21.12,21.41,-2.35,0.0,0.65,0.483,0.443,1.0,0.0,0.0,1.0,0.0,1.0,1.0,1.0,1.0,0.0,1.0,1.0,1.0,1.0,0.0,0.0,1.0,36.0,21.0,23.0,540.2,607.23,393.15,935.07,0.0,0.0,753.65,0.0,711.77,163.36,608.9,740.34,0.0,1062.63,161.41,623.51,772.07,0.0,0.0,217.19,27.4,26.39,26.52,28.54,36.0,36.0,27.87,36.0,27.85,24.19,27.45,28.15,36.0,24.03,24.35,27.65,28.23,36.0,36.0,23.38,0.015031,0.015124,0.009921,0.030001,0.0,0.0,0.022187,0.0,0.020884,0.00331,0.017031,0.022553,0.0,0.021246,0.003314,0.017867,0.023767,0.0,0.0,0.004117
2020-01-09 21:30:00,20.86,20.63,20.71,21.26,20.91,20.55,22.11,20.98,22.72,22.49,21.78,22.78,20.8,20.46,22.66,21.85,22.87,21.08,20.61,21.5,-2.4,0.0,0.65,0.483,0.443,1.0,0.0,0.0,1.0,0.0,1.0,1.0,1.0,1.0,0.0,1.0,1.0,1.0,1.0,0.0,0.0,1.0,36.0,21.0,23.0,540.11,606.62,392.83,940.43,0.0,0.0,751.65,0.0,709.18,162.87,597.34,738.1,0.0,958.41,160.91,611.31,762.4,0.0,0.0,214.86,27.4,26.4,26.53,28.5,36.0,36.0,27.9,36.0,27.88,24.23,27.61,28.17,36.0,25.21,24.39,27.81,28.33,36.0,36.0,23.51,0.015031,0.015124,0.009921,0.030001,0.0,0.0,0.022187,0.0,0.020884,0.00331,0.017031,0.022553,0.0,0.021246,0.003314,0.017867,0.023767,0.0,0.0,0.004117
2020-01-09 21:45:00,20.84,20.6,20.68,21.22,20.74,20.04,22.01,20.63,22.75,22.52,21.87,22.81,20.38,20.86,22.7,21.93,22.91,20.84,20.1,21.57,-2.46,0.0,0.65,0.483,0.443,1.0,0.0,0.0,1.0,0.0,1.0,1.0,1.0,1.0,0.0,1.0,1.0,1.0,1.0,0.0,0.0,1.0,36.0,21.0,23.0,541.03,608.1,394.22,942.27,0.0,0.0,751.28,0.0,706.87,162.4,589.15,736.02,0.0,898.74,160.43,602.85,756.62,0.0,0.0,212.94,27.39,26.38,26.49,28.49,36.0,36.0,27.9,36.0,27.9,24.26,27.72,28.19,36.0,25.88,24.42,27.93,28.38,36.0,36.0,23.63,0.015031,0.015124,0.009921,0.030001,0.0,0.0,0.022187,0.0,0.020884,0.00331,0.017031,0.022553,0.0,0.021246,0.003314,0.017867,0.023767,0.0,0.0,0.004117
2020-01-09 22:00:00,20.82,20.57,20.65,21.2,20.62,19.68,21.91,20.37,22.78,22.56,21.95,22.84,20.02,21.13,22.74,22.0,22.95,20.64,19.72,21.64,-2.51,0.0,0.65,0.483,0.443,1.0,0.0,0.0,1.0,0.0,1.0,1.0,1.0,1.0,0.0,1.0,1.0,1.0,1.0,0.0,0.0,1.0,36.0,21.0,23.0,541.34,608.68,395.04,942.79,0.0,0.0,751.66,0.0,704.73,161.94,582.9,733.97,0.0,860.53,159.96,596.59,752.64,0.0,0.0,211.3,27.38,26.37,26.47,28.48,36.0,36.0,27.9,36.0,27.93,24.3,27.81,28.21,36.0,26.31,24.45,28.01,28.42,36.0,36.0,23.72,0.015031,0.015124,0.009921,0.030001,0.0,0.0,0.022187,0.0,0.020884,0.00331,0.017031,0.022553,0.0,0.021246,0.003314,0.017867,0.023767,0.0,0.0,0.004117
2020-01-09 22:15:00,21.08,20.99,21.07,21.31,20.78,19.77,21.91,20.5,22.81,22.6,22.02,22.87,20.1,20.94,22.77,22.07,22.9,20.75,19.89,21.71,-2.57,0.0,1.0,1.0,1.0,1.0,1.0,1.0,1.0,1.0,1.0,1.0,1.0,0.964,1.0,0.0,1.0,1.0,0.703,1.0,1.0,1.0,36.0,21.0,23.0,714.27,1004.21,694.32,943.26,182.88,825.6,752.22,757.46,702.7,161.48,577.84,709.9,774.6,0.0,159.5,591.6,554.89,820.11,1117.52,209.85,28.61,28.32,28.59,28.48,22.72,24.24,27.89,24.67,27.95,24.33,27.88,28.19,24.52,36.0,24.49,28.08,28.06,24.42,24.08,23.81,0.023114,0.031288,0.022413,0.030001,0.003296,0.0168,0.022187,0.015987,0.020884,0.00331,0.017031,0.021749,0.016137,0.0,0.003314,0.017867,0.01671,0.016941,0.022431,0.004117
2020-01-09 22:30:00,21.21,21.16,21.24,21.44,20.99,20.2,22.02,20.88,22.84,22.63,22.08,22.89,20.49,20.49,22.81,22.13,22.79,21.07,20.37,21.78,-2.63,0.0,1.0,1.0,1.0,1.0,1.0,1.0,1.0,1.0,1.0,1.0,1.0,0.964,1.0,0.0,1.0,1.0,0.703,1.0,1.0,1.0,36.0,21.0,23.0,717.75,1012.93,702.17,937.66,184.0,736.49,751.1,678.0,700.77,161.03,573.59,710.73,693.57,0.0,159.05,587.42,573.36,726.59,1002.78,208.54,28.57,28.25,28.51,28.52,22.64,25.51,27.9,25.85,27.97,24.36,27.94,28.18,25.72,36.0,24.52,28.13,27.79,25.74,25.3,23.88,0.023114,0.031288,0.022413,0.030001,0.003296,0.0168,0.022187,0.015987,0.020884,0.00331,0.017031,0.021749,0.016137,0.0,0.003314,0.017867,0.01671,0.016941,0.022431,0.004117
2020-01-09 22:45:00,21.22,21.18,21.25,21.48,21.11,20.63,22.18,21.23,22.87,22.67,22.14,22.92,20.88,20.06,22.85,22.18,22.71,21.36,20.83,21.84,-2.68,0.0,1.0,1.0,1.0,1.0,1.0,1.0,1.0,1.0,1.0,1.0,1.0,0.964,1.0,0.0,1.0,1.0,0.703,1.0,1.0,1.0,36.0,21.0,23.0,718.73,1015.38,704.93,935.26,183.96,687.15,748.17,633.98,698.91,160.59,569.92,710.42,648.41,0.0,158.61,583.82,584.6,675.13,936.86,207.34,28.56,28.24,28.48,28.54,22.65,26.21,27.93,26.51,27.99,24.39,27.99,28.19,26.39,36.0,24.55,28.18,27.63,26.47,26.01,23.95,0.023114,0.031288,0.022413,0.030001,0.003296,0.0168,0.022187,0.015987,0.020884,0.00331,0.017031,0.021749,0.016137,0.0,0.003314,0.017867,0.01671,0.016941,0.022431,0.004117
2020-01-09 23:00:00,21.18,21.14,21.21,21.46,21.18,20.9,22.25,21.42,22.89,22.71,22.19,22.93,21.15,19.71,22.88,22.22,22.63,21.57,21.1,21.9,-2.73,0.0,1.0,1.0,1.0,1.0,1.0,1.0,1.0,1.0,1.0,1.0,1.0,0.964,1.0,0.0,1.0,1.0,0.703,1.0,1.0,1.0,36.0,21.0,23.0,693.55,983.99,683.07,903.23,183.44,657.0,744.8,607.15,697.21,160.17,566.78,709.66,620.69,0.0,158.18,580.81,591.95,644.18,895.52,206.27,28.82,28.48,28.71,28.8,22.68,26.64,27.97,26.91,28.01,24.43,28.04,28.19,26.8,36.0,24.58,28.22,27.52,26.9,26.45,24.01,0.023114,0.031288,0.022413,0.030001,0.003296,0.0168,0.022187,0.015987,0.020884,0.00331,0.017031,0.021749,0.016137,0.0,0.003314,0.017867,0.01671,0.016941,0.022431,0.004117
2020-01-09 23:15:00,21.21,20.67,20.82,21.37,20.97,21.06,22.32,21.2,22.84,22.74,22.22,22.89,21.2,19.87,22.91,22.25,22.67,21.41,21.08,21.96,-2.78,0.0,1.0,0.46,0.51,1.0,0.0,1.0,1.0,0.0,0.761,1.0,1.0,0.783,0.537,1.0,1.0,1.0,1.0,0.0,0.477,1.0,36.0,21.0,23.0,722.74,601.61,454.95,934.72,0.0,636.79,742.54,0.0,549.48,159.73,564.06,593.34,350.11,1073.96,157.74,578.25,807.59,0.0,451.64,205.19,28.52,26.0,26.48,28.55,36.0,26.93,27.99,36.0,27.73,24.46,28.08,27.97,26.33,23.91,24.61,28.26,27.87,36.0,25.9,24.08,0.023114,0.014397,0.011435,0.030001,0.0,0.0168,0.022187,0.0,0.015897,0.00331,0.017031,0.017667,0.008664,0.021246,0.003314,0.017867,0.023767,0.0,0.010699,0.004117
2020-01-09 23:30:00,21.16,20.51,20.66,21.26,20.79,21.17,22.24,20.76,22.73,22.77,22.26,22.85,21.15,20.27,22.95,22.28,22.81,21.15,20.89,22.01,-2.83,0.0,1.0,0.46,0.51,1.0,0.0,1.0,1.0,0.0,0.761,1.0,1.0,0.783,0.537,1.0,1.0,1.0,1.0,0.0,0.477,1.0,36.0,21.0,23.0,726.36,605.43,458.39,940.01,0.0,623.29,741.1,0.0,563.06,159.3,561.66,604.99,362.59,969.02,157.32,576.04,783.29,0.0,470.95,204.2,28.48,25.94,26.41,28.5,36.0,27.12,28.01,36.0,27.53,24.49,28.11,27.81,25.99,25.09,24.64,28.29,28.12,36.0,25.47,24.13,0.023114,0.014397,0.011435,0.030001,0.0,0.0168,0.022187,0.0,0.015897,0.00331,0.017031,0.017667,0.008664,0.021246,0.003314,0.017867,0.023767,0.0,0.010699,0.004117
2020-01-09 23:45:00,21.14,20.44,20.6,21.2,20.58,21.25,22.13,20.38,22.65,22.8,22.29,22.8,21.08,20.66,22.98,22.31,22.89,20.9,20.74,22.07,-2.87,0.0,1.0,0.46,0.51,1.0,0.0,1.0,1.0,0.0,0.761,1.0,1.0,0.783,0.537,1.0,1.0,1.0,1.0,0.0,0.477,1.0,36.0,21.0,23.0,729.18,611.4,463.37,942.16,0.0,613.8,741.23,0.0,571.55,158.89,559.56,611.81,369.69,909.28,156.9,574.15,769.24,0.0,482.95,203.26,28.45,25.84,26.31,28.49,36.0,27.26,28.01,36.0,27.4,24.52,28.14,27.72,25.79,25.76,24.67,28.31,28.26,36.0,25.2,24.19,0.023114,0.014397,0.011435,0.030001,0.0,0.0168,0.022187,0.0,0.015897,0.00331,0.017031,0.017667,0.008664,0.021246,0.003314,0.017867,0.023767,0.0,0.010699,0.004117
2020-01-10 00:00:00,21.1,20.38,20.55,21.16,20.45,21.31,22.09,20.1,22.6,22.84,22.32,22.76,21.05,20.94,23.02,22.34,22.95,20.65,20.63,22.13,-2.9,0.0,1.0,0.46,0.51,1.0,0.0,1.0,1.0,0.0,0.761,1.0,1.0,0.783,0.537,1.0,1.0,1.0,1.0,0.0,0.477,1.0,36.0,21.0,23.0,699.07,604.28,456.0,911.59,0.0,606.91,742.22,0.0,577.11,158.49,557.66,616.11,373.99,871.88,156.51,572.45,760.61,0.0,490.84,202.39,28.76,25.96,26.46,28.73,36.0,27.36,28.0,36.0,27.31,24.55,28.17,27.66,25.67,26.18,24.7,28.33,28.34,36.0,25.02,24.24,0.023114,0.014397,0.011435,0.030001,0.0,0.0168,0.022187,0.0,0.015897,0.00331,0.017031,0.017667,0.008664,0.021246,0.003314,0.017867,0.023767,0.0,0.010699,0.004117
2020-01-10 00:15:00,21.15,20.81,20.9,21.24,20.54,21.35,22.0,20.26,22.3,22.87,22.36,22.81,21.11,20.88,23.0,22.36,22.91,20.83,20.78,22.17,-2.93,0.0,1.0,1.0,1.0,1.0,1.0,1.0,1.0,1.0,0.0,1.0,1.0,1.0,0.705,0.359,0.433,1.0,0.726,1.0,1.0,1.0,36.0,21.0,23.0,723.64,1049.14,730.53,943.44,188.11,601.16,742.57,772.31,0.0,158.08,555.86,762.94,480.22,336.97,69.19,570.88,574.76,818.2,953.33,201.51,28.51,27.98,28.2,28.48,22.35,27.44,27.99,24.44,36.0,24.58,28.19,27.91,25.9,25.44,24.46,28.36,28.04,24.45,25.83,24.29,0.023114,0.031288,0.022413,0.030001,0.003296,0.0168,0.022187,0.015987,0.0,0.00331,0.017031,0.022553,0.011372,0.007633,0.001435,0.017867,0.017267,0.016941,0.022431,0.004117
2020-01-10 00:30:00,21.21,21.0,21.08,21.37,20.77,21.43,22.1,20.63,21.8,22.9,22.39,22.89,21.18,20.69,22.96,22.39,22.82,21.1,21.05,22.22,-2.96,0.0,1.0,1.0,1.0,1.0,1.0,1.0,1.0,1.0,0.0,1.0,1.0,1.0,0.705,0.359,0.433,1.0,0.726,1.0,1.0,1.0,36.0,21.0,23.0,720.67,1054.02,733.32,939.48,189.19,596.37,742.01,691.07,0.0,157.68,554.14,746.32,472.06,355.57,70.34,569.37,590.83,725.73,899.36,200.68,28.54,27.94,28.17,28.51,22.27,27.51,28.0,25.66,36.0,24.61,28.22,28.08,26.07,24.86,24.27,28.38,27.81,25.75,26.41,24.34,0.023114,0.031288,0.022413,0.030001,0.003296,0.0168,0.022187,0.015987,0.0,0.00331,0.017031,0.022553,0.011372,0.007633,0.001435,0.017867,0.017267,0.016941,0.022431,0.004117
2020-01-10 00:45:00,21.24,21.02,21.09,21.41,20.91,21.49,22.25,20.98,21.42,22.93,22.42,22.96,21.24,20.5,22.93,22.42,22.75,21.37,21.27,22.27,-2.98,0.0,1.0,1.0,1.0,1.0,1.0,1.0,1.0,1.0,0.0,1.0,1.0,1.0,0.705,0.359,0.433,1.0,0.726,1.0,1.0,1.0,36.0,21.0,23.0,717.36,1052.57,731.99,937.27,188.73,592.18,739.94,646.03,0.0,157.28,552.55,736.66,467.07,367.31,71.13,567.99,600.48,675.0,867.32,199.88,28.58,27.95,28.19,28.53,22.3,27.57,28.02,26.33,36.0,24.63,28.24,28.19,26.17,24.49,24.14,28.39,27.68,26.47,26.75,24.38,0.023114,0.031288,0.022413,0.030001,0.003296,0.0168,0.022187,0.015987,0.0,0.00331,0.017031,0.022553,0.011372,0.007633,0.001435,0.017867,0.017267,0.016941,0.022431,0.004117
2020-01-10 01:00:00,21.24,21.02,21.09,21.4,21.0,21.54,22.35,21.16,21.08,22.96,22.43,22.98,21.27,20.33,22.89,22.42,22.67,21.53,21.39,22.32,-3.02,0.0,1.0,1.0,1.0,1.0,1.0,1.0,1.0,1.0,0.0,1.0,1.0,1.0,0.705,0.359,0.433,1.0,0.726,1.0,1.0,1.0,36.0,21.0,23.0,714.87,1053.7,732.51,937.47,188.55,588.57,737.52,618.33,0.0,156.9,551.21,730.57,463.81,375.57,71.71,566.89,607.04,644.13,846.46,199.11,28.6,27.94,28.18,28.52,22.31,27.62,28.05,26.75,36.0,24.66,28.26,28.25,26.24,24.23,24.04,28.41,27.59,26.9,26.97,24.43,0.023114,0.031288,0.022413,0.030001,0.003296,0.0168,0.022187,0.015987,0.0,0.00331,0.017031,0.022553,0.011372,0.007633,0.001435,0.017867,0.017267,0.016941,0.022431,0.004117
2020-01-10 01:15:00,21.24,20.67,20.85,21.33,20.88,21.26,22.34,21.24,21.14,22.92,22.43,22.91,21.13,20.45,22.91,22.15,22.69,21.38,21.07,22.25,-3.07,0.0,1.0,0.617,0.725,1.0,0.273,0.0,1.0,1.0,1.0,0.0,1.0,0.685,0.373,1.0,1.0,0.309,1.0,0.0,0.0,0.0,36.0,21.0,23.0,712.57,769.81,599.53,938.03,55.59,0.0,735.55,600.97,953.64,0.0,550.18,524.45,259.35,957.81,162.79,200.06,803.29,0.0,0.0,0.0,28.62,26.46,27.18,28.52,21.2,36.0,28.07,27.01,25.08,36.0,28.27,27.88,25.69,25.21,24.25,27.33,27.91,36.0,36.0,36.0,0.023114,0.019295,0.016258,0.030001,0.000899,0.0,0.022187,0.015987,0.020884,0.0,0.017031,0.01545,0.006018,0.021246,0.003314,0.005522,0.023767,0.0,0.0,0.0
2020-01-10 01:30:00,21.21,20.55,20.75,21.24,20.87,20.73,22.23,21.27,21.43,22.82,22.43,22.78,20.86,20.72,22.95,21.74,22.77,21.07,20.5,22.12,-3.11,0.0,1.0,0.617,0.725,1.0,0.273,0.0,1.0,1.0,1.0,0.0,1.0,0.685,0.373,1.0,1.0,0.309,1.0,0.0,0.0,0.0,36.0,21.0,23.0,710.73,770.48,599.94,941.85,55.67,0.0,735.43,590.08,866.24,0.0,549.38,542.03,270.41,896.3,160.46,219.46,781.33,0.0,0.0,0.0,28.64,26.45,27.17,28.49,21.18,36.0,28.07,27.17,26.08,36.0,28.28,27.61,25.25,25.91,24.42,26.49,28.14,36.0,36.0,36.0,0.023114,0.019295,0.016258,0.030001,0.000899,0.0,0.022187,0.015987,0.020884,0.0,0.017031,0.01545,0.006018,0.021246,0.003314,0.005522,0.023767,0.0,0.0,0.0
2020-01-10 01:45:00,21.2,20.51,20.72,21.19,20.87,20.27,22.09,21.31,21.7,22.72,22.43,22.65,20.57,20.94,23.0,21.37,22.83,20.8,19.94,21.99,-3.15,0.0,1.0,0.617,0.725,1.0,0.273,0.0,1.0,1.0,1.0,0.0,1.0,0.685,0.373,1.0,1.0,0.309,1.0,0.0,0.0,0.0,36.0,21.0,23.0,710.6,771.42,599.96,944.1,55.66,0.0,736.97,582.47,817.99,0.0,548.76,553.12,278.12,860.56,158.89,232.87,769.19,0.0,0.0,0.0,28.65,26.44,27.17,28.47,21.18,36.0,28.05,27.28,26.63,36.0,28.29,27.44,24.94,26.31,24.53,25.91,28.26,36.0,36.0,36.0,0.023114,0.019295,0.016258,0.030001,0.000899,0.0,0.022187,0.015987,0.020884,0.0,0.017031,0.01545,0.006018,0.021246,0.003314,0.005522,0.023767,0.0,0.0,0.0
2020-01-10 02:00:00,21.16,20.46,20.69,21.17,20.87,19.95,22.02,21.37,21.98,22.62,22.46,22.51,20.42,21.19,23.04,21.09,22.82,20.55,19.59,21.86,-3.15,0.0,1.0,0.617,0.725,1.0,0.273,0.0,1.0,1.0,1.0,0.0,1.0,0.685,0.373,1.0,1.0,0.309,1.0,0.0,0.0,0.0,36.0,21.0,23.0,683.11,754.88,582.97,912.5,55.6,0.0,739.3,576.82,788.52,0.0,548.06,560.69,283.87,837.58,157.74,242.56,762.09,0.0,0.0,0.0,28.93,26.64,27.42,28.72,21.2,36.0,28.03,27.37,26.97,36.0,28.3,27.32,24.71,26.57,24.61,25.49,28.33,36.0,36.0,36.0,0.023114,0.019295,0.016258,0.030001,0.000899,0.0,0.022187,0.015987,0.020884,0.0,0.017031,0.01545,0.006018,0.021246,0.003314,0.005522,0.023767,0.0,0.0,0.0
2020-01-10 02:15:00,21.15,20.76,20.88,21.14,21.04,20.11,21.87,21.4,22.12,22.53,22.49,22.59,20.44,20.93,23.01,21.24,22.87,20.79,19.79,21.75,-3.15,0.0,1.0,1.0,1.0,1.0,1.0,1.0,1.0,1.0,1.0,0.0,1.0,1.0,1.0,0.0,0.19,1.0,0.992,1.0,1.0,0.0,36.0,21.0,23.0,682.47,1023.95,706.49,912.07,187.02,802.68,740.06,571.95,768.15,0.0,547.19,785.66,692.62,0.0,30.84,708.57,752.89,824.02,1116.04,0.0,28.94,28.17,28.46,28.73,22.42,24.57,28.02,27.44,27.2,36.0,28.31,27.67,25.73,36.0,24.29,26.51,28.36,24.36,24.1,36.0,0.023114,0.031288,0.022413,0.030001,0.003296,0.0168,0.022187,0.015987,0.020884,0.0,0.017031,0.022553,0.016137,0.0,0.00063,0.017867,0.023573,0.016941,0.022431,0.0
2020-01-10 02:30:00,21.23,20.9,20.99,21.32,21.13,20.46,22.07,21.54,22.23,22.47,22.51,22.71,20.76,20.51,22.95,21.53,22.91,20.97,20.25,21.66,-3.16,0.0,1.0,1.0,1.0,1.0,1.0,1.0,1.0,1.0,1.0,0.0,1.0,1.0,1.0,0.0,0.19,1.0,0.992,1.0,1.0,0.0,36.0,21.0,23.0,707.8,1058.33,730.91,941.82,188.25,717.45,741.51,567.7,754.15,0.0,546.18,761.89,645.89,0.0,31.56,655.5,750.03,730.06,1003.0,0.0,28.67,27.91,28.2,28.49,22.33,25.78,28.0,27.5,27.36,36.0,28.33,27.92,26.42,36.0,24.02,27.22,28.39,25.69,25.3,36.0,0.023114,0.031288,0.022413,0.030001,0.003296,0.0168,0.022187,0.015987,0.020884,0.0,0.017031,0.022553,0.016137,0.0,0.00063,0.017867,0.023573,0.016941,0.022431,0.0
2020-01-10 02:45:00,21.28,20.98,21.07,21.37,21.2,20.86,22.21,21.62,22.32,22.39,22.55,22.83,21.09,20.03,22.88,21.82,22.95,21.29,20.73,21.56,-3.16,0.0,1.0,1.0,1.0,1.0,1.0,1.0,1.0,1.0,1.0,0.0,1.0,1.0,1.0,0.0,0.19,1.0,0.992,1.0,1.0,0.0,36.0,21.0,23.0,706.32,1052.35,726.69,939.37,187.6,670.75,739.88,563.48,744.16,0.0,545.04,748.02,618.32,0.0,32.06,626.14,747.4,678.34,938.17,0.0,28.69,27.95,28.24,28.51,22.38,26.45,28.02,27.57,27.48,36.0,28.34,28.07,26.83,36.0,23.83,27.62,28.41,26.42,25.99,36.0,0.023114,0.031288,0.022413,0.030001,0.003296,0.0168,0.022187,0.015987,0.020884,0.0,0.017031,0.022553,0.016137,0.0,0.00063,0.017867,0.023573,0.016941,0.022431,0.0
2020-01-10 03:00:00,21.24,20.97,21.06,21.36,21.24,21.12,22.29,21.68,22.4,22.3,22.58,22.91,21.3,19.68,22.81,21.98,22.99,21.52,21.01,21.45,-3.17,0.0,1.0,1.0,1.0,1.0,1.0,1.0,1.0,1.0,1.0,0.0,1.0,1.0,1.0,0.0,0.19,1.0,0.992,1.0,1.0,0.0,36.0,21.0,23.0,678.58,1011.86,697.32,906.61,186.23,642.63,737.11,559.92,736.72,0.0,543.9,739.13,600.62,0.0,32.44,608.56,745.1,647.44,897.66,0.0,28.98,28.26,28.56,28.77,22.48,26.85,28.05,27.62,27.56,36.0,28.36,28.16,27.1,36.0,23.68,27.85,28.44,26.86,26.43,36.0,0.023114,0.031288,0.022413,0.030001,0.003296,0.0168,0.022187,0.015987,0.020884,0.0,0.017031,0.022553,0.016137,0.0,0.00063,0.017867,0.023573,0.016941,0.022431,0.0
2020-01-10 03:15:00,20.9,20.8,20.96,21.33,21.03,21.0,22.37,21.43,22.46,22.24,22.25,22.91,21.13,19.85,22.82,22.08,22.91,21.38,20.9,21.38,-3.17,0.0,0.541,0.72,0.795,1.0,0.0,0.186,1.0,0.0,1.0,0.0,0.0,0.834,0.0,1.0,1.0,1.0,0.639,0.0,0.237,0.0,36.0,21.0,23.0,470.71,846.91,625.24,937.36,0.0,134.78,735.0,0.0,730.49,0.0,0.0,627.75,0.0,1068.7,166.5,596.84,509.18,0.0,235.08,0.0,27.0,27.01,27.61,28.53,36.0,25.67,28.07,36.0,27.63,36.0,36.0,28.01,36.0,23.97,23.98,28.01,27.98,36.0,25.42,36.0,0.012514,0.022528,0.017826,0.030001,0.0,0.003123,0.022187,0.0,0.020884,0.0,0.0,0.018803,0.0,0.021246,0.003314,0.017867,0.015191,0.0,0.005318,0.0
2020-01-10 03:30:00,20.79,20.74,20.92,21.27,20.84,20.65,22.3,21.01,22.51,22.18,21.72,22.91,20.71,20.23,22.88,22.16,22.81,21.15,20.61,21.29,-3.18,0.0,0.541,0.72,0.795,1.0,0.0,0.186,1.0,0.0,1.0,0.0,0.0,0.834,0.0,1.0,1.0,1.0,0.639,0.0,0.237,0.0,36.0,21.0,23.0,473.07,844.66,623.89,940.52,0.0,147.12,734.12,0.0,725.43,0.0,0.0,635.62,0.0,965.28,163.16,589.0,530.16,0.0,253.15,0.0,26.96,27.03,27.63,28.5,36.0,24.73,28.08,36.0,27.69,36.0,36.0,27.91,36.0,25.13,24.22,28.11,27.65,36.0,24.61,36.0,0.012514,0.022528,0.017826,0.030001,0.0,0.003123,0.022187,0.0,0.020884,0.0,0.0,0.018803,0.0,0.021246,0.003314,0.017867,0.015191,0.0,0.005318,0.0
2020-01-10 03:45:00,20.75,20.74,20.93,21.25,20.62,20.26,22.2,20.62,22.56,22.11,21.2,22.9,20.25,20.67,22.94,22.23,22.69,20.93,20.31,21.2,-3.18,0.0,0.541,0.72,0.795,1.0,0.0,0.186,1.0,0.0,1.0,0.0,0.0,0.834,0.0,1.0,1.0,1.0,0.639,0.0,0.237,0.0,36.0,21.0,23.0,476.99,843.88,623.28,940.4,0.0,155.43,733.74,0.0,721.17,0.0,0.0,639.61,0.0,906.49,160.95,583.46,542.98,0.0,265.23,0.0,26.88,27.04,27.64,28.5,36.0,24.09,28.09,36.0,27.74,36.0,36.0,27.86,36.0,25.79,24.38,28.19,27.45,36.0,24.07,36.0,0.012514,0.022528,0.017826,0.030001,0.0,0.003123,0.022187,0.0,0.020884,0.0,0.0,0.018803,0.0,0.021246,0.003314,0.017867,0.015191,0.0,0.005318,0.0
2020-01-10 04:00:00,20.7,20.73,20.92,21.24,20.45,19.96,22.1,20.28,22.6,22.04,20.79,22.88,19.89,20.94,22.99,22.28,22.59,20.72,20.04,21.11,-3.2,0.0,0.541,0.72,0.795,1.0,0.0,0.186,1.0,0.0,1.0,0.0,0.0,0.834,0.0,1.0,1.0,1.0,0.639,0.0,0.237,0.0,36.0,21.0,23.0,480.86,842.98,622.75,940.72,0.0,161.67,734.55,0.0,717.46,0.0,0.0,641.96,0.0,868.62,159.35,579.27,551.94,0.0,274.19,0.0,26.81,27.05,27.64,28.5,36.0,23.61,28.08,36.0,27.78,36.0,36.0,27.83,36.0,26.22,24.5,28.24,27.31,36.0,23.67,36.0,0.012514,0.022528,0.017826,0.030001,0.0,0.003123,0.022187,0.0,0.020884,0.0,0.0,0.018803,0.0,0.021246,0.003314,0.017867,0.015191,0.0,0.005318,0.0
2020-01-10 04:15:00,20.98,20.92,21.02,21.21,20.58,20.09,22.07,20.39,22.63,22.04,20.9,22.89,20.01,20.89,23.01,22.31,22.64,20.81,20.2,21.02,-3.21,0.0,1.0,1.0,1.0,1.0,1.0,1.0,1.0,1.0,1.0,1.0,1.0,0.915,1.0,0.379,0.745,1.0,1.0,1.0,1.0,0.0,36.0,21.0,23.0,699.02,1003.99,691.84,909.58,188.0,770.39,735.92,752.48,714.41,181.44,756.33,696.86,782.41,353.58,119.13,576.13,820.66,821.14,1040.11,0.0,28.76,28.32,28.62,28.75,22.35,25.03,28.06,24.74,27.82,22.89,25.38,27.92,24.4,25.5,24.46,28.29,27.74,24.4,24.91,36.0,0.023114,0.031288,0.022413,0.030001,0.003296,0.0168,0.022187,0.015987,0.020884,0.00331,0.017031,0.020639,0.016137,0.008058,0.00247,0.017867,0.023767,0.016941,0.022431,0.0
2020-01-10 04:30:00,21.09,21.02,21.1,21.36,20.78,20.44,22.16,20.73,22.66,22.12,21.23,22.92,20.39,20.71,23.02,22.34,22.76,21.08,20.58,20.95,-3.23,0.0,1.0,1.0,1.0,1.0,1.0,1.0,1.0,1.0,1.0,1.0,1.0,0.915,1.0,0.379,0.745,1.0,1.0,1.0,1.0,0.0,36.0,21.0,23.0,731.03,1037.47,716.63,938.82,190.1,701.88,736.1,676.33,711.8,176.12,677.36,691.41,700.83,372.51,119.41,573.63,790.94,728.0,957.11,0.0,28.43,28.07,28.35,28.51,22.2,26.0,28.06,25.88,27.85,23.27,26.49,27.99,25.61,24.94,24.43,28.32,28.04,25.72,25.79,36.0,0.023114,0.031288,0.022413,0.030001,0.003296,0.0168,0.022187,0.015987,0.020884,0.00331,0.017031,0.020639,0.016137,0.008058,0.00247,0.017867,0.023767,0.016941,0.022431,0.0
2020-01-10 04:45:00,21.12,21.08,21.15,21.4,20.9,20.81,22.29,21.08,22.68,22.22,21.58,22.94,20.8,20.51,23.03,22.36,22.85,21.35,20.88,20.87,-3.25,0.0,1.0,1.0,1.0,1.0,1.0,1.0,1.0,1.0,1.0,1.0,1.0,0.915,1.0,0.379,0.745,1.0,1.0,1.0,1.0,0.0,36.0,21.0,23.0,733.27,1033.21,714.43,937.26,189.58,663.46,734.42,634.43,709.52,172.57,634.96,688.15,655.56,384.44,119.54,571.57,774.25,676.92,908.87,0.0,28.41,28.1,28.37,28.53,22.24,26.55,28.08,26.51,27.87,23.53,27.08,28.02,26.28,24.59,24.42,28.35,28.21,26.44,26.31,36.0,0.023114,0.031288,0.022413,0.030001,0.003296,0.0168,0.022187,0.015987,0.020884,0.00331,0.017031,0.020639,0.016137,0.008058,0.00247,0.017867,0.023767,0.016941,0.022431,0.0
2020-01-10 05:00:00,21.07,21.05,21.12,21.37,20.98,21.05,22.34,21.24,22.7,22.3,21.8,22.95,21.06,20.34,23.03,22.38,22.91,21.54,21.09,20.78,-3.25,0.0,1.0,1.0,1.0,1.0,1.0,1.0,1.0,1.0,1.0,1.0,1.0,0.915,1.0,0.379,0.745,1.0,1.0,1.0,1.0,0.0,36.0,21.0,23.0,708.78,994.07,686.78,905.17,188.54,639.91,732.11,609.49,707.55,170.02,609.97,686.0,628.04,392.61,119.58,569.87,764.13,646.6,879.01,0.0,28.66,28.4,28.67,28.78,22.31,26.89,28.11,26.88,27.89,23.71,27.43,28.05,26.69,24.34,24.42,28.37,28.31,26.87,26.62,36.0,0.023114,0.031288,0.022413,0.030001,0.003296,0.0168,0.022187,0.015987,0.020884,0.00331,0.017031,0.020639,0.016137,0.008058,0.00247,0.017867,0.023767,0.016941,0.022431,0.0
2020-01-10 05:15:00,20.94,20.81,20.9,21.31,20.98,20.99,22.4,21.32,22.71,22.27,21.91,22.91,20.95,20.49,23.01,22.39,22.6,21.38,21.22,20.82,-3.25,0.0,0.775,0.661,0.67,1.0,0.609,0.475,1.0,1.0,1.0,0.0,1.0,0.766,0.294,1.0,0.371,1.0,0.0,0.0,1.0,1.0,36.0,21.0,23.0,627.03,784.03,550.39,937.17,119.5,325.75,730.82,593.33,705.94,0.0,593.8,587.09,202.78,951.51,60.44,568.56,0.0,0.0,857.82,243.4,27.63,26.93,27.23,28.53,21.76,26.24,28.12,27.12,27.91,36.0,27.66,27.86,25.76,25.29,24.23,28.39,36.0,36.0,26.85,21.86,0.01792,0.020671,0.01502,0.030001,0.002007,0.007983,0.022187,0.015987,0.020884,0.0,0.017031,0.017265,0.004738,0.021246,0.001229,0.017867,0.0,0.0,0.022431,0.004117
2020-01-10 05:30:00,20.87,20.73,20.81,21.24,21.01,20.81,22.3,21.39,22.72,22.19,22.01,22.84,20.69,20.77,22.97,22.41,22.03,21.12,21.33,20.96,-3.25,0.0,0.775,0.661,0.67,1.0,0.609,0.475,1.0,1.0,1.0,0.0,1.0,0.766,0.294,1.0,0.371,1.0,0.0,0.0,1.0,1.0,36.0,21.0,23.0,625.24,781.68,549.49,941.27,118.83,342.14,730.39,582.97,704.51,0.0,583.33,596.6,217.26,892.11,61.2,567.36,0.0,0.0,843.15,234.19,27.65,26.95,27.25,28.49,21.84,25.75,28.12,27.28,27.93,36.0,27.81,27.73,25.03,25.95,24.09,28.4,36.0,36.0,27.01,22.39,0.01792,0.020671,0.01502,0.030001,0.002007,0.007983,0.022187,0.015987,0.020884,0.0,0.017031,0.017265,0.004738,0.021246,0.001229,0.017867,0.0,0.0,0.022431,0.004117
2020-01-10 05:45:00,20.86,20.71,20.79,21.22,21.05,20.62,22.18,21.45,22.73,22.1,22.09,22.79,20.46,20.99,22.93,22.42,21.5,20.87,21.42,21.1,-3.25,0.0,0.775,0.661,0.67,1.0,0.609,0.475,1.0,1.0,1.0,0.0,1.0,0.766,0.294,1.0,0.371,1.0,0.0,0.0,1.0,1.0,36.0,21.0,23.0,623.89,780.62,549.56,942.95,118.27,352.17,731.51,575.75,703.28,0.0,576.1,602.5,226.65,857.41,61.74,566.36,0.0,0.0,832.31,227.97,27.67,26.97,27.25,28.48,21.9,25.45,28.11,27.38,27.94,36.0,27.91,27.65,24.56,26.35,23.98,28.42,36.0,36.0,27.12,22.75,0.01792,0.020671,0.01502,0.030001,0.002007,0.007983,0.022187,0.015987,0.020884,0.0,0.017031,0.017265,0.004738,0.021246,0.001229,0.017867,0.0,0.0,0.022431,0.004117
2020-01-10 06:00:00,20.86,20.71,20.78,21.22,21.09,20.49,22.08,21.51,22.75,22.02,22.15,22.75,20.29,21.16,22.9,22.44,21.11,20.68,21.51,21.22,-3.26,0.0,0.775,0.661,0.67,1.0,0.609,0.475,1.0,1.0,1.0,0.0,1.0,0.766,0.294,1.0,0.371,1.0,0.0,0.0,1.0,1.0,36.0,21.0,23.0,621.96,778.68,548.92,943.51,117.69,358.97,733.19,570.28,702.07,0.0,570.73,606.45,233.32,834.76,62.15,565.4,0.0,0.0,823.74,223.43,27.7,26.99,27.26,28.48,21.97,25.24,28.09,27.47,27.96,36.0,27.98,27.6,24.22,26.6,23.9,28.43,36.0,36.0,27.21,23.02,0.01792,0.020671,0.01502,0.030001,0.002007,0.007983,0.022187,0.015987,0.020884,0.0,0.017031,0.017265,0.004738,0.021246,0.001229,0.017867,0.0,0.0,0.022431,0.004117
2020-01-10 06:15:00,21.04,21.0,21.04,21.29,20.95,20.6,22.07,21.27,22.47,21.94,22.0,22.81,20.42,20.93,22.91,22.46,21.23,20.78,21.2,21.2,-3.26,0.0,1.0,1.0,1.0,1.0,0.0,1.0,1.0,0.0,0.0,0.0,0.407,1.0,1.0,0.0,1.0,1.0,1.0,1.0,0.0,0.0,36.0,21.0,23.0,724.5,1014.46,707.14,943.84,0.0,696.41,734.88,0.0,0.0,0.0,257.23,765.63,715.87,0.0,164.11,564.4,1044.96,822.11,0.0,0.0,28.5,28.24,28.45,28.47,36.0,26.08,28.08,36.0,36.0,36.0,27.13,27.88,25.39,36.0,24.15,28.44,25.48,24.39,36.0,36.0,0.023114,0.031288,0.022413,0.030001,0.0,0.0168,0.022187,0.0,0.0,0.0,0.006937,0.022553,0.016137,0.0,0.003314,0.017867,0.023767,0.016941,0.0,0.0
2020-01-10 06:30:00,21.14,21.13,21.15,21.38,20.78,20.87,22.16,20.83,21.96,21.87,21.73,22.9,20.76,20.45,22.97,22.48,21.63,21.08,20.67,21.09,-3.26,0.0,1.0,1.0,1.0,1.0,0.0,1.0,1.0,0.0,0.0,0.0,0.407,1.0,1.0,0.0,1.0,1.0,1.0,1.0,0.0,0.0,36.0,21.0,23.0,722.04,1012.06,706.59,940.49,0.0,655.64,734.87,0.0,0.0,0.0,275.8,747.12,661.44,0.0,161.3,563.4,937.67,728.6,0.0,0.0,28.53,28.26,28.46,28.5,36.0,26.66,28.08,36.0,36.0,36.0,26.49,28.07,26.19,36.0,24.36,28.46,26.56,25.71,36.0,36.0,0.023114,0.031288,0.022413,0.030001,0.0,0.0168,0.022187,0.0,0.0,0.0,0.006937,0.022553,0.016137,0.0,0.003314,0.017867,0.023767,0.016941,0.0,0.0
2020-01-10 06:45:00,21.18,21.17,21.19,21.42,20.61,21.12,22.3,20.45,21.51,21.8,21.5,22.98,21.03,19.99,23.02,22.5,22.02,21.36,20.13,20.98,-3.26,0.0,1.0,1.0,1.0,1.0,0.0,1.0,1.0,0.0,0.0,0.0,0.407,1.0,1.0,0.0,1.0,1.0,1.0,1.0,0.0,0.0,36.0,21.0,23.0,717.93,1005.82,703.33,939.02,0.0,631.91,733.06,0.0,0.0,0.0,287.86,736.25,630.32,0.0,159.42,562.42,878.05,677.31,0.0,0.0,28.57,28.31,28.49,28.51,36.0,27.0,28.1,36.0,36.0,36.0,26.07,28.19,26.66,36.0,24.49,28.47,27.16,26.44,36.0,36.0,0.023114,0.031288,0.022413,0.030001,0.0,0.0168,0.022187,0.0,0.0,0.0,0.006937,0.022553,0.016137,0.0,0.003314,0.017867,0.023767,0.016941,0.0,0.0
2020-01-10 07:00:00,21.2,21.21,21.22,21.44,20.46,21.28,22.41,20.17,21.16,21.74,21.32,23.04,21.21,19.65,23.06,22.52,22.25,21.55,19.73,20.88,-3.27,0.0,1.0,1.0,1.0,1.0,0.0,1.0,1.0,0.0,0.0,0.0,0.407,1.0,1.0,0.0,1.0,1.0,1.0,1.0,0.0,0.0,36.0,21.0,23.0,715.98,1002.37,701.4,937.68,0.0,616.55,730.67,0.0,0.0,0.0,296.37,729.12,610.58,0.0,158.03,561.47,841.0,645.84,0.0,0.0,28.59,28.34,28.51,28.52,36.0,27.22,28.12,36.0,36.0,36.0,25.78,28.27,26.95,36.0,24.59,28.48,27.53,26.88,36.0,36.0,0.023114,0.031288,0.022413,0.030001,0.0,0.0168,0.022187,0.0,0.0,0.0,0.006937,0.022553,0.016137,0.0,0.003314,0.017867,0.023767,0.016941,0.0,0.0
2020-01-10 07:15:00,21.17,21.19,21.19,21.42,20.61,21.4,22.47,20.28,21.25,21.75,21.44,22.95,20.99,19.81,23.03,22.54,22.41,21.42,19.89,20.91,-3.27,0.0,1.0,1.0,1.0,1.0,1.0,1.0,1.0,1.0,1.0,1.0,1.0,0.579,0.0,1.0,0.033,1.0,1.0,0.0,1.0,1.0,36.0,21.0,23.0,687.46,964.4,674.22,904.9,185.09,606.25,728.29,761.39,941.31,185.16,666.62,449.44,0.0,1070.96,5.38,560.55,817.94,0.0,1104.55,238.19,28.88,28.63,28.8,28.78,22.56,27.37,28.15,24.61,25.22,22.62,26.64,27.76,36.0,23.94,24.2,28.49,27.77,36.0,24.22,22.16,0.023114,0.031288,0.022413,0.030001,0.003296,0.0168,0.022187,0.015987,0.020884,0.00331,0.017031,0.013054,0.0,0.021246,0.000109,0.017867,0.023767,0.0,0.022431,0.004117
2020-01-10 07:30:00,21.22,21.25,21.24,21.45,20.8,21.32,22.36,20.66,21.56,21.83,21.69,22.81,20.76,20.22,22.95,22.56,22.51,21.19,20.32,21.02,-3.27,0.0,1.0,1.0,1.0,1.0,1.0,1.0,1.0,1.0,1.0,1.0,1.0,0.579,0.0,1.0,0.033,1.0,1.0,0.0,1.0,1.0,36.0,21.0,23.0,712.27,995.99,697.85,935.37,187.07,598.95,727.36,683.36,856.49,179.76,624.41,470.14,0.0,967.32,5.53,559.74,801.72,0.0,994.38,230.34,28.63,28.38,28.55,28.54,22.42,27.47,28.16,25.77,26.19,23.01,27.23,27.38,36.0,25.11,23.87,28.51,27.93,36.0,25.39,22.61,0.023114,0.031288,0.022413,0.030001,0.003296,0.0168,0.022187,0.015987,0.020884,0.00331,0.017031,0.013054,0.0,0.021246,0.000109,0.017867,0.023767,0.0,0.022431,0.004117
2020-01-10 07:45:00,21.26,21.29,21.28,21.49,20.94,21.24,22.25,21.02,21.89,21.93,21.9,22.66,20.48,20.64,22.86,22.58,22.6,20.94,20.78,21.15,-3.28,0.0,1.0,1.0,1.0,1.0,1.0,1.0,1.0,1.0,1.0,1.0,1.0,0.579,0.0,1.0,0.033,1.0,1.0,0.0,1.0,1.0,36.0,21.0,23.0,710.81,993.24,696.43,934.45,186.85,594.92,728.16,640.13,809.03,176.14,600.84,483.12,0.0,908.1,5.64,558.88,790.39,0.0,931.64,225.07,28.64,28.41,28.57,28.55,22.44,27.53,28.15,26.42,26.73,23.27,27.56,27.15,36.0,25.77,23.63,28.52,28.04,36.0,26.06,22.92,0.023114,0.031288,0.022413,0.030001,0.003296,0.0168,0.022187,0.015987,0.020884,0.00331,0.017031,0.013054,0.0,0.021246,0.000109,0.017867,0.023767,0.0,0.022431,0.004117
2020-01-10 08:00:00,21.23,21.27,21.26,21.47,21.02,21.21,22.21,21.23,22.1,22.02,22.04,22.54,20.22,20.91,22.76,22.59,22.67,20.7,21.03,21.27,-3.25,0.0,1.0,1.0,1.0,1.0,1.0,1.0,1.0,1.0,1.0,1.0,1.0,0.579,0.0,1.0,0.033,1.0,1.0,0.0,1.0,1.0,36.0,21.0,23.0,682.45,955.65,669.45,901.67,186.19,592.67,729.73,613.99,779.91,173.53,586.6,491.87,0.0,871.16,5.72,558.07,782.18,0.0,892.8,221.26,28.94,28.69,28.85,28.81,22.48,27.56,28.13,26.81,27.07,23.46,27.76,26.99,36.0,26.19,23.45,28.53,28.13,36.0,26.48,23.14,0.023114,0.031288,0.022413,0.030001,0.003296,0.0168,0.022187,0.015987,0.020884,0.00331,0.017031,0.013054,0.0,0.021246,0.000109,0.017867,0.023767,0.0,0.022431,0.004117
2020-01-10 08:15:00,21.27,20.7,20.77,21.36,20.87,21.14,22.13,21.28,22.21,22.0,21.76,22.61,20.4,20.89,22.7,22.25,22.72,20.86,20.9,21.23,-3.23,2.4,1.0,0.332,0.375,1.0,0.0,1.0,1.0,1.0,1.0,0.0,0.0,1.0,1.0,0.461,0.0,0.0,1.0,1.0,0.187,0.0,36.0,21.0,23.0,706.82,448.27,349.46,934.61,0.0,590.2,730.21,596.81,760.34,0.0,0.0,802.89,785.67,425.14,0.0,0.0,775.36,821.32,186.71,0.0,28.68,25.68,26.06,28.55,36.0,27.6,28.13,27.07,27.29,36.0,36.0,27.48,24.35,25.62,36.0,36.0,28.2,24.4,25.37,36.0,0.023114,0.010388,0.008413,0.030001,0.0,0.0168,0.022187,0.015987,0.020884,0.0,0.0,0.022553,0.016137,0.0098,0.0,0.0,0.023767,0.016941,0.004201,0.0
2020-01-10 08:30:00,21.27,20.57,20.68,21.25,20.87,21.3,22.29,21.38,22.32,21.92,21.24,22.81,20.75,20.77,22.62,21.64,22.84,21.2,20.56,21.13,-3.2,33.1,1.0,0.332,0.375,1.0,0.0,1.0,1.0,1.0,1.0,0.0,0.0,1.0,1.0,0.461,0.0,0.0,1.0,1.0,0.187,0.0,36.0,21.0,23.0,705.31,439.48,339.93,937.45,0.0,587.35,725.71,581.62,747.08,0.0,0.0,765.48,697.46,443.0,0.0,0.0,764.86,722.76,202.53,0.0,28.7,25.88,26.33,28.52,36.0,27.64,28.17,27.3,27.44,36.0,36.0,27.88,25.66,25.19,36.0,36.0,28.3,25.79,24.47,36.0,0.023114,0.010388,0.008413,0.030001,0.0,0.0168,0.022187,0.015987,0.020884,0.0,0.0,0.022553,0.016137,0.0098,0.0,0.0,0.023767,0.016941,0.004201,0.0
2020-01-10 08:45:00,21.3,20.58,20.75,21.26,20.91,21.52,22.52,21.53,22.41,21.83,20.76,23.04,21.15,20.65,22.55,21.08,23.0,21.59,20.23,21.01,-3.17,63.7,1.0,0.332,0.375,1.0,0.0,1.0,1.0,1.0,1.0,0.0,0.0,1.0,1.0,0.461,0.0,0.0,1.0,1.0,0.187,0.0,36.0,21.0,23.0,703.18,438.76,334.83,936.9,0.0,583.49,716.41,564.9,737.34,0.0,0.0,738.48,642.19,453.44,0.0,0.0,750.96,660.97,213.16,0.0,28.72,25.9,26.48,28.53,36.0,27.69,28.28,27.55,27.55,36.0,36.0,28.17,26.48,24.93,36.0,36.0,28.44,26.67,23.86,36.0,0.023114,0.010388,0.008413,0.030001,0.0,0.0168,0.022187,0.015987,0.020884,0.0,0.0,0.022553,0.016137,0.0098,0.0,0.0,0.023767,0.016941,0.004201,0.0
2020-01-10 09:00:00,21.33,20.58,20.82,21.28,20.97,21.69,22.75,21.69,22.46,21.75,20.39,23.22,21.48,20.54,22.47,20.64,23.15,21.95,19.92,20.9,-3.02,94.4,1.0,0.332,0.375,1.0,0.0,1.0,1.0,1.0,1.0,0.0,0.0,1.0,1.0,0.461,0.0,0.0,1.0,1.0,0.187,0.0,36.0,21.0,23.0,701.0,438.75,329.01,935.96,0.0,578.66,704.5,547.25,729.68,0.0,0.0,716.66,601.6,460.24,0.0,0.0,736.04,615.8,221.09,0.0,28.74,25.9,26.64,28.54,36.0,27.76,28.4,27.81,27.64,36.0,36.0,28.4,27.08,24.76,36.0,36.0,28.59,27.3,23.41,36.0,0.023114,0.010388,0.008413,0.030001,0.0,0.0168,0.022187,0.015987,0.020884,0.0,0.0,0.022553,0.016137,0.0098,0.0,0.0,0.023767,0.016941,0.004201,0.0
2020-01-10 09:15:00,21.3,21.16,21.29,20.96,20.98,21.51,22.67,21.62,22.19,21.67,20.54,23.06,21.46,20.68,22.4,20.78,23.02,21.96,20.08,20.92,-2.87,125.1,1.0,1.0,0.868,0.387,0.076,0.0,0.0,0.0,0.0,0.0,1.0,0.0,0.0,1.0,0.0,1.0,0.182,0.0,1.0,1.0,36.0,21.0,23.0,698.6,966.52,586.23,475.56,15.98,0.0,0.0,0.0,0.0,0.0,782.42,0.0,0.0,924.21,0.0,788.18,152.65,0.0,1053.51,237.2,28.77,28.61,28.79,26.21,20.81,36.0,36.0,36.0,36.0,36.0,25.01,36.0,36.0,25.59,36.0,25.45,27.57,36.0,24.76,22.22,0.023114,0.031288,0.019453,0.011623,0.000252,0.0,0.0,0.0,0.0,0.0,0.017031,0.0,0.0,0.021246,0.0,0.017867,0.00433,0.0,0.022431,0.004117
2020-01-10 09:30:00,21.31,21.34,21.46,20.97,20.89,21.03,22.34,21.4,21.69,21.6,20.96,22.67,21.18,20.95,22.34,21.22,22.72,21.71,20.51,21.05,-2.73,140.3,1.0,1.0,0.868,0.387,0.076,0.0,0.0,0.0,0.0,0.0,1.0,0.0,0.0,1.0,0.0,1.0,0.182,0.0,1.0,1.0,36.0,21.0,23.0,697.6,980.8,585.23,471.7,16.02,0.0,0.0,0.0,0.0,0.0,696.85,0.0,0.0,871.66,0.0,700.5,167.27,0.0,963.62,229.53,28.78,28.5,28.8,26.29,20.78,36.0,36.0,36.0,36.0,36.0,26.21,36.0,36.0,26.18,36.0,26.62,26.76,36.0,25.72,22.66,0.023114,0.031288,0.019453,0.011623,0.000252,0.0,0.0,0.0,0.0,0.0,0.017031,0.0,0.0,0.021246,0.0,0.017867,0.00433,0.0,0.022431,0.004117
2020-01-10 09:45:00,21.34,21.35,21.53,20.99,20.78,20.61,22.03,21.23,21.25,21.54,21.37,22.28,20.88,21.17,22.27,21.63,22.41,21.44,20.86,21.17,-2.58,155.5,1.0,1.0,0.868,0.387,0.076,0.0,0.0,0.0,0.0,0.0,1.0,0.0,0.0,1.0,0.0,1.0,0.182,0.0,1.0,1.0,36.0,21.0,23.0,695.34,986.23,579.08,472.08,16.06,0.0,0.0,0.0,0.0,0.0,649.49,0.0,0.0,839.71,0.0,652.32,177.4,0.0,910.68,224.38,28.8,28.46,28.88,26.28,20.74,36.0,36.0,36.0,36.0,36.0,26.88,36.0,36.0,26.54,36.0,27.27,26.2,36.0,26.29,22.96,0.023114,0.031288,0.019453,0.011623,0.000252,0.0,0.0,0.0,0.0,0.0,0.017031,0.0,0.0,0.021246,0.0,0.017867,0.00433,0.0,0.022431,0.004117
2020-01-10 10:00:00,21.33,21.34,21.6,20.98,20.71,20.3,21.76,21.13,20.91,21.46,21.64,21.99,20.75,21.35,22.19,21.92,22.13,21.25,21.12,21.28,-2.38,170.6,1.0,1.0,0.868,0.387,0.076,0.0,0.0,0.0,0.0,0.0,1.0,0.0,0.0,1.0,0.0,1.0,0.182,0.0,1.0,1.0,36.0,21.0,23.0,667.4,960.16,556.58,466.75,16.1,0.0,0.0,0.0,0.0,0.0,620.29,0.0,0.0,818.38,0.0,622.99,185.01,0.0,876.9,220.67,29.09,28.66,29.16,26.39,20.7,36.0,36.0,36.0,36.0,36.0,27.29,36.0,36.0,26.78,36.0,27.66,25.78,36.0,26.65,23.18,0.023114,0.031288,0.019453,0.011623,0.000252,0.0,0.0,0.0,0.0,0.0,0.017031,0.0,0.0,0.021246,0.0,0.017867,0.00433,0.0,0.022431,0.004117
2020-01-10 10:15:00,20.9,20.58,20.87,21.21,20.71,20.5,21.52,21.11,21.0,21.42,21.43,21.72,20.94,21.21,22.15,22.07,22.18,21.06,20.98,21.25,-2.19,185.8,0.387,0.213,0.0,1.0,1.0,1.0,0.0,0.0,0.728,0.0,0.0,0.0,1.0,0.0,0.0,1.0,1.0,0.0,0.0,0.0,36.0,21.0,23.0,358.11,312.94,0.0,929.23,189.29,778.68,0.0,0.0,725.38,0.0,0.0,0.0,683.68,0.0,0.0,602.67,906.37,0.0,0.0,0.0,26.41,24.74,36.0,28.59,22.26,24.91,36.0,36.0,24.58,36.0,36.0,36.0,25.86,36.0,36.0,27.93,26.88,36.0,36.0,36.0,0.008934,0.006651,0.0,0.030001,0.003296,0.0168,0.0,0.0,0.015198,0.0,0.0,0.0,0.016137,0.0,0.0,0.017867,0.023767,0.0,0.0,0.0
2020-01-10 10:30:00,20.74,20.35,20.71,21.15,20.89,20.94,21.28,21.12,21.22,21.35,20.96,21.45,21.44,20.79,22.08,22.23,22.46,20.94,20.54,21.14,-2.0,193.3,0.387,0.213,0.0,1.0,1.0,1.0,0.0,0.0,0.728,0.0,0.0,0.0,1.0,0.0,0.0,1.0,1.0,0.0,0.0,0.0,36.0,21.0,23.0,359.8,315.54,0.0,940.24,190.11,694.38,0.0,0.0,679.29,0.0,0.0,0.0,597.8,0.0,0.0,589.13,832.87,0.0,0.0,0.0,26.36,24.65,36.0,28.5,22.2,26.11,36.0,36.0,25.31,36.0,36.0,36.0,27.14,36.0,36.0,28.11,27.62,36.0,36.0,36.0,0.008934,0.006651,0.0,0.030001,0.003296,0.0168,0.0,0.0,0.015198,0.0,0.0,0.0,0.016137,0.0,0.0,0.017867,0.023767,0.0,0.0,0.0
2020-01-10 10:45:00,20.66,20.25,20.74,21.12,20.94,21.36,21.08,21.23,21.43,21.29,20.46,21.21,22.0,20.33,22.01,22.25,22.72,20.94,20.04,21.02,-1.81,200.7,0.387,0.213,0.0,1.0,1.0,1.0,0.0,0.0,0.728,0.0,0.0,0.0,1.0,0.0,0.0,1.0,1.0,0.0,0.0,0.0,36.0,21.0,23.0,364.39,320.58,0.0,939.29,188.79,647.71,0.0,0.0,652.47,0.0,0.0,0.0,545.25,0.0,0.0,579.93,793.75,0.0,0.0,0.0,26.24,24.47,36.0,28.51,22.3,26.78,36.0,36.0,25.73,36.0,36.0,36.0,27.92,36.0,36.0,28.23,28.01,36.0,36.0,36.0,0.008934,0.006651,0.0,0.030001,0.003296,0.0168,0.0,0.0,0.015198,0.0,0.0,0.0,0.016137,0.0,0.0,0.017867,0.023767,0.0,0.0,0.0
2020-01-10 11:00:00,20.65,20.16,20.7,21.11,21.01,21.72,20.9,21.21,21.62,21.22,20.24,20.99,22.34,20.04,21.94,22.48,22.91,20.83,19.72,20.91,-1.66,208.1,0.387,0.213,0.0,1.0,1.0,1.0,0.0,0.0,0.728,0.0,0.0,0.0,1.0,0.0,0.0,1.0,1.0,0.0,0.0,0.0,36.0,21.0,23.0,362.23,322.42,0.0,907.76,186.82,618.48,0.0,0.0,635.47,0.0,0.0,0.0,510.51,0.0,0.0,573.17,771.41,0.0,0.0,0.0,26.3,24.4,36.0,28.76,22.44,27.19,36.0,36.0,26.0,36.0,36.0,36.0,28.43,36.0,36.0,28.33,28.24,36.0,36.0,36.0,0.008934,0.006651,0.0,0.030001,0.003296,0.0168,0.0,0.0,0.015198,0.0,0.0,0.0,0.016137,0.0,0.0,0.017867,0.023767,0.0,0.0,0.0
2020-01-10 11:15:00,21.16,20.82,21.55,21.32,20.82,21.69,21.0,21.23,21.81,21.21,20.46,21.13,22.37,20.23,21.9,22.41,22.92,20.94,19.94,20.94,-1.52,215.6,1.0,1.0,0.847,1.0,0.0,0.0,0.752,0.0,1.0,0.503,1.0,0.849,0.0,1.0,0.0,0.518,0.715,0.229,1.0,1.0,36.0,21.0,23.0,710.67,1047.4,550.01,932.09,0.0,0.0,810.44,0.0,820.83,98.94,792.85,905.74,0.0,1036.6,0.0,320.97,568.61,189.77,1107.86,236.81,28.64,27.99,29.07,28.57,36.0,36.0,24.39,36.0,26.6,21.79,24.86,24.69,36.0,24.33,36.0,27.7,28.0,24.28,24.18,22.24,0.023114,0.031288,0.018993,0.030001,0.0,0.0,0.016695,0.0,0.020884,0.001665,0.017031,0.019154,0.0,0.021246,0.0,0.009257,0.016995,0.003873,0.022431,0.004117
2020-01-10 11:30:00,21.44,21.2,22.02,21.62,20.78,21.44,21.28,21.23,22.07,21.22,20.95,21.48,22.17,20.7,21.83,22.26,22.89,21.17,20.49,21.06,-1.38,216.3,1.0,1.0,0.847,1.0,0.0,0.0,0.752,0.0,1.0,0.503,1.0,0.849,0.0,1.0,0.0,0.518,0.715,0.229,1.0,1.0,36.0,21.0,23.0,718.35,1061.03,557.68,924.8,0.0,0.0,744.34,0.0,784.49,97.61,702.71,819.98,0.0,933.93,0.0,338.48,581.18,182.58,990.85,229.18,28.56,27.89,28.98,28.63,36.0,36.0,25.33,36.0,27.01,21.98,26.13,25.76,36.0,25.48,36.0,27.25,27.82,24.72,25.43,22.68,0.023114,0.031288,0.018993,0.030001,0.0,0.0,0.016695,0.0,0.020884,0.001665,0.017031,0.019154,0.0,0.021246,0.0,0.009257,0.016995,0.003873,0.022431,0.004117
2020-01-10 11:45:00,21.53,21.3,22.16,21.76,20.78,21.14,21.56,21.26,22.31,21.25,21.43,21.83,21.96,21.18,21.77,22.12,22.87,21.4,21.04,21.18,-1.24,217.1,1.0,1.0,0.847,1.0,0.0,0.0,0.752,0.0,1.0,0.503,1.0,0.849,0.0,1.0,0.0,0.518,0.715,0.229,1.0,1.0,36.0,21.0,23.0,718.07,1055.97,553.41,913.92,0.0,0.0,705.45,0.0,759.68,96.73,651.87,769.94,0.0,873.05,0.0,348.98,587.66,177.47,920.98,224.06,28.57,27.93,29.03,28.71,36.0,36.0,25.89,36.0,27.3,22.1,26.84,26.38,36.0,26.17,36.0,26.98,27.73,25.04,26.18,22.98,0.023114,0.031288,0.018993,0.030001,0.0,0.0,0.016695,0.0,0.020884,0.001665,0.017031,0.019154,0.0,0.021246,0.0,0.009257,0.016995,0.003873,0.022431,0.004117
2020-01-10 12:00:00,21.58,21.35,22.25,21.84,20.79,20.9,21.75,21.27,22.48,21.27,21.73,22.07,21.78,21.51,21.71,22.02,22.84,21.56,21.41,21.29,-1.13,217.8,1.0,1.0,0.847,1.0,0.0,0.0,0.752,0.0,1.0,0.503,1.0,0.849,0.0,1.0,0.0,0.518,0.715,0.229,1.0,1.0,36.0,21.0,23.0,720.68,1056.29,553.49,904.68,0.0,0.0,680.35,0.0,740.36,96.12,619.87,737.78,0.0,831.67,0.0,355.84,591.24,173.65,873.52,220.31,28.54,27.92,29.03,28.79,36.0,36.0,26.25,36.0,27.52,22.19,27.29,26.79,36.0,26.64,36.0,26.8,27.68,25.27,26.68,23.2,0.023114,0.031288,0.018993,0.030001,0.0,0.0,0.016695,0.0,0.020884,0.001665,0.017031,0.019154,0.0,0.021246,0.0,0.009257,0.016995,0.003873,0.022431,0.004117
2020-01-10 12:15:00,20.4,20.31,21.36,20.85,20.92,20.83,21.64,21.3,22.36,21.25,21.58,21.94,21.67,21.43,21.66,21.73,22.58,21.57,21.32,21.27,-1.02,218.6,0.0,0.093,0.0,0.0,1.0,0.435,0.0,0.0,0.0,0.0,0.0,0.0,0.0,0.0,0.0,0.0,0.0,0.0,0.0,0.0,36.0,21.0,23.0,0.0,154.34,0.0,0.0,184.35,375.43,0.0,0.0,0.0,0.0,0.0,0.0,0.0,0.0,0.0,0.0,0.0,0.0,0.0,0.0,36.0,23.33,36.0,36.0,22.62,23.71,36.0,36.0,36.0,36.0,36.0,36.0,36.0,36.0,36.0,36.0,36.0,36.0,36.0,36.0,0.0,0.002915,0.0,0.0,0.003296,0.007305,0.0,0.0,0.0,0.0,0.0,0.0,0.0,0.0,0.0,0.0,0.0,0.0,0.0,0.0
2020-01-10 12:30:00,19.92,19.86,21.16,20.44,21.09,20.91,21.32,21.48,22.03,21.18,21.09,21.52,21.73,21.14,21.59,21.28,22.06,21.61,21.01,21.15,-0.91,287.9,0.0,0.093,0.0,0.0,1.0,0.435,0.0,0.0,0.0,0.0,0.0,0.0,0.0,0.0,0.0,0.0,0.0,0.0,0.0,0.0,36.0,21.0,23.0,0.0,152.44,0.0,0.0,185.7,360.53,0.0,0.0,0.0,0.0,0.0,0.0,0.0,0.0,0.0,0.0,0.0,0.0,0.0,0.0,36.0,23.49,36.0,36.0,22.52,24.19,36.0,36.0,36.0,36.0,36.0,36.0,36.0,36.0,36.0,36.0,36.0,36.0,36.0,36.0,0.0,0.002915,0.0,0.0,0.003296,0.007305,0.0,0.0,0.0,0.0,0.0,0.0,0.0,0.0,0.0,0.0,0.0,0.0,0.0,0.0
2020-01-10 12:45:00,19.79,19.78,21.42,20.46,21.22,21.04,21.16,21.78,21.79,21.11,20.6,21.21,21.98,20.9,21.53,20.83,21.68,21.79,20.73,21.03,-0.81,357.3,0.0,0.093,0.0,0.0,1.0,0.435,0.0,0.0,0.0,0.0,0.0,0.0,0.0,0.0,0.0,0.0,0.0,0.0,0.0,0.0,36.0,21.0,23.0,0.0,151.96,0.0,0.0,185.66,351.7,0.0,0.0,0.0,0.0,0.0,0.0,0.0,0.0,0.0,0.0,0.0,0.0,0.0,0.0,36.0,23.53,36.0,36.0,22.52,24.48,36.0,36.0,36.0,36.0,36.0,36.0,36.0,36.0,36.0,36.0,36.0,36.0,36.0,36.0,0.0,0.002915,0.0,0.0,0.003296,0.007305,0.0,0.0,0.0,0.0,0.0,0.0,0.0,0.0,0.0,0.0,0.0,0.0,0.0,0.0
2020-01-10 13:00:00,19.81,19.77,21.71,20.57,21.3,21.22,21.02,22.08,21.78,21.03,20.41,20.97,22.23,20.91,21.47,20.63,21.37,22.0,20.74,20.92,-0.56,426.6,0.0,0.093,0.0,0.0,1.0,0.435,0.0,0.0,0.0,0.0,0.0,0.0,0.0,0.0,0.0,0.0,0.0,0.0,0.0,0.0,36.0,21.0,23.0,0.0,150.7,0.0,0.0,184.74,345.37,0.0,0.0,0.0,0.0,0.0,0.0,0.0,0.0,0.0,0.0,0.0,0.0,0.0,0.0,36.0,23.63,36.0,36.0,22.59,24.69,36.0,36.0,36.0,36.0,36.0,36.0,36.0,36.0,36.0,36.0,36.0,36.0,36.0,36.0,0.0,0.002915,0.0,0.0,0.003296,0.007305,0.0,0.0,0.0,0.0,0.0,0.0,0.0,0.0,0.0,0.0,0.0,0.0,0.0,0.0
2020-01-10 13:15:00,20.89,20.77,22.41,21.58,21.36,21.37,21.18,22.3,21.89,21.04,20.63,21.01,22.5,21.04,21.42,20.88,21.19,22.17,21.04,20.95,-0.32,496.0,1.0,1.0,0.167,1.0,0.0,0.0,0.321,0.0,0.0,0.813,1.0,0.499,0.0,0.0,0.0,1.0,0.0,0.0,0.403,1.0,36.0,21.0,23.0,695.83,1006.92,103.57,773.38,0.0,0.0,371.98,0.0,0.0,159.02,784.17,558.21,0.0,0.0,0.0,801.19,0.0,0.0,439.65,236.55,28.8,28.3,29.4,29.83,36.0,36.0,23.51,36.0,36.0,21.87,24.98,24.13,36.0,36.0,36.0,25.27,36.0,36.0,24.36,22.25,0.023114,0.031288,0.003752,0.030001,0.0,0.0,0.007128,0.0,0.0,0.002692,0.017031,0.011255,0.0,0.0,0.0,0.017867,0.0,0.0,0.00904,0.004117
2020-01-10 13:30:00,21.65,21.48,22.94,22.28,21.49,21.39,21.33,22.55,22.06,21.11,21.14,21.16,22.71,21.23,21.36,21.42,20.95,22.41,21.57,21.07,-0.08,486.5,1.0,1.0,0.167,1.0,0.0,0.0,0.321,0.0,0.0,0.813,1.0,0.499,0.0,0.0,0.0,1.0,0.0,0.0,0.403,1.0,36.0,21.0,23.0,701.96,1007.36,102.04,774.11,0.0,0.0,362.09,0.0,0.0,155.44,693.6,531.59,0.0,0.0,0.0,702.48,0.0,0.0,407.58,228.93,28.73,28.3,29.49,29.83,36.0,36.0,23.85,36.0,36.0,22.19,26.26,24.7,36.0,36.0,36.0,26.59,36.0,36.0,25.21,22.7,0.023114,0.031288,0.003752,0.030001,0.0,0.0,0.007128,0.0,0.0,0.002692,0.017031,0.011255,0.0,0.0,0.0,0.017867,0.0,0.0,0.00904,0.004117
2020-01-10 13:45:00,21.84,21.68,23.18,22.42,21.59,21.37,21.47,22.74,22.25,21.19,21.63,21.31,22.81,21.44,21.3,21.92,20.74,22.59,22.11,21.2,0.16,477.0,1.0,1.0,0.167,1.0,0.0,0.0,0.321,0.0,0.0,0.813,1.0,0.499,0.0,0.0,0.0,1.0,0.0,0.0,0.403,1.0,36.0,21.0,23.0,686.59,983.46,99.76,817.22,0.0,0.0,356.07,0.0,0.0,153.02,642.7,515.79,0.0,0.0,0.0,647.39,0.0,0.0,381.57,223.83,28.89,28.48,29.64,29.48,36.0,36.0,24.05,36.0,36.0,22.4,26.97,25.04,36.0,36.0,36.0,27.33,36.0,36.0,25.9,22.99,0.023114,0.031288,0.003752,0.030001,0.0,0.0,0.007128,0.0,0.0,0.002692,0.017031,0.011255,0.0,0.0,0.0,0.017867,0.0,0.0,0.00904,0.004117
2020-01-10 14:00:00,21.9,21.74,23.22,22.38,21.66,21.34,21.56,22.86,22.45,21.25,21.92,21.39,22.86,21.66,21.25,22.23,20.52,22.7,22.56,21.3,0.28,467.4,1.0,1.0,0.167,1.0,0.0,0.0,0.321,0.0,0.0,0.813,1.0,0.499,0.0,0.0,0.0,1.0,0.0,0.0,0.403,1.0,36.0,21.0,23.0,682.28,976.69,100.89,862.34,0.0,0.0,352.19,0.0,0.0,151.24,610.95,505.73,0.0,0.0,0.0,613.58,0.0,0.0,358.85,220.1,28.94,28.53,29.57,29.12,36.0,36.0,24.18,36.0,36.0,22.56,27.42,25.25,36.0,36.0,36.0,27.78,36.0,36.0,26.5,23.21,0.023114,0.031288,0.003752,0.030001,0.0,0.0,0.007128,0.0,0.0,0.002692,0.017031,0.011255,0.0,0.0,0.0,0.017867,0.0,0.0,0.00904,0.004117
2020-01-10 14:15:00,20.71,20.58,22.87,21.44,21.75,21.28,21.54,23.02,22.65,21.24,21.67,21.25,22.92,21.86,21.2,21.94,20.71,22.81,22.79,21.28,0.4,457.9,0.0,0.0,0.0,0.0,0.0,0.0,0.0,0.0,0.0,0.0,0.0,0.0,0.0,0.0,0.0,0.0,1.0,0.0,0.0,0.0,36.0,21.0,23.0,0.0,0.0,0.0,0.0,0.0,0.0,0.0,0.0,0.0,0.0,0.0,0.0,0.0,0.0,0.0,0.0,1133.91,0.0,0.0,0.0,36.0,36.0,36.0,36.0,36.0,36.0,36.0,36.0,36.0,36.0,36.0,36.0,36.0,36.0,36.0,36.0,24.59,36.0,36.0,36.0,0.0,0.0,0.0,0.0,0.0,0.0,0.0,0.0,0.0,0.0,0.0,0.0,0.0,0.0,0.0,0.0,0.023767,0.0,0.0,0.0
2020-01-10 14:30:00,20.23,20.1,22.45,20.94,21.81,21.23,21.44,23.07,22.87,21.17,21.14,20.96,22.89,22.1,21.14,21.35,21.2,22.77,22.92,21.17,0.52,437.8,0.0,0.0,0.0,0.0,0.0,0.0,0.0,0.0,0.0,0.0,0.0,0.0,0.0,0.0,0.0,0.0,1.0,0.0,0.0,0.0,36.0,21.0,23.0,0.0,0.0,0.0,0.0,0.0,0.0,0.0,0.0,0.0,0.0,0.0,0.0,0.0,0.0,0.0,0.0,995.56,0.0,0.0,0.0,36.0,36.0,36.0,36.0,36.0,36.0,36.0,36.0,36.0,36.0,36.0,36.0,36.0,36.0,36.0,36.0,25.98,36.0,36.0,36.0,0.0,0.0,0.0,0.0,0.0,0.0,0.0,0.0,0.0,0.0,0.0,0.0,0.0,0.0,0.0,0.0,0.023767,0.0,0.0,0.0
2020-01-10 14:45:00,20.07,19.95,22.29,20.78,21.82,21.15,21.29,23.08,23.09,21.08,20.71,20.68,22.83,22.34,21.08,20.88,21.67,22.67,23.03,21.05,0.63,417.7,0.0,0.0,0.0,0.0,0.0,0.0,0.0,0.0,0.0,0.0,0.0,0.0,0.0,0.0,0.0,0.0,1.0,0.0,0.0,0.0,36.0,21.0,23.0,0.0,0.0,0.0,0.0,0.0,0.0,0.0,0.0,0.0,0.0,0.0,0.0,0.0,0.0,0.0,0.0,917.91,0.0,0.0,0.0,36.0,36.0,36.0,36.0,36.0,36.0,36.0,36.0,36.0,36.0,36.0,36.0,36.0,36.0,36.0,36.0,26.76,36.0,36.0,36.0,0.0,0.0,0.0,0.0,0.0,0.0,0.0,0.0,0.0,0.0,0.0,0.0,0.0,0.0,0.0,0.0,0.023767,0.0,0.0,0.0
2020-01-10 15:00:00,19.94,19.82,22.13,20.65,21.81,21.06,21.14,23.05,23.16,21.01,20.38,20.44,22.74,22.56,21.03,20.5,22.0,22.54,23.15,20.94,0.63,397.6,0.0,0.0,0.0,0.0,0.0,0.0,0.0,0.0,0.0,0.0,0.0,0.0,0.0,0.0,0.0,0.0,1.0,0.0,0.0,0.0,36.0,21.0,23.0,0.0,0.0,0.0,0.0,0.0,0.0,0.0,0.0,0.0,0.0,0.0,0.0,0.0,0.0,0.0,0.0,869.25,0.0,0.0,0.0,36.0,36.0,36.0,36.0,36.0,36.0,36.0,36.0,36.0,36.0,36.0,36.0,36.0,36.0,36.0,36.0,27.25,36.0,36.0,36.0,0.0,0.0,0.0,0.0,0.0,0.0,0.0,0.0,0.0,0.0,0.0,0.0,0.0,0.0,0.0,0.0,0.023767,0.0,0.0,0.0
2020-01-10 15:15:00,20.84,20.75,22.73,21.38,21.78,20.98,21.21,22.98,23.19,21.02,20.52,20.6,22.62,22.76,21.04,20.64,21.83,22.45,23.27,20.96,0.62,377.5,1.0,1.0,1.0,1.0,0.0,0.205,1.0,0.0,0.315,1.0,1.0,1.0,0.0,0.0,1.0,1.0,0.0,0.0,0.0,1.0,36.0,21.0,23.0,693.05,983.25,477.1,890.66,0.0,204.55,1089.96,0.0,261.67,193.45,786.33,1087.4,0.0,0.0,196.08,805.32,0.0,0.0,0.0,236.41,28.83,28.48,30.91,28.9,36.0,21.76,24.25,36.0,26.5,22.02,24.95,24.47,36.0,36.0,21.85,25.22,36.0,36.0,36.0,22.26,0.023114,0.031288,0.022413,0.030001,0.0,0.003436,0.022187,0.0,0.006589,0.00331,0.017031,0.022553,0.0,0.0,0.003314,0.017867,0.0,0.0,0.0,0.004117
2020-01-10 15:30:00,21.47,21.4,23.01,21.95,21.72,20.89,21.48,22.82,23.11,21.11,20.93,21.03,22.44,22.81,21.15,21.08,21.32,22.36,23.23,21.07,0.62,285.1,1.0,1.0,1.0,1.0,0.0,0.205,1.0,0.0,0.315,1.0,1.0,1.0,0.0,0.0,1.0,1.0,0.0,0.0,0.0,1.0,36.0,21.0,23.0,704.38,996.6,535.43,902.26,0.0,200.04,965.51,0.0,259.67,188.17,700.05,967.55,0.0,0.0,189.94,713.63,0.0,0.0,0.0,228.82,28.71,28.38,30.28,28.81,36.0,22.07,25.59,36.0,26.57,22.4,26.17,25.74,36.0,36.0,22.29,26.44,36.0,36.0,36.0,22.7,0.023114,0.031288,0.022413,0.030001,0.0,0.003436,0.022187,0.0,0.006589,0.00331,0.017031,0.022553,0.0,0.0,0.003314,0.017867,0.0,0.0,0.0,0.004117
2020-01-10 15:45:00,21.58,21.51,22.86,22.04,21.59,20.77,21.69,22.53,22.9,21.22,21.3,21.44,22.19,22.69,21.26,21.47,20.84,22.23,23.02,21.2,0.61,192.8,1.0,1.0,1.0,1.0,0.0,0.205,1.0,0.0,0.315,1.0,1.0,1.0,0.0,0.0,1.0,1.0,0.0,0.0,0.0,1.0,36.0,21.0,23.0,697.42,985.58,591.19,894.78,0.0,197.63,896.7,0.0,265.4,184.6,653.27,900.19,0.0,0.0,185.74,664.08,0.0,0.0,0.0,223.74,28.78,28.46,29.69,28.86,36.0,22.24,26.33,36.0,26.36,22.66,26.82,26.45,36.0,36.0,22.59,27.11,36.0,36.0,36.0,23.0,0.023114,0.031288,0.022413,0.030001,0.0,0.003436,0.022187,0.0,0.006589,0.00331,0.017031,0.022553,0.0,0.0,0.003314,0.017867,0.0,0.0,0.0,0.004117
2020-01-10 16:00:00,21.58,21.52,22.72,22.01,21.42,20.6,21.78,22.18,22.64,21.3,21.54,21.7,21.88,22.37,21.36,21.71,20.47,21.98,22.59,21.3,0.45,100.4,1.0,1.0,1.0,1.0,0.0,0.205,1.0,0.0,0.315,1.0,1.0,1.0,0.0,0.0,1.0,1.0,0.0,0.0,0.0,1.0,36.0,21.0,23.0,697.52,984.04,605.2,897.15,0.0,196.52,855.46,0.0,274.12,181.97,625.43,858.71,0.0,0.0,182.66,634.92,0.0,0.0,0.0,220.03,28.78,28.48,29.54,28.85,36.0,22.32,26.78,36.0,26.05,22.85,27.21,26.89,36.0,36.0,22.82,27.5,36.0,36.0,36.0,23.21,0.023114,0.031288,0.022413,0.030001,0.0,0.003436,0.022187,0.0,0.006589,0.00331,0.017031,0.022553,0.0,0.0,0.003314,0.017867,0.0,0.0,0.0,0.004117
2020-01-10 16:15:00,20.55,20.45,21.75,21.53,21.21,20.62,21.8,21.87,22.34,21.37,21.66,21.85,21.79,21.94,21.43,21.83,20.59,21.67,22.06,21.28,0.29,8.1,0.0,0.0,0.0,1.0,0.0,1.0,1.0,0.0,0.0,1.0,1.0,1.0,1.0,0.0,1.0,1.0,1.0,0.0,0.0,0.0,36.0,21.0,23.0,0.0,0.0,0.0,913.22,0.0,828.15,830.15,0.0,0.0,179.95,608.3,832.26,631.86,0.0,180.29,617.35,1109.8,0.0,0.0,0.0,36.0,36.0,36.0,28.72,36.0,24.21,27.05,36.0,36.0,23.0,27.46,27.17,26.63,36.0,22.99,27.73,24.83,36.0,36.0,36.0,0.0,0.0,0.0,0.030001,0.0,0.0168,0.022187,0.0,0.0,0.00331,0.017031,0.022553,0.016137,0.0,0.003314,0.017867,0.023767,0.0,0.0,0.0
2020-01-10 16:30:00,20.1,20.0,21.22,21.16,21.04,20.89,21.83,21.57,21.94,21.44,21.79,22.0,21.94,21.48,21.51,21.94,21.04,21.35,21.48,21.16,0.12,6.1,0.0,0.0,0.0,1.0,0.0,1.0,1.0,0.0,0.0,1.0,1.0,1.0,1.0,0.0,1.0,1.0,1.0,0.0,0.0,0.0,36.0,21.0,23.0,0.0,0.0,0.0,920.68,0.0,739.25,813.01,0.0,0.0,178.35,597.08,814.4,581.6,0.0,178.42,606.12,991.58,0.0,0.0,0.0,36.0,36.0,36.0,28.66,36.0,25.47,27.23,36.0,36.0,23.11,27.61,27.36,27.38,36.0,23.12,27.88,26.02,36.0,36.0,36.0,0.0,0.0,0.0,0.030001,0.0,0.0168,0.022187,0.0,0.0,0.00331,0.017031,0.022553,0.016137,0.0,0.003314,0.017867,0.023767,0.0,0.0,0.0
2020-01-10 16:45:00,19.94,19.84,20.94,21.04,20.88,21.16,21.82,21.29,21.59,21.5,21.87,22.1,22.11,21.12,21.58,22.02,21.48,21.14,21.05,21.04,-0.04,0.0,0.0,0.0,0.0,1.0,0.0,1.0,1.0,0.0,0.0,1.0,1.0,1.0,1.0,0.0,1.0,1.0,1.0,0.0,0.0,0.0,36.0,21.0,23.0,0.0,0.0,0.0,928.13,0.0,689.05,801.47,0.0,0.0,177.0,589.07,801.32,555.81,0.0,176.87,598.3,924.96,0.0,0.0,0.0,36.0,36.0,36.0,28.6,36.0,26.19,27.36,36.0,36.0,23.21,27.73,27.5,27.76,36.0,23.23,27.99,26.69,36.0,36.0,36.0,0.0,0.0,0.0,0.030001,0.0,0.0168,0.022187,0.0,0.0,0.00331,0.017031,0.022553,0.016137,0.0,0.003314,0.017867,0.023767,0.0,0.0,0.0
2020-01-10 17:00:00,19.79,19.69,20.71,20.92,20.72,21.32,21.75,21.01,21.26,21.56,21.89,22.14,22.21,20.78,21.64,22.02,21.67,20.94,20.66,20.93,-0.1,0.0,0.0,0.0,0.0,1.0,0.0,1.0,1.0,0.0,0.0,1.0,1.0,1.0,1.0,0.0,1.0,1.0,1.0,0.0,0.0,0.0,36.0,21.0,23.0,0.0,0.0,0.0,934.08,0.0,658.01,793.9,0.0,0.0,175.85,583.47,791.83,541.18,0.0,175.56,593.05,883.88,0.0,0.0,0.0,36.0,36.0,36.0,28.55,36.0,26.63,27.44,36.0,36.0,23.29,27.8,27.6,27.98,36.0,23.33,28.06,27.1,36.0,36.0,36.0,0.0,0.0,0.0,0.030001,0.0,0.0168,0.022187,0.0,0.0,0.00331,0.017031,0.022553,0.016137,0.0,0.003314,0.017867,0.023767,0.0,0.0,0.0
2020-01-10 17:15:00,20.52,20.52,21.47,21.12,20.72,21.13,21.77,21.05,21.21,21.62,21.89,22.26,21.99,20.73,21.7,22.01,21.89,20.89,20.63,20.95,-0.17,0.0,1.0,1.0,1.0,1.0,1.0,0.0,1.0,1.0,1.0,1.0,1.0,1.0,0.0,1.0,1.0,1.0,1.0,0.387,1.0,1.0,36.0,21.0,23.0,712.44,999.24,630.93,935.9,188.83,0.0,788.27,737.6,966.65,174.83,579.56,783.75,0.0,1021.45,174.4,589.64,856.86,345.71,1066.59,236.45,28.63,28.36,29.27,28.54,22.29,36.0,27.5,24.96,24.93,23.37,27.86,27.69,36.0,24.5,23.41,28.1,27.37,23.38,24.62,22.26,0.023114,0.031288,0.022413,0.030001,0.003296,0.0,0.022187,0.015987,0.020884,0.00331,0.017031,0.022553,0.0,0.021246,0.003314,0.017867,0.023767,0.006554,0.022431,0.004117
2020-01-10 17:30:00,21.0,21.05,21.83,21.42,20.96,20.7,21.78,21.31,21.46,21.67,21.89,22.31,21.55,21.01,21.76,22.0,22.01,20.93,20.94,21.07,-0.23,0.0,1.0,1.0,1.0,1.0,1.0,0.0,1.0,1.0,1.0,1.0,1.0,1.0,0.0,1.0,1.0,1.0,1.0,0.387,1.0,1.0,36.0,21.0,23.0,727.38,1016.64,646.01,932.39,189.6,0.0,783.1,656.82,874.16,173.91,576.73,776.76,0.0,920.02,173.38,587.32,838.15,332.75,957.12,228.88,28.47,28.23,29.1,28.56,22.24,36.0,27.56,26.17,25.99,23.43,27.9,27.76,36.0,25.64,23.49,28.14,27.56,23.85,25.79,22.7,0.023114,0.031288,0.022413,0.030001,0.003296,0.0,0.022187,0.015987,0.020884,0.00331,0.017031,0.022553,0.0,0.021246,0.003314,0.017867,0.023767,0.006554,0.022431,0.004117
2020-01-10 17:45:00,21.06,21.12,21.86,21.5,21.09,20.24,21.8,21.55,21.69,21.73,21.89,22.35,21.08,21.27,21.82,21.98,22.09,20.96,21.24,21.19,-0.29,0.0,1.0,1.0,1.0,1.0,1.0,0.0,1.0,1.0,1.0,1.0,1.0,1.0,0.0,1.0,1.0,1.0,1.0,0.387,1.0,1.0,36.0,21.0,23.0,720.93,1006.01,644.45,928.49,188.05,0.0,778.87,613.01,823.02,173.06,574.66,771.33,0.0,863.78,172.43,585.77,825.03,325.64,896.52,223.83,28.54,28.31,29.12,28.6,22.35,36.0,27.6,26.83,26.57,23.49,27.93,27.82,36.0,26.27,23.55,28.16,27.7,24.11,26.44,22.99,0.023114,0.031288,0.022413,0.030001,0.003296,0.0,0.022187,0.015987,0.020884,0.00331,0.017031,0.022553,0.0,0.021246,0.003314,0.017867,0.023767,0.006554,0.022431,0.004117
2020-01-10 18:00:00,21.05,21.13,21.82,21.48,21.17,19.88,21.84,21.7,21.91,21.79,21.91,22.4,20.72,21.51,21.88,22.0,22.18,20.98,21.5,21.3,-0.35,0.0,1.0,1.0,1.0,1.0,1.0,0.0,1.0,1.0,1.0,1.0,1.0,1.0,0.0,1.0,1.0,1.0,1.0,0.387,1.0,1.0,36.0,21.0,23.0,692.37,967.75,622.34,897.06,185.9,0.0,775.21,587.62,792.34,172.29,572.85,766.79,0.0,829.98,171.59,584.41,815.45,321.52,860.31,220.2,28.83,28.6,29.36,28.85,22.51,36.0,27.64,27.21,26.92,23.55,27.95,27.87,36.0,26.65,23.61,28.17,27.79,24.26,26.82,23.2,0.023114,0.031288,0.022413,0.030001,0.003296,0.0,0.022187,0.015987,0.020884,0.00331,0.017031,0.022553,0.0,0.021246,0.003314,0.017867,0.023767,0.006554,0.022431,0.004117
2020-01-10 18:15:00,20.96,20.79,20.84,21.36,21.02,19.89,21.85,21.49,22.0,21.83,21.94,22.45,20.7,21.29,21.92,22.02,22.24,20.96,21.26,21.37,-0.41,0.0,0.823,0.535,0.0,1.0,0.0,1.0,1.0,0.0,1.0,1.0,1.0,1.0,1.0,0.0,1.0,1.0,1.0,0.219,0.0,1.0,36.0,21.0,23.0,637.16,656.94,0.0,932.74,0.0,840.92,771.96,0.0,771.57,171.52,571.13,762.49,722.21,0.0,170.76,583.09,807.22,186.79,0.0,217.32,27.99,26.6,36.0,28.56,36.0,24.02,27.68,36.0,27.16,23.6,27.98,27.91,25.29,36.0,23.67,28.19,27.87,23.96,36.0,23.37,0.019025,0.016723,0.0,0.030001,0.0,0.0168,0.022187,0.0,0.020884,0.00331,0.017031,0.022553,0.016137,0.0,0.003314,0.017867,0.023767,0.003711,0.0,0.004117
2020-01-10 18:30:00,20.89,20.65,20.51,21.22,20.86,20.24,21.86,21.12,22.1,21.88,21.97,22.5,20.95,20.77,21.97,22.04,22.31,20.9,20.67,21.46,-0.46,0.0,0.823,0.535,0.0,1.0,0.0,1.0,1.0,0.0,1.0,1.0,1.0,1.0,1.0,0.0,1.0,1.0,1.0,0.219,0.0,1.0,36.0,21.0,23.0,636.51,654.69,0.0,936.8,0.0,748.52,769.09,0.0,758.16,170.82,569.45,758.67,651.19,0.0,170.0,581.75,800.63,190.81,0.0,215.1,28.0,26.63,36.0,28.53,36.0,25.34,27.71,36.0,27.31,23.66,28.0,27.95,26.35,36.0,23.73,28.21,27.94,23.7,36.0,23.5,0.019025,0.016723,0.0,0.030001,0.0,0.0168,0.022187,0.0,0.020884,0.00331,0.017031,0.022553,0.016137,0.0,0.003314,0.017867,0.023767,0.003711,0.0,0.004117
2020-01-10 18:45:00,20.9,20.58,20.39,21.21,20.7,20.61,21.77,20.79,22.3,21.93,22.0,22.42,21.26,20.47,22.02,22.07,22.24,20.8,20.31,21.53,-0.52,0.0,0.823,0.535,0.0,1.0,0.0,1.0,1.0,0.0,1.0,1.0,1.0,1.0,1.0,0.0,1.0,1.0,1.0,0.219,0.0,1.0,36.0,21.0,23.0,636.57,657.73,0.0,936.97,0.0,697.41,767.89,0.0,747.57,170.14,567.79,756.33,612.6,0.0,169.28,580.43,796.4,193.71,0.0,213.25,28.0,26.59,36.0,28.53,36.0,26.07,27.72,36.0,27.44,23.7,28.02,27.98,26.92,36.0,23.78,28.23,27.98,23.51,36.0,23.61,0.019025,0.016723,0.0,0.030001,0.0,0.0168,0.022187,0.0,0.020884,0.00331,0.017031,0.022553,0.016137,0.0,0.003314,0.017867,0.023767,0.003711,0.0,0.004117
2020-01-10 19:00:00,20.9,20.56,20.28,21.17,20.57,20.86,21.73,20.5,22.39,21.97,22.03,22.44,21.48,20.16,22.07,22.09,22.27,20.71,19.94,21.6,-0.6,0.0,0.823,0.535,0.0,1.0,0.0,1.0,1.0,0.0,1.0,1.0,1.0,1.0,1.0,0.0,1.0,1.0,1.0,0.219,0.0,1.0,36.0,21.0,23.0,636.17,658.29,0.0,938.93,0.0,665.83,767.44,0.0,738.77,169.49,566.24,754.91,589.26,0.0,168.59,579.19,793.7,196.09,0.0,211.67,28.0,26.58,36.0,28.51,36.0,26.52,27.72,36.0,27.54,23.75,28.05,27.99,27.26,36.0,23.83,28.24,28.01,23.36,36.0,23.7,0.019025,0.016723,0.0,0.030001,0.0,0.0168,0.022187,0.0,0.020884,0.00331,0.017031,0.022553,0.016137,0.0,0.003314,0.017867,0.023767,0.003711,0.0,0.004117
2020-01-10 19:15:00,21.04,20.92,21.0,21.31,20.73,20.95,21.76,20.61,22.45,22.02,22.06,22.47,21.38,20.26,22.12,22.11,22.31,20.84,20.06,21.66,-0.67,0.0,1.0,1.0,1.0,1.0,1.0,0.885,1.0,1.0,1.0,1.0,1.0,1.0,0.0,1.0,1.0,1.0,1.0,0.931,1.0,1.0,36.0,21.0,23.0,716.84,1007.18,678.64,936.67,184.9,582.58,766.75,749.99,732.03,168.87,564.77,753.12,0.0,1042.64,167.93,578.01,790.81,736.07,1100.44,210.27,28.58,28.3,28.76,28.53,22.58,26.62,27.73,24.78,27.61,23.8,28.07,28.01,36.0,24.26,23.88,28.26,28.04,24.84,24.26,23.78,0.023114,0.031288,0.022413,0.030001,0.003296,0.014865,0.022187,0.015987,0.020884,0.00331,0.017031,0.022553,0.0,0.021246,0.003314,0.017867,0.023767,0.015777,0.022431,0.004117
2020-01-10 19:30:00,21.16,21.11,21.37,21.47,20.92,20.94,21.86,20.96,22.5,22.06,22.09,22.5,21.08,20.64,22.16,22.13,22.34,21.1,20.5,21.73,-0.75,0.0,1.0,1.0,1.0,1.0,1.0,0.885,1.0,1.0,1.0,1.0,1.0,1.0,0.0,1.0,1.0,1.0,1.0,0.931,1.0,1.0,36.0,21.0,23.0,717.24,1014.83,704.24,933.48,186.05,578.21,765.21,671.89,726.64,168.27,563.38,751.24,0.0,941.61,167.29,576.89,788.01,669.48,988.66,209.02,28.58,28.24,28.48,28.56,22.49,26.69,27.75,25.95,27.68,23.84,28.09,28.03,36.0,25.4,23.92,28.28,28.07,25.85,25.46,23.85,0.023114,0.031288,0.022413,0.030001,0.003296,0.014865,0.022187,0.015987,0.020884,0.00331,0.017031,0.022553,0.0,0.021246,0.003314,0.017867,0.023767,0.015777,0.022431,0.004117
2020-01-10 19:45:00,21.2,21.14,21.34,21.52,21.03,20.9,21.98,21.27,22.55,22.11,22.12,22.54,20.76,21.04,22.21,22.16,22.38,21.33,20.95,21.79,-0.82,0.0,1.0,1.0,1.0,1.0,1.0,0.885,1.0,1.0,1.0,1.0,1.0,1.0,0.0,1.0,1.0,1.0,1.0,0.931,1.0,1.0,36.0,21.0,23.0,716.49,1016.07,712.06,930.8,186.01,574.64,762.4,628.66,722.11,167.68,561.97,749.29,0.0,884.02,166.68,575.78,785.25,631.62,924.79,207.85,28.58,28.23,28.4,28.58,22.5,26.75,27.78,26.59,27.73,23.88,28.11,28.05,36.0,26.05,23.97,28.29,28.1,26.42,26.14,23.92,0.023114,0.031288,0.022413,0.030001,0.003296,0.014865,0.022187,0.015987,0.020884,0.00331,0.017031,0.022553,0.0,0.021246,0.003314,0.017867,0.023767,0.015777,0.022431,0.004117
2020-01-10 20:00:00,21.18,21.12,21.28,21.5,21.1,20.92,22.06,21.46,22.61,22.16,22.16,22.58,20.5,21.3,22.26,22.19,22.43,21.5,21.22,21.86,-0.87,0.0,1.0,1.0,1.0,1.0,1.0,0.885,1.0,1.0,1.0,1.0,1.0,1.0,0.0,1.0,1.0,1.0,1.0,0.931,1.0,1.0,36.0,21.0,23.0,689.72,983.81,696.79,898.82,185.35,571.44,759.29,603.04,718.28,167.13,560.58,747.3,0.0,848.17,166.1,574.65,782.62,608.39,885.19,206.81,28.86,28.48,28.56,28.83,22.55,26.8,27.81,26.98,27.77,23.92,28.13,28.07,36.0,26.45,24.01,28.31,28.12,26.77,26.56,23.98,0.023114,0.031288,0.022413,0.030001,0.003296,0.014865,0.022187,0.015987,0.020884,0.00331,0.017031,0.022553,0.0,0.021246,0.003314,0.017867,0.023767,0.015777,0.022431,0.004117
2020-01-10 20:15:00,21.21,20.74,20.68,21.4,20.91,20.93,22.11,21.25,22.65,22.19,22.2,22.62,20.66,21.11,22.3,21.85,22.47,21.36,21.01,21.9,-0.91,0.0,1.0,0.51,0.318,1.0,0.0,1.0,1.0,0.0,1.0,1.0,1.0,1.0,1.0,0.0,1.0,0.0,1.0,0.0,0.0,1.0,36.0,21.0,23.0,716.56,650.0,324.17,932.4,0.0,629.69,756.75,0.0,714.69,166.55,559.12,745.16,755.17,0.0,165.51,0.0,779.84,0.0,0.0,205.76,28.58,26.26,25.1,28.56,36.0,27.03,27.84,36.0,27.81,23.96,28.15,28.1,24.8,36.0,24.05,36.0,28.15,36.0,36.0,24.04,0.023114,0.015967,0.007116,0.030001,0.0,0.0168,0.022187,0.0,0.020884,0.00331,0.017031,0.022553,0.016137,0.0,0.003314,0.0,0.023767,0.0,0.0,0.004117
2020-01-10 20:30:00,21.2,20.59,20.46,21.27,20.72,21.11,22.05,20.84,22.7,22.24,22.24,22.66,20.99,20.68,22.34,21.25,22.52,21.1,20.54,21.96,-0.96,0.0,1.0,0.51,0.318,1.0,0.0,1.0,1.0,0.0,1.0,1.0,1.0,1.0,1.0,0.0,1.0,0.0,1.0,0.0,0.0,1.0,36.0,21.0,23.0,718.23,652.74,329.32,936.67,0.0,617.59,755.0,0.0,711.45,166.01,557.59,742.91,675.53,0.0,164.95,0.0,777.08,0.0,0.0,204.79,28.57,26.22,24.93,28.53,36.0,27.21,27.86,36.0,27.85,24.0,28.17,28.12,25.98,36.0,24.09,36.0,28.18,36.0,36.0,24.1,0.023114,0.015967,0.007116,0.030001,0.0,0.0168,0.022187,0.0,0.020884,0.00331,0.017031,0.022553,0.016137,0.0,0.003314,0.0,0.023767,0.0,0.0,0.004117
2020-01-10 20:45:00,21.21,20.55,20.36,21.24,20.53,21.27,21.97,20.49,22.74,22.28,22.29,22.71,21.34,20.25,22.38,20.7,22.57,20.87,20.04,22.02,-1.01,0.0,1.0,0.51,0.318,1.0,0.0,1.0,1.0,0.0,1.0,1.0,1.0,1.0,1.0,0.0,1.0,0.0,1.0,0.0,0.0,1.0,36.0,21.0,23.0,718.73,657.82,336.41,937.4,0.0,608.87,753.94,0.0,708.47,165.48,556.03,740.62,631.97,0.0,164.4,0.0,774.34,0.0,0.0,203.89,28.56,26.14,24.69,28.52,36.0,27.33,27.87,36.0,27.88,24.04,28.19,28.14,26.63,36.0,24.13,36.0,28.21,36.0,36.0,24.15,0.023114,0.015967,0.007116,0.030001,0.0,0.0168,0.022187,0.0,0.020884,0.00331,0.017031,0.022553,0.016137,0.0,0.003314,0.0,0.023767,0.0,0.0,0.004117
2020-01-10 21:00:00,21.24,20.52,20.3,21.21,20.38,21.41,21.9,20.21,22.79,22.32,22.34,22.76,21.55,19.93,22.43,20.28,22.63,20.69,19.67,22.07,-1.08,0.0,1.0,0.51,0.318,1.0,0.0,1.0,1.0,0.0,1.0,1.0,1.0,1.0,1.0,0.0,1.0,0.0,1.0,0.0,0.0,1.0,36.0,21.0,23.0,716.36,659.68,337.04,938.08,0.0,601.76,753.77,0.0,705.61,164.96,554.38,738.21,604.89,0.0,163.87,0.0,771.51,0.0,0.0,203.01,28.59,26.12,24.67,28.52,36.0,27.43,27.87,36.0,27.92,24.08,28.21,28.17,27.03,36.0,24.17,36.0,28.23,36.0,36.0,24.2,0.023114,0.015967,0.007116,0.030001,0.0,0.0168,0.022187,0.0,0.020884,0.00331,0.017031,0.022553,0.016137,0.0,0.003314,0.0,0.023767,0.0,0.0,0.004117
2020-01-10 21:15:00,21.27,20.94,20.83,21.33,20.52,21.52,21.91,20.36,22.83,22.36,22.39,22.81,21.7,20.09,22.47,20.45,22.68,20.81,19.85,22.12,-1.15,0.0,1.0,1.0,1.0,1.0,1.0,1.0,1.0,1.0,0.993,1.0,1.0,1.0,1.0,1.0,1.0,1.0,1.0,1.0,1.0,1.0,36.0,21.0,23.0,713.84,1039.14,762.43,938.4,189.64,595.92,753.86,767.01,698.91,164.45,552.71,735.76,587.75,1059.82,163.35,810.49,768.69,817.16,1123.1,202.17,28.61,28.05,27.86,28.52,22.23,27.51,27.87,24.52,27.94,24.12,28.24,28.2,27.29,24.07,24.21,25.15,28.26,24.46,24.02,24.25,0.023114,0.031288,0.022413,0.030001,0.003296,0.0168,0.022187,0.015987,0.020743,0.00331,0.017031,0.022553,0.016137,0.021246,0.003314,0.017867,0.023767,0.016941,0.022431,0.004117
2020-01-10 21:30:00,21.36,21.14,21.08,21.49,20.75,21.66,22.03,20.73,22.88,22.4,22.5,22.87,21.78,20.52,22.51,20.98,22.74,21.11,20.35,22.17,-1.23,0.0,1.0,1.0,1.0,1.0,1.0,1.0,1.0,1.0,0.993,1.0,1.0,1.0,1.0,1.0,1.0,1.0,1.0,1.0,1.0,1.0,36.0,21.0,23.0,710.0,1042.47,767.94,931.99,190.6,590.49,752.21,686.13,696.82,163.95,550.57,733.21,576.34,955.66,162.84,719.95,765.81,723.74,1006.9,201.36,28.65,28.03,27.8,28.57,22.16,27.59,27.89,25.73,27.96,24.15,28.27,28.22,27.46,25.24,24.25,26.36,28.29,25.78,25.26,24.3,0.023114,0.031288,0.022413,0.030001,0.003296,0.0168,0.022187,0.015987,0.020743,0.00331,0.017031,0.022553,0.016137,0.021246,0.003314,0.017867,0.023767,0.016941,0.022431,0.004117
2020-01-10 21:45:00,21.41,21.19,21.12,21.56,20.87,21.75,22.2,21.1,22.92,22.44,22.55,22.93,21.9,20.94,22.54,21.43,22.8,21.41,20.82,22.22,-1.3,0.0,1.0,1.0,1.0,1.0,1.0,1.0,1.0,1.0,0.993,1.0,1.0,1.0,1.0,1.0,1.0,1.0,1.0,1.0,1.0,1.0,36.0,21.0,23.0,706.94,1039.36,763.56,928.48,190.16,585.62,748.92,641.08,694.59,163.46,548.2,730.52,567.92,895.8,162.34,670.05,762.81,672.43,939.91,200.57,28.68,28.05,27.85,28.6,22.2,27.66,27.92,26.41,27.99,24.19,28.3,28.25,27.58,25.91,24.28,27.03,28.32,26.5,25.98,24.34,0.023114,0.031288,0.022413,0.030001,0.003296,0.0168,0.022187,0.015987,0.020743,0.00331,0.017031,0.022553,0.016137,0.021246,0.003314,0.017867,0.023767,0.016941,0.022431,0.004117
2020-01-10 22:00:00,21.38,21.17,21.1,21.54,20.94,21.82,22.29,21.28,22.95,22.48,22.58,22.96,21.97,21.21,22.59,21.68,22.83,21.62,21.1,22.27,-1.35,0.0,1.0,1.0,1.0,1.0,1.0,1.0,1.0,1.0,0.993,1.0,1.0,1.0,1.0,1.0,1.0,1.0,1.0,1.0,1.0,1.0,36.0,21.0,23.0,678.22,1002.37,733.28,895.97,189.12,581.45,745.15,613.89,692.47,163.0,546.22,728.02,561.54,858.21,161.86,640.2,760.09,641.57,897.95,199.85,28.98,28.34,28.17,28.86,22.27,27.72,27.97,26.81,28.01,24.22,28.33,28.28,27.67,26.34,24.32,27.43,28.35,26.94,26.42,24.39,0.023114,0.031288,0.022413,0.030001,0.003296,0.0168,0.022187,0.015987,0.020743,0.00331,0.017031,0.022553,0.016137,0.021246,0.003314,0.017867,0.023767,0.016941,0.022431,0.004117
2020-01-10 22:15:00,21.42,20.64,20.82,21.45,20.96,21.62,22.35,21.36,22.69,22.51,22.53,22.91,21.98,21.03,22.62,21.81,22.84,21.47,20.89,22.31,-1.4,0.0,1.0,0.38,0.6,1.0,0.639,0.0,1.0,1.0,0.0,1.0,0.742,0.702,1.0,0.0,1.0,1.0,0.95,0.0,0.0,0.981,36.0,21.0,23.0,702.51,525.99,545.08,929.14,126.05,0.0,742.67,595.98,0.0,162.51,423.05,535.36,556.62,0.0,161.37,620.73,726.4,0.0,0.0,195.58,28.73,25.41,26.31,28.59,21.69,36.0,27.99,27.08,36.0,24.26,27.99,27.91,27.75,36.0,24.35,27.69,28.31,36.0,36.0,24.42,0.023114,0.011885,0.013454,0.030001,0.002108,0.0,0.022187,0.015987,0.0,0.00331,0.012637,0.015833,0.016137,0.0,0.003314,0.017867,0.022589,0.0,0.0,0.00404
2020-01-10 22:30:00,21.42,20.46,20.7,21.34,20.98,21.29,22.27,21.44,22.2,22.55,22.44,22.8,21.9,20.56,22.66,21.92,22.84,21.21,20.4,22.35,-1.45,0.0,1.0,0.38,0.6,1.0,0.639,0.0,1.0,1.0,0.0,1.0,0.742,0.702,1.0,0.0,1.0,1.0,0.95,0.0,0.0,0.981,36.0,21.0,23.0,701.42,525.89,543.85,932.13,126.04,0.0,740.76,584.42,0.0,162.05,435.42,552.64,553.14,0.0,160.9,608.48,728.77,0.0,0.0,195.03,28.74,25.41,26.33,28.57,21.69,36.0,28.01,27.25,36.0,24.29,27.76,27.65,27.8,36.0,24.39,27.85,28.28,36.0,36.0,24.45,0.023114,0.011885,0.013454,0.030001,0.002108,0.0,0.022187,0.015987,0.0,0.00331,0.012637,0.015833,0.016137,0.0,0.003314,0.017867,0.022589,0.0,0.0,0.00404
2020-01-10 22:45:00,21.42,20.39,20.67,21.3,21.02,20.99,22.16,21.5,21.71,22.59,22.36,22.71,21.78,20.1,22.7,22.02,22.84,20.96,19.88,22.4,-1.51,0.0,1.0,0.38,0.6,1.0,0.639,0.0,1.0,1.0,0.0,1.0,0.742,0.702,1.0,0.0,1.0,1.0,0.95,0.0,0.0,0.981,36.0,21.0,23.0,700.69,529.84,542.99,933.85,125.6,0.0,740.68,576.26,0.0,161.59,442.8,563.24,551.5,0.0,160.43,599.79,729.7,0.0,0.0,194.45,28.75,25.34,26.34,28.55,21.74,36.0,28.01,27.38,36.0,24.32,27.62,27.49,27.82,36.0,24.42,27.97,28.27,36.0,36.0,24.49,0.023114,0.011885,0.013454,0.030001,0.002108,0.0,0.022187,0.015987,0.0,0.00331,0.012637,0.015833,0.016137,0.0,0.003314,0.017867,0.022589,0.0,0.0,0.00404
2020-01-10 23:00:00,21.42,20.32,20.64,21.27,21.06,20.75,22.04,21.56,21.36,22.62,22.29,22.63,21.65,19.77,22.73,22.08,22.83,20.74,19.48,22.44,-1.57,0.0,1.0,0.38,0.6,1.0,0.639,0.0,1.0,1.0,0.0,1.0,0.742,0.702,1.0,0.0,1.0,1.0,0.95,0.0,0.0,0.981,36.0,21.0,23.0,700.01,533.01,541.63,934.78,125.15,0.0,741.61,570.16,0.0,161.14,447.67,570.45,551.01,0.0,159.97,593.39,730.08,0.0,0.0,193.86,28.75,25.27,26.37,28.55,21.79,36.0,28.0,27.47,36.0,24.36,27.52,27.38,27.83,36.0,24.45,28.05,28.27,36.0,36.0,24.52,0.023114,0.011885,0.013454,0.030001,0.002108,0.0,0.022187,0.015987,0.0,0.00331,0.012637,0.015833,0.016137,0.0,0.003314,0.017867,0.022589,0.0,0.0,0.00404
2020-01-10 23:15:00,21.41,20.82,20.93,21.35,20.97,20.8,22.0,21.57,21.42,22.66,22.33,22.66,21.61,19.91,22.77,22.13,22.82,20.78,19.65,22.36,-1.64,0.0,1.0,1.0,1.0,1.0,0.0,1.0,1.0,1.0,1.0,1.0,1.0,1.0,1.0,1.0,1.0,1.0,0.935,0.86,1.0,0.0,36.0,21.0,23.0,699.41,1056.17,751.77,935.73,0.0,783.59,743.01,565.42,930.9,160.69,580.71,780.62,551.17,1071.29,159.52,588.47,720.5,719.36,1137.15,0.0,28.76,27.92,27.98,28.54,36.0,24.84,27.99,27.54,25.34,24.39,27.84,27.72,27.83,23.94,24.49,28.12,28.25,24.19,23.87,36.0,0.023114,0.031288,0.022413,0.030001,0.0,0.0168,0.022187,0.015987,0.020884,0.00331,0.017031,0.022553,0.016137,0.021246,0.003314,0.017867,0.022229,0.014569,0.022431,0.0
2020-01-10 23:30:00,21.45,21.02,21.08,21.47,20.96,21.08,22.06,21.57,21.72,22.69,22.42,22.75,21.69,20.33,22.8,22.18,22.81,21.01,20.14,22.23,-1.71,0.0,1.0,1.0,1.0,1.0,0.0,1.0,1.0,1.0,1.0,1.0,1.0,1.0,1.0,1.0,1.0,1.0,0.935,0.86,1.0,0.0,36.0,21.0,23.0,698.28,1065.38,750.58,931.07,0.0,700.17,743.17,562.17,847.59,160.25,565.38,758.72,550.34,966.53,159.08,584.56,721.94,650.33,1019.98,0.0,28.77,27.85,27.99,28.58,36.0,26.03,27.99,27.59,26.29,24.42,28.06,27.95,27.84,25.12,24.52,28.17,28.23,25.32,25.12,36.0,0.023114,0.031288,0.022413,0.030001,0.0,0.0168,0.022187,0.015987,0.020884,0.00331,0.017031,0.022553,0.016137,0.021246,0.003314,0.017867,0.022229,0.014569,0.022431,0.0
2020-01-10 23:45:00,21.46,21.02,21.1,21.51,20.96,21.33,22.15,21.58,22.02,22.73,22.48,22.81,21.82,20.73,22.84,22.21,22.79,21.22,20.59,22.1,-1.77,0.0,1.0,1.0,1.0,1.0,0.0,1.0,1.0,1.0,1.0,1.0,1.0,1.0,1.0,1.0,1.0,1.0,0.935,0.86,1.0,0.0,36.0,21.0,23.0,697.32,1064.77,745.67,929.08,0.0,655.5,741.91,559.41,801.24,159.82,556.89,746.5,548.28,906.58,158.64,581.38,722.85,611.84,952.65,0.0,28.78,27.86,28.04,28.59,36.0,26.67,28.0,27.63,26.82,24.45,28.18,28.08,27.87,25.79,24.55,28.22,28.22,25.95,25.84,36.0,0.023114,0.031288,0.022413,0.030001,0.0,0.0168,0.022187,0.015987,0.020884,0.00331,0.017031,0.022553,0.016137,0.021246,0.003314,0.017867,0.022229,0.014569,0.022431,0.0
2020-01-11 00:00:00,21.41,20.99,21.08,21.48,20.95,21.51,22.21,21.6,22.22,22.77,22.53,22.87,21.9,21.0,22.88,22.25,22.79,21.39,20.88,21.97,-1.86,0.0,1.0,1.0,1.0,1.0,0.0,1.0,1.0,1.0,1.0,1.0,1.0,1.0,1.0,1.0,1.0,1.0,0.935,0.86,1.0,0.0,36.0,21.0,23.0,670.23,1028.22,714.21,897.21,0.0,629.17,740.01,557.08,772.81,159.41,551.64,738.93,545.93,868.99,158.23,578.72,723.3,588.42,910.44,0.0,29.06,28.14,28.38,28.85,36.0,27.04,28.02,27.66,27.15,24.48,28.25,28.16,27.91,26.22,24.58,28.25,28.22,26.34,26.29,36.0,0.023114,0.031288,0.022413,0.030001,0.0,0.0168,0.022187,0.015987,0.020884,0.00331,0.017031,0.022553,0.016137,0.021246,0.003314,0.017867,0.022229,0.014569,0.022431,0.0
2020-01-11 00:15:00,21.45,20.7,21.12,21.45,20.98,21.6,22.26,21.54,22.0,22.72,22.57,22.87,22.01,20.88,22.91,22.28,22.82,21.25,20.86,21.87,-1.94,0.0,1.0,0.617,1.0,1.0,0.456,1.0,1.0,0.63,0.0,0.0,1.0,0.89,1.0,0.189,1.0,1.0,1.0,0.0,0.438,0.0,36.0,21.0,23.0,695.8,776.9,737.0,928.36,89.7,611.69,738.8,372.11,0.0,0.0,548.1,664.94,544.24,181.69,157.79,576.35,765.21,0.0,423.94,0.0,28.8,26.36,28.13,28.6,21.72,27.29,28.03,27.16,36.0,36.0,28.3,28.08,27.93,25.16,24.61,28.28,28.3,36.0,25.67,36.0,0.023114,0.019289,0.022413,0.030001,0.001503,0.0168,0.022187,0.010066,0.0,0.0,0.017031,0.020077,0.016137,0.00401,0.003314,0.017867,0.023767,0.0,0.009816,0.0
2020-01-11 00:30:00,21.45,20.63,21.13,21.42,21.0,21.71,22.18,21.46,21.54,22.62,22.6,22.86,22.07,20.57,22.94,22.32,22.85,21.01,20.7,21.76,-2.03,0.0,1.0,0.617,1.0,1.0,0.456,1.0,1.0,0.63,0.0,0.0,1.0,0.89,1.0,0.189,1.0,1.0,1.0,0.0,0.438,0.0,36.0,21.0,23.0,695.83,774.19,732.77,930.58,89.94,600.09,738.24,387.12,0.0,0.0,545.57,669.86,542.24,195.95,157.38,574.2,759.32,0.0,443.84,0.0,28.8,26.4,28.18,28.58,21.68,27.45,28.04,26.8,36.0,36.0,28.34,28.02,27.96,24.31,24.64,28.31,28.36,36.0,25.18,36.0,0.023114,0.019289,0.022413,0.030001,0.001503,0.0168,0.022187,0.010066,0.0,0.0,0.017031,0.020077,0.016137,0.00401,0.003314,0.017867,0.023767,0.0,0.009816,0.0
2020-01-11 00:45:00,21.45,20.62,21.15,21.41,20.97,21.78,22.07,21.39,21.12,22.53,22.62,22.85,22.12,20.27,22.97,22.34,22.88,20.78,20.55,21.66,-2.12,0.0,1.0,0.617,1.0,1.0,0.456,1.0,1.0,0.63,0.0,0.0,1.0,0.89,1.0,0.189,1.0,1.0,1.0,0.0,0.438,0.0,36.0,21.0,23.0,695.34,773.37,727.89,930.88,89.89,591.9,739.0,395.92,0.0,0.0,543.67,672.31,540.42,205.56,156.96,572.32,755.68,0.0,456.03,0.0,28.8,26.41,28.23,28.58,21.69,27.57,28.03,26.59,36.0,36.0,28.36,27.99,27.99,23.74,24.67,28.34,28.39,36.0,24.89,36.0,0.023114,0.019289,0.022413,0.030001,0.001503,0.0168,0.022187,0.010066,0.0,0.0,0.017031,0.020077,0.016137,0.00401,0.003314,0.017867,0.023767,0.0,0.009816,0.0
2020-01-11 01:00:00,21.4,20.59,21.12,21.37,20.96,21.85,22.04,21.32,20.78,22.43,22.64,22.84,22.15,20.0,23.01,22.37,22.89,20.55,20.43,21.55,-2.2,0.0,1.0,0.617,1.0,1.0,0.456,1.0,1.0,0.63,0.0,0.0,1.0,0.89,1.0,0.189,1.0,1.0,1.0,0.0,0.438,0.0,36.0,21.0,23.0,668.67,755.34,696.67,899.4,89.76,585.84,740.39,401.54,0.0,0.0,542.12,673.53,538.79,212.5,156.57,570.63,753.17,0.0,464.09,0.0,29.08,26.63,28.56,28.83,21.71,27.66,28.02,26.46,36.0,36.0,28.38,27.97,28.01,23.32,24.7,28.36,28.42,36.0,24.69,36.0,0.023114,0.019289,0.022413,0.030001,0.001503,0.0168,0.022187,0.010066,0.0,0.0,0.017031,0.020077,0.016137,0.00401,0.003314,0.017867,0.023767,0.0,0.009816,0.0
2020-01-11 01:15:00,21.37,20.86,21.12,21.35,20.87,21.89,21.88,21.09,20.91,22.43,22.65,22.86,22.18,20.18,23.0,22.39,22.84,20.8,20.6,21.46,-2.27,0.0,1.0,1.0,1.0,1.0,0.194,1.0,1.0,0.019,1.0,1.0,1.0,0.963,1.0,1.0,0.485,1.0,0.809,1.0,1.0,0.0,36.0,21.0,23.0,668.77,1023.23,692.34,899.54,39.38,580.94,740.42,13.65,979.22,172.83,540.93,720.95,537.61,1011.71,77.45,569.21,628.14,831.48,977.28,0.0,29.08,28.18,28.61,28.83,21.28,27.73,28.02,25.21,24.78,23.51,28.4,28.06,28.03,24.61,24.48,28.38,28.19,24.26,25.58,36.0,0.023114,0.031288,0.022413,0.030001,0.00064,0.0168,0.022187,0.000303,0.020884,0.00331,0.017031,0.021719,0.016137,0.021246,0.001609,0.017867,0.019232,0.016941,0.022431,0.0
2020-01-11 01:30:00,21.43,20.98,21.19,21.47,20.71,21.94,22.06,20.76,21.23,22.49,22.66,22.88,22.21,20.54,22.97,22.4,22.77,20.96,20.86,21.38,-2.35,0.0,1.0,1.0,1.0,1.0,0.194,1.0,1.0,0.019,1.0,1.0,1.0,0.963,1.0,1.0,0.485,1.0,0.809,1.0,1.0,0.0,36.0,21.0,23.0,694.86,1057.98,714.15,930.11,39.46,576.89,741.87,14.96,887.33,168.76,539.98,715.49,536.41,929.99,78.6,567.96,641.8,735.06,917.32,0.0,28.81,27.91,28.38,28.58,21.25,27.78,28.0,24.18,25.84,23.8,28.41,28.12,28.05,25.53,24.31,28.4,28.02,25.62,26.22,36.0,0.023114,0.031288,0.022413,0.030001,0.00064,0.0168,0.022187,0.000303,0.020884,0.00331,0.017031,0.021719,0.016137,0.021246,0.001609,0.017867,0.019232,0.016941,0.022431,0.0
2020-01-11 01:45:00,21.44,21.03,21.24,21.5,20.57,21.99,22.17,20.42,21.58,22.56,22.67,22.9,22.24,20.86,22.94,22.42,22.71,21.25,21.1,21.29,-2.43,0.0,1.0,1.0,1.0,1.0,0.194,1.0,1.0,0.019,1.0,1.0,1.0,0.963,1.0,1.0,0.485,1.0,0.809,1.0,1.0,0.0,36.0,21.0,23.0,694.64,1052.38,709.08,928.86,39.55,573.43,740.59,15.91,835.43,166.1,539.09,712.14,535.25,882.6,79.38,566.8,649.98,682.31,881.91,0.0,28.81,27.95,28.43,28.59,21.22,27.83,28.01,23.43,26.43,24.0,28.43,28.16,28.06,26.06,24.2,28.41,27.91,26.36,26.59,36.0,0.023114,0.031288,0.022413,0.030001,0.00064,0.0168,0.022187,0.000303,0.020884,0.00331,0.017031,0.021719,0.016137,0.021246,0.001609,0.017867,0.019232,0.016941,0.022431,0.0
2020-01-11 02:00:00,21.39,21.0,21.21,21.47,20.49,22.02,22.23,20.15,21.8,22.62,22.68,22.91,22.25,21.07,22.91,22.43,22.65,21.45,21.26,21.2,-2.51,0.0,1.0,1.0,1.0,1.0,0.194,1.0,1.0,0.019,1.0,1.0,1.0,0.963,1.0,1.0,0.485,1.0,0.809,1.0,1.0,0.0,36.0,21.0,23.0,668.0,1011.54,678.59,896.9,39.6,570.53,738.36,16.64,803.39,164.23,538.28,709.91,534.21,852.94,79.94,565.76,655.25,651.15,859.31,0.0,29.09,28.27,28.76,28.85,21.2,27.88,28.04,22.85,26.8,24.13,28.44,28.18,28.08,26.4,24.11,28.42,27.85,26.8,26.83,36.0,0.023114,0.031288,0.022413,0.030001,0.00064,0.0168,0.022187,0.000303,0.020884,0.00331,0.017031,0.021719,0.016137,0.021246,0.001609,0.017867,0.019232,0.016941,0.022431,0.0
2020-01-11 02:15:00,21.41,21.04,21.24,21.48,20.58,22.05,22.27,20.3,21.58,22.67,22.68,22.87,22.26,20.86,22.93,22.43,22.66,21.28,20.98,21.13,-2.59,0.0,1.0,1.0,1.0,1.0,1.0,1.0,1.0,1.0,0.0,1.0,1.0,0.823,1.0,0.048,1.0,1.0,1.0,0.0,0.0,0.0,36.0,21.0,23.0,694.82,1042.69,703.49,929.01,187.41,568.06,737.18,763.79,0.0,162.8,537.83,620.0,533.59,46.72,162.05,565.08,788.83,0.0,0.0,0.0,28.81,28.03,28.49,28.59,22.4,27.91,28.05,24.57,36.0,24.23,28.45,28.01,28.09,25.03,24.3,28.43,28.06,36.0,36.0,36.0,0.023114,0.031288,0.022413,0.030001,0.003296,0.0168,0.022187,0.015987,0.0,0.00331,0.017031,0.018572,0.016137,0.001019,0.003314,0.017867,0.023767,0.0,0.0,0.0
2020-01-11 02:30:00,21.41,21.07,21.25,21.49,20.77,22.07,22.17,20.64,21.1,22.71,22.68,22.8,22.27,20.4,22.97,22.44,22.71,21.0,20.44,21.04,-2.68,0.0,1.0,1.0,1.0,1.0,1.0,1.0,1.0,1.0,0.0,1.0,1.0,0.823,1.0,0.048,1.0,1.0,1.0,0.0,0.0,0.0,36.0,21.0,23.0,695.81,1037.52,703.09,930.02,188.0,565.88,737.0,684.67,0.0,161.69,537.39,629.25,532.95,51.53,159.9,564.43,774.4,0.0,0.0,0.0,28.8,28.07,28.5,28.58,22.35,27.94,28.05,25.75,36.0,24.32,28.45,27.89,28.1,23.9,24.46,28.44,28.2,36.0,36.0,36.0,0.023114,0.031288,0.022413,0.030001,0.003296,0.0168,0.022187,0.015987,0.0,0.00331,0.017031,0.018572,0.016137,0.001019,0.003314,0.017867,0.023767,0.0,0.0,0.0
2020-01-11 02:45:00,21.4,21.09,21.25,21.49,20.89,22.09,22.03,20.96,20.67,22.75,22.68,22.74,22.28,19.96,23.02,22.44,22.74,20.74,19.9,20.96,-2.76,0.0,1.0,1.0,1.0,1.0,1.0,1.0,1.0,1.0,0.0,1.0,1.0,0.823,1.0,0.048,1.0,1.0,1.0,0.0,0.0,0.0,36.0,21.0,23.0,696.29,1031.74,702.23,930.43,187.58,564.02,738.41,641.37,0.0,160.79,537.05,634.99,532.43,54.95,158.44,563.92,766.59,0.0,0.0,0.0,28.79,28.11,28.5,28.58,22.38,27.97,28.04,26.4,36.0,24.38,28.46,27.82,28.11,23.09,24.56,28.45,28.28,36.0,36.0,36.0,0.023114,0.031288,0.022413,0.030001,0.003296,0.0168,0.022187,0.015987,0.0,0.00331,0.017031,0.018572,0.016137,0.001019,0.003314,0.017867,0.023767,0.0,0.0,0.0
2020-01-11 03:00:00,21.4,21.12,21.27,21.49,20.99,22.12,21.93,21.16,20.36,22.79,22.69,22.71,22.3,19.65,23.06,22.45,22.78,20.54,19.5,20.88,-2.8,0.0,1.0,1.0,1.0,1.0,1.0,1.0,1.0,1.0,0.0,1.0,1.0,0.823,1.0,0.048,1.0,1.0,1.0,0.0,0.0,0.0,36.0,21.0,23.0,696.59,1025.66,701.15,930.71,187.4,562.3,740.34,614.85,0.0,160.02,536.7,638.81,531.9,57.58,157.35,563.41,761.76,0.0,0.0,0.0,28.79,28.16,28.52,28.58,22.4,27.99,28.02,26.8,36.0,24.44,28.46,27.77,28.11,22.48,24.64,28.46,28.33,36.0,36.0,36.0,0.023114,0.031288,0.022413,0.030001,0.003296,0.0168,0.022187,0.015987,0.0,0.00331,0.017031,0.018572,0.016137,0.001019,0.003314,0.017867,0.023767,0.0,0.0,0.0
2020-01-11 03:15:00,21.41,21.14,20.66,21.42,20.83,22.12,21.7,21.06,20.47,22.81,22.7,22.75,22.04,19.79,23.03,22.46,22.81,20.57,19.64,20.91,-2.85,0.0,1.0,1.0,0.29,1.0,0.191,1.0,0.0,0.337,1.0,0.772,1.0,1.0,0.0,1.0,0.04,1.0,1.0,1.0,1.0,1.0,36.0,21.0,23.0,696.62,1019.26,286.33,932.4,39.14,560.72,0.0,226.61,1010.53,124.16,536.26,756.65,0.0,1061.39,6.59,562.8,758.44,828.51,1124.62,241.88,28.79,28.21,25.47,28.56,21.16,28.01,36.0,25.95,24.42,24.38,28.47,27.97,36.0,24.05,24.24,28.46,28.37,24.3,24.01,21.94,0.023114,0.031288,0.006505,0.030001,0.000631,0.0168,0.0,0.005395,0.020884,0.002555,0.017031,0.022553,0.0,0.021246,0.000134,0.017867,0.023767,0.016941,0.022431,0.004117
2020-01-11 03:30:00,21.39,21.14,20.49,21.34,20.71,22.05,21.42,20.83,20.86,22.82,22.71,22.82,21.62,20.21,22.94,22.48,22.83,20.72,20.13,21.05,-2.89,0.0,1.0,1.0,0.29,1.0,0.191,1.0,0.0,0.337,1.0,0.772,1.0,1.0,0.0,1.0,0.04,1.0,1.0,1.0,1.0,1.0,36.0,21.0,23.0,697.03,1013.85,285.22,934.58,39.23,559.58,0.0,241.47,914.5,124.63,535.79,743.31,0.0,963.24,6.78,562.16,756.02,735.23,1011.12,232.76,28.79,28.25,25.51,28.55,21.13,28.03,36.0,25.29,25.52,24.33,28.47,28.12,36.0,25.15,23.9,28.47,28.39,25.62,25.22,22.47,0.023114,0.031288,0.006505,0.030001,0.000631,0.0168,0.0,0.005395,0.020884,0.002555,0.017031,0.022553,0.0,0.021246,0.000134,0.017867,0.023767,0.016941,0.022431,0.004117
2020-01-11 03:45:00,21.38,21.16,20.43,21.31,20.6,21.93,21.19,20.62,21.25,22.83,22.72,22.89,21.33,20.62,22.85,22.5,22.86,20.86,20.61,21.19,-2.94,0.0,1.0,1.0,0.29,1.0,0.191,1.0,0.0,0.337,1.0,0.772,1.0,1.0,0.0,1.0,0.04,1.0,1.0,1.0,1.0,1.0,36.0,21.0,23.0,697.77,1008.21,286.67,936.46,39.37,559.59,0.0,250.98,859.42,124.86,535.27,735.38,0.0,906.57,6.91,561.46,754.06,685.55,945.64,226.59,28.78,28.29,25.46,28.53,21.07,28.03,36.0,24.87,26.15,24.31,28.48,28.2,36.0,25.79,23.66,28.48,28.41,26.32,25.91,22.83,0.023114,0.031288,0.006505,0.030001,0.000631,0.0168,0.0,0.005395,0.020884,0.002555,0.017031,0.022553,0.0,0.021246,0.000134,0.017867,0.023767,0.016941,0.022431,0.004117
2020-01-11 04:00:00,21.32,21.13,20.35,21.27,20.51,21.87,20.94,20.45,21.49,22.84,22.73,22.92,21.04,20.87,22.76,22.5,22.86,20.96,20.89,21.32,-2.97,0.0,1.0,1.0,0.29,1.0,0.191,1.0,0.0,0.337,1.0,0.772,1.0,1.0,0.0,1.0,0.04,1.0,1.0,1.0,1.0,1.0,36.0,21.0,23.0,671.11,970.34,287.76,905.42,39.45,560.13,0.0,257.56,825.05,124.97,534.73,730.27,0.0,871.11,7.02,560.8,752.49,656.84,904.92,222.15,29.05,28.58,25.42,28.78,21.05,28.02,36.0,24.58,26.55,24.3,28.49,28.25,36.0,26.19,23.47,28.49,28.43,26.72,26.35,23.09,0.023114,0.031288,0.006505,0.030001,0.000631,0.0168,0.0,0.005395,0.020884,0.002555,0.017031,0.022553,0.0,0.021246,0.000134,0.017867,0.023767,0.016941,0.022431,0.004117
2020-01-11 04:15:00,21.35,21.17,20.82,21.32,20.68,21.47,21.06,20.58,21.28,22.79,22.73,22.88,20.95,20.87,22.76,22.5,22.52,20.82,20.87,21.41,-3.0,0.0,1.0,1.0,1.0,1.0,1.0,0.0,0.945,1.0,0.0,0.0,1.0,0.8,0.391,0.536,1.0,1.0,0.0,0.447,0.477,1.0,36.0,21.0,23.0,697.24,1002.95,718.73,937.44,188.82,0.0,952.88,693.22,0.0,0.0,534.52,601.24,315.14,488.67,168.69,560.48,0.0,315.1,456.83,218.67,28.78,28.33,28.33,28.52,22.29,36.0,25.13,25.63,36.0,36.0,28.49,28.03,24.05,25.74,23.82,28.5,36.0,26.04,25.79,23.29,0.023114,0.031288,0.022413,0.030001,0.003296,0.0,0.020976,0.015987,0.0,0.0,0.017031,0.018052,0.006308,0.011391,0.003314,0.017867,0.0,0.007569,0.010701,0.004117
2020-01-11 04:30:00,21.38,21.21,21.01,21.42,20.84,21.04,21.24,20.86,20.86,22.71,22.73,22.81,20.76,20.78,22.82,22.51,21.97,20.75,20.73,21.49,-3.04,0.0,1.0,1.0,1.0,1.0,1.0,0.0,0.945,1.0,0.0,0.0,1.0,0.8,0.391,0.536,1.0,1.0,0.0,0.447,0.477,1.0,36.0,21.0,23.0,697.11,1000.24,730.86,934.02,189.14,0.0,867.5,644.4,0.0,0.0,534.25,613.27,308.45,505.23,164.77,560.12,0.0,331.58,476.5,215.94,28.78,28.35,28.2,28.55,22.27,36.0,26.11,26.36,36.0,36.0,28.5,27.87,24.3,25.39,24.11,28.5,36.0,25.52,25.35,23.45,0.023114,0.031288,0.022413,0.030001,0.003296,0.0,0.020976,0.015987,0.0,0.0,0.017031,0.018052,0.006308,0.011391,0.003314,0.017867,0.0,0.007569,0.010701,0.004117
2020-01-11 04:45:00,21.38,21.23,21.0,21.44,20.92,20.65,21.4,21.09,20.4,22.61,22.72,22.73,20.6,20.67,22.89,22.51,21.4,20.72,20.57,21.58,-3.07,0.0,1.0,1.0,1.0,1.0,1.0,0.0,0.945,1.0,0.0,0.0,1.0,0.8,0.391,0.536,1.0,1.0,0.0,0.447,0.477,1.0,36.0,21.0,23.0,696.51,997.17,734.9,933.09,188.77,0.0,821.45,616.9,0.0,0.0,534.05,620.53,305.76,514.85,162.21,559.84,0.0,341.25,488.5,213.71,28.79,28.38,28.16,28.56,22.3,36.0,26.63,26.77,36.0,36.0,28.5,27.78,24.4,25.19,24.29,28.5,36.0,25.21,25.08,23.58,0.023114,0.031288,0.022413,0.030001,0.003296,0.0,0.020976,0.015987,0.0,0.0,0.017031,0.018052,0.006308,0.011391,0.003314,0.017867,0.0,0.007569,0.010701,0.004117
2020-01-11 05:00:00,21.36,21.23,20.98,21.43,20.99,20.3,21.49,21.2,20.06,22.53,22.71,22.67,20.46,20.58,22.94,22.5,20.94,20.7,20.45,21.66,-3.12,0.0,1.0,1.0,1.0,1.0,1.0,0.0,0.945,1.0,0.0,0.0,1.0,0.8,0.391,0.536,1.0,1.0,0.0,0.447,0.477,1.0,36.0,21.0,23.0,696.6,995.13,740.94,933.32,188.48,0.0,794.31,599.81,0.0,0.0,533.96,625.59,305.16,521.17,160.37,559.69,0.0,347.34,496.78,211.82,28.79,28.39,28.09,28.56,22.32,36.0,26.94,27.02,36.0,36.0,28.5,27.71,24.43,25.05,24.42,28.51,36.0,25.02,24.89,23.69,0.023114,0.031288,0.022413,0.030001,0.003296,0.0,0.020976,0.015987,0.0,0.0,0.017031,0.018052,0.006308,0.011391,0.003314,0.017867,0.0,0.007569,0.010701,0.004117
2020-01-11 05:15:00,21.24,21.15,20.64,20.68,20.84,20.39,21.31,21.19,20.16,22.45,22.7,22.67,20.56,20.68,22.92,22.49,21.0,20.76,20.56,21.62,-3.16,0.0,1.0,1.0,0.749,0.097,0.134,1.0,0.0,0.785,1.0,0.0,1.0,1.0,1.0,1.0,0.0,1.0,1.0,1.0,1.0,0.0,36.0,21.0,23.0,698.12,994.45,625.45,140.45,27.61,774.94,0.0,479.06,1032.18,0.0,533.99,761.03,702.5,910.16,0.0,559.67,1049.72,711.18,964.7,0.0,28.77,28.4,27.09,24.51,20.99,24.96,36.0,26.86,24.18,36.0,28.5,27.93,25.58,25.75,36.0,28.51,25.43,25.96,25.71,36.0,0.023114,0.031288,0.016796,0.002923,0.00044,0.0168,0.0,0.012543,0.020884,0.0,0.017031,0.022553,0.016137,0.021246,0.0,0.017867,0.023767,0.016941,0.022431,0.0
2020-01-11 05:30:00,21.09,21.04,20.42,20.43,20.77,20.73,20.98,21.12,20.54,22.37,22.69,22.71,20.83,20.91,22.83,22.48,21.35,20.83,20.81,21.5,-3.2,0.0,1.0,1.0,0.749,0.097,0.134,1.0,0.0,0.785,1.0,0.0,1.0,1.0,1.0,1.0,0.0,1.0,1.0,1.0,1.0,0.0,36.0,21.0,23.0,700.45,994.97,632.07,140.22,27.65,694.86,0.0,485.33,934.07,0.0,534.09,747.17,650.51,866.57,0.0,559.73,945.16,666.96,910.99,0.0,28.75,28.39,27.0,24.52,20.97,26.1,36.0,26.74,25.3,36.0,28.5,28.07,26.36,26.24,36.0,28.51,26.49,26.58,26.28,36.0,0.023114,0.031288,0.016796,0.002923,0.00044,0.0168,0.0,0.012543,0.020884,0.0,0.017031,0.022553,0.016137,0.021246,0.0,0.017867,0.023767,0.016941,0.022431,0.0
2020-01-11 05:45:00,21.01,20.98,20.35,20.29,20.73,21.06,20.67,21.07,20.92,22.3,22.67,22.74,21.11,21.08,22.74,22.46,21.68,20.87,21.02,21.37,-3.25,0.0,1.0,1.0,0.749,0.097,0.134,1.0,0.0,0.785,1.0,0.0,1.0,1.0,1.0,1.0,0.0,1.0,1.0,1.0,1.0,0.0,36.0,21.0,23.0,703.16,996.95,631.99,143.51,27.7,651.76,0.0,488.46,878.05,0.0,534.28,739.66,620.82,840.45,0.0,559.9,887.98,643.46,879.18,0.0,28.72,28.38,27.0,24.26,20.94,26.72,36.0,26.68,25.94,36.0,28.49,28.15,26.8,26.54,36.0,28.5,27.06,26.91,26.62,36.0,0.023114,0.031288,0.016796,0.002923,0.00044,0.0168,0.0,0.012543,0.020884,0.0,0.017031,0.022553,0.016137,0.021246,0.0,0.017867,0.023767,0.016941,0.022431,0.0
2020-01-11 06:00:00,20.94,20.93,20.3,20.17,20.69,21.29,20.4,21.06,21.17,22.22,22.67,22.77,21.29,21.22,22.64,22.46,21.92,20.92,21.17,21.25,-3.27,0.0,1.0,1.0,0.749,0.097,0.134,1.0,0.0,0.785,1.0,0.0,1.0,1.0,1.0,1.0,0.0,1.0,1.0,1.0,1.0,0.0,36.0,21.0,23.0,678.55,962.89,613.09,145.83,27.74,626.29,0.0,490.03,843.17,0.0,534.32,735.1,602.37,823.57,0.0,559.92,854.04,629.37,858.89,0.0,28.98,28.64,27.27,24.07,20.92,27.08,36.0,26.65,26.34,36.0,28.49,28.2,27.07,26.73,36.0,28.5,27.4,27.11,26.84,36.0,0.023114,0.031288,0.016796,0.002923,0.00044,0.0168,0.0,0.012543,0.020884,0.0,0.017031,0.022553,0.016137,0.021246,0.0,0.017867,0.023767,0.016941,0.022431,0.0
2020-01-11 06:15:00,21.01,20.99,20.55,20.71,20.82,21.39,20.57,21.12,21.32,22.16,22.67,22.8,21.09,20.96,22.57,22.47,21.65,20.9,20.89,21.28,-3.3,0.0,1.0,1.0,1.0,1.0,1.0,1.0,1.0,1.0,1.0,0.0,1.0,1.0,0.0,0.0,0.0,1.0,0.0,1.0,0.0,1.0,36.0,21.0,23.0,705.72,997.42,753.24,985.95,188.64,609.6,1056.74,603.5,819.04,0.0,534.46,732.06,0.0,0.0,0.0,560.01,0.0,620.14,0.0,230.64,28.7,28.37,27.96,28.14,22.31,27.32,24.61,26.97,26.62,36.0,28.49,28.23,36.0,36.0,36.0,28.5,36.0,27.24,36.0,22.6,0.023114,0.031288,0.022413,0.030001,0.003296,0.0168,0.022187,0.015987,0.020884,0.0,0.017031,0.022553,0.0,0.0,0.0,0.017867,0.0,0.016941,0.0,0.004117
2020-01-11 06:30:00,21.16,21.12,20.72,20.98,20.97,21.35,20.89,21.25,21.46,22.09,22.68,22.82,20.78,20.45,22.5,22.47,21.09,21.05,20.34,21.39,-3.32,0.0,1.0,1.0,1.0,1.0,1.0,1.0,1.0,1.0,1.0,0.0,1.0,1.0,0.0,0.0,0.0,1.0,0.0,1.0,0.0,1.0,36.0,21.0,23.0,702.92,993.35,749.4,1012.36,189.36,599.56,950.47,588.37,802.46,0.0,534.41,729.84,0.0,0.0,0.0,559.92,0.0,613.42,0.0,223.45,28.72,28.4,28.0,27.93,22.25,27.46,25.75,27.2,26.81,36.0,28.49,28.26,36.0,36.0,36.0,28.5,36.0,27.34,36.0,23.01,0.023114,0.031288,0.022413,0.030001,0.003296,0.0168,0.022187,0.015987,0.020884,0.0,0.017031,0.022553,0.0,0.0,0.0,0.017867,0.0,0.016941,0.0,0.004117
2020-01-11 06:45:00,21.17,21.16,20.79,20.96,21.04,21.23,21.23,21.4,21.57,22.03,22.59,22.84,20.55,19.98,22.43,22.38,20.61,21.27,19.81,21.51,-3.34,0.0,1.0,1.0,1.0,1.0,1.0,1.0,1.0,1.0,1.0,0.0,1.0,1.0,0.0,0.0,0.0,1.0,0.0,1.0,0.0,1.0,36.0,21.0,23.0,702.34,990.57,743.18,1021.22,188.94,594.31,891.46,578.67,790.22,0.0,534.92,728.16,0.0,0.0,0.0,560.51,0.0,606.84,0.0,218.67,28.73,28.43,28.07,27.86,22.28,27.54,26.39,27.34,26.95,36.0,28.49,28.28,36.0,36.0,36.0,28.49,36.0,27.43,36.0,23.29,0.023114,0.031288,0.022413,0.030001,0.003296,0.0168,0.022187,0.015987,0.020884,0.0,0.017031,0.022553,0.0,0.0,0.0,0.017867,0.0,0.016941,0.0,0.004117
2020-01-11 07:00:00,21.17,21.17,20.81,20.95,21.1,21.15,21.45,21.47,21.66,21.96,22.59,22.86,20.34,19.64,22.36,22.37,20.24,21.39,19.42,21.6,-3.37,0.0,1.0,1.0,1.0,1.0,1.0,1.0,1.0,1.0,1.0,0.0,1.0,1.0,0.0,0.0,0.0,1.0,0.0,1.0,0.0,1.0,36.0,21.0,23.0,702.62,989.48,739.4,1033.28,188.61,591.3,854.55,571.99,780.66,0.0,535.69,726.75,0.0,0.0,0.0,561.42,0.0,600.88,0.0,215.18,28.73,28.43,28.11,27.76,22.31,27.58,26.79,27.44,27.06,36.0,28.48,28.29,36.0,36.0,36.0,28.48,36.0,27.51,36.0,23.5,0.023114,0.031288,0.022413,0.030001,0.003296,0.0168,0.022187,0.015987,0.020884,0.0,0.017031,0.022553,0.0,0.0,0.0,0.017867,0.0,0.016941,0.0,0.004117
2020-01-11 07:15:00,21.17,21.18,20.82,20.94,20.89,21.15,21.56,21.3,21.75,21.9,22.59,22.87,20.44,19.78,22.29,22.38,20.4,21.14,19.58,21.57,-3.4,0.0,1.0,1.0,1.0,1.0,0.0,1.0,1.0,0.292,1.0,0.0,1.0,0.99,1.0,1.0,0.0,1.0,1.0,0.0,1.0,0.0,36.0,21.0,23.0,702.77,988.37,735.7,1045.64,0.0,589.54,830.65,187.25,772.87,0.0,536.05,719.3,776.27,1066.92,0.0,561.84,1116.38,0.0,1128.18,0.0,28.73,28.44,28.15,27.66,36.0,27.6,27.04,26.39,27.15,36.0,28.47,28.29,24.49,23.99,36.0,28.48,24.76,36.0,23.97,36.0,0.023114,0.031288,0.022413,0.030001,0.0,0.0168,0.022187,0.004663,0.020884,0.0,0.017031,0.022325,0.016137,0.021246,0.0,0.017867,0.023767,0.0,0.022431,0.0
2020-01-11 07:30:00,21.17,21.19,20.85,20.96,20.76,21.27,21.55,21.0,21.82,21.84,22.6,22.89,20.77,20.18,22.22,22.38,20.84,20.82,20.06,21.46,-3.43,0.0,1.0,1.0,1.0,1.0,0.0,1.0,1.0,0.292,1.0,0.0,1.0,0.99,1.0,1.0,0.0,1.0,1.0,0.0,1.0,0.0,36.0,21.0,23.0,702.75,987.34,732.3,1035.22,0.0,587.04,815.42,203.09,766.29,0.0,536.22,718.94,694.05,965.23,0.0,562.02,998.0,0.0,1014.66,0.0,28.73,28.45,28.18,27.74,36.0,27.64,27.21,25.58,27.22,36.0,28.47,28.3,25.71,25.13,36.0,28.47,25.95,36.0,25.18,36.0,0.023114,0.031288,0.022413,0.030001,0.0,0.0168,0.022187,0.004663,0.020884,0.0,0.017031,0.022325,0.016137,0.021246,0.0,0.017867,0.023767,0.0,0.022431,0.0
2020-01-11 07:45:00,21.2,21.2,20.86,20.99,20.59,21.46,21.48,20.72,21.89,21.77,22.67,22.91,21.02,20.58,22.16,22.47,21.27,20.52,20.5,21.34,-3.46,0.0,1.0,1.0,1.0,1.0,0.0,1.0,1.0,0.292,1.0,0.0,1.0,0.99,1.0,1.0,0.0,1.0,1.0,0.0,1.0,0.0,36.0,21.0,23.0,701.81,986.08,729.38,1025.27,0.0,583.21,805.81,213.63,760.57,0.0,535.75,718.3,649.46,907.51,0.0,561.42,931.71,0.0,950.01,0.0,28.74,28.46,28.21,27.82,36.0,27.69,27.31,25.04,27.29,36.0,28.47,28.3,26.37,25.78,36.0,28.48,26.62,36.0,25.87,36.0,0.023114,0.031288,0.022413,0.030001,0.0,0.0168,0.022187,0.004663,0.020884,0.0,0.017031,0.022325,0.016137,0.021246,0.0,0.017867,0.023767,0.0,0.022431,0.0
2020-01-11 08:00:00,21.2,21.2,20.87,21.01,20.44,21.56,21.38,20.51,21.94,21.71,22.67,22.88,21.19,20.81,22.1,22.46,21.48,20.28,20.74,21.23,-3.41,0.0,1.0,1.0,1.0,1.0,0.0,1.0,1.0,0.292,1.0,0.0,1.0,0.99,1.0,1.0,0.0,1.0,1.0,0.0,1.0,0.0,36.0,21.0,23.0,701.79,985.74,726.53,1015.66,0.0,579.63,800.05,221.39,755.7,0.0,535.12,717.91,622.54,871.07,0.0,560.63,890.6,0.0,909.21,0.0,28.74,28.46,28.25,27.9,36.0,27.75,27.37,24.64,27.34,36.0,28.48,28.31,26.77,26.19,36.0,28.49,27.04,36.0,26.3,36.0,0.023114,0.031288,0.022413,0.030001,0.0,0.0168,0.022187,0.004663,0.020884,0.0,0.017031,0.022325,0.016137,0.021246,0.0,0.017867,0.023767,0.0,0.022431,0.0
2020-01-11 08:15:00,21.2,21.2,20.88,21.04,20.55,21.3,21.3,20.59,21.65,21.65,22.61,22.52,20.96,20.88,22.03,22.45,21.51,20.35,20.87,21.19,-3.36,5.6,1.0,1.0,1.0,1.0,1.0,0.0,0.751,1.0,0.0,0.0,0.861,0.0,0.0,0.758,0.0,1.0,0.697,1.0,0.87,0.462,36.0,21.0,23.0,701.18,984.78,723.0,1005.63,190.08,0.0,622.92,688.04,0.0,0.0,472.02,0.0,0.0,667.09,0.0,560.16,634.93,812.65,784.66,109.96,28.74,28.47,28.28,27.98,22.2,36.0,27.06,25.7,36.0,36.0,28.3,36.0,36.0,26.09,36.0,28.5,26.83,24.52,26.38,22.16,0.023114,0.031288,0.022413,0.030001,0.003296,0.0,0.016669,0.015987,0.0,0.0,0.014671,0.0,0.0,0.016108,0.0,0.017867,0.016558,0.016941,0.019523,0.001901
2020-01-11 08:30:00,21.22,21.31,21.06,21.09,20.8,20.78,21.39,20.96,21.13,21.59,22.56,22.04,20.55,20.9,21.97,22.47,21.56,20.73,20.94,21.2,-3.31,61.7,1.0,1.0,1.0,1.0,1.0,0.0,0.751,1.0,0.0,0.0,0.861,0.0,0.0,0.758,0.0,1.0,0.697,1.0,0.87,0.462,36.0,21.0,23.0,699.0,956.24,691.11,994.3,191.14,0.0,631.64,631.74,0.0,0.0,479.23,0.0,0.0,671.56,0.0,559.11,639.99,716.63,779.44,108.95,28.77,28.69,28.62,28.07,22.13,36.0,26.93,26.55,36.0,36.0,28.19,36.0,36.0,26.03,36.0,28.51,26.75,25.88,26.45,22.28,0.023114,0.031288,0.022413,0.030001,0.003296,0.0,0.016669,0.015987,0.0,0.0,0.014671,0.0,0.0,0.016108,0.0,0.017867,0.016558,0.016941,0.019523,0.001901
2020-01-11 08:45:00,21.26,21.48,21.35,21.17,20.93,20.35,21.63,21.36,20.68,21.53,22.52,21.78,20.27,20.93,21.91,22.5,21.71,21.19,21.02,21.21,-3.27,117.9,1.0,1.0,1.0,1.0,1.0,0.0,0.751,1.0,0.0,0.0,0.861,0.0,0.0,0.758,0.0,1.0,0.697,1.0,0.87,0.462,36.0,21.0,23.0,696.37,926.15,650.66,981.78,190.64,0.0,626.49,587.72,0.0,0.0,482.76,0.0,0.0,671.83,0.0,557.33,632.78,650.63,773.12,108.36,28.79,28.92,29.05,28.17,22.16,36.0,27.01,27.21,36.0,36.0,28.13,36.0,36.0,26.02,36.0,28.54,26.86,26.81,26.53,22.36,0.023114,0.031288,0.022413,0.030001,0.003296,0.0,0.016669,0.015987,0.0,0.0,0.014671,0.0,0.0,0.016108,0.0,0.017867,0.016558,0.016941,0.019523,0.001901
2020-01-11 09:00:00,21.35,21.66,21.66,21.32,21.1,20.07,21.95,21.71,20.38,21.48,22.55,21.65,20.23,21.0,21.85,22.57,21.93,21.7,21.14,21.22,-2.96,174.1,1.0,1.0,1.0,1.0,1.0,0.0,0.751,1.0,0.0,0.0,0.861,0.0,0.0,0.758,0.0,1.0,0.697,1.0,0.87,0.462,36.0,21.0,23.0,692.39,903.44,612.4,967.2,190.17,0.0,615.07,548.62,0.0,0.0,484.05,0.0,0.0,669.88,0.0,554.7,620.19,596.75,766.21,107.97,28.83,29.09,29.46,28.29,22.2,36.0,27.17,27.79,36.0,36.0,28.11,36.0,36.0,26.05,36.0,28.57,27.04,27.57,26.61,22.41,0.023114,0.031288,0.022413,0.030001,0.003296,0.0,0.016669,0.015987,0.0,0.0,0.014671,0.0,0.0,0.016108,0.0,0.017867,0.016558,0.016941,0.019523,0.001901
2020-01-11 09:15:00,20.65,20.71,20.92,20.51,21.06,20.29,22.02,21.79,20.52,21.43,22.3,21.59,20.63,20.94,21.8,22.31,21.89,21.89,20.94,21.17,-2.65,230.2,0.295,0.0,0.0,0.136,0.0,1.0,0.0,0.0,1.0,0.0,0.0,0.0,1.0,0.32,0.0,0.0,0.0,0.0,0.0,0.0,36.0,21.0,23.0,288.37,0.0,0.0,197.93,0.0,784.69,0.0,0.0,993.09,0.0,0.0,0.0,713.78,302.64,0.0,0.0,0.0,0.0,0.0,0.0,25.87,36.0,36.0,24.38,36.0,24.83,36.0,36.0,24.62,36.0,36.0,36.0,25.42,25.36,36.0,36.0,36.0,36.0,36.0,36.0,0.006809,0.0,0.0,0.004076,0.0,0.0168,0.0,0.0,0.020884,0.0,0.0,0.0,0.016137,0.006804,0.0,0.0,0.0,0.0,0.0,0.0
2020-01-11 09:30:00,20.36,20.39,20.72,20.14,21.05,20.81,21.91,21.71,20.86,21.36,21.82,21.6,21.31,20.67,21.73,21.71,21.73,21.86,20.37,21.07,-2.34,252.8,0.295,0.0,0.0,0.136,0.0,1.0,0.0,0.0,1.0,0.0,0.0,0.0,1.0,0.32,0.0,0.0,0.0,0.0,0.0,0.0,36.0,21.0,23.0,286.96,0.0,0.0,197.17,0.0,698.71,0.0,0.0,899.73,0.0,0.0,0.0,608.5,317.55,0.0,0.0,0.0,0.0,0.0,0.0,25.92,36.0,36.0,24.43,36.0,26.05,36.0,36.0,25.69,36.0,36.0,36.0,26.98,24.84,36.0,36.0,36.0,36.0,36.0,36.0,0.006809,0.0,0.0,0.004076,0.0,0.0168,0.0,0.0,0.020884,0.0,0.0,0.0,0.016137,0.006804,0.0,0.0,0.0,0.0,0.0,0.0
2020-01-11 09:45:00,20.32,20.31,20.82,20.1,21.03,21.37,21.69,21.72,21.26,21.3,21.47,21.54,21.96,20.5,21.67,21.27,21.47,21.81,19.91,20.98,-2.03,275.4,0.295,0.0,0.0,0.136,0.0,1.0,0.0,0.0,1.0,0.0,0.0,0.0,1.0,0.32,0.0,0.0,0.0,0.0,0.0,0.0,36.0,21.0,23.0,287.89,0.0,0.0,197.7,0.0,649.49,0.0,0.0,846.05,0.0,0.0,0.0,541.24,327.38,0.0,0.0,0.0,0.0,0.0,0.0,25.88,36.0,36.0,24.4,36.0,26.75,36.0,36.0,26.31,36.0,36.0,36.0,27.98,24.49,36.0,36.0,36.0,36.0,36.0,36.0,0.006809,0.0,0.0,0.004076,0.0,0.0168,0.0,0.0,0.020884,0.0,0.0,0.0,0.016137,0.006804,0.0,0.0,0.0,0.0,0.0,0.0
2020-01-11 10:00:00,20.31,20.25,20.96,20.11,21.04,21.81,21.56,21.8,21.56,21.25,21.2,21.46,22.53,20.42,21.62,20.95,21.28,21.83,19.62,20.89,-1.77,298.1,0.295,0.0,0.0,0.136,0.0,1.0,0.0,0.0,1.0,0.0,0.0,0.0,1.0,0.32,0.0,0.0,0.0,0.0,0.0,0.0,36.0,21.0,23.0,287.93,0.0,0.0,197.6,0.0,617.3,0.0,0.0,810.78,0.0,0.0,0.0,491.85,333.99,0.0,0.0,0.0,0.0,0.0,0.0,25.88,36.0,36.0,24.4,36.0,27.21,36.0,36.0,26.71,36.0,36.0,36.0,28.71,24.26,36.0,36.0,36.0,36.0,36.0,36.0,0.006809,0.0,0.0,0.004076,0.0,0.0168,0.0,0.0,0.020884,0.0,0.0,0.0,0.016137,0.006804,0.0,0.0,0.0,0.0,0.0,0.0
2020-01-11 10:15:00,21.03,21.22,21.4,20.88,21.1,21.88,21.49,21.92,21.46,21.2,21.05,21.38,22.71,20.61,21.56,21.01,21.14,21.91,19.82,20.91,-1.51,320.7,1.0,1.0,0.098,1.0,0.0,0.0,0.0,0.0,0.0,0.0,0.126,0.0,0.0,1.0,0.0,0.673,0.0,0.0,1.0,1.0,36.0,21.0,23.0,684.79,897.34,76.49,952.12,0.0,0.0,0.0,0.0,0.0,0.0,108.59,0.0,0.0,946.09,0.0,548.85,0.0,0.0,1108.66,239.47,28.91,29.14,27.64,28.41,36.0,36.0,36.0,36.0,36.0,36.0,23.88,36.0,36.0,25.35,36.0,25.09,36.0,36.0,24.18,22.08,0.023114,0.031288,0.00219,0.030001,0.0,0.0,0.0,0.0,0.0,0.0,0.002143,0.0,0.0,0.021246,0.0,0.012032,0.0,0.0,0.022431,0.004117
2020-01-11 10:30:00,21.5,21.77,21.98,21.46,21.2,21.74,21.39,22.12,21.16,21.14,20.95,21.21,22.71,21.09,21.51,21.29,20.89,22.07,20.43,21.03,-1.24,372.4,1.0,1.0,0.098,1.0,0.0,0.0,0.0,0.0,0.0,0.0,0.126,0.0,0.0,1.0,0.0,0.673,0.0,0.0,1.0,1.0,36.0,21.0,23.0,684.2,910.26,69.66,952.83,0.0,0.0,0.0,0.0,0.0,0.0,109.79,0.0,0.0,876.11,0.0,509.05,0.0,0.0,989.79,231.08,28.92,29.04,28.39,28.4,36.0,36.0,36.0,36.0,36.0,36.0,23.75,36.0,36.0,26.13,36.0,25.88,36.0,36.0,25.44,22.57,0.023114,0.031288,0.00219,0.030001,0.0,0.0,0.0,0.0,0.0,0.0,0.002143,0.0,0.0,0.021246,0.0,0.012032,0.0,0.0,0.022431,0.004117
2020-01-11 10:45:00,21.67,21.92,22.44,21.7,21.33,21.63,21.37,22.39,20.82,21.08,20.87,21.08,22.8,21.5,21.45,21.59,20.71,22.28,21.03,21.17,-0.98,424.2,1.0,1.0,0.098,1.0,0.0,0.0,0.0,0.0,0.0,0.0,0.126,0.0,0.0,1.0,0.0,0.673,0.0,0.0,1.0,1.0,36.0,21.0,23.0,676.8,907.05,62.9,939.64,0.0,0.0,0.0,0.0,0.0,0.0,110.98,0.0,0.0,832.73,0.0,485.72,0.0,0.0,919.3,225.46,28.99,29.06,29.13,28.51,36.0,36.0,36.0,36.0,36.0,36.0,23.61,36.0,36.0,26.62,36.0,26.34,36.0,36.0,26.2,22.9,0.023114,0.031288,0.00219,0.030001,0.0,0.0,0.0,0.0,0.0,0.0,0.002143,0.0,0.0,0.021246,0.0,0.012032,0.0,0.0,0.022431,0.004117
2020-01-11 11:00:00,21.81,22.03,22.9,21.92,21.52,21.64,21.42,22.76,20.59,21.03,20.81,20.96,23.02,21.78,21.39,21.84,20.55,22.62,21.45,21.29,-0.68,476.0,1.0,1.0,0.098,1.0,0.0,0.0,0.0,0.0,0.0,0.0,0.126,0.0,0.0,1.0,0.0,0.673,0.0,0.0,1.0,1.0,36.0,21.0,23.0,670.39,909.18,55.48,929.46,0.0,0.0,0.0,0.0,0.0,0.0,112.03,0.0,0.0,802.43,0.0,469.92,0.0,0.0,871.58,221.33,29.06,29.05,29.94,28.59,36.0,36.0,36.0,36.0,36.0,36.0,23.5,36.0,36.0,26.96,36.0,26.66,36.0,36.0,26.7,23.14,0.023114,0.031288,0.00219,0.030001,0.0,0.0,0.0,0.0,0.0,0.0,0.002143,0.0,0.0,0.021246,0.0,0.012032,0.0,0.0,0.022431,0.004117
2020-01-11 11:15:00,20.78,20.95,22.92,21.2,21.76,21.77,21.55,23.16,20.77,21.01,21.03,21.02,23.32,21.69,21.34,21.73,20.78,22.95,21.38,21.27,-0.39,527.7,0.0,0.0,0.0,0.0,0.0,0.0,0.0,0.0,1.0,0.438,0.84,0.501,0.0,0.0,0.0,0.0,1.0,0.0,0.0,0.0,36.0,21.0,23.0,0.0,0.0,0.0,0.0,0.0,0.0,0.0,0.0,992.89,87.91,656.85,575.75,0.0,0.0,0.0,0.0,1122.32,0.0,0.0,0.0,36.0,36.0,36.0,36.0,36.0,36.0,36.0,36.0,24.63,21.5,25.01,23.8,36.0,36.0,36.0,36.0,24.7,36.0,36.0,36.0,0.0,0.0,0.0,0.0,0.0,0.0,0.0,0.0,0.020884,0.00145,0.014303,0.011292,0.0,0.0,0.0,0.0,0.023767,0.0,0.0,0.0
2020-01-11 11:30:00,20.4,20.55,22.9,20.94,22.0,21.9,21.71,23.57,21.27,21.02,21.42,21.24,23.65,21.37,21.28,21.31,21.37,23.34,21.04,21.16,-0.09,537.4,0.0,0.0,0.0,0.0,0.0,0.0,0.0,0.0,1.0,0.438,0.84,0.501,0.0,0.0,0.0,0.0,1.0,0.0,0.0,0.0,36.0,21.0,23.0,0.0,0.0,0.0,0.0,0.0,0.0,0.0,0.0,892.72,86.85,594.22,542.97,0.0,0.0,0.0,0.0,986.16,0.0,0.0,0.0,36.0,36.0,36.0,36.0,36.0,36.0,36.0,36.0,25.77,21.67,26.06,24.5,36.0,36.0,36.0,36.0,26.07,36.0,36.0,36.0,0.0,0.0,0.0,0.0,0.0,0.0,0.0,0.0,0.020884,0.00145,0.014303,0.011292,0.0,0.0,0.0,0.0,0.023767,0.0,0.0,0.0
2020-01-11 11:45:00,20.37,20.49,23.07,20.99,22.21,22.05,21.87,23.94,21.8,21.04,21.81,21.46,23.95,21.06,21.22,21.02,21.95,23.67,20.68,21.05,0.21,547.0,0.0,0.0,0.0,0.0,0.0,0.0,0.0,0.0,1.0,0.438,0.84,0.501,0.0,0.0,0.0,0.0,1.0,0.0,0.0,0.0,36.0,21.0,23.0,0.0,0.0,0.0,0.0,0.0,0.0,0.0,0.0,830.86,86.15,557.24,522.48,0.0,0.0,0.0,0.0,906.63,0.0,0.0,0.0,36.0,36.0,36.0,36.0,36.0,36.0,36.0,36.0,26.48,21.79,26.68,24.93,36.0,36.0,36.0,36.0,26.87,36.0,36.0,36.0,0.0,0.0,0.0,0.0,0.0,0.0,0.0,0.0,0.020884,0.00145,0.014303,0.011292,0.0,0.0,0.0,0.0,0.023767,0.0,0.0,0.0
2020-01-11 12:00:00,20.39,20.46,23.22,21.08,22.4,22.2,21.98,24.23,22.22,21.05,22.16,21.61,24.19,20.91,21.17,20.83,22.33,23.89,20.53,20.94,0.42,556.6,0.0,0.0,0.0,0.0,0.0,0.0,0.0,0.0,1.0,0.438,0.84,0.501,0.0,0.0,0.0,0.0,1.0,0.0,0.0,0.0,36.0,21.0,23.0,0.0,0.0,0.0,0.0,0.0,0.0,0.0,0.0,784.86,85.66,532.69,508.46,0.0,0.0,0.0,0.0,855.0,0.0,0.0,0.0,36.0,36.0,36.0,36.0,36.0,36.0,36.0,36.0,27.01,21.87,27.09,25.23,36.0,36.0,36.0,36.0,27.39,36.0,36.0,36.0,0.0,0.0,0.0,0.0,0.0,0.0,0.0,0.0,0.020884,0.00145,0.014303,0.011292,0.0,0.0,0.0,0.0,0.023767,0.0,0.0,0.0
2020-01-11 12:15:00,21.29,21.39,23.45,21.41,22.6,22.35,22.08,24.52,22.26,21.03,22.06,21.53,24.44,20.88,21.12,20.98,22.22,24.11,20.58,20.96,0.63,566.2,1.0,1.0,0.0,0.0,0.0,0.0,0.0,0.0,0.0,0.0,0.0,0.0,0.0,0.0,0.0,0.715,0.0,0.0,0.182,1.0,36.0,21.0,23.0,660.82,915.83,0.0,0.0,0.0,0.0,0.0,0.0,0.0,0.0,0.0,0.0,0.0,0.0,0.0,601.68,0.0,0.0,218.25,236.75,29.16,29.0,36.0,36.0,36.0,36.0,36.0,36.0,36.0,36.0,36.0,36.0,36.0,36.0,36.0,24.73,36.0,36.0,23.19,22.24,0.023114,0.031288,0.0,0.0,0.0,0.0,0.0,0.0,0.0,0.0,0.0,0.0,0.0,0.0,0.0,0.012768,0.0,0.0,0.004076,0.004117
2020-01-11 12:30:00,21.91,22.01,23.72,21.79,22.78,22.48,22.17,24.75,22.15,20.97,21.65,21.3,24.64,20.92,21.06,21.36,21.81,24.27,20.77,21.08,0.83,561.2,1.0,1.0,0.0,0.0,0.0,0.0,0.0,0.0,0.0,0.0,0.0,0.0,0.0,0.0,0.0,0.715,0.0,0.0,0.182,1.0,36.0,21.0,23.0,670.44,927.89,0.0,0.0,0.0,0.0,0.0,0.0,0.0,0.0,0.0,0.0,0.0,0.0,0.0,548.47,0.0,0.0,213.47,229.04,29.06,28.91,36.0,36.0,36.0,36.0,36.0,36.0,36.0,36.0,36.0,36.0,36.0,36.0,36.0,25.72,36.0,36.0,23.47,22.69,0.023114,0.031288,0.0,0.0,0.0,0.0,0.0,0.0,0.0,0.0,0.0,0.0,0.0,0.0,0.0,0.012768,0.0,0.0,0.004076,0.004117
2020-01-11 12:45:00,22.06,22.14,23.93,22.03,22.93,22.58,22.24,24.97,22.07,20.9,21.35,21.09,24.81,21.02,21.01,21.72,21.36,24.42,21.02,21.21,1.04,556.2,1.0,1.0,0.0,0.0,0.0,0.0,0.0,0.0,0.0,0.0,0.0,0.0,0.0,0.0,0.0,0.715,0.0,0.0,0.182,1.0,36.0,21.0,23.0,660.08,915.36,0.0,0.0,0.0,0.0,0.0,0.0,0.0,0.0,0.0,0.0,0.0,0.0,0.0,516.84,0.0,0.0,208.0,223.87,29.17,29.0,36.0,36.0,36.0,36.0,36.0,36.0,36.0,36.0,36.0,36.0,36.0,36.0,36.0,26.32,36.0,36.0,23.79,22.99,0.023114,0.031288,0.0,0.0,0.0,0.0,0.0,0.0,0.0,0.0,0.0,0.0,0.0,0.0,0.0,0.012768,0.0,0.0,0.004076,0.004117
2020-01-11 13:00:00,22.2,22.28,24.11,22.24,23.08,22.67,22.3,25.18,22.11,20.84,21.13,20.94,24.98,21.19,20.95,22.0,21.1,24.56,21.33,21.32,1.17,551.2,1.0,1.0,0.0,0.0,0.0,0.0,0.0,0.0,0.0,0.0,0.0,0.0,0.0,0.0,0.0,0.715,0.0,0.0,0.182,1.0,36.0,21.0,23.0,654.62,908.53,0.0,0.0,0.0,0.0,0.0,0.0,0.0,0.0,0.0,0.0,0.0,0.0,0.0,496.16,0.0,0.0,201.6,220.07,29.22,29.05,36.0,36.0,36.0,36.0,36.0,36.0,36.0,36.0,36.0,36.0,36.0,36.0,36.0,26.7,36.0,36.0,24.17,23.21,0.023114,0.031288,0.0,0.0,0.0,0.0,0.0,0.0,0.0,0.0,0.0,0.0,0.0,0.0,0.0,0.012768,0.0,0.0,0.004076,0.004117
2020-01-11 13:15:00,21.35,21.38,24.2,22.18,23.24,22.77,22.37,25.37,22.24,20.85,21.02,21.0,25.13,21.39,20.97,21.9,20.98,24.68,21.57,21.3,1.29,546.2,0.0,0.0,0.0,0.0,0.0,0.0,0.0,0.0,0.0,1.0,0.099,0.447,0.0,0.0,1.0,0.0,0.125,0.0,0.0,0.0,36.0,21.0,23.0,0.0,0.0,0.0,0.0,0.0,0.0,0.0,0.0,0.0,197.08,88.47,519.65,0.0,0.0,197.1,0.0,156.04,0.0,0.0,0.0,36.0,36.0,36.0,36.0,36.0,36.0,36.0,36.0,36.0,21.76,23.42,23.66,36.0,36.0,21.77,36.0,23.43,36.0,36.0,36.0,0.0,0.0,0.0,0.0,0.0,0.0,0.0,0.0,0.0,0.00331,0.001682,0.010071,0.0,0.0,0.003314,0.0,0.00297,0.0,0.0,0.0
2020-01-11 13:30:00,21.1,21.1,24.11,22.04,23.36,22.85,22.42,25.51,22.47,20.96,20.93,21.21,25.22,21.67,21.08,21.49,20.91,24.75,21.83,21.18,1.41,523.1,0.0,0.0,0.0,0.0,0.0,0.0,0.0,0.0,0.0,1.0,0.099,0.447,0.0,0.0,1.0,0.0,0.125,0.0,0.0,0.0,36.0,21.0,23.0,0.0,0.0,0.0,0.0,0.0,0.0,0.0,0.0,0.0,191.28,89.3,494.62,0.0,0.0,190.9,0.0,157.26,0.0,0.0,0.0,36.0,36.0,36.0,36.0,36.0,36.0,36.0,36.0,36.0,22.18,23.3,24.25,36.0,36.0,22.22,36.0,23.33,36.0,36.0,36.0,0.0,0.0,0.0,0.0,0.0,0.0,0.0,0.0,0.0,0.00331,0.001682,0.010071,0.0,0.0,0.003314,0.0,0.00297,0.0,0.0,0.0
2020-01-11 13:45:00,21.04,21.03,24.05,21.86,23.43,22.87,22.43,25.6,22.76,21.09,20.86,21.43,25.29,22.01,21.21,21.14,20.86,24.78,22.12,21.05,1.54,500.1,0.0,0.0,0.0,0.0,0.0,0.0,0.0,0.0,0.0,1.0,0.099,0.447,0.0,0.0,1.0,0.0,0.125,0.0,0.0,0.0,36.0,21.0,23.0,0.0,0.0,0.0,0.0,0.0,0.0,0.0,0.0,0.0,187.36,90.12,479.06,0.0,0.0,186.7,0.0,158.49,0.0,0.0,0.0,36.0,36.0,36.0,36.0,36.0,36.0,36.0,36.0,36.0,22.46,23.18,24.62,36.0,36.0,22.52,36.0,23.23,36.0,36.0,36.0,0.0,0.0,0.0,0.0,0.0,0.0,0.0,0.0,0.0,0.00331,0.001682,0.010071,0.0,0.0,0.003314,0.0,0.00297,0.0,0.0,0.0
2020-01-11 14:00:00,20.86,20.85,23.82,21.6,23.5,22.87,22.39,25.6,22.91,21.17,20.75,21.49,25.23,22.2,21.29,20.87,20.74,24.69,22.28,20.96,1.56,477.0,0.0,0.0,0.0,0.0,0.0,0.0,0.0,0.0,0.0,1.0,0.099,0.447,0.0,0.0,1.0,0.0,0.125,0.0,0.0,0.0,36.0,21.0,23.0,0.0,0.0,0.0,0.0,0.0,0.0,0.0,0.0,0.0,184.4,90.98,468.09,0.0,0.0,183.54,0.0,159.8,0.0,0.0,0.0,36.0,36.0,36.0,36.0,36.0,36.0,36.0,36.0,36.0,22.67,23.06,24.88,36.0,36.0,22.75,36.0,23.13,36.0,36.0,36.0,0.0,0.0,0.0,0.0,0.0,0.0,0.0,0.0,0.0,0.00331,0.001682,0.010071,0.0,0.0,0.003314,0.0,0.00297,0.0,0.0,0.0
2020-01-11 14:15:00,21.36,21.31,23.6,21.45,23.52,22.81,22.29,25.55,23.09,21.16,20.96,21.36,25.14,22.41,21.29,20.95,20.93,24.55,22.45,20.98,1.59,453.9,0.698,0.602,0.0,0.0,0.0,0.0,0.0,0.0,0.0,0.0,0.953,0.0,0.0,0.0,0.0,0.739,0.893,0.0,0.0,1.0,36.0,21.0,23.0,523.26,656.61,0.0,0.0,0.0,0.0,0.0,0.0,0.0,0.0,752.62,0.0,0.0,0.0,0.0,623.02,999.14,0.0,0.0,236.19,28.25,27.66,36.0,36.0,36.0,36.0,36.0,36.0,36.0,36.0,24.9,36.0,36.0,36.0,36.0,24.71,24.74,36.0,36.0,22.27,0.016143,0.018838,0.0,0.0,0.0,0.0,0.0,0.0,0.0,0.0,0.016224,0.0,0.0,0.0,0.0,0.013202,0.021233,0.0,0.0,0.004117
2020-01-11 14:30:00,21.63,21.57,23.46,21.4,23.51,22.72,22.19,25.48,23.21,21.09,21.42,21.13,25.02,22.55,21.22,21.28,21.42,24.39,22.54,21.09,1.61,432.6,0.698,0.602,0.0,0.0,0.0,0.0,0.0,0.0,0.0,0.0,0.953,0.0,0.0,0.0,0.0,0.739,0.893,0.0,0.0,1.0,36.0,21.0,23.0,533.87,668.41,0.0,0.0,0.0,0.0,0.0,0.0,0.0,0.0,668.2,0.0,0.0,0.0,0.0,567.76,899.43,0.0,0.0,228.59,28.09,27.51,36.0,36.0,36.0,36.0,36.0,36.0,36.0,36.0,26.15,36.0,36.0,36.0,36.0,25.71,25.87,36.0,36.0,22.72,0.016143,0.018838,0.0,0.0,0.0,0.0,0.0,0.0,0.0,0.0,0.016224,0.0,0.0,0.0,0.0,0.013202,0.021233,0.0,0.0,0.004117
2020-01-11 14:45:00,21.59,21.54,23.27,21.28,23.48,22.61,22.07,25.37,23.35,21.01,21.84,20.87,24.85,22.71,21.14,21.59,21.85,24.19,22.68,21.22,1.64,411.3,0.698,0.602,0.0,0.0,0.0,0.0,0.0,0.0,0.0,0.0,0.953,0.0,0.0,0.0,0.0,0.739,0.893,0.0,0.0,1.0,36.0,21.0,23.0,533.74,669.41,0.0,0.0,0.0,0.0,0.0,0.0,0.0,0.0,620.14,0.0,0.0,0.0,0.0,535.86,840.17,0.0,0.0,223.51,28.09,27.5,36.0,36.0,36.0,36.0,36.0,36.0,36.0,36.0,26.86,36.0,36.0,36.0,36.0,26.29,26.53,36.0,36.0,23.01,0.016143,0.018838,0.0,0.0,0.0,0.0,0.0,0.0,0.0,0.0,0.016224,0.0,0.0,0.0,0.0,0.013202,0.021233,0.0,0.0,0.004117
2020-01-11 15:00:00,21.54,21.49,23.06,21.18,23.52,22.56,21.99,25.2,23.38,20.92,22.14,20.64,24.66,22.92,21.05,21.83,22.15,23.97,22.85,21.33,1.56,390.0,0.698,0.602,0.0,0.0,0.0,0.0,0.0,0.0,0.0,0.0,0.953,0.0,0.0,0.0,0.0,0.739,0.893,0.0,0.0,1.0,36.0,21.0,23.0,521.46,658.81,0.0,0.0,0.0,0.0,0.0,0.0,0.0,0.0,590.51,0.0,0.0,0.0,0.0,516.21,802.85,0.0,0.0,219.85,28.27,27.63,36.0,36.0,36.0,36.0,36.0,36.0,36.0,36.0,27.29,36.0,36.0,36.0,36.0,26.65,26.95,36.0,36.0,23.22,0.016143,0.018838,0.0,0.0,0.0,0.0,0.0,0.0,0.0,0.0,0.016224,0.0,0.0,0.0,0.0,0.013202,0.021233,0.0,0.0,0.004117
2020-01-11 15:15:00,20.78,20.64,22.84,20.93,23.37,22.34,21.74,25.13,23.36,20.94,21.94,20.78,24.5,23.16,21.01,21.62,21.88,23.77,23.09,21.29,1.48,368.7,0.084,0.007,0.0,0.034,0.0,0.0,0.0,0.0,0.0,1.0,0.0,1.0,0.0,0.0,0.154,0.0,0.0,0.0,0.0,0.0,36.0,21.0,23.0,91.88,11.6,0.0,54.9,0.0,0.0,0.0,0.0,0.0,194.11,0.0,1087.08,0.0,0.0,30.86,0.0,0.0,0.0,0.0,0.0,24.67,23.89,36.0,22.94,36.0,36.0,36.0,36.0,36.0,21.97,36.0,24.47,36.0,36.0,21.58,36.0,36.0,36.0,36.0,36.0,0.00194,0.000229,0.0,0.001006,0.0,0.0,0.0,0.0,0.0,0.00331,0.0,0.022553,0.0,0.0,0.000512,0.0,0.0,0.0,0.0,0.0
2020-01-11 15:30:00,20.46,20.29,22.36,20.6,23.29,22.17,21.53,24.88,23.1,21.04,21.46,21.21,24.21,23.22,20.97,21.11,21.37,23.43,23.12,21.18,1.41,279.6,0.084,0.007,0.0,0.034,0.0,0.0,0.0,0.0,0.0,1.0,0.0,1.0,0.0,0.0,0.154,0.0,0.0,0.0,0.0,0.0,36.0,21.0,23.0,92.47,11.71,0.0,55.85,0.0,0.0,0.0,0.0,0.0,188.92,0.0,965.06,0.0,0.0,30.93,0.0,0.0,0.0,0.0,0.0,24.6,23.78,36.0,22.72,36.0,36.0,36.0,36.0,36.0,22.35,36.0,25.76,36.0,36.0,21.55,36.0,36.0,36.0,36.0,36.0,0.00194,0.000229,0.0,0.001006,0.0,0.0,0.0,0.0,0.0,0.00331,0.0,0.022553,0.0,0.0,0.000512,0.0,0.0,0.0,0.0,0.0
2020-01-11 15:45:00,20.21,20.05,21.8,20.29,23.15,21.93,21.3,24.58,22.72,21.14,20.93,21.64,23.91,23.11,20.93,20.58,20.87,23.1,22.94,21.06,1.33,190.4,0.084,0.007,0.0,0.034,0.0,0.0,0.0,0.0,0.0,1.0,0.0,1.0,0.0,0.0,0.154,0.0,0.0,0.0,0.0,0.0,36.0,21.0,23.0,94.1,11.91,0.0,56.8,0.0,0.0,0.0,0.0,0.0,185.4,0.0,896.09,0.0,0.0,31.02,0.0,0.0,0.0,0.0,0.0,24.4,23.57,36.0,22.49,36.0,36.0,36.0,36.0,36.0,22.6,36.0,26.49,36.0,36.0,21.51,36.0,36.0,36.0,36.0,36.0,0.00194,0.000229,0.0,0.001006,0.0,0.0,0.0,0.0,0.0,0.00331,0.0,0.022553,0.0,0.0,0.000512,0.0,0.0,0.0,0.0,0.0
2020-01-11 16:00:00,20.03,19.81,21.35,19.98,22.96,21.68,21.02,24.15,22.31,21.23,20.65,21.89,23.48,22.79,20.9,20.27,20.49,22.63,22.54,20.95,1.11,101.3,0.084,0.007,0.0,0.034,0.0,0.0,0.0,0.0,0.0,1.0,0.0,1.0,0.0,0.0,0.154,0.0,0.0,0.0,0.0,0.0,36.0,21.0,23.0,95.29,12.1,0.0,57.81,0.0,0.0,0.0,0.0,0.0,182.81,0.0,853.5,0.0,0.0,31.1,0.0,0.0,0.0,0.0,0.0,24.25,23.37,36.0,22.25,36.0,36.0,36.0,36.0,36.0,22.79,36.0,26.95,36.0,36.0,21.47,36.0,36.0,36.0,36.0,36.0,0.00194,0.000229,0.0,0.001006,0.0,0.0,0.0,0.0,0.0,0.00331,0.0,0.022553,0.0,0.0,0.000512,0.0,0.0,0.0,0.0,0.0
2020-01-11 16:15:00,20.85,20.72,21.91,20.68,22.71,21.34,20.72,23.77,22.28,21.29,20.75,21.71,23.01,22.33,20.93,20.4,20.58,22.14,22.34,20.97,0.9,12.2,1.0,1.0,1.0,1.0,0.0,0.0,1.0,0.0,1.0,1.0,1.0,0.0,0.0,0.0,1.0,1.0,1.0,0.0,1.0,1.0,36.0,21.0,23.0,710.07,1002.38,605.4,1066.64,0.0,0.0,1181.09,0.0,881.76,180.81,782.82,0.0,0.0,0.0,194.67,836.89,1116.27,0.0,897.55,236.18,28.65,28.34,29.54,27.49,36.0,36.0,23.26,36.0,25.9,22.93,25.0,36.0,36.0,36.0,21.95,24.79,24.76,36.0,26.43,22.28,0.023114,0.031288,0.022413,0.030001,0.0,0.0,0.022187,0.0,0.020884,0.00331,0.017031,0.0,0.0,0.0,0.003314,0.017867,0.023767,0.0,0.022431,0.004117
2020-01-11 16:30:00,21.33,21.31,22.28,21.23,22.5,21.02,20.99,23.42,22.4,21.37,21.15,21.28,22.61,21.77,21.03,20.87,21.08,21.87,22.32,21.08,0.68,9.2,1.0,1.0,1.0,1.0,0.0,0.0,1.0,0.0,1.0,1.0,1.0,0.0,0.0,0.0,1.0,1.0,1.0,0.0,1.0,1.0,36.0,21.0,23.0,730.25,1032.22,632.09,1092.97,0.0,0.0,1035.71,0.0,806.06,179.21,696.9,0.0,0.0,0.0,189.45,738.66,996.37,0.0,833.55,228.62,28.44,28.11,29.25,27.28,36.0,36.0,24.83,36.0,26.77,23.05,26.21,36.0,36.0,36.0,22.33,26.11,25.97,36.0,27.11,22.71,0.023114,0.031288,0.022413,0.030001,0.0,0.0,0.022187,0.0,0.020884,0.00331,0.017031,0.0,0.0,0.0,0.003314,0.017867,0.023767,0.0,0.022431,0.004117
2020-01-11 16:45:00,21.33,21.31,22.26,21.27,22.32,20.73,21.2,23.09,22.57,21.43,21.53,20.83,22.22,21.38,21.14,21.32,21.53,21.72,22.43,21.21,0.47,0.0,1.0,1.0,1.0,1.0,0.0,0.0,1.0,0.0,1.0,1.0,1.0,0.0,0.0,0.0,1.0,1.0,1.0,0.0,1.0,1.0,36.0,21.0,23.0,735.48,1038.73,642.72,1089.43,0.0,0.0,955.07,0.0,765.64,177.86,650.04,0.0,0.0,0.0,185.86,684.8,928.43,0.0,801.01,223.57,28.39,28.06,29.14,27.31,36.0,36.0,25.7,36.0,27.23,23.15,26.87,36.0,36.0,36.0,22.58,26.83,26.65,36.0,27.46,23.01,0.023114,0.031288,0.022413,0.030001,0.0,0.0,0.022187,0.0,0.020884,0.00331,0.017031,0.0,0.0,0.0,0.003314,0.017867,0.023767,0.0,0.022431,0.004117
2020-01-11 17:00:00,21.28,21.26,22.14,21.21,22.13,20.44,21.3,22.77,22.69,21.49,21.73,20.49,21.85,21.03,21.23,21.55,21.75,21.53,22.49,21.31,0.34,0.0,1.0,1.0,1.0,1.0,0.0,0.0,1.0,0.0,1.0,1.0,1.0,0.0,0.0,0.0,1.0,1.0,1.0,0.0,1.0,1.0,36.0,21.0,23.0,745.23,1052.84,657.58,1094.18,0.0,0.0,905.69,0.0,741.59,176.7,621.68,0.0,0.0,0.0,183.19,652.24,886.46,0.0,781.86,219.89,28.29,27.95,28.98,27.27,36.0,36.0,26.23,36.0,27.5,23.23,27.27,36.0,36.0,36.0,22.78,27.27,27.08,36.0,27.66,23.22,0.023114,0.031288,0.022413,0.030001,0.0,0.0,0.022187,0.0,0.020884,0.00331,0.017031,0.0,0.0,0.0,0.003314,0.017867,0.023767,0.0,0.022431,0.004117
2020-01-11 17:15:00,20.8,20.6,21.1,20.91,21.94,20.31,21.36,22.49,22.44,21.47,21.82,20.6,21.73,20.92,21.3,21.67,21.87,21.33,22.18,21.32,0.2,0.0,0.556,0.404,0.0,1.0,0.0,1.0,1.0,0.0,0.0,0.0,0.9,1.0,1.0,0.498,1.0,1.0,1.0,0.0,0.0,0.333,36.0,21.0,23.0,516.51,568.8,0.0,1106.19,0.0,915.55,873.91,0.0,0.0,0.0,552.96,1074.3,648.04,539.88,181.12,631.99,859.72,0.0,0.0,74.74,26.38,25.23,36.0,27.18,36.0,22.96,26.58,36.0,36.0,36.0,27.37,24.6,26.39,23.79,22.93,27.54,27.35,36.0,36.0,22.94,0.012844,0.01263,0.0,0.030001,0.0,0.0168,0.022187,0.0,0.0,0.0,0.015322,0.022553,0.016137,0.01058,0.003314,0.017867,0.023767,0.0,0.0,0.001369
2020-01-11 17:30:00,20.51,20.25,20.56,20.64,21.76,20.69,21.43,22.2,21.92,21.39,21.87,20.97,21.91,20.91,21.37,21.78,21.97,21.08,21.56,21.27,0.07,0.0,0.556,0.404,0.0,1.0,0.0,1.0,1.0,0.0,0.0,0.0,0.9,1.0,1.0,0.498,1.0,1.0,1.0,0.0,0.0,0.333,36.0,21.0,23.0,523.87,577.18,0.0,1116.58,0.0,792.91,852.01,0.0,0.0,0.0,548.87,963.64,585.47,517.72,179.46,618.72,841.85,0.0,0.0,76.08,26.24,25.07,36.0,27.1,36.0,24.71,26.81,36.0,36.0,36.0,27.43,25.78,27.32,24.29,23.05,27.72,27.53,36.0,36.0,22.7,0.012844,0.01263,0.0,0.030001,0.0,0.0168,0.022187,0.0,0.0,0.0,0.015322,0.022553,0.016137,0.01058,0.003314,0.017867,0.023767,0.0,0.0,0.001369
2020-01-11 17:45:00,20.38,20.1,20.23,20.52,21.6,21.01,21.45,21.92,21.45,21.29,21.9,21.36,22.13,20.91,21.44,21.85,22.05,20.89,20.99,21.22,-0.06,0.0,0.556,0.404,0.0,1.0,0.0,1.0,1.0,0.0,0.0,0.0,0.9,1.0,1.0,0.498,1.0,1.0,1.0,0.0,0.0,0.333,36.0,21.0,23.0,532.99,588.38,0.0,1123.26,0.0,724.58,836.43,0.0,0.0,0.0,545.2,901.78,553.62,505.86,178.06,609.58,829.29,0.0,0.0,76.97,26.07,24.85,36.0,27.04,36.0,25.68,26.98,36.0,36.0,36.0,27.49,26.43,27.79,24.56,23.15,27.84,27.65,36.0,36.0,22.55,0.012844,0.01263,0.0,0.030001,0.0,0.0168,0.022187,0.0,0.0,0.0,0.015322,0.022553,0.016137,0.01058,0.003314,0.017867,0.023767,0.0,0.0,0.001369
2020-01-11 18:00:00,20.25,20.0,20.03,20.46,21.45,21.22,21.47,21.73,21.1,21.21,21.83,21.62,22.32,20.91,21.51,21.8,22.13,20.8,20.56,21.18,-0.2,0.0,0.556,0.404,0.0,1.0,0.0,1.0,1.0,0.0,0.0,0.0,0.9,1.0,1.0,0.498,1.0,1.0,1.0,0.0,0.0,0.333,36.0,21.0,23.0,533.83,589.13,0.0,1110.93,0.0,683.0,825.12,0.0,0.0,0.0,542.76,862.64,534.83,499.16,176.85,603.7,819.65,0.0,0.0,77.62,26.06,24.84,36.0,27.14,36.0,26.27,27.1,36.0,36.0,36.0,27.53,26.85,28.07,24.71,23.23,27.92,27.75,36.0,36.0,22.44,0.012844,0.01263,0.0,0.030001,0.0,0.0168,0.022187,0.0,0.0,0.0,0.015322,0.022553,0.016137,0.01058,0.003314,0.017867,0.023767,0.0,0.0,0.001369
2020-01-11 18:15:00,20.62,20.51,20.82,20.6,21.32,21.17,21.53,21.52,21.15,21.22,21.87,21.77,22.34,20.92,21.56,21.84,22.19,20.92,20.62,21.21,-0.33,0.0,1.0,1.0,1.0,1.0,0.0,0.0,1.0,0.0,1.0,1.0,1.0,1.0,1.0,0.563,1.0,1.0,1.0,0.81,1.0,1.0,36.0,21.0,23.0,779.96,1105.63,728.82,1095.25,0.0,0.0,816.09,0.0,955.47,189.39,590.93,837.07,523.86,554.38,175.78,599.63,811.86,676.4,1044.67,226.86,27.93,27.55,28.22,27.27,36.0,36.0,27.2,36.0,25.05,22.31,27.7,27.12,28.23,24.92,23.31,27.97,27.83,24.21,24.86,22.82,0.023114,0.031288,0.022413,0.030001,0.0,0.0,0.022187,0.0,0.020884,0.00331,0.017031,0.022553,0.016137,0.011967,0.003314,0.017867,0.023767,0.013723,0.022431,0.004117
2020-01-11 18:30:00,20.82,20.79,21.24,20.82,21.18,20.95,21.65,21.29,21.45,21.3,21.94,21.91,22.26,20.93,21.62,21.89,22.26,21.19,20.98,21.31,-0.47,0.0,1.0,1.0,1.0,1.0,0.0,0.0,1.0,0.0,1.0,1.0,1.0,1.0,1.0,0.563,1.0,1.0,1.0,0.81,1.0,1.0,36.0,21.0,23.0,779.21,1108.27,751.66,1076.36,0.0,0.0,808.06,0.0,868.03,184.62,581.91,819.58,518.21,547.75,174.81,596.03,805.4,607.92,943.67,221.58,27.93,27.53,27.98,27.42,36.0,36.0,27.29,36.0,26.06,22.66,27.83,27.31,28.32,25.05,23.38,28.02,27.89,25.4,25.94,23.12,0.023114,0.031288,0.022413,0.030001,0.0,0.0,0.022187,0.0,0.020884,0.00331,0.017031,0.022553,0.016137,0.011967,0.003314,0.017867,0.023767,0.013723,0.022431,0.004117
2020-01-11 18:45:00,20.86,20.79,21.24,20.95,21.04,20.74,21.72,21.05,21.84,21.39,22.01,21.92,22.15,21.04,21.68,21.93,22.21,21.44,21.44,21.42,-0.61,0.0,1.0,1.0,1.0,1.0,0.0,0.0,1.0,0.0,1.0,1.0,1.0,1.0,1.0,0.563,1.0,1.0,1.0,0.81,1.0,1.0,36.0,21.0,23.0,773.19,1101.45,753.45,1055.54,0.0,0.0,800.96,0.0,818.22,181.42,575.88,807.54,516.21,543.37,173.92,592.83,800.99,569.13,886.07,217.94,28.0,27.58,27.96,27.58,36.0,36.0,27.36,36.0,26.63,22.89,27.91,27.43,28.35,25.14,23.45,28.06,27.94,26.08,26.55,23.34,0.023114,0.031288,0.022413,0.030001,0.0,0.0,0.022187,0.0,0.020884,0.00331,0.017031,0.022553,0.016137,0.011967,0.003314,0.017867,0.023767,0.013723,0.022431,0.004117
2020-01-11 19:00:00,20.83,20.83,21.19,20.91,20.92,20.52,21.89,20.82,21.98,21.48,22.07,22.11,22.1,20.95,21.74,21.97,22.36,21.61,21.59,21.51,-0.74,0.0,1.0,1.0,1.0,1.0,0.0,0.0,1.0,0.0,1.0,1.0,1.0,1.0,1.0,0.563,1.0,1.0,1.0,0.81,1.0,1.0,36.0,21.0,23.0,739.64,1056.5,730.16,1006.06,0.0,0.0,794.46,0.0,787.53,179.11,571.51,798.63,516.11,540.49,173.1,590.05,797.36,545.74,850.7,215.25,28.34,27.92,28.21,27.98,36.0,36.0,27.43,36.0,26.98,23.06,27.97,27.53,28.35,25.2,23.51,28.1,27.97,26.49,26.93,23.49,0.023114,0.031288,0.022413,0.030001,0.0,0.0,0.022187,0.0,0.020884,0.00331,0.017031,0.022553,0.016137,0.011967,0.003314,0.017867,0.023767,0.013723,0.022431,0.004117
2020-01-11 19:15:00,20.89,20.89,21.2,20.97,21.04,20.66,21.94,20.97,21.75,21.45,21.88,22.17,22.0,20.88,21.79,21.91,22.4,21.48,21.32,21.46,-0.87,0.0,1.0,1.0,1.0,1.0,1.0,1.0,1.0,1.0,0.0,0.0,0.36,1.0,1.0,0.408,1.0,0.724,1.0,0.0,0.0,0.0,36.0,21.0,23.0,764.3,1088.04,764.79,1026.12,183.93,842.03,787.49,763.9,0.0,0.0,230.33,789.38,516.35,401.27,172.3,447.79,791.91,0.0,0.0,0.0,28.09,27.68,27.84,27.82,22.65,24.01,27.51,24.57,36.0,36.0,27.02,27.63,28.34,24.93,23.56,27.72,28.03,36.0,36.0,36.0,0.023114,0.031288,0.022413,0.030001,0.003296,0.0168,0.022187,0.015987,0.0,0.0,0.006139,0.022553,0.016137,0.008672,0.003314,0.012935,0.023767,0.0,0.0,0.0
2020-01-11 19:30:00,20.94,20.93,21.2,21.04,21.28,20.9,21.92,21.36,21.28,21.37,21.56,22.24,22.07,20.77,21.84,21.8,22.45,21.21,20.78,21.34,-1.01,0.0,1.0,1.0,1.0,1.0,1.0,1.0,1.0,1.0,0.0,0.0,0.36,1.0,1.0,0.408,1.0,0.724,1.0,0.0,0.0,0.0,36.0,21.0,23.0,760.24,1082.98,771.46,1010.42,185.01,745.54,782.42,673.23,0.0,0.0,248.88,782.3,516.3,408.77,171.54,462.17,787.77,0.0,0.0,0.0,28.13,27.72,27.77,27.94,22.57,25.38,27.56,25.93,36.0,36.0,26.3,27.7,28.35,24.72,23.62,27.45,28.07,36.0,36.0,36.0,0.023114,0.031288,0.022413,0.030001,0.003296,0.0168,0.022187,0.015987,0.0,0.0,0.006139,0.022553,0.016137,0.008672,0.003314,0.012935,0.023767,0.0,0.0,0.0
2020-01-11 19:45:00,21.01,20.98,21.18,21.07,21.39,21.17,21.84,21.6,20.87,21.28,21.38,22.31,22.15,20.67,21.89,21.81,22.49,20.92,20.28,21.22,-1.14,0.0,1.0,1.0,1.0,1.0,1.0,1.0,1.0,1.0,0.0,0.0,0.36,1.0,1.0,0.408,1.0,0.724,1.0,0.0,0.0,0.0,36.0,21.0,23.0,753.19,1071.97,762.42,1005.61,183.73,692.18,779.16,623.44,0.0,0.0,260.87,776.27,515.82,413.99,170.83,469.98,784.13,0.0,0.0,0.0,28.2,27.8,27.86,27.98,22.66,26.14,27.6,26.67,36.0,36.0,25.83,27.77,28.35,24.58,23.67,27.31,28.11,36.0,36.0,36.0,0.023114,0.031288,0.022413,0.030001,0.003296,0.0168,0.022187,0.015987,0.0,0.0,0.006139,0.022553,0.016137,0.008672,0.003314,0.012935,0.023767,0.0,0.0,0.0
2020-01-11 20:00:00,21.04,21.02,21.21,21.09,21.48,21.34,21.75,21.78,20.55,21.2,21.19,22.36,22.24,20.59,21.94,21.76,22.52,20.72,19.88,21.11,-1.27,0.0,1.0,1.0,1.0,1.0,1.0,1.0,1.0,1.0,0.0,0.0,0.36,1.0,1.0,0.408,1.0,0.724,1.0,0.0,0.0,0.0,36.0,21.0,23.0,747.52,1061.43,752.86,1000.76,182.67,659.4,777.31,593.64,0.0,0.0,269.29,771.03,515.07,418.0,170.14,474.51,780.93,0.0,0.0,0.0,28.26,27.88,27.96,28.02,22.74,26.61,27.62,27.12,36.0,36.0,25.51,27.82,28.36,24.47,23.72,27.22,28.14,36.0,36.0,36.0,0.023114,0.031288,0.022413,0.030001,0.003296,0.0168,0.022187,0.015987,0.0,0.0,0.006139,0.022553,0.016137,0.008672,0.003314,0.012935,0.023767,0.0,0.0,0.0
2020-01-11 20:15:00,21.07,20.74,20.59,21.03,21.3,21.2,21.74,21.59,20.63,21.14,21.28,22.41,22.11,20.72,21.99,21.42,22.55,20.81,19.99,21.02,-1.4,0.0,1.0,0.648,0.34,1.0,0.0,0.0,1.0,0.0,1.0,0.0,1.0,1.0,0.291,1.0,1.0,0.0,1.0,0.921,1.0,0.0,36.0,21.0,23.0,741.88,793.29,346.95,997.4,0.0,0.0,775.97,0.0,996.44,0.0,679.49,766.44,169.58,938.05,169.48,0.0,778.13,751.51,1098.64,0.0,28.32,26.63,25.11,28.05,36.0,36.0,27.63,36.0,24.59,36.0,26.46,27.87,27.36,25.44,23.77,36.0,28.17,24.48,24.28,36.0,0.023114,0.020261,0.007621,0.030001,0.0,0.0,0.022187,0.0,0.020884,0.0,0.017031,0.022553,0.004695,0.021246,0.003314,0.0,0.023767,0.015608,0.022431,0.0
2020-01-11 20:30:00,21.07,20.6,20.41,20.97,21.13,20.86,21.79,21.19,21.04,21.06,21.55,22.38,21.81,21.1,22.04,20.82,22.49,21.1,20.49,20.92,-1.53,0.0,1.0,0.648,0.34,1.0,0.0,0.0,1.0,0.0,1.0,0.0,1.0,1.0,0.291,1.0,1.0,0.0,1.0,0.921,1.0,0.0,36.0,21.0,23.0,736.82,786.42,341.81,993.96,0.0,0.0,774.31,0.0,902.5,0.0,633.62,763.18,185.03,877.64,168.84,0.0,776.64,672.29,987.85,0.0,28.37,26.71,25.27,28.07,36.0,36.0,27.65,36.0,25.66,36.0,27.1,27.9,26.57,26.12,23.81,36.0,28.18,25.7,25.46,36.0,0.023114,0.020261,0.007621,0.030001,0.0,0.0,0.022187,0.0,0.020884,0.0,0.017031,0.022553,0.004695,0.021246,0.003314,0.0,0.023767,0.015608,0.022431,0.0
2020-01-11 20:45:00,21.09,20.6,20.37,20.96,20.97,20.51,21.91,20.84,21.41,21.0,21.77,22.41,21.49,21.35,22.08,20.32,22.49,21.33,20.94,20.83,-1.66,0.0,1.0,0.648,0.34,1.0,0.0,0.0,1.0,0.0,1.0,0.0,1.0,1.0,0.291,1.0,1.0,0.0,1.0,0.921,1.0,0.0,36.0,21.0,23.0,731.84,781.62,339.15,991.14,0.0,0.0,771.49,0.0,848.61,0.0,608.12,760.79,195.74,841.04,168.21,0.0,775.99,628.58,923.98,0.0,28.43,26.77,25.35,28.1,36.0,36.0,27.68,36.0,26.28,36.0,27.46,27.93,26.03,26.53,23.86,36.0,28.19,26.37,26.15,36.0,0.023114,0.020261,0.007621,0.030001,0.0,0.0,0.022187,0.0,0.020884,0.0,0.017031,0.022553,0.004695,0.021246,0.003314,0.0,0.023767,0.015608,0.022431,0.0
2020-01-11 21:00:00,21.1,20.6,20.35,20.96,20.84,20.2,22.01,20.58,21.62,20.93,21.9,22.43,21.21,21.51,22.13,19.93,22.5,21.49,21.19,20.74,-1.79,0.0,1.0,0.648,0.34,1.0,0.0,0.0,1.0,0.0,1.0,0.0,1.0,1.0,0.291,1.0,1.0,0.0,1.0,0.921,1.0,0.0,36.0,21.0,23.0,726.76,775.7,335.8,987.48,0.0,0.0,768.38,0.0,814.73,0.0,592.6,758.39,203.86,817.59,167.61,0.0,775.05,601.91,883.85,0.0,28.48,26.84,25.46,28.13,36.0,36.0,27.71,36.0,26.67,36.0,27.68,27.96,25.61,26.79,23.9,36.0,28.2,26.77,26.57,36.0,0.023114,0.020261,0.007621,0.030001,0.0,0.0,0.022187,0.0,0.020884,0.0,0.017031,0.022553,0.004695,0.021246,0.003314,0.0,0.023767,0.015608,0.022431,0.0
2020-01-11 21:15:00,21.08,20.91,20.93,21.05,21.01,20.21,22.03,20.74,21.64,20.95,21.9,22.45,21.22,21.27,22.18,20.01,22.51,21.4,20.95,20.78,-1.92,0.0,1.0,1.0,1.0,1.0,1.0,1.0,1.0,1.0,0.579,1.0,1.0,1.0,1.0,0.0,1.0,1.0,1.0,0.0,0.0,1.0,36.0,21.0,23.0,722.91,1019.5,709.98,983.86,180.36,834.51,765.49,748.75,490.12,195.58,583.23,756.23,637.45,0.0,167.02,840.74,774.16,0.0,0.0,242.44,28.52,28.2,28.42,28.15,22.91,24.12,27.75,24.8,26.3,21.87,27.81,27.98,26.55,36.0,23.94,24.74,28.21,36.0,36.0,21.91,0.023114,0.031288,0.022413,0.030001,0.003296,0.0168,0.022187,0.015987,0.012091,0.00331,0.017031,0.022553,0.016137,0.0,0.003314,0.017867,0.023767,0.0,0.0,0.004117
2020-01-11 21:30:00,21.11,21.04,21.15,21.17,21.24,20.54,21.96,21.09,21.54,21.05,21.95,22.47,21.42,20.77,22.22,20.46,22.51,21.11,20.44,20.91,-2.05,0.0,1.0,1.0,1.0,1.0,1.0,1.0,1.0,1.0,0.579,1.0,1.0,1.0,1.0,0.0,1.0,1.0,1.0,0.0,0.0,1.0,36.0,21.0,23.0,721.45,1019.02,713.59,977.51,180.6,742.05,763.86,669.36,504.11,189.82,577.43,754.28,594.77,0.0,166.45,745.5,773.37,0.0,0.0,233.68,28.53,28.21,28.38,28.21,22.89,25.43,27.76,25.98,26.03,22.28,27.89,28.0,27.18,36.0,23.99,26.02,28.22,36.0,36.0,22.42,0.023114,0.031288,0.022413,0.030001,0.003296,0.0168,0.022187,0.015987,0.012091,0.00331,0.017031,0.022553,0.016137,0.0,0.003314,0.017867,0.023767,0.0,0.0,0.004117
2020-01-11 21:45:00,21.12,21.05,21.15,21.2,21.38,20.84,21.85,21.4,21.45,21.16,21.99,22.48,21.63,20.31,22.26,20.86,22.51,20.85,19.93,21.05,-2.18,0.0,1.0,1.0,1.0,1.0,1.0,1.0,1.0,1.0,0.579,1.0,1.0,1.0,1.0,0.0,1.0,1.0,1.0,0.0,0.0,1.0,36.0,21.0,23.0,719.96,1014.7,709.47,974.38,179.61,691.53,763.83,625.62,512.24,185.93,573.22,752.54,571.47,0.0,165.88,693.89,772.68,0.0,0.0,227.8,28.55,28.24,28.43,28.23,22.96,26.15,27.76,26.64,25.86,22.56,27.95,28.02,27.53,36.0,24.03,26.71,28.22,36.0,36.0,22.76,0.023114,0.031288,0.022413,0.030001,0.003296,0.0168,0.022187,0.015987,0.012091,0.00331,0.017031,0.022553,0.016137,0.0,0.003314,0.017867,0.023767,0.0,0.0,0.004117
2020-01-11 22:00:00,21.12,21.07,21.17,21.21,21.48,21.04,21.74,21.6,21.39,21.25,22.02,22.5,21.79,19.97,22.31,21.11,22.51,20.65,19.56,21.16,-2.32,0.0,1.0,1.0,1.0,1.0,1.0,1.0,1.0,1.0,0.579,1.0,1.0,1.0,1.0,0.0,1.0,1.0,1.0,0.0,0.0,1.0,36.0,21.0,23.0,718.7,1011.57,707.05,972.5,178.85,660.73,764.52,598.75,517.52,183.08,570.06,750.94,557.37,0.0,165.33,662.72,772.07,0.0,0.0,223.51,28.56,28.27,28.45,28.25,23.02,26.59,27.76,27.04,25.76,22.77,27.99,28.03,27.74,36.0,24.07,27.13,28.23,36.0,36.0,23.01,0.023114,0.031288,0.022413,0.030001,0.003296,0.0168,0.022187,0.015987,0.012091,0.00331,0.017031,0.022553,0.016137,0.0,0.003314,0.017867,0.023767,0.0,0.0,0.004117
2020-01-11 22:15:00,21.12,20.7,20.72,21.14,21.25,21.18,21.72,21.37,21.48,21.33,22.04,22.51,21.89,20.09,22.35,21.25,22.52,20.75,19.72,21.14,-2.45,0.0,1.0,0.597,0.518,1.0,0.0,1.0,1.0,0.0,1.0,1.0,1.0,1.0,1.0,1.0,1.0,1.0,1.0,1.0,1.0,0.0,36.0,21.0,23.0,717.47,718.77,455.69,970.6,0.0,640.95,765.52,0.0,842.67,180.9,567.58,749.48,548.61,1048.23,164.79,643.43,771.49,810.42,1126.43,0.0,28.57,26.79,26.61,28.26,36.0,26.87,27.75,36.0,26.35,22.93,28.03,28.05,27.87,24.2,24.11,27.38,28.23,24.56,23.99,36.0,0.023114,0.018668,0.011612,0.030001,0.0,0.0168,0.022187,0.0,0.020884,0.00331,0.017031,0.022553,0.016137,0.021246,0.003314,0.017867,0.023767,0.016941,0.022431,0.0
2020-01-11 22:30:00,21.1,20.6,20.62,21.05,21.09,21.28,21.81,20.91,21.66,21.4,22.06,22.53,21.96,20.48,22.39,21.36,22.52,21.06,20.19,21.03,-2.59,0.0,1.0,0.597,0.518,1.0,0.0,1.0,1.0,0.0,1.0,1.0,1.0,1.0,1.0,1.0,1.0,1.0,1.0,1.0,1.0,0.0,36.0,21.0,23.0,716.64,716.42,453.41,972.65,0.0,627.41,764.95,0.0,806.45,179.17,565.56,748.14,542.86,948.01,164.26,630.81,770.97,718.07,1011.09,0.0,28.58,26.82,26.66,28.24,36.0,27.07,27.75,36.0,26.76,23.05,28.06,28.06,27.95,25.33,24.14,27.55,28.24,25.86,25.22,36.0,0.023114,0.018668,0.011612,0.030001,0.0,0.0168,0.022187,0.0,0.020884,0.00331,0.017031,0.022553,0.016137,0.021246,0.003314,0.017867,0.023767,0.016941,0.022431,0.0
2020-01-11 22:45:00,21.09,20.57,20.59,21.02,20.92,21.37,21.94,20.6,21.81,21.46,22.08,22.54,22.02,20.85,22.43,21.44,22.52,21.33,20.62,20.91,-2.73,0.0,1.0,0.597,0.518,1.0,0.0,1.0,1.0,0.0,1.0,1.0,1.0,1.0,1.0,1.0,1.0,1.0,1.0,1.0,1.0,0.0,36.0,21.0,23.0,715.73,716.94,453.76,972.47,0.0,617.53,762.79,0.0,784.83,177.74,563.88,746.92,538.85,891.32,163.74,622.05,770.52,667.63,945.27,0.0,28.59,26.81,26.65,28.25,36.0,27.21,27.78,36.0,27.01,23.16,28.08,28.08,28.01,25.96,24.18,27.67,28.24,26.57,25.92,36.0,0.023114,0.018668,0.011612,0.030001,0.0,0.0168,0.022187,0.0,0.020884,0.00331,0.017031,0.022553,0.016137,0.021246,0.003314,0.017867,0.023767,0.016941,0.022431,0.0
2020-01-11 23:00:00,21.02,20.51,20.53,20.98,20.83,21.44,22.0,20.32,21.91,21.53,22.08,22.53,22.04,21.08,22.48,21.48,22.51,21.51,20.89,20.8,-2.85,0.0,1.0,0.597,0.518,1.0,0.0,1.0,1.0,0.0,1.0,1.0,1.0,1.0,1.0,1.0,1.0,1.0,1.0,1.0,1.0,0.0,36.0,21.0,23.0,687.93,702.06,445.25,939.11,0.0,610.16,760.33,0.0,770.79,176.55,562.46,745.8,535.89,856.19,163.25,615.85,770.08,637.59,904.37,0.0,28.88,27.0,26.83,28.51,36.0,27.31,27.8,36.0,27.17,23.24,28.1,28.09,28.06,26.36,24.22,27.75,28.25,27.0,26.35,36.0,0.023114,0.018668,0.011612,0.030001,0.0,0.0168,0.022187,0.0,0.020884,0.00331,0.017031,0.022553,0.016137,0.021246,0.003314,0.017867,0.023767,0.016941,0.022431,0.0
2020-01-11 23:15:00,21.03,20.81,20.87,21.03,20.9,21.48,22.03,20.47,21.64,21.58,22.07,22.53,22.09,20.85,22.51,21.51,22.49,21.32,20.84,20.83,-2.98,0.0,1.0,1.0,1.0,1.0,1.0,1.0,1.0,1.0,0.0,1.0,1.0,1.0,1.0,0.0,1.0,1.0,1.0,0.0,0.46,1.0,36.0,21.0,23.0,715.53,1014.55,709.33,972.3,179.75,604.17,758.96,762.29,0.0,175.44,561.67,745.31,534.09,0.0,162.74,611.28,770.33,0.0,441.73,238.93,28.59,28.24,28.43,28.25,22.95,27.4,27.82,24.59,36.0,23.32,28.11,28.09,28.08,36.0,24.25,27.82,28.25,36.0,25.76,22.12,0.023114,0.031288,0.022413,0.030001,0.003296,0.0168,0.022187,0.015987,0.0,0.00331,0.017031,0.022553,0.016137,0.0,0.003314,0.017867,0.023767,0.0,0.01032,0.004117
2020-01-11 23:30:00,21.04,20.92,21.0,21.11,21.12,21.53,21.92,20.8,21.11,21.64,22.06,22.52,22.1,20.34,22.55,21.54,22.47,21.01,20.65,20.96,-3.11,0.0,1.0,1.0,1.0,1.0,1.0,1.0,1.0,1.0,0.0,1.0,1.0,1.0,1.0,0.0,1.0,1.0,1.0,0.0,0.46,1.0,36.0,21.0,23.0,716.54,1021.3,715.66,970.08,181.0,599.38,758.58,682.24,0.0,174.47,560.99,744.87,532.57,0.0,162.24,607.72,770.59,0.0,461.95,231.14,28.58,28.19,28.36,28.26,22.86,27.46,27.82,25.79,36.0,23.39,28.12,28.1,28.1,36.0,24.29,27.86,28.24,36.0,25.29,22.57,0.023114,0.031288,0.022413,0.030001,0.003296,0.0168,0.022187,0.015987,0.0,0.00331,0.017031,0.022553,0.016137,0.0,0.003314,0.017867,0.023767,0.0,0.01032,0.004117
2020-01-11 23:45:00,21.02,20.9,20.98,21.11,21.27,21.56,21.77,21.12,20.64,21.69,22.05,22.51,22.12,19.88,22.59,21.56,22.45,20.72,20.48,21.08,-3.24,0.0,1.0,1.0,1.0,1.0,1.0,1.0,1.0,1.0,0.0,1.0,1.0,1.0,1.0,0.0,1.0,1.0,1.0,0.0,0.46,1.0,36.0,21.0,23.0,716.99,1024.14,718.28,969.45,180.97,595.51,759.85,638.19,0.0,173.58,560.55,744.63,531.43,0.0,161.75,604.97,771.01,0.0,474.58,225.92,28.58,28.17,28.33,28.27,22.86,27.52,27.81,26.45,36.0,23.46,28.13,28.1,28.12,36.0,24.32,27.9,28.24,36.0,25.0,22.87,0.023114,0.031288,0.022413,0.030001,0.003296,0.0168,0.022187,0.015987,0.0,0.00331,0.017031,0.022553,0.016137,0.0,0.003314,0.017867,0.023767,0.0,0.01032,0.004117
2020-01-12 00:00:00,20.98,20.87,20.95,21.09,21.37,21.57,21.63,21.28,20.28,21.75,22.02,22.47,22.11,19.52,22.63,21.55,22.41,20.48,20.33,21.19,-3.38,0.0,1.0,1.0,1.0,1.0,1.0,1.0,1.0,1.0,0.0,1.0,1.0,1.0,1.0,0.0,1.0,1.0,1.0,0.0,0.46,1.0,36.0,21.0,23.0,718.16,1029.04,722.36,970.32,181.13,592.4,762.09,611.36,0.0,172.75,560.41,744.75,530.68,0.0,161.27,602.96,771.77,0.0,483.38,222.09,28.57,28.13,28.29,28.26,22.85,27.56,27.78,26.85,36.0,23.52,28.13,28.1,28.13,36.0,24.36,27.93,28.23,36.0,24.79,23.09,0.023114,0.031288,0.022413,0.030001,0.003296,0.0168,0.022187,0.015987,0.0,0.00331,0.017031,0.022553,0.016137,0.0,0.003314,0.017867,0.023767,0.0,0.01032,0.004117
2020-01-12 00:15:00,20.96,20.69,20.81,21.03,21.42,21.66,21.55,21.24,20.36,21.81,22.12,22.42,22.0,19.64,22.67,21.68,22.36,20.47,20.46,21.16,-3.53,0.0,1.0,0.882,1.0,1.0,1.0,1.0,1.0,0.803,1.0,1.0,1.0,1.0,1.0,1.0,1.0,1.0,1.0,1.0,1.0,0.0,36.0,21.0,23.0,691.03,925.89,700.69,938.32,180.69,589.49,764.64,493.89,1005.65,171.99,559.94,745.0,530.6,1079.92,160.82,600.9,772.58,816.72,972.35,0.0,28.85,27.97,28.52,28.52,22.88,27.61,27.76,26.8,24.48,23.57,28.13,28.1,28.13,23.84,24.39,27.95,28.22,24.47,25.63,36.0,0.023114,0.02759,0.022413,0.030001,0.003296,0.0168,0.022187,0.012843,0.020884,0.00331,0.017031,0.022553,0.016137,0.021246,0.003314,0.017867,0.023767,0.016941,0.022431,0.0
2020-01-12 00:30:00,20.96,20.65,20.8,20.98,21.4,21.62,21.58,21.23,20.66,21.85,22.11,22.39,22.03,19.99,22.7,21.69,22.32,20.71,20.68,21.05,-3.67,0.0,1.0,0.882,1.0,1.0,1.0,1.0,1.0,0.803,1.0,1.0,1.0,1.0,1.0,1.0,1.0,1.0,1.0,1.0,1.0,0.0,36.0,21.0,23.0,718.05,962.07,733.49,972.77,182.04,586.58,766.52,496.99,913.65,171.23,558.67,746.13,531.93,976.07,160.34,598.0,774.33,727.06,916.84,0.0,28.57,27.66,28.17,28.24,22.79,27.65,27.73,26.74,25.53,23.63,28.15,28.09,28.11,25.01,24.43,27.99,28.21,25.73,26.22,36.0,0.023114,0.02759,0.022413,0.030001,0.003296,0.0168,0.022187,0.012843,0.020884,0.00331,0.017031,0.022553,0.016137,0.021246,0.003314,0.017867,0.023767,0.016941,0.022431,0.0
2020-01-12 00:45:00,20.93,20.61,20.75,20.95,21.4,21.63,21.65,21.19,20.97,21.9,22.09,22.35,21.99,20.36,22.74,21.69,22.27,20.93,20.87,20.93,-3.82,0.0,1.0,0.882,1.0,1.0,1.0,1.0,1.0,0.803,1.0,1.0,1.0,1.0,1.0,1.0,1.0,1.0,1.0,1.0,1.0,0.0,36.0,21.0,23.0,719.77,969.15,739.46,975.2,182.64,584.5,766.61,497.96,862.32,170.51,558.21,747.15,532.71,917.54,159.89,596.25,775.93,678.71,884.59,0.0,28.55,27.6,28.11,28.22,22.74,27.68,27.73,26.72,26.12,23.68,28.16,28.07,28.1,25.67,24.46,28.02,28.19,26.42,26.57,36.0,0.023114,0.02759,0.022413,0.030001,0.003296,0.0168,0.022187,0.012843,0.020884,0.00331,0.017031,0.022553,0.016137,0.021246,0.003314,0.017867,0.023767,0.016941,0.022431,0.0
2020-01-12 01:00:00,20.86,20.54,20.69,20.89,21.41,21.65,21.69,21.19,21.2,21.96,22.09,22.33,21.98,20.62,22.78,21.7,22.25,21.1,21.01,20.82,-4.01,0.0,1.0,0.882,1.0,1.0,1.0,1.0,1.0,0.803,1.0,1.0,1.0,1.0,1.0,1.0,1.0,1.0,1.0,1.0,1.0,0.0,36.0,21.0,23.0,692.65,937.31,709.52,942.56,181.04,582.77,765.92,498.08,831.01,169.86,557.81,747.89,533.18,881.35,159.45,594.82,777.14,650.37,864.33,0.0,28.83,27.87,28.43,28.48,22.86,27.7,27.74,26.72,26.48,23.73,28.16,28.07,28.1,26.08,24.49,28.04,28.18,26.82,26.78,36.0,0.023114,0.02759,0.022413,0.030001,0.003296,0.0168,0.022187,0.012843,0.020884,0.00331,0.017031,0.022553,0.016137,0.021246,0.003314,0.017867,0.023767,0.016941,0.022431,0.0
2020-01-12 01:15:00,20.74,20.6,20.73,20.85,21.14,21.56,21.77,21.01,21.33,22.0,21.93,22.32,22.09,20.78,22.82,21.56,22.24,20.94,20.8,20.86,-4.2,0.0,1.0,1.0,1.0,1.0,0.0,1.0,1.0,0.0,1.0,1.0,1.0,1.0,1.0,1.0,1.0,1.0,1.0,0.0,0.256,1.0,36.0,21.0,23.0,694.27,1008.44,706.11,942.74,0.0,581.58,766.09,0.0,810.06,169.2,558.04,748.55,533.3,857.08,159.01,594.22,778.25,0.0,246.62,238.35,28.81,28.29,28.46,28.48,36.0,27.72,27.74,36.0,26.72,23.77,28.16,28.06,28.09,26.35,24.52,28.04,28.17,36.0,25.71,22.15,0.023114,0.031288,0.022413,0.030001,0.0,0.0168,0.022187,0.0,0.020884,0.00331,0.017031,0.022553,0.016137,0.021246,0.003314,0.017867,0.023767,0.0,0.005735,0.004117
2020-01-12 01:30:00,20.78,20.65,20.76,20.89,20.96,21.62,21.64,20.58,21.42,22.05,21.93,22.32,22.04,20.89,22.85,21.56,22.23,20.71,20.47,20.97,-4.38,0.0,1.0,1.0,1.0,1.0,0.0,1.0,1.0,0.0,1.0,1.0,1.0,1.0,1.0,1.0,1.0,1.0,1.0,0.0,0.256,1.0,36.0,21.0,23.0,723.08,1042.74,728.93,975.98,0.0,581.35,765.6,0.0,795.54,168.55,559.94,749.17,532.5,839.88,158.56,595.54,779.31,0.0,267.45,230.64,28.52,28.03,28.22,28.22,36.0,27.72,27.74,36.0,26.89,23.82,28.13,28.05,28.11,26.54,24.56,28.03,28.16,36.0,24.84,22.6,0.023114,0.031288,0.022413,0.030001,0.0,0.0168,0.022187,0.0,0.020884,0.00331,0.017031,0.022553,0.016137,0.021246,0.003314,0.017867,0.023767,0.0,0.005735,0.004117
2020-01-12 01:45:00,20.78,20.66,20.77,20.89,20.74,21.63,21.52,20.26,21.5,22.09,21.92,22.31,22.06,20.99,22.88,21.56,22.22,20.42,20.1,21.1,-4.57,0.0,1.0,1.0,1.0,1.0,0.0,1.0,1.0,0.0,1.0,1.0,1.0,1.0,1.0,1.0,1.0,1.0,1.0,0.0,0.256,1.0,36.0,21.0,23.0,723.49,1040.15,726.06,975.91,0.0,580.5,767.16,0.0,785.36,167.93,560.65,749.48,532.2,827.68,158.13,595.63,779.99,0.0,281.58,225.49,28.51,28.05,28.25,28.22,36.0,27.73,27.73,36.0,27.0,23.86,28.12,28.05,28.11,26.68,24.59,28.02,28.15,36.0,24.25,22.9,0.023114,0.031288,0.022413,0.030001,0.0,0.0168,0.022187,0.0,0.020884,0.00331,0.017031,0.022553,0.016137,0.021246,0.003314,0.017867,0.023767,0.0,0.005735,0.004117
2020-01-12 02:00:00,20.72,20.62,20.73,20.85,20.61,21.65,21.48,19.98,21.58,22.14,21.92,22.32,22.06,21.08,22.92,21.57,22.22,20.16,19.83,21.21,-4.75,0.0,1.0,1.0,1.0,1.0,0.0,1.0,1.0,0.0,1.0,1.0,1.0,1.0,1.0,1.0,1.0,1.0,1.0,0.0,0.256,1.0,36.0,21.0,23.0,696.22,1001.07,696.42,942.68,0.0,579.48,769.33,0.0,777.88,167.35,560.96,749.51,531.98,818.57,157.72,595.39,780.33,0.0,291.84,221.77,28.79,28.35,28.57,28.48,36.0,27.75,27.7,36.0,27.09,23.91,28.12,28.05,28.11,26.78,24.62,28.03,28.15,36.0,23.83,23.11,0.023114,0.031288,0.022413,0.030001,0.0,0.0168,0.022187,0.0,0.020884,0.00331,0.017031,0.022553,0.016137,0.021246,0.003314,0.017867,0.023767,0.0,0.005735,0.004117
2020-01-12 02:15:00,20.74,20.7,20.76,20.82,20.69,21.67,21.46,20.13,21.54,22.18,21.93,22.45,22.08,20.75,22.95,21.59,22.36,20.36,19.87,21.29,-4.93,0.0,1.0,1.0,1.0,1.0,1.0,1.0,1.0,1.0,1.0,1.0,1.0,1.0,1.0,0.126,1.0,1.0,1.0,1.0,1.0,1.0,36.0,21.0,23.0,722.97,1031.81,719.27,976.93,180.66,578.48,770.04,777.81,772.52,166.75,561.23,748.45,531.97,118.43,157.29,595.08,779.34,831.3,1033.67,218.83,28.52,28.11,28.32,28.21,22.89,27.76,27.7,24.36,27.15,23.95,28.12,28.06,28.11,25.45,24.65,28.03,28.16,24.26,24.98,23.28,0.023114,0.031288,0.022413,0.030001,0.003296,0.0168,0.022187,0.015987,0.020884,0.00331,0.017031,0.022553,0.016137,0.002685,0.003314,0.017867,0.023767,0.016941,0.022431,0.004117
2020-01-12 02:30:00,20.74,20.72,20.77,20.84,20.96,21.69,21.57,20.48,21.58,22.23,21.94,22.49,22.09,20.28,22.98,21.61,22.39,20.66,20.2,21.38,-5.11,0.0,1.0,1.0,1.0,1.0,1.0,1.0,1.0,1.0,1.0,1.0,1.0,1.0,1.0,0.126,1.0,1.0,1.0,1.0,1.0,1.0,36.0,21.0,23.0,723.3,1028.72,716.4,977.08,180.64,577.33,769.26,696.36,768.74,166.18,561.16,746.34,531.76,130.58,156.87,594.45,777.13,737.75,958.38,216.51,28.51,28.13,28.35,28.21,22.89,27.78,27.71,25.58,27.19,23.99,28.12,28.08,28.12,24.36,24.68,28.04,28.18,25.58,25.78,23.42,0.023114,0.031288,0.022413,0.030001,0.003296,0.0168,0.022187,0.015987,0.020884,0.00331,0.017031,0.022553,0.016137,0.002685,0.003314,0.017867,0.023767,0.016941,0.022431,0.004117
2020-01-12 02:45:00,20.74,20.73,20.77,20.84,21.14,21.72,21.71,20.82,21.64,22.27,21.96,22.52,22.11,19.89,23.02,21.64,22.42,20.92,20.51,21.46,-5.29,0.0,1.0,1.0,1.0,1.0,1.0,1.0,1.0,1.0,1.0,1.0,1.0,1.0,1.0,0.126,1.0,1.0,1.0,1.0,1.0,1.0,36.0,21.0,23.0,723.21,1026.07,715.53,976.77,179.69,576.16,767.18,651.53,765.08,165.62,560.92,744.81,531.5,139.1,156.47,593.71,775.63,686.72,915.16,214.58,28.51,28.15,28.36,28.21,22.96,27.8,27.73,26.25,27.24,24.03,28.12,28.1,28.12,23.61,24.71,28.05,28.19,26.3,26.24,23.53,0.023114,0.031288,0.022413,0.030001,0.003296,0.0168,0.022187,0.015987,0.020884,0.00331,0.017031,0.022553,0.016137,0.002685,0.003314,0.017867,0.023767,0.016941,0.022431,0.004117
2020-01-12 03:00:00,20.69,20.69,20.73,20.8,21.26,21.75,21.78,21.01,21.69,22.32,21.98,22.54,22.12,19.6,23.05,21.66,22.44,21.12,20.71,21.54,-5.4,0.0,1.0,1.0,1.0,1.0,1.0,1.0,1.0,1.0,1.0,1.0,1.0,1.0,1.0,0.126,1.0,1.0,1.0,1.0,1.0,1.0,36.0,21.0,23.0,696.35,988.2,688.83,944.0,178.21,574.95,764.66,624.74,761.74,165.09,560.52,743.44,531.15,145.37,156.08,592.89,774.35,656.35,888.08,212.96,28.79,28.44,28.65,28.47,23.06,27.81,27.75,26.65,27.27,24.07,28.13,28.11,28.13,23.05,24.73,28.06,28.21,26.73,26.53,23.62,0.023114,0.031288,0.022413,0.030001,0.003296,0.0168,0.022187,0.015987,0.020884,0.00331,0.017031,0.022553,0.016137,0.002685,0.003314,0.017867,0.023767,0.016941,0.022431,0.004117
2020-01-12 03:15:00,20.66,20.65,20.71,20.8,21.08,21.47,21.81,20.85,21.81,22.36,21.99,22.46,21.84,19.84,23.01,21.68,22.35,20.9,20.92,21.61,-5.51,0.0,1.0,1.0,1.0,1.0,0.0,0.0,0.868,0.179,1.0,1.0,1.0,1.0,0.0,1.0,0.103,1.0,1.0,0.0,0.95,1.0,36.0,21.0,23.0,696.68,986.99,688.39,943.31,0.0,0.0,677.03,125.6,758.31,164.56,560.17,742.7,0.0,1030.79,16.72,592.13,773.85,0.0,832.4,211.5,28.79,28.45,28.65,28.48,36.0,36.0,27.59,25.51,27.31,24.11,28.13,28.12,36.0,24.39,24.33,28.07,28.21,36.0,26.65,23.71,0.023114,0.031288,0.022413,0.030001,0.0,0.0,0.01926,0.002864,0.020884,0.00331,0.017031,0.022553,0.0,0.021246,0.000343,0.017867,0.023767,0.0,0.021307,0.004117
2020-01-12 03:30:00,20.72,20.71,20.76,20.83,20.93,20.95,21.63,20.56,21.86,22.4,22.01,22.48,21.35,20.17,22.93,21.71,22.36,20.65,21.0,21.67,-5.63,0.0,1.0,1.0,1.0,1.0,0.0,0.0,0.868,0.179,1.0,1.0,1.0,1.0,0.0,1.0,0.103,1.0,1.0,0.0,0.95,1.0,36.0,21.0,23.0,723.49,1020.72,713.43,975.5,0.0,0.0,686.39,136.76,754.05,164.02,559.77,743.31,0.0,944.46,17.19,591.31,774.9,0.0,822.72,210.12,28.51,28.2,28.38,28.22,36.0,36.0,27.47,24.58,27.36,24.15,28.14,28.12,36.0,25.37,24.0,28.08,28.2,36.0,26.76,23.79,0.023114,0.031288,0.022413,0.030001,0.0,0.0,0.01926,0.002864,0.020884,0.00331,0.017031,0.022553,0.0,0.021246,0.000343,0.017867,0.023767,0.0,0.021307,0.004117
2020-01-12 03:45:00,20.73,20.74,20.77,20.86,20.76,20.42,21.48,20.29,21.91,22.44,22.04,22.5,20.87,20.52,22.85,21.74,22.38,20.35,21.08,21.74,-5.74,0.0,1.0,1.0,1.0,1.0,0.0,0.0,0.868,0.179,1.0,1.0,1.0,1.0,0.0,1.0,0.103,1.0,1.0,0.0,0.95,1.0,36.0,21.0,23.0,723.54,1018.27,712.76,975.25,0.0,0.0,693.32,144.17,750.67,163.51,559.18,742.89,0.0,895.5,17.53,590.37,774.73,0.0,815.36,208.89,28.51,28.21,28.39,28.22,36.0,36.0,27.39,23.96,27.4,24.18,28.15,28.12,36.0,25.92,23.76,28.1,28.2,36.0,26.85,23.86,0.023114,0.031288,0.022413,0.030001,0.0,0.0,0.01926,0.002864,0.020884,0.00331,0.017031,0.022553,0.0,0.021246,0.000343,0.017867,0.023767,0.0,0.021307,0.004117
2020-01-12 04:00:00,20.67,20.69,20.72,20.82,20.65,20.05,21.41,20.08,21.94,22.48,22.04,22.5,20.5,20.74,22.77,21.74,22.38,20.08,21.14,21.8,-5.85,0.0,1.0,1.0,1.0,1.0,0.0,0.0,0.868,0.179,1.0,1.0,1.0,1.0,0.0,1.0,0.103,1.0,1.0,0.0,0.95,1.0,36.0,21.0,23.0,696.61,980.75,686.17,942.39,0.0,0.0,698.75,149.44,747.76,163.02,558.59,742.29,0.0,865.08,17.79,589.49,774.36,0.0,809.58,207.79,28.79,28.5,28.68,28.49,36.0,36.0,27.32,23.52,27.43,24.22,28.15,28.13,36.0,26.26,23.58,28.11,28.21,36.0,26.91,23.93,0.023114,0.031288,0.022413,0.030001,0.0,0.0,0.01926,0.002864,0.020884,0.00331,0.017031,0.022553,0.0,0.021246,0.000343,0.017867,0.023767,0.0,0.021307,0.004117
2020-01-12 04:15:00,20.72,20.72,20.72,20.82,20.76,20.1,21.32,20.2,21.97,22.52,22.11,22.51,20.47,20.85,22.77,21.82,22.38,20.2,20.85,21.86,-5.96,0.0,1.0,1.0,1.0,1.0,1.0,1.0,1.0,1.0,1.0,1.0,1.0,1.0,1.0,0.959,1.0,1.0,1.0,1.0,0.08,1.0,36.0,21.0,23.0,723.17,1013.95,711.99,975.13,179.3,792.53,792.75,741.73,745.27,162.52,557.94,742.11,731.27,814.68,167.6,588.44,774.4,839.11,78.86,206.69,28.51,28.25,28.4,28.22,22.98,24.71,27.45,24.9,27.46,24.26,28.16,28.13,25.16,26.43,23.9,28.12,28.2,24.15,25.48,23.99,0.023114,0.031288,0.022413,0.030001,0.003296,0.0168,0.022187,0.015987,0.020884,0.00331,0.017031,0.022553,0.016137,0.020372,0.003314,0.017867,0.023767,0.016941,0.001793,0.004117
2020-01-12 04:30:00,20.72,20.73,20.73,20.83,20.99,20.41,21.42,20.51,21.99,22.55,22.12,22.51,20.75,20.94,22.83,21.85,22.37,20.48,20.32,21.92,-6.07,0.0,1.0,1.0,1.0,1.0,1.0,1.0,1.0,1.0,1.0,1.0,1.0,1.0,1.0,0.959,1.0,1.0,1.0,1.0,0.08,1.0,36.0,21.0,23.0,723.72,1013.88,712.65,975.75,179.74,710.75,784.19,677.71,743.05,162.03,556.92,741.83,660.33,804.76,164.03,586.99,774.35,745.45,87.66,205.68,28.51,28.25,28.39,28.22,22.95,25.88,27.54,25.86,27.49,24.29,28.18,28.13,26.21,26.55,24.16,28.14,28.21,25.47,24.31,24.05,0.023114,0.031288,0.022413,0.030001,0.003296,0.0168,0.022187,0.015987,0.020884,0.00331,0.017031,0.022553,0.016137,0.020372,0.003314,0.017867,0.023767,0.016941,0.001793,0.004117
2020-01-12 04:45:00,20.71,20.73,20.72,20.82,21.15,20.76,21.56,20.78,22.02,22.59,22.13,22.5,21.03,21.02,22.89,21.86,22.37,20.74,19.83,21.97,-6.18,0.0,1.0,1.0,1.0,1.0,1.0,1.0,1.0,1.0,1.0,1.0,1.0,1.0,1.0,0.959,1.0,1.0,1.0,1.0,0.08,1.0,36.0,21.0,23.0,723.79,1013.14,712.61,975.74,178.88,666.63,778.24,642.01,741.12,161.55,556.28,741.63,622.26,796.99,161.7,586.03,774.37,694.34,94.03,204.71,28.51,28.25,28.39,28.22,23.01,26.51,27.61,26.39,27.51,24.33,28.19,28.13,26.77,26.64,24.33,28.15,28.21,26.19,23.46,24.1,0.023114,0.031288,0.022413,0.030001,0.003296,0.0168,0.022187,0.015987,0.020884,0.00331,0.017031,0.022553,0.016137,0.020372,0.003314,0.017867,0.023767,0.016941,0.001793,0.004117
2020-01-12 05:00:00,20.7,20.72,20.7,20.81,21.27,20.97,21.67,20.95,22.04,22.63,22.13,22.5,21.24,21.08,22.94,21.86,22.37,20.92,19.46,22.03,-6.3,0.0,1.0,1.0,1.0,1.0,1.0,1.0,1.0,1.0,1.0,1.0,1.0,1.0,1.0,0.959,1.0,1.0,1.0,1.0,0.08,1.0,36.0,21.0,23.0,723.98,1012.56,712.68,975.92,178.2,639.98,773.77,619.96,739.38,161.08,555.79,741.47,599.38,790.69,160.03,585.29,774.41,663.27,99.0,203.79,28.51,28.26,28.39,28.22,23.06,26.89,27.66,26.72,27.53,24.36,28.19,28.13,27.11,26.71,24.45,28.16,28.2,26.63,22.79,24.16,0.023114,0.031288,0.022413,0.030001,0.003296,0.0168,0.022187,0.015987,0.020884,0.00331,0.017031,0.022553,0.016137,0.020372,0.003314,0.017867,0.023767,0.016941,0.001793,0.004117
2020-01-12 05:15:00,20.63,20.67,20.65,20.76,21.07,21.11,21.72,20.88,22.06,22.58,22.13,22.5,21.02,20.84,22.9,21.87,22.36,21.06,19.6,22.08,-6.41,0.0,1.0,1.0,1.0,1.0,0.0,1.0,1.0,0.378,1.0,0.0,1.0,1.0,0.0,0.182,0.0,1.0,1.0,1.0,1.0,1.0,36.0,21.0,23.0,697.24,976.91,686.9,943.47,0.0,623.61,770.36,255.03,737.78,0.0,555.33,741.2,0.0,169.61,0.0,584.62,774.33,643.89,1097.06,202.94,28.78,28.53,28.67,28.48,36.0,27.12,27.69,25.91,27.55,36.0,28.2,28.14,36.0,25.53,36.0,28.17,28.21,26.91,24.3,24.21,0.023114,0.031288,0.022413,0.030001,0.0,0.0168,0.022187,0.006046,0.020884,0.0,0.017031,0.022553,0.0,0.003877,0.0,0.017867,0.023767,0.016941,0.022431,0.004117
2020-01-12 05:30:00,20.66,20.7,20.67,20.77,20.95,21.07,21.8,20.62,22.07,22.5,22.14,22.5,20.7,20.46,22.82,21.87,22.36,21.13,19.98,22.13,-6.53,0.0,1.0,1.0,1.0,1.0,0.0,1.0,1.0,0.378,1.0,0.0,1.0,1.0,0.0,0.182,0.0,1.0,1.0,1.0,1.0,1.0,36.0,21.0,23.0,724.33,1011.45,712.72,976.28,0.0,612.78,768.23,270.98,736.41,0.0,555.15,741.21,0.0,185.15,0.0,584.24,774.55,630.2,997.08,202.07,28.5,28.27,28.39,28.21,36.0,27.27,27.72,25.28,27.56,36.0,28.2,28.14,36.0,24.57,36.0,28.18,28.2,27.1,25.37,24.26,0.023114,0.031288,0.022413,0.030001,0.0,0.0168,0.022187,0.006046,0.020884,0.0,0.017031,0.022553,0.0,0.003877,0.0,0.017867,0.023767,0.016941,0.022431,0.004117
2020-01-12 05:45:00,20.65,20.7,20.66,20.77,20.82,20.98,21.84,20.43,22.09,22.4,22.14,22.5,20.41,20.08,22.73,21.88,22.36,21.21,20.38,22.18,-6.64,0.0,1.0,1.0,1.0,1.0,0.0,1.0,1.0,0.378,1.0,0.0,1.0,1.0,0.0,0.182,0.0,1.0,1.0,1.0,1.0,1.0,36.0,21.0,23.0,725.1,1011.55,713.32,977.06,0.0,606.9,766.11,281.13,735.09,0.0,554.9,741.08,0.0,195.89,0.0,583.81,774.6,620.75,940.4,201.25,28.49,28.27,28.39,28.21,36.0,27.36,27.74,24.88,27.58,36.0,28.21,28.14,36.0,23.91,36.0,28.18,28.2,27.23,25.97,24.31,0.023114,0.031288,0.022413,0.030001,0.0,0.0168,0.022187,0.006046,0.020884,0.0,0.017031,0.022553,0.0,0.003877,0.0,0.017867,0.023767,0.016941,0.022431,0.004117
2020-01-12 06:00:00,20.59,20.64,20.59,20.72,20.74,20.95,21.84,20.26,22.09,22.3,22.12,22.47,20.13,19.78,22.63,21.86,22.33,21.26,20.61,22.23,-6.73,0.0,1.0,1.0,1.0,1.0,0.0,1.0,1.0,0.378,1.0,0.0,1.0,1.0,0.0,0.182,0.0,1.0,1.0,1.0,1.0,1.0,36.0,21.0,23.0,698.42,976.19,687.67,944.69,0.0,603.67,764.39,288.02,733.92,0.0,554.65,740.96,0.0,203.81,0.0,583.43,774.67,614.09,905.39,200.49,28.77,28.54,28.66,28.47,36.0,27.4,27.76,24.6,27.59,36.0,28.21,28.14,36.0,23.42,36.0,28.19,28.2,27.33,26.34,24.35,0.023114,0.031288,0.022413,0.030001,0.0,0.0168,0.022187,0.006046,0.020884,0.0,0.017031,0.022553,0.0,0.003877,0.0,0.017867,0.023767,0.016941,0.022431,0.004117
2020-01-12 06:15:00,20.54,20.59,20.55,20.67,20.86,20.78,21.85,20.37,22.08,22.21,22.1,22.45,20.31,19.9,22.55,21.85,22.3,20.96,20.76,22.28,-6.83,0.0,1.0,1.0,1.0,1.0,1.0,1.0,1.0,1.0,1.0,0.0,1.0,1.0,1.0,1.0,0.0,1.0,1.0,0.0,1.0,1.0,36.0,21.0,23.0,699.82,977.86,689.13,946.12,178.55,600.72,763.63,696.55,733.16,0.0,554.78,741.45,773.86,1008.13,0.0,583.46,775.4,0.0,882.26,199.73,28.76,28.52,28.64,28.46,23.04,27.45,27.77,25.58,27.6,36.0,28.21,28.13,24.53,24.65,36.0,28.19,28.19,36.0,26.59,24.39,0.023114,0.031288,0.022413,0.030001,0.003296,0.0168,0.022187,0.015987,0.020884,0.0,0.017031,0.022553,0.016137,0.021246,0.0,0.017867,0.023767,0.0,0.022431,0.004117
2020-01-12 06:30:00,20.56,20.61,20.56,20.68,21.04,20.95,21.66,20.61,22.08,22.15,22.09,22.42,20.47,20.18,22.48,21.84,22.27,20.67,20.85,22.32,-6.92,0.0,1.0,1.0,1.0,1.0,1.0,1.0,1.0,1.0,1.0,0.0,1.0,1.0,1.0,1.0,0.0,1.0,1.0,0.0,1.0,1.0,36.0,21.0,23.0,728.23,1014.6,716.55,980.95,180.64,599.81,763.84,651.34,732.72,0.0,555.17,742.39,693.48,931.07,0.0,583.77,776.62,0.0,866.15,198.97,28.46,28.24,28.35,28.18,22.89,27.46,27.76,26.25,27.61,36.0,28.2,28.13,25.72,25.52,36.0,28.18,28.18,36.0,26.76,24.44,0.023114,0.031288,0.022413,0.030001,0.003296,0.0168,0.022187,0.015987,0.020884,0.0,0.017031,0.022553,0.016137,0.021246,0.0,0.017867,0.023767,0.0,0.022431,0.004117
2020-01-12 06:45:00,20.55,20.6,20.54,20.66,21.15,21.04,21.48,20.79,22.07,22.07,22.07,22.39,20.72,20.48,22.41,21.82,22.23,20.31,20.93,22.37,-7.02,0.0,1.0,1.0,1.0,1.0,1.0,1.0,1.0,1.0,1.0,0.0,1.0,1.0,1.0,1.0,0.0,1.0,1.0,0.0,1.0,1.0,36.0,21.0,23.0,729.9,1016.54,718.3,982.85,180.7,597.28,766.28,625.95,732.33,0.0,555.5,743.25,650.57,887.65,0.0,584.05,777.76,0.0,855.01,198.24,28.45,28.23,28.33,28.16,22.88,27.49,27.74,26.63,27.61,36.0,28.2,28.12,26.35,26.01,36.0,28.18,28.17,36.0,26.88,24.48,0.023114,0.031288,0.022413,0.030001,0.003296,0.0168,0.022187,0.015987,0.020884,0.0,0.017031,0.022553,0.016137,0.021246,0.0,0.017867,0.023767,0.0,0.022431,0.004117
2020-01-12 07:00:00,20.49,20.56,20.49,20.62,21.2,21.13,21.44,20.94,22.09,21.99,22.08,22.41,20.92,20.69,22.33,21.83,22.25,20.03,21.02,22.42,-7.09,0.0,1.0,1.0,1.0,1.0,1.0,1.0,1.0,1.0,1.0,0.0,1.0,1.0,1.0,1.0,0.0,1.0,1.0,0.0,1.0,1.0,36.0,21.0,23.0,703.47,981.68,692.88,950.87,180.28,594.48,769.23,610.55,731.83,0.0,555.63,743.75,625.45,860.8,0.0,584.1,778.46,0.0,846.87,197.57,28.72,28.49,28.6,28.42,22.91,27.53,27.71,26.86,27.62,36.0,28.2,28.11,26.73,26.31,36.0,28.18,28.16,36.0,26.97,24.52,0.023114,0.031288,0.022413,0.030001,0.003296,0.0168,0.022187,0.015987,0.020884,0.0,0.017031,0.022553,0.016137,0.021246,0.0,0.017867,0.023767,0.0,0.022431,0.004117
2020-01-12 07:15:00,20.47,20.55,20.48,20.6,20.99,21.02,21.28,21.02,22.12,21.92,22.1,22.44,20.96,20.84,22.26,21.85,22.28,20.31,20.85,22.46,-7.16,0.0,1.0,1.0,1.0,1.0,0.0,0.303,1.0,1.0,1.0,0.0,1.0,1.0,0.742,1.0,0.0,1.0,1.0,1.0,0.388,1.0,36.0,21.0,23.0,704.25,981.96,693.34,951.5,0.0,203.72,770.05,599.79,731.05,0.0,555.53,743.66,471.64,842.42,0.0,583.89,778.47,829.02,360.71,196.9,28.71,28.49,28.6,28.41,36.0,26.43,27.7,27.02,27.63,36.0,28.2,28.11,26.57,26.51,36.0,28.18,28.16,24.29,26.07,24.56,0.023114,0.031288,0.022413,0.030001,0.0,0.005094,0.022187,0.015987,0.020884,0.0,0.017031,0.022553,0.011971,0.021246,0.0,0.017867,0.023767,0.016941,0.008693,0.004117
2020-01-12 07:30:00,20.47,20.56,20.48,20.59,20.92,20.72,21.49,21.06,22.15,21.85,22.12,22.48,20.93,20.96,22.19,21.88,22.32,20.44,20.56,22.5,-7.24,0.0,1.0,1.0,1.0,1.0,0.0,0.303,1.0,1.0,1.0,0.0,1.0,1.0,0.742,1.0,0.0,1.0,1.0,1.0,0.388,1.0,36.0,21.0,23.0,705.25,982.43,694.02,952.78,0.0,221.43,772.53,592.21,730.04,0.0,555.21,743.09,477.28,829.27,0.0,583.43,777.92,737.94,385.59,196.25,28.7,28.49,28.59,28.4,36.0,25.6,27.67,27.14,27.64,36.0,28.2,28.12,26.46,26.66,36.0,28.19,28.17,25.58,25.39,24.6,0.023114,0.031288,0.022413,0.030001,0.0,0.005094,0.022187,0.015987,0.020884,0.0,0.017031,0.022553,0.011971,0.021246,0.0,0.017867,0.023767,0.016941,0.008693,0.004117
2020-01-12 07:45:00,20.52,20.62,20.54,20.64,20.91,20.55,21.6,21.11,22.19,21.8,22.15,22.52,20.85,21.05,22.14,21.91,22.36,20.77,20.36,22.54,-7.31,0.0,1.0,1.0,1.0,1.0,0.0,0.303,1.0,1.0,1.0,0.0,1.0,1.0,0.742,1.0,0.0,1.0,1.0,1.0,0.388,1.0,36.0,21.0,23.0,732.25,1016.36,719.47,985.38,0.0,233.53,770.55,586.67,728.79,0.0,554.71,742.04,480.01,819.02,0.0,582.75,776.8,688.54,402.55,195.58,28.42,28.23,28.32,28.14,36.0,25.03,27.69,27.22,27.65,36.0,28.21,28.13,26.41,26.78,36.0,28.2,28.18,26.28,24.92,24.63,0.023114,0.031288,0.022413,0.030001,0.0,0.005094,0.022187,0.015987,0.020884,0.0,0.017031,0.022553,0.011971,0.021246,0.0,0.017867,0.023767,0.016941,0.008693,0.004117
2020-01-12 08:00:00,20.48,20.59,20.51,20.62,20.88,20.37,21.69,21.16,22.21,21.72,22.16,22.54,20.81,21.14,22.06,21.92,22.38,20.99,20.13,22.58,-7.35,0.0,1.0,1.0,1.0,1.0,0.0,0.303,1.0,1.0,1.0,0.0,1.0,1.0,0.742,1.0,0.0,1.0,1.0,1.0,0.388,1.0,36.0,21.0,23.0,705.22,980.67,693.44,952.46,0.0,241.75,767.77,582.4,727.51,0.0,554.08,740.86,481.56,811.28,0.0,581.96,775.58,659.14,414.07,194.98,28.7,28.5,28.6,28.4,36.0,24.65,27.72,27.28,27.67,36.0,28.22,28.14,26.38,26.86,36.0,28.21,28.19,26.69,24.61,24.67,0.023114,0.031288,0.022413,0.030001,0.0,0.005094,0.022187,0.015987,0.020884,0.0,0.017031,0.022553,0.011971,0.021246,0.0,0.017867,0.023767,0.016941,0.008693,0.004117
2020-01-12 08:15:00,20.52,20.63,20.55,20.64,21.03,20.5,21.56,20.93,22.23,21.67,22.18,22.22,20.83,20.9,22.01,21.94,22.41,20.96,20.27,22.51,-7.38,4.3,1.0,1.0,1.0,1.0,1.0,1.0,0.085,0.116,1.0,0.0,1.0,0.0,1.0,0.102,0.0,1.0,1.0,0.671,1.0,0.0,36.0,21.0,23.0,731.02,1013.7,717.94,983.91,183.8,720.28,75.79,78.63,726.26,0.0,553.54,0.0,622.42,95.41,0.0,581.25,774.45,454.76,983.74,0.0,28.43,28.25,28.34,28.15,22.66,25.74,26.34,25.87,27.68,36.0,28.22,36.0,26.77,25.5,36.0,28.22,28.2,26.43,25.51,36.0,0.023114,0.031288,0.022413,0.030001,0.003296,0.0168,0.001877,0.001856,0.020884,0.0,0.017031,0.0,0.016137,0.002173,0.0,0.017867,0.023767,0.011363,0.022431,0.0
2020-01-12 08:30:00,20.56,20.89,20.87,20.7,21.12,20.8,21.39,20.84,22.26,21.6,22.21,21.86,21.21,20.45,21.94,21.98,22.66,21.08,20.61,22.37,-7.42,88.0,1.0,1.0,1.0,1.0,1.0,1.0,0.085,0.116,1.0,0.0,1.0,0.0,1.0,0.102,0.0,1.0,1.0,0.671,1.0,0.0,36.0,21.0,23.0,729.15,962.22,665.81,982.44,185.04,667.16,83.16,85.49,724.53,0.0,552.31,0.0,589.93,105.36,0.0,579.72,758.35,454.09,922.54,0.0,28.45,28.64,28.89,28.17,22.57,26.5,25.4,24.98,27.7,36.0,28.24,36.0,27.25,24.4,36.0,28.24,28.37,26.44,26.16,36.0,0.023114,0.031288,0.022413,0.030001,0.003296,0.0168,0.001877,0.001856,0.020884,0.0,0.017031,0.0,0.016137,0.002173,0.0,0.017867,0.023767,0.011363,0.022431,0.0
2020-01-12 08:45:00,20.6,21.12,21.23,20.8,21.12,21.14,21.39,20.9,22.29,21.54,22.25,21.73,21.67,20.03,21.88,22.04,23.03,21.34,20.84,22.23,-7.45,171.7,1.0,1.0,1.0,1.0,1.0,1.0,0.085,0.116,1.0,0.0,1.0,0.0,1.0,0.102,0.0,1.0,1.0,0.671,1.0,0.0,36.0,21.0,23.0,726.26,920.44,612.29,978.42,185.09,636.6,86.7,87.5,722.42,0.0,550.5,0.0,550.83,112.32,0.0,577.49,729.41,437.87,886.03,0.0,28.48,28.96,29.46,28.2,22.56,26.93,24.95,24.72,27.72,36.0,28.27,36.0,27.83,23.63,36.0,28.27,28.66,26.78,26.55,36.0,0.023114,0.031288,0.022413,0.030001,0.003296,0.0168,0.001877,0.001856,0.020884,0.0,0.017031,0.0,0.016137,0.002173,0.0,0.017867,0.023767,0.011363,0.022431,0.0
2020-01-12 09:00:00,20.66,21.33,21.58,20.93,21.18,21.46,21.48,21.11,22.33,21.48,22.3,21.69,22.16,19.77,21.82,22.1,23.37,21.78,21.03,22.11,-7.36,255.3,1.0,1.0,1.0,1.0,1.0,1.0,0.085,0.116,1.0,0.0,1.0,0.0,1.0,0.102,0.0,1.0,1.0,0.671,1.0,0.0,36.0,21.0,23.0,722.74,887.39,558.36,973.17,185.14,616.11,88.17,86.41,719.94,0.0,548.21,0.0,506.9,117.5,0.0,574.72,696.74,411.78,861.69,0.0,28.52,29.21,30.04,28.24,22.56,27.23,24.76,24.86,27.75,36.0,28.3,36.0,28.48,23.06,36.0,28.3,28.99,27.33,26.81,36.0,0.023114,0.031288,0.022413,0.030001,0.003296,0.0168,0.001877,0.001856,0.020884,0.0,0.017031,0.0,0.016137,0.002173,0.0,0.017867,0.023767,0.011363,0.022431,0.0
2020-01-12 09:15:00,20.74,20.77,21.17,20.92,21.0,21.46,21.58,21.38,22.05,21.42,21.98,21.7,22.39,19.93,21.76,21.75,23.37,22.05,20.91,22.0,-7.27,339.0,1.0,0.227,0.0,1.0,0.0,0.0,0.0,0.0,0.0,0.0,0.0,0.0,0.0,1.0,0.0,0.0,0.0,0.0,0.262,0.0,36.0,21.0,23.0,718.7,283.61,0.0,967.03,0.0,0.0,0.0,0.0,0.0,0.0,0.0,0.0,0.0,1023.1,0.0,0.0,0.0,0.0,251.03,0.0,28.56,26.46,36.0,28.29,36.0,36.0,36.0,36.0,36.0,36.0,36.0,36.0,36.0,24.48,36.0,36.0,36.0,36.0,25.78,36.0,0.023114,0.007108,0.0,0.030001,0.0,0.0,0.0,0.0,0.0,0.0,0.0,0.0,0.0,0.021246,0.0,0.0,0.0,0.0,0.005879,0.0
2020-01-12 09:30:00,20.74,20.65,21.25,20.88,21.07,21.28,21.62,21.57,21.59,21.36,21.49,21.68,22.36,20.3,21.7,21.18,23.13,22.17,20.63,21.9,-7.18,368.6,1.0,0.227,0.0,1.0,0.0,0.0,0.0,0.0,0.0,0.0,0.0,0.0,0.0,1.0,0.0,0.0,0.0,0.0,0.262,0.0,36.0,21.0,23.0,716.1,284.02,0.0,967.94,0.0,0.0,0.0,0.0,0.0,0.0,0.0,0.0,0.0,933.58,0.0,0.0,0.0,0.0,270.75,0.0,28.59,26.44,36.0,28.28,36.0,36.0,36.0,36.0,36.0,36.0,36.0,36.0,36.0,25.49,36.0,36.0,36.0,36.0,24.98,36.0,0.023114,0.007108,0.0,0.030001,0.0,0.0,0.0,0.0,0.0,0.0,0.0,0.0,0.0,0.021246,0.0,0.0,0.0,0.0,0.005879,0.0
2020-01-12 09:45:00,20.79,20.6,21.48,20.93,21.17,21.12,21.62,21.83,21.15,21.3,21.06,21.62,22.35,20.71,21.64,20.69,22.8,22.3,20.31,21.79,-7.09,398.2,1.0,0.227,0.0,1.0,0.0,0.0,0.0,0.0,0.0,0.0,0.0,0.0,0.0,1.0,0.0,0.0,0.0,0.0,0.262,0.0,36.0,21.0,23.0,713.24,289.75,0.0,965.14,0.0,0.0,0.0,0.0,0.0,0.0,0.0,0.0,0.0,881.64,0.0,0.0,0.0,0.0,283.69,0.0,28.62,26.25,36.0,28.3,36.0,36.0,36.0,36.0,36.0,36.0,36.0,36.0,36.0,26.07,36.0,36.0,36.0,36.0,24.46,36.0,0.023114,0.007108,0.0,0.030001,0.0,0.0,0.0,0.0,0.0,0.0,0.0,0.0,0.0,0.021246,0.0,0.0,0.0,0.0,0.005879,0.0
2020-01-12 10:00:00,20.85,20.54,21.72,21.0,21.29,21.03,21.64,22.12,20.83,21.24,20.73,21.55,22.46,21.0,21.58,20.29,22.49,22.5,20.12,21.69,-7.02,427.9,1.0,0.227,0.0,1.0,0.0,0.0,0.0,0.0,0.0,0.0,0.0,0.0,0.0,1.0,0.0,0.0,0.0,0.0,0.262,0.0,36.0,21.0,23.0,709.71,296.22,0.0,961.05,0.0,0.0,0.0,0.0,0.0,0.0,0.0,0.0,0.0,846.98,0.0,0.0,0.0,0.0,293.0,0.0,28.65,26.03,36.0,28.34,36.0,36.0,36.0,36.0,36.0,36.0,36.0,36.0,36.0,26.46,36.0,36.0,36.0,36.0,24.08,36.0,0.023114,0.007108,0.0,0.030001,0.0,0.0,0.0,0.0,0.0,0.0,0.0,0.0,0.0,0.021246,0.0,0.0,0.0,0.0,0.005879,0.0
2020-01-12 10:15:00,20.9,21.18,21.91,20.94,21.44,21.04,21.67,22.43,20.94,21.18,20.89,21.44,22.62,20.93,21.52,20.5,22.24,22.72,20.32,21.6,-6.95,457.5,1.0,1.0,0.0,0.687,0.0,0.0,0.0,0.0,0.959,0.0,1.0,0.0,0.0,0.214,0.0,1.0,0.0,0.0,1.0,0.093,36.0,21.0,23.0,706.07,918.92,0.0,748.35,0.0,0.0,0.0,0.0,919.9,0.0,749.06,0.0,0.0,200.45,0.0,798.75,0.0,0.0,1007.06,22.19,28.69,28.97,36.0,27.32,36.0,36.0,36.0,36.0,25.01,36.0,25.48,36.0,36.0,25.46,36.0,25.3,36.0,36.0,25.26,22.21,0.023114,0.031288,0.0,0.020616,0.0,0.0,0.0,0.0,0.020027,0.0,0.017031,0.0,0.0,0.004552,0.0,0.017867,0.0,0.0,0.022431,0.000385
2020-01-12 10:30:00,20.95,21.35,22.12,21.04,21.59,21.09,21.69,22.74,21.28,21.12,21.3,21.29,22.82,20.66,21.46,20.98,21.98,22.94,20.73,21.53,-6.88,477.6,1.0,1.0,0.0,0.687,0.0,0.0,0.0,0.0,0.959,0.0,1.0,0.0,0.0,0.214,0.0,1.0,0.0,0.0,1.0,0.093,36.0,21.0,23.0,703.1,947.84,0.0,741.83,0.0,0.0,0.0,0.0,838.65,0.0,667.71,0.0,0.0,215.36,0.0,707.6,0.0,0.0,927.95,22.3,28.72,28.75,36.0,27.39,36.0,36.0,36.0,36.0,25.98,36.0,26.62,36.0,36.0,24.68,36.0,26.53,36.0,36.0,26.1,22.14,0.023114,0.031288,0.0,0.020616,0.0,0.0,0.0,0.0,0.020027,0.0,0.017031,0.0,0.0,0.004552,0.0,0.017867,0.0,0.0,0.022431,0.000385
2020-01-12 10:45:00,21.02,21.32,22.33,21.12,21.76,21.17,21.72,23.04,21.6,21.06,21.67,21.11,23.04,20.4,21.4,21.42,21.71,23.16,21.11,21.46,-6.8,497.7,1.0,1.0,0.0,0.687,0.0,0.0,0.0,0.0,0.959,0.0,1.0,0.0,0.0,0.214,0.0,1.0,0.0,0.0,1.0,0.093,36.0,21.0,23.0,699.79,965.98,0.0,738.84,0.0,0.0,0.0,0.0,792.11,0.0,622.81,0.0,0.0,225.13,0.0,656.95,0.0,0.0,880.55,22.41,28.76,28.61,36.0,27.43,36.0,36.0,36.0,36.0,26.54,36.0,27.25,36.0,36.0,24.17,36.0,27.2,36.0,36.0,26.61,22.07,0.023114,0.031288,0.0,0.020616,0.0,0.0,0.0,0.0,0.020027,0.0,0.017031,0.0,0.0,0.004552,0.0,0.017867,0.0,0.0,0.022431,0.000385
2020-01-12 11:00:00,21.08,21.3,22.53,21.21,21.93,21.27,21.76,23.36,21.86,21.0,21.96,20.91,23.27,20.26,21.34,21.75,21.42,23.39,21.39,21.39,-6.73,517.7,1.0,1.0,0.0,0.687,0.0,0.0,0.0,0.0,0.959,0.0,1.0,0.0,0.0,0.214,0.0,1.0,0.0,0.0,1.0,0.093,36.0,21.0,23.0,696.33,983.36,0.0,735.87,0.0,0.0,0.0,0.0,761.95,0.0,594.61,0.0,0.0,232.02,0.0,624.94,0.0,0.0,848.44,22.53,28.79,28.48,36.0,27.46,36.0,36.0,36.0,36.0,26.9,36.0,27.65,36.0,36.0,23.81,36.0,27.63,36.0,36.0,26.95,21.99,0.023114,0.031288,0.0,0.020616,0.0,0.0,0.0,0.0,0.020027,0.0,0.017031,0.0,0.0,0.004552,0.0,0.017867,0.0,0.0,0.022431,0.000385
2020-01-12 11:15:00,20.89,20.45,22.53,20.75,22.13,21.42,21.83,23.68,21.74,21.0,21.81,20.99,23.53,20.44,21.29,21.59,21.18,23.61,21.24,21.41,-6.66,537.8,0.73,0.232,0.0,0.089,0.0,0.0,0.0,0.0,0.0,0.707,0.0,0.747,0.0,1.0,0.0,0.0,0.0,0.0,0.0,1.0,36.0,21.0,23.0,570.67,336.19,0.0,129.62,0.0,0.0,0.0,0.0,0.0,140.39,0.0,815.81,0.0,972.04,0.0,0.0,0.0,0.0,0.0,230.99,27.91,24.93,36.0,24.4,36.0,36.0,36.0,36.0,36.0,21.66,36.0,24.42,36.0,25.05,36.0,36.0,36.0,36.0,36.0,22.58,0.016867,0.007267,0.0,0.002673,0.0,0.0,0.0,0.0,0.0,0.002342,0.0,0.016855,0.0,0.021246,0.0,0.0,0.0,0.0,0.0,0.004117
2020-01-12 11:30:00,20.78,20.11,22.5,20.56,22.32,21.57,21.89,23.97,21.33,21.05,21.35,21.29,23.75,20.87,21.23,21.04,20.91,23.81,20.79,21.53,-6.59,538.9,0.73,0.232,0.0,0.089,0.0,0.0,0.0,0.0,0.0,0.707,0.0,0.747,0.0,1.0,0.0,0.0,0.0,0.0,0.0,1.0,36.0,21.0,23.0,570.35,338.29,0.0,130.79,0.0,0.0,0.0,0.0,0.0,137.42,0.0,748.41,0.0,893.02,0.0,0.0,0.0,0.0,0.0,223.16,27.91,24.86,36.0,24.29,36.0,36.0,36.0,36.0,36.0,21.96,36.0,25.38,36.0,25.94,36.0,36.0,36.0,36.0,36.0,23.03,0.016867,0.007267,0.0,0.002673,0.0,0.0,0.0,0.0,0.0,0.002342,0.0,0.016855,0.0,0.021246,0.0,0.0,0.0,0.0,0.0,0.004117
2020-01-12 11:45:00,20.78,19.99,22.56,20.53,22.49,21.68,21.94,24.25,21.06,21.12,21.0,21.58,23.97,21.33,21.17,20.64,20.69,24.0,20.39,21.65,-6.52,539.9,0.73,0.232,0.0,0.089,0.0,0.0,0.0,0.0,0.0,0.707,0.0,0.747,0.0,1.0,0.0,0.0,0.0,0.0,0.0,1.0,36.0,21.0,23.0,571.62,342.71,0.0,131.84,0.0,0.0,0.0,0.0,0.0,135.41,0.0,708.29,0.0,842.96,0.0,0.0,0.0,0.0,0.0,217.9,27.89,24.72,36.0,24.2,36.0,36.0,36.0,36.0,36.0,22.17,36.0,25.95,36.0,26.51,36.0,36.0,36.0,36.0,36.0,23.34,0.016867,0.007267,0.0,0.002673,0.0,0.0,0.0,0.0,0.0,0.002342,0.0,0.016855,0.0,0.021246,0.0,0.0,0.0,0.0,0.0,0.004117
2020-01-12 12:00:00,20.78,19.9,22.62,20.53,22.64,21.78,21.98,24.48,20.88,21.17,20.71,21.78,24.15,21.68,21.11,20.3,20.48,24.15,20.18,21.74,-6.49,541.0,0.73,0.232,0.0,0.089,0.0,0.0,0.0,0.0,0.0,0.707,0.0,0.747,0.0,1.0,0.0,0.0,0.0,0.0,0.0,1.0,36.0,21.0,23.0,572.78,346.32,0.0,131.68,0.0,0.0,0.0,0.0,0.0,133.95,0.0,681.95,0.0,804.41,0.0,0.0,0.0,0.0,0.0,214.09,27.88,24.6,36.0,24.21,36.0,36.0,36.0,36.0,36.0,22.32,36.0,26.32,36.0,26.94,36.0,36.0,36.0,36.0,36.0,23.56,0.016867,0.007267,0.0,0.002673,0.0,0.0,0.0,0.0,0.0,0.002342,0.0,0.016855,0.0,0.021246,0.0,0.0,0.0,0.0,0.0,0.004117
2020-01-12 12:15:00,21.05,20.6,22.89,21.18,22.79,21.85,22.01,24.7,20.99,21.15,20.86,21.64,24.32,21.66,21.06,20.48,20.7,24.27,20.48,21.82,-6.45,542.0,1.0,1.0,0.0,1.0,0.0,0.0,0.0,0.0,0.518,0.0,1.0,0.0,0.0,0.0,0.0,1.0,1.0,0.0,1.0,1.0,36.0,21.0,23.0,696.8,1035.09,0.0,938.1,0.0,0.0,0.0,0.0,532.53,0.0,759.68,0.0,0.0,0.0,0.0,808.93,1134.6,0.0,1051.17,211.2,28.79,28.09,36.0,28.52,36.0,36.0,36.0,36.0,24.23,36.0,25.33,36.0,36.0,36.0,36.0,25.17,24.58,36.0,24.79,23.73,0.023114,0.031288,0.0,0.030001,0.0,0.0,0.0,0.0,0.010827,0.0,0.017031,0.0,0.0,0.0,0.0,0.017867,0.023767,0.0,0.022431,0.004117
2020-01-12 12:30:00,21.26,21.0,23.24,21.66,22.95,21.94,22.05,24.87,21.28,21.09,21.26,21.31,24.41,21.44,21.01,20.96,21.21,24.34,21.15,21.9,-6.41,538.2,1.0,1.0,0.0,1.0,0.0,0.0,0.0,0.0,0.518,0.0,1.0,0.0,0.0,0.0,0.0,1.0,1.0,0.0,1.0,1.0,36.0,21.0,23.0,696.24,1046.31,0.0,935.99,0.0,0.0,0.0,0.0,499.79,0.0,674.35,0.0,0.0,0.0,0.0,713.56,993.91,0.0,920.97,208.94,28.79,28.0,36.0,28.54,36.0,36.0,36.0,36.0,24.96,36.0,26.53,36.0,36.0,36.0,36.0,26.45,26.0,36.0,26.18,23.86,0.023114,0.031288,0.0,0.030001,0.0,0.0,0.0,0.0,0.010827,0.0,0.017031,0.0,0.0,0.0,0.0,0.017867,0.023767,0.0,0.022431,0.004117
2020-01-12 12:45:00,21.35,21.08,23.4,21.81,23.06,21.98,22.04,25.03,21.61,21.01,21.64,21.02,24.51,21.26,20.95,21.4,21.67,24.38,21.84,21.96,-6.38,534.3,1.0,1.0,0.0,1.0,0.0,0.0,0.0,0.0,0.518,0.0,1.0,0.0,0.0,0.0,0.0,1.0,1.0,0.0,1.0,1.0,36.0,21.0,23.0,694.85,1046.0,0.0,913.41,0.0,0.0,0.0,0.0,473.99,0.0,627.38,0.0,0.0,0.0,0.0,660.78,913.89,0.0,833.97,207.1,28.81,28.0,36.0,28.72,36.0,36.0,36.0,36.0,25.53,36.0,27.19,36.0,36.0,36.0,36.0,27.15,26.8,36.0,27.11,23.97,0.023114,0.031288,0.0,0.030001,0.0,0.0,0.0,0.0,0.010827,0.0,0.017031,0.0,0.0,0.0,0.0,0.017867,0.023767,0.0,0.022431,0.004117
2020-01-12 13:00:00,21.41,21.13,23.48,21.93,23.15,22.01,22.02,25.15,21.98,20.93,21.92,20.77,24.57,21.25,20.89,21.73,22.02,24.4,22.43,22.02,-6.37,530.4,1.0,1.0,0.0,1.0,0.0,0.0,0.0,0.0,0.518,0.0,1.0,0.0,0.0,0.0,0.0,1.0,1.0,0.0,1.0,1.0,36.0,21.0,23.0,695.04,1049.59,0.0,895.03,0.0,0.0,0.0,0.0,450.97,0.0,598.51,0.0,0.0,0.0,0.0,628.2,863.69,0.0,767.02,205.56,28.81,27.97,36.0,28.86,36.0,36.0,36.0,36.0,26.04,36.0,27.59,36.0,36.0,36.0,36.0,27.59,27.31,36.0,27.82,24.05,0.023114,0.031288,0.0,0.030001,0.0,0.0,0.0,0.0,0.010827,0.0,0.017031,0.0,0.0,0.0,0.0,0.017867,0.023767,0.0,0.022431,0.004117
2020-01-12 13:15:00,21.47,20.68,23.56,22.0,23.25,22.04,22.0,25.26,22.16,20.95,21.71,20.95,24.62,21.33,20.91,21.5,21.86,24.41,22.6,22.08,-6.37,526.6,1.0,0.411,0.0,1.0,0.0,0.0,0.0,0.0,0.0,1.0,0.0,1.0,0.0,0.0,1.0,0.0,0.0,0.0,0.0,1.0,36.0,21.0,23.0,691.34,559.36,0.0,850.13,0.0,0.0,0.0,0.0,0.0,194.91,0.0,1046.41,0.0,0.0,197.9,0.0,0.0,0.0,0.0,204.22,28.84,25.6,36.0,29.22,36.0,36.0,36.0,36.0,36.0,21.91,36.0,24.9,36.0,36.0,21.72,36.0,36.0,36.0,36.0,24.13,0.023114,0.012866,0.0,0.030001,0.0,0.0,0.0,0.0,0.0,0.00331,0.0,0.022553,0.0,0.0,0.003314,0.0,0.0,0.0,0.0,0.004117
2020-01-12 13:30:00,21.48,20.63,23.52,22.04,23.32,22.04,21.96,25.33,22.21,21.04,21.23,21.38,24.64,21.46,21.01,20.93,21.36,24.38,22.56,22.14,-6.36,514.3,1.0,0.411,0.0,1.0,0.0,0.0,0.0,0.0,0.0,1.0,0.0,1.0,0.0,0.0,1.0,0.0,0.0,0.0,0.0,1.0,36.0,21.0,23.0,688.77,551.88,0.0,829.72,0.0,0.0,0.0,0.0,0.0,189.45,0.0,932.33,0.0,0.0,191.69,0.0,0.0,0.0,0.0,203.02,28.87,25.74,36.0,29.38,36.0,36.0,36.0,36.0,36.0,22.31,36.0,26.11,36.0,36.0,22.16,36.0,36.0,36.0,36.0,24.2,0.023114,0.012866,0.0,0.030001,0.0,0.0,0.0,0.0,0.0,0.00331,0.0,0.022553,0.0,0.0,0.003314,0.0,0.0,0.0,0.0,0.004117
2020-01-12 13:45:00,21.49,20.62,23.46,21.96,23.38,22.02,21.9,25.37,22.31,21.15,20.86,21.75,24.62,21.63,21.13,20.5,20.96,24.32,22.53,22.19,-6.35,502.1,1.0,0.411,0.0,1.0,0.0,0.0,0.0,0.0,0.0,1.0,0.0,1.0,0.0,0.0,1.0,0.0,0.0,0.0,0.0,1.0,36.0,21.0,23.0,686.0,548.37,0.0,879.62,0.0,0.0,0.0,0.0,0.0,185.75,0.0,867.63,0.0,0.0,187.46,0.0,0.0,0.0,0.0,201.94,28.9,25.8,36.0,28.99,36.0,36.0,36.0,36.0,36.0,22.58,36.0,26.8,36.0,36.0,22.47,36.0,36.0,36.0,36.0,24.27,0.023114,0.012866,0.0,0.030001,0.0,0.0,0.0,0.0,0.0,0.00331,0.0,0.022553,0.0,0.0,0.003314,0.0,0.0,0.0,0.0,0.004117
2020-01-12 14:00:00,21.47,20.57,23.36,21.83,23.42,21.99,21.83,25.39,22.46,21.23,20.56,22.04,24.57,21.83,21.23,20.15,20.64,24.23,22.59,22.24,-6.38,489.9,1.0,0.411,0.0,1.0,0.0,0.0,0.0,0.0,0.0,1.0,0.0,1.0,0.0,0.0,1.0,0.0,0.0,0.0,0.0,1.0,36.0,21.0,23.0,684.06,544.88,0.0,922.87,0.0,0.0,0.0,0.0,0.0,183.03,0.0,826.66,0.0,0.0,184.35,0.0,0.0,0.0,0.0,200.95,28.92,25.87,36.0,28.64,36.0,36.0,36.0,36.0,36.0,22.77,36.0,27.23,36.0,36.0,22.69,36.0,36.0,36.0,36.0,24.32,0.023114,0.012866,0.0,0.030001,0.0,0.0,0.0,0.0,0.0,0.00331,0.0,0.022553,0.0,0.0,0.003314,0.0,0.0,0.0,0.0,0.004117
2020-01-12 14:15:00,21.45,21.0,23.25,21.8,23.45,21.94,21.74,25.38,22.66,21.31,20.73,21.87,24.51,22.06,21.31,20.36,20.83,24.12,22.72,22.29,-6.4,477.6,1.0,1.0,0.0,1.0,0.0,0.0,0.0,0.0,0.0,1.0,1.0,0.0,0.0,0.0,1.0,1.0,1.0,0.0,0.0,1.0,36.0,21.0,23.0,682.73,1003.8,0.0,932.99,0.0,0.0,0.0,0.0,0.0,180.95,769.25,0.0,0.0,0.0,181.97,818.65,1086.65,0.0,0.0,200.02,28.93,28.32,36.0,28.56,36.0,36.0,36.0,36.0,36.0,22.92,25.19,36.0,36.0,36.0,22.87,25.04,25.06,36.0,36.0,24.38,0.023114,0.031288,0.0,0.030001,0.0,0.0,0.0,0.0,0.0,0.00331,0.017031,0.0,0.0,0.0,0.003314,0.017867,0.023767,0.0,0.0,0.004117
2020-01-12 14:30:00,21.48,21.16,23.19,21.84,23.45,21.87,21.64,25.33,22.86,21.37,21.14,21.4,24.4,22.28,21.38,20.85,21.29,23.98,22.87,22.34,-6.43,456.6,1.0,1.0,0.0,1.0,0.0,0.0,0.0,0.0,0.0,1.0,1.0,0.0,0.0,0.0,1.0,1.0,1.0,0.0,0.0,1.0,36.0,21.0,23.0,681.17,1001.96,0.0,918.59,0.0,0.0,0.0,0.0,0.0,179.29,683.98,0.0,0.0,0.0,180.08,723.29,967.43,0.0,0.0,199.16,28.95,28.34,36.0,28.67,36.0,36.0,36.0,36.0,36.0,23.04,26.39,36.0,36.0,36.0,23.0,26.32,26.26,36.0,36.0,24.43,0.023114,0.031288,0.0,0.030001,0.0,0.0,0.0,0.0,0.0,0.00331,0.017031,0.0,0.0,0.0,0.003314,0.017867,0.023767,0.0,0.0,0.004117
2020-01-12 14:45:00,21.48,21.19,23.08,21.84,23.43,21.78,21.51,25.25,23.07,21.44,21.49,21.03,24.26,22.5,21.44,21.26,21.7,23.8,23.04,22.38,-6.45,435.6,1.0,1.0,0.0,1.0,0.0,0.0,0.0,0.0,0.0,1.0,1.0,0.0,0.0,0.0,1.0,1.0,1.0,0.0,0.0,1.0,36.0,21.0,23.0,679.95,990.14,0.0,906.17,0.0,0.0,0.0,0.0,0.0,177.91,637.53,0.0,0.0,0.0,178.53,671.0,900.33,0.0,0.0,198.35,28.96,28.43,36.0,28.77,36.0,36.0,36.0,36.0,36.0,23.14,27.04,36.0,36.0,36.0,23.11,27.02,26.94,36.0,36.0,24.47,0.023114,0.031288,0.0,0.030001,0.0,0.0,0.0,0.0,0.0,0.00331,0.017031,0.0,0.0,0.0,0.003314,0.017867,0.023767,0.0,0.0,0.004117
2020-01-12 15:00:00,21.42,21.16,22.91,21.81,23.47,21.74,21.43,25.09,23.11,21.5,21.76,20.71,24.07,22.74,21.51,21.57,22.0,23.58,23.21,22.43,-6.52,414.6,1.0,1.0,0.0,1.0,0.0,0.0,0.0,0.0,0.0,1.0,1.0,0.0,0.0,0.0,1.0,1.0,1.0,0.0,0.0,1.0,36.0,21.0,23.0,655.01,953.81,0.0,877.75,0.0,0.0,0.0,0.0,0.0,176.76,609.97,0.0,0.0,0.0,177.23,639.91,859.34,0.0,0.0,197.62,29.22,28.71,36.0,29.0,36.0,36.0,36.0,36.0,36.0,23.23,27.43,36.0,36.0,36.0,23.21,27.43,27.35,36.0,36.0,24.52,0.023114,0.031288,0.0,0.030001,0.0,0.0,0.0,0.0,0.0,0.00331,0.017031,0.0,0.0,0.0,0.003314,0.017867,0.023767,0.0,0.0,0.004117
2020-01-12 15:15:00,21.43,21.19,23.24,21.82,23.33,21.53,21.34,25.02,23.18,21.55,21.89,20.85,23.93,22.91,21.56,21.72,22.16,23.43,23.34,22.47,-6.59,393.5,1.0,1.0,1.0,1.0,0.0,0.0,1.0,0.0,0.566,1.0,1.0,1.0,0.0,0.0,1.0,1.0,1.0,0.0,0.0,1.0,36.0,21.0,23.0,681.74,986.04,430.92,910.99,0.0,0.0,1178.86,0.0,443.72,175.71,591.67,1039.83,0.0,0.0,176.06,619.21,831.44,0.0,0.0,196.87,28.94,28.46,31.4,28.74,36.0,36.0,23.29,36.0,27.01,23.3,27.69,24.97,36.0,36.0,23.29,27.71,27.63,36.0,36.0,24.56,0.023114,0.031288,0.022413,0.030001,0.0,0.0,0.022187,0.0,0.011811,0.00331,0.017031,0.022553,0.0,0.0,0.003314,0.017867,0.023767,0.0,0.0,0.004117
2020-01-12 15:30:00,21.44,21.23,23.13,21.83,23.23,21.34,21.49,24.76,23.18,21.6,22.0,21.23,23.62,22.94,21.62,21.84,22.28,23.22,23.3,22.51,-6.66,297.9,1.0,1.0,1.0,1.0,0.0,0.0,1.0,0.0,0.566,1.0,1.0,1.0,0.0,0.0,1.0,1.0,1.0,0.0,0.0,1.0,36.0,21.0,23.0,683.68,985.35,502.39,912.01,0.0,0.0,1029.6,0.0,428.46,174.77,580.34,934.03,0.0,0.0,175.03,606.51,813.74,0.0,0.0,196.17,28.92,28.47,30.64,28.73,36.0,36.0,24.9,36.0,27.32,23.37,27.85,26.09,36.0,36.0,23.37,27.88,27.81,36.0,36.0,24.6,0.023114,0.031288,0.022413,0.030001,0.0,0.0,0.022187,0.0,0.011811,0.00331,0.017031,0.022553,0.0,0.0,0.003314,0.017867,0.023767,0.0,0.0,0.004117
2020-01-12 15:45:00,21.4,21.21,22.76,21.74,23.07,21.1,21.66,24.39,23.04,21.66,22.06,21.56,23.26,22.79,21.68,21.9,22.35,23.02,23.06,22.55,-6.73,202.3,1.0,1.0,1.0,1.0,0.0,0.0,1.0,0.0,0.566,1.0,1.0,1.0,0.0,0.0,1.0,1.0,1.0,0.0,0.0,1.0,36.0,21.0,23.0,685.78,985.05,573.0,914.46,0.0,0.0,946.19,0.0,431.35,173.92,573.09,875.66,0.0,0.0,174.1,598.56,802.21,0.0,0.0,195.51,28.9,28.47,29.88,28.71,36.0,36.0,25.8,36.0,27.26,23.43,27.95,26.71,36.0,36.0,23.43,27.99,27.93,36.0,36.0,24.64,0.023114,0.031288,0.022413,0.030001,0.0,0.0,0.022187,0.0,0.011811,0.00331,0.017031,0.022553,0.0,0.0,0.003314,0.017867,0.023767,0.0,0.0,0.004117
2020-01-12 16:00:00,21.31,21.16,22.51,21.63,22.85,20.81,21.7,23.95,22.79,21.71,22.08,21.77,22.82,22.39,21.73,21.92,22.37,22.72,22.56,22.59,-6.86,106.8,1.0,1.0,1.0,1.0,0.0,0.0,1.0,0.0,0.566,1.0,1.0,1.0,0.0,0.0,1.0,1.0,1.0,0.0,0.0,1.0,36.0,21.0,23.0,689.08,986.37,596.9,919.76,0.0,0.0,895.99,0.0,441.62,173.13,568.54,840.18,0.0,0.0,173.24,593.73,794.89,0.0,0.0,194.88,28.87,28.46,29.63,28.67,36.0,36.0,26.34,36.0,27.06,23.49,28.01,27.09,36.0,36.0,23.5,28.05,28.0,36.0,36.0,24.68,0.023114,0.031288,0.022413,0.030001,0.0,0.0,0.022187,0.0,0.011811,0.00331,0.017031,0.022553,0.0,0.0,0.003314,0.017867,0.023767,0.0,0.0,0.004117
2020-01-12 16:15:00,21.24,21.11,22.34,21.54,22.62,20.67,21.71,23.53,22.71,21.75,22.08,21.89,22.54,21.81,21.78,21.91,22.38,22.58,22.23,22.63,-6.98,11.2,1.0,1.0,1.0,1.0,0.0,1.0,1.0,0.0,1.0,1.0,1.0,1.0,1.0,0.0,1.0,1.0,1.0,1.0,1.0,1.0,36.0,21.0,23.0,692.37,987.83,609.0,924.88,0.0,935.67,865.1,0.0,746.98,172.4,565.89,818.21,534.02,0.0,172.44,591.11,790.54,590.41,866.34,194.27,28.83,28.45,29.5,28.62,36.0,22.68,26.67,36.0,27.44,23.54,28.05,27.32,28.08,36.0,23.55,28.09,28.04,27.66,26.76,24.71,0.023114,0.031288,0.022413,0.030001,0.0,0.0168,0.022187,0.0,0.020884,0.00331,0.017031,0.022553,0.016137,0.0,0.003314,0.017867,0.023767,0.016941,0.022431,0.004117
2020-01-12 16:30:00,21.18,21.07,22.19,21.46,22.39,20.82,21.76,23.15,22.73,21.8,22.08,21.97,22.51,21.35,21.83,21.9,22.38,22.62,22.26,22.66,-7.11,8.4,1.0,1.0,1.0,1.0,0.0,1.0,1.0,0.0,1.0,1.0,1.0,1.0,1.0,0.0,1.0,1.0,1.0,1.0,1.0,1.0,36.0,21.0,23.0,694.29,987.97,619.24,928.66,0.0,808.61,844.21,0.0,724.13,171.7,564.13,803.9,504.61,0.0,171.69,589.47,787.61,550.03,813.45,193.68,28.81,28.45,29.39,28.59,36.0,24.48,26.9,36.0,27.7,23.59,28.08,27.47,28.52,36.0,23.61,28.11,28.07,28.23,27.32,24.75,0.023114,0.031288,0.022413,0.030001,0.0,0.0168,0.022187,0.0,0.020884,0.00331,0.017031,0.022553,0.016137,0.0,0.003314,0.017867,0.023767,0.016941,0.022431,0.004117
2020-01-12 16:45:00,21.12,21.02,22.06,21.38,22.18,21.05,21.82,22.8,22.74,21.85,22.07,22.02,22.56,20.95,21.88,21.88,22.37,22.65,22.32,22.7,-7.24,0.0,1.0,1.0,1.0,1.0,0.0,1.0,1.0,0.0,1.0,1.0,1.0,1.0,1.0,0.0,1.0,1.0,1.0,1.0,1.0,1.0,36.0,21.0,23.0,697.64,990.44,625.9,933.08,0.0,738.38,828.95,0.0,712.58,171.04,563.07,794.29,492.61,0.0,170.98,588.55,785.74,532.38,787.37,193.11,28.78,28.43,29.32,28.56,36.0,25.49,27.06,36.0,27.84,23.64,28.09,27.57,28.7,36.0,23.66,28.12,28.09,28.48,27.6,24.78,0.023114,0.031288,0.022413,0.030001,0.0,0.0168,0.022187,0.0,0.020884,0.00331,0.017031,0.022553,0.016137,0.0,0.003314,0.017867,0.023767,0.016941,0.022431,0.004117
2020-01-12 17:00:00,21.07,20.99,21.95,21.32,21.97,21.2,21.88,22.48,22.74,21.89,22.06,22.06,22.6,20.59,21.92,21.87,22.36,22.64,22.34,22.73,-7.21,0.0,1.0,1.0,1.0,1.0,0.0,1.0,1.0,0.0,1.0,1.0,1.0,1.0,1.0,0.0,1.0,1.0,1.0,1.0,1.0,1.0,36.0,21.0,23.0,699.69,991.48,630.95,936.38,0.0,695.76,817.43,0.0,706.22,170.41,562.31,787.42,487.55,0.0,170.31,587.9,784.34,524.28,772.93,192.57,28.76,28.42,29.27,28.53,36.0,26.09,27.19,36.0,27.91,23.69,28.1,27.65,28.77,36.0,23.71,28.13,28.1,28.6,27.76,24.81,0.023114,0.031288,0.022413,0.030001,0.0,0.0168,0.022187,0.0,0.020884,0.00331,0.017031,0.022553,0.016137,0.0,0.003314,0.017867,0.023767,0.016941,0.022431,0.004117
2020-01-12 17:15:00,20.99,20.92,21.83,21.26,21.86,21.39,21.93,22.41,22.72,21.94,22.05,22.1,22.51,20.63,21.97,21.86,22.36,22.6,22.34,22.76,-7.18,0.0,1.0,1.0,1.0,1.0,0.0,1.0,1.0,1.0,1.0,1.0,1.0,1.0,1.0,1.0,1.0,1.0,1.0,1.0,1.0,1.0,36.0,21.0,23.0,674.94,957.5,610.69,907.44,0.0,669.21,808.57,630.86,702.6,169.82,561.55,782.15,485.37,1019.75,169.69,587.21,783.01,520.7,764.84,192.06,29.01,28.68,29.48,28.76,36.0,26.47,27.28,26.56,27.95,23.73,28.11,27.7,28.8,24.52,23.75,28.14,28.12,28.65,27.84,24.84,0.023114,0.031288,0.022413,0.030001,0.0,0.0168,0.022187,0.015987,0.020884,0.00331,0.017031,0.022553,0.016137,0.021246,0.003314,0.017867,0.023767,0.016941,0.022431,0.004117
2020-01-12 17:30:00,20.94,20.89,21.73,21.18,21.78,21.3,21.94,22.51,22.69,21.98,22.04,22.12,22.66,20.92,22.02,21.85,22.35,22.59,22.32,22.8,-7.15,0.0,1.0,1.0,1.0,1.0,0.0,1.0,1.0,1.0,1.0,1.0,1.0,1.0,1.0,1.0,1.0,1.0,1.0,1.0,1.0,1.0,36.0,21.0,23.0,676.87,958.63,614.82,909.32,0.0,648.61,800.97,570.54,700.91,169.24,561.08,778.0,488.17,920.61,169.08,586.77,782.07,520.36,760.65,191.55,28.99,28.67,29.44,28.75,36.0,26.76,27.36,27.46,27.97,23.77,28.12,27.75,28.76,25.63,23.8,28.14,28.13,28.65,27.89,24.87,0.023114,0.031288,0.022413,0.030001,0.0,0.0168,0.022187,0.015987,0.020884,0.00331,0.017031,0.022553,0.016137,0.021246,0.003314,0.017867,0.023767,0.016941,0.022431,0.004117
2020-01-12 17:45:00,20.89,20.86,21.63,21.13,21.84,21.51,21.97,22.51,22.66,22.02,22.04,22.14,22.49,21.16,22.06,21.84,22.34,22.54,22.28,22.83,-7.13,0.0,1.0,1.0,1.0,1.0,0.0,1.0,1.0,1.0,1.0,1.0,1.0,1.0,1.0,1.0,1.0,1.0,1.0,1.0,1.0,1.0,36.0,21.0,23.0,678.92,959.97,618.87,913.14,0.0,636.13,795.12,539.98,700.33,168.68,560.71,774.63,488.9,865.65,168.49,586.44,781.32,520.94,758.65,191.06,28.97,28.66,29.39,28.72,36.0,26.94,27.43,27.92,27.98,23.81,28.12,27.78,28.75,26.25,23.84,28.15,28.14,28.64,27.91,24.9,0.023114,0.031288,0.022413,0.030001,0.0,0.0168,0.022187,0.015987,0.020884,0.00331,0.017031,0.022553,0.016137,0.021246,0.003314,0.017867,0.023767,0.016941,0.022431,0.004117
2020-01-12 18:00:00,20.85,20.82,21.55,21.07,21.78,21.42,21.98,22.55,22.62,22.06,22.02,22.15,22.59,21.31,22.1,21.83,22.33,22.51,22.23,22.86,-7.17,0.0,1.0,1.0,1.0,1.0,0.0,1.0,1.0,1.0,1.0,1.0,1.0,1.0,1.0,1.0,1.0,1.0,1.0,1.0,1.0,1.0,36.0,21.0,23.0,681.03,961.37,622.81,915.9,0.0,624.76,790.04,524.29,700.46,168.14,560.46,771.89,492.39,832.36,167.92,586.21,780.76,522.55,758.19,190.59,28.95,28.65,29.35,28.7,36.0,27.1,27.48,28.15,27.98,23.85,28.13,27.81,28.7,26.63,23.88,28.15,28.14,28.62,27.91,24.92,0.023114,0.031288,0.022413,0.030001,0.0,0.0168,0.022187,0.015987,0.020884,0.00331,0.017031,0.022553,0.016137,0.021246,0.003314,0.017867,0.023767,0.016941,0.022431,0.004117
2020-01-12 18:15:00,20.85,20.83,21.5,21.05,21.78,21.52,21.98,22.5,22.58,22.1,22.01,22.16,22.49,21.02,22.14,21.82,22.32,22.46,22.19,22.88,-7.22,0.0,1.0,1.0,1.0,1.0,0.0,1.0,1.0,1.0,1.0,1.0,1.0,1.0,1.0,0.0,1.0,1.0,1.0,1.0,1.0,1.0,36.0,21.0,23.0,709.22,996.96,650.61,951.19,0.0,617.45,786.11,516.08,701.35,167.6,560.5,769.8,494.58,0.0,167.35,586.28,780.6,524.72,759.02,190.11,28.66,28.38,29.06,28.42,36.0,27.21,27.52,28.28,27.97,23.89,28.13,27.83,28.67,36.0,23.92,28.15,28.14,28.59,27.9,24.95,0.023114,0.031288,0.022413,0.030001,0.0,0.0168,0.022187,0.015987,0.020884,0.00331,0.017031,0.022553,0.016137,0.0,0.003314,0.017867,0.023767,0.016941,0.022431,0.004117
2020-01-12 18:30:00,20.82,20.82,21.44,21.02,21.74,21.53,21.99,22.46,22.53,22.14,21.99,22.16,22.46,20.49,22.18,21.8,22.31,22.42,22.13,22.91,-7.27,0.0,1.0,1.0,1.0,1.0,0.0,1.0,1.0,1.0,1.0,1.0,1.0,1.0,1.0,0.0,1.0,1.0,1.0,1.0,1.0,1.0,36.0,21.0,23.0,711.5,998.86,655.33,954.41,0.0,611.44,782.82,512.15,702.33,167.09,560.52,768.03,496.98,0.0,166.82,586.34,780.49,526.82,760.12,189.65,28.64,28.36,29.0,28.39,36.0,27.29,27.56,28.34,27.95,23.93,28.13,27.85,28.63,36.0,23.96,28.15,28.14,28.56,27.89,24.98,0.023114,0.031288,0.022413,0.030001,0.0,0.0168,0.022187,0.015987,0.020884,0.00331,0.017031,0.022553,0.016137,0.0,0.003314,0.017867,0.023767,0.016941,0.022431,0.004117
2020-01-12 18:45:00,20.78,20.79,21.37,20.97,21.7,21.55,21.99,22.41,22.49,22.17,21.98,22.16,22.42,20.05,22.22,21.78,22.29,22.37,22.08,22.94,-7.32,0.0,1.0,1.0,1.0,1.0,0.0,1.0,1.0,1.0,1.0,1.0,1.0,1.0,1.0,0.0,1.0,1.0,1.0,1.0,1.0,1.0,36.0,21.0,23.0,713.12,1000.07,659.14,956.93,0.0,606.55,780.13,510.61,703.54,166.59,560.64,766.63,499.46,0.0,166.3,586.51,780.56,528.94,761.52,189.21,28.62,28.35,28.96,28.37,36.0,27.36,27.59,28.36,27.94,23.96,28.12,27.87,28.6,36.0,24.0,28.15,28.14,28.53,27.88,25.0,0.023114,0.031288,0.022413,0.030001,0.0,0.0168,0.022187,0.015987,0.020884,0.00331,0.017031,0.022553,0.016137,0.0,0.003314,0.017867,0.023767,0.016941,0.022431,0.004117
2020-01-12 19:00:00,20.72,20.74,21.29,20.93,21.66,21.6,22.02,22.39,22.5,22.21,21.99,22.19,22.39,19.7,22.26,21.8,22.31,22.36,22.09,22.97,-7.37,0.0,1.0,1.0,1.0,1.0,0.0,1.0,1.0,1.0,1.0,1.0,1.0,1.0,1.0,0.0,1.0,1.0,1.0,1.0,1.0,1.0,36.0,21.0,23.0,687.56,965.87,637.33,926.37,0.0,602.49,777.67,510.0,704.44,166.12,560.58,765.23,501.4,0.0,165.81,586.46,780.39,530.58,762.53,188.8,28.88,28.61,29.2,28.61,36.0,27.42,27.61,28.37,27.93,23.99,28.13,27.88,28.57,36.0,24.03,28.15,28.14,28.51,27.87,25.03,0.023114,0.031288,0.022413,0.030001,0.0,0.0168,0.022187,0.015987,0.020884,0.00331,0.017031,0.022553,0.016137,0.0,0.003314,0.017867,0.023767,0.016941,0.022431,0.004117
2020-01-12 19:15:00,20.7,20.73,21.25,20.89,21.63,21.61,22.05,22.38,22.53,22.25,22.02,22.24,22.43,19.86,22.3,21.83,22.34,22.38,22.11,23.0,-7.41,0.0,1.0,1.0,1.0,1.0,0.0,1.0,1.0,1.0,1.0,1.0,1.0,1.0,1.0,1.0,1.0,1.0,1.0,1.0,1.0,1.0,36.0,21.0,23.0,688.53,966.34,639.74,926.99,0.0,598.22,774.97,509.9,704.75,165.66,560.25,763.57,503.58,1059.71,165.33,586.1,779.8,531.95,762.89,188.39,28.87,28.61,29.17,28.61,36.0,27.48,27.64,28.37,27.93,24.03,28.13,27.9,28.53,24.07,24.07,28.15,28.15,28.49,27.86,25.05,0.023114,0.031288,0.022413,0.030001,0.0,0.0168,0.022187,0.015987,0.020884,0.00331,0.017031,0.022553,0.016137,0.021246,0.003314,0.017867,0.023767,0.016941,0.022431,0.004117
2020-01-12 19:30:00,20.74,20.77,21.27,20.93,21.61,21.67,22.07,22.37,22.58,22.28,22.05,22.24,22.44,20.25,22.33,21.86,22.32,22.4,22.19,23.02,-7.46,0.0,1.0,1.0,1.0,1.0,0.0,1.0,1.0,1.0,1.0,1.0,1.0,1.0,1.0,1.0,1.0,1.0,1.0,1.0,1.0,1.0,36.0,21.0,23.0,715.68,1001.0,666.34,960.06,0.0,594.61,772.47,510.11,704.34,165.19,559.69,761.96,504.84,958.02,164.84,585.45,779.26,532.72,762.18,187.98,28.59,28.35,28.89,28.34,36.0,27.53,27.67,28.37,27.93,24.06,28.14,27.92,28.52,25.21,24.1,28.16,28.16,28.48,27.87,25.08,0.023114,0.031288,0.022413,0.030001,0.0,0.0168,0.022187,0.015987,0.020884,0.00331,0.017031,0.022553,0.016137,0.021246,0.003314,0.017867,0.023767,0.016941,0.022431,0.004117
2020-01-12 19:45:00,20.75,20.8,21.27,20.94,21.59,21.73,22.13,22.36,22.62,22.32,22.09,22.3,22.47,20.64,22.36,21.9,22.37,22.44,22.23,23.05,-7.5,0.0,1.0,1.0,1.0,1.0,0.0,1.0,1.0,1.0,1.0,1.0,1.0,1.0,1.0,1.0,1.0,1.0,1.0,1.0,1.0,1.0,36.0,21.0,23.0,716.25,1000.55,668.21,960.67,0.0,591.11,769.76,510.27,703.42,164.73,558.86,760.26,505.6,900.12,164.37,584.5,778.52,532.99,760.76,187.58,28.59,28.35,28.87,28.34,36.0,27.58,27.7,28.36,27.94,24.1,28.15,27.94,28.5,25.86,24.14,28.17,28.16,28.47,27.89,25.1,0.023114,0.031288,0.022413,0.030001,0.0,0.0168,0.022187,0.015987,0.020884,0.00331,0.017031,0.022553,0.016137,0.021246,0.003314,0.017867,0.023767,0.016941,0.022431,0.004117
2020-01-12 20:00:00,20.69,20.74,21.2,20.9,21.56,21.77,22.16,22.33,22.61,22.35,22.09,22.32,22.45,20.9,22.4,21.9,22.38,22.43,22.23,23.07,-7.55,0.0,1.0,1.0,1.0,1.0,0.0,1.0,1.0,1.0,1.0,1.0,1.0,1.0,1.0,1.0,1.0,1.0,1.0,1.0,1.0,1.0,36.0,21.0,23.0,690.2,965.83,645.45,929.26,0.0,588.04,767.18,510.52,702.68,164.31,558.03,758.39,506.13,864.43,163.94,583.61,777.43,533.13,759.72,187.21,28.86,28.61,29.11,28.59,36.0,27.63,27.73,28.36,27.95,24.13,28.16,27.96,28.5,26.27,24.17,28.19,28.17,28.47,27.9,25.12,0.023114,0.031288,0.022413,0.030001,0.0,0.0168,0.022187,0.015987,0.020884,0.00331,0.017031,0.022553,0.016137,0.021246,0.003314,0.017867,0.023767,0.016941,0.022431,0.004117
2020-01-12 20:15:00,20.66,20.71,21.14,20.86,21.54,21.77,22.18,22.3,22.59,22.39,22.1,22.35,22.45,20.87,22.44,21.9,22.41,22.42,22.19,23.02,-7.61,0.0,1.0,1.0,1.0,1.0,0.0,1.0,1.0,1.0,1.0,1.0,1.0,1.0,1.0,0.599,1.0,1.0,1.0,1.0,1.0,0.308,36.0,21.0,23.0,691.62,967.28,647.95,930.55,0.0,585.23,764.95,511.12,702.49,163.88,557.58,756.94,507.28,536.54,163.5,583.13,776.72,533.78,759.47,59.7,28.84,28.6,29.08,28.58,36.0,27.67,27.75,28.35,27.95,24.16,28.17,27.97,28.48,25.92,24.2,28.19,28.18,28.46,27.9,24.75,0.023114,0.031288,0.022413,0.030001,0.0,0.0168,0.022187,0.015987,0.020884,0.00331,0.017031,0.022553,0.016137,0.012733,0.003314,0.017867,0.023767,0.016941,0.022431,0.001269
2020-01-12 20:30:00,20.63,20.69,21.09,20.83,21.5,21.8,22.19,22.27,22.58,22.42,22.1,22.37,22.43,20.76,22.47,21.9,22.41,22.41,22.18,22.93,-7.66,0.0,1.0,1.0,1.0,1.0,0.0,1.0,1.0,1.0,1.0,1.0,1.0,1.0,1.0,0.599,1.0,1.0,1.0,1.0,1.0,0.308,36.0,21.0,23.0,693.37,969.05,650.81,933.08,0.0,583.05,762.95,511.98,702.67,163.46,557.25,755.36,508.2,550.94,163.07,582.77,775.69,534.48,759.91,61.32,28.82,28.59,29.05,28.56,36.0,27.7,27.77,28.34,27.95,24.19,28.17,27.99,28.47,25.65,24.23,28.2,28.19,28.45,27.9,24.44,0.023114,0.031288,0.022413,0.030001,0.0,0.0168,0.022187,0.015987,0.020884,0.00331,0.017031,0.022553,0.016137,0.012733,0.003314,0.017867,0.023767,0.016941,0.022431,0.001269
2020-01-12 20:45:00,20.6,20.67,21.05,20.8,21.47,21.8,22.2,22.24,22.57,22.45,22.09,22.38,22.43,20.66,22.5,21.9,22.41,22.4,22.16,22.84,-7.71,0.0,1.0,1.0,1.0,1.0,0.0,1.0,1.0,1.0,1.0,1.0,1.0,1.0,1.0,0.599,1.0,1.0,1.0,1.0,1.0,0.308,36.0,21.0,23.0,694.97,970.52,653.49,935.04,0.0,580.96,761.25,512.95,702.91,163.05,557.01,754.15,509.36,559.48,162.64,582.53,775.09,535.25,760.29,62.48,28.81,28.58,29.02,28.54,36.0,27.73,27.79,28.32,27.95,24.22,28.18,28.0,28.45,25.49,24.26,28.2,28.2,28.44,27.89,24.22,0.023114,0.031288,0.022413,0.030001,0.0,0.0168,0.022187,0.015987,0.020884,0.00331,0.017031,0.022553,0.016137,0.012733,0.003314,0.017867,0.023767,0.016941,0.022431,0.001269
2020-01-12 21:00:00,20.59,20.66,21.02,20.78,21.44,21.83,22.22,22.22,22.58,22.48,22.11,22.4,22.42,20.61,22.54,21.91,22.43,22.41,22.17,22.76,-7.72,0.0,1.0,1.0,1.0,1.0,0.0,1.0,1.0,1.0,1.0,1.0,1.0,1.0,1.0,0.599,1.0,1.0,1.0,1.0,1.0,0.308,36.0,21.0,23.0,696.36,971.78,655.83,936.82,0.0,579.25,759.7,513.97,703.15,162.65,556.8,753.07,510.28,565.07,162.23,582.32,774.58,535.99,760.64,63.38,28.79,28.57,29.0,28.53,36.0,27.75,27.81,28.31,27.94,24.25,28.18,28.01,28.43,25.38,24.29,28.2,28.2,28.43,27.89,24.05,0.023114,0.031288,0.022413,0.030001,0.0,0.0168,0.022187,0.015987,0.020884,0.00331,0.017031,0.022553,0.016137,0.012733,0.003314,0.017867,0.023767,0.016941,0.022431,0.001269
2020-01-12 21:15:00,20.57,20.65,21.0,20.77,21.41,21.85,22.25,22.19,22.59,22.51,22.12,22.42,22.42,20.75,22.57,21.93,22.44,22.41,22.18,22.77,-7.72,0.0,1.0,1.0,1.0,1.0,0.0,1.0,1.0,1.0,1.0,1.0,1.0,1.0,1.0,1.0,1.0,1.0,1.0,1.0,1.0,1.0,36.0,21.0,23.0,697.54,972.75,657.9,938.23,0.0,577.51,758.16,514.85,703.14,162.26,556.46,751.9,511.12,891.03,161.83,581.96,773.94,536.48,760.66,200.58,28.78,28.56,28.98,28.52,36.0,27.78,27.82,28.3,27.95,24.27,28.18,28.02,28.42,25.97,24.32,28.21,28.21,28.42,27.89,24.34,0.023114,0.031288,0.022413,0.030001,0.0,0.0168,0.022187,0.015987,0.020884,0.00331,0.017031,0.022553,0.016137,0.021246,0.003314,0.017867,0.023767,0.016941,0.022431,0.004117
2020-01-12 21:30:00,20.56,20.65,20.98,20.76,21.38,21.87,22.27,22.17,22.6,22.54,22.13,22.44,22.42,20.95,22.6,21.94,22.46,22.42,22.19,22.83,-7.72,0.0,1.0,1.0,1.0,1.0,0.0,1.0,1.0,1.0,1.0,1.0,1.0,1.0,1.0,1.0,1.0,1.0,1.0,1.0,1.0,1.0,36.0,21.0,23.0,698.62,973.62,659.82,939.51,0.0,575.92,756.6,515.73,703.01,161.87,556.07,750.71,511.72,854.11,161.43,581.54,773.25,536.86,760.51,196.63,28.77,28.56,28.96,28.51,36.0,27.8,27.84,28.28,27.95,24.3,28.19,28.04,28.41,26.38,24.35,28.21,28.22,28.42,27.89,24.57,0.023114,0.031288,0.022413,0.030001,0.0,0.0168,0.022187,0.015987,0.020884,0.00331,0.017031,0.022553,0.016137,0.021246,0.003314,0.017867,0.023767,0.016941,0.022431,0.004117
2020-01-12 21:45:00,20.55,20.64,20.96,20.75,21.36,21.89,22.29,22.15,22.61,22.57,22.15,22.46,22.43,21.11,22.63,21.96,22.47,22.43,22.2,22.88,-7.73,0.0,1.0,1.0,1.0,1.0,0.0,1.0,1.0,1.0,1.0,1.0,1.0,1.0,1.0,1.0,1.0,1.0,1.0,1.0,1.0,1.0,36.0,21.0,23.0,699.65,974.42,661.65,940.69,0.0,574.34,755.07,516.5,702.78,161.5,555.64,749.52,512.28,831.56,161.04,581.08,772.52,537.13,760.24,194.06,28.76,28.55,28.94,28.5,36.0,27.82,27.86,28.27,27.95,24.33,28.19,28.05,28.41,26.64,24.38,28.22,28.22,28.41,27.89,24.72,0.023114,0.031288,0.022413,0.030001,0.0,0.0168,0.022187,0.015987,0.020884,0.00331,0.017031,0.022553,0.016137,0.021246,0.003314,0.017867,0.023767,0.016941,0.022431,0.004117
2020-01-12 22:00:00,20.55,20.64,20.94,20.74,21.34,21.92,22.32,22.14,22.62,22.6,22.16,22.49,22.44,21.23,22.66,21.97,22.49,22.44,22.21,22.93,-7.72,0.0,1.0,1.0,1.0,1.0,0.0,1.0,1.0,1.0,1.0,1.0,1.0,1.0,1.0,1.0,1.0,1.0,1.0,1.0,1.0,1.0,36.0,21.0,23.0,700.25,974.77,662.96,941.39,0.0,572.87,753.56,517.27,702.47,161.12,555.17,748.33,512.68,816.36,160.66,580.58,771.75,537.32,759.85,192.23,28.75,28.55,28.92,28.49,36.0,27.84,27.87,28.26,27.95,24.36,28.2,28.06,28.4,26.81,24.4,28.23,28.23,28.41,27.9,24.83,0.023114,0.031288,0.022413,0.030001,0.0,0.0168,0.022187,0.015987,0.020884,0.00331,0.017031,0.022553,0.016137,0.021246,0.003314,0.017867,0.023767,0.016941,0.022431,0.004117
2020-01-12 22:15:00,20.59,20.69,20.97,20.78,21.32,21.94,22.34,22.12,22.64,22.63,22.18,22.51,22.45,20.96,22.68,21.99,22.51,22.46,22.23,22.96,-7.72,0.0,1.0,1.0,1.0,1.0,0.0,1.0,1.0,1.0,1.0,1.0,1.0,1.0,1.0,0.0,1.0,1.0,1.0,1.0,1.0,1.0,36.0,21.0,23.0,727.04,1009.04,688.68,973.83,0.0,571.45,752.09,518.06,702.1,160.75,554.72,747.15,513.06,0.0,160.28,580.07,770.98,537.44,759.4,190.86,28.47,28.28,28.65,28.23,36.0,27.86,27.89,28.25,27.96,24.38,28.21,28.07,28.39,36.0,24.43,28.23,28.24,28.41,27.9,24.91,0.023114,0.031288,0.022413,0.030001,0.0,0.0168,0.022187,0.015987,0.020884,0.00331,0.017031,0.022553,0.016137,0.0,0.003314,0.017867,0.023767,0.016941,0.022431,0.004117
2020-01-12 22:30:00,20.61,20.71,20.98,20.8,21.29,21.97,22.37,22.1,22.66,22.66,22.2,22.53,22.47,20.44,22.71,22.01,22.52,22.47,22.25,23.0,-7.72,0.0,1.0,1.0,1.0,1.0,0.0,1.0,1.0,1.0,1.0,1.0,1.0,1.0,1.0,0.0,1.0,1.0,1.0,1.0,1.0,1.0,36.0,21.0,23.0,727.42,1009.08,689.72,974.05,0.0,570.0,750.54,518.74,701.6,160.39,554.15,745.89,513.21,0.0,159.91,579.45,770.07,537.38,758.76,189.8,28.47,28.28,28.64,28.23,36.0,27.88,27.91,28.24,27.96,24.41,28.22,28.09,28.39,36.0,24.46,28.24,28.25,28.41,27.91,24.97,0.023114,0.031288,0.022413,0.030001,0.0,0.0168,0.022187,0.015987,0.020884,0.00331,0.017031,0.022553,0.016137,0.0,0.003314,0.017867,0.023767,0.016941,0.022431,0.004117
2020-01-12 22:45:00,20.61,20.72,20.98,20.8,21.27,22.0,22.39,22.09,22.67,22.69,22.22,22.56,22.48,19.98,22.74,22.03,22.54,22.48,22.27,23.03,-7.72,0.0,1.0,1.0,1.0,1.0,0.0,1.0,1.0,1.0,1.0,1.0,1.0,1.0,1.0,0.0,1.0,1.0,1.0,1.0,1.0,1.0,36.0,21.0,23.0,727.43,1008.7,690.39,973.98,0.0,568.65,749.05,519.35,701.05,160.04,553.58,744.65,513.31,0.0,159.55,578.83,769.17,537.29,758.09,188.95,28.47,28.29,28.63,28.23,36.0,27.9,27.92,28.23,27.97,24.43,28.22,28.1,28.39,36.0,24.48,28.25,28.26,28.41,27.91,25.02,0.023114,0.031288,0.022413,0.030001,0.0,0.0168,0.022187,0.015987,0.020884,0.00331,0.017031,0.022553,0.016137,0.0,0.003314,0.017867,0.023767,0.016941,0.022431,0.004117
2020-01-12 23:00:00,20.59,20.68,20.92,20.78,21.25,22.04,22.42,22.08,22.7,22.72,22.25,22.59,22.48,19.63,22.77,22.06,22.57,22.49,22.29,23.06,-7.67,0.0,1.0,1.0,1.0,1.0,0.0,1.0,1.0,1.0,1.0,1.0,1.0,1.0,1.0,0.0,1.0,1.0,1.0,1.0,1.0,1.0,36.0,21.0,23.0,700.47,973.73,666.3,941.78,0.0,567.26,747.56,519.87,700.41,159.7,552.9,743.39,513.3,0.0,159.21,578.13,768.22,537.13,757.33,188.26,28.75,28.55,28.89,28.49,36.0,27.92,27.94,28.22,27.98,24.46,28.23,28.11,28.39,36.0,24.51,28.26,28.27,28.41,27.92,25.06,0.023114,0.031288,0.022413,0.030001,0.0,0.0168,0.022187,0.015987,0.020884,0.00331,0.017031,0.022553,0.016137,0.0,0.003314,0.017867,0.023767,0.016941,0.022431,0.004117
2020-01-12 23:15:00,20.63,20.72,20.94,20.8,21.23,22.06,22.43,22.06,22.72,22.74,22.28,22.61,22.51,19.79,22.8,22.08,22.59,22.19,22.31,23.03,-7.63,0.0,1.0,1.0,1.0,1.0,0.0,1.0,1.0,1.0,1.0,1.0,1.0,1.0,1.0,1.0,1.0,1.0,1.0,0.0,1.0,0.393,36.0,21.0,23.0,726.76,1007.89,692.19,973.9,0.0,565.78,746.07,520.55,699.72,159.35,552.09,742.11,513.49,1062.38,158.85,577.3,767.22,0.0,756.48,76.02,28.48,28.29,28.61,28.23,36.0,27.94,27.96,28.21,27.98,24.48,28.24,28.13,28.39,24.04,24.53,28.27,28.28,36.0,27.93,24.75,0.023114,0.031288,0.022413,0.030001,0.0,0.0168,0.022187,0.015987,0.020884,0.00331,0.017031,0.022553,0.016137,0.021246,0.003314,0.017867,0.023767,0.0,0.022431,0.001616
2020-01-12 23:30:00,20.66,20.75,20.96,20.83,21.21,22.09,22.35,22.05,22.74,22.77,22.31,22.64,22.53,20.2,22.82,22.12,22.61,21.78,22.34,22.95,-7.59,0.0,1.0,1.0,1.0,1.0,0.0,1.0,1.0,1.0,1.0,1.0,1.0,1.0,1.0,1.0,1.0,1.0,1.0,0.0,1.0,0.393,36.0,21.0,23.0,726.99,1007.83,693.18,974.11,0.0,564.28,745.11,521.1,698.91,159.02,551.19,740.71,513.39,961.49,158.51,576.35,766.09,0.0,755.48,77.74,28.48,28.29,28.6,28.23,36.0,27.96,27.97,28.2,27.99,24.51,28.26,28.14,28.39,25.17,24.56,28.28,28.29,36.0,27.94,24.49,0.023114,0.031288,0.022413,0.030001,0.0,0.0168,0.022187,0.015987,0.020884,0.00331,0.017031,0.022553,0.016137,0.021246,0.003314,0.017867,0.023767,0.0,0.022431,0.001616
2020-01-12 23:45:00,20.67,20.77,20.96,20.84,21.19,22.13,22.24,22.04,22.76,22.79,22.34,22.67,22.55,20.59,22.85,22.15,22.64,21.48,22.36,22.88,-7.55,0.0,1.0,1.0,1.0,1.0,0.0,1.0,1.0,1.0,1.0,1.0,1.0,1.0,1.0,1.0,1.0,1.0,1.0,0.0,1.0,0.393,36.0,21.0,23.0,725.97,1006.31,692.92,972.9,0.0,562.85,745.54,521.57,698.05,158.69,550.26,739.31,513.22,904.28,158.17,575.36,764.93,0.0,754.42,78.95,28.49,28.31,28.6,28.24,36.0,27.98,27.96,28.19,28.0,24.53,28.27,28.16,28.39,25.82,24.58,28.3,28.3,36.0,27.95,24.31,0.023114,0.031288,0.022413,0.030001,0.0,0.0168,0.022187,0.015987,0.020884,0.00331,0.017031,0.022553,0.016137,0.021246,0.003314,0.017867,0.023767,0.0,0.022431,0.001616
2020-01-13 00:00:00,20.63,20.72,20.91,20.81,21.17,22.14,22.18,22.03,22.77,22.82,22.35,22.69,22.55,20.85,22.88,22.16,22.65,21.19,22.37,22.81,-7.54,0.0,1.0,1.0,1.0,1.0,0.0,1.0,1.0,1.0,1.0,1.0,1.0,1.0,1.0,1.0,1.0,1.0,1.0,0.0,1.0,0.393,36.0,21.0,23.0,698.65,970.69,667.88,940.01,0.0,561.52,746.51,521.98,697.23,158.38,549.38,737.98,513.01,868.76,157.86,574.45,763.85,0.0,753.46,79.86,28.77,28.58,28.87,28.5,36.0,28.0,27.95,28.19,28.01,24.55,28.28,28.17,28.39,26.22,24.61,28.31,28.31,36.0,27.96,24.18,0.023114,0.031288,0.022413,0.030001,0.0,0.0168,0.022187,0.015987,0.020884,0.00331,0.017031,0.022553,0.016137,0.021246,0.003314,0.017867,0.023767,0.0,0.022431,0.001616
2020-01-13 00:15:00,20.61,20.71,20.88,20.78,21.16,22.15,22.02,22.01,22.77,22.85,22.35,22.7,22.55,20.9,22.91,22.16,22.65,21.38,22.37,22.82,-7.53,0.0,1.0,1.0,1.0,1.0,0.0,1.0,1.0,1.0,1.0,1.0,1.0,1.0,1.0,0.739,1.0,1.0,1.0,1.0,1.0,1.0,36.0,21.0,23.0,698.51,970.42,668.38,939.69,0.0,560.39,746.67,522.51,696.73,158.06,548.81,736.97,513.12,650.38,157.53,573.89,763.13,746.15,752.89,198.95,28.77,28.58,28.87,28.51,36.0,28.02,27.95,28.18,28.02,24.58,28.29,28.18,28.39,26.09,24.63,28.32,28.32,25.46,27.97,24.44,0.023114,0.031288,0.022413,0.030001,0.0,0.0168,0.022187,0.015987,0.020884,0.00331,0.017031,0.022553,0.016137,0.015703,0.003314,0.017867,0.023767,0.016941,0.022431,0.004117
2020-01-13 00:30:00,20.6,20.7,20.86,20.77,21.13,22.16,22.16,21.99,22.77,22.87,22.36,22.71,22.55,20.89,22.93,22.16,22.66,21.53,22.37,22.88,-7.53,0.0,1.0,1.0,1.0,1.0,0.0,1.0,1.0,1.0,1.0,1.0,1.0,1.0,1.0,0.739,1.0,1.0,1.0,1.0,1.0,1.0,36.0,21.0,23.0,698.72,970.44,669.18,940.26,0.0,559.47,748.62,523.13,696.36,157.75,548.37,736.08,513.24,656.81,157.21,573.48,762.55,667.67,752.49,195.4,28.77,28.58,28.86,28.5,36.0,28.03,27.93,28.17,28.02,24.6,28.3,28.19,28.39,25.99,24.65,28.32,28.32,26.57,27.97,24.64,0.023114,0.031288,0.022413,0.030001,0.0,0.0168,0.022187,0.015987,0.020884,0.00331,0.017031,0.022553,0.016137,0.015703,0.003314,0.017867,0.023767,0.016941,0.022431,0.004117
2020-01-13 00:45:00,20.59,20.7,20.85,20.76,21.12,22.17,22.2,21.97,22.77,22.9,22.36,22.71,22.55,20.88,22.96,22.16,22.66,21.8,22.37,22.93,-7.52,0.0,1.0,1.0,1.0,1.0,0.0,1.0,1.0,1.0,1.0,1.0,1.0,1.0,1.0,0.739,1.0,1.0,1.0,1.0,1.0,1.0,36.0,21.0,23.0,698.7,970.14,669.71,940.26,0.0,558.62,747.53,523.76,696.1,157.45,548.02,735.31,513.45,659.54,156.9,573.18,762.09,626.61,752.23,193.07,28.77,28.58,28.85,28.5,36.0,28.04,27.94,28.16,28.03,24.62,28.3,28.2,28.39,25.95,24.67,28.33,28.33,27.15,27.98,24.78,0.023114,0.031288,0.022413,0.030001,0.0,0.0168,0.022187,0.015987,0.020884,0.00331,0.017031,0.022553,0.016137,0.015703,0.003314,0.017867,0.023767,0.016941,0.022431,0.004117
2020-01-13 01:00:00,20.58,20.7,20.84,20.76,21.09,22.18,22.32,21.95,22.77,22.92,22.36,22.72,22.54,20.88,22.98,22.16,22.66,21.89,22.36,22.97,-7.53,0.0,1.0,1.0,1.0,1.0,0.0,1.0,1.0,1.0,1.0,1.0,1.0,1.0,1.0,0.739,1.0,1.0,1.0,1.0,1.0,1.0,36.0,21.0,23.0,698.6,969.8,670.18,940.25,0.0,557.91,746.72,524.45,695.93,157.14,547.76,734.63,513.66,660.63,156.59,572.97,761.73,601.53,752.07,191.4,28.77,28.58,28.85,28.5,36.0,28.06,27.95,28.15,28.03,24.64,28.31,28.21,28.38,25.94,24.7,28.33,28.33,27.51,27.98,24.88,0.023114,0.031288,0.022413,0.030001,0.0,0.0168,0.022187,0.015987,0.020884,0.00331,0.017031,0.022553,0.016137,0.015703,0.003314,0.017867,0.023767,0.016941,0.022431,0.004117
2020-01-13 01:15:00,20.58,20.69,20.82,20.75,21.07,22.18,22.34,21.93,22.76,22.94,22.36,22.72,22.54,20.89,23.0,22.15,22.66,22.01,22.36,23.01,-7.53,0.0,1.0,1.0,1.0,1.0,0.0,1.0,1.0,1.0,1.0,1.0,1.0,1.0,1.0,0.777,0.94,1.0,1.0,1.0,1.0,1.0,36.0,21.0,23.0,698.53,969.49,670.65,940.23,0.0,557.25,744.85,525.12,695.83,156.85,547.56,734.04,513.93,690.91,147.35,572.83,761.45,586.71,752.0,190.14,28.77,28.59,28.84,28.5,36.0,28.06,27.97,28.14,28.03,24.67,28.31,28.21,28.38,25.99,24.69,28.33,28.34,27.71,27.98,24.95,0.023114,0.031288,0.022413,0.030001,0.0,0.0168,0.022187,0.015987,0.020884,0.00331,0.017031,0.022553,0.016137,0.016517,0.003117,0.017867,0.023767,0.016941,0.022431,0.004117
2020-01-13 01:30:00,20.57,20.69,20.81,20.74,21.05,22.19,22.39,21.91,22.76,22.97,22.35,22.73,22.53,20.92,23.02,22.15,22.66,22.06,22.35,23.04,-7.54,0.0,1.0,1.0,1.0,1.0,0.0,1.0,1.0,1.0,1.0,1.0,1.0,1.0,1.0,0.777,0.94,1.0,1.0,1.0,1.0,1.0,36.0,21.0,23.0,699.21,970.15,671.75,941.1,0.0,556.69,743.69,525.84,695.79,156.56,547.41,733.52,514.21,687.61,147.36,572.76,761.23,576.87,752.01,189.16,28.76,28.58,28.83,28.5,36.0,28.07,27.98,28.13,28.03,24.69,28.31,28.22,28.38,26.04,24.69,28.33,28.34,27.85,27.98,25.01,0.023114,0.031288,0.022413,0.030001,0.0,0.0168,0.022187,0.015987,0.020884,0.00331,0.017031,0.022553,0.016137,0.016517,0.003117,0.017867,0.023767,0.016941,0.022431,0.004117
2020-01-13 01:45:00,20.56,20.68,20.79,20.73,21.03,22.19,22.41,21.89,22.75,22.99,22.35,22.73,22.53,20.94,23.03,22.15,22.66,22.11,22.35,23.07,-7.55,0.0,1.0,1.0,1.0,1.0,0.0,1.0,1.0,1.0,1.0,1.0,1.0,1.0,1.0,0.777,0.94,1.0,1.0,1.0,1.0,1.0,36.0,21.0,23.0,699.91,970.84,672.86,941.97,0.0,556.17,742.36,526.53,695.8,156.27,547.31,733.06,514.52,685.19,147.29,572.73,761.08,570.6,752.07,188.35,28.76,28.58,28.82,28.49,36.0,28.08,28.0,28.12,28.03,24.71,28.31,28.22,28.37,26.08,24.7,28.33,28.34,27.94,27.98,25.05,0.023114,0.031288,0.022413,0.030001,0.0,0.0168,0.022187,0.015987,0.020884,0.00331,0.017031,0.022553,0.016137,0.016517,0.003117,0.017867,0.023767,0.016941,0.022431,0.004117
2020-01-13 02:00:00,20.55,20.67,20.77,20.72,21.01,22.19,22.43,21.87,22.74,23.01,22.34,22.73,22.52,20.95,23.05,22.13,22.65,22.13,22.33,23.1,-7.53,0.0,1.0,1.0,1.0,1.0,0.0,1.0,1.0,1.0,1.0,1.0,1.0,1.0,1.0,0.777,0.94,1.0,1.0,1.0,1.0,1.0,36.0,21.0,23.0,700.69,971.61,674.01,942.96,0.0,555.76,741.45,527.27,695.89,155.99,547.28,732.69,514.85,683.33,147.17,572.79,761.0,566.07,752.24,187.67,28.75,28.57,28.81,28.48,36.0,28.09,28.01,28.11,28.03,24.73,28.31,28.23,28.37,26.1,24.7,28.33,28.34,28.01,27.98,25.09,0.023114,0.031288,0.022413,0.030001,0.0,0.0168,0.022187,0.015987,0.020884,0.00331,0.017031,0.022553,0.016137,0.016517,0.003117,0.017867,0.023767,0.016941,0.022431,0.004117
2020-01-13 02:15:00,20.53,20.66,20.75,20.7,21.06,22.18,22.43,21.85,22.72,23.0,22.32,22.72,22.5,20.87,23.01,22.11,22.64,21.83,22.32,23.03,-7.5,0.0,1.0,1.0,1.0,1.0,0.533,1.0,1.0,1.0,1.0,0.566,1.0,1.0,1.0,0.58,0.317,1.0,1.0,0.0,1.0,0.12,36.0,21.0,23.0,701.53,972.44,675.18,944.02,106.83,555.48,740.64,528.04,696.16,89.71,547.41,732.47,515.27,524.72,50.85,573.02,761.09,0.0,752.63,23.49,28.74,28.56,28.79,28.47,21.44,28.09,28.01,28.1,28.03,24.54,28.31,28.23,28.36,25.81,24.42,28.33,28.34,36.0,27.97,24.62,0.023114,0.031288,0.022413,0.030001,0.001755,0.0168,0.022187,0.015987,0.020884,0.001873,0.017031,0.022553,0.016137,0.012313,0.00105,0.017867,0.023767,0.0,0.022431,0.000494
2020-01-13 02:30:00,20.57,20.7,20.79,20.73,21.06,22.17,22.27,21.86,22.71,22.97,22.31,22.72,22.49,20.77,22.95,22.1,22.63,21.53,22.3,22.92,-7.48,0.0,1.0,1.0,1.0,1.0,0.533,1.0,1.0,1.0,1.0,0.566,1.0,1.0,1.0,0.58,0.317,1.0,1.0,0.0,1.0,0.12,36.0,21.0,23.0,728.81,1007.38,701.24,977.11,107.12,555.41,740.67,528.86,696.68,90.87,547.76,732.47,515.86,536.5,51.88,573.5,761.41,0.0,753.29,24.31,28.46,28.3,28.51,28.21,21.4,28.09,28.01,28.09,28.02,24.39,28.31,28.23,28.35,25.58,24.18,28.32,28.34,36.0,27.97,24.22,0.023114,0.031288,0.022413,0.030001,0.001755,0.0168,0.022187,0.015987,0.020884,0.001873,0.017031,0.022553,0.016137,0.012313,0.00105,0.017867,0.023767,0.0,0.022431,0.000494
2020-01-13 02:45:00,20.58,20.71,20.79,20.74,21.07,22.16,22.12,21.85,22.69,22.94,22.29,22.71,22.48,20.67,22.89,22.08,22.62,21.18,22.28,22.79,-7.46,0.0,1.0,1.0,1.0,1.0,0.533,1.0,1.0,1.0,1.0,0.566,1.0,1.0,1.0,0.58,0.317,1.0,1.0,0.0,1.0,0.12,36.0,21.0,23.0,729.68,1008.16,702.43,978.1,107.1,555.33,742.54,529.41,697.14,91.65,548.05,732.42,516.37,544.05,52.62,573.91,761.66,0.0,753.93,24.9,28.45,28.29,28.5,28.2,21.4,28.09,27.99,28.08,28.01,24.29,28.3,28.23,28.34,25.43,24.02,28.32,28.33,36.0,27.96,23.94,0.023114,0.031288,0.022413,0.030001,0.001755,0.0168,0.022187,0.015987,0.020884,0.001873,0.017031,0.022553,0.016137,0.012313,0.00105,0.017867,0.023767,0.0,0.022431,0.000494
2020-01-13 03:00:00,20.55,20.69,20.76,20.72,21.07,22.13,21.96,21.84,22.65,22.91,22.25,22.69,22.45,20.57,22.84,22.03,22.6,20.91,22.23,22.68,-7.46,0.0,1.0,1.0,1.0,1.0,0.533,1.0,1.0,1.0,1.0,0.566,1.0,1.0,1.0,0.58,0.317,1.0,1.0,0.0,1.0,0.12,36.0,21.0,23.0,730.64,1009.01,703.6,979.31,107.1,555.46,745.31,530.03,697.85,92.23,548.56,732.58,517.01,549.53,53.18,574.57,762.14,0.0,754.87,25.37,28.44,28.28,28.49,28.19,21.4,28.09,27.96,28.07,28.01,24.22,28.29,28.23,28.33,25.32,23.89,28.31,28.33,36.0,27.95,23.71,0.023114,0.031288,0.022413,0.030001,0.001755,0.0168,0.022187,0.015987,0.020884,0.001873,0.017031,0.022553,0.016137,0.012313,0.00105,0.017867,0.023767,0.0,0.022431,0.000494
2020-01-13 03:15:00,20.48,20.63,20.69,20.66,20.99,22.1,21.88,21.81,22.6,22.92,22.2,22.66,22.41,20.65,22.84,21.98,22.56,20.95,22.18,22.68,-7.46,0.0,1.0,1.0,1.0,1.0,0.0,1.0,1.0,1.0,1.0,1.0,1.0,1.0,1.0,1.0,1.0,1.0,1.0,1.0,1.0,1.0,36.0,21.0,23.0,703.97,974.2,678.62,947.32,0.0,555.67,748.32,530.57,698.7,160.85,549.15,732.81,517.68,894.22,164.45,575.32,762.68,772.85,755.94,204.96,28.71,28.55,28.76,28.45,36.0,28.09,27.93,28.06,28.0,24.38,28.29,28.23,28.33,25.93,24.13,28.3,28.32,25.09,27.94,24.09,0.023114,0.031288,0.022413,0.030001,0.0,0.0168,0.022187,0.015987,0.020884,0.00331,0.017031,0.022553,0.016137,0.021246,0.003314,0.017867,0.023767,0.016941,0.022431,0.004117
2020-01-13 03:30:00,20.45,20.6,20.64,20.61,20.99,22.09,21.88,21.73,22.55,22.95,22.2,22.63,22.33,20.8,22.88,21.99,22.53,21.18,22.13,22.74,-7.46,0.0,1.0,1.0,1.0,1.0,0.0,1.0,1.0,1.0,1.0,1.0,1.0,1.0,1.0,1.0,1.0,1.0,1.0,1.0,1.0,1.0,36.0,21.0,23.0,704.62,974.98,679.7,948.32,0.0,556.09,750.17,531.62,700.07,159.13,550.02,733.47,518.78,857.09,161.77,576.34,763.67,692.06,757.61,199.86,28.71,28.54,28.74,28.44,36.0,28.08,27.91,28.04,27.98,24.5,28.27,28.22,28.31,26.35,24.32,28.28,28.31,26.23,27.92,24.39,0.023114,0.031288,0.022413,0.030001,0.0,0.0168,0.022187,0.015987,0.020884,0.00331,0.017031,0.022553,0.016137,0.021246,0.003314,0.017867,0.023767,0.016941,0.022431,0.004117
2020-01-13 03:45:00,20.42,20.57,20.6,20.57,20.92,22.04,21.98,21.71,22.5,22.99,22.17,22.6,22.3,20.91,22.93,21.96,22.5,21.3,22.08,22.81,-7.47,0.0,1.0,1.0,1.0,1.0,0.0,1.0,1.0,1.0,1.0,1.0,1.0,1.0,1.0,1.0,1.0,1.0,1.0,1.0,1.0,1.0,36.0,21.0,23.0,705.61,976.1,681.27,950.2,0.0,556.38,751.5,533.28,701.61,157.97,550.46,734.26,520.4,835.54,160.02,576.78,764.8,649.0,759.49,196.57,28.7,28.54,28.73,28.42,36.0,28.08,27.9,28.02,27.96,24.58,28.27,28.21,28.28,26.59,24.45,28.28,28.3,26.84,27.9,24.58,0.023114,0.031288,0.022413,0.030001,0.0,0.0168,0.022187,0.015987,0.020884,0.00331,0.017031,0.022553,0.016137,0.021246,0.003314,0.017867,0.023767,0.016941,0.022431,0.004117
2020-01-13 04:00:00,20.41,20.57,20.59,20.57,20.92,22.04,22.02,21.67,22.5,23.02,22.18,22.6,22.28,21.02,22.96,21.96,22.5,21.46,22.07,22.86,-7.46,0.0,1.0,1.0,1.0,1.0,0.0,1.0,1.0,1.0,1.0,1.0,1.0,1.0,1.0,1.0,1.0,1.0,1.0,1.0,1.0,1.0,36.0,21.0,23.0,706.13,976.51,682.12,951.06,0.0,556.98,751.15,534.36,703.09,157.12,551.07,735.02,521.62,821.83,158.77,577.43,765.87,624.27,761.27,194.26,28.69,28.53,28.72,28.42,36.0,28.07,27.9,28.0,27.95,24.65,28.26,28.2,28.27,26.75,24.54,28.27,28.29,27.18,27.88,24.71,0.023114,0.031288,0.022413,0.030001,0.0,0.0168,0.022187,0.015987,0.020884,0.00331,0.017031,0.022553,0.016137,0.021246,0.003314,0.017867,0.023767,0.016941,0.022431,0.004117
2020-01-13 04:15:00,20.4,20.57,20.59,20.56,20.99,22.04,22.1,21.68,22.5,23.0,22.18,22.61,22.29,20.84,22.99,21.97,22.5,21.54,22.07,22.9,-7.45,0.0,1.0,1.0,1.0,1.0,1.0,1.0,1.0,1.0,1.0,0.529,1.0,1.0,1.0,0.334,1.0,1.0,1.0,1.0,1.0,1.0,36.0,21.0,23.0,706.21,976.33,682.41,951.23,187.28,557.15,750.76,535.52,703.93,84.4,551.34,735.3,522.56,301.46,157.83,577.71,766.38,608.6,762.24,192.58,28.69,28.53,28.72,28.41,22.41,28.07,27.9,27.99,27.94,24.47,28.26,28.2,28.25,25.83,24.61,28.26,28.29,27.41,27.87,24.81,0.023114,0.031288,0.022413,0.030001,0.003296,0.0168,0.022187,0.015987,0.020884,0.001751,0.017031,0.022553,0.016137,0.007088,0.003314,0.017867,0.023767,0.016941,0.022431,0.004117
2020-01-13 04:30:00,20.46,20.62,20.64,20.61,21.11,22.05,22.14,21.74,22.51,22.97,22.19,22.62,22.29,20.57,23.02,21.97,22.51,21.62,22.08,22.93,-7.45,0.0,1.0,1.0,1.0,1.0,1.0,1.0,1.0,1.0,1.0,0.529,1.0,1.0,1.0,0.334,1.0,1.0,1.0,1.0,1.0,1.0,36.0,21.0,23.0,732.49,1009.96,707.41,983.05,189.03,557.29,749.77,536.09,704.53,85.45,551.54,735.46,523.22,323.15,157.09,577.9,766.72,598.41,762.89,191.27,28.42,28.28,28.45,28.16,22.28,28.06,27.92,27.98,27.93,24.32,28.25,28.2,28.24,25.09,24.66,28.26,28.28,27.55,27.86,24.88,0.023114,0.031288,0.022413,0.030001,0.003296,0.0168,0.022187,0.015987,0.020884,0.001751,0.017031,0.022553,0.016137,0.007088,0.003314,0.017867,0.023767,0.016941,0.022431,0.004117
2020-01-13 04:45:00,20.43,20.59,20.6,20.59,21.17,22.05,22.17,21.77,22.51,22.93,22.19,22.63,22.29,20.28,23.05,21.98,22.51,21.69,22.09,22.97,-7.44,0.0,1.0,1.0,1.0,1.0,1.0,1.0,1.0,1.0,1.0,0.529,1.0,1.0,1.0,0.334,1.0,1.0,1.0,1.0,1.0,1.0,36.0,21.0,23.0,705.5,974.89,682.11,950.35,187.2,557.09,748.7,535.81,704.74,86.17,551.45,735.27,523.52,337.18,156.5,577.79,766.67,591.45,763.08,190.28,28.7,28.55,28.72,28.42,22.41,28.07,27.93,27.98,27.93,24.23,28.25,28.2,28.24,24.62,24.7,28.26,28.28,27.65,27.86,24.94,0.023114,0.031288,0.022413,0.030001,0.003296,0.0168,0.022187,0.015987,0.020884,0.001751,0.017031,0.022553,0.016137,0.007088,0.003314,0.017867,0.023767,0.016941,0.022431,0.004117
2020-01-13 05:00:00,20.4,20.57,20.57,20.56,21.2,22.05,22.18,21.78,22.49,22.9,22.18,22.61,22.27,20.06,23.08,21.97,22.5,21.71,22.06,23.0,-7.42,0.0,1.0,1.0,1.0,1.0,1.0,1.0,1.0,1.0,1.0,0.529,1.0,1.0,1.0,0.334,1.0,1.0,1.0,1.0,1.0,1.0,36.0,21.0,23.0,706.08,975.65,683.04,951.06,186.26,556.99,748.1,535.97,705.03,86.71,551.48,735.19,523.94,347.72,156.0,577.81,766.75,586.32,763.36,189.44,28.69,28.54,28.71,28.42,22.48,28.07,27.93,27.98,27.92,24.15,28.25,28.2,28.23,24.26,24.74,28.26,28.28,27.72,27.86,24.99,0.023114,0.031288,0.022413,0.030001,0.003296,0.0168,0.022187,0.015987,0.020884,0.001751,0.017031,0.022553,0.016137,0.007088,0.003314,0.017867,0.023767,0.016941,0.022431,0.004117
2020-01-13 05:15:00,20.38,20.55,20.54,20.53,21.02,22.03,22.18,21.77,22.46,22.92,22.16,22.6,22.24,20.17,23.02,21.95,22.48,21.73,22.03,23.02,-7.41,0.0,1.0,1.0,1.0,1.0,0.0,1.0,1.0,1.0,1.0,1.0,1.0,1.0,1.0,1.0,0.052,1.0,1.0,1.0,1.0,0.881,36.0,21.0,23.0,707.41,977.24,684.73,953.07,0.0,557.07,747.65,536.18,705.75,161.52,551.75,735.43,524.63,958.33,8.48,578.1,767.17,582.8,764.17,167.31,28.68,28.53,28.69,28.4,36.0,28.07,27.94,27.98,27.92,24.33,28.25,28.2,28.22,25.21,24.32,28.26,28.28,27.77,27.85,24.97,0.023114,0.031288,0.022413,0.030001,0.0,0.0168,0.022187,0.015987,0.020884,0.00331,0.017031,0.022553,0.016137,0.021246,0.000174,0.017867,0.023767,0.016941,0.022431,0.003628
2020-01-13 05:30:00,20.36,20.54,20.51,20.51,21.07,22.01,22.18,21.65,22.43,22.95,22.14,22.58,22.22,20.44,22.92,21.93,22.46,21.73,22.0,23.03,-7.39,0.0,1.0,1.0,1.0,1.0,0.0,1.0,1.0,1.0,1.0,1.0,1.0,1.0,1.0,1.0,0.052,1.0,1.0,1.0,1.0,0.881,36.0,21.0,23.0,708.56,978.47,686.19,954.7,0.0,557.29,747.51,536.57,706.65,159.59,552.12,735.8,525.45,899.58,8.73,578.51,767.75,580.15,765.19,167.56,28.67,28.52,28.68,28.39,36.0,28.06,27.94,27.97,27.9,24.47,28.24,28.19,28.21,25.87,23.97,28.25,28.27,27.81,27.84,24.95,0.023114,0.031288,0.022413,0.030001,0.0,0.0168,0.022187,0.015987,0.020884,0.00331,0.017031,0.022553,0.016137,0.021246,0.000174,0.017867,0.023767,0.016941,0.022431,0.003628
2020-01-13 05:45:00,20.34,20.52,20.49,20.49,20.95,21.99,22.17,21.69,22.4,22.99,22.13,22.56,22.19,20.64,22.82,21.91,22.44,21.74,21.97,23.04,-7.38,0.0,1.0,1.0,1.0,1.0,0.0,1.0,1.0,1.0,1.0,1.0,1.0,1.0,1.0,1.0,0.052,1.0,1.0,1.0,1.0,0.881,36.0,21.0,23.0,709.67,979.74,687.67,956.35,0.0,557.59,747.46,538.16,707.68,158.3,552.55,736.26,526.37,865.76,8.92,578.98,768.42,578.26,766.36,167.62,28.65,28.51,28.66,28.37,36.0,28.06,27.94,27.95,27.89,24.56,28.24,28.19,28.2,26.25,23.71,28.25,28.27,27.83,27.83,24.95,0.023114,0.031288,0.022413,0.030001,0.0,0.0168,0.022187,0.015987,0.020884,0.00331,0.017031,0.022553,0.016137,0.021246,0.000174,0.017867,0.023767,0.016941,0.022431,0.003628
2020-01-13 06:00:00,20.33,20.51,20.46,20.47,21.0,21.97,22.17,21.59,22.37,23.02,22.11,22.55,22.16,20.76,22.73,21.9,22.43,21.74,21.94,23.05,-7.37,0.0,1.0,1.0,1.0,1.0,0.0,1.0,1.0,1.0,1.0,1.0,1.0,1.0,1.0,1.0,0.052,1.0,1.0,1.0,1.0,0.881,36.0,21.0,23.0,710.77,981.0,689.15,957.98,0.0,557.95,747.56,538.65,708.79,157.35,553.01,736.79,527.34,844.49,9.06,579.5,769.15,576.81,767.61,167.59,28.64,28.5,28.64,28.36,36.0,28.05,27.94,27.94,27.88,24.63,28.23,28.18,28.18,26.49,23.51,28.24,28.26,27.85,27.81,24.95,0.023114,0.031288,0.022413,0.030001,0.0,0.0168,0.022187,0.015987,0.020884,0.00331,0.017031,0.022553,0.016137,0.021246,0.000174,0.017867,0.023767,0.016941,0.022431,0.003628
2020-01-13 06:15:00,20.31,20.49,20.44,20.45,20.97,21.74,22.16,21.62,22.34,23.0,22.09,22.53,22.13,20.83,22.73,21.88,22.41,21.65,21.91,23.03,-7.36,0.0,1.0,1.0,1.0,1.0,0.691,0.356,1.0,1.0,1.0,0.492,1.0,1.0,1.0,0.969,1.0,1.0,1.0,0.673,1.0,0.555,36.0,21.0,23.0,711.87,982.26,690.6,959.6,130.21,223.4,747.71,540.13,709.92,78.63,553.49,737.33,528.33,808.62,168.39,580.02,769.89,410.6,768.87,107.36,28.63,28.49,28.63,28.35,22.33,27.07,27.94,27.92,27.87,24.44,28.23,28.18,28.17,26.6,23.85,28.23,28.25,27.39,27.8,24.77,0.023114,0.031288,0.022413,0.030001,0.002278,0.005986,0.022187,0.015987,0.020884,0.001627,0.017031,0.022553,0.016137,0.020581,0.003314,0.017867,0.023767,0.011404,0.022431,0.002286
2020-01-13 06:30:00,20.29,20.48,20.41,20.43,21.14,21.53,22.12,21.58,22.31,22.96,22.08,22.52,22.01,20.87,22.78,21.87,22.39,21.55,21.88,22.98,-7.35,0.0,1.0,1.0,1.0,1.0,0.691,0.356,1.0,1.0,1.0,0.492,1.0,1.0,1.0,0.969,1.0,1.0,1.0,0.673,1.0,0.555,36.0,21.0,23.0,712.96,983.52,692.04,961.21,131.26,242.29,747.92,540.68,711.07,79.68,553.98,737.89,529.32,802.25,164.71,580.55,770.64,426.62,770.15,108.75,28.62,28.48,28.61,28.34,22.21,26.32,27.94,27.91,27.85,24.29,28.22,28.17,28.15,26.67,24.11,28.23,28.24,27.05,27.79,24.62,0.023114,0.031288,0.022413,0.030001,0.002278,0.005986,0.022187,0.015987,0.020884,0.001627,0.017031,0.022553,0.016137,0.020581,0.003314,0.017867,0.023767,0.011404,0.022431,0.002286
2020-01-13 06:45:00,20.28,20.46,20.39,20.41,21.09,21.32,22.07,21.66,22.29,22.93,22.06,22.5,21.91,20.9,22.84,21.85,22.38,21.46,21.85,22.94,-7.35,0.0,1.0,1.0,1.0,1.0,0.691,0.356,1.0,1.0,1.0,0.492,1.0,1.0,1.0,0.969,1.0,1.0,1.0,0.673,1.0,0.555,36.0,21.0,23.0,713.78,984.47,693.25,962.57,130.77,254.76,748.64,541.74,712.25,80.41,554.48,738.48,531.15,797.46,162.33,581.09,771.41,436.4,771.43,109.72,28.61,28.47,28.6,28.32,22.27,25.82,27.93,27.89,27.84,24.18,28.21,28.17,28.13,26.73,24.28,28.22,28.24,26.85,27.77,24.52,0.023114,0.031288,0.022413,0.030001,0.002278,0.005986,0.022187,0.015987,0.020884,0.001627,0.017031,0.022553,0.016137,0.020581,0.003314,0.017867,0.023767,0.011404,0.022431,0.002286
2020-01-13 07:00:00,20.27,20.46,20.38,20.4,21.18,21.17,22.04,21.62,22.29,22.89,22.06,22.51,21.82,20.95,22.88,21.85,22.38,21.4,21.85,22.9,-7.33,0.0,1.0,1.0,1.0,1.0,0.691,0.356,1.0,1.0,1.0,0.492,1.0,1.0,1.0,0.969,1.0,1.0,1.0,0.673,1.0,0.555,36.0,21.0,23.0,714.45,985.21,694.22,963.62,130.77,263.84,749.5,541.55,713.34,80.95,554.92,739.0,533.07,793.67,160.64,581.56,772.1,442.98,772.61,110.47,28.61,28.47,28.59,28.32,22.27,25.46,27.92,27.9,27.83,24.1,28.2,28.16,28.1,26.77,24.4,28.21,28.23,26.71,27.76,24.44,0.023114,0.031288,0.022413,0.030001,0.002278,0.005986,0.022187,0.015987,0.020884,0.001627,0.017031,0.022553,0.016137,0.020581,0.003314,0.017867,0.023767,0.011404,0.022431,0.002286
2020-01-13 07:15:00,20.27,20.43,20.38,20.43,20.99,21.24,21.97,21.68,22.36,22.91,22.07,22.42,21.75,20.91,22.92,21.86,22.28,21.14,21.95,22.92,-7.32,0.0,1.0,1.0,1.0,1.0,0.0,1.0,1.0,1.0,1.0,1.0,1.0,1.0,1.0,0.518,1.0,1.0,1.0,0.0,1.0,1.0,36.0,21.0,23.0,714.9,986.19,694.82,963.67,0.0,675.97,750.54,542.18,713.7,162.09,555.14,739.61,534.99,453.67,159.41,581.78,772.94,0.0,772.82,195.45,28.6,28.46,28.58,28.32,36.0,26.37,27.91,27.89,27.82,24.29,28.2,28.15,28.07,26.14,24.49,28.21,28.22,36.0,27.76,24.64,0.023114,0.031288,0.022413,0.030001,0.0,0.0168,0.022187,0.015987,0.020884,0.00331,0.017031,0.022553,0.016137,0.011008,0.003314,0.017867,0.023767,0.0,0.022431,0.004117
2020-01-13 07:30:00,20.27,20.44,20.38,20.42,21.05,21.36,21.86,21.56,22.37,22.95,22.07,22.43,21.8,20.71,22.95,21.86,22.28,20.85,21.96,22.97,-7.31,0.0,1.0,1.0,1.0,1.0,0.0,1.0,1.0,1.0,1.0,1.0,1.0,1.0,1.0,0.518,1.0,1.0,1.0,0.0,1.0,1.0,36.0,21.0,23.0,715.24,987.27,695.34,963.5,0.0,632.74,752.06,541.93,712.98,160.01,555.25,741.19,536.65,474.86,158.47,581.88,774.96,0.0,771.49,192.7,28.6,28.45,28.58,28.32,36.0,26.99,27.89,27.89,27.83,24.44,28.2,28.14,28.04,25.68,24.56,28.21,28.2,36.0,27.77,24.8,0.023114,0.031288,0.022413,0.030001,0.0,0.0168,0.022187,0.015987,0.020884,0.00331,0.017031,0.022553,0.016137,0.011008,0.003314,0.017867,0.023767,0.0,0.022431,0.004117
2020-01-13 07:45:00,20.27,20.44,20.38,20.42,20.94,21.49,21.73,21.63,22.38,22.98,22.08,22.43,21.85,20.56,22.98,21.87,22.29,20.6,21.98,23.01,-7.3,0.0,1.0,1.0,1.0,1.0,0.0,1.0,1.0,1.0,1.0,1.0,1.0,1.0,1.0,0.518,1.0,1.0,1.0,0.0,1.0,1.0,36.0,21.0,23.0,715.39,987.46,695.72,964.0,0.0,609.91,754.17,543.07,712.72,158.62,555.27,741.83,537.2,488.69,157.72,581.87,775.84,0.0,770.89,190.86,28.6,28.45,28.57,28.31,36.0,27.31,27.87,27.87,27.84,24.54,28.2,28.13,28.04,25.38,24.62,28.21,28.19,36.0,27.78,24.91,0.023114,0.031288,0.022413,0.030001,0.0,0.0168,0.022187,0.015987,0.020884,0.00331,0.017031,0.022553,0.016137,0.011008,0.003314,0.017867,0.023767,0.0,0.022431,0.004117
2020-01-13 08:00:00,20.27,20.44,20.38,20.42,21.0,21.57,21.62,21.55,22.39,23.01,22.09,22.44,21.9,20.45,23.01,21.88,22.29,20.38,21.99,23.05,-7.28,0.0,1.0,1.0,1.0,1.0,0.0,1.0,1.0,1.0,1.0,1.0,1.0,1.0,1.0,0.518,1.0,1.0,1.0,0.0,1.0,1.0,36.0,21.0,23.0,715.69,987.68,696.15,964.28,0.0,596.34,756.81,542.86,712.48,157.6,555.23,742.19,537.27,498.3,157.09,581.8,776.36,0.0,770.39,189.51,28.59,28.45,28.57,28.31,36.0,27.51,27.84,27.88,27.84,24.61,28.2,28.13,28.03,25.17,24.66,28.21,28.19,36.0,27.78,24.99,0.023114,0.031288,0.022413,0.030001,0.0,0.0168,0.022187,0.015987,0.020884,0.00331,0.017031,0.022553,0.016137,0.011008,0.003314,0.017867,0.023767,0.0,0.022431,0.004117
2020-01-13 08:15:00,20.28,20.45,20.38,20.43,21.01,21.31,21.52,21.61,22.4,23.0,22.1,22.45,21.93,20.57,23.01,21.89,22.3,20.53,22.0,23.03,-7.25,3.4,1.0,1.0,1.0,1.0,0.705,0.0,1.0,1.0,1.0,0.558,1.0,1.0,1.0,1.0,0.666,1.0,1.0,1.0,1.0,0.525,36.0,21.0,23.0,715.49,987.38,696.12,964.26,132.7,0.0,759.27,543.61,712.14,89.1,555.03,742.24,536.97,903.5,105.7,581.55,776.5,813.98,769.8,101.4,28.59,28.45,28.57,28.31,22.34,36.0,27.81,27.87,27.84,24.46,28.2,28.13,28.04,25.83,24.54,28.21,28.18,24.51,27.79,24.78,0.023114,0.031288,0.022413,0.030001,0.002325,0.0,0.022187,0.015987,0.020884,0.001846,0.017031,0.022553,0.016137,0.021246,0.002207,0.017867,0.023767,0.016941,0.022431,0.002161
2020-01-13 08:30:00,20.3,20.49,20.43,20.44,21.15,21.05,21.65,21.63,22.42,22.97,22.13,22.49,21.82,20.8,22.99,21.92,22.35,20.77,22.04,22.98,-7.22,27.2,1.0,1.0,1.0,1.0,0.705,0.0,1.0,1.0,1.0,0.558,1.0,1.0,1.0,1.0,0.666,1.0,1.0,1.0,1.0,0.525,36.0,21.0,23.0,713.96,980.17,689.05,962.99,133.63,0.0,759.75,541.28,711.28,90.06,554.28,740.04,534.62,861.77,106.56,580.65,774.14,721.3,768.5,102.96,28.61,28.51,28.65,28.32,22.25,36.0,27.81,27.9,27.85,24.33,28.21,28.15,28.07,26.3,24.45,28.23,28.21,25.81,27.8,24.6,0.023114,0.031288,0.022413,0.030001,0.002325,0.0,0.022187,0.015987,0.020884,0.001846,0.017031,0.022553,0.016137,0.021246,0.002207,0.017867,0.023767,0.016941,0.022431,0.002161
2020-01-13 08:45:00,20.38,20.6,20.58,20.52,21.18,20.81,21.83,21.76,22.45,22.95,22.16,22.56,21.71,20.96,22.98,21.96,22.43,21.08,22.08,22.94,-7.19,50.9,1.0,1.0,1.0,1.0,0.705,0.0,1.0,1.0,1.0,0.558,1.0,1.0,1.0,1.0,0.666,1.0,1.0,1.0,1.0,0.525,36.0,21.0,23.0,738.32,1004.42,702.85,993.19,133.5,0.0,754.84,536.19,709.78,90.73,552.9,734.98,531.39,835.65,107.12,578.94,768.49,666.63,766.25,104.05,28.36,28.32,28.5,28.08,22.26,36.0,27.86,27.98,27.87,24.24,28.23,28.2,28.12,26.59,24.39,28.25,28.26,26.59,27.83,24.48,0.023114,0.031288,0.022413,0.030001,0.002325,0.0,0.022187,0.015987,0.020884,0.001846,0.017031,0.022553,0.016137,0.021246,0.002207,0.017867,0.023767,0.016941,0.022431,0.002161
2020-01-13 09:00:00,20.4,20.65,20.66,20.54,21.23,20.53,21.98,21.86,22.49,22.92,22.21,22.66,21.72,21.14,22.96,22.02,22.53,21.39,22.13,22.89,-6.97,74.6,1.0,1.0,1.0,1.0,0.705,0.0,1.0,1.0,1.0,0.558,1.0,1.0,1.0,1.0,0.666,1.0,1.0,1.0,1.0,0.525,36.0,21.0,23.0,709.33,962.67,667.48,958.39,132.85,0.0,747.44,529.09,707.81,91.21,551.05,728.62,526.87,818.54,107.51,576.78,761.46,630.35,763.49,104.85,28.66,28.64,28.88,28.36,22.33,36.0,27.94,28.08,27.89,24.18,28.26,28.27,28.19,26.78,24.35,28.28,28.34,27.1,27.86,24.4,0.023114,0.031288,0.022413,0.030001,0.002325,0.0,0.022187,0.015987,0.020884,0.001846,0.017031,0.022553,0.016137,0.021246,0.002207,0.017867,0.023767,0.016941,0.022431,0.002161
2020-01-13 09:15:00,20.43,20.72,20.77,20.58,21.15,20.82,22.17,21.68,22.54,22.93,22.26,22.37,21.62,20.86,22.98,22.08,22.63,21.29,22.19,22.79,-6.75,98.4,1.0,1.0,1.0,1.0,0.0,1.0,1.0,0.0,1.0,1.0,1.0,0.0,1.0,0.0,1.0,1.0,1.0,0.0,1.0,0.0,36.0,21.0,23.0,706.55,955.28,655.47,955.69,0.0,786.19,740.27,0.0,705.43,161.21,548.84,0.0,519.54,0.0,159.66,574.21,753.66,0.0,760.21,0.0,28.69,28.7,29.0,28.38,36.0,24.8,28.02,36.0,27.92,24.35,28.29,36.0,28.3,36.0,24.48,28.31,28.41,36.0,27.89,36.0,0.023114,0.031288,0.022413,0.030001,0.0,0.0168,0.022187,0.0,0.020884,0.00331,0.017031,0.0,0.016137,0.0,0.003314,0.017867,0.023767,0.0,0.022431,0.0
2020-01-13 09:30:00,20.54,20.87,20.97,20.68,21.01,21.06,22.18,21.47,22.53,22.97,22.31,22.04,21.95,20.37,23.01,22.14,22.82,21.26,22.18,22.68,-6.54,120.2,1.0,1.0,1.0,1.0,0.0,1.0,1.0,0.0,1.0,1.0,1.0,0.0,1.0,0.0,1.0,1.0,1.0,0.0,1.0,0.0,36.0,21.0,23.0,729.97,978.33,660.61,985.33,0.0,698.84,731.26,0.0,703.16,159.34,546.23,0.0,510.33,0.0,158.18,571.19,743.88,0.0,757.05,0.0,28.44,28.52,28.95,28.14,36.0,26.05,28.11,36.0,27.94,24.49,28.33,36.0,28.43,36.0,24.58,28.35,28.51,36.0,27.93,36.0,0.023114,0.031288,0.022413,0.030001,0.0,0.0168,0.022187,0.0,0.020884,0.00331,0.017031,0.0,0.016137,0.0,0.003314,0.017867,0.023767,0.0,0.022431,0.0
2020-01-13 09:45:00,20.63,20.98,21.15,20.78,20.89,21.42,22.21,21.29,22.57,23.0,22.38,21.69,22.21,19.92,23.05,22.21,22.95,21.17,22.23,22.55,-6.32,142.0,1.0,1.0,1.0,1.0,0.0,1.0,1.0,0.0,1.0,1.0,1.0,0.0,1.0,0.0,1.0,1.0,1.0,0.0,1.0,0.0,36.0,21.0,23.0,726.68,972.56,645.23,981.36,0.0,650.68,724.54,0.0,701.1,158.07,543.46,0.0,497.59,0.0,157.16,568.04,734.35,0.0,754.29,0.0,28.48,28.56,29.11,28.17,36.0,26.73,28.19,36.0,27.97,24.58,28.37,36.0,28.62,36.0,24.66,28.39,28.61,36.0,27.96,36.0,0.023114,0.031288,0.022413,0.030001,0.0,0.0168,0.022187,0.0,0.020884,0.00331,0.017031,0.0,0.016137,0.0,0.003314,0.017867,0.023767,0.0,0.022431,0.0
2020-01-13 10:00:00,20.65,21.01,21.27,20.81,20.83,21.68,22.25,21.18,22.62,23.04,22.45,21.41,22.43,19.6,23.08,22.28,23.05,21.11,22.29,22.42,-6.12,163.8,1.0,1.0,1.0,1.0,0.0,1.0,1.0,0.0,1.0,1.0,1.0,0.0,1.0,0.0,1.0,1.0,1.0,0.0,1.0,0.0,36.0,21.0,23.0,697.34,936.52,609.17,945.42,0.0,621.44,719.97,0.0,698.71,157.16,540.68,0.0,484.04,0.0,156.4,565.0,727.18,0.0,751.2,0.0,28.78,28.84,29.5,28.46,36.0,27.15,28.24,36.0,28.0,24.64,28.41,36.0,28.82,36.0,24.71,28.43,28.68,36.0,27.99,36.0,0.023114,0.031288,0.022413,0.030001,0.0,0.0168,0.022187,0.0,0.020884,0.00331,0.017031,0.0,0.016137,0.0,0.003314,0.017867,0.023767,0.0,0.022431,0.0
2020-01-13 10:15:00,20.69,21.03,21.4,20.88,20.94,21.58,22.18,21.16,22.74,23.0,22.51,21.54,22.44,19.87,23.02,22.35,22.88,21.18,22.04,22.3,-5.92,185.6,1.0,1.0,1.0,1.0,1.0,0.0,1.0,0.0,1.0,0.309,1.0,1.0,0.0,1.0,0.021,1.0,0.505,0.0,0.0,0.0,36.0,21.0,23.0,694.1,934.22,592.0,941.86,182.7,0.0,716.17,0.0,695.78,49.77,537.71,956.27,0.0,1053.63,3.49,561.74,397.44,0.0,0.0,0.0,28.82,28.86,29.68,28.49,22.74,36.0,28.28,36.0,28.03,24.36,28.45,25.86,36.0,24.14,24.28,28.48,28.08,36.0,36.0,36.0,0.023114,0.031288,0.022413,0.030001,0.003296,0.0,0.022187,0.0,0.020884,0.001023,0.017031,0.022553,0.0,0.021246,7.1e-05,0.017867,0.012005,0.0,0.0,0.0
2020-01-13 10:30:00,20.82,21.13,21.59,21.0,21.04,21.33,22.25,21.22,22.79,22.95,22.58,21.88,22.2,20.29,22.93,22.42,22.71,21.16,21.57,22.21,-5.73,201.1,1.0,1.0,1.0,1.0,1.0,0.0,1.0,0.0,1.0,0.309,1.0,1.0,0.0,1.0,0.021,1.0,0.505,0.0,0.0,0.0,36.0,21.0,23.0,716.15,966.32,598.98,968.6,185.2,0.0,715.05,0.0,691.67,50.76,534.43,861.2,0.0,949.35,3.59,558.11,421.45,0.0,0.0,0.0,28.59,28.61,29.61,28.28,22.56,36.0,28.29,36.0,28.08,24.13,28.49,26.86,36.0,25.31,23.92,28.53,27.6,36.0,36.0,36.0,0.023114,0.031288,0.022413,0.030001,0.003296,0.0,0.022187,0.0,0.020884,0.001023,0.017031,0.022553,0.0,0.021246,7.1e-05,0.017867,0.012005,0.0,0.0,0.0
2020-01-13 10:45:00,20.92,21.21,21.77,21.12,21.07,21.02,22.29,21.26,22.86,22.88,22.66,22.22,21.99,20.75,22.82,22.51,22.52,21.22,21.09,22.1,-5.53,216.6,1.0,1.0,1.0,1.0,1.0,0.0,1.0,0.0,1.0,0.309,1.0,1.0,0.0,1.0,0.021,1.0,0.505,0.0,0.0,0.0,36.0,21.0,23.0,711.56,964.97,584.19,963.05,185.39,0.0,714.25,0.0,687.8,51.46,531.02,809.0,0.0,888.9,3.67,554.35,437.13,0.0,0.0,0.0,28.64,28.62,29.76,28.32,22.54,36.0,28.3,36.0,28.12,23.97,28.54,27.42,36.0,25.99,23.66,28.58,27.29,36.0,36.0,36.0,0.023114,0.031288,0.022413,0.030001,0.003296,0.0,0.022187,0.0,0.020884,0.001023,0.017031,0.022553,0.0,0.021246,7.1e-05,0.017867,0.012005,0.0,0.0,0.0
2020-01-13 11:00:00,20.97,21.23,21.92,21.16,21.09,20.79,22.34,21.33,22.95,22.82,22.76,22.51,21.9,21.1,22.72,22.62,22.4,21.31,20.76,21.99,-5.33,232.1,1.0,1.0,1.0,1.0,1.0,0.0,1.0,0.0,1.0,0.309,1.0,1.0,0.0,1.0,0.021,1.0,0.505,0.0,0.0,0.0,36.0,21.0,23.0,681.48,930.21,551.25,925.96,184.94,0.0,713.59,0.0,683.93,51.99,527.55,777.82,0.0,850.03,3.73,550.6,448.23,0.0,0.0,0.0,28.95,28.89,30.12,28.62,22.58,36.0,28.31,36.0,28.17,23.85,28.59,27.75,36.0,26.43,23.46,28.63,27.07,36.0,36.0,36.0,0.023114,0.031288,0.022413,0.030001,0.003296,0.0,0.022187,0.0,0.020884,0.001023,0.017031,0.022553,0.0,0.021246,7.1e-05,0.017867,0.012005,0.0,0.0,0.0
2020-01-13 11:15:00,21.01,20.64,21.21,20.74,20.91,20.9,22.2,21.36,22.74,22.75,22.52,22.34,21.84,20.98,22.71,22.35,22.15,21.34,20.95,21.91,-5.13,247.6,0.961,0.342,0.0,0.403,0.0,0.772,0.0,0.0,0.0,0.0,0.0,0.0,0.0,0.0,1.0,0.0,0.0,0.0,1.0,0.0,36.0,21.0,23.0,686.04,446.66,0.0,500.98,0.0,627.88,0.0,0.0,0.0,0.0,0.0,0.0,0.0,0.0,168.89,0.0,0.0,0.0,1006.51,0.0,28.61,26.0,36.0,26.08,36.0,24.42,36.0,36.0,36.0,36.0,36.0,36.0,36.0,36.0,23.81,36.0,36.0,36.0,25.26,36.0,0.022214,0.010686,0.0,0.012084,0.0,0.012971,0.0,0.0,0.0,0.0,0.0,0.0,0.0,0.0,0.003314,0.0,0.0,0.0,0.022431,0.0
2020-01-13 11:30:00,20.98,20.44,21.04,20.55,20.88,21.14,21.93,21.39,22.31,22.66,22.03,21.94,21.94,20.61,22.76,21.77,21.79,21.32,21.42,21.81,-4.93,256.2,0.961,0.342,0.0,0.403,0.0,0.772,0.0,0.0,0.0,0.0,0.0,0.0,0.0,0.0,1.0,0.0,0.0,0.0,1.0,0.0,36.0,21.0,23.0,684.12,445.16,0.0,498.74,0.0,573.42,0.0,0.0,0.0,0.0,0.0,0.0,0.0,0.0,165.04,0.0,0.0,0.0,904.35,0.0,28.63,26.03,36.0,26.13,36.0,25.42,36.0,36.0,36.0,36.0,36.0,36.0,36.0,36.0,24.09,36.0,36.0,36.0,26.35,36.0,0.022214,0.010686,0.0,0.012084,0.0,0.012971,0.0,0.0,0.0,0.0,0.0,0.0,0.0,0.0,0.003314,0.0,0.0,0.0,0.022431,0.0
2020-01-13 11:45:00,21.03,20.42,21.08,20.57,20.88,21.4,21.7,21.46,21.97,22.56,21.68,21.63,22.09,20.27,22.83,21.36,21.48,21.29,21.91,21.71,-4.73,264.9,0.961,0.342,0.0,0.403,0.0,0.772,0.0,0.0,0.0,0.0,0.0,0.0,0.0,0.0,1.0,0.0,0.0,0.0,1.0,0.0,36.0,21.0,23.0,681.23,445.75,0.0,497.47,0.0,541.75,0.0,0.0,0.0,0.0,0.0,0.0,0.0,0.0,162.56,0.0,0.0,0.0,843.43,0.0,28.66,26.02,36.0,26.15,36.0,26.01,36.0,36.0,36.0,36.0,36.0,36.0,36.0,36.0,24.27,36.0,36.0,36.0,27.0,36.0,0.022214,0.010686,0.0,0.012084,0.0,0.012971,0.0,0.0,0.0,0.0,0.0,0.0,0.0,0.0,0.003314,0.0,0.0,0.0,0.022431,0.0
2020-01-13 12:00:00,21.1,20.39,21.11,20.6,20.89,21.61,21.52,21.52,21.73,22.47,21.4,21.41,22.23,20.05,22.87,21.03,21.26,21.28,22.24,21.61,-4.52,273.6,0.961,0.342,0.0,0.403,0.0,0.772,0.0,0.0,0.0,0.0,0.0,0.0,0.0,0.0,1.0,0.0,0.0,0.0,1.0,0.0,36.0,21.0,23.0,677.34,449.91,0.0,497.35,0.0,521.09,0.0,0.0,0.0,0.0,0.0,0.0,0.0,0.0,160.82,0.0,0.0,0.0,801.64,0.0,28.71,25.93,36.0,26.15,36.0,26.39,36.0,36.0,36.0,36.0,36.0,36.0,36.0,36.0,24.39,36.0,36.0,36.0,27.45,36.0,0.022214,0.010686,0.0,0.012084,0.0,0.012971,0.0,0.0,0.0,0.0,0.0,0.0,0.0,0.0,0.003314,0.0,0.0,0.0,0.022431,0.0
2020-01-13 12:15:00,21.16,21.06,21.3,21.08,20.98,21.57,21.36,21.61,21.57,22.47,21.26,21.6,22.3,20.33,22.91,21.23,21.48,21.31,22.17,21.52,-4.31,282.2,0.873,1.0,0.076,1.0,0.792,0.0,0.0,0.0,0.0,1.0,0.19,1.0,0.0,1.0,1.0,1.0,1.0,0.0,0.0,0.0,36.0,21.0,23.0,635.37,973.92,67.08,943.27,152.04,0.0,0.0,0.0,0.0,173.75,157.61,981.17,0.0,1030.08,159.54,757.86,1036.13,0.0,0.0,0.0,28.47,28.55,26.63,28.48,22.06,36.0,36.0,36.0,36.0,23.44,24.34,25.59,36.0,24.4,24.48,25.85,25.57,36.0,36.0,36.0,0.020174,0.031288,0.001713,0.030001,0.00261,0.0,0.0,0.0,0.0,0.00331,0.003233,0.022553,0.0,0.021246,0.003314,0.017867,0.023767,0.0,0.0,0.0
2020-01-13 12:30:00,21.32,21.35,21.61,21.42,21.12,21.41,21.21,21.77,21.48,22.53,21.19,22.02,22.34,20.91,22.94,21.7,21.96,21.44,21.86,21.43,-4.11,320.3,0.873,1.0,0.076,1.0,0.792,0.0,0.0,0.0,0.0,1.0,0.19,1.0,0.0,1.0,1.0,1.0,1.0,0.0,0.0,0.0,36.0,21.0,23.0,629.37,982.36,64.44,935.22,152.81,0.0,0.0,0.0,0.0,169.25,158.01,877.76,0.0,916.38,158.57,670.93,918.54,0.0,0.0,0.0,28.54,28.49,27.0,28.54,21.99,36.0,36.0,36.0,36.0,23.77,24.31,26.69,36.0,25.68,24.55,27.02,26.75,36.0,36.0,36.0,0.020174,0.031288,0.001713,0.030001,0.00261,0.0,0.0,0.0,0.0,0.00331,0.003233,0.022553,0.0,0.021246,0.003314,0.017867,0.023767,0.0,0.0,0.0
2020-01-13 12:45:00,21.42,21.41,21.85,21.59,21.21,21.3,21.12,21.96,21.45,22.59,21.13,22.42,22.39,21.52,22.97,22.12,22.4,21.58,21.63,21.34,-3.9,358.3,0.873,1.0,0.076,1.0,0.792,0.0,0.0,0.0,0.0,1.0,0.19,1.0,0.0,1.0,1.0,1.0,1.0,0.0,0.0,0.0,36.0,21.0,23.0,625.72,983.63,61.97,913.8,152.64,0.0,0.0,0.0,0.0,166.32,158.9,818.68,0.0,842.35,157.8,622.88,851.65,0.0,0.0,0.0,28.58,28.48,27.34,28.71,22.01,36.0,36.0,36.0,36.0,23.98,24.24,27.32,36.0,26.52,24.61,27.66,27.43,36.0,36.0,36.0,0.020174,0.031288,0.001713,0.030001,0.00261,0.0,0.0,0.0,0.0,0.00331,0.003233,0.022553,0.0,0.021246,0.003314,0.017867,0.023767,0.0,0.0,0.0
2020-01-13 13:00:00,21.51,21.49,22.13,21.79,21.33,21.27,21.08,22.19,21.49,22.65,21.07,22.72,22.52,22.06,23.0,22.43,22.72,21.78,21.59,21.25,-3.7,396.4,0.873,1.0,0.076,1.0,0.792,0.0,0.0,0.0,0.0,1.0,0.19,1.0,0.0,1.0,1.0,1.0,1.0,0.0,0.0,0.0,36.0,21.0,23.0,622.41,987.46,58.99,886.48,152.51,0.0,0.0,0.0,0.0,164.25,159.9,780.46,0.0,783.68,157.16,592.81,808.8,0.0,0.0,0.0,28.62,28.45,27.76,28.93,22.02,36.0,36.0,36.0,36.0,24.13,24.17,27.72,36.0,27.18,24.66,28.06,27.86,36.0,36.0,36.0,0.020174,0.031288,0.001713,0.030001,0.00261,0.0,0.0,0.0,0.0,0.00331,0.003233,0.022553,0.0,0.021246,0.003314,0.017867,0.023767,0.0,0.0,0.0
2020-01-13 13:15:00,20.62,20.38,22.04,21.06,21.35,21.31,21.08,22.39,21.59,22.62,21.09,22.61,22.67,22.21,22.96,22.28,22.61,21.94,21.64,21.18,-3.51,434.5,0.054,0.0,0.0,0.0,0.0,0.0,0.0,0.0,0.0,0.0,0.374,0.0,0.0,0.0,0.0,0.0,0.0,0.0,0.0,0.0,36.0,21.0,23.0,60.2,0.0,0.0,0.0,0.0,0.0,0.0,0.0,0.0,0.0,305.6,0.0,0.0,0.0,0.0,0.0,0.0,0.0,0.0,0.0,24.44,36.0,36.0,36.0,36.0,36.0,36.0,36.0,36.0,36.0,24.52,36.0,36.0,36.0,36.0,36.0,36.0,36.0,36.0,36.0,0.001245,0.0,0.0,0.0,0.0,0.0,0.0,0.0,0.0,0.0,0.00637,0.0,0.0,0.0,0.0,0.0,0.0,0.0,0.0,0.0
2020-01-13 13:30:00,20.24,19.93,21.86,20.73,21.45,21.33,21.06,22.56,21.74,22.52,21.15,22.19,22.78,22.19,22.85,21.73,22.14,22.08,21.74,21.08,-3.31,432.0,0.054,0.0,0.0,0.0,0.0,0.0,0.0,0.0,0.0,0.0,0.374,0.0,0.0,0.0,0.0,0.0,0.0,0.0,0.0,0.0,36.0,21.0,23.0,60.08,0.0,0.0,0.0,0.0,0.0,0.0,0.0,0.0,0.0,299.0,0.0,0.0,0.0,0.0,0.0,0.0,0.0,0.0,0.0,24.46,36.0,36.0,36.0,36.0,36.0,36.0,36.0,36.0,36.0,24.77,36.0,36.0,36.0,36.0,36.0,36.0,36.0,36.0,36.0,0.001245,0.0,0.0,0.0,0.0,0.0,0.0,0.0,0.0,0.0,0.00637,0.0,0.0,0.0,0.0,0.0,0.0,0.0,0.0,0.0
2020-01-13 13:45:00,20.05,19.72,21.79,20.51,21.51,21.33,21.03,22.7,21.9,22.42,21.19,21.83,22.87,22.16,22.75,21.28,21.69,22.16,21.87,21.0,-3.11,429.5,0.054,0.0,0.0,0.0,0.0,0.0,0.0,0.0,0.0,0.0,0.374,0.0,0.0,0.0,0.0,0.0,0.0,0.0,0.0,0.0,36.0,21.0,23.0,61.65,0.0,0.0,0.0,0.0,0.0,0.0,0.0,0.0,0.0,295.39,0.0,0.0,0.0,0.0,0.0,0.0,0.0,0.0,0.0,24.16,36.0,36.0,36.0,36.0,36.0,36.0,36.0,36.0,36.0,24.91,36.0,36.0,36.0,36.0,36.0,36.0,36.0,36.0,36.0,0.001245,0.0,0.0,0.0,0.0,0.0,0.0,0.0,0.0,0.0,0.00637,0.0,0.0,0.0,0.0,0.0,0.0,0.0,0.0,0.0
2020-01-13 14:00:00,19.84,19.51,21.72,20.25,21.58,21.34,21.0,22.84,22.11,22.32,21.2,21.57,22.96,22.23,22.65,20.94,21.37,22.25,22.07,20.91,-3.04,427.0,0.054,0.0,0.0,0.0,0.0,0.0,0.0,0.0,0.0,0.0,0.374,0.0,0.0,0.0,0.0,0.0,0.0,0.0,0.0,0.0,36.0,21.0,23.0,63.12,0.0,0.0,0.0,0.0,0.0,0.0,0.0,0.0,0.0,293.43,0.0,0.0,0.0,0.0,0.0,0.0,0.0,0.0,0.0,23.88,36.0,36.0,36.0,36.0,36.0,36.0,36.0,36.0,36.0,24.98,36.0,36.0,36.0,36.0,36.0,36.0,36.0,36.0,36.0,0.001245,0.0,0.0,0.0,0.0,0.0,0.0,0.0,0.0,0.0,0.00637,0.0,0.0,0.0,0.0,0.0,0.0,0.0,0.0,0.0
2020-01-13 14:15:00,20.69,20.42,22.4,20.94,21.64,21.32,21.2,22.94,22.32,22.24,21.42,21.35,23.0,22.38,22.56,21.1,21.12,22.36,22.46,20.93,-2.97,424.5,1.0,1.0,1.0,1.0,0.0,0.0,1.0,0.0,0.0,0.0,1.0,0.0,0.0,0.0,0.0,1.0,0.0,0.0,0.48,1.0,36.0,21.0,23.0,718.07,1052.15,479.41,985.05,0.0,0.0,1097.3,0.0,0.0,0.0,696.84,0.0,0.0,0.0,0.0,776.33,0.0,0.0,456.54,241.47,28.57,27.95,30.88,28.14,36.0,36.0,24.17,36.0,36.0,36.0,26.21,36.0,36.0,36.0,36.0,25.61,36.0,36.0,25.85,21.97,0.023114,0.031288,0.022413,0.030001,0.0,0.0,0.022187,0.0,0.0,0.0,0.017031,0.0,0.0,0.0,0.0,0.017867,0.0,0.0,0.01076,0.004117
2020-01-13 14:30:00,21.22,21.03,22.87,21.54,21.69,21.31,21.63,22.99,22.58,22.16,21.79,21.13,23.0,22.57,22.47,21.56,20.86,22.53,23.04,21.06,-2.89,410.2,1.0,1.0,1.0,1.0,0.0,0.0,1.0,0.0,0.0,0.0,1.0,0.0,0.0,0.0,0.0,1.0,0.0,0.0,0.48,1.0,36.0,21.0,23.0,737.4,1079.13,492.06,1005.45,0.0,0.0,964.52,0.0,0.0,0.0,638.12,0.0,0.0,0.0,0.0,687.25,0.0,0.0,412.4,232.36,28.37,27.75,30.75,27.98,36.0,36.0,25.6,36.0,36.0,36.0,27.04,36.0,36.0,36.0,36.0,26.8,36.0,36.0,26.83,22.5,0.023114,0.031288,0.022413,0.030001,0.0,0.0,0.022187,0.0,0.0,0.0,0.017031,0.0,0.0,0.0,0.0,0.017867,0.0,0.0,0.01076,0.004117
2020-01-13 14:45:00,21.31,21.13,23.03,21.68,21.7,21.26,21.99,23.01,22.83,22.07,22.12,20.92,22.97,22.78,22.39,22.0,20.61,22.72,23.62,21.2,-2.82,395.9,1.0,1.0,1.0,1.0,0.0,0.0,1.0,0.0,0.0,0.0,1.0,0.0,0.0,0.0,0.0,1.0,0.0,0.0,0.48,1.0,36.0,21.0,23.0,739.79,1077.28,493.48,998.94,0.0,0.0,888.72,0.0,0.0,0.0,603.92,0.0,0.0,0.0,0.0,638.07,0.0,0.0,379.49,226.23,28.34,27.76,30.73,28.03,36.0,36.0,26.42,36.0,36.0,36.0,27.52,36.0,36.0,36.0,36.0,27.46,36.0,36.0,27.56,22.85,0.023114,0.031288,0.022413,0.030001,0.0,0.0,0.022187,0.0,0.0,0.0,0.017031,0.0,0.0,0.0,0.0,0.017867,0.0,0.0,0.01076,0.004117
2020-01-13 15:00:00,21.33,21.16,23.05,21.71,21.7,21.19,22.22,22.99,22.91,22.0,22.33,20.72,22.9,22.97,22.31,22.27,20.39,22.83,24.05,21.31,-2.85,381.6,1.0,1.0,1.0,1.0,0.0,0.0,1.0,0.0,0.0,0.0,1.0,0.0,0.0,0.0,0.0,1.0,0.0,0.0,0.48,1.0,36.0,21.0,23.0,748.13,1084.53,501.4,1001.27,0.0,0.0,841.27,0.0,0.0,0.0,582.2,0.0,0.0,0.0,0.0,608.13,0.0,0.0,353.37,221.78,28.26,27.71,30.65,28.02,36.0,36.0,26.93,36.0,36.0,36.0,27.82,36.0,36.0,36.0,36.0,27.86,36.0,36.0,28.14,23.11,0.023114,0.031288,0.022413,0.030001,0.0,0.0,0.022187,0.0,0.0,0.0,0.017031,0.0,0.0,0.0,0.0,0.017867,0.0,0.0,0.01076,0.004117
2020-01-13 15:15:00,20.73,20.59,22.37,21.46,21.68,21.1,22.36,22.94,22.86,21.93,22.11,20.9,22.8,23.15,22.24,22.05,20.61,22.87,24.24,21.29,-2.87,367.3,0.356,0.396,0.0,1.0,0.0,0.0,1.0,0.0,0.0,0.0,0.0,1.0,0.0,0.0,0.0,0.0,1.0,0.0,0.0,0.0,36.0,21.0,23.0,368.49,572.57,0.0,1010.52,0.0,0.0,810.33,0.0,0.0,0.0,0.0,1080.59,0.0,0.0,0.0,0.0,1149.56,0.0,0.0,0.0,25.28,24.96,36.0,27.94,36.0,36.0,27.26,36.0,36.0,36.0,36.0,24.54,36.0,36.0,36.0,36.0,24.43,36.0,36.0,36.0,0.008225,0.012402,0.0,0.030001,0.0,0.0,0.022187,0.0,0.0,0.0,0.0,0.022553,0.0,0.0,0.0,0.0,0.023767,0.0,0.0,0.0
2020-01-13 15:30:00,20.44,20.32,21.81,21.15,21.62,20.95,22.44,22.8,22.64,21.85,21.61,21.34,22.61,23.22,22.16,21.48,21.12,22.77,24.19,21.18,-2.9,292.7,0.356,0.396,0.0,1.0,0.0,0.0,1.0,0.0,0.0,0.0,0.0,1.0,0.0,0.0,0.0,0.0,1.0,0.0,0.0,0.0,36.0,21.0,23.0,369.12,571.36,0.0,1010.57,0.0,0.0,789.61,0.0,0.0,0.0,0.0,955.55,0.0,0.0,0.0,0.0,1009.41,0.0,0.0,0.0,25.26,24.98,36.0,27.94,36.0,36.0,27.49,36.0,36.0,36.0,36.0,25.86,36.0,36.0,36.0,36.0,25.84,36.0,36.0,36.0,0.008225,0.012402,0.0,0.030001,0.0,0.0,0.022187,0.0,0.0,0.0,0.0,0.022553,0.0,0.0,0.0,0.0,0.023767,0.0,0.0,0.0
2020-01-13 15:45:00,20.32,20.22,21.25,21.02,21.5,20.77,22.48,22.54,22.3,21.78,21.13,21.78,22.37,23.14,22.08,20.92,21.62,22.55,23.97,21.07,-2.93,218.1,0.356,0.396,0.0,1.0,0.0,0.0,1.0,0.0,0.0,0.0,0.0,1.0,0.0,0.0,0.0,0.0,1.0,0.0,0.0,0.0,36.0,21.0,23.0,371.89,573.06,0.0,1005.85,0.0,0.0,775.62,0.0,0.0,0.0,0.0,885.78,0.0,0.0,0.0,0.0,931.11,0.0,0.0,0.0,25.18,24.95,36.0,27.98,36.0,36.0,27.64,36.0,36.0,36.0,36.0,26.6,36.0,36.0,36.0,36.0,26.63,36.0,36.0,36.0,0.008225,0.012402,0.0,0.030001,0.0,0.0,0.022187,0.0,0.0,0.0,0.0,0.022553,0.0,0.0,0.0,0.0,0.023767,0.0,0.0,0.0
2020-01-13 16:00:00,20.18,20.1,20.78,20.9,21.33,20.54,22.49,22.19,21.89,21.7,20.74,22.04,22.05,22.93,22.0,20.46,21.92,22.23,23.6,20.96,-3.1,143.6,0.356,0.396,0.0,1.0,0.0,0.0,1.0,0.0,0.0,0.0,0.0,1.0,0.0,0.0,0.0,0.0,1.0,0.0,0.0,0.0,36.0,21.0,23.0,374.56,574.57,0.0,1003.02,0.0,0.0,766.16,0.0,0.0,0.0,0.0,842.3,0.0,0.0,0.0,0.0,882.27,0.0,0.0,0.0,25.11,24.92,36.0,28.0,36.0,36.0,27.74,36.0,36.0,36.0,36.0,27.07,36.0,36.0,36.0,36.0,27.12,36.0,36.0,36.0,0.008225,0.012402,0.0,0.030001,0.0,0.0,0.022187,0.0,0.0,0.0,0.0,0.022553,0.0,0.0,0.0,0.0,0.023767,0.0,0.0,0.0
2020-01-13 16:15:00,20.61,20.54,21.44,21.01,21.21,20.44,22.44,22.07,21.88,21.7,20.82,22.19,21.9,22.58,22.0,20.56,22.07,21.94,23.14,20.97,-3.26,69.0,1.0,1.0,1.0,1.0,0.0,1.0,1.0,1.0,1.0,1.0,1.0,1.0,1.0,0.0,1.0,1.0,1.0,0.0,0.0,1.0,36.0,21.0,23.0,772.24,1096.45,668.23,995.77,0.0,904.09,760.22,632.99,913.33,185.81,767.93,815.19,612.56,0.0,181.7,809.44,852.04,0.0,0.0,236.71,28.01,27.62,28.87,28.06,36.0,23.13,27.8,26.53,25.54,22.57,25.21,27.35,26.92,36.0,22.89,25.16,27.42,36.0,36.0,22.24,0.023114,0.031288,0.022413,0.030001,0.0,0.0168,0.022187,0.015987,0.020884,0.00331,0.017031,0.022553,0.016137,0.0,0.003314,0.017867,0.023767,0.0,0.0,0.004117
2020-01-13 16:30:00,20.84,20.78,21.71,21.19,21.18,20.77,22.37,22.13,22.11,21.78,21.19,22.31,22.04,22.19,22.08,20.99,22.19,21.67,22.63,21.09,-3.43,51.8,1.0,1.0,1.0,1.0,0.0,1.0,1.0,1.0,1.0,1.0,1.0,1.0,1.0,0.0,1.0,1.0,1.0,0.0,0.0,1.0,36.0,21.0,23.0,778.54,1099.9,687.71,984.45,0.0,784.4,756.13,579.4,831.89,180.36,686.19,797.25,563.02,0.0,176.44,719.38,832.32,0.0,0.0,228.99,27.94,27.59,28.66,28.15,36.0,24.83,27.85,27.33,26.47,22.97,26.36,27.54,27.65,36.0,23.26,26.37,27.62,36.0,36.0,22.69,0.023114,0.031288,0.022413,0.030001,0.0,0.0168,0.022187,0.015987,0.020884,0.00331,0.017031,0.022553,0.016137,0.0,0.003314,0.017867,0.023767,0.0,0.0,0.004117
2020-01-13 16:45:00,20.85,20.8,21.66,21.23,21.2,21.08,22.27,22.19,22.34,21.87,21.53,22.38,22.21,21.73,22.16,21.41,22.26,21.41,22.06,21.21,-3.6,0.0,1.0,1.0,1.0,1.0,0.0,1.0,1.0,1.0,1.0,1.0,1.0,1.0,1.0,0.0,1.0,1.0,1.0,0.0,0.0,1.0,36.0,21.0,23.0,776.38,1092.68,689.95,974.12,0.0,718.44,754.0,552.84,786.84,176.73,642.11,784.99,540.51,0.0,172.95,670.5,819.05,0.0,0.0,223.82,27.96,27.65,28.64,28.23,36.0,25.77,27.87,27.73,26.99,23.23,26.98,27.67,27.99,36.0,23.52,27.02,27.76,36.0,36.0,22.99,0.023114,0.031288,0.022413,0.030001,0.0,0.0168,0.022187,0.015987,0.020884,0.00331,0.017031,0.022553,0.016137,0.0,0.003314,0.017867,0.023767,0.0,0.0,0.004117
2020-01-13 17:00:00,20.84,20.82,21.61,21.23,21.2,21.28,22.16,22.2,22.5,21.95,21.73,22.43,22.31,21.34,22.23,21.62,22.31,21.19,21.6,21.31,-3.65,0.0,1.0,1.0,1.0,1.0,0.0,1.0,1.0,1.0,1.0,1.0,1.0,1.0,1.0,0.0,1.0,1.0,1.0,0.0,0.0,1.0,36.0,21.0,23.0,775.09,1086.99,693.73,965.88,0.0,678.17,753.15,538.43,759.25,174.12,615.63,776.11,528.72,0.0,170.46,640.97,809.67,0.0,0.0,220.04,27.98,27.69,28.6,28.3,36.0,26.34,27.88,27.94,27.3,23.42,27.35,27.77,28.16,36.0,23.7,27.42,27.85,36.0,36.0,23.21,0.023114,0.031288,0.022413,0.030001,0.0,0.0168,0.022187,0.015987,0.020884,0.00331,0.017031,0.022553,0.016137,0.0,0.003314,0.017867,0.023767,0.0,0.0,0.004117
2020-01-13 17:15:00,20.85,20.84,21.58,21.22,21.13,21.14,22.07,21.99,22.58,21.92,21.86,22.48,22.11,20.98,22.29,21.32,22.35,20.99,21.19,21.28,-3.71,0.0,1.0,1.0,1.0,1.0,0.0,0.0,1.0,0.0,1.0,0.0,1.0,1.0,0.0,0.0,1.0,0.0,1.0,0.0,0.0,0.0,36.0,21.0,23.0,768.76,1077.29,691.89,965.16,0.0,0.0,752.93,0.0,741.66,0.0,599.06,769.17,0.0,0.0,168.6,0.0,802.39,0.0,0.0,0.0,28.04,27.76,28.61,28.3,36.0,36.0,27.88,36.0,27.5,36.0,27.58,27.84,36.0,36.0,23.83,36.0,27.92,36.0,36.0,36.0,0.023114,0.031288,0.022413,0.030001,0.0,0.0,0.022187,0.0,0.020884,0.0,0.017031,0.022553,0.0,0.0,0.003314,0.0,0.023767,0.0,0.0,0.0
2020-01-13 17:30:00,20.87,20.86,21.56,21.22,20.96,20.75,21.98,21.64,22.63,21.84,21.94,22.51,21.69,20.69,22.33,20.78,22.39,20.82,20.85,21.18,-3.76,0.0,1.0,1.0,1.0,1.0,0.0,0.0,1.0,0.0,1.0,0.0,1.0,1.0,0.0,0.0,1.0,0.0,1.0,0.0,0.0,0.0,36.0,21.0,23.0,762.44,1067.59,689.91,963.9,0.0,0.0,753.52,0.0,730.13,0.0,588.1,763.6,0.0,0.0,167.16,0.0,796.54,0.0,0.0,0.0,28.11,27.84,28.64,28.31,36.0,36.0,27.88,36.0,27.64,36.0,27.74,27.9,36.0,36.0,23.93,36.0,27.98,36.0,36.0,36.0,0.023114,0.031288,0.022413,0.030001,0.0,0.0,0.022187,0.0,0.020884,0.0,0.017031,0.022553,0.0,0.0,0.003314,0.0,0.023767,0.0,0.0,0.0
2020-01-13 17:45:00,20.88,20.89,21.53,21.22,20.76,20.33,21.89,21.3,22.67,21.74,22.01,22.55,21.27,20.37,22.38,20.2,22.42,20.66,20.49,21.05,-3.81,0.0,1.0,1.0,1.0,1.0,0.0,0.0,1.0,0.0,1.0,0.0,1.0,1.0,0.0,0.0,1.0,0.0,1.0,0.0,0.0,0.0,36.0,21.0,23.0,756.24,1058.16,687.81,962.78,0.0,0.0,753.81,0.0,722.35,0.0,580.57,759.03,0.0,0.0,166.01,0.0,791.75,0.0,0.0,0.0,28.17,27.91,28.66,28.32,36.0,36.0,27.87,36.0,27.72,36.0,27.84,27.95,36.0,36.0,24.02,36.0,28.03,36.0,36.0,36.0,0.023114,0.031288,0.022413,0.030001,0.0,0.0,0.022187,0.0,0.020884,0.0,0.017031,0.022553,0.0,0.0,0.003314,0.0,0.023767,0.0,0.0,0.0
2020-01-13 18:00:00,20.88,20.9,21.49,21.2,20.58,19.93,21.8,20.97,22.66,21.65,22.04,22.56,20.85,20.06,22.42,19.74,22.43,20.49,20.13,20.94,-3.89,0.0,1.0,1.0,1.0,1.0,0.0,0.0,1.0,0.0,1.0,0.0,1.0,1.0,0.0,0.0,1.0,0.0,1.0,0.0,0.0,0.0,36.0,21.0,23.0,750.53,1049.27,686.49,962.51,0.0,0.0,754.74,0.0,717.13,0.0,575.23,755.37,0.0,0.0,165.05,0.0,787.95,0.0,0.0,0.0,28.23,27.98,28.67,28.32,36.0,36.0,27.86,36.0,27.78,36.0,27.92,27.99,36.0,36.0,24.09,36.0,28.07,36.0,36.0,36.0,0.023114,0.031288,0.022413,0.030001,0.0,0.0,0.022187,0.0,0.020884,0.0,0.017031,0.022553,0.0,0.0,0.003314,0.0,0.023767,0.0,0.0,0.0
2020-01-13 18:15:00,20.83,20.86,21.4,21.14,20.57,19.96,21.74,20.96,22.63,21.65,22.06,22.56,20.75,20.16,22.47,19.9,22.43,20.59,20.25,20.97,-3.96,0.0,1.0,1.0,1.0,1.0,1.0,1.0,1.0,1.0,1.0,1.0,1.0,1.0,1.0,1.0,1.0,1.0,1.0,1.0,1.0,1.0,36.0,21.0,23.0,716.9,1004.16,659.14,929.53,190.17,848.29,756.03,712.24,713.65,184.23,571.36,752.47,710.31,1080.2,164.25,851.39,785.0,862.13,1115.1,236.33,28.58,28.32,28.96,28.59,22.2,23.92,27.85,25.34,27.82,22.69,27.97,28.02,25.47,23.84,24.14,24.6,28.1,23.83,24.11,22.27,0.023114,0.031288,0.022413,0.030001,0.003296,0.0168,0.022187,0.015987,0.020884,0.00331,0.017031,0.022553,0.016137,0.021246,0.003314,0.017867,0.023767,0.016941,0.022431,0.004117
2020-01-13 18:30:00,20.86,20.89,21.39,21.13,20.75,20.24,21.84,21.19,22.6,21.72,22.07,22.56,21.01,20.48,22.5,20.32,22.43,20.87,20.61,21.07,-4.03,0.0,1.0,1.0,1.0,1.0,1.0,1.0,1.0,1.0,1.0,1.0,1.0,1.0,1.0,1.0,1.0,1.0,1.0,1.0,1.0,1.0,36.0,21.0,23.0,738.99,1031.7,682.99,962.11,193.31,753.82,756.75,642.4,711.79,179.5,568.63,750.43,642.14,965.59,163.52,754.31,782.99,752.6,992.11,228.74,28.35,28.11,28.71,28.33,21.97,25.27,27.84,26.39,27.85,23.03,28.01,28.04,26.48,25.13,24.2,25.9,28.12,25.37,25.42,22.71,0.023114,0.031288,0.022413,0.030001,0.003296,0.0168,0.022187,0.015987,0.020884,0.00331,0.017031,0.022553,0.016137,0.021246,0.003314,0.017867,0.023767,0.016941,0.022431,0.004117
2020-01-13 18:45:00,20.87,20.91,21.36,21.12,20.85,20.57,21.95,21.37,22.57,21.81,22.07,22.56,21.25,20.8,22.54,20.76,22.43,21.15,20.96,21.19,-4.11,0.0,1.0,1.0,1.0,1.0,1.0,1.0,1.0,1.0,1.0,1.0,1.0,1.0,1.0,1.0,1.0,1.0,1.0,1.0,1.0,1.0,36.0,21.0,23.0,733.85,1023.55,681.91,962.64,192.78,701.93,755.4,605.28,710.64,176.37,566.51,748.74,605.84,901.49,162.87,701.45,781.36,692.81,923.48,223.69,28.4,28.17,28.72,28.32,22.01,26.0,27.85,26.94,27.86,23.25,28.04,28.06,27.02,25.85,24.24,26.61,28.13,26.22,26.15,23.0,0.023114,0.031288,0.022413,0.030001,0.003296,0.0168,0.022187,0.015987,0.020884,0.00331,0.017031,0.022553,0.016137,0.021246,0.003314,0.017867,0.023767,0.016941,0.022431,0.004117
2020-01-13 19:00:00,20.89,20.91,21.35,21.14,20.94,20.8,22.02,21.49,22.65,21.88,22.1,22.51,21.44,21.13,22.57,21.01,22.37,21.33,21.32,21.29,-4.11,0.0,1.0,1.0,1.0,1.0,1.0,1.0,1.0,1.0,1.0,1.0,1.0,1.0,1.0,1.0,1.0,1.0,1.0,1.0,1.0,1.0,36.0,21.0,23.0,732.37,1021.95,682.41,961.2,191.53,670.24,753.96,583.88,709.15,174.1,564.7,747.89,584.34,861.26,162.28,669.37,780.76,656.86,880.34,220.01,28.42,28.19,28.72,28.34,22.1,26.46,27.87,27.26,27.88,23.42,28.07,28.07,27.34,26.3,24.29,27.04,28.14,26.72,26.61,23.21,0.023114,0.031288,0.022413,0.030001,0.003296,0.0168,0.022187,0.015987,0.020884,0.00331,0.017031,0.022553,0.016137,0.021246,0.003314,0.017867,0.023767,0.016941,0.022431,0.004117
2020-01-13 19:15:00,20.9,20.93,21.35,21.15,21.02,20.91,22.04,21.57,22.68,21.93,22.13,22.53,21.32,20.92,22.6,21.01,22.38,21.19,21.09,21.26,-4.11,0.0,1.0,1.0,1.0,1.0,1.0,1.0,1.0,1.0,1.0,0.993,1.0,1.0,0.0,0.0,1.0,0.565,1.0,0.0,0.0,0.0,36.0,21.0,23.0,730.56,1018.91,682.49,960.67,190.32,649.63,752.51,570.8,707.16,171.18,562.92,747.25,0.0,0.0,161.74,398.36,780.38,0.0,0.0,0.0,28.44,28.21,28.72,28.34,22.18,26.75,27.89,27.46,27.9,23.54,28.09,28.07,36.0,36.0,24.33,26.56,28.14,36.0,36.0,36.0,0.023114,0.031288,0.022413,0.030001,0.003296,0.0168,0.022187,0.015987,0.020884,0.003286,0.017031,0.022553,0.0,0.0,0.003314,0.010099,0.023767,0.0,0.0,0.0
2020-01-13 19:30:00,20.92,20.96,21.35,21.16,21.08,20.93,21.96,21.65,22.7,21.98,22.16,22.55,21.01,20.45,22.64,20.89,22.4,20.91,20.58,21.14,-4.11,0.0,1.0,1.0,1.0,1.0,1.0,1.0,1.0,1.0,1.0,0.993,1.0,1.0,0.0,0.0,1.0,0.565,1.0,0.0,0.0,0.0,36.0,21.0,23.0,728.82,1015.8,682.5,960.05,189.14,636.32,752.38,562.28,705.46,169.89,561.23,746.19,0.0,0.0,161.23,413.23,779.45,0.0,0.0,0.0,28.46,28.23,28.72,28.34,22.27,26.94,27.89,27.59,27.92,23.63,28.12,28.08,36.0,36.0,24.36,26.21,28.15,36.0,36.0,36.0,0.023114,0.031288,0.022413,0.030001,0.003296,0.0168,0.022187,0.015987,0.020884,0.003286,0.017031,0.022553,0.0,0.0,0.003314,0.010099,0.023767,0.0,0.0,0.0
2020-01-13 19:45:00,20.94,20.98,21.35,21.17,21.15,20.93,21.84,21.71,22.72,22.03,22.2,22.58,20.72,20.03,22.67,20.79,22.43,20.66,20.11,21.02,-4.11,0.0,1.0,1.0,1.0,1.0,1.0,1.0,1.0,1.0,1.0,0.993,1.0,1.0,0.0,0.0,1.0,0.565,1.0,0.0,0.0,0.0,36.0,21.0,23.0,727.05,1012.64,682.38,959.34,187.96,627.31,753.49,556.33,703.92,168.83,559.62,744.93,0.0,0.0,160.75,421.74,778.26,0.0,0.0,0.0,28.47,28.26,28.72,28.35,22.36,27.07,27.88,27.67,27.94,23.71,28.14,28.1,36.0,36.0,24.4,26.01,28.17,36.0,36.0,36.0,0.023114,0.031288,0.022413,0.030001,0.003296,0.0168,0.022187,0.015987,0.020884,0.003286,0.017031,0.022553,0.0,0.0,0.003314,0.010099,0.023767,0.0,0.0,0.0
2020-01-13 20:00:00,20.95,21.0,21.35,21.18,21.21,20.92,21.74,21.76,22.74,22.07,22.23,22.61,20.51,19.71,22.7,20.72,22.46,20.46,19.75,20.92,-4.15,0.0,1.0,1.0,1.0,1.0,1.0,1.0,1.0,1.0,1.0,0.993,1.0,1.0,0.0,0.0,1.0,0.565,1.0,0.0,0.0,0.0,36.0,21.0,23.0,725.33,1009.53,682.24,958.65,186.78,620.48,755.04,551.92,702.51,167.93,558.11,743.55,0.0,0.0,160.3,427.12,776.92,0.0,0.0,0.0,28.49,28.28,28.72,28.36,22.44,27.16,27.86,27.74,27.95,23.78,28.16,28.11,36.0,36.0,24.43,25.88,28.18,36.0,36.0,36.0,0.023114,0.031288,0.022413,0.030001,0.003296,0.0168,0.022187,0.015987,0.020884,0.003286,0.017031,0.022553,0.0,0.0,0.003314,0.010099,0.023767,0.0,0.0,0.0
2020-01-13 20:15:00,20.96,20.81,20.78,21.13,21.0,20.96,21.74,21.52,22.76,22.11,22.26,22.63,20.62,19.84,22.73,20.85,22.48,20.57,19.89,20.93,-4.18,0.0,1.0,0.732,0.372,1.0,0.0,1.0,1.0,0.0,1.0,1.0,1.0,1.0,1.0,1.0,1.0,1.0,1.0,1.0,1.0,1.0,36.0,21.0,23.0,723.46,825.2,341.51,958.95,0.0,615.44,756.47,0.0,701.19,168.32,556.67,742.09,753.1,1072.74,159.87,701.61,775.47,828.42,1113.88,236.59,28.51,27.37,26.19,28.35,36.0,27.24,27.84,36.0,27.97,23.84,28.18,28.13,24.83,23.92,24.46,26.61,28.19,24.3,24.12,22.25,0.023114,0.022888,0.008326,0.030001,0.0,0.0168,0.022187,0.0,0.020884,0.00331,0.017031,0.022553,0.016137,0.021246,0.003314,0.017867,0.023767,0.016941,0.022431,0.004117
2020-01-13 20:30:00,20.95,20.73,20.59,21.05,20.81,21.08,21.84,21.11,22.78,22.16,22.29,22.66,20.94,20.25,22.76,21.1,22.51,20.88,20.36,21.04,-4.22,0.0,1.0,0.732,0.372,1.0,0.0,1.0,1.0,0.0,1.0,1.0,1.0,1.0,1.0,1.0,1.0,1.0,1.0,1.0,1.0,1.0,36.0,21.0,23.0,722.21,822.45,340.84,960.12,0.0,610.59,756.34,0.0,699.96,167.58,555.31,740.59,674.28,967.91,159.46,664.49,773.96,733.71,999.36,229.06,28.52,27.4,26.21,28.34,36.0,27.3,27.84,36.0,27.98,23.89,28.2,28.14,26.0,25.1,24.49,27.1,28.21,25.64,25.34,22.69,0.023114,0.022888,0.008326,0.030001,0.0,0.0168,0.022187,0.0,0.020884,0.00331,0.017031,0.022553,0.016137,0.021246,0.003314,0.017867,0.023767,0.016941,0.022431,0.004117
2020-01-13 20:45:00,20.95,20.71,20.5,21.03,20.62,21.23,21.99,20.76,22.8,22.2,22.32,22.7,21.26,20.67,22.79,21.31,22.55,21.18,20.83,21.16,-4.26,0.0,1.0,0.732,0.372,1.0,0.0,1.0,1.0,0.0,1.0,1.0,1.0,1.0,1.0,1.0,1.0,1.0,1.0,1.0,1.0,1.0,36.0,21.0,23.0,721.75,825.85,346.06,961.21,0.0,605.42,754.29,0.0,698.76,166.9,553.99,739.0,631.08,907.73,159.06,642.69,772.35,681.51,933.32,224.04,28.53,27.37,26.06,28.34,36.0,27.38,27.87,36.0,28.0,23.94,28.22,28.16,26.64,25.78,24.52,27.39,28.23,26.38,26.05,22.98,0.023114,0.022888,0.008326,0.030001,0.0,0.0168,0.022187,0.0,0.020884,0.00331,0.017031,0.022553,0.016137,0.021246,0.003314,0.017867,0.023767,0.016941,0.022431,0.004117
2020-01-13 21:00:00,20.9,20.66,20.4,20.98,20.47,21.33,22.06,20.45,22.82,22.24,22.34,22.72,21.48,20.94,22.82,21.45,22.57,21.39,21.12,21.27,-4.28,0.0,1.0,0.732,0.372,1.0,0.0,1.0,1.0,0.0,1.0,1.0,1.0,1.0,1.0,1.0,1.0,1.0,1.0,1.0,1.0,1.0,36.0,21.0,23.0,694.17,807.07,345.87,929.64,0.0,600.88,751.59,0.0,697.62,166.3,552.74,737.47,605.06,870.17,158.68,628.99,770.82,650.26,892.2,220.44,28.82,27.56,26.06,28.59,36.0,27.44,27.9,36.0,28.01,23.98,28.24,28.18,27.03,26.2,24.55,27.58,28.24,26.82,26.48,23.19,0.023114,0.022888,0.008326,0.030001,0.0,0.0168,0.022187,0.0,0.020884,0.00331,0.017031,0.022553,0.016137,0.021246,0.003314,0.017867,0.023767,0.016941,0.022431,0.004117
2020-01-13 21:15:00,20.94,20.88,20.84,21.03,20.59,21.42,22.14,20.56,22.81,22.27,22.36,22.77,21.59,20.84,22.84,21.54,22.62,21.23,21.25,21.34,-4.3,0.0,1.0,1.0,1.0,1.0,1.0,1.0,1.0,1.0,1.0,1.0,1.0,1.0,1.0,0.346,1.0,1.0,1.0,0.0,1.0,1.0,36.0,21.0,23.0,720.31,1013.92,709.37,962.09,187.89,596.75,749.66,740.85,696.91,165.71,551.71,735.89,587.88,325.01,158.3,619.12,769.15,0.0,864.18,217.63,28.54,28.25,28.43,28.33,22.36,27.5,27.92,24.91,28.02,24.02,28.25,28.19,27.28,25.43,24.57,27.71,28.26,36.0,26.78,23.35,0.023114,0.031288,0.022413,0.030001,0.003296,0.0168,0.022187,0.015987,0.020884,0.00331,0.017031,0.022553,0.016137,0.007356,0.003314,0.017867,0.023767,0.0,0.022431,0.004117
2020-01-13 21:30:00,20.98,20.97,21.01,21.13,20.78,21.49,22.06,20.9,22.81,22.31,22.38,22.79,21.69,20.61,22.87,21.62,22.65,20.97,21.39,21.42,-4.33,0.0,1.0,1.0,1.0,1.0,1.0,1.0,1.0,1.0,1.0,1.0,1.0,1.0,1.0,0.346,1.0,1.0,1.0,0.0,1.0,1.0,36.0,21.0,23.0,719.65,1016.58,719.33,959.35,189.19,592.93,748.54,666.05,696.34,165.16,550.69,734.13,576.67,343.85,157.94,612.08,767.25,0.0,845.61,215.42,28.55,28.23,28.32,28.35,22.27,27.56,27.93,26.03,28.02,24.06,28.26,28.21,27.45,24.82,24.6,27.8,28.28,36.0,26.98,23.48,0.023114,0.031288,0.022413,0.030001,0.003296,0.0168,0.022187,0.015987,0.020884,0.00331,0.017031,0.022553,0.016137,0.007356,0.003314,0.017867,0.023767,0.0,0.022431,0.004117
2020-01-13 21:45:00,21.0,20.98,20.99,21.15,20.87,21.56,21.94,21.17,22.83,22.35,22.4,22.81,21.76,20.4,22.9,21.69,22.67,20.72,21.5,21.49,-4.35,0.0,1.0,1.0,1.0,1.0,1.0,1.0,1.0,1.0,1.0,1.0,1.0,1.0,1.0,0.346,1.0,1.0,1.0,0.0,1.0,1.0,36.0,21.0,23.0,718.53,1016.94,723.55,957.9,189.16,589.53,749.06,625.3,695.72,164.65,549.76,732.64,568.83,355.97,157.58,606.79,765.71,0.0,832.21,213.61,28.56,28.22,28.28,28.36,22.27,27.6,27.92,26.64,28.03,24.1,28.28,28.23,27.57,24.42,24.63,27.88,28.29,36.0,27.12,23.59,0.023114,0.031288,0.022413,0.030001,0.003296,0.0168,0.022187,0.015987,0.020884,0.00331,0.017031,0.022553,0.016137,0.007356,0.003314,0.017867,0.023767,0.0,0.022431,0.004117
2020-01-13 22:00:00,20.93,20.92,20.91,21.1,20.93,21.59,21.88,21.31,22.79,22.38,22.39,22.81,21.79,20.17,22.93,21.72,22.66,20.45,21.55,21.56,-4.39,0.0,1.0,1.0,1.0,1.0,1.0,1.0,1.0,1.0,1.0,1.0,1.0,1.0,1.0,0.346,1.0,1.0,1.0,0.0,1.0,1.0,36.0,21.0,23.0,691.24,983.08,702.54,925.97,188.43,586.6,750.52,601.45,695.21,164.17,548.93,731.38,563.18,364.41,157.25,602.79,764.49,0.0,822.45,212.11,28.85,28.48,28.5,28.62,22.32,27.65,27.91,27.0,28.04,24.14,28.29,28.24,27.65,24.15,24.65,27.93,28.3,36.0,27.23,23.67,0.023114,0.031288,0.022413,0.030001,0.003296,0.0168,0.022187,0.015987,0.020884,0.00331,0.017031,0.022553,0.016137,0.007356,0.003314,0.017867,0.023767,0.0,0.022431,0.004117
2020-01-13 22:15:00,20.95,20.76,20.9,21.07,21.0,21.3,21.76,21.37,22.76,22.33,22.37,22.8,21.49,20.29,22.95,21.64,22.65,20.58,21.2,21.5,-4.43,0.0,1.0,0.79,1.0,1.0,1.0,0.0,1.0,1.0,1.0,0.0,1.0,1.0,0.0,1.0,1.0,0.74,1.0,1.0,0.0,0.0,36.0,21.0,23.0,718.04,880.62,735.73,959.21,189.48,0.0,751.89,586.24,695.68,0.0,548.75,730.88,0.0,964.65,156.9,465.73,764.14,826.6,0.0,0.0,28.57,27.48,28.15,28.35,22.25,36.0,27.89,27.23,28.03,36.0,28.29,28.25,36.0,25.14,24.67,27.57,28.31,24.33,36.0,36.0,0.023114,0.02472,0.022413,0.030001,0.003296,0.0,0.022187,0.015987,0.020884,0.0,0.017031,0.022553,0.0,0.021246,0.003314,0.013218,0.023767,0.016941,0.0,0.0
2020-01-13 22:30:00,20.94,20.71,20.89,21.04,21.05,20.75,21.83,21.43,22.73,22.24,22.36,22.79,20.95,20.53,22.98,21.53,22.63,20.81,20.64,21.38,-4.48,0.0,1.0,0.79,1.0,1.0,1.0,0.0,1.0,1.0,1.0,0.0,1.0,1.0,0.0,1.0,1.0,0.74,1.0,1.0,0.0,0.0,36.0,21.0,23.0,718.77,881.28,732.78,961.64,188.44,0.0,752.07,576.65,696.29,0.0,548.63,730.53,0.0,902.53,156.57,479.72,763.97,734.44,0.0,0.0,28.56,27.47,28.18,28.33,22.32,36.0,27.89,27.37,28.02,36.0,28.29,28.25,36.0,25.84,24.7,27.32,28.31,25.63,36.0,36.0,0.023114,0.02472,0.022413,0.030001,0.003296,0.0,0.022187,0.015987,0.020884,0.0,0.017031,0.022553,0.0,0.021246,0.003314,0.013218,0.023767,0.016941,0.0,0.0
2020-01-13 22:45:00,20.92,20.68,20.87,21.01,21.1,20.18,21.93,21.47,22.68,22.13,22.33,22.77,20.45,20.75,23.0,21.41,22.62,21.03,20.03,21.25,-4.52,0.0,1.0,0.79,1.0,1.0,1.0,0.0,1.0,1.0,1.0,0.0,1.0,1.0,0.0,1.0,1.0,0.74,1.0,1.0,0.0,0.0,36.0,21.0,23.0,718.9,882.55,729.37,962.52,187.51,0.0,752.02,570.32,697.12,0.0,548.68,730.39,0.0,867.04,156.25,487.99,764.04,684.05,0.0,0.0,28.56,27.46,28.21,28.32,22.39,36.0,27.89,27.47,28.01,36.0,28.29,28.25,36.0,26.24,24.72,27.17,28.31,26.34,36.0,36.0,0.023114,0.02472,0.022413,0.030001,0.003296,0.0,0.022187,0.015987,0.020884,0.0,0.017031,0.022553,0.0,0.021246,0.003314,0.013218,0.023767,0.016941,0.0,0.0
2020-01-13 23:00:00,20.87,20.62,20.84,21.0,21.14,19.81,21.94,21.53,22.76,22.02,22.35,22.72,20.09,21.02,23.03,21.36,22.55,21.23,19.67,21.11,-4.55,0.0,1.0,0.79,1.0,1.0,1.0,0.0,1.0,1.0,1.0,0.0,1.0,1.0,0.0,1.0,1.0,0.74,1.0,1.0,0.0,0.0,36.0,21.0,23.0,692.07,859.04,699.07,930.08,185.75,0.0,751.08,565.72,697.45,0.0,548.57,730.43,0.0,844.34,155.94,493.17,764.32,654.26,0.0,0.0,28.84,27.69,28.54,28.58,22.52,36.0,27.9,27.53,28.01,36.0,28.29,28.25,36.0,26.49,24.74,27.07,28.31,26.76,36.0,36.0,0.023114,0.02472,0.022413,0.030001,0.003296,0.0,0.022187,0.015987,0.020884,0.0,0.017031,0.022553,0.0,0.021246,0.003314,0.013218,0.023767,0.016941,0.0,0.0
2020-01-13 23:15:00,20.87,20.77,20.85,20.97,20.94,19.88,22.08,21.58,22.78,22.03,22.37,22.75,20.14,20.82,22.99,21.45,22.58,21.01,19.85,21.14,-4.57,0.0,1.0,1.0,1.0,1.0,0.0,1.0,1.0,1.0,1.0,1.0,1.0,1.0,1.0,0.154,0.295,1.0,1.0,0.0,1.0,1.0,36.0,21.0,23.0,691.9,991.31,694.97,929.41,0.0,805.62,751.18,561.93,696.51,177.9,548.21,731.02,761.02,146.62,47.27,639.8,765.29,0.0,1104.43,232.14,28.84,28.42,28.58,28.59,36.0,24.53,27.9,27.59,28.02,23.14,28.3,28.25,24.72,25.31,24.43,27.43,28.3,36.0,24.22,22.51,0.023114,0.031288,0.022413,0.030001,0.0,0.0168,0.022187,0.015987,0.020884,0.00331,0.017031,0.022553,0.016137,0.003282,0.000977,0.017867,0.023767,0.0,0.022431,0.004117
2020-01-13 23:30:00,20.93,20.87,20.93,21.06,20.98,20.24,21.94,21.53,22.81,22.09,22.4,22.78,20.49,20.48,22.94,21.58,22.61,20.85,20.28,21.24,-4.6,0.0,1.0,1.0,1.0,1.0,0.0,1.0,1.0,1.0,1.0,1.0,1.0,1.0,1.0,0.154,0.295,1.0,1.0,0.0,1.0,1.0,36.0,21.0,23.0,717.94,1025.17,716.27,960.95,0.0,721.8,749.9,558.98,695.77,173.71,547.66,730.57,684.44,159.93,48.31,620.71,764.96,0.0,994.34,225.07,28.57,28.16,28.35,28.34,36.0,25.72,27.91,27.64,28.03,23.45,28.31,28.25,25.85,24.34,24.17,27.69,28.3,36.0,25.39,22.92,0.023114,0.031288,0.022413,0.030001,0.0,0.0168,0.022187,0.015987,0.020884,0.00331,0.017031,0.022553,0.016137,0.003282,0.000977,0.017867,0.023767,0.0,0.022431,0.004117
2020-01-13 23:45:00,20.96,20.92,20.98,21.1,20.96,20.65,21.85,21.57,22.83,22.16,22.43,22.82,20.86,20.14,22.87,21.7,22.65,20.59,20.73,21.35,-4.63,0.0,1.0,1.0,1.0,1.0,0.0,1.0,1.0,1.0,1.0,1.0,1.0,1.0,1.0,0.154,0.295,1.0,1.0,0.0,1.0,1.0,36.0,21.0,23.0,717.14,1022.75,711.21,959.63,0.0,675.92,750.55,556.54,694.87,170.98,546.89,729.59,642.08,169.02,49.05,609.53,764.02,0.0,931.68,220.4,28.58,28.18,28.41,28.35,36.0,26.37,27.91,27.67,28.04,23.64,28.32,28.26,26.48,23.68,23.99,27.84,28.31,36.0,26.06,23.19,0.023114,0.031288,0.022413,0.030001,0.0,0.0168,0.022187,0.015987,0.020884,0.00331,0.017031,0.022553,0.016137,0.003282,0.000977,0.017867,0.023767,0.0,0.022431,0.004117
2020-01-14 00:00:00,20.92,20.88,20.95,21.07,20.95,20.9,21.81,21.59,22.84,22.22,22.44,22.83,21.11,19.84,22.81,21.77,22.66,20.35,21.0,21.45,-4.68,0.0,1.0,1.0,1.0,1.0,0.0,1.0,1.0,1.0,1.0,1.0,1.0,1.0,1.0,0.154,0.295,1.0,1.0,0.0,1.0,1.0,36.0,21.0,23.0,689.8,985.96,680.97,926.75,0.0,648.43,752.05,554.57,694.0,169.06,546.09,728.52,616.52,175.67,49.61,602.43,762.99,0.0,892.94,217.08,28.86,28.46,28.73,28.61,36.0,26.77,27.89,27.7,28.05,23.78,28.33,28.27,26.86,23.2,23.86,27.93,28.32,36.0,26.48,23.39,0.023114,0.031288,0.022413,0.030001,0.0,0.0168,0.022187,0.015987,0.020884,0.00331,0.017031,0.022553,0.016137,0.003282,0.000977,0.017867,0.023767,0.0,0.022431,0.004117
2020-01-14 00:15:00,20.95,20.83,20.99,21.08,21.06,20.97,21.72,21.61,22.84,22.18,22.08,22.84,20.99,20.0,22.81,21.73,22.66,20.51,20.89,21.4,-4.73,0.0,1.0,0.895,1.0,1.0,0.828,0.785,1.0,1.0,0.985,0.0,0.0,1.0,0.159,1.0,1.0,0.738,1.0,1.0,0.312,0.0,36.0,21.0,23.0,716.76,952.33,706.04,959.25,155.0,514.02,753.23,552.95,684.5,0.0,0.0,727.89,110.6,1019.62,164.8,462.88,762.43,833.24,304.23,0.0,28.58,27.87,28.46,28.35,22.41,26.68,27.88,27.73,28.04,36.0,36.0,28.28,25.67,24.52,24.1,27.6,28.33,24.23,25.6,36.0,0.023114,0.028017,0.022413,0.030001,0.002728,0.013192,0.022187,0.015987,0.020565,0.0,0.0,0.022553,0.002561,0.021246,0.003314,0.013184,0.023767,0.016941,0.007002,0.0
2020-01-14 00:30:00,20.95,20.83,21.0,21.08,21.17,20.92,21.82,21.68,22.82,22.09,21.48,22.88,20.69,20.35,22.86,21.63,22.71,20.79,20.58,21.28,-4.78,0.0,1.0,0.895,1.0,1.0,0.828,0.785,1.0,1.0,0.985,0.0,0.0,1.0,0.159,1.0,1.0,0.738,1.0,1.0,0.312,0.0,36.0,21.0,23.0,717.5,950.64,705.88,960.45,156.12,518.02,753.26,551.14,685.32,0.0,0.0,726.95,120.84,936.54,162.05,475.93,761.45,739.04,324.79,0.0,28.57,27.88,28.47,28.34,22.31,26.61,27.88,27.75,28.03,36.0,36.0,28.29,24.71,25.45,24.3,27.36,28.34,25.56,24.9,36.0,0.023114,0.028017,0.022413,0.030001,0.002728,0.013192,0.022187,0.015987,0.020565,0.0,0.0,0.022553,0.002561,0.021246,0.003314,0.013184,0.023767,0.016941,0.007002,0.0
2020-01-14 00:45:00,20.95,20.83,21.0,21.08,21.2,20.83,21.95,21.72,22.81,21.99,20.99,22.89,20.45,20.65,22.91,21.54,22.72,21.05,20.31,21.16,-4.84,0.0,1.0,0.895,1.0,1.0,0.828,0.785,1.0,1.0,0.985,0.0,0.0,1.0,0.159,1.0,1.0,0.738,1.0,1.0,0.312,0.0,36.0,21.0,23.0,717.7,949.01,705.27,960.75,156.29,519.79,751.71,549.33,685.9,0.0,0.0,725.95,127.75,889.16,160.25,483.59,760.38,687.52,338.47,0.0,28.57,27.9,28.47,28.34,22.3,26.57,27.89,27.78,28.02,36.0,36.0,28.3,24.07,25.99,24.43,27.22,28.35,26.29,24.43,36.0,0.023114,0.028017,0.022413,0.030001,0.002728,0.013192,0.022187,0.015987,0.020565,0.0,0.0,0.022553,0.002561,0.021246,0.003314,0.013184,0.023767,0.016941,0.007002,0.0
2020-01-14 01:00:00,20.95,20.83,21.0,21.07,21.22,20.75,22.06,21.74,22.81,21.9,20.6,22.9,20.27,20.86,22.94,21.49,22.73,21.24,20.09,21.05,-4.9,0.0,1.0,0.895,1.0,1.0,0.828,0.785,1.0,1.0,0.985,0.0,0.0,1.0,0.159,1.0,1.0,0.738,1.0,1.0,0.312,0.0,36.0,21.0,23.0,718.01,947.31,704.74,961.12,156.59,520.87,749.7,547.9,686.21,0.0,0.0,725.13,132.8,859.06,158.96,488.52,759.57,656.13,348.41,0.0,28.57,27.91,28.48,28.34,22.27,26.55,27.92,27.8,28.02,36.0,36.0,28.31,23.59,26.33,24.53,27.14,28.35,26.73,24.1,36.0,0.023114,0.028017,0.022413,0.030001,0.002728,0.013192,0.022187,0.015987,0.020565,0.0,0.0,0.022553,0.002561,0.021246,0.003314,0.013184,0.023767,0.016941,0.007002,0.0
2020-01-14 01:15:00,20.89,20.87,20.95,21.04,21.05,20.78,22.11,21.48,22.82,21.9,20.71,22.88,20.39,20.88,22.98,21.56,22.73,21.09,20.26,21.0,-4.97,0.0,1.0,1.0,1.0,1.0,0.0,1.0,1.0,0.0,1.0,1.0,1.0,0.907,1.0,0.625,1.0,1.0,1.0,0.0,1.0,0.482,36.0,21.0,23.0,691.49,977.57,678.62,929.25,0.0,639.83,747.66,0.0,695.29,180.4,762.72,666.71,740.58,556.09,158.01,634.95,758.8,0.0,1014.08,116.06,28.84,28.53,28.76,28.59,36.0,26.89,27.94,36.0,28.03,22.96,25.29,28.2,25.02,25.98,24.59,27.5,28.36,36.0,25.18,22.02,0.023114,0.031288,0.022413,0.030001,0.0,0.0168,0.022187,0.0,0.020884,0.00331,0.017031,0.02045,0.016137,0.013271,0.003314,0.017867,0.023767,0.0,0.022431,0.001986
2020-01-14 01:30:00,20.92,20.93,20.99,21.06,20.84,20.95,21.99,21.05,22.83,21.96,21.05,22.85,20.68,20.81,23.01,21.67,22.74,20.84,20.6,21.01,-5.04,0.0,1.0,1.0,1.0,1.0,0.0,1.0,1.0,0.0,1.0,1.0,1.0,0.907,1.0,0.625,1.0,1.0,1.0,0.0,1.0,0.482,36.0,21.0,23.0,718.61,1009.96,703.72,961.68,0.0,623.03,747.12,0.0,694.29,175.94,683.21,673.31,674.51,570.63,157.25,616.18,758.29,0.0,940.98,114.95,28.56,28.28,28.49,28.33,36.0,27.13,27.94,36.0,28.05,23.29,26.4,28.12,26.0,25.71,24.65,27.75,28.37,36.0,25.96,22.15,0.023114,0.031288,0.022413,0.030001,0.0,0.0168,0.022187,0.0,0.020884,0.00331,0.017031,0.02045,0.016137,0.013271,0.003314,0.017867,0.023767,0.0,0.022431,0.001986
2020-01-14 01:45:00,20.93,20.95,21.0,21.08,20.59,21.14,21.86,20.65,22.84,22.04,21.4,22.83,20.97,20.74,23.04,21.76,22.75,20.56,20.89,21.02,-5.11,0.0,1.0,1.0,1.0,1.0,0.0,1.0,1.0,0.0,1.0,1.0,1.0,0.907,1.0,0.625,1.0,1.0,1.0,0.0,1.0,0.482,36.0,21.0,23.0,719.36,1007.6,703.63,962.3,0.0,611.91,748.38,0.0,693.54,173.0,640.55,677.07,637.71,578.77,156.62,605.45,757.71,0.0,898.29,114.3,28.55,28.3,28.49,28.33,36.0,27.29,27.93,36.0,28.06,23.5,27.0,28.08,26.55,25.57,24.7,27.89,28.37,36.0,26.42,22.23,0.023114,0.031288,0.022413,0.030001,0.0,0.0168,0.022187,0.0,0.020884,0.00331,0.017031,0.02045,0.016137,0.013271,0.003314,0.017867,0.023767,0.0,0.022431,0.001986
2020-01-14 02:00:00,20.89,20.92,20.96,21.06,20.41,21.27,21.82,20.32,22.86,22.11,21.63,22.83,21.18,20.71,23.07,21.85,22.77,20.31,21.11,21.02,-5.16,0.0,1.0,1.0,1.0,1.0,0.0,1.0,1.0,0.0,1.0,1.0,1.0,0.907,1.0,0.625,1.0,1.0,1.0,0.0,1.0,0.482,36.0,21.0,23.0,691.82,970.62,677.1,929.08,0.0,604.06,750.36,0.0,692.83,170.92,615.43,679.25,615.28,583.61,156.1,598.73,757.03,0.0,871.49,113.88,28.84,28.58,28.77,28.59,36.0,27.4,27.91,36.0,28.06,23.65,27.35,28.05,26.88,25.48,24.73,27.98,28.38,36.0,26.71,22.28,0.023114,0.031288,0.022413,0.030001,0.0,0.0168,0.022187,0.0,0.020884,0.00331,0.017031,0.02045,0.016137,0.013271,0.003314,0.017867,0.023767,0.0,0.022431,0.001986
2020-01-14 02:15:00,20.93,20.97,21.01,21.09,20.52,21.34,21.75,20.45,22.58,22.15,21.76,22.86,21.01,20.84,23.02,21.91,22.8,20.5,20.91,21.08,-5.2,0.0,1.0,1.0,1.0,1.0,1.0,1.0,1.0,1.0,0.0,1.0,1.0,1.0,0.0,1.0,0.0,1.0,1.0,1.0,0.1,1.0,36.0,21.0,23.0,717.66,1003.09,701.31,960.03,189.61,597.99,751.42,743.74,0.0,169.32,598.86,739.34,0.0,884.93,0.0,593.7,756.15,836.85,99.54,229.22,28.57,28.33,28.51,28.34,22.24,27.48,27.9,24.87,36.0,23.76,27.59,28.16,36.0,26.04,36.0,28.05,28.39,24.18,25.37,22.68,0.023114,0.031288,0.022413,0.030001,0.003296,0.0168,0.022187,0.015987,0.0,0.00331,0.017031,0.022553,0.0,0.021246,0.0,0.017867,0.023767,0.016941,0.002241,0.004117
2020-01-14 02:30:00,20.96,21.01,21.05,21.12,20.74,21.3,21.86,20.81,22.08,22.2,21.89,22.92,20.72,21.06,22.92,21.97,22.83,20.8,20.49,21.19,-5.25,0.0,1.0,1.0,1.0,1.0,1.0,1.0,1.0,1.0,0.0,1.0,1.0,1.0,0.0,1.0,0.0,1.0,1.0,1.0,0.1,1.0,36.0,21.0,23.0,717.13,1001.16,700.4,959.07,190.81,593.87,751.23,669.14,0.0,168.09,588.07,732.1,0.0,849.27,0.0,589.91,755.04,741.96,109.77,223.89,28.58,28.34,28.52,28.35,22.15,27.54,27.9,25.99,36.0,23.85,27.74,28.23,36.0,26.44,36.0,28.1,28.4,25.52,24.28,22.99,0.023114,0.031288,0.022413,0.030001,0.003296,0.0168,0.022187,0.015987,0.0,0.00331,0.017031,0.022553,0.0,0.021246,0.0,0.017867,0.023767,0.016941,0.002241,0.004117
2020-01-14 02:45:00,20.98,21.03,21.07,21.14,20.84,21.21,22.01,21.13,21.65,22.25,21.98,22.96,20.48,21.24,22.82,22.03,22.86,21.09,20.08,21.29,-5.29,0.0,1.0,1.0,1.0,1.0,1.0,1.0,1.0,1.0,0.0,1.0,1.0,1.0,0.0,1.0,0.0,1.0,1.0,1.0,0.1,1.0,36.0,21.0,23.0,716.0,998.61,699.0,957.51,190.49,591.63,749.26,628.15,0.0,167.09,580.49,727.56,0.0,827.27,0.0,586.86,753.81,689.6,116.95,220.16,28.59,28.36,28.54,28.36,22.17,27.57,27.92,26.6,36.0,23.93,27.85,28.28,36.0,26.68,36.0,28.14,28.41,26.26,23.52,23.21,0.023114,0.031288,0.022413,0.030001,0.003296,0.0168,0.022187,0.015987,0.0,0.00331,0.017031,0.022553,0.0,0.021246,0.0,0.017867,0.023767,0.016941,0.002241,0.004117
2020-01-14 03:00:00,20.99,21.05,21.07,21.15,20.94,21.11,22.14,21.29,21.3,22.29,22.05,22.99,20.27,21.36,22.72,22.06,22.87,21.29,19.75,21.37,-5.33,0.0,1.0,1.0,1.0,1.0,1.0,1.0,1.0,1.0,0.0,1.0,1.0,1.0,0.0,1.0,0.0,1.0,1.0,1.0,0.1,1.0,36.0,21.0,23.0,715.23,996.57,698.0,956.48,190.3,590.44,746.66,603.52,0.0,166.24,574.84,724.39,0.0,812.24,0.0,584.35,752.63,657.21,122.47,217.35,28.6,28.38,28.55,28.37,22.19,27.59,27.95,26.97,36.0,23.99,27.93,28.32,36.0,26.85,36.0,28.18,28.42,26.72,22.93,23.37,0.023114,0.031288,0.022413,0.030001,0.003296,0.0168,0.022187,0.015987,0.0,0.00331,0.017031,0.022553,0.0,0.021246,0.0,0.017867,0.023767,0.016941,0.002241,0.004117
2020-01-14 03:15:00,20.94,20.76,20.9,21.12,20.98,21.09,22.2,21.41,21.38,22.3,22.11,22.93,20.37,21.09,22.7,22.09,22.87,21.17,19.92,21.32,-5.36,0.0,1.0,0.714,0.833,1.0,0.985,1.0,1.0,1.0,1.0,0.616,1.0,0.727,1.0,0.0,1.0,1.0,0.956,0.0,1.0,0.0,36.0,21.0,23.0,687.95,779.68,603.07,923.63,186.72,589.99,744.18,588.3,930.7,103.53,570.5,549.24,784.72,0.0,169.25,582.31,723.8,0.0,1085.2,0.0,28.88,27.65,28.27,28.63,22.23,27.6,27.98,27.2,25.34,23.85,27.99,27.99,24.37,36.0,23.78,28.2,28.38,36.0,24.43,36.0,0.023114,0.022344,0.01867,0.030001,0.003245,0.0168,0.022187,0.015987,0.020884,0.002038,0.017031,0.016407,0.016137,0.0,0.003314,0.017867,0.022719,0.0,0.022431,0.0
2020-01-14 03:30:00,20.99,20.74,20.89,21.07,21.05,21.23,22.09,21.46,21.66,22.29,22.17,22.84,20.68,20.65,22.76,22.13,22.87,20.93,20.34,21.2,-5.39,0.0,1.0,0.714,0.833,1.0,0.985,1.0,1.0,1.0,1.0,0.616,1.0,0.727,1.0,0.0,1.0,1.0,0.956,0.0,1.0,0.0,36.0,21.0,23.0,713.36,800.71,622.62,955.8,187.53,588.38,743.21,577.85,847.62,104.45,566.76,565.62,701.25,0.0,165.31,580.48,726.79,0.0,985.17,0.0,28.62,27.43,28.02,28.38,22.17,27.62,27.99,27.35,26.29,23.74,28.04,27.75,25.6,36.0,24.07,28.23,28.35,36.0,25.49,36.0,0.023114,0.022344,0.01867,0.030001,0.003245,0.0168,0.022187,0.015987,0.020884,0.002038,0.017031,0.016407,0.016137,0.0,0.003314,0.017867,0.022719,0.0,0.022431,0.0
2020-01-14 03:45:00,21.0,20.72,20.87,21.08,21.1,21.4,21.97,21.53,21.98,22.27,22.22,22.76,20.97,20.13,22.82,22.16,22.87,20.66,20.75,21.08,-5.42,0.0,1.0,0.714,0.833,1.0,0.985,1.0,1.0,1.0,1.0,0.616,1.0,0.727,1.0,0.0,1.0,1.0,0.956,0.0,1.0,0.0,36.0,21.0,23.0,713.51,804.84,624.82,956.69,186.45,585.3,744.05,570.72,801.47,105.03,563.55,575.57,655.35,0.0,162.77,578.75,728.25,0.0,927.64,0.0,28.61,27.38,27.99,28.37,22.25,27.67,27.98,27.46,26.82,23.67,28.08,27.61,26.28,36.0,24.25,28.25,28.33,36.0,26.11,36.0,0.023114,0.022344,0.01867,0.030001,0.003245,0.0168,0.022187,0.015987,0.020884,0.002038,0.017031,0.016407,0.016137,0.0,0.003314,0.017867,0.022719,0.0,0.022431,0.0
2020-01-14 04:00:00,20.95,20.67,20.82,21.05,21.14,21.5,21.92,21.59,22.17,22.26,22.26,22.68,21.17,19.76,22.87,22.18,22.86,20.42,21.0,20.95,-5.46,0.0,1.0,0.714,0.833,1.0,0.985,1.0,1.0,1.0,1.0,0.616,1.0,0.727,1.0,0.0,1.0,1.0,0.956,0.0,1.0,0.0,36.0,21.0,23.0,686.46,787.47,606.84,924.46,184.59,582.11,745.71,565.57,773.36,105.42,560.89,582.08,627.88,0.0,161.0,577.26,728.93,0.0,891.88,0.0,28.89,27.57,28.22,28.63,22.39,27.71,27.96,27.54,27.14,23.62,28.12,27.51,26.69,36.0,24.38,28.27,28.32,36.0,26.49,36.0,0.023114,0.022344,0.01867,0.030001,0.003245,0.0168,0.022187,0.015987,0.020884,0.002038,0.017031,0.016407,0.016137,0.0,0.003314,0.017867,0.022719,0.0,0.022431,0.0
2020-01-14 04:15:00,20.93,20.86,20.91,21.02,20.95,21.29,21.76,21.33,22.29,22.29,22.29,22.73,21.17,19.92,22.92,22.21,22.87,20.66,21.1,20.98,-5.49,0.0,1.0,1.0,1.0,1.0,0.0,0.0,1.0,0.0,1.0,1.0,1.0,1.0,0.607,1.0,1.0,1.0,0.984,1.0,0.808,1.0,36.0,21.0,23.0,686.5,972.97,677.58,924.33,0.0,0.0,745.95,0.0,755.14,168.97,558.6,771.64,395.37,1057.32,159.68,575.99,747.18,835.09,723.38,235.41,28.89,28.56,28.77,28.63,36.0,36.0,27.96,36.0,27.35,23.79,28.15,27.81,26.34,24.09,24.47,28.29,28.36,24.21,26.46,22.32,0.023114,0.031288,0.022413,0.030001,0.0,0.0,0.022187,0.0,0.020884,0.00331,0.017031,0.022553,0.009788,0.021246,0.003314,0.017867,0.023383,0.016941,0.018131,0.004117
2020-01-14 04:30:00,20.98,20.95,20.98,21.11,20.76,20.86,21.95,20.91,22.37,22.33,22.32,22.81,21.01,20.29,22.95,22.22,22.88,20.82,21.13,21.08,-5.52,0.0,1.0,1.0,1.0,1.0,0.0,0.0,1.0,0.0,1.0,1.0,1.0,1.0,0.607,1.0,1.0,1.0,0.984,1.0,0.808,1.0,36.0,21.0,23.0,712.78,1010.08,704.04,955.74,0.0,0.0,747.52,0.0,742.5,167.09,556.58,751.74,406.39,957.1,158.66,574.84,745.01,739.75,724.92,228.05,28.62,28.28,28.48,28.38,36.0,36.0,27.94,36.0,27.49,23.93,28.18,28.03,26.07,25.22,24.55,28.3,28.38,25.55,26.43,22.75,0.023114,0.031288,0.022413,0.030001,0.0,0.0,0.022187,0.0,0.020884,0.00331,0.017031,0.022553,0.009788,0.021246,0.003314,0.017867,0.023383,0.016941,0.018131,0.004117
2020-01-14 04:45:00,21.01,20.97,21.0,21.13,20.55,20.44,22.06,20.49,22.45,22.38,22.35,22.89,20.83,20.68,22.98,22.24,22.9,21.11,21.16,21.2,-5.55,0.0,1.0,1.0,1.0,1.0,0.0,0.0,1.0,0.0,1.0,1.0,1.0,1.0,0.607,1.0,1.0,1.0,0.984,1.0,0.808,1.0,36.0,21.0,23.0,712.41,1011.32,704.63,954.8,0.0,0.0,746.27,0.0,733.72,165.76,554.75,740.48,412.92,900.38,157.84,573.76,743.58,687.62,724.13,223.16,28.63,28.27,28.48,28.39,36.0,36.0,27.95,36.0,27.59,24.02,28.21,28.15,25.91,25.86,24.61,28.32,28.39,26.29,26.45,23.03,0.023114,0.031288,0.022413,0.030001,0.0,0.0,0.022187,0.0,0.020884,0.00331,0.017031,0.022553,0.009788,0.021246,0.003314,0.017867,0.023383,0.016941,0.018131,0.004117
2020-01-14 05:00:00,20.96,20.93,20.95,21.11,20.42,20.13,22.13,20.16,22.51,22.43,22.39,22.94,20.72,20.95,23.02,22.26,22.91,21.32,21.2,21.3,-5.55,0.0,1.0,1.0,1.0,1.0,0.0,0.0,1.0,0.0,1.0,1.0,1.0,1.0,0.607,1.0,1.0,1.0,0.984,1.0,0.808,1.0,36.0,21.0,23.0,685.38,977.95,679.72,922.3,0.0,0.0,743.96,0.0,727.32,164.76,553.11,733.52,417.29,865.36,157.18,572.76,742.53,656.77,722.57,219.67,28.91,28.52,28.74,28.65,36.0,36.0,27.98,36.0,27.67,24.09,28.23,28.22,25.8,26.26,24.65,28.33,28.4,26.73,26.47,23.23,0.023114,0.031288,0.022413,0.030001,0.0,0.0,0.022187,0.0,0.020884,0.00331,0.017031,0.022553,0.009788,0.021246,0.003314,0.017867,0.023383,0.016941,0.018131,0.004117
2020-01-14 05:15:00,21.0,20.96,20.98,21.12,20.55,20.28,22.19,20.32,22.26,22.46,22.41,22.92,20.72,20.9,23.01,22.28,22.89,21.16,20.9,21.33,-5.55,0.0,1.0,1.0,1.0,1.0,1.0,1.0,1.0,1.0,0.048,1.0,1.0,0.837,1.0,0.43,0.522,1.0,0.88,0.0,0.0,0.608,36.0,21.0,23.0,711.34,1015.27,706.11,953.7,185.47,792.91,742.44,756.96,40.51,163.93,551.62,626.55,647.68,396.77,83.45,571.83,675.54,0.0,0.0,134.51,28.64,28.24,28.46,28.4,22.54,24.71,27.99,24.67,26.34,24.15,28.25,28.06,26.4,25.62,24.47,28.34,28.28,36.0,36.0,23.14,0.023114,0.031288,0.022413,0.030001,0.003296,0.0168,0.022187,0.015987,0.001003,0.00331,0.017031,0.01888,0.016137,0.009144,0.001731,0.017867,0.020921,0.0,0.0,0.002501
2020-01-14 05:30:00,21.02,20.99,21.0,21.15,20.8,20.63,22.11,20.69,21.78,22.5,22.44,22.88,20.95,20.73,22.98,22.3,22.85,20.91,20.37,21.33,-5.55,0.0,1.0,1.0,1.0,1.0,1.0,1.0,1.0,1.0,0.048,1.0,1.0,0.837,1.0,0.43,0.522,1.0,0.88,0.0,0.0,0.608,36.0,21.0,23.0,711.37,1012.37,705.21,953.64,185.88,709.27,741.8,679.83,45.07,163.23,550.16,635.42,619.56,415.73,84.52,570.87,683.31,0.0,0.0,135.38,28.64,28.26,28.47,28.4,22.51,25.9,28.0,25.83,25.25,24.2,28.27,27.95,26.81,25.12,24.32,28.36,28.19,36.0,36.0,23.05,0.023114,0.031288,0.022413,0.030001,0.003296,0.0168,0.022187,0.015987,0.001003,0.00331,0.017031,0.01888,0.016137,0.009144,0.001731,0.017867,0.020921,0.0,0.0,0.002501
2020-01-14 05:45:00,21.03,21.0,21.01,21.16,20.93,20.96,21.99,21.03,21.36,22.53,22.47,22.85,21.18,20.57,22.95,22.32,22.82,20.66,19.87,21.33,-5.55,0.0,1.0,1.0,1.0,1.0,1.0,1.0,1.0,1.0,0.048,1.0,1.0,0.837,1.0,0.43,0.522,1.0,0.88,0.0,0.0,0.608,36.0,21.0,23.0,710.85,1008.86,703.8,952.92,184.87,663.99,742.69,637.49,48.37,162.62,548.84,640.43,602.34,427.49,85.24,569.99,687.86,0.0,0.0,135.85,28.64,28.29,28.49,28.4,22.58,26.54,27.99,26.46,24.46,24.25,28.29,27.89,27.07,24.82,24.22,28.37,28.13,36.0,36.0,23.01,0.023114,0.031288,0.022413,0.030001,0.003296,0.0168,0.022187,0.015987,0.001003,0.00331,0.017031,0.01888,0.016137,0.009144,0.001731,0.017867,0.020921,0.0,0.0,0.002501
2020-01-14 06:00:00,21.03,21.02,21.02,21.16,21.03,21.18,21.89,21.21,21.04,22.57,22.49,22.83,21.36,20.45,22.92,22.34,22.81,20.47,19.49,21.34,-5.57,0.0,1.0,1.0,1.0,1.0,1.0,1.0,1.0,1.0,0.048,1.0,1.0,0.837,1.0,0.43,0.522,1.0,0.88,0.0,0.0,0.608,36.0,21.0,23.0,710.46,1005.5,702.5,952.38,184.13,636.54,744.22,611.59,50.94,162.07,547.59,643.56,590.54,435.6,85.76,569.13,690.79,0.0,0.0,136.12,28.65,28.31,28.5,28.41,22.63,26.94,27.98,26.85,23.85,24.29,28.31,27.85,27.24,24.6,24.15,28.38,28.1,36.0,36.0,22.98,0.023114,0.031288,0.022413,0.030001,0.003296,0.0168,0.022187,0.015987,0.001003,0.00331,0.017031,0.01888,0.016137,0.009144,0.001731,0.017867,0.020921,0.0,0.0,0.002501
2020-01-14 06:15:00,20.99,20.77,20.92,21.14,20.81,21.03,21.86,21.35,21.14,22.51,22.52,22.87,21.14,20.61,22.93,22.36,22.84,20.57,19.67,21.26,-5.6,0.0,1.0,0.739,0.917,1.0,0.0,0.122,1.0,1.0,1.0,0.0,1.0,1.0,0.0,1.0,1.0,1.0,1.0,1.0,1.0,0.0,36.0,21.0,23.0,683.68,803.33,642.63,920.06,0.0,89.21,745.95,595.55,944.32,0.0,546.38,750.98,0.0,936.11,161.68,568.27,771.06,834.75,1129.82,0.0,28.92,27.69,28.52,28.66,36.0,25.63,27.96,27.09,25.18,36.0,28.32,28.03,36.0,25.46,24.33,28.39,28.24,24.21,23.95,36.0,0.023114,0.023116,0.020544,0.030001,0.0,0.002058,0.022187,0.015987,0.020884,0.0,0.017031,0.022553,0.0,0.021246,0.003314,0.017867,0.023767,0.016941,0.022431,0.0
2020-01-14 06:30:00,21.02,20.75,20.94,21.1,20.87,20.6,21.96,21.3,21.45,22.42,22.54,22.93,20.67,20.86,22.97,22.38,22.88,20.86,20.14,21.15,-5.62,0.0,1.0,0.739,0.917,1.0,0.0,0.122,1.0,1.0,1.0,0.0,1.0,1.0,0.0,1.0,1.0,1.0,1.0,1.0,1.0,0.0,36.0,21.0,23.0,709.69,824.13,664.06,952.29,0.0,98.41,746.12,584.86,862.02,0.0,545.3,738.45,0.0,881.57,159.65,567.49,761.5,739.76,1013.62,0.0,28.65,27.47,28.27,28.41,36.0,24.56,27.95,27.25,26.13,36.0,28.34,28.17,36.0,26.07,24.48,28.4,28.33,25.55,25.19,36.0,0.023114,0.023116,0.020544,0.030001,0.0,0.002058,0.022187,0.015987,0.020884,0.0,0.017031,0.022553,0.0,0.021246,0.003314,0.017867,0.023767,0.016941,0.022431,0.0
2020-01-14 06:45:00,21.03,20.75,20.94,21.11,20.86,20.14,22.1,21.36,21.78,22.32,22.56,22.98,20.18,21.09,23.01,22.4,22.92,21.15,20.62,21.03,-5.65,0.0,1.0,0.739,0.917,1.0,0.0,0.122,1.0,1.0,1.0,0.0,1.0,1.0,0.0,1.0,1.0,1.0,1.0,1.0,1.0,0.0,36.0,21.0,23.0,710.03,823.76,663.88,953.08,0.0,104.83,744.27,577.73,815.59,0.0,544.19,731.02,0.0,849.38,158.28,566.67,755.88,687.37,947.05,0.0,28.65,27.47,28.27,28.4,36.0,23.81,27.97,27.35,26.66,36.0,28.36,28.25,36.0,26.44,24.58,28.41,28.39,26.29,25.9,36.0,0.023114,0.023116,0.020544,0.030001,0.0,0.002058,0.022187,0.015987,0.020884,0.0,0.017031,0.022553,0.0,0.021246,0.003314,0.017867,0.023767,0.016941,0.022431,0.0
2020-01-14 07:00:00,21.03,20.74,20.94,21.11,20.87,19.82,22.22,21.4,21.97,22.23,22.58,23.02,19.81,21.24,23.05,22.41,22.94,21.35,20.89,20.93,-5.66,0.0,1.0,0.739,0.917,1.0,0.0,0.122,1.0,1.0,1.0,0.0,1.0,1.0,0.0,1.0,1.0,1.0,1.0,1.0,1.0,0.0,36.0,21.0,23.0,709.7,822.3,662.98,952.8,0.0,109.71,741.85,572.55,786.5,0.0,543.2,726.18,0.0,828.34,157.27,565.95,752.28,655.31,904.76,0.0,28.65,27.49,28.28,28.4,36.0,23.25,28.0,27.43,26.99,36.0,28.37,28.3,36.0,26.67,24.65,28.42,28.43,26.75,26.35,36.0,0.023114,0.023116,0.020544,0.030001,0.0,0.002058,0.022187,0.015987,0.020884,0.0,0.017031,0.022553,0.0,0.021246,0.003314,0.017867,0.023767,0.016941,0.022431,0.0
2020-01-14 07:15:00,20.98,20.9,20.96,21.08,21.04,19.96,22.27,21.44,22.11,22.22,22.59,22.94,19.94,20.98,23.02,22.42,22.89,21.22,21.09,20.95,-5.67,0.0,1.0,1.0,1.0,1.0,1.0,1.0,1.0,1.0,1.0,1.0,1.0,0.677,1.0,0.0,0.227,1.0,0.807,0.0,0.962,1.0,36.0,21.0,23.0,683.09,967.36,674.4,920.94,181.99,786.91,739.5,568.57,767.97,175.54,542.28,515.95,782.54,0.0,36.67,565.28,625.49,0.0,849.58,236.8,28.93,28.6,28.8,28.66,22.79,24.79,28.03,27.49,27.2,23.31,28.38,27.91,24.4,36.0,24.33,28.43,28.2,36.0,26.58,22.24,0.023114,0.031288,0.022413,0.030001,0.003296,0.0168,0.022187,0.015987,0.020884,0.00331,0.017031,0.015267,0.016137,0.0,0.000752,0.017867,0.019186,0.0,0.021581,0.004117
2020-01-14 07:30:00,21.02,20.97,21.0,21.14,21.16,20.34,22.15,21.56,22.2,22.28,22.61,22.83,20.33,20.54,22.96,22.42,22.83,20.98,21.2,21.05,-5.68,0.0,1.0,1.0,1.0,1.0,1.0,1.0,1.0,1.0,1.0,1.0,1.0,0.677,1.0,0.0,0.227,1.0,0.807,0.0,0.962,1.0,36.0,21.0,23.0,709.3,1003.31,699.79,951.9,184.36,711.88,738.75,564.93,754.76,171.4,541.57,534.14,701.68,0.0,37.5,564.83,638.89,0.0,833.96,229.11,28.66,28.33,28.53,28.41,22.62,25.86,28.03,27.55,27.35,23.61,28.39,27.63,25.6,36.0,24.07,28.44,28.03,36.0,26.76,22.69,0.023114,0.031288,0.022413,0.030001,0.003296,0.0168,0.022187,0.015987,0.020884,0.00331,0.017031,0.015267,0.016137,0.0,0.000752,0.017867,0.019186,0.0,0.021581,0.004117
2020-01-14 07:45:00,21.04,21.0,21.02,21.16,21.21,20.72,22.03,21.63,22.27,22.35,22.62,22.72,20.74,20.02,22.89,22.43,22.76,20.71,21.3,21.17,-5.69,0.0,1.0,1.0,1.0,1.0,1.0,1.0,1.0,1.0,1.0,1.0,1.0,0.677,1.0,0.0,0.227,1.0,0.807,0.0,0.962,1.0,36.0,21.0,23.0,709.35,1004.41,700.06,951.55,184.47,670.11,739.82,561.36,745.48,168.71,540.84,545.37,656.81,0.0,38.08,564.34,646.93,0.0,822.43,224.01,28.66,28.32,28.53,28.41,22.61,26.46,28.02,27.6,27.46,23.81,28.4,27.45,26.26,36.0,23.89,28.44,27.93,36.0,26.88,22.98,0.023114,0.031288,0.022413,0.030001,0.003296,0.0168,0.022187,0.015987,0.020884,0.00331,0.017031,0.015267,0.016137,0.0,0.000752,0.017867,0.019186,0.0,0.021581,0.004117
2020-01-14 08:00:00,21.04,21.0,21.03,21.17,21.25,20.96,21.92,21.67,22.33,22.4,22.63,22.63,20.98,19.66,22.82,22.43,22.72,20.5,21.38,21.27,-5.67,0.0,1.0,1.0,1.0,1.0,1.0,1.0,1.0,1.0,1.0,1.0,1.0,0.677,1.0,0.0,0.227,1.0,0.807,0.0,0.962,1.0,36.0,21.0,23.0,709.05,1005.77,700.12,951.16,184.8,644.19,741.69,558.48,738.52,166.8,540.21,553.1,629.05,0.0,38.52,563.94,652.32,0.0,813.46,220.33,28.66,28.31,28.53,28.42,22.59,26.83,28.0,27.64,27.54,23.95,28.41,27.33,26.67,36.0,23.74,28.45,27.87,36.0,26.98,23.2,0.023114,0.031288,0.022413,0.030001,0.003296,0.0168,0.022187,0.015987,0.020884,0.00331,0.017031,0.015267,0.016137,0.0,0.000752,0.017867,0.019186,0.0,0.021581,0.004117
2020-01-14 08:15:00,21.0,20.79,20.97,21.15,21.0,21.04,21.9,21.39,22.39,22.45,22.27,22.67,21.03,19.79,22.82,22.44,22.75,20.59,21.07,21.23,-5.64,3.5,0.938,0.744,0.924,1.0,0.0,0.748,1.0,0.0,1.0,1.0,0.0,1.0,0.647,1.0,1.0,1.0,1.0,1.0,0.0,0.0,36.0,21.0,23.0,682.32,835.19,667.45,950.56,0.0,490.63,743.61,0.0,732.87,165.38,0.0,782.2,420.05,1067.37,165.86,563.45,786.14,833.13,0.0,0.0,28.47,27.42,28.29,28.42,36.0,26.66,27.98,36.0,27.6,24.05,36.0,27.7,26.38,23.98,24.03,28.46,28.09,24.23,36.0,36.0,0.021691,0.023275,0.020709,0.030001,0.0,0.012573,0.022187,0.0,0.020884,0.00331,0.0,0.022553,0.010443,0.021246,0.003314,0.017867,0.023767,0.016941,0.0,0.0
2020-01-14 08:30:00,20.99,20.83,21.09,21.14,20.82,21.05,22.06,21.03,22.44,22.49,21.69,22.87,21.11,20.21,22.87,22.46,22.92,20.99,20.56,21.1,-5.61,45.0,0.938,0.744,0.924,1.0,0.0,0.748,1.0,0.0,1.0,1.0,0.0,1.0,0.647,1.0,1.0,1.0,1.0,1.0,0.0,0.0,36.0,21.0,23.0,680.84,816.93,644.96,950.75,0.0,496.28,737.9,0.0,727.83,164.28,0.0,751.95,425.19,965.09,162.73,562.47,764.08,731.63,0.0,0.0,28.49,27.6,28.55,28.42,36.0,26.56,28.04,36.0,27.66,24.13,36.0,28.02,26.26,25.13,24.25,28.47,28.31,25.67,36.0,36.0,0.021691,0.023275,0.020709,0.030001,0.0,0.012573,0.022187,0.0,0.020884,0.00331,0.0,0.022553,0.010443,0.021246,0.003314,0.017867,0.023767,0.016941,0.0,0.0
2020-01-14 08:45:00,21.02,20.92,21.28,21.17,20.64,21.08,22.33,20.81,22.5,22.53,21.21,23.09,21.24,20.62,22.92,22.49,23.12,21.44,20.04,20.98,-5.59,86.6,0.938,0.744,0.924,1.0,0.0,0.748,1.0,0.0,1.0,1.0,0.0,1.0,0.647,1.0,1.0,1.0,1.0,1.0,0.0,0.0,36.0,21.0,23.0,679.4,804.02,621.76,948.95,0.0,497.98,724.99,0.0,723.09,163.39,0.0,726.71,420.99,906.21,160.67,560.99,742.55,665.81,0.0,0.0,28.51,27.74,28.82,28.43,36.0,26.53,28.18,36.0,27.72,24.19,36.0,28.29,26.36,25.8,24.4,28.49,28.53,26.6,36.0,36.0,0.021691,0.023275,0.020709,0.030001,0.0,0.012573,0.022187,0.0,0.020884,0.00331,0.0,0.022553,0.010443,0.021246,0.003314,0.017867,0.023767,0.016941,0.0,0.0
2020-01-14 09:00:00,21.06,21.03,21.49,21.24,20.53,21.15,22.63,20.72,22.56,22.57,20.87,23.29,21.42,20.9,22.97,22.54,23.32,21.87,19.67,20.87,-5.45,128.1,0.938,0.744,0.924,1.0,0.0,0.748,1.0,0.0,1.0,1.0,0.0,1.0,0.647,1.0,1.0,1.0,1.0,1.0,0.0,0.0,36.0,21.0,23.0,677.72,790.74,595.41,946.13,0.0,497.68,709.29,0.0,718.48,162.64,0.0,704.54,411.42,868.01,159.2,559.08,722.1,615.39,0.0,0.0,28.53,27.87,29.12,28.46,36.0,26.53,28.35,36.0,27.77,24.25,36.0,28.53,26.57,26.23,24.51,28.51,28.73,27.31,36.0,36.0,0.021691,0.023275,0.020709,0.030001,0.0,0.012573,0.022187,0.0,0.020884,0.00331,0.0,0.022553,0.010443,0.021246,0.003314,0.017867,0.023767,0.016941,0.0,0.0
2020-01-14 09:15:00,21.14,21.33,20.77,21.24,20.7,21.01,22.86,21.03,22.34,22.53,20.99,23.2,21.41,20.92,23.0,22.58,23.19,22.04,19.83,20.88,-5.31,169.6,1.0,1.0,0.0,1.0,1.0,0.0,1.0,1.0,0.0,0.0,1.0,0.0,0.0,0.442,0.996,1.0,0.0,0.0,1.0,1.0,36.0,21.0,23.0,701.34,940.02,0.0,943.14,188.38,0.0,693.04,689.44,0.0,0.0,748.39,0.0,0.0,406.9,157.55,556.75,0.0,0.0,1108.88,237.18,28.74,28.81,36.0,28.48,22.33,36.0,28.53,25.68,36.0,36.0,25.49,36.0,36.0,25.63,24.59,28.55,36.0,36.0,24.17,22.22,0.023114,0.031288,0.0,0.030001,0.003296,0.0,0.022187,0.015987,0.0,0.0,0.017031,0.0,0.0,0.009391,0.003302,0.017867,0.0,0.0,0.022431,0.004117
2020-01-14 09:30:00,21.18,21.45,20.65,21.23,21.01,20.67,22.96,21.55,21.86,22.43,21.38,22.84,21.21,20.81,23.04,22.64,22.81,22.03,20.33,20.99,-5.17,177.2,1.0,1.0,0.0,1.0,1.0,0.0,1.0,1.0,0.0,0.0,1.0,0.0,0.0,0.442,0.996,1.0,0.0,0.0,1.0,1.0,36.0,21.0,23.0,700.13,942.97,0.0,942.58,189.4,0.0,682.15,598.94,0.0,0.0,668.63,0.0,0.0,424.3,156.7,554.3,0.0,0.0,995.5,229.68,28.75,28.79,36.0,28.48,22.25,36.0,28.64,27.04,36.0,36.0,26.61,36.0,36.0,25.19,24.65,28.58,36.0,36.0,25.38,22.65,0.023114,0.031288,0.0,0.030001,0.003296,0.0,0.022187,0.015987,0.0,0.0,0.017031,0.0,0.0,0.009391,0.003302,0.017867,0.0,0.0,0.022431,0.004117
2020-01-14 09:45:00,21.23,21.5,20.7,21.26,21.22,20.36,23.0,21.98,21.41,22.32,21.76,22.45,21.0,20.7,23.07,22.69,22.35,22.0,20.82,21.11,-5.03,184.7,1.0,1.0,0.0,1.0,1.0,0.0,1.0,1.0,0.0,0.0,1.0,0.0,0.0,0.442,0.996,1.0,0.0,0.0,1.0,1.0,36.0,21.0,23.0,698.23,943.55,0.0,940.82,188.75,0.0,676.47,545.34,0.0,0.0,624.76,0.0,0.0,434.44,156.01,551.73,0.0,0.0,929.51,224.69,28.77,28.79,36.0,28.5,22.3,36.0,28.71,27.84,36.0,36.0,27.22,36.0,36.0,24.93,24.7,28.61,36.0,36.0,26.09,22.94,0.023114,0.031288,0.0,0.030001,0.003296,0.0,0.022187,0.015987,0.0,0.0,0.017031,0.0,0.0,0.009391,0.003302,0.017867,0.0,0.0,0.022431,0.004117
2020-01-14 10:00:00,21.28,21.54,20.76,21.31,21.41,20.13,23.02,22.28,21.12,22.23,22.03,22.18,20.87,20.64,23.1,22.76,22.02,22.01,21.14,21.21,-4.88,192.3,1.0,1.0,0.0,1.0,1.0,0.0,1.0,1.0,0.0,0.0,1.0,0.0,0.0,0.442,0.996,1.0,0.0,0.0,1.0,1.0,36.0,21.0,23.0,695.99,945.61,0.0,938.2,188.23,0.0,673.94,509.96,0.0,0.0,597.61,0.0,0.0,440.8,155.42,549.03,0.0,0.0,886.73,221.08,28.8,28.77,36.0,28.52,22.34,36.0,28.73,28.37,36.0,36.0,27.61,36.0,36.0,24.77,24.74,28.65,36.0,36.0,26.54,23.15,0.023114,0.031288,0.0,0.030001,0.003296,0.0,0.022187,0.015987,0.0,0.0,0.017031,0.0,0.0,0.009391,0.003302,0.017867,0.0,0.0,0.022431,0.004117
2020-01-14 10:15:00,20.92,20.52,21.4,21.26,21.34,20.34,22.85,22.25,21.02,22.15,21.86,21.99,21.11,20.81,23.06,22.82,22.14,21.97,21.0,21.18,-4.74,199.8,0.506,0.0,0.63,1.0,0.0,1.0,0.0,0.0,0.285,0.0,0.0,0.0,1.0,1.0,0.0,1.0,1.0,0.0,0.0,0.0,36.0,21.0,23.0,442.19,0.0,418.92,937.86,0.0,811.8,0.0,0.0,301.48,0.0,0.0,0.0,663.54,919.56,0.0,546.08,949.13,0.0,0.0,0.0,26.95,36.0,28.9,28.52,36.0,24.44,36.0,36.0,23.86,36.0,36.0,36.0,26.16,25.65,36.0,28.69,26.45,36.0,36.0,36.0,0.011687,0.0,0.014117,0.030001,0.0,0.0168,0.0,0.0,0.005942,0.0,0.0,0.0,0.016137,0.021246,0.0,0.017867,0.023767,0.0,0.0,0.0
2020-01-14 10:30:00,20.79,20.19,21.74,21.19,21.28,20.88,22.5,22.1,20.98,22.06,21.38,21.75,21.66,21.16,22.96,22.9,22.56,21.87,20.56,21.05,-4.6,212.3,0.506,0.0,0.63,1.0,0.0,1.0,0.0,0.0,0.285,0.0,0.0,0.0,1.0,1.0,0.0,1.0,1.0,0.0,0.0,0.0,36.0,21.0,23.0,440.27,0.0,416.09,937.43,0.0,718.6,0.0,0.0,299.05,0.0,0.0,0.0,577.99,863.92,0.0,543.08,853.03,0.0,0.0,0.0,26.99,36.0,28.95,28.52,36.0,25.77,36.0,36.0,23.96,36.0,36.0,36.0,27.43,26.27,36.0,28.73,27.41,36.0,36.0,36.0,0.011687,0.0,0.014117,0.030001,0.0,0.0168,0.0,0.0,0.005942,0.0,0.0,0.0,0.016137,0.021246,0.0,0.017867,0.023767,0.0,0.0,0.0
2020-01-14 10:45:00,20.78,20.04,21.86,21.2,21.21,21.39,22.2,22.03,20.96,21.98,20.98,21.53,22.22,21.44,22.85,22.98,22.94,21.73,20.09,20.92,-4.46,224.8,0.506,0.0,0.63,1.0,0.0,1.0,0.0,0.0,0.285,0.0,0.0,0.0,1.0,1.0,0.0,1.0,1.0,0.0,0.0,0.0,36.0,21.0,23.0,443.16,0.0,405.55,935.95,0.0,665.41,0.0,0.0,298.39,0.0,0.0,0.0,524.52,829.14,0.0,539.85,800.71,0.0,0.0,0.0,26.93,36.0,29.13,28.54,36.0,26.52,36.0,36.0,23.99,36.0,36.0,36.0,28.22,26.66,36.0,28.77,27.94,36.0,36.0,36.0,0.011687,0.0,0.014117,0.030001,0.0,0.0168,0.0,0.0,0.005942,0.0,0.0,0.0,0.016137,0.021246,0.0,0.017867,0.023767,0.0,0.0,0.0
2020-01-14 11:00:00,20.77,19.9,21.98,21.2,21.17,21.75,21.95,22.0,20.94,21.9,20.7,21.33,22.66,21.64,22.76,23.05,23.16,21.65,19.77,20.81,-4.34,237.3,0.506,0.0,0.63,1.0,0.0,1.0,0.0,0.0,0.285,0.0,0.0,0.0,1.0,1.0,0.0,1.0,1.0,0.0,0.0,0.0,36.0,21.0,23.0,445.42,0.0,396.93,934.54,0.0,631.22,0.0,0.0,298.45,0.0,0.0,0.0,486.57,805.25,0.0,536.62,769.63,0.0,0.0,0.0,26.88,36.0,29.27,28.55,36.0,27.01,36.0,36.0,23.98,36.0,36.0,36.0,28.79,26.93,36.0,28.81,28.25,36.0,36.0,36.0,0.011687,0.0,0.014117,0.030001,0.0,0.0168,0.0,0.0,0.005942,0.0,0.0,0.0,0.016137,0.021246,0.0,0.017867,0.023767,0.0,0.0,0.0
2020-01-14 11:15:00,21.15,20.68,21.56,21.32,21.15,21.77,21.75,22.01,21.02,21.9,20.88,21.49,22.75,21.49,22.74,23.03,23.04,21.62,19.98,20.83,-4.21,249.7,1.0,1.0,0.0,1.0,0.0,0.0,0.0,0.0,0.57,1.0,1.0,1.0,0.0,0.0,1.0,0.712,0.253,0.0,1.0,1.0,36.0,21.0,23.0,701.83,1017.29,0.0,930.67,0.0,0.0,0.0,0.0,570.82,182.18,767.54,1019.07,0.0,0.0,168.89,400.85,217.17,0.0,1109.35,238.04,28.74,28.22,36.0,28.58,36.0,36.0,36.0,36.0,24.52,22.83,25.22,25.19,36.0,36.0,23.81,28.46,27.35,36.0,24.17,22.17,0.023114,0.031288,0.0,0.030001,0.0,0.0,0.0,0.0,0.011899,0.00331,0.017031,0.022553,0.0,0.0,0.003314,0.012726,0.006006,0.0,0.022431,0.004117
2020-01-14 11:30:00,21.35,21.1,21.56,21.49,21.15,21.56,21.55,22.04,21.17,21.98,21.36,21.93,22.58,21.11,22.8,22.96,22.75,21.65,20.55,20.94,-4.09,255.0,1.0,1.0,0.0,1.0,0.0,0.0,0.0,0.0,0.57,1.0,1.0,1.0,0.0,0.0,1.0,0.712,0.253,0.0,1.0,1.0,36.0,21.0,23.0,706.84,1050.29,0.0,925.7,0.0,0.0,0.0,0.0,551.07,177.09,680.67,904.79,0.0,0.0,164.93,413.55,235.28,0.0,990.96,230.5,28.68,27.97,36.0,28.62,36.0,36.0,36.0,36.0,24.92,23.2,26.44,26.4,36.0,36.0,24.1,28.23,26.63,36.0,25.43,22.61,0.023114,0.031288,0.0,0.030001,0.0,0.0,0.0,0.0,0.011899,0.00331,0.017031,0.022553,0.0,0.0,0.003314,0.012726,0.006006,0.0,0.022431,0.004117
2020-01-14 11:45:00,21.42,21.14,21.65,21.6,21.15,21.33,21.38,22.07,21.35,22.07,21.83,22.36,22.42,20.7,22.86,22.91,22.45,21.68,21.11,21.06,-3.97,260.3,1.0,1.0,0.0,1.0,0.0,0.0,0.0,0.0,0.57,1.0,1.0,1.0,0.0,0.0,1.0,0.712,0.253,0.0,1.0,1.0,36.0,21.0,23.0,705.99,1053.45,0.0,916.48,0.0,0.0,0.0,0.0,537.8,173.73,631.69,839.28,0.0,0.0,162.37,420.68,247.52,0.0,919.69,225.48,28.69,27.95,36.0,28.69,36.0,36.0,36.0,36.0,25.19,23.45,27.13,27.1,36.0,36.0,24.28,28.09,26.14,36.0,26.19,22.9,0.023114,0.031288,0.0,0.030001,0.0,0.0,0.0,0.0,0.011899,0.00331,0.017031,0.022553,0.0,0.0,0.003314,0.012726,0.006006,0.0,0.022431,0.004117
2020-01-14 12:00:00,21.47,21.19,21.71,21.67,21.16,21.16,21.26,22.11,21.52,22.14,22.13,22.67,22.32,20.46,22.91,22.89,22.24,21.69,21.52,21.16,-3.88,265.6,1.0,1.0,0.0,1.0,0.0,0.0,0.0,0.0,0.57,1.0,1.0,1.0,0.0,0.0,1.0,0.712,0.253,0.0,1.0,1.0,36.0,21.0,23.0,706.74,1062.17,0.0,906.54,0.0,0.0,0.0,0.0,527.12,171.31,600.73,797.28,0.0,0.0,160.56,424.87,256.48,0.0,870.38,221.84,28.68,27.88,36.0,28.77,36.0,36.0,36.0,36.0,25.4,23.62,27.56,27.54,36.0,36.0,24.41,28.01,25.78,36.0,26.72,23.11,0.023114,0.031288,0.0,0.030001,0.0,0.0,0.0,0.0,0.011899,0.00331,0.017031,0.022553,0.0,0.0,0.003314,0.012726,0.006006,0.0,0.022431,0.004117
2020-01-14 12:15:00,20.7,20.56,21.74,21.52,21.17,21.03,21.16,22.14,21.46,22.11,22.0,22.69,22.25,20.67,22.95,22.63,22.27,21.69,21.46,21.13,-3.79,270.9,0.134,0.3,0.0,1.0,0.0,0.0,0.0,0.0,0.0,0.0,0.0,0.362,0.0,1.0,1.0,0.0,0.715,0.0,0.0,0.0,36.0,21.0,23.0,148.51,448.45,0.0,899.54,0.0,0.0,0.0,0.0,0.0,0.0,0.0,310.4,0.0,1005.85,159.23,0.0,683.6,0.0,0.0,0.0,24.52,24.58,36.0,28.83,36.0,36.0,36.0,36.0,36.0,36.0,36.0,26.91,36.0,24.67,24.51,36.0,26.38,36.0,36.0,36.0,0.003094,0.009396,0.0,0.030001,0.0,0.0,0.0,0.0,0.0,0.0,0.0,0.008167,0.0,0.021246,0.003314,0.0,0.017005,0.0,0.0,0.0
2020-01-14 12:30:00,20.44,20.34,21.68,21.4,21.18,20.93,21.05,22.17,21.23,22.02,21.55,22.54,22.18,21.25,22.99,22.08,22.46,21.67,21.17,21.01,-3.7,264.8,0.134,0.3,0.0,1.0,0.0,0.0,0.0,0.0,0.0,0.0,0.0,0.362,0.0,1.0,1.0,0.0,0.715,0.0,0.0,0.0,36.0,21.0,23.0,149.26,446.25,0.0,890.33,0.0,0.0,0.0,0.0,0.0,0.0,0.0,327.0,0.0,898.13,158.21,0.0,652.3,0.0,0.0,0.0,24.46,24.64,36.0,28.9,36.0,36.0,36.0,36.0,36.0,36.0,36.0,26.42,36.0,25.89,24.58,36.0,26.82,36.0,36.0,36.0,0.003094,0.009396,0.0,0.030001,0.0,0.0,0.0,0.0,0.0,0.0,0.0,0.008167,0.0,0.021246,0.003314,0.0,0.017005,0.0,0.0,0.0
2020-01-14 12:45:00,20.36,20.3,21.63,21.39,21.17,20.84,20.94,22.17,21.07,21.92,21.13,22.39,22.13,21.82,23.02,21.65,22.65,21.64,20.88,20.88,-3.61,258.8,0.134,0.3,0.0,1.0,0.0,0.0,0.0,0.0,0.0,0.0,0.0,0.362,0.0,1.0,1.0,0.0,0.715,0.0,0.0,0.0,36.0,21.0,23.0,151.51,447.64,0.0,879.9,0.0,0.0,0.0,0.0,0.0,0.0,0.0,337.21,0.0,830.4,157.38,0.0,633.62,0.0,0.0,0.0,24.29,24.6,36.0,28.98,36.0,36.0,36.0,36.0,36.0,36.0,36.0,26.12,36.0,26.65,24.64,36.0,27.09,36.0,36.0,36.0,0.003094,0.009396,0.0,0.030001,0.0,0.0,0.0,0.0,0.0,0.0,0.0,0.008167,0.0,0.021246,0.003314,0.0,0.017005,0.0,0.0,0.0
2020-01-14 13:00:00,20.3,20.27,21.59,21.41,21.17,20.75,20.84,22.17,20.98,21.84,20.84,22.28,22.06,22.19,23.06,21.31,22.79,21.59,20.65,20.77,-3.56,252.7,0.134,0.3,0.0,1.0,0.0,0.0,0.0,0.0,0.0,0.0,0.0,0.362,0.0,1.0,1.0,0.0,0.715,0.0,0.0,0.0,36.0,21.0,23.0,153.52,448.32,0.0,868.61,0.0,0.0,0.0,0.0,0.0,0.0,0.0,344.14,0.0,782.21,156.7,0.0,621.26,0.0,0.0,0.0,24.13,24.58,36.0,29.07,36.0,36.0,36.0,36.0,36.0,36.0,36.0,25.92,36.0,27.19,24.69,36.0,27.26,36.0,36.0,36.0,0.003094,0.009396,0.0,0.030001,0.0,0.0,0.0,0.0,0.0,0.0,0.0,0.008167,0.0,0.021246,0.003314,0.0,0.017005,0.0,0.0,0.0
2020-01-14 13:15:00,20.97,20.86,22.32,21.7,21.15,20.84,21.0,22.15,21.27,21.83,21.02,22.42,22.04,22.19,23.02,21.47,22.96,21.59,20.89,20.78,-3.51,246.6,1.0,1.0,1.0,1.0,0.0,0.852,1.0,0.0,1.0,1.0,1.0,1.0,0.0,0.0,0.154,1.0,1.0,0.0,0.846,1.0,36.0,21.0,23.0,735.75,1068.89,540.67,852.28,0.0,741.62,1090.77,0.0,962.49,181.7,763.87,864.32,0.0,0.0,24.86,757.54,815.18,0.0,889.8,238.76,28.38,27.83,30.23,29.2,36.0,23.61,24.24,36.0,24.97,22.87,25.27,26.83,36.0,36.0,24.32,25.86,27.79,36.0,24.78,22.13,0.023114,0.031288,0.022413,0.030001,0.0,0.01432,0.022187,0.0,0.020884,0.00331,0.017031,0.022553,0.0,0.0,0.000509,0.017867,0.023767,0.0,0.018971,0.004117
2020-01-14 13:30:00,21.39,21.24,22.72,22.05,21.13,21.13,21.4,22.13,21.88,21.9,21.47,22.73,22.12,22.02,22.95,21.92,23.16,21.71,21.48,20.89,-3.46,248.0,1.0,1.0,1.0,1.0,0.0,0.852,1.0,0.0,1.0,1.0,1.0,1.0,0.0,0.0,0.154,1.0,1.0,0.0,0.846,1.0,36.0,21.0,23.0,749.84,1072.3,549.45,836.4,0.0,659.05,960.27,0.0,847.33,177.08,677.44,803.91,0.0,0.0,25.5,669.81,778.69,0.0,797.58,231.16,28.24,27.8,30.14,29.33,36.0,24.99,25.65,36.0,26.29,23.2,26.48,27.47,36.0,36.0,24.02,27.03,28.16,36.0,25.94,22.57,0.023114,0.031288,0.022413,0.030001,0.0,0.01432,0.022187,0.0,0.020884,0.00331,0.017031,0.022553,0.0,0.0,0.000509,0.017867,0.023767,0.0,0.018971,0.004117
2020-01-14 13:45:00,21.44,21.32,22.8,22.1,21.12,21.37,21.8,22.11,22.51,21.99,21.92,23.0,22.23,21.83,22.87,22.37,23.31,21.84,22.06,21.02,-3.41,249.3,1.0,1.0,1.0,1.0,0.0,0.852,1.0,0.0,1.0,1.0,1.0,1.0,0.0,0.0,0.154,1.0,1.0,0.0,0.846,1.0,36.0,21.0,23.0,751.48,1064.81,549.3,857.14,0.0,611.87,886.06,0.0,774.27,174.03,629.7,768.6,0.0,0.0,25.96,622.07,756.49,0.0,737.09,226.13,28.22,27.86,30.14,29.16,36.0,25.78,26.45,36.0,27.13,23.42,27.15,27.85,36.0,36.0,23.81,27.67,28.39,36.0,26.7,22.86,0.023114,0.031288,0.022413,0.030001,0.0,0.01432,0.022187,0.0,0.020884,0.00331,0.017031,0.022553,0.0,0.0,0.000509,0.017867,0.023767,0.0,0.018971,0.004117
2020-01-14 14:00:00,21.44,21.35,22.82,22.06,21.1,21.56,22.09,22.08,22.92,22.05,22.21,23.16,22.29,21.7,22.79,22.64,23.41,21.91,22.47,21.12,-3.38,250.6,1.0,1.0,1.0,1.0,0.0,0.852,1.0,0.0,1.0,1.0,1.0,1.0,0.0,0.0,0.154,1.0,1.0,0.0,0.846,1.0,36.0,21.0,23.0,756.71,1061.21,553.08,879.94,0.0,582.42,838.88,0.0,720.8,171.83,599.61,745.47,0.0,0.0,26.31,592.44,741.6,0.0,691.71,222.45,28.17,27.89,30.1,28.98,36.0,26.27,26.95,36.0,27.74,23.58,27.58,28.09,36.0,36.0,23.64,28.07,28.54,36.0,27.28,23.07,0.023114,0.031288,0.022413,0.030001,0.0,0.01432,0.022187,0.0,0.020884,0.00331,0.017031,0.022553,0.0,0.0,0.000509,0.017867,0.023767,0.0,0.018971,0.004117
2020-01-14 14:15:00,20.69,20.53,22.03,21.73,21.07,21.47,22.24,22.03,22.98,22.1,22.38,23.05,22.27,21.63,22.79,22.42,23.17,21.95,22.51,21.09,-3.36,251.9,0.184,0.163,0.0,1.0,0.0,0.0,1.0,0.0,0.0,1.0,1.0,0.235,0.0,0.0,1.0,0.0,0.0,0.0,0.0,0.0,36.0,21.0,23.0,208.59,258.62,0.0,896.13,0.0,0.0,807.91,0.0,0.0,170.17,580.16,195.64,0.0,0.0,166.95,0.0,0.0,0.0,0.0,0.0,24.27,23.9,36.0,28.85,36.0,36.0,27.29,36.0,36.0,23.7,27.85,27.17,36.0,36.0,23.95,36.0,36.0,36.0,36.0,36.0,0.004253,0.005111,0.0,0.030001,0.0,0.0,0.022187,0.0,0.0,0.00331,0.017031,0.005298,0.0,0.0,0.003314,0.0,0.0,0.0,0.0,0.0
2020-01-14 14:30:00,20.38,20.23,21.69,21.41,21.03,21.23,22.37,21.97,22.85,22.16,22.52,22.76,22.15,21.6,22.84,21.88,22.67,21.94,22.35,20.97,-3.33,240.2,0.184,0.163,0.0,1.0,0.0,0.0,1.0,0.0,0.0,1.0,1.0,0.235,0.0,0.0,1.0,0.0,0.0,0.0,0.0,0.0,36.0,21.0,23.0,206.41,256.05,0.0,903.06,0.0,0.0,786.66,0.0,0.0,168.87,567.03,211.79,0.0,0.0,163.56,0.0,0.0,0.0,0.0,0.0,24.39,24.02,36.0,28.8,36.0,36.0,27.52,36.0,36.0,23.8,28.03,26.44,36.0,36.0,24.19,36.0,36.0,36.0,36.0,36.0,0.004253,0.005111,0.0,0.030001,0.0,0.0,0.022187,0.0,0.0,0.00331,0.017031,0.005298,0.0,0.0,0.003314,0.0,0.0,0.0,0.0,0.0
2020-01-14 14:45:00,20.29,20.13,21.54,21.32,20.98,20.99,22.44,21.88,22.7,22.21,22.63,22.46,21.97,21.57,22.89,21.34,22.14,21.92,22.18,20.85,-3.3,228.4,0.184,0.163,0.0,1.0,0.0,0.0,1.0,0.0,0.0,1.0,1.0,0.235,0.0,0.0,1.0,0.0,0.0,0.0,0.0,0.0,36.0,21.0,23.0,205.85,255.49,0.0,908.46,0.0,0.0,771.5,0.0,0.0,167.81,557.53,222.75,0.0,0.0,161.34,0.0,0.0,0.0,0.0,0.0,24.42,24.04,36.0,28.76,36.0,36.0,27.68,36.0,36.0,23.87,28.17,25.94,36.0,36.0,24.35,36.0,36.0,36.0,36.0,36.0,0.004253,0.005111,0.0,0.030001,0.0,0.0,0.022187,0.0,0.0,0.00331,0.017031,0.005298,0.0,0.0,0.003314,0.0,0.0,0.0,0.0,0.0
2020-01-14 15:00:00,20.23,20.07,21.42,21.26,20.92,20.76,22.49,21.78,22.49,22.25,22.71,22.23,21.78,21.56,22.94,20.96,21.75,21.87,22.03,20.74,-3.32,216.6,0.184,0.163,0.0,1.0,0.0,0.0,1.0,0.0,0.0,1.0,1.0,0.235,0.0,0.0,1.0,0.0,0.0,0.0,0.0,0.0,36.0,21.0,23.0,204.66,254.19,0.0,911.15,0.0,0.0,760.41,0.0,0.0,166.91,550.49,230.91,0.0,0.0,159.76,0.0,0.0,0.0,0.0,0.0,24.49,24.1,36.0,28.73,36.0,36.0,27.8,36.0,36.0,23.94,28.27,25.57,36.0,36.0,24.47,36.0,36.0,36.0,36.0,36.0,0.004253,0.005111,0.0,0.030001,0.0,0.0,0.022187,0.0,0.0,0.00331,0.017031,0.005298,0.0,0.0,0.003314,0.0,0.0,0.0,0.0,0.0
2020-01-14 15:15:00,20.87,20.77,22.13,21.49,21.03,20.8,22.51,21.91,22.59,22.29,22.77,22.32,21.66,21.55,22.98,21.1,21.85,21.81,22.29,20.75,-3.35,204.9,1.0,1.0,1.0,1.0,1.0,1.0,1.0,1.0,1.0,1.0,1.0,1.0,0.036,0.0,1.0,1.0,1.0,0.0,1.0,1.0,36.0,21.0,23.0,725.02,1019.87,562.41,906.9,192.23,810.23,752.22,639.37,821.14,166.13,545.05,884.79,27.23,0.0,158.58,782.1,1000.09,0.0,889.73,239.33,28.5,28.2,30.0,28.77,22.05,24.46,27.89,26.43,26.59,23.99,28.34,26.61,24.71,36.0,24.55,25.53,25.93,36.0,26.51,22.09,0.023114,0.031288,0.022413,0.030001,0.003296,0.0168,0.022187,0.015987,0.020884,0.00331,0.017031,0.022553,0.000577,0.0,0.003314,0.017867,0.023767,0.0,0.022431,0.004117
2020-01-14 15:30:00,21.27,21.2,22.4,21.77,21.21,21.06,22.52,22.18,22.92,22.33,22.82,22.61,21.63,21.52,23.01,21.55,22.23,21.72,22.87,20.87,-3.37,187.0,1.0,1.0,1.0,1.0,1.0,1.0,1.0,1.0,1.0,1.0,1.0,1.0,0.036,0.0,1.0,1.0,1.0,0.0,1.0,1.0,36.0,21.0,23.0,725.79,1021.0,584.43,902.59,192.51,717.41,745.94,567.67,748.91,165.43,540.95,817.2,27.7,0.0,157.67,693.04,897.25,0.0,784.42,231.71,28.49,28.19,29.76,28.8,22.03,25.78,27.96,27.51,27.42,24.04,28.4,27.33,24.52,36.0,24.62,26.72,26.97,36.0,27.63,22.54,0.023114,0.031288,0.022413,0.030001,0.003296,0.0168,0.022187,0.015987,0.020884,0.00331,0.017031,0.022553,0.000577,0.0,0.003314,0.017867,0.023767,0.0,0.022431,0.004117
2020-01-14 15:45:00,21.37,21.3,22.32,21.85,21.34,21.29,22.5,22.35,23.11,22.37,22.86,22.86,21.63,21.52,23.05,21.97,22.6,21.64,23.36,20.99,-3.39,169.1,1.0,1.0,1.0,1.0,1.0,1.0,1.0,1.0,1.0,1.0,1.0,1.0,0.036,0.0,1.0,1.0,1.0,0.0,1.0,1.0,36.0,21.0,23.0,712.62,1002.54,608.0,898.31,191.82,667.31,741.59,534.58,714.45,164.79,537.79,779.25,28.17,0.0,156.92,644.31,840.29,0.0,719.71,226.63,28.62,28.33,29.51,28.84,22.08,26.5,28.0,28.0,27.82,24.09,28.45,27.73,24.32,36.0,24.67,27.37,27.54,36.0,28.32,22.83,0.023114,0.031288,0.022413,0.030001,0.003296,0.0168,0.022187,0.015987,0.020884,0.00331,0.017031,0.022553,0.000577,0.0,0.003314,0.017867,0.023767,0.0,0.022431,0.004117
2020-01-14 16:00:00,21.34,21.29,22.19,21.81,21.42,21.44,22.51,22.39,23.15,22.41,22.88,23.01,21.54,21.5,23.08,22.22,22.82,21.51,23.67,21.1,-3.48,151.2,1.0,1.0,1.0,1.0,1.0,1.0,1.0,1.0,1.0,1.0,1.0,1.0,0.036,0.0,1.0,1.0,1.0,0.0,1.0,1.0,36.0,21.0,23.0,684.29,964.31,597.29,868.85,189.27,637.99,738.59,522.12,700.26,164.22,535.45,756.41,28.67,0.0,156.3,615.65,806.33,0.0,679.0,222.99,28.92,28.63,29.62,29.07,22.26,26.91,28.04,28.19,27.98,24.13,28.48,27.98,24.12,36.0,24.72,27.76,27.88,36.0,28.76,23.04,0.023114,0.031288,0.022413,0.030001,0.003296,0.0168,0.022187,0.015987,0.020884,0.00331,0.017031,0.022553,0.000577,0.0,0.003314,0.017867,0.023767,0.0,0.022431,0.004117
2020-01-14 16:15:00,20.91,20.63,21.18,21.55,21.24,21.19,22.42,22.13,22.89,22.37,22.89,22.97,21.41,21.42,23.04,22.19,22.89,21.41,23.52,21.17,-3.57,133.3,0.446,0.254,0.0,1.0,0.0,0.0,1.0,0.0,0.0,0.0,0.997,0.615,0.0,0.0,0.0,0.62,0.983,0.0,0.0,1.0,36.0,21.0,23.0,412.17,361.94,0.0,907.92,0.0,0.0,736.63,0.0,0.0,0.0,532.39,486.6,0.0,0.0,0.0,398.08,773.31,0.0,0.0,220.12,26.44,25.1,36.0,28.76,36.0,36.0,28.06,36.0,36.0,36.0,28.5,27.61,36.0,36.0,36.0,27.41,28.08,36.0,36.0,23.21,0.010319,0.007944,0.0,0.030001,0.0,0.0,0.022187,0.0,0.0,0.0,0.016973,0.013878,0.0,0.0,0.0,0.011083,0.023354,0.0,0.0,0.004117
2020-01-14 16:30:00,20.67,20.35,20.76,21.31,21.08,20.74,22.35,21.75,22.36,22.26,22.9,22.84,21.1,21.25,22.93,22.07,22.96,21.24,23.08,21.25,-3.65,100.0,0.446,0.254,0.0,1.0,0.0,0.0,1.0,0.0,0.0,0.0,0.997,0.615,0.0,0.0,0.0,0.62,0.983,0.0,0.0,1.0,36.0,21.0,23.0,411.29,360.73,0.0,914.68,0.0,0.0,735.69,0.0,0.0,0.0,531.45,502.82,0.0,0.0,0.0,410.79,761.97,0.0,0.0,217.9,26.46,25.14,36.0,28.71,36.0,36.0,28.07,36.0,36.0,36.0,28.51,27.33,36.0,36.0,36.0,27.13,28.19,36.0,36.0,23.34,0.010319,0.007944,0.0,0.030001,0.0,0.0,0.022187,0.0,0.0,0.0,0.016973,0.013878,0.0,0.0,0.0,0.011083,0.023354,0.0,0.0,0.004117
2020-01-14 16:45:00,20.57,20.24,20.54,21.19,20.89,20.31,22.25,21.41,21.89,22.17,22.9,22.73,20.7,20.84,22.84,21.94,22.98,21.03,22.37,21.32,-3.74,0.0,0.446,0.254,0.0,1.0,0.0,0.0,1.0,0.0,0.0,0.0,0.997,0.615,0.0,0.0,0.0,0.62,0.983,0.0,0.0,1.0,36.0,21.0,23.0,413.85,363.26,0.0,922.27,0.0,0.0,736.43,0.0,0.0,0.0,531.11,513.26,0.0,0.0,0.0,418.79,754.88,0.0,0.0,216.05,26.41,25.06,36.0,28.65,36.0,36.0,28.06,36.0,36.0,36.0,28.51,27.15,36.0,36.0,36.0,26.96,28.27,36.0,36.0,23.45,0.010319,0.007944,0.0,0.030001,0.0,0.0,0.022187,0.0,0.0,0.0,0.016973,0.013878,0.0,0.0,0.0,0.011083,0.023354,0.0,0.0,0.004117
2020-01-14 17:00:00,20.5,20.15,20.37,21.1,20.7,19.92,22.15,21.1,21.49,22.07,22.89,22.62,20.35,20.47,22.74,21.83,23.0,20.85,21.73,21.39,-3.83,0.0,0.446,0.254,0.0,1.0,0.0,0.0,1.0,0.0,0.0,0.0,0.997,0.615,0.0,0.0,0.0,0.62,0.983,0.0,0.0,1.0,36.0,21.0,23.0,414.67,364.35,0.0,925.55,0.0,0.0,737.3,0.0,0.0,0.0,530.9,520.5,0.0,0.0,0.0,424.23,750.09,0.0,0.0,214.49,26.39,25.03,36.0,28.62,36.0,36.0,28.05,36.0,36.0,36.0,28.52,27.03,36.0,36.0,36.0,26.84,28.32,36.0,36.0,23.54,0.010319,0.007944,0.0,0.030001,0.0,0.0,0.022187,0.0,0.0,0.0,0.016973,0.013878,0.0,0.0,0.0,0.011083,0.023354,0.0,0.0,0.004117
2020-01-14 17:15:00,20.88,20.72,21.08,21.27,20.75,19.98,22.12,21.12,21.51,22.06,22.89,22.66,20.39,20.53,22.72,21.9,22.91,20.87,21.64,21.45,-3.91,0.0,1.0,1.0,1.0,1.0,1.0,1.0,1.0,1.0,1.0,1.0,1.0,1.0,1.0,1.0,1.0,1.0,0.627,0.641,1.0,1.0,36.0,21.0,23.0,715.15,1003.95,654.19,924.66,186.2,821.92,738.46,708.46,929.76,177.65,532.12,801.39,782.7,1044.77,169.18,642.51,507.13,577.56,947.65,213.11,28.6,28.32,29.02,28.63,22.48,24.3,28.04,25.4,25.35,23.16,28.53,27.5,24.4,24.24,23.79,27.4,27.86,23.28,25.89,23.62,0.023114,0.031288,0.022413,0.030001,0.003296,0.0168,0.022187,0.015987,0.020884,0.00331,0.017031,0.022553,0.016137,0.021246,0.003314,0.017867,0.014909,0.01086,0.022431,0.004117
2020-01-14 17:30:00,21.11,21.03,21.48,21.46,20.97,20.38,22.15,21.38,21.8,22.12,22.88,22.79,20.73,20.89,22.78,22.06,22.76,21.03,21.89,21.52,-4.0,0.0,1.0,1.0,1.0,1.0,1.0,1.0,1.0,1.0,1.0,1.0,1.0,1.0,1.0,1.0,1.0,1.0,0.627,0.641,1.0,1.0,36.0,21.0,23.0,717.29,1010.52,669.09,921.97,186.48,732.52,738.73,638.62,846.56,173.43,531.62,770.7,694.63,939.44,165.21,614.36,527.77,531.71,868.45,211.89,28.58,28.27,28.86,28.65,22.46,25.57,28.03,26.44,26.3,23.47,28.53,27.82,25.7,25.42,24.08,27.77,27.53,24.29,26.74,23.69,0.023114,0.031288,0.022413,0.030001,0.003296,0.0168,0.022187,0.015987,0.020884,0.00331,0.017031,0.022553,0.016137,0.021246,0.003314,0.017867,0.014909,0.01086,0.022431,0.004117
2020-01-14 17:45:00,21.14,21.07,21.47,21.51,21.1,20.78,22.22,21.61,22.11,22.2,22.88,22.89,21.1,21.28,22.84,22.19,22.61,21.18,22.2,21.58,-4.08,0.0,1.0,1.0,1.0,1.0,1.0,1.0,1.0,1.0,1.0,1.0,1.0,1.0,1.0,1.0,1.0,1.0,0.627,0.641,1.0,1.0,36.0,21.0,23.0,714.26,1004.2,666.38,919.87,185.44,683.01,737.85,600.97,800.04,170.67,531.24,753.13,645.7,879.39,162.64,598.32,540.85,504.84,824.94,210.76,28.61,28.32,28.89,28.66,22.54,26.27,28.04,27.01,26.84,23.67,28.54,28.01,26.43,26.1,24.26,27.99,27.32,24.88,27.2,23.75,0.023114,0.031288,0.022413,0.030001,0.003296,0.0168,0.022187,0.015987,0.020884,0.00331,0.017031,0.022553,0.016137,0.021246,0.003314,0.017867,0.014909,0.01086,0.022431,0.004117
2020-01-14 18:00:00,21.12,21.06,21.44,21.48,21.18,21.04,22.26,21.75,22.3,22.26,22.88,22.97,21.38,21.53,22.9,22.27,22.5,21.31,22.34,21.64,-4.13,0.0,1.0,1.0,1.0,1.0,1.0,1.0,1.0,1.0,1.0,1.0,1.0,1.0,1.0,1.0,1.0,1.0,0.627,0.641,1.0,1.0,36.0,21.0,23.0,686.53,967.04,642.89,889.27,183.8,652.94,736.37,579.18,771.52,168.73,530.82,742.16,616.04,842.01,160.84,588.42,549.59,488.02,798.55,209.76,28.89,28.61,29.14,28.91,22.66,26.7,28.06,27.33,27.16,23.81,28.54,28.13,26.87,26.52,24.39,28.12,27.18,25.25,27.48,23.81,0.023114,0.031288,0.022413,0.030001,0.003296,0.0168,0.022187,0.015987,0.020884,0.00331,0.017031,0.022553,0.016137,0.021246,0.003314,0.017867,0.014909,0.01086,0.022431,0.004117
2020-01-14 18:15:00,21.11,20.83,20.67,21.37,21.02,21.03,22.29,21.53,22.09,22.3,22.73,22.88,21.25,21.34,22.93,21.96,22.43,21.19,22.08,21.58,-4.18,0.0,0.963,0.655,0.145,1.0,0.0,0.453,1.0,0.0,0.0,1.0,0.473,0.527,0.0,0.0,1.0,0.0,0.602,0.0,0.0,0.0,36.0,21.0,23.0,696.31,760.28,149.64,924.26,0.0,316.63,735.77,0.0,0.0,167.24,276.3,418.85,0.0,0.0,159.48,0.0,536.22,0.0,0.0,0.0,28.51,27.13,25.02,28.63,36.0,26.06,28.07,36.0,36.0,23.91,27.79,27.56,36.0,36.0,24.49,36.0,27.03,36.0,36.0,36.0,0.022253,0.020505,0.003259,0.030001,0.0,0.007618,0.022187,0.0,0.0,0.00331,0.008056,0.011877,0.0,0.0,0.003314,0.0,0.0143,0.0,0.0,0.0
2020-01-14 18:30:00,21.08,20.73,20.43,21.25,20.84,20.84,22.21,21.16,21.65,22.34,22.48,22.7,20.86,20.88,22.97,21.37,22.35,20.99,21.56,21.44,-4.22,0.0,0.963,0.655,0.145,1.0,0.0,0.453,1.0,0.0,0.0,1.0,0.473,0.527,0.0,0.0,1.0,0.0,0.602,0.0,0.0,0.0,36.0,21.0,23.0,696.61,758.95,149.57,928.74,0.0,332.35,735.6,0.0,0.0,166.1,295.13,439.88,0.0,0.0,158.45,0.0,542.86,0.0,0.0,0.0,28.51,27.15,25.02,28.59,36.0,25.56,28.07,36.0,36.0,24.0,27.24,27.14,36.0,36.0,24.56,36.0,26.92,36.0,36.0,36.0,0.022253,0.020505,0.003259,0.030001,0.0,0.007618,0.022187,0.0,0.0,0.00331,0.008056,0.011877,0.0,0.0,0.003314,0.0,0.0143,0.0,0.0,0.0
2020-01-14 18:45:00,21.07,20.7,20.34,21.21,20.68,20.6,22.11,20.82,21.19,22.39,22.23,22.53,20.46,20.4,23.01,20.77,22.27,20.78,20.99,21.3,-4.27,0.0,0.963,0.655,0.145,1.0,0.0,0.453,1.0,0.0,0.0,1.0,0.473,0.527,0.0,0.0,1.0,0.0,0.602,0.0,0.0,0.0,36.0,21.0,23.0,696.2,759.68,150.94,930.5,0.0,341.95,736.05,0.0,0.0,165.17,307.42,453.24,0.0,0.0,157.62,0.0,547.86,0.0,0.0,0.0,28.52,27.14,24.92,28.58,36.0,25.26,28.06,36.0,36.0,24.06,26.87,26.87,36.0,36.0,24.62,36.0,26.83,36.0,36.0,36.0,0.022253,0.020505,0.003259,0.030001,0.0,0.007618,0.022187,0.0,0.0,0.00331,0.008056,0.011877,0.0,0.0,0.003314,0.0,0.0143,0.0,0.0,0.0
2020-01-14 19:00:00,21.06,20.67,20.25,21.16,20.54,20.42,22.02,20.5,20.83,22.43,22.02,22.38,20.16,20.04,23.04,20.3,22.2,20.6,20.55,21.18,-4.36,0.0,0.963,0.655,0.145,1.0,0.0,0.453,1.0,0.0,0.0,1.0,0.473,0.527,0.0,0.0,1.0,0.0,0.602,0.0,0.0,0.0,36.0,21.0,23.0,696.29,760.4,152.13,932.97,0.0,348.63,737.43,0.0,0.0,164.38,316.39,462.77,0.0,0.0,156.93,0.0,552.0,0.0,0.0,0.0,28.51,27.13,24.83,28.56,36.0,25.05,28.05,36.0,36.0,24.12,26.6,26.68,36.0,36.0,24.67,36.0,26.77,36.0,36.0,36.0,0.022253,0.020505,0.003259,0.030001,0.0,0.007618,0.022187,0.0,0.0,0.00331,0.008056,0.011877,0.0,0.0,0.003314,0.0,0.0143,0.0,0.0,0.0
2020-01-14 19:15:00,21.07,20.94,20.87,21.24,20.72,20.49,21.99,20.61,20.91,22.47,22.06,22.43,20.26,20.14,23.02,20.43,22.28,20.68,20.62,21.18,-4.44,0.0,1.0,1.0,1.0,1.0,1.0,1.0,1.0,1.0,1.0,1.0,1.0,1.0,1.0,1.0,0.302,1.0,1.0,1.0,1.0,1.0,36.0,21.0,23.0,712.11,1000.16,681.71,935.45,184.03,706.51,739.25,746.87,978.37,163.69,620.67,824.14,778.53,1053.21,48.6,814.28,861.04,848.54,1049.32,230.81,28.63,28.35,28.72,28.54,22.64,25.94,28.03,24.82,24.79,24.17,27.28,27.26,24.46,24.14,24.38,25.1,27.33,24.02,24.81,22.59,0.023114,0.031288,0.022413,0.030001,0.003296,0.0168,0.022187,0.015987,0.020884,0.00331,0.017031,0.022553,0.016137,0.021246,0.001,0.017867,0.023767,0.016941,0.022431,0.004117
2020-01-14 19:30:00,21.12,21.06,21.14,21.35,20.91,20.75,22.07,20.95,21.24,22.5,22.23,22.57,20.62,20.52,22.96,20.85,22.43,20.98,20.99,21.28,-4.53,0.0,1.0,1.0,1.0,1.0,1.0,1.0,1.0,1.0,1.0,1.0,1.0,1.0,1.0,1.0,0.302,1.0,1.0,1.0,1.0,1.0,36.0,21.0,23.0,711.27,1001.03,691.45,931.49,184.37,663.73,739.71,669.93,887.27,163.08,588.33,786.64,696.14,951.46,49.59,724.09,822.74,746.92,946.89,223.93,28.64,28.35,28.62,28.57,22.62,26.55,28.02,25.97,25.84,24.21,27.74,27.66,25.68,25.29,24.14,26.3,27.72,25.45,25.9,22.99,0.023114,0.031288,0.022413,0.030001,0.003296,0.0168,0.022187,0.015987,0.020884,0.00331,0.017031,0.022553,0.016137,0.021246,0.001,0.017867,0.023767,0.016941,0.022431,0.004117
2020-01-14 19:45:00,21.13,21.07,21.12,21.37,21.02,21.0,22.19,21.24,21.56,22.54,22.34,22.69,20.97,20.88,22.9,21.24,22.55,21.25,21.35,21.38,-4.62,0.0,1.0,1.0,1.0,1.0,1.0,1.0,1.0,1.0,1.0,1.0,1.0,1.0,1.0,1.0,0.302,1.0,1.0,1.0,1.0,1.0,36.0,21.0,23.0,710.75,998.59,689.53,930.65,183.56,639.02,738.47,627.83,836.13,162.52,571.06,765.75,650.7,893.94,50.28,675.39,801.1,691.15,889.88,219.43,28.64,28.36,28.64,28.58,22.68,26.9,28.04,26.6,26.42,24.26,27.98,27.88,26.35,25.93,23.98,26.96,27.94,26.24,26.51,23.25,0.023114,0.031288,0.022413,0.030001,0.003296,0.0168,0.022187,0.015987,0.020884,0.00331,0.017031,0.022553,0.016137,0.021246,0.001,0.017867,0.023767,0.016941,0.022431,0.004117
2020-01-14 20:00:00,21.07,21.03,21.08,21.33,21.1,21.16,22.24,21.4,21.75,22.58,22.4,22.76,21.19,21.11,22.84,21.46,22.61,21.44,21.55,21.47,-4.64,0.0,1.0,1.0,1.0,1.0,1.0,1.0,1.0,1.0,1.0,1.0,1.0,1.0,1.0,1.0,0.302,1.0,1.0,1.0,1.0,1.0,36.0,21.0,23.0,684.02,962.77,664.72,900.09,182.17,623.41,736.57,603.02,804.73,162.01,561.17,753.07,623.13,858.39,50.8,646.66,787.89,657.91,855.26,216.25,28.92,28.64,28.9,28.82,22.78,27.12,28.06,26.98,26.78,24.29,28.12,28.01,26.76,26.33,23.85,27.34,28.07,26.71,26.88,23.43,0.023114,0.031288,0.022413,0.030001,0.003296,0.0168,0.022187,0.015987,0.020884,0.00331,0.017031,0.022553,0.016137,0.021246,0.001,0.017867,0.023767,0.016941,0.022431,0.004117
2020-01-14 20:15:00,21.09,21.06,21.1,21.32,20.94,20.98,22.29,21.33,21.51,22.53,22.42,22.8,20.94,20.86,22.85,21.13,22.64,21.26,21.26,21.42,-4.66,0.0,1.0,1.0,1.0,1.0,0.0,0.265,1.0,0.584,0.029,0.0,1.0,1.0,0.0,0.0,1.0,0.0,1.0,0.0,0.0,0.0,36.0,21.0,23.0,710.61,996.34,689.83,932.77,0.0,185.65,735.96,367.92,26.41,0.0,555.33,744.93,0.0,0.0,164.77,0.0,779.36,0.0,0.0,0.0,28.64,28.38,28.64,28.56,36.0,26.01,28.06,26.57,25.47,36.0,28.2,28.1,36.0,36.0,24.11,36.0,28.16,36.0,36.0,36.0,0.023114,0.031288,0.022413,0.030001,0.0,0.004447,0.022187,0.009333,0.0006,0.0,0.017031,0.022553,0.0,0.0,0.003314,0.0,0.023767,0.0,0.0,0.0
2020-01-14 20:30:00,21.09,21.07,21.12,21.33,20.85,20.63,22.16,21.19,21.08,22.43,22.45,22.82,20.48,20.39,22.89,20.57,22.66,20.98,20.73,21.31,-4.68,0.0,1.0,1.0,1.0,1.0,0.0,0.265,1.0,0.584,0.029,0.0,1.0,1.0,0.0,0.0,1.0,0.0,1.0,0.0,0.0,0.0,36.0,21.0,23.0,711.19,995.7,690.07,934.25,0.0,201.87,736.79,380.43,29.17,0.0,551.65,739.57,0.0,0.0,161.93,0.0,773.76,0.0,0.0,0.0,28.64,28.39,28.63,28.55,36.0,25.14,28.06,26.25,24.37,36.0,28.25,28.15,36.0,36.0,24.31,36.0,28.21,36.0,36.0,36.0,0.023114,0.031288,0.022413,0.030001,0.0,0.004447,0.022187,0.009333,0.0006,0.0,0.017031,0.022553,0.0,0.0,0.003314,0.0,0.023767,0.0,0.0,0.0
2020-01-14 20:45:00,21.08,21.08,21.12,21.31,20.78,20.24,22.01,21.07,20.62,22.33,22.46,22.84,20.03,19.88,22.95,19.98,22.68,20.7,20.15,21.17,-4.7,0.0,1.0,1.0,1.0,1.0,0.0,0.265,1.0,0.584,0.029,0.0,1.0,1.0,0.0,0.0,1.0,0.0,1.0,0.0,0.0,0.0,36.0,21.0,23.0,711.06,994.6,690.07,935.18,0.0,212.71,738.11,387.74,31.14,0.0,549.23,735.91,0.0,0.0,160.06,0.0,769.96,0.0,0.0,0.0,28.64,28.39,28.63,28.54,36.0,24.56,28.04,26.06,23.59,36.0,28.28,28.19,36.0,36.0,24.45,36.0,28.25,36.0,36.0,36.0,0.023114,0.031288,0.022413,0.030001,0.0,0.004447,0.022187,0.009333,0.0006,0.0,0.017031,0.022553,0.0,0.0,0.003314,0.0,0.023767,0.0,0.0,0.0
2020-01-14 21:00:00,21.08,21.08,21.12,21.31,20.73,19.96,21.9,21.01,20.3,22.23,22.48,22.86,19.7,19.53,22.99,19.55,22.7,20.48,19.74,21.05,-4.75,0.0,1.0,1.0,1.0,1.0,0.0,0.265,1.0,0.584,0.029,0.0,1.0,1.0,0.0,0.0,1.0,0.0,1.0,0.0,0.0,0.0,36.0,21.0,23.0,711.06,993.6,690.1,936.03,0.0,220.75,740.4,392.51,32.68,0.0,547.51,733.09,0.0,0.0,158.7,0.0,767.07,0.0,0.0,0.0,28.64,28.4,28.63,28.54,36.0,24.12,28.02,25.94,22.97,36.0,28.31,28.22,36.0,36.0,24.55,36.0,28.28,36.0,36.0,36.0,0.023114,0.031288,0.022413,0.030001,0.0,0.004447,0.022187,0.009333,0.0006,0.0,0.017031,0.022553,0.0,0.0,0.003314,0.0,0.023767,0.0,0.0,0.0
2020-01-14 21:15:00,21.03,21.05,21.09,21.28,20.91,20.03,21.87,21.09,20.43,22.22,22.5,22.88,19.81,19.68,23.01,19.75,22.73,20.57,19.89,20.99,-4.8,0.0,1.0,1.0,1.0,1.0,1.0,1.0,1.0,1.0,1.0,1.0,1.0,0.987,1.0,1.0,0.763,1.0,1.0,1.0,1.0,0.48,36.0,21.0,23.0,684.31,958.01,664.81,904.86,182.2,748.89,742.77,631.5,1006.52,175.48,546.08,722.88,797.6,1082.03,121.54,860.95,764.65,834.84,1107.56,115.36,28.92,28.67,28.9,28.78,22.77,25.34,27.99,26.55,24.47,23.32,28.33,28.23,24.18,23.82,24.51,24.47,28.3,24.21,24.19,22.04,0.023114,0.031288,0.022413,0.030001,0.003296,0.0168,0.022187,0.015987,0.020884,0.00331,0.017031,0.022265,0.016137,0.021246,0.00253,0.017867,0.023767,0.016941,0.022431,0.001977
2020-01-14 21:30:00,21.06,21.09,21.12,21.29,21.05,20.36,21.96,21.31,20.77,22.28,22.52,22.9,20.19,20.07,23.01,20.22,22.75,20.85,20.31,20.99,-4.84,0.0,1.0,1.0,1.0,1.0,1.0,1.0,1.0,1.0,1.0,1.0,1.0,0.987,1.0,1.0,0.763,1.0,1.0,1.0,1.0,0.48,36.0,21.0,23.0,710.54,991.34,689.42,936.75,184.29,690.38,743.67,602.88,913.76,171.35,544.98,721.97,713.39,976.8,121.87,761.78,762.58,740.03,995.9,114.32,28.65,28.42,28.64,28.53,22.62,26.17,27.98,26.98,25.53,23.62,28.34,28.24,25.42,25.0,24.47,25.8,28.32,25.55,25.38,22.16,0.023114,0.031288,0.022413,0.030001,0.003296,0.0168,0.022187,0.015987,0.020884,0.00331,0.017031,0.022265,0.016137,0.021246,0.00253,0.017867,0.023767,0.016941,0.022431,0.001977
2020-01-14 21:45:00,21.07,21.11,21.14,21.3,21.14,20.71,22.09,21.45,21.15,22.35,22.53,22.92,20.61,20.5,23.02,20.72,22.77,21.13,20.76,21.0,-4.89,0.0,1.0,1.0,1.0,1.0,1.0,1.0,1.0,1.0,1.0,1.0,1.0,0.987,1.0,1.0,0.763,1.0,1.0,1.0,1.0,0.48,36.0,21.0,23.0,710.78,990.76,689.61,937.46,184.38,657.27,742.44,586.03,860.9,168.65,543.95,720.78,666.36,916.78,122.03,707.11,760.66,687.88,932.45,113.73,28.64,28.42,28.64,28.52,22.62,26.64,27.99,27.23,26.14,23.81,28.36,28.26,26.12,25.68,24.46,26.53,28.34,26.29,26.05,22.24,0.023114,0.031288,0.022413,0.030001,0.003296,0.0168,0.022187,0.015987,0.020884,0.00331,0.017031,0.022265,0.016137,0.021246,0.00253,0.017867,0.023767,0.016941,0.022431,0.001977
2020-01-14 22:00:00,21.02,21.07,21.1,21.27,21.18,20.93,22.15,21.53,21.38,22.41,22.54,22.93,20.86,20.77,23.02,20.99,22.79,21.33,21.01,21.0,-4.95,0.0,1.0,1.0,1.0,1.0,1.0,1.0,1.0,1.0,1.0,1.0,1.0,0.987,1.0,1.0,0.763,1.0,1.0,1.0,1.0,0.48,36.0,21.0,23.0,683.96,955.28,664.42,906.1,183.92,636.79,740.43,575.62,827.99,166.76,543.03,719.58,637.65,879.39,122.1,674.29,759.01,656.86,893.24,113.36,28.92,28.7,28.91,28.77,22.65,26.93,28.02,27.39,26.51,23.95,28.37,28.27,26.55,26.1,24.45,26.97,28.36,26.72,26.47,22.28,0.023114,0.031288,0.022413,0.030001,0.003296,0.0168,0.022187,0.015987,0.020884,0.00331,0.017031,0.022265,0.016137,0.021246,0.00253,0.017867,0.023767,0.016941,0.022431,0.001977
2020-01-14 22:15:00,21.05,21.1,21.12,21.27,20.95,21.03,22.2,21.27,21.4,22.37,22.17,22.9,20.99,20.85,23.01,20.99,22.44,21.16,20.88,21.02,-5.01,0.0,1.0,1.0,1.0,1.0,0.0,0.858,1.0,0.0,0.644,0.0,0.0,0.844,0.93,0.814,0.517,0.602,0.0,0.0,0.269,0.669,36.0,21.0,23.0,710.49,989.12,689.64,938.4,0.0,547.65,739.51,0.0,548.54,0.0,0.0,628.66,581.92,715.52,83.67,423.58,0.0,0.0,264.76,156.12,28.65,28.44,28.64,28.52,36.0,26.91,28.03,36.0,26.25,36.0,36.0,28.09,26.72,26.11,24.33,26.58,36.0,36.0,25.52,22.44,0.023114,0.031288,0.022413,0.030001,0.0,0.014409,0.022187,0.0,0.013456,0.0,0.0,0.019024,0.015006,0.017299,0.001715,0.010761,0.0,0.0,0.006045,0.002755
2020-01-14 22:30:00,21.05,21.11,21.13,21.28,20.74,21.07,22.09,20.82,21.34,22.29,21.62,22.85,21.08,20.89,22.98,20.89,21.9,20.89,20.59,21.05,-5.07,0.0,1.0,1.0,1.0,1.0,0.0,0.858,1.0,0.0,0.644,0.0,0.0,0.844,0.93,0.814,0.517,0.602,0.0,0.0,0.269,0.669,36.0,21.0,23.0,710.83,988.85,690.17,939.31,0.0,548.54,740.01,0.0,560.18,0.0,0.0,638.33,574.48,715.66,84.37,436.98,0.0,0.0,284.27,154.68,28.64,28.44,28.63,28.51,36.0,26.89,28.02,36.0,26.04,36.0,36.0,27.97,26.84,26.1,24.23,26.28,36.0,36.0,24.75,22.57,0.023114,0.031288,0.022413,0.030001,0.0,0.014409,0.022187,0.0,0.013456,0.0,0.0,0.019024,0.015006,0.017299,0.001715,0.010761,0.0,0.0,0.006045,0.002755
2020-01-14 22:45:00,21.05,21.11,21.13,21.27,20.52,21.1,21.96,20.4,21.28,22.19,21.11,22.79,21.14,20.92,22.96,20.79,21.32,20.63,20.27,21.08,-5.12,0.0,1.0,1.0,1.0,1.0,0.0,0.858,1.0,0.0,0.644,0.0,0.0,0.844,0.93,0.814,0.517,0.602,0.0,0.0,0.269,0.669,36.0,21.0,23.0,710.7,988.11,690.27,939.77,0.0,547.96,740.97,0.0,566.55,0.0,0.0,644.07,568.65,714.0,84.86,444.56,0.0,0.0,297.36,153.68,28.64,28.44,28.63,28.51,36.0,26.9,28.01,36.0,25.93,36.0,36.0,27.9,26.93,26.13,24.16,26.12,36.0,36.0,24.23,22.65,0.023114,0.031288,0.022413,0.030001,0.0,0.014409,0.022187,0.0,0.013456,0.0,0.0,0.019024,0.015006,0.017299,0.001715,0.010761,0.0,0.0,0.006045,0.002755
2020-01-14 23:00:00,21.04,21.12,21.13,21.26,20.35,21.14,21.85,20.09,21.24,22.09,20.7,22.76,21.21,20.96,22.93,20.72,20.87,20.41,20.0,21.11,-5.14,0.0,1.0,1.0,1.0,1.0,0.0,0.858,1.0,0.0,0.644,0.0,0.0,0.844,0.93,0.814,0.517,0.602,0.0,0.0,0.269,0.669,36.0,21.0,23.0,710.86,987.7,690.4,940.35,0.0,546.8,742.97,0.0,570.46,0.0,0.0,647.88,563.88,711.76,85.24,449.38,0.0,0.0,307.14,152.93,28.64,28.45,28.63,28.5,36.0,26.92,27.99,36.0,25.86,36.0,36.0,27.85,27.01,26.16,24.11,26.01,36.0,36.0,23.84,22.72,0.023114,0.031288,0.022413,0.030001,0.0,0.014409,0.022187,0.0,0.013456,0.0,0.0,0.019024,0.015006,0.017299,0.001715,0.010761,0.0,0.0,0.006045,0.002755
2020-01-14 23:15:00,21.04,21.12,21.13,21.26,20.46,21.18,21.83,20.19,20.95,22.09,20.79,22.79,20.95,20.88,22.95,20.86,20.96,20.5,20.15,21.18,-5.16,0.0,1.0,1.0,1.0,1.0,1.0,1.0,1.0,1.0,0.0,1.0,1.0,1.0,0.0,0.473,1.0,1.0,1.0,1.0,1.0,1.0,36.0,21.0,23.0,710.79,987.05,690.33,940.64,189.21,620.29,745.25,763.62,0.0,177.96,757.89,751.69,0.0,435.78,161.97,696.91,1057.04,836.96,1029.67,223.82,28.64,28.45,28.63,28.5,22.27,27.17,27.96,24.57,36.0,23.14,25.35,28.03,36.0,25.63,24.31,26.67,25.36,24.18,25.02,22.99,0.023114,0.031288,0.022413,0.030001,0.003296,0.0168,0.022187,0.015987,0.0,0.00331,0.017031,0.022553,0.0,0.010056,0.003314,0.017867,0.023767,0.016941,0.022431,0.004117
2020-01-14 23:30:00,21.04,21.13,21.13,21.26,20.67,21.14,21.91,20.55,20.5,22.16,21.15,22.84,20.61,20.72,22.99,21.07,21.34,20.79,20.54,21.26,-5.17,0.0,1.0,1.0,1.0,1.0,1.0,1.0,1.0,1.0,0.0,1.0,1.0,1.0,0.0,0.473,1.0,1.0,1.0,1.0,1.0,1.0,36.0,21.0,23.0,710.7,986.4,690.26,940.9,190.25,608.74,745.87,685.92,0.0,173.56,679.33,740.32,0.0,452.2,159.79,662.96,950.86,742.47,952.16,220.06,28.64,28.46,28.63,28.5,22.19,27.33,27.96,25.74,36.0,23.46,26.46,28.15,36.0,25.24,24.47,27.12,26.43,25.52,25.84,23.21,0.023114,0.031288,0.022413,0.030001,0.003296,0.0168,0.022187,0.015987,0.0,0.00331,0.017031,0.022553,0.0,0.010056,0.003314,0.017867,0.023767,0.016941,0.022431,0.004117
2020-01-14 23:45:00,21.05,21.13,21.13,21.26,20.79,21.05,22.03,20.88,20.14,22.23,21.46,22.88,20.33,20.58,23.04,21.24,21.72,21.05,20.81,21.35,-5.19,0.0,1.0,1.0,1.0,1.0,1.0,1.0,1.0,1.0,0.0,1.0,1.0,1.0,0.0,0.473,1.0,1.0,1.0,1.0,1.0,1.0,36.0,21.0,23.0,710.61,985.77,690.19,941.14,189.89,602.86,744.68,643.4,0.0,170.67,637.32,733.78,0.0,462.75,158.3,643.19,892.46,690.91,906.98,217.32,28.64,28.46,28.63,28.5,22.22,27.41,27.97,26.37,36.0,23.67,27.05,28.22,36.0,24.99,24.57,27.39,27.02,26.24,26.33,23.37,0.023114,0.031288,0.022413,0.030001,0.003296,0.0168,0.022187,0.015987,0.0,0.00331,0.017031,0.022553,0.0,0.010056,0.003314,0.017867,0.023767,0.016941,0.022431,0.004117
2020-01-15 00:00:00,20.99,21.08,21.07,21.22,20.86,21.02,22.08,21.06,19.82,22.3,21.68,22.91,20.06,20.46,23.08,21.36,21.93,21.24,21.0,21.43,-5.28,0.0,1.0,1.0,1.0,1.0,1.0,1.0,1.0,1.0,0.0,1.0,1.0,1.0,0.0,0.473,1.0,1.0,1.0,1.0,1.0,1.0,36.0,15.0,30.0,684.06,950.91,665.11,909.83,189.0,599.88,742.78,617.77,0.0,168.62,612.65,729.58,0.0,469.96,157.22,630.67,857.2,660.28,879.02,215.22,28.92,28.73,28.9,28.74,22.28,27.46,27.99,26.76,36.0,23.81,27.39,28.26,36.0,24.82,24.65,27.56,27.37,26.68,26.62,23.49,0.023114,0.031288,0.022413,0.030001,0.003296,0.0168,0.022187,0.015987,0.0,0.00331,0.017031,0.022553,0.0,0.010056,0.003314,0.017867,0.023767,0.016941,0.022431,0.004117
2020-01-15 00:15:00,19.72,19.83,19.83,20.03,20.64,20.61,21.89,20.83,19.61,22.26,21.43,22.64,19.88,20.21,23.04,21.05,21.69,21.0,20.76,21.38,-5.37,0.0,0.0,0.0,0.0,0.0,0.0,0.0,0.0,0.0,0.0,0.0,0.0,0.0,0.0,0.0,0.0,0.0,0.0,0.0,0.0,0.0,27.62,15.0,30.0,0.0,0.0,0.0,0.0,0.0,0.0,0.0,0.0,0.0,0.0,0.0,0.0,0.0,0.0,0.0,0.0,0.0,0.0,0.0,0.0,36.0,36.0,36.0,36.0,36.0,36.0,36.0,36.0,36.0,36.0,36.0,36.0,36.0,36.0,36.0,36.0,36.0,36.0,36.0,36.0,0.0,0.0,0.0,0.0,0.0,0.0,0.0,0.0,0.0,0.0,0.0,0.0,0.0,0.0,0.0,0.0,0.0,0.0,0.0,0.0
2020-01-15 00:30:00,19.12,19.26,19.25,19.42,20.42,20.11,21.42,20.37,19.34,22.18,20.89,22.1,19.5,19.78,22.94,20.45,21.17,20.56,20.23,21.25,-5.46,0.0,0.0,0.0,0.0,0.0,0.0,0.0,0.0,0.0,0.0,0.0,0.0,0.0,0.0,0.0,0.0,0.0,0.0,0.0,0.0,0.0,27.62,15.0,30.0,0.0,0.0,0.0,0.0,0.0,0.0,0.0,0.0,0.0,0.0,0.0,0.0,0.0,0.0,0.0,0.0,0.0,0.0,0.0,0.0,36.0,36.0,36.0,36.0,36.0,36.0,36.0,36.0,36.0,36.0,36.0,36.0,36.0,36.0,36.0,36.0,36.0,36.0,36.0,36.0,0.0,0.0,0.0,0.0,0.0,0.0,0.0,0.0,0.0,0.0,0.0,0.0,0.0,0.0,0.0,0.0,0.0,0.0,0.0,0.0
2020-01-15 00:45:00,18.83,18.96,18.96,19.14,20.23,19.69,20.98,19.98,19.09,22.08,20.41,21.6,19.17,19.41,22.84,19.84,20.62,20.1,19.67,21.11,-5.55,0.0,0.0,0.0,0.0,0.0,0.0,0.0,0.0,0.0,0.0,0.0,0.0,0.0,0.0,0.0,0.0,0.0,0.0,0.0,0.0,0.0,27.62,15.0,30.0,0.0,0.0,0.0,0.0,0.0,0.0,0.0,0.0,0.0,0.0,0.0,0.0,0.0,0.0,0.0,0.0,0.0,0.0,0.0,0.0,36.0,36.0,36.0,36.0,36.0,36.0,36.0,36.0,36.0,36.0,36.0,36.0,36.0,36.0,36.0,36.0,36.0,36.0,36.0,36.0,0.0,0.0,0.0,0.0,0.0,0.0,0.0,0.0,0.0,0.0,0.0,0.0,0.0,0.0,0.0,0.0,0.0,0.0,0.0,0.0
2020-01-15 01:00:00,18.54,18.68,18.67,18.85,20.05,19.33,20.6,19.7,18.86,21.99,20.04,21.22,18.88,19.1,22.75,19.39,20.22,19.7,19.26,20.99,-5.53,0.0,0.0,0.0,0.0,0.0,0.0,0.0,0.0,0.0,0.0,0.0,0.0,0.0,0.0,0.0,0.0,0.0,0.0,0.0,0.0,0.0,27.62,15.0,30.0,0.0,0.0,0.0,0.0,0.0,0.0,0.0,0.0,0.0,0.0,0.0,0.0,0.0,0.0,0.0,0.0,0.0,0.0,0.0,0.0,36.0,36.0,36.0,36.0,36.0,36.0,36.0,36.0,36.0,36.0,36.0,36.0,36.0,36.0,36.0,36.0,36.0,36.0,36.0,36.0,0.0,0.0,0.0,0.0,0.0,0.0,0.0,0.0,0.0,0.0,0.0,0.0,0.0,0.0,0.0,0.0,0.0,0.0,0.0,0.0
2020-01-15 01:15:00,18.28,18.42,18.41,18.59,19.88,19.02,20.27,19.46,18.65,21.91,19.73,20.91,18.61,18.83,22.74,19.03,19.89,19.37,18.92,20.89,-5.51,0.0,0.0,0.0,0.0,0.0,0.0,0.0,0.0,0.0,0.0,0.0,0.0,0.0,0.0,0.0,1.0,0.0,0.0,0.0,0.0,0.0,36.0,15.0,30.0,0.0,0.0,0.0,0.0,0.0,0.0,0.0,0.0,0.0,0.0,0.0,0.0,0.0,0.0,169.25,0.0,0.0,0.0,0.0,0.0,36.0,36.0,36.0,36.0,36.0,36.0,36.0,36.0,36.0,36.0,36.0,36.0,36.0,36.0,23.78,36.0,36.0,36.0,36.0,36.0,0.0,0.0,0.0,0.0,0.0,0.0,0.0,0.0,0.0,0.0,0.0,0.0,0.0,0.0,0.003314,0.0,0.0,0.0,0.0,0.0
2020-01-15 01:30:00,18.01,18.15,18.14,18.32,19.72,18.73,19.96,19.23,18.44,21.83,19.43,20.61,18.36,18.58,22.79,18.7,19.58,19.06,18.61,20.79,-5.49,0.0,0.0,0.0,0.0,0.0,0.0,0.0,0.0,0.0,0.0,0.0,0.0,0.0,0.0,0.0,1.0,0.0,0.0,0.0,0.0,0.0,36.0,15.0,30.0,0.0,0.0,0.0,0.0,0.0,0.0,0.0,0.0,0.0,0.0,0.0,0.0,0.0,0.0,165.21,0.0,0.0,0.0,0.0,0.0,36.0,36.0,36.0,36.0,36.0,36.0,36.0,36.0,36.0,36.0,36.0,36.0,36.0,36.0,24.08,36.0,36.0,36.0,36.0,36.0,0.0,0.0,0.0,0.0,0.0,0.0,0.0,0.0,0.0,0.0,0.0,0.0,0.0,0.0,0.003314,0.0,0.0,0.0,0.0,0.0
2020-01-15 01:45:00,17.76,17.9,17.89,18.1,19.61,18.47,19.68,19.02,18.23,21.74,19.14,20.32,18.15,18.32,22.87,18.38,19.28,18.82,18.31,20.68,-5.47,0.0,0.0,0.0,0.0,0.0,0.0,0.0,0.0,0.0,0.0,0.0,0.0,0.0,0.0,0.0,1.0,0.0,0.0,0.0,0.0,0.0,36.0,15.0,30.0,0.0,0.0,0.0,0.0,0.0,0.0,0.0,0.0,0.0,0.0,0.0,0.0,0.0,0.0,162.62,0.0,0.0,0.0,0.0,0.0,36.0,36.0,36.0,36.0,36.0,36.0,36.0,36.0,36.0,36.0,36.0,36.0,36.0,36.0,24.26,36.0,36.0,36.0,36.0,36.0,0.0,0.0,0.0,0.0,0.0,0.0,0.0,0.0,0.0,0.0,0.0,0.0,0.0,0.0,0.003314,0.0,0.0,0.0,0.0,0.0
2020-01-15 02:00:00,17.52,17.65,17.65,17.85,19.44,18.24,19.45,18.88,18.03,21.67,18.88,20.06,17.92,18.09,22.92,18.1,19.02,18.56,18.05,20.59,-5.5,0.0,0.0,0.0,0.0,0.0,0.0,0.0,0.0,0.0,0.0,0.0,0.0,0.0,0.0,0.0,1.0,0.0,0.0,0.0,0.0,0.0,36.0,15.0,30.0,0.0,0.0,0.0,0.0,0.0,0.0,0.0,0.0,0.0,0.0,0.0,0.0,0.0,0.0,160.75,0.0,0.0,0.0,0.0,0.0,36.0,36.0,36.0,36.0,36.0,36.0,36.0,36.0,36.0,36.0,36.0,36.0,36.0,36.0,24.4,36.0,36.0,36.0,36.0,36.0,0.0,0.0,0.0,0.0,0.0,0.0,0.0,0.0,0.0,0.0,0.0,0.0,0.0,0.0,0.003314,0.0,0.0,0.0,0.0,0.0
2020-01-15 02:15:00,17.25,17.39,17.39,17.59,19.35,17.99,19.19,18.67,17.84,21.6,18.64,19.81,17.71,17.87,22.96,17.85,18.77,18.34,17.81,20.5,-5.53,0.0,0.0,0.0,0.0,0.0,0.0,0.0,0.0,0.0,0.0,0.0,0.0,0.0,0.0,0.0,1.0,0.0,0.0,0.0,0.0,0.0,36.0,15.0,30.0,0.0,0.0,0.0,0.0,0.0,0.0,0.0,0.0,0.0,0.0,0.0,0.0,0.0,0.0,159.38,0.0,0.0,0.0,0.0,0.0,36.0,36.0,36.0,36.0,36.0,36.0,36.0,36.0,36.0,36.0,36.0,36.0,36.0,36.0,24.5,36.0,36.0,36.0,36.0,36.0,0.0,0.0,0.0,0.0,0.0,0.0,0.0,0.0,0.0,0.0,0.0,0.0,0.0,0.0,0.003314,0.0,0.0,0.0,0.0,0.0
2020-01-15 02:30:00,17.02,17.16,17.15,17.35,19.19,17.76,18.96,18.54,17.65,21.53,18.41,19.58,17.49,17.66,23.0,17.6,18.54,18.1,17.58,20.41,-5.56,0.0,0.0,0.0,0.0,0.0,0.0,0.0,0.0,0.0,0.0,0.0,0.0,0.0,0.0,0.0,1.0,0.0,0.0,0.0,0.0,0.0,36.0,15.0,30.0,0.0,0.0,0.0,0.0,0.0,0.0,0.0,0.0,0.0,0.0,0.0,0.0,0.0,0.0,158.32,0.0,0.0,0.0,0.0,0.0,36.0,36.0,36.0,36.0,36.0,36.0,36.0,36.0,36.0,36.0,36.0,36.0,36.0,36.0,24.57,36.0,36.0,36.0,36.0,36.0,0.0,0.0,0.0,0.0,0.0,0.0,0.0,0.0,0.0,0.0,0.0,0.0,0.0,0.0,0.003314,0.0,0.0,0.0,0.0,0.0
2020-01-15 02:45:00,16.79,16.93,16.92,17.12,19.1,17.54,18.72,18.35,17.47,21.46,18.18,19.35,17.29,17.46,23.03,17.36,18.31,17.89,17.35,20.33,-5.59,0.0,0.0,0.0,0.0,0.0,0.0,0.0,0.0,0.0,0.0,0.0,0.0,0.0,0.0,0.0,1.0,0.0,0.0,0.0,0.0,0.0,36.0,15.0,30.0,0.0,0.0,0.0,0.0,0.0,0.0,0.0,0.0,0.0,0.0,0.0,0.0,0.0,0.0,157.46,0.0,0.0,0.0,0.0,0.0,36.0,36.0,36.0,36.0,36.0,36.0,36.0,36.0,36.0,36.0,36.0,36.0,36.0,36.0,24.63,36.0,36.0,36.0,36.0,36.0,0.0,0.0,0.0,0.0,0.0,0.0,0.0,0.0,0.0,0.0,0.0,0.0,0.0,0.0,0.003314,0.0,0.0,0.0,0.0,0.0
2020-01-15 03:00:00,16.56,16.71,16.69,16.89,18.95,17.32,18.5,18.22,17.28,21.4,17.95,19.12,17.08,17.25,23.06,17.12,18.08,17.65,17.12,20.24,-5.62,0.0,0.0,0.0,0.0,0.0,0.0,0.0,0.0,0.0,0.0,0.0,0.0,0.0,0.0,0.0,1.0,0.0,0.0,0.0,0.0,0.0,36.0,15.0,30.0,0.0,0.0,0.0,0.0,0.0,0.0,0.0,0.0,0.0,0.0,0.0,0.0,0.0,0.0,156.75,0.0,0.0,0.0,0.0,0.0,36.0,36.0,36.0,36.0,36.0,36.0,36.0,36.0,36.0,36.0,36.0,36.0,36.0,36.0,24.69,36.0,36.0,36.0,36.0,36.0,0.0,0.0,0.0,0.0,0.0,0.0,0.0,0.0,0.0,0.0,0.0,0.0,0.0,0.0,0.003314,0.0,0.0,0.0,0.0,0.0
2020-01-15 03:15:00,16.34,16.49,16.47,16.67,18.86,17.1,18.27,18.03,17.1,21.33,17.73,18.89,16.88,17.04,23.1,16.89,17.86,17.44,16.89,20.16,-5.65,0.0,0.0,0.0,0.0,0.0,0.0,0.0,0.0,0.0,0.0,0.0,0.0,0.0,0.0,0.0,1.0,0.0,0.0,0.0,0.0,0.0,36.0,15.0,30.0,0.0,0.0,0.0,0.0,0.0,0.0,0.0,0.0,0.0,0.0,0.0,0.0,0.0,0.0,156.14,0.0,0.0,0.0,0.0,0.0,36.0,36.0,36.0,36.0,36.0,36.0,36.0,36.0,36.0,36.0,36.0,36.0,36.0,36.0,24.73,36.0,36.0,36.0,36.0,36.0,0.0,0.0,0.0,0.0,0.0,0.0,0.0,0.0,0.0,0.0,0.0,0.0,0.0,0.0,0.003314,0.0,0.0,0.0,0.0,0.0
2020-01-15 03:30:00,16.12,16.26,16.25,16.46,18.71,16.88,18.02,17.91,16.96,21.27,17.51,18.62,16.67,16.89,23.13,16.67,17.58,17.22,16.73,20.08,-5.67,0.0,0.0,0.0,0.0,0.0,0.0,0.0,0.0,0.0,0.0,0.0,0.0,0.0,0.0,0.0,1.0,0.0,0.0,0.0,0.0,0.0,36.0,15.0,30.0,0.0,0.0,0.0,0.0,0.0,0.0,0.0,0.0,0.0,0.0,0.0,0.0,0.0,0.0,155.59,0.0,0.0,0.0,0.0,0.0,36.0,36.0,36.0,36.0,36.0,36.0,36.0,36.0,36.0,36.0,36.0,36.0,36.0,36.0,24.77,36.0,36.0,36.0,36.0,36.0,0.0,0.0,0.0,0.0,0.0,0.0,0.0,0.0,0.0,0.0,0.0,0.0,0.0,0.0,0.003314,0.0,0.0,0.0,0.0,0.0
2020-01-15 03:45:00,15.91,16.05,16.04,16.24,18.62,16.68,17.8,17.73,16.78,21.2,17.3,18.4,16.48,16.7,23.16,16.45,17.36,17.0,16.53,20.0,-5.7,0.0,0.0,0.0,0.0,0.0,0.0,0.0,0.0,0.0,0.0,0.0,0.0,0.0,0.0,0.0,1.0,0.0,0.0,0.0,0.0,0.0,36.0,15.0,30.0,0.0,0.0,0.0,0.0,0.0,0.0,0.0,0.0,0.0,0.0,0.0,0.0,0.0,0.0,155.09,0.0,0.0,0.0,0.0,0.0,36.0,36.0,36.0,36.0,36.0,36.0,36.0,36.0,36.0,36.0,36.0,36.0,36.0,36.0,24.81,36.0,36.0,36.0,36.0,36.0,0.0,0.0,0.0,0.0,0.0,0.0,0.0,0.0,0.0,0.0,0.0,0.0,0.0,0.0,0.003314,0.0,0.0,0.0,0.0,0.0
2020-01-15 04:00:00,15.71,15.84,15.83,16.04,18.48,16.48,17.58,17.62,16.62,21.14,17.1,18.18,16.29,16.53,23.18,16.25,17.15,16.8,16.35,19.92,-5.72,0.0,0.0,0.0,0.0,0.0,0.0,0.0,0.0,0.0,0.0,0.0,0.0,0.0,0.0,0.0,1.0,0.0,0.0,0.0,0.0,0.0,36.0,15.0,30.0,0.0,0.0,0.0,0.0,0.0,0.0,0.0,0.0,0.0,0.0,0.0,0.0,0.0,0.0,154.64,0.0,0.0,0.0,0.0,0.0,36.0,36.0,36.0,36.0,36.0,36.0,36.0,36.0,36.0,36.0,36.0,36.0,36.0,36.0,24.84,36.0,36.0,36.0,36.0,36.0,0.0,0.0,0.0,0.0,0.0,0.0,0.0,0.0,0.0,0.0,0.0,0.0,0.0,0.0,0.003314,0.0,0.0,0.0,0.0,0.0
2020-01-15 04:15:00,15.51,15.65,15.64,15.84,18.39,16.29,17.38,17.46,16.47,21.08,16.9,17.98,16.11,16.36,23.21,16.06,16.95,16.61,16.17,19.85,-5.73,0.0,0.0,0.0,0.0,0.0,0.0,0.0,0.0,0.0,0.0,0.0,0.0,0.0,0.0,0.0,1.0,0.0,0.0,0.0,0.0,0.0,36.0,15.0,30.0,0.0,0.0,0.0,0.0,0.0,0.0,0.0,0.0,0.0,0.0,0.0,0.0,0.0,0.0,154.21,0.0,0.0,0.0,0.0,0.0,36.0,36.0,36.0,36.0,36.0,36.0,36.0,36.0,36.0,36.0,36.0,36.0,36.0,36.0,24.87,36.0,36.0,36.0,36.0,36.0,0.0,0.0,0.0,0.0,0.0,0.0,0.0,0.0,0.0,0.0,0.0,0.0,0.0,0.0,0.003314,0.0,0.0,0.0,0.0,0.0
2020-01-15 04:30:00,15.33,15.46,15.45,15.66,18.26,16.11,17.18,17.35,16.31,21.02,16.72,17.78,15.94,16.19,23.24,15.87,16.76,16.43,15.99,19.77,-5.75,0.0,0.0,0.0,0.0,0.0,0.0,0.0,0.0,0.0,0.0,0.0,0.0,0.0,0.0,0.0,1.0,0.0,0.0,0.0,0.0,0.0,36.0,15.0,30.0,0.0,0.0,0.0,0.0,0.0,0.0,0.0,0.0,0.0,0.0,0.0,0.0,0.0,0.0,153.81,0.0,0.0,0.0,0.0,0.0,36.0,36.0,36.0,36.0,36.0,36.0,36.0,36.0,36.0,36.0,36.0,36.0,36.0,36.0,24.9,36.0,36.0,36.0,36.0,36.0,0.0,0.0,0.0,0.0,0.0,0.0,0.0,0.0,0.0,0.0,0.0,0.0,0.0,0.0,0.003314,0.0,0.0,0.0,0.0,0.0
2020-01-15 04:45:00,15.15,15.27,15.27,15.47,18.18,15.93,16.99,17.2,16.16,20.95,16.53,17.59,15.77,16.02,23.27,15.69,16.57,16.24,15.82,19.7,-5.77,0.0,0.0,0.0,0.0,0.0,0.0,0.0,0.0,0.0,0.0,0.0,0.0,0.0,0.0,0.0,1.0,0.0,0.0,0.0,0.0,0.0,36.0,15.0,30.0,0.0,0.0,0.0,0.0,0.0,0.0,0.0,0.0,0.0,0.0,0.0,0.0,0.0,0.0,153.43,0.0,0.0,0.0,0.0,0.0,36.0,36.0,36.0,36.0,36.0,36.0,36.0,36.0,36.0,36.0,36.0,36.0,36.0,36.0,24.93,36.0,36.0,36.0,36.0,36.0,0.0,0.0,0.0,0.0,0.0,0.0,0.0,0.0,0.0,0.0,0.0,0.0,0.0,0.0,0.003314,0.0,0.0,0.0,0.0,0.0
2020-01-15 05:00:00,14.94,15.09,15.11,15.29,18.04,15.71,16.8,17.14,16.02,20.89,16.29,17.4,15.65,15.87,23.29,15.44,16.39,16.12,15.66,19.62,-5.8,0.0,0.0,0.0,0.0,0.0,0.0,0.0,0.0,0.0,0.0,0.0,0.0,0.0,0.0,0.0,1.0,0.0,0.0,0.0,0.0,0.0,36.0,15.0,30.0,0.0,0.0,0.0,0.0,0.0,0.0,0.0,0.0,0.0,0.0,0.0,0.0,0.0,0.0,153.06,0.0,0.0,0.0,0.0,0.0,36.0,36.0,36.0,36.0,36.0,36.0,36.0,36.0,36.0,36.0,36.0,36.0,36.0,36.0,24.95,36.0,36.0,36.0,36.0,36.0,0.0,0.0,0.0,0.0,0.0,0.0,0.0,0.0,0.0,0.0,0.0,0.0,0.0,0.0,0.003314,0.0,0.0,0.0,0.0,0.0
2020-01-15 05:15:00,14.99,14.92,14.93,15.12,17.99,15.54,16.64,16.98,15.87,20.83,16.11,17.21,15.46,15.71,23.32,15.26,16.22,15.94,15.5,19.55,-5.84,0.0,0.093,0.0,0.0,0.0,0.0,0.0,0.0,0.0,0.0,0.0,0.0,0.0,0.0,0.0,1.0,0.0,0.0,0.0,0.0,0.0,36.0,15.0,30.0,152.58,0.0,0.0,0.0,0.0,0.0,0.0,0.0,0.0,0.0,0.0,0.0,0.0,0.0,152.71,0.0,0.0,0.0,0.0,0.0,18.96,36.0,36.0,36.0,36.0,36.0,36.0,36.0,36.0,36.0,36.0,36.0,36.0,36.0,24.98,36.0,36.0,36.0,36.0,36.0,0.002142,0.0,0.0,0.0,0.0,0.0,0.0,0.0,0.0,0.0,0.0,0.0,0.0,0.0,0.003314,0.0,0.0,0.0,0.0,0.0
2020-01-15 05:30:00,14.87,14.75,14.77,14.98,17.85,15.36,16.46,16.92,15.73,20.77,15.93,17.03,15.32,15.56,23.34,15.09,16.05,15.8,15.34,19.48,-5.87,0.0,0.093,0.0,0.0,0.0,0.0,0.0,0.0,0.0,0.0,0.0,0.0,0.0,0.0,0.0,1.0,0.0,0.0,0.0,0.0,0.0,36.0,15.0,30.0,154.17,0.0,0.0,0.0,0.0,0.0,0.0,0.0,0.0,0.0,0.0,0.0,0.0,0.0,152.38,0.0,0.0,0.0,0.0,0.0,18.78,36.0,36.0,36.0,36.0,36.0,36.0,36.0,36.0,36.0,36.0,36.0,36.0,36.0,25.0,36.0,36.0,36.0,36.0,36.0,0.002142,0.0,0.0,0.0,0.0,0.0,0.0,0.0,0.0,0.0,0.0,0.0,0.0,0.0,0.003314,0.0,0.0,0.0,0.0,0.0
2020-01-15 05:45:00,14.74,14.59,14.61,14.81,17.8,15.19,16.3,16.76,15.59,20.71,15.75,16.86,15.16,15.41,23.37,14.92,15.88,15.63,15.19,19.41,-5.9,0.0,0.093,0.0,0.0,0.0,0.0,0.0,0.0,0.0,0.0,0.0,0.0,0.0,0.0,0.0,1.0,0.0,0.0,0.0,0.0,0.0,36.0,15.0,30.0,155.51,0.0,0.0,0.0,0.0,0.0,0.0,0.0,0.0,0.0,0.0,0.0,0.0,0.0,152.05,0.0,0.0,0.0,0.0,0.0,18.63,36.0,36.0,36.0,36.0,36.0,36.0,36.0,36.0,36.0,36.0,36.0,36.0,36.0,25.03,36.0,36.0,36.0,36.0,36.0,0.002142,0.0,0.0,0.0,0.0,0.0,0.0,0.0,0.0,0.0,0.0,0.0,0.0,0.0,0.003314,0.0,0.0,0.0,0.0,0.0
2020-01-15 06:00:00,14.61,14.42,14.45,14.65,17.65,15.03,16.13,16.7,15.45,20.65,15.58,16.69,15.01,15.26,23.39,14.75,15.72,15.48,15.04,19.34,-5.94,0.0,0.093,0.0,0.0,0.0,0.0,0.0,0.0,0.0,0.0,0.0,0.0,0.0,0.0,0.0,1.0,0.0,0.0,0.0,0.0,0.0,36.0,15.0,30.0,156.36,0.0,0.0,0.0,0.0,0.0,0.0,0.0,0.0,0.0,0.0,0.0,0.0,0.0,151.73,0.0,0.0,0.0,0.0,0.0,18.53,36.0,36.0,36.0,36.0,36.0,36.0,36.0,36.0,36.0,36.0,36.0,36.0,36.0,25.05,36.0,36.0,36.0,36.0,36.0,0.002142,0.0,0.0,0.0,0.0,0.0,0.0,0.0,0.0,0.0,0.0,0.0,0.0,0.0,0.003314,0.0,0.0,0.0,0.0,0.0
2020-01-15 06:15:00,15.63,15.47,15.86,15.88,17.56,14.98,15.97,16.56,15.35,20.61,15.45,16.55,15.0,15.15,23.41,15.03,15.65,15.31,14.93,19.29,-5.98,0.0,0.68,0.635,1.0,1.0,0.0,0.164,0.0,0.0,0.0,0.0,0.0,0.0,0.226,0.0,1.0,0.708,0.1,0.0,0.0,0.0,36.0,15.0,30.0,815.49,1072.98,1009.28,1380.55,0.0,218.74,0.0,0.0,0.0,0.0,0.0,0.0,289.51,0.0,151.41,909.63,186.01,0.0,0.0,0.0,23.59,23.08,25.23,24.99,36.0,16.96,36.0,36.0,36.0,36.0,36.0,36.0,17.04,36.0,25.07,18.79,17.34,36.0,36.0,36.0,0.015722,0.019861,0.022413,0.030001,0.0,0.002748,0.0,0.0,0.0,0.0,0.0,0.0,0.003652,0.0,0.003314,0.012645,0.002385,0.0,0.0,0.0
2020-01-15 06:30:00,16.35,16.25,16.94,16.79,17.45,14.99,15.79,16.43,15.21,20.55,15.28,16.38,15.07,15.0,23.43,15.69,15.6,15.15,14.78,19.22,-6.02,0.0,0.68,0.635,1.0,1.0,0.0,0.164,0.0,0.0,0.0,0.0,0.0,0.0,0.226,0.0,1.0,0.708,0.1,0.0,0.0,0.0,36.0,15.0,30.0,821.97,1088.08,1029.11,1409.31,0.0,214.64,0.0,0.0,0.0,0.0,0.0,0.0,281.17,0.0,151.12,813.0,184.53,0.0,0.0,0.0,23.49,22.89,25.02,24.76,36.0,17.31,36.0,36.0,36.0,36.0,36.0,36.0,17.58,36.0,25.09,20.62,17.49,36.0,36.0,36.0,0.015722,0.019861,0.022413,0.030001,0.0,0.002748,0.0,0.0,0.0,0.0,0.0,0.0,0.003652,0.0,0.003314,0.012645,0.002385,0.0,0.0,0.0
2020-01-15 06:45:00,16.54,16.42,17.14,16.99,17.35,15.01,15.63,16.33,15.07,20.49,15.11,16.21,15.14,14.85,23.46,16.35,15.55,15.01,14.63,19.14,-6.06,0.0,0.68,0.635,1.0,1.0,0.0,0.164,0.0,0.0,0.0,0.0,0.0,0.0,0.226,0.0,1.0,0.708,0.1,0.0,0.0,0.0,36.0,15.0,30.0,816.7,1083.9,1021.62,1400.0,0.0,212.17,0.0,0.0,0.0,0.0,0.0,0.0,275.87,0.0,150.83,754.29,183.82,0.0,0.0,0.0,23.57,22.94,25.1,24.84,36.0,17.53,36.0,36.0,36.0,36.0,36.0,36.0,17.93,36.0,25.11,21.73,17.56,36.0,36.0,36.0,0.015722,0.019861,0.022413,0.030001,0.0,0.002748,0.0,0.0,0.0,0.0,0.0,0.0,0.003652,0.0,0.003314,0.012645,0.002385,0.0,0.0,0.0
2020-01-15 07:00:00,16.63,16.5,17.23,17.08,17.26,15.02,15.47,16.22,14.94,20.43,14.94,16.04,15.19,14.71,23.48,16.78,15.49,14.86,14.49,19.08,-6.05,0.0,0.68,0.635,1.0,1.0,0.0,0.164,0.0,0.0,0.0,0.0,0.0,0.0,0.226,0.0,1.0,0.708,0.1,0.0,0.0,0.0,36.0,15.0,30.0,814.67,1084.4,1020.33,1398.38,0.0,210.61,0.0,0.0,0.0,0.0,0.0,0.0,272.28,0.0,150.54,714.81,183.56,0.0,0.0,0.0,23.6,22.94,25.11,24.85,36.0,17.66,36.0,36.0,36.0,36.0,36.0,36.0,18.17,36.0,25.13,22.48,17.59,36.0,36.0,36.0,0.015722,0.019861,0.022413,0.030001,0.0,0.002748,0.0,0.0,0.0,0.0,0.0,0.0,0.003652,0.0,0.003314,0.012645,0.002385,0.0,0.0,0.0
2020-01-15 07:15:00,15.14,15.1,15.35,15.47,17.16,14.94,15.34,16.12,14.95,20.38,14.93,15.91,15.09,14.83,23.5,16.65,15.38,14.8,14.84,19.02,-6.04,0.0,0.0,0.0,0.0,0.0,0.0,0.052,0.0,0.0,0.273,0.0,0.222,0.0,0.0,0.529,1.0,0.0,0.0,0.188,1.0,0.0,36.0,15.0,30.0,0.0,0.0,0.0,0.0,0.0,67.6,0.0,0.0,454.45,0.0,299.21,0.0,0.0,866.15,150.26,0.0,0.0,259.9,1602.66,0.0,36.0,36.0,36.0,36.0,36.0,17.32,36.0,36.0,16.91,36.0,17.07,36.0,36.0,17.58,25.15,36.0,36.0,16.51,18.91,36.0,0.0,0.0,0.0,0.0,0.0,0.000866,0.0,0.0,0.005696,0.0,0.003781,0.0,0.0,0.01125,0.003314,0.0,0.0,0.00319,0.022431,0.0
2020-01-15 07:30:00,14.45,14.43,14.65,14.74,17.06,14.78,15.22,16.01,15.07,20.32,15.0,15.74,14.89,15.18,23.52,16.18,15.19,14.79,15.73,18.95,-6.03,0.0,0.0,0.0,0.0,0.0,0.0,0.052,0.0,0.0,0.273,0.0,0.222,0.0,0.0,0.529,1.0,0.0,0.0,0.188,1.0,0.0,36.0,15.0,30.0,0.0,0.0,0.0,0.0,0.0,68.71,0.0,0.0,439.58,0.0,290.42,0.0,0.0,808.03,149.99,0.0,0.0,253.38,1394.2,0.0,36.0,36.0,36.0,36.0,36.0,17.02,36.0,36.0,17.54,36.0,17.62,36.0,36.0,18.82,25.17,36.0,36.0,17.0,21.13,36.0,0.0,0.0,0.0,0.0,0.0,0.000866,0.0,0.0,0.005696,0.0,0.003781,0.0,0.0,0.01125,0.003314,0.0,0.0,0.00319,0.022431,0.0
2020-01-15 07:45:00,14.23,14.21,14.4,14.51,16.97,14.62,15.12,15.91,15.2,20.26,15.08,15.58,14.7,15.56,23.54,15.69,15.01,14.81,16.57,18.88,-6.02,0.0,0.0,0.0,0.0,0.0,0.0,0.052,0.0,0.0,0.273,0.0,0.222,0.0,0.0,0.529,1.0,0.0,0.0,0.188,1.0,0.0,36.0,15.0,30.0,0.0,0.0,0.0,0.0,0.0,69.56,0.0,0.0,429.88,0.0,284.87,0.0,0.0,770.84,149.72,0.0,0.0,249.24,1269.95,0.0,36.0,36.0,36.0,36.0,36.0,16.78,36.0,36.0,17.95,36.0,17.98,36.0,36.0,19.61,25.19,36.0,36.0,17.31,22.46,36.0,0.0,0.0,0.0,0.0,0.0,0.000866,0.0,0.0,0.005696,0.0,0.003781,0.0,0.0,0.01125,0.003314,0.0,0.0,0.00319,0.022431,0.0
2020-01-15 08:00:00,14.03,14.02,14.2,14.31,16.88,14.49,15.03,15.83,15.32,20.2,15.15,15.45,14.53,15.89,23.56,15.35,14.85,14.82,17.18,18.81,-6.01,0.0,0.0,0.0,0.0,0.0,0.0,0.052,0.0,0.0,0.273,0.0,0.222,0.0,0.0,0.529,1.0,0.0,0.0,0.188,1.0,0.0,36.0,15.0,30.0,0.0,0.0,0.0,0.0,0.0,70.27,0.0,0.0,423.04,0.0,281.09,0.0,0.0,744.88,149.46,0.0,0.0,246.43,1188.39,0.0,36.0,36.0,36.0,36.0,36.0,16.59,36.0,36.0,18.23,36.0,18.21,36.0,36.0,20.16,25.21,36.0,36.0,17.52,23.33,36.0,0.0,0.0,0.0,0.0,0.0,0.000866,0.0,0.0,0.005696,0.0,0.003781,0.0,0.0,0.01125,0.003314,0.0,0.0,0.00319,0.022431,0.0
2020-01-15 08:15:00,15.49,15.43,15.6,15.63,16.79,14.9,14.99,15.71,15.45,20.15,15.12,15.34,14.84,15.84,23.58,15.19,15.14,14.88,17.13,18.76,-6.0,2.4,1.0,1.0,1.0,1.0,0.0,1.0,0.069,0.0,0.365,0.0,0.0,0.0,1.0,0.0,1.0,0.0,0.751,0.388,0.0,0.0,36.0,15.0,30.0,1056.61,1485.74,1038.59,1422.56,0.0,1148.08,125.73,0.0,549.96,0.0,0.0,0.0,1124.69,0.0,149.2,0.0,1283.07,483.86,0.0,0.0,25.06,24.64,24.91,24.66,36.0,19.65,16.43,36.0,18.72,36.0,36.0,36.0,19.33,36.0,25.23,36.0,18.8,18.37,36.0,36.0,0.023114,0.031288,0.022413,0.030001,0.0,0.0168,0.001537,0.0,0.007613,0.0,0.0,0.0,0.016137,0.0,0.003314,0.0,0.017844,0.006566,0.0,0.0
2020-01-15 08:30:00,16.66,16.62,16.76,16.75,16.7,15.75,14.99,15.63,15.63,20.09,14.95,15.24,15.67,15.56,23.6,15.0,15.86,15.1,16.72,18.69,-5.98,21.2,1.0,1.0,1.0,1.0,0.0,1.0,0.069,0.0,0.365,0.0,0.0,0.0,1.0,0.0,1.0,0.0,0.751,0.388,0.0,0.0,36.0,15.0,30.0,1077.28,1506.35,1052.16,1446.76,0.0,1000.45,125.03,0.0,538.01,0.0,0.0,0.0,979.07,0.0,148.95,0.0,1148.55,465.32,0.0,0.0,24.85,24.48,24.77,24.46,36.0,21.75,16.54,36.0,19.09,36.0,36.0,36.0,21.48,36.0,25.25,36.0,20.6,19.05,36.0,36.0,0.023114,0.031288,0.022413,0.030001,0.0,0.0168,0.001537,0.0,0.007613,0.0,0.0,0.0,0.016137,0.0,0.003314,0.0,0.017844,0.006566,0.0,0.0
2020-01-15 08:45:00,16.94,16.95,17.08,17.04,16.64,16.54,15.06,15.6,15.8,20.04,14.78,15.18,16.54,15.28,23.62,14.84,16.61,15.36,16.29,18.63,-5.97,40.1,1.0,1.0,1.0,1.0,0.0,1.0,0.069,0.0,0.365,0.0,0.0,0.0,1.0,0.0,1.0,0.0,0.751,0.388,0.0,0.0,36.0,15.0,30.0,1066.14,1481.41,1031.0,1430.45,0.0,913.79,124.43,0.0,529.13,0.0,0.0,0.0,890.33,0.0,148.71,0.0,1062.13,451.12,0.0,0.0,24.97,24.67,25.0,24.59,36.0,22.99,16.64,36.0,19.37,36.0,36.0,36.0,22.8,36.0,25.27,36.0,21.76,19.56,36.0,36.0,0.023114,0.031288,0.022413,0.030001,0.0,0.0168,0.001537,0.0,0.007613,0.0,0.0,0.0,0.016137,0.0,0.003314,0.0,0.017844,0.006566,0.0,0.0
2020-01-15 09:00:00,17.07,17.12,17.27,17.19,16.59,17.08,15.14,15.59,15.95,19.98,14.65,15.13,17.13,15.08,23.64,14.7,17.16,15.57,15.93,18.56,-5.85,58.9,1.0,1.0,1.0,1.0,0.0,1.0,0.069,0.0,0.365,0.0,0.0,0.0,1.0,0.0,1.0,0.0,0.751,0.388,0.0,0.0,36.0,15.0,30.0,1062.79,1469.79,1017.94,1424.39,0.0,857.72,123.86,0.0,522.11,0.0,0.0,0.0,829.74,0.0,148.47,0.0,1001.47,439.24,0.0,0.0,25.0,24.76,25.13,24.64,36.0,23.79,16.72,36.0,19.59,36.0,36.0,36.0,23.7,36.0,25.28,36.0,22.57,20.0,36.0,36.0,0.023114,0.031288,0.022413,0.030001,0.0,0.0168,0.001537,0.0,0.007613,0.0,0.0,0.0,0.016137,0.0,0.003314,0.0,0.017844,0.006566,0.0,0.0
2020-01-15 09:15:00,15.11,15.23,15.48,15.41,16.56,17.05,15.17,15.59,15.88,19.93,14.97,15.11,17.17,14.96,23.66,15.04,17.19,15.58,15.72,18.51,-5.73,77.8,0.0,0.0,0.0,0.0,0.0,0.0,0.0,0.0,0.0,0.0,0.829,0.0,0.0,0.0,1.0,0.766,0.0,0.0,0.0,0.0,36.0,15.0,30.0,0.0,0.0,0.0,0.0,0.0,0.0,0.0,0.0,0.0,0.0,999.3,0.0,0.0,0.0,148.23,965.14,0.0,0.0,0.0,0.0,36.0,36.0,36.0,36.0,36.0,36.0,36.0,36.0,36.0,36.0,19.08,36.0,36.0,36.0,25.3,19.14,36.0,36.0,36.0,36.0,0.0,0.0,0.0,0.0,0.0,0.0,0.0,0.0,0.0,0.0,0.014127,0.0,0.0,0.0,0.003314,0.013692,0.0,0.0,0.0,0.0
2020-01-15 09:30:00,14.46,14.62,14.89,14.71,16.52,16.72,15.11,15.59,15.65,19.87,15.75,15.07,16.9,14.82,23.68,15.85,16.91,15.44,15.52,18.44,-5.62,81.4,0.0,0.0,0.0,0.0,0.0,0.0,0.0,0.0,0.0,0.0,0.829,0.0,0.0,0.0,1.0,0.766,0.0,0.0,0.0,0.0,36.0,15.0,30.0,0.0,0.0,0.0,0.0,0.0,0.0,0.0,0.0,0.0,0.0,883.97,0.0,0.0,0.0,148.0,855.68,0.0,0.0,0.0,0.0,36.0,36.0,36.0,36.0,36.0,36.0,36.0,36.0,36.0,36.0,21.03,36.0,36.0,36.0,25.32,21.05,36.0,36.0,36.0,36.0,0.0,0.0,0.0,0.0,0.0,0.0,0.0,0.0,0.0,0.0,0.014127,0.0,0.0,0.0,0.003314,0.013692,0.0,0.0,0.0,0.0
2020-01-15 09:45:00,14.29,14.44,14.73,14.56,16.48,16.34,15.02,15.57,15.44,19.82,16.5,15.01,16.55,14.72,23.7,16.6,16.57,15.28,15.36,18.38,-5.5,85.1,0.0,0.0,0.0,0.0,0.0,0.0,0.0,0.0,0.0,0.0,0.829,0.0,0.0,0.0,1.0,0.766,0.0,0.0,0.0,0.0,36.0,15.0,30.0,0.0,0.0,0.0,0.0,0.0,0.0,0.0,0.0,0.0,0.0,814.2,0.0,0.0,0.0,147.77,788.72,0.0,0.0,0.0,0.0,36.0,36.0,36.0,36.0,36.0,36.0,36.0,36.0,36.0,36.0,22.21,36.0,36.0,36.0,25.33,22.22,36.0,36.0,36.0,36.0,0.0,0.0,0.0,0.0,0.0,0.0,0.0,0.0,0.0,0.0,0.014127,0.0,0.0,0.0,0.003314,0.013692,0.0,0.0,0.0,0.0
2020-01-15 10:00:00,14.17,14.31,14.63,14.43,16.44,16.03,14.94,15.56,15.3,19.76,16.98,14.96,16.27,14.63,23.71,17.12,16.31,15.17,15.24,18.32,-5.39,88.8,0.0,0.0,0.0,0.0,0.0,0.0,0.0,0.0,0.0,0.0,0.829,0.0,0.0,0.0,1.0,0.766,0.0,0.0,0.0,0.0,36.0,15.0,30.0,0.0,0.0,0.0,0.0,0.0,0.0,0.0,0.0,0.0,0.0,768.01,0.0,0.0,0.0,147.55,744.18,0.0,0.0,0.0,0.0,36.0,36.0,36.0,36.0,36.0,36.0,36.0,36.0,36.0,36.0,22.99,36.0,36.0,36.0,25.35,23.0,36.0,36.0,36.0,36.0,0.0,0.0,0.0,0.0,0.0,0.0,0.0,0.0,0.0,0.0,0.014127,0.0,0.0,0.0,0.003314,0.013692,0.0,0.0,0.0,0.0
2020-01-15 10:15:00,15.65,15.47,15.53,15.72,16.41,15.83,14.91,15.55,15.2,19.71,16.95,15.04,16.1,14.87,23.73,17.09,16.15,15.1,15.15,18.26,-5.27,92.5,1.0,0.7,0.463,1.0,0.0,0.0,0.057,0.0,0.0,0.0,0.0,0.22,0.0,0.66,1.0,0.0,0.0,0.0,0.0,0.0,36.0,15.0,30.0,1063.27,1176.97,602.1,1429.42,0.0,0.0,104.59,0.0,0.0,0.0,0.0,397.04,0.0,1051.86,147.33,0.0,0.0,0.0,0.0,0.0,24.99,23.15,22.12,24.6,36.0,36.0,16.24,36.0,36.0,36.0,36.0,16.85,36.0,18.06,25.37,36.0,36.0,36.0,36.0,36.0,0.023114,0.021907,0.010379,0.030001,0.0,0.0,0.001266,0.0,0.0,0.0,0.0,0.00496,0.0,0.014024,0.003314,0.0,0.0,0.0,0.0,0.0
2020-01-15 10:30:00,16.87,16.39,16.27,16.74,16.38,15.67,14.92,15.56,15.1,19.66,16.64,15.22,15.98,15.44,23.75,16.72,16.01,15.07,15.05,18.2,-5.15,105.1,1.0,0.7,0.463,1.0,0.0,0.0,0.057,0.0,0.0,0.0,0.0,0.22,0.0,0.66,1.0,0.0,0.0,0.0,0.0,0.0,36.0,15.0,30.0,1082.83,1191.16,601.85,1456.47,0.0,0.0,104.15,0.0,0.0,0.0,0.0,384.69,0.0,963.7,147.11,0.0,0.0,0.0,0.0,0.0,24.79,22.99,22.13,24.39,36.0,36.0,16.32,36.0,36.0,36.0,36.0,17.45,36.0,19.56,25.38,36.0,36.0,36.0,36.0,36.0,0.023114,0.021907,0.010379,0.030001,0.0,0.0,0.001266,0.0,0.0,0.0,0.0,0.00496,0.0,0.014024,0.003314,0.0,0.0,0.0,0.0,0.0
2020-01-15 10:45:00,17.13,16.62,16.54,17.0,16.36,15.56,14.93,15.58,15.02,19.6,16.28,15.42,15.91,16.05,23.77,16.32,15.9,15.08,14.97,18.14,-5.04,117.8,1.0,0.7,0.463,1.0,0.0,0.0,0.057,0.0,0.0,0.0,0.0,0.22,0.0,0.66,1.0,0.0,0.0,0.0,0.0,0.0,36.0,15.0,30.0,1070.94,1181.38,593.16,1441.79,0.0,0.0,103.9,0.0,0.0,0.0,0.0,376.21,0.0,907.36,146.9,0.0,0.0,0.0,0.0,0.0,24.92,23.1,22.33,24.5,36.0,36.0,16.37,36.0,36.0,36.0,36.0,17.86,36.0,20.52,25.4,36.0,36.0,36.0,36.0,36.0,0.023114,0.021907,0.010379,0.030001,0.0,0.0,0.001266,0.0,0.0,0.0,0.0,0.00496,0.0,0.014024,0.003314,0.0,0.0,0.0,0.0,0.0
2020-01-15 11:00:00,17.26,16.75,16.74,17.13,16.36,15.47,14.95,15.64,14.94,19.55,16.01,15.59,15.89,16.47,23.78,16.03,15.8,15.15,14.89,18.08,-4.94,130.5,1.0,0.7,0.463,1.0,0.0,0.0,0.057,0.0,0.0,0.0,0.0,0.22,0.0,0.66,1.0,0.0,0.0,0.0,0.0,0.0,36.0,15.0,30.0,1065.77,1176.65,583.36,1435.1,0.0,0.0,103.74,0.0,0.0,0.0,0.0,369.86,0.0,867.34,146.69,0.0,0.0,0.0,0.0,0.0,24.97,23.15,22.55,24.56,36.0,36.0,16.4,36.0,36.0,36.0,36.0,18.16,36.0,21.2,25.41,36.0,36.0,36.0,36.0,36.0,0.023114,0.021907,0.010379,0.030001,0.0,0.0,0.001266,0.0,0.0,0.0,0.0,0.00496,0.0,0.014024,0.003314,0.0,0.0,0.0,0.0,0.0
2020-01-15 11:15:00,15.38,15.33,15.78,15.59,16.37,15.42,14.94,15.7,14.99,19.5,15.87,15.58,15.89,16.46,23.8,15.87,15.74,15.2,14.86,18.03,-4.84,143.2,0.0,0.0,0.0,0.0,0.0,0.0,0.0,0.0,0.223,0.0,0.0,0.0,0.0,0.0,1.0,0.0,0.0,0.0,0.052,0.0,36.0,15.0,30.0,0.0,0.0,0.0,0.0,0.0,0.0,0.0,0.0,372.05,0.0,0.0,0.0,0.0,0.0,146.49,0.0,0.0,0.0,96.39,0.0,36.0,36.0,36.0,36.0,36.0,36.0,36.0,36.0,16.87,36.0,36.0,36.0,36.0,36.0,25.43,36.0,36.0,36.0,16.28,36.0,0.0,0.0,0.0,0.0,0.0,0.0,0.0,0.0,0.004653,0.0,0.0,0.0,0.0,0.0,0.003314,0.0,0.0,0.0,0.001169,0.0
2020-01-15 11:30:00,14.82,14.76,15.35,14.99,16.36,15.35,14.89,15.79,15.17,19.43,15.7,15.44,15.92,16.17,23.82,15.67,15.63,15.27,14.86,17.95,-4.74,154.1,0.0,0.0,0.0,0.0,0.0,0.0,0.0,0.0,0.223,0.0,0.0,0.0,0.0,0.0,1.0,0.0,0.0,0.0,0.052,0.0,36.0,15.0,30.0,0.0,0.0,0.0,0.0,0.0,0.0,0.0,0.0,362.27,0.0,0.0,0.0,0.0,0.0,146.3,0.0,0.0,0.0,96.11,0.0,36.0,36.0,36.0,36.0,36.0,36.0,36.0,36.0,17.37,36.0,36.0,36.0,36.0,36.0,25.44,36.0,36.0,36.0,16.34,36.0,0.0,0.0,0.0,0.0,0.0,0.0,0.0,0.0,0.004653,0.0,0.0,0.0,0.0,0.0,0.003314,0.0,0.0,0.0,0.001169,0.0
2020-01-15 11:45:00,14.77,14.71,15.42,15.0,16.39,15.33,14.88,15.85,15.34,19.38,15.58,15.35,15.93,15.9,23.83,15.53,15.55,15.31,14.87,17.89,-4.64,165.0,0.0,0.0,0.0,0.0,0.0,0.0,0.0,0.0,0.223,0.0,0.0,0.0,0.0,0.0,1.0,0.0,0.0,0.0,0.052,0.0,36.0,15.0,30.0,0.0,0.0,0.0,0.0,0.0,0.0,0.0,0.0,355.4,0.0,0.0,0.0,0.0,0.0,146.1,0.0,0.0,0.0,95.94,0.0,36.0,36.0,36.0,36.0,36.0,36.0,36.0,36.0,17.73,36.0,36.0,36.0,36.0,36.0,25.45,36.0,36.0,36.0,16.37,36.0,0.0,0.0,0.0,0.0,0.0,0.0,0.0,0.0,0.004653,0.0,0.0,0.0,0.0,0.0,0.003314,0.0,0.0,0.0,0.001169,0.0
2020-01-15 12:00:00,14.78,14.71,15.5,15.01,16.39,15.3,14.86,15.95,15.49,19.33,15.47,15.27,15.97,15.73,23.85,15.4,15.48,15.37,14.89,17.84,-4.53,175.9,0.0,0.0,0.0,0.0,0.0,0.0,0.0,0.0,0.223,0.0,0.0,0.0,0.0,0.0,1.0,0.0,0.0,0.0,0.052,0.0,36.0,15.0,30.0,0.0,0.0,0.0,0.0,0.0,0.0,0.0,0.0,349.98,0.0,0.0,0.0,0.0,0.0,145.91,0.0,0.0,0.0,95.77,0.0,36.0,36.0,36.0,36.0,36.0,36.0,36.0,36.0,18.0,36.0,36.0,36.0,36.0,36.0,25.47,36.0,36.0,36.0,16.4,36.0,0.0,0.0,0.0,0.0,0.0,0.0,0.0,0.0,0.004653,0.0,0.0,0.0,0.0,0.0,0.003314,0.0,0.0,0.0,0.001169,0.0
2020-01-15 12:15:00,15.41,15.13,15.67,15.48,16.44,15.29,14.94,16.02,15.48,19.29,15.39,15.21,15.98,15.66,23.86,15.31,15.42,15.43,14.89,17.79,-4.42,186.8,0.262,0.167,0.0,0.209,0.0,0.0,0.173,0.0,0.0,0.0,0.0,0.0,0.0,0.0,1.0,0.0,0.0,0.0,0.012,0.0,36.0,15.0,30.0,370.83,350.46,0.0,399.14,0.0,0.0,315.0,0.0,0.0,0.0,0.0,0.0,0.0,0.0,145.71,0.0,0.0,0.0,21.25,0.0,21.36,19.92,36.0,20.81,36.0,36.0,16.37,36.0,36.0,36.0,36.0,36.0,36.0,36.0,25.48,36.0,36.0,36.0,16.3,36.0,0.006058,0.005213,0.0,0.006285,0.0,0.0,0.003839,0.0,0.0,0.0,0.0,0.0,0.0,0.0,0.003314,0.0,0.0,0.0,0.000258,0.0
2020-01-15 12:30:00,15.85,15.44,15.89,15.84,16.47,15.28,15.07,16.11,15.41,19.23,15.3,15.15,16.02,15.59,23.88,15.2,15.35,15.53,14.89,17.73,-4.32,190.4,0.262,0.167,0.0,0.209,0.0,0.0,0.173,0.0,0.0,0.0,0.0,0.0,0.0,0.0,1.0,0.0,0.0,0.0,0.012,0.0,36.0,15.0,30.0,365.28,346.31,0.0,391.23,0.0,0.0,307.55,0.0,0.0,0.0,0.0,0.0,0.0,0.0,145.53,0.0,0.0,0.0,21.32,0.0,21.57,20.11,36.0,21.11,36.0,36.0,16.83,36.0,36.0,36.0,36.0,36.0,36.0,36.0,25.5,36.0,36.0,36.0,16.23,36.0,0.006058,0.005213,0.0,0.006285,0.0,0.0,0.003839,0.0,0.0,0.0,0.0,0.0,0.0,0.0,0.003314,0.0,0.0,0.0,0.000258,0.0
2020-01-15 12:45:00,16.05,15.59,16.06,16.05,16.48,15.24,15.2,16.21,15.35,19.17,15.2,15.09,16.06,15.56,23.89,15.1,15.28,15.62,14.91,17.67,-4.21,193.9,0.262,0.167,0.0,0.209,0.0,0.0,0.173,0.0,0.0,0.0,0.0,0.0,0.0,0.0,1.0,0.0,0.0,0.0,0.012,0.0,36.0,15.0,30.0,353.88,339.25,0.0,378.94,0.0,0.0,302.43,0.0,0.0,0.0,0.0,0.0,0.0,0.0,145.35,0.0,0.0,0.0,21.33,0.0,22.02,20.43,36.0,21.58,36.0,36.0,17.15,36.0,36.0,36.0,36.0,36.0,36.0,36.0,25.51,36.0,36.0,36.0,16.22,36.0,0.006058,0.005213,0.0,0.006285,0.0,0.0,0.003839,0.0,0.0,0.0,0.0,0.0,0.0,0.0,0.003314,0.0,0.0,0.0,0.000258,0.0
2020-01-15 13:00:00,16.13,15.66,16.12,16.17,16.52,15.25,15.29,16.25,15.33,19.12,15.11,15.03,16.05,15.54,23.91,15.0,15.21,15.72,14.94,17.61,-4.14,197.4,0.262,0.167,0.0,0.209,0.0,0.0,0.173,0.0,0.0,0.0,0.0,0.0,0.0,0.0,1.0,0.0,0.0,0.0,0.012,0.0,36.0,15.0,30.0,355.03,340.64,0.0,378.0,0.0,0.0,298.54,0.0,0.0,0.0,0.0,0.0,0.0,0.0,145.17,0.0,0.0,0.0,21.31,0.0,21.98,20.37,36.0,21.61,36.0,36.0,17.39,36.0,36.0,36.0,36.0,36.0,36.0,36.0,25.52,36.0,36.0,36.0,16.24,36.0,0.006058,0.005213,0.0,0.006285,0.0,0.0,0.003839,0.0,0.0,0.0,0.0,0.0,0.0,0.0,0.003314,0.0,0.0,0.0,0.000258,0.0
2020-01-15 13:15:00,15.52,15.27,16.1,15.8,16.55,15.23,15.3,16.32,15.33,19.08,15.04,15.04,16.07,15.54,23.92,15.01,15.15,15.77,14.97,17.57,-4.07,200.9,0.0,0.0,0.0,0.0,0.0,0.0,0.0,0.0,0.0,0.0,0.0,0.107,0.0,0.0,1.0,0.129,0.0,0.0,0.0,0.0,36.0,15.0,30.0,0.0,0.0,0.0,0.0,0.0,0.0,0.0,0.0,0.0,0.0,0.0,196.8,0.0,0.0,144.99,184.91,0.0,0.0,0.0,0.0,36.0,36.0,36.0,36.0,36.0,36.0,36.0,36.0,36.0,36.0,36.0,16.46,36.0,36.0,25.54,16.85,36.0,36.0,36.0,36.0,0.0,0.0,0.0,0.0,0.0,0.0,0.0,0.0,0.0,0.0,0.0,0.002409,0.0,0.0,0.003314,0.00231,0.0,0.0,0.0,0.0
2020-01-15 13:30:00,15.29,15.06,15.97,15.62,16.55,15.2,15.23,16.36,15.33,19.02,14.94,15.09,16.06,15.53,23.94,15.08,15.06,15.78,14.99,17.5,-4.0,186.1,0.0,0.0,0.0,0.0,0.0,0.0,0.0,0.0,0.0,0.0,0.0,0.107,0.0,0.0,1.0,0.129,0.0,0.0,0.0,0.0,36.0,15.0,30.0,0.0,0.0,0.0,0.0,0.0,0.0,0.0,0.0,0.0,0.0,0.0,194.28,0.0,0.0,144.82,181.79,0.0,0.0,0.0,0.0,36.0,36.0,36.0,36.0,36.0,36.0,36.0,36.0,36.0,36.0,36.0,16.71,36.0,36.0,25.55,17.17,36.0,36.0,36.0,36.0,0.0,0.0,0.0,0.0,0.0,0.0,0.0,0.0,0.0,0.0,0.0,0.002409,0.0,0.0,0.003314,0.00231,0.0,0.0,0.0,0.0
2020-01-15 13:45:00,15.21,14.98,15.87,15.47,16.55,15.16,15.16,16.34,15.33,18.97,14.85,15.12,16.01,15.52,23.95,15.13,14.98,15.71,14.99,17.45,-3.94,171.3,0.0,0.0,0.0,0.0,0.0,0.0,0.0,0.0,0.0,0.0,0.0,0.107,0.0,0.0,1.0,0.129,0.0,0.0,0.0,0.0,36.0,15.0,30.0,0.0,0.0,0.0,0.0,0.0,0.0,0.0,0.0,0.0,0.0,0.0,192.63,0.0,0.0,144.65,179.8,0.0,0.0,0.0,0.0,36.0,36.0,36.0,36.0,36.0,36.0,36.0,36.0,36.0,36.0,36.0,16.87,36.0,36.0,25.56,17.38,36.0,36.0,36.0,36.0,0.0,0.0,0.0,0.0,0.0,0.0,0.0,0.0,0.0,0.0,0.0,0.002409,0.0,0.0,0.003314,0.00231,0.0,0.0,0.0,0.0
2020-01-15 14:00:00,15.07,14.85,15.72,15.32,16.52,15.09,15.07,16.31,15.3,18.91,14.74,15.14,15.94,15.48,23.96,15.14,14.89,15.63,14.97,17.39,-3.92,156.5,0.0,0.0,0.0,0.0,0.0,0.0,0.0,0.0,0.0,0.0,0.0,0.107,0.0,0.0,1.0,0.129,0.0,0.0,0.0,0.0,36.0,15.0,30.0,0.0,0.0,0.0,0.0,0.0,0.0,0.0,0.0,0.0,0.0,0.0,191.5,0.0,0.0,144.48,178.47,0.0,0.0,0.0,0.0,36.0,36.0,36.0,36.0,36.0,36.0,36.0,36.0,36.0,36.0,36.0,16.98,36.0,36.0,25.57,17.52,36.0,36.0,36.0,36.0,0.0,0.0,0.0,0.0,0.0,0.0,0.0,0.0,0.0,0.0,0.0,0.002409,0.0,0.0,0.003314,0.00231,0.0,0.0,0.0,0.0
2020-01-15 14:15:00,14.92,14.74,15.55,15.14,16.48,15.0,14.97,16.25,15.27,18.87,14.99,15.36,15.84,15.44,23.98,15.05,15.26,15.51,14.94,17.35,-3.9,141.7,0.0,0.014,0.0,0.0,0.0,0.0,0.0,0.0,0.0,0.0,0.582,0.493,0.0,0.0,1.0,0.0,0.767,0.0,0.0,0.0,36.0,15.0,30.0,0.0,33.0,0.0,0.0,0.0,0.0,0.0,0.0,0.0,0.0,741.27,819.57,0.0,0.0,144.31,0.0,1323.87,0.0,0.0,0.0,36.0,17.96,36.0,36.0,36.0,36.0,36.0,36.0,36.0,36.0,18.1,18.36,36.0,36.0,25.58,36.0,18.63,36.0,36.0,36.0,0.0,0.000438,0.0,0.0,0.0,0.0,0.0,0.0,0.0,0.0,0.009906,0.011113,0.0,0.0,0.003314,0.0,0.018231,0.0,0.0,0.0
2020-01-15 14:30:00,14.78,14.62,15.41,14.99,16.44,14.9,14.87,16.19,15.25,18.83,15.48,15.72,15.73,15.41,23.99,14.88,15.97,15.41,14.91,17.3,-3.88,139.2,0.0,0.014,0.0,0.0,0.0,0.0,0.0,0.0,0.0,0.0,0.582,0.493,0.0,0.0,1.0,0.0,0.767,0.0,0.0,0.0,36.0,15.0,30.0,0.0,33.36,0.0,0.0,0.0,0.0,0.0,0.0,0.0,0.0,677.28,771.4,0.0,0.0,144.15,0.0,1177.73,0.0,0.0,0.0,36.0,17.77,36.0,36.0,36.0,36.0,36.0,36.0,36.0,36.0,19.64,19.39,36.0,36.0,25.6,36.0,20.55,36.0,36.0,36.0,0.0,0.000438,0.0,0.0,0.0,0.0,0.0,0.0,0.0,0.0,0.009906,0.011113,0.0,0.0,0.003314,0.0,0.018231,0.0,0.0,0.0
2020-01-15 14:45:00,14.63,14.48,15.27,14.84,16.39,14.8,14.77,16.12,15.23,18.77,16.01,16.1,15.62,15.38,24.0,14.7,16.7,15.3,14.89,17.24,-3.86,136.7,0.0,0.014,0.0,0.0,0.0,0.0,0.0,0.0,0.0,0.0,0.582,0.493,0.0,0.0,1.0,0.0,0.767,0.0,0.0,0.0,36.0,15.0,30.0,0.0,33.7,0.0,0.0,0.0,0.0,0.0,0.0,0.0,0.0,637.17,739.6,0.0,0.0,143.99,0.0,1087.25,0.0,0.0,0.0,36.0,17.58,36.0,36.0,36.0,36.0,36.0,36.0,36.0,36.0,20.61,20.08,36.0,36.0,25.61,36.0,21.73,36.0,36.0,36.0,0.0,0.000438,0.0,0.0,0.0,0.0,0.0,0.0,0.0,0.0,0.009906,0.011113,0.0,0.0,0.003314,0.0,0.018231,0.0,0.0,0.0
2020-01-15 15:00:00,14.48,14.35,15.13,14.69,16.33,14.69,14.66,16.04,15.17,18.72,16.37,16.37,15.51,15.34,24.02,14.53,17.19,15.18,14.86,17.19,-3.89,134.2,0.0,0.014,0.0,0.0,0.0,0.0,0.0,0.0,0.0,0.0,0.582,0.493,0.0,0.0,1.0,0.0,0.767,0.0,0.0,0.0,36.0,15.0,30.0,0.0,34.04,0.0,0.0,0.0,0.0,0.0,0.0,0.0,0.0,610.0,717.12,0.0,0.0,143.83,0.0,1026.8,0.0,0.0,0.0,36.0,17.39,36.0,36.0,36.0,36.0,36.0,36.0,36.0,36.0,21.27,20.56,36.0,36.0,25.62,36.0,22.53,36.0,36.0,36.0,0.0,0.000438,0.0,0.0,0.0,0.0,0.0,0.0,0.0,0.0,0.009906,0.011113,0.0,0.0,0.003314,0.0,0.018231,0.0,0.0,0.0
2020-01-15 15:15:00,15.84,15.53,15.24,15.82,16.28,14.86,14.86,15.98,15.1,18.68,16.29,16.3,15.48,15.34,24.03,14.95,17.13,15.16,14.87,17.14,-3.92,131.7,0.904,0.763,0.0,0.997,0.0,0.918,0.875,0.0,0.0,0.0,0.0,0.0,0.0,0.0,1.0,1.0,0.0,0.0,0.0,0.0,36.0,15.0,30.0,956.89,1223.45,0.0,1374.56,0.0,1120.47,1425.9,0.0,0.0,0.0,0.0,0.0,0.0,0.0,143.67,1227.74,0.0,0.0,0.0,0.0,25.04,23.73,36.0,25.01,36.0,18.61,18.42,36.0,36.0,36.0,36.0,36.0,36.0,36.0,25.63,19.56,36.0,36.0,36.0,36.0,0.020886,0.023864,0.0,0.029924,0.0,0.015417,0.019409,0.0,0.0,0.0,0.0,0.0,0.0,0.0,0.003314,0.017867,0.0,0.0,0.0,0.0
2020-01-15 15:30:00,16.82,16.4,15.48,16.6,16.22,15.46,15.46,15.88,14.97,18.63,15.93,16.0,15.57,15.31,24.04,15.91,16.75,15.18,14.85,17.09,-3.95,115.6,0.904,0.763,0.0,0.997,0.0,0.918,0.875,0.0,0.0,0.0,0.0,0.0,0.0,0.0,1.0,1.0,0.0,0.0,0.0,0.0,36.0,15.0,30.0,978.31,1243.57,0.0,1410.37,0.0,976.3,1264.07,0.0,0.0,0.0,0.0,0.0,0.0,0.0,143.52,1051.72,0.0,0.0,0.0,0.0,24.79,23.53,36.0,24.72,36.0,20.85,20.42,36.0,36.0,36.0,36.0,36.0,36.0,36.0,25.64,21.92,36.0,36.0,36.0,36.0,0.020886,0.023864,0.0,0.029924,0.0,0.015417,0.019409,0.0,0.0,0.0,0.0,0.0,0.0,0.0,0.003314,0.017867,0.0,0.0,0.0,0.0
2020-01-15 15:45:00,16.97,16.54,15.45,16.71,16.13,16.0,15.94,15.73,14.85,18.57,15.54,15.61,15.63,15.3,24.05,16.78,16.24,15.27,14.86,17.03,-3.97,99.5,0.904,0.763,0.0,0.997,0.0,0.918,0.875,0.0,0.0,0.0,0.0,0.0,0.0,0.0,1.0,1.0,0.0,0.0,0.0,0.0,36.0,15.0,30.0,978.58,1242.76,0.0,1409.59,0.0,893.37,1168.41,0.0,0.0,0.0,0.0,0.0,0.0,0.0,143.37,950.95,0.0,0.0,0.0,0.0,24.79,23.54,36.0,24.73,36.0,22.14,21.6,36.0,36.0,36.0,36.0,36.0,36.0,36.0,25.65,23.27,36.0,36.0,36.0,36.0,0.020886,0.023864,0.0,0.029924,0.0,0.015417,0.019409,0.0,0.0,0.0,0.0,0.0,0.0,0.0,0.003314,0.017867,0.0,0.0,0.0,0.0
2020-01-15 16:00:00,16.97,16.55,15.34,16.69,16.03,16.31,16.25,15.57,14.68,18.52,15.26,15.35,15.67,15.25,24.06,17.36,15.85,15.35,14.81,16.98,-4.06,83.4,0.904,0.763,0.0,0.997,0.0,0.918,0.875,0.0,0.0,0.0,0.0,0.0,0.0,0.0,1.0,1.0,0.0,0.0,0.0,0.0,36.0,15.0,30.0,984.89,1247.85,0.0,1416.84,0.0,841.34,1106.87,0.0,0.0,0.0,0.0,0.0,0.0,0.0,143.23,887.62,0.0,0.0,0.0,0.0,24.72,23.49,36.0,24.67,36.0,22.94,22.36,36.0,36.0,36.0,36.0,36.0,36.0,36.0,25.66,24.11,36.0,36.0,36.0,36.0,0.020886,0.023864,0.0,0.029924,0.0,0.015417,0.019409,0.0,0.0,0.0,0.0,0.0,0.0,0.0,0.003314,0.017867,0.0,0.0,0.0,0.0
2020-01-15 16:15:00,15.07,14.88,14.74,15.17,15.92,16.18,16.14,15.42,14.91,18.48,15.06,15.17,15.6,15.17,24.07,17.22,15.61,15.31,14.82,16.93,-4.15,67.3,0.0,0.0,0.0,0.0,0.0,0.0,0.0,0.0,0.855,0.0,0.0,0.0,0.0,0.0,1.0,0.0,0.0,0.0,0.162,0.0,36.0,15.0,30.0,0.0,0.0,0.0,0.0,0.0,0.0,0.0,0.0,1305.03,0.0,0.0,0.0,0.0,0.0,143.08,0.0,0.0,0.0,290.12,0.0,36.0,36.0,36.0,36.0,36.0,36.0,36.0,36.0,18.51,36.0,36.0,36.0,36.0,36.0,25.67,36.0,36.0,36.0,16.87,36.0,0.0,0.0,0.0,0.0,0.0,0.0,0.0,0.0,0.017852,0.0,0.0,0.0,0.0,0.0,0.003314,0.0,0.0,0.0,0.003629,0.0
2020-01-15 16:30:00,14.35,14.21,14.21,14.47,15.81,15.79,15.78,15.27,15.56,18.43,14.84,14.96,15.38,15.04,24.09,16.67,15.35,15.09,14.87,16.88,-4.24,50.4,0.0,0.0,0.0,0.0,0.0,0.0,0.0,0.0,0.855,0.0,0.0,0.0,0.0,0.0,1.0,0.0,0.0,0.0,0.162,0.0,36.0,15.0,30.0,0.0,0.0,0.0,0.0,0.0,0.0,0.0,0.0,1172.42,0.0,0.0,0.0,0.0,0.0,142.94,0.0,0.0,0.0,284.67,0.0,36.0,36.0,36.0,36.0,36.0,36.0,36.0,36.0,20.29,36.0,36.0,36.0,36.0,36.0,25.68,36.0,36.0,36.0,17.23,36.0,0.0,0.0,0.0,0.0,0.0,0.0,0.0,0.0,0.017852,0.0,0.0,0.0,0.0,0.0,0.003314,0.0,0.0,0.0,0.003629,0.0
2020-01-15 16:45:00,14.05,13.95,14.0,14.23,15.73,15.33,15.39,15.15,16.22,18.37,14.58,14.77,15.12,14.8,24.1,16.02,15.1,14.82,14.79,16.82,-4.33,0.0,0.0,0.0,0.0,0.0,0.0,0.0,0.0,0.0,0.855,0.0,0.0,0.0,0.0,0.0,1.0,0.0,0.0,0.0,0.162,0.0,36.0,15.0,30.0,0.0,0.0,0.0,0.0,0.0,0.0,0.0,0.0,1091.72,0.0,0.0,0.0,0.0,0.0,142.8,0.0,0.0,0.0,283.38,0.0,36.0,36.0,36.0,36.0,36.0,36.0,36.0,36.0,21.37,36.0,36.0,36.0,36.0,36.0,25.69,36.0,36.0,36.0,17.32,36.0,0.0,0.0,0.0,0.0,0.0,0.0,0.0,0.0,0.017852,0.0,0.0,0.0,0.0,0.0,0.003314,0.0,0.0,0.0,0.003629,0.0
2020-01-15 17:00:00,13.79,13.71,13.78,13.99,15.64,15.0,15.09,15.02,16.61,18.32,14.37,14.58,14.85,14.59,24.11,15.52,14.87,14.56,14.72,16.77,-4.4,0.0,0.0,0.0,0.0,0.0,0.0,0.0,0.0,0.0,0.855,0.0,0.0,0.0,0.0,0.0,1.0,0.0,0.0,0.0,0.162,0.0,36.0,15.0,30.0,0.0,0.0,0.0,0.0,0.0,0.0,0.0,0.0,1037.19,0.0,0.0,0.0,0.0,0.0,142.66,0.0,0.0,0.0,283.45,0.0,36.0,36.0,36.0,36.0,36.0,36.0,36.0,36.0,22.1,36.0,36.0,36.0,36.0,36.0,25.7,36.0,36.0,36.0,17.31,36.0,0.0,0.0,0.0,0.0,0.0,0.0,0.0,0.0,0.017852,0.0,0.0,0.0,0.0,0.0,0.003314,0.0,0.0,0.0,0.003629,0.0
2020-01-15 17:15:00,15.21,15.08,15.16,15.27,15.55,14.99,15.29,14.9,16.5,18.28,14.75,14.89,14.95,14.78,24.12,15.28,15.18,14.75,14.91,16.73,-4.48,0.0,1.0,1.0,1.0,1.0,0.0,0.333,1.0,0.065,0.0,0.0,1.0,1.0,0.786,0.784,1.0,0.0,0.933,0.903,0.604,0.0,35.24,15.0,30.0,1038.46,1460.73,1017.98,1396.13,0.0,394.51,1408.07,82.59,0.0,0.0,1139.82,1527.49,879.47,1183.34,132.32,0.0,1469.64,1057.44,938.42,0.0,24.48,24.06,24.37,24.1,35.23,18.34,20.05,16.14,35.23,35.23,19.22,19.03,18.64,18.24,25.68,35.23,19.37,18.69,18.66,35.23,0.023114,0.031288,0.022413,0.030001,0.0,0.005588,0.022187,0.001035,0.0,0.0,0.017031,0.022553,0.012677,0.016658,0.003314,0.0,0.022165,0.015293,0.013548,0.0
2020-01-15 17:30:00,16.42,16.28,16.35,16.42,15.46,15.16,15.94,14.81,16.12,18.23,15.6,15.68,15.43,15.33,24.12,15.01,15.96,15.48,15.33,16.68,-4.56,0.0,1.0,1.0,1.0,1.0,0.0,0.333,1.0,0.065,0.0,0.0,1.0,1.0,0.786,0.784,1.0,0.0,0.933,0.903,0.604,0.0,36.0,15.0,30.0,1104.39,1550.55,1082.28,1481.85,0.0,399.85,1312.95,85.75,0.0,0.0,1031.09,1396.32,824.22,1118.62,142.69,0.0,1349.68,966.66,919.78,0.0,24.57,24.14,24.45,24.18,36.0,18.88,21.84,16.18,36.0,36.0,21.52,21.19,20.45,19.93,25.7,36.0,21.43,20.88,19.76,36.0,0.023114,0.031288,0.022413,0.030001,0.0,0.005588,0.022187,0.001035,0.0,0.0,0.017031,0.022553,0.012677,0.016658,0.003314,0.0,0.022165,0.015293,0.013548,0.0
2020-01-15 17:45:00,16.7,16.59,16.64,16.75,15.4,15.41,16.62,14.73,15.7,18.18,16.4,16.43,15.87,15.92,24.14,14.75,16.72,16.21,15.74,16.62,-4.64,0.0,1.0,1.0,1.0,1.0,0.0,0.333,1.0,0.065,0.0,0.0,1.0,1.0,0.786,0.784,1.0,0.0,0.933,0.903,0.604,0.0,36.0,15.0,30.0,1095.04,1536.21,1073.51,1468.52,0.0,391.98,1216.05,85.78,0.0,0.0,937.71,1277.57,767.62,1046.28,142.51,0.0,1237.06,884.4,879.49,0.0,24.67,24.25,24.54,24.29,36.0,19.22,22.89,16.17,36.0,36.0,22.83,22.45,21.51,20.97,25.71,36.0,22.65,22.16,20.47,36.0,0.023114,0.031288,0.022413,0.030001,0.0,0.005588,0.022187,0.001035,0.0,0.0,0.017031,0.022553,0.012677,0.016658,0.003314,0.0,0.022165,0.015293,0.013548,0.0
2020-01-15 18:00:00,16.75,16.68,16.77,16.83,15.34,15.59,17.06,14.69,15.34,18.13,16.81,16.89,16.21,16.31,24.15,14.45,17.21,16.75,16.04,16.57,-4.61,0.0,1.0,1.0,1.0,1.0,0.0,0.333,1.0,0.065,0.0,0.0,1.0,1.0,0.786,0.784,1.0,0.0,0.933,0.903,0.604,0.0,36.0,15.0,30.0,1095.1,1533.87,1072.03,1466.76,0.0,386.57,1153.21,85.9,0.0,0.0,879.15,1201.11,730.37,997.47,142.32,0.0,1163.95,830.61,851.05,0.0,24.67,24.27,24.56,24.3,36.0,19.45,23.57,16.15,36.0,36.0,23.65,23.26,22.22,21.67,25.73,36.0,23.44,23.01,20.97,36.0,0.023114,0.031288,0.022413,0.030001,0.0,0.005588,0.022187,0.001035,0.0,0.0,0.017031,0.022553,0.012677,0.016658,0.003314,0.0,0.022165,0.015293,0.013548,0.0
2020-01-15 18:15:00,14.7,14.72,14.82,14.98,15.39,15.52,16.98,14.89,15.11,18.09,16.68,16.79,16.1,16.22,24.16,14.81,17.1,16.68,15.92,16.53,-4.58,0.0,0.0,0.0,0.0,0.0,0.0,0.0,0.0,0.849,0.0,0.0,0.0,0.0,0.0,0.0,1.0,1.0,0.0,0.0,0.0,0.0,36.0,15.0,30.0,0.0,0.0,0.0,0.0,0.0,0.0,0.0,977.03,0.0,0.0,0.0,0.0,0.0,0.0,142.15,1211.54,0.0,0.0,0.0,0.0,36.0,36.0,36.0,36.0,36.0,36.0,36.0,18.77,36.0,36.0,36.0,36.0,36.0,36.0,25.74,19.78,36.0,36.0,36.0,36.0,0.0,0.0,0.0,0.0,0.0,0.0,0.0,0.013569,0.0,0.0,0.0,0.0,0.0,0.0,0.003314,0.017867,0.0,0.0,0.0,0.0
2020-01-15 18:30:00,14.07,14.05,14.14,14.27,15.56,15.19,16.56,15.42,14.87,18.04,16.21,16.37,15.7,15.84,24.17,15.7,16.62,16.24,15.52,16.48,-4.56,0.0,0.0,0.0,0.0,0.0,0.0,0.0,0.0,0.849,0.0,0.0,0.0,0.0,0.0,0.0,1.0,1.0,0.0,0.0,0.0,0.0,36.0,15.0,30.0,0.0,0.0,0.0,0.0,0.0,0.0,0.0,872.74,0.0,0.0,0.0,0.0,0.0,0.0,142.0,1044.57,0.0,0.0,0.0,0.0,36.0,36.0,36.0,36.0,36.0,36.0,36.0,20.61,36.0,36.0,36.0,36.0,36.0,36.0,25.75,22.01,36.0,36.0,36.0,36.0,0.0,0.0,0.0,0.0,0.0,0.0,0.0,0.013569,0.0,0.0,0.0,0.0,0.0,0.0,0.003314,0.017867,0.0,0.0,0.0,0.0
2020-01-15 18:45:00,13.98,13.96,14.06,14.19,15.78,14.82,16.06,15.93,14.67,17.99,15.67,15.89,15.29,15.41,24.18,16.51,16.09,15.75,15.08,16.43,-4.53,0.0,0.0,0.0,0.0,0.0,0.0,0.0,0.0,0.849,0.0,0.0,0.0,0.0,0.0,0.0,1.0,1.0,0.0,0.0,0.0,0.0,36.0,15.0,30.0,0.0,0.0,0.0,0.0,0.0,0.0,0.0,810.69,0.0,0.0,0.0,0.0,0.0,0.0,141.86,949.75,0.0,0.0,0.0,0.0,36.0,36.0,36.0,36.0,36.0,36.0,36.0,21.71,36.0,36.0,36.0,36.0,36.0,36.0,25.76,23.28,36.0,36.0,36.0,36.0,0.0,0.0,0.0,0.0,0.0,0.0,0.0,0.013569,0.0,0.0,0.0,0.0,0.0,0.0,0.003314,0.017867,0.0,0.0,0.0,0.0
2020-01-15 19:00:00,13.9,13.89,14.0,14.12,15.92,14.54,15.64,16.27,14.48,17.94,15.24,15.47,14.98,15.05,24.19,17.05,15.64,15.32,14.74,16.38,-4.54,0.0,0.0,0.0,0.0,0.0,0.0,0.0,0.0,0.849,0.0,0.0,0.0,0.0,0.0,0.0,1.0,1.0,0.0,0.0,0.0,0.0,36.0,15.0,30.0,0.0,0.0,0.0,0.0,0.0,0.0,0.0,770.16,0.0,0.0,0.0,0.0,0.0,0.0,141.73,890.2,0.0,0.0,0.0,0.0,36.0,36.0,36.0,36.0,36.0,36.0,36.0,22.42,36.0,36.0,36.0,36.0,36.0,36.0,25.77,24.08,36.0,36.0,36.0,36.0,0.0,0.0,0.0,0.0,0.0,0.0,0.0,0.013569,0.0,0.0,0.0,0.0,0.0,0.0,0.003314,0.017867,0.0,0.0,0.0,0.0
2020-01-15 19:15:00,15.45,15.41,15.56,15.58,15.96,14.74,15.34,16.18,14.77,17.9,14.96,15.21,15.06,14.82,24.2,16.89,15.88,15.01,14.85,16.33,-4.56,0.0,1.0,1.0,1.0,1.0,0.0,1.0,0.0,0.0,1.0,0.0,0.0,0.0,0.585,0.0,1.0,0.0,1.0,0.0,0.619,0.0,36.0,15.0,30.0,1009.33,1414.35,987.5,1358.84,0.0,1152.77,0.0,0.0,1488.39,0.0,0.0,0.0,665.84,0.0,141.59,0.0,1499.28,0.0,1006.32,0.0,25.55,25.19,25.46,25.16,36.0,19.58,36.0,36.0,18.95,36.0,36.0,36.0,19.11,36.0,25.78,36.0,20.91,36.0,18.67,36.0,0.023114,0.031288,0.022413,0.030001,0.0,0.0168,0.0,0.0,0.020884,0.0,0.0,0.0,0.009432,0.0,0.003314,0.0,0.023767,0.0,0.013891,0.0
2020-01-15 19:30:00,16.78,16.75,16.88,16.86,15.87,15.44,15.07,15.83,15.53,17.84,14.68,14.95,15.47,14.59,24.21,16.31,16.63,14.74,15.28,16.28,-4.57,0.0,1.0,1.0,1.0,1.0,0.0,1.0,0.0,0.0,1.0,0.0,0.0,0.0,0.585,0.0,1.0,0.0,1.0,0.0,0.619,0.0,36.0,15.0,30.0,1007.0,1409.17,984.55,1353.91,0.0,1007.4,0.0,0.0,1316.43,0.0,0.0,0.0,622.82,0.0,141.47,0.0,1326.35,0.0,936.53,0.0,25.58,25.23,25.49,25.2,36.0,21.65,36.0,36.0,20.92,36.0,36.0,36.0,20.2,36.0,25.79,36.0,22.65,36.0,19.87,36.0,0.023114,0.031288,0.022413,0.030001,0.0,0.0168,0.0,0.0,0.020884,0.0,0.0,0.0,0.009432,0.0,0.003314,0.0,0.023767,0.0,0.013891,0.0
2020-01-15 19:45:00,17.12,17.09,17.2,17.25,15.72,16.1,14.83,15.46,16.23,17.8,14.44,14.72,15.94,14.38,24.22,15.72,17.28,14.51,15.74,16.23,-4.58,0.0,1.0,1.0,1.0,1.0,0.0,1.0,0.0,0.0,1.0,0.0,0.0,0.0,0.585,0.0,1.0,0.0,1.0,0.0,0.619,0.0,36.0,15.0,30.0,975.03,1364.41,953.81,1311.27,0.0,924.68,0.0,0.0,1214.22,0.0,0.0,0.0,595.94,0.0,141.34,0.0,1225.79,0.0,892.58,0.0,25.91,25.57,25.82,25.54,36.0,22.83,36.0,36.0,22.09,36.0,36.0,36.0,20.88,36.0,25.8,36.0,23.66,36.0,20.63,36.0,0.023114,0.031288,0.022413,0.030001,0.0,0.0168,0.0,0.0,0.020884,0.0,0.0,0.0,0.009432,0.0,0.003314,0.0,0.023767,0.0,0.013891,0.0
2020-01-15 20:00:00,17.28,17.27,17.37,17.41,15.57,16.5,14.64,15.2,16.67,17.75,14.24,14.53,16.24,14.21,24.23,15.26,17.72,14.32,16.06,16.18,-4.54,0.0,1.0,1.0,1.0,1.0,0.0,1.0,0.0,0.0,1.0,0.0,0.0,0.0,0.585,0.0,1.0,0.0,1.0,0.0,0.619,0.0,36.0,15.0,30.0,966.27,1351.33,945.02,1299.29,0.0,873.13,0.0,0.0,1148.14,0.0,0.0,0.0,577.69,0.0,141.22,0.0,1161.83,0.0,862.45,0.0,26.0,25.67,25.91,25.64,36.0,23.57,36.0,36.0,22.85,36.0,36.0,36.0,21.35,36.0,25.81,36.0,24.31,36.0,21.15,36.0,0.023114,0.031288,0.022413,0.030001,0.0,0.0168,0.0,0.0,0.020884,0.0,0.0,0.0,0.009432,0.0,0.003314,0.0,0.023767,0.0,0.013891,0.0
2020-01-15 20:15:00,15.59,15.63,15.69,15.81,15.43,16.38,14.88,15.02,16.6,17.71,14.57,14.84,16.16,14.5,24.24,14.96,18.01,14.64,15.96,16.14,-4.5,0.0,0.0,0.0,0.0,0.0,0.0,0.0,0.898,0.0,0.0,0.0,1.0,1.0,0.0,1.0,1.0,0.0,1.0,1.0,0.0,0.0,36.0,15.0,30.0,0.0,0.0,0.0,0.0,0.0,0.0,1400.96,0.0,0.0,0.0,1179.51,1571.84,0.0,1530.26,141.1,0.0,1117.32,1181.05,0.0,0.0,36.0,36.0,36.0,36.0,36.0,36.0,19.17,36.0,36.0,36.0,19.43,19.33,36.0,18.77,25.82,36.0,24.75,19.32,36.0,36.0,0.0,0.0,0.0,0.0,0.0,0.0,0.019917,0.0,0.0,0.0,0.017031,0.022553,0.0,0.021246,0.003314,0.0,0.023767,0.016941,0.0,0.0
2020-01-15 20:30:00,14.79,14.82,14.92,15.03,15.3,15.94,15.58,14.83,16.2,17.66,15.44,15.65,15.78,15.31,24.25,14.65,18.3,15.5,15.56,16.09,-4.45,0.0,0.0,0.0,0.0,0.0,0.0,0.0,0.898,0.0,0.0,0.0,1.0,1.0,0.0,1.0,1.0,0.0,1.0,1.0,0.0,0.0,36.0,15.0,30.0,0.0,0.0,0.0,0.0,0.0,0.0,1249.5,0.0,0.0,0.0,1024.21,1379.42,0.0,1350.17,140.99,0.0,1085.73,1023.73,0.0,0.0,36.0,36.0,36.0,36.0,36.0,36.0,20.99,36.0,36.0,36.0,21.61,21.37,36.0,20.8,25.82,36.0,25.07,21.54,36.0,36.0,0.0,0.0,0.0,0.0,0.0,0.0,0.019917,0.0,0.0,0.0,0.017031,0.022553,0.0,0.021246,0.003314,0.0,0.023767,0.016941,0.0,0.0
2020-01-15 20:45:00,14.67,14.7,14.8,14.89,15.19,15.45,16.3,14.68,15.79,17.61,16.21,16.38,15.37,16.04,24.26,14.38,18.53,16.3,15.14,16.05,-4.41,0.0,0.0,0.0,0.0,0.0,0.0,0.0,0.898,0.0,0.0,0.0,1.0,1.0,0.0,1.0,1.0,0.0,1.0,1.0,0.0,0.0,36.0,15.0,30.0,0.0,0.0,0.0,0.0,0.0,0.0,1158.87,0.0,0.0,0.0,935.34,1266.85,0.0,1243.25,140.87,0.0,1061.4,932.62,0.0,0.0,36.0,36.0,36.0,36.0,36.0,36.0,22.08,36.0,36.0,36.0,22.86,22.56,36.0,22.0,25.83,36.0,25.32,22.83,36.0,36.0,0.0,0.0,0.0,0.0,0.0,0.0,0.019917,0.0,0.0,0.0,0.017031,0.022553,0.0,0.021246,0.003314,0.0,0.023767,0.016941,0.0,0.0
2020-01-15 21:00:00,14.6,14.63,14.73,14.83,15.1,15.05,16.71,14.55,15.41,17.56,16.67,16.83,15.05,16.49,24.27,14.15,18.71,16.82,14.82,16.0,-4.38,0.0,0.0,0.0,0.0,0.0,0.0,0.0,0.898,0.0,0.0,0.0,1.0,1.0,0.0,1.0,1.0,0.0,1.0,1.0,0.0,0.0,36.0,15.0,30.0,0.0,0.0,0.0,0.0,0.0,0.0,1099.9,0.0,0.0,0.0,879.8,1195.12,0.0,1174.28,140.76,0.0,1042.37,875.12,0.0,0.0,36.0,36.0,36.0,36.0,36.0,36.0,22.79,36.0,36.0,36.0,23.64,23.32,36.0,22.78,25.84,36.0,25.51,23.64,36.0,36.0,0.0,0.0,0.0,0.0,0.0,0.0,0.019917,0.0,0.0,0.0,0.017031,0.022553,0.0,0.021246,0.003314,0.0,0.023767,0.016941,0.0,0.0
2020-01-15 21:15:00,15.63,15.43,15.61,15.84,15.12,14.79,16.61,14.79,15.17,17.52,16.52,17.15,14.88,16.4,24.28,14.56,18.86,16.68,14.81,15.96,-4.35,0.0,0.551,0.382,0.432,0.685,0.0,0.0,0.0,1.0,0.0,0.0,0.0,1.0,0.104,0.0,1.0,1.0,1.0,0.0,0.355,0.0,36.0,15.0,30.0,643.05,675.58,522.63,998.58,0.0,0.01,0.0,1125.65,0.0,0.0,0.0,1146.16,131.04,0.0,140.64,1226.37,1026.37,0.0,600.68,0.0,23.92,22.48,23.08,24.37,36.0,17.38,36.0,19.16,36.0,36.0,36.0,23.84,17.38,36.0,25.85,19.58,25.67,36.0,17.96,36.0,0.012735,0.011955,0.009676,0.020544,0.0,0.0,0.0,0.015987,0.0,0.0,0.0,0.022553,0.001684,0.0,0.003314,0.017867,0.023767,0.0,0.007965,0.0
2020-01-15 21:30:00,16.36,16.0,16.22,16.54,15.31,14.56,16.2,15.45,14.94,17.47,16.05,17.44,14.74,15.99,24.29,15.51,19.0,16.16,14.96,15.91,-4.32,0.0,0.551,0.382,0.432,0.685,0.0,0.0,0.0,1.0,0.0,0.0,0.0,1.0,0.104,0.0,1.0,1.0,1.0,0.0,0.355,0.0,36.0,15.0,30.0,644.0,674.55,522.35,1002.22,0.0,0.01,0.0,983.33,0.0,0.0,0.0,1111.09,131.56,0.0,140.53,1056.53,1013.03,0.0,580.75,0.0,23.9,22.5,23.09,24.33,36.0,16.86,36.0,21.29,36.0,36.0,36.0,24.21,17.31,36.0,25.86,21.85,25.8,36.0,18.56,36.0,0.012735,0.011955,0.009676,0.020544,0.0,0.0,0.0,0.015987,0.0,0.0,0.0,0.022553,0.001684,0.0,0.003314,0.017867,0.023767,0.0,0.007965,0.0
2020-01-15 21:45:00,16.5,16.12,16.35,16.69,15.59,14.37,15.75,16.02,14.73,17.43,15.53,17.69,14.62,15.55,24.3,16.33,19.13,15.65,15.15,15.86,-4.29,0.0,0.551,0.382,0.432,0.685,0.0,0.0,0.0,1.0,0.0,0.0,0.0,1.0,0.104,0.0,1.0,1.0,1.0,0.0,0.355,0.0,36.0,15.0,30.0,642.03,675.63,522.44,996.45,0.0,0.01,0.0,902.11,0.0,0.0,0.0,1084.35,132.27,0.0,140.42,959.9,1001.54,0.0,568.23,0.0,23.94,22.48,23.08,24.4,36.0,16.44,36.0,22.5,36.0,36.0,36.0,24.5,17.21,36.0,25.86,23.15,25.92,36.0,18.93,36.0,0.012735,0.011955,0.009676,0.020544,0.0,0.0,0.0,0.015987,0.0,0.0,0.0,0.022553,0.001684,0.0,0.003314,0.017867,0.023767,0.0,0.007965,0.0
2020-01-15 22:00:00,16.56,16.16,16.39,16.76,15.78,14.19,15.37,16.38,14.54,17.38,15.11,17.92,14.5,15.15,24.31,16.9,19.26,15.22,15.3,15.81,-4.27,0.0,0.551,0.382,0.432,0.685,0.0,0.0,0.0,1.0,0.0,0.0,0.0,1.0,0.104,0.0,1.0,1.0,1.0,0.0,0.355,0.0,36.0,15.0,30.0,642.68,678.68,524.26,995.05,0.0,0.01,0.0,850.93,0.0,0.0,0.0,1062.81,133.01,0.0,140.32,898.91,991.31,0.0,559.55,0.0,23.93,22.42,23.04,24.41,36.0,16.08,36.0,23.27,36.0,36.0,36.0,24.73,17.1,36.0,25.87,23.96,26.02,36.0,19.19,36.0,0.012735,0.011955,0.009676,0.020544,0.0,0.0,0.0,0.015987,0.0,0.0,0.0,0.022553,0.001684,0.0,0.003314,0.017867,0.023767,0.0,0.007965,0.0
2020-01-15 22:15:00,15.37,15.24,15.4,15.64,15.83,14.52,15.11,16.3,14.84,17.34,14.86,17.86,14.82,14.91,24.31,16.8,19.37,14.94,15.18,15.77,-4.25,0.0,0.0,0.0,0.0,0.0,0.0,1.0,0.0,0.0,1.0,0.0,0.0,0.32,1.0,0.0,1.0,0.08,1.0,0.0,0.0,0.0,36.0,15.0,30.0,0.0,0.0,0.0,0.0,0.0,1174.25,0.0,0.0,1479.03,0.0,0.0,375.51,1089.49,0.0,140.21,82.14,981.74,0.0,0.0,0.0,36.0,36.0,36.0,36.0,36.0,19.28,36.0,36.0,19.06,36.0,36.0,23.56,19.85,36.0,25.88,22.2,26.12,36.0,36.0,36.0,0.0,0.0,0.0,0.0,0.0,0.0168,0.0,0.0,0.020884,0.0,0.0,0.007219,0.016137,0.0,0.003314,0.001424,0.023767,0.0,0.0,0.0
2020-01-15 22:30:00,14.86,14.75,14.89,15.11,15.71,15.33,14.87,15.95,15.61,17.29,14.61,17.64,15.58,14.68,24.32,16.33,19.48,14.68,14.84,15.73,-4.23,0.0,0.0,0.0,0.0,0.0,0.0,1.0,0.0,0.0,1.0,0.0,0.0,0.32,1.0,0.0,1.0,0.08,1.0,0.0,0.0,0.0,36.0,15.0,30.0,0.0,0.0,0.0,0.0,0.0,1021.29,0.0,0.0,1309.03,0.0,0.0,401.87,962.58,0.0,140.1,90.68,973.21,0.0,0.0,0.0,36.0,36.0,36.0,36.0,36.0,21.46,36.0,36.0,21.0,36.0,36.0,22.68,21.73,36.0,25.89,20.77,26.2,36.0,36.0,36.0,0.0,0.0,0.0,0.0,0.0,0.0168,0.0,0.0,0.020884,0.0,0.0,0.007219,0.016137,0.0,0.003314,0.001424,0.023767,0.0,0.0,0.0
2020-01-15 22:45:00,14.69,14.58,14.73,14.95,15.55,16.07,14.66,15.55,16.32,17.24,14.38,17.42,16.28,14.47,24.33,15.85,19.59,14.46,14.53,15.68,-4.21,0.0,0.0,0.0,0.0,0.0,0.0,1.0,0.0,0.0,1.0,0.0,0.0,0.32,1.0,0.0,1.0,0.08,1.0,0.0,0.0,0.0,36.0,15.0,30.0,0.0,0.0,0.0,0.0,0.0,934.09,0.0,0.0,1208.31,0.0,0.0,418.23,888.56,0.0,140.0,96.44,965.42,0.0,0.0,0.0,36.0,36.0,36.0,36.0,36.0,22.7,36.0,36.0,22.16,36.0,36.0,22.14,22.83,36.0,25.89,19.8,26.28,36.0,36.0,36.0,0.0,0.0,0.0,0.0,0.0,0.0168,0.0,0.0,0.020884,0.0,0.0,0.007219,0.016137,0.0,0.003314,0.001424,0.023767,0.0,0.0,0.0
2020-01-15 23:00:00,14.55,14.43,14.58,14.81,15.39,16.58,14.47,15.21,16.78,17.19,14.17,17.27,16.77,14.29,24.34,15.45,19.71,14.25,14.28,15.63,-4.2,0.0,0.0,0.0,0.0,0.0,0.0,1.0,0.0,0.0,1.0,0.0,0.0,0.32,1.0,0.0,1.0,0.08,1.0,0.0,0.0,0.0,36.0,15.0,30.0,0.0,0.0,0.0,0.0,0.0,878.34,0.0,0.0,1141.96,0.0,0.0,429.35,840.12,0.0,139.89,100.72,957.91,0.0,0.0,0.0,36.0,36.0,36.0,36.0,36.0,23.49,36.0,36.0,22.92,36.0,36.0,21.77,23.54,36.0,25.9,19.08,26.36,36.0,36.0,36.0,0.0,0.0,0.0,0.0,0.0,0.0168,0.0,0.0,0.020884,0.0,0.0,0.007219,0.016137,0.0,0.003314,0.001424,0.023767,0.0,0.0,0.0
2020-01-15 23:15:00,15.55,15.56,15.73,15.89,15.28,16.5,14.79,15.03,16.69,17.15,14.55,17.48,16.68,14.61,24.35,15.16,19.8,14.62,14.65,15.59,-4.18,0.0,0.556,0.688,0.707,0.77,0.0,0.0,1.0,0.0,0.0,0.0,1.0,1.0,0.0,1.0,1.0,0.0,1.0,1.0,1.0,0.0,36.0,15.0,30.0,664.49,1091.44,774.58,1093.43,0.0,0.0,1556.25,0.0,0.0,0.0,1183.47,1214.96,0.0,1518.6,139.79,0.0,950.71,1178.46,1574.4,0.0,23.63,23.87,24.3,24.67,36.0,36.0,19.22,36.0,36.0,36.0,19.38,23.11,36.0,18.9,25.91,36.0,26.43,19.36,19.21,36.0,0.012852,0.021529,0.015838,0.023096,0.0,0.0,0.022187,0.0,0.0,0.0,0.017031,0.022553,0.0,0.021246,0.003314,0.0,0.023767,0.016941,0.022431,0.0
2020-01-15 23:30:00,16.31,16.43,16.6,16.74,15.17,16.08,15.6,14.85,16.32,17.11,15.43,17.9,16.27,15.41,24.36,14.86,19.91,15.52,15.55,15.55,-4.17,0.0,0.556,0.688,0.707,0.77,0.0,0.0,1.0,0.0,0.0,0.0,1.0,1.0,0.0,1.0,1.0,0.0,1.0,1.0,1.0,0.0,36.0,15.0,30.0,668.04,1094.18,777.53,1099.4,0.0,0.0,1367.12,0.0,0.0,0.0,1026.78,1125.5,0.0,1340.73,139.69,0.0,943.79,1021.4,1384.05,0.0,23.56,23.84,24.26,24.61,36.0,36.0,21.26,36.0,36.0,36.0,21.58,24.06,36.0,20.9,25.92,36.0,26.5,21.58,21.24,36.0,0.012852,0.021529,0.015838,0.023096,0.0,0.0,0.022187,0.0,0.0,0.0,0.017031,0.022553,0.0,0.021246,0.003314,0.0,0.023767,0.016941,0.022431,0.0
2020-01-15 23:45:00,16.52,16.67,16.81,16.96,15.07,15.63,16.36,14.71,15.92,17.06,16.2,18.26,15.81,16.11,24.37,14.6,20.01,16.33,16.29,15.5,-4.15,0.0,0.556,0.688,0.707,0.77,0.0,0.0,1.0,0.0,0.0,0.0,1.0,1.0,0.0,1.0,1.0,0.0,1.0,1.0,1.0,0.0,36.0,15.0,30.0,662.94,1080.29,768.1,1087.4,0.0,0.0,1256.24,0.0,0.0,0.0,937.42,1072.9,0.0,1235.73,139.59,0.0,937.17,930.8,1271.32,0.0,23.66,24.0,24.4,24.74,36.0,36.0,22.45,36.0,36.0,36.0,22.83,24.62,36.0,22.09,25.92,36.0,26.57,22.86,22.44,36.0,0.012852,0.021529,0.015838,0.023096,0.0,0.0,0.022187,0.0,0.0,0.0,0.017031,0.022553,0.0,0.021246,0.003314,0.0,0.023767,0.016941,0.022431,0.0
