time,T1,T2,T3,T4,T5,T6,T7,T8,T9,T10,T11,T12,T13,T14,T15,T_amb,irrad,u1,u2,u3,u4,u5,u6,u7,u8,u9,u10,u11,u12,u13,u14,u15
2020-01-03 00:00:00,19.81,19.83,19.96,19.82,19.85,19.82,19.87,20.53,19.82,19.84,19.82,19.86,19.91,19.82,19.84,1.72,0.0,0.669,0.403,0.0,0.434,0.297,0.354,0.269,0.0,0.369,0.312,0.36,0.289,0.171,0.372,0.315
2020-01-03 00:15:00,20.45,20.59,20.67,20.62,20.02,20.09,20.17,20.74,20.08,19.89,20.11,20.18,20.27,20.1,19.91,1.65,0.0,1.0,1.0,1.0,1.0,1.0,1.0,1.0,1.0,1.0,1.0,1.0,1.0,1.0,1.0,1.0
2020-01-03 00:30:00,20.84,20.99,21.09,20.93,20.24,20.48,20.57,21.26,20.44,19.98,20.54,20.63,20.89,20.52,20.05,1.57,0.0,1.0,1.0,1.0,1.0,1.0,1.0,1.0,1.0,1.0,1.0,1.0,1.0,1.0,1.0,1.0
2020-01-03 00:45:00,20.97,21.1,21.21,21.06,20.4,20.81,20.88,21.82,20.72,20.09,20.89,21.02,21.48,20.85,20.19,1.5,0.0,1.0,1.0,1.0,1.0,1.0,1.0,1.0,1.0,1.0,1.0,1.0,1.0,1.0,1.0,1.0
2020-01-03 01:00:00,20.98,21.09,21.22,21.11,20.51,21.06,21.11,22.17,20.92,20.2,21.16,21.27,21.84,21.09,20.34,1.47,0.0,1.0,1.0,1.0,1.0,1.0,1.0,1.0,1.0,1.0,1.0,1.0,1.0,1.0,1.0,1.0
2020-01-03 01:15:00,20.99,21.12,21.25,21.17,20.65,21.25,21.24,22.37,21.05,20.28,21.35,21.47,22.07,21.27,20.45,1.45,0.0,1.0,1.0,1.0,1.0,1.0,1.0,1.0,1.0,1.0,1.0,1.0,1.0,1.0,1.0,1.0
2020-01-03 01:30:00,21.03,21.15,21.29,21.23,20.73,21.41,21.39,22.53,21.2,20.36,21.51,21.63,22.25,21.42,20.56,1.42,0.0,1.0,1.0,1.0,1.0,1.0,1.0,1.0,1.0,1.0,1.0,1.0,1.0,1.0,1.0,1.0
2020-01-03 01:45:00,21.1,21.22,21.36,21.31,20.84,21.55,21.5,22.66,21.3,20.44,21.64,21.77,22.4,21.56,20.66,1.4,0.0,1.0,1.0,1.0,1.0,1.0,1.0,1.0,1.0,1.0,1.0,1.0,1.0,1.0,1.0,1.0
2020-01-03 02:00:00,21.17,21.29,21.43,21.4,20.92,21.68,21.61,22.77,21.42,20.51,21.76,21.89,22.53,21.67,20.76,1.37,0.0,1.0,1.0,1.0,1.0,1.0,1.0,1.0,1.0,1.0,1.0,1.0,1.0,1.0,1.0,1.0
2020-01-03 02:15:00,21.24,21.36,21.5,21.5,21.02,21.79,21.7,22.87,21.51,20.58,21.87,22.0,22.64,21.77,20.85,1.35,0.0,1.0,1.0,1.0,1.0,1.0,1.0,1.0,1.0,1.0,1.0,1.0,1.0,1.0,1.0,1.0
2020-01-03 02:30:00,21.31,21.43,21.56,21.59,21.1,21.9,21.8,22.96,21.6,20.65,21.97,22.09,22.73,21.87,20.94,1.32,0.0,1.0,1.0,1.0,1.0,1.0,1.0,1.0,1.0,1.0,1.0,1.0,1.0,1.0,1.0,1.0
2020-01-03 02:45:00,21.37,21.5,21.63,21.68,21.19,21.99,21.88,23.04,21.68,20.72,22.06,22.18,22.82,21.95,21.03,1.3,0.0,1.0,1.0,1.0,1.0,1.0,1.0,1.0,1.0,1.0,1.0,1.0,1.0,1.0,1.0,1.0
2020-01-03 03:00:00,21.45,21.57,21.7,21.78,21.26,22.09,21.96,23.12,21.77,20.79,22.15,22.27,22.91,22.04,21.11,1.3,0.0,1.0,1.0,1.0,1.0,1.0,1.0,1.0,1.0,1.0,1.0,1.0,1.0,1.0,1.0,1.0
2020-01-03 03:15:00,21.52,21.65,21.78,21.87,21.35,22.18,22.04,23.19,21.85,20.86,22.24,22.36,22.99,22.12,21.19,1.3,0.0,1.0,1.0,1.0,1.0,1.0,1.0,1.0,1.0,1.0,1.0,1.0,1.0,1.0,1.0,1.0
2020-01-03 03:30:00,21.58,21.71,21.84,21.94,21.42,22.26,22.12,23.26,21.93,20.92,22.32,22.44,23.07,22.2,21.27,1.3,0.0,1.0,1.0,1.0,1.0,1.0,1.0,1.0,1.0,1.0,1.0,1.0,1.0,1.0,1.0,1.0
2020-01-03 03:45:00,21.63,21.76,21.89,22.01,21.49,22.34,22.19,23.32,22.0,20.98,22.4,22.51,23.14,22.28,21.35,1.3,0.0,1.0,1.0,1.0,1.0,1.0,1.0,1.0,1.0,1.0,1.0,1.0,1.0,1.0,1.0,1.0
2020-01-03 04:00:00,21.68,21.8,21.94,22.08,21.56,22.42,22.26,23.38,22.07,21.05,22.46,22.58,23.2,22.34,21.42,1.27,0.0,1.0,1.0,1.0,1.0,1.0,1.0,1.0,1.0,1.0,1.0,1.0,1.0,1.0,1.0,1.0
2020-01-03 04:15:00,21.72,21.84,21.98,22.14,21.63,22.49,22.32,23.43,22.14,21.11,22.53,22.64,23.25,22.4,21.49,1.25,0.0,1.0,1.0,1.0,1.0,1.0,1.0,1.0,1.0,1.0,1.0,1.0,1.0,1.0,1.0,1.0
2020-01-03 04:30:00,21.76,21.88,22.02,22.19,21.7,22.55,22.38,23.48,22.2,21.17,22.59,22.7,23.3,22.46,21.56,1.23,0.0,1.0,1.0,1.0,1.0,1.0,1.0,1.0,1.0,1.0,1.0,1.0,1.0,1.0,1.0,1.0
2020-01-03 04:45:00,21.8,21.92,22.06,22.25,21.76,22.61,22.44,23.52,22.26,21.23,22.64,22.75,23.35,22.52,21.63,1.2,0.0,1.0,1.0,1.0,1.0,1.0,1.0,1.0,1.0,1.0,1.0,1.0,1.0,1.0,1.0,1.0
2020-01-03 05:00:00,21.84,21.96,22.1,22.3,21.82,22.67,22.49,23.57,22.31,21.28,22.7,22.81,23.4,22.57,21.7,1.2,0.0,1.0,1.0,1.0,1.0,1.0,1.0,1.0,1.0,1.0,1.0,1.0,1.0,1.0,1.0,1.0
2020-01-03 05:15:00,21.88,22.0,22.14,22.36,21.88,22.73,22.55,23.61,22.37,21.34,22.75,22.86,23.44,22.63,21.76,1.2,0.0,1.0,1.0,1.0,1.0,1.0,1.0,1.0,1.0,1.0,1.0,1.0,1.0,1.0,1.0,1.0
2020-01-03 05:30:00,21.92,22.03,22.18,22.4,21.94,22.79,22.6,23.65,22.43,21.4,22.81,22.91,23.49,22.68,21.83,1.2,0.0,1.0,1.0,1.0,1.0,1.0,1.0,1.0,1.0,1.0,1.0,1.0,1.0,1.0,1.0,1.0
2020-01-03 05:45:00,21.95,22.06,22.21,22.45,21.99,22.85,22.65,23.69,22.48,21.45,22.85,22.96,23.53,22.73,21.89,1.2,0.0,1.0,1.0,1.0,1.0,1.0,1.0,1.0,1.0,1.0,1.0,1.0,1.0,1.0,1.0,1.0
2020-01-03 06:00:00,21.98,22.09,22.24,22.49,22.05,22.89,22.7,23.73,22.53,21.51,22.9,23.0,23.56,22.77,21.95,1.2,0.0,1.0,1.0,1.0,1.0,1.0,1.0,1.0,1.0,1.0,1.0,1.0,1.0,1.0,1.0,1.0
2020-01-03 06:15:00,22.01,22.12,22.27,22.53,22.1,22.94,22.74,23.76,22.57,21.56,22.94,23.04,23.59,22.81,22.01,1.2,0.0,1.0,1.0,1.0,1.0,1.0,1.0,1.0,1.0,1.0,1.0,1.0,1.0,1.0,1.0,1.0
2020-01-03 06:30:00,22.04,22.14,22.3,22.57,22.15,22.99,22.78,23.79,22.62,21.61,22.98,23.08,23.62,22.85,22.07,1.2,0.0,1.0,1.0,1.0,1.0,1.0,1.0,1.0,1.0,1.0,1.0,1.0,1.0,1.0,1.0,1.0
2020-01-03 06:45:00,22.07,22.17,22.33,22.61,22.2,23.03,22.82,23.82,22.66,21.67,23.02,23.11,23.65,22.89,22.12,1.2,0.0,1.0,1.0,1.0,1.0,1.0,1.0,1.0,1.0,1.0,1.0,1.0,1.0,1.0,1.0,1.0
2020-01-03 07:00:00,22.09,22.19,22.35,22.65,22.25,23.07,22.86,23.84,22.7,21.72,23.05,23.14,23.67,22.93,22.18,1.2,0.0,1.0,1.0,1.0,1.0,1.0,1.0,1.0,1.0,1.0,1.0,1.0,1.0,1.0,1.0,1.0
2020-01-03 07:15:00,22.12,22.21,22.37,22.68,22.3,23.1,22.9,23.86,22.74,21.77,23.08,23.17,23.69,22.96,22.23,1.2,0.0,1.0,1.0,1.0,1.0,1.0,1.0,1.0,1.0,1.0,1.0,1.0,1.0,1.0,1.0,1.0
2020-01-03 07:30:00,22.14,22.23,22.4,22.71,22.34,23.14,22.93,23.89,22.78,21.82,23.11,23.2,23.71,22.99,22.29,1.2,0.0,1.0,1.0,1.0,1.0,1.0,1.0,1.0,1.0,1.0,1.0,1.0,1.0,1.0,1.0,1.0
2020-01-03 07:45:00,22.15,22.25,22.43,22.74,22.38,23.16,22.97,23.92,22.82,21.87,23.13,23.23,23.75,23.02,22.34,1.2,0.0,1.0,1.0,1.0,1.0,1.0,1.0,1.0,1.0,1.0,1.0,1.0,1.0,1.0,1.0,1.0
2020-01-03 08:00:00,22.19,22.27,22.44,22.77,22.43,23.21,23.0,23.93,22.85,21.92,23.17,23.25,23.75,23.05,22.39,1.25,0.0,1.0,1.0,1.0,1.0,1.0,1.0,1.0,1.0,1.0,1.0,1.0,1.0,1.0,1.0,1.0
2020-01-03 08:15:00,21.01,21.13,21.39,21.82,22.26,22.96,22.8,23.71,22.64,21.9,22.91,23.0,23.47,22.77,22.32,1.3,6.0,0.0,0.0,0.0,0.0,0.0,0.0,0.0,0.0,0.0,0.0,0.0,0.0,0.0,0.0,0.0
2020-01-03 08:30:00,20.58,21.37,20.99,21.17,22.13,22.59,22.8,23.35,22.26,21.82,22.45,23.05,23.07,22.32,22.15,1.35,153.0,0.0,0.0,0.0,0.0,0.0,0.0,0.0,0.0,0.0,0.0,0.0,0.0,0.0,0.0,0.0
2020-01-03 08:45:00,20.42,21.97,21.04,21.06,22.1,22.37,23.02,23.1,21.94,21.75,22.05,23.26,22.81,21.96,22.0,1.4,300.0,0.0,0.0,0.0,0.0,0.0,0.0,0.0,0.0,0.0,0.0,0.0,0.0,0.0,0.0,0.0
2020-01-03 09:00:00,20.37,22.66,21.25,20.98,22.15,22.28,23.44,23.04,21.71,21.68,21.67,23.63,22.73,21.69,21.84,1.8,447.0,0.0,0.0,0.0,0.0,0.0,0.0,0.0,0.0,0.0,0.0,0.0,0.0,0.0,0.0,0.0
2020-01-03 09:15:00,20.39,23.35,21.55,21.0,22.29,22.34,23.98,23.16,21.61,21.62,21.41,24.13,22.84,21.56,21.7,2.2,594.0,0.0,0.0,0.0,0.0,0.0,0.0,0.0,0.0,0.0,0.0,0.0,0.0,0.0,0.0,0.0
2020-01-03 09:30:00,20.42,23.75,21.78,21.03,22.44,22.44,24.48,23.38,21.57,21.55,21.18,24.6,23.06,21.47,21.56,2.6,635.8,0.0,0.0,0.0,0.0,0.0,0.0,0.0,0.0,0.0,0.0,0.0,0.0,0.0,0.0,0.0
2020-01-03 09:45:00,20.45,24.1,22.01,21.08,22.59,22.53,24.93,23.72,21.57,21.49,20.99,25.03,23.39,21.42,21.44,3.0,677.5,0.0,0.0,0.0,0.0,0.0,0.0,0.0,0.0,0.0,0.0,0.0,0.0,0.0,0.0,0.0
2020-01-03 10:00:00,20.49,24.42,22.24,21.16,22.75,22.62,25.35,24.13,21.59,21.44,20.83,25.41,23.78,21.4,21.33,3.38,719.2,0.0,0.0,0.0,0.0,0.0,0.0,0.0,0.0,0.0,0.0,0.0,0.0,0.0,0.0,0.0
2020-01-03 10:15:00,20.55,24.72,22.48,21.23,22.9,22.71,25.73,24.62,21.62,21.38,20.68,25.75,24.25,21.38,21.23,3.75,761.0,0.0,0.0,0.0,0.0,0.0,0.0,0.0,0.0,0.0,0.0,0.0,0.0,0.0,0.0,0.0
2020-01-03 10:30:00,20.65,25.0,22.75,21.33,23.03,22.8,26.04,25.15,21.65,21.33,20.55,26.02,24.77,21.36,21.13,4.12,779.8,0.0,0.0,0.0,0.0,0.0,0.0,0.0,0.0,0.0,0.0,0.0,0.0,0.0,0.0,0.0
2020-01-03 10:45:00,20.79,25.25,23.03,21.46,23.15,22.87,26.3,25.7,21.68,21.28,20.44,26.23,25.33,21.35,21.04,4.5,798.5,0.0,0.0,0.0,0.0,0.0,0.0,0.0,0.0,0.0,0.0,0.0,0.0,0.0,0.0,0.0
2020-01-03 11:00:00,20.94,25.5,23.32,21.59,23.25,22.93,26.5,26.31,21.72,21.23,20.34,26.39,25.96,21.34,20.95,4.8,817.2,0.0,0.0,0.0,0.0,0.0,0.0,0.0,0.0,0.0,0.0,0.0,0.0,0.0,0.0,0.0
2020-01-03 11:15:00,21.12,25.71,23.67,21.72,23.34,22.96,26.67,26.91,21.75,21.18,20.25,26.51,26.57,21.34,20.88,5.1,836.0,0.0,0.0,0.0,0.0,0.0,0.0,0.0,0.0,0.0,0.0,0.0,0.0,0.0,0.0,0.0
2020-01-03 11:30:00,21.33,25.92,23.91,21.91,23.42,23.02,26.76,27.59,21.76,21.13,20.17,26.54,27.27,21.3,20.79,5.4,840.5,0.0,0.0,0.0,0.0,0.0,0.0,0.0,0.0,0.0,0.0,0.0,0.0,0.0,0.0,0.0
2020-01-03 11:45:00,21.46,26.03,24.19,22.03,23.46,22.99,26.83,28.29,21.78,21.09,20.09,26.56,27.96,21.28,20.72,5.7,845.0,0.0,0.0,0.0,0.0,0.0,0.0,0.0,0.0,0.0,0.0,0.0,0.0,0.0,0.0,0.0
2020-01-03 12:00:00,21.6,26.12,24.42,22.16,23.48,22.97,26.82,28.99,21.78,21.04,20.01,26.49,28.67,21.25,20.64,5.92,849.5,0.0,0.0,0.0,0.0,0.0,0.0,0.0,0.0,0.0,0.0,0.0,0.0,0.0,0.0,0.0
2020-01-03 12:15:00,21.73,26.1,24.66,22.29,23.47,22.91,26.76,29.7,21.78,20.99,19.94,26.38,29.4,21.2,20.57,6.15,854.0,0.0,0.0,0.0,0.0,0.0,0.0,0.0,0.0,0.0,0.0,0.0,0.0,0.0,0.0,0.0
2020-01-03 12:30:00,21.84,26.01,24.83,22.4,23.43,22.83,26.64,30.38,21.75,20.95,19.88,26.2,30.1,21.14,20.5,6.37,825.2,0.0,0.0,0.0,0.0,0.0,0.0,0.0,0.0,0.0,0.0,0.032,0.0,0.0,0.0,0.0
2020-01-03 12:45:00,21.93,25.85,24.96,22.48,23.37,22.73,26.47,30.99,21.73,20.9,19.85,25.97,30.7,21.09,20.43,6.6,796.5,0.0,0.0,0.0,0.0,0.0,0.0,0.0,0.0,0.0,0.0,0.061,0.0,0.0,0.0,0.0
2020-01-03 13:00:00,21.99,25.64,25.07,22.55,23.29,22.6,26.24,31.59,21.69,20.86,19.85,25.68,31.31,21.01,20.36,6.7,767.8,0.0,0.0,0.0,0.0,0.0,0.0,0.0,0.0,0.0,0.0,0.073,0.0,0.0,0.0,0.0
2020-01-03 13:15:00,22.05,25.4,25.18,22.6,23.19,22.46,25.98,32.13,21.62,20.81,19.85,25.36,31.83,20.92,20.3,6.8,739.0,0.0,0.0,0.0,0.0,0.0,0.0,0.0,0.0,0.0,0.0,0.074,0.0,0.0,0.0,0.0
2020-01-03 13:30:00,22.12,25.13,25.33,22.68,23.07,22.29,25.68,32.68,21.55,20.77,19.84,25.03,32.36,20.81,20.24,6.9,744.2,0.0,0.0,0.0,0.0,0.0,0.0,0.0,0.0,0.0,0.0,0.077,0.0,0.0,0.0,0.0
2020-01-03 13:45:00,22.21,24.88,25.49,22.77,22.94,22.12,25.37,33.24,21.47,20.73,19.82,24.67,32.92,20.7,20.18,7.0,749.5,0.0,0.0,0.0,0.0,0.0,0.0,0.0,0.0,0.0,0.0,0.08,0.0,0.0,0.0,0.0
2020-01-03 14:00:00,22.28,24.64,25.61,22.84,22.79,21.93,25.05,33.81,21.38,20.69,19.8,24.31,33.48,20.57,20.12,7.02,754.8,0.0,0.0,0.0,0.0,0.0,0.0,0.0,0.0,0.0,0.0,0.088,0.0,0.0,0.0,0.0
2020-01-03 14:15:00,22.33,24.44,25.71,22.9,22.63,21.73,24.74,34.38,21.28,20.64,19.78,23.95,34.04,20.44,20.06,7.05,760.0,0.0,0.0,0.0,0.0,0.0,0.0,0.0,0.0,0.0,0.0,0.099,0.0,0.0,0.0,0.0
2020-01-03 14:30:00,22.35,24.29,25.73,22.93,22.49,21.53,24.45,34.84,21.18,20.6,19.77,23.62,34.47,20.31,20.0,7.07,724.2,0.0,0.0,0.0,0.0,0.0,0.0,0.0,0.0,0.0,0.0,0.11,0.0,0.0,0.0,0.0
2020-01-03 14:45:00,22.35,24.13,25.71,22.96,22.35,21.36,24.2,35.21,21.11,20.56,19.76,23.33,34.8,20.22,19.95,7.1,688.5,0.0,0.0,0.0,0.0,0.0,0.0,0.0,0.0,0.0,0.0,0.117,0.0,0.0,0.0,0.0
2020-01-03 15:00:00,22.32,23.97,25.65,22.94,22.23,21.2,23.96,35.48,21.06,20.52,19.73,23.07,35.02,20.16,19.9,7.0,652.8,0.0,0.0,0.0,0.0,0.0,0.0,0.0,0.0,0.0,0.0,0.122,0.0,0.0,0.0,0.0
2020-01-03 15:15:00,22.12,23.68,25.13,22.73,22.12,21.05,23.74,35.67,21.04,20.48,19.71,22.82,35.15,20.12,19.84,6.9,617.0,0.0,0.0,0.0,0.0,0.0,0.0,0.0,0.0,0.0,0.0,0.134,0.0,0.0,0.0,0.0
2020-01-03 15:30:00,21.65,23.17,24.1,22.28,22.01,20.89,23.54,35.49,21.0,20.45,19.68,22.59,34.9,20.05,19.8,6.8,464.8,0.0,0.0,0.0,0.0,0.0,0.0,0.0,0.0,0.0,0.0,0.146,0.0,0.0,0.0,0.0
2020-01-03 15:45:00,21.18,22.69,23.49,21.85,21.89,20.72,23.32,34.63,20.91,20.41,19.64,22.34,34.31,19.96,19.76,6.7,312.5,0.0,0.0,0.0,0.0,0.0,0.0,0.0,0.0,0.0,0.0,0.161,0.0,0.0,0.0,0.101
2020-01-03 16:00:00,20.85,22.33,23.06,21.55,21.75,20.54,23.09,33.45,20.73,20.37,19.6,22.08,33.38,19.81,19.73,6.47,160.2,0.0,0.0,0.0,0.0,0.0,0.0,0.0,0.0,0.0,0.0,0.181,0.0,0.0,0.0,0.122
2020-01-03 16:15:00,20.55,22.0,22.65,21.27,21.59,20.33,22.86,32.59,20.55,20.33,19.56,21.81,32.2,19.58,19.71,6.25,8.0,0.0,0.0,0.0,0.0,0.0,0.0,0.0,0.0,0.0,0.0,0.201,0.0,0.0,0.097,0.136
2020-01-03 16:30:00,20.27,21.69,22.28,21.01,21.44,20.14,22.63,31.87,20.39,20.29,19.54,21.56,31.31,19.46,19.69,6.03,0.0,0.0,0.0,0.0,0.0,0.0,0.0,0.0,0.0,0.0,0.0,0.219,0.0,0.0,0.209,0.146
2020-01-03 16:45:00,20.01,21.38,21.91,20.75,21.29,19.98,22.41,31.21,20.23,20.25,19.53,21.33,30.52,19.42,19.68,5.8,0.0,0.0,0.0,0.0,0.0,0.0,0.0,0.0,0.0,0.0,0.0,0.232,0.0,0.0,0.27,0.154
2020-01-03 17:00:00,19.77,21.1,21.58,20.51,21.14,19.84,22.2,30.6,20.07,20.21,19.52,21.11,29.82,19.43,19.66,5.65,0.0,0.0,0.0,0.0,0.0,0.0,0.012,0.0,0.0,0.0,0.0,0.237,0.0,0.0,0.289,0.162
2020-01-03 17:15:00,19.71,20.85,21.3,20.28,21.0,19.73,22.0,30.02,19.92,20.17,19.52,20.92,29.17,19.42,19.65,5.5,0.0,0.115,0.0,0.0,0.0,0.0,0.08,0.0,0.0,0.0,0.0,0.238,0.0,0.0,0.287,0.17
2020-01-03 17:30:00,19.66,20.63,21.09,20.09,20.87,19.64,21.81,29.47,19.8,20.13,19.5,20.74,28.55,19.41,19.63,5.35,0.0,0.145,0.0,0.0,0.0,0.0,0.137,0.0,0.0,0.038,0.0,0.241,0.0,0.0,0.291,0.177
2020-01-03 17:45:00,19.57,20.4,20.86,19.92,20.75,19.58,21.6,28.93,19.71,20.1,19.48,20.55,27.94,19.42,19.62,5.2,0.0,0.168,0.0,0.0,0.0,0.0,0.18,0.0,0.0,0.101,0.0,0.249,0.0,0.0,0.295,0.184
2020-01-03 18:00:00,19.53,20.2,20.66,19.8,20.65,19.54,21.43,28.45,19.65,20.06,19.48,20.4,27.42,19.42,19.61,5.07,0.0,0.216,0.0,0.0,0.038,0.0,0.212,0.0,0.0,0.143,0.0,0.258,0.0,0.0,0.289,0.189
2020-01-03 18:15:00,19.47,20.02,20.49,19.75,20.56,19.49,21.27,28.03,19.62,20.02,19.45,20.27,26.96,19.41,19.6,4.95,0.0,0.237,0.0,0.0,0.101,0.0,0.232,0.0,0.0,0.173,0.0,0.261,0.0,0.0,0.291,0.195
2020-01-03 18:30:00,19.43,19.84,20.32,19.68,20.49,19.47,21.12,27.6,19.6,19.99,19.44,20.13,26.5,19.41,19.59,4.82,0.0,0.267,0.0,0.0,0.125,0.0,0.254,0.0,0.0,0.19,0.0,0.276,0.0,0.0,0.293,0.2
2020-01-03 18:45:00,19.39,19.81,20.17,19.61,20.42,19.45,21.0,27.19,19.56,19.95,19.45,20.03,26.06,19.38,19.58,4.7,0.0,0.285,0.082,0.0,0.158,0.0,0.267,0.0,0.0,0.201,0.007,0.278,0.0,0.0,0.296,0.204
2020-01-03 19:00:00,19.36,19.71,20.04,19.58,20.35,19.43,20.84,26.8,19.57,19.92,19.45,19.9,25.64,19.41,19.58,4.55,0.0,0.307,0.093,0.0,0.197,0.0,0.276,0.0,0.0,0.218,0.025,0.277,0.0,0.0,0.311,0.208
2020-01-03 19:15:00,19.33,19.68,19.92,19.53,20.29,19.42,20.71,26.42,19.55,19.89,19.45,19.81,25.25,19.41,19.57,4.4,0.0,0.32,0.146,0.0,0.208,0.0,0.284,0.0,0.0,0.217,0.042,0.275,0.052,0.0,0.296,0.212
2020-01-03 19:30:00,19.33,19.62,19.86,19.52,20.23,19.42,20.59,26.07,19.53,19.86,19.44,19.75,24.87,19.41,19.56,4.25,0.0,0.333,0.161,0.041,0.233,0.0,0.291,0.0,0.0,0.226,0.057,0.276,0.097,0.0,0.295,0.216
2020-01-03 19:45:00,19.32,19.59,19.81,19.51,20.18,19.42,20.46,25.73,19.52,19.83,19.44,19.72,24.52,19.4,19.56,4.1,0.0,0.337,0.188,0.072,0.239,0.0,0.292,0.0,0.0,0.233,0.071,0.278,0.124,0.0,0.297,0.219
2020-01-03 20:00:00,19.31,19.55,19.75,19.49,20.12,19.42,20.34,25.4,19.5,19.81,19.43,19.69,24.17,19.39,19.55,3.95,0.0,0.341,0.203,0.097,0.247,0.0,0.289,0.0,0.0,0.241,0.084,0.279,0.14,0.0,0.299,0.222
2020-01-03 20:15:00,19.3,19.52,19.7,19.47,20.07,19.42,20.21,25.07,19.49,19.79,19.44,19.67,23.82,19.39,19.54,3.8,0.0,0.347,0.224,0.126,0.257,0.0,0.29,0.0,0.0,0.249,0.096,0.285,0.154,0.0,0.303,0.225
2020-01-03 20:30:00,19.29,19.49,19.65,19.46,20.02,19.42,20.08,24.74,19.48,19.76,19.43,19.64,23.49,19.38,19.54,3.65,0.0,0.35,0.24,0.151,0.264,0.0,0.289,0.0,0.0,0.257,0.107,0.281,0.167,0.0,0.306,0.228
2020-01-03 20:45:00,19.28,19.45,19.61,19.45,19.98,19.41,19.95,24.46,19.47,19.74,19.42,19.62,23.19,19.38,19.53,3.5,0.0,0.357,0.257,0.175,0.269,0.0,0.291,0.0,0.0,0.262,0.119,0.286,0.18,0.0,0.309,0.23
2020-01-03 21:00:00,19.27,19.44,19.58,19.44,19.95,19.4,19.82,24.17,19.45,19.73,19.41,19.6,22.9,19.37,19.53,3.35,0.0,0.36,0.273,0.195,0.277,0.011,0.296,0.025,0.0,0.266,0.128,0.292,0.189,0.0,0.312,0.233
2020-01-03 21:15:00,19.26,19.41,19.55,19.42,19.91,19.39,19.75,23.89,19.44,19.71,19.4,19.58,22.63,19.36,19.53,3.2,0.0,0.366,0.282,0.211,0.282,0.026,0.3,0.088,0.0,0.275,0.136,0.297,0.2,0.0,0.316,0.235
2020-01-03 21:30:00,19.25,19.39,19.52,19.41,19.88,19.38,19.7,23.63,19.43,19.7,19.39,19.56,22.36,19.35,19.52,3.05,0.0,0.371,0.294,0.225,0.288,0.046,0.304,0.124,0.0,0.279,0.143,0.302,0.21,0.0,0.32,0.237
2020-01-03 21:45:00,19.24,19.37,19.5,19.4,19.85,19.38,19.67,23.37,19.42,19.69,19.38,19.54,22.11,19.35,19.52,2.9,0.0,0.375,0.303,0.24,0.293,0.059,0.308,0.149,0.0,0.286,0.15,0.305,0.22,0.0,0.324,0.238
2020-01-03 22:00:00,19.24,19.37,19.48,19.4,19.83,19.37,19.65,23.14,19.42,19.67,19.38,19.54,21.88,19.34,19.52,2.78,0.0,0.38,0.313,0.252,0.298,0.073,0.312,0.165,0.0,0.29,0.157,0.309,0.229,0.0,0.327,0.24
2020-01-03 22:15:00,19.23,19.35,19.46,19.39,19.82,19.37,19.63,22.91,19.41,19.66,19.38,19.53,21.66,19.34,19.51,2.65,0.0,0.381,0.317,0.262,0.299,0.083,0.313,0.175,0.0,0.292,0.163,0.309,0.232,0.0,0.328,0.242
2020-01-03 22:30:00,19.23,19.34,19.44,19.39,19.8,19.37,19.62,22.7,19.41,19.65,19.37,19.52,21.45,19.34,19.51,2.53,0.0,0.385,0.324,0.271,0.303,0.092,0.313,0.184,0.0,0.294,0.169,0.311,0.236,0.0,0.328,0.243
2020-01-03 22:45:00,19.22,19.33,19.43,19.38,19.79,19.37,19.6,22.5,19.4,19.64,19.37,19.51,21.25,19.34,19.51,2.4,0.0,0.387,0.329,0.281,0.305,0.1,0.315,0.192,0.0,0.296,0.174,0.313,0.241,0.0,0.33,0.245
2020-01-03 23:00:00,19.21,19.31,19.4,19.38,19.77,19.36,19.58,22.29,19.39,19.63,19.36,19.49,21.05,19.33,19.51,2.25,0.0,0.391,0.336,0.287,0.308,0.107,0.317,0.201,0.0,0.299,0.179,0.315,0.246,0.0,0.332,0.246
2020-01-03 23:15:00,19.2,19.3,19.39,19.37,19.75,19.35,19.56,22.09,19.39,19.62,19.35,19.48,20.86,19.32,19.5,2.1,0.0,0.395,0.343,0.298,0.312,0.115,0.321,0.211,0.0,0.303,0.184,0.32,0.254,0.0,0.336,0.247
2020-01-03 23:30:00,19.19,19.29,19.37,19.36,19.74,19.34,19.54,21.9,19.38,19.62,19.35,19.47,20.68,19.31,19.5,1.95,0.0,0.4,0.349,0.305,0.316,0.123,0.325,0.22,0.0,0.307,0.188,0.324,0.26,0.0,0.34,0.248
2020-01-03 23:45:00,19.18,19.28,19.36,19.35,19.73,19.34,19.53,21.71,19.37,19.61,19.34,19.46,20.49,19.31,19.5,1.8,0.0,0.403,0.355,0.314,0.319,0.13,0.329,0.228,0.0,0.311,0.192,0.327,0.267,0.0,0.343,0.249
2020-01-04 00:00:00,19.17,19.26,19.34,19.35,19.71,19.33,19.51,21.52,19.36,19.6,19.33,19.45,20.32,19.3,19.5,1.6,0.0,0.408,0.362,0.321,0.323,0.137,0.332,0.236,0.0,0.315,0.196,0.33,0.272,0.0,0.346,0.25
2020-01-04 00:15:00,19.16,19.25,19.32,19.34,19.7,19.32,19.5,21.34,19.36,19.59,19.33,19.43,20.15,19.3,19.5,1.4,0.0,0.413,0.369,0.33,0.327,0.144,0.335,0.243,0.0,0.319,0.2,0.333,0.277,0.0,0.349,0.251
2020-01-04 00:30:00,19.15,19.24,19.31,19.33,19.69,19.32,19.49,21.16,19.35,19.59,19.32,19.43,19.98,19.29,19.49,1.2,0.0,0.418,0.375,0.338,0.33,0.15,0.338,0.25,0.0,0.322,0.203,0.337,0.283,0.0,0.352,0.252
2020-01-04 00:45:00,19.14,19.22,19.29,19.32,19.68,19.31,19.48,20.99,19.34,19.58,19.31,19.42,19.82,19.28,19.49,1.0,0.0,0.423,0.382,0.345,0.334,0.155,0.341,0.256,0.0,0.326,0.206,0.34,0.287,0.009,0.355,0.253
2020-01-04 01:00:00,19.13,19.21,19.28,19.32,19.67,19.31,19.47,20.82,19.34,19.58,19.31,19.41,19.71,19.28,19.49,0.82,0.0,0.428,0.389,0.353,0.338,0.161,0.344,0.261,0.0,0.329,0.209,0.343,0.292,0.088,0.358,0.254
2020-01-04 01:15:00,19.13,19.2,19.27,19.31,19.66,19.3,19.45,20.65,19.33,19.57,19.3,19.4,19.66,19.27,19.49,0.65,0.0,0.433,0.395,0.359,0.341,0.166,0.347,0.267,0.0,0.332,0.212,0.346,0.297,0.143,0.361,0.255
2020-01-04 01:30:00,19.12,19.19,19.25,19.3,19.65,19.29,19.44,20.49,19.32,19.56,19.3,19.39,19.63,19.27,19.49,0.48,0.0,0.437,0.401,0.366,0.345,0.172,0.35,0.274,0.0,0.336,0.215,0.349,0.302,0.171,0.364,0.256
2020-01-04 01:45:00,19.11,19.17,19.24,19.3,19.64,19.29,19.43,20.32,19.31,19.56,19.29,19.38,19.61,19.26,19.49,0.3,0.0,0.442,0.407,0.373,0.349,0.177,0.354,0.279,0.0,0.339,0.218,0.352,0.307,0.184,0.367,0.256
2020-01-04 02:00:00,19.09,19.15,19.22,19.28,19.63,19.27,19.41,20.15,19.3,19.56,19.28,19.36,19.58,19.25,19.48,0.1,0.0,0.447,0.413,0.379,0.352,0.182,0.357,0.285,0.0,0.343,0.22,0.355,0.312,0.193,0.37,0.257
2020-01-04 02:15:00,19.08,19.14,19.21,19.27,19.61,19.26,19.39,19.99,19.29,19.55,19.26,19.34,19.55,19.23,19.48,-0.1,0.0,0.455,0.423,0.389,0.359,0.187,0.363,0.294,0.0,0.349,0.222,0.362,0.321,0.208,0.377,0.258
2020-01-04 02:30:00,19.06,19.12,19.19,19.26,19.6,19.25,19.38,19.82,19.28,19.55,19.25,19.32,19.53,19.22,19.48,-0.3,0.0,0.461,0.43,0.397,0.364,0.194,0.369,0.303,0.007,0.354,0.225,0.368,0.33,0.223,0.383,0.259
2020-01-04 02:45:00,19.05,19.11,19.17,19.25,19.59,19.24,19.36,19.7,19.27,19.54,19.24,19.31,19.5,19.21,19.48,-0.5,0.0,0.468,0.439,0.405,0.369,0.2,0.375,0.311,0.088,0.36,0.227,0.373,0.338,0.236,0.388,0.259
2020-01-04 03:00:00,19.05,19.1,19.16,19.24,19.58,19.24,19.35,19.64,19.27,19.54,19.24,19.3,19.49,19.21,19.48,-0.6,0.0,0.474,0.447,0.414,0.375,0.206,0.38,0.318,0.149,0.365,0.229,0.378,0.345,0.249,0.393,0.26
2020-01-04 03:15:00,19.04,19.09,19.15,19.24,19.57,19.23,19.34,19.6,19.26,19.53,19.24,19.29,19.47,19.21,19.48,-0.7,0.0,0.476,0.451,0.419,0.378,0.211,0.382,0.323,0.182,0.367,0.231,0.38,0.349,0.257,0.395,0.261
2020-01-04 03:30:00,19.03,19.07,19.14,19.23,19.56,19.23,19.33,19.57,19.25,19.53,19.23,19.28,19.45,19.2,19.48,-0.8,0.0,0.481,0.457,0.425,0.382,0.215,0.384,0.329,0.201,0.371,0.233,0.382,0.353,0.265,0.397,0.261
2020-01-04 03:45:00,19.0,19.06,19.14,19.22,19.55,19.18,19.32,19.59,19.25,19.53,19.16,19.27,19.49,19.19,19.47,-0.9,0.0,0.485,0.463,0.431,0.386,0.219,0.387,0.334,0.215,0.374,0.234,0.385,0.358,0.274,0.4,0.262
2020-01-04 04:00:00,19.0,19.05,19.12,19.21,19.55,19.17,19.3,19.55,19.24,19.52,19.16,19.25,19.46,19.18,19.47,-1.02,0.0,0.499,0.469,0.428,0.39,0.223,0.412,0.34,0.206,0.377,0.236,0.418,0.363,0.256,0.404,0.263
2020-01-04 04:15:00,18.98,19.03,19.12,19.2,19.53,19.16,19.29,19.52,19.23,19.52,19.16,19.24,19.43,19.17,19.47,-1.15,0.0,0.498,0.475,0.442,0.393,0.227,0.414,0.348,0.225,0.382,0.238,0.421,0.377,0.27,0.411,0.263
2020-01-04 04:30:00,18.98,19.02,19.09,19.2,19.53,19.15,19.28,19.49,19.22,19.52,19.15,19.22,19.41,19.16,19.47,-1.27,0.0,0.51,0.484,0.442,0.401,0.233,0.419,0.355,0.241,0.387,0.24,0.42,0.382,0.284,0.415,0.264
2020-01-04 04:45:00,18.96,19.0,19.09,19.18,19.52,19.14,19.26,19.47,19.21,19.51,19.14,19.21,19.4,19.15,19.47,-1.4,0.0,0.512,0.489,0.453,0.402,0.237,0.423,0.362,0.254,0.392,0.241,0.423,0.388,0.294,0.419,0.265
2020-01-04 05:00:00,18.97,19.01,19.08,19.19,19.51,19.16,19.27,19.47,19.21,19.51,19.16,19.23,19.4,19.16,19.47,-1.5,0.0,0.522,0.498,0.455,0.41,0.242,0.428,0.369,0.265,0.396,0.243,0.429,0.394,0.301,0.423,0.265
2020-01-04 05:15:00,18.96,19.01,19.09,19.19,19.51,19.17,19.28,19.46,19.22,19.51,19.17,19.24,19.4,19.17,19.47,-1.6,0.0,0.516,0.493,0.459,0.403,0.246,0.421,0.363,0.267,0.393,0.244,0.421,0.386,0.299,0.418,0.266
2020-01-04 05:30:00,18.97,19.01,19.08,19.19,19.51,19.18,19.29,19.45,19.22,19.51,19.18,19.25,19.4,19.17,19.47,-1.7,0.0,0.52,0.497,0.457,0.407,0.244,0.414,0.36,0.27,0.392,0.246,0.415,0.379,0.299,0.415,0.267
2020-01-04 05:45:00,18.96,19.03,19.08,19.16,19.51,19.18,19.33,19.45,19.18,19.5,19.18,19.3,19.4,19.12,19.46,-1.8,0.0,0.517,0.495,0.462,0.403,0.246,0.41,0.357,0.273,0.389,0.247,0.412,0.377,0.3,0.413,0.267
2020-01-04 06:00:00,18.97,19.0,19.07,19.21,19.5,19.19,19.27,19.44,19.24,19.5,19.18,19.24,19.39,19.19,19.46,-1.87,0.0,0.518,0.487,0.46,0.418,0.246,0.408,0.336,0.277,0.408,0.248,0.41,0.348,0.301,0.44,0.268
2020-01-04 06:15:00,18.97,19.02,19.08,19.18,19.5,19.19,19.28,19.43,19.23,19.5,19.19,19.24,19.39,19.19,19.46,-1.95,0.0,0.516,0.502,0.464,0.393,0.249,0.405,0.363,0.281,0.382,0.25,0.408,0.382,0.304,0.405,0.269
2020-01-04 06:30:00,18.97,19.01,19.07,19.2,19.5,19.19,19.29,19.42,19.23,19.49,19.19,19.25,19.39,19.18,19.46,-2.02,0.0,0.516,0.492,0.461,0.41,0.248,0.407,0.359,0.284,0.387,0.251,0.407,0.38,0.306,0.405,0.269
2020-01-04 06:45:00,18.98,19.01,19.07,19.19,19.5,19.22,19.29,19.39,19.23,19.49,19.23,19.26,19.35,19.18,19.46,-2.1,0.0,0.514,0.496,0.466,0.399,0.251,0.404,0.356,0.288,0.387,0.253,0.404,0.375,0.307,0.408,0.27
2020-01-04 07:00:00,18.97,19.01,19.06,19.2,19.49,19.21,19.29,19.39,19.22,19.49,19.22,19.26,19.35,19.18,19.46,-2.18,0.0,0.511,0.495,0.465,0.404,0.251,0.389,0.354,0.303,0.387,0.254,0.384,0.371,0.326,0.409,0.271
2020-01-04 07:15:00,18.97,19.01,19.06,19.19,19.49,19.2,19.28,19.39,19.22,19.49,19.21,19.25,19.35,19.18,19.46,-2.25,0.0,0.514,0.496,0.468,0.402,0.253,0.394,0.357,0.304,0.389,0.255,0.391,0.371,0.325,0.409,0.272
2020-01-04 07:30:00,18.97,19.0,19.06,19.19,19.49,19.2,19.28,19.39,19.22,19.48,19.2,19.25,19.35,19.18,19.45,-2.33,0.0,0.513,0.497,0.469,0.403,0.255,0.398,0.359,0.305,0.39,0.257,0.397,0.375,0.323,0.411,0.272
2020-01-04 07:45:00,18.97,19.0,19.06,19.19,19.48,19.2,19.29,19.38,19.2,19.48,19.2,19.27,19.35,19.15,19.45,-2.4,0.0,0.515,0.498,0.471,0.404,0.257,0.4,0.36,0.307,0.391,0.258,0.399,0.377,0.323,0.412,0.273
2020-01-04 08:00:00,18.97,19.0,19.05,19.19,19.48,19.2,19.28,19.37,19.2,19.48,19.2,19.26,19.34,19.16,19.45,-2.4,0.0,0.516,0.499,0.472,0.406,0.259,0.4,0.353,0.31,0.399,0.259,0.399,0.364,0.325,0.425,0.274
2020-01-04 08:15:00,18.98,19.01,19.06,19.19,19.47,19.2,19.28,19.37,19.21,19.48,19.21,19.26,19.34,19.17,19.45,-2.4,6.0,0.515,0.499,0.473,0.406,0.261,0.4,0.358,0.314,0.398,0.26,0.4,0.37,0.329,0.422,0.275
2020-01-04 08:30:00,19.02,19.66,19.19,19.23,19.51,19.28,19.72,19.44,19.23,19.47,19.23,19.72,19.42,19.19,19.45,-2.4,172.8,0.512,0.496,0.471,0.403,0.263,0.398,0.358,0.314,0.395,0.262,0.396,0.37,0.328,0.417,0.275
2020-01-04 08:45:00,19.06,20.13,19.37,19.27,19.65,19.47,20.32,19.59,19.28,19.47,19.27,20.34,19.6,19.25,19.45,-2.4,339.5,0.489,0.172,0.403,0.385,0.247,0.361,0.14,0.28,0.387,0.263,0.384,0.14,0.288,0.404,0.276
2020-01-04 09:00:00,19.15,20.67,19.6,19.34,19.85,19.69,20.93,19.83,19.38,19.47,19.33,20.98,19.85,19.36,19.44,-2.05,506.2,0.468,0.0,0.313,0.364,0.176,0.267,0.0,0.205,0.36,0.264,0.366,0.0,0.202,0.374,0.277
2020-01-04 09:15:00,19.24,21.52,19.93,19.44,20.11,19.93,21.64,20.14,19.5,19.47,19.39,21.71,20.17,19.46,19.44,-1.7,673.0,0.427,0.0,0.202,0.331,0.073,0.154,0.0,0.086,0.308,0.265,0.336,0.0,0.074,0.322,0.278
2020-01-04 09:30:00,19.33,22.04,20.16,19.53,20.39,20.15,22.29,20.45,19.61,19.46,19.43,22.33,20.49,19.55,19.44,-1.35,716.8,0.379,0.0,0.036,0.279,0.0,0.034,0.0,0.0,0.251,0.267,0.305,0.0,0.0,0.268,0.279
2020-01-04 09:45:00,19.39,22.47,20.42,19.6,20.63,20.32,22.86,20.83,19.69,19.46,19.46,22.83,20.89,19.6,19.44,-1.0,760.5,0.336,0.0,0.0,0.233,0.0,0.0,0.0,0.0,0.193,0.268,0.285,0.0,0.0,0.225,0.279
2020-01-04 10:00:00,19.5,22.94,20.76,19.72,20.84,20.48,23.35,21.32,19.76,19.46,19.47,23.31,21.4,19.64,19.44,-0.72,804.2,0.304,0.0,0.0,0.201,0.0,0.0,0.0,0.0,0.156,0.269,0.271,0.0,0.0,0.202,0.28
2020-01-04 10:15:00,19.62,23.36,21.13,19.84,21.04,20.65,23.81,21.85,19.85,19.46,19.48,23.76,21.96,19.72,19.44,-0.45,848.0,0.249,0.0,0.0,0.142,0.0,0.0,0.0,0.0,0.118,0.271,0.265,0.0,0.0,0.178,0.281
2020-01-04 10:30:00,19.73,23.73,21.47,19.96,21.26,20.86,24.2,22.51,19.9,19.45,19.5,24.11,22.65,19.77,19.43,-0.18,868.0,0.19,0.0,0.0,0.078,0.0,0.0,0.0,0.0,0.075,0.272,0.259,0.0,0.0,0.138,0.282
2020-01-04 10:45:00,19.82,24.02,21.77,20.06,21.43,21.02,24.56,23.21,19.96,19.45,19.52,24.44,23.38,19.82,19.43,0.1,888.0,0.136,0.0,0.0,0.02,0.0,0.0,0.0,0.0,0.048,0.273,0.25,0.0,0.0,0.115,0.283
2020-01-04 11:00:00,19.91,24.31,22.1,20.19,21.58,21.16,24.86,23.97,20.01,19.45,19.54,24.71,24.18,19.87,19.43,0.35,908.0,0.092,0.0,0.0,0.0,0.0,0.0,0.0,0.0,0.021,0.274,0.241,0.0,0.0,0.088,0.284
2020-01-04 11:15:00,19.95,24.57,22.42,20.36,21.71,21.27,25.1,24.78,20.05,19.45,19.57,24.92,25.05,19.91,19.43,0.6,928.0,0.0,0.0,0.0,0.0,0.0,0.0,0.0,0.0,0.0,0.276,0.229,0.0,0.0,0.066,0.285
2020-01-04 11:30:00,20.1,24.76,22.73,20.53,21.82,21.36,25.28,25.61,20.1,19.44,19.59,25.05,25.91,19.93,19.43,0.85,934.0,0.0,0.0,0.0,0.0,0.0,0.0,0.0,0.0,0.0,0.277,0.217,0.0,0.0,0.047,0.286
2020-01-04 11:45:00,20.31,24.92,23.06,20.7,21.9,21.42,25.4,26.47,20.13,19.44,19.6,25.12,26.78,19.94,19.42,1.1,940.0,0.0,0.0,0.0,0.0,0.0,0.0,0.0,0.0,0.0,0.278,0.207,0.0,0.0,0.034,0.287
2020-01-04 12:00:00,20.48,25.03,23.37,20.88,21.95,21.43,25.44,27.31,20.15,19.44,19.6,25.11,27.65,19.93,19.42,1.27,946.0,0.0,0.0,0.0,0.0,0.0,0.0,0.0,0.0,0.0,0.28,0.199,0.0,0.0,0.028,0.288
2020-01-04 12:15:00,20.63,25.08,23.65,21.04,21.97,21.42,25.42,28.17,20.16,19.44,19.6,25.04,28.52,19.91,19.42,1.45,952.0,0.0,0.0,0.0,0.0,0.0,0.0,0.0,0.0,0.0,0.281,0.201,0.0,0.0,0.035,0.289
2020-01-04 12:30:00,20.76,25.06,23.9,21.18,21.96,21.38,25.33,29.02,20.15,19.43,19.6,24.9,29.36,19.88,19.42,1.62,946.8,0.0,0.0,0.0,0.0,0.0,0.0,0.0,0.0,0.0,0.282,0.202,0.0,0.0,0.047,0.29
2020-01-04 12:45:00,20.88,24.95,24.13,21.32,21.92,21.31,25.19,29.85,20.12,19.43,19.6,24.7,30.18,19.84,19.42,1.8,941.5,0.0,0.0,0.0,0.0,0.0,0.0,0.0,0.0,0.0,0.284,0.202,0.0,0.0,0.062,0.291
2020-01-04 13:00:00,20.99,24.77,24.35,21.46,21.86,21.21,24.99,30.7,20.1,19.43,19.61,24.45,31.02,19.81,19.41,1.87,936.2,0.0,0.0,0.0,0.0,0.0,0.0,0.0,0.0,0.0,0.285,0.2,0.0,0.0,0.081,0.292
2020-01-04 13:15:00,21.1,24.51,24.58,21.59,21.78,21.1,24.75,31.52,20.06,19.42,19.62,24.16,31.84,19.77,19.41,1.95,931.0,0.0,0.0,0.0,0.0,0.0,0.0,0.0,0.0,0.0,0.286,0.195,0.0,0.0,0.097,0.293
2020-01-04 13:30:00,21.21,24.21,24.77,21.72,21.67,20.97,24.47,32.3,20.0,19.42,19.62,23.82,32.6,19.73,19.41,2.02,913.0,0.0,0.0,0.0,0.0,0.0,0.0,0.0,0.0,0.0,0.288,0.19,0.0,0.0,0.115,0.294
2020-01-04 13:45:00,21.29,23.96,24.91,21.82,21.55,20.82,24.16,33.03,19.94,19.42,19.62,23.46,33.31,19.69,19.41,2.1,895.0,0.0,0.0,0.0,0.0,0.0,0.0,0.0,0.0,0.0,0.289,0.188,0.0,0.0,0.134,0.295
2020-01-04 14:00:00,21.35,23.74,25.0,21.9,21.42,20.67,23.84,33.69,19.87,19.42,19.61,23.1,33.92,19.66,19.41,2.1,877.0,0.0,0.0,0.0,0.0,0.0,0.0,0.0,0.0,0.032,0.29,0.188,0.0,0.0,0.155,0.296
2020-01-04 14:15:00,21.38,23.55,25.08,21.96,21.28,20.51,23.51,34.36,19.8,19.41,19.6,22.73,34.55,19.61,19.4,2.1,859.0,0.0,0.0,0.0,0.0,0.0,0.0,0.0,0.0,0.064,0.292,0.194,0.0,0.0,0.17,0.297
2020-01-04 14:30:00,21.38,23.39,25.09,21.99,21.16,20.36,23.22,34.87,19.74,19.41,19.59,22.4,35.0,19.57,19.4,2.1,817.0,0.0,0.0,0.0,0.0,0.0,0.0,0.0,0.0,0.1,0.293,0.199,0.0,0.0,0.194,0.298
2020-01-04 14:45:00,21.36,23.23,25.06,22.02,21.05,20.22,22.97,35.28,19.74,19.41,19.58,22.11,35.35,19.58,19.4,2.1,775.0,0.0,0.0,0.0,0.0,0.0,0.0,0.0,0.0,0.129,0.294,0.206,0.0,0.0,0.215,0.299
2020-01-04 15:00:00,21.3,23.05,24.99,22.01,20.96,20.08,22.73,35.59,19.77,19.41,19.55,21.84,35.59,19.63,19.4,1.97,733.0,0.0,0.0,0.0,0.0,0.0,0.0,0.0,0.0,0.13,0.296,0.212,0.0,0.0,0.208,0.3
2020-01-04 15:15:00,21.07,22.73,24.43,21.78,20.88,19.95,22.52,35.81,19.83,19.4,19.53,21.58,35.72,19.7,19.4,1.85,691.0,0.0,0.0,0.0,0.0,0.0,0.0,0.0,0.0,0.113,0.297,0.223,0.0,0.0,0.184,0.301
2020-01-04 15:30:00,20.52,22.16,23.29,21.27,20.8,19.8,22.32,35.62,19.84,19.4,19.5,21.34,35.43,19.71,19.4,1.72,520.2,0.0,0.0,0.0,0.0,0.0,0.024,0.0,0.0,0.086,0.298,0.233,0.0,0.0,0.151,0.301
2020-01-04 15:45:00,20.0,21.62,22.67,20.81,20.7,19.63,22.1,34.67,19.78,19.4,19.46,21.07,34.77,19.68,19.39,1.6,349.5,0.0,0.0,0.0,0.0,0.0,0.101,0.0,0.0,0.082,0.299,0.249,0.0,0.0,0.146,0.302
2020-01-04 16:00:00,19.68,21.24,22.26,20.51,20.57,19.49,21.87,33.45,19.62,19.4,19.41,20.82,33.83,19.56,19.39,1.35,178.8,0.0,0.0,0.0,0.0,0.0,0.185,0.0,0.0,0.11,0.301,0.272,0.0,0.0,0.161,0.303
2020-01-04 16:15:00,19.54,20.88,21.87,20.24,20.43,19.38,21.63,32.5,19.48,19.39,19.36,20.57,32.55,19.33,19.39,1.1,8.0,0.162,0.0,0.0,0.0,0.0,0.255,0.0,0.0,0.191,0.302,0.297,0.0,0.0,0.221,0.304
2020-01-04 16:30:00,19.48,20.56,21.53,19.99,20.31,19.31,21.4,31.72,19.41,19.39,19.33,20.35,31.54,19.23,19.39,0.85,0.0,0.228,0.0,0.0,0.0,0.0,0.311,0.0,0.0,0.259,0.303,0.321,0.0,0.0,0.337,0.305
2020-01-04 16:45:00,19.31,20.25,21.19,19.74,20.21,19.27,21.19,30.98,19.37,19.39,19.33,20.15,30.64,19.24,19.39,0.6,0.0,0.261,0.0,0.0,0.005,0.0,0.345,0.0,0.0,0.295,0.304,0.334,0.0,0.0,0.384,0.306
2020-01-04 17:00:00,19.24,19.97,20.9,19.6,20.12,19.26,20.99,30.33,19.36,19.39,19.33,19.98,29.87,19.29,19.38,0.53,0.0,0.345,0.0,0.0,0.131,0.0,0.363,0.0,0.0,0.313,0.305,0.336,0.0,0.0,0.378,0.307
2020-01-04 17:15:00,19.16,19.72,20.66,19.56,20.03,19.25,20.81,29.72,19.34,19.38,19.33,19.82,29.15,19.31,19.38,0.45,0.0,0.379,0.0,0.0,0.199,0.0,0.37,0.0,0.0,0.322,0.307,0.334,0.011,0.0,0.354,0.308
2020-01-04 17:30:00,19.11,19.7,20.45,19.46,19.95,19.24,20.63,29.15,19.32,19.38,19.32,19.7,28.5,19.29,19.38,0.38,0.0,0.418,0.14,0.0,0.219,0.0,0.376,0.0,0.0,0.331,0.308,0.333,0.088,0.0,0.347,0.308
2020-01-04 17:45:00,19.06,19.57,20.24,19.4,19.88,19.24,20.46,28.59,19.31,19.38,19.3,19.63,27.88,19.27,19.38,0.3,0.0,0.446,0.149,0.0,0.271,0.023,0.379,0.0,0.0,0.338,0.309,0.34,0.148,0.0,0.355,0.309
2020-01-04 18:00:00,19.03,19.51,20.06,19.35,19.81,19.24,20.3,28.09,19.29,19.38,19.3,19.59,27.32,19.26,19.38,0.2,0.0,0.472,0.215,0.0,0.3,0.06,0.382,0.0,0.0,0.347,0.31,0.348,0.186,0.0,0.364,0.31
2020-01-04 18:15:00,19.0,19.44,19.9,19.31,19.75,19.25,20.14,27.61,19.28,19.38,19.29,19.57,26.78,19.26,19.38,0.1,0.0,0.487,0.247,0.0,0.327,0.094,0.38,0.0,0.0,0.356,0.311,0.352,0.205,0.0,0.369,0.311
2020-01-04 18:30:00,18.99,19.39,19.81,19.28,19.7,19.25,19.99,27.15,19.27,19.37,19.28,19.54,26.28,19.25,19.38,0.0,0.0,0.498,0.279,0.049,0.346,0.124,0.377,0.0,0.0,0.362,0.312,0.355,0.217,0.0,0.372,0.311
2020-01-04 18:45:00,18.99,19.35,19.74,19.27,19.65,19.25,19.85,26.71,19.26,19.37,19.28,19.52,25.8,19.24,19.37,-0.1,0.0,0.504,0.307,0.096,0.359,0.152,0.376,0.004,0.0,0.367,0.313,0.358,0.229,0.0,0.375,0.312
2020-01-04 19:00:00,18.99,19.3,19.67,19.25,19.6,19.24,19.73,26.28,19.24,19.37,19.27,19.49,25.34,19.23,19.37,-0.2,0.0,0.504,0.327,0.129,0.366,0.176,0.377,0.077,0.0,0.372,0.313,0.361,0.241,0.0,0.378,0.313
2020-01-04 19:15:00,18.99,19.27,19.6,19.24,19.57,19.23,19.64,25.88,19.25,19.37,19.26,19.45,24.91,19.24,19.37,-0.3,0.0,0.505,0.349,0.166,0.375,0.198,0.38,0.136,0.0,0.378,0.314,0.366,0.254,0.0,0.383,0.313
2020-01-04 19:30:00,18.99,19.23,19.54,19.23,19.55,19.23,19.6,25.49,19.24,19.37,19.25,19.43,24.51,19.23,19.37,-0.4,0.0,0.505,0.367,0.199,0.382,0.213,0.383,0.178,0.0,0.377,0.315,0.37,0.273,0.0,0.379,0.314
2020-01-04 19:45:00,18.98,19.21,19.5,19.22,19.54,19.22,19.57,25.12,19.24,19.37,19.25,19.42,24.12,19.22,19.37,-0.5,0.0,0.503,0.384,0.229,0.387,0.224,0.386,0.201,0.0,0.38,0.316,0.374,0.283,0.0,0.384,0.314
2020-01-04 20:00:00,18.99,19.2,19.47,19.22,19.53,19.23,19.55,24.77,19.24,19.37,19.25,19.42,23.76,19.22,19.37,-0.6,0.0,0.508,0.393,0.248,0.392,0.231,0.388,0.217,0.0,0.382,0.317,0.377,0.29,0.0,0.389,0.315
2020-01-04 20:15:00,18.99,19.19,19.44,19.22,19.52,19.23,19.53,24.44,19.24,19.36,19.25,19.42,23.42,19.23,19.37,-0.7,0.0,0.505,0.399,0.264,0.391,0.236,0.385,0.225,0.0,0.381,0.317,0.375,0.291,0.0,0.388,0.315
2020-01-04 20:30:00,18.98,19.17,19.4,19.21,19.51,19.24,19.52,24.11,19.24,19.36,19.25,19.42,23.1,19.21,19.37,-0.8,0.0,0.505,0.406,0.281,0.392,0.241,0.383,0.233,0.0,0.38,0.318,0.374,0.292,0.0,0.387,0.316
2020-01-04 20:45:00,18.98,19.16,19.38,19.21,19.5,19.24,19.51,23.82,19.24,19.36,19.25,19.41,22.81,19.22,19.37,-0.9,0.0,0.512,0.417,0.298,0.393,0.245,0.381,0.238,0.0,0.382,0.319,0.375,0.289,0.0,0.394,0.316
2020-01-04 21:00:00,18.98,19.15,19.35,19.21,19.49,19.23,19.48,23.53,19.23,19.36,19.24,19.39,22.52,19.21,19.37,-0.97,0.0,0.509,0.421,0.31,0.394,0.25,0.38,0.246,0.0,0.38,0.319,0.375,0.295,0.0,0.391,0.317
2020-01-04 21:15:00,18.98,19.13,19.32,19.2,19.48,19.22,19.46,23.26,19.22,19.36,19.23,19.37,22.25,19.19,19.36,-1.05,0.0,0.51,0.427,0.324,0.396,0.253,0.386,0.259,0.0,0.386,0.32,0.382,0.305,0.0,0.397,0.317
2020-01-04 21:30:00,18.97,19.12,19.3,19.19,19.47,19.21,19.44,23.0,19.21,19.36,19.22,19.36,21.99,19.18,19.36,-1.13,0.0,0.511,0.433,0.338,0.398,0.258,0.391,0.27,0.0,0.39,0.32,0.387,0.314,0.0,0.403,0.318
2020-01-04 21:45:00,18.97,19.11,19.28,19.19,19.46,19.2,19.43,22.74,19.21,19.36,19.21,19.35,21.74,19.18,19.36,-1.2,0.0,0.514,0.44,0.348,0.403,0.263,0.395,0.28,0.0,0.394,0.321,0.39,0.321,0.0,0.408,0.318
2020-01-04 22:00:00,18.96,19.1,19.27,19.19,19.46,19.21,19.42,22.5,19.21,19.36,19.22,19.34,21.51,19.18,19.36,-1.3,0.0,0.516,0.445,0.36,0.405,0.268,0.398,0.287,0.0,0.397,0.322,0.393,0.326,0.0,0.411,0.318
2020-01-04 22:15:00,18.96,19.09,19.25,19.19,19.45,19.21,19.41,22.27,19.2,19.35,19.21,19.34,21.28,19.18,19.36,-1.4,0.0,0.518,0.451,0.367,0.406,0.272,0.397,0.291,0.0,0.397,0.322,0.392,0.328,0.0,0.41,0.319
2020-01-04 22:30:00,18.96,19.08,19.23,19.18,19.44,19.2,19.4,22.05,19.2,19.35,19.21,19.33,21.07,19.18,19.36,-1.5,0.0,0.519,0.455,0.376,0.407,0.275,0.397,0.296,0.0,0.398,0.323,0.393,0.33,0.0,0.41,0.319
2020-01-04 22:45:00,18.96,19.07,19.22,19.18,19.44,19.2,19.39,21.84,19.2,19.35,19.21,19.33,20.86,19.18,19.36,-1.6,0.0,0.521,0.459,0.383,0.408,0.278,0.398,0.301,0.0,0.398,0.323,0.394,0.333,0.0,0.411,0.319
2020-01-04 23:00:00,18.95,19.06,19.21,19.18,19.43,19.2,19.38,21.63,19.2,19.35,19.2,19.32,20.66,19.17,19.36,-1.7,0.0,0.522,0.463,0.39,0.409,0.281,0.399,0.306,0.0,0.399,0.323,0.396,0.336,0.0,0.412,0.32
2020-01-04 23:15:00,18.95,19.06,19.19,19.18,19.43,19.19,19.37,21.43,19.19,19.35,19.2,19.31,20.46,19.17,19.36,-1.8,0.0,0.524,0.468,0.397,0.411,0.284,0.401,0.312,0.0,0.401,0.324,0.398,0.34,0.0,0.415,0.32
2020-01-04 23:30:00,18.94,19.05,19.18,19.17,19.42,19.19,19.36,21.23,19.19,19.35,19.2,19.3,20.27,19.16,19.36,-1.9,0.0,0.526,0.472,0.404,0.412,0.287,0.403,0.316,0.0,0.403,0.324,0.4,0.344,0.0,0.417,0.32
2020-01-04 23:45:00,18.94,19.04,19.17,19.17,19.42,19.19,19.35,21.04,19.19,19.35,19.19,19.3,20.09,19.16,19.36,-2.0,0.0,0.528,0.477,0.41,0.414,0.29,0.405,0.321,0.0,0.405,0.325,0.402,0.348,0.0,0.419,0.321
2020-01-05 00:00:00,18.93,19.03,19.15,19.16,19.41,19.17,19.31,20.83,19.18,19.35,19.18,19.25,19.89,19.16,19.36,-2.02,0.0,0.53,0.481,0.417,0.415,0.292,0.406,0.325,0.0,0.407,0.325,0.404,0.351,0.0,0.421,0.321
2020-01-05 00:15:00,18.93,19.01,19.14,19.15,19.4,19.16,19.3,20.63,19.17,19.35,19.17,19.24,19.72,19.15,19.36,-2.05,0.0,0.534,0.487,0.425,0.422,0.295,0.413,0.344,0.0,0.409,0.326,0.411,0.373,0.057,0.419,0.321
2020-01-05 00:30:00,18.92,19.0,19.12,19.14,19.39,19.15,19.28,20.43,19.16,19.35,19.16,19.22,19.62,19.13,19.36,-2.07,0.0,0.537,0.493,0.432,0.424,0.3,0.421,0.352,0.0,0.415,0.326,0.417,0.382,0.139,0.427,0.322
2020-01-05 00:45:00,18.92,18.99,19.11,19.14,19.38,19.14,19.27,20.24,19.15,19.35,19.15,19.21,19.57,19.12,19.36,-2.1,0.0,0.54,0.499,0.439,0.429,0.304,0.425,0.359,0.0,0.42,0.326,0.422,0.388,0.19,0.434,0.322
2020-01-05 01:00:00,18.92,18.99,19.1,19.13,19.38,19.14,19.26,20.05,19.15,19.35,19.15,19.21,19.55,19.13,19.36,-2.1,0.0,0.542,0.505,0.447,0.432,0.308,0.428,0.366,0.0,0.424,0.327,0.425,0.394,0.215,0.438,0.322
2020-01-05 01:15:00,18.91,18.98,19.09,19.13,19.37,19.14,19.26,19.87,19.15,19.34,19.15,19.21,19.53,19.12,19.35,-2.1,0.0,0.542,0.507,0.45,0.433,0.311,0.428,0.368,0.0,0.424,0.327,0.425,0.395,0.224,0.437,0.322
2020-01-05 01:30:00,18.91,18.97,19.08,19.13,19.37,19.14,19.25,19.73,19.15,19.34,19.15,19.2,19.51,19.12,19.35,-2.1,0.0,0.544,0.511,0.455,0.435,0.313,0.428,0.371,0.063,0.426,0.328,0.426,0.397,0.234,0.438,0.323
2020-01-05 01:45:00,18.91,18.97,19.07,19.12,19.37,19.14,19.24,19.63,19.14,19.34,19.14,19.19,19.49,19.12,19.35,-2.1,0.0,0.545,0.514,0.459,0.437,0.315,0.43,0.375,0.136,0.427,0.328,0.427,0.401,0.244,0.44,0.323
2020-01-05 02:00:00,18.91,18.97,19.07,19.13,19.36,19.14,19.25,19.6,19.15,19.34,19.15,19.2,19.48,19.12,19.35,-2.12,0.0,0.546,0.517,0.463,0.439,0.317,0.432,0.38,0.183,0.429,0.328,0.43,0.405,0.255,0.442,0.323
2020-01-05 02:15:00,18.9,18.97,19.09,19.13,19.36,19.11,19.25,19.62,19.15,19.34,19.1,19.2,19.53,19.13,19.35,-2.15,0.0,0.544,0.515,0.463,0.436,0.32,0.429,0.376,0.202,0.426,0.329,0.426,0.401,0.259,0.439,0.324
2020-01-05 02:30:00,18.91,18.97,19.07,19.13,19.36,19.13,19.25,19.59,19.15,19.34,19.11,19.2,19.5,19.13,19.35,-2.18,0.0,0.552,0.516,0.456,0.436,0.319,0.446,0.375,0.192,0.425,0.329,0.451,0.398,0.237,0.436,0.324
2020-01-05 02:45:00,18.9,18.97,19.08,19.13,19.36,19.13,19.25,19.56,19.15,19.34,19.13,19.21,19.48,19.13,19.35,-2.2,0.0,0.543,0.514,0.465,0.433,0.32,0.437,0.375,0.207,0.423,0.33,0.443,0.401,0.25,0.436,0.324
2020-01-05 03:00:00,18.92,18.98,19.07,19.14,19.36,19.14,19.25,19.54,19.16,19.34,19.14,19.21,19.47,19.13,19.35,-2.2,0.0,0.548,0.516,0.46,0.435,0.32,0.433,0.375,0.219,0.423,0.33,0.434,0.397,0.26,0.434,0.325
2020-01-05 03:15:00,18.92,18.97,19.08,19.14,19.36,19.15,19.25,19.39,19.16,19.34,19.14,19.21,19.46,19.14,19.35,-2.2,0.0,0.541,0.512,0.465,0.43,0.321,0.429,0.374,0.0,0.421,0.331,0.43,0.395,0.266,0.433,0.325
2020-01-05 03:30:00,18.93,18.98,19.06,19.14,19.35,19.18,19.25,19.18,19.16,19.34,19.18,19.21,19.42,19.14,19.35,-2.2,0.0,0.542,0.513,0.461,0.432,0.322,0.427,0.374,0.0,0.421,0.331,0.429,0.394,0.27,0.432,0.325
2020-01-05 03:45:00,18.93,18.98,19.08,19.14,19.35,19.17,19.25,19.01,19.16,19.34,19.18,19.22,19.42,19.14,19.35,-2.2,0.0,0.533,0.51,0.468,0.428,0.323,0.412,0.373,0.0,0.419,0.331,0.408,0.393,0.292,0.43,0.326
2020-01-05 04:00:00,18.93,18.97,19.05,19.13,19.35,19.15,19.23,18.82,19.15,19.34,19.15,19.19,19.39,19.13,19.35,-2.2,0.0,0.537,0.511,0.461,0.429,0.323,0.415,0.373,0.0,0.418,0.332,0.412,0.39,0.29,0.428,0.326
2020-01-05 04:15:00,18.94,19.48,19.15,19.68,19.34,18.94,19.24,18.67,19.11,19.33,19.23,19.19,19.37,18.84,19.35,-2.2,0.0,0.537,1.0,0.474,1.0,0.324,0.0,0.386,0.0,0.426,0.332,0.626,0.406,0.303,0.0,0.326
2020-01-05 04:30:00,18.96,19.71,19.22,19.89,19.33,18.64,19.23,18.49,19.1,19.33,19.36,19.11,19.35,18.41,19.35,-2.2,0.0,0.528,1.0,0.425,1.0,0.33,0.0,0.378,0.0,0.444,0.333,0.584,0.406,0.313,0.0,0.327
2020-01-05 04:45:00,18.94,19.74,19.2,19.92,19.33,18.37,19.22,18.32,19.09,19.33,19.41,19.01,19.33,18.04,19.34,-2.2,0.0,0.522,0.997,0.392,0.955,0.334,0.032,0.385,0.0,0.451,0.333,0.522,0.444,0.324,0.0,0.327
2020-01-05 05:00:00,18.93,19.71,19.19,19.96,19.32,18.24,19.17,18.17,19.15,19.33,19.43,18.94,19.34,17.83,19.34,-2.2,0.0,0.529,0.978,0.4,0.941,0.337,0.166,0.392,0.0,0.454,0.334,0.493,0.494,0.333,0.0,0.328
2020-01-05 05:15:00,19.46,19.82,19.26,20.02,19.34,18.18,19.19,18.05,19.37,19.33,19.43,18.94,19.35,17.65,19.34,-2.2,0.0,1.0,0.995,0.403,0.919,0.339,0.232,0.414,0.0,1.0,0.334,0.486,0.532,0.328,0.0,0.328
2020-01-05 05:30:00,19.64,19.82,19.27,20.08,19.37,18.16,19.21,17.9,19.68,19.33,19.43,18.97,19.35,17.47,19.34,-2.2,0.0,1.0,0.942,0.372,0.889,0.33,0.26,0.404,0.0,0.914,0.335,0.485,0.528,0.324,0.0,0.328
2020-01-05 05:45:00,19.62,19.84,19.3,20.09,19.43,18.11,19.22,17.81,19.76,19.33,19.39,18.99,19.41,17.37,19.34,-2.2,0.0,1.0,0.939,0.365,0.862,0.316,0.268,0.394,0.0,0.759,0.335,0.484,0.517,0.323,0.0,0.329
2020-01-05 06:00:00,19.67,19.88,19.27,20.14,19.44,18.1,19.22,17.68,19.81,19.33,19.38,18.95,19.37,17.23,19.34,-2.23,0.0,1.0,0.929,0.348,0.856,0.283,0.294,0.391,0.0,0.722,0.336,0.506,0.503,0.297,0.0,0.329
2020-01-05 06:15:00,19.7,19.84,18.93,20.07,19.45,18.06,19.2,17.52,19.82,19.33,19.44,18.95,19.11,17.13,19.34,-2.25,0.0,1.0,0.909,0.0,0.828,0.281,0.299,0.392,0.0,0.694,0.336,0.51,0.523,0.0,0.0,0.33
2020-01-05 06:30:00,19.67,19.81,18.74,20.06,19.45,18.05,19.19,17.37,19.84,19.33,19.44,18.93,18.77,17.02,19.34,-2.27,0.0,1.0,0.931,0.0,0.867,0.276,0.322,0.4,0.0,0.688,0.337,0.481,0.525,0.0,0.033,0.33
2020-01-05 06:45:00,19.6,19.71,18.81,19.93,19.44,18.0,19.17,17.23,19.85,19.32,19.42,18.93,18.51,16.99,19.34,-2.3,0.0,1.0,0.944,0.0,0.868,0.277,0.327,0.407,0.0,0.68,0.337,0.481,0.536,0.0,0.089,0.331
2020-01-05 07:00:00,19.69,19.82,18.65,20.07,19.44,18.03,19.19,17.12,19.88,19.32,19.43,18.93,18.3,16.96,19.34,-2.3,0.0,1.0,0.994,0.0,0.936,0.278,0.348,0.413,0.0,0.674,0.338,0.488,0.533,0.0,0.103,0.331
2020-01-05 07:15:00,19.66,19.73,18.77,19.92,19.45,18.02,19.44,17.03,19.89,19.38,19.44,18.96,18.12,16.99,19.29,-2.3,0.0,1.0,0.938,0.0,0.866,0.278,0.337,1.0,0.04,0.662,1.0,0.484,0.535,0.0,0.118,0.0
2020-01-05 07:30:00,19.76,19.85,18.71,20.06,19.52,18.03,19.74,17.02,19.92,19.47,19.4,18.96,18.01,16.98,19.23,-2.3,0.0,1.0,0.985,0.0,0.938,0.273,0.34,1.0,0.084,0.653,1.0,0.478,0.519,0.0,0.107,0.0
2020-01-05 07:45:00,19.8,19.84,18.68,20.07,19.55,18.04,19.96,16.99,19.96,19.58,19.42,18.97,17.88,16.96,19.14,-2.3,0.0,1.0,0.924,0.0,0.868,0.241,0.337,0.93,0.089,0.64,1.0,0.499,0.518,0.043,0.111,0.0
2020-01-05 08:00:00,19.77,19.79,18.71,19.99,19.6,18.05,20.03,16.94,19.96,19.67,19.48,18.98,17.77,16.96,19.06,-2.27,0.0,1.0,0.929,0.0,0.864,0.225,0.332,0.822,0.105,0.621,1.0,0.49,0.513,0.112,0.118,0.0
2020-01-05 08:15:00,19.82,19.85,18.61,20.08,19.58,18.04,20.1,16.93,19.99,19.75,19.48,18.76,17.76,16.95,19.0,-2.25,3.0,1.0,0.954,0.0,0.905,0.0,0.327,0.783,0.131,0.618,1.0,0.46,0.0,0.165,0.12,0.0
2020-01-05 08:30:00,19.81,19.81,18.68,20.0,19.61,17.96,20.13,16.95,20.0,19.83,19.49,18.51,17.79,16.95,18.93,-2.23,15.8,1.0,0.925,0.0,0.862,0.0,0.329,0.749,0.133,0.604,1.0,0.459,0.0,0.168,0.123,0.0
2020-01-05 08:45:00,19.89,19.91,18.59,20.1,19.6,17.92,20.22,16.96,20.01,19.9,19.52,18.32,17.81,16.89,18.87,-2.2,28.5,1.0,0.945,0.0,0.899,0.0,0.368,0.736,0.127,0.602,1.0,0.453,0.0,0.156,0.123,0.0
2020-01-05 09:00:00,19.89,19.88,18.7,20.03,19.63,17.9,20.26,16.98,20.04,19.97,19.55,18.17,17.83,16.92,18.81,-2.05,41.2,1.0,0.897,0.0,0.848,0.0,0.389,0.691,0.12,0.594,1.0,0.441,0.0,0.145,0.156,0.0
2020-01-05 09:15:00,20.0,20.0,18.62,20.18,19.64,17.93,20.33,17.01,20.09,20.04,19.59,18.05,17.85,16.93,18.75,-1.9,54.0,1.0,0.911,0.0,0.883,0.0,0.402,0.67,0.108,0.578,1.0,0.424,0.0,0.133,0.142,0.0
2020-01-05 09:30:00,20.01,19.96,18.77,20.09,19.68,17.96,20.37,17.02,20.12,20.11,19.61,17.96,17.87,16.98,18.69,-1.75,65.2,1.0,0.851,0.0,0.811,0.0,0.383,0.636,0.096,0.555,1.0,0.407,0.0,0.123,0.134,0.0
2020-01-05 09:45:00,20.14,20.1,18.67,20.27,19.69,18.0,20.43,17.04,20.16,20.17,19.64,17.88,17.88,17.0,18.64,-1.6,76.5,1.0,0.869,0.0,0.857,0.0,0.372,0.613,0.088,0.541,1.0,0.393,0.0,0.117,0.111,0.0
2020-01-05 10:00:00,20.12,20.05,18.87,20.15,19.72,18.01,20.47,17.06,20.19,20.24,19.67,17.83,17.9,17.03,18.58,-1.45,87.8,0.982,0.798,0.0,0.765,0.0,0.349,0.584,0.079,0.521,1.0,0.38,0.012,0.108,0.102,0.0
2020-01-05 10:15:00,20.28,20.22,18.74,20.37,19.73,18.04,20.52,17.08,20.22,20.3,19.69,17.81,17.93,17.03,18.53,-1.3,99.0,0.992,0.826,0.0,0.827,0.0,0.343,0.564,0.07,0.507,1.0,0.367,0.033,0.099,0.086,0.0
2020-01-05 10:30:00,20.2,20.13,18.99,20.2,19.75,18.05,20.55,17.11,20.25,20.36,19.72,17.82,17.95,17.05,18.47,-1.15,108.5,0.912,0.74,0.0,0.713,0.0,0.329,0.54,0.058,0.489,1.0,0.353,0.043,0.086,0.084,0.0
2020-01-05 10:45:00,20.4,20.34,18.8,20.49,19.76,18.08,20.6,17.13,20.28,20.42,19.74,17.82,17.97,17.06,18.42,-1.0,118.0,0.952,0.784,0.0,0.798,0.0,0.323,0.523,0.046,0.477,1.0,0.341,0.042,0.074,0.074,0.0
2020-01-05 11:00:00,20.37,20.3,19.0,20.37,19.78,18.1,20.62,17.15,20.3,20.47,19.76,17.83,17.99,17.08,18.38,-0.9,127.5,0.851,0.679,0.0,0.656,0.0,0.309,0.502,0.034,0.461,1.0,0.329,0.04,0.063,0.07,0.0
2020-01-05 11:15:00,20.36,20.3,19.1,20.39,19.78,18.12,20.66,17.17,20.32,20.54,19.78,17.83,18.01,17.08,18.32,-0.8,137.0,0.864,0.702,0.0,0.714,0.0,0.302,0.49,0.026,0.452,1.0,0.322,0.035,0.055,0.061,0.0
2020-01-05 11:30:00,20.51,20.44,18.98,20.56,19.8,18.13,20.67,17.18,20.33,20.59,19.79,17.83,18.02,17.09,18.26,-0.7,139.5,0.869,0.699,0.0,0.706,0.0,0.291,0.471,0.014,0.438,1.0,0.312,0.034,0.044,0.058,0.0
2020-01-05 11:45:00,20.42,20.34,19.2,20.41,19.8,18.14,20.7,17.19,20.36,20.65,19.8,17.82,18.03,17.09,18.21,-0.6,142.0,0.796,0.628,0.0,0.619,0.0,0.287,0.464,0.008,0.433,1.0,0.306,0.035,0.039,0.054,0.0
2020-01-05 12:00:00,20.59,20.51,19.02,20.65,19.82,18.14,20.71,17.2,20.36,20.71,19.8,17.82,18.04,17.1,18.16,-0.5,144.5,0.841,0.68,0.0,0.695,0.0,0.281,0.45,0.003,0.422,1.0,0.302,0.039,0.035,0.054,0.0
2020-01-05 12:15:00,20.46,20.37,19.29,20.43,19.82,18.15,20.73,17.21,20.38,20.76,19.81,17.81,18.05,17.1,18.11,-0.4,147.0,0.757,0.594,0.0,0.577,0.0,0.279,0.445,0.0,0.419,1.0,0.298,0.041,0.031,0.052,0.0
2020-01-05 12:30:00,20.67,20.58,19.04,20.73,19.83,18.16,20.74,17.22,20.38,20.81,19.81,17.8,18.05,17.1,18.06,-0.3,144.2,0.821,0.667,0.0,0.684,0.0,0.274,0.434,0.0,0.41,1.0,0.295,0.044,0.026,0.052,0.0
2020-01-05 12:45:00,20.58,20.46,19.24,20.56,19.83,18.16,20.74,17.22,20.39,20.86,19.82,17.79,18.04,17.1,18.03,-0.2,141.5,0.717,0.561,0.0,0.536,0.0,0.272,0.432,0.0,0.409,1.0,0.293,0.05,0.026,0.051,0.0
2020-01-05 13:00:00,20.53,20.42,19.31,20.54,19.83,18.15,20.74,17.21,20.38,20.92,19.8,17.76,18.02,17.08,17.97,-0.28,138.8,0.759,0.619,0.0,0.622,0.0,0.272,0.428,0.0,0.404,1.0,0.292,0.055,0.028,0.051,0.0
2020-01-05 13:15:00,20.67,20.55,19.12,20.71,19.82,18.13,20.73,17.19,20.37,20.97,19.78,17.74,18.01,17.07,17.92,-0.35,136.0,0.783,0.638,0.0,0.631,0.0,0.274,0.432,0.0,0.41,1.0,0.301,0.069,0.039,0.061,0.0
2020-01-05 13:30:00,20.51,20.37,19.32,20.48,19.81,18.12,20.71,17.15,20.36,21.02,19.77,17.71,17.97,17.04,17.87,-0.43,123.8,0.714,0.574,0.0,0.545,0.0,0.283,0.437,0.004,0.415,1.0,0.309,0.079,0.047,0.067,0.0
2020-01-05 13:45:00,20.63,20.48,19.17,20.63,19.8,18.1,20.69,17.12,20.34,21.06,19.75,17.68,17.93,17.02,17.83,-0.5,111.5,0.795,0.664,0.0,0.658,0.0,0.288,0.446,0.024,0.422,0.992,0.317,0.096,0.065,0.079,0.0
2020-01-05 14:00:00,20.62,20.47,19.09,20.64,19.79,18.09,20.67,17.09,20.34,21.11,19.75,17.66,17.9,17.02,17.78,-0.43,99.2,0.737,0.61,0.0,0.583,0.0,0.301,0.455,0.042,0.428,0.971,0.323,0.109,0.084,0.088,0.0
2020-01-05 14:15:00,20.5,20.34,19.22,20.48,19.78,18.08,20.66,17.06,20.34,21.15,19.75,17.65,17.88,17.01,17.73,-0.35,87.0,0.738,0.614,0.0,0.578,0.0,0.305,0.463,0.057,0.43,0.945,0.324,0.119,0.098,0.092,0.0
2020-01-05 14:30:00,20.62,20.46,19.01,20.65,19.77,18.08,20.65,17.04,20.33,21.19,19.74,17.64,17.86,17.01,17.69,-0.28,76.8,0.8,0.681,0.0,0.661,0.0,0.308,0.468,0.071,0.432,0.924,0.325,0.124,0.111,0.093,0.0
2020-01-05 14:45:00,20.46,20.28,19.22,20.42,19.76,18.07,20.64,17.02,20.32,21.23,19.73,17.62,17.84,17.0,17.64,-0.2,66.5,0.74,0.622,0.0,0.577,0.0,0.311,0.475,0.081,0.436,0.905,0.329,0.131,0.121,0.097,0.0
2020-01-05 15:00:00,20.58,20.39,19.06,20.57,19.75,18.05,20.62,16.99,20.31,21.25,19.71,17.61,17.81,16.98,17.6,-0.2,56.2,0.82,0.708,0.0,0.689,0.0,0.317,0.481,0.092,0.44,0.887,0.335,0.138,0.131,0.102,0.0
2020-01-05 15:15:00,20.56,20.38,18.97,20.56,19.74,18.03,20.6,16.96,20.29,21.29,19.69,17.58,17.78,16.95,17.55,-0.2,46.0,0.762,0.653,0.0,0.617,0.0,0.327,0.49,0.104,0.447,0.873,0.345,0.147,0.143,0.112,0.0
2020-01-05 15:30:00,20.42,20.23,19.08,20.38,19.72,18.01,20.58,16.93,20.27,21.32,19.67,17.56,17.75,16.94,17.51,-0.2,35.2,0.771,0.662,0.0,0.619,0.0,0.336,0.5,0.12,0.456,0.855,0.357,0.159,0.16,0.123,0.0
2020-01-05 15:45:00,20.52,20.33,18.84,20.53,19.71,17.99,20.56,16.9,20.25,21.35,19.65,17.54,17.72,16.92,17.46,-0.2,24.5,0.842,0.736,0.0,0.711,0.0,0.346,0.508,0.134,0.463,0.84,0.367,0.168,0.175,0.131,0.0
2020-01-05 16:00:00,20.33,20.14,19.02,20.28,19.7,17.96,20.53,16.87,20.22,21.37,19.61,17.51,17.69,16.89,17.42,-0.3,13.8,0.79,0.683,0.0,0.635,0.0,0.355,0.519,0.148,0.473,0.827,0.376,0.178,0.188,0.142,0.0
2020-01-05 16:15:00,20.42,20.23,18.83,20.39,19.67,17.93,20.5,16.84,20.19,21.39,19.58,17.49,17.66,16.86,17.39,-0.4,3.0,0.884,0.782,0.0,0.761,0.0,0.369,0.534,0.166,0.489,0.814,0.394,0.193,0.207,0.156,0.0
2020-01-05 16:30:00,20.4,20.2,18.71,20.39,19.65,17.91,20.47,16.82,20.16,21.42,19.56,17.46,17.64,16.83,17.33,-0.5,0.0,0.838,0.737,0.0,0.703,0.0,0.386,0.549,0.179,0.504,0.803,0.408,0.207,0.221,0.172,0.0
2020-01-05 16:45:00,20.24,20.04,18.82,20.18,19.63,17.89,20.46,16.81,20.14,21.44,19.55,17.46,17.63,16.83,17.29,-0.6,0.0,0.852,0.75,0.0,0.707,0.0,0.397,0.564,0.191,0.521,0.79,0.42,0.218,0.232,0.183,0.0
2020-01-05 17:00:00,20.36,20.16,18.56,20.35,19.62,17.89,20.44,16.8,20.13,21.46,19.54,17.46,17.62,16.82,17.25,-0.65,0.0,0.931,0.831,0.0,0.808,0.0,0.403,0.571,0.197,0.528,0.779,0.425,0.219,0.236,0.187,0.0
2020-01-05 17:15:00,20.17,19.97,18.77,20.1,19.61,17.88,20.43,16.79,20.12,21.48,19.54,17.45,17.62,16.82,17.21,-0.7,0.0,0.872,0.77,0.0,0.724,0.0,0.405,0.58,0.199,0.536,0.769,0.428,0.222,0.238,0.188,0.0
2020-01-05 17:30:00,20.3,20.08,18.6,20.27,19.6,17.88,20.39,16.79,20.14,21.5,19.53,17.41,17.61,16.84,17.17,-0.75,0.0,0.965,0.867,0.0,0.848,0.0,0.408,0.584,0.203,0.541,0.76,0.431,0.225,0.242,0.189,0.0
2020-01-05 17:45:00,20.29,20.08,18.5,20.29,19.58,17.87,20.38,16.77,20.12,21.52,19.52,17.41,17.6,16.83,17.13,-0.8,0.0,0.901,0.812,0.0,0.764,0.0,0.411,0.606,0.207,0.531,0.752,0.435,0.246,0.246,0.179,0.0
2020-01-05 18:00:00,20.13,19.91,18.65,20.08,19.57,17.86,20.37,16.77,20.11,21.53,19.52,17.41,17.59,16.82,17.08,-0.85,0.0,0.905,0.812,0.0,0.757,0.0,0.415,0.612,0.213,0.54,0.742,0.44,0.247,0.252,0.184,0.0
2020-01-05 18:15:00,20.27,20.05,18.39,20.28,19.57,17.86,20.36,16.77,20.1,21.55,19.51,17.4,17.59,16.82,17.04,-0.9,0.0,0.985,0.895,0.0,0.86,0.0,0.418,0.613,0.214,0.544,0.734,0.442,0.247,0.254,0.188,0.0
2020-01-05 18:30:00,20.08,19.86,18.63,20.02,19.55,17.86,20.36,16.76,20.1,21.56,19.51,17.4,17.58,16.82,17.0,-0.95,0.0,0.915,0.823,0.0,0.76,0.0,0.42,0.618,0.216,0.549,0.726,0.444,0.248,0.255,0.191,0.0
2020-01-05 18:45:00,20.21,20.01,18.47,20.21,19.55,17.83,20.35,16.8,20.09,21.57,19.45,17.39,17.63,16.81,16.97,-1.0,0.0,1.0,0.922,0.0,0.89,0.0,0.422,0.62,0.219,0.551,0.719,0.446,0.251,0.258,0.192,0.0
2020-01-05 19:00:00,20.23,20.01,18.38,20.24,19.54,17.83,20.36,16.8,20.09,21.59,19.47,17.4,17.64,16.81,16.93,-1.07,0.0,0.946,0.847,0.0,0.797,0.0,0.436,0.625,0.202,0.555,0.713,0.475,0.255,0.234,0.197,0.014
2020-01-05 19:15:00,20.16,19.94,18.46,20.12,19.54,17.85,20.37,17.23,20.1,21.6,19.49,17.41,17.62,16.82,16.9,-1.15,0.0,0.937,0.843,0.0,0.782,0.0,0.434,0.62,1.0,0.553,0.705,0.466,0.252,0.232,0.196,0.037
2020-01-05 19:30:00,20.19,19.97,18.45,20.16,19.54,17.86,20.38,17.84,20.1,21.61,19.51,17.42,17.62,16.83,16.87,-1.22,0.0,0.97,0.879,0.0,0.838,0.0,0.426,0.617,1.0,0.551,0.7,0.454,0.246,0.238,0.191,0.05
2020-01-05 19:45:00,20.2,19.98,18.45,20.18,19.54,17.87,20.39,18.28,20.11,21.62,19.53,17.43,17.62,16.83,16.84,-1.3,0.0,0.957,0.865,0.0,0.818,0.0,0.42,0.612,1.0,0.548,0.693,0.443,0.24,0.242,0.186,0.065
2020-01-05 20:00:00,20.14,19.92,18.45,20.13,19.54,17.87,20.36,18.55,20.09,21.64,19.52,17.4,17.56,16.82,16.82,-1.35,0.0,0.95,0.858,0.0,0.812,0.0,0.416,0.607,0.859,0.545,0.688,0.437,0.236,0.242,0.183,0.078
2020-01-05 20:15:00,20.13,19.05,18.12,19.33,19.52,18.05,20.34,18.66,20.08,21.65,19.4,17.42,17.54,17.14,16.81,-1.4,0.0,0.979,0.038,0.0,0.0,0.0,1.0,0.62,0.724,0.554,0.681,0.238,0.251,0.271,1.0,0.09
2020-01-05 20:30:00,19.98,19.22,17.94,19.35,19.5,18.4,20.32,18.74,20.06,21.66,19.24,17.5,17.54,17.69,16.79,-1.45,0.0,0.987,0.477,0.0,0.337,0.0,0.974,0.629,0.669,0.561,0.677,0.3,0.24,0.278,1.0,0.096
2020-01-05 20:45:00,20.01,19.23,17.98,19.41,19.49,18.64,20.3,18.78,20.05,21.67,19.16,17.59,17.53,18.13,16.78,-1.5,0.0,1.0,0.39,0.081,0.325,0.0,0.802,0.641,0.632,0.57,0.672,0.382,0.199,0.281,1.0,0.104
2020-01-05 21:00:00,19.99,19.16,17.98,19.35,19.48,18.72,20.3,18.82,20.05,21.68,19.17,17.61,17.54,18.39,16.76,-1.55,0.0,1.0,0.387,0.059,0.295,0.0,0.68,0.649,0.61,0.576,0.667,0.421,0.154,0.283,0.937,0.111
2020-01-05 21:15:00,18.97,19.1,17.76,19.26,19.45,18.76,20.29,18.85,19.85,21.68,19.19,17.59,17.54,18.52,16.76,-1.6,0.0,0.004,0.419,0.061,0.327,0.0,0.641,0.65,0.589,0.0,0.662,0.416,0.147,0.28,0.803,0.118
2020-01-05 21:30:00,19.25,19.03,17.76,19.19,19.38,18.75,20.27,18.88,19.51,21.69,19.19,17.55,17.54,18.6,16.74,-1.65,0.0,0.514,0.452,0.171,0.371,0.0,0.621,0.653,0.574,0.077,0.659,0.407,0.157,0.279,0.742,0.122
2020-01-05 21:45:00,19.23,19.08,17.83,19.26,19.34,18.74,20.24,18.91,19.32,21.7,19.18,17.52,17.53,18.65,16.73,-1.7,0.0,0.376,0.484,0.172,0.405,0.008,0.624,0.664,0.558,0.243,0.654,0.404,0.173,0.281,0.699,0.128
2020-01-05 22:00:00,19.13,19.03,17.8,19.2,19.3,18.74,20.25,18.93,19.28,21.71,19.17,17.51,17.53,18.7,16.73,-1.78,0.0,0.384,0.46,0.136,0.369,0.032,0.628,0.68,0.546,0.341,0.65,0.409,0.188,0.284,0.674,0.133
2020-01-05 22:15:00,19.22,19.11,18.26,19.3,19.3,18.76,20.24,18.95,19.29,21.71,19.17,17.52,17.92,18.74,16.72,-1.85,0.0,0.436,0.487,1.0,0.402,0.049,0.628,0.677,0.535,0.36,0.646,0.413,0.193,1.0,0.652,0.137
2020-01-05 22:30:00,19.23,19.16,18.59,19.38,19.3,18.77,20.24,18.97,19.3,21.72,19.17,17.52,18.49,18.78,16.71,-1.93,0.0,0.39,0.444,0.872,0.351,0.049,0.622,0.682,0.526,0.356,0.643,0.415,0.192,1.0,0.632,0.14
2020-01-05 22:45:00,19.17,19.1,18.51,19.3,19.29,18.78,20.24,18.98,19.29,21.73,19.16,17.51,18.82,18.8,16.71,-2.0,0.0,0.383,0.419,0.706,0.311,0.052,0.616,0.679,0.516,0.352,0.639,0.417,0.191,0.754,0.612,0.143
2020-01-05 23:00:00,19.16,19.11,18.43,19.32,19.29,18.77,20.23,18.98,19.26,21.74,19.15,17.51,18.9,18.82,16.7,-2.05,0.0,0.415,0.449,0.744,0.35,0.055,0.612,0.678,0.509,0.355,0.635,0.419,0.193,0.591,0.598,0.147
2020-01-05 23:15:00,19.09,19.04,18.55,19.23,19.28,18.77,19.97,18.99,19.24,21.69,19.14,17.49,18.9,18.84,16.81,-2.1,0.0,0.42,0.447,0.783,0.338,0.056,0.614,0.0,0.508,0.368,0.0,0.424,0.196,0.549,0.589,1.0
2020-01-05 23:30:00,19.12,19.08,18.46,19.31,19.15,18.77,19.69,18.99,19.23,21.62,19.14,17.49,18.9,18.85,17.04,-2.15,0.0,0.456,0.48,0.727,0.384,0.062,0.613,0.013,0.506,0.379,0.0,0.428,0.203,0.549,0.582,1.0
2020-01-05 23:45:00,19.04,19.0,18.59,19.19,19.04,18.77,19.47,18.99,19.2,21.54,19.13,17.48,18.91,18.86,17.25,-2.2,0.0,0.441,0.46,0.77,0.347,0.127,0.615,0.155,0.505,0.387,0.0,0.431,0.206,0.55,0.574,1.0
2020-01-06 00:00:00,19.09,19.05,18.47,19.29,18.97,18.76,19.35,18.98,19.16,21.46,19.12,17.47,18.92,18.86,17.44,-2.33,0.0,0.482,0.502,0.705,0.407,0.179,0.614,0.267,0.503,0.401,0.0,0.434,0.21,0.544,0.569,1.0
2020-01-06 00:15:00,18.98,18.94,18.63,19.13,18.98,18.75,19.28,18.97,19.13,21.4,19.1,17.75,18.92,18.86,17.61,-2.45,0.0,0.457,0.476,0.763,0.354,0.517,0.618,0.327,0.509,0.42,0.0,0.442,1.0,0.542,0.57,1.0
2020-01-06 00:30:00,19.05,19.01,18.55,19.24,18.99,18.95,19.27,18.97,19.14,21.34,19.09,18.11,18.92,18.87,17.75,-2.58,0.0,0.509,0.528,0.686,0.433,0.508,0.623,0.359,0.514,0.433,0.0,0.449,1.0,0.54,0.571,1.0
2020-01-06 00:45:00,18.99,18.96,18.6,19.18,18.99,19.06,19.24,18.96,19.13,21.28,19.08,18.46,18.92,18.89,17.9,-2.7,0.0,0.475,0.494,0.724,0.378,0.504,0.524,0.366,0.517,0.43,0.0,0.454,0.947,0.539,0.567,1.0
2020-01-06 01:00:00,18.97,18.93,18.6,19.16,18.99,19.05,19.22,18.96,19.12,21.21,19.08,18.61,18.93,18.91,18.05,-2.8,0.0,0.503,0.522,0.699,0.408,0.504,0.471,0.379,0.521,0.435,0.0,0.459,0.771,0.538,0.553,1.0
2020-01-06 01:15:00,18.93,18.92,18.63,19.16,18.99,19.02,19.2,19.04,19.11,21.15,18.98,18.64,19.02,18.89,18.18,-2.9,0.0,0.517,0.537,0.702,0.421,0.504,0.473,0.391,0.52,0.44,0.0,0.462,0.693,0.534,0.543,0.974
2020-01-06 01:30:00,18.93,18.91,18.63,19.15,18.99,18.99,19.18,19.02,19.1,21.09,19.0,18.66,19.01,18.88,18.29,-3.0,0.0,0.537,0.538,0.685,0.418,0.506,0.489,0.4,0.482,0.443,0.0,0.508,0.682,0.489,0.555,0.911
2020-01-06 01:45:00,18.9,18.93,18.64,19.09,19.0,18.98,19.23,19.01,19.02,21.03,19.01,18.75,19.0,18.81,18.39,-3.1,0.0,0.533,0.545,0.686,0.423,0.504,0.505,0.41,0.49,0.448,0.0,0.502,0.668,0.495,0.558,0.855
2020-01-06 02:00:00,18.9,18.9,18.63,19.12,19.01,18.98,19.2,19.0,19.03,20.98,19.01,18.77,18.99,18.83,18.47,-3.22,0.0,0.548,0.533,0.679,0.456,0.502,0.509,0.383,0.497,0.489,0.0,0.496,0.624,0.502,0.597,0.807
2020-01-06 02:15:00,18.88,18.85,18.65,19.13,19.01,18.98,19.11,19.0,19.12,20.92,19.0,18.71,18.99,18.91,18.54,-3.35,0.0,0.551,0.55,0.684,0.439,0.496,0.511,0.399,0.501,0.484,0.0,0.496,0.617,0.505,0.587,0.767
2020-01-06 02:30:00,18.87,18.87,18.64,19.11,19.01,18.97,19.11,18.99,19.09,20.87,18.99,18.74,18.99,18.9,18.6,-3.47,0.0,0.561,0.574,0.673,0.435,0.495,0.512,0.447,0.502,0.441,0.0,0.5,0.643,0.505,0.545,0.732
2020-01-06 02:45:00,18.85,18.84,18.66,19.1,19.02,18.96,19.11,18.99,19.07,20.81,18.99,18.76,18.99,18.88,18.65,-3.6,0.0,0.564,0.565,0.678,0.446,0.493,0.517,0.446,0.503,0.456,0.0,0.504,0.629,0.505,0.552,0.701
2020-01-06 03:00:00,18.85,18.84,18.66,19.1,19.03,18.96,19.11,18.99,19.06,20.76,18.99,18.78,18.99,18.88,18.7,-3.67,0.0,0.574,0.581,0.671,0.45,0.489,0.519,0.447,0.505,0.465,0.0,0.507,0.622,0.505,0.558,0.673
2020-01-06 03:15:00,18.87,18.86,18.69,19.1,19.04,19.09,19.1,19.0,19.06,20.72,18.99,18.81,19.0,18.64,18.74,-3.75,0.0,0.574,0.578,0.671,0.45,0.484,1.0,0.446,0.503,0.468,0.0,0.507,0.612,0.503,0.0,0.649
2020-01-06 03:30:00,18.85,18.84,18.69,19.1,19.05,19.19,19.09,19.0,19.06,20.66,18.98,18.84,19.0,18.36,18.78,-3.83,0.0,0.566,0.571,0.653,0.448,0.481,1.0,0.448,0.502,0.468,0.0,0.507,0.597,0.502,0.0,0.63
2020-01-06 03:45:00,18.82,18.81,18.67,19.08,19.05,19.3,19.08,18.99,19.05,20.6,18.98,18.83,19.0,18.13,18.82,-3.9,0.0,0.574,0.578,0.653,0.45,0.477,0.954,0.453,0.502,0.47,0.0,0.508,0.578,0.501,0.121,0.61
2020-01-06 04:00:00,18.82,18.81,18.67,19.08,19.06,19.19,19.08,18.99,19.05,20.55,18.98,18.9,19.0,18.21,18.85,-3.98,0.0,0.589,0.593,0.664,0.461,0.473,0.901,0.458,0.503,0.473,0.0,0.51,0.584,0.502,0.237,0.59
2020-01-06 04:15:00,18.84,17.91,18.61,19.08,19.07,19.27,19.07,18.99,19.05,20.52,18.98,18.87,19.0,18.13,18.87,-4.05,0.0,0.588,0.0,0.663,0.462,0.469,0.955,0.462,0.503,0.475,0.0,0.511,0.552,0.501,0.194,0.574
2020-01-06 04:30:00,18.78,17.73,18.55,19.01,19.08,19.29,19.06,18.99,19.04,20.45,18.97,18.87,19.0,18.1,18.91,-4.12,0.0,0.582,0.045,0.694,0.462,0.466,0.916,0.464,0.503,0.476,0.0,0.512,0.567,0.501,0.237,0.563
2020-01-06 04:45:00,18.8,17.81,18.55,19.05,19.08,19.29,19.06,18.99,19.04,20.4,18.97,18.88,19.0,18.1,18.93,-4.2,0.0,0.612,0.135,0.726,0.493,0.461,0.907,0.469,0.503,0.479,0.0,0.514,0.567,0.501,0.251,0.547
2020-01-06 05:00:00,18.78,17.66,18.59,19.02,19.09,19.31,19.05,18.99,19.04,20.35,18.97,18.88,19.0,18.08,18.95,-4.27,0.0,0.601,0.097,0.726,0.475,0.458,0.905,0.472,0.504,0.48,0.0,0.515,0.561,0.501,0.251,0.535
2020-01-06 05:15:00,19.21,17.73,18.78,19.08,19.09,19.31,19.05,18.99,19.03,20.31,18.97,18.89,19.0,18.08,19.02,-4.35,0.0,1.0,0.172,1.0,0.488,0.456,0.896,0.475,0.504,0.482,0.0,0.516,0.561,0.502,0.261,0.924
2020-01-06 05:30:00,19.31,17.66,18.87,19.08,19.1,19.32,19.04,18.99,19.03,20.25,18.96,18.89,18.99,18.06,19.13,-4.42,0.0,1.0,0.136,1.0,0.458,0.454,0.896,0.476,0.504,0.483,0.0,0.517,0.557,0.502,0.262,0.892
2020-01-06 05:45:00,19.33,17.66,18.83,19.08,19.1,19.32,19.04,18.99,19.03,20.21,18.96,18.89,18.99,18.05,19.22,-4.5,0.0,1.0,0.171,1.0,0.458,0.451,0.89,0.48,0.505,0.485,0.0,0.519,0.557,0.503,0.271,0.836
2020-01-06 06:00:00,19.34,17.57,18.86,19.06,19.1,19.32,19.03,18.99,19.02,20.16,18.96,18.89,18.99,18.04,19.29,-4.55,0.0,1.0,0.171,1.0,0.458,0.45,0.892,0.482,0.506,0.487,0.0,0.52,0.555,0.503,0.273,0.792
2020-01-06 06:15:00,19.37,17.6,18.84,19.08,19.26,19.32,18.77,19.22,19.02,20.11,18.95,19.06,19.24,18.03,19.34,-4.6,0.0,1.0,0.213,1.0,0.468,1.0,0.888,0.0,1.0,0.489,0.0,0.522,1.0,1.0,0.281,0.757
2020-01-06 06:30:00,19.44,17.54,18.91,19.08,19.2,19.37,18.57,19.48,19.05,20.07,18.95,19.25,19.52,18.03,19.39,-4.65,0.0,1.0,0.202,1.0,0.459,1.0,0.891,0.0,1.0,0.49,0.0,0.525,1.0,1.0,0.283,0.728
2020-01-06 06:45:00,19.47,17.54,18.88,19.06,19.18,19.45,18.31,19.62,19.02,20.01,19.04,19.43,19.69,18.05,19.44,-4.7,0.0,1.0,0.231,1.0,0.461,1.0,0.863,0.0,0.962,0.476,0.0,0.526,1.0,1.0,0.283,0.707
2020-01-06 07:00:00,19.44,17.5,18.91,19.06,19.09,19.39,18.19,19.82,19.02,19.97,18.92,19.57,19.95,18.07,19.47,-4.75,0.0,1.0,0.232,1.0,0.469,1.0,0.824,0.0,0.889,0.492,0.0,0.482,1.0,1.0,0.277,0.682
2020-01-06 07:15:00,19.54,17.52,18.95,19.08,19.05,19.42,18.03,19.85,19.14,19.93,18.61,19.64,20.06,18.03,19.5,-4.8,0.0,1.0,0.249,1.0,0.471,1.0,0.856,0.0,0.792,0.841,0.0,0.0,1.0,1.0,0.265,0.663
2020-01-06 07:30:00,19.59,17.5,18.98,19.07,19.02,19.42,17.9,19.87,19.3,19.88,18.08,19.71,20.19,18.02,19.53,-4.85,0.0,1.0,0.24,1.0,0.462,1.0,0.841,0.037,0.777,0.779,0.0,0.0,1.0,1.0,0.287,0.649
2020-01-06 07:45:00,19.62,17.49,19.0,19.07,19.01,19.43,17.84,19.89,19.36,19.84,17.69,19.77,20.28,18.03,19.56,-4.9,0.0,1.0,0.249,1.0,0.465,1.0,0.839,0.1,0.764,0.702,0.0,0.0,1.0,1.0,0.288,0.633
2020-01-06 08:00:00,19.61,17.48,18.99,19.05,19.03,19.44,17.8,19.92,19.38,19.78,17.35,19.83,20.38,18.03,19.59,-4.88,0.0,1.0,0.254,1.0,0.467,1.0,0.834,0.132,0.754,0.672,0.0,0.0,1.0,1.0,0.287,0.619
2020-01-06 08:15:00,19.68,17.48,18.99,18.35,19.03,19.47,17.81,19.94,19.4,19.75,17.2,19.88,20.46,18.04,19.61,-4.85,6.0,1.0,0.26,1.0,0.0,1.0,0.831,0.15,0.741,0.659,0.009,0.125,1.0,1.0,0.285,0.605
2020-01-06 08:30:00,19.73,18.01,19.07,18.14,19.11,19.55,18.13,20.04,19.43,19.7,17.13,20.37,20.63,18.06,19.63,-4.83,174.2,1.0,0.258,1.0,0.0,1.0,0.817,0.146,0.728,0.648,0.025,0.201,1.0,1.0,0.281,0.596
2020-01-06 08:45:00,19.82,18.4,19.28,18.21,19.31,19.74,18.63,20.19,19.51,19.67,17.14,21.01,20.86,18.16,19.65,-4.8,342.5,0.986,0.0,1.0,0.029,1.0,0.773,0.0,0.679,0.634,0.049,0.233,1.0,0.986,0.269,0.585
2020-01-06 09:00:00,19.94,19.22,19.59,18.27,19.57,20.01,19.34,20.45,19.62,19.63,17.2,21.72,21.19,18.29,19.67,-4.45,510.8,0.938,0.0,1.0,0.0,1.0,0.679,0.0,0.603,0.594,0.067,0.229,0.797,0.87,0.219,0.576
2020-01-06 09:15:00,20.07,20.31,19.99,18.45,19.82,20.28,20.23,20.76,19.71,19.59,17.25,22.41,21.56,18.42,19.68,-4.1,679.0,0.878,0.0,1.0,0.0,1.0,0.543,0.0,0.476,0.538,0.086,0.199,0.44,0.703,0.155,0.567
2020-01-06 09:30:00,20.16,20.96,20.37,18.63,20.08,20.45,21.01,21.07,19.78,19.56,17.26,22.89,21.91,18.49,19.7,-3.75,708.0,0.815,0.0,1.0,0.0,1.0,0.41,0.0,0.321,0.497,0.103,0.177,0.097,0.522,0.091,0.56
2020-01-06 09:45:00,20.26,21.41,20.69,18.79,20.34,20.56,21.66,21.38,19.87,19.53,17.26,23.21,22.26,18.52,19.71,-3.4,737.0,0.771,0.0,1.0,0.0,1.0,0.326,0.0,0.164,0.459,0.119,0.168,0.0,0.343,0.053,0.552
2020-01-06 10:00:00,20.36,21.74,20.93,18.9,20.56,20.62,22.19,21.61,19.94,19.5,17.3,23.43,22.5,18.51,19.72,-3.13,766.0,0.719,0.0,0.957,0.0,0.93,0.272,0.0,0.011,0.414,0.134,0.168,0.0,0.17,0.042,0.545
2020-01-06 10:15:00,20.43,22.1,21.19,19.02,20.76,20.67,22.67,21.96,20.01,19.48,17.29,23.66,22.85,18.51,19.73,-2.85,795.0,0.671,0.0,0.834,0.0,0.819,0.239,0.0,0.0,0.382,0.148,0.151,0.0,0.048,0.045,0.539
2020-01-06 10:30:00,20.52,22.4,21.42,19.12,20.94,20.73,23.08,22.35,20.04,19.46,17.28,23.91,23.21,18.5,19.74,-2.58,795.2,0.635,0.0,0.704,0.0,0.72,0.214,0.0,0.0,0.347,0.16,0.155,0.0,0.0,0.044,0.533
2020-01-06 10:45:00,20.59,22.62,21.63,19.24,21.1,20.78,23.35,22.8,20.1,19.44,17.29,24.05,23.62,18.53,19.75,-2.3,795.5,0.591,0.0,0.59,0.0,0.628,0.185,0.0,0.0,0.331,0.171,0.158,0.0,0.0,0.049,0.528
2020-01-06 11:00:00,20.66,22.81,21.83,19.35,21.22,20.81,23.54,23.3,20.14,19.42,17.29,24.14,24.08,18.55,19.76,-2.1,795.8,0.553,0.0,0.484,0.0,0.552,0.161,0.0,0.0,0.298,0.182,0.156,0.0,0.0,0.033,0.524
2020-01-06 11:15:00,20.74,22.96,22.03,19.46,21.32,20.82,23.7,23.83,20.17,19.4,17.3,24.19,24.59,18.55,19.77,-1.9,796.0,0.518,0.0,0.384,0.0,0.491,0.146,0.0,0.0,0.278,0.192,0.153,0.0,0.0,0.027,0.519
2020-01-06 11:30:00,20.8,23.02,22.19,19.56,21.39,20.81,23.78,24.36,20.2,19.38,17.31,24.17,25.1,18.54,19.78,-1.7,777.2,0.482,0.0,0.286,0.0,0.442,0.141,0.0,0.0,0.263,0.201,0.15,0.0,0.0,0.026,0.515
2020-01-06 11:45:00,20.85,23.05,22.33,19.65,21.43,20.78,23.81,24.87,20.21,19.37,17.31,24.09,25.59,18.53,19.78,-1.5,758.5,0.452,0.0,0.205,0.0,0.406,0.147,0.0,0.0,0.25,0.209,0.147,0.0,0.0,0.03,0.511
2020-01-06 12:00:00,20.88,22.97,22.44,19.72,21.45,20.73,23.78,25.38,20.21,19.35,17.3,23.97,26.07,18.49,19.79,-1.38,739.8,0.426,0.0,0.136,0.0,0.384,0.162,0.0,0.0,0.243,0.217,0.145,0.0,0.0,0.037,0.508
2020-01-06 12:15:00,20.92,22.79,22.54,19.81,21.44,20.66,23.64,25.87,20.25,19.34,17.3,23.73,26.54,18.5,19.8,-1.25,721.0,0.409,0.0,0.078,0.0,0.375,0.187,0.0,0.0,0.245,0.225,0.151,0.0,0.0,0.053,0.505
2020-01-06 12:30:00,20.95,22.61,22.64,19.87,21.41,20.58,23.51,26.35,20.22,19.32,17.3,23.53,26.98,18.46,19.8,-1.12,707.2,0.392,0.0,0.029,0.0,0.381,0.222,0.0,0.0,0.226,0.232,0.152,0.0,0.0,0.049,0.502
2020-01-06 12:45:00,20.99,22.38,22.74,19.94,21.36,20.51,23.33,26.82,20.21,19.31,17.31,23.29,27.42,18.43,19.81,-1.0,693.5,0.376,0.0,0.0,0.0,0.397,0.258,0.0,0.0,0.238,0.239,0.15,0.0,0.0,0.069,0.499
2020-01-06 13:00:00,21.01,22.17,22.82,20.01,21.29,20.44,23.13,27.26,20.19,19.3,17.31,23.03,27.83,18.41,19.81,-0.95,679.8,0.357,0.0,0.0,0.0,0.422,0.295,0.0,0.0,0.246,0.245,0.146,0.0,0.0,0.083,0.496
2020-01-06 13:15:00,21.03,21.97,22.88,20.06,21.22,20.36,22.89,27.68,20.17,19.29,17.31,22.76,28.21,18.39,19.82,-0.9,666.0,0.345,0.0,0.0,0.0,0.454,0.332,0.0,0.0,0.257,0.251,0.145,0.0,0.0,0.095,0.494
2020-01-06 13:30:00,21.02,21.8,23.0,20.12,21.13,20.25,22.63,28.27,20.13,19.28,17.22,22.46,28.79,18.35,19.82,-0.85,673.8,0.336,0.0,0.0,0.0,0.492,0.369,0.0,0.0,0.267,0.257,0.145,0.0,0.0,0.104,0.492
2020-01-06 13:45:00,21.06,21.6,23.09,20.17,21.04,20.15,22.35,28.75,20.1,19.27,17.21,22.16,29.25,18.32,19.82,-0.8,681.5,0.34,0.0,0.0,0.0,0.536,0.426,0.0,0.0,0.283,0.262,0.19,0.068,0.0,0.123,0.49
2020-01-06 14:00:00,21.06,21.41,23.17,20.21,20.94,20.08,22.04,29.25,20.06,19.26,17.21,21.9,29.72,18.29,19.83,-0.8,689.2,0.32,0.0,0.0,0.0,0.582,0.473,0.0,0.0,0.3,0.267,0.194,0.22,0.0,0.141,0.488
2020-01-06 14:15:00,21.06,21.24,23.22,20.23,20.84,20.02,21.75,29.73,20.03,19.25,17.21,21.7,30.16,18.27,19.83,-0.8,697.0,0.321,0.0,0.0,0.0,0.632,0.511,0.0,0.0,0.32,0.272,0.193,0.35,0.0,0.157,0.486
2020-01-06 14:30:00,21.04,21.1,23.21,20.24,20.75,20.0,21.48,30.11,20.0,19.24,17.2,21.58,30.49,18.27,19.83,-0.8,665.2,0.318,0.0,0.0,0.0,0.68,0.539,0.0,0.0,0.337,0.277,0.194,0.448,0.0,0.167,0.484
2020-01-06 14:45:00,21.02,20.95,23.15,20.24,20.69,20.0,21.23,30.41,20.02,19.23,17.19,21.51,30.73,18.31,19.84,-0.8,633.5,0.328,0.0,0.0,0.0,0.723,0.551,0.0,0.0,0.348,0.281,0.2,0.508,0.0,0.164,0.483
2020-01-06 15:00:00,20.91,20.73,23.18,20.15,20.66,20.05,20.98,30.66,20.06,19.22,17.16,21.42,30.91,18.34,19.84,-0.9,601.8,0.342,0.0,0.0,0.0,0.757,0.551,0.0,0.0,0.341,0.286,0.207,0.544,0.0,0.144,0.481
2020-01-06 15:15:00,20.87,20.59,22.55,20.0,20.6,20.0,20.85,30.81,20.06,19.21,17.15,21.48,31.01,18.39,19.84,-1.0,570.0,0.393,0.0,0.0,0.0,0.77,0.523,0.0,0.0,0.32,0.29,0.22,0.589,0.0,0.131,0.48
2020-01-06 15:30:00,20.5,20.05,21.65,19.53,20.56,20.01,20.61,30.65,20.08,19.21,17.13,21.41,30.76,18.41,19.85,-1.1,430.2,0.414,0.0,0.027,0.0,0.801,0.549,0.0,0.0,0.322,0.293,0.225,0.559,0.0,0.103,0.478
2020-01-06 15:45:00,20.45,19.73,21.43,19.24,20.54,19.98,20.39,29.85,20.06,19.2,17.1,21.35,30.22,18.4,19.85,-1.2,290.5,0.6,0.0,0.477,0.0,0.818,0.544,0.0,0.0,0.31,0.297,0.236,0.595,0.0,0.093,0.477
2020-01-06 16:00:00,20.44,19.53,21.3,19.13,20.48,19.94,20.17,28.8,19.94,19.19,17.08,21.27,29.39,18.33,19.85,-1.4,150.8,0.623,0.0,0.587,0.0,0.83,0.558,0.0,0.0,0.322,0.3,0.248,0.626,0.0,0.099,0.476
2020-01-06 16:15:00,20.36,19.32,21.1,18.98,20.41,19.87,19.96,28.01,19.85,19.19,17.06,21.2,28.31,18.2,19.85,-1.6,11.0,0.628,0.0,0.651,0.0,0.858,0.581,0.0,0.0,0.378,0.303,0.261,0.663,0.0,0.133,0.475
2020-01-06 16:30:00,20.32,19.1,20.94,18.86,20.35,19.82,19.73,27.33,19.84,19.18,17.04,21.09,27.46,18.17,19.85,-1.8,0.0,0.668,0.0,0.748,0.0,0.896,0.614,0.0,0.0,0.427,0.306,0.272,0.698,0.0,0.2,0.474
2020-01-06 16:45:00,20.28,18.91,20.8,18.73,20.29,19.81,19.56,26.7,19.81,19.18,17.04,21.06,26.71,18.15,19.86,-2.0,0.0,0.692,0.0,0.828,0.0,0.927,0.639,0.0,0.0,0.43,0.309,0.28,0.753,0.0,0.217,0.473
2020-01-06 17:00:00,20.27,18.76,20.69,18.64,20.24,19.82,19.41,26.16,19.8,19.17,17.06,21.06,26.08,18.16,19.86,-2.05,0.0,0.712,0.0,0.901,0.0,0.955,0.646,0.0,0.0,0.445,0.312,0.281,0.768,0.0,0.227,0.472
2020-01-06 17:15:00,20.27,18.63,20.58,18.54,20.2,19.86,19.29,25.6,19.79,19.16,17.12,21.07,25.43,18.18,19.86,-2.1,0.0,0.717,0.0,0.954,0.0,0.978,0.638,0.0,0.0,0.45,0.315,0.27,0.769,0.0,0.221,0.471
2020-01-06 17:30:00,20.26,18.51,20.49,18.46,20.16,19.88,19.17,25.15,19.79,19.16,17.11,21.08,24.92,18.19,19.86,-2.15,0.0,0.714,0.0,1.0,0.0,1.0,0.618,0.0,0.0,0.455,0.318,0.238,0.764,0.0,0.211,0.47
2020-01-06 17:45:00,20.26,18.39,20.4,18.38,20.12,19.88,19.07,24.73,19.78,19.16,17.09,21.08,24.46,18.19,19.86,-2.2,0.0,0.722,0.0,1.0,0.0,1.0,0.611,0.0,0.0,0.457,0.32,0.245,0.759,0.0,0.205,0.469
2020-01-06 18:00:00,20.24,18.27,20.3,18.28,20.09,19.87,18.98,24.31,19.75,19.15,17.06,21.08,23.98,18.16,19.87,-2.28,0.0,0.721,0.0,1.0,0.0,1.0,0.608,0.0,0.0,0.459,0.322,0.257,0.758,0.0,0.205,0.468
2020-01-06 18:15:00,20.24,18.14,20.19,18.19,20.05,19.86,18.88,23.91,19.73,19.15,17.05,21.06,23.54,18.15,19.87,-2.35,0.0,0.729,0.0,1.0,0.0,1.0,0.614,0.0,0.0,0.477,0.325,0.27,0.758,0.0,0.22,0.467
2020-01-06 18:30:00,20.23,18.01,20.09,18.1,20.01,19.85,18.78,23.52,19.72,19.14,17.05,21.04,23.12,18.14,19.87,-2.43,0.0,0.73,0.0,1.0,0.006,1.0,0.622,0.0,0.0,0.484,0.327,0.275,0.771,0.0,0.226,0.466
2020-01-06 18:45:00,20.22,17.89,20.0,18.03,19.97,19.84,18.7,23.16,19.71,19.14,17.05,21.02,22.74,18.13,19.87,-2.5,0.0,0.733,0.0,1.0,0.051,1.0,0.627,0.0,0.0,0.489,0.329,0.275,0.781,0.0,0.231,0.465
2020-01-06 19:00:00,20.22,17.88,19.94,18.02,19.94,19.84,18.62,22.84,19.71,19.14,17.05,21.02,22.4,18.14,19.87,-2.57,0.0,0.738,0.053,1.0,0.083,1.0,0.631,0.0,0.0,0.494,0.331,0.276,0.789,0.0,0.233,0.465
2020-01-06 19:15:00,20.19,17.86,19.87,18.02,19.92,19.7,18.54,22.52,19.71,19.14,17.05,21.01,22.11,18.39,19.87,-2.65,0.0,0.742,0.062,1.0,0.089,1.0,0.08,0.0,0.0,0.494,0.432,0.275,0.791,0.102,0.931,0.464
2020-01-06 19:30:00,20.17,17.76,19.85,17.94,19.88,19.68,18.49,22.23,19.72,19.15,17.05,20.93,21.94,18.6,19.88,-2.72,0.0,0.757,0.072,1.0,0.091,1.0,0.151,0.0,0.0,0.494,0.43,0.275,0.793,0.245,0.807,0.463
2020-01-06 19:45:00,20.18,17.8,19.76,17.98,19.87,19.61,18.41,21.95,19.71,19.17,17.05,20.95,21.86,18.76,19.88,-2.8,0.0,0.765,0.119,1.0,0.129,1.0,0.161,0.0,0.0,0.49,0.423,0.276,0.834,0.328,0.702,0.462
2020-01-06 20:00:00,20.15,17.67,19.78,17.89,19.82,19.61,18.35,21.68,19.7,19.17,17.04,20.9,21.8,18.8,19.88,-2.87,0.0,0.761,0.098,1.0,0.11,1.0,0.196,0.0,0.0,0.494,0.417,0.277,0.827,0.369,0.621,0.462
2020-01-06 20:15:00,20.2,18.5,19.85,17.95,19.79,19.56,18.27,21.45,19.69,19.18,17.03,20.89,21.75,18.83,19.88,-2.95,0.0,0.777,1.0,1.0,0.155,1.0,0.194,0.0,0.0,0.499,0.413,0.282,0.85,0.401,0.602,0.461
2020-01-06 20:30:00,20.18,18.76,19.94,17.97,19.76,19.51,18.19,21.16,19.67,19.19,17.02,20.88,21.7,18.85,19.88,-3.02,0.0,0.751,0.751,1.0,0.123,1.0,0.222,0.0,0.0,0.506,0.41,0.285,0.853,0.423,0.587,0.46
2020-01-06 20:45:00,20.17,18.57,19.93,17.96,19.72,19.48,18.14,20.99,19.67,19.19,17.0,20.85,21.68,18.86,19.88,-3.1,0.0,0.761,0.619,1.0,0.113,1.0,0.247,0.0,0.118,0.513,0.406,0.289,0.861,0.452,0.574,0.459
2020-01-06 21:00:00,20.17,18.74,19.85,17.95,19.7,19.46,18.07,20.88,19.68,19.2,17.01,20.85,21.65,18.89,19.88,-3.17,0.0,0.765,0.714,1.0,0.12,1.0,0.258,0.0,0.207,0.514,0.403,0.301,0.875,0.459,0.57,0.459
2020-01-06 21:15:00,19.03,18.54,19.2,17.71,19.65,19.47,18.02,20.83,19.68,19.2,17.02,20.84,21.64,18.9,19.84,-3.25,0.0,0.0,0.632,0.074,0.123,1.0,0.269,0.016,0.26,0.511,0.401,0.294,0.875,0.473,0.557,0.058
2020-01-06 21:30:00,19.37,18.57,19.22,17.7,19.62,19.46,17.97,20.78,19.68,19.21,17.04,20.85,21.6,18.93,19.76,-3.33,0.0,0.483,0.732,0.401,0.244,1.0,0.267,0.04,0.284,0.509,0.399,0.289,0.878,0.482,0.549,0.078
2020-01-06 21:45:00,19.33,18.66,19.29,17.82,19.61,19.45,17.93,20.74,19.69,19.21,17.03,20.85,21.58,18.95,19.68,-3.4,0.0,0.315,0.716,0.392,0.252,1.0,0.269,0.067,0.311,0.508,0.397,0.281,0.877,0.499,0.537,0.119
2020-01-06 22:00:00,19.23,18.67,19.23,17.74,19.58,19.44,17.92,20.71,19.68,19.21,17.02,20.83,21.56,18.95,19.62,-3.48,0.0,0.336,0.669,0.354,0.192,1.0,0.276,0.085,0.329,0.507,0.395,0.284,0.875,0.509,0.527,0.162
2020-01-06 22:15:00,19.26,18.69,19.18,17.75,19.4,19.42,18.12,20.51,19.67,19.21,17.01,20.56,21.27,18.96,19.57,-3.55,0.0,0.383,0.667,0.385,0.23,0.208,0.278,1.0,0.0,0.509,0.394,0.291,0.0,0.0,0.526,0.191
2020-01-06 22:30:00,19.2,18.72,19.18,17.74,19.54,19.25,18.43,20.26,19.64,19.22,17.01,20.23,20.92,18.94,19.54,-3.63,0.0,0.368,0.653,0.409,0.225,0.3,0.29,0.941,0.0,0.513,0.393,0.294,0.0,0.0,0.521,0.214
2020-01-06 22:45:00,19.18,18.73,19.13,17.73,19.63,19.14,18.75,20.0,19.68,19.22,17.01,19.89,20.57,18.9,19.51,-3.7,0.0,0.399,0.638,0.41,0.232,0.231,0.373,0.786,0.0,0.53,0.392,0.294,0.0,0.0,0.53,0.23
2020-01-06 23:00:00,19.13,18.72,19.09,17.74,19.66,19.14,18.92,19.77,19.7,19.22,17.01,19.63,20.27,18.9,19.47,-3.78,0.0,0.412,0.637,0.435,0.233,0.183,0.43,0.624,0.0,0.509,0.391,0.295,0.057,0.0,0.548,0.247
2020-01-06 23:15:00,19.12,18.75,19.08,17.72,19.7,19.07,18.93,19.64,19.54,19.22,17.42,19.54,20.04,18.94,19.45,-3.85,0.0,0.433,0.642,0.457,0.23,0.171,0.432,0.542,0.113,0.149,0.39,1.0,0.187,0.0,0.551,0.263
2020-01-06 23:30:00,19.09,18.75,19.04,17.73,19.65,19.1,18.97,19.56,19.35,19.22,18.01,19.47,19.8,18.95,19.43,-3.93,0.0,0.439,0.624,0.46,0.241,0.152,0.466,0.533,0.178,0.23,0.389,1.0,0.228,0.0,0.532,0.273
2020-01-06 23:45:00,19.07,18.76,19.02,17.72,19.61,19.12,18.98,19.53,19.27,19.23,18.44,19.44,19.64,18.96,19.41,-4.0,0.0,0.457,0.623,0.478,0.235,0.174,0.452,0.514,0.219,0.325,0.388,0.995,0.267,0.098,0.527,0.284
2020-01-07 00:00:00,19.04,18.75,18.97,17.73,19.57,19.14,19.0,19.48,19.24,19.23,18.66,19.41,19.54,18.97,19.39,-4.02,0.0,0.467,0.618,0.491,0.239,0.196,0.442,0.509,0.237,0.367,0.387,0.779,0.282,0.18,0.518,0.293
2020-01-07 00:15:00,19.04,18.79,19.1,18.37,19.57,19.13,19.01,19.47,19.23,19.23,18.73,19.39,19.51,18.97,19.38,-4.05,0.0,0.482,0.626,0.516,1.0,0.213,0.432,0.499,0.258,0.381,0.387,0.67,0.297,0.229,0.517,0.303
2020-01-07 00:30:00,19.02,18.8,19.1,18.56,19.55,19.13,19.03,19.44,19.22,19.23,18.77,19.35,19.49,18.97,19.37,-4.07,0.0,0.478,0.606,0.452,0.816,0.216,0.437,0.495,0.267,0.386,0.386,0.635,0.306,0.243,0.515,0.308
2020-01-07 00:45:00,19.0,18.77,19.09,18.46,19.54,19.12,19.04,19.42,19.21,19.23,18.79,19.33,19.47,18.97,19.36,-4.1,0.0,0.489,0.601,0.451,0.719,0.226,0.437,0.483,0.281,0.388,0.386,0.616,0.324,0.255,0.516,0.316
2020-01-07 01:00:00,19.0,18.8,19.04,18.57,19.53,19.13,19.06,19.41,19.21,19.23,18.83,19.32,19.46,18.98,19.35,-4.12,0.0,0.502,0.617,0.456,0.77,0.228,0.441,0.48,0.292,0.395,0.385,0.604,0.335,0.266,0.514,0.321
2020-01-07 01:15:00,18.98,18.78,19.09,18.57,19.52,19.13,19.07,19.4,19.21,19.23,18.86,19.32,19.44,18.99,19.34,-4.15,0.0,0.498,0.602,0.481,0.713,0.237,0.437,0.47,0.297,0.393,0.385,0.586,0.34,0.271,0.509,0.326
2020-01-07 01:30:00,18.99,18.81,19.03,18.63,19.51,19.14,19.08,19.39,19.21,19.23,18.89,19.31,19.43,19.0,19.33,-4.17,0.0,0.509,0.611,0.456,0.717,0.238,0.433,0.466,0.301,0.396,0.385,0.568,0.342,0.278,0.503,0.331
2020-01-07 01:45:00,18.97,18.79,19.07,18.62,19.51,19.15,19.09,19.38,19.2,19.23,18.92,19.3,19.42,19.01,19.32,-4.2,0.0,0.504,0.595,0.483,0.684,0.244,0.429,0.458,0.306,0.396,0.384,0.553,0.345,0.285,0.498,0.335
2020-01-07 02:00:00,18.97,18.81,19.02,18.69,19.5,19.14,19.09,19.36,19.19,19.23,18.93,19.29,19.4,19.01,19.32,-4.22,0.0,0.515,0.607,0.465,0.688,0.246,0.427,0.455,0.31,0.398,0.384,0.54,0.349,0.292,0.494,0.338
2020-01-07 02:15:00,18.96,18.79,19.05,18.7,19.49,19.13,19.1,19.35,19.19,19.23,18.94,19.28,19.38,19.0,19.31,-4.25,0.0,0.513,0.594,0.488,0.653,0.252,0.43,0.453,0.32,0.403,0.384,0.535,0.356,0.302,0.496,0.342
2020-01-07 02:30:00,18.96,18.81,19.02,18.75,19.47,19.13,19.1,19.34,19.18,19.23,18.95,19.26,19.37,19.0,19.31,-4.28,0.0,0.522,0.606,0.474,0.652,0.257,0.433,0.452,0.327,0.407,0.384,0.531,0.362,0.31,0.498,0.344
2020-01-07 02:45:00,18.94,18.79,19.04,18.76,19.46,19.13,19.1,19.33,19.17,19.23,18.95,19.25,19.36,19.0,19.3,-4.3,0.0,0.52,0.595,0.492,0.623,0.263,0.435,0.452,0.332,0.411,0.383,0.527,0.369,0.315,0.498,0.347
2020-01-07 03:00:00,18.95,18.81,19.01,18.81,19.45,19.12,19.1,19.31,19.17,19.23,18.96,19.24,19.35,19.0,19.3,-4.3,0.0,0.528,0.604,0.482,0.618,0.269,0.437,0.452,0.337,0.414,0.383,0.523,0.374,0.321,0.498,0.35
2020-01-07 03:15:00,19.0,18.88,19.41,18.9,19.44,19.14,19.1,19.6,19.16,19.23,18.97,19.46,19.34,19.0,19.29,-4.3,0.0,0.526,0.596,1.0,0.594,0.274,0.438,0.451,1.0,0.417,0.383,0.52,0.929,0.327,0.499,0.352
2020-01-07 03:30:00,19.02,18.91,19.53,18.97,19.43,19.2,19.1,20.03,19.15,19.23,18.97,19.7,19.33,19.01,19.29,-4.3,0.0,0.501,0.561,1.0,0.549,0.279,0.429,0.452,1.0,0.42,0.383,0.517,0.821,0.332,0.499,0.354
2020-01-07 03:45:00,18.98,18.87,19.53,18.95,19.42,19.21,19.1,20.35,19.15,19.23,18.97,19.82,19.32,19.02,19.28,-4.3,0.0,0.492,0.545,1.0,0.516,0.284,0.402,0.452,1.0,0.423,0.383,0.514,0.699,0.337,0.495,0.356
2020-01-07 04:00:00,19.0,18.9,19.51,18.99,19.41,19.24,19.1,20.57,19.14,19.23,18.98,19.83,19.31,19.01,19.28,-4.3,0.0,0.508,0.563,1.0,0.526,0.29,0.393,0.452,1.0,0.426,0.383,0.513,0.639,0.342,0.489,0.358
2020-01-07 04:15:00,18.98,18.88,19.57,18.98,19.33,19.21,19.3,20.74,19.38,19.23,18.98,19.85,19.3,19.02,19.36,-4.3,0.0,0.498,0.548,1.0,0.507,0.0,0.38,1.0,1.0,1.0,0.383,0.512,0.636,0.345,0.494,1.0
2020-01-07 04:30:00,19.02,18.94,19.63,19.03,19.41,19.2,19.55,20.87,19.64,19.23,18.98,19.84,19.3,19.01,19.48,-4.3,0.0,0.509,0.559,1.0,0.512,0.0,0.395,1.0,0.98,1.0,0.383,0.51,0.625,0.348,0.492,1.0
2020-01-07 04:45:00,18.99,18.91,19.64,19.02,19.47,19.19,19.79,20.97,19.86,19.23,18.98,19.85,19.29,19.0,19.63,-4.3,0.0,0.491,0.53,1.0,0.483,0.0,0.398,1.0,0.917,0.979,0.383,0.511,0.63,0.348,0.497,1.0
2020-01-07 05:00:00,19.0,18.92,19.64,19.04,19.57,19.2,19.91,21.04,19.95,19.23,18.99,19.86,19.29,19.01,19.75,-4.33,0.0,0.505,0.547,1.0,0.489,0.0,0.404,1.0,0.866,0.869,0.383,0.51,0.627,0.355,0.498,1.0
2020-01-07 05:15:00,19.02,18.48,19.65,19.07,19.62,19.2,20.04,21.08,20.03,19.23,19.22,19.87,19.29,19.02,19.84,-4.35,0.0,0.5,0.189,1.0,0.478,0.0,0.402,1.0,0.832,0.824,0.384,1.0,0.622,0.354,0.495,1.0
2020-01-07 05:30:00,18.96,18.63,19.62,19.02,19.64,19.2,20.15,21.12,20.08,19.23,19.56,19.88,19.29,19.03,19.95,-4.38,0.0,0.49,0.41,1.0,0.465,0.0,0.399,1.0,0.81,0.785,0.384,1.0,0.616,0.353,0.49,0.98
2020-01-07 05:45:00,19.02,18.57,19.62,19.08,19.68,19.22,20.22,21.14,20.1,19.23,19.81,19.89,19.28,19.03,20.04,-4.4,0.0,0.522,0.335,1.0,0.489,0.0,0.398,1.0,0.788,0.758,0.384,1.0,0.61,0.353,0.487,0.924
2020-01-07 06:00:00,18.98,18.55,19.64,19.06,19.7,19.21,20.3,21.17,20.14,19.23,19.99,19.9,19.27,19.04,20.1,-4.4,0.0,0.491,0.365,1.0,0.461,0.0,0.39,1.0,0.778,0.748,0.384,1.0,0.607,0.362,0.485,0.882
2020-01-07 06:15:00,19.02,18.55,19.59,18.5,19.73,19.19,20.36,21.19,20.16,19.27,20.13,19.9,19.27,18.82,20.15,-4.4,0.0,0.509,0.375,1.0,0.0,0.0,0.393,1.0,0.764,0.73,1.0,1.0,0.601,0.363,0.0,0.848
2020-01-07 06:30:00,18.98,18.49,19.53,18.31,19.75,19.14,20.43,21.22,20.19,19.37,20.26,19.89,19.27,18.51,20.21,-4.4,0.0,0.492,0.375,1.0,0.0,0.0,0.403,1.0,0.754,0.719,1.0,0.987,0.602,0.363,0.0,0.824
2020-01-07 06:45:00,18.96,18.46,19.5,18.24,19.75,19.11,20.49,21.24,20.21,19.47,20.35,19.86,19.27,18.26,20.26,-4.4,0.0,0.509,0.405,1.0,0.0,0.0,0.432,1.0,0.742,0.706,1.0,0.922,0.607,0.364,0.095,0.796
2020-01-07 07:00:00,18.97,18.45,19.47,18.2,19.78,19.02,20.53,21.25,20.21,19.56,20.39,19.87,19.26,18.25,20.3,-4.4,0.0,0.518,0.418,1.0,0.0,0.0,0.445,1.0,0.732,0.695,1.0,0.877,0.622,0.365,0.22,0.769
2020-01-07 07:15:00,18.95,18.44,19.46,18.11,19.78,19.08,20.57,21.25,20.23,19.63,20.42,19.83,19.37,18.17,20.34,-4.4,0.0,0.515,0.426,1.0,0.0,0.0,0.488,1.0,0.727,0.694,1.0,0.856,0.613,0.571,0.227,0.75
2020-01-07 07:30:00,18.96,18.44,19.43,18.05,19.79,19.03,20.61,21.26,20.23,19.71,20.45,19.88,19.49,18.21,20.37,-4.4,0.0,0.523,0.432,1.0,0.0,0.0,0.461,1.0,0.723,0.686,1.0,0.84,0.634,0.517,0.264,0.732
2020-01-07 07:45:00,18.94,18.42,19.42,17.96,19.79,19.09,20.64,21.27,20.24,19.78,20.47,19.84,19.53,18.16,20.4,-4.4,0.0,0.521,0.431,1.0,0.0,0.0,0.484,0.997,0.719,0.684,1.0,0.827,0.612,0.457,0.244,0.716
2020-01-07 08:00:00,18.94,18.43,19.4,17.91,19.81,19.04,20.67,21.3,20.25,19.84,20.49,19.89,19.55,18.2,20.42,-4.35,0.0,0.529,0.44,1.0,0.0,0.0,0.454,0.978,0.716,0.678,1.0,0.815,0.629,0.435,0.27,0.702
2020-01-07 08:15:00,18.17,18.43,19.32,17.84,19.82,19.2,20.7,21.32,20.27,19.89,20.53,19.91,19.56,18.21,20.44,-4.3,10.0,0.0,0.434,1.0,0.0,0.0,1.0,0.965,0.701,0.673,1.0,0.806,0.605,0.425,0.252,0.689
2020-01-07 08:30:00,17.96,18.79,19.29,17.74,19.87,19.46,20.99,21.39,20.3,19.96,20.58,20.29,19.63,18.29,20.47,-4.25,109.8,0.0,0.436,1.0,0.0,0.0,1.0,0.949,0.692,0.663,1.0,0.787,0.594,0.422,0.244,0.68
2020-01-07 08:45:00,17.96,19.08,19.38,17.74,20.0,19.72,21.36,21.51,20.36,20.02,20.63,20.73,19.75,18.39,20.49,-4.2,209.5,0.021,0.253,1.0,0.0,0.0,1.0,0.807,0.654,0.649,1.0,0.76,0.405,0.387,0.206,0.667
2020-01-07 09:00:00,17.95,19.38,19.5,17.79,20.14,19.93,21.74,21.68,20.43,20.08,20.69,21.13,19.91,18.48,20.5,-3.9,309.2,0.022,0.109,1.0,0.0,0.0,0.89,0.622,0.593,0.619,1.0,0.734,0.186,0.326,0.154,0.657
2020-01-07 09:15:00,17.97,19.82,19.66,17.85,20.31,20.1,22.13,21.9,20.51,20.14,20.75,21.51,20.13,18.54,20.52,-3.6,409.0,0.026,0.0,1.0,0.0,0.0,0.783,0.431,0.51,0.583,1.0,0.706,0.0,0.243,0.111,0.648
2020-01-07 09:30:00,17.97,20.06,19.8,17.92,20.45,20.22,22.38,22.09,20.57,20.2,20.8,21.74,20.28,18.58,20.54,-3.3,419.5,0.015,0.0,1.0,0.0,0.0,0.698,0.233,0.399,0.546,1.0,0.674,0.0,0.137,0.081,0.639
2020-01-07 09:45:00,17.94,20.25,19.95,17.93,20.51,20.27,22.54,22.28,20.62,20.26,20.85,21.92,20.43,18.59,20.55,-3.0,430.0,0.013,0.0,1.0,0.0,0.0,0.64,0.111,0.306,0.515,1.0,0.65,0.0,0.059,0.062,0.632
2020-01-07 10:00:00,18.05,20.47,19.99,18.07,20.63,20.37,22.55,22.46,20.64,20.32,20.9,22.05,20.57,18.57,20.56,-2.75,440.5,0.03,0.0,0.976,0.0,0.0,0.614,0.032,0.209,0.491,1.0,0.624,0.0,0.0,0.056,0.624
2020-01-07 10:15:00,17.97,20.61,20.21,18.07,20.63,20.4,22.72,22.64,20.69,20.37,20.95,22.22,20.75,18.62,20.58,-2.5,451.0,0.0,0.0,0.955,0.0,0.0,0.567,0.025,0.118,0.482,1.0,0.6,0.0,0.0,0.063,0.618
2020-01-07 10:30:00,18.11,20.98,20.36,18.23,20.76,20.53,22.85,22.88,20.71,20.42,20.98,22.43,21.04,18.65,20.58,-2.25,518.8,0.015,0.0,0.844,0.0,0.0,0.548,0.0,0.028,0.455,1.0,0.576,0.0,0.0,0.038,0.612
2020-01-07 10:45:00,18.2,21.38,20.62,18.37,20.86,20.63,23.09,23.25,20.75,20.47,21.02,22.7,21.53,18.69,20.6,-2.0,586.5,0.0,0.0,0.772,0.0,0.0,0.487,0.0,0.0,0.444,1.0,0.558,0.0,0.0,0.026,0.608
2020-01-07 11:00:00,18.34,21.74,20.91,18.53,20.99,20.74,23.34,23.71,20.81,20.52,21.07,22.97,22.11,18.76,20.6,-1.67,654.2,0.0,0.0,0.639,0.0,0.0,0.434,0.0,0.0,0.424,1.0,0.539,0.0,0.0,0.004,0.602
2020-01-07 11:15:00,18.53,22.12,21.21,18.72,21.13,20.86,23.6,24.33,20.86,20.57,21.11,23.25,22.86,18.81,20.61,-1.35,722.0,0.0,0.0,0.495,0.0,0.0,0.38,0.0,0.0,0.397,1.0,0.517,0.0,0.0,0.0,0.598
2020-01-07 11:30:00,18.67,22.13,21.33,18.85,21.22,20.93,23.72,24.84,20.91,20.63,21.16,23.36,23.45,18.85,20.62,-1.02,669.8,0.0,0.0,0.345,0.0,0.0,0.319,0.0,0.0,0.369,1.0,0.496,0.0,0.0,0.0,0.594
2020-01-07 11:45:00,18.72,22.04,21.39,18.92,21.27,20.94,23.74,25.27,20.93,20.68,21.18,23.36,23.94,18.88,20.63,-0.7,617.5,0.0,0.0,0.284,0.0,0.0,0.285,0.0,0.0,0.346,0.987,0.472,0.0,0.0,0.0,0.59
2020-01-07 12:00:00,18.75,21.93,21.43,18.97,21.28,20.93,23.69,25.6,20.95,20.72,21.21,23.28,24.31,18.89,20.63,-0.55,565.2,0.0,0.0,0.253,0.0,0.0,0.279,0.0,0.0,0.333,0.962,0.46,0.0,0.0,0.0,0.586
2020-01-07 12:15:00,18.74,21.74,21.44,19.0,21.31,20.92,23.54,25.85,20.95,20.77,21.22,23.12,24.55,18.88,20.64,-0.4,513.0,0.0,0.0,0.235,0.0,0.0,0.286,0.0,0.0,0.325,0.939,0.445,0.0,0.0,0.0,0.583
2020-01-07 12:30:00,18.77,21.5,21.34,19.05,21.23,20.85,23.41,25.95,20.98,20.8,21.23,22.95,24.64,18.89,20.65,-0.25,435.0,0.0,0.0,0.231,0.0,0.0,0.289,0.0,0.0,0.324,0.916,0.439,0.0,0.0,0.0,0.579
2020-01-07 12:45:00,18.7,21.22,21.29,19.0,21.21,20.81,23.18,25.92,20.95,20.84,21.24,22.7,24.6,18.83,20.65,-0.1,357.0,0.0,0.0,0.279,0.0,0.0,0.327,0.0,0.0,0.312,0.898,0.433,0.0,0.0,0.0,0.576
2020-01-07 13:00:00,18.61,20.89,21.1,18.94,21.07,20.65,22.95,25.68,20.92,20.87,21.22,22.43,24.35,18.77,20.66,-0.13,279.0,0.0,0.0,0.303,0.0,0.0,0.347,0.0,0.0,0.325,0.88,0.429,0.0,0.0,0.0,0.574
2020-01-07 13:15:00,18.46,20.58,20.89,18.83,20.97,20.52,22.66,25.31,20.87,20.9,21.2,22.11,23.92,18.67,20.66,-0.15,201.0,0.0,0.0,0.4,0.0,0.0,0.426,0.0,0.0,0.34,0.866,0.439,0.0,0.0,0.0,0.571
2020-01-07 13:30:00,18.4,20.4,20.86,18.8,20.92,20.53,22.41,25.18,20.84,20.93,21.19,21.83,23.78,18.55,20.67,-0.18,224.8,0.0,0.0,0.507,0.0,0.0,0.49,0.0,0.0,0.366,0.851,0.451,0.0,0.0,0.017,0.569
2020-01-07 13:45:00,18.35,20.23,20.92,18.75,20.77,20.34,22.28,25.14,20.86,20.96,21.19,21.7,23.72,18.62,20.67,-0.2,248.5,0.0,0.0,0.518,0.0,0.0,0.484,0.097,0.0,0.379,0.835,0.454,0.0,0.0,0.077,0.566
2020-01-07 14:00:00,18.38,20.12,20.88,18.79,20.74,20.45,22.07,25.18,20.84,20.98,21.19,21.41,23.76,18.46,20.68,-0.23,272.2,0.0,0.0,0.491,0.0,0.0,0.58,0.16,0.0,0.372,0.821,0.457,0.0,0.0,0.038,0.564
2020-01-07 14:15:00,18.31,19.95,20.95,18.75,20.64,20.25,21.99,25.28,20.84,21.01,21.18,21.3,23.86,18.59,20.68,-0.25,296.0,0.0,0.0,0.51,0.0,0.0,0.526,0.263,0.0,0.378,0.809,0.456,0.0,0.0,0.118,0.562
2020-01-07 14:30:00,18.37,19.85,20.91,18.8,20.62,20.38,21.87,25.42,20.81,21.03,21.17,21.03,24.03,18.43,20.68,-0.28,306.5,0.0,0.0,0.473,0.0,0.0,0.627,0.305,0.0,0.379,0.797,0.458,0.0,0.0,0.055,0.56
2020-01-07 14:45:00,18.29,19.69,20.99,18.75,20.55,20.18,21.82,25.58,20.83,21.05,21.15,20.95,24.19,18.59,20.69,-0.3,317.0,0.0,0.0,0.494,0.0,0.0,0.558,0.366,0.0,0.393,0.786,0.463,0.036,0.0,0.134,0.559
2020-01-07 15:00:00,18.33,19.62,20.93,18.8,20.54,20.33,21.74,25.76,20.85,21.07,21.13,20.73,24.37,18.45,20.69,-0.38,327.5,0.0,0.0,0.454,0.0,0.0,0.659,0.39,0.0,0.383,0.776,0.474,0.075,0.0,0.056,0.557
2020-01-07 15:15:00,18.23,19.46,20.81,18.71,20.5,20.16,21.71,26.0,20.91,21.09,21.12,20.72,24.63,18.64,20.69,-0.45,338.0,0.0,0.0,0.487,0.0,0.0,0.585,0.43,0.0,0.376,0.766,0.483,0.187,0.0,0.125,0.555
2020-01-07 15:30:00,18.0,19.22,20.39,18.51,20.49,20.25,21.65,25.97,20.9,21.1,21.09,20.61,24.59,18.55,20.7,-0.53,256.0,0.0,0.0,0.545,0.0,0.0,0.67,0.447,0.0,0.347,0.757,0.49,0.19,0.0,0.031,0.554
2020-01-07 15:45:00,17.78,19.03,20.18,18.32,20.46,20.22,21.6,25.48,20.85,21.12,21.06,20.56,24.29,18.53,20.7,-0.6,174.0,0.0,0.041,0.755,0.0,0.0,0.624,0.475,0.0,0.348,0.749,0.505,0.243,0.0,0.073,0.552
2020-01-07 16:00:00,17.82,19.01,20.1,18.2,20.42,20.17,21.54,24.89,20.74,21.14,21.01,20.49,23.82,18.47,20.7,-0.75,92.0,0.109,0.133,0.862,0.0,0.0,0.641,0.5,0.0,0.374,0.741,0.521,0.271,0.0,0.083,0.551
2020-01-07 16:15:00,17.76,18.93,20.01,18.12,20.37,20.1,21.48,24.45,20.67,21.15,20.97,20.43,23.21,18.37,20.7,-0.9,10.0,0.092,0.145,0.899,0.0,0.0,0.666,0.531,0.0,0.43,0.732,0.544,0.303,0.0,0.113,0.55
2020-01-07 16:30:00,17.7,18.85,19.92,18.0,20.33,20.06,21.42,23.98,20.62,21.16,20.94,20.37,22.64,18.31,20.71,-1.05,0.0,0.122,0.186,0.947,0.0,0.0,0.698,0.562,0.0,0.467,0.726,0.565,0.335,0.0,0.165,0.548
2020-01-07 16:45:00,17.67,18.8,19.84,17.91,20.3,20.04,21.38,23.56,20.59,21.18,20.92,20.34,22.17,18.3,20.71,-1.2,0.0,0.152,0.227,0.991,0.0,0.0,0.72,0.59,0.0,0.491,0.718,0.58,0.364,0.0,0.193,0.547
2020-01-07 17:00:00,17.64,18.75,19.77,17.83,20.27,20.04,21.35,23.19,20.58,21.19,20.91,20.32,21.76,18.3,20.71,-1.28,0.0,0.163,0.25,1.0,0.0,0.0,0.73,0.611,0.0,0.503,0.711,0.591,0.381,0.0,0.202,0.546
2020-01-07 17:15:00,17.61,18.7,19.69,17.75,20.25,20.03,21.32,22.85,20.57,21.2,20.9,20.31,21.41,18.3,20.71,-1.35,0.0,0.181,0.275,1.0,0.0,0.0,0.732,0.626,0.0,0.509,0.704,0.594,0.388,0.0,0.2,0.544
2020-01-07 17:30:00,17.6,18.67,19.6,17.7,20.24,20.03,21.3,22.52,20.55,21.22,20.89,20.3,21.07,18.3,20.72,-1.43,0.0,0.197,0.298,1.0,0.0,0.0,0.733,0.639,0.0,0.516,0.698,0.599,0.394,0.0,0.198,0.543
2020-01-07 17:45:00,17.54,18.63,19.57,17.61,20.22,20.02,21.28,22.29,20.54,21.23,20.88,20.28,20.79,18.3,20.72,-1.5,0.0,0.199,0.313,1.0,0.0,0.0,0.735,0.65,0.088,0.524,0.691,0.604,0.402,0.0,0.199,0.542
2020-01-07 18:00:00,17.56,18.62,19.5,17.54,20.2,20.01,21.26,22.1,20.53,21.24,20.88,20.27,20.49,18.29,20.72,-1.55,0.0,0.228,0.334,1.0,0.0,0.0,0.739,0.66,0.204,0.53,0.687,0.608,0.408,0.0,0.202,0.541
2020-01-07 18:15:00,17.53,18.6,19.45,17.49,20.18,20.01,21.24,22.0,20.52,21.25,20.87,20.26,20.22,18.28,20.72,-1.6,0.0,0.221,0.342,1.0,0.0,0.0,0.744,0.671,0.299,0.537,0.68,0.612,0.415,0.0,0.205,0.54
2020-01-07 18:30:00,17.53,18.58,19.41,17.43,20.17,20.0,21.22,21.94,20.51,21.26,20.86,20.25,20.02,18.28,20.73,-1.65,0.0,0.233,0.352,1.0,0.0,0.0,0.746,0.679,0.349,0.542,0.675,0.615,0.421,0.089,0.208,0.538
2020-01-07 18:45:00,17.52,18.56,19.37,17.38,20.15,20.0,21.21,21.89,20.5,21.27,20.86,20.23,19.91,18.28,20.73,-1.7,0.0,0.236,0.362,1.0,0.0,0.0,0.749,0.688,0.38,0.547,0.67,0.618,0.427,0.191,0.21,0.537
2020-01-07 19:00:00,17.51,18.55,19.33,17.32,20.14,19.99,21.19,21.85,20.48,21.28,20.85,20.22,19.86,18.27,20.73,-1.75,0.0,0.241,0.368,1.0,0.0,0.0,0.752,0.695,0.403,0.552,0.666,0.62,0.434,0.247,0.212,0.536
2020-01-07 19:15:00,17.41,18.48,18.97,17.17,20.12,19.97,21.18,21.65,20.47,21.28,20.85,20.0,19.83,18.26,20.73,-1.8,0.0,0.245,0.377,0.334,0.0,0.0,0.755,0.703,0.0,0.558,0.661,0.623,0.0,0.272,0.215,0.535
2020-01-07 19:30:00,17.4,18.45,18.89,17.07,20.11,19.93,21.16,21.33,20.46,21.29,20.84,19.65,19.81,18.25,20.73,-1.85,0.0,0.294,0.408,0.513,0.065,0.0,0.765,0.711,0.0,0.563,0.658,0.626,0.0,0.284,0.218,0.534
2020-01-07 19:45:00,17.43,18.46,18.85,17.15,20.1,19.91,21.15,21.03,20.45,21.3,20.84,19.48,19.78,18.22,20.74,-1.9,0.0,0.301,0.425,0.557,0.113,0.0,0.784,0.719,0.0,0.568,0.653,0.629,0.177,0.296,0.227,0.533
2020-01-07 20:00:00,17.35,18.41,18.89,17.01,20.08,19.88,21.14,20.78,20.45,21.31,20.84,19.45,19.77,18.24,20.74,-1.98,0.0,0.284,0.419,0.574,0.075,0.0,0.795,0.725,0.0,0.573,0.649,0.632,0.259,0.309,0.238,0.532
2020-01-07 20:15:00,17.45,18.46,18.74,17.12,20.08,19.89,20.9,20.55,20.2,21.32,20.83,19.43,19.75,18.22,20.67,-2.05,0.0,0.326,0.443,0.555,0.144,0.0,0.812,0.0,0.0,0.0,0.645,0.632,0.273,0.317,0.232,0.0
2020-01-07 20:30:00,17.33,18.41,18.79,16.99,19.87,19.89,20.62,20.35,19.84,21.32,20.83,19.44,19.73,18.23,20.58,-2.13,0.0,0.274,0.422,0.631,0.091,0.0,0.803,0.0,0.0,0.0,0.641,0.633,0.283,0.326,0.241,0.0
2020-01-07 20:45:00,17.39,18.42,18.74,17.0,19.7,19.89,20.3,20.14,19.5,21.33,20.83,19.43,19.71,18.24,20.48,-2.2,0.0,0.333,0.445,0.604,0.154,0.066,0.807,0.0,0.0,0.079,0.638,0.634,0.281,0.333,0.233,0.0
2020-01-07 21:00:00,17.37,18.4,18.69,17.01,19.6,19.89,20.03,19.92,19.36,21.34,20.82,19.42,19.69,18.23,20.37,-2.25,0.0,0.305,0.442,0.631,0.148,0.151,0.805,0.0,0.0,0.248,0.634,0.635,0.285,0.343,0.232,0.0
2020-01-07 21:15:00,17.36,18.84,18.7,16.97,19.46,19.88,19.84,19.76,19.34,21.34,20.53,19.39,19.68,18.23,20.29,-2.3,0.0,0.316,0.799,0.655,0.143,0.2,0.806,0.0,0.038,0.318,0.631,0.0,0.292,0.353,0.234,0.0
2020-01-07 21:30:00,17.38,18.73,18.7,17.0,19.4,19.87,19.65,19.63,19.32,21.35,20.04,19.37,19.67,18.23,20.2,-2.35,0.0,0.318,0.582,0.648,0.164,0.269,0.809,0.08,0.119,0.328,0.628,0.0,0.305,0.358,0.234,0.0
2020-01-07 21:45:00,17.36,18.76,18.67,16.98,19.36,19.87,19.55,19.56,19.31,21.36,19.55,19.36,19.66,18.22,20.12,-2.4,0.0,0.308,0.635,0.65,0.148,0.3,0.813,0.175,0.186,0.342,0.624,0.0,0.314,0.364,0.237,0.0
2020-01-07 22:00:00,17.37,18.74,18.64,16.99,19.33,19.87,19.5,19.52,19.3,21.36,19.31,19.35,19.65,18.22,20.03,-2.48,0.0,0.318,0.62,0.663,0.159,0.322,0.815,0.224,0.221,0.347,0.621,0.226,0.321,0.369,0.239,0.0
2020-01-07 22:15:00,17.39,18.78,18.78,17.66,19.32,19.91,19.47,19.51,19.29,21.33,19.29,19.35,19.65,18.43,19.97,-2.55,0.0,0.316,0.629,0.679,1.0,0.334,0.816,0.251,0.238,0.351,0.0,0.345,0.327,0.373,0.89,0.0
2020-01-07 22:30:00,17.43,18.79,18.87,18.12,19.3,20.0,19.45,19.49,19.27,21.25,19.31,19.37,19.64,18.71,19.89,-2.63,0.0,0.307,0.608,0.61,1.0,0.342,0.794,0.264,0.246,0.353,0.0,0.355,0.326,0.375,0.786,0.017
2020-01-07 22:45:00,17.43,18.77,18.83,18.14,19.29,20.02,19.42,19.46,19.25,21.16,19.32,19.4,19.63,18.91,19.81,-2.7,0.0,0.284,0.605,0.564,0.94,0.349,0.75,0.277,0.257,0.364,0.0,0.345,0.314,0.38,0.643,0.057
2020-01-07 23:00:00,17.37,18.77,18.84,18.21,19.28,20.11,19.39,19.44,19.24,21.09,19.31,19.35,19.62,18.93,19.75,-2.75,0.0,0.284,0.614,0.583,0.931,0.355,0.739,0.292,0.27,0.373,0.0,0.338,0.299,0.386,0.545,0.095
2020-01-07 23:15:00,17.43,18.79,18.82,18.3,19.27,20.05,19.37,19.42,19.23,21.02,19.29,19.39,19.49,19.0,19.71,-2.8,0.0,0.317,0.613,0.579,0.895,0.361,0.697,0.303,0.281,0.379,0.0,0.346,0.323,0.19,0.536,0.123
2020-01-07 23:30:00,17.36,18.79,18.86,18.36,19.26,20.09,19.36,19.4,19.22,20.95,19.27,19.33,19.33,18.98,19.67,-2.85,0.0,0.283,0.604,0.592,0.851,0.365,0.726,0.314,0.291,0.384,0.0,0.356,0.307,0.255,0.502,0.147
2020-01-07 23:45:00,17.44,18.81,18.8,18.45,19.26,20.04,19.34,19.39,19.21,20.89,19.25,19.35,19.28,19.02,19.63,-2.9,0.0,0.319,0.605,0.571,0.822,0.368,0.705,0.322,0.299,0.389,0.0,0.367,0.334,0.333,0.511,0.167
2020-01-08 00:00:00,17.34,18.8,18.86,18.49,19.25,20.08,19.33,19.38,19.21,20.83,19.24,19.32,19.29,19.01,19.6,-2.98,0.0,0.281,0.597,0.598,0.777,0.371,0.731,0.33,0.306,0.393,0.0,0.375,0.323,0.358,0.488,0.185
2020-01-08 00:15:00,18.14,18.85,18.97,18.6,19.25,19.88,19.32,19.37,19.2,20.79,19.23,19.29,19.3,19.0,19.58,-3.05,0.0,1.0,0.599,0.568,0.757,0.373,0.0,0.336,0.311,0.397,0.0,0.381,0.342,0.356,0.495,0.201
2020-01-08 00:30:00,18.48,18.84,19.02,18.68,19.25,19.6,19.3,19.35,19.19,20.71,19.22,19.25,19.3,18.98,19.55,-3.13,0.0,0.931,0.575,0.517,0.699,0.375,0.061,0.341,0.316,0.399,0.0,0.385,0.355,0.351,0.5,0.211
2020-01-08 00:45:00,18.29,18.83,19.04,18.67,19.24,19.48,19.29,19.34,19.19,20.66,19.21,19.15,19.29,18.9,19.52,-3.2,0.0,0.758,0.579,0.491,0.661,0.376,0.202,0.349,0.323,0.404,0.0,0.392,0.375,0.349,0.508,0.227
2020-01-08 01:00:00,18.46,18.84,18.95,18.73,19.24,19.36,19.28,19.33,19.18,20.6,19.2,19.16,19.27,18.91,19.5,-3.28,0.0,0.854,0.587,0.479,0.664,0.378,0.261,0.353,0.328,0.406,0.0,0.397,0.423,0.356,0.55,0.238
2020-01-08 01:15:00,18.41,18.81,19.05,18.71,19.24,19.34,19.27,19.32,19.17,20.54,19.19,19.14,19.26,18.9,19.49,-3.35,0.0,0.772,0.578,0.525,0.637,0.379,0.322,0.358,0.335,0.411,0.0,0.402,0.422,0.365,0.547,0.248
2020-01-08 01:30:00,18.52,18.86,18.95,18.78,19.23,19.3,19.26,19.31,19.16,20.49,19.18,19.16,19.25,18.93,19.47,-3.42,0.0,0.794,0.595,0.477,0.643,0.381,0.332,0.364,0.341,0.415,0.0,0.407,0.428,0.372,0.552,0.256
2020-01-08 01:45:00,18.48,18.8,19.03,18.75,19.23,19.3,19.25,19.3,19.16,20.44,19.17,19.15,19.24,18.93,19.46,-3.5,0.0,0.74,0.572,0.523,0.612,0.383,0.349,0.371,0.346,0.418,0.0,0.412,0.422,0.377,0.536,0.264
2020-01-08 02:00:00,18.59,18.84,18.95,18.81,19.23,19.27,19.23,19.29,19.15,20.38,19.16,19.15,19.23,18.94,19.44,-3.58,0.0,0.759,0.598,0.484,0.624,0.384,0.352,0.377,0.352,0.421,0.0,0.417,0.423,0.381,0.534,0.272
2020-01-08 02:15:00,18.56,18.8,19.02,18.79,19.23,19.26,19.23,19.28,19.14,20.33,19.15,19.15,19.22,18.93,19.43,-3.65,0.0,0.706,0.578,0.524,0.594,0.385,0.364,0.383,0.357,0.425,0.0,0.421,0.424,0.386,0.53,0.278
2020-01-08 02:30:00,18.62,18.83,18.95,18.84,19.22,19.24,19.22,19.27,19.13,20.28,19.14,19.15,19.21,18.93,19.42,-3.72,0.0,0.721,0.602,0.491,0.604,0.386,0.372,0.386,0.362,0.43,0.0,0.425,0.423,0.391,0.535,0.284
2020-01-08 02:45:00,18.58,18.79,19.0,18.81,19.22,19.22,19.21,19.26,19.13,20.23,19.14,19.14,19.2,18.93,19.41,-3.8,0.0,0.69,0.584,0.525,0.582,0.388,0.382,0.392,0.367,0.433,0.0,0.429,0.427,0.396,0.534,0.29
2020-01-08 03:00:00,18.64,18.82,18.94,18.86,19.22,19.21,19.21,19.26,19.13,20.18,19.14,19.14,19.21,18.94,19.4,-3.92,0.0,0.708,0.604,0.501,0.593,0.389,0.389,0.396,0.372,0.437,0.0,0.432,0.431,0.4,0.534,0.295
2020-01-08 03:15:00,18.61,18.79,18.98,18.84,19.4,19.21,19.2,19.26,19.39,20.13,19.14,19.14,19.21,18.95,19.39,-4.05,0.0,0.681,0.591,0.528,0.572,1.0,0.393,0.397,0.37,1.0,0.0,0.432,0.431,0.397,0.529,0.299
2020-01-08 03:30:00,18.68,18.83,18.97,18.89,19.49,19.21,19.24,19.26,19.71,20.09,19.13,19.14,19.21,18.96,19.39,-4.18,0.0,0.695,0.606,0.508,0.58,1.0,0.393,0.399,0.37,1.0,0.0,0.432,0.43,0.396,0.525,0.303
2020-01-08 03:45:00,18.63,18.78,18.96,18.87,19.56,19.2,19.26,19.26,19.92,20.03,19.13,19.14,19.21,18.97,19.38,-4.3,0.0,0.66,0.584,0.516,0.557,1.0,0.395,0.379,0.37,0.995,0.0,0.433,0.43,0.395,0.521,0.306
2020-01-08 04:00:00,18.67,18.81,18.94,18.89,19.63,19.2,19.26,19.26,20.03,19.98,19.14,19.14,19.21,18.97,19.37,-4.28,0.0,0.684,0.608,0.519,0.566,1.0,0.4,0.372,0.372,0.889,0.0,0.434,0.43,0.396,0.517,0.311
2020-01-08 04:15:00,18.22,18.84,18.94,18.92,19.68,19.2,19.27,19.26,20.1,19.94,19.14,19.15,18.99,18.98,19.37,-4.25,0.0,0.315,0.596,0.528,0.555,1.0,0.4,0.372,0.371,0.835,0.011,0.432,0.428,0.0,0.514,0.314
2020-01-08 04:30:00,18.43,18.82,18.92,18.91,19.73,19.2,19.28,19.26,20.16,19.89,19.14,19.15,18.6,18.99,19.36,-4.22,0.0,0.539,0.582,0.532,0.542,1.0,0.401,0.363,0.37,0.799,0.031,0.431,0.426,0.004,0.509,0.317
2020-01-08 04:45:00,18.36,18.82,18.94,18.92,19.77,19.19,19.28,19.26,20.19,19.84,19.14,19.15,18.42,19.0,19.35,-4.2,0.0,0.437,0.592,0.542,0.543,1.0,0.401,0.359,0.37,0.772,0.054,0.429,0.425,0.198,0.505,0.32
2020-01-08 05:00:00,18.37,18.82,18.91,18.93,19.8,19.2,19.29,19.26,20.23,19.8,19.15,19.16,18.42,19.01,19.35,-4.2,0.0,0.471,0.59,0.531,0.54,1.0,0.403,0.36,0.369,0.753,0.079,0.428,0.423,0.289,0.501,0.323
2020-01-08 05:15:00,18.37,18.83,18.93,18.94,19.84,19.2,19.13,19.27,20.26,19.77,19.15,19.16,18.47,19.02,19.35,-4.2,0.0,0.466,0.589,0.546,0.533,1.0,0.402,0.0,0.368,0.734,0.098,0.426,0.421,0.289,0.497,0.325
2020-01-08 05:30:00,18.37,18.84,18.92,18.96,19.82,19.2,18.96,19.27,20.3,19.74,19.16,19.17,18.49,19.03,19.34,-4.2,0.0,0.467,0.587,0.536,0.528,1.0,0.401,0.0,0.366,0.718,0.115,0.424,0.419,0.267,0.492,0.327
2020-01-08 05:45:00,18.37,18.84,18.93,18.96,19.8,19.2,18.81,19.27,20.3,19.71,19.16,19.17,18.48,19.03,19.34,-4.2,0.0,0.463,0.582,0.541,0.521,1.0,0.4,0.0,0.365,0.701,0.131,0.422,0.417,0.256,0.487,0.33
2020-01-08 06:00:00,18.37,18.84,18.92,18.97,19.76,19.2,18.69,19.27,20.31,19.68,19.16,19.17,18.46,19.04,19.33,-4.22,0.0,0.465,0.582,0.536,0.518,1.0,0.399,0.0,0.363,0.699,0.146,0.419,0.414,0.258,0.483,0.332
2020-01-08 06:15:00,18.32,19.23,18.5,18.93,19.72,19.17,18.59,19.27,20.31,19.71,19.16,18.96,18.45,18.93,19.33,-4.25,0.0,0.466,1.0,0.14,0.514,1.0,0.4,0.0,0.365,0.695,0.909,0.42,0.0,0.268,0.231,0.334
2020-01-08 06:30:00,18.33,19.35,18.67,18.96,19.69,19.11,18.49,19.25,20.31,19.79,19.18,18.67,18.42,18.79,19.33,-4.28,0.0,0.49,1.0,0.348,0.534,1.0,0.413,0.0,0.366,0.695,0.895,0.419,0.0,0.273,0.286,0.335
2020-01-08 06:45:00,18.32,19.33,18.65,18.96,19.69,19.07,18.39,19.25,20.31,19.9,19.18,18.39,18.42,18.72,19.32,-4.3,0.0,0.483,1.0,0.267,0.522,1.0,0.445,0.0,0.376,0.695,0.853,0.408,0.013,0.288,0.353,0.337
2020-01-08 07:00:00,18.3,19.34,18.6,18.94,19.65,18.98,18.34,19.25,20.33,19.97,19.17,18.35,18.41,18.72,19.32,-4.33,0.0,0.489,1.0,0.276,0.519,1.0,0.463,0.0,0.375,0.693,0.799,0.409,0.153,0.289,0.392,0.339
2020-01-08 07:15:00,18.32,19.4,18.66,19.34,19.64,18.82,18.25,19.04,20.32,20.02,18.91,18.25,18.4,18.67,19.32,-4.35,0.0,0.499,1.0,0.3,0.928,1.0,0.0,0.0,0.0,0.684,0.765,0.0,0.175,0.294,0.391,0.341
2020-01-08 07:30:00,18.32,19.46,18.66,19.3,19.61,18.53,18.17,18.69,20.32,20.06,18.5,18.16,18.39,18.63,19.31,-4.38,0.0,0.492,1.0,0.269,0.732,1.0,0.0,0.0,0.0,0.69,0.742,0.0,0.225,0.298,0.415,0.342
2020-01-08 07:45:00,18.29,19.43,18.62,19.29,19.61,18.29,18.09,18.41,20.31,20.11,18.15,18.11,18.38,18.62,19.31,-4.4,0.0,0.49,1.0,0.269,0.752,1.0,0.0,0.0,0.0,0.692,0.719,0.101,0.272,0.303,0.434,0.343
2020-01-08 08:00:00,18.29,19.44,18.61,19.31,19.55,18.15,18.05,18.24,20.33,20.14,18.09,18.06,18.38,18.57,19.31,-4.4,0.0,0.507,1.0,0.29,0.757,1.0,0.0,0.0,0.095,0.696,0.696,0.274,0.294,0.308,0.441,0.345
2020-01-08 08:15:00,18.29,19.47,18.61,19.33,19.57,17.99,17.96,18.17,20.3,20.17,18.13,18.08,18.37,18.55,19.26,-4.4,3.0,0.505,1.0,0.294,0.746,1.0,0.0,0.0,0.18,0.687,0.679,0.304,0.318,0.312,0.466,0.0
2020-01-08 08:30:00,18.29,19.5,18.6,19.35,19.51,17.88,17.94,18.15,20.33,20.2,18.16,18.1,18.38,18.52,19.18,-4.4,9.5,0.504,1.0,0.297,0.737,1.0,0.0,0.0,0.216,0.698,0.664,0.286,0.311,0.313,0.475,0.0
2020-01-08 08:45:00,18.3,19.53,18.6,19.37,19.54,17.78,17.86,18.15,20.31,20.22,18.17,18.08,18.38,18.5,19.1,-4.4,16.0,0.503,0.999,0.298,0.726,1.0,0.0,0.0,0.224,0.687,0.651,0.268,0.302,0.311,0.492,0.0
2020-01-08 09:00:00,18.3,19.56,18.62,19.39,19.48,17.69,17.85,18.17,20.34,20.25,18.14,18.06,18.41,18.5,19.02,-4.32,22.5,0.5,0.983,0.299,0.715,1.0,0.0,0.0,0.224,0.696,0.638,0.266,0.312,0.309,0.498,0.0
2020-01-08 09:15:00,18.32,19.6,18.61,19.43,19.52,17.63,17.78,18.16,20.32,20.27,18.13,18.05,18.41,18.49,18.95,-4.25,29.0,0.502,0.968,0.291,0.703,1.0,0.004,0.0,0.215,0.679,0.627,0.282,0.319,0.295,0.501,0.0
2020-01-08 09:30:00,18.32,19.61,18.63,19.43,19.47,17.58,17.79,18.15,20.36,20.29,18.14,18.04,18.41,18.49,18.88,-4.17,31.8,0.49,0.95,0.295,0.687,1.0,0.034,0.0,0.219,0.689,0.617,0.284,0.327,0.295,0.507,0.0
2020-01-08 09:45:00,18.34,19.64,18.62,19.46,19.51,17.56,17.71,18.14,20.33,20.3,18.14,18.04,18.4,18.48,18.81,-4.1,34.5,0.492,0.945,0.283,0.685,1.0,0.06,0.0,0.225,0.671,0.607,0.282,0.328,0.297,0.507,0.0
2020-01-08 10:00:00,18.32,19.64,18.64,19.45,19.45,17.53,17.72,18.12,20.36,20.32,18.12,18.04,18.39,18.48,18.75,-4.07,37.2,0.481,0.929,0.292,0.669,1.0,0.071,0.0,0.23,0.684,0.598,0.282,0.33,0.298,0.509,0.0
2020-01-08 10:15:00,18.34,19.67,18.61,19.48,19.49,17.52,17.64,18.11,20.32,20.33,18.11,18.03,18.38,18.47,18.69,-4.05,40.0,0.489,0.931,0.28,0.674,1.0,0.083,0.0,0.239,0.669,0.59,0.29,0.332,0.304,0.51,0.0
2020-01-08 10:30:00,18.32,19.65,18.64,19.46,19.42,17.5,17.65,18.1,20.36,20.35,18.1,18.03,18.37,18.47,18.62,-4.02,40.5,0.479,0.916,0.296,0.658,1.0,0.09,0.0,0.246,0.688,0.583,0.295,0.335,0.309,0.514,0.0
2020-01-08 10:45:00,18.35,19.69,18.59,19.5,19.47,17.48,17.56,18.08,20.31,20.36,18.09,18.02,18.37,18.46,18.56,-4.0,41.0,0.488,0.923,0.279,0.67,1.0,0.102,0.0,0.252,0.672,0.576,0.3,0.337,0.313,0.515,0.0
2020-01-08 11:00:00,18.33,19.67,18.64,19.46,19.39,17.47,17.59,18.08,20.35,20.37,18.09,18.02,18.37,18.46,18.5,-3.98,41.5,0.477,0.906,0.303,0.651,1.0,0.108,0.0,0.258,0.695,0.57,0.303,0.342,0.317,0.521,0.0
2020-01-08 11:15:00,18.35,19.71,18.58,19.52,19.45,17.46,17.49,18.08,20.3,20.38,18.09,18.01,18.37,18.46,18.44,-3.95,42.0,0.487,0.917,0.278,0.669,1.0,0.117,0.0,0.259,0.674,0.564,0.303,0.342,0.316,0.52,0.0
2020-01-08 11:30:00,18.32,19.67,18.65,19.46,19.36,17.45,17.53,18.07,20.35,20.39,18.09,18.01,18.36,18.46,18.38,-3.93,40.2,0.473,0.895,0.308,0.641,1.0,0.118,0.0,0.261,0.699,0.559,0.303,0.344,0.316,0.522,0.0
2020-01-08 11:45:00,18.36,19.73,18.56,19.53,19.43,17.44,17.42,18.06,20.3,20.4,18.08,17.99,18.35,18.46,18.33,-3.9,38.5,0.49,0.914,0.274,0.67,1.0,0.125,0.0,0.265,0.675,0.554,0.307,0.344,0.319,0.521,0.0
2020-01-08 12:00:00,18.31,19.66,18.66,19.44,19.33,17.43,17.46,18.05,20.35,20.41,18.07,17.99,18.34,18.45,18.27,-3.9,36.8,0.471,0.886,0.318,0.636,1.0,0.128,0.0,0.27,0.702,0.549,0.311,0.354,0.323,0.52,0.0
2020-01-08 12:15:00,18.36,19.73,18.53,19.54,19.41,17.42,17.34,18.03,20.28,20.42,18.06,17.97,18.33,18.44,18.21,-3.9,35.0,0.497,0.918,0.27,0.678,1.0,0.136,0.0,0.277,0.677,0.545,0.316,0.356,0.329,0.523,0.016
2020-01-08 12:30:00,18.4,19.96,18.95,19.57,19.36,17.46,17.47,18.42,20.32,20.42,18.1,18.17,18.77,18.45,18.17,-3.9,191.5,0.471,0.883,0.335,0.628,1.0,0.142,0.0,0.283,0.712,0.541,0.321,0.363,0.334,0.529,0.043
2020-01-08 12:45:00,18.52,20.22,19.29,19.76,19.41,17.55,17.58,19.02,20.37,20.43,18.16,18.37,19.42,18.53,18.13,-3.9,348.0,0.45,0.769,0.124,0.614,1.0,0.122,0.0,0.089,0.69,0.538,0.3,0.266,0.114,0.523,0.063
2020-01-08 13:00:00,18.63,20.42,19.67,19.87,19.49,17.64,17.7,19.8,20.45,20.44,18.22,18.5,20.23,18.64,18.09,-3.68,504.5,0.392,0.638,0.0,0.522,1.0,0.076,0.0,0.0,0.665,0.534,0.272,0.163,0.0,0.483,0.084
2020-01-08 13:15:00,18.81,20.61,20.26,19.98,19.57,17.69,17.86,20.71,20.52,20.44,18.26,18.57,21.21,18.69,18.06,-3.45,661.0,0.333,0.539,0.0,0.466,1.0,0.029,0.0,0.0,0.623,0.531,0.242,0.099,0.0,0.43,0.103
2020-01-08 13:30:00,18.88,20.57,20.6,20.05,19.63,17.67,17.93,21.59,20.56,20.45,18.25,18.5,22.11,18.68,18.03,-3.23,651.2,0.244,0.445,0.0,0.411,1.0,0.004,0.0,0.0,0.588,0.528,0.219,0.063,0.0,0.403,0.119
2020-01-08 13:45:00,18.93,20.52,20.8,20.1,19.65,17.6,17.94,22.35,20.56,20.45,18.21,18.36,22.88,18.64,18.01,-3.0,641.5,0.209,0.466,0.0,0.373,1.0,0.016,0.0,0.0,0.57,0.525,0.226,0.1,0.0,0.408,0.134
2020-01-08 14:00:00,18.98,20.52,21.0,20.15,19.65,17.54,17.91,23.06,20.56,20.46,18.2,18.25,23.59,18.61,17.98,-2.9,631.8,0.186,0.488,0.0,0.352,1.0,0.052,0.0,0.0,0.568,0.523,0.246,0.169,0.0,0.43,0.147
2020-01-08 14:15:00,19.01,20.52,21.16,20.19,19.63,17.49,17.86,23.74,20.55,20.46,18.15,18.17,24.27,18.59,17.96,-2.8,622.0,0.159,0.488,0.0,0.323,1.0,0.08,0.0,0.0,0.568,0.52,0.251,0.223,0.0,0.444,0.158
2020-01-08 14:30:00,19.04,20.53,21.25,20.22,19.62,17.49,17.82,24.32,20.55,20.47,18.16,18.15,24.81,18.6,17.95,-2.7,599.2,0.145,0.491,0.0,0.305,1.0,0.104,0.0,0.0,0.574,0.518,0.273,0.263,0.0,0.454,0.168
2020-01-08 14:45:00,19.04,20.53,21.34,20.27,19.61,17.51,17.79,24.85,20.58,20.47,18.17,18.15,25.31,18.64,17.93,-2.6,576.5,0.132,0.483,0.0,0.29,1.0,0.106,0.0,0.0,0.574,0.516,0.271,0.277,0.0,0.451,0.177
2020-01-08 15:00:00,19.05,20.53,21.41,20.27,19.62,17.53,17.77,25.28,20.64,20.48,18.18,18.15,25.7,18.71,17.92,-2.57,553.8,0.13,0.483,0.0,0.267,1.0,0.096,0.0,0.0,0.559,0.514,0.263,0.277,0.0,0.428,0.185
2020-01-08 15:15:00,18.9,20.44,21.01,20.12,19.63,17.55,17.76,25.64,20.71,20.48,18.19,18.15,26.01,18.78,17.9,-2.55,531.0,0.127,0.483,0.0,0.265,1.0,0.084,0.0,0.0,0.531,0.512,0.262,0.274,0.0,0.395,0.192
2020-01-08 15:30:00,18.65,20.3,20.15,19.91,19.65,17.55,17.74,25.67,20.75,20.48,18.17,18.14,25.97,18.81,17.89,-2.52,400.5,0.2,0.529,0.0,0.338,1.0,0.073,0.0,0.0,0.495,0.51,0.256,0.274,0.0,0.359,0.198
2020-01-08 15:45:00,18.55,20.21,19.83,19.82,19.64,17.52,17.71,25.1,20.72,20.48,18.13,18.11,25.65,18.79,17.88,-2.5,270.0,0.327,0.601,0.0,0.444,1.0,0.075,0.0,0.0,0.477,0.509,0.267,0.282,0.0,0.347,0.203
2020-01-08 16:00:00,18.52,20.16,19.68,19.82,19.59,17.45,17.64,24.24,20.6,20.49,18.09,18.05,25.02,18.7,17.87,-2.57,139.5,0.375,0.643,0.0,0.492,1.0,0.089,0.0,0.0,0.49,0.508,0.284,0.297,0.0,0.357,0.209
2020-01-08 16:15:00,18.44,20.09,19.51,19.75,19.53,17.36,17.56,23.55,20.49,20.49,18.04,17.98,24.05,18.53,17.86,-2.65,9.0,0.388,0.669,0.0,0.49,1.0,0.123,0.0,0.0,0.552,0.506,0.307,0.327,0.0,0.402,0.213
2020-01-08 16:30:00,18.42,20.04,19.34,19.71,19.48,17.31,17.48,23.0,20.44,20.49,18.03,17.94,23.33,18.46,17.85,-2.72,6.8,0.429,0.706,0.0,0.527,1.0,0.17,0.0,0.0,0.605,0.505,0.328,0.361,0.0,0.485,0.218
2020-01-08 16:45:00,18.37,19.97,19.16,19.66,19.45,17.3,17.41,22.51,20.4,20.49,18.02,17.93,22.71,18.44,17.85,-2.8,0.0,0.441,0.731,0.0,0.546,1.0,0.195,0.0,0.0,0.632,0.504,0.335,0.379,0.0,0.522,0.223
2020-01-08 17:00:00,18.34,19.93,19.03,19.62,19.41,17.31,17.35,22.07,20.38,20.5,18.01,17.93,22.17,18.44,17.84,-2.87,0.0,0.467,0.763,0.018,0.571,1.0,0.2,0.0,0.0,0.649,0.503,0.34,0.387,0.0,0.531,0.227
2020-01-08 17:15:00,18.33,19.9,18.98,19.6,19.38,17.31,17.29,21.67,20.36,20.5,18.01,17.93,21.67,18.44,17.83,-2.95,0.0,0.48,0.786,0.083,0.591,1.0,0.197,0.0,0.0,0.661,0.502,0.343,0.385,0.0,0.53,0.231
2020-01-08 17:30:00,18.31,19.87,18.91,19.58,19.36,17.31,17.24,21.3,20.34,20.5,18.0,17.92,21.23,18.43,17.83,-3.02,0.0,0.487,0.8,0.111,0.601,1.0,0.194,0.006,0.0,0.67,0.501,0.347,0.385,0.0,0.53,0.234
2020-01-08 17:45:00,18.3,19.84,18.84,19.55,19.33,17.3,17.19,20.96,20.32,20.5,17.99,17.91,20.83,18.42,17.82,-3.1,0.0,0.494,0.815,0.144,0.612,1.0,0.195,0.032,0.0,0.68,0.5,0.352,0.388,0.0,0.533,0.237
2020-01-08 18:00:00,18.29,19.82,18.79,19.54,19.31,17.3,17.16,20.64,20.31,20.5,17.98,17.91,20.47,18.41,17.81,-3.17,0.0,0.502,0.83,0.178,0.623,1.0,0.199,0.055,0.0,0.688,0.499,0.356,0.394,0.0,0.539,0.24
2020-01-08 18:15:00,18.28,19.81,18.76,19.53,19.3,17.29,17.13,20.35,20.3,20.5,17.98,17.9,20.13,18.41,17.81,-3.25,0.0,0.506,0.84,0.204,0.631,1.0,0.202,0.071,0.0,0.695,0.499,0.358,0.397,0.0,0.543,0.243
2020-01-08 18:30:00,18.26,19.77,18.73,19.51,19.29,17.29,17.11,20.06,20.29,20.51,17.98,17.9,19.81,18.4,17.8,-3.33,0.0,0.508,0.847,0.218,0.635,1.0,0.204,0.083,0.0,0.699,0.498,0.36,0.398,0.0,0.545,0.246
2020-01-08 18:45:00,18.26,19.75,18.7,19.5,19.27,17.29,17.11,19.8,20.29,20.51,17.97,17.9,19.51,18.4,17.8,-3.4,0.0,0.518,0.867,0.236,0.643,1.0,0.205,0.095,0.0,0.704,0.497,0.362,0.4,0.0,0.548,0.249
2020-01-08 19:00:00,18.26,19.74,18.67,19.5,19.27,17.28,17.09,19.55,20.28,20.51,17.97,17.89,19.24,18.4,17.79,-3.48,0.0,0.52,0.876,0.25,0.652,1.0,0.207,0.096,0.0,0.703,0.497,0.364,0.401,0.0,0.549,0.251
2020-01-08 19:15:00,18.25,19.73,18.65,19.49,19.13,17.28,17.1,19.32,20.01,20.51,17.96,17.89,18.99,18.39,17.79,-3.55,0.0,0.521,0.88,0.263,0.652,0.364,0.208,0.106,0.0,0.0,0.496,0.366,0.403,0.0,0.551,0.253
2020-01-08 19:30:00,18.27,19.75,18.64,19.5,19.01,17.28,17.0,19.11,19.66,20.51,17.96,17.89,18.77,18.39,17.79,-3.63,0.0,0.524,0.886,0.273,0.657,0.433,0.21,0.102,0.0,0.0,0.496,0.368,0.405,0.007,0.553,0.255
2020-01-08 19:45:00,18.25,19.71,18.62,19.49,18.93,17.27,16.93,18.87,19.4,20.51,17.96,17.88,18.58,18.39,17.78,-3.7,0.0,0.514,0.873,0.278,0.65,0.497,0.211,0.151,0.0,0.168,0.496,0.369,0.407,0.117,0.555,0.257
2020-01-08 20:00:00,18.24,19.7,18.6,19.47,18.83,17.27,16.97,18.66,19.34,20.51,17.95,17.88,18.51,18.38,17.78,-3.78,0.0,0.527,0.893,0.29,0.656,0.533,0.213,0.183,0.0,0.299,0.495,0.372,0.409,0.209,0.557,0.26
2020-01-08 20:15:00,18.67,19.73,18.62,19.49,18.83,17.26,16.93,18.47,19.28,20.51,17.95,17.87,18.73,18.38,17.77,-3.85,0.0,0.879,0.901,0.301,0.666,0.585,0.215,0.166,0.0,0.332,0.495,0.375,0.412,0.744,0.559,0.261
2020-01-08 20:30:00,18.57,19.73,18.62,19.5,18.8,17.26,16.95,18.3,19.24,20.51,17.94,17.88,19.08,18.35,17.77,-3.93,0.0,0.663,0.887,0.291,0.657,0.585,0.218,0.185,0.063,0.36,0.494,0.377,0.416,0.634,0.562,0.263
2020-01-08 20:45:00,18.55,19.68,18.58,19.46,18.78,17.25,16.96,18.19,19.22,20.51,17.94,17.87,19.29,18.35,17.77,-4.0,0.0,0.714,0.883,0.292,0.652,0.6,0.221,0.176,0.15,0.38,0.494,0.379,0.409,0.461,0.574,0.265
2020-01-08 21:00:00,18.58,19.66,18.56,19.44,18.77,17.24,16.95,18.14,19.18,20.51,17.92,17.86,19.22,18.33,17.76,-4.08,0.0,0.723,0.912,0.308,0.67,0.612,0.223,0.169,0.203,0.388,0.494,0.382,0.415,0.357,0.575,0.267
2020-01-08 21:15:00,18.57,19.64,18.55,19.43,18.73,17.23,17.2,18.1,19.16,20.51,17.91,17.84,19.13,18.32,17.76,-4.15,0.0,0.71,0.919,0.322,0.679,0.615,0.228,1.0,0.232,0.409,0.493,0.39,0.422,0.391,0.583,0.268
2020-01-08 21:30:00,18.61,19.66,18.54,19.45,18.89,17.22,17.51,18.08,19.17,20.51,17.9,17.79,19.09,18.33,17.76,-4.23,0.0,0.717,0.928,0.327,0.687,0.634,0.236,1.0,0.249,0.422,0.493,0.396,0.43,0.433,0.592,0.27
2020-01-08 21:45:00,18.6,19.64,18.52,19.43,19.01,17.21,17.86,18.04,19.2,20.52,17.89,17.78,19.08,18.32,17.76,-4.3,0.0,0.694,0.921,0.332,0.675,0.554,0.242,1.0,0.262,0.415,0.493,0.4,0.454,0.453,0.583,0.271
2020-01-08 22:00:00,18.58,19.59,18.51,19.41,19.04,17.21,18.12,18.03,19.21,20.52,17.89,17.79,19.09,18.31,17.75,-4.38,0.0,0.7,0.928,0.338,0.683,0.497,0.247,1.0,0.278,0.4,0.492,0.405,0.458,0.461,0.591,0.272
2020-01-08 22:15:00,18.65,18.94,18.73,19.5,19.17,17.25,18.25,18.01,19.18,20.48,17.89,17.99,19.09,18.4,17.75,-4.45,0.0,0.712,0.203,0.747,0.695,0.479,0.247,0.94,0.287,0.393,0.0,0.405,1.0,0.457,0.844,0.274
2020-01-08 22:30:00,18.57,19.16,18.71,19.46,19.2,17.27,18.41,18.04,19.16,20.4,17.82,18.29,19.15,18.54,17.75,-4.52,0.0,0.676,0.532,0.635,0.652,0.415,0.224,0.873,0.293,0.408,0.0,0.406,1.0,0.456,0.799,0.275
2020-01-08 22:45:00,18.61,19.06,18.71,19.47,19.25,17.39,18.47,18.02,19.14,20.33,17.83,18.37,19.13,18.54,17.75,-4.6,0.0,0.716,0.422,0.643,0.672,0.4,0.217,0.793,0.279,0.421,0.0,0.44,0.853,0.425,0.731,0.276
2020-01-08 23:00:00,18.6,19.03,18.71,19.46,19.25,17.33,18.53,17.98,19.13,20.26,17.83,18.47,19.09,18.62,17.74,-4.67,0.0,0.693,0.47,0.644,0.663,0.375,0.155,0.765,0.292,0.432,0.0,0.436,0.817,0.437,0.731,0.277
2020-01-08 23:15:00,18.64,19.03,18.68,19.01,19.27,17.56,18.57,18.28,19.12,20.21,18.12,18.49,19.08,18.62,17.74,-4.75,0.0,0.7,0.483,0.645,0.271,0.375,1.0,0.733,1.0,0.436,0.0,1.0,0.766,0.454,0.691,0.279
2020-01-08 23:30:00,18.61,18.95,18.66,19.1,19.28,17.88,18.6,18.74,19.1,20.15,18.5,18.59,19.07,18.73,17.74,-4.83,0.0,0.679,0.483,0.662,0.495,0.364,1.0,0.717,0.858,0.442,0.0,0.941,0.756,0.462,0.689,0.28
2020-01-08 23:45:00,18.62,18.95,18.68,19.1,19.28,18.14,18.62,18.92,19.09,20.09,18.68,18.69,19.06,18.82,17.74,-4.9,0.0,0.694,0.523,0.672,0.451,0.361,1.0,0.7,0.629,0.448,0.0,0.748,0.703,0.467,0.637,0.281
2020-01-09 00:00:00,18.59,18.9,18.67,19.03,19.27,18.34,18.66,18.94,19.09,20.02,18.72,18.72,19.06,18.83,17.73,-4.98,0.0,0.69,0.523,0.658,0.451,0.361,0.929,0.688,0.542,0.455,0.0,0.661,0.654,0.471,0.589,0.282
2020-01-09 00:15:00,18.6,18.88,18.66,19.04,19.28,18.39,18.68,18.93,19.08,19.97,18.73,18.8,19.07,18.91,17.83,-5.05,0.0,0.704,0.549,0.666,0.485,0.364,0.828,0.67,0.528,0.456,0.0,0.639,0.639,0.469,0.583,1.0
2020-01-09 00:30:00,18.61,18.86,18.69,19.0,19.28,18.51,18.71,18.94,19.08,19.91,18.74,18.78,19.07,18.87,18.01,-5.12,0.0,0.698,0.559,0.671,0.481,0.36,0.803,0.659,0.534,0.459,0.017,0.636,0.599,0.467,0.545,1.0
2020-01-09 00:45:00,18.61,18.87,18.68,18.97,19.28,18.54,18.77,18.95,19.03,19.86,18.76,18.87,19.07,18.84,18.17,-5.2,0.0,0.697,0.571,0.656,0.501,0.361,0.745,0.644,0.532,0.458,0.044,0.63,0.608,0.467,0.563,0.996
2020-01-09 01:00:00,18.6,18.78,18.69,18.97,19.28,18.58,18.73,18.95,19.08,19.82,18.76,18.78,19.05,18.89,18.31,-5.27,0.0,0.693,0.566,0.662,0.517,0.359,0.732,0.615,0.525,0.487,0.069,0.62,0.564,0.467,0.579,0.914
2020-01-09 01:15:00,18.6,18.8,18.67,18.95,19.27,18.59,18.74,18.95,19.06,19.78,18.76,18.79,19.03,18.88,18.41,-5.35,0.0,0.701,0.608,0.656,0.513,0.36,0.709,0.637,0.525,0.46,0.092,0.621,0.611,0.476,0.555,0.847
2020-01-09 01:30:00,18.59,18.76,18.68,18.95,19.26,18.62,18.74,18.95,19.04,19.74,18.76,18.78,19.02,18.86,18.5,-5.42,0.0,0.701,0.601,0.664,0.524,0.366,0.703,0.63,0.525,0.471,0.112,0.62,0.606,0.483,0.562,0.794
2020-01-09 01:45:00,18.62,18.75,18.64,18.94,19.25,18.68,18.75,18.87,19.03,19.7,18.84,18.78,18.92,18.86,18.57,-5.5,0.0,0.707,0.619,0.661,0.527,0.368,0.691,0.629,0.525,0.48,0.131,0.619,0.61,0.488,0.569,0.751
2020-01-09 02:00:00,18.55,18.73,18.69,18.92,19.25,18.64,18.75,18.97,19.02,19.67,18.75,18.79,19.03,18.87,18.63,-5.58,0.0,0.691,0.627,0.681,0.53,0.373,0.661,0.627,0.563,0.485,0.148,0.579,0.61,0.538,0.572,0.716
2020-01-09 02:15:00,18.59,18.72,18.65,18.95,19.24,18.67,18.75,18.97,19.02,19.64,18.76,18.78,19.03,18.84,18.68,-5.65,0.0,0.727,0.637,0.654,0.54,0.376,0.681,0.625,0.517,0.489,0.163,0.623,0.604,0.485,0.567,0.686
2020-01-09 02:30:00,18.55,18.69,18.68,18.91,19.24,18.67,18.76,18.96,19.01,19.62,18.77,18.78,19.01,18.85,18.72,-5.73,0.0,0.706,0.641,0.677,0.527,0.379,0.666,0.623,0.517,0.492,0.178,0.622,0.612,0.487,0.578,0.66
2020-01-09 02:45:00,18.56,18.69,18.65,18.94,19.23,18.69,18.76,18.95,19.0,19.59,18.77,18.78,18.99,18.84,18.76,-5.8,0.0,0.723,0.654,0.661,0.547,0.381,0.664,0.621,0.522,0.495,0.191,0.617,0.61,0.496,0.575,0.638
2020-01-09 03:00:00,18.56,18.68,18.67,18.9,19.23,18.7,18.77,18.95,19.0,19.57,18.78,18.78,18.99,18.85,18.8,-5.83,0.0,0.718,0.657,0.676,0.532,0.384,0.655,0.62,0.525,0.498,0.203,0.613,0.612,0.503,0.578,0.619
2020-01-09 03:15:00,18.84,18.67,18.65,18.93,19.22,18.72,18.77,18.96,19.21,19.55,18.79,18.79,18.99,18.85,18.83,-5.85,0.0,1.0,0.661,0.664,0.548,0.387,0.649,0.617,0.524,1.0,0.214,0.609,0.608,0.504,0.576,0.602
2020-01-09 03:30:00,18.93,18.67,18.7,18.91,19.26,18.73,18.78,18.96,19.49,19.53,18.79,18.79,18.99,18.85,18.86,-5.88,0.0,1.0,0.663,0.673,0.537,0.388,0.642,0.614,0.522,1.0,0.225,0.607,0.607,0.503,0.576,0.586
2020-01-09 03:45:00,18.95,18.67,18.69,18.93,19.3,18.73,18.8,18.96,19.64,19.51,18.79,18.79,18.99,18.85,18.88,-5.9,0.0,1.0,0.667,0.651,0.547,0.368,0.637,0.611,0.521,1.0,0.235,0.605,0.605,0.504,0.576,0.572
2020-01-09 04:00:00,18.97,18.66,18.7,18.91,19.33,18.74,18.81,18.96,19.75,19.5,18.8,18.79,18.99,18.85,18.9,-5.95,0.0,1.0,0.667,0.657,0.536,0.352,0.633,0.601,0.521,1.0,0.244,0.603,0.605,0.505,0.576,0.56
2020-01-09 04:15:00,19.0,18.66,18.69,18.92,19.35,18.75,18.82,18.96,19.85,19.48,18.8,18.8,18.99,19.04,18.98,-6.0,0.0,1.0,0.671,0.651,0.546,0.336,0.628,0.594,0.52,1.0,0.252,0.6,0.603,0.506,1.0,1.0
2020-01-09 04:30:00,19.02,18.65,18.7,18.91,19.37,18.8,18.83,18.96,19.92,19.46,18.81,18.8,18.99,19.23,19.1,-6.05,0.0,1.0,0.671,0.654,0.539,0.324,0.623,0.588,0.519,1.0,0.26,0.598,0.601,0.506,1.0,1.0
2020-01-09 04:45:00,19.05,18.65,18.7,18.92,19.39,18.85,18.84,18.96,19.98,19.45,18.81,18.81,18.98,19.34,19.22,-6.1,0.0,1.0,0.673,0.649,0.544,0.313,0.599,0.583,0.519,1.0,0.268,0.596,0.599,0.507,0.937,1.0
2020-01-09 05:00:00,19.07,18.65,18.71,18.91,19.41,18.87,18.85,18.97,20.04,19.44,18.82,18.82,18.99,19.41,19.32,-6.12,0.0,1.0,0.674,0.651,0.542,0.304,0.574,0.579,0.518,1.0,0.275,0.594,0.596,0.508,0.878,1.0
2020-01-09 05:15:00,19.16,17.74,18.75,18.94,19.42,18.89,18.8,18.74,20.08,19.43,18.82,18.82,18.99,19.43,19.4,-6.15,0.0,1.0,0.0,0.846,0.544,0.296,0.564,0.375,0.0,1.0,0.281,0.591,0.592,0.507,0.847,1.0
2020-01-09 05:30:00,19.2,17.85,18.75,18.92,19.41,18.89,18.72,18.28,20.13,19.42,18.83,18.82,18.99,19.45,19.5,-6.17,0.0,1.0,0.228,0.827,0.53,0.291,0.557,0.4,0.0,1.0,0.286,0.588,0.59,0.507,0.835,1.0
2020-01-09 05:45:00,19.19,17.81,18.75,18.93,19.4,18.89,18.67,17.91,20.16,19.4,18.83,18.83,18.99,19.47,19.59,-6.2,0.0,1.0,0.177,0.826,0.542,0.295,0.556,0.44,0.0,1.0,0.292,0.585,0.588,0.507,0.824,0.95
2020-01-09 06:00:00,19.27,17.74,18.75,18.92,19.4,18.92,18.65,17.6,20.18,19.39,18.88,18.81,18.91,19.48,19.65,-6.22,0.0,1.0,0.197,0.826,0.533,0.3,0.556,0.464,0.0,1.0,0.299,0.583,0.587,0.507,0.815,0.904
2020-01-09 06:15:00,19.24,17.73,18.72,19.03,19.39,18.91,18.63,17.31,20.2,19.4,18.87,18.8,18.89,19.48,19.72,-6.25,0.0,1.0,0.232,0.826,0.641,0.302,0.541,0.475,0.0,1.0,0.553,0.559,0.594,0.547,0.812,0.874
2020-01-09 06:30:00,19.24,17.66,18.74,18.97,19.39,18.9,18.62,17.07,20.22,19.43,18.85,18.79,18.89,19.48,19.77,-6.28,0.0,1.0,0.234,0.838,0.586,0.304,0.546,0.485,0.0,1.0,0.548,0.567,0.6,0.555,0.808,0.842
2020-01-09 06:45:00,19.25,17.66,18.7,19.0,19.39,18.9,18.61,16.84,20.23,19.46,18.84,18.78,18.89,19.48,19.81,-6.3,0.0,1.0,0.27,0.831,0.613,0.304,0.549,0.49,0.0,1.0,0.533,0.576,0.606,0.553,0.808,0.817
2020-01-09 07:00:00,19.25,17.59,18.73,18.98,19.39,18.9,18.61,16.68,20.25,19.48,18.84,18.78,18.9,19.49,19.85,-6.33,0.0,1.0,0.272,0.85,0.6,0.305,0.552,0.495,0.079,1.0,0.518,0.581,0.61,0.555,0.808,0.794
2020-01-09 07:15:00,19.32,17.61,18.74,19.02,19.39,18.88,18.61,16.6,20.27,19.5,19.04,18.51,18.9,19.5,19.88,-6.35,0.0,1.0,0.303,0.834,0.608,0.305,0.551,0.495,0.161,1.0,0.508,1.0,0.0,0.552,0.805,0.774
2020-01-09 07:30:00,19.35,17.57,18.75,19.02,19.4,18.81,18.61,16.56,20.29,19.51,19.31,18.15,18.89,19.49,19.92,-6.38,0.0,1.0,0.296,0.829,0.588,0.303,0.56,0.496,0.198,1.0,0.501,1.0,0.0,0.552,0.8,0.758
2020-01-09 07:45:00,19.36,17.55,18.75,19.02,19.4,18.74,18.6,16.55,20.3,19.53,19.5,17.84,18.89,19.46,19.95,-6.4,0.0,1.0,0.317,0.823,0.589,0.302,0.593,0.496,0.218,1.0,0.493,1.0,0.0,0.553,0.806,0.741
2020-01-09 08:00:00,19.33,17.52,18.74,19.02,19.4,18.73,18.62,16.54,20.32,19.54,19.66,17.63,18.91,19.45,19.98,-6.4,0.0,1.0,0.327,0.824,0.589,0.301,0.632,0.498,0.227,1.0,0.487,1.0,0.078,0.555,0.818,0.726
2020-01-09 08:15:00,19.4,17.53,18.77,19.05,19.51,18.63,18.64,16.54,20.36,19.54,19.78,17.61,18.63,19.47,20.0,-6.4,2.0,1.0,0.338,0.831,0.591,1.0,0.434,0.492,0.228,1.0,0.481,1.0,0.183,0.0,0.827,0.711
2020-01-09 08:30:00,19.44,17.54,18.8,19.06,19.6,18.58,18.69,16.54,20.43,19.55,19.91,17.56,18.14,19.47,20.02,-6.4,9.0,1.0,0.333,0.815,0.577,1.0,0.487,0.478,0.228,1.0,0.478,1.0,0.197,0.0,0.815,0.7
2020-01-09 08:45:00,19.4,17.53,18.8,19.06,19.64,18.54,18.72,16.59,20.48,19.56,19.95,17.57,17.83,19.49,20.05,-6.4,16.0,1.0,0.33,0.801,0.568,1.0,0.509,0.453,0.229,0.984,0.474,0.945,0.219,0.0,0.817,0.688
2020-01-09 09:00:00,19.49,17.54,18.81,19.08,19.66,18.59,18.73,16.52,20.51,19.57,20.06,17.54,17.5,19.48,20.06,-6.35,23.0,1.0,0.334,0.801,0.57,1.0,0.532,0.44,0.207,0.959,0.47,0.926,0.214,0.0,0.806,0.677
2020-01-09 09:15:00,19.48,17.53,18.81,19.08,19.69,18.6,18.73,16.5,20.53,19.57,20.1,17.52,17.21,19.5,20.08,-6.3,30.0,1.0,0.332,0.794,0.558,1.0,0.507,0.436,0.24,0.945,0.467,0.871,0.232,0.0,0.808,0.669
2020-01-09 09:30:00,19.49,17.52,18.81,19.08,19.7,18.58,18.74,16.5,20.55,19.58,20.14,17.54,17.01,19.53,20.1,-6.25,37.2,1.0,0.333,0.795,0.561,1.0,0.502,0.437,0.251,0.936,0.464,0.849,0.238,0.043,0.8,0.659
2020-01-09 09:45:00,19.52,17.53,18.82,19.1,19.72,18.61,18.74,16.51,20.57,19.58,20.17,17.51,16.91,19.53,20.11,-6.2,44.5,1.0,0.338,0.794,0.558,1.0,0.511,0.432,0.248,0.925,0.462,0.832,0.231,0.145,0.785,0.651
2020-01-09 10:00:00,19.55,17.54,18.85,19.12,19.74,18.6,18.76,16.52,20.6,19.58,20.21,17.54,16.9,19.56,20.13,-6.1,51.8,1.0,0.333,0.788,0.551,1.0,0.497,0.43,0.245,0.917,0.46,0.816,0.244,0.194,0.786,0.644
2020-01-09 10:15:00,19.59,17.56,18.87,19.13,19.78,18.63,18.78,16.53,20.62,19.59,20.25,17.52,16.91,19.57,20.14,-6.0,59.0,1.0,0.329,0.776,0.542,1.0,0.502,0.419,0.239,0.902,0.458,0.796,0.232,0.2,0.769,0.637
2020-01-09 10:30:00,19.63,17.57,18.89,19.15,19.81,18.63,18.81,16.54,20.65,19.59,20.28,17.56,16.92,19.61,20.15,-5.9,68.2,1.0,0.322,0.766,0.534,1.0,0.483,0.411,0.236,0.89,0.456,0.777,0.238,0.195,0.766,0.631
2020-01-09 10:45:00,19.65,17.59,18.94,19.17,19.84,18.63,18.83,16.62,20.68,19.59,20.24,17.55,17.0,19.61,20.16,-5.8,77.5,1.0,0.314,0.753,0.524,1.0,0.486,0.397,0.23,0.873,0.455,0.758,0.222,0.19,0.746,0.626
2020-01-09 11:00:00,19.7,17.61,18.95,19.2,19.87,18.64,18.86,16.61,20.71,19.6,20.28,17.56,16.98,19.63,20.17,-5.73,86.8,1.0,0.305,0.73,0.513,1.0,0.485,0.386,0.191,0.859,0.453,0.781,0.224,0.152,0.743,0.62
2020-01-09 11:15:00,19.73,17.62,18.99,19.21,19.91,18.66,18.88,16.61,20.74,19.6,20.32,17.57,16.96,19.65,20.18,-5.65,96.0,1.0,0.293,0.725,0.5,1.0,0.48,0.372,0.193,0.843,0.452,0.761,0.22,0.162,0.734,0.616
2020-01-09 11:30:00,19.76,17.64,19.0,19.23,19.94,18.67,18.89,16.6,20.77,19.6,20.34,17.58,16.94,19.67,20.19,-5.58,95.0,0.985,0.292,0.703,0.496,1.0,0.471,0.361,0.194,0.83,0.451,0.741,0.214,0.171,0.724,0.611
2020-01-09 11:45:00,19.77,17.62,19.02,19.23,19.97,18.67,18.9,16.6,20.78,19.6,20.35,17.57,16.93,19.67,20.19,-5.5,94.0,0.969,0.28,0.702,0.485,1.0,0.465,0.353,0.198,0.817,0.45,0.73,0.212,0.182,0.717,0.607
2020-01-09 12:00:00,19.81,17.66,19.02,19.26,19.99,18.69,18.92,16.61,20.81,19.6,20.38,17.58,16.93,19.69,20.2,-5.45,93.0,0.964,0.288,0.688,0.487,1.0,0.463,0.349,0.199,0.808,0.449,0.724,0.214,0.187,0.713,0.603
2020-01-09 12:15:00,19.85,17.64,19.04,19.25,20.02,18.74,18.94,16.56,20.83,19.6,20.49,17.59,16.87,19.7,20.21,-5.4,92.0,0.946,0.27,0.69,0.472,1.0,0.457,0.339,0.193,0.796,0.449,0.71,0.209,0.183,0.706,0.599
2020-01-09 12:30:00,19.98,17.96,19.42,19.34,20.07,18.79,19.1,17.01,20.87,19.6,20.52,17.79,17.36,19.76,20.21,-5.35,244.5,0.925,0.281,0.679,0.474,1.0,0.429,0.332,0.219,0.786,0.448,0.656,0.204,0.217,0.698,0.596
2020-01-09 12:45:00,20.12,18.14,19.85,19.45,20.17,18.89,19.29,17.63,20.94,19.61,20.57,17.98,18.06,19.84,20.22,-5.3,397.0,0.862,0.118,0.488,0.432,1.0,0.403,0.248,0.0,0.765,0.448,0.638,0.106,0.0,0.67,0.593
2020-01-09 13:00:00,20.2,18.28,20.22,19.55,20.26,18.97,19.45,18.49,21.01,19.61,20.62,18.11,18.99,19.9,20.23,-5.08,549.5,0.791,0.028,0.277,0.377,1.0,0.355,0.153,0.0,0.729,0.447,0.616,0.011,0.0,0.632,0.59
2020-01-09 13:15:00,20.29,18.49,20.65,19.69,20.32,19.01,19.52,19.5,21.07,19.61,20.67,18.16,20.06,19.94,20.23,-4.85,702.0,0.751,0.0,0.09,0.324,1.0,0.315,0.077,0.0,0.694,0.447,0.591,0.0,0.0,0.6,0.587
2020-01-09 13:30:00,20.37,18.58,20.9,19.77,20.35,19.0,19.49,20.5,21.1,19.61,20.69,18.12,21.15,19.94,20.24,-4.63,701.5,0.704,0.0,0.0,0.254,1.0,0.297,0.038,0.0,0.666,0.446,0.567,0.0,0.0,0.581,0.584
2020-01-09 13:45:00,20.41,18.6,21.11,19.79,20.35,18.95,19.41,21.38,21.07,19.61,20.69,18.03,22.08,19.88,20.24,-4.4,701.0,0.666,0.0,0.0,0.217,1.0,0.302,0.056,0.0,0.651,0.446,0.553,0.0,0.0,0.579,0.582
2020-01-09 14:00:00,20.45,18.61,21.29,19.84,20.32,18.87,19.28,22.21,21.04,19.61,20.67,17.86,22.93,19.84,20.25,-4.3,700.5,0.644,0.0,0.0,0.206,1.0,0.326,0.095,0.0,0.667,0.446,0.553,0.0,0.0,0.61,0.579
2020-01-09 14:15:00,20.49,18.62,21.45,19.87,20.29,18.81,19.18,22.96,21.02,19.61,20.64,17.72,23.71,19.8,20.25,-4.2,700.0,0.623,0.0,0.0,0.178,1.0,0.364,0.158,0.0,0.679,0.446,0.565,0.068,0.0,0.63,0.577
2020-01-09 14:30:00,20.49,18.62,21.45,19.87,20.27,18.79,19.13,23.52,21.01,19.61,20.63,17.67,24.23,19.8,20.25,-4.1,628.2,0.607,0.0,0.0,0.166,1.0,0.394,0.211,0.0,0.692,0.446,0.579,0.138,0.0,0.648,0.575
2020-01-09 14:45:00,20.47,18.56,21.39,19.86,20.27,18.81,19.12,23.91,21.04,19.61,20.63,17.68,24.58,19.84,20.26,-4.0,556.5,0.605,0.0,0.0,0.167,1.0,0.404,0.235,0.0,0.695,0.446,0.584,0.165,0.0,0.65,0.573
2020-01-09 15:00:00,20.44,18.52,21.28,19.85,20.29,18.83,19.12,24.14,21.11,19.61,20.63,17.71,24.73,19.91,20.26,-4.0,484.8,0.616,0.0,0.0,0.171,1.0,0.395,0.241,0.0,0.679,0.446,0.584,0.162,0.0,0.63,0.571
2020-01-09 15:15:00,20.35,18.25,20.82,19.63,20.32,18.86,19.12,24.21,21.15,19.61,20.62,17.7,24.72,19.96,20.26,-4.0,413.0,0.628,0.0,0.0,0.176,1.0,0.384,0.242,0.0,0.647,0.446,0.584,0.146,0.0,0.595,0.569
2020-01-09 15:30:00,20.22,17.81,19.99,19.4,20.34,18.86,19.11,24.08,21.18,19.61,20.6,17.68,24.51,19.98,20.27,-4.0,310.8,0.675,0.0,0.0,0.284,1.0,0.369,0.24,0.0,0.623,0.446,0.589,0.149,0.0,0.571,0.568
2020-01-09 15:45:00,20.16,17.77,19.84,19.3,20.34,18.82,19.09,23.47,21.16,19.61,20.56,17.63,24.06,19.95,20.27,-4.0,208.5,0.738,0.196,0.204,0.402,1.0,0.372,0.244,0.0,0.608,0.446,0.602,0.16,0.0,0.562,0.566
2020-01-09 16:00:00,20.15,17.82,19.81,19.34,20.31,18.76,19.05,22.66,21.05,19.61,20.52,17.58,23.43,19.88,20.27,-4.12,106.2,0.77,0.214,0.28,0.448,1.0,0.389,0.255,0.0,0.62,0.446,0.618,0.183,0.0,0.573,0.565
2020-01-09 16:15:00,20.09,17.68,19.66,19.25,20.27,18.69,18.99,22.06,20.96,19.61,20.48,17.52,22.62,19.74,20.28,-4.25,4.0,0.775,0.192,0.297,0.432,1.0,0.418,0.277,0.0,0.673,0.446,0.64,0.212,0.0,0.612,0.563
2020-01-09 16:30:00,20.05,17.66,19.59,19.22,20.25,18.65,18.94,21.56,20.95,19.61,20.46,17.46,21.99,19.71,20.28,-4.38,3.0,0.805,0.262,0.368,0.477,1.0,0.453,0.303,0.0,0.718,0.446,0.662,0.241,0.0,0.68,0.562
2020-01-09 16:45:00,20.02,17.62,19.53,19.2,20.24,18.64,18.93,21.07,20.93,19.61,20.44,17.46,21.4,19.69,20.28,-4.5,0.0,0.824,0.271,0.405,0.488,1.0,0.474,0.329,0.0,0.725,0.446,0.672,0.27,0.0,0.695,0.561
2020-01-09 17:00:00,19.99,17.59,19.44,19.17,20.23,18.64,18.9,20.64,20.9,19.61,20.42,17.45,20.87,19.67,20.28,-4.52,0.0,0.838,0.288,0.437,0.502,1.0,0.478,0.337,0.0,0.735,0.446,0.679,0.271,0.0,0.707,0.559
2020-01-09 17:15:00,19.97,17.57,19.38,19.15,20.22,18.62,18.88,20.24,20.88,19.61,20.4,17.43,20.39,19.65,20.29,-4.55,0.0,0.853,0.306,0.478,0.516,1.0,0.482,0.348,0.0,0.748,0.446,0.69,0.276,0.0,0.715,0.558
2020-01-09 17:30:00,19.95,17.54,19.32,19.13,20.21,18.61,18.86,19.88,20.86,19.61,20.38,17.42,19.96,19.63,20.29,-4.57,0.0,0.866,0.317,0.512,0.525,1.0,0.489,0.358,0.0,0.761,0.447,0.701,0.284,0.0,0.724,0.557
2020-01-09 17:45:00,19.92,17.52,19.26,19.12,20.2,18.59,18.85,19.53,20.84,19.61,20.37,17.4,19.56,19.62,20.29,-4.6,0.0,0.877,0.329,0.541,0.534,1.0,0.497,0.368,0.0,0.772,0.447,0.709,0.292,0.0,0.733,0.556
2020-01-09 18:00:00,19.91,17.51,19.21,19.11,20.19,18.58,18.84,19.22,20.82,19.61,20.36,17.39,19.2,19.61,20.29,-4.65,0.0,0.888,0.34,0.57,0.541,1.0,0.505,0.377,0.0,0.782,0.447,0.716,0.301,0.0,0.742,0.555
2020-01-09 18:15:00,19.89,17.49,19.17,19.11,20.19,18.58,18.83,18.92,20.81,19.61,20.35,17.39,18.87,19.6,20.29,-4.7,0.0,0.896,0.346,0.593,0.544,1.0,0.509,0.381,0.0,0.788,0.447,0.719,0.304,0.0,0.747,0.554
2020-01-09 18:30:00,19.84,17.49,19.1,19.09,20.19,18.57,18.82,18.63,20.8,19.61,20.35,17.38,18.54,19.59,20.3,-4.75,0.0,0.904,0.353,0.615,0.547,1.0,0.511,0.384,0.0,0.793,0.447,0.723,0.306,0.0,0.751,0.553
2020-01-09 18:45:00,19.78,17.44,19.12,19.08,20.18,18.52,18.82,18.43,20.8,19.6,20.25,17.38,18.33,19.58,20.3,-4.8,0.0,0.928,0.355,0.648,0.556,1.0,0.513,0.39,0.0,0.8,0.447,0.727,0.31,0.0,0.757,0.552
2020-01-09 19:00:00,19.81,17.49,19.05,19.09,20.19,18.54,18.81,18.18,20.79,19.6,20.26,17.35,18.06,19.55,20.3,-4.85,0.0,0.961,0.381,0.642,0.561,1.0,0.54,0.39,0.0,0.802,0.448,0.777,0.312,0.0,0.76,0.551
2020-01-09 19:15:00,18.8,17.42,18.98,19.09,20.15,18.53,18.81,17.99,20.54,19.6,20.27,17.36,17.85,19.56,20.3,-4.9,0.0,0.096,0.354,0.677,0.555,1.0,0.531,0.394,0.0,0.0,0.448,0.77,0.325,0.0,0.775,0.55
2020-01-09 19:30:00,19.15,17.42,18.94,19.07,20.07,18.53,18.78,17.75,20.08,19.6,20.28,17.37,17.59,19.56,20.3,-4.95,0.0,0.599,0.388,0.709,0.554,1.0,0.537,0.397,0.0,0.0,0.448,0.763,0.318,0.0,0.769,0.55
2020-01-09 19:45:00,19.09,17.46,18.97,19.1,20.0,18.53,18.75,17.52,19.7,19.6,20.28,17.37,17.35,19.56,20.3,-5.0,0.0,0.424,0.392,0.729,0.564,1.0,0.534,0.41,0.0,0.0,0.448,0.76,0.317,0.0,0.769,0.549
2020-01-09 20:00:00,19.01,17.42,18.92,19.07,19.96,18.53,18.72,17.31,19.49,19.6,20.27,17.36,17.12,19.56,20.31,-5.05,0.0,0.453,0.371,0.716,0.552,1.0,0.534,0.427,0.0,0.152,0.448,0.759,0.316,0.0,0.769,0.548
2020-01-09 20:15:00,19.02,17.41,18.89,19.07,19.9,18.52,18.74,17.11,19.43,19.6,20.27,17.36,16.97,19.34,20.24,-5.1,0.0,0.496,0.392,0.742,0.567,1.0,0.535,0.438,0.0,0.256,0.448,0.763,0.319,0.088,0.222,0.0
2020-01-09 20:30:00,18.96,17.41,18.89,19.06,19.91,18.44,18.71,16.92,19.36,19.6,20.27,17.35,16.9,19.11,20.12,-5.15,0.0,0.489,0.393,0.757,0.567,1.0,0.539,0.432,0.0,0.287,0.449,0.765,0.321,0.166,0.329,0.0
2020-01-09 20:45:00,18.98,17.41,18.84,19.06,19.87,18.44,18.72,16.69,19.35,19.6,20.35,17.31,16.81,18.99,20.01,-5.2,0.0,0.52,0.397,0.755,0.57,1.0,0.58,0.446,0.042,0.318,0.449,0.767,0.325,0.199,0.443,0.0
2020-01-09 21:00:00,18.91,17.38,18.86,19.05,19.88,18.4,18.71,16.61,19.31,19.6,20.34,17.32,16.82,18.98,19.91,-5.25,0.0,0.511,0.393,0.781,0.569,1.0,0.582,0.438,0.154,0.327,0.449,0.724,0.346,0.245,0.503,0.0
2020-01-09 21:15:00,18.92,17.96,18.81,19.06,19.88,18.42,18.77,16.93,19.3,19.6,20.33,17.32,16.82,18.97,19.84,-5.3,0.0,0.543,1.0,0.572,0.577,1.0,0.602,0.647,1.0,0.345,0.449,0.731,0.338,0.239,0.51,0.045
2020-01-09 21:30:00,18.89,18.25,18.89,19.08,19.9,18.43,18.85,17.56,19.29,19.6,20.32,17.33,16.81,18.97,19.76,-5.35,0.0,0.541,1.0,0.594,0.569,1.0,0.59,0.614,1.0,0.35,0.449,0.735,0.342,0.238,0.516,0.081
2020-01-09 21:45:00,18.86,18.17,18.86,19.07,19.92,18.43,18.9,18.13,19.28,19.6,20.32,17.33,16.79,18.96,19.69,-5.4,0.0,0.553,0.877,0.553,0.559,1.0,0.585,0.576,1.0,0.354,0.449,0.739,0.337,0.244,0.514,0.122
2020-01-09 22:00:00,18.82,18.14,18.82,19.05,19.92,18.44,18.93,18.48,19.27,19.6,20.32,17.33,16.78,18.95,19.62,-5.45,0.0,0.568,0.916,0.571,0.563,1.0,0.583,0.551,0.934,0.358,0.449,0.74,0.335,0.253,0.518,0.157
2020-01-09 22:15:00,18.81,18.2,18.81,18.92,19.93,18.44,18.93,18.63,19.25,19.58,20.33,17.33,16.77,18.94,19.58,-5.5,0.0,0.592,0.928,0.592,0.477,1.0,0.581,0.537,0.759,0.366,0.199,0.739,0.335,0.26,0.524,0.189
2020-01-09 22:30:00,18.8,18.23,18.79,18.98,19.93,18.44,18.95,18.68,19.24,19.54,20.33,17.33,16.77,18.93,19.54,-5.55,0.0,0.593,0.9,0.595,0.54,1.0,0.582,0.533,0.686,0.374,0.211,0.737,0.333,0.264,0.528,0.211
2020-01-09 22:45:00,18.79,18.26,18.8,18.95,19.93,18.44,18.95,18.71,19.23,19.5,20.33,17.34,16.76,18.93,19.5,-5.6,0.0,0.601,0.887,0.603,0.511,1.0,0.58,0.526,0.659,0.378,0.23,0.735,0.334,0.267,0.533,0.231
2020-01-09 23:00:00,18.77,18.29,18.78,18.95,19.93,18.44,18.96,18.73,19.22,19.47,20.33,17.33,16.74,18.92,19.47,-5.65,0.0,0.607,0.871,0.601,0.525,1.0,0.581,0.523,0.645,0.385,0.248,0.733,0.331,0.27,0.535,0.249
2020-01-09 23:15:00,18.79,18.35,18.8,18.96,19.92,18.47,18.95,18.74,19.2,19.45,19.98,17.55,16.73,18.91,19.45,-5.7,0.0,0.615,0.857,0.612,0.525,1.0,0.582,0.522,0.637,0.392,0.263,0.0,1.0,0.279,0.542,0.264
2020-01-09 23:30:00,18.76,18.37,18.78,18.95,19.92,18.56,18.95,18.76,19.19,19.43,19.41,17.91,16.72,18.92,19.42,-5.75,0.0,0.606,0.824,0.6,0.522,1.0,0.565,0.523,0.628,0.398,0.274,0.008,1.0,0.285,0.547,0.275
2020-01-09 23:45:00,18.76,18.39,18.77,18.94,19.92,18.64,18.95,18.78,19.18,19.41,19.06,18.17,16.71,18.94,19.4,-5.8,0.0,0.619,0.815,0.609,0.525,1.0,0.52,0.523,0.619,0.404,0.285,0.294,1.0,0.291,0.538,0.288
2020-01-10 00:00:00,18.72,18.36,18.75,18.93,19.92,18.64,18.96,18.79,19.17,19.39,19.02,18.34,16.7,18.95,19.38,-5.83,0.0,0.622,0.805,0.615,0.53,1.0,0.482,0.523,0.612,0.41,0.296,0.469,0.917,0.297,0.528,0.299
2020-01-10 00:15:00,18.76,18.43,18.77,18.94,19.74,18.74,18.93,18.81,19.14,19.38,19.08,18.41,17.1,18.93,19.36,-5.85,0.0,0.639,0.818,0.627,0.537,0.042,0.681,0.522,0.603,0.414,0.306,0.488,0.832,1.0,0.526,0.311
2020-01-10 00:30:00,18.74,18.44,18.76,18.94,19.67,18.81,18.89,18.82,19.09,19.36,19.12,18.49,17.7,18.94,19.35,-5.88,0.0,0.62,0.785,0.617,0.531,0.131,0.632,0.537,0.596,0.432,0.312,0.461,0.794,1.0,0.534,0.318
2020-01-10 00:45:00,18.74,18.47,18.75,18.9,19.65,18.84,18.92,18.83,19.04,19.35,19.12,18.58,18.12,18.88,19.33,-5.9,0.0,0.631,0.782,0.618,0.532,0.167,0.597,0.557,0.591,0.457,0.319,0.441,0.756,1.0,0.528,0.326
2020-01-10 01:00:00,18.69,18.39,18.72,18.92,19.63,18.84,18.87,18.81,19.09,19.33,19.06,18.53,18.38,18.94,19.32,-5.93,0.0,0.63,0.765,0.623,0.552,0.176,0.579,0.539,0.586,0.482,0.326,0.442,0.709,0.942,0.558,0.333
2020-01-10 01:15:00,18.7,18.42,18.7,18.88,19.62,18.83,18.87,18.8,19.06,19.32,19.02,18.55,18.5,18.91,19.31,-5.95,0.0,0.653,0.806,0.641,0.538,0.186,0.579,0.565,0.593,0.454,0.333,0.47,0.733,0.809,0.529,0.34
2020-01-10 01:30:00,18.68,18.41,18.69,18.89,19.59,18.82,18.86,18.8,19.06,19.31,19.0,18.55,18.54,18.89,19.3,-5.98,0.0,0.652,0.79,0.649,0.561,0.191,0.587,0.566,0.598,0.468,0.338,0.49,0.726,0.748,0.544,0.346
2020-01-10 01:45:00,18.67,18.41,18.68,18.87,19.57,18.82,18.85,18.79,19.04,19.3,18.99,18.56,18.56,18.88,19.29,-6.0,0.0,0.659,0.795,0.653,0.556,0.203,0.589,0.569,0.601,0.472,0.343,0.499,0.724,0.73,0.554,0.351
2020-01-10 02:00:00,18.68,18.42,18.68,18.88,19.54,18.83,18.86,18.81,19.04,19.3,19.0,18.59,18.61,18.89,19.28,-6.02,0.0,0.664,0.796,0.66,0.564,0.213,0.591,0.575,0.605,0.48,0.348,0.506,0.719,0.719,0.56,0.356
2020-01-10 02:15:00,18.67,18.43,18.69,18.88,19.53,18.85,18.86,18.83,19.04,19.29,19.0,18.62,18.65,18.9,19.27,-6.05,0.0,0.662,0.788,0.658,0.56,0.228,0.584,0.57,0.593,0.479,0.352,0.502,0.705,0.695,0.555,0.36
2020-01-10 02:30:00,18.64,18.44,18.71,18.89,19.51,18.8,18.87,18.92,19.04,19.28,18.91,18.64,18.77,18.9,19.26,-6.07,0.0,0.664,0.784,0.657,0.559,0.233,0.576,0.569,0.584,0.482,0.356,0.502,0.692,0.674,0.551,0.364
2020-01-10 02:45:00,18.66,18.46,18.7,18.9,19.5,18.83,18.87,18.91,19.04,19.27,18.93,18.64,18.78,18.9,19.26,-6.1,0.0,0.682,0.778,0.643,0.557,0.245,0.599,0.564,0.542,0.48,0.359,0.547,0.681,0.617,0.549,0.368
2020-01-10 03:00:00,18.65,18.46,18.71,18.89,19.48,18.84,18.88,18.9,19.04,19.27,18.95,18.67,18.78,18.91,19.25,-6.1,0.0,0.668,0.77,0.652,0.551,0.251,0.584,0.564,0.547,0.482,0.363,0.536,0.678,0.612,0.552,0.371
2020-01-10 03:15:00,18.3,18.52,18.69,18.92,19.38,18.9,18.67,18.71,19.03,19.26,19.02,18.69,18.43,18.91,19.25,-6.1,0.0,0.374,0.769,0.643,0.555,0.0,0.58,0.0,0.25,0.481,0.366,0.525,0.665,0.008,0.547,0.374
2020-01-10 03:30:00,18.44,18.51,18.7,18.91,19.24,18.9,18.35,18.53,18.99,19.26,19.01,18.71,18.04,18.92,19.24,-6.1,0.0,0.548,0.74,0.654,0.539,0.0,0.552,0.0,0.343,0.487,0.368,0.49,0.655,0.187,0.544,0.377
2020-01-10 03:45:00,18.36,18.51,18.69,18.89,19.14,18.9,18.13,18.47,18.92,19.25,18.99,18.77,17.88,18.86,19.24,-6.1,0.0,0.481,0.747,0.651,0.547,0.03,0.55,0.073,0.433,0.505,0.371,0.493,0.644,0.378,0.54,0.379
2020-01-10 04:00:00,18.34,18.5,18.67,18.89,19.02,18.9,18.04,18.46,18.93,19.25,18.97,18.75,17.91,18.86,19.23,-6.12,0.0,0.521,0.743,0.654,0.555,0.078,0.55,0.186,0.467,0.538,0.374,0.503,0.616,0.461,0.569,0.382
2020-01-10 04:15:00,18.35,18.55,18.7,18.9,18.98,18.87,17.96,18.46,18.91,19.24,18.96,18.48,17.95,19.04,19.21,-6.15,0.0,0.529,0.748,0.667,0.557,0.14,0.551,0.228,0.471,0.533,0.377,0.514,0.0,0.447,1.0,0.234
2020-01-10 04:30:00,18.32,18.54,18.68,18.89,18.92,18.81,17.92,18.45,18.91,19.24,18.96,18.11,17.96,19.24,19.17,-6.17,0.0,0.527,0.725,0.652,0.551,0.161,0.566,0.272,0.47,0.543,0.379,0.518,0.0,0.423,1.0,0.245
2020-01-10 04:45:00,18.3,18.54,18.67,18.88,18.89,18.76,17.9,18.44,18.91,19.23,18.95,17.82,17.94,19.35,19.14,-6.2,0.0,0.542,0.73,0.659,0.554,0.188,0.594,0.29,0.473,0.544,0.381,0.521,0.0,0.421,1.0,0.263
2020-01-10 05:00:00,18.26,18.51,18.65,18.86,18.85,18.75,17.89,18.42,18.91,19.23,18.94,17.64,17.91,19.41,19.11,-6.2,0.0,0.551,0.729,0.663,0.559,0.206,0.621,0.3,0.479,0.544,0.383,0.524,0.14,0.432,1.0,0.28
2020-01-10 05:15:00,18.29,18.53,18.74,18.91,18.83,18.72,17.82,18.41,18.95,19.23,18.66,17.58,17.9,19.51,19.09,-6.2,0.0,0.571,0.747,0.776,0.57,0.223,0.624,0.307,0.488,0.547,0.385,0.029,0.231,0.446,1.0,0.295
2020-01-10 05:30:00,18.28,18.53,18.73,18.9,18.8,18.73,17.81,18.4,18.93,19.22,18.27,17.57,17.89,19.56,19.07,-6.2,0.0,0.554,0.734,0.73,0.543,0.236,0.642,0.338,0.494,0.525,0.387,0.172,0.258,0.452,1.0,0.304
2020-01-10 05:45:00,18.25,18.48,18.69,18.87,18.77,18.75,17.8,18.39,18.92,19.22,18.1,17.55,17.88,19.6,19.05,-6.2,0.0,0.559,0.733,0.733,0.552,0.252,0.633,0.347,0.499,0.534,0.389,0.363,0.267,0.457,1.0,0.314
2020-01-10 06:00:00,18.25,18.5,18.69,18.88,18.76,18.76,17.79,18.4,18.92,19.22,18.16,17.54,17.88,19.64,19.04,-6.22,0.0,0.577,0.759,0.754,0.564,0.264,0.627,0.352,0.505,0.541,0.391,0.448,0.275,0.462,1.0,0.323
2020-01-10 06:15:00,18.25,18.5,18.7,18.88,18.74,18.87,17.79,18.4,18.92,19.17,18.22,17.54,17.89,19.68,19.03,-6.25,0.0,0.575,0.752,0.754,0.561,0.272,1.0,0.354,0.502,0.542,0.0,0.422,0.279,0.458,1.0,0.33
2020-01-10 06:30:00,18.25,18.5,18.7,18.88,18.73,18.98,17.78,18.4,18.92,19.11,18.24,17.58,17.89,19.76,19.02,-6.28,0.0,0.576,0.752,0.749,0.561,0.28,1.0,0.356,0.499,0.541,0.0,0.388,0.282,0.456,1.0,0.335
2020-01-10 06:45:00,18.24,18.5,18.7,18.88,18.71,19.09,17.78,18.4,18.92,19.04,18.21,17.61,17.89,19.82,19.01,-6.3,0.0,0.576,0.751,0.752,0.56,0.287,1.0,0.359,0.499,0.541,0.0,0.381,0.259,0.456,0.971,0.341
2020-01-10 07:00:00,18.25,18.5,18.7,18.88,18.7,19.15,17.77,18.4,18.92,18.98,18.19,17.63,17.89,19.87,19.0,-6.3,0.0,0.578,0.751,0.75,0.561,0.295,1.0,0.362,0.499,0.542,0.0,0.396,0.246,0.457,0.942,0.345
2020-01-10 07:15:00,18.26,18.0,18.61,18.06,18.67,19.21,17.76,18.41,18.68,18.94,18.18,17.65,17.89,19.9,19.0,-6.3,0.0,0.577,0.298,0.748,0.0,0.301,1.0,0.364,0.498,0.0,0.0,0.407,0.233,0.456,0.915,0.349
2020-01-10 07:30:00,18.22,18.14,18.55,17.76,18.61,19.25,17.75,18.41,18.28,18.87,18.17,17.64,17.89,19.93,18.99,-6.3,0.0,0.57,0.551,0.795,0.018,0.315,1.0,0.369,0.497,0.0,0.0,0.41,0.225,0.455,0.898,0.352
2020-01-10 07:45:00,18.22,18.1,18.56,17.94,18.56,19.3,17.72,18.41,17.96,18.81,18.17,17.62,17.89,19.93,18.98,-6.3,0.0,0.588,0.481,0.825,0.171,0.345,1.0,0.376,0.495,0.0,0.0,0.413,0.228,0.454,0.887,0.356
2020-01-10 08:00:00,18.23,18.08,18.59,17.79,18.46,19.29,17.72,18.41,17.78,18.75,18.16,17.63,17.89,19.96,18.97,-6.25,0.0,0.588,0.502,0.822,0.078,0.371,1.0,0.388,0.495,0.0,0.0,0.416,0.241,0.453,0.884,0.36
2020-01-10 08:15:00,18.24,18.1,18.54,17.89,18.42,19.34,17.69,18.41,17.59,18.7,18.16,17.61,17.89,19.96,18.97,-6.2,7.0,0.587,0.51,0.803,0.156,0.42,1.0,0.388,0.497,0.0,0.0,0.419,0.233,0.456,0.871,0.363
2020-01-10 08:30:00,18.24,18.39,18.64,17.78,18.34,19.35,17.91,18.46,17.46,18.65,18.18,17.85,17.95,20.01,18.96,-6.15,94.8,0.578,0.498,0.83,0.105,0.438,1.0,0.406,0.495,0.0,0.0,0.418,0.244,0.453,0.869,0.366
2020-01-10 08:45:00,18.32,18.71,18.74,17.89,18.39,19.55,18.19,18.54,17.35,18.61,18.2,18.13,18.04,20.05,18.96,-6.1,182.5,0.582,0.353,0.781,0.16,0.48,1.0,0.295,0.471,0.0,0.0,0.41,0.126,0.427,0.847,0.368
2020-01-10 09:00:00,18.35,18.96,18.84,17.85,18.4,19.72,18.56,18.66,17.3,18.55,18.22,18.47,18.15,20.15,18.95,-5.82,270.2,0.541,0.193,0.732,0.107,0.457,1.0,0.154,0.429,0.023,0.0,0.4,0.0,0.381,0.823,0.37
2020-01-10 09:15:00,18.38,19.26,18.94,17.84,18.42,19.89,18.94,18.8,17.22,18.5,18.25,18.89,18.3,20.16,18.95,-5.55,358.0,0.526,0.069,0.681,0.123,0.452,1.0,0.0,0.372,0.051,0.0,0.389,0.0,0.323,0.775,0.373
2020-01-10 09:30:00,18.43,19.47,19.06,17.88,18.47,20.08,19.2,18.95,17.22,18.45,18.26,19.27,18.44,20.22,18.95,-5.28,409.8,0.509,0.0,0.631,0.129,0.44,1.0,0.0,0.299,0.091,0.0,0.377,0.0,0.25,0.771,0.375
2020-01-10 09:45:00,18.48,19.81,19.2,17.9,18.55,20.26,19.5,19.12,17.25,18.4,18.28,19.68,18.61,20.27,18.94,-5.0,461.5,0.485,0.0,0.571,0.109,0.415,0.96,0.0,0.225,0.09,0.0,0.369,0.0,0.178,0.739,0.377
2020-01-10 10:00:00,18.53,20.08,19.37,17.98,18.64,20.42,19.72,19.32,17.34,18.35,18.3,20.01,18.8,20.4,18.94,-4.73,513.2,0.461,0.0,0.499,0.102,0.377,0.868,0.0,0.138,0.077,0.0,0.359,0.0,0.094,0.714,0.379
2020-01-10 10:15:00,18.59,20.4,19.54,18.0,18.74,20.54,20.02,19.55,17.36,18.3,18.32,20.44,19.01,20.43,18.94,-4.45,565.0,0.433,0.0,0.417,0.06,0.328,0.789,0.0,0.038,0.03,0.0,0.348,0.0,0.0,0.649,0.38
2020-01-10 10:30:00,18.59,20.45,19.65,18.05,18.81,20.55,20.2,19.83,17.38,18.26,18.23,20.73,19.32,20.45,18.93,-4.18,541.0,0.403,0.0,0.332,0.052,0.28,0.73,0.0,0.0,0.019,0.0,0.338,0.0,0.0,0.637,0.382
2020-01-10 10:45:00,18.61,20.43,19.73,18.0,18.81,20.59,20.34,20.05,17.39,18.2,18.26,20.89,19.56,20.47,18.93,-3.9,517.0,0.404,0.0,0.277,0.027,0.243,0.725,0.0,0.0,0.01,0.0,0.383,0.0,0.0,0.625,0.384
2020-01-10 11:00:00,18.68,20.45,19.72,18.12,18.9,20.66,20.33,20.27,17.33,18.15,18.33,20.97,19.8,20.51,18.93,-3.7,493.0,0.393,0.0,0.237,0.048,0.244,0.704,0.0,0.0,0.003,0.0,0.371,0.0,0.0,0.615,0.385
2020-01-10 11:15:00,18.66,20.46,19.87,17.99,18.83,20.7,20.49,20.49,17.35,18.1,18.38,21.13,20.04,20.46,18.92,-3.5,469.0,0.358,0.0,0.238,0.0,0.198,0.672,0.0,0.0,0.035,0.0,0.335,0.0,0.0,0.595,0.386
2020-01-10 11:30:00,18.77,20.5,19.84,18.17,18.94,20.75,20.42,20.75,17.29,18.06,18.39,21.11,20.32,20.52,18.92,-3.3,470.2,0.369,0.0,0.166,0.055,0.237,0.648,0.0,0.0,0.027,0.0,0.312,0.0,0.0,0.619,0.388
2020-01-10 11:45:00,18.76,20.51,20.02,18.13,18.88,20.78,20.47,21.01,17.35,18.02,18.4,21.13,20.59,20.56,18.92,-3.1,471.5,0.316,0.0,0.178,0.0,0.181,0.624,0.0,0.0,0.056,0.0,0.306,0.0,0.0,0.59,0.389
2020-01-10 12:00:00,18.8,20.49,20.07,18.15,18.87,20.79,20.43,21.33,17.34,17.97,18.39,21.11,20.91,20.58,18.92,-2.95,472.8,0.319,0.0,0.09,0.0,0.212,0.611,0.0,0.0,0.025,0.0,0.301,0.0,0.0,0.57,0.39
2020-01-10 12:15:00,18.78,20.32,20.12,18.17,18.86,20.8,20.29,21.63,17.39,17.92,18.39,20.9,21.21,20.67,18.92,-2.8,474.0,0.3,0.0,0.065,0.0,0.213,0.603,0.0,0.0,0.029,0.0,0.304,0.0,0.0,0.562,0.391
2020-01-10 12:30:00,18.85,20.16,20.05,18.23,18.83,20.78,20.19,21.83,17.33,17.87,18.4,20.75,21.41,20.66,18.91,-2.65,441.5,0.312,0.0,0.038,0.0,0.222,0.601,0.0,0.0,0.007,0.0,0.306,0.0,0.0,0.515,0.392
2020-01-10 12:45:00,18.76,19.93,20.11,18.16,18.76,20.78,20.05,21.98,17.32,17.82,18.4,20.52,21.56,20.66,18.91,-2.5,409.0,0.277,0.0,0.077,0.0,0.236,0.611,0.0,0.0,0.033,0.0,0.302,0.0,0.0,0.52,0.394
2020-01-10 13:00:00,18.86,19.71,19.99,18.21,18.71,20.75,19.87,22.08,17.28,17.78,18.4,20.34,21.64,20.66,18.91,-2.45,376.5,0.32,0.0,0.044,0.0,0.269,0.609,0.0,0.0,0.038,0.0,0.298,0.0,0.0,0.521,0.395
2020-01-10 13:15:00,18.73,19.47,20.02,18.11,18.63,20.72,19.69,22.09,17.27,17.73,18.4,20.12,21.64,20.66,18.91,-2.4,344.0,0.272,0.0,0.107,0.0,0.293,0.624,0.0,0.0,0.061,0.0,0.298,0.0,0.0,0.519,0.395
2020-01-10 13:30:00,18.83,19.35,19.83,18.09,18.57,20.66,19.55,22.06,17.15,17.69,18.39,20.02,21.58,20.53,18.91,-2.35,302.5,0.336,0.0,0.091,0.0,0.335,0.64,0.0,0.0,0.067,0.0,0.3,0.0,0.0,0.522,0.396
2020-01-10 13:45:00,18.66,19.1,19.86,17.94,18.48,20.63,19.35,21.98,17.17,17.64,18.37,19.8,21.46,20.54,18.9,-2.3,261.0,0.286,0.0,0.185,0.005,0.363,0.67,0.0,0.0,0.125,0.0,0.306,0.0,0.0,0.585,0.397
2020-01-10 14:00:00,18.77,18.95,19.62,18.05,18.44,20.55,19.14,21.83,17.11,17.6,18.35,19.62,21.27,20.52,18.9,-2.35,219.5,0.368,0.0,0.168,0.079,0.412,0.686,0.0,0.0,0.117,0.0,0.314,0.0,0.0,0.582,0.398
2020-01-10 14:15:00,18.6,18.83,19.59,17.83,18.33,20.46,18.95,21.61,17.09,17.56,18.32,19.43,21.0,20.5,18.9,-2.4,178.0,0.313,0.073,0.29,0.024,0.432,0.726,0.0,0.0,0.145,0.0,0.327,0.0,0.0,0.588,0.399
2020-01-10 14:30:00,18.62,18.76,19.51,17.85,18.28,20.44,18.74,21.37,17.05,17.51,18.3,19.21,20.72,20.46,18.9,-2.45,166.8,0.399,0.136,0.307,0.134,0.486,0.769,0.0,0.0,0.155,0.0,0.338,0.0,0.0,0.602,0.4
2020-01-10 14:45:00,18.6,18.7,19.47,17.86,18.21,20.34,18.56,21.19,17.06,17.46,18.28,19.11,20.51,20.46,18.9,-2.5,155.5,0.388,0.169,0.347,0.126,0.51,0.782,0.0,0.0,0.174,0.0,0.351,0.0,0.0,0.618,0.401
2020-01-10 15:00:00,18.56,18.62,19.42,17.79,18.19,20.33,18.38,21.01,17.03,17.42,18.26,18.93,20.31,20.44,18.9,-2.6,144.2,0.402,0.199,0.366,0.121,0.543,0.832,0.0,0.0,0.169,0.0,0.361,0.0,0.0,0.619,0.401
2020-01-10 15:15:00,18.54,18.57,19.31,17.78,18.13,20.25,18.22,20.84,17.05,17.37,18.24,18.84,20.12,20.44,18.89,-2.7,133.0,0.42,0.239,0.388,0.153,0.555,0.834,0.062,0.0,0.183,0.0,0.368,0.0,0.0,0.629,0.402
2020-01-10 15:30:00,18.47,18.46,19.16,17.68,18.13,20.23,18.1,20.61,17.01,17.33,18.22,18.68,19.86,20.4,18.89,-2.8,100.8,0.432,0.267,0.444,0.158,0.583,0.876,0.138,0.0,0.177,0.014,0.378,0.0,0.0,0.629,0.403
2020-01-10 15:45:00,18.43,18.41,19.08,17.63,18.1,20.14,18.03,20.33,17.0,17.3,18.19,18.58,19.57,20.36,18.89,-2.9,68.5,0.465,0.318,0.518,0.209,0.586,0.884,0.199,0.0,0.196,0.035,0.392,0.0,0.0,0.649,0.404
2020-01-10 16:00:00,18.41,18.36,19.02,17.61,18.08,20.08,17.98,19.97,16.96,17.26,18.16,18.45,19.2,20.31,18.89,-3.05,36.2,0.483,0.346,0.559,0.236,0.601,0.931,0.235,0.0,0.201,0.051,0.405,0.0,0.0,0.668,0.404
2020-01-10 16:15:00,18.37,18.31,18.96,17.57,18.06,20.02,17.93,19.64,16.93,17.23,18.14,18.32,18.82,20.25,18.89,-3.2,4.0,0.496,0.369,0.588,0.243,0.609,0.959,0.262,0.0,0.218,0.07,0.419,0.0,0.0,0.697,0.405
2020-01-10 16:30:00,18.35,18.27,18.91,17.55,18.05,19.97,17.9,19.34,16.92,17.2,18.13,18.19,18.49,20.22,18.89,-3.35,3.0,0.514,0.396,0.62,0.265,0.618,0.989,0.284,0.0,0.233,0.087,0.43,0.0,0.0,0.726,0.405
2020-01-10 16:45:00,18.32,18.24,18.85,17.54,18.04,19.95,17.88,19.06,16.9,17.16,18.12,18.06,18.27,20.19,18.89,-3.5,0.0,0.524,0.413,0.645,0.275,0.626,1.0,0.298,0.031,0.242,0.102,0.435,0.0,0.154,0.74,0.406
2020-01-10 17:00:00,18.28,18.19,18.82,17.47,18.03,19.85,17.85,18.86,16.88,17.14,18.07,18.01,18.17,20.17,18.89,-3.55,0.0,0.541,0.432,0.674,0.279,0.628,1.0,0.311,0.172,0.248,0.118,0.442,0.02,0.266,0.753,0.406
2020-01-10 17:15:00,18.27,18.17,18.75,17.49,18.02,19.83,17.82,18.77,16.86,17.12,18.04,17.86,18.15,20.11,18.89,-3.6,0.0,0.561,0.456,0.69,0.313,0.634,1.0,0.327,0.268,0.258,0.13,0.464,0.047,0.313,0.766,0.407
2020-01-10 17:30:00,18.23,18.12,18.75,17.42,18.01,19.72,17.79,18.73,16.85,17.1,18.03,17.83,18.14,20.09,18.88,-3.65,0.0,0.566,0.465,0.724,0.307,0.641,1.0,0.342,0.314,0.268,0.141,0.478,0.121,0.324,0.796,0.407
2020-01-10 17:45:00,18.23,18.13,18.68,17.45,18.0,19.71,17.77,18.7,16.83,17.08,18.01,17.73,18.11,20.04,18.88,-3.7,0.0,0.586,0.488,0.726,0.338,0.647,1.0,0.355,0.335,0.277,0.152,0.487,0.134,0.332,0.806,0.408
2020-01-10 18:00:00,18.21,18.09,18.7,17.4,17.99,19.64,17.77,18.68,16.83,17.06,18.02,17.76,18.1,20.05,18.88,-3.75,0.0,0.586,0.487,0.758,0.324,0.652,1.0,0.365,0.351,0.284,0.161,0.494,0.183,0.344,0.831,0.408
2020-01-10 18:15:00,18.22,18.11,18.65,17.45,17.99,19.66,17.77,18.66,16.83,17.05,18.03,17.71,18.09,20.03,18.88,-3.8,0.0,0.597,0.505,0.748,0.349,0.657,1.0,0.365,0.358,0.283,0.169,0.488,0.171,0.349,0.824,0.409
2020-01-10 18:30:00,18.19,18.07,18.68,17.39,17.99,19.62,17.76,18.64,16.84,17.03,18.02,17.74,18.07,20.05,18.88,-3.85,0.0,0.589,0.496,0.775,0.323,0.655,1.0,0.367,0.368,0.284,0.177,0.486,0.196,0.356,0.835,0.409
2020-01-10 18:45:00,18.22,18.1,18.62,17.46,17.99,19.65,17.75,18.62,16.83,17.02,18.02,17.7,18.05,20.03,18.88,-3.9,0.0,0.604,0.517,0.758,0.354,0.657,1.0,0.368,0.379,0.282,0.185,0.488,0.178,0.365,0.826,0.409
2020-01-10 19:00:00,18.19,18.05,18.67,17.39,17.98,19.6,17.75,18.61,16.83,17.0,18.02,17.73,18.04,20.04,18.88,-3.93,0.0,0.591,0.502,0.789,0.32,0.656,1.0,0.374,0.389,0.284,0.192,0.49,0.201,0.373,0.837,0.41
2020-01-10 19:15:00,18.56,18.1,18.67,17.45,18.07,19.62,18.0,18.74,16.85,16.99,18.02,17.7,18.35,20.03,18.88,-3.95,0.0,0.907,0.524,0.763,0.357,1.0,1.0,1.0,0.696,0.284,0.198,0.49,0.186,0.978,0.828,0.41
2020-01-10 19:30:00,18.48,18.09,18.69,17.45,18.15,19.61,18.38,18.94,16.88,16.98,18.02,17.7,18.74,20.03,18.88,-3.98,0.0,0.72,0.5,0.764,0.323,0.966,1.0,0.999,0.631,0.277,0.203,0.49,0.2,0.826,0.834,0.41
2020-01-10 19:45:00,18.46,18.06,18.65,17.43,18.18,19.6,18.56,19.0,16.9,16.97,18.02,17.69,18.89,20.03,18.88,-4.0,0.0,0.758,0.505,0.754,0.324,0.926,1.0,0.81,0.532,0.258,0.209,0.49,0.202,0.628,0.834,0.41
2020-01-10 20:00:00,18.49,18.06,18.65,17.43,18.22,19.6,18.61,19.0,16.89,16.96,18.02,17.69,18.88,20.04,18.88,-4.05,0.0,0.77,0.52,0.774,0.335,0.908,1.0,0.719,0.499,0.251,0.215,0.491,0.204,0.557,0.834,0.411
2020-01-10 20:15:00,18.54,18.08,18.68,17.45,18.23,19.63,18.64,18.99,16.9,16.95,18.03,17.93,18.87,19.73,18.9,-4.1,0.0,0.755,0.52,0.777,0.335,0.889,1.0,0.697,0.501,0.254,0.22,0.488,1.0,0.558,0.0,0.561
2020-01-10 20:30:00,18.54,18.08,18.68,17.45,18.24,19.71,18.66,18.98,16.9,16.94,18.03,18.31,18.87,19.31,18.93,-4.15,0.0,0.732,0.509,0.76,0.325,0.886,1.0,0.681,0.506,0.248,0.223,0.485,1.0,0.565,0.133,0.552
2020-01-10 20:45:00,18.51,18.06,18.65,17.45,18.25,19.74,18.68,18.99,16.9,16.94,18.04,18.58,18.88,19.18,18.96,-4.2,0.0,0.732,0.512,0.761,0.323,0.88,1.0,0.67,0.508,0.249,0.228,0.483,0.846,0.566,0.344,0.536
2020-01-10 21:00:00,18.53,18.05,18.65,17.44,18.25,19.86,18.7,18.99,16.9,16.93,18.04,18.64,18.89,19.15,18.98,-4.25,0.0,0.745,0.522,0.775,0.325,0.877,1.0,0.66,0.506,0.251,0.232,0.481,0.708,0.562,0.408,0.52
2020-01-10 21:15:00,18.54,18.06,18.58,17.46,18.26,19.84,18.71,18.99,16.9,16.92,18.32,18.75,18.9,19.23,19.0,-4.3,0.0,0.733,0.523,0.677,0.328,0.873,1.0,0.651,0.505,0.25,0.236,0.98,0.681,0.555,0.426,0.509
2020-01-10 21:30:00,18.55,18.03,18.6,17.42,18.28,19.94,18.73,19.0,16.91,16.91,18.62,18.77,18.91,19.17,19.01,-4.35,0.0,0.728,0.522,0.711,0.322,0.868,1.0,0.643,0.503,0.249,0.24,0.84,0.623,0.549,0.385,0.5
2020-01-10 21:45:00,18.57,18.05,18.56,17.47,18.29,19.91,18.74,19.0,16.91,16.91,18.73,18.85,18.92,19.2,19.03,-4.4,0.0,0.726,0.536,0.702,0.341,0.862,1.0,0.635,0.502,0.246,0.243,0.692,0.616,0.545,0.416,0.493
2020-01-10 22:00:00,18.56,18.02,18.59,17.41,18.3,19.97,18.75,18.99,16.91,16.9,18.73,18.83,18.91,19.14,19.04,-4.45,0.0,0.715,0.523,0.718,0.317,0.857,1.0,0.628,0.5,0.243,0.246,0.637,0.577,0.541,0.398,0.487
2020-01-10 22:15:00,18.63,18.04,18.51,17.46,18.3,19.71,18.75,18.89,16.91,16.97,18.82,18.88,18.81,19.16,19.05,-4.5,0.0,0.718,0.54,0.704,0.343,0.851,0.017,0.626,0.505,0.246,1.0,0.634,0.583,0.543,0.43,0.482
2020-01-10 22:30:00,18.59,18.0,18.56,17.39,18.31,19.5,18.76,18.9,16.9,17.11,18.8,18.77,18.83,19.01,19.05,-4.55,0.0,0.686,0.528,0.745,0.319,0.85,0.143,0.623,0.554,0.247,1.0,0.592,0.559,0.594,0.422,0.477
2020-01-10 22:45:00,18.62,18.0,18.49,17.51,18.31,19.27,18.69,18.92,16.95,17.24,18.8,18.66,18.85,19.03,19.06,-4.6,0.0,0.704,0.552,0.718,0.357,0.846,0.25,0.622,0.548,0.25,1.0,0.599,0.613,0.586,0.496,0.474
2020-01-10 23:00:00,18.6,17.96,18.56,17.38,18.32,19.19,18.71,18.92,16.92,17.35,18.8,18.63,18.85,18.95,19.07,-4.65,0.0,0.69,0.552,0.756,0.297,0.846,0.364,0.655,0.541,0.224,1.0,0.601,0.668,0.577,0.484,0.47
2020-01-10 23:15:00,18.65,18.43,18.65,18.04,18.37,19.14,18.72,18.91,17.17,17.43,18.81,18.64,18.84,18.95,19.07,-4.7,0.0,0.701,1.0,0.722,1.0,0.84,0.405,0.647,0.542,1.0,1.0,0.6,0.684,0.577,0.523,0.467
2020-01-10 23:30:00,18.65,18.43,18.75,18.33,18.5,19.12,18.74,18.9,17.54,17.54,18.81,18.67,18.83,18.95,19.08,-4.75,0.0,0.674,0.784,0.673,0.979,0.814,0.428,0.641,0.545,1.0,1.0,0.597,0.679,0.579,0.524,0.465
2020-01-10 23:45:00,18.64,18.39,18.7,18.25,18.65,19.1,18.78,18.89,17.86,17.63,18.82,18.68,18.83,18.95,19.08,-4.8,0.0,0.674,0.786,0.626,0.835,0.749,0.44,0.628,0.55,1.0,1.0,0.594,0.667,0.583,0.523,0.462
2020-01-11 00:00:00,18.61,18.38,18.67,18.29,18.71,19.08,18.8,18.89,18.1,17.73,18.82,18.69,18.83,18.95,19.08,-4.85,0.0,0.68,0.805,0.652,0.874,0.676,0.448,0.61,0.555,1.0,1.0,0.592,0.66,0.586,0.523,0.46
2020-01-11 00:15:00,18.62,18.39,18.68,18.32,18.82,19.07,18.78,18.89,18.24,17.82,18.83,18.69,18.83,18.94,19.09,-4.9,0.0,0.697,0.811,0.665,0.854,0.645,0.458,0.601,0.555,0.948,1.0,0.589,0.654,0.586,0.524,0.458
2020-01-11 00:30:00,18.62,18.41,18.68,18.37,18.85,19.06,18.79,18.89,18.38,17.9,18.83,18.7,18.83,18.94,19.09,-4.95,0.0,0.691,0.806,0.66,0.839,0.59,0.463,0.609,0.555,0.88,1.0,0.587,0.653,0.585,0.528,0.456
2020-01-11 00:45:00,18.61,18.42,18.68,18.41,18.9,19.05,18.79,18.89,18.44,17.98,18.83,18.7,18.83,18.93,19.09,-5.0,0.0,0.692,0.796,0.662,0.813,0.573,0.471,0.606,0.555,0.812,1.0,0.585,0.65,0.584,0.53,0.454
2020-01-11 01:00:00,18.62,18.43,18.68,18.45,18.92,19.04,18.79,18.88,18.5,18.06,18.83,18.71,18.83,18.93,19.1,-5.05,0.0,0.693,0.792,0.66,0.795,0.548,0.476,0.607,0.556,0.779,1.0,0.584,0.649,0.585,0.533,0.453
2020-01-11 01:15:00,18.61,18.44,18.68,18.49,18.94,19.03,18.79,18.88,18.54,18.14,18.84,18.71,18.83,18.92,19.1,-5.1,0.0,0.692,0.784,0.662,0.774,0.541,0.482,0.603,0.558,0.75,0.968,0.583,0.647,0.586,0.535,0.451
2020-01-11 01:30:00,18.61,18.45,18.67,18.53,18.95,19.02,18.79,18.88,18.58,18.21,18.84,18.71,18.83,18.92,19.1,-5.15,0.0,0.693,0.78,0.661,0.756,0.53,0.486,0.604,0.559,0.731,0.93,0.582,0.646,0.586,0.538,0.45
2020-01-11 01:45:00,18.61,18.46,18.67,18.56,18.96,19.01,18.79,18.88,18.6,18.27,18.84,18.71,18.83,18.92,19.1,-5.2,0.0,0.693,0.774,0.663,0.737,0.526,0.492,0.603,0.56,0.712,0.896,0.582,0.645,0.587,0.54,0.449
2020-01-11 02:00:00,18.61,18.47,18.66,18.59,18.97,18.99,18.79,18.87,18.63,18.32,18.83,18.71,18.82,18.91,19.11,-5.25,0.0,0.694,0.77,0.664,0.72,0.519,0.496,0.604,0.561,0.698,0.866,0.581,0.645,0.587,0.542,0.448
2020-01-11 02:15:00,18.6,18.46,18.66,18.6,18.98,18.98,18.78,18.86,18.65,18.37,18.83,18.7,18.81,18.9,19.11,-5.3,0.0,0.696,0.767,0.668,0.704,0.515,0.503,0.607,0.566,0.686,0.838,0.583,0.647,0.592,0.546,0.447
2020-01-11 02:30:00,18.6,18.46,18.65,18.62,18.98,18.97,18.78,18.85,18.66,18.42,18.83,18.7,18.8,18.89,19.11,-5.35,0.0,0.698,0.768,0.67,0.699,0.511,0.509,0.609,0.57,0.677,0.813,0.584,0.649,0.595,0.55,0.446
2020-01-11 02:45:00,18.59,18.46,18.64,18.63,18.99,18.96,18.77,18.85,18.67,18.46,18.83,18.69,18.8,18.89,19.11,-5.4,0.0,0.7,0.768,0.675,0.691,0.509,0.515,0.611,0.573,0.669,0.789,0.586,0.652,0.598,0.554,0.446
2020-01-11 03:00:00,18.6,18.47,18.64,18.65,18.99,18.96,18.78,18.86,18.69,18.5,18.83,18.7,18.81,18.89,19.11,-5.4,0.0,0.703,0.769,0.679,0.684,0.507,0.519,0.613,0.576,0.663,0.768,0.587,0.653,0.601,0.557,0.445
2020-01-11 03:15:00,18.53,18.41,17.87,18.55,19.01,18.96,18.79,18.86,18.8,18.53,18.84,18.71,18.81,18.89,19.11,-5.4,0.0,0.699,0.764,0.0,0.675,0.506,0.52,0.61,0.572,0.953,0.748,0.583,0.649,0.597,0.555,0.444
2020-01-11 03:30:00,18.46,18.35,17.66,18.5,19.03,18.96,18.8,18.86,18.95,18.58,18.84,18.72,18.82,18.89,19.11,-5.4,0.0,0.736,0.793,0.0,0.726,0.495,0.518,0.606,0.57,0.901,0.734,0.58,0.646,0.594,0.554,0.444
2020-01-11 03:45:00,18.45,18.34,17.66,18.48,19.06,18.96,18.8,18.87,19.02,18.61,18.85,18.72,18.82,18.89,19.12,-5.4,0.0,0.768,0.826,0.018,0.751,0.486,0.52,0.602,0.568,0.826,0.712,0.579,0.642,0.592,0.553,0.443
2020-01-11 04:00:00,18.46,18.35,17.56,18.51,19.06,18.95,18.8,18.86,19.06,18.64,18.84,18.72,18.81,18.89,19.12,-5.43,0.0,0.775,0.832,0.022,0.758,0.472,0.52,0.601,0.567,0.789,0.696,0.577,0.641,0.591,0.553,0.442
2020-01-11 04:15:00,18.44,17.18,17.45,18.46,19.07,18.95,18.8,18.6,19.08,18.66,18.84,18.71,18.83,18.88,19.12,-5.45,0.0,0.768,0.0,0.071,0.745,0.469,0.524,0.6,0.0,0.771,0.681,0.579,0.642,0.644,0.556,0.442
2020-01-11 04:30:00,18.41,17.56,17.4,18.44,19.07,18.94,18.79,18.09,19.1,18.69,18.84,18.71,18.86,18.88,19.12,-5.48,0.0,0.781,0.459,0.127,0.768,0.467,0.527,0.601,0.0,0.761,0.671,0.58,0.644,0.636,0.558,0.442
2020-01-11 04:45:00,18.44,17.45,17.41,18.49,19.07,18.93,18.79,17.72,19.12,18.71,18.84,18.71,18.87,18.87,19.12,-5.5,0.0,0.793,0.271,0.151,0.782,0.467,0.53,0.603,0.003,0.751,0.656,0.581,0.645,0.622,0.561,0.441
2020-01-11 05:00:00,18.4,17.39,17.33,18.44,19.07,18.93,18.78,17.5,19.13,18.74,18.83,18.7,18.86,18.87,19.12,-5.52,0.0,0.778,0.327,0.147,0.757,0.466,0.533,0.605,0.19,0.742,0.643,0.581,0.646,0.616,0.563,0.441
2020-01-11 05:15:00,18.37,17.4,17.3,18.61,18.93,18.92,18.5,17.45,19.14,18.76,19.03,18.7,18.85,18.86,19.12,-5.55,0.0,0.802,0.354,0.186,1.0,0.0,0.537,0.0,0.298,0.737,0.63,1.0,0.649,0.62,0.566,0.441
2020-01-11 05:30:00,18.42,17.36,17.33,18.66,18.8,18.91,18.16,17.44,19.11,18.78,19.24,18.69,18.85,18.86,19.12,-5.57,0.0,0.813,0.352,0.201,1.0,0.0,0.541,0.0,0.327,0.732,0.62,0.933,0.652,0.624,0.569,0.44
2020-01-11 05:45:00,18.37,17.32,17.32,18.7,18.65,18.83,17.82,17.52,19.08,18.8,19.25,18.68,18.96,18.85,19.12,-5.6,0.0,0.791,0.371,0.184,1.0,0.0,0.543,0.0,0.329,0.745,0.612,0.83,0.654,0.626,0.571,0.44
2020-01-11 06:00:00,18.35,17.28,17.29,18.68,18.55,18.84,17.57,17.5,19.06,18.82,19.3,18.67,18.95,18.85,19.12,-5.6,0.0,0.816,0.389,0.19,1.0,0.0,0.586,0.0,0.289,0.762,0.602,0.823,0.66,0.572,0.575,0.44
2020-01-11 06:15:00,18.35,17.26,17.29,18.69,18.42,19.02,17.42,17.46,19.07,18.83,19.33,18.69,18.93,18.85,19.12,-5.6,0.0,0.823,0.408,0.205,1.0,0.0,1.0,0.016,0.301,0.771,0.592,0.799,0.664,0.577,0.576,0.44
2020-01-11 06:30:00,18.35,17.23,17.27,18.71,18.36,19.18,17.26,17.44,19.03,18.85,19.34,18.74,18.92,18.88,19.12,-5.6,0.0,0.826,0.42,0.207,1.0,0.0,1.0,0.09,0.32,0.766,0.584,0.787,0.657,0.585,0.574,0.439
2020-01-11 06:45:00,18.35,17.2,17.28,18.73,18.26,19.3,17.21,17.42,19.04,18.86,19.36,18.78,18.92,18.92,19.12,-5.6,0.0,0.824,0.435,0.213,1.0,0.0,1.0,0.17,0.332,0.783,0.577,0.778,0.629,0.589,0.558,0.439
2020-01-11 07:00:00,18.35,17.18,17.26,18.75,18.25,19.38,17.15,17.41,19.01,18.87,19.37,18.8,18.93,18.94,19.12,-5.62,0.0,0.826,0.448,0.211,1.0,0.0,1.0,0.193,0.339,0.78,0.57,0.771,0.611,0.588,0.54,0.439
2020-01-11 07:15:00,18.35,17.15,17.27,18.76,18.19,19.43,17.16,17.4,19.03,18.93,19.38,18.55,18.93,18.94,19.2,-5.65,0.0,0.823,0.46,0.221,1.0,0.0,1.0,0.226,0.344,0.794,1.0,0.764,0.0,0.587,0.531,1.0
2020-01-11 07:30:00,18.35,17.16,17.24,18.78,18.2,19.38,17.12,17.4,19.01,19.01,19.39,18.26,18.93,18.95,19.32,-5.67,0.0,0.827,0.474,0.216,1.0,0.0,1.0,0.222,0.348,0.784,1.0,0.759,0.0,0.587,0.528,1.0
2020-01-11 07:45:00,18.34,17.13,17.26,18.78,18.15,19.32,17.13,17.39,19.04,19.08,19.4,18.01,18.93,18.92,19.44,-5.7,0.0,0.823,0.472,0.228,1.0,0.0,1.0,0.241,0.352,0.794,1.0,0.754,0.0,0.586,0.526,1.0
2020-01-11 08:00:00,18.35,17.13,17.23,18.8,18.16,19.23,17.07,17.37,19.01,19.16,19.39,17.8,18.92,18.88,19.55,-5.65,0.0,0.83,0.483,0.219,1.0,0.0,1.0,0.237,0.355,0.781,1.0,0.75,0.0,0.586,0.542,1.0
2020-01-11 08:15:00,18.46,17.11,17.26,18.78,18.1,19.16,17.08,17.37,19.03,19.22,19.39,17.62,18.92,18.65,19.64,-5.6,7.0,1.0,0.486,0.236,1.0,0.0,1.0,0.265,0.363,0.795,1.0,0.754,0.0,0.591,0.108,1.0
2020-01-11 08:30:00,18.56,17.74,17.36,18.87,18.16,19.08,17.35,17.42,19.02,19.28,19.41,17.78,18.99,18.46,19.71,-5.55,165.8,1.0,0.493,0.222,1.0,0.0,1.0,0.261,0.367,0.784,1.0,0.753,0.0,0.59,0.227,1.0
2020-01-11 08:45:00,18.64,18.09,17.47,18.96,18.28,19.16,17.84,17.53,19.08,19.34,19.43,18.12,19.12,18.38,19.8,-5.5,324.5,1.0,0.182,0.17,1.0,0.0,1.0,0.127,0.341,0.788,1.0,0.744,0.0,0.557,0.318,1.0
2020-01-11 09:00:00,18.76,18.51,17.64,19.09,18.44,19.37,18.45,17.72,19.19,19.4,19.5,18.72,19.33,18.48,19.88,-5.07,483.2,1.0,0.004,0.114,1.0,0.0,1.0,0.0,0.283,0.761,1.0,0.733,0.0,0.49,0.36,1.0
2020-01-11 09:15:00,18.93,19.31,17.93,19.27,18.62,19.65,19.24,17.98,19.29,19.46,19.57,19.58,19.63,18.62,19.96,-4.65,642.0,1.0,0.0,0.03,1.0,0.0,1.0,0.0,0.191,0.704,1.0,0.699,0.0,0.385,0.31,1.0
2020-01-11 09:30:00,19.13,19.86,18.27,19.43,18.83,19.89,19.92,18.19,19.31,19.52,19.62,20.49,19.88,18.65,20.03,-4.22,677.2,1.0,0.0,0.0,1.0,0.0,1.0,0.0,0.06,0.655,1.0,0.663,0.0,0.234,0.242,1.0
2020-01-11 09:45:00,19.31,20.29,18.59,19.58,19.04,20.11,20.5,18.43,19.39,19.58,19.67,21.16,20.14,18.71,20.11,-3.8,712.5,1.0,0.0,0.0,0.933,0.0,1.0,0.0,0.0,0.644,1.0,0.639,0.0,0.11,0.224,1.0
2020-01-11 10:00:00,19.5,20.73,18.95,19.71,19.25,20.33,21.02,18.75,19.47,19.64,19.7,21.73,20.41,18.78,20.18,-3.45,747.8,1.0,0.0,0.0,0.86,0.0,0.997,0.0,0.0,0.605,1.0,0.616,0.0,0.0,0.196,0.995
2020-01-11 10:15:00,19.71,21.14,19.34,19.86,19.46,20.52,21.48,19.18,19.54,19.69,19.74,22.22,20.76,18.85,20.25,-3.1,783.0,0.998,0.0,0.0,0.793,0.0,0.887,0.0,0.0,0.565,0.981,0.598,0.0,0.0,0.16,0.959
2020-01-11 10:30:00,19.82,21.47,19.72,19.98,19.66,20.68,21.85,19.68,19.58,19.74,19.78,22.59,21.18,18.91,20.3,-2.75,800.5,0.897,0.0,0.0,0.722,0.0,0.788,0.0,0.0,0.532,0.954,0.58,0.0,0.0,0.124,0.927
2020-01-11 10:45:00,19.92,21.77,20.11,20.07,19.83,20.8,22.14,20.25,19.62,19.79,19.82,22.88,21.69,18.94,20.35,-2.4,818.0,0.841,0.0,0.0,0.659,0.0,0.71,0.0,0.0,0.51,0.929,0.559,0.0,0.0,0.096,0.9
2020-01-11 11:00:00,20.03,22.08,20.52,20.16,19.97,20.89,22.4,20.87,19.67,19.83,19.85,23.1,22.27,18.96,20.39,-2.1,835.5,0.792,0.0,0.0,0.615,0.0,0.65,0.0,0.0,0.489,0.907,0.541,0.0,0.0,0.08,0.876
2020-01-11 11:15:00,20.15,22.33,20.89,20.27,20.1,20.96,22.61,21.48,19.72,19.86,19.88,23.27,22.87,18.98,20.42,-1.8,853.0,0.736,0.0,0.0,0.569,0.0,0.605,0.0,0.0,0.464,0.886,0.524,0.0,0.0,0.07,0.855
2020-01-11 11:30:00,20.28,22.54,21.22,20.38,20.22,21.03,22.77,22.19,19.77,19.9,19.91,23.39,23.57,18.99,20.46,-1.5,859.0,0.674,0.0,0.0,0.517,0.0,0.571,0.0,0.0,0.438,0.868,0.509,0.0,0.0,0.058,0.838
2020-01-11 11:45:00,20.38,22.62,21.5,20.51,20.29,21.05,22.81,22.92,19.86,19.93,19.94,23.37,24.27,19.04,20.49,-1.2,865.0,0.61,0.0,0.0,0.458,0.0,0.534,0.0,0.0,0.416,0.85,0.493,0.0,0.0,0.057,0.821
2020-01-11 12:00:00,20.47,22.69,21.76,20.58,20.33,21.05,22.85,23.65,19.87,19.96,19.95,23.37,24.98,19.02,20.52,-1.0,871.0,0.559,0.0,0.0,0.394,0.0,0.524,0.0,0.0,0.37,0.833,0.479,0.0,0.0,0.03,0.805
2020-01-11 12:15:00,20.57,22.71,22.03,20.67,20.35,21.03,22.83,24.4,19.87,19.99,19.96,23.31,25.71,19.0,20.54,-0.8,877.0,0.515,0.0,0.0,0.361,0.0,0.525,0.0,0.0,0.367,0.818,0.473,0.0,0.0,0.042,0.791
2020-01-11 12:30:00,20.66,22.68,22.28,20.76,20.35,21.0,22.75,25.15,19.87,20.02,19.97,23.19,26.43,18.97,20.57,-0.6,875.5,0.466,0.0,0.0,0.314,0.0,0.533,0.0,0.0,0.365,0.803,0.468,0.0,0.0,0.052,0.778
2020-01-11 12:45:00,20.76,22.51,22.47,20.81,20.33,20.99,22.63,25.78,19.87,20.05,20.07,23.03,26.99,18.96,20.59,-0.4,874.0,0.42,0.0,0.0,0.272,0.0,0.549,0.0,0.0,0.366,0.79,0.463,0.0,0.0,0.064,0.766
2020-01-11 13:00:00,20.83,22.3,22.73,20.89,20.28,20.95,22.46,26.51,19.86,20.07,20.08,22.83,27.68,18.94,20.61,-0.25,872.5,0.368,0.0,0.0,0.243,0.0,0.556,0.0,0.0,0.366,0.776,0.415,0.0,0.0,0.068,0.756
2020-01-11 13:15:00,20.92,22.11,22.93,20.98,20.21,20.87,22.25,27.27,19.86,20.09,20.08,22.58,28.42,18.92,20.63,-0.1,871.0,0.335,0.0,0.0,0.203,0.0,0.577,0.0,0.0,0.369,0.765,0.409,0.0,0.0,0.081,0.746
2020-01-11 13:30:00,20.97,21.92,23.08,21.02,20.13,20.8,22.01,27.98,19.85,20.11,20.08,22.3,29.08,18.89,20.64,0.05,855.8,0.288,0.0,0.0,0.161,0.0,0.614,0.0,0.0,0.371,0.754,0.41,0.0,0.0,0.091,0.737
2020-01-11 13:45:00,21.01,21.75,23.2,21.06,20.03,20.73,21.73,28.65,19.84,20.13,20.09,21.99,29.71,18.87,20.66,0.2,840.5,0.266,0.0,0.0,0.141,0.0,0.648,0.0,0.0,0.375,0.743,0.41,0.0,0.0,0.105,0.729
2020-01-11 14:00:00,21.01,21.55,23.26,21.07,19.92,20.63,21.4,29.22,19.81,20.15,20.06,21.63,30.2,18.84,20.67,0.23,825.2,0.246,0.0,0.0,0.121,0.0,0.686,0.0,0.0,0.38,0.733,0.407,0.0,0.0,0.116,0.721
2020-01-11 14:15:00,21.01,21.38,23.33,21.06,19.78,20.54,21.07,29.8,19.77,20.17,20.03,21.27,30.73,18.78,20.69,0.25,810.0,0.243,0.0,0.0,0.117,0.0,0.733,0.0,0.0,0.395,0.724,0.418,0.0,0.0,0.132,0.714
2020-01-11 14:30:00,21.0,21.24,23.35,21.05,19.64,20.48,20.77,30.27,19.76,20.19,20.01,20.95,31.11,18.74,20.7,0.28,783.8,0.247,0.0,0.0,0.121,0.0,0.778,0.0,0.0,0.414,0.715,0.434,0.0,0.0,0.161,0.707
2020-01-11 14:45:00,20.98,21.15,23.35,21.03,19.53,20.44,20.56,30.66,19.7,20.2,20.0,20.73,31.43,18.71,20.71,0.3,757.5,0.251,0.0,0.0,0.124,0.0,0.811,0.0,0.0,0.42,0.706,0.443,0.0,0.0,0.178,0.701
2020-01-11 15:00:00,20.96,20.99,23.33,21.1,19.44,20.44,20.26,31.01,19.84,20.22,19.99,20.38,31.68,18.83,20.72,0.23,731.2,0.261,0.0,0.0,0.133,0.0,0.832,0.0,0.0,0.448,0.699,0.449,0.0,0.0,0.194,0.695
2020-01-11 15:15:00,20.87,20.8,23.05,20.97,19.39,20.46,20.03,31.28,19.91,20.23,19.98,20.1,31.86,18.93,20.73,0.15,705.0,0.272,0.0,0.0,0.099,0.0,0.828,0.0,0.0,0.378,0.691,0.454,0.0,0.0,0.133,0.69
2020-01-11 15:30:00,20.38,20.22,21.85,20.5,19.3,20.39,19.85,31.31,19.91,20.24,19.87,19.91,31.8,18.93,20.74,0.08,532.5,0.315,0.0,0.0,0.166,0.0,0.82,0.0,0.0,0.347,0.683,0.461,0.0,0.0,0.086,0.685
2020-01-11 15:45:00,20.21,19.73,21.29,20.28,19.21,20.32,19.61,30.75,19.88,20.26,19.82,19.67,31.26,18.89,20.75,0.0,360.0,0.559,0.0,0.0,0.401,0.0,0.857,0.0,0.0,0.343,0.678,0.515,0.0,0.0,0.085,0.681
2020-01-11 16:00:00,20.18,19.46,21.04,20.21,19.11,20.23,19.44,29.66,19.68,20.27,19.8,19.51,30.37,18.75,20.76,-0.22,187.5,0.646,0.0,0.0,0.508,0.0,0.888,0.0,0.0,0.36,0.672,0.539,0.0,0.0,0.104,0.677
2020-01-11 16:15:00,20.08,19.18,20.72,20.12,18.99,20.13,19.2,28.66,19.51,20.28,19.78,19.29,29.09,18.58,20.76,-0.45,15.0,0.662,0.0,0.0,0.546,0.0,0.933,0.0,0.0,0.461,0.666,0.549,0.0,0.0,0.177,0.672
2020-01-11 16:30:00,20.01,18.91,20.41,20.04,18.89,20.05,18.97,27.88,19.44,20.29,19.75,19.1,28.15,18.51,20.77,-0.67,11.2,0.712,0.0,0.0,0.592,0.0,0.987,0.0,0.0,0.543,0.66,0.562,0.0,0.0,0.26,0.668
2020-01-11 16:45:00,19.94,18.62,20.08,19.96,18.82,19.98,18.74,27.16,19.41,20.3,19.72,18.92,27.28,18.47,20.78,-0.9,0.0,0.744,0.0,0.0,0.632,0.0,1.0,0.0,0.0,0.58,0.654,0.573,0.0,0.0,0.297,0.665
2020-01-11 17:00:00,19.91,18.35,19.75,19.92,18.76,19.92,18.52,26.54,19.38,20.31,19.69,18.75,26.56,18.44,20.78,-1.07,0.0,0.778,0.0,0.0,0.669,0.0,1.0,0.0,0.0,0.596,0.649,0.589,0.0,0.0,0.315,0.661
2020-01-11 17:15:00,19.85,18.09,19.46,19.86,18.69,19.85,18.33,25.98,19.36,20.32,19.67,18.6,25.89,18.42,20.79,-1.25,0.0,0.797,0.0,0.0,0.692,0.0,1.0,0.0,0.0,0.608,0.644,0.604,0.0,0.0,0.328,0.658
2020-01-11 17:30:00,19.8,17.87,19.22,19.8,18.62,19.79,18.15,25.42,19.32,20.33,19.65,18.46,25.26,18.4,20.8,-1.42,0.0,0.823,0.007,0.0,0.722,0.0,1.0,0.0,0.0,0.622,0.639,0.616,0.0,0.0,0.34,0.654
2020-01-11 17:45:00,19.74,17.82,19.0,19.73,18.54,19.73,17.97,24.89,19.28,20.34,19.63,18.32,24.65,18.37,20.8,-1.6,0.0,0.848,0.117,0.0,0.752,0.0,1.0,0.0,0.0,0.639,0.634,0.626,0.0,0.0,0.351,0.651
2020-01-11 18:00:00,19.71,17.74,18.84,19.69,18.47,19.67,17.82,24.41,19.25,20.35,19.63,18.2,24.11,18.35,20.81,-1.75,0.0,0.88,0.141,0.0,0.787,0.0,1.0,0.0,0.0,0.66,0.63,0.635,0.0,0.0,0.365,0.648
2020-01-11 18:15:00,19.67,17.67,18.7,19.65,18.4,19.63,17.67,23.96,19.23,20.36,19.63,18.1,23.59,18.34,20.82,-1.9,0.0,0.894,0.181,0.0,0.803,0.0,1.0,0.0,0.0,0.673,0.625,0.636,0.0,0.0,0.373,0.645
2020-01-11 18:30:00,19.64,17.61,18.58,19.61,18.33,19.58,17.53,23.53,19.21,20.37,19.62,18.01,23.11,18.33,20.82,-2.05,0.0,0.913,0.216,0.0,0.824,0.0,1.0,0.0,0.0,0.685,0.621,0.637,0.0,0.0,0.379,0.642
2020-01-11 18:45:00,19.61,17.56,18.46,19.58,18.27,19.54,17.41,23.11,19.18,20.37,19.61,17.91,22.67,18.32,20.83,-2.2,0.0,0.931,0.244,0.0,0.844,0.0,1.0,0.034,0.0,0.697,0.617,0.64,0.0,0.0,0.385,0.64
2020-01-11 19:00:00,19.57,17.51,18.34,19.54,18.22,19.49,17.33,22.71,19.16,20.38,19.61,17.81,22.25,18.31,20.83,-2.38,0.0,0.947,0.272,0.0,0.862,0.0,1.0,0.094,0.0,0.708,0.614,0.643,0.0,0.0,0.391,0.637
2020-01-11 19:15:00,19.66,17.59,18.81,19.67,18.16,19.45,17.28,22.34,19.05,20.39,19.6,17.72,21.86,18.29,20.84,-2.55,0.0,0.964,0.296,0.828,0.879,0.0,1.0,0.135,0.0,0.418,0.61,0.646,0.0,0.0,0.397,0.635
2020-01-11 19:30:00,19.71,17.58,18.94,19.74,18.09,19.4,17.23,21.98,18.91,20.39,19.6,17.63,21.49,18.28,20.84,-2.73,0.0,0.919,0.257,0.594,0.816,0.0,1.0,0.16,0.0,0.475,0.606,0.649,0.0,0.0,0.404,0.632
2020-01-11 19:45:00,19.68,17.53,18.82,19.7,18.02,19.36,17.2,21.63,18.84,20.4,19.59,17.54,21.13,18.27,20.85,-2.9,0.0,0.894,0.258,0.532,0.78,0.0,1.0,0.183,0.0,0.543,0.603,0.651,0.0,0.0,0.41,0.63
2020-01-11 20:00:00,19.67,17.53,18.83,19.69,17.98,19.32,17.17,21.3,18.81,20.41,19.59,17.46,20.79,18.26,20.85,-3.05,0.0,0.912,0.285,0.589,0.802,0.0,1.0,0.202,0.0,0.58,0.599,0.653,0.0,0.0,0.415,0.627
2020-01-11 20:15:00,19.69,18.23,18.94,19.72,17.96,19.28,17.16,21.02,18.79,20.41,19.58,17.38,20.51,18.24,20.85,-3.2,0.0,0.916,1.0,0.587,0.805,0.0,1.0,0.213,0.0,0.596,0.596,0.656,0.0,0.0,0.421,0.625
2020-01-11 20:30:00,19.67,18.45,18.97,19.74,17.93,19.25,17.15,20.69,18.78,20.42,19.57,17.3,20.17,18.24,20.86,-3.35,0.0,0.905,0.885,0.528,0.788,0.0,1.0,0.219,0.0,0.603,0.593,0.659,0.008,0.0,0.429,0.623
2020-01-11 20:45:00,19.65,18.24,18.97,19.71,17.92,19.21,17.14,20.39,18.77,20.43,19.57,17.25,19.88,18.23,20.86,-3.5,0.0,0.913,0.775,0.516,0.778,0.0,1.0,0.223,0.0,0.608,0.589,0.663,0.048,0.0,0.431,0.621
2020-01-11 21:00:00,19.65,18.39,18.9,19.72,17.9,19.18,17.12,20.11,18.76,20.43,19.56,17.2,19.64,18.22,20.87,-3.65,0.0,0.926,0.879,0.517,0.796,0.0,1.0,0.229,0.0,0.615,0.586,0.666,0.075,0.06,0.434,0.619
2020-01-11 21:15:00,19.67,18.38,18.91,18.98,18.05,19.14,17.4,19.87,18.78,20.44,19.35,17.16,19.5,18.2,20.87,-3.8,0.0,0.925,0.805,0.55,0.139,1.0,1.0,1.0,0.0,0.622,0.583,0.22,0.1,0.181,0.442,0.617
2020-01-11 21:30:00,19.64,18.39,18.86,19.13,18.29,19.12,17.86,19.63,18.85,20.44,19.04,17.14,19.41,18.19,20.87,-3.95,0.0,0.916,0.812,0.546,0.508,0.975,1.0,1.0,0.063,0.611,0.581,0.325,0.118,0.248,0.45,0.615
2020-01-11 21:45:00,19.6,18.32,18.86,19.2,18.39,19.09,18.14,19.46,18.98,20.45,18.88,17.06,19.37,18.27,20.88,-4.1,0.0,0.931,0.806,0.571,0.437,0.854,1.0,1.0,0.185,0.575,0.578,0.478,0.131,0.293,0.455,0.613
2020-01-11 22:00:00,19.59,18.38,18.84,19.03,18.51,19.08,18.33,19.39,18.92,20.46,18.9,17.07,19.34,18.23,20.88,-4.27,0.0,0.952,0.839,0.57,0.398,0.806,1.0,0.929,0.268,0.508,0.575,0.558,0.168,0.317,0.417,0.611
2020-01-11 22:15:00,19.57,18.38,18.82,19.07,18.53,18.95,18.45,19.36,18.94,20.46,18.93,17.06,19.31,18.22,20.89,-4.45,0.0,0.956,0.81,0.582,0.485,0.747,0.462,0.833,0.303,0.539,0.572,0.549,0.164,0.331,0.434,0.609
2020-01-11 22:30:00,19.56,18.39,18.82,18.99,18.59,18.83,18.5,19.33,18.91,20.47,18.92,16.98,19.28,18.16,20.89,-4.63,0.0,0.964,0.812,0.591,0.464,0.734,0.525,0.774,0.321,0.53,0.57,0.535,0.169,0.347,0.439,0.607
2020-01-11 22:45:00,19.55,18.41,18.79,18.97,18.61,18.71,18.54,19.29,18.91,20.47,18.9,16.94,19.25,18.13,20.89,-4.8,0.0,0.97,0.803,0.591,0.506,0.704,0.587,0.751,0.337,0.545,0.567,0.539,0.208,0.362,0.468,0.605
2020-01-11 23:00:00,19.53,18.42,18.79,18.91,18.66,18.65,18.56,19.25,18.9,20.48,18.87,16.9,19.21,18.1,20.9,-4.95,0.0,0.974,0.793,0.604,0.517,0.693,0.645,0.731,0.354,0.543,0.565,0.549,0.23,0.377,0.485,0.603
2020-01-11 23:15:00,19.52,18.42,18.76,18.92,18.67,18.6,18.57,19.22,18.89,20.43,18.85,17.16,19.18,18.1,20.82,-5.1,0.0,0.986,0.792,0.604,0.546,0.672,0.673,0.722,0.373,0.552,0.0,0.563,1.0,0.394,0.5,0.0
2020-01-11 23:30:00,19.55,18.45,18.79,18.91,18.69,18.75,18.59,19.19,18.88,20.37,18.84,17.5,19.16,18.11,20.73,-5.25,0.0,0.991,0.792,0.618,0.541,0.663,0.698,0.713,0.391,0.554,0.0,0.574,1.0,0.408,0.5,0.0
2020-01-11 23:45:00,19.53,18.51,18.77,18.81,18.71,18.83,18.69,19.16,18.77,20.29,18.82,17.92,19.14,18.07,20.61,-5.4,0.0,0.977,0.777,0.607,0.544,0.653,0.624,0.707,0.405,0.558,0.0,0.582,1.0,0.419,0.496,0.0
2020-01-12 00:00:00,19.45,18.41,18.73,18.82,18.73,18.8,18.67,19.12,18.75,20.2,18.78,18.15,19.1,18.11,20.49,-5.6,0.0,0.985,0.747,0.614,0.594,0.644,0.586,0.653,0.42,0.615,0.0,0.59,1.0,0.431,0.513,0.0
2020-01-12 00:15:00,18.7,18.46,18.63,18.8,18.74,18.88,18.67,19.09,18.75,20.15,18.76,18.24,19.08,18.21,20.41,-5.8,0.0,0.275,0.795,0.635,0.591,0.635,0.602,0.663,0.44,0.624,0.0,0.608,0.926,0.45,0.943,0.0
2020-01-12 00:30:00,18.9,18.42,18.61,18.75,18.76,18.88,18.66,19.06,18.73,20.08,18.74,18.33,19.04,18.39,20.31,-6.0,0.0,0.652,0.771,0.687,0.602,0.629,0.561,0.667,0.454,0.627,0.0,0.619,0.882,0.462,0.895,0.0
2020-01-12 00:45:00,18.8,18.38,18.59,18.74,18.78,18.84,18.65,19.03,18.7,20.01,18.71,18.39,19.01,18.49,20.21,-6.2,0.0,0.549,0.79,0.694,0.624,0.62,0.561,0.671,0.47,0.636,0.0,0.632,0.833,0.478,0.803,0.0
2020-01-12 01:00:00,18.73,18.37,18.55,18.72,18.78,18.86,18.65,19.01,18.7,19.95,18.71,18.4,19.0,18.48,20.12,-6.47,0.0,0.599,0.808,0.705,0.63,0.612,0.579,0.675,0.487,0.648,0.0,0.645,0.804,0.494,0.757,0.0
2020-01-12 01:15:00,18.7,18.35,18.54,18.71,18.8,18.82,18.66,19.0,18.7,19.89,18.7,18.44,18.99,18.5,20.04,-6.75,0.0,0.634,0.813,0.726,0.639,0.608,0.569,0.673,0.494,0.649,0.025,0.646,0.801,0.499,0.76,0.0
2020-01-12 01:30:00,18.65,18.34,18.51,18.7,18.81,18.81,18.66,18.98,18.69,19.84,18.69,18.45,18.98,18.49,19.95,-7.03,0.0,0.65,0.823,0.732,0.647,0.601,0.592,0.672,0.501,0.652,0.053,0.649,0.78,0.504,0.749,0.0
2020-01-12 01:45:00,18.6,18.33,18.5,18.68,18.82,18.79,18.65,18.96,18.68,19.8,18.68,18.47,18.96,18.5,19.88,-7.3,0.0,0.677,0.828,0.743,0.65,0.596,0.593,0.672,0.51,0.656,0.079,0.655,0.777,0.512,0.754,0.023
2020-01-12 02:00:00,18.57,18.32,18.48,18.69,18.82,18.79,18.66,18.95,18.68,19.75,18.68,18.48,18.95,18.5,19.81,-7.55,0.0,0.699,0.836,0.752,0.658,0.592,0.606,0.673,0.519,0.66,0.102,0.66,0.765,0.521,0.75,0.062
2020-01-12 02:15:00,18.53,18.31,18.47,18.68,18.83,18.78,18.66,18.94,18.68,19.72,18.68,18.5,18.94,18.52,19.75,-7.8,0.0,0.717,0.84,0.76,0.657,0.588,0.606,0.671,0.524,0.66,0.123,0.661,0.758,0.525,0.748,0.097
2020-01-12 02:30:00,18.5,18.3,18.45,18.68,18.84,18.78,18.66,18.93,18.68,19.68,18.68,18.51,18.93,18.52,19.69,-8.05,0.0,0.735,0.846,0.765,0.66,0.583,0.61,0.67,0.528,0.66,0.142,0.661,0.749,0.529,0.742,0.127
2020-01-12 02:45:00,18.48,18.29,18.44,18.68,18.85,18.77,18.66,18.93,18.68,19.65,18.67,18.53,18.93,18.53,19.65,-8.3,0.0,0.752,0.85,0.773,0.66,0.579,0.611,0.669,0.533,0.66,0.159,0.662,0.743,0.533,0.739,0.153
2020-01-12 03:00:00,18.46,18.29,18.44,18.67,18.86,18.77,18.66,18.92,18.68,19.62,18.67,18.53,18.92,18.53,19.61,-8.48,0.0,0.76,0.855,0.778,0.662,0.575,0.613,0.668,0.537,0.66,0.175,0.663,0.737,0.537,0.735,0.175
2020-01-12 03:15:00,18.44,18.28,18.43,18.67,18.86,18.76,18.67,18.91,18.7,19.58,18.67,18.54,19.16,18.53,19.58,-8.65,0.0,0.769,0.857,0.782,0.665,0.571,0.616,0.668,0.542,0.712,0.0,0.665,0.733,1.0,0.734,0.194
2020-01-12 03:30:00,18.43,18.27,18.42,18.66,18.87,18.76,18.66,18.9,18.72,19.53,18.66,18.54,19.45,18.54,19.55,-8.83,0.0,0.778,0.861,0.786,0.666,0.569,0.619,0.667,0.547,0.702,0.0,0.667,0.73,1.0,0.733,0.212
2020-01-12 03:45:00,18.42,18.27,18.41,18.66,18.88,18.75,18.67,18.89,18.72,19.47,18.66,18.55,19.62,18.54,19.52,-9.0,0.0,0.785,0.864,0.79,0.668,0.563,0.621,0.668,0.551,0.692,0.0,0.668,0.728,0.926,0.732,0.227
2020-01-12 04:00:00,18.4,18.19,18.4,18.73,18.89,18.74,18.56,18.88,18.83,19.42,18.65,18.44,19.68,18.65,19.49,-9.17,0.0,0.792,0.867,0.794,0.669,0.558,0.623,0.667,0.555,0.688,0.0,0.669,0.725,0.84,0.731,0.241
2020-01-12 04:15:00,18.43,18.26,18.47,19.05,18.89,18.73,18.67,19.06,18.8,19.37,18.64,18.46,19.69,18.62,19.47,-9.35,0.0,0.802,0.906,0.8,1.0,0.555,0.629,1.0,1.0,0.635,0.0,0.675,0.782,0.811,0.677,0.253
2020-01-12 04:30:00,18.43,18.2,18.4,19.15,18.92,18.81,18.82,19.21,18.78,19.31,18.77,18.47,19.55,18.6,19.45,-9.52,0.0,0.787,0.868,0.767,1.0,0.553,0.637,1.0,1.0,0.651,0.013,0.679,0.771,0.806,0.692,0.263
2020-01-12 04:45:00,18.38,18.18,18.42,19.11,18.95,18.77,18.92,19.38,18.77,19.27,18.73,18.5,19.57,18.61,19.43,-9.7,0.0,0.785,0.899,0.8,1.0,0.541,0.594,1.0,1.0,0.662,0.043,0.616,0.767,0.876,0.701,0.274
2020-01-12 05:00:00,18.39,18.19,18.39,19.16,18.96,18.77,18.99,19.5,18.77,19.23,18.7,18.47,19.6,18.59,19.42,-9.85,0.0,0.809,0.912,0.789,1.0,0.526,0.616,1.0,1.0,0.665,0.066,0.633,0.752,0.865,0.694,0.283
2020-01-12 05:15:00,18.57,18.16,18.54,19.17,18.97,18.75,19.05,19.58,18.77,19.19,18.61,18.47,19.61,18.59,19.4,-10.0,0.0,1.0,0.904,1.0,1.0,0.519,0.614,1.0,1.0,0.663,0.087,0.498,0.764,0.852,0.703,0.291
2020-01-12 05:30:00,18.62,18.21,18.55,19.27,18.98,18.74,19.09,19.64,18.77,19.15,18.51,18.46,19.61,18.59,19.39,-10.15,0.0,1.0,0.918,1.0,1.0,0.514,0.627,1.0,1.0,0.665,0.106,0.546,0.763,0.846,0.703,0.299
2020-01-12 05:45:00,18.6,18.18,18.59,19.28,18.99,18.73,19.12,19.69,18.76,19.12,18.48,18.46,19.61,18.59,19.38,-10.3,0.0,0.991,0.897,1.0,1.0,0.509,0.628,1.0,0.978,0.667,0.123,0.593,0.768,0.844,0.707,0.306
2020-01-12 06:00:00,18.61,18.18,18.57,19.32,19.0,18.72,19.14,19.7,18.75,19.09,18.47,18.45,19.6,18.57,19.36,-10.45,0.0,0.998,0.912,1.0,1.0,0.505,0.633,1.0,0.956,0.668,0.139,0.611,0.768,0.845,0.707,0.312
2020-01-12 06:15:00,18.67,18.21,18.63,19.36,19.0,18.67,19.16,19.71,18.75,19.07,18.46,18.13,19.59,18.57,19.36,-10.6,0.0,0.995,0.909,1.0,1.0,0.501,0.638,1.0,0.95,0.673,0.154,0.617,0.0,0.851,0.713,0.318
2020-01-12 06:30:00,18.65,18.2,18.64,19.39,19.01,18.54,19.17,19.71,18.74,19.04,18.45,17.67,19.58,18.54,19.35,-10.75,0.0,0.966,0.894,1.0,1.0,0.499,0.665,1.0,0.947,0.676,0.165,0.62,0.0,0.856,0.717,0.322
2020-01-12 06:45:00,18.65,18.18,18.64,19.4,19.01,18.41,19.17,19.71,18.73,19.02,18.43,17.37,19.56,18.52,19.34,-10.9,0.0,0.974,0.901,1.0,1.0,0.497,0.732,1.0,0.946,0.68,0.178,0.626,0.163,0.862,0.73,0.327
2020-01-12 07:00:00,18.6,18.15,18.61,19.38,19.01,18.41,19.2,19.73,18.74,19.0,18.44,17.26,19.58,18.51,19.33,-11.02,0.0,0.975,0.908,1.0,1.0,0.496,0.793,1.0,0.947,0.684,0.189,0.633,0.314,0.868,0.741,0.332
2020-01-12 07:15:00,18.66,17.05,18.44,19.37,19.02,18.39,19.22,19.75,18.74,18.98,18.44,17.3,19.59,18.21,19.32,-11.15,0.0,1.0,0.0,1.0,1.0,0.495,0.793,1.0,0.934,0.681,0.202,0.631,0.371,0.859,0.0,0.337
2020-01-12 07:30:00,18.63,17.31,18.41,19.32,19.03,18.35,19.26,19.77,18.75,18.96,18.44,17.31,19.61,17.72,19.31,-11.27,0.0,0.972,0.423,1.0,1.0,0.489,0.807,1.0,0.924,0.678,0.209,0.629,0.351,0.853,0.0,0.34
2020-01-12 07:45:00,18.67,17.28,18.46,19.39,19.04,18.28,19.28,19.79,18.76,18.94,18.45,17.26,19.62,17.37,19.3,-11.4,0.0,0.984,0.294,1.0,1.0,0.484,0.824,1.0,0.913,0.675,0.22,0.628,0.343,0.846,0.0,0.344
2020-01-12 08:00:00,18.66,17.18,18.45,19.4,19.05,18.2,19.3,19.8,18.75,18.93,18.44,17.21,19.62,17.11,19.3,-11.47,0.0,0.967,0.309,1.0,1.0,0.48,0.862,1.0,0.904,0.672,0.229,0.627,0.369,0.84,0.0,0.348
2020-01-12 08:15:00,18.61,17.18,18.42,19.36,18.93,18.06,19.33,19.81,18.76,18.91,18.44,17.16,19.63,16.91,19.29,-11.55,7.0,0.972,0.358,1.0,1.0,0.0,0.348,1.0,0.901,0.673,0.237,0.63,0.396,0.84,0.096,0.352
2020-01-12 08:30:00,18.7,17.72,18.56,19.43,18.98,17.92,19.72,19.89,18.74,18.9,18.47,17.54,19.71,16.82,19.28,-11.62,178.5,0.995,0.358,1.0,1.0,0.0,0.418,1.0,0.895,0.67,0.246,0.628,0.42,0.836,0.194,0.355
2020-01-12 08:45:00,18.75,18.12,18.8,19.58,19.16,17.93,20.3,20.03,18.81,18.88,18.5,18.15,19.86,16.82,19.28,-11.7,350.0,0.951,0.09,1.0,1.0,0.0,0.491,1.0,0.854,0.678,0.252,0.614,0.23,0.793,0.239,0.358
2020-01-12 09:00:00,18.79,18.75,19.09,19.73,19.43,18.05,21.01,20.25,18.91,18.87,18.54,18.81,20.08,16.87,19.27,-11.7,521.5,0.927,0.0,1.0,1.0,0.0,0.484,1.0,0.784,0.644,0.258,0.598,0.0,0.719,0.24,0.36
2020-01-12 09:15:00,18.88,19.7,19.43,19.9,19.72,18.22,21.74,20.54,19.03,18.86,18.57,19.48,20.38,16.97,19.27,-11.7,693.0,0.905,0.0,1.0,1.0,0.0,0.426,0.694,0.676,0.593,0.265,0.581,0.0,0.608,0.214,0.363
2020-01-12 09:30:00,18.97,20.27,19.75,20.0,19.99,18.4,22.33,20.83,19.07,18.85,18.59,20.12,20.66,16.96,19.26,-11.7,733.8,0.858,0.0,1.0,1.0,0.0,0.34,0.332,0.53,0.536,0.271,0.564,0.0,0.459,0.167,0.366
2020-01-12 09:45:00,19.04,20.72,20.04,20.13,20.17,18.53,22.7,21.13,19.13,18.83,18.61,20.59,20.96,16.99,19.26,-11.7,774.5,0.816,0.0,1.0,1.0,0.0,0.252,0.037,0.386,0.517,0.277,0.554,0.0,0.319,0.168,0.369
2020-01-12 10:00:00,19.15,21.22,20.4,20.26,20.31,18.64,22.99,21.47,19.19,18.82,18.63,21.01,21.29,17.03,19.25,-11.7,815.2,0.781,0.0,1.0,1.0,0.0,0.184,0.0,0.235,0.486,0.283,0.545,0.0,0.171,0.156,0.371
2020-01-12 10:15:00,19.26,21.6,20.73,20.44,20.44,18.73,23.22,21.81,19.3,18.81,18.66,21.32,21.62,17.13,19.25,-11.7,856.0,0.726,0.0,0.948,1.0,0.0,0.131,0.0,0.067,0.454,0.288,0.533,0.0,0.006,0.135,0.374
2020-01-12 10:30:00,19.34,21.91,20.98,20.58,20.57,18.81,23.49,22.18,19.34,18.8,18.69,21.64,22.0,17.13,19.24,-11.7,875.8,0.672,0.0,0.784,1.0,0.0,0.085,0.0,0.0,0.399,0.293,0.521,0.0,0.0,0.087,0.376
2020-01-12 10:45:00,19.43,22.17,21.23,20.71,20.69,18.86,23.72,22.63,19.39,18.79,18.71,21.87,22.48,17.13,19.24,-11.7,895.5,0.628,0.0,0.658,1.0,0.0,0.044,0.0,0.0,0.38,0.298,0.507,0.0,0.0,0.084,0.379
2020-01-12 11:00:00,19.52,22.41,21.48,20.82,20.8,18.9,23.92,23.2,19.43,18.79,18.73,22.06,23.08,17.13,19.23,-11.72,915.2,0.587,0.0,0.536,0.944,0.0,0.018,0.0,0.0,0.357,0.303,0.497,0.0,0.0,0.084,0.381
2020-01-12 11:15:00,19.61,22.64,21.74,20.91,20.9,18.91,24.14,23.79,19.44,18.78,18.75,22.27,23.71,17.11,19.23,-11.75,935.0,0.541,0.0,0.408,0.89,0.0,0.0,0.0,0.0,0.335,0.307,0.485,0.0,0.0,0.085,0.383
2020-01-12 11:30:00,19.7,22.76,21.97,21.03,20.99,18.97,24.23,24.49,19.48,18.77,18.77,22.3,24.46,17.08,19.23,-11.78,941.5,0.493,0.0,0.279,0.847,0.0,0.0,0.0,0.0,0.329,0.311,0.474,0.0,0.0,0.096,0.385
2020-01-12 11:45:00,19.77,22.81,22.19,21.12,21.04,18.95,24.3,25.21,19.51,18.76,18.79,22.36,25.22,17.1,19.22,-11.8,948.0,0.449,0.0,0.165,0.785,0.0,0.0,0.0,0.0,0.31,0.315,0.464,0.0,0.0,0.11,0.387
2020-01-12 12:00:00,19.82,22.78,22.38,21.18,21.07,18.91,24.28,25.9,19.5,18.75,18.77,22.29,25.92,17.06,19.22,-11.82,954.5,0.416,0.0,0.054,0.739,0.0,0.0,0.0,0.0,0.294,0.319,0.455,0.0,0.0,0.099,0.389
2020-01-12 12:15:00,19.87,22.67,22.58,21.25,21.05,18.82,24.2,26.6,19.47,18.75,18.75,22.16,26.65,17.01,19.21,-11.85,961.0,0.391,0.0,0.0,0.708,0.0,0.0,0.0,0.0,0.3,0.323,0.465,0.0,0.0,0.121,0.391
2020-01-12 12:30:00,19.93,22.46,22.78,21.32,21.01,18.71,24.05,27.3,19.44,18.74,18.75,21.96,27.35,16.95,19.21,-11.87,957.0,0.364,0.0,0.0,0.673,0.0,0.042,0.0,0.0,0.313,0.327,0.473,0.0,0.0,0.147,0.393
2020-01-12 12:45:00,19.97,22.25,22.94,21.38,20.94,18.59,23.85,27.99,19.4,18.73,18.74,21.71,28.03,16.89,19.21,-11.9,953.0,0.334,0.0,0.0,0.638,0.0,0.096,0.0,0.0,0.33,0.33,0.477,0.0,0.0,0.177,0.395
2020-01-12 13:00:00,20.01,22.04,23.08,21.44,20.85,18.48,23.61,28.68,19.36,18.73,18.75,21.43,28.71,16.86,19.2,-11.95,949.0,0.313,0.0,0.0,0.609,0.0,0.156,0.0,0.0,0.35,0.334,0.479,0.0,0.0,0.204,0.397
2020-01-12 13:15:00,20.04,21.78,23.2,21.48,20.74,18.37,23.32,29.36,19.32,18.72,18.75,21.11,29.38,16.83,19.2,-12.0,945.0,0.295,0.0,0.0,0.582,0.0,0.212,0.0,0.0,0.368,0.337,0.476,0.0,0.0,0.221,0.399
2020-01-12 13:30:00,20.05,21.5,23.25,21.5,20.62,18.26,22.99,29.99,19.29,18.71,18.74,20.76,29.99,16.82,19.19,-12.05,929.0,0.282,0.0,0.0,0.562,0.0,0.267,0.0,0.0,0.389,0.34,0.475,0.0,0.0,0.234,0.401
2020-01-12 13:45:00,20.04,21.17,23.31,21.54,20.48,18.15,22.54,30.64,19.29,18.71,18.72,20.3,30.63,16.85,19.19,-12.1,913.0,0.275,0.0,0.0,0.549,0.0,0.321,0.0,0.0,0.405,0.344,0.479,0.0,0.0,0.238,0.403
2020-01-12 14:00:00,20.03,20.92,23.34,21.53,20.32,18.04,22.16,31.23,19.22,18.7,18.72,19.91,31.19,16.79,19.19,-12.18,897.0,0.282,0.0,0.0,0.53,0.0,0.377,0.0,0.0,0.405,0.347,0.489,0.0,0.0,0.227,0.405
2020-01-12 14:15:00,20.02,20.71,23.36,21.54,20.16,17.96,21.81,31.77,19.16,18.69,18.71,19.54,31.7,16.75,19.18,-12.25,881.0,0.284,0.0,0.0,0.535,0.0,0.428,0.121,0.0,0.441,0.35,0.492,0.0,0.0,0.256,0.406
2020-01-12 14:30:00,19.99,20.56,23.34,21.5,20.04,17.89,21.61,32.22,19.06,18.69,18.71,19.28,32.1,16.68,19.18,-12.32,843.5,0.289,0.0,0.0,0.531,0.0,0.472,0.297,0.0,0.47,0.353,0.493,0.0,0.0,0.273,0.408
2020-01-12 14:45:00,19.96,20.4,23.29,21.54,19.94,17.86,21.42,32.58,19.09,18.68,18.69,19.0,32.4,16.73,19.18,-12.4,806.0,0.303,0.0,0.0,0.551,0.0,0.505,0.397,0.0,0.519,0.356,0.497,0.0,0.0,0.312,0.41
2020-01-12 15:00:00,19.95,20.24,23.24,21.59,19.89,17.86,21.26,32.88,19.24,18.68,18.7,18.71,32.63,16.9,19.17,-12.22,768.5,0.319,0.0,0.0,0.531,0.0,0.522,0.49,0.0,0.503,0.358,0.504,0.0,0.0,0.284,0.412
2020-01-12 15:15:00,19.86,20.05,22.91,21.48,19.87,17.91,21.18,33.09,19.35,18.67,18.7,18.48,32.77,16.97,19.17,-12.05,731.0,0.323,0.0,0.0,0.505,0.0,0.522,0.571,0.0,0.429,0.361,0.502,0.0,0.0,0.201,0.413
2020-01-12 15:30:00,19.32,19.38,21.58,21.0,19.84,17.82,21.12,32.9,19.37,18.67,18.68,18.3,32.48,17.01,19.17,-11.87,552.0,0.368,0.0,0.0,0.562,0.0,0.496,0.61,0.0,0.375,0.364,0.502,0.0,0.0,0.166,0.415
2020-01-12 15:45:00,19.26,18.94,21.18,20.83,19.8,17.78,21.03,32.1,19.36,18.66,18.65,18.04,31.76,16.96,19.16,-11.7,373.0,0.641,0.0,0.362,0.801,0.0,0.541,0.641,0.0,0.364,0.366,0.509,0.0,0.0,0.146,0.417
2020-01-12 16:00:00,19.23,18.69,21.04,20.85,19.73,17.71,20.93,30.9,19.21,18.66,18.6,17.76,30.81,16.85,19.16,-11.7,194.0,0.672,0.0,0.558,0.885,0.0,0.559,0.683,0.0,0.369,0.369,0.523,0.0,0.0,0.169,0.418
2020-01-12 16:15:00,19.11,18.44,20.8,20.73,19.63,17.62,20.86,29.84,18.99,18.65,18.55,17.57,29.47,16.6,19.16,-11.7,15.0,0.687,0.0,0.63,0.874,0.0,0.596,0.735,0.0,0.446,0.371,0.549,0.119,0.0,0.225,0.42
2020-01-12 16:30:00,19.06,18.19,20.61,20.69,19.55,17.57,20.77,28.91,18.9,18.65,18.53,17.43,28.37,16.52,19.15,-11.7,11.2,0.743,0.0,0.75,0.933,0.0,0.642,0.772,0.0,0.555,0.374,0.575,0.216,0.0,0.349,0.422
2020-01-12 16:45:00,18.99,17.96,20.42,20.65,19.5,17.58,20.69,28.09,18.89,18.64,18.51,17.36,27.39,16.55,19.15,-11.7,0.0,0.772,0.0,0.845,0.956,0.0,0.665,0.817,0.0,0.599,0.376,0.587,0.287,0.0,0.388,0.423
2020-01-12 17:00:00,18.95,17.75,20.25,20.59,19.46,17.59,20.63,27.37,18.87,18.64,18.49,17.34,26.55,16.56,19.15,-11.7,0.0,0.803,0.0,0.94,0.977,0.0,0.662,0.854,0.0,0.607,0.379,0.597,0.318,0.0,0.374,0.425
2020-01-12 17:15:00,18.91,17.67,20.12,20.54,19.42,17.59,20.58,26.69,18.84,18.63,18.47,17.32,25.76,16.55,19.14,-11.7,0.0,0.827,0.076,1.0,1.0,0.0,0.656,0.884,0.0,0.617,0.381,0.606,0.329,0.0,0.369,0.427
2020-01-12 17:30:00,18.88,17.58,19.99,20.48,19.38,17.57,20.54,26.04,18.82,18.63,18.46,17.29,25.01,16.53,19.14,-11.7,0.0,0.846,0.117,1.0,1.0,0.0,0.657,0.909,0.0,0.629,0.383,0.615,0.339,0.0,0.373,0.428
2020-01-12 17:45:00,18.84,17.49,19.86,20.41,19.35,17.56,20.49,25.42,18.79,18.62,18.44,17.26,24.34,16.51,19.14,-11.7,0.0,0.862,0.16,1.0,1.0,0.0,0.663,0.932,0.0,0.642,0.386,0.622,0.353,0.0,0.383,0.43
2020-01-12 18:00:00,18.82,17.43,19.75,20.35,19.31,17.55,20.45,24.83,18.77,18.62,18.43,17.23,23.72,16.5,19.13,-11.7,0.0,0.879,0.204,1.0,1.0,0.0,0.671,0.954,0.0,0.654,0.388,0.629,0.369,0.0,0.393,0.432
2020-01-12 18:15:00,18.79,17.35,19.63,20.29,19.28,17.54,20.42,24.27,18.75,18.62,18.42,17.21,23.12,16.49,19.13,-11.7,0.0,0.89,0.237,1.0,1.0,0.0,0.676,0.973,0.0,0.664,0.39,0.635,0.383,0.0,0.399,0.433
2020-01-12 18:30:00,18.77,17.31,19.54,20.24,19.25,17.53,20.39,23.76,18.74,18.61,18.41,17.19,22.6,16.48,19.13,-11.7,0.0,0.903,0.275,1.0,1.0,0.0,0.68,0.991,0.0,0.673,0.392,0.64,0.395,0.0,0.404,0.435
2020-01-12 18:45:00,18.76,17.23,19.46,20.25,19.22,17.53,20.28,23.29,18.8,18.61,18.4,17.09,22.11,16.55,19.12,-11.7,0.0,0.914,0.294,1.0,1.0,0.0,0.683,1.0,0.0,0.682,0.394,0.644,0.403,0.0,0.408,0.436
2020-01-12 19:00:00,18.76,17.24,19.41,20.23,19.19,17.55,20.27,22.88,18.79,18.6,18.42,17.12,21.68,16.55,19.12,-11.7,0.0,0.922,0.335,1.0,1.0,0.0,0.684,1.0,0.0,0.648,0.396,0.648,0.457,0.0,0.374,0.438
2020-01-12 19:15:00,18.76,17.21,19.37,20.22,19.17,17.56,20.26,22.48,18.77,18.62,18.44,17.16,21.29,16.55,19.12,-11.7,0.0,0.922,0.329,1.0,1.0,0.0,0.677,1.0,0.0,0.604,0.699,0.64,0.438,0.0,0.376,0.439
2020-01-12 19:30:00,18.76,17.2,19.34,20.21,19.15,17.58,20.25,22.11,18.76,18.67,18.45,17.17,20.92,16.56,19.12,-11.7,0.0,0.92,0.343,1.0,1.0,0.0,0.669,1.0,0.0,0.613,0.688,0.632,0.422,0.0,0.373,0.441
2020-01-12 19:45:00,18.77,17.2,19.31,20.21,19.13,17.59,20.25,21.77,18.75,18.71,18.46,17.19,20.58,16.57,19.11,-11.7,0.0,0.919,0.349,1.0,1.0,0.0,0.662,1.0,0.0,0.622,0.667,0.626,0.413,0.0,0.37,0.442
2020-01-12 20:00:00,18.76,17.17,19.28,20.2,19.11,17.58,20.22,21.42,18.74,18.74,18.44,17.16,20.23,16.56,19.11,-11.7,0.0,0.915,0.352,1.0,1.0,0.0,0.655,1.0,0.0,0.624,0.646,0.62,0.405,0.0,0.366,0.444
2020-01-12 20:15:00,18.74,17.12,19.12,19.1,19.03,17.56,19.94,21.12,18.71,18.76,18.43,17.14,19.93,16.54,19.11,-11.7,0.0,0.919,0.366,1.0,0.0,0.0,0.66,0.0,0.0,0.632,0.63,0.628,0.42,0.0,0.372,0.445
2020-01-12 20:30:00,18.71,17.07,19.03,19.23,18.89,17.55,19.52,20.77,18.68,18.79,18.43,17.12,19.6,16.53,19.1,-11.7,0.0,0.931,0.392,1.0,0.451,0.0,0.668,0.028,0.0,0.643,0.618,0.633,0.432,0.034,0.379,0.446
2020-01-12 20:45:00,18.68,17.11,18.97,19.26,18.78,17.55,19.28,20.43,18.58,18.81,18.42,17.17,19.38,16.48,19.1,-11.7,0.0,0.944,0.416,1.0,0.386,0.0,0.673,0.238,0.0,0.66,0.605,0.637,0.441,0.2,0.384,0.448
2020-01-12 21:00:00,18.67,17.03,18.96,19.14,18.65,17.55,19.17,20.14,18.62,18.83,18.43,17.16,19.31,16.51,19.1,-11.7,0.0,0.962,0.393,1.0,0.369,0.0,0.674,0.361,0.0,0.711,0.594,0.639,0.413,0.311,0.412,0.449
2020-01-12 21:15:00,18.4,17.01,18.64,19.14,18.6,17.57,19.08,19.89,18.62,18.84,18.51,17.15,19.29,16.52,19.1,-11.7,0.0,0.666,0.435,0.52,0.431,0.0,0.675,0.416,0.0,0.691,0.585,0.784,0.422,0.344,0.396,0.451
2020-01-12 21:30:00,18.41,16.98,18.58,19.08,18.54,17.57,19.03,19.63,18.63,18.86,18.61,17.15,19.26,16.53,19.09,-11.7,0.0,0.798,0.445,0.68,0.431,0.0,0.667,0.461,0.057,0.692,0.579,0.745,0.423,0.354,0.391,0.452
2020-01-12 21:45:00,18.4,16.94,18.62,19.06,18.51,17.58,19.0,19.48,18.64,18.87,18.65,17.15,19.23,16.54,19.09,-11.7,0.0,0.793,0.462,0.712,0.46,0.0,0.664,0.484,0.185,0.683,0.571,0.696,0.425,0.368,0.386,0.453
2020-01-12 22:00:00,18.4,17.0,18.54,19.06,18.48,17.58,18.97,19.4,18.64,18.88,18.65,17.15,19.2,16.54,19.09,-11.7,0.0,0.799,0.479,0.69,0.471,0.0,0.662,0.5,0.262,0.68,0.566,0.677,0.425,0.383,0.382,0.455
2020-01-12 22:15:00,18.37,16.92,18.56,18.99,18.45,17.58,18.95,19.35,18.65,18.89,18.66,17.41,19.18,16.54,19.09,-11.7,0.0,0.8,0.449,0.731,0.469,0.0,0.66,0.513,0.302,0.678,0.56,0.674,1.0,0.399,0.381,0.456
2020-01-12 22:30:00,18.42,16.99,18.52,19.01,18.43,17.66,18.93,19.32,18.65,18.9,18.66,17.72,19.17,16.56,19.08,-11.7,0.0,0.814,0.491,0.72,0.507,0.0,0.659,0.525,0.324,0.677,0.555,0.672,1.0,0.409,0.379,0.457
2020-01-12 22:45:00,18.35,16.95,18.49,18.97,18.4,17.68,18.91,19.29,18.65,18.91,18.67,18.01,19.15,16.59,19.08,-11.7,0.0,0.791,0.457,0.742,0.495,0.0,0.62,0.536,0.34,0.676,0.552,0.669,1.0,0.416,0.37,0.458
2020-01-12 23:00:00,18.36,16.94,18.46,18.94,18.38,17.73,18.9,19.26,18.66,18.91,18.69,18.16,19.14,16.59,19.08,-11.7,0.0,0.823,0.473,0.757,0.517,0.0,0.608,0.545,0.357,0.673,0.547,0.664,0.994,0.425,0.355,0.46
2020-01-12 23:15:00,18.4,17.46,18.55,18.94,18.37,17.8,18.89,19.24,18.67,18.92,18.7,18.26,19.14,16.86,19.08,-11.7,0.0,0.821,1.0,0.771,0.532,0.01,0.586,0.552,0.369,0.668,0.544,0.657,0.921,0.428,1.0,0.461
2020-01-12 23:30:00,18.42,17.7,18.6,18.97,18.35,17.91,18.88,19.23,18.68,18.92,18.71,18.35,19.14,17.24,19.07,-11.7,0.0,0.8,1.0,0.727,0.53,0.017,0.55,0.557,0.378,0.664,0.541,0.65,0.872,0.431,1.0,0.462
2020-01-12 23:45:00,18.38,17.7,18.56,18.94,18.33,17.94,18.88,19.21,18.7,18.93,18.73,18.43,19.13,17.54,19.07,-11.7,0.0,0.791,1.0,0.701,0.516,0.025,0.494,0.56,0.386,0.659,0.538,0.646,0.826,0.429,1.0,0.463
2020-01-13 00:00:00,18.36,17.71,18.55,18.89,18.33,18.03,18.85,19.17,18.67,18.93,18.71,18.4,19.1,17.69,19.07,-11.7,0.0,0.81,1.0,0.719,0.53,0.034,0.479,0.561,0.395,0.652,0.535,0.635,0.786,0.434,1.0,0.464
2020-01-13 00:15:00,18.37,17.77,18.53,18.9,18.37,18.17,18.84,19.14,18.67,18.94,18.7,18.45,19.07,17.85,19.07,-11.7,0.0,0.819,1.0,0.723,0.553,0.837,0.987,0.575,0.415,0.663,0.533,0.645,0.798,0.451,1.0,0.466
2020-01-13 00:30:00,18.35,17.8,18.54,18.87,18.49,18.38,18.85,19.11,18.68,18.94,18.69,18.5,19.05,17.99,19.06,-11.7,0.0,0.817,1.0,0.735,0.549,0.814,0.913,0.582,0.431,0.667,0.53,0.652,0.776,0.465,1.0,0.467
2020-01-13 00:45:00,18.35,17.85,18.51,18.87,18.48,18.48,18.88,19.09,18.71,18.95,18.68,18.55,19.03,18.14,19.06,-11.7,0.0,0.825,1.0,0.731,0.567,0.753,0.809,0.577,0.444,0.661,0.529,0.656,0.752,0.475,1.0,0.468
2020-01-13 01:00:00,18.34,17.88,18.52,18.84,18.51,18.54,18.84,19.07,18.68,18.95,18.68,18.55,19.02,18.22,19.06,-11.7,0.0,0.826,1.0,0.743,0.566,0.762,0.759,0.559,0.455,0.647,0.527,0.659,0.727,0.483,0.931,0.469
2020-01-13 01:15:00,18.34,17.93,18.5,18.84,18.5,18.56,18.84,19.06,18.68,18.95,18.68,18.55,19.01,18.26,19.06,-11.7,0.0,0.832,1.0,0.741,0.58,0.745,0.729,0.58,0.463,0.659,0.525,0.66,0.724,0.489,0.891,0.47
2020-01-13 01:30:00,18.32,17.95,18.5,18.82,18.52,18.57,18.82,19.04,18.67,18.95,18.67,18.55,19.0,18.29,19.06,-11.7,0.0,0.832,1.0,0.75,0.581,0.752,0.719,0.58,0.472,0.658,0.524,0.662,0.724,0.496,0.868,0.471
2020-01-13 01:45:00,18.32,17.98,18.48,18.81,18.53,18.58,18.82,19.02,18.67,18.96,18.66,18.55,18.98,18.31,19.05,-11.7,0.0,0.838,1.0,0.749,0.592,0.74,0.714,0.592,0.481,0.665,0.523,0.665,0.726,0.502,0.854,0.472
2020-01-13 02:00:00,18.31,17.99,18.48,18.79,18.55,18.58,18.8,19.0,18.66,18.96,18.65,18.55,18.97,18.33,19.05,-11.7,0.0,0.84,1.0,0.758,0.593,0.737,0.711,0.592,0.489,0.664,0.522,0.668,0.725,0.508,0.843,0.473
2020-01-13 02:15:00,18.3,18.01,18.46,18.79,18.56,18.58,18.8,18.99,18.66,18.96,18.64,18.55,18.96,18.34,19.05,-11.7,0.0,0.846,1.0,0.76,0.605,0.727,0.71,0.599,0.498,0.669,0.521,0.673,0.725,0.515,0.835,0.474
2020-01-13 02:30:00,18.29,18.02,18.46,18.77,18.57,18.58,18.79,18.97,18.65,18.96,18.64,18.55,18.94,18.35,19.05,-11.7,0.0,0.849,0.994,0.768,0.607,0.722,0.709,0.602,0.506,0.671,0.52,0.678,0.726,0.522,0.829,0.475
2020-01-13 02:45:00,18.28,18.03,18.44,18.76,18.59,18.58,18.78,18.96,18.64,18.96,18.63,18.55,18.93,18.36,19.05,-11.7,0.0,0.855,0.99,0.771,0.617,0.713,0.709,0.607,0.514,0.675,0.519,0.682,0.726,0.529,0.823,0.476
2020-01-13 03:00:00,18.27,18.03,18.42,18.72,18.61,18.6,18.75,18.88,18.61,18.96,18.65,18.53,18.83,18.35,19.04,-11.7,0.0,0.858,0.985,0.779,0.621,0.705,0.709,0.611,0.521,0.678,0.519,0.686,0.727,0.536,0.818,0.477
2020-01-13 03:15:00,18.26,18.02,18.4,18.7,18.7,18.58,18.74,19.06,18.59,18.97,18.63,18.52,18.8,18.35,19.04,-11.7,0.0,0.865,0.987,0.791,0.638,1.0,0.702,0.623,1.0,0.694,0.518,0.675,0.736,0.583,0.824,0.478
2020-01-13 03:30:00,18.24,18.02,18.38,18.68,18.74,18.56,18.74,19.32,18.58,18.97,18.61,18.5,18.79,18.33,19.04,-11.7,0.0,0.872,0.988,0.802,0.648,1.0,0.712,0.631,1.0,0.707,0.517,0.687,0.741,0.598,0.827,0.478
2020-01-13 03:45:00,18.23,17.98,18.35,18.7,18.77,18.55,18.64,19.47,18.64,18.97,18.59,18.41,18.77,18.39,19.04,-11.7,0.0,0.879,0.991,0.812,0.66,1.0,0.718,0.632,1.0,0.709,0.517,0.697,0.749,0.605,0.835,0.479
2020-01-13 04:00:00,18.23,18.01,18.36,18.68,18.79,18.57,18.68,19.62,18.64,18.97,18.61,18.45,18.8,18.4,19.04,-11.7,0.0,0.885,1.0,0.823,0.65,1.0,0.724,0.682,1.0,0.679,0.517,0.704,0.797,0.613,0.804,0.48
2020-01-13 04:15:00,18.23,18.02,18.35,18.69,18.83,18.59,18.69,19.72,18.65,18.97,18.62,18.47,18.81,18.41,18.97,-11.7,0.0,0.883,0.997,0.821,0.66,1.0,0.716,0.661,1.0,0.679,0.516,0.695,0.776,0.6,0.801,0.031
2020-01-13 04:30:00,18.23,18.03,18.36,18.69,18.85,18.6,18.7,19.81,18.65,18.97,18.63,18.49,18.81,18.43,18.87,-11.7,0.0,0.883,0.99,0.823,0.655,1.0,0.706,0.653,1.0,0.677,0.516,0.689,0.763,0.594,0.793,0.064
2020-01-13 04:45:00,18.24,18.04,18.35,18.69,18.88,18.61,18.71,19.9,18.66,18.97,18.63,18.5,18.82,18.44,18.79,-11.7,0.0,0.883,0.986,0.821,0.657,1.0,0.7,0.648,1.0,0.673,0.516,0.686,0.755,0.593,0.786,0.113
2020-01-13 05:00:00,18.23,18.05,18.34,18.64,18.9,18.6,18.74,19.94,18.59,18.97,18.62,18.55,18.78,18.37,18.72,-11.7,0.0,0.881,0.979,0.823,0.655,1.0,0.696,0.645,1.0,0.67,0.516,0.684,0.75,0.592,0.78,0.157
2020-01-13 05:15:00,18.22,18.04,18.33,18.65,18.92,18.58,18.72,19.97,18.6,18.97,18.6,18.52,18.64,18.44,18.66,-11.7,0.0,0.887,0.973,0.828,0.679,1.0,0.701,0.629,1.0,0.703,0.516,0.692,0.726,0.41,1.0,0.192
2020-01-13 05:30:00,18.21,18.04,18.32,18.63,18.94,18.59,18.7,20.0,18.59,18.97,18.6,18.5,18.5,18.53,18.61,-11.7,0.0,0.89,0.978,0.837,0.675,1.0,0.709,0.64,1.0,0.699,0.516,0.698,0.74,0.478,1.0,0.221
2020-01-13 05:45:00,18.21,18.04,18.3,18.62,18.95,18.6,18.7,20.02,18.59,18.97,18.59,18.5,18.44,18.59,18.57,-11.7,0.0,0.894,0.978,0.84,0.687,1.0,0.703,0.648,1.0,0.703,0.516,0.702,0.748,0.552,1.0,0.245
2020-01-13 06:00:00,18.2,18.04,18.3,18.61,18.97,18.6,18.69,20.04,18.59,18.97,18.59,18.5,18.44,18.64,18.54,-11.68,0.0,0.897,0.978,0.848,0.69,1.0,0.702,0.651,1.0,0.705,0.516,0.705,0.75,0.581,1.0,0.265
2020-01-13 06:15:00,18.2,18.04,18.29,18.6,18.99,18.59,18.69,20.05,18.59,18.97,18.58,18.5,18.44,18.67,18.51,-11.65,0.0,0.899,0.979,0.851,0.696,1.0,0.702,0.653,1.0,0.706,0.516,0.707,0.751,0.582,1.0,0.281
2020-01-13 06:30:00,18.19,18.04,18.28,18.59,19.0,18.59,18.69,20.07,18.58,18.97,18.58,18.49,18.43,18.69,18.48,-11.63,0.0,0.901,0.978,0.856,0.699,1.0,0.703,0.655,1.0,0.707,0.516,0.708,0.752,0.58,1.0,0.296
2020-01-13 06:45:00,18.19,17.99,18.27,18.64,19.02,18.59,18.6,20.08,18.66,18.97,18.58,18.38,18.41,18.81,18.46,-11.6,0.0,0.903,0.979,0.859,0.705,1.0,0.703,0.656,1.0,0.709,0.516,0.71,0.754,0.585,1.0,0.308
2020-01-13 07:00:00,18.19,18.02,18.28,18.61,19.03,18.6,18.63,20.1,18.64,18.97,18.58,18.42,18.41,18.83,18.44,-11.6,0.0,0.905,1.0,0.864,0.679,1.0,0.704,0.7,1.0,0.67,0.516,0.712,0.808,0.594,1.0,0.319
2020-01-13 07:15:00,17.01,18.06,18.06,17.83,19.06,18.7,18.64,20.12,18.74,19.0,18.59,18.45,18.42,18.87,18.43,-11.6,0.0,0.0,1.0,0.862,0.097,1.0,1.0,0.684,1.0,1.0,1.0,0.709,0.79,0.593,1.0,0.329
2020-01-13 07:30:00,17.33,18.06,18.07,17.96,19.11,18.83,18.66,20.15,18.89,19.08,18.59,18.48,18.41,18.93,18.41,-11.6,0.0,0.493,1.0,0.97,0.485,1.0,1.0,0.678,1.0,1.0,1.0,0.707,0.776,0.592,1.0,0.335
2020-01-13 07:45:00,17.29,18.03,18.17,18.12,19.15,18.88,18.67,20.26,19.01,19.16,18.48,18.5,18.52,18.97,18.39,-11.6,0.0,0.334,1.0,0.966,0.422,1.0,1.0,0.671,1.0,1.0,1.0,0.705,0.759,0.594,1.0,0.345
2020-01-13 08:00:00,17.25,18.03,18.08,17.91,19.18,19.01,18.67,20.18,19.09,19.22,18.61,18.5,18.38,19.01,18.38,-11.58,0.0,0.354,1.0,0.917,0.339,1.0,1.0,0.666,0.968,1.0,1.0,0.758,0.751,0.541,1.0,0.354
2020-01-13 08:15:00,17.23,18.03,18.11,18.04,19.21,19.05,18.44,20.22,19.17,19.28,18.77,18.48,18.39,19.07,18.37,-11.55,8.0,0.377,1.0,1.0,0.447,1.0,1.0,0.065,1.0,1.0,1.0,1.0,0.548,0.609,0.995,0.36
2020-01-13 08:30:00,17.25,18.59,18.24,17.99,19.17,19.15,18.55,20.3,19.25,19.33,18.97,18.79,18.47,19.12,18.36,-11.53,129.0,0.386,1.0,1.0,0.381,1.0,1.0,0.18,0.991,1.0,1.0,1.0,0.561,0.606,0.965,0.366
2020-01-13 08:45:00,17.26,19.17,18.4,18.04,19.25,19.31,18.81,20.44,19.33,19.39,19.15,19.25,18.61,19.18,18.35,-11.5,250.0,0.375,1.0,1.0,0.404,1.0,1.0,0.126,0.95,1.0,1.0,1.0,0.406,0.564,0.94,0.371
2020-01-13 09:00:00,17.33,19.66,18.62,18.1,19.38,19.48,19.21,20.62,19.45,19.44,19.32,19.76,18.78,19.27,18.34,-11.1,371.0,0.371,0.916,1.0,0.382,1.0,1.0,0.0,0.882,1.0,1.0,1.0,0.175,0.497,0.909,0.376
2020-01-13 09:15:00,17.39,20.07,18.87,18.17,19.51,19.66,19.74,20.87,19.58,19.49,19.48,20.22,19.0,19.36,18.33,-10.7,492.0,0.334,0.67,1.0,0.352,1.0,1.0,0.0,0.788,1.0,1.0,0.99,0.0,0.409,0.867,0.38
2020-01-13 09:30:00,17.44,20.29,19.07,18.22,19.66,19.84,20.21,21.11,19.7,19.54,19.59,20.59,19.2,19.44,18.32,-10.3,527.2,0.305,0.466,1.0,0.316,1.0,1.0,0.0,0.665,1.0,1.0,0.908,0.0,0.299,0.82,0.385
2020-01-13 09:45:00,17.48,20.53,19.27,18.27,19.82,20.01,20.62,21.35,19.82,19.59,19.66,20.94,19.39,19.51,18.32,-9.9,562.5,0.28,0.355,1.0,0.289,1.0,1.0,0.0,0.546,1.0,1.0,0.854,0.0,0.202,0.781,0.389
2020-01-13 10:00:00,17.53,20.73,19.47,18.33,19.99,20.18,21.0,21.61,19.93,19.64,19.7,21.27,19.58,19.57,18.31,-9.6,597.8,0.26,0.237,1.0,0.264,1.0,1.0,0.0,0.425,1.0,1.0,0.821,0.0,0.107,0.747,0.392
2020-01-13 10:15:00,17.58,20.93,19.68,18.39,20.16,20.34,21.35,21.88,20.05,19.69,19.75,21.58,19.79,19.63,18.3,-9.3,633.0,0.236,0.135,1.0,0.235,1.0,1.0,0.0,0.297,1.0,1.0,0.798,0.0,0.01,0.715,0.396
2020-01-13 10:30:00,17.64,21.1,19.89,18.46,20.32,20.49,21.66,22.16,20.16,19.73,19.79,21.86,20.07,19.7,18.3,-9.0,662.2,0.208,0.033,1.0,0.204,1.0,1.0,0.0,0.161,1.0,1.0,0.777,0.0,0.0,0.683,0.399
2020-01-13 10:45:00,17.7,21.29,20.11,18.52,20.47,20.64,21.93,22.46,20.27,19.78,19.84,22.1,20.45,19.76,18.29,-8.7,691.5,0.179,0.0,1.0,0.172,0.939,1.0,0.0,0.019,1.0,0.984,0.754,0.0,0.0,0.65,0.402
2020-01-13 11:00:00,17.77,21.51,20.35,18.6,20.6,20.79,22.2,22.85,20.4,19.82,19.89,22.35,20.96,19.83,18.29,-8.4,720.8,0.15,0.0,0.996,0.141,0.867,1.0,0.0,0.0,1.0,0.962,0.732,0.0,0.0,0.619,0.404
2020-01-13 11:15:00,17.84,21.71,20.56,18.67,20.74,20.94,22.43,23.33,20.52,19.85,19.94,22.57,21.58,19.9,18.28,-8.1,750.0,0.113,0.0,0.877,0.102,0.798,1.0,0.0,0.0,1.0,0.942,0.705,0.0,0.0,0.584,0.407
2020-01-13 11:30:00,17.9,21.86,20.79,18.73,20.86,21.07,22.61,23.84,20.64,19.88,19.99,22.74,22.18,19.97,18.28,-7.8,775.2,0.08,0.0,0.769,0.066,0.732,0.981,0.0,0.0,1.0,0.924,0.679,0.0,0.0,0.548,0.409
2020-01-13 11:45:00,17.99,22.01,20.96,18.82,20.97,21.18,22.77,24.47,20.75,19.91,20.02,22.87,22.91,20.02,18.27,-7.5,800.5,0.049,0.0,0.656,0.034,0.672,0.914,0.0,0.0,1.0,0.909,0.657,0.0,0.0,0.514,0.411
2020-01-13 12:00:00,18.0,22.05,21.16,18.86,21.05,21.23,22.85,25.13,20.85,19.94,20.04,22.93,23.65,20.04,18.27,-7.27,825.8,0.005,0.0,0.572,0.0,0.616,0.86,0.0,0.0,1.0,0.893,0.638,0.0,0.0,0.489,0.413
2020-01-13 12:15:00,18.08,22.06,21.33,18.92,21.11,21.27,22.92,25.81,20.9,19.97,20.05,22.97,24.41,20.01,18.27,-7.05,851.0,0.0,0.0,0.471,0.0,0.577,0.833,0.0,0.0,1.0,0.879,0.632,0.0,0.0,0.48,0.415
2020-01-13 12:30:00,18.16,21.96,21.5,18.99,21.14,21.27,22.89,26.5,20.97,19.99,20.07,22.9,25.17,20.02,18.26,-6.82,847.8,0.0,0.0,0.386,0.0,0.545,0.817,0.0,0.0,1.0,0.866,0.623,0.0,0.0,0.493,0.417
2020-01-13 12:45:00,18.24,21.8,21.65,19.06,21.14,21.27,22.8,27.17,21.03,20.02,20.09,22.77,25.91,20.03,18.26,-6.6,844.5,0.0,0.0,0.3,0.0,0.529,0.813,0.0,0.0,0.964,0.854,0.615,0.0,0.0,0.488,0.419
2020-01-13 13:00:00,18.32,21.57,21.81,19.13,21.11,21.24,22.65,27.85,21.08,20.04,20.11,22.59,26.62,20.04,18.26,-6.45,841.2,0.0,0.0,0.225,0.0,0.53,0.817,0.0,0.0,0.934,0.842,0.604,0.0,0.0,0.484,0.421
2020-01-13 13:15:00,18.39,21.34,21.94,19.2,21.05,21.21,22.44,28.51,21.12,20.06,20.14,22.36,27.32,20.04,18.25,-6.3,838.0,0.0,0.0,0.147,0.0,0.545,0.828,0.0,0.0,0.91,0.831,0.593,0.0,0.0,0.482,0.422
2020-01-13 13:30:00,18.42,21.09,21.98,19.24,20.98,21.16,22.17,29.07,21.15,20.08,20.15,22.07,27.89,20.04,18.25,-6.15,798.5,0.0,0.0,0.079,0.0,0.575,0.846,0.0,0.0,0.889,0.821,0.582,0.0,0.0,0.481,0.424
2020-01-13 13:45:00,18.41,20.8,21.99,19.24,20.9,21.1,21.87,29.59,21.15,20.09,20.14,21.72,28.43,20.01,18.25,-6.0,759.0,0.0,0.0,0.06,0.0,0.61,0.869,0.0,0.0,0.876,0.812,0.577,0.0,0.0,0.482,0.425
2020-01-13 14:00:00,18.38,20.67,21.97,19.22,20.81,21.03,21.55,30.0,21.14,20.11,20.13,21.35,28.84,19.98,18.24,-6.0,719.5,0.0,0.101,0.057,0.0,0.651,0.901,0.0,0.0,0.875,0.803,0.58,0.0,0.0,0.496,0.427
2020-01-13 14:15:00,18.34,20.56,21.94,19.19,20.73,20.99,21.25,30.33,21.14,20.13,20.13,20.98,29.16,19.97,18.24,-6.0,680.0,0.0,0.164,0.066,0.0,0.695,0.934,0.0,0.0,0.878,0.795,0.583,0.0,0.0,0.509,0.428
2020-01-13 14:30:00,18.3,20.47,21.91,19.17,20.66,20.96,20.94,30.62,21.16,20.14,20.13,20.59,29.44,20.0,18.24,-6.0,650.2,0.0,0.22,0.081,0.0,0.735,0.956,0.0,0.0,0.88,0.787,0.583,0.0,0.0,0.516,0.429
2020-01-13 14:45:00,18.21,20.37,21.91,19.14,20.64,20.97,20.67,30.85,21.19,20.16,20.12,20.32,29.65,20.02,18.24,-6.0,620.5,0.0,0.267,0.097,0.0,0.768,0.968,0.0,0.0,0.868,0.78,0.586,0.0,0.0,0.499,0.43
2020-01-13 15:00:00,18.25,20.37,21.78,19.21,20.6,20.9,20.41,31.02,21.23,20.17,20.1,20.16,29.8,20.06,18.23,-6.1,590.8,0.0,0.313,0.093,0.0,0.781,0.966,0.0,0.0,0.855,0.772,0.591,0.0,0.0,0.489,0.432
2020-01-13 15:15:00,18.09,20.19,21.58,19.06,20.6,20.89,20.18,31.13,21.3,20.18,20.08,19.93,29.89,20.1,18.23,-6.2,561.0,0.0,0.317,0.161,0.0,0.798,1.0,0.0,0.0,0.833,0.766,0.6,0.0,0.0,0.468,0.433
2020-01-13 15:30:00,17.66,19.93,20.66,18.63,20.56,20.81,20.01,30.93,21.33,20.19,20.06,19.77,29.63,20.11,18.23,-6.3,424.2,0.0,0.403,0.259,0.0,0.798,1.0,0.0,0.0,0.8,0.76,0.608,0.0,0.0,0.45,0.434
2020-01-13 15:45:00,17.46,19.78,20.38,18.33,20.52,20.73,19.81,30.23,21.32,20.2,20.03,19.56,29.02,20.08,18.23,-6.4,287.5,0.172,0.536,0.72,0.083,0.818,1.0,0.0,0.0,0.787,0.756,0.62,0.0,0.0,0.444,0.434
2020-01-13 16:00:00,17.59,19.76,20.33,18.41,20.45,20.62,19.61,29.25,21.21,20.21,19.98,19.37,28.25,20.0,18.23,-6.63,150.8,0.268,0.609,0.859,0.237,0.839,1.0,0.0,0.0,0.791,0.75,0.637,0.018,0.0,0.458,0.435
2020-01-13 16:15:00,17.44,19.67,20.17,18.32,20.36,20.5,19.41,28.34,21.07,20.22,19.94,19.2,27.11,19.81,18.23,-6.85,14.0,0.203,0.62,0.885,0.196,0.874,1.0,0.0,0.0,0.846,0.745,0.658,0.114,0.0,0.502,0.436
2020-01-13 16:30:00,17.39,19.58,20.02,18.24,20.28,20.4,19.2,27.6,21.01,20.23,19.91,19.07,26.26,19.74,18.22,-7.08,10.5,0.281,0.667,0.967,0.242,0.921,1.0,0.0,0.0,0.915,0.74,0.681,0.201,0.0,0.597,0.437
2020-01-13 16:45:00,17.35,19.51,19.91,18.19,20.21,20.34,19.02,26.92,20.96,20.24,19.88,19.01,25.48,19.7,18.22,-7.3,0.0,0.303,0.709,1.0,0.282,0.961,1.0,0.0,0.0,0.945,0.735,0.694,0.266,0.0,0.629,0.438
2020-01-13 17:00:00,17.3,19.46,19.8,18.14,20.14,20.31,18.86,26.29,20.92,20.25,19.87,19.0,24.79,19.68,18.22,-7.33,0.0,0.325,0.743,1.0,0.305,0.996,1.0,0.0,0.0,0.972,0.731,0.709,0.293,0.0,0.651,0.438
2020-01-13 17:15:00,17.29,19.42,19.7,18.11,20.08,20.28,18.71,25.71,20.88,20.25,19.85,18.98,24.14,19.66,18.22,-7.35,0.0,0.349,0.769,1.0,0.331,1.0,1.0,0.0,0.0,0.992,0.727,0.717,0.3,0.0,0.661,0.439
2020-01-13 17:30:00,17.27,19.41,19.62,18.07,20.02,20.25,18.6,25.15,20.82,20.26,19.84,18.98,23.52,19.61,18.22,-7.38,0.0,0.356,0.788,1.0,0.346,1.0,1.0,0.047,0.0,1.0,0.723,0.723,0.311,0.0,0.669,0.44
2020-01-13 17:45:00,17.25,19.37,19.54,18.05,19.98,20.21,18.51,24.61,20.78,20.27,19.83,18.94,22.93,19.59,18.22,-7.4,0.0,0.365,0.796,1.0,0.363,1.0,1.0,0.099,0.0,1.0,0.719,0.73,0.312,0.0,0.696,0.44
2020-01-13 18:00:00,17.23,19.35,19.46,18.02,19.94,20.17,18.45,24.09,20.73,20.28,19.81,18.89,22.4,19.56,18.22,-7.43,0.0,0.374,0.814,1.0,0.374,1.0,1.0,0.145,0.0,1.0,0.715,0.736,0.332,0.0,0.705,0.441
2020-01-13 18:15:00,17.22,19.32,19.38,17.99,19.9,20.13,18.41,23.62,20.68,20.28,19.79,18.85,21.9,19.53,18.22,-7.45,0.0,0.383,0.827,1.0,0.391,1.0,1.0,0.174,0.0,1.0,0.711,0.747,0.355,0.0,0.721,0.441
2020-01-13 18:30:00,17.2,19.3,19.31,17.97,19.87,20.09,18.37,23.18,20.64,20.29,19.77,18.82,21.44,19.5,18.22,-7.48,0.0,0.392,0.839,1.0,0.403,1.0,1.0,0.195,0.0,1.0,0.708,0.756,0.374,0.0,0.736,0.442
2020-01-13 18:45:00,17.19,19.28,19.24,17.95,19.85,20.06,18.34,22.75,20.59,20.3,19.76,18.79,21.0,19.48,18.22,-7.5,0.0,0.399,0.849,1.0,0.416,1.0,1.0,0.214,0.0,1.0,0.705,0.764,0.39,0.0,0.749,0.442
2020-01-13 19:00:00,17.18,19.23,19.2,17.98,19.82,20.04,18.27,22.37,20.64,20.3,19.76,18.72,20.61,19.55,18.21,-7.55,0.0,0.406,0.859,1.0,0.427,1.0,1.0,0.232,0.0,1.0,0.701,0.771,0.403,0.0,0.761,0.442
2020-01-13 19:15:00,17.18,19.24,19.16,17.95,19.65,20.03,18.22,22.01,20.58,20.31,19.77,18.73,20.24,19.53,18.21,-7.6,0.0,0.411,0.887,1.0,0.412,0.088,1.0,0.267,0.0,1.0,0.698,0.768,0.438,0.0,0.726,0.443
2020-01-13 19:30:00,17.15,19.18,19.1,17.96,19.55,19.97,18.19,21.74,20.54,20.32,19.68,18.74,19.97,19.53,18.21,-7.65,0.0,0.412,0.88,1.0,0.426,0.175,1.0,0.291,0.0,1.0,0.695,0.766,0.434,0.0,0.733,0.443
2020-01-13 19:45:00,17.14,19.22,19.1,17.93,19.56,19.97,18.15,21.44,20.5,20.32,19.69,18.71,19.68,19.51,18.21,-7.7,0.0,0.427,0.911,1.0,0.419,0.224,1.0,0.304,0.0,1.0,0.692,0.811,0.432,0.0,0.734,0.443
2020-01-13 20:00:00,17.16,19.17,19.05,17.96,19.54,19.96,18.16,21.12,20.48,20.33,19.72,18.71,19.36,19.52,18.21,-7.72,0.0,0.428,0.888,1.0,0.435,0.219,1.0,0.324,0.0,1.0,0.69,0.803,0.445,0.0,0.743,0.443
2020-01-13 20:15:00,17.16,19.22,19.04,17.94,19.53,20.0,18.17,20.8,20.48,20.33,19.8,18.73,19.1,19.53,18.27,-7.75,0.0,0.422,0.915,1.0,0.422,0.229,1.0,0.32,0.0,1.0,0.687,0.791,0.444,0.119,0.741,0.893
2020-01-13 20:30:00,17.16,19.17,18.99,17.95,19.52,20.01,18.17,20.5,20.48,20.34,19.8,18.74,18.98,19.54,18.38,-7.78,0.0,0.418,0.89,1.0,0.432,0.234,1.0,0.316,0.0,1.0,0.684,0.748,0.436,0.252,0.734,0.866
2020-01-13 20:45:00,17.14,19.17,18.97,17.93,19.51,20.01,18.16,20.24,20.47,20.34,19.8,18.74,18.96,19.55,18.46,-7.8,0.0,0.419,0.916,1.0,0.423,0.241,1.0,0.314,0.0,1.0,0.681,0.749,0.431,0.309,0.729,0.811
2020-01-13 21:00:00,17.16,19.16,18.94,17.94,19.49,20.02,18.15,19.97,20.47,20.35,19.79,18.73,18.94,19.55,18.53,-7.83,0.0,0.43,0.917,1.0,0.437,0.245,1.0,0.318,0.0,1.0,0.679,0.751,0.429,0.32,0.726,0.768
2020-01-13 21:15:00,17.13,19.15,18.93,17.92,19.47,20.01,18.14,19.73,20.45,20.35,19.79,18.73,19.02,19.35,18.58,-7.85,0.0,0.421,0.919,1.0,0.429,0.257,1.0,0.323,0.013,1.0,0.677,0.755,0.434,0.529,0.227,0.735
2020-01-13 21:30:00,17.16,19.17,18.9,17.92,19.44,19.95,18.16,19.55,20.4,20.36,19.79,18.76,19.11,19.12,18.63,-7.88,0.0,0.435,0.926,1.0,0.439,0.267,1.0,0.332,0.137,1.0,0.674,0.756,0.436,0.491,0.324,0.708
2020-01-13 21:45:00,17.12,19.14,18.89,17.91,19.42,19.9,18.13,19.45,20.39,20.36,19.79,18.71,19.14,19.04,18.66,-7.9,0.0,0.422,0.917,1.0,0.439,0.281,1.0,0.32,0.226,1.0,0.672,0.755,0.42,0.444,0.439,0.687
2020-01-13 22:00:00,17.14,19.13,18.85,17.91,19.39,19.85,18.11,19.37,20.35,20.37,19.77,18.68,19.09,18.97,18.69,-7.93,0.0,0.439,0.928,1.0,0.444,0.29,1.0,0.335,0.275,1.0,0.67,0.754,0.443,0.431,0.482,0.67
2020-01-13 22:15:00,17.1,19.11,18.83,17.88,19.36,19.82,18.09,19.31,20.31,20.37,19.76,18.66,19.04,18.93,18.72,-7.95,0.0,0.429,0.933,1.0,0.447,0.305,1.0,0.344,0.315,1.0,0.667,0.764,0.458,0.456,0.513,0.655
2020-01-13 22:30:00,17.12,19.1,18.78,17.88,19.33,19.78,18.07,19.26,20.27,20.37,19.74,18.64,19.0,18.9,18.74,-7.98,0.0,0.451,0.945,1.0,0.462,0.322,1.0,0.357,0.345,1.0,0.665,0.772,0.472,0.482,0.535,0.642
2020-01-13 22:45:00,17.07,19.08,18.77,17.84,19.3,19.76,18.05,19.21,20.24,20.38,19.73,18.62,18.98,18.87,18.76,-8.0,0.0,0.44,0.949,1.0,0.461,0.336,1.0,0.367,0.371,1.0,0.663,0.778,0.48,0.498,0.549,0.63
2020-01-13 23:00:00,17.12,19.05,18.73,17.91,19.27,19.75,18.0,19.2,20.3,20.38,19.75,18.57,19.0,18.95,18.78,-8.02,0.0,0.464,0.961,1.0,0.48,0.351,1.0,0.375,0.395,1.0,0.661,0.783,0.488,0.51,0.564,0.62
2020-01-13 23:15:00,17.69,18.59,18.91,18.39,19.23,19.57,18.02,19.2,19.99,20.33,19.76,18.56,19.02,18.89,18.79,-8.05,0.0,1.0,0.473,1.0,1.0,0.363,0.124,0.4,0.398,0.0,0.0,0.775,0.515,0.499,0.527,0.61
2020-01-13 23:30:00,18.01,18.79,19.06,18.47,19.1,19.3,17.99,19.19,19.52,20.25,19.78,18.49,19.03,18.82,18.81,-8.08,0.0,1.0,0.704,1.0,0.803,0.386,0.216,0.391,0.4,0.007,0.0,0.768,0.522,0.49,0.555,0.603
2020-01-13 23:45:00,17.99,18.72,19.08,18.46,19.01,19.08,17.94,19.24,19.25,20.14,19.72,18.48,19.11,18.8,18.83,-8.1,0.0,0.996,0.607,1.0,0.767,0.448,0.348,0.407,0.403,0.241,0.0,0.762,0.556,0.485,0.592,0.595
2020-01-14 00:00:00,18.02,18.69,19.05,18.47,18.92,19.11,17.95,19.14,19.16,20.06,19.79,18.38,18.99,18.72,18.84,-8.12,0.0,1.0,0.641,1.0,0.77,0.493,0.459,0.431,0.382,0.375,0.0,0.79,0.559,0.444,0.602,0.587
2020-01-14 00:15:00,18.05,18.67,18.76,18.48,18.95,19.04,18.1,19.12,19.11,19.99,19.49,18.5,18.97,18.75,18.85,-8.15,0.0,0.989,0.657,0.475,0.764,0.54,0.443,1.0,0.43,0.421,0.0,0.106,0.809,0.505,0.641,0.581
2020-01-14 00:30:00,18.05,18.62,18.77,18.48,19.03,19.04,18.36,19.1,19.1,19.91,19.08,18.59,18.97,18.76,18.86,-8.17,0.0,0.976,0.663,0.619,0.761,0.524,0.48,0.951,0.441,0.445,0.006,0.257,0.75,0.515,0.623,0.576
2020-01-14 00:45:00,18.04,18.61,18.76,18.48,19.07,19.02,18.56,19.09,19.04,19.83,18.87,18.7,18.97,18.71,18.87,-8.2,0.0,0.977,0.688,0.614,0.758,0.487,0.479,0.822,0.448,0.449,0.045,0.461,0.704,0.516,0.62,0.57
2020-01-14 01:00:00,18.08,18.59,18.73,18.52,19.14,19.03,18.59,19.09,19.02,19.77,18.9,18.69,18.97,18.72,18.88,-8.22,0.0,0.982,0.693,0.618,0.762,0.466,0.488,0.719,0.455,0.482,0.085,0.567,0.65,0.516,0.643,0.565
2020-01-14 01:15:00,18.1,18.57,18.74,18.53,19.11,19.0,18.64,19.08,19.03,19.71,18.94,18.7,18.97,18.73,18.89,-8.25,0.0,0.958,0.707,0.635,0.742,0.43,0.487,0.707,0.457,0.489,0.116,0.552,0.656,0.514,0.639,0.561
2020-01-14 01:30:00,18.15,18.56,18.72,18.56,19.13,18.99,18.64,19.07,19.01,19.66,18.94,18.7,18.97,18.73,18.89,-8.28,0.0,0.948,0.715,0.628,0.735,0.443,0.501,0.679,0.46,0.485,0.143,0.532,0.65,0.515,0.634,0.557
2020-01-14 01:45:00,18.17,18.54,18.73,18.58,19.12,18.98,18.68,19.07,19.0,19.62,18.92,18.71,18.96,18.73,18.9,-8.3,0.0,0.924,0.72,0.638,0.718,0.433,0.505,0.678,0.464,0.495,0.168,0.53,0.652,0.517,0.635,0.553
2020-01-14 02:00:00,18.2,18.54,18.72,18.61,19.12,18.98,18.69,19.08,18.99,19.58,18.92,18.72,18.98,18.75,18.91,-8.35,0.0,0.914,0.73,0.634,0.71,0.441,0.512,0.662,0.466,0.5,0.19,0.538,0.647,0.519,0.633,0.55
2020-01-14 02:15:00,18.21,18.53,18.72,18.62,19.12,18.97,18.71,19.09,18.99,19.54,18.91,18.73,18.99,18.76,18.91,-8.4,0.0,0.9,0.728,0.642,0.696,0.439,0.512,0.655,0.461,0.503,0.21,0.542,0.641,0.512,0.627,0.547
2020-01-14 02:30:00,18.24,18.54,18.71,18.65,19.12,18.97,18.72,19.09,19.01,19.51,18.91,18.72,19.0,18.79,18.92,-8.45,0.0,0.894,0.733,0.64,0.688,0.441,0.513,0.643,0.456,0.503,0.228,0.544,0.634,0.506,0.62,0.544
2020-01-14 02:45:00,18.25,18.53,18.71,18.66,19.12,18.97,18.75,19.09,19.0,19.48,18.91,18.75,19.01,18.79,18.92,-8.5,0.0,0.88,0.732,0.647,0.676,0.44,0.513,0.641,0.455,0.496,0.245,0.544,0.639,0.502,0.603,0.542
2020-01-14 03:00:00,18.27,18.52,18.69,18.68,19.12,18.97,18.76,19.08,18.97,19.45,18.9,18.76,18.99,18.77,18.93,-8.5,0.0,0.873,0.733,0.646,0.669,0.442,0.513,0.626,0.453,0.501,0.26,0.544,0.626,0.497,0.603,0.539
2020-01-14 03:15:00,18.28,18.52,18.69,18.69,19.11,18.96,18.77,18.8,18.97,19.43,19.13,18.76,18.99,18.78,18.93,-8.5,0.0,0.864,0.738,0.654,0.66,0.441,0.517,0.621,0.0,0.513,0.274,1.0,0.619,0.503,0.613,0.537
2020-01-14 03:30:00,18.35,18.56,18.71,18.73,19.11,18.95,18.77,18.45,18.96,19.41,19.38,18.76,18.98,18.78,18.93,-8.5,0.0,0.859,0.739,0.657,0.655,0.446,0.522,0.617,0.0,0.515,0.287,1.0,0.62,0.507,0.612,0.535
2020-01-14 03:45:00,18.31,18.51,18.67,18.71,19.1,18.94,18.78,18.12,18.96,19.38,19.59,18.76,18.99,18.78,18.94,-8.5,0.0,0.827,0.721,0.647,0.637,0.447,0.525,0.615,0.0,0.519,0.297,1.0,0.621,0.508,0.612,0.533
2020-01-14 04:00:00,18.32,18.51,18.66,18.72,19.1,18.94,18.78,17.85,18.95,19.36,19.73,18.76,18.98,18.78,18.94,-8.53,0.0,0.844,0.744,0.664,0.647,0.45,0.53,0.611,0.0,0.522,0.311,1.0,0.619,0.504,0.61,0.531
2020-01-14 04:15:00,18.38,18.55,18.71,19.1,19.09,18.92,18.78,17.64,18.94,19.39,19.84,18.68,18.98,18.78,18.95,-8.55,0.0,0.84,0.744,0.672,1.0,0.452,0.532,0.61,0.0,0.526,0.971,1.0,0.42,0.508,0.611,0.529
2020-01-14 04:30:00,18.35,18.51,18.7,19.18,19.09,18.91,18.79,17.39,18.94,19.48,19.94,18.58,18.97,18.77,18.95,-8.58,0.0,0.809,0.725,0.643,1.0,0.454,0.538,0.608,0.0,0.528,0.954,1.0,0.46,0.511,0.611,0.527
2020-01-14 04:45:00,18.35,18.51,18.69,19.19,19.08,18.88,18.79,17.21,18.93,19.56,20.02,18.54,18.97,18.77,18.95,-8.6,0.0,0.826,0.744,0.649,1.0,0.456,0.545,0.606,0.054,0.532,0.909,1.0,0.512,0.514,0.613,0.526
2020-01-14 05:00:00,18.36,18.51,18.7,19.23,19.08,18.88,18.79,17.12,18.93,19.62,20.1,18.53,18.96,18.77,18.95,-8.6,0.0,0.824,0.746,0.653,1.0,0.458,0.559,0.605,0.144,0.534,0.869,1.0,0.529,0.516,0.613,0.524
2020-01-14 05:15:00,18.37,18.51,18.7,19.26,18.95,18.88,18.94,17.08,18.81,19.67,20.16,18.53,18.96,18.82,19.02,-8.6,0.0,0.82,0.744,0.649,1.0,0.0,0.559,1.0,0.191,0.285,0.841,1.0,0.535,0.519,0.714,1.0
2020-01-14 05:30:00,18.38,18.51,18.71,19.3,18.9,18.89,19.12,17.06,18.65,19.7,20.22,18.53,18.96,18.87,19.13,-8.6,0.0,0.814,0.744,0.649,1.0,0.0,0.559,1.0,0.21,0.347,0.817,1.0,0.534,0.518,0.689,1.0
2020-01-14 05:45:00,18.38,18.51,18.71,19.35,18.87,18.89,19.23,17.05,18.6,19.74,20.27,18.53,18.96,18.9,19.23,-8.6,0.0,0.812,0.745,0.647,1.0,0.0,0.553,1.0,0.219,0.426,0.798,1.0,0.535,0.518,0.664,1.0
2020-01-14 06:00:00,18.39,18.51,18.71,19.39,18.86,18.9,19.31,17.03,18.6,19.77,20.33,18.53,18.97,18.91,19.32,-8.63,0.0,0.808,0.745,0.646,1.0,0.0,0.553,1.0,0.227,0.448,0.781,1.0,0.534,0.518,0.651,1.0
2020-01-14 06:15:00,17.87,18.8,18.7,19.46,18.87,18.9,19.38,17.02,18.6,19.79,20.38,18.53,19.02,18.92,19.4,-8.65,0.0,0.355,1.0,0.643,1.0,0.0,0.552,1.0,0.234,0.451,0.765,1.0,0.534,0.615,0.643,1.0
2020-01-14 06:30:00,18.07,18.83,18.65,19.45,18.86,18.91,19.45,16.99,18.61,19.82,20.44,18.53,19.08,18.93,19.49,-8.67,0.0,0.613,1.0,0.65,1.0,0.0,0.552,1.0,0.24,0.449,0.753,1.0,0.534,0.589,0.639,1.0
2020-01-14 06:45:00,18.0,18.83,18.71,19.49,18.87,18.91,19.49,16.98,18.59,19.84,20.5,18.54,19.11,18.94,19.56,-8.7,0.0,0.513,1.0,0.673,1.0,0.0,0.546,1.0,0.256,0.447,0.739,1.0,0.534,0.56,0.635,1.0
2020-01-14 07:00:00,18.02,18.86,18.67,19.54,18.86,18.9,19.54,16.97,18.58,19.87,20.53,18.53,19.1,18.93,19.63,-8.7,0.0,0.549,1.0,0.643,1.0,0.0,0.545,1.0,0.26,0.453,0.728,1.0,0.531,0.547,0.63,1.0
2020-01-14 07:15:00,17.98,18.87,18.91,19.54,18.86,18.89,19.57,16.95,18.57,19.88,20.57,18.52,19.09,18.93,19.7,-8.7,0.0,0.539,1.0,1.0,1.0,0.0,0.549,1.0,0.267,0.458,0.717,1.0,0.536,0.551,0.634,1.0
2020-01-14 07:30:00,18.07,18.93,18.89,19.67,18.84,18.89,19.6,16.94,18.56,19.9,20.6,18.51,19.09,18.93,19.77,-8.7,0.0,0.561,1.0,0.944,1.0,0.0,0.554,1.0,0.275,0.465,0.708,1.0,0.54,0.555,0.636,1.0
2020-01-14 07:45:00,17.98,18.95,18.97,19.66,18.84,18.88,19.62,16.93,18.55,19.92,20.63,18.51,19.08,18.92,19.83,-8.7,0.0,0.514,1.0,0.954,1.0,0.0,0.557,1.0,0.281,0.469,0.699,1.0,0.543,0.557,0.637,1.0
2020-01-14 08:00:00,18.04,18.98,18.91,19.72,18.83,18.87,19.64,16.91,18.54,19.93,20.65,18.5,19.08,18.92,19.89,-8.7,0.0,0.562,1.0,0.915,1.0,0.0,0.56,1.0,0.287,0.475,0.691,1.0,0.545,0.558,0.638,1.0
2020-01-14 08:15:00,17.95,18.99,18.99,19.7,18.82,19.02,19.66,16.91,18.53,19.95,20.67,18.5,19.08,18.91,19.95,-8.7,2.0,0.53,1.0,0.946,0.991,0.0,1.0,1.0,0.294,0.48,0.683,1.0,0.549,0.561,0.641,1.0
2020-01-14 08:30:00,18.02,19.03,18.93,19.77,18.81,19.19,19.68,16.91,18.53,19.96,20.7,18.56,19.08,18.94,20.01,-8.7,8.8,0.577,1.0,0.905,1.0,0.0,1.0,1.0,0.294,0.485,0.676,1.0,0.551,0.561,0.643,1.0
2020-01-14 08:45:00,17.94,19.05,19.01,19.73,18.81,19.31,19.7,16.9,18.53,19.97,20.73,18.61,19.09,18.98,20.07,-8.7,15.5,0.539,1.0,0.937,0.966,0.0,1.0,1.0,0.297,0.486,0.67,1.0,0.521,0.56,0.631,1.0
2020-01-14 09:00:00,18.03,19.1,18.96,19.82,18.8,19.41,19.73,16.91,18.54,19.98,20.77,18.64,19.1,19.01,20.12,-8.62,22.2,0.58,1.0,0.895,0.983,0.0,1.0,1.0,0.299,0.486,0.664,0.986,0.495,0.557,0.611,1.0
2020-01-14 09:15:00,17.97,19.12,19.05,19.79,18.81,19.48,19.76,16.92,18.55,19.99,20.79,18.67,19.12,19.04,20.18,-8.55,29.0,0.536,1.0,0.92,0.942,0.0,1.0,1.0,0.295,0.481,0.658,0.966,0.48,0.549,0.594,1.0
2020-01-14 09:30:00,18.05,19.17,19.01,19.87,18.81,19.55,19.79,16.92,18.56,20.0,20.82,18.69,19.14,19.06,20.23,-8.47,35.2,0.564,0.989,0.873,0.957,0.0,1.0,1.0,0.291,0.477,0.653,0.953,0.466,0.538,0.58,1.0
2020-01-14 09:45:00,17.99,19.17,19.1,19.84,18.81,19.6,19.82,16.93,18.56,20.01,20.85,18.71,19.15,19.08,20.28,-8.4,41.5,0.525,0.966,0.895,0.915,0.0,1.0,1.0,0.288,0.472,0.648,0.939,0.456,0.531,0.569,1.0
2020-01-14 10:00:00,18.08,19.23,19.06,19.93,18.81,19.66,19.86,16.94,18.59,20.02,20.89,18.73,19.17,19.11,20.33,-8.32,47.8,0.554,0.963,0.848,0.93,0.0,1.0,1.0,0.285,0.468,0.643,0.925,0.446,0.525,0.558,1.0
2020-01-14 10:15:00,18.03,19.24,19.17,19.91,18.82,19.72,19.89,16.96,18.6,20.03,20.93,18.76,19.19,19.14,20.38,-8.25,54.0,0.509,0.935,0.869,0.884,0.0,1.0,1.0,0.278,0.457,0.639,0.906,0.433,0.514,0.544,1.0
2020-01-14 10:30:00,18.12,19.29,19.12,20.0,18.83,19.78,19.93,16.97,18.62,20.04,20.96,18.79,19.21,19.17,20.43,-8.18,58.8,0.537,0.932,0.817,0.897,0.0,1.0,1.0,0.272,0.449,0.635,0.887,0.419,0.504,0.528,1.0
2020-01-14 10:45:00,18.06,19.29,19.22,19.97,18.84,19.83,19.97,16.97,18.63,20.04,20.99,18.81,19.23,19.2,20.48,-8.1,63.5,0.49,0.904,0.84,0.85,0.0,1.0,1.0,0.267,0.44,0.631,0.87,0.407,0.495,0.514,1.0
2020-01-14 11:00:00,18.15,19.34,19.16,20.06,18.84,19.88,20.01,16.98,18.65,20.05,21.02,18.83,19.24,19.22,20.52,-8.05,68.2,0.521,0.903,0.789,0.867,0.0,1.0,1.0,0.263,0.433,0.628,0.854,0.394,0.486,0.5,1.0
2020-01-14 11:15:00,18.07,19.34,19.28,20.01,18.85,19.92,20.04,17.0,18.66,20.06,21.04,18.85,19.26,19.24,20.57,-8.0,73.0,0.473,0.878,0.818,0.821,0.0,1.0,1.0,0.26,0.427,0.624,0.841,0.384,0.48,0.49,1.0
2020-01-14 11:30:00,18.19,19.4,19.2,20.11,18.86,19.96,20.08,17.0,18.67,20.06,21.06,18.86,19.28,19.26,20.61,-7.95,76.2,0.515,0.879,0.762,0.843,0.0,1.0,1.0,0.25,0.422,0.621,0.832,0.374,0.469,0.479,1.0
2020-01-14 11:45:00,18.09,19.39,19.32,20.05,18.87,19.99,20.11,17.01,18.68,20.07,21.08,18.88,19.29,19.28,20.66,-7.9,79.5,0.456,0.852,0.799,0.793,0.0,1.0,1.0,0.248,0.416,0.618,0.821,0.368,0.462,0.472,1.0
2020-01-14 12:00:00,18.22,19.45,19.24,20.17,18.88,20.04,20.15,17.03,18.7,20.07,21.11,18.9,19.31,19.3,20.7,-7.85,82.8,0.503,0.857,0.739,0.823,0.0,1.0,1.0,0.246,0.411,0.616,0.809,0.358,0.456,0.461,1.0
2020-01-14 12:15:00,18.12,19.44,19.38,20.1,18.89,20.08,20.19,17.04,18.72,20.08,21.14,18.93,19.34,19.33,20.74,-7.8,86.0,0.438,0.826,0.781,0.764,0.0,1.0,1.0,0.236,0.4,0.613,0.794,0.348,0.443,0.449,1.0
2020-01-14 12:30:00,18.26,19.5,19.27,20.23,18.9,20.13,20.23,17.05,18.73,20.08,21.16,18.95,19.35,19.35,20.78,-7.75,84.8,0.49,0.832,0.711,0.801,0.0,1.0,1.0,0.228,0.391,0.611,0.779,0.335,0.43,0.436,1.0
2020-01-14 12:45:00,18.13,19.47,19.42,20.13,18.91,20.16,20.26,17.05,18.74,20.09,21.18,18.96,19.36,19.37,20.82,-7.7,83.5,0.421,0.802,0.765,0.737,0.0,1.0,1.0,0.225,0.385,0.608,0.769,0.327,0.424,0.426,1.0
2020-01-14 13:00:00,18.28,19.53,19.29,20.27,18.92,20.19,20.29,17.05,18.75,20.09,21.2,18.97,19.37,19.38,20.86,-7.67,82.2,0.486,0.815,0.69,0.786,0.0,1.0,1.0,0.224,0.38,0.606,0.759,0.319,0.419,0.417,0.988
2020-01-14 13:15:00,18.14,19.49,19.45,20.14,18.93,20.23,20.32,17.03,18.75,20.1,21.23,18.98,19.35,19.39,20.9,-7.65,81.0,0.408,0.786,0.757,0.716,0.0,1.0,1.0,0.224,0.377,0.604,0.752,0.315,0.417,0.412,0.969
2020-01-14 13:30:00,18.3,19.55,19.29,20.29,18.94,20.25,20.34,17.03,18.75,20.1,21.24,18.99,19.35,19.39,20.93,-7.62,74.5,0.481,0.804,0.676,0.779,0.0,1.0,1.0,0.234,0.375,0.602,0.733,0.309,0.427,0.407,0.952
2020-01-14 13:45:00,18.11,19.5,19.47,20.14,18.95,20.27,20.36,17.03,18.75,20.1,21.23,18.98,19.35,19.39,20.95,-7.6,68.0,0.399,0.776,0.757,0.703,0.0,1.0,1.0,0.234,0.375,0.6,0.732,0.306,0.426,0.403,0.936
2020-01-14 14:00:00,18.3,19.54,19.26,20.3,18.95,20.26,20.36,17.0,18.73,20.11,21.21,18.97,19.31,19.38,20.98,-7.62,61.5,0.493,0.802,0.666,0.781,0.0,1.0,1.0,0.235,0.377,0.599,0.733,0.308,0.426,0.405,0.923
2020-01-14 14:15:00,18.07,19.46,19.46,20.1,18.94,20.25,20.36,16.98,18.71,20.11,21.19,18.94,19.28,19.35,21.0,-7.65,55.0,0.399,0.78,0.772,0.7,0.0,1.0,1.0,0.25,0.387,0.597,0.743,0.317,0.443,0.412,0.91
2020-01-14 14:30:00,18.3,19.52,19.2,20.3,18.94,20.24,20.35,16.96,18.69,20.11,21.17,18.92,19.26,19.33,21.02,-7.67,49.8,0.515,0.818,0.67,0.798,0.0,1.0,1.0,0.262,0.395,0.595,0.755,0.33,0.458,0.424,0.899
2020-01-14 14:45:00,18.01,19.43,19.46,20.06,18.92,20.21,20.34,16.97,18.68,20.11,21.13,18.9,19.27,19.31,21.04,-7.7,44.5,0.4,0.79,0.799,0.701,0.0,1.0,1.0,0.27,0.405,0.594,0.765,0.341,0.468,0.434,0.889
2020-01-14 15:00:00,18.26,19.51,19.27,20.24,18.91,20.2,20.32,16.93,18.66,20.12,21.14,18.88,19.23,19.29,21.06,-7.72,39.2,0.547,0.836,0.669,0.82,0.0,1.0,1.0,0.265,0.412,0.593,0.786,0.352,0.464,0.445,0.879
2020-01-14 15:15:00,18.13,19.45,19.31,20.18,18.91,20.19,20.31,16.91,18.64,20.12,21.12,18.86,19.21,19.27,21.08,-7.75,34.0,0.42,0.794,0.764,0.732,0.0,1.0,1.0,0.283,0.419,0.591,0.781,0.362,0.483,0.455,0.871
2020-01-14 15:30:00,18.13,19.42,19.27,20.13,18.89,20.17,20.29,16.9,18.63,20.12,21.1,18.85,19.19,19.26,21.09,-7.78,26.8,0.487,0.826,0.747,0.762,0.0,1.0,1.0,0.294,0.428,0.59,0.79,0.371,0.495,0.464,0.862
2020-01-14 15:45:00,18.12,19.41,19.25,20.13,18.88,20.15,20.27,16.89,18.61,20.12,21.07,18.82,19.18,19.23,21.11,-7.8,19.5,0.484,0.839,0.765,0.786,0.0,1.0,1.0,0.3,0.436,0.589,0.801,0.377,0.503,0.471,0.854
2020-01-14 16:00:00,18.09,19.39,19.24,20.1,18.86,20.13,20.26,16.88,18.6,20.13,21.05,18.81,19.16,19.22,21.12,-7.83,12.2,0.492,0.845,0.774,0.786,0.0,1.0,1.0,0.306,0.446,0.588,0.814,0.389,0.512,0.483,0.847
2020-01-14 16:15:00,18.07,19.38,19.23,20.09,18.85,20.1,20.24,16.88,18.58,20.13,21.02,18.78,19.16,19.2,21.13,-7.85,5.0,0.503,0.855,0.779,0.798,0.0,1.0,1.0,0.311,0.452,0.587,0.823,0.397,0.52,0.49,0.84
2020-01-14 16:30:00,18.07,19.36,19.21,20.08,18.84,20.08,20.22,16.87,18.57,20.13,21.01,18.77,19.15,19.18,21.14,-7.88,3.8,0.514,0.862,0.786,0.803,0.0,1.0,1.0,0.308,0.461,0.586,0.84,0.408,0.52,0.502,0.834
2020-01-14 16:45:00,18.05,19.35,19.2,20.07,18.83,20.06,20.2,16.85,18.56,20.13,21.0,18.76,19.13,19.17,21.15,-7.9,0.0,0.517,0.868,0.793,0.809,0.0,1.0,1.0,0.316,0.465,0.585,0.845,0.415,0.526,0.509,0.829
2020-01-14 17:00:00,18.04,19.33,19.19,20.06,18.81,20.05,20.19,16.84,18.54,20.13,20.99,18.74,19.12,19.16,21.16,-7.95,0.0,0.526,0.876,0.798,0.816,0.0,1.0,1.0,0.325,0.472,0.584,0.85,0.422,0.534,0.515,0.823
2020-01-14 17:15:00,18.02,19.32,19.18,20.04,18.8,20.03,20.17,16.83,18.53,20.14,20.98,18.73,19.1,19.15,21.17,-8.0,0.0,0.53,0.883,0.807,0.821,0.0,1.0,1.0,0.332,0.478,0.583,0.856,0.428,0.542,0.522,0.818
2020-01-14 17:30:00,18.02,19.31,19.16,20.04,18.79,20.02,20.15,16.82,18.52,20.14,20.97,18.72,19.09,19.13,21.18,-8.05,0.0,0.538,0.89,0.811,0.829,0.0,1.0,1.0,0.337,0.484,0.582,0.862,0.433,0.548,0.527,0.813
2020-01-14 17:45:00,18.0,19.3,19.16,20.02,18.77,20.0,20.13,16.81,18.51,20.14,20.96,18.72,19.09,19.13,21.19,-8.1,0.0,0.541,0.895,0.819,0.832,0.0,1.0,1.0,0.341,0.489,0.581,0.866,0.438,0.553,0.533,0.808
2020-01-14 18:00:00,18.0,19.29,19.14,20.02,18.76,19.99,20.12,16.81,18.51,20.14,20.96,18.71,19.08,19.12,21.2,-8.15,0.0,0.548,0.901,0.822,0.839,0.0,1.0,1.0,0.345,0.494,0.58,0.871,0.442,0.557,0.537,0.804
2020-01-14 18:15:00,17.99,19.28,19.14,20.01,18.75,19.99,20.11,16.8,18.5,20.14,20.95,18.71,19.08,19.12,21.21,-8.2,0.0,0.548,0.904,0.828,0.84,0.0,1.0,1.0,0.346,0.495,0.579,0.872,0.444,0.558,0.539,0.8
2020-01-14 18:30:00,17.99,19.28,19.13,20.01,18.74,19.98,20.1,16.8,18.5,20.14,20.95,18.7,19.08,19.11,21.22,-8.25,0.0,0.554,0.908,0.828,0.845,0.0,1.0,1.0,0.348,0.498,0.578,0.874,0.446,0.559,0.541,0.796
2020-01-14 18:45:00,17.98,19.27,19.13,20.0,18.73,19.97,20.09,16.8,18.49,20.15,20.94,18.7,19.07,19.11,21.22,-8.3,0.0,0.554,0.91,0.835,0.844,0.0,1.0,1.0,0.35,0.5,0.578,0.876,0.448,0.561,0.543,0.792
2020-01-14 19:00:00,17.97,19.24,19.09,19.99,18.72,19.96,20.06,16.76,18.47,20.15,20.93,18.69,19.04,19.09,21.23,-8.55,0.0,0.56,0.915,0.834,0.85,0.0,1.0,1.0,0.352,0.503,0.577,0.878,0.45,0.564,0.545,0.789
2020-01-14 19:15:00,17.97,19.27,19.11,19.99,18.7,19.94,20.04,17.07,18.46,20.15,20.54,18.67,19.03,19.07,21.24,-8.8,0.0,0.563,0.928,0.853,0.855,0.0,1.0,1.0,1.0,0.514,0.576,0.0,0.457,0.579,0.554,0.785
2020-01-14 19:30:00,17.95,19.25,19.1,19.99,18.68,19.91,20.01,17.49,18.44,20.15,19.97,18.65,19.01,19.05,21.24,-9.05,0.0,0.567,0.913,0.844,0.853,0.0,1.0,1.0,1.0,0.522,0.576,0.0,0.466,0.586,0.563,0.782
2020-01-14 19:45:00,17.93,19.23,19.07,19.97,18.66,19.89,19.99,17.83,18.42,20.15,19.33,18.63,19.0,19.04,21.25,-9.3,0.0,0.573,0.925,0.852,0.857,0.0,1.0,1.0,1.0,0.531,0.575,0.017,0.475,0.593,0.573,0.779
2020-01-14 20:00:00,17.91,19.19,19.05,19.93,18.65,19.87,19.97,18.1,18.42,20.15,19.06,18.63,18.99,19.03,21.25,-9.2,0.0,0.584,0.937,0.863,0.867,0.0,1.0,1.0,1.0,0.54,0.574,0.337,0.483,0.601,0.582,0.776
2020-01-14 20:15:00,17.92,19.23,18.97,19.0,18.64,19.88,19.96,18.24,18.41,20.11,19.06,18.69,18.99,19.03,21.26,-9.1,0.0,0.595,0.957,0.873,0.033,0.0,1.0,1.0,0.949,0.541,0.0,0.471,0.684,0.605,0.584,0.773
2020-01-14 20:30:00,17.9,19.22,18.96,19.19,18.62,19.9,19.94,18.36,18.41,20.03,19.09,18.77,18.98,19.03,21.26,-9.0,0.0,0.589,0.933,0.916,0.498,0.0,1.0,1.0,0.88,0.543,0.0,0.471,0.656,0.606,0.586,0.771
2020-01-14 20:45:00,17.9,19.18,18.95,19.28,18.61,19.9,19.92,18.43,18.41,19.93,19.1,18.81,18.97,19.05,21.27,-8.9,0.0,0.601,0.942,0.922,0.406,0.0,1.0,1.0,0.819,0.546,0.0,0.453,0.615,0.609,0.585,0.768
2020-01-14 21:00:00,17.89,19.18,18.95,19.13,18.6,19.92,19.93,18.48,18.4,19.85,19.08,18.83,18.98,19.03,21.28,-8.92,0.0,0.599,0.959,0.924,0.36,0.0,1.0,1.0,0.783,0.543,0.035,0.449,0.597,0.613,0.574,0.765
2020-01-14 21:15:00,17.92,19.23,18.97,19.18,18.63,19.92,19.66,18.52,18.51,19.8,19.06,18.85,18.98,19.01,21.2,-8.95,0.0,0.605,0.959,0.925,0.436,0.7,1.0,0.037,0.76,0.799,0.073,0.459,0.585,0.61,0.487,0.0
2020-01-14 21:30:00,17.92,19.22,18.97,19.12,18.58,19.91,19.35,18.55,18.63,19.74,19.04,18.85,18.98,18.97,21.06,-8.97,0.0,0.589,0.933,0.917,0.408,0.684,1.0,0.169,0.742,0.743,0.1,0.468,0.577,0.608,0.497,0.0
2020-01-14 21:45:00,17.89,19.17,18.93,19.08,18.55,19.9,19.14,18.58,18.68,19.68,19.01,18.85,18.98,18.94,20.91,-9.0,0.0,0.591,0.938,0.914,0.441,0.708,1.0,0.327,0.725,0.686,0.13,0.482,0.576,0.608,0.517,0.0
2020-01-14 22:00:00,17.89,19.17,18.91,19.05,18.49,19.89,19.09,18.6,18.69,19.64,19.0,18.85,18.98,18.93,20.78,-9.03,0.0,0.607,0.965,0.934,0.46,0.725,1.0,0.431,0.711,0.661,0.16,0.493,0.576,0.608,0.529,0.0
2020-01-14 22:15:00,18.29,18.62,18.98,19.03,18.5,19.89,19.03,18.61,18.69,19.6,18.98,18.85,18.93,18.92,20.68,-9.05,0.0,1.0,0.415,0.943,0.476,0.754,1.0,0.456,0.702,0.653,0.182,0.502,0.574,0.511,0.533,0.0
2020-01-14 22:30:00,18.25,18.77,18.94,18.99,18.5,19.88,19.0,18.63,18.69,19.56,18.96,18.85,18.86,18.92,20.55,-9.08,0.0,0.856,0.691,0.91,0.483,0.749,1.0,0.484,0.694,0.657,0.199,0.508,0.575,0.537,0.539,0.0
2020-01-14 22:45:00,18.22,18.7,18.96,18.95,18.5,19.88,18.98,18.64,18.7,19.52,18.95,18.85,18.83,18.91,20.44,-9.1,0.0,0.875,0.613,0.931,0.505,0.748,1.0,0.5,0.686,0.655,0.221,0.518,0.575,0.571,0.542,0.0
2020-01-14 23:00:00,18.29,18.69,18.93,18.96,18.52,19.88,18.96,18.66,18.71,19.49,18.94,18.85,18.83,18.91,20.34,-9.1,0.0,0.89,0.648,0.918,0.524,0.749,1.0,0.508,0.68,0.651,0.238,0.525,0.574,0.584,0.544,0.0
2020-01-14 23:15:00,18.27,18.66,18.65,18.94,18.53,19.88,18.96,18.67,18.72,19.47,18.94,18.86,18.84,18.91,20.24,-9.1,0.0,0.856,0.657,0.534,0.52,0.741,1.0,0.518,0.672,0.647,0.253,0.528,0.573,0.583,0.545,0.0
2020-01-14 23:30:00,18.21,18.59,18.71,18.87,18.55,19.88,18.95,18.68,18.72,19.44,18.93,18.86,18.84,18.91,20.13,-9.1,0.0,0.865,0.67,0.677,0.531,0.735,1.0,0.522,0.665,0.641,0.267,0.531,0.571,0.582,0.545,0.0
2020-01-14 23:45:00,18.3,18.61,18.66,18.93,18.56,19.88,18.94,18.69,18.73,19.42,18.92,18.86,18.83,18.91,20.04,-9.1,0.0,0.896,0.707,0.643,0.567,0.726,1.0,0.527,0.66,0.638,0.28,0.534,0.569,0.582,0.545,0.0
2020-01-15 00:00:00,18.26,18.55,18.69,18.86,18.58,19.87,18.92,18.69,18.73,19.4,18.91,18.86,18.82,18.9,19.94,-9.18,0.0,0.85,0.697,0.672,0.534,0.718,1.0,0.529,0.654,0.634,0.291,0.538,0.568,0.583,0.545,0.0
2020-01-15 00:15:00,18.3,18.55,18.62,18.89,18.6,19.63,18.9,18.69,18.74,19.38,18.9,18.85,18.81,18.91,19.85,-9.25,0.0,0.872,0.725,0.654,0.572,0.708,0.063,0.539,0.654,0.634,0.302,0.545,0.569,0.589,0.548,0.029
2020-01-15 00:30:00,18.28,18.51,18.66,18.84,18.61,19.39,18.89,18.7,18.74,19.36,18.89,18.74,18.81,18.79,19.77,-9.32,0.0,0.85,0.724,0.688,0.556,0.701,0.187,0.549,0.653,0.63,0.312,0.551,0.577,0.593,0.545,0.074
2020-01-15 00:45:00,18.3,18.51,18.6,18.86,18.63,19.19,18.88,18.7,18.74,19.34,18.88,18.67,18.8,18.73,19.7,-9.4,0.0,0.861,0.747,0.672,0.58,0.693,0.304,0.554,0.652,0.631,0.322,0.556,0.632,0.597,0.603,0.114
2020-01-15 01:00:00,18.27,18.47,18.61,18.82,18.64,19.1,18.86,18.69,18.73,19.32,18.86,18.63,18.78,18.69,19.64,-9.52,0.0,0.849,0.745,0.7,0.568,0.687,0.406,0.559,0.652,0.631,0.33,0.56,0.663,0.6,0.634,0.149
2020-01-15 01:15:00,18.28,18.46,18.56,18.83,18.65,19.04,18.84,18.68,18.72,19.31,18.85,18.63,18.77,18.69,19.59,-9.65,0.0,0.864,0.765,0.697,0.592,0.681,0.45,0.57,0.656,0.635,0.338,0.568,0.687,0.608,0.656,0.179
2020-01-15 01:30:00,18.26,18.43,18.56,18.79,18.66,19.02,18.83,18.67,18.72,19.29,18.84,18.62,18.76,18.69,19.55,-9.77,0.0,0.858,0.769,0.722,0.586,0.677,0.478,0.578,0.66,0.638,0.346,0.575,0.686,0.615,0.654,0.205
2020-01-15 01:45:00,18.27,18.42,18.52,18.79,18.66,18.99,18.83,18.67,18.69,19.28,18.83,18.65,18.75,18.66,19.51,-9.9,0.0,0.868,0.784,0.722,0.604,0.672,0.489,0.587,0.664,0.641,0.353,0.581,0.688,0.621,0.655,0.227
2020-01-15 02:00:00,18.26,18.4,18.51,18.77,18.68,18.97,18.8,18.67,18.72,19.27,18.82,18.61,18.74,18.69,19.47,-10.0,0.0,0.866,0.788,0.742,0.603,0.668,0.503,0.584,0.667,0.654,0.36,0.587,0.674,0.627,0.668,0.247
2020-01-15 02:15:00,18.26,18.39,18.48,18.77,18.69,18.95,18.79,18.66,18.71,19.26,18.81,18.61,18.73,18.68,19.44,-10.1,0.0,0.872,0.801,0.744,0.614,0.661,0.513,0.602,0.667,0.642,0.366,0.591,0.694,0.63,0.653,0.265
2020-01-15 02:30:00,18.25,18.37,18.48,18.75,18.7,18.93,18.78,18.66,18.7,19.25,18.8,18.61,18.73,18.67,19.41,-10.2,0.0,0.871,0.805,0.759,0.615,0.657,0.526,0.605,0.668,0.645,0.372,0.595,0.693,0.633,0.659,0.282
2020-01-15 02:45:00,18.25,18.36,18.46,18.75,18.71,18.91,18.77,18.66,18.7,19.24,18.79,18.6,18.72,18.67,19.38,-10.3,0.0,0.876,0.815,0.761,0.624,0.652,0.535,0.61,0.67,0.648,0.377,0.599,0.697,0.637,0.663,0.296
2020-01-15 03:00:00,18.23,18.34,18.44,18.73,18.71,18.89,18.74,18.64,18.68,19.23,18.77,18.58,18.69,18.65,19.36,-10.38,0.0,0.877,0.82,0.772,0.624,0.647,0.545,0.615,0.672,0.651,0.382,0.603,0.7,0.641,0.666,0.308
2020-01-15 03:15:00,18.23,18.32,18.42,18.72,18.83,18.86,18.67,18.62,18.67,19.22,18.86,18.56,18.67,18.64,19.34,-10.45,0.0,0.883,0.832,0.779,0.636,1.0,0.556,0.529,0.682,0.659,0.387,0.813,0.71,0.653,0.674,0.32
2020-01-15 03:30:00,18.22,18.3,18.4,18.7,18.85,18.84,18.63,18.6,18.68,19.21,18.96,18.54,18.66,18.63,19.32,-10.53,0.0,0.887,0.84,0.792,0.64,1.0,0.569,0.564,0.691,0.664,0.391,0.769,0.719,0.664,0.68,0.33
2020-01-15 03:45:00,18.21,18.28,18.38,18.69,18.87,18.82,18.6,18.59,18.67,19.2,18.99,18.53,18.64,18.61,19.3,-10.6,0.0,0.892,0.851,0.799,0.65,1.0,0.579,0.586,0.698,0.658,0.396,0.721,0.728,0.672,0.687,0.34
2020-01-15 04:00:00,18.2,18.27,18.37,18.68,18.88,18.81,18.59,18.59,18.67,19.19,18.99,18.52,18.63,18.61,19.29,-10.68,0.0,0.896,0.86,0.81,0.654,1.0,0.59,0.601,0.705,0.663,0.4,0.705,0.736,0.68,0.693,0.349
2020-01-15 04:15:00,18.17,18.25,18.38,18.67,18.9,18.74,18.58,18.65,18.67,19.19,18.9,18.51,18.71,18.6,19.27,-10.75,0.0,0.9,0.866,0.815,0.66,1.0,0.597,0.606,0.706,0.665,0.403,0.705,0.739,0.683,0.696,0.357
2020-01-15 04:30:00,18.17,18.24,18.35,18.67,18.92,18.75,18.57,18.64,18.66,19.18,18.9,18.49,18.69,18.58,19.26,-10.82,0.0,0.917,0.873,0.812,0.664,1.0,0.628,0.612,0.674,0.667,0.407,0.752,0.743,0.646,0.698,0.365
2020-01-15 04:45:00,18.16,18.23,18.35,18.65,18.94,18.73,18.56,18.62,18.66,19.17,18.91,18.49,18.67,18.58,19.25,-10.9,0.0,0.913,0.878,0.824,0.665,1.0,0.627,0.617,0.682,0.668,0.41,0.748,0.755,0.656,0.708,0.371
2020-01-15 05:00:00,18.15,18.22,18.33,18.65,18.95,18.72,18.55,18.61,18.66,19.17,18.91,18.48,18.65,18.58,19.23,-10.97,0.0,0.922,0.887,0.825,0.674,1.0,0.637,0.622,0.69,0.669,0.414,0.745,0.755,0.667,0.708,0.377
2020-01-15 05:15:00,18.18,18.23,18.08,18.91,18.97,18.71,18.54,18.61,18.66,19.16,18.9,18.47,18.67,18.68,19.22,-11.05,0.0,0.924,0.892,0.484,1.0,1.0,0.64,0.626,0.695,0.671,0.417,0.745,0.761,0.724,1.0,0.383
2020-01-15 05:30:00,18.1,18.16,18.11,18.93,18.99,18.7,18.53,18.6,18.65,19.16,18.89,18.46,18.69,18.83,19.21,-11.12,0.0,0.91,0.883,0.61,1.0,1.0,0.644,0.629,0.697,0.671,0.419,0.748,0.764,0.715,1.0,0.388
2020-01-15 05:45:00,18.11,18.16,18.11,18.91,18.99,18.71,18.52,18.59,18.65,19.15,18.88,18.45,18.69,18.92,19.2,-11.2,0.0,0.95,0.918,0.594,1.0,1.0,0.648,0.637,0.701,0.676,0.422,0.754,0.768,0.705,1.0,0.394
2020-01-15 06:00:00,18.1,18.16,18.07,18.94,19.01,18.71,18.52,18.59,18.65,19.14,18.88,18.45,18.69,18.98,19.19,-11.25,0.0,0.947,0.919,0.597,1.0,1.0,0.647,0.639,0.703,0.676,0.425,0.759,0.774,0.703,1.0,0.398
2020-01-15 06:15:00,18.16,18.2,18.1,18.97,18.98,18.72,18.52,18.59,18.38,19.11,18.88,18.51,18.69,19.02,19.19,-11.3,0.0,0.948,0.921,0.617,1.0,0.995,0.646,0.642,0.704,0.0,0.0,0.759,0.923,0.704,1.0,0.403
2020-01-15 06:30:00,18.14,18.23,18.07,18.96,18.89,18.72,18.55,18.59,17.93,19.04,18.88,18.66,18.69,18.98,19.18,-11.35,0.0,0.922,0.901,0.602,1.0,1.0,0.641,0.642,0.704,0.0,0.0,0.76,0.897,0.705,1.0,0.406
2020-01-15 06:45:00,18.14,18.19,18.05,18.97,18.77,18.72,18.49,18.59,17.67,18.96,18.87,18.67,18.68,19.0,19.17,-11.4,0.0,0.931,0.887,0.614,1.0,1.0,0.639,0.624,0.705,0.135,0.0,0.762,0.822,0.707,1.0,0.41
2020-01-15 07:00:00,18.07,18.15,18.02,18.93,18.72,18.7,18.45,18.58,17.52,18.88,18.86,18.66,18.67,19.01,19.17,-11.45,0.0,0.932,0.903,0.623,1.0,1.0,0.641,0.653,0.707,0.265,0.0,0.765,0.817,0.709,1.0,0.414
2020-01-15 07:15:00,18.11,18.21,17.99,18.92,18.64,18.81,18.46,18.31,17.54,18.82,18.85,18.65,18.67,19.01,19.16,-11.5,0.0,1.0,1.0,0.64,1.0,1.0,1.0,0.673,0.211,0.338,0.0,0.772,0.821,0.713,1.0,0.417
2020-01-15 07:30:00,18.11,18.16,17.99,18.97,18.67,18.94,18.34,18.02,17.56,18.75,18.84,18.57,18.66,19.15,19.15,-11.55,0.0,1.0,1.0,0.655,1.0,1.0,1.0,0.668,0.347,0.329,0.0,0.777,0.826,0.716,1.0,0.421
2020-01-15 07:45:00,18.1,18.15,17.98,18.97,18.65,19.01,18.39,17.88,17.54,18.69,18.83,18.62,18.66,19.18,19.15,-11.6,0.0,1.0,1.0,0.653,1.0,1.0,1.0,0.728,0.492,0.322,0.0,0.782,0.867,0.719,1.0,0.424
2020-01-15 08:00:00,18.11,18.21,17.98,18.93,18.66,19.1,18.48,17.9,17.44,18.63,18.85,18.75,18.67,19.13,19.14,-11.63,0.0,1.0,1.0,0.658,1.0,1.0,1.0,0.707,0.559,0.329,0.0,0.786,0.842,0.722,1.0,0.426
2020-01-15 08:15:00,18.12,18.21,17.98,18.96,18.63,19.19,18.48,17.94,17.48,18.57,18.87,18.75,18.68,19.18,19.08,-11.65,3.0,1.0,1.0,0.661,1.0,1.0,1.0,0.659,0.551,0.381,0.0,0.776,0.777,0.716,1.0,0.0
2020-01-15 08:30:00,18.14,18.23,17.99,18.98,18.66,19.25,18.47,17.95,17.45,18.51,18.89,18.78,18.7,19.23,18.98,-11.68,11.5,1.0,1.0,0.662,1.0,1.0,1.0,0.662,0.531,0.362,0.0,0.766,0.774,0.709,1.0,0.0
2020-01-15 08:45:00,18.17,18.26,18.0,19.02,18.64,19.32,18.5,17.95,17.49,18.45,18.92,18.81,18.73,19.29,18.87,-11.7,20.0,1.0,1.0,0.654,1.0,1.0,1.0,0.664,0.527,0.374,0.0,0.753,0.758,0.698,1.0,0.0
2020-01-15 09:00:00,18.2,18.28,18.02,19.05,18.67,19.38,18.5,17.95,17.47,18.39,18.94,18.84,18.75,19.34,18.78,-11.7,28.5,1.0,1.0,0.649,1.0,1.0,1.0,0.652,0.526,0.357,0.0,0.74,0.745,0.687,1.0,0.0
2020-01-15 09:15:00,18.24,18.29,18.04,19.13,18.66,19.44,18.46,17.96,17.55,18.34,18.97,18.81,18.77,19.48,18.69,-11.7,37.0,1.0,1.0,0.638,1.0,1.0,1.0,0.648,0.525,0.365,0.0,0.729,0.729,0.677,1.0,0.0
2020-01-15 09:30:00,18.28,18.32,18.07,19.15,18.7,19.49,18.49,17.97,17.52,18.28,18.99,18.86,18.79,19.54,18.6,-11.7,43.0,1.0,1.0,0.631,1.0,1.0,1.0,0.668,0.521,0.326,0.0,0.717,0.747,0.667,1.0,0.0
2020-01-15 09:45:00,18.31,18.36,18.08,19.2,18.69,19.56,18.53,17.98,17.54,18.22,19.01,18.89,18.8,19.61,18.52,-11.7,49.0,1.0,1.0,0.616,1.0,1.0,1.0,0.653,0.517,0.342,0.0,0.706,0.72,0.657,1.0,0.0
2020-01-15 10:00:00,18.35,18.39,18.11,19.23,18.72,19.61,18.55,17.99,17.53,18.17,19.04,18.94,18.83,19.68,18.43,-11.72,55.0,1.0,1.0,0.612,1.0,1.0,0.97,0.635,0.512,0.328,0.0,0.694,0.707,0.648,1.0,0.0
2020-01-15 10:15:00,18.41,18.44,18.11,19.28,18.71,19.71,18.58,17.96,17.56,18.11,19.14,18.97,18.79,19.75,18.35,-11.75,61.0,1.0,1.0,0.597,1.0,1.0,0.944,0.625,0.504,0.335,0.0,0.679,0.682,0.636,1.0,0.0
2020-01-15 10:30:00,18.45,18.48,18.16,19.31,18.74,19.74,18.61,18.0,17.56,18.06,19.15,19.03,18.84,19.83,18.27,-11.78,68.5,0.993,1.0,0.593,1.0,1.0,0.897,0.608,0.519,0.321,0.0,0.63,0.664,0.654,1.0,0.0
2020-01-15 10:45:00,18.48,18.53,18.17,19.38,18.74,19.79,18.64,18.04,17.59,18.0,19.16,19.06,18.89,19.9,18.2,-11.8,76.0,0.977,1.0,0.57,1.0,1.0,0.881,0.596,0.499,0.322,0.0,0.626,0.636,0.629,1.0,0.0
2020-01-15 11:00:00,18.5,18.58,18.22,19.41,18.77,19.82,18.66,18.06,17.58,17.95,19.18,19.09,18.92,19.98,18.12,-11.8,83.5,0.959,1.0,0.563,1.0,1.0,0.855,0.578,0.479,0.307,0.0,0.619,0.622,0.604,1.0,0.0
2020-01-15 11:15:00,18.54,18.63,18.23,19.47,18.77,19.86,18.69,18.08,17.61,17.9,19.2,19.12,18.95,20.04,18.04,-11.8,91.0,0.948,1.0,0.542,1.0,1.0,0.84,0.569,0.469,0.308,0.0,0.612,0.605,0.59,1.0,0.0
2020-01-15 11:30:00,18.56,18.67,18.27,19.5,18.79,19.89,18.7,18.09,17.61,17.84,19.21,19.14,18.96,20.1,17.97,-11.8,92.0,0.93,1.0,0.535,1.0,1.0,0.821,0.556,0.46,0.296,0.0,0.601,0.592,0.577,0.979,0.0
2020-01-15 11:45:00,18.58,18.71,18.27,19.55,18.79,19.91,18.73,18.1,17.61,17.79,19.22,19.17,18.98,20.12,17.9,-11.8,93.0,0.922,1.0,0.517,1.0,1.0,0.807,0.549,0.454,0.297,0.0,0.594,0.58,0.569,0.951,0.0
2020-01-15 12:00:00,18.59,18.73,18.3,19.57,18.81,19.93,18.73,18.1,17.61,17.73,19.23,19.18,18.98,20.15,17.82,-11.8,94.0,0.909,1.0,0.514,1.0,1.0,0.793,0.535,0.449,0.293,0.0,0.588,0.564,0.562,0.941,0.0
2020-01-15 12:15:00,18.61,18.76,18.3,19.6,18.81,19.94,18.73,18.11,17.62,17.68,19.23,19.18,18.99,20.17,17.75,-11.8,95.0,0.904,1.0,0.499,1.0,1.0,0.784,0.536,0.448,0.295,0.0,0.586,0.562,0.56,0.925,0.0
2020-01-15 12:30:00,18.61,18.77,18.32,19.61,18.82,19.95,18.72,18.1,17.61,17.63,19.23,19.18,18.98,20.18,17.68,-11.8,87.5,0.893,1.0,0.499,1.0,1.0,0.779,0.534,0.446,0.29,0.0,0.584,0.558,0.557,0.914,0.0
2020-01-15 12:45:00,18.62,18.79,18.3,19.63,18.81,19.95,18.72,18.09,17.61,17.58,19.22,19.17,18.96,20.19,17.61,-11.8,80.0,0.893,1.0,0.491,1.0,1.0,0.775,0.538,0.451,0.296,0.0,0.587,0.562,0.562,0.909,0.0
2020-01-15 13:00:00,18.6,18.78,18.3,19.61,18.82,19.93,18.7,18.06,17.58,17.52,19.19,19.15,18.93,20.17,17.54,-11.85,72.5,0.889,1.0,0.498,1.0,1.0,0.777,0.54,0.457,0.295,0.0,0.592,0.565,0.569,0.907,0.0
2020-01-15 13:15:00,18.6,18.77,18.27,19.61,18.8,19.92,18.68,18.03,17.57,17.47,19.17,19.13,18.9,20.15,17.47,-11.9,65.0,0.898,1.0,0.498,1.0,1.0,0.783,0.551,0.472,0.308,0.0,0.603,0.576,0.585,0.915,0.0
2020-01-15 13:30:00,18.59,18.76,18.28,19.59,18.8,19.9,18.67,18.02,17.55,17.42,19.16,19.11,18.89,20.15,17.4,-11.95,64.8,0.9,1.0,0.513,1.0,1.0,0.792,0.559,0.484,0.313,0.014,0.614,0.586,0.598,0.923,0.0
2020-01-15 13:45:00,18.59,18.75,18.25,19.6,18.79,19.9,18.67,18.02,17.55,17.37,19.16,19.11,18.89,20.14,17.34,-12.0,64.5,0.907,1.0,0.512,1.0,1.0,0.798,0.564,0.488,0.323,0.039,0.618,0.593,0.603,0.927,0.0
2020-01-15 14:00:00,18.57,18.74,18.25,19.57,18.79,19.89,18.65,18.0,17.53,17.33,19.15,19.1,18.87,20.13,17.27,-12.03,64.2,0.907,1.0,0.525,1.0,1.0,0.801,0.567,0.491,0.325,0.063,0.621,0.597,0.607,0.929,0.0
2020-01-15 14:15:00,18.57,18.74,18.22,19.57,18.78,19.88,18.65,17.99,17.53,17.29,19.14,19.09,18.86,20.12,17.2,-12.05,64.0,0.914,1.0,0.524,1.0,1.0,0.805,0.573,0.5,0.334,0.085,0.627,0.602,0.615,0.936,0.0
2020-01-15 14:30:00,18.55,18.71,18.22,19.54,18.79,19.87,18.63,17.96,17.5,17.26,19.11,19.07,18.83,20.1,17.14,-12.08,56.0,0.916,1.0,0.538,1.0,1.0,0.81,0.577,0.507,0.337,0.104,0.632,0.607,0.622,0.941,0.0
2020-01-15 14:45:00,18.53,18.68,18.18,19.54,18.77,19.84,18.56,17.94,17.52,17.22,19.09,19.0,18.8,20.13,17.07,-12.1,48.0,0.927,1.0,0.541,1.0,1.0,0.817,0.587,0.519,0.348,0.122,0.643,0.616,0.636,0.952,0.0
2020-01-15 15:00:00,18.5,18.63,18.17,19.49,18.78,19.81,18.53,17.89,17.48,17.2,19.05,18.97,18.74,20.08,17.01,-12.13,40.0,0.933,1.0,0.558,1.0,1.0,0.828,0.618,0.531,0.338,0.138,0.655,0.65,0.651,0.937,0.015
2020-01-15 15:15:00,18.48,18.58,18.12,19.46,18.75,19.77,18.5,17.85,17.47,17.17,19.01,18.92,18.7,20.04,16.95,-12.15,32.0,0.95,1.0,0.566,1.0,1.0,0.847,0.635,0.556,0.36,0.152,0.676,0.667,0.678,0.961,0.047
2020-01-15 15:30:00,18.44,18.53,18.1,19.41,18.74,19.73,18.46,17.82,17.43,17.14,18.98,18.88,18.66,20.0,16.9,-12.18,25.2,0.96,1.0,0.592,1.0,1.0,0.865,0.649,0.576,0.367,0.166,0.693,0.69,0.7,0.981,0.075
2020-01-15 15:45:00,18.42,18.48,18.04,19.38,18.71,19.7,18.44,17.79,17.41,17.12,18.96,18.85,18.63,19.97,16.86,-12.2,18.5,0.978,1.0,0.602,1.0,1.0,0.884,0.669,0.592,0.387,0.178,0.708,0.709,0.719,0.998,0.099
2020-01-15 16:00:00,18.4,18.44,18.04,19.34,18.71,19.69,18.43,17.79,17.4,17.1,18.95,18.84,18.63,19.95,16.83,-12.25,11.8,0.988,1.0,0.628,1.0,1.0,0.899,0.682,0.607,0.393,0.19,0.721,0.727,0.735,1.0,0.12
2020-01-15 16:15:00,18.34,18.41,18.03,19.32,18.7,19.61,18.42,17.89,17.39,17.08,18.82,18.82,18.75,19.93,16.79,-12.3,5.0,1.0,1.0,0.632,1.0,1.0,0.907,0.685,0.605,0.402,0.201,0.724,0.732,0.734,1.0,0.137
2020-01-15 16:30:00,18.32,18.38,18.0,19.31,18.7,19.62,18.41,17.85,17.38,17.06,18.83,18.79,18.71,19.9,16.77,-12.35,3.8,1.0,1.0,0.634,1.0,1.0,0.945,0.689,0.557,0.405,0.211,0.79,0.738,0.677,1.0,0.153
2020-01-15 16:45:00,18.29,18.34,18.0,19.27,18.69,19.59,18.4,17.82,17.37,17.04,18.84,18.8,18.68,19.89,16.74,-12.4,0.0,1.0,1.0,0.649,1.0,1.0,0.938,0.694,0.574,0.41,0.22,0.783,0.756,0.694,1.0,0.166
2020-01-15 17:00:00,18.28,18.32,17.97,19.26,18.69,19.6,18.39,17.8,17.36,17.03,18.84,18.77,18.66,19.86,16.72,-12.32,0.0,1.0,1.0,0.652,1.0,1.0,0.954,0.699,0.59,0.413,0.229,0.778,0.751,0.711,1.0,0.178
2020-01-15 17:15:00,18.26,18.29,17.97,19.24,18.68,19.57,18.37,17.79,17.36,17.01,18.82,18.77,18.65,19.85,16.7,-12.25,0.0,1.0,1.0,0.663,1.0,1.0,0.952,0.707,0.599,0.419,0.237,0.782,0.764,0.72,1.0,0.188
2020-01-15 17:30:00,18.24,18.28,17.95,19.23,18.68,19.57,18.36,17.79,17.35,17.0,18.81,18.75,18.65,19.83,16.69,-12.18,0.0,1.0,1.0,0.664,1.0,1.0,0.965,0.713,0.603,0.421,0.244,0.789,0.764,0.724,1.0,0.198
2020-01-15 17:45:00,18.23,18.25,17.95,19.21,18.67,19.55,18.35,17.78,17.34,16.98,18.8,18.75,18.64,19.82,16.67,-12.1,0.0,1.0,1.0,0.673,1.0,1.0,0.966,0.718,0.605,0.426,0.252,0.795,0.775,0.726,1.0,0.207
2020-01-15 18:00:00,18.22,18.24,17.94,19.2,18.67,19.54,18.34,17.78,17.34,16.97,18.79,18.73,18.64,19.8,16.66,-12.0,0.0,1.0,1.0,0.673,1.0,1.0,0.976,0.723,0.608,0.428,0.258,0.799,0.776,0.729,1.0,0.215
2020-01-15 18:15:00,18.2,18.22,17.94,19.18,18.66,19.53,18.34,17.77,17.33,16.96,18.78,18.73,18.63,19.78,16.64,-11.9,0.0,1.0,1.0,0.68,1.0,1.0,0.979,0.728,0.611,0.431,0.265,0.805,0.784,0.732,1.0,0.222
2020-01-15 18:30:00,18.19,18.2,17.93,19.17,18.66,19.52,18.33,17.77,17.33,16.95,18.77,18.71,18.62,19.77,16.63,-11.8,0.0,1.0,1.0,0.68,1.0,1.0,0.987,0.732,0.614,0.433,0.271,0.809,0.787,0.735,1.0,0.229
2020-01-15 18:45:00,18.18,18.18,17.93,19.16,18.65,19.51,18.32,17.76,17.33,16.94,18.77,18.71,18.62,19.76,16.62,-11.7,0.0,1.0,1.0,0.686,1.0,1.0,0.991,0.737,0.617,0.436,0.276,0.813,0.793,0.738,1.0,0.235
2020-01-15 19:00:00,18.17,18.24,17.92,19.07,18.65,19.5,18.43,17.76,17.24,16.93,18.76,18.81,18.62,19.61,16.61,-11.68,0.0,1.0,1.0,0.686,1.0,1.0,0.997,0.74,0.619,0.437,0.282,0.817,0.795,0.74,1.0,0.241
2020-01-15 19:15:00,18.16,18.22,17.9,19.07,18.55,19.51,18.43,17.75,17.27,16.92,18.66,18.78,18.61,19.6,16.6,-11.65,0.0,1.0,1.0,0.692,1.0,0.674,0.999,0.786,0.621,0.481,0.287,0.619,0.744,0.742,1.0,0.246
2020-01-15 19:30:00,18.14,18.21,17.9,19.05,18.58,19.49,18.44,17.75,17.21,16.91,18.55,18.78,18.61,19.58,16.59,-11.63,0.0,1.0,1.0,0.7,1.0,0.723,0.993,0.783,0.623,0.467,0.292,0.67,0.76,0.743,1.0,0.252
2020-01-15 19:45:00,18.14,18.21,17.89,19.04,18.53,19.49,18.46,17.75,17.25,16.9,18.51,18.77,18.61,19.56,16.58,-11.6,0.0,1.0,1.0,0.698,1.0,0.712,1.0,0.781,0.625,0.495,0.296,0.725,0.759,0.745,1.0,0.256
2020-01-15 20:00:00,18.16,18.23,17.91,19.04,18.56,19.49,18.48,17.77,17.23,16.89,18.53,18.78,18.63,19.56,16.57,-11.3,0.0,1.0,1.0,0.705,1.0,0.733,1.0,0.769,0.626,0.477,0.301,0.747,0.767,0.747,1.0,0.261
2020-01-15 20:15:00,18.18,18.26,17.93,19.07,18.53,19.51,18.5,17.78,17.27,16.88,18.54,18.79,18.64,19.57,16.56,-11.0,0.0,1.0,1.0,0.693,1.0,0.721,1.0,0.762,0.617,0.484,0.305,0.737,0.759,0.737,1.0,0.265
2020-01-15 20:30:00,18.21,18.28,17.95,19.08,18.55,19.53,18.51,17.79,17.25,16.87,18.55,18.81,18.65,19.58,16.55,-10.7,0.0,1.0,1.0,0.687,1.0,0.734,0.993,0.75,0.61,0.466,0.309,0.729,0.753,0.73,1.0,0.269
2020-01-15 20:45:00,18.24,18.31,17.97,19.1,18.53,19.55,18.53,17.8,17.28,16.87,18.56,18.82,18.66,19.59,16.55,-10.4,0.0,1.0,1.0,0.674,1.0,0.725,0.986,0.745,0.605,0.473,0.313,0.724,0.744,0.724,1.0,0.273
2020-01-15 21:00:00,18.25,18.32,17.98,19.1,18.54,19.55,18.52,17.79,17.26,16.86,18.54,18.83,18.66,19.59,16.54,-10.3,0.0,1.0,1.0,0.666,1.0,0.736,0.977,0.737,0.6,0.46,0.317,0.722,0.738,0.719,1.0,0.277
2020-01-15 21:15:00,18.34,18.41,18.18,18.68,18.52,19.53,18.53,17.79,17.26,16.85,18.54,18.83,18.63,19.29,16.53,-10.2,0.0,1.0,1.0,1.0,0.45,0.731,0.977,0.739,0.603,0.471,0.32,0.728,0.736,0.671,0.204,0.28
2020-01-15 21:30:00,18.37,18.45,18.2,18.8,18.51,19.47,18.53,17.79,17.26,16.85,18.54,18.81,18.61,18.95,16.53,-10.1,0.0,1.0,1.0,0.908,0.658,0.741,0.985,0.737,0.604,0.468,0.323,0.73,0.737,0.683,0.355,0.283
2020-01-15 21:45:00,18.34,18.42,18.17,18.78,18.5,19.44,18.53,17.79,17.26,16.84,18.53,18.79,18.6,18.79,16.52,-10.0,0.0,1.0,1.0,0.902,0.601,0.745,1.0,0.736,0.604,0.47,0.326,0.732,0.743,0.696,0.525,0.286
2020-01-15 22:00:00,18.34,18.42,18.19,18.73,18.5,19.39,18.54,17.8,17.26,16.83,18.54,18.81,18.6,18.8,16.51,-9.85,0.0,1.0,1.0,0.914,0.612,0.749,1.0,0.735,0.604,0.471,0.33,0.733,0.757,0.702,0.604,0.29
2020-01-15 22:15:00,18.37,18.45,18.2,18.75,18.49,19.43,18.55,17.81,17.45,16.9,18.55,18.74,18.61,18.77,16.51,-9.7,0.0,1.0,1.0,0.905,0.637,0.751,1.0,0.73,0.6,1.0,1.0,0.73,0.596,0.699,0.6,0.293
2020-01-15 22:30:00,18.39,18.47,18.24,18.72,18.59,19.39,18.55,17.81,17.66,17.02,18.55,18.72,18.61,18.78,16.5,-9.55,0.0,1.0,1.0,0.899,0.625,0.753,1.0,0.727,0.597,1.0,1.0,0.727,0.629,0.696,0.616,0.295
2020-01-15 22:45:00,18.42,18.49,18.25,18.73,18.68,19.4,18.57,17.82,17.86,17.13,18.55,18.68,18.62,18.75,16.5,-9.4,0.0,1.0,1.0,0.881,0.641,0.704,1.0,0.724,0.595,1.0,1.0,0.725,0.642,0.693,0.608,0.298
2020-01-15 23:00:00,18.44,18.51,18.28,18.72,18.75,19.39,18.59,17.83,18.01,17.23,18.57,18.69,18.63,18.76,16.49,-9.27,0.0,0.991,1.0,0.877,0.635,0.661,1.0,0.715,0.592,1.0,1.0,0.723,0.66,0.691,0.625,0.301
2020-01-15 23:15:00,18.27,18.31,18.29,18.73,18.79,19.22,18.61,18.04,18.14,17.31,18.58,18.68,18.64,18.75,16.49,-9.15,0.0,0.782,0.743,0.86,0.642,0.624,0.306,0.704,1.0,0.996,1.0,0.716,0.655,0.686,0.62,0.303
2020-01-15 23:30:00,18.32,18.37,18.27,18.72,18.83,19.02,18.62,18.29,18.22,17.4,18.59,18.62,18.65,18.68,16.48,-9.02,0.0,0.865,0.843,0.853,0.637,0.604,0.389,0.694,0.981,0.932,1.0,0.71,0.658,0.682,0.625,0.306
2020-01-15 23:45:00,18.32,18.36,18.31,18.71,18.85,18.9,18.64,18.43,18.28,17.48,18.6,18.58,18.65,18.63,16.48,-8.9,0.0,0.841,0.816,0.866,0.639,0.584,0.489,0.688,0.855,0.891,1.0,0.704,0.688,0.677,0.659,0.308
